time_of_info,tls_id,count_to_r,count_to_l,count_to_b,count_to_t,count_stuck_middle,count_stuck_to_r,count_stuck_to_l,count_stuck_to_b,count_stuck_to_t,is_jam_next_l,is_jam_next_r,is_jam_next_t,is_jam_next_b,is_green_horizontal,is_green_vertical,y,jams_count,jams_time,jams_car_count
10,A1,0,0,0,0,0,0,0,0,0,0,0,0,0,1,0,1,0,0,0
10,B0,0,0,0,0,0,0,0,0,0,0,0,0,0,1,0,1,0,0,0
10,B1,0,0,0,0,0,0,0,0,0,0,0,0,0,1,0,1,0,0,0
10,B2,0,0,0,0,0,0,0,0,0,0,0,0,0,1,0,1,0,0,0
10,C1,0,0,0,0,0,0,0,0,0,0,0,0,0,1,0,1,0,0,0
20,A1,0,0,0,0,0,0,0,0,0,0,0,0,0,1,0,1,0,0,0
20,B0,0,0,0,0,0,0,0,0,0,0,0,0,0,1,0,1,0,0,0
20,B1,1,0,0,0,0,0,0,0,0,0,0,0,0,1,0,1,0,0,0
20,B2,0,0,0,1,0,0,0,0,0,0,0,0,0,1,0,1,0,0,0
20,C1,0,0,0,0,0,0,0,0,0,0,0,0,0,1,0,1,0,0,0
30,A1,4,1,0,2,0,0,0,0,0,0,0,0,0,1,0,2,0,0,0
30,B0,0,1,3,1,0,0,0,0,0,0,0,0,0,1,0,1,0,0,0
30,B1,1,2,1,2,0,0,0,0,0,0,0,0,0,1,0,1,0,0,0
30,B2,2,0,4,3,0,0,0,0,0,0,0,0,0,1,0,1,0,0,0
30,C1,2,3,1,0,0,0,0,0,0,0,0,0,0,1,0,2,0,0,0
40,A1,1,3,0,3,0,0,0,0,0,0,0,0,0,1,0,2,0,0,0
40,B0,0,2,3,1,0,0,0,0,0,0,0,0,0,1,0,1,0,0,0
40,B1,1,1,1,2,0,0,0,0,0,0,0,0,0,1,0,1,0,0,0
40,B2,1,0,2,2,0,0,0,0,0,0,0,0,0,1,0,1,0,0,0
40,C1,1,5,3,0,0,0,0,0,0,0,0,0,0,1,0,2,0,0,0
50,A1,2,4,0,4,0,0,0,0,0,0,0,0,0,0,1,2,0,0,0
50,B0,0,1,5,3,0,0,0,0,0,0,0,0,0,0,1,1,0,0,0
50,B1,1,4,1,5,0,0,0,0,0,0,0,0,0,0,1,1,0,0,0
50,B2,1,0,1,2,0,0,0,0,0,0,0,0,0,0,1,1,0,0,0
50,C1,1,3,1,0,0,0,0,0,0,0,0,0,0,0,1,2,0,0,0
60,A1,3,5,0,3,0,0,0,0,0,0,0,0,0,0,1,2,0,0,0
60,B0,0,1,3,1,0,0,0,0,0,0,0,0,0,0,1,1,0,0,0
60,B1,1,4,1,3,0,0,0,0,0,0,0,0,0,0,1,2,0,0,0
60,B2,2,0,3,1,0,0,0,0,0,0,0,0,0,0,1,1,0,0,0
60,C1,3,5,1,0,0,0,0,0,0,0,0,0,0,0,1,2,0,0,0
70,A1,4,7,0,5,0,0,0,0,0,0,0,0,0,1,0,2,0,0,0
70,B0,0,2,3,1,0,0,0,0,0,0,1,0,0,1,0,1,0,0,0
70,B1,1,4,2,2,0,1,0,0,0,0,0,0,0,1,0,2,1,4,0
70,B2,2,0,3,2,0,0,0,0,0,0,0,0,0,1,0,1,0,0,0
70,C1,4,6,1,0,0,0,0,0,0,0,0,0,0,1,0,2,0,0,0
80,A1,1,8,0,9,0,0,0,0,0,0,0,0,0,1,0,2,0,0,0
80,B0,0,1,3,2,0,0,0,0,0,0,0,0,0,1,0,1,0,0,0
80,B1,3,1,2,2,0,0,0,0,0,0,0,0,0,1,0,1,1,5,1
80,B2,1,0,2,5,0,0,0,0,0,0,0,0,0,1,0,1,0,0,0
80,C1,5,3,2,0,0,0,0,0,0,0,0,0,0,1,0,2,0,0,0
90,A1,2,5,0,9,0,0,0,0,0,0,0,0,0,1,0,2,0,0,0
90,B0,0,1,6,4,0,0,0,0,0,0,0,0,0,1,0,1,0,0,0
90,B1,1,1,2,2,0,0,0,0,0,0,0,0,0,1,0,1,1,5,1
90,B2,1,0,2,6,0,0,0,0,0,0,0,0,0,1,0,1,0,0,0
90,C1,3,1,2,0,0,0,0,0,0,0,0,0,0,1,0,2,0,0,0
100,A1,4,4,0,6,0,0,0,0,0,0,0,0,0,0,1,2,0,0,0
100,B0,0,4,6,1,0,0,0,0,0,0,0,0,0,0,1,1,0,0,0
100,B1,1,1,2,2,0,0,0,0,0,0,0,0,0,0,1,1,2,8,3
100,B2,2,0,2,3,0,0,0,0,0,0,0,0,0,0,1,1,0,0,0
100,C1,3,1,1,0,0,0,0,0,0,0,0,0,0,0,1,2,0,0,0
110,A1,4,6,0,1,0,0,0,0,0,0,0,0,0,0,1,2,0,0,0
110,B0,0,5,4,1,0,0,0,0,0,0,0,0,0,0,1,1,0,0,0
110,B1,1,1,1,2,0,0,0,0,0,0,0,0,0,0,1,1,2,8,3
110,B2,2,0,2,3,0,0,0,0,0,0,0,0,0,0,1,1,0,0,0
110,C1,5,2,1,0,0,0,0,0,0,0,0,0,0,0,1,2,0,0,0
120,A1,2,5,0,3,0,0,0,0,0,0,0,0,0,1,0,2,0,0,0
120,B0,0,3,5,1,0,0,0,0,0,0,0,0,0,1,0,1,0,0,0
120,B1,1,1,1,2,0,0,0,0,0,0,0,0,0,1,0,1,2,8,3
120,B2,2,0,3,2,0,0,0,0,0,0,0,0,0,1,0,1,1,4,1
120,C1,5,2,2,0,0,0,0,0,0,0,0,0,0,1,0,2,0,0,0
130,A1,2,5,0,4,0,0,0,0,0,0,0,0,0,1,0,2,0,0,0
130,B0,0,1,7,3,0,0,0,0,0,0,0,0,0,1,0,1,0,0,0
130,B1,1,4,1,2,0,0,0,0,0,0,0,0,0,1,0,2,2,8,3
130,B2,1,0,3,3,0,0,0,0,0,0,0,0,0,1,0,1,1,4,1
130,C1,2,1,1,0,0,0,0,0,0,0,0,0,0,1,0,2,0,0,0
140,A1,2,2,0,4,0,0,0,0,0,0,0,0,0,0,1,1,0,0,0
140,B0,0,1,8,2,0,0,0,0,0,0,0,0,0,0,1,1,0,0,0
140,B1,1,3,4,1,0,0,0,0,0,0,0,0,0,0,1,1,2,8,3
140,B2,1,0,3,4,0,0,0,0,0,0,0,0,0,0,1,1,1,4,1
140,C1,1,3,2,0,0,0,0,0,0,0,0,0,0,0,1,2,0,0,0
150,A1,3,6,0,1,0,0,0,0,0,0,0,0,0,0,1,2,0,0,0
150,B0,0,1,9,2,0,0,0,0,0,0,0,0,0,0,1,1,0,0,0
150,B1,1,3,1,3,0,0,0,0,0,0,0,0,0,0,1,1,2,8,3
150,B2,1,0,1,5,0,0,0,0,0,0,0,0,0,0,1,1,1,4,1
150,C1,5,3,1,0,0,0,0,0,0,0,0,0,0,0,1,2,0,0,0
160,A1,7,10,0,1,0,0,0,0,0,0,0,0,0,0,1,2,0,0,0
160,B0,0,1,7,1,0,0,0,0,0,0,0,0,0,0,1,1,0,0,0
160,B1,1,4,3,1,0,0,0,0,0,0,0,0,0,0,1,2,2,8,3
160,B2,2,0,2,4,0,0,0,0,0,0,0,0,0,0,1,1,1,4,1
160,C1,6,4,1,0,0,0,0,0,0,0,0,0,0,0,1,2,0,0,0
170,A1,4,9,0,1,0,0,0,0,0,0,0,0,0,1,0,2,0,0,0
170,B0,0,1,8,1,0,0,0,0,0,0,0,0,0,1,0,1,0,0,0
170,B1,1,5,3,1,0,0,0,0,0,0,0,0,0,1,0,2,3,25,6
170,B2,1,0,3,4,0,0,0,0,0,0,0,0,0,1,0,1,1,4,1
170,C1,5,1,3,0,0,0,0,0,0,0,0,0,0,1,0,2,0,0,0
180,A1,1,9,0,1,0,0,0,0,0,0,0,0,0,1,0,2,0,0,0
180,B0,0,1,9,3,0,0,0,0,0,0,0,0,0,1,0,1,0,0,0
180,B1,3,5,3,1,0,0,0,0,0,0,0,0,0,1,0,2,3,25,6
180,B2,1,0,5,5,0,0,0,0,0,0,0,0,0,1,0,1,1,4,1
180,C1,1,1,3,0,0,0,0,0,0,0,0,0,0,1,0,1,0,0,0
190,A1,2,9,0,1,0,0,0,0,0,0,0,0,0,0,1,2,0,0,0
190,B0,0,1,9,2,0,0,0,0,0,0,0,0,0,0,1,1,0,0,0
190,B1,3,3,3,2,0,0,0,0,0,0,0,0,0,0,1,2,3,25,6
190,B2,1,0,4,6,0,0,0,0,0,0,0,0,0,0,1,1,1,4,1
190,C1,1,1,1,0,0,0,0,0,0,0,0,0,0,0,1,2,0,0,0
200,A1,4,9,0,1,0,0,0,0,0,0,0,0,0,0,1,2,0,0,0
200,B0,0,1,12,2,0,0,0,0,0,0,0,0,0,0,1,1,0,0,0
200,B1,3,3,3,1,0,0,0,0,0,0,0,0,0,0,1,2,3,25,6
200,B2,1,0,1,6,0,0,0,0,0,0,0,0,0,0,1,1,1,4,1
200,C1,2,2,1,0,0,0,0,0,0,0,0,0,0,0,1,2,0,0,0
210,A1,4,9,0,1,0,0,0,0,0,0,0,0,0,1,0,2,0,0,0
210,B0,0,1,9,1,0,0,0,0,0,0,0,0,0,1,0,1,0,0,0
210,B1,3,4,1,1,0,0,0,0,0,0,0,0,0,1,0,2,3,25,6
210,B2,2,0,2,6,0,0,0,0,0,0,0,0,0,1,0,1,1,4,1
210,C1,4,4,2,0,0,0,0,0,0,0,0,0,0,1,0,2,0,0,0
220,A1,1,9,0,2,0,0,0,0,0,0,0,0,0,1,0,2,0,0,0
220,B0,0,1,10,2,0,0,0,0,0,0,0,0,0,1,0,1,0,0,0
220,B1,3,2,1,1,0,0,0,0,0,0,0,0,0,1,0,2,3,25,6
220,B2,2,0,1,8,0,0,0,0,0,0,0,0,0,1,0,1,1,4,1
220,C1,3,1,3,0,0,0,0,0,0,0,0,0,0,1,0,2,0,0,0
230,A1,3,8,0,1,0,0,0,0,0,0,0,0,0,0,1,2,0,0,0
230,B0,0,1,10,3,0,0,0,0,0,0,0,0,0,0,1,1,0,0,0
230,B1,1,2,1,1,0,0,0,0,0,0,0,0,0,0,1,2,3,25,6
230,B2,2,0,4,9,0,0,0,0,0,0,0,0,0,0,1,1,1,4,1
230,C1,2,1,4,0,0,0,0,0,0,0,0,0,0,0,1,1,0,0,0
240,A1,1,10,0,1,0,0,0,0,0,0,0,0,0,0,1,2,0,0,0
240,B0,0,2,10,3,0,0,0,0,0,0,0,0,0,0,1,1,0,0,0
240,B1,2,2,2,1,0,0,0,0,0,0,0,0,0,0,1,2,3,25,6
240,B2,2,0,2,11,0,0,0,0,0,0,0,0,0,0,1,1,1,4,1
240,C1,4,3,2,0,0,0,0,0,0,0,0,0,0,0,1,2,0,0,0
250,A1,2,10,0,2,0,0,0,0,0,0,0,0,0,0,1,2,0,0,0
250,B0,0,2,7,1,0,0,0,0,0,0,0,0,0,0,1,1,0,0,0
250,B1,2,2,2,1,0,0,0,0,0,0,0,0,0,0,1,2,3,25,6
250,B2,2,0,1,10,0,0,0,0,0,0,0,0,0,0,1,1,1,4,1
250,C1,8,1,1,0,0,0,0,0,0,0,0,0,0,0,1,2,0,0,0
260,A1,1,11,0,2,0,0,0,0,0,0,0,0,0,1,0,2,0,0,0
260,B0,0,1,7,2,0,0,0,0,0,0,0,0,0,1,0,1,0,0,0
260,B1,3,3,2,2,0,0,0,0,0,0,0,0,0,1,0,2,3,25,6
260,B2,1,0,2,10,0,0,0,0,0,0,0,0,0,1,0,1,1,4,1
260,C1,5,3,1,0,0,0,0,0,0,0,0,0,0,1,0,2,0,0,0
270,A1,1,8,0,3,0,0,0,0,0,0,0,0,0,1,0,2,0,0,0
270,B0,0,1,9,4,0,0,0,0,0,0,0,0,0,1,0,1,0,0,0
270,B1,1,4,2,2,0,0,0,0,0,0,0,0,0,1,0,2,3,25,6
270,B2,1,0,3,13,0,0,0,0,0,0,0,0,0,1,0,1,1,4,1
270,C1,3,1,2,0,0,0,0,0,0,0,0,0,0,1,0,2,0,0,0
280,A1,3,8,0,2,0,0,0,0,0,0,0,0,0,0,1,2,0,0,0
280,B0,0,1,9,3,0,0,0,0,0,0,0,0,0,0,1,1,0,0,0
280,B1,2,3,3,2,0,0,0,0,0,0,0,0,0,0,1,1,3,25,6
280,B2,1,0,2,11,0,0,0,0,0,0,0,0,0,0,1,1,1,4,1
280,C1,3,1,2,0,0,0,0,0,0,0,0,0,0,0,1,2,0,0,0
290,A1,3,9,0,1,0,0,0,0,0,0,0,0,0,0,1,2,0,0,0
290,B0,0,1,9,2,0,0,0,0,0,0,0,0,0,0,1,1,0,0,0
290,B1,2,3,1,2,0,0,0,0,0,0,0,0,0,0,1,2,3,25,6
290,B2,1,0,1,11,0,0,0,0,0,0,0,0,0,0,1,1,1,4,1
290,C1,5,3,1,0,0,0,0,0,0,0,0,0,0,0,1,2,0,0,0
300,A1,2,9,0,1,0,0,0,0,0,0,0,0,0,1,0,2,0,0,0
300,B0,0,1,8,1,0,0,0,0,0,0,0,0,0,1,0,1,0,0,0
300,B1,2,2,1,1,0,0,0,0,0,0,0,0,0,1,0,2,3,25,6
300,B2,2,0,1,11,0,0,0,0,0,0,0,0,0,1,0,1,1,4,1
300,C1,7,3,1,0,0,0,0,0,0,0,0,0,0,1,0,2,0,0,0
310,A1,2,9,0,2,0,0,0,0,0,0,0,0,0,1,0,2,0,0,0
310,B0,0,1,9,2,0,0,0,0,0,0,0,0,0,1,0,1,0,0,0
310,B1,3,2,1,1,0,0,0,0,0,0,0,0,0,1,0,2,3,25,6
310,B2,2,0,2,12,0,0,0,0,0,0,0,0,0,1,0,1,1,4,1
310,C1,8,3,4,0,0,0,0,0,0,0,0,0,0,1,0,2,0,0,0
320,A1,1,9,0,1,0,0,0,0,0,0,0,0,0,1,0,2,0,0,0
320,B0,0,2,8,2,0,0,0,0,0,0,0,0,0,1,0,1,0,0,0
320,B1,2,1,1,1,0,0,0,0,0,0,0,0,0,1,0,2,3,25,6
320,B2,2,0,1,12,0,0,0,0,0,0,0,0,0,1,0,1,1,4,1
320,C1,7,2,4,0,0,0,0,0,0,0,0,0,0,1,0,2,0,0,0
330,A1,2,9,0,1,0,0,0,0,0,0,0,0,0,0,1,2,0,0,0
330,B0,0,3,9,3,0,0,0,0,0,0,0,0,0,0,1,1,0,0,0
330,B1,2,1,1,2,0,0,0,0,0,0,0,0,0,0,1,1,3,25,6
330,B2,2,0,1,13,0,0,0,0,0,0,0,0,0,0,1,1,1,4,1
330,C1,8,2,1,0,0,0,0,0,0,0,0,0,0,0,1,2,0,0,0
340,A1,2,11,0,4,0,0,0,0,0,0,0,0,0,0,1,2,0,0,0
340,B0,0,3,7,3,0,0,0,0,0,0,0,0,0,0,1,1,0,0,0
340,B1,2,1,3,1,0,0,0,0,0,0,0,0,0,0,1,1,3,25,6
340,B2,2,0,2,10,0,0,0,0,0,0,0,0,0,0,1,1,1,4,1
340,C1,8,4,1,0,0,0,0,0,0,0,0,0,0,0,1,2,0,0,0
350,A1,2,12,0,5,0,0,0,0,0,0,0,0,0,1,0,2,0,0,0
350,B0,0,3,6,4,0,0,0,0,0,0,0,0,0,1,0,1,0,0,0
350,B1,1,1,1,1,0,0,0,0,0,0,0,0,0,1,0,1,4,36,7
350,B2,3,0,2,9,0,0,0,0,0,0,0,0,0,1,0,1,1,4,1
350,C1,9,4,3,0,0,0,0,0,0,0,0,0,0,1,0,2,0,0,0
360,A1,2,11,0,5,0,0,0,0,0,0,0,0,0,1,0,2,0,0,0
360,B0,0,2,7,6,0,0,0,0,0,0,0,0,0,1,0,1,0,0,0
360,B1,1,2,1,1,0,0,0,0,0,0,0,0,0,1,0,2,4,36,7
360,B2,1,0,2,9,0,0,0,0,0,0,0,0,0,1,0,1,1,4,1
360,C1,9,2,3,0,0,0,0,0,0,0,0,0,0,1,0,2,0,0,0
370,A1,1,10,0,4,0,0,0,0,0,0,0,0,0,0,1,2,0,0,0
370,B0,0,2,6,7,0,0,0,0,0,0,0,0,0,0,1,1,0,0,0
370,B1,2,3,2,1,0,0,0,0,0,0,0,0,0,0,1,2,4,36,7
370,B2,1,0,3,11,0,0,0,0,0,0,0,0,0,0,1,1,1,4,1
370,C1,9,1,2,0,0,0,0,0,0,0,0,0,0,0,1,2,0,0,0
380,A1,3,11,0,1,0,0,0,0,0,0,0,0,0,0,1,2,0,0,0
380,B0,0,2,6,4,0,0,0,0,0,0,0,0,0,0,1,1,0,0,0
380,B1,2,3,2,2,0,0,0,0,0,0,0,0,0,0,1,2,4,36,7
380,B2,2,0,2,10,0,0,0,0,0,0,0,0,0,0,1,1,1,4,1
380,C1,10,3,1,0,0,0,0,0,0,0,0,0,0,0,1,2,0,0,0
390,A1,3,12,0,2,0,0,0,0,0,0,0,0,0,0,1,2,0,0,0
390,B0,0,2,5,1,0,0,0,0,0,0,0,0,0,0,1,1,0,0,0
390,B1,2,3,5,2,0,0,0,0,0,0,0,0,0,0,1,1,4,36,7
390,B2,2,0,2,9,0,0,0,0,0,0,0,0,0,0,1,1,1,4,1
390,C1,10,3,1,0,0,0,0,0,0,0,0,0,0,0,1,2,0,0,0
400,A1,2,12,0,2,0,0,0,0,0,0,0,0,0,1,0,2,0,0,0
400,B0,0,1,5,2,0,0,0,0,0,0,0,0,0,1,0,1,0,0,0
400,B1,2,1,1,2,0,0,0,0,0,0,0,0,0,1,0,1,4,36,7
400,B2,1,0,3,10,0,0,0,0,0,0,0,0,0,1,0,1,2,8,2
400,C1,10,3,2,0,0,0,0,0,0,0,0,0,0,1,0,2,0,0,0
410,A1,1,11,0,2,0,0,0,0,0,0,0,0,0,1,0,2,0,0,0
410,B0,0,1,5,6,0,0,0,0,0,0,0,0,0,1,0,1,0,0,0
410,B1,3,1,1,2,0,0,0,0,0,0,0,0,0,1,0,2,4,36,7
410,B2,1,0,4,11,0,0,0,0,0,0,0,0,0,1,0,1,2,8,2
410,C1,7,2,2,0,0,0,0,0,0,0,0,0,0,1,0,2,0,0,0
420,A1,2,12,0,1,0,0,0,0,0,0,0,0,0,0,1,2,0,0,0
420,B0,0,1,6,4,0,0,0,0,0,0,0,0,0,0,1,1,0,0,0
420,B1,2,1,1,3,0,0,0,0,0,0,0,0,0,0,1,1,4,36,7
420,B2,1,0,3,11,0,0,0,0,0,0,0,0,0,0,1,1,2,8,2
420,C1,7,5,1,0,0,0,0,0,0,0,0,0,0,0,1,2,0,0,0
430,A1,1,13,0,1,0,0,0,0,0,0,0,0,0,0,1,2,0,0,0
430,B0,0,3,8,1,0,0,0,0,0,0,0,0,0,0,1,1,0,0,0
430,B1,2,1,2,3,0,0,0,0,0,0,0,0,0,0,1,1,4,36,7
430,B2,1,0,1,13,0,0,0,0,0,0,0,0,0,0,1,1,2,8,2
430,C1,8,5,2,0,0,0,0,0,0,0,0,0,0,0,1,2,0,0,0
440,A1,4,13,0,3,0,0,0,0,0,0,0,0,0,1,0,2,0,0,0
440,B0,0,4,6,1,0,0,0,0,0,0,0,0,0,1,0,1,0,0,0
440,B1,2,2,1,2,0,0,0,0,0,0,0,0,0,1,0,2,4,36,7
440,B2,1,0,1,11,0,0,0,0,0,0,0,0,0,1,0,1,2,8,2
440,C1,8,6,2,0,0,0,0,0,0,0,0,0,0,1,0,2,0,0,0
450,A1,2,12,0,2,0,0,0,0,0,0,0,0,0,1,0,2,0,0,0
450,B0,0,3,7,1,0,0,0,0,0,0,0,0,0,1,0,1,0,0,0
450,B1,1,2,1,2,0,0,0,0,0,0,0,0,0,1,0,1,4,36,7
450,B2,1,0,2,12,0,0,0,0,0,0,0,0,0,1,0,1,2,8,2
450,C1,8,2,2,0,0,0,0,0,0,0,0,0,0,1,0,2,0,0,0
460,A1,3,11,0,4,0,0,0,0,0,0,0,0,0,0,1,2,0,0,0
460,B0,0,2,7,1,0,0,0,0,0,0,0,0,0,0,1,1,0,0,0
460,B1,1,1,2,2,0,0,0,0,0,0,0,0,0,0,1,1,4,36,7
460,B2,1,0,3,12,0,0,0,0,0,0,0,0,0,0,1,1,2,8,2
460,C1,7,1,2,0,0,0,0,0,0,0,0,0,0,0,1,2,0,0,0
470,A1,4,12,0,3,0,0,0,0,0,0,0,0,0,0,1,2,0,0,0
470,B0,0,2,7,1,0,0,0,0,0,0,0,0,0,0,1,1,0,0,0
470,B1,1,1,1,1,0,0,0,0,0,0,0,0,0,0,1,1,4,36,7
470,B2,2,0,1,11,0,0,0,0,0,0,0,0,0,0,1,1,2,8,2
470,C1,8,3,1,0,0,0,0,0,0,0,0,0,0,0,1,2,0,0,0
480,A1,2,13,0,2,0,0,0,0,0,0,0,0,0,0,1,2,0,0,0
480,B0,0,2,6,1,0,0,0,0,0,0,0,0,0,0,1,1,0,0,0
480,B1,1,1,2,3,0,0,0,0,0,0,0,0,0,0,1,1,4,36,7
480,B2,2,0,1,7,0,0,0,0,0,0,0,0,0,0,1,1,2,8,2
480,C1,9,2,1,0,0,0,0,0,0,0,0,0,0,0,1,2,0,0,0
490,A1,2,13,0,4,0,0,0,0,0,0,0,0,0,1,0,2,0,0,0
490,B0,0,1,5,2,0,0,0,0,0,0,0,0,0,1,0,1,0,0,0
490,B1,1,1,2,1,0,0,0,0,0,0,0,0,0,1,0,1,4,36,7
490,B2,2,0,2,7,0,0,0,0,0,0,0,0,0,1,0,1,2,8,2
490,C1,10,2,1,0,0,0,0,0,0,0,0,0,0,1,0,2,0,0,0
500,A1,2,13,0,4,0,0,0,0,0,0,0,0,0,1,0,2,0,0,0
500,B0,0,1,6,3,0,0,0,0,0,0,0,0,0,1,0,1,0,0,0
500,B1,1,2,2,1,0,0,0,0,0,0,0,0,0,1,0,1,4,36,7
500,B2,1,0,3,9,0,0,0,0,0,0,0,0,0,1,0,1,2,8,2
500,C1,10,2,1,0,0,0,0,0,0,0,0,0,0,1,0,2,0,0,0
510,A1,1,12,0,2,0,0,0,0,0,0,0,0,0,0,1,2,0,0,0
510,B0,0,2,8,2,0,0,0,0,0,0,0,0,0,0,1,1,0,0,0
510,B1,1,2,1,2,0,0,0,0,0,0,0,0,0,0,1,1,4,36,7
510,B2,1,0,2,10,0,0,0,0,0,0,0,0,0,0,1,1,2,8,2
510,C1,9,1,1,0,0,0,0,0,0,0,0,0,0,0,1,2,0,0,0
520,A1,2,14,0,1,0,0,0,0,0,0,0,0,0,0,1,2,0,0,0
520,B0,0,3,7,2,0,0,0,0,0,0,0,0,0,0,1,1,0,0,0
520,B1,1,2,2,1,0,0,0,0,0,0,0,0,0,0,1,1,4,36,7
520,B2,2,0,1,9,0,0,0,0,0,0,0,0,0,0,1,1,2,8,2
520,C1,11,2,1,0,0,0,0,0,0,0,0,0,0,0,1,2,0,0,0
530,A1,2,12,0,1,0,0,0,0,0,0,0,0,0,1,0,2,0,0,0
530,B0,0,3,6,1,0,0,0,0,0,0,0,0,0,1,0,1,0,0,0
530,B1,1,2,2,2,0,0,0,0,0,0,0,0,0,1,0,1,4,36,7
530,B2,1,0,1,7,0,0,0,0,0,0,0,0,0,1,0,1,2,8,2
530,C1,12,2,1,0,0,0,0,0,0,0,0,0,0,1,0,2,0,0,0
540,A1,1,12,0,1,0,0,0,0,0,0,0,0,0,1,0,2,0,0,0
540,B0,0,2,6,2,0,0,0,0,0,0,0,0,0,1,0,1,0,0,0
540,B1,2,1,2,2,0,0,0,0,0,0,0,0,0,1,0,1,4,36,7
540,B2,2,0,3,8,0,0,0,0,0,0,0,0,0,1,0,1,2,8,2
540,C1,11,1,1,0,0,0,0,0,0,0,0,0,0,1,0,2,0,0,0
550,A1,1,11,0,1,0,0,0,0,0,0,0,0,0,1,0,2,0,0,0
550,B0,0,2,9,2,0,0,0,0,0,0,0,0,0,1,0,1,0,0,0
550,B1,1,1,3,1,0,0,0,0,0,0,0,0,0,1,0,1,4,36,7
550,B2,1,0,3,11,0,0,0,0,0,0,0,0,0,1,0,1,2,8,2
550,C1,9,1,2,0,0,0,0,0,0,0,0,0,0,1,0,2,0,0,0
560,A1,1,12,0,1,0,0,0,0,0,0,0,0,0,0,1,2,0,0,0
560,B0,0,3,8,2,0,0,0,0,0,0,0,0,0,0,1,1,0,0,0
560,B1,3,1,4,1,0,0,0,0,0,0,0,0,0,0,1,1,5,46,9
560,B2,2,0,2,10,0,0,0,0,0,0,0,0,0,0,1,1,2,8,2
560,C1,9,2,1,0,0,0,0,0,0,0,0,0,0,0,1,2,0,0,0
570,A1,3,13,0,1,0,0,0,0,0,0,0,0,0,0,1,2,0,0,0
570,B0,0,3,9,1,0,0,0,0,0,0,0,0,0,0,1,1,0,0,0
570,B1,3,1,2,2,0,0,0,0,0,0,0,0,0,0,1,1,5,46,9
570,B2,3,0,2,9,0,0,0,0,0,0,0,0,0,0,1,1,2,8,2
570,C1,11,2,1,0,0,0,0,0,0,0,0,0,0,0,1,2,0,0,0
580,A1,1,12,0,1,0,0,0,0,0,0,0,0,0,1,0,2,0,0,0
580,B0,0,3,9,2,0,0,0,0,0,0,0,0,0,1,0,1,0,0,0
580,B1,2,1,3,2,0,0,0,0,0,0,0,0,0,1,0,1,6,52,10
580,B2,1,0,1,8,0,0,0,0,0,0,0,0,0,1,0,1,2,8,2
580,C1,11,2,1,0,0,0,0,0,0,0,0,0,0,1,0,2,0,0,0
590,A1,3,10,0,3,0,0,0,0,0,0,0,0,0,1,0,2,0,0,0
590,B0,0,1,8,1,0,0,0,0,0,0,0,0,0,1,0,1,0,0,0
590,B1,1,1,3,2,0,0,0,0,0,0,0,0,0,1,0,1,6,52,10
590,B2,1,0,2,9,0,0,0,0,0,0,0,0,0,1,0,1,2,8,2
590,C1,12,2,1,0,0,0,0,0,0,0,0,0,0,1,0,2,0,0,0
600,A1,3,9,0,2,0,0,0,0,0,0,0,0,0,0,1,2,0,0,0
600,B0,0,1,9,1,0,0,0,0,0,0,0,0,0,0,1,1,0,0,0
600,B1,1,1,1,2,0,0,0,0,1,0,0,0,0,0,1,1,8,62,13
600,B2,3,0,3,9,0,0,0,0,0,0,0,0,0,0,1,1,2,8,2
600,C1,9,1,1,0,0,0,0,0,0,0,0,1,0,0,1,2,0,0,0
610,A1,5,9,0,1,0,0,0,0,0,0,0,0,0,0,1,2,0,0,0
610,B0,0,1,8,2,0,0,0,0,0,0,0,0,0,0,1,1,0,0,0
610,B1,1,1,2,1,0,0,0,0,0,0,0,0,0,0,1,1,8,65,15
610,B2,2,0,3,9,0,0,0,0,0,0,0,0,0,0,1,1,2,8,2
610,C1,11,4,1,0,0,0,0,0,0,0,0,0,0,0,1,2,0,0,0
620,A1,5,11,0,1,0,0,0,0,0,0,0,0,0,0,1,2,0,0,0
620,B0,0,1,7,2,0,0,0,0,0,0,0,0,0,0,1,1,0,0,0
620,B1,3,1,4,2,0,0,0,0,0,0,0,0,0,0,1,1,8,65,15
620,B2,2,0,1,6,0,0,0,0,0,0,0,0,0,0,1,1,2,8,2
620,C1,13,3,1,0,0,0,0,0,0,0,0,0,0,0,1,2,0,0,0
630,A1,4,12,0,1,0,0,0,0,0,0,0,0,0,1,0,2,0,0,0
630,B0,0,4,7,2,0,0,0,0,0,0,0,0,0,1,0,1,0,0,0
630,B1,3,2,3,3,0,0,0,0,0,0,0,0,0,1,0,1,10,73,17
630,B2,1,0,2,7,0,0,0,0,0,0,0,0,0,1,0,1,2,8,2
630,C1,12,1,1,0,0,0,0,0,0,0,0,0,0,1,0,2,0,0,0
640,A1,2,11,0,1,0,0,0,0,0,0,0,0,0,1,0,2,0,0,0
640,B0,0,2,7,3,0,0,0,0,0,0,0,0,0,1,0,1,0,0,0
640,B1,1,2,3,3,0,0,0,0,0,0,0,0,0,1,0,1,10,73,17
640,B2,1,0,2,8,0,0,0,0,0,0,0,0,0,1,0,1,2,8,2
640,C1,11,1,1,0,0,0,0,0,0,0,0,0,0,1,0,2,0,0,0
650,A1,3,10,0,1,0,0,0,0,0,0,0,0,0,0,1,2,0,0,0
650,B0,0,2,9,2,0,0,0,0,0,0,0,0,0,0,1,1,0,0,0
650,B1,1,2,2,1,0,0,0,0,0,0,0,0,0,0,1,1,10,73,17
650,B2,1,0,1,8,0,0,0,0,0,0,0,0,0,0,1,1,2,8,2
650,C1,10,2,1,0,0,0,0,0,0,0,0,0,0,0,1,2,0,0,0
660,A1,3,12,0,1,0,0,0,0,0,0,0,0,0,0,1,2,0,0,0
660,B0,0,3,8,1,0,0,0,0,0,0,0,0,0,0,1,1,0,0,0
660,B1,1,2,4,1,0,0,0,0,0,0,0,0,0,0,1,1,10,73,17
660,B2,1,0,1,8,0,0,0,0,0,0,0,0,0,0,1,1,2,8,2
660,C1,12,4,1,0,0,0,0,0,0,0,0,0,0,0,1,2,0,0,0
670,A1,2,12,0,1,0,0,0,0,0,0,0,0,0,1,0,2,0,0,0
670,B0,0,2,6,1,0,0,0,0,0,0,0,0,0,1,0,1,0,0,0
670,B1,1,2,1,2,0,0,0,0,0,0,0,0,0,1,0,1,10,73,17
670,B2,1,0,3,8,0,0,0,0,0,0,0,0,0,1,0,1,2,8,2
670,C1,15,4,1,0,0,0,0,0,0,0,0,0,0,1,0,2,0,0,0
680,A1,2,11,0,2,0,0,0,0,0,0,0,0,0,1,0,2,0,0,0
680,B0,0,1,6,2,0,0,0,0,0,0,0,0,0,1,0,1,0,0,0
680,B1,1,1,1,2,0,0,0,0,0,0,0,0,0,1,0,1,10,73,17
680,B2,1,0,3,8,0,0,0,0,0,0,0,0,0,1,0,1,2,8,2
680,C1,15,2,2,0,0,0,0,0,0,0,0,0,0,1,0,2,0,0,0
690,A1,1,10,0,3,0,0,0,0,0,0,0,0,0,0,1,2,0,0,0
690,B0,0,2,8,2,0,0,0,0,0,0,0,0,0,0,1,1,0,0,0
690,B1,1,1,1,2,0,0,0,0,0,0,0,0,0,0,1,1,10,73,17
690,B2,1,0,5,9,0,0,0,0,0,0,0,0,0,0,1,1,2,8,2
690,C1,13,2,3,0,0,0,0,0,0,0,0,0,0,0,1,2,0,0,0
700,A1,2,11,0,1,0,0,0,0,0,0,0,0,0,0,1,2,0,0,0
700,B0,0,1,5,1,0,0,0,0,0,0,0,0,0,0,1,1,0,0,0
700,B1,1,1,1,1,0,0,0,0,0,0,0,0,0,0,1,1,10,73,17
700,B2,2,0,4,9,0,0,0,0,0,0,0,0,0,0,1,1,2,8,2
700,C1,13,2,1,0,0,0,0,0,0,0,0,0,0,0,1,2,0,0,0
710,A1,4,10,0,1,0,0,0,0,0,0,0,0,0,0,1,2,0,0,0
710,B0,0,2,3,1,0,0,0,0,0,0,0,0,0,0,1,1,0,0,0
710,B1,1,1,1,3,0,0,0,0,0,0,0,0,0,0,1,1,10,73,17
710,B2,2,0,1,8,0,0,0,0,0,0,0,0,0,0,1,1,2,8,2
710,C1,13,3,1,0,0,0,0,0,0,0,0,0,0,0,1,2,0,0,0
720,A1,3,10,0,1,0,0,0,0,0,0,0,0,0,1,0,2,0,0,0
720,B0,0,2,3,1,0,0,0,0,0,0,0,0,0,1,0,1,0,0,0
720,B1,1,1,1,1,0,0,0,0,0,0,0,0,0,1,0,1,11,77,18
720,B2,1,0,1,8,0,0,0,0,0,0,0,0,0,1,0,1,2,8,2
720,C1,14,3,1,0,0,0,0,0,0,0,0,0,0,1,0,2,0,0,0
730,A1,2,9,0,1,0,0,0,0,0,0,0,0,0,1,0,2,0,0,0
730,B0,0,2,5,5,0,0,0,0,0,0,0,0,0,1,0,1,0,0,0
730,B1,2,2,1,1,0,0,0,0,0,0,0,0,0,1,0,2,11,77,18
730,B2,1,0,4,9,0,0,0,0,0,0,0,0,0,1,0,1,2,8,2
730,C1,12,1,1,0,0,0,0,0,0,0,0,0,0,1,0,2,0,0,0
740,A1,3,8,0,1,0,0,0,0,0,0,0,0,0,0,1,2,0,0,0
740,B0,0,1,8,3,0,0,0,0,0,0,0,0,0,0,1,1,0,0,0
740,B1,2,1,3,2,0,0,0,0,0,0,0,0,0,0,1,1,12,81,19
740,B2,1,0,3,8,0,0,0,0,0,0,0,0,0,0,1,1,2,8,2
740,C1,11,2,2,0,0,0,0,0,0,0,0,0,0,0,1,2,0,0,0
750,A1,1,9,0,1,0,0,0,0,0,0,0,0,0,0,1,2,0,0,0
750,B0,0,3,8,1,0,0,0,0,0,0,0,0,0,0,1,1,0,0,0
750,B1,2,1,3,1,0,0,0,0,0,0,0,0,0,0,1,1,12,81,19
750,B2,1,0,1,8,0,0,0,0,0,0,0,0,0,0,1,1,2,8,2
750,C1,13,2,1,0,0,0,0,0,0,0,0,0,0,0,1,2,0,0,0
760,A1,2,10,0,3,0,0,0,0,0,0,0,0,0,1,0,2,0,0,0
760,B0,0,4,5,2,0,0,0,0,0,0,0,0,0,1,0,1,0,0,0
760,B1,2,3,2,1,0,0,0,0,0,0,0,0,0,1,0,2,12,81,19
760,B2,1,0,1,7,0,0,0,0,0,0,0,0,0,1,0,1,2,8,2
760,C1,13,4,1,0,0,0,0,0,0,0,0,0,0,1,0,2,0,0,0
770,A1,2,9,0,3,0,0,0,0,0,0,0,0,0,1,0,2,0,0,0
770,B0,0,1,6,3,0,0,0,0,0,0,0,0,0,1,0,1,0,0,0
770,B1,1,3,2,1,0,0,0,0,0,0,0,0,0,1,0,2,12,81,19
770,B2,1,0,2,8,0,0,0,0,0,0,0,0,0,1,0,1,2,8,2
770,C1,14,2,2,0,0,0,0,0,0,0,0,0,0,1,0,2,0,0,0
780,A1,1,8,0,4,0,0,0,0,0,0,0,0,0,1,0,2,0,0,0
780,B0,0,1,6,4,0,0,0,0,0,0,0,0,0,1,0,1,0,0,0
780,B1,3,2,2,1,0,0,0,0,0,0,0,0,0,1,0,2,12,81,19
780,B2,1,0,3,9,0,0,0,0,0,0,0,0,0,1,0,1,2,8,2
780,C1,13,1,2,0,0,0,0,0,0,0,0,0,0,1,0,2,0,0,0
790,A1,1,9,0,1,0,0,0,0,0,0,0,0,0,0,1,2,0,0,0
790,B0,0,1,6,4,0,0,0,0,0,0,0,0,0,0,1,1,0,0,0
790,B1,3,2,2,1,0,0,0,0,0,0,0,0,0,0,1,2,12,81,19
790,B2,1,0,2,8,0,0,0,0,0,0,0,0,0,0,1,1,2,8,2
790,C1,13,1,1,0,0,0,0,0,0,0,0,0,0,0,1,2,0,0,0
800,A1,2,12,0,1,0,0,0,0,0,0,0,0,0,0,1,2,0,0,0
800,B0,0,1,6,1,0,0,0,0,0,0,0,0,0,0,1,1,0,0,0
800,B1,3,2,1,2,0,0,0,0,0,0,0,0,0,0,1,2,12,81,19
800,B2,1,0,2,8,0,0,0,0,0,0,0,0,0,0,1,1,2,8,2
800,C1,14,3,2,0,0,0,0,0,0,0,0,0,0,0,1,2,0,0,0
810,A1,5,11,0,2,0,0,0,0,0,0,0,0,0,1,0,2,0,0,0
810,B0,0,2,5,1,0,0,0,0,0,0,0,0,0,1,0,1,0,0,0
810,B1,2,1,2,1,0,0,0,0,0,0,0,0,0,1,0,1,12,81,19
810,B2,1,0,1,7,0,0,0,0,0,0,0,0,0,1,0,1,2,8,2
810,C1,15,1,2,0,0,0,0,0,0,0,0,0,0,1,0,2,0,0,0
820,A1,1,9,0,2,0,0,0,0,0,0,0,0,0,1,0,2,0,0,0
820,B0,0,1,7,2,0,0,0,0,0,0,0,0,0,1,0,1,0,0,0
820,B1,1,1,2,1,0,0,0,0,0,0,0,0,0,1,0,1,12,81,19
820,B2,1,0,1,9,0,0,0,0,0,0,0,0,0,1,0,1,2,8,2
820,C1,14,2,2,0,0,0,0,0,0,0,0,0,0,1,0,2,0,0,0
830,A1,1,8,0,2,0,0,0,0,0,0,0,0,0,0,1,2,0,0,0
830,B0,0,1,5,2,0,0,0,0,0,0,0,0,0,0,1,1,0,0,0
830,B1,1,1,1,1,0,0,0,0,0,0,0,0,0,0,1,1,13,85,20
830,B2,1,0,2,10,0,0,0,0,0,0,0,0,0,0,1,1,2,8,2
830,C1,13,1,1,0,0,0,0,0,0,0,0,0,0,0,1,2,0,0,0
840,A1,2,8,0,1,0,0,0,0,0,0,0,0,0,0,1,2,0,0,0
840,B0,0,2,5,4,0,0,0,0,0,0,0,0,0,0,1,1,0,0,0
840,B1,1,1,2,2,0,0,0,0,0,0,0,0,0,0,1,1,13,85,20
840,B2,1,0,3,10,0,0,0,0,0,0,0,0,0,0,1,1,2,8,2
840,C1,15,1,1,0,0,0,0,0,0,0,0,0,0,0,1,2,0,0,0
850,A1,4,9,0,2,0,0,0,0,0,0,0,0,0,0,1,2,0,0,0
850,B0,0,1,4,1,0,0,0,0,0,0,0,0,0,0,1,1,0,0,0
850,B1,1,1,2,2,0,0,0,0,0,0,0,0,0,0,1,1,13,85,20
850,B2,4,0,1,8,0,0,0,0,0,0,0,0,0,0,1,1,2,8,2
850,C1,17,2,1,0,0,0,0,0,0,0,0,0,0,0,1,2,0,0,0
860,A1,1,10,0,3,0,0,0,0,0,0,0,0,0,1,0,2,0,0,0
860,B0,0,1,4,2,0,0,0,0,0,0,0,0,0,1,0,1,0,0,0
860,B1,1,1,2,2,0,0,0,0,0,0,0,0,0,1,0,1,14,89,21
860,B2,1,0,3,9,0,0,0,0,0,0,0,0,0,1,0,1,2,8,2
860,C1,16,1,2,0,0,0,0,0,0,0,0,0,0,1,0,2,0,0,0
870,A1,1,10,0,3,0,0,0,0,0,0,0,0,0,1,0,2,0,0,0
870,B0,0,1,6,3,0,0,0,0,0,0,0,0,0,1,0,1,0,0,0
870,B1,1,1,2,2,0,0,0,0,0,0,0,0,0,1,0,1,14,89,21
870,B2,1,0,5,11,0,0,0,0,0,0,0,0,0,1,0,1,2,8,2
870,C1,16,2,3,0,0,0,0,0,0,0,0,0,0,1,0,2,0,0,0
880,A1,1,10,0,1,0,0,0,0,0,0,0,0,0,0,1,2,0,0,0
880,B0,0,1,5,2,0,0,0,0,0,0,0,0,0,0,1,1,0,0,0
880,B1,1,1,1,1,0,0,0,0,0,0,0,0,0,0,1,1,14,89,21
880,B2,1,0,1,12,0,0,0,0,0,0,0,0,0,0,1,1,2,8,2
880,C1,15,2,1,0,0,0,0,0,0,0,0,0,0,0,1,2,0,0,0
890,A1,2,11,0,1,0,0,0,0,0,0,0,0,0,0,1,2,0,0,0
890,B0,0,1,5,1,0,0,0,0,0,0,0,0,0,0,1,1,0,0,0
890,B1,1,1,2,1,0,0,0,0,0,0,0,0,0,0,1,1,14,89,21
890,B2,1,0,1,11,0,0,0,0,0,0,0,0,0,0,1,1,2,8,2
890,C1,16,2,1,0,0,0,0,0,0,0,0,0,0,0,1,2,0,0,0
900,A1,2,12,0,1,0,0,0,0,0,0,0,0,0,1,0,2,0,0,0
900,B0,0,2,4,1,0,0,1,0,0,0,0,0,0,1,0,2,1,7,0
900,B1,1,1,3,2,0,0,0,0,0,1,0,0,0,1,0,1,15,91,22
900,B2,2,0,1,9,0,0,0,0,0,0,0,0,0,1,0,1,2,8,2
900,C1,15,4,2,0,0,0,0,0,0,0,0,0,0,1,0,2,0,0,0
910,A1,4,13,0,2,0,0,0,0,0,0,0,0,0,1,0,2,0,0,0
910,B0,0,1,5,1,0,0,0,0,0,0,0,0,0,1,0,1,1,8,1
910,B1,1,3,3,2,0,0,0,0,0,0,0,0,0,1,0,1,15,91,22
910,B2,2,0,3,10,0,0,0,0,0,0,0,0,0,1,0,1,2,8,2
910,C1,15,2,2,0,0,0,0,0,0,0,0,0,0,1,0,2,0,0,0
920,A1,2,11,0,4,0,0,0,0,0,0,0,0,0,0,1,2,0,0,0
920,B0,0,1,5,2,0,0,0,0,0,0,0,0,0,0,1,1,1,8,1
920,B1,1,2,4,2,0,0,0,0,0,0,0,0,0,0,1,1,15,91,22
920,B2,2,0,4,12,0,0,0,0,0,0,0,0,0,0,1,1,2,8,2
920,C1,14,1,2,0,0,0,0,0,0,0,0,0,0,0,1,2,0,0,0
930,A1,1,13,0,1,0,0,0,0,0,0,0,0,0,0,1,2,0,0,0
930,B0,0,1,4,1,0,0,0,0,0,0,0,0,0,0,1,1,1,8,1
930,B1,1,1,2,1,0,0,0,0,0,0,0,0,0,0,1,1,15,91,22
930,B2,1,0,2,11,0,0,0,0,0,0,0,0,0,0,1,1,2,8,2
930,C1,15,3,1,0,0,0,0,0,0,0,0,0,0,0,1,2,0,0,0
940,A1,2,13,0,2,0,0,0,0,0,0,0,0,0,0,1,2,0,0,0
940,B0,0,1,1,3,0,0,0,0,0,0,0,0,0,0,1,1,1,8,1
940,B1,1,1,2,1,0,0,0,0,0,0,0,0,0,0,1,1,15,91,22
940,B2,1,0,2,10,0,0,0,0,0,0,0,0,0,0,1,1,2,8,2
940,C1,15,6,1,0,0,0,0,0,0,0,0,0,0,0,1,2,0,0,0
950,A1,1,13,0,1,0,0,0,0,0,0,0,0,0,1,0,2,0,0,0
950,B0,0,1,1,1,0,0,0,0,0,0,0,0,0,1,0,1,1,8,1
950,B1,2,1,2,1,0,0,0,0,0,0,0,0,0,1,0,1,15,91,22
950,B2,2,0,4,11,0,0,0,0,0,0,0,0,0,1,0,1,2,8,2
950,C1,16,4,1,0,0,0,0,0,0,0,0,0,0,1,0,2,0,0,0
960,A1,1,12,0,2,0,0,0,0,0,0,0,0,0,1,0,2,0,0,0
960,B0,0,2,3,2,0,0,0,0,0,0,0,0,0,1,0,1,1,8,1
960,B1,4,3,2,1,0,0,0,0,0,0,0,0,0,1,0,2,15,91,22
960,B2,2,0,2,12,0,0,0,0,0,0,0,0,0,1,0,1,2,8,2
960,C1,16,1,2,0,0,0,0,0,0,0,0,0,0,1,0,2,0,0,0
970,A1,1,12,0,1,0,0,0,0,0,0,0,0,0,0,1,2,0,0,0
970,B0,0,1,2,2,0,0,0,0,0,0,0,0,0,0,1,1,1,8,1
970,B1,3,3,1,2,0,0,0,0,0,0,0,0,0,0,1,2,15,91,22
970,B2,2,0,1,11,0,0,0,0,0,0,0,0,0,0,1,1,2,8,2
970,C1,15,1,1,0,0,0,0,0,0,0,0,0,0,0,1,2,0,0,0
980,A1,1,13,0,1,0,0,0,0,0,0,0,0,0,0,1,2,0,0,0
980,B0,0,3,1,2,0,0,0,0,0,0,0,0,0,0,1,1,1,8,1
980,B1,3,3,2,2,0,0,0,0,0,0,0,0,0,0,1,2,15,91,22
980,B2,2,0,1,11,0,0,0,0,0,0,0,0,0,0,1,1,2,8,2
980,C1,16,5,1,0,0,0,0,0,0,0,0,0,0,0,1,2,0,0,0
990,A1,1,14,0,3,0,0,0,0,0,0,0,0,0,1,0,2,0,0,0
990,B0,0,2,1,1,0,0,0,0,0,0,0,0,0,1,0,1,1,8,1
990,B1,3,3,3,3,0,0,0,0,0,0,0,0,0,1,0,1,15,91,22
990,B2,1,0,1,9,0,0,0,0,0,0,0,0,0,1,0,1,2,8,2
990,C1,17,7,2,0,0,0,0,0,0,0,0,0,0,1,0,2,0,0,0
1000,A1,1,12,0,1,0,0,0,0,0,0,0,0,0,1,0,2,0,0,0
1000,B0,0,1,2,2,0,0,0,0,0,0,0,0,0,1,0,1,1,8,1
1000,B1,1,2,3,3,0,0,0,0,0,0,0,0,0,1,0,1,15,91,22
1000,B2,2,0,3,10,0,0,0,0,0,0,0,0,0,1,0,1,2,8,2
1000,C1,14,1,2,0,0,0,0,0,0,0,0,0,0,1,0,2,0,0,0
1010,A1,2,9,0,1,0,0,0,0,0,0,0,0,0,1,0,2,0,0,0
1010,B0,0,1,2,4,0,0,0,0,0,0,0,0,0,1,0,1,1,8,1
1010,B1,1,2,3,3,0,0,0,0,0,0,0,0,0,1,0,1,15,91,22
1010,B2,1,0,1,9,0,0,0,0,0,0,0,0,0,1,0,1,2,8,2
1010,C1,13,1,2,0,0,0,0,0,0,0,0,0,0,1,0,2,0,0,0
1020,A1,4,10,0,1,0,0,0,0,0,0,0,0,0,0,1,2,0,0,0
1020,B0,0,2,2,3,0,0,0,0,0,0,0,0,0,0,1,1,1,8,1
1020,B1,1,2,2,4,0,0,0,0,0,0,0,0,0,0,1,1,15,91,22
1020,B2,2,0,2,9,0,0,0,0,0,0,0,0,0,0,1,1,2,8,2
1020,C1,14,2,1,0,0,0,0,0,0,0,0,0,0,0,1,2,0,0,0
1030,A1,2,11,0,1,0,0,0,0,0,0,0,0,0,0,1,2,0,0,0
1030,B0,0,3,2,3,0,0,0,0,0,0,0,0,0,0,1,1,1,8,1
1030,B1,1,2,3,4,0,0,0,0,0,0,0,0,0,0,1,1,15,91,22
1030,B2,3,0,1,9,0,0,0,0,0,0,0,0,0,0,1,1,2,8,2
1030,C1,16,3,1,0,0,0,0,0,0,0,0,0,0,0,1,2,0,0,0
1040,A1,1,10,0,1,0,0,0,0,0,0,0,0,0,1,0,2,0,0,0
1040,B0,0,3,2,1,0,0,0,0,0,0,0,0,0,1,0,1,1,8,1
1040,B1,1,2,1,3,0,0,0,0,0,0,0,0,0,1,0,1,16,99,23
1040,B2,3,0,1,8,0,0,0,0,0,0,0,0,0,1,0,1,2,8,2
1040,C1,15,2,1,0,0,0,0,0,0,0,0,0,0,1,0,2,0,0,0
1050,A1,2,7,0,2,0,0,0,0,0,0,0,0,0,1,0,2,0,0,0
1050,B0,0,1,3,2,0,0,0,0,0,0,0,0,0,1,0,1,1,8,1
1050,B1,3,1,1,3,0,0,0,0,0,0,0,0,0,1,0,1,16,99,23
1050,B2,2,0,3,8,0,0,0,0,0,0,0,0,0,1,0,1,2,8,2
1050,C1,15,1,1,0,0,0,0,0,0,0,0,0,0,1,0,2,0,0,0
1060,A1,3,4,0,2,0,0,0,0,0,0,0,0,0,0,1,2,0,0,0
1060,B0,0,1,5,1,0,0,0,0,0,0,0,0,0,0,1,1,1,8,1
1060,B1,2,1,2,4,0,0,0,0,0,0,0,0,0,0,1,1,16,99,23
1060,B2,2,0,3,11,0,0,0,0,0,0,0,0,0,0,1,1,2,8,2
1060,C1,13,1,1,0,0,0,0,0,0,0,0,0,0,0,1,2,0,0,0
1070,A1,2,6,0,1,0,0,0,0,0,0,0,0,0,0,1,2,0,0,0
1070,B0,0,2,2,1,0,0,0,0,0,0,0,0,0,0,1,1,1,8,1
1070,B1,2,1,4,2,0,0,0,0,0,0,0,0,0,0,1,1,16,99,23
1070,B2,2,0,1,8,0,0,0,0,0,0,0,0,0,0,1,1,2,8,2
1070,C1,14,2,1,0,0,0,0,0,0,0,0,0,0,0,1,2,0,0,0
1080,A1,3,8,0,1,0,0,0,0,0,0,0,0,0,0,1,2,0,0,0
1080,B0,0,2,1,1,0,0,0,0,0,0,0,0,0,0,1,1,1,8,1
1080,B1,2,1,4,1,0,0,0,0,0,0,0,0,0,0,1,1,16,99,23
1080,B2,3,0,1,5,0,0,0,0,0,0,0,0,0,0,1,1,2,8,2
1080,C1,13,3,1,0,0,0,0,0,0,0,0,0,0,0,1,2,0,0,0
1090,A1,4,9,0,1,0,0,0,0,0,0,0,0,0,1,0,2,0,0,0
1090,B0,0,1,2,1,0,0,0,0,0,0,0,0,0,1,0,1,1,8,1
1090,B1,2,1,4,1,0,0,0,0,0,0,0,0,0,1,0,1,17,102,24
1090,B2,1,0,2,6,0,0,0,0,0,0,0,0,0,1,0,1,2,8,2
1090,C1,13,3,3,0,0,0,0,0,0,0,0,0,0,1,0,2,0,0,0
1100,A1,1,8,0,3,0,0,0,0,0,0,0,0,0,1,0,2,0,0,0
1100,B0,0,1,4,3,0,0,0,0,0,0,0,0,0,1,0,1,1,8,1
1100,B1,2,2,4,1,0,0,0,0,0,0,0,0,0,1,0,1,17,102,24
1100,B2,1,0,3,7,0,0,0,0,0,0,0,0,0,1,0,1,2,8,2
1100,C1,14,2,4,0,0,0,0,0,0,0,0,0,0,1,0,2,0,0,0
1110,A1,2,7,0,1,0,0,0,0,0,0,0,0,0,0,1,2,0,0,0
1110,B0,0,1,4,2,0,0,0,0,0,0,0,0,0,0,1,1,1,8,1
1110,B1,2,1,6,1,0,0,0,0,0,0,0,0,0,0,1,1,17,102,24
1110,B2,1,0,1,8,0,0,0,0,0,0,0,0,0,0,1,1,2,8,2
1110,C1,14,3,2,0,0,0,0,0,0,0,0,0,0,0,1,2,0,0,0
1120,A1,2,7,0,1,0,0,0,0,0,0,0,0,0,0,1,2,0,0,0
1120,B0,0,1,3,2,0,0,0,0,0,0,0,0,0,0,1,1,1,8,1
1120,B1,2,1,3,1,0,0,0,0,0,0,0,0,0,0,1,1,17,102,24
1120,B2,2,0,1,7,0,0,0,0,0,0,0,0,0,0,1,1,2,8,2
1120,C1,15,1,1,0,0,0,0,0,0,0,0,0,0,0,1,2,0,0,0
1130,A1,1,9,0,1,0,0,0,0,0,0,0,0,0,1,0,2,0,0,0
1130,B0,0,1,3,1,0,0,0,0,0,0,0,0,0,1,0,1,1,8,1
1130,B1,2,1,3,1,0,0,0,0,0,0,0,0,0,1,0,1,17,102,24
1130,B2,2,0,2,5,0,0,0,0,0,0,0,0,0,1,0,1,2,8,2
1130,C1,15,1,2,0,0,0,0,0,0,0,0,0,0,1,0,2,0,0,0
1140,A1,1,7,0,3,0,0,0,0,0,0,0,0,0,1,0,2,0,0,0
1140,B0,0,1,4,3,0,0,0,0,0,0,0,0,0,1,0,1,1,8,1
1140,B1,2,1,3,1,0,0,0,0,0,0,0,0,0,1,0,1,17,102,24
1140,B2,1,0,1,6,0,0,0,0,0,0,0,0,0,1,0,1,2,8,2
1140,C1,16,3,3,0,0,0,0,0,0,0,0,0,0,1,0,2,0,0,0
1150,A1,2,6,0,3,0,0,0,0,0,0,0,0,0,0,1,2,0,0,0
1150,B0,0,1,5,4,0,0,0,0,0,0,0,0,0,0,1,1,1,8,1
1150,B1,1,1,3,1,0,0,0,0,0,0,0,0,0,0,1,1,17,102,24
1150,B2,2,0,3,8,0,0,0,0,0,0,0,0,0,0,1,1,2,8,2
1150,C1,13,2,4,0,0,0,0,0,0,0,0,0,0,0,1,2,0,0,0
1160,A1,2,8,0,1,0,0,0,0,0,0,0,0,0,0,1,2,0,0,0
1160,B0,0,2,7,1,0,0,0,0,0,0,0,0,0,0,1,1,1,8,1
1160,B1,1,1,3,3,0,0,0,0,0,0,0,0,0,0,1,1,17,102,24
1160,B2,3,0,1,7,0,0,0,0,0,0,0,0,0,0,1,1,2,8,2
1160,C1,14,3,1,0,0,0,0,0,0,0,0,0,0,0,1,2,0,0,0
1170,A1,4,8,0,1,0,0,0,0,0,0,0,0,0,0,1,2,0,0,0
1170,B0,0,3,4,2,0,0,0,0,0,0,0,0,0,0,1,1,1,8,1
1170,B1,1,1,4,3,0,0,0,0,0,0,0,0,0,0,1,1,17,102,24
1170,B2,3,0,1,4,0,0,0,0,0,0,0,0,0,0,1,1,2,8,2
1170,C1,14,2,1,0,0,0,0,0,0,0,0,0,0,0,1,2,0,0,0
1180,A1,2,10,0,1,0,0,0,0,0,0,0,0,0,1,0,2,0,0,0
1180,B0,0,1,3,1,0,0,0,0,0,0,0,0,0,1,0,1,1,8,1
1180,B1,1,1,3,3,0,0,0,0,0,0,0,0,0,1,0,1,18,116,25
1180,B2,1,0,2,4,0,0,0,0,0,0,0,0,0,1,0,1,2,8,2
1180,C1,12,2,1,0,0,0,0,0,0,0,0,0,0,1,0,2,0,0,0
1190,A1,1,8,0,2,0,0,0,0,0,0,0,0,0,1,0,2,0,0,0
1190,B0,0,1,6,3,0,0,0,0,0,0,0,0,0,1,0,1,1,8,1
1190,B1,1,1,3,3,0,0,0,0,0,0,0,0,0,1,0,1,18,116,25
1190,B2,1,0,2,4,0,0,0,0,0,0,0,0,0,1,0,1,2,8,2
1190,C1,12,2,2,0,0,0,0,0,0,0,0,0,0,1,0,2,0,0,0
1200,A1,2,8,0,1,0,0,0,0,0,0,0,0,0,0,1,2,0,0,0
1200,B0,0,1,9,1,0,0,0,0,0,0,0,0,0,0,1,1,1,8,1
1200,B1,1,1,5,3,0,0,0,0,0,0,0,0,0,0,1,1,18,116,25
1200,B2,2,0,6,5,0,0,0,0,0,0,0,0,0,0,1,1,2,8,2
1200,C1,12,2,1,0,0,0,0,0,0,0,0,0,0,0,1,2,0,0,0
1210,A1,3,9,0,2,0,0,0,0,0,0,0,0,0,0,1,2,0,0,0
1210,B0,0,1,8,1,0,0,0,0,0,0,0,0,0,0,1,1,1,8,1
1210,B1,1,1,5,2,0,0,0,0,0,0,0,0,0,0,1,1,18,116,25
1210,B2,1,0,1,3,0,0,0,0,0,0,0,0,0,0,1,1,2,8,2
1210,C1,13,4,1,0,0,0,0,0,0,0,0,0,0,0,1,2,0,0,0
1220,A1,5,9,0,3,0,0,0,0,0,0,0,0,0,1,0,2,0,0,0
1220,B0,0,1,6,1,0,0,0,0,0,0,0,0,0,1,0,1,1,8,1
1220,B1,1,1,3,1,0,0,0,0,0,0,0,0,0,1,0,1,18,116,25
1220,B2,1,0,1,2,0,0,0,0,0,0,0,0,0,1,0,1,2,8,2
1220,C1,13,4,2,0,0,0,0,0,0,0,0,0,0,1,0,2,0,0,0
1230,A1,2,9,0,5,0,0,0,0,0,0,0,0,0,1,0,2,0,0,0
1230,B0,0,1,7,2,0,0,0,0,0,0,0,0,0,1,0,1,1,8,1
1230,B1,1,2,3,1,0,0,0,0,0,0,0,0,0,1,0,1,18,116,25
1230,B2,1,0,1,5,0,0,0,0,0,0,0,0,0,1,0,1,2,8,2
1230,C1,13,1,2,0,0,0,0,0,0,0,0,0,0,1,0,2,0,0,0
1240,A1,1,8,0,5,0,0,0,0,0,0,0,0,0,1,0,2,0,0,0
1240,B0,0,2,8,2,0,0,0,0,0,0,0,0,0,1,0,1,1,8,1
1240,B1,1,3,3,1,0,0,0,0,0,0,0,0,0,1,0,1,18,116,25
1240,B2,2,0,2,6,0,0,0,0,0,0,0,0,0,1,0,1,2,8,2
1240,C1,12,2,2,0,0,0,0,0,0,0,0,0,0,1,0,2,0,0,0
1250,A1,1,9,0,2,0,0,0,0,0,0,0,0,0,0,1,2,0,0,0
1250,B0,0,1,8,1,0,0,0,0,0,0,0,0,0,0,1,1,1,8,1
1250,B1,1,3,4,1,0,0,0,0,0,0,0,0,0,0,1,1,18,116,25
1250,B2,3,0,2,7,0,0,0,0,0,0,0,0,0,0,1,1,2,8,2
1250,C1,13,1,2,0,0,0,0,0,0,0,0,0,0,0,1,2,0,0,0
1260,A1,1,10,0,1,0,0,0,0,0,0,0,0,0,0,1,2,0,0,0
1260,B0,0,2,5,2,0,0,0,0,0,0,0,0,0,0,1,1,1,8,1
1260,B1,1,3,4,2,0,0,0,0,0,0,0,0,0,0,1,1,18,116,25
1260,B2,2,0,3,4,0,0,0,0,0,0,0,0,0,0,1,1,2,8,2
1260,C1,15,2,1,0,0,0,0,0,0,0,0,0,0,0,1,2,0,0,0
1270,A1,1,10,0,1,0,0,0,0,0,0,0,0,0,1,0,2,0,0,0
1270,B0,0,1,5,1,0,0,0,0,0,0,0,0,0,1,0,1,1,8,1
1270,B1,1,2,3,1,0,0,0,0,0,0,0,0,0,1,0,1,18,116,25
1270,B2,2,0,4,3,0,0,0,0,0,0,0,0,0,1,0,1,2,8,2
1270,C1,14,3,2,0,0,0,0,0,0,0,0,0,0,1,0,2,0,0,0
1280,A1,3,10,0,1,0,0,0,0,0,0,0,0,0,1,0,2,0,0,0
1280,B0,0,1,6,2,0,0,0,0,0,0,0,0,0,1,0,1,1,8,1
1280,B1,1,1,3,1,0,0,0,0,0,0,0,0,0,1,0,1,18,116,25
1280,B2,3,0,4,4,0,0,0,0,0,0,0,0,0,1,0,1,2,8,2
1280,C1,12,3,3,0,0,0,0,0,0,0,0,0,0,1,0,2,0,0,0
1290,A1,1,9,0,1,0,0,0,0,0,0,0,0,0,0,1,2,0,0,0
1290,B0,0,1,7,3,0,0,0,0,0,0,0,0,0,0,1,1,1,8,1
1290,B1,2,2,3,1,0,0,0,0,0,0,0,0,0,0,1,1,18,116,25
1290,B2,3,0,4,5,0,0,0,0,0,0,0,0,0,0,1,1,2,8,2
1290,C1,11,1,2,0,0,0,0,0,0,0,0,0,0,0,1,2,0,0,0
1300,A1,2,10,0,1,0,0,0,0,0,0,0,0,0,0,1,2,0,0,0
1300,B0,0,3,6,3,0,0,0,0,0,0,0,0,0,0,1,1,1,8,1
1300,B1,2,2,1,2,0,0,0,0,0,0,0,0,0,0,1,2,18,116,25
1300,B2,3,0,2,3,0,0,0,0,0,0,0,0,0,0,1,1,2,8,2
1300,C1,12,3,2,0,0,0,0,0,0,0,0,0,0,0,1,2,0,0,0
1310,A1,2,11,0,1,0,0,0,0,0,0,0,0,0,0,1,2,0,0,0
1310,B0,0,3,6,1,0,0,0,0,0,0,0,0,0,0,1,1,1,8,1
1310,B1,2,3,1,3,0,0,0,0,0,0,0,0,0,0,1,2,18,116,25
1310,B2,3,0,1,3,0,0,0,0,0,0,0,0,0,0,1,1,2,8,2
1310,C1,13,4,1,0,0,0,0,0,0,0,0,0,0,0,1,2,0,0,0
1320,A1,2,12,0,1,0,0,0,0,0,0,0,0,0,1,0,2,0,0,0
1320,B0,0,1,8,2,0,0,0,0,0,0,0,0,0,1,0,1,1,8,1
1320,B1,1,1,1,2,0,0,0,0,0,0,0,0,0,1,0,1,19,121,27
1320,B2,2,0,2,4,0,0,0,0,0,0,0,0,0,1,0,1,2,8,2
1320,C1,13,3,2,0,0,0,0,0,0,0,0,0,0,1,0,2,0,0,0
1330,A1,1,11,0,2,0,0,0,0,0,0,0,0,0,1,0,2,0,0,0
1330,B0,0,1,8,2,0,0,0,0,0,0,0,0,0,1,0,1,1,8,1
1330,B1,2,2,1,2,0,0,0,0,0,0,0,0,0,1,0,2,19,121,27
1330,B2,1,0,2,6,0,0,0,0,0,0,0,0,0,1,0,1,2,8,2
1330,C1,12,1,2,0,0,0,0,0,0,0,0,0,0,1,0,2,0,0,0
1340,A1,1,10,0,3,0,0,0,0,0,0,0,0,0,0,1,2,0,0,0
1340,B0,0,1,7,3,0,0,0,0,0,0,0,0,0,0,1,1,1,8,1
1340,B1,2,1,1,3,0,0,0,0,0,0,0,0,0,0,1,1,20,124,28
1340,B2,1,0,2,7,0,0,0,0,0,0,0,0,0,0,1,1,2,8,2
1340,C1,12,4,1,0,0,0,0,0,0,0,0,0,0,0,1,2,0,0,0
1350,A1,3,13,0,1,0,0,0,0,0,0,0,0,0,0,1,2,0,0,0
1350,B0,0,1,6,2,0,0,0,0,0,0,0,0,0,0,1,1,1,8,1
1350,B1,2,1,1,2,0,0,0,0,0,0,0,0,0,0,1,1,20,124,28
1350,B2,2,0,1,6,0,0,0,0,0,0,0,0,0,0,1,1,2,8,2
1350,C1,14,3,1,0,0,0,0,0,0,0,0,0,0,0,1,2,0,0,0
1360,A1,2,12,0,1,0,0,0,0,0,0,0,0,0,1,0,2,0,0,0
1360,B0,0,1,4,2,0,0,0,0,0,0,0,0,0,1,0,1,1,8,1
1360,B1,1,1,2,2,0,0,0,0,0,0,0,0,0,1,0,1,20,124,28
1360,B2,1,0,1,4,0,0,0,0,0,0,0,0,0,1,0,1,2,8,2
1360,C1,15,4,2,0,0,0,0,0,0,0,0,0,0,1,0,2,0,0,0
1370,A1,4,10,0,1,0,0,0,0,0,0,0,0,0,1,0,2,0,0,0
1370,B0,0,1,7,2,0,0,0,0,0,0,0,0,0,1,0,1,1,8,1
1370,B1,3,1,1,3,0,0,0,0,0,0,0,0,0,1,0,1,20,124,28
1370,B2,1,0,2,5,0,0,0,0,0,0,0,0,0,1,0,1,2,8,2
1370,C1,16,1,2,0,0,0,0,0,0,0,0,0,0,1,0,2,0,0,0
1380,A1,1,10,0,2,0,0,0,0,0,0,0,0,0,0,1,2,0,0,0
1380,B0,0,1,8,4,0,0,0,0,0,0,0,0,0,0,1,1,1,8,1
1380,B1,1,2,1,3,0,0,0,0,0,0,0,0,0,0,1,1,20,124,28
1380,B2,2,0,3,7,0,0,0,0,0,0,0,0,0,0,1,1,2,8,2
1380,C1,15,1,2,0,0,0,0,0,0,0,0,0,0,0,1,2,0,0,0
1390,A1,3,9,0,1,0,0,0,0,0,0,0,0,0,0,1,2,0,0,0
1390,B0,0,1,8,2,0,0,0,0,0,0,0,0,0,0,1,1,1,8,1
1390,B1,1,1,3,4,0,0,0,0,0,0,0,0,0,0,1,1,20,124,28
1390,B2,1,0,1,9,0,0,0,0,0,0,0,0,0,0,1,1,2,8,2
1390,C1,16,2,1,0,0,0,0,0,0,0,0,0,0,0,1,2,0,0,0
1400,A1,3,10,0,1,0,0,0,0,0,0,0,0,0,0,1,2,0,0,0
1400,B0,0,1,6,1,0,0,0,0,0,0,0,0,0,0,1,1,1,8,1
1400,B1,1,1,4,4,0,0,0,0,0,0,0,0,0,0,1,1,20,124,28
1400,B2,2,0,1,5,0,0,0,0,0,0,0,0,0,0,1,1,2,8,2
1400,C1,18,3,1,0,0,0,0,0,0,0,0,0,0,0,1,2,0,0,0
1410,A1,2,12,0,2,0,0,0,0,0,0,0,0,0,1,0,2,0,0,0
1410,B0,0,1,6,3,0,0,1,0,0,0,0,0,0,1,0,2,2,24,1
1410,B1,2,1,4,3,0,0,0,0,0,1,0,0,0,1,0,1,20,124,28
1410,B2,1,0,2,5,0,0,0,0,0,0,0,0,0,1,0,1,2,8,2
1410,C1,19,5,2,0,0,0,0,0,0,0,0,0,0,1,0,2,0,0,0
1420,A1,1,12,0,2,0,0,0,0,0,0,0,0,0,1,0,2,0,0,0
1420,B0,0,1,9,1,0,0,0,0,0,0,0,0,0,1,0,1,2,39,2
1420,B1,1,1,4,3,0,0,0,0,0,0,0,0,0,1,0,1,20,124,28
1420,B2,1,0,3,6,0,0,0,0,0,0,0,0,0,1,0,1,2,8,2
1420,C1,16,1,2,0,0,0,0,0,0,0,0,0,0,1,0,2,0,0,0
1430,A1,1,11,0,1,0,0,0,0,0,0,0,0,0,0,1,2,0,0,0
1430,B0,0,3,10,2,0,0,0,0,0,0,0,0,0,0,1,1,2,39,2
1430,B1,1,2,2,3,0,0,0,0,0,0,0,0,0,0,1,1,20,124,28
1430,B2,1,0,1,6,0,0,0,0,0,0,0,0,0,0,1,1,2,8,2
1430,C1,16,1,2,0,0,0,0,0,0,0,0,0,0,0,1,2,0,0,0
1440,A1,3,14,0,1,0,0,0,0,0,0,0,0,0,0,1,2,0,0,0
1440,B0,0,4,10,1,0,0,0,0,0,0,0,0,0,0,1,1,2,39,2
1440,B1,1,2,1,7,0,0,0,0,0,0,0,0,0,0,1,1,20,124,28
1440,B2,1,0,3,6,0,0,0,0,0,0,0,0,0,0,1,1,2,8,2
1440,C1,16,2,1,0,0,0,0,0,0,0,0,0,0,0,1,2,0,0,0
1450,A1,4,14,0,1,0,0,0,0,0,0,0,0,0,1,0,2,0,0,0
1450,B0,0,4,9,1,0,0,0,0,0,0,0,0,0,1,0,1,2,39,2
1450,B1,1,3,1,5,0,0,2,0,0,0,0,0,0,1,0,2,21,128,28
1450,B2,2,0,2,5,0,0,0,0,0,1,0,0,0,1,0,1,2,8,2
1450,C1,16,4,3,0,0,0,0,0,0,0,0,0,0,1,0,2,0,0,0
1460,A1,1,15,0,1,0,0,0,0,0,0,0,0,0,1,0,2,0,0,0
1460,B0,0,1,11,1,0,0,0,0,0,0,0,0,0,1,0,1,2,39,2
1460,B1,1,1,1,5,0,0,0,0,0,0,0,0,0,1,0,1,21,132,30
1460,B2,2,0,4,7,0,0,0,0,0,0,0,0,0,1,0,1,2,8,2
1460,C1,16,1,6,0,0,0,0,0,0,0,0,0,0,1,0,2,0,0,0
1470,A1,1,13,0,1,0,0,0,0,0,0,0,0,0,1,0,2,0,0,0
1470,B0,0,1,12,3,0,0,0,0,0,0,0,0,0,1,0,1,2,39,2
1470,B1,1,1,1,5,0,0,0,0,0,0,0,0,0,1,0,1,21,132,30
1470,B2,2,0,4,7,0,0,0,0,0,0,0,0,0,1,0,1,2,8,2
1470,C1,15,1,5,0,0,0,0,0,0,0,0,0,0,1,0,2,0,0,0
1480,A1,2,14,0,1,0,0,0,0,0,0,0,0,0,0,1,2,0,0,0
1480,B0,0,1,12,5,0,0,0,0,0,0,0,0,0,0,1,1,2,39,2
1480,B1,1,1,1,3,0,0,0,0,0,0,0,0,0,0,1,1,21,132,30
1480,B2,2,0,1,8,0,0,0,0,0,0,0,0,0,0,1,1,2,8,2
1480,C1,15,1,3,0,0,0,0,0,0,0,0,0,0,0,1,2,0,0,0
1490,A1,1,13,0,1,0,0,0,0,0,0,0,0,0,0,1,2,0,0,0
1490,B0,0,1,10,1,0,0,0,0,0,0,0,0,0,0,1,1,2,39,2
1490,B1,1,1,2,1,0,0,0,0,0,0,0,0,0,0,1,1,21,132,30
1490,B2,2,0,1,7,0,0,0,0,0,0,0,0,0,0,1,1,2,8,2
1490,C1,15,2,1,0,0,0,0,0,0,0,0,0,0,0,1,2,0,0,0
1500,A1,3,13,0,2,0,0,0,0,0,0,0,0,0,1,0,2,0,0,0
1500,B0,0,2,10,1,0,0,0,0,0,0,0,0,0,1,0,1,2,39,2
1500,B1,3,2,2,1,0,0,0,0,0,0,0,0,0,1,0,2,21,132,30
1500,B2,1,0,2,7,0,0,0,0,0,0,0,0,0,1,0,1,2,8,2
1500,C1,15,1,1,0,0,0,0,0,0,0,0,0,0,1,0,2,0,0,0
1510,A1,1,13,0,3,0,0,0,0,0,0,0,0,0,1,0,2,0,0,0
1510,B0,0,2,10,2,0,0,0,0,0,0,0,0,0,1,0,1,2,39,2
1510,B1,5,1,2,2,0,0,0,0,0,0,0,0,0,1,0,2,21,132,30
1510,B2,1,0,3,7,0,0,0,0,0,0,0,0,0,1,0,1,2,8,2
1510,C1,14,1,1,0,0,0,0,0,0,0,0,0,0,1,0,2,0,0,0
1520,A1,1,11,0,2,0,0,0,0,0,0,0,0,1,0,1,2,0,0,0
1520,B0,0,1,11,3,0,0,0,0,0,0,0,0,0,0,1,1,2,39,2
1520,B1,6,1,3,2,0,0,0,1,0,0,0,0,0,0,1,1,22,138,30
1520,B2,1,0,5,7,0,0,0,0,0,0,0,0,0,0,1,1,2,8,2
1520,C1,12,1,1,0,0,0,0,0,0,0,0,0,0,0,1,2,1,5,1
1530,A1,1,13,0,2,0,0,0,0,0,0,0,0,0,0,1,2,0,0,0
1530,B0,0,1,12,2,0,0,0,0,0,0,0,0,0,0,1,1,2,39,2
1530,B1,4,1,3,1,0,0,0,0,0,0,0,0,0,0,1,2,22,140,32
1530,B2,1,0,1,8,0,0,0,0,0,0,0,0,0,0,1,1,2,8,2
1530,C1,12,3,2,0,0,0,0,0,0,0,0,0,0,0,1,2,1,5,1
1540,A1,3,13,0,1,0,0,0,0,0,0,0,0,0,0,1,2,0,0,0
1540,B0,0,2,10,2,0,0,0,0,0,0,0,0,0,0,1,1,2,39,2
1540,B1,4,2,1,1,0,0,0,0,0,0,0,0,0,0,1,2,22,140,32
1540,B2,1,0,1,8,0,0,0,0,0,0,0,0,0,0,1,1,2,8,2
1540,C1,13,4,1,0,0,0,0,0,0,0,0,0,0,0,1,2,1,5,1
1550,A1,2,14,0,1,0,0,0,0,0,0,0,0,0,1,0,2,0,0,0
1550,B0,0,1,10,2,0,0,0,0,0,0,0,0,0,1,0,1,2,39,2
1550,B1,3,3,2,1,0,0,0,0,0,0,0,0,0,1,0,2,22,140,32
1550,B2,1,0,4,9,0,0,0,0,0,0,0,0,0,1,0,1,2,8,2
1550,C1,12,1,1,0,0,0,0,0,0,0,0,0,0,1,0,2,1,5,1
1560,A1,1,13,0,3,0,0,0,0,0,0,0,0,0,1,0,2,0,0,0
1560,B0,0,2,10,2,0,0,0,0,0,0,0,0,0,1,0,1,2,39,2
1560,B1,2,3,2,1,0,0,0,0,0,0,0,0,0,1,0,2,22,140,32
1560,B2,1,0,2,13,0,0,0,0,0,0,0,0,0,1,0,1,2,8,2
1560,C1,12,1,1,0,0,0,0,0,0,0,0,0,0,1,0,2,1,5,1
1570,A1,1,12,0,3,0,0,0,0,0,0,0,0,0,0,1,2,0,0,0
1570,B0,0,2,11,4,0,0,0,0,0,0,0,0,0,0,1,1,2,39,2
1570,B1,2,2,1,2,0,0,0,0,0,0,0,0,0,0,1,2,22,140,32
1570,B2,2,0,3,11,0,0,0,0,0,0,0,0,0,0,1,1,2,8,2
1570,C1,11,3,1,0,0,0,0,0,0,0,0,0,0,0,1,2,1,5,1
1580,A1,2,13,0,2,0,0,0,0,0,0,0,0,0,0,1,2,0,0,0
1580,B0,0,2,7,2,0,0,0,0,0,0,0,0,0,0,1,1,2,39,2
1580,B1,2,2,1,2,0,0,0,0,0,0,0,0,0,0,1,2,22,140,32
1580,B2,4,0,1,10,0,0,0,0,0,0,0,0,0,0,1,1,2,8,2
1580,C1,12,2,1,0,0,0,0,0,0,0,0,0,0,0,1,2,1,5,1
1590,A1,2,13,0,3,0,0,0,0,0,0,0,0,0,1,0,2,0,0,0
1590,B0,0,2,6,1,0,0,0,0,0,0,0,0,0,1,0,1,2,39,2
1590,B1,1,2,1,2,0,0,0,0,0,0,0,0,0,1,0,1,22,140,32
1590,B2,4,0,3,9,0,0,0,0,0,0,0,0,0,1,0,1,2,8,2
1590,C1,12,4,2,0,0,0,0,0,0,0,0,0,0,1,0,2,1,5,1
1600,A1,3,11,0,3,0,0,0,0,0,0,0,0,0,1,0,2,0,0,0
1600,B0,0,1,7,1,0,0,0,0,0,0,0,0,0,1,0,1,2,39,2
1600,B1,2,2,1,2,0,0,0,0,0,0,0,0,0,1,0,2,22,140,32
1600,B2,1,0,1,9,0,0,0,0,0,0,0,0,0,1,0,1,2,8,2
1600,C1,13,2,4,0,0,0,0,0,0,0,0,0,0,1,0,2,1,5,1
1610,A1,1,8,0,3,0,0,0,0,0,0,0,0,1,0,1,2,0,0,0
1610,B0,0,1,7,2,0,0,0,0,0,0,0,0,0,0,1,1,2,39,2
1610,B1,2,2,2,3,0,0,0,1,0,0,0,0,0,0,1,1,23,142,32
1610,B2,1,0,2,10,0,0,0,0,0,0,0,0,0,0,1,1,2,8,2
1610,C1,12,1,4,0,0,0,0,0,0,0,0,0,0,0,1,2,1,5,1
1620,A1,1,9,0,1,0,0,0,0,0,0,0,0,0,0,1,2,0,0,0
1620,B0,0,1,7,1,0,0,0,0,0,0,0,0,0,0,1,1,2,39,2
1620,B1,2,2,2,2,0,0,0,0,0,0,0,0,0,0,1,1,23,142,33
1620,B2,1,0,1,11,0,0,0,0,0,0,0,0,0,0,1,1,2,8,2
1620,C1,14,2,1,0,0,0,0,0,0,0,0,0,0,0,1,2,1,5,1
1630,A1,2,10,0,1,0,0,0,0,0,0,0,0,0,0,1,2,0,0,0
1630,B0,0,1,5,1,0,0,0,0,0,0,0,0,0,0,1,1,2,39,2
1630,B1,2,2,2,1,0,0,0,0,0,0,0,0,0,0,1,2,23,142,33
1630,B2,2,0,2,9,0,0,0,0,0,0,0,0,0,0,1,1,2,8,2
1630,C1,14,2,1,0,0,0,0,0,0,0,0,0,0,0,1,2,1,5,1
1640,A1,2,9,0,4,0,0,0,0,0,0,0,0,0,1,0,2,0,0,0
1640,B0,0,1,5,1,0,0,0,0,0,0,0,0,0,1,0,1,2,39,2
1640,B1,2,3,3,1,0,0,0,0,0,0,0,0,0,1,0,2,23,142,33
1640,B2,2,0,4,8,0,0,0,0,0,0,0,0,0,1,0,1,2,8,2
1640,C1,15,1,1,0,0,0,0,0,0,0,0,0,0,1,0,2,1,5,1
1650,A1,1,9,0,4,0,0,0,0,0,0,0,0,0,1,0,2,0,0,0
1650,B0,0,1,7,1,0,0,0,0,0,0,0,0,0,1,0,1,2,39,2
1650,B1,2,2,3,1,0,0,0,0,0,0,0,0,0,1,0,1,23,142,33
1650,B2,4,0,5,8,0,0,0,0,0,0,0,0,0,1,0,1,2,8,2
1650,C1,15,2,2,0,0,0,0,0,0,0,0,0,0,1,0,2,1,5,1
1660,A1,1,8,0,5,0,0,0,0,0,0,0,0,0,0,1,2,0,0,0
1660,B0,0,1,7,4,0,0,0,0,0,0,0,0,0,0,1,1,2,39,2
1660,B1,2,2,3,2,0,0,0,0,0,0,0,0,0,0,1,1,23,142,33
1660,B2,5,0,4,9,0,0,0,0,0,0,0,0,0,0,1,1,2,8,2
1660,C1,14,1,2,0,0,0,0,0,0,0,0,0,0,0,1,2,1,5,1
1670,A1,2,8,0,2,0,0,0,0,0,0,0,0,0,0,1,2,0,0,0
1670,B0,0,1,7,1,0,0,0,0,0,0,0,0,0,0,1,1,2,39,2
1670,B1,2,1,3,1,0,0,0,0,0,0,0,0,0,0,1,1,23,142,33
1670,B2,4,0,1,10,0,0,0,0,0,0,0,0,0,0,1,1,2,8,2
1670,C1,15,1,3,0,0,0,0,0,0,0,0,0,0,0,1,2,1,5,1
1680,A1,2,11,0,1,0,0,0,0,0,0,0,0,0,1,0,2,0,0,0
1680,B0,0,2,5,1,0,0,0,0,0,0,0,0,0,1,0,1,2,39,2
1680,B1,2,1,2,1,0,0,0,0,0,0,0,0,0,1,0,1,23,142,33
1680,B2,5,0,3,10,0,0,0,0,0,0,0,0,0,1,0,1,2,8,2
1680,C1,15,2,3,0,0,0,0,0,0,0,0,0,0,1,0,2,1,5,1
1690,A1,1,11,0,2,0,0,0,0,0,0,0,0,0,1,0,2,0,0,0
1690,B0,0,1,8,1,0,0,0,0,0,0,0,0,0,1,0,1,2,39,2
1690,B1,1,3,2,1,0,0,0,0,0,0,0,0,0,1,0,2,23,142,33
1690,B2,3,0,3,10,0,0,0,0,0,0,0,0,0,1,0,1,2,8,2
1690,C1,15,2,3,0,0,0,0,0,0,0,0,0,0,1,0,2,1,5,1
1700,A1,1,10,0,3,0,0,0,0,0,0,0,0,0,1,0,2,0,0,0
1700,B0,0,2,10,3,0,0,0,0,0,0,0,0,0,1,0,1,2,39,2
1700,B1,1,1,2,1,0,0,0,0,0,0,0,0,0,1,0,1,23,142,33
1700,B2,1,0,3,9,0,0,0,0,0,0,0,0,0,1,0,1,2,8,2
1700,C1,14,1,3,0,0,0,0,0,0,0,0,0,0,1,0,2,1,5,1
1710,A1,1,10,0,1,0,0,0,0,0,0,0,0,0,0,1,2,0,0,0
1710,B0,0,3,9,2,0,0,0,0,0,0,0,0,0,0,1,1,2,39,2
1710,B1,2,1,1,3,0,0,0,0,0,0,0,0,0,0,1,1,24,146,34
1710,B2,2,0,4,9,0,0,0,0,0,0,0,0,0,0,1,1,2,8,2
1710,C1,14,3,1,0,0,0,0,0,0,0,0,0,0,0,1,2,1,5,1
1720,A1,4,12,0,1,0,0,0,0,0,0,0,0,0,0,1,2,0,0,0
1720,B0,0,3,8,3,0,0,0,0,0,0,0,0,0,0,1,1,2,39,2
1720,B1,2,1,1,2,0,0,0,0,0,0,0,0,0,0,1,1,24,146,34
1720,B2,3,0,2,8,0,0,0,0,0,0,0,0,0,0,1,1,2,8,2
1720,C1,15,6,1,0,0,0,0,0,0,0,0,0,0,0,1,2,1,5,1
1730,A1,3,10,0,1,0,0,0,0,0,0,0,0,0,1,0,2,0,0,0
1730,B0,0,1,7,1,0,0,0,0,0,0,0,0,0,1,0,1,2,39,2
1730,B1,2,1,1,1,0,0,0,0,0,0,0,0,0,1,0,2,24,146,34
1730,B2,1,0,3,7,0,0,0,0,0,0,0,0,0,1,0,1,2,8,2
1730,C1,15,5,2,0,0,0,0,0,0,0,0,0,0,1,0,2,1,5,1
1740,A1,1,8,0,1,0,0,0,0,0,0,0,0,0,1,0,2,0,0,0
1740,B0,0,1,9,1,0,0,0,0,0,0,0,0,0,1,0,1,2,39,2
1740,B1,1,2,1,1,0,0,0,0,0,0,0,0,0,1,0,2,24,146,34
1740,B2,1,0,3,8,0,0,0,0,0,0,0,0,0,1,0,1,2,8,2
1740,C1,15,1,3,0,0,0,0,0,0,0,0,0,0,1,0,2,1,5,1
1750,A1,1,7,0,1,0,0,0,0,0,0,0,0,0,0,1,2,0,0,0
1750,B0,0,1,9,2,0,0,0,0,0,0,0,0,0,0,1,1,2,39,2
1750,B1,1,2,1,1,0,0,0,0,0,0,0,0,0,0,1,2,24,146,34
1750,B2,1,0,4,8,0,0,0,0,0,0,0,0,0,0,1,1,2,8,2
1750,C1,14,1,4,0,0,0,0,0,0,0,0,0,0,0,1,2,1,5,1
1760,A1,1,6,0,1,0,0,0,0,0,0,0,0,0,0,1,2,0,0,0
1760,B0,0,3,9,2,0,0,0,0,0,0,0,0,0,0,1,1,2,39,2
1760,B1,1,3,5,1,0,0,0,0,0,0,0,0,0,0,1,1,24,146,34
1760,B2,1,0,2,8,0,0,0,0,0,0,0,0,0,0,1,1,2,8,2
1760,C1,15,3,1,0,0,0,0,0,0,0,0,0,0,0,1,2,1,5,1
1770,A1,1,9,0,2,0,0,0,0,0,0,0,0,0,0,1,2,0,0,0
1770,B0,0,1,8,1,0,0,0,0,0,0,0,0,0,0,1,1,2,39,2
1770,B1,1,3,4,2,0,0,0,0,0,0,0,0,0,0,1,1,24,146,34
1770,B2,1,0,1,7,0,0,0,0,0,0,0,0,0,0,1,1,2,8,2
1770,C1,16,4,1,0,0,0,0,0,0,0,0,0,0,0,1,2,1,5,1
1780,A1,3,8,0,2,0,0,0,0,0,0,0,0,0,1,0,2,0,0,0
1780,B0,0,1,9,2,0,0,0,0,0,0,0,0,0,1,0,1,2,39,2
1780,B1,2,1,3,2,0,0,0,0,0,0,0,0,0,1,0,1,24,146,34
1780,B2,1,0,2,7,0,0,0,0,0,0,0,0,0,1,0,1,2,8,2
1780,C1,15,1,1,0,0,0,0,0,0,0,0,0,0,1,0,2,1,5,1
1790,A1,3,8,0,2,0,0,0,0,0,0,0,0,0,1,0,2,0,0,0
1790,B0,0,1,11,4,0,0,0,0,0,0,0,0,0,1,0,1,2,39,2
1790,B1,2,2,3,2,0,0,0,0,0,0,0,0,0,1,0,1,24,146,34
1790,B2,1,0,2,8,0,0,0,0,0,0,0,0,0,1,0,1,2,8,2
1790,C1,13,1,3,0,0,0,0,0,0,0,0,0,0,1,0,2,1,5,1
1800,A1,1,8,0,1,0,0,0,0,0,0,0,0,0,0,1,2,0,0,0
1800,B0,0,3,9,4,0,0,0,0,0,0,0,0,0,0,1,1,2,39,2
1800,B1,1,2,1,4,0,0,0,0,0,0,0,0,0,0,1,1,25,154,36
1800,B2,2,0,1,7,0,0,0,0,0,0,0,0,0,0,1,1,2,8,2
1800,C1,12,2,1,0,0,0,0,0,0,0,0,0,0,0,1,2,1,5,1
1810,A1,3,9,0,1,0,0,0,0,0,0,0,0,0,0,1,2,0,0,0
1810,B0,0,3,9,1,0,0,0,0,0,0,0,0,0,0,1,1,2,39,2
1810,B1,1,2,2,1,0,0,0,0,0,0,0,0,0,0,1,1,25,154,36
1810,B2,2,0,2,5,0,0,0,0,0,0,0,0,0,0,1,1,2,8,2
1810,C1,12,2,1,0,0,0,0,0,0,0,0,0,0,0,1,2,1,5,1
1820,A1,2,11,0,2,0,0,0,0,0,0,0,0,0,1,0,2,0,0,0
1820,B0,0,2,8,1,0,0,0,0,0,0,0,0,0,1,0,1,2,39,2
1820,B1,1,2,2,2,0,0,0,0,0,0,0,0,0,1,0,1,25,154,36
1820,B2,2,0,1,4,0,0,0,0,0,0,0,0,0,1,0,1,2,8,2
1820,C1,14,2,2,0,0,0,0,0,0,0,0,0,0,1,0,2,1,5,1
1830,A1,1,11,0,2,0,0,0,0,0,0,0,0,0,1,0,2,0,0,0
1830,B0,0,1,10,1,0,0,0,0,0,0,0,0,0,1,0,1,2,39,2
1830,B1,1,3,2,2,0,0,0,0,0,0,0,0,0,1,0,1,25,154,36
1830,B2,1,0,2,4,0,0,0,0,0,0,0,0,0,1,0,1,2,8,2
1830,C1,11,1,3,0,0,0,0,0,0,0,0,0,0,1,0,2,1,5,1
1840,A1,1,10,0,2,0,0,0,0,0,0,0,0,0,0,1,2,0,0,0
1840,B0,0,1,12,2,0,0,0,0,0,0,0,0,0,0,1,1,2,39,2
1840,B1,2,3,2,3,0,0,0,0,0,0,0,0,0,0,1,1,25,154,36
1840,B2,1,0,1,5,0,0,0,0,0,0,0,0,0,0,1,1,2,8,2
1840,C1,9,1,4,0,0,0,0,0,0,0,0,0,0,0,1,2,1,5,1
1850,A1,2,10,0,2,0,0,0,0,0,0,0,0,0,0,1,2,0,0,0
1850,B0,0,4,10,3,0,0,0,0,0,0,0,0,0,0,1,1,2,39,2
1850,B1,2,3,1,2,0,0,0,0,0,0,0,0,0,0,1,2,25,154,36
1850,B2,2,0,2,3,0,0,0,0,0,0,0,0,0,0,1,1,2,8,2
1850,C1,9,1,1,0,0,0,0,0,0,0,0,0,0,0,1,2,1,5,1
1860,A1,3,10,0,1,0,0,0,0,0,0,0,0,0,0,1,2,0,0,0
1860,B0,0,4,5,1,0,0,0,0,0,0,0,0,0,0,1,1,2,39,2
1860,B1,2,4,2,2,0,0,0,0,0,0,0,0,0,0,1,2,25,154,36
1860,B2,2,0,3,1,0,0,0,0,0,0,0,0,0,0,1,1,2,8,2
1860,C1,10,2,1,0,0,0,0,0,0,0,0,0,0,0,1,2,1,5,1
1870,A1,4,10,0,1,0,0,0,0,0,0,0,0,0,1,0,2,0,0,0
1870,B0,0,4,6,1,0,0,0,0,0,0,0,0,0,1,0,1,2,39,2
1870,B1,1,4,2,2,0,0,0,0,0,0,0,0,0,1,0,2,25,154,36
1870,B2,3,0,1,1,0,0,0,0,0,0,0,0,0,1,0,2,2,8,2
1870,C1,10,1,1,0,0,0,0,0,0,0,0,0,0,1,0,2,1,5,1
1880,A1,3,11,0,1,0,0,0,0,0,0,0,0,0,1,0,2,0,0,0
1880,B0,0,1,7,2,0,0,0,0,0,0,0,0,0,1,0,1,2,39,2
1880,B1,1,5,2,2,0,0,0,0,0,0,0,0,0,1,0,2,25,154,36
1880,B2,1,0,3,1,0,0,0,0,0,0,0,0,0,1,0,1,2,8,2
1880,C1,9,2,1,0,0,0,0,0,0,0,0,0,0,1,0,2,1,5,1
1890,A1,2,11,0,1,0,0,0,0,0,0,0,0,0,0,1,2,0,0,0
1890,B0,0,3,6,2,0,0,0,0,0,0,0,0,0,0,1,1,2,39,2
1890,B1,2,3,1,2,0,0,0,0,0,0,0,0,0,0,1,2,26,162,38
1890,B2,2,0,3,3,0,0,0,0,0,0,0,0,0,0,1,1,2,8,2
1890,C1,8,2,1,0,0,0,0,0,0,0,0,0,0,0,1,2,1,5,1
1900,A1,4,11,0,1,0,0,0,0,0,0,0,0,0,0,1,2,0,0,0
1900,B0,0,1,6,2,0,0,0,0,0,0,0,0,0,0,1,1,2,39,2
1900,B1,3,3,1,1,0,0,0,0,0,0,0,0,0,0,1,2,26,162,38
1900,B2,4,0,1,3,0,0,0,0,0,0,0,0,0,0,1,1,2,8,2
1900,C1,10,1,1,0,0,0,0,0,0,0,0,0,0,0,1,2,1,5,1
1910,A1,4,14,0,2,0,0,0,0,0,0,0,0,0,1,0,2,0,0,0
1910,B0,0,3,4,2,0,0,0,0,0,0,0,0,0,1,0,1,2,39,2
1910,B1,2,5,1,1,0,0,0,0,0,0,0,0,0,1,0,2,26,162,38
1910,B2,4,0,1,1,0,0,0,0,0,0,0,0,0,1,0,2,2,8,2
1910,C1,11,1,1,0,0,0,0,0,0,0,0,0,0,1,0,2,1,5,1
1920,A1,1,13,0,2,0,0,0,0,0,0,0,0,0,1,0,2,0,0,0
1920,B0,0,2,6,2,0,0,0,0,0,0,0,0,0,1,0,1,2,39,2
1920,B1,2,4,1,1,0,0,0,0,0,0,0,0,0,1,0,2,26,162,38
1920,B2,2,0,1,2,0,0,0,0,0,0,0,0,0,1,0,1,2,8,2
1920,C1,8,1,1,0,0,0,0,0,0,0,0,0,0,1,0,2,1,5,1
1930,A1,1,11,0,2,0,0,0,0,0,0,0,0,0,1,0,2,0,0,0
1930,B0,0,1,8,4,0,0,0,0,0,0,0,0,0,1,0,1,2,39,2
1930,B1,3,2,2,1,0,0,0,0,0,0,0,0,0,1,0,2,26,162,38
1930,B2,3,0,3,2,0,0,0,0,0,0,0,0,0,1,0,1,2,8,2
1930,C1,3,1,2,0,0,0,0,0,0,0,0,0,0,1,0,2,1,5,1
1940,A1,3,11,0,1,0,0,0,0,0,0,0,0,0,0,1,2,0,0,0
1940,B0,0,3,8,1,0,0,0,0,0,0,0,0,0,0,1,1,2,39,2
1940,B1,3,1,3,2,0,0,0,0,0,0,0,0,0,0,1,1,26,162,38
1940,B2,5,0,1,2,0,0,0,0,0,0,0,0,0,0,1,2,2,8,2
1940,C1,4,1,2,0,0,0,0,0,0,0,0,0,0,0,1,2,1,5,1
1950,A1,3,12,0,1,0,0,0,0,0,0,0,0,0,0,1,2,0,0,0
1950,B0,0,2,5,1,0,0,0,0,0,0,0,0,0,0,1,1,2,39,2
1950,B1,4,1,3,3,0,0,0,0,0,0,0,0,0,0,1,1,26,162,38
1950,B2,5,0,3,2,0,0,0,0,0,0,0,0,0,0,1,1,2,8,2
1950,C1,5,2,1,0,0,0,0,0,0,0,0,0,0,0,1,2,1,5,1
1960,A1,3,12,0,1,0,0,0,0,0,0,0,0,0,1,0,2,0,0,0
1960,B0,0,2,5,1,0,0,0,0,0,0,0,0,0,1,0,1,2,39,2
1960,B1,2,1,2,3,0,0,0,0,0,0,0,0,0,1,0,1,27,167,41
1960,B2,3,0,3,2,0,0,0,0,0,0,0,0,0,1,0,1,2,8,2
1960,C1,7,2,2,0,0,0,0,0,0,0,0,0,0,1,0,2,1,5,1
1970,A1,1,12,0,2,0,0,0,0,0,0,0,0,0,1,0,2,0,0,0
1970,B0,0,3,6,2,0,0,0,0,0,0,0,0,0,1,0,1,2,39,2
1970,B1,1,2,2,3,0,0,0,0,0,0,0,0,0,1,0,1,27,167,41
1970,B2,1,0,5,4,0,0,0,0,0,0,0,0,0,1,0,1,2,8,2
1970,C1,5,2,3,0,0,0,0,0,0,0,0,0,0,1,0,2,1,5,1
1980,A1,2,9,0,2,0,0,0,0,0,0,0,0,0,0,1,2,0,0,0
1980,B0,0,3,5,1,0,0,0,0,0,0,0,0,0,0,1,1,2,39,2
1980,B1,1,1,2,3,0,0,0,0,0,0,0,0,0,0,1,1,27,167,41
1980,B2,2,0,2,6,0,0,0,0,0,0,0,0,0,0,1,1,2,8,2
1980,C1,4,3,4,0,0,0,0,0,0,0,0,0,0,0,1,2,1,5,1
1990,A1,3,11,0,1,0,0,0,0,0,0,0,0,0,0,1,2,0,0,0
1990,B0,0,3,1,1,0,0,0,0,0,0,0,0,0,0,1,2,2,39,2
1990,B1,1,1,6,2,0,0,0,0,0,0,0,0,0,0,1,1,27,167,41
1990,B2,2,0,1,4,0,0,0,0,0,0,0,0,0,0,1,1,2,8,2
1990,C1,4,1,1,0,0,0,0,0,0,0,0,0,0,0,1,2,1,5,1
2000,A1,4,10,0,1,0,0,0,0,0,0,0,0,0,0,1,2,0,0,0
2000,B0,0,4,1,1,0,0,0,0,0,0,0,0,0,0,1,2,2,39,2
2000,B1,1,3,4,1,0,0,0,0,0,0,0,0,0,0,1,1,27,167,41
2000,B2,2,0,1,2,0,0,0,0,0,0,0,0,0,0,1,1,2,8,2
2000,C1,8,2,1,0,0,0,0,0,0,0,0,0,0,0,1,2,1,5,1
2010,A1,1,11,0,4,0,0,0,0,0,0,0,0,0,1,0,2,0,0,0
2010,B0,0,2,3,4,0,0,0,0,0,0,0,0,0,1,0,1,2,39,2
2010,B1,1,4,4,1,0,0,0,0,0,0,0,0,0,1,0,1,27,167,41
2010,B2,1,0,2,3,0,0,0,0,0,0,0,0,0,1,0,1,2,8,2
2010,C1,8,2,1,0,0,0,0,0,0,0,0,0,0,1,0,2,1,5,1
2020,A1,1,10,0,4,0,0,0,0,0,0,0,0,0,1,0,2,0,0,0
2020,B0,0,1,3,3,0,0,0,0,0,0,0,0,0,1,0,1,2,39,2
2020,B1,1,3,4,1,0,0,0,0,0,0,0,0,0,1,0,1,27,167,41
2020,B2,1,0,2,4,0,0,0,0,0,0,0,0,0,1,0,1,2,8,2
2020,C1,6,2,1,0,0,0,0,0,0,0,0,0,0,1,0,2,1,5,1
2030,A1,1,8,0,3,0,0,0,0,0,0,0,0,0,0,1,2,0,0,0
2030,B0,0,3,3,2,0,0,0,0,0,0,0,0,0,0,1,1,2,39,2
2030,B1,1,2,5,2,0,0,0,0,0,0,0,0,0,0,1,1,27,167,41
2030,B2,3,0,3,6,0,0,0,0,0,0,0,0,0,0,1,1,2,8,2
2030,C1,5,2,1,0,0,0,0,0,0,0,0,0,0,0,1,2,1,5,1
2040,A1,3,10,0,1,0,0,0,0,0,0,0,0,0,0,1,2,0,0,0
2040,B0,0,3,3,1,0,0,0,0,0,0,0,0,0,0,1,1,2,39,2
2040,B1,1,2,5,4,0,0,0,0,0,0,0,0,0,0,1,1,27,167,41
2040,B2,4,0,1,4,0,0,0,0,0,0,0,0,0,0,1,1,2,8,2
2040,C1,8,4,1,0,0,0,0,0,0,0,0,0,0,0,1,2,1,5,1
2050,A1,2,11,0,2,0,0,0,0,0,0,0,0,0,1,0,2,0,0,0
2050,B0,0,2,2,1,0,0,0,0,0,0,1,0,0,1,0,1,2,39,2
2050,B1,1,1,4,3,0,1,0,0,0,0,0,0,0,1,0,2,28,175,41
2050,B2,3,0,1,3,0,0,0,0,0,0,0,0,0,1,0,1,2,8,2
2050,C1,9,2,1,0,0,0,0,0,0,0,0,0,0,1,0,2,2,8,3
2060,A1,1,11,0,2,0,0,0,0,0,0,0,0,0,1,0,2,0,0,0
2060,B0,0,1,3,1,0,0,0,0,0,0,0,0,0,1,0,1,2,39,2
2060,B1,3,5,4,3,0,0,0,0,0,0,0,0,0,1,0,1,28,175,42
2060,B2,1,0,1,4,0,0,0,0,0,0,0,0,0,1,0,1,2,8,2
2060,C1,8,2,4,0,0,0,0,0,0,0,0,0,0,1,0,2,2,8,3
2070,A1,1,8,0,2,0,0,0,0,0,0,0,0,0,0,1,2,0,0,0
2070,B0,0,1,8,1,0,0,0,0,0,0,0,0,0,0,1,1,2,39,2
2070,B1,3,5,4,4,0,0,0,0,0,0,0,0,0,0,1,1,28,175,42
2070,B2,2,0,3,6,0,0,0,0,0,0,0,0,0,0,1,1,2,8,2
2070,C1,7,2,6,0,0,0,0,0,0,0,0,0,0,0,1,2,2,8,3
2080,A1,2,10,0,1,0,0,0,0,0,0,0,0,0,0,1,2,0,0,0
2080,B0,0,1,6,1,0,0,0,0,0,0,0,0,0,0,1,1,2,39,2
2080,B1,3,1,2,5,0,0,0,0,0,0,0,0,0,0,1,1,28,175,42
2080,B2,2,0,2,8,0,0,0,0,0,0,0,0,0,0,1,1,2,8,2
2080,C1,9,2,3,0,0,0,0,0,0,0,0,0,0,0,1,2,2,8,3
2090,A1,3,9,0,1,0,0,0,0,0,0,0,0,0,0,1,2,0,0,0
2090,B0,0,1,5,1,0,0,0,0,0,0,0,0,0,0,1,1,2,39,2
2090,B1,3,1,1,4,0,0,0,0,0,0,0,0,0,0,1,1,28,175,42
2090,B2,2,0,1,4,0,0,0,0,0,0,0,0,0,0,1,1,2,8,2
2090,C1,8,5,1,0,0,0,0,0,0,0,0,0,0,0,1,2,2,8,3
2100,A1,2,10,0,1,0,0,0,0,0,0,0,0,0,1,0,2,0,0,0
2100,B0,0,2,5,1,0,0,0,0,0,0,0,0,0,1,0,1,2,39,2
2100,B1,1,3,1,3,0,0,0,0,0,0,0,0,0,1,0,1,28,175,42
2100,B2,3,0,2,5,0,0,0,0,0,0,0,0,0,1,0,1,2,8,2
2100,C1,9,1,2,0,0,0,0,0,0,0,0,0,0,1,0,2,3,11,5
2110,A1,2,12,0,1,0,0,0,0,0,0,0,0,0,1,0,2,0,0,0
2110,B0,0,1,8,1,0,0,0,0,0,0,0,0,0,1,0,1,2,39,2
2110,B1,2,1,1,3,0,0,0,0,0,0,0,0,0,1,0,1,28,175,42
2110,B2,1,0,3,5,0,0,0,0,0,0,0,0,0,1,0,1,2,8,2
2110,C1,9,2,3,0,0,0,0,0,0,0,0,0,0,1,0,2,3,11,5
2120,A1,1,11,0,2,0,0,0,0,0,0,0,0,0,0,1,2,0,0,0
2120,B0,0,2,8,2,0,0,0,0,0,0,0,0,0,0,1,1,2,39,2
2120,B1,1,2,1,3,0,0,0,0,0,0,0,0,0,0,1,1,28,175,42
2120,B2,2,0,1,4,0,0,0,0,0,0,0,0,0,0,1,1,2,8,2
2120,C1,8,1,3,0,0,0,0,0,0,0,0,0,0,0,1,2,3,11,5
2130,A1,2,13,0,1,0,0,0,0,0,0,0,0,0,0,1,2,0,0,0
2130,B0,0,3,7,3,0,0,0,0,0,0,0,0,0,0,1,1,2,39,2
2130,B1,1,2,1,3,0,0,0,0,0,0,0,0,0,0,1,1,28,175,42
2130,B2,2,0,1,1,0,0,0,0,0,0,0,0,0,0,1,1,2,8,2
2130,C1,9,2,1,0,0,0,0,0,0,0,0,0,0,0,1,2,3,11,5
2140,A1,3,15,0,2,0,0,0,0,0,0,0,0,0,1,0,2,0,0,0
2140,B0,0,3,6,3,0,0,0,0,0,0,0,0,0,1,0,1,2,39,2
2140,B1,1,2,1,2,0,0,0,0,0,0,0,0,0,1,0,1,28,175,42
2140,B2,2,0,1,2,0,0,0,0,0,0,0,0,0,1,0,1,2,8,2
2140,C1,9,1,1,0,0,0,0,0,0,0,0,0,0,1,0,2,3,11,5
2150,A1,2,13,0,3,0,0,0,0,0,0,0,0,0,1,0,2,0,0,0
2150,B0,0,1,9,3,0,0,0,0,0,0,0,0,0,1,0,1,2,39,2
2150,B1,2,3,1,2,0,0,0,0,0,0,0,0,0,1,0,2,28,175,42
2150,B2,1,0,1,3,0,0,0,0,0,0,0,0,0,1,0,1,2,8,2
2150,C1,8,1,2,0,0,0,0,0,0,0,0,0,0,1,0,2,3,11,5
2160,A1,1,13,0,3,0,0,0,0,0,0,0,0,0,1,0,2,0,0,0
2160,B0,0,1,12,3,0,0,0,0,0,0,0,0,0,1,0,1,2,39,2
2160,B1,1,4,1,2,0,0,0,0,0,0,0,0,0,1,0,2,28,175,42
2160,B2,2,0,2,4,0,0,0,0,0,0,0,0,0,1,0,1,2,8,2
2160,C1,7,1,3,0,0,0,0,0,0,0,0,0,0,1,0,2,3,11,5
2170,A1,3,14,0,1,0,0,0,0,0,0,0,0,0,0,1,2,0,0,0
2170,B0,0,2,11,4,0,0,0,0,0,0,0,0,0,0,1,1,2,39,2
2170,B1,2,4,2,1,0,0,0,0,0,0,0,0,0,0,1,2,29,179,43
2170,B2,2,0,2,3,0,0,0,0,0,0,0,0,0,0,1,1,2,8,2
2170,C1,8,1,1,0,0,0,0,0,0,0,0,0,0,0,1,2,3,11,5
2180,A1,4,15,0,1,0,0,0,0,0,0,0,0,0,0,1,2,0,0,0
2180,B0,0,3,11,4,0,0,0,0,0,0,0,0,0,0,1,1,2,39,2
2180,B1,2,4,2,2,0,0,0,0,0,0,0,0,0,0,1,2,29,179,43
2180,B2,2,0,2,2,0,0,0,0,0,0,0,0,0,0,1,1,2,8,2
2180,C1,10,2,1,0,0,0,0,0,0,0,0,0,0,0,1,2,3,11,5
2190,A1,2,15,0,2,0,0,0,0,0,0,0,0,0,1,0,2,0,0,0
2190,B0,0,3,11,1,0,0,0,0,0,0,0,0,0,1,0,1,2,39,2
2190,B1,1,3,1,3,0,0,0,0,0,0,0,0,0,1,0,1,29,179,43
2190,B2,2,0,1,1,0,0,0,0,0,0,0,0,0,1,0,1,2,8,2
2190,C1,9,1,1,0,0,0,0,0,0,0,0,0,0,1,0,2,3,11,5
2200,A1,2,13,0,2,0,0,0,0,0,0,0,0,0,1,0,2,0,0,0
2200,B0,0,2,11,2,0,0,0,0,0,0,0,0,0,1,0,1,2,39,2
2200,B1,2,3,1,3,0,0,0,0,0,0,0,0,0,1,0,2,29,179,43
2200,B2,1,0,1,2,0,0,0,0,0,0,0,0,0,1,0,1,2,8,2
2200,C1,9,2,2,0,0,0,0,0,0,0,0,0,0,1,0,2,3,11,5
2210,A1,2,11,0,1,0,0,0,0,0,0,0,0,0,0,1,2,0,0,0
2210,B0,0,2,11,3,0,0,0,0,0,0,0,0,0,0,1,1,2,39,2
2210,B1,2,2,2,2,0,0,0,0,0,0,0,0,0,0,1,1,29,179,43
2210,B2,2,0,1,3,0,0,0,0,0,0,0,0,0,0,1,1,2,8,2
2210,C1,8,3,1,0,0,0,0,0,0,0,0,0,0,0,1,2,3,11,5
2220,A1,3,13,0,1,0,0,0,0,0,0,0,0,0,0,1,2,0,0,0
2220,B0,0,4,13,1,0,0,0,0,0,0,0,0,0,0,1,1,2,39,2
2220,B1,2,2,1,1,0,0,0,0,0,0,0,0,0,0,1,2,29,179,43
2220,B2,3,0,1,2,0,0,0,0,0,0,0,0,0,0,1,1,2,8,2
2220,C1,9,2,1,0,0,0,0,0,0,0,0,0,0,0,1,2,3,11,5
2230,A1,3,13,0,2,0,0,0,0,0,0,0,0,0,0,1,2,0,0,0
2230,B0,0,4,11,1,0,0,0,0,0,0,0,0,0,0,1,1,2,39,2
2230,B1,2,2,2,1,0,0,0,0,0,0,0,0,0,0,1,2,29,179,43
2230,B2,4,0,2,2,0,0,0,0,0,0,0,0,0,0,1,1,2,8,2
2230,C1,9,3,2,0,0,0,0,0,0,0,0,0,0,0,1,2,3,11,5
2240,A1,2,12,0,2,0,0,0,0,0,0,0,0,0,1,0,2,0,0,0
2240,B0,0,2,12,2,0,0,0,0,0,0,0,0,0,1,0,1,2,39,2
2240,B1,1,1,3,1,0,0,0,0,0,0,0,0,0,1,0,1,29,179,43
2240,B2,1,0,3,1,0,0,0,0,0,0,0,0,0,1,0,1,2,8,2
2240,C1,8,1,3,0,0,0,0,0,0,0,0,0,0,1,0,2,3,11,5
2250,A1,3,13,0,3,0,0,0,0,0,0,0,0,0,1,0,2,0,0,0
2250,B0,0,2,15,2,0,0,0,0,0,0,0,0,0,1,0,1,2,39,2
2250,B1,1,2,3,1,0,0,0,0,0,0,0,0,0,1,0,1,29,179,43
2250,B2,1,0,3,3,0,0,0,0,0,0,0,0,0,1,0,1,2,8,2
2250,C1,6,2,4,0,0,0,0,0,0,0,0,0,0,1,0,2,3,11,5
2260,A1,5,13,0,1,0,0,0,0,0,0,0,0,0,0,1,2,0,0,0
2260,B0,0,3,14,1,0,0,0,0,0,0,0,0,0,0,1,1,2,39,2
2260,B1,1,2,2,1,0,0,0,0,0,0,0,0,0,0,1,1,29,179,43
2260,B2,2,0,2,3,0,0,0,0,0,0,0,0,0,0,1,1,2,8,2
2260,C1,6,1,4,0,0,0,0,0,0,0,0,0,0,0,1,2,3,11,5
2270,A1,3,15,0,1,0,0,0,0,0,0,0,0,0,0,1,2,0,0,0
2270,B0,0,3,13,2,0,0,0,0,0,0,0,0,0,0,1,1,2,39,2
2270,B1,1,2,1,3,0,0,0,0,0,0,0,0,0,0,1,1,29,179,43
2270,B2,2,0,1,1,0,0,0,0,0,0,0,0,0,0,1,1,2,8,2
2270,C1,8,2,1,0,0,0,0,0,0,0,0,0,0,0,1,2,3,11,5
2280,A1,4,15,0,1,0,0,0,0,0,0,0,0,0,1,0,2,0,0,0
2280,B0,0,3,12,3,0,0,0,0,0,0,0,0,0,1,0,1,2,39,2
2280,B1,1,1,1,2,0,0,0,0,0,0,0,0,0,1,0,1,29,179,43
2280,B2,1,0,1,1,0,0,0,0,0,0,0,0,0,1,0,1,2,8,2
2280,C1,8,2,1,0,0,0,0,0,0,0,0,0,0,1,0,2,3,11,5
2290,A1,2,16,0,1,0,0,0,0,0,0,0,0,0,1,0,2,0,0,0
2290,B0,0,1,13,1,0,0,0,0,0,0,0,0,0,1,0,1,2,39,2
2290,B1,1,4,1,2,0,0,0,0,0,0,0,0,0,1,0,2,29,179,43
2290,B2,1,0,1,1,0,0,0,0,0,0,0,0,0,1,0,1,2,8,2
2290,C1,9,1,2,0,0,0,0,0,0,0,0,0,0,1,0,2,3,11,5
2300,A1,1,15,0,1,0,0,0,0,0,0,0,0,1,0,1,2,0,0,0
2300,B0,0,1,14,1,0,0,0,0,0,0,0,0,0,0,1,1,2,39,2
2300,B1,1,1,3,2,0,0,0,1,0,0,0,0,0,0,1,1,30,181,43
2300,B2,3,0,3,4,0,0,0,0,0,0,0,0,0,0,1,1,2,8,2
2300,C1,7,1,3,0,0,0,0,0,0,0,0,0,0,0,1,2,3,11,5
2310,A1,1,16,0,3,0,0,0,0,0,0,0,0,0,0,1,2,0,0,0
2310,B0,0,1,13,3,0,0,0,0,0,0,0,0,0,0,1,1,2,39,2
2310,B1,1,1,2,1,0,0,0,0,0,0,0,0,0,0,1,1,30,181,44
2310,B2,4,0,1,3,0,0,0,0,0,0,0,0,0,0,1,1,2,8,2
2310,C1,8,1,1,0,0,0,0,0,0,0,0,0,0,0,1,2,3,11,5
2320,A1,4,19,0,1,0,0,0,0,0,0,0,0,0,0,1,2,0,0,0
2320,B0,0,1,9,2,0,0,0,0,0,0,0,0,0,0,1,1,2,39,2
2320,B1,1,1,4,1,0,0,0,0,0,0,0,0,0,0,1,1,30,181,44
2320,B2,6,0,1,2,0,0,0,0,0,0,0,0,0,0,1,2,2,8,2
2320,C1,9,1,2,0,0,0,0,0,0,0,0,0,0,0,1,2,3,11,5
2330,A1,1,18,0,3,0,0,0,0,0,0,0,0,0,1,0,2,0,0,0
2330,B0,0,2,9,2,0,0,0,0,0,0,0,0,0,1,0,1,2,39,2
2330,B1,2,2,4,2,0,0,0,0,0,0,0,0,0,1,0,1,30,181,44
2330,B2,3,0,2,4,0,0,0,0,0,0,0,0,0,1,0,1,2,8,2
2330,C1,8,3,2,0,0,0,0,0,0,0,0,0,0,1,0,2,3,11,5
2340,A1,6,18,0,3,0,0,0,0,0,0,0,0,0,1,0,2,0,0,0
2340,B0,0,1,11,3,0,0,0,0,0,0,0,0,0,1,0,1,2,39,2
2340,B1,3,2,4,2,0,0,0,0,0,0,0,0,0,1,0,1,30,181,44
2340,B2,1,0,4,5,0,0,0,0,0,0,0,0,0,1,0,1,2,8,2
2340,C1,5,1,2,0,0,0,0,0,0,0,0,0,0,1,0,2,3,11,5
2350,A1,5,18,0,2,0,0,0,0,0,0,0,0,0,0,1,2,0,0,0
2350,B0,0,1,11,2,0,0,0,0,0,0,0,0,0,0,1,1,2,39,2
2350,B1,3,2,4,2,0,0,0,0,0,0,0,0,0,0,1,1,30,181,44
2350,B2,1,0,4,3,0,0,0,0,0,0,0,0,0,0,1,1,2,8,2
2350,C1,5,2,1,0,0,0,0,0,0,0,0,0,0,0,1,2,3,11,5
2360,A1,7,19,0,1,0,0,0,0,0,0,0,0,0,0,1,2,0,0,0
2360,B0,0,2,11,2,0,0,0,0,0,0,0,0,0,0,1,1,2,39,2
2360,B1,3,2,4,4,0,0,0,0,0,0,0,0,0,0,1,1,30,181,44
2360,B2,1,0,1,1,0,0,0,0,0,0,0,0,0,0,1,1,2,8,2
2360,C1,6,1,1,0,0,0,0,0,0,0,0,0,0,0,1,2,3,11,5
2370,A1,7,20,0,1,0,4,0,0,0,0,0,0,0,1,0,2,1,4,0
2370,B0,0,3,10,2,0,0,0,0,0,0,0,0,0,1,0,1,2,39,2
2370,B1,3,1,3,4,0,0,0,0,0,0,0,0,0,1,0,1,31,184,46
2370,B2,4,0,2,1,0,0,0,0,0,0,0,0,0,1,0,2,2,8,2
2370,C1,7,1,2,0,0,0,0,0,0,0,0,0,0,1,0,2,3,11,5
2380,A1,1,18,0,2,0,0,0,0,0,0,0,0,0,1,0,2,1,5,5
2380,B0,0,1,11,2,0,0,0,0,0,0,0,0,0,1,0,1,2,39,2
2380,B1,3,1,3,4,0,0,0,0,0,0,0,0,0,1,0,1,31,184,46
2380,B2,2,0,1,2,0,0,0,0,0,0,0,0,0,1,0,1,2,8,2
2380,C1,7,1,2,0,0,0,0,0,0,0,0,0,0,1,0,2,3,11,5
2390,A1,1,18,0,2,0,0,0,0,0,0,0,0,0,1,0,2,1,5,5
2390,B0,0,1,13,3,0,0,0,0,0,0,0,0,0,1,0,1,2,39,2
2390,B1,1,1,4,4,0,0,0,0,0,0,0,0,0,1,0,1,31,184,46
2390,B2,1,0,3,2,0,0,0,0,0,0,0,0,0,1,0,1,2,8,2
2390,C1,3,1,2,0,0,0,0,0,0,0,0,0,0,1,0,2,3,11,5
2400,A1,1,20,0,1,0,0,0,0,0,0,0,0,0,0,1,2,1,5,5
2400,B0,0,1,13,1,0,0,0,0,0,0,0,0,0,0,1,1,2,39,2
2400,B1,2,1,6,2,0,0,0,0,0,0,0,0,0,0,1,1,31,184,46
2400,B2,3,0,2,3,0,0,0,0,0,0,0,0,0,0,1,1,2,8,2
2400,C1,3,1,2,0,0,0,0,0,0,0,0,0,0,0,1,2,3,11,5
2410,A1,3,20,0,1,0,0,0,0,0,0,0,0,0,0,1,2,1,5,5
2410,B0,0,2,9,1,0,0,0,0,0,0,0,0,0,0,1,1,2,39,2
2410,B1,2,1,5,4,0,0,0,0,0,0,0,0,0,0,1,1,31,184,46
2410,B2,4,0,2,3,0,0,0,0,0,0,0,0,0,0,1,1,2,8,2
2410,C1,5,2,1,0,0,0,0,0,0,0,0,0,0,0,1,2,3,11,5
2420,A1,2,20,0,3,0,0,0,0,0,0,0,0,0,1,0,2,1,5,5
2420,B0,0,1,8,1,0,0,0,0,0,0,0,0,0,1,0,1,2,39,2
2420,B1,1,1,4,3,0,0,0,0,0,0,0,0,0,1,0,1,32,188,47
2420,B2,2,0,3,3,0,0,0,0,0,0,0,0,0,1,0,1,2,8,2
2420,C1,5,2,2,0,0,0,0,0,0,0,0,0,0,1,0,2,3,11,5
2430,A1,3,18,0,3,0,0,0,0,0,0,0,0,0,1,0,2,1,5,5
2430,B0,0,1,8,1,0,0,0,0,0,0,0,0,0,1,0,1,2,39,2
2430,B1,2,1,4,3,0,0,0,0,0,0,0,0,0,1,0,1,32,188,47
2430,B2,2,0,1,4,0,0,0,0,0,0,0,0,0,1,0,1,2,8,2
2430,C1,7,1,3,0,0,0,0,0,0,0,0,0,0,1,0,2,3,11,5
2440,A1,1,17,0,2,0,0,0,0,0,0,0,0,0,0,1,2,1,5,5
2440,B0,0,2,8,1,0,0,0,0,0,0,0,0,0,0,1,1,2,39,2
2440,B1,1,1,4,3,0,0,0,0,0,0,0,0,0,0,1,1,32,188,47
2440,B2,1,0,1,4,0,0,0,0,0,0,0,0,0,0,1,1,2,8,2
2440,C1,6,1,2,0,0,0,0,0,0,0,0,0,0,0,1,2,3,11,5
2450,A1,2,17,0,1,0,0,0,0,0,0,0,0,0,0,1,2,1,5,5
2450,B0,0,2,7,2,0,0,0,0,0,0,0,0,0,0,1,1,2,39,2
2450,B1,2,1,2,3,0,0,0,0,0,0,0,0,0,0,1,1,32,188,47
2450,B2,2,0,3,4,0,0,0,0,0,0,0,0,0,0,1,1,2,8,2
2450,C1,6,1,1,0,0,0,0,0,0,0,0,0,0,0,1,2,3,11,5
2460,A1,4,18,0,1,0,0,0,0,0,0,0,0,0,0,1,2,1,5,5
2460,B0,0,2,3,1,0,0,0,0,0,0,0,0,0,0,1,1,2,39,2
2460,B1,2,1,3,2,0,0,0,0,0,0,0,0,0,0,1,1,32,188,47
2460,B2,2,0,1,3,0,0,0,0,0,0,0,0,0,0,1,1,2,8,2
2460,C1,8,3,1,0,0,0,0,0,0,0,0,0,0,0,1,2,3,11,5
2470,A1,3,19,0,1,0,0,0,0,0,0,0,0,0,1,0,2,1,5,5
2470,B0,0,2,4,1,0,0,0,0,0,0,0,0,0,1,0,1,2,39,2
2470,B1,2,2,3,2,0,0,0,0,0,0,0,0,0,1,0,1,32,188,47
2470,B2,3,0,3,3,0,0,0,0,0,0,0,0,0,1,0,1,2,8,2
2470,C1,9,2,2,0,0,0,0,0,0,0,0,0,0,1,0,2,3,11,5
2480,A1,1,18,0,1,0,0,0,0,0,0,0,0,0,1,0,2,1,5,5
2480,B0,0,2,6,2,0,0,0,0,0,0,0,0,0,1,0,1,2,39,2
2480,B1,2,2,3,2,0,0,0,0,0,0,0,0,0,1,0,1,32,188,47
2480,B2,2,0,3,3,0,0,0,0,0,0,0,0,0,1,0,1,2,8,2
2480,C1,10,2,2,0,0,0,0,0,0,0,0,0,0,1,0,2,3,11,5
2490,A1,2,19,0,1,0,0,0,0,0,0,0,0,0,0,1,2,1,5,5
2490,B0,0,2,6,6,0,0,0,0,0,0,0,0,0,0,1,1,2,39,2
2490,B1,3,1,2,2,0,0,0,0,0,0,0,0,0,0,1,1,32,188,47
2490,B2,3,0,2,3,0,0,0,0,0,0,0,0,0,0,1,1,2,8,2
2490,C1,10,2,1,0,0,0,0,0,0,0,0,0,0,0,1,2,3,11,5
2500,A1,1,20,0,1,0,0,0,0,0,0,0,0,0,0,1,2,1,5,5
2500,B0,0,2,4,1,0,0,0,0,0,0,0,0,0,0,1,1,2,39,2
2500,B1,3,1,2,1,0,0,0,0,0,0,0,0,0,0,1,2,32,188,47
2500,B2,3,0,4,1,0,0,0,0,0,0,0,0,0,0,1,1,2,8,2
2500,C1,12,3,2,0,0,0,0,0,0,0,0,0,0,0,1,2,3,11,5
2510,A1,1,20,0,2,0,0,0,0,0,0,0,0,0,1,0,2,1,5,5
2510,B0,0,2,3,2,0,0,0,0,0,0,0,0,0,1,0,1,2,39,2
2510,B1,2,3,1,1,0,0,0,0,0,0,0,0,0,1,0,2,32,188,47
2510,B2,3,0,1,1,0,0,0,0,0,0,0,0,0,1,0,2,2,8,2
2510,C1,13,5,4,0,0,0,0,0,0,0,0,0,0,1,0,2,3,11,5
2520,A1,1,17,0,3,0,0,0,0,0,0,0,0,0,1,0,2,1,5,5
2520,B0,0,2,3,2,0,0,0,0,0,0,0,0,0,1,0,1,2,39,2
2520,B1,3,3,1,1,0,0,0,0,0,0,0,0,0,1,0,2,32,188,47
2520,B2,1,0,1,1,0,0,0,0,0,0,0,0,0,1,0,1,2,8,2
2520,C1,14,1,3,0,0,0,0,0,0,0,0,0,0,1,0,2,3,11,5
2530,A1,1,16,0,4,0,0,0,0,0,0,0,0,0,0,1,2,1,5,5
2530,B0,0,2,4,5,0,0,0,0,0,0,0,0,0,0,1,1,2,39,2
2530,B1,4,4,1,2,0,0,0,0,1,0,0,0,0,0,1,1,33,190,47
2530,B2,1,0,3,3,0,0,0,0,0,0,0,0,0,0,1,1,2,8,2
2530,C1,14,1,3,0,0,0,0,0,0,0,0,1,0,0,1,2,3,11,5
2540,A1,2,16,0,1,0,0,0,0,0,0,0,0,0,0,1,2,1,5,5
2540,B0,0,2,4,3,0,0,0,0,0,0,0,0,0,0,1,1,2,39,2
2540,B1,4,1,1,2,0,0,0,0,0,0,0,0,0,0,1,2,33,190,48
2540,B2,3,0,2,2,0,0,0,0,0,0,0,0,0,0,1,1,2,8,2
2540,C1,14,3,1,0,0,0,0,0,0,0,0,0,0,0,1,2,3,11,5
2550,A1,1,16,0,1,0,0,0,0,0,0,0,0,0,0,1,2,1,5,5
2550,B0,0,2,3,2,0,0,0,0,0,0,0,0,0,0,1,1,2,39,2
2550,B1,4,2,1,1,0,0,0,0,0,0,0,0,0,0,1,2,33,190,48
2550,B2,4,0,1,3,0,0,0,0,0,0,0,0,0,0,1,1,2,8,2
2550,C1,15,3,1,0,0,0,0,0,0,0,0,0,0,0,1,2,3,11,5
2560,A1,1,16,0,1,0,0,0,0,0,0,0,0,0,1,0,2,1,5,5
2560,B0,0,2,4,2,0,0,0,0,0,0,0,0,0,1,0,1,2,39,2
2560,B1,3,1,2,1,0,0,0,0,0,0,0,0,0,1,0,2,33,190,48
2560,B2,1,0,2,3,0,0,0,0,0,0,0,0,0,1,0,1,2,8,2
2560,C1,15,1,1,0,0,0,0,0,0,0,0,0,0,1,0,2,3,11,5
2570,A1,1,13,0,2,0,0,0,0,0,0,0,0,0,1,0,2,1,5,5
2570,B0,0,1,3,3,0,0,0,0,0,0,0,0,0,1,0,1,2,39,2
2570,B1,1,3,2,1,0,0,0,0,0,0,0,0,0,1,0,2,33,190,48
2570,B2,2,0,1,6,0,0,0,0,0,0,0,0,0,1,0,1,2,8,2
2570,C1,14,1,1,0,0,0,0,0,0,0,0,0,0,1,0,2,3,11,5
2580,A1,2,11,0,2,0,0,0,0,0,0,0,0,0,0,1,2,1,5,5
2580,B0,0,1,3,3,0,0,0,0,0,0,0,0,0,0,1,1,2,39,2
2580,B1,1,2,2,1,0,0,0,0,0,0,0,0,0,0,1,1,33,190,48
2580,B2,3,0,1,3,0,0,0,0,0,0,0,0,0,0,1,1,2,8,2
2580,C1,13,1,2,0,0,0,0,0,0,0,0,0,0,0,1,2,3,11,5
2590,A1,3,13,0,3,0,0,0,0,0,0,0,0,0,0,1,2,1,5,5
2590,B0,0,2,5,4,0,0,0,0,0,0,0,0,0,0,1,1,2,39,2
2590,B1,1,2,2,2,0,0,0,0,0,0,0,0,0,0,1,1,33,190,48
2590,B2,4,0,1,1,0,0,0,0,0,0,0,0,0,0,1,2,2,8,2
2590,C1,13,3,2,0,0,0,0,0,0,0,0,0,0,0,1,2,3,11,5
2600,A1,4,13,0,2,0,0,0,0,0,0,0,0,0,1,0,2,1,5,5
2600,B0,0,2,4,1,0,0,1,0,0,0,1,0,0,1,0,2,3,42,2
2600,B1,1,2,1,1,0,1,0,0,0,1,0,0,0,1,0,2,34,194,48
2600,B2,4,0,2,1,0,0,0,0,0,0,0,0,0,1,0,2,2,8,2
2600,C1,14,3,2,0,0,0,0,0,0,0,0,0,0,1,0,2,3,11,5
2610,A1,3,13,0,3,0,0,0,0,0,0,0,0,0,1,0,2,1,5,5
2610,B0,0,1,4,4,0,0,0,0,0,0,0,0,0,1,0,1,3,45,3
2610,B1,1,1,1,1,0,0,0,0,0,0,0,0,0,1,0,1,34,195,49
2610,B2,1,0,1,2,0,0,0,0,0,0,0,0,0,1,0,1,2,8,2
2610,C1,14,1,6,0,0,0,0,0,0,0,0,0,0,1,0,2,3,11,5
2620,A1,2,12,0,2,0,0,0,0,0,0,0,0,0,1,0,2,1,5,5
2620,B0,0,1,4,5,0,0,0,0,0,0,0,0,0,1,0,1,3,45,3
2620,B1,3,1,1,1,0,0,0,0,0,0,0,0,0,1,0,2,34,195,49
2620,B2,1,0,1,5,0,0,0,0,0,0,0,0,0,1,0,1,2,8,2
2620,C1,13,3,7,0,0,0,0,0,0,0,0,0,0,1,0,2,3,11,5
2630,A1,1,13,0,1,0,0,0,0,0,0,0,0,0,0,1,2,1,5,5
2630,B0,0,2,4,3,0,0,0,0,0,0,0,0,0,0,1,1,3,45,3
2630,B1,2,1,1,1,0,0,0,0,0,0,0,0,0,0,1,2,34,195,49
2630,B2,1,0,1,3,0,0,0,0,0,0,0,0,0,0,1,1,2,8,2
2630,C1,14,3,4,0,0,0,0,0,0,0,0,0,0,0,1,2,3,11,5
2640,A1,5,15,0,1,0,0,0,0,0,0,0,0,0,0,1,2,1,5,5
2640,B0,0,2,4,2,0,0,0,0,0,0,0,0,0,0,1,1,3,45,3
2640,B1,2,1,2,2,0,0,0,0,0,0,0,0,0,0,1,1,34,195,49
2640,B2,2,0,1,1,0,0,0,0,0,0,0,0,0,0,1,1,2,8,2
2640,C1,14,5,1,0,0,0,0,0,0,0,0,0,0,0,1,2,3,11,5
2650,A1,3,17,0,1,0,0,0,0,0,0,0,0,0,1,0,2,1,5,5
2650,B0,0,1,3,1,0,0,0,0,0,0,0,0,0,1,0,1,3,45,3
2650,B1,3,1,2,1,0,0,0,0,0,0,0,0,0,1,0,2,34,195,49
2650,B2,1,0,1,1,0,0,0,0,0,0,0,0,0,1,0,1,2,8,2
2650,C1,15,3,1,0,0,0,0,0,0,0,0,0,0,1,0,2,3,11,5
2660,A1,2,17,0,2,0,0,0,0,0,0,0,0,0,1,0,2,1,5,5
2660,B0,0,1,4,3,0,0,0,0,0,0,0,0,0,1,0,1,3,45,3
2660,B1,1,2,2,1,0,0,0,0,0,0,0,0,0,1,0,1,34,195,49
2660,B2,1,0,1,4,0,0,0,0,0,0,0,0,0,1,0,1,2,8,2
2660,C1,16,4,1,0,0,0,0,0,0,0,0,0,0,1,0,2,3,11,5
2670,A1,1,16,0,2,0,0,0,0,0,0,0,0,0,0,1,2,1,5,5
2670,B0,0,1,5,3,0,0,0,0,0,0,0,0,0,0,1,1,3,45,3
2670,B1,1,2,2,1,0,0,0,0,0,0,0,0,0,0,1,1,34,195,49
2670,B2,1,0,4,6,0,0,0,0,0,0,0,0,0,0,1,1,2,8,2
2670,C1,14,1,1,0,0,0,0,0,0,0,0,0,0,0,1,2,3,11,5
2680,A1,1,19,0,2,0,0,0,0,0,0,0,0,0,0,1,2,1,5,5
2680,B0,0,1,5,1,0,0,0,0,0,0,0,0,0,0,1,1,3,45,3
2680,B1,1,2,3,1,0,0,0,0,0,0,0,0,0,0,1,1,34,195,49
2680,B2,1,0,1,5,0,0,0,0,0,0,0,0,0,0,1,1,2,8,2
2680,C1,14,2,1,0,0,0,0,0,0,0,0,0,0,0,1,2,3,11,5
2690,A1,3,17,0,2,0,0,0,0,0,0,0,0,0,0,1,2,1,5,5
2690,B0,0,1,3,1,0,0,0,0,0,0,0,0,0,0,1,1,3,45,3
2690,B1,1,3,1,2,0,0,0,0,0,0,0,0,0,0,1,2,34,195,49
2690,B2,1,0,2,5,0,0,0,0,0,0,0,0,0,0,1,1,2,8,2
2690,C1,15,3,1,0,0,0,0,0,0,0,0,0,0,0,1,2,3,11,5
2700,A1,3,16,0,4,0,0,0,0,0,0,0,0,0,1,0,2,1,5,5
2700,B0,0,1,3,1,0,0,1,0,0,0,0,0,0,1,0,2,4,65,3
2700,B1,3,1,1,2,0,0,0,0,0,1,0,0,0,1,0,1,34,195,49
2700,B2,1,0,1,7,0,0,0,0,0,0,0,0,0,1,0,1,2,8,2
2700,C1,15,1,1,0,0,0,0,0,0,0,0,0,0,1,0,2,3,11,5
2710,A1,1,16,0,4,0,0,0,0,0,0,0,0,0,1,0,2,1,5,5
2710,B0,0,1,7,3,0,0,1,0,0,0,0,0,0,1,0,2,4,85,3
2710,B1,1,1,1,2,0,0,0,0,0,1,0,0,0,1,0,1,34,195,49
2710,B2,1,0,5,7,0,0,0,0,0,0,0,0,0,1,0,1,2,8,2
2710,C1,15,1,1,0,0,0,0,0,0,0,0,0,0,1,0,2,3,11,5
2720,A1,3,15,0,3,0,0,0,0,0,0,0,0,0,0,1,2,1,5,5
2720,B0,0,1,6,3,0,0,0,0,0,0,0,0,0,0,1,1,4,87,4
2720,B1,2,2,2,2,0,0,0,0,0,0,0,0,0,0,1,1,34,195,49
2720,B2,1,0,4,5,0,0,0,0,0,0,0,0,0,0,1,1,2,8,2
2720,C1,14,1,1,0,0,0,0,0,0,0,0,0,0,0,1,2,3,11,5
2730,A1,3,17,0,1,0,0,0,0,0,0,0,0,0,0,1,2,1,5,5
2730,B0,0,1,6,1,0,0,0,0,0,0,0,0,0,0,1,1,4,87,4
2730,B1,1,2,1,2,0,0,0,0,0,0,0,0,0,0,1,1,34,195,49
2730,B2,1,0,1,5,0,0,0,0,0,0,0,0,0,0,1,1,2,8,2
2730,C1,15,1,1,0,0,0,0,0,0,0,0,0,0,0,1,2,3,11,5
2740,A1,4,15,0,2,0,0,0,0,0,0,0,0,0,1,0,2,1,5,5
2740,B0,0,1,6,1,0,0,0,0,0,0,0,0,0,1,0,1,4,87,4
2740,B1,1,1,1,2,0,0,0,0,0,0,0,0,0,1,0,1,34,195,49
2740,B2,1,0,1,3,0,0,0,0,0,0,0,0,0,1,0,1,2,8,2
2740,C1,16,2,2,0,0,0,0,0,0,0,0,0,0,1,0,2,3,11,5
2750,A1,1,15,0,3,0,0,0,0,0,0,0,0,0,1,0,2,1,5,5
2750,B0,0,2,7,1,0,0,0,0,0,0,0,0,0,1,0,1,4,87,4
2750,B1,2,1,1,1,0,0,0,0,0,0,0,0,0,1,0,2,34,195,49
2750,B2,1,0,1,3,0,0,0,0,0,0,0,0,0,1,0,1,2,8,2
2750,C1,15,2,2,0,0,0,0,0,0,0,0,0,0,1,0,2,3,11,5
2760,A1,1,14,0,4,0,0,0,0,0,0,0,0,0,0,1,2,1,5,5
2760,B0,0,1,10,2,0,0,0,0,0,0,0,0,0,0,1,1,4,87,4
2760,B1,1,3,1,1,0,0,0,0,0,0,0,0,0,0,1,2,34,195,49
2760,B2,1,0,5,5,0,0,0,0,0,0,0,0,0,0,1,1,2,8,2
2760,C1,13,2,2,0,0,0,0,0,0,0,0,0,0,0,1,2,3,11,5
2770,A1,2,14,0,1,0,0,0,0,0,0,0,0,0,0,1,2,1,5,5
2770,B0,0,1,9,1,0,0,0,0,0,0,0,0,0,0,1,1,4,87,4
2770,B1,1,1,1,1,0,0,0,0,0,0,0,0,0,0,1,1,34,195,49
2770,B2,1,0,1,4,0,0,0,0,0,0,0,0,0,0,1,1,2,8,2
2770,C1,14,3,1,0,0,0,0,0,0,0,0,0,0,0,1,2,3,11,5
2780,A1,1,18,0,1,0,0,0,0,0,0,0,0,0,0,1,2,1,5,5
2780,B0,0,1,8,1,0,0,0,0,0,0,0,0,0,0,1,1,4,87,4
2780,B1,1,1,2,2,0,0,0,0,0,0,0,0,0,0,1,1,34,195,49
2780,B2,2,0,1,3,0,0,0,0,0,0,0,0,0,0,1,1,2,8,2
2780,C1,15,3,1,0,0,0,0,0,0,0,0,0,0,0,1,2,3,11,5
2790,A1,1,16,0,3,0,0,0,0,0,0,0,0,0,1,0,2,1,5,5
2790,B0,0,1,9,1,0,0,0,0,0,0,0,0,0,1,0,1,4,87,4
2790,B1,2,2,2,2,0,0,0,0,0,0,0,0,0,1,0,1,34,195,49
2790,B2,1,0,1,4,0,0,0,0,0,0,0,0,0,1,0,1,2,8,2
2790,C1,15,2,1,0,0,0,0,0,0,0,0,0,0,1,0,2,3,11,5
2800,A1,1,16,0,3,0,0,0,0,0,0,0,0,0,1,0,2,1,5,5
2800,B0,0,1,12,2,0,0,0,0,0,0,0,0,0,1,0,1,4,87,4
2800,B1,2,3,2,2,0,0,0,0,0,0,0,0,0,1,0,2,34,195,49
2800,B2,1,0,3,5,0,0,0,0,0,0,0,0,0,1,0,1,2,8,2
2800,C1,15,1,2,0,0,0,0,0,0,0,0,0,0,1,0,2,3,11,5
2810,A1,2,15,0,1,0,0,0,0,0,0,0,0,0,0,1,2,1,5,5
2810,B0,0,4,13,1,0,0,0,0,0,0,0,0,0,0,1,1,4,87,4
2810,B1,1,2,2,2,0,0,0,0,0,0,0,0,0,0,1,1,34,195,49
2810,B2,1,0,3,5,0,0,0,0,0,0,0,0,0,0,1,1,2,8,2
2810,C1,14,1,1,0,0,0,0,0,0,0,0,0,0,0,1,2,3,11,5
2820,A1,1,16,0,1,0,0,0,0,0,0,0,0,0,0,1,2,1,5,5
2820,B0,0,3,13,1,0,0,0,0,0,0,0,0,0,0,1,1,4,87,4
2820,B1,1,2,1,2,0,0,0,0,0,0,0,0,0,0,1,1,34,195,49
2820,B2,1,0,2,4,0,0,0,0,0,0,0,0,0,0,1,1,2,8,2
2820,C1,15,2,2,0,0,0,0,0,0,0,0,0,0,0,1,2,3,11,5
2830,A1,4,17,0,1,0,0,0,0,0,0,0,0,0,1,0,2,1,5,5
2830,B0,0,3,12,1,0,0,0,0,0,0,0,0,0,1,0,1,4,87,4
2830,B1,2,2,1,1,0,0,0,0,0,0,0,0,0,1,0,2,34,195,49
2830,B2,1,0,1,4,0,0,0,0,0,0,0,0,0,1,0,1,2,8,2
2830,C1,15,4,1,0,0,0,0,0,0,0,0,0,0,1,0,2,3,11,5
2840,A1,1,16,0,1,0,0,0,0,0,0,0,0,0,1,0,2,1,5,5
2840,B0,0,1,13,2,0,0,0,0,0,0,0,0,0,1,0,1,4,87,4
2840,B1,3,3,1,1,0,0,0,0,0,0,0,0,0,1,0,2,34,195,49
2840,B2,2,0,3,5,0,0,0,0,0,0,0,0,0,1,0,1,2,8,2
2840,C1,14,1,3,0,0,0,0,0,0,0,0,0,0,1,0,2,3,11,5
2850,A1,1,15,0,2,0,0,0,0,0,0,0,0,0,1,0,2,1,5,5
2850,B0,0,3,13,3,0,0,0,0,0,0,0,0,0,1,0,1,4,87,4
2850,B1,1,2,1,1,0,0,0,0,0,0,0,0,0,1,0,2,34,195,49
2850,B2,2,0,1,7,0,0,0,0,0,0,0,0,0,1,0,1,2,8,2
2850,C1,13,1,4,0,0,0,0,0,0,0,0,0,0,1,0,2,3,11,5
2860,A1,2,15,0,1,0,0,0,0,0,0,0,0,0,0,1,2,1,5,5
2860,B0,0,4,14,1,0,0,0,0,0,0,0,0,0,0,1,1,4,87,4
2860,B1,2,2,1,1,0,0,0,0,0,0,0,0,0,0,1,2,34,195,49
2860,B2,2,0,2,7,0,0,0,0,0,0,0,0,0,0,1,1,2,8,2
2860,C1,13,2,1,0,0,0,0,0,0,0,0,0,0,0,1,2,3,11,5
2870,A1,2,15,0,1,0,0,0,0,0,0,0,0,0,0,1,2,1,5,5
2870,B0,0,4,12,4,0,0,0,0,0,0,0,0,0,0,1,1,4,87,4
2870,B1,2,2,2,1,0,0,0,0,0,0,0,0,0,0,1,2,34,195,49
2870,B2,3,0,1,5,0,0,0,0,0,0,0,0,0,0,1,1,2,8,2
2870,C1,14,4,1,0,0,0,0,0,0,0,0,0,0,0,1,2,3,11,5
2880,A1,1,15,0,2,0,0,0,0,0,0,0,0,0,1,0,2,1,5,5
2880,B0,0,3,12,2,0,0,0,0,0,0,0,0,0,1,0,1,4,87,4
2880,B1,4,1,1,1,0,0,0,0,0,0,0,0,0,1,0,2,34,195,49
2880,B2,2,0,1,4,0,0,0,0,0,0,0,0,0,1,0,1,2,8,2
2880,C1,15,2,2,0,0,0,0,0,0,0,0,0,0,1,0,2,3,11,5
2890,A1,2,15,0,2,0,0,0,0,0,0,0,0,0,1,0,2,1,5,5
2890,B0,0,1,12,6,0,0,0,0,0,0,0,0,0,1,0,1,4,87,4
2890,B1,3,2,1,1,0,0,0,0,0,0,0,0,0,1,0,2,34,195,49
2890,B2,1,0,1,5,0,0,0,0,0,0,0,0,0,1,0,1,2,8,2
2890,C1,14,1,2,0,0,0,0,0,0,0,0,0,0,1,0,2,3,11,5
2900,A1,2,13,0,1,0,0,0,0,0,0,0,0,0,0,1,2,1,5,5
2900,B0,0,1,14,6,0,0,0,0,0,0,0,0,0,0,1,1,4,87,4
2900,B1,3,1,1,1,0,0,0,0,0,0,0,0,0,0,1,2,34,195,49
2900,B2,1,0,1,5,0,0,0,0,0,0,0,0,0,0,1,1,2,8,2
2900,C1,13,2,3,0,0,0,0,0,0,0,0,0,0,0,1,2,3,11,5
2910,A1,5,14,0,1,0,0,0,0,0,0,0,0,0,0,1,2,1,5,5
2910,B0,0,1,15,3,0,0,0,0,0,0,0,0,0,0,1,1,4,87,4
2910,B1,3,1,2,2,0,0,0,0,0,0,0,0,0,0,1,1,34,195,49
2910,B2,2,0,2,3,0,0,0,0,0,0,0,0,0,0,1,1,2,8,2
2910,C1,15,4,1,0,0,0,0,0,0,0,0,0,0,0,1,2,3,11,5
2920,A1,5,16,0,1,0,0,0,0,0,0,0,0,0,0,1,2,1,5,5
2920,B0,0,2,15,1,0,0,0,0,0,0,0,0,0,0,1,1,4,87,4
2920,B1,3,1,3,3,0,0,0,0,0,0,0,0,0,0,1,1,34,195,49
2920,B2,3,0,1,1,0,0,0,0,0,0,0,0,0,0,1,2,2,8,2
2920,C1,17,2,2,0,0,0,0,0,0,0,0,0,0,0,1,2,3,11,5
2930,A1,2,13,0,1,0,0,0,0,0,0,0,0,0,1,0,2,2,7,6
2930,B0,0,2,15,3,0,0,0,0,0,0,0,0,0,1,0,1,4,87,4
2930,B1,1,2,3,2,0,0,0,0,0,0,0,0,0,1,0,1,34,195,49
2930,B2,1,0,2,1,0,0,0,0,0,0,0,0,0,1,0,1,2,8,2
2930,C1,17,2,2,0,0,0,0,0,0,0,0,0,0,1,0,2,3,11,5
2940,A1,1,13,0,2,0,0,0,0,0,0,0,0,0,1,0,2,2,7,6
2940,B0,0,1,15,5,0,0,0,0,0,0,0,0,0,1,0,1,4,87,4
2940,B1,1,2,3,2,0,0,0,0,0,0,0,0,0,1,0,1,34,195,49
2940,B2,1,0,2,3,0,0,0,0,0,0,0,0,0,1,0,1,2,8,2
2940,C1,17,2,2,0,0,0,0,0,0,0,0,0,0,1,0,2,3,11,5
2950,A1,1,12,0,1,0,0,0,0,0,0,0,0,0,0,1,2,2,7,6
2950,B0,0,2,15,3,0,0,0,0,0,0,0,0,0,0,1,1,4,87,4
2950,B1,1,2,4,1,0,0,0,0,0,0,0,0,0,0,1,1,34,195,49
2950,B2,1,0,3,3,0,0,0,0,0,0,0,0,0,0,1,1,2,8,2
2950,C1,17,5,1,0,0,0,0,0,0,0,0,0,0,0,1,2,3,11,5
2960,A1,3,14,0,1,0,0,0,0,0,0,0,0,0,0,1,2,2,7,6
2960,B0,0,2,15,2,0,0,0,0,0,0,0,0,0,0,1,1,4,87,4
2960,B1,1,2,1,1,0,0,0,0,0,0,0,0,0,0,1,2,34,195,49
2960,B2,3,0,3,1,0,0,0,0,0,0,0,0,0,0,1,1,2,8,2
2960,C1,19,3,2,0,0,0,0,0,0,0,0,0,0,0,1,2,3,11,5
2970,A1,4,16,0,1,0,0,0,0,0,0,0,0,0,1,0,2,2,7,6
2970,B0,0,1,14,3,0,0,0,0,0,0,0,0,0,1,0,1,4,87,4
2970,B1,1,1,1,1,0,0,0,0,0,0,0,0,0,1,0,1,35,200,50
2970,B2,3,0,1,1,0,0,0,0,0,0,0,0,0,1,0,2,2,8,2
2970,C1,20,2,4,0,0,0,0,0,0,0,0,0,0,1,0,2,3,11,5
2980,A1,2,18,0,1,0,0,0,0,0,0,0,0,0,1,0,2,2,7,6
2980,B0,0,1,15,1,0,0,0,0,0,0,0,0,0,1,0,1,4,87,4
2980,B1,2,3,1,1,0,0,0,0,0,0,0,0,0,1,0,2,35,200,50
2980,B2,4,0,1,3,0,0,0,0,0,0,0,0,0,1,0,1,2,8,2
2980,C1,19,1,5,0,0,0,0,0,0,0,0,0,0,1,0,2,3,11,5
2990,A1,1,17,0,3,0,0,0,0,0,0,0,0,1,0,1,2,2,7,6
2990,B0,0,1,14,3,0,0,0,0,0,0,0,0,0,0,1,1,4,87,4
2990,B1,1,2,1,2,0,0,0,1,0,0,0,0,0,0,1,1,36,202,50
2990,B2,2,0,1,5,0,0,0,0,0,0,0,0,0,0,1,1,2,8,2
2990,C1,17,2,7,0,0,0,0,0,0,0,0,0,0,0,1,2,3,11,5
3000,A1,3,18,0,2,0,0,0,0,0,0,0,0,0,0,1,2,2,7,6
3000,B0,0,1,14,1,0,0,0,0,0,0,0,0,0,0,1,1,4,87,4
3000,B1,1,1,1,3,0,0,0,0,0,0,0,0,0,0,1,1,36,210,51
3000,B2,2,0,1,1,0,0,0,0,0,0,0,0,0,0,1,1,2,8,2
3000,C1,18,2,3,0,0,0,0,0,0,0,0,0,0,0,1,2,3,11,5
3010,A1,2,19,0,1,0,0,0,0,0,0,0,0,0,0,1,2,2,7,6
3010,B0,0,1,12,1,0,0,0,0,0,0,0,0,0,0,1,1,4,87,4
3010,B1,1,1,2,1,0,0,0,0,0,0,0,0,0,0,1,1,36,210,51
3010,B2,2,0,2,1,0,0,0,0,0,0,0,0,0,0,1,1,2,8,2
3010,C1,18,3,1,0,0,0,0,0,0,0,0,0,0,0,1,2,3,11,5
3020,A1,4,19,0,2,0,0,0,0,0,0,0,0,0,1,0,2,2,7,6
3020,B0,0,1,13,2,0,0,0,0,0,0,0,0,0,1,0,1,4,87,4
3020,B1,2,2,2,1,0,0,0,0,0,0,0,0,0,1,0,2,36,210,51
3020,B2,2,0,1,1,0,0,0,0,0,0,0,0,0,1,0,1,3,16,4
3020,C1,19,3,1,0,0,0,0,0,0,0,0,0,0,1,0,2,3,11,5
3030,A1,2,16,0,2,0,0,0,0,0,0,0,0,0,1,0,2,2,7,6
3030,B0,0,1,13,1,0,0,0,0,0,0,0,0,0,1,0,1,4,87,4
3030,B1,1,1,2,1,0,0,0,0,0,0,0,0,0,1,0,1,36,210,51
3030,B2,2,0,3,2,0,0,0,0,0,0,0,0,0,1,0,1,3,16,4
3030,C1,16,1,1,0,0,0,0,0,0,0,0,0,0,1,0,2,3,11,5
3040,A1,1,14,0,2,0,0,0,0,0,0,0,0,0,0,1,2,2,7,6
3040,B0,0,1,13,1,0,0,0,0,0,0,0,0,0,0,1,1,4,87,4
3040,B1,1,1,1,1,0,0,0,0,0,0,0,0,0,0,1,1,36,210,51
3040,B2,3,0,4,2,0,0,0,0,0,0,0,0,0,0,1,1,3,16,4
3040,C1,16,1,1,0,0,0,0,0,0,0,0,0,0,0,1,2,3,11,5
3050,A1,4,14,0,2,0,0,0,0,0,0,0,0,0,0,1,2,2,7,6
3050,B0,0,1,10,2,0,0,0,0,0,0,0,0,0,0,1,1,4,87,4
3050,B1,1,1,3,1,0,0,0,0,0,0,0,0,0,0,1,1,36,210,51
3050,B2,3,0,3,2,0,0,0,0,0,0,0,0,0,0,1,1,3,16,4
3050,C1,17,1,2,0,0,0,0,0,0,0,0,0,0,0,1,2,3,11,5
3060,A1,2,16,0,4,0,0,0,0,0,0,0,0,0,1,0,2,2,7,6
3060,B0,0,1,10,3,0,0,0,0,0,0,0,0,0,1,0,1,4,87,4
3060,B1,1,1,4,3,0,0,1,0,0,0,0,0,0,1,0,2,37,214,51
3060,B2,2,0,2,3,0,0,0,0,0,1,0,0,0,1,0,1,3,16,4
3060,C1,17,1,2,0,0,0,0,0,0,0,0,0,0,1,0,2,3,11,5
3070,A1,1,16,0,1,0,0,0,0,0,0,0,0,0,1,0,2,2,7,6
3070,B0,0,1,11,3,0,0,0,0,0,0,0,0,0,1,0,1,4,87,4
3070,B1,1,2,4,3,0,0,0,0,0,0,0,0,0,1,0,1,37,217,52
3070,B2,1,0,3,5,0,0,0,0,0,0,0,0,0,1,0,1,3,16,4
3070,C1,15,1,3,0,0,0,0,0,0,0,0,0,0,1,0,2,3,11,5
3080,A1,1,13,0,3,0,0,0,0,0,0,0,0,0,1,0,2,2,7,6
3080,B0,0,1,12,4,0,0,0,0,0,0,0,0,0,1,0,1,4,87,4
3080,B1,1,3,4,3,0,0,0,0,0,0,0,0,0,1,0,1,37,217,52
3080,B2,2,0,4,7,0,0,0,0,0,0,0,0,0,1,0,1,3,16,4
3080,C1,11,1,3,0,0,0,0,0,0,0,0,0,0,1,0,2,3,11,5
3090,A1,1,14,0,3,0,0,0,0,0,0,0,0,0,0,1,2,2,7,6
3090,B0,0,1,11,1,0,0,0,0,0,0,0,0,0,0,1,1,4,87,4
3090,B1,1,3,2,4,0,0,0,0,0,0,0,0,0,0,1,1,37,217,52
3090,B2,3,0,1,6,0,0,0,0,0,0,0,0,0,0,1,1,3,16,4
3090,C1,12,1,1,0,0,0,0,0,0,0,0,0,0,0,1,2,3,11,5
3100,A1,1,14,0,1,0,0,0,0,0,0,0,0,0,0,1,2,2,7,6
3100,B0,0,1,11,1,0,0,0,0,0,0,0,0,0,0,1,1,4,87,4
3100,B1,1,3,2,7,0,0,0,0,0,0,0,0,0,0,1,1,37,217,52
3100,B2,5,0,1,3,0,0,0,0,0,0,0,0,0,0,1,1,3,16,4
3100,C1,12,2,1,0,0,0,0,0,0,0,0,0,0,0,1,2,3,11,5
3110,A1,4,15,0,1,0,0,0,0,0,0,0,0,0,1,0,2,2,7,6
3110,B0,0,2,11,2,0,0,0,0,0,0,0,0,0,1,0,1,4,87,4
3110,B1,1,3,1,5,0,0,0,0,0,0,0,0,0,1,0,1,37,217,52
3110,B2,4,0,1,4,0,0,0,0,0,0,0,0,0,1,0,1,3,16,4
3110,C1,12,1,4,0,0,0,0,0,0,0,0,0,0,1,0,2,3,11,5
3120,A1,1,16,0,1,0,0,0,0,0,0,0,0,0,1,0,2,2,7,6
3120,B0,0,1,13,3,0,0,0,0,0,0,0,0,0,1,0,1,4,87,4
3120,B1,1,2,1,5,0,0,0,0,0,0,0,0,0,1,0,1,37,217,52
3120,B2,2,0,3,5,0,0,0,0,0,0,0,0,0,1,0,1,3,16,4
3120,C1,12,1,6,0,0,0,0,0,0,0,0,0,0,1,0,2,3,11,5
3130,A1,1,15,0,1,0,0,0,0,0,0,0,0,0,0,1,2,2,7,6
3130,B0,0,1,14,1,0,0,0,0,0,0,0,0,0,0,1,1,4,87,4
3130,B1,2,1,1,6,0,0,0,0,0,0,0,0,0,0,1,1,37,217,52
3130,B2,1,0,2,4,0,0,0,0,0,0,0,0,0,0,1,1,3,16,4
3130,C1,11,1,5,0,0,0,0,0,0,0,0,0,0,0,1,2,3,11,5
3140,A1,2,16,0,1,0,0,0,0,0,0,0,0,0,0,1,2,2,7,6
3140,B0,0,4,14,1,0,0,0,0,0,0,0,0,0,0,1,1,4,87,4
3140,B1,2,1,1,3,0,0,0,0,0,0,0,0,0,0,1,1,37,217,52
3140,B2,2,0,2,3,0,0,0,0,0,0,0,0,0,0,1,1,3,16,4
3140,C1,11,1,2,0,0,0,0,0,0,0,0,0,0,0,1,2,3,11,5
3150,A1,2,18,0,1,0,0,0,0,0,0,0,0,0,0,1,2,2,7,6
3150,B0,0,5,13,1,0,0,0,0,0,0,0,0,0,0,1,1,4,87,4
3150,B1,2,1,1,2,0,0,0,0,0,0,0,0,0,0,1,1,37,217,52
3150,B2,2,0,1,2,0,0,0,0,0,0,0,0,0,0,1,1,3,16,4
3150,C1,11,3,2,0,0,0,0,0,0,0,0,0,0,0,1,2,3,11,5
3160,A1,1,18,0,2,0,0,0,0,0,0,0,0,0,1,0,2,2,7,6
3160,B0,0,1,15,3,0,0,0,0,0,0,0,0,0,1,0,1,4,87,4
3160,B1,2,1,1,2,0,0,0,0,0,0,0,0,0,1,0,1,37,217,52
3160,B2,1,0,2,4,0,0,0,0,0,0,0,0,0,1,0,1,3,16,4
3160,C1,12,1,2,0,0,0,0,0,0,0,0,0,0,1,0,2,3,11,5
3170,A1,1,15,0,2,0,0,0,0,0,0,0,0,0,1,0,2,2,7,6
3170,B0,0,1,15,1,0,0,0,0,0,0,0,0,0,1,0,1,4,87,4
3170,B1,3,1,1,2,0,0,0,0,0,0,0,0,0,1,0,2,37,217,52
3170,B2,1,0,4,3,0,0,0,0,0,0,0,0,0,1,0,1,3,16,4
3170,C1,9,1,2,0,0,0,0,0,0,0,0,0,0,1,0,2,3,11,5
3180,A1,1,13,0,1,0,0,0,0,0,0,0,0,0,0,1,2,2,7,6
3180,B0,0,1,15,4,0,0,0,0,0,0,0,0,0,0,1,1,4,87,4
3180,B1,2,1,1,1,0,0,0,0,0,0,0,0,0,0,1,2,38,223,53
3180,B2,1,0,4,4,0,0,0,0,0,0,0,0,0,0,1,1,3,16,4
3180,C1,8,2,1,0,0,0,0,0,0,0,0,0,0,0,1,2,3,11,5
3190,A1,1,15,0,3,0,0,0,0,0,0,0,0,0,0,1,2,2,7,6
3190,B0,0,1,15,1,0,0,0,0,0,0,0,0,0,0,1,1,4,87,4
3190,B1,2,1,1,1,0,0,0,0,0,0,0,0,0,0,1,2,38,223,53
3190,B2,1,0,1,4,0,0,0,0,0,0,0,0,0,0,1,1,3,16,4
3190,C1,9,1,1,0,0,0,0,0,0,0,0,0,0,0,1,2,3,11,5
3200,A1,2,13,0,3,0,0,0,0,0,0,0,0,0,1,0,2,2,7,6
3200,B0,0,2,14,3,0,0,0,0,0,0,0,0,0,1,0,1,4,87,4
3200,B1,2,1,2,1,0,0,0,0,0,0,0,0,0,1,0,1,38,223,53
3200,B2,1,0,1,4,0,0,0,0,0,0,0,0,0,1,0,1,3,16,4
3200,C1,9,1,2,0,0,0,0,0,0,0,0,0,0,1,0,2,3,11,5
3210,A1,1,12,0,3,0,0,0,0,0,0,0,0,0,1,0,2,2,7,6
3210,B0,0,1,16,4,0,0,0,0,0,0,0,0,0,1,0,1,4,87,4
3210,B1,1,2,2,2,0,0,0,0,0,0,0,0,0,1,0,1,38,223,53
3210,B2,1,0,2,6,0,0,0,0,0,0,0,0,0,1,0,1,3,16,4
3210,C1,10,4,1,0,0,0,0,0,0,0,0,0,0,1,0,2,3,11,5
3220,A1,1,10,0,3,0,0,0,0,0,0,0,0,0,0,1,2,2,7,6
3220,B0,0,1,16,4,0,0,0,0,0,0,0,0,0,0,1,1,4,87,4
3220,B1,3,1,3,2,0,0,0,0,0,0,0,0,0,0,1,1,38,223,53
3220,B2,1,0,2,8,0,0,0,0,0,0,0,0,0,0,1,1,3,16,4
3220,C1,10,2,1,0,0,0,0,0,0,0,0,0,0,0,1,2,3,11,5
3230,A1,1,12,0,1,0,0,0,0,0,0,0,0,0,0,1,2,2,7,6
3230,B0,0,2,16,1,0,0,0,0,0,0,0,0,0,0,1,1,4,87,4
3230,B1,3,2,1,1,0,0,0,0,0,0,0,0,0,0,1,2,38,223,53
3230,B2,2,0,2,9,0,0,0,0,0,0,0,0,0,0,1,1,3,16,4
3230,C1,9,1,1,0,0,0,0,0,0,0,0,0,0,0,1,2,3,11,5
3240,A1,2,13,0,1,0,0,0,0,0,0,0,0,0,0,1,2,2,7,6
3240,B0,0,2,15,3,0,0,0,0,0,0,0,0,0,0,1,1,4,87,4
3240,B1,4,2,2,1,0,0,0,0,0,0,0,0,0,0,1,2,38,223,53
3240,B2,1,0,1,6,0,0,0,0,0,0,0,0,0,0,1,1,3,16,4
3240,C1,12,3,1,0,0,0,0,0,0,0,0,0,0,0,1,2,3,11,5
3250,A1,4,12,0,2,0,0,0,0,0,0,0,0,0,1,0,2,2,7,6
3250,B0,0,1,16,2,0,0,0,0,0,0,0,0,0,1,0,1,4,87,4
3250,B1,1,1,2,1,0,0,0,0,0,0,0,0,0,1,0,1,39,228,56
3250,B2,1,0,2,6,0,0,0,0,0,0,0,0,0,1,0,1,3,16,4
3250,C1,11,2,2,0,0,0,0,0,0,0,0,0,0,1,0,2,3,11,5
3260,A1,1,11,0,3,0,0,0,0,0,0,0,0,0,1,0,2,2,7,6
3260,B0,0,1,16,2,0,0,0,0,0,0,0,0,0,1,0,1,4,87,4
3260,B1,1,1,2,1,0,0,0,0,0,0,0,0,0,1,0,1,39,228,56
3260,B2,1,0,2,6,0,0,0,0,0,0,0,0,0,1,0,1,3,16,4
3260,C1,10,1,2,0,0,0,0,0,0,0,0,0,0,1,0,2,3,11,5
3270,A1,2,10,0,2,0,0,0,0,0,0,0,0,0,0,1,2,2,7,6
3270,B0,0,3,18,2,0,0,0,0,0,0,0,0,0,0,1,1,4,87,4
3270,B1,1,3,2,2,0,0,0,0,0,0,0,0,0,0,1,1,39,228,56
3270,B2,2,0,2,7,0,0,0,0,0,0,0,0,0,0,1,1,3,16,4
3270,C1,9,1,1,0,0,0,0,0,0,0,0,0,0,0,1,2,3,11,5
3280,A1,2,12,0,1,0,0,0,0,0,0,0,0,0,0,1,2,2,7,6
3280,B0,0,4,17,3,0,0,0,0,0,0,0,0,0,0,1,1,4,87,4
3280,B1,1,3,2,1,0,0,0,0,0,0,0,0,0,0,1,2,39,228,56
3280,B2,4,0,5,4,0,0,0,0,0,0,0,0,0,0,1,1,3,16,4
3280,C1,10,3,1,0,0,0,0,0,0,0,0,0,0,0,1,2,3,11,5
3290,A1,3,12,0,1,0,0,0,0,0,0,0,0,0,1,0,2,2,7,6
3290,B0,0,6,17,1,0,0,0,0,0,0,0,0,0,1,0,1,4,87,4
3290,B1,1,4,2,1,0,0,3,0,0,0,1,0,0,1,0,2,40,232,56
3290,B2,4,0,1,3,0,1,0,0,0,1,0,0,0,1,0,2,4,19,4
3290,C1,11,2,3,0,0,0,0,0,0,0,0,0,0,1,0,2,3,11,5
3300,A1,3,12,0,1,0,0,0,0,0,0,0,0,0,1,0,2,2,7,6
3300,B0,0,1,18,1,0,0,0,0,0,0,0,0,0,1,0,1,4,87,4
3300,B1,2,1,2,1,0,0,0,0,0,0,0,0,0,1,0,1,40,242,59
3300,B2,1,0,2,4,0,0,0,0,0,0,0,0,0,1,0,1,4,20,5
3300,C1,12,1,3,0,0,0,0,0,0,0,0,0,0,1,0,2,3,11,5
3310,A1,1,8,0,4,0,0,0,0,0,0,0,0,0,1,0,2,2,7,6
3310,B0,0,1,19,2,0,0,0,0,0,0,0,0,0,1,0,1,4,87,4
3310,B1,1,1,2,1,0,0,0,0,0,0,0,0,0,1,0,1,40,242,59
3310,B2,1,0,3,7,0,0,0,0,0,0,0,0,0,1,0,1,4,20,5
3310,C1,13,2,3,0,0,0,0,0,0,0,0,0,0,1,0,2,3,11,5
3320,A1,1,9,0,2,0,0,0,0,0,0,0,0,0,0,1,2,2,7,6
3320,B0,0,1,19,3,0,0,0,0,0,0,0,0,0,0,1,1,4,87,4
3320,B1,1,2,1,2,0,0,0,0,0,0,0,0,0,0,1,1,40,242,59
3320,B2,2,0,2,9,0,0,0,0,0,0,0,0,0,0,1,1,4,20,5
3320,C1,13,1,1,0,0,0,0,0,0,0,0,0,0,0,1,2,3,11,5
3330,A1,2,10,0,1,0,0,0,0,0,0,0,0,0,0,1,2,2,7,6
3330,B0,0,1,17,1,0,0,0,0,0,0,0,0,0,0,1,1,4,87,4
3330,B1,1,2,3,2,0,0,0,0,0,0,0,0,0,0,1,1,40,242,59
3330,B2,3,0,2,6,0,0,0,0,0,0,0,0,0,0,1,1,4,20,5
3330,C1,14,2,1,0,0,0,0,0,0,0,0,0,0,0,1,2,3,11,5
3340,A1,1,10,0,1,0,0,0,0,0,0,0,0,0,1,0,2,2,7,6
3340,B0,0,1,17,1,0,0,0,0,0,0,0,0,0,1,0,1,4,87,4
3340,B1,1,1,3,1,0,0,0,0,0,0,0,0,0,1,0,1,40,242,59
3340,B2,2,0,2,6,0,0,0,0,0,0,0,0,0,1,0,1,4,20,5
3340,C1,14,3,2,0,0,0,0,0,0,0,0,0,0,1,0,2,3,11,5
3350,A1,1,9,0,1,0,0,0,0,0,0,0,0,0,1,0,2,2,7,6
3350,B0,0,1,18,3,0,0,0,0,0,0,0,0,0,1,0,1,4,87,4
3350,B1,3,1,3,1,0,0,0,0,0,0,0,0,0,1,0,1,40,242,59
3350,B2,1,0,2,9,0,0,0,0,0,0,0,0,0,1,0,1,4,20,5
3350,C1,14,1,4,0,0,0,0,0,0,0,0,0,0,1,0,2,3,11,5
3360,A1,1,9,0,2,0,0,0,0,0,0,0,0,0,0,1,2,2,7,6
3360,B0,0,2,18,2,0,0,0,0,0,0,0,0,0,0,1,1,4,87,4
3360,B1,1,1,3,1,0,0,0,0,0,0,0,0,0,0,1,1,40,242,59
3360,B2,1,0,2,10,0,0,0,0,0,0,0,0,0,0,1,1,4,20,5
3360,C1,15,1,3,0,0,0,0,0,0,0,0,0,0,0,1,2,3,11,5
3370,A1,2,10,0,2,0,0,0,0,0,0,0,0,0,0,1,2,2,7,6
3370,B0,0,2,19,1,0,0,0,0,0,0,0,0,0,0,1,1,4,87,4
3370,B1,1,1,2,1,0,0,0,0,0,0,0,0,0,0,1,1,40,242,59
3370,B2,1,0,1,11,0,0,0,0,0,0,0,0,0,0,1,1,4,20,5
3370,C1,16,1,1,0,0,0,0,0,0,0,0,0,0,0,1,2,3,11,5
3380,A1,4,10,0,1,0,0,0,0,0,0,0,0,0,0,1,2,2,7,6
3380,B0,0,2,18,2,0,0,0,0,0,0,0,0,0,0,1,1,4,87,4
3380,B1,1,1,2,1,0,0,0,0,0,0,0,0,0,0,1,1,40,242,59
3380,B2,2,0,3,9,0,0,0,0,0,0,0,0,0,0,1,1,4,20,5
3380,C1,18,1,2,0,0,0,0,0,0,0,0,0,0,0,1,2,3,11,5
3390,A1,2,11,0,1,0,0,0,0,0,0,0,0,0,1,0,2,2,7,6
3390,B0,0,1,18,2,0,0,0,0,0,0,0,0,0,1,0,1,4,87,4
3390,B1,1,1,2,1,0,0,0,0,0,0,0,0,0,1,0,1,41,246,60
3390,B2,2,0,1,10,0,0,0,0,0,0,0,0,0,1,0,1,4,20,5
3390,C1,18,3,3,0,0,0,0,0,0,0,0,0,0,1,0,2,3,11,5
3400,A1,2,12,0,1,0,0,0,0,0,0,0,0,0,1,0,2,2,7,6
3400,B0,0,1,19,3,0,0,0,0,0,0,0,0,0,1,0,1,4,87,4
3400,B1,2,2,2,1,0,0,0,0,0,0,0,0,0,1,0,2,41,246,60
3400,B2,1,0,2,10,0,0,0,0,0,0,0,0,0,1,0,1,4,20,5
3400,C1,18,3,4,0,0,0,0,0,0,0,0,0,0,1,0,2,3,11,5
3410,A1,2,12,0,1,0,0,0,0,0,0,0,0,0,0,1,2,2,7,6
3410,B0,0,2,19,1,0,0,0,0,0,0,0,0,0,0,1,1,4,87,4
3410,B1,1,1,2,2,0,0,0,0,0,0,0,0,0,0,1,1,41,246,60
3410,B2,1,0,1,11,0,0,0,0,0,0,0,0,0,0,1,1,4,20,5
3410,C1,17,1,3,0,0,0,0,0,0,0,0,0,0,0,1,2,3,11,5
3420,A1,2,12,0,1,0,0,0,0,0,0,0,0,0,0,1,2,2,7,6
3420,B0,0,2,19,3,0,0,0,0,0,0,0,0,0,0,1,1,4,87,4
3420,B1,1,1,1,1,0,0,0,0,0,0,0,0,0,0,1,1,41,246,60
3420,B2,2,0,2,11,0,0,0,0,0,0,0,0,0,0,1,1,4,20,5
3420,C1,20,2,1,0,0,0,0,0,0,0,0,0,0,0,1,2,3,11,5
3430,A1,3,12,0,1,0,0,0,0,0,0,0,0,0,1,0,2,2,7,6
3430,B0,0,1,18,1,0,0,0,0,0,0,0,0,0,1,0,1,4,87,4
3430,B1,1,1,1,1,0,0,0,0,0,0,0,0,0,1,0,1,42,247,61
3430,B2,3,0,1,10,0,0,0,0,0,0,0,0,0,1,0,1,4,20,5
3430,C1,20,2,2,0,0,0,0,0,0,0,0,0,0,1,0,2,3,11,5
3440,A1,1,11,0,2,0,0,0,0,0,0,0,0,0,1,0,2,2,7,6
3440,B0,0,1,18,1,0,0,0,0,0,0,0,0,0,1,0,1,4,87,4
3440,B1,3,3,1,1,0,0,0,0,0,0,0,0,0,1,0,2,42,247,61
3440,B2,3,0,2,11,0,0,0,0,0,0,0,0,0,1,0,1,4,20,5
3440,C1,19,1,1,0,0,0,0,0,0,0,0,0,0,1,0,2,3,11,5
3450,A1,1,10,0,3,0,0,0,0,0,0,0,0,0,0,1,2,2,7,6
3450,B0,0,1,19,2,0,0,0,0,0,0,0,0,0,0,1,1,4,87,4
3450,B1,2,2,2,1,0,0,0,0,0,0,0,0,0,0,1,2,42,247,61
3450,B2,1,0,3,13,0,0,0,0,0,0,0,0,0,0,1,1,4,20,5
3450,C1,17,2,2,0,0,0,0,0,0,0,0,0,0,0,1,2,3,11,5
3460,A1,1,11,0,1,0,0,0,0,0,0,0,0,0,0,1,2,2,7,6
3460,B0,0,1,16,1,0,0,0,0,0,0,0,0,0,0,1,1,4,87,4
3460,B1,2,2,6,3,0,0,0,0,0,0,0,0,0,0,1,1,42,247,61
3460,B2,2,0,1,13,0,0,0,0,0,0,0,0,0,0,1,1,4,20,5
3460,C1,18,2,1,0,0,0,0,0,0,0,0,0,0,0,1,2,3,11,5
3470,A1,2,11,0,1,0,0,0,0,0,0,0,0,0,0,1,2,2,7,6
3470,B0,0,1,12,1,0,0,0,0,0,0,0,0,0,0,1,1,4,87,4
3470,B1,2,2,1,4,0,0,0,0,0,0,0,0,0,0,1,1,42,247,61
3470,B2,2,0,1,12,0,0,0,0,0,0,0,0,0,0,1,1,4,20,5
3470,C1,20,2,1,0,0,0,0,0,0,0,0,0,0,0,1,2,3,11,5
3480,A1,1,11,0,1,0,0,0,0,0,0,0,0,0,1,0,2,2,7,6
3480,B0,0,1,12,1,0,0,0,0,0,0,0,0,0,1,0,1,4,87,4
3480,B1,3,2,1,4,0,0,0,0,0,0,0,0,0,1,0,1,42,247,61
3480,B2,1,0,1,12,0,0,0,0,0,0,0,0,0,1,0,1,4,20,5
3480,C1,20,1,1,0,0,0,0,0,0,0,0,0,0,1,0,2,3,11,5
3490,A1,1,8,0,1,0,0,0,0,0,0,0,0,0,1,0,2,2,7,6
3490,B0,0,1,15,2,0,0,0,0,0,0,0,0,0,1,0,1,4,87,4
3490,B1,3,1,1,4,0,0,0,0,0,0,0,0,0,1,0,1,42,247,61
3490,B2,1,0,3,12,0,0,0,0,0,0,0,0,0,1,0,1,4,20,5
3490,C1,19,2,2,0,0,0,0,0,0,0,0,0,0,1,0,2,3,11,5
3500,A1,2,7,0,1,0,0,0,0,0,0,0,0,0,0,1,2,2,7,6
3500,B0,0,2,14,1,0,0,0,0,0,0,0,0,0,0,1,1,4,87,4
3500,B1,2,1,1,4,0,0,0,0,0,0,0,0,0,0,1,1,42,247,61
3500,B2,1,0,1,12,0,0,0,0,0,0,0,0,0,0,1,1,4,20,5
3500,C1,19,4,3,0,0,0,0,0,0,0,0,0,0,0,1,2,3,11,5
3510,A1,1,8,0,1,0,0,0,0,0,0,0,0,0,0,1,2,2,7,6
3510,B0,0,4,13,1,0,0,0,0,0,0,0,0,0,0,1,1,4,87,4
3510,B1,2,1,2,3,0,0,0,0,0,0,0,0,0,0,1,1,42,247,61
3510,B2,2,0,1,12,0,0,0,0,0,0,0,0,0,0,1,1,4,20,5
3510,C1,19,2,1,0,0,0,0,0,0,0,0,0,0,0,1,2,3,11,5
3520,A1,1,9,0,1,0,0,0,0,0,0,0,0,0,1,0,2,2,7,6
3520,B0,0,5,12,1,0,0,0,0,0,0,0,0,0,1,0,1,4,87,4
3520,B1,3,1,1,1,0,0,1,0,0,0,0,0,0,1,0,2,43,251,61
3520,B2,3,0,1,11,0,0,0,0,0,1,0,0,0,1,0,1,4,20,5
3520,C1,20,2,1,0,0,0,0,0,0,0,0,0,0,1,0,2,3,11,5
3530,A1,1,7,0,1,0,0,0,0,0,0,0,0,0,1,0,2,2,7,6
3530,B0,0,3,12,2,0,0,0,0,0,0,0,0,0,1,0,1,4,87,4
3530,B1,2,2,1,1,0,0,0,0,0,0,0,0,0,1,0,2,43,251,62
3530,B2,1,0,2,11,0,0,0,0,0,0,0,0,0,1,0,1,4,20,5
3530,C1,20,1,1,0,0,0,0,0,0,0,0,0,0,1,0,2,3,11,5
3540,A1,2,2,0,2,0,0,0,0,0,0,0,0,0,1,0,2,2,7,6
3540,B0,0,4,13,4,0,0,0,0,0,0,0,0,0,1,0,1,4,87,4
3540,B1,1,1,1,1,0,0,0,0,0,0,0,0,0,1,0,1,43,251,62
3540,B2,1,0,3,11,0,0,0,0,0,0,0,0,0,1,0,1,4,20,5
3540,C1,18,1,1,0,0,0,0,0,0,0,0,0,0,1,0,2,3,11,5
3550,A1,3,2,0,1,0,0,0,0,0,0,0,0,0,0,1,2,3,9,7
3550,B0,0,4,13,2,0,0,0,0,0,0,0,0,0,0,1,1,4,87,4
3550,B1,1,1,3,3,0,0,0,0,0,0,0,0,0,0,1,1,43,251,62
3550,B2,1,0,1,12,0,0,0,0,0,0,0,0,0,0,1,1,4,20,5
3550,C1,19,2,1,0,0,0,0,0,0,0,0,0,0,0,1,2,3,11,5
3560,A1,1,5,0,1,0,0,0,0,0,0,0,0,0,0,1,2,3,9,7
3560,B0,0,5,12,2,0,0,0,0,0,0,0,0,0,0,1,1,4,87,4
3560,B1,1,1,1,5,0,0,0,0,0,0,0,0,0,0,1,1,43,251,62
3560,B2,3,0,1,9,0,0,0,0,0,0,0,0,0,0,1,1,4,20,5
3560,C1,19,3,1,0,0,0,0,0,0,0,0,0,0,0,1,2,3,11,5
3570,A1,1,4,0,2,0,0,0,0,0,0,0,0,0,1,0,2,3,9,7
3570,B0,0,4,11,2,0,0,0,0,0,0,0,0,0,1,0,1,4,87,4
3570,B1,2,2,1,5,0,0,0,0,0,0,0,0,0,1,0,1,44,252,63
3570,B2,1,0,1,8,0,0,0,0,0,0,0,0,0,1,0,1,4,20,5
3570,C1,20,2,1,0,0,0,0,0,0,0,0,0,0,1,0,2,3,11,5
3580,A1,1,1,0,2,0,0,0,0,0,0,0,0,0,1,0,1,3,9,7
3580,B0,0,1,12,3,0,0,0,0,0,0,0,0,0,1,0,1,4,87,4
3580,B1,2,1,1,5,0,0,0,0,0,0,0,0,0,1,0,1,44,252,63
3580,B2,2,0,1,8,0,0,0,0,0,0,0,0,0,1,0,1,4,20,5
3580,C1,19,2,1,0,0,0,0,0,0,0,0,0,0,1,0,2,3,11,5
3590,A1,1,2,0,2,0,0,0,0,0,0,0,0,0,0,1,2,3,9,7
3590,B0,0,1,15,3,0,0,0,0,0,0,0,0,0,0,1,1,4,87,4
3590,B1,3,2,3,4,0,0,0,0,4,0,0,0,0,0,1,1,45,258,63
3590,B2,1,0,1,9,0,0,0,0,0,0,0,0,0,0,1,1,4,20,5
3590,C1,19,1,2,0,0,0,0,0,0,0,0,1,0,0,1,2,3,11,5
3600,A1,2,1,0,1,0,0,0,0,0,0,0,0,0,0,1,2,3,9,7
3600,B0,0,1,16,3,0,0,0,0,0,0,0,0,0,0,1,1,4,87,4
3600,B1,3,2,1,2,0,0,0,0,0,0,0,0,0,0,1,2,45,273,68
3600,B2,2,0,1,6,0,0,0,0,0,0,0,0,0,0,1,1,4,20,5
3600,C1,19,1,1,0,0,0,0,0,0,0,0,0,0,0,1,2,3,11,5
3610,A1,3,1,0,1,0,0,0,0,0,0,0,0,0,0,1,2,3,9,7
3610,B0,0,1,14,1,0,0,0,0,0,0,0,0,0,0,1,1,4,87,4
3610,B1,4,3,1,3,0,0,0,0,0,0,0,0,0,0,1,2,45,273,68
3610,B2,3,0,1,3,0,0,0,0,0,0,0,0,0,0,1,1,4,20,5
3610,C1,20,2,1,0,0,0,0,0,0,0,0,0,0,0,1,2,3,11,5
3620,A1,2,1,0,1,0,0,0,0,0,0,0,0,0,1,0,2,3,9,7
3620,B0,0,1,14,1,0,0,0,0,0,0,0,0,0,1,0,1,4,87,4
3620,B1,1,2,1,2,0,0,0,0,0,0,0,0,0,1,0,1,45,273,68
3620,B2,2,0,1,3,0,0,0,0,0,0,0,0,0,1,0,1,4,20,5
3620,C1,19,4,3,0,0,0,0,0,0,0,0,0,0,1,0,2,3,11,5
3630,A1,2,1,0,1,0,0,0,0,0,0,0,0,0,1,0,2,3,9,7
3630,B0,0,1,15,3,0,0,0,0,0,0,0,0,0,1,0,1,4,87,4
3630,B1,1,2,1,2,0,0,0,0,0,0,0,0,0,1,0,1,45,273,68
3630,B2,1,0,2,3,0,0,0,0,0,0,0,0,0,1,0,1,4,20,5
3630,C1,19,1,3,0,0,0,0,0,0,0,0,0,0,1,0,2,3,11,5
3640,A1,1,1,0,1,0,0,0,0,0,0,0,0,0,0,1,2,3,9,7
3640,B0,0,2,14,2,0,0,0,0,0,0,0,0,0,0,1,1,4,87,4
3640,B1,1,2,1,3,0,0,0,0,0,0,0,0,0,0,1,1,45,273,68
3640,B2,3,0,1,6,0,0,0,0,0,0,0,0,0,0,1,1,4,20,5
3640,C1,19,1,1,0,0,0,0,0,0,0,0,0,0,0,1,2,3,11,5
3650,A1,3,4,0,1,0,0,0,0,0,0,0,0,0,0,1,2,3,9,7
3650,B0,0,2,14,1,0,0,0,0,0,0,0,0,0,0,1,1,4,87,4
3650,B1,1,2,2,2,0,0,0,0,0,0,0,0,0,0,1,1,45,273,68
3650,B2,4,0,1,4,0,0,0,0,0,0,0,0,0,0,1,1,4,20,5
3650,C1,20,1,1,0,0,0,0,0,0,0,0,0,0,0,1,2,3,11,5
3660,A1,3,5,0,1,0,0,0,0,0,0,0,0,0,1,0,2,3,9,7
3660,B0,0,1,13,1,0,0,0,0,0,0,0,0,0,1,0,1,4,87,4
3660,B1,2,1,1,1,0,0,0,0,0,0,0,0,0,1,0,2,46,277,69
3660,B2,4,0,2,3,0,0,0,0,0,0,0,0,0,1,0,1,4,20,5
3660,C1,20,1,4,0,0,0,0,0,0,0,0,0,0,1,0,2,3,11,5
3670,A1,2,4,0,1,0,0,0,0,0,0,0,0,0,1,0,2,3,9,7
3670,B0,0,2,14,3,0,0,0,0,0,0,0,0,0,1,0,1,4,87,4
3670,B1,2,1,1,1,0,0,0,0,0,0,0,0,0,1,0,2,46,277,69
3670,B2,2,0,1,4,0,0,0,0,0,0,0,0,0,1,0,1,4,20,5
3670,C1,20,2,5,0,0,0,0,0,0,0,0,0,0,1,0,2,3,11,5
3680,A1,1,2,0,1,0,0,0,0,0,0,0,0,0,0,1,2,3,9,7
3680,B0,0,2,14,1,0,0,0,0,0,0,0,0,0,0,1,1,4,87,4
3680,B1,1,1,1,1,0,0,0,0,0,0,0,0,0,0,1,1,46,277,69
3680,B2,1,0,2,5,0,0,0,0,0,0,0,0,0,0,1,1,4,20,5
3680,C1,19,2,6,0,0,0,0,0,0,0,0,0,0,0,1,2,3,11,5
3690,A1,2,4,0,1,0,0,0,0,0,0,0,0,0,0,1,2,3,9,7
3690,B0,0,3,12,1,0,0,0,0,0,0,0,0,0,0,1,1,4,87,4
3690,B1,1,1,1,1,0,0,0,0,0,0,0,0,0,0,1,1,46,277,69
3690,B2,1,0,1,5,0,0,0,0,0,0,0,0,0,0,1,1,4,20,5
3690,C1,20,1,2,0,0,0,0,0,0,0,0,0,0,0,1,2,3,11,5
3700,A1,4,4,0,2,0,0,0,0,0,0,0,0,0,0,1,2,3,9,7
3700,B0,0,3,8,1,0,0,0,0,0,0,0,0,0,0,1,1,4,87,4
3700,B1,1,1,1,1,0,0,0,0,0,0,0,0,0,0,1,1,46,277,69
3700,B2,2,0,1,3,0,0,0,0,0,0,0,0,0,0,1,1,4,20,5
3700,C1,20,2,1,0,0,0,0,0,0,0,0,0,0,0,1,2,3,11,5
3710,A1,2,4,0,2,0,0,0,0,0,0,0,0,0,1,0,2,3,9,7
3710,B0,0,1,8,2,0,0,0,0,0,0,0,0,0,1,0,1,4,87,4
3710,B1,1,2,2,1,0,0,0,0,0,0,0,0,0,1,0,1,47,281,70
3710,B2,1,0,1,2,0,0,0,0,0,0,0,0,0,1,0,1,4,20,5
3710,C1,20,1,1,0,0,0,0,0,0,0,0,0,0,1,0,2,3,11,5
3720,A1,2,4,0,3,0,0,0,0,0,0,0,0,0,1,0,2,3,9,7
3720,B0,0,1,9,4,0,0,0,0,0,0,0,0,0,1,0,1,4,87,4
3720,B1,1,4,2,1,0,0,0,0,0,0,0,0,0,1,0,2,47,281,70
3720,B2,1,0,1,4,0,0,0,0,0,0,0,0,0,1,0,1,4,20,5
3720,C1,17,1,2,0,0,0,0,0,0,0,0,0,0,1,0,2,3,11,5
3730,A1,3,4,0,3,0,0,0,0,0,0,0,0,0,0,1,2,3,9,7
3730,B0,0,2,11,2,0,0,0,0,0,0,0,0,0,0,1,1,4,87,4
3730,B1,2,3,1,1,0,0,0,0,0,0,0,0,0,0,1,2,48,285,71
3730,B2,1,0,1,4,0,0,0,0,0,0,0,0,0,0,1,1,4,20,5
3730,C1,17,3,1,0,0,0,0,0,0,0,0,0,0,0,1,2,3,11,5
3740,A1,3,7,0,1,0,0,0,0,0,0,0,0,0,0,1,2,3,9,7
3740,B0,0,2,11,2,0,0,0,0,0,0,0,0,0,0,1,1,4,87,4
3740,B1,2,3,1,1,0,0,0,0,0,0,0,0,0,0,1,2,48,285,71
3740,B2,2,0,3,1,0,0,0,0,0,0,0,0,0,0,1,1,4,20,5
3740,C1,18,3,1,0,0,0,0,0,0,0,0,0,0,0,1,2,3,11,5
3750,A1,3,7,0,1,0,0,0,0,0,0,0,0,0,1,0,2,3,9,7
3750,B0,0,1,9,1,0,0,0,0,0,0,0,0,0,1,0,1,4,87,4
3750,B1,2,4,1,1,0,0,0,0,0,0,0,0,0,1,0,2,48,285,71
3750,B2,1,0,2,3,0,0,0,0,0,0,0,0,0,1,0,1,4,20,5
3750,C1,20,3,2,0,0,0,0,0,0,0,0,0,0,1,0,2,3,11,5
3760,A1,5,7,0,1,0,0,0,0,0,0,0,0,0,1,0,2,3,9,7
3760,B0,0,1,9,2,0,0,0,0,0,0,0,0,0,1,0,1,4,87,4
3760,B1,2,4,1,1,0,0,0,0,0,0,0,0,0,1,0,2,48,285,71
3760,B2,1,0,3,3,0,0,0,0,0,0,0,0,0,1,0,1,4,20,5
3760,C1,20,1,3,0,0,0,0,0,0,0,0,0,0,1,0,2,3,11,5
3770,A1,1,5,0,1,0,0,0,0,0,0,0,0,0,1,0,2,3,9,7
3770,B0,0,1,11,3,0,0,0,0,0,0,0,0,0,1,0,1,4,87,4
3770,B1,2,2,1,1,0,0,0,0,0,0,0,0,0,1,0,2,48,285,71
3770,B2,1,0,5,7,0,0,0,0,0,0,0,0,0,1,0,1,4,20,5
3770,C1,18,1,4,0,0,0,0,0,0,0,0,0,0,1,0,2,3,11,5
3780,A1,1,5,0,4,0,0,0,0,0,0,0,0,0,0,1,2,3,9,7
3780,B0,0,1,10,2,0,0,0,0,0,0,0,0,0,0,1,1,4,87,4
3780,B1,2,2,2,1,0,0,0,0,0,0,0,0,0,0,1,2,48,285,71
3780,B2,2,0,4,7,0,0,0,0,0,0,0,0,0,0,1,1,4,20,5
3780,C1,19,1,1,0,0,0,0,0,0,0,0,0,0,0,1,2,3,11,5
3790,A1,2,7,0,4,0,0,0,0,0,0,0,0,0,0,1,2,3,9,7
3790,B0,0,3,7,1,0,0,0,0,0,0,0,0,0,0,1,1,4,87,4
3790,B1,2,2,1,2,0,0,0,0,0,0,0,0,0,0,1,2,48,285,71
3790,B2,1,0,1,5,0,0,0,0,0,0,0,0,0,0,1,1,4,20,5
3790,C1,19,3,1,0,0,0,0,0,0,0,0,0,0,0,1,2,3,11,5
3800,A1,3,6,0,5,0,0,0,0,0,0,0,0,0,1,0,2,3,9,7
3800,B0,0,2,6,1,0,0,0,0,0,0,0,0,0,1,0,1,4,87,4
3800,B1,1,4,2,1,0,0,0,0,0,0,0,0,0,1,0,2,49,294,73
3800,B2,2,0,1,3,0,0,0,0,0,0,0,0,0,1,0,1,4,20,5
3800,C1,19,3,1,0,0,0,0,0,0,0,0,0,0,1,0,2,4,13,6
3810,A1,1,6,0,5,0,0,0,0,0,0,0,0,0,1,0,2,3,9,7
3810,B0,0,1,7,2,0,0,0,0,0,0,0,0,0,1,0,1,4,87,4
3810,B1,5,2,2,1,0,0,0,0,0,0,0,0,0,1,0,2,49,294,73
3810,B2,1,0,1,4,0,0,0,0,0,0,0,0,0,1,0,1,4,20,5
3810,C1,17,1,3,0,0,0,0,0,0,0,0,0,0,1,0,2,4,13,6
3820,A1,1,4,0,4,0,0,0,0,0,0,0,0,0,0,1,2,3,9,7
3820,B0,0,1,11,2,0,0,0,0,0,0,0,0,0,0,1,1,4,87,4
3820,B1,2,1,2,4,0,0,0,0,0,0,0,0,0,0,1,1,49,294,73
3820,B2,1,0,1,4,0,0,0,0,0,0,0,0,0,0,1,1,4,20,5
3820,C1,17,2,3,0,0,0,0,0,0,0,0,0,0,0,1,2,4,13,6
3830,A1,2,4,0,1,0,0,0,0,0,0,0,0,0,0,1,2,3,9,7
3830,B0,0,1,10,2,0,0,0,0,0,0,0,0,0,0,1,1,4,87,4
3830,B1,2,1,1,1,0,0,0,0,0,0,0,0,0,0,1,2,49,294,73
3830,B2,1,0,2,4,0,0,0,0,0,0,0,0,0,0,1,1,4,20,5
3830,C1,19,5,1,0,0,0,0,0,0,0,0,0,0,0,1,2,4,13,6
3840,A1,6,7,0,1,0,0,0,0,0,0,0,0,0,0,1,2,3,9,7
3840,B0,0,2,9,1,0,0,0,0,0,0,0,0,0,0,1,1,4,87,4
3840,B1,2,1,2,2,0,0,0,0,0,0,0,0,0,0,1,1,49,294,73
3840,B2,1,0,1,5,0,0,0,0,0,0,0,0,0,0,1,1,4,20,5
3840,C1,20,4,4,0,0,0,0,0,0,0,0,0,0,0,1,2,4,13,6
3850,A1,3,5,0,2,0,0,0,0,0,0,0,0,0,1,0,2,3,9,7
3850,B0,0,1,11,2,0,0,0,0,0,0,0,0,0,1,0,1,4,87,4
3850,B1,1,3,2,2,0,0,0,0,0,0,0,0,0,1,0,1,50,299,74
3850,B2,1,0,1,6,0,0,0,0,0,0,0,0,0,1,0,1,4,20,5
3850,C1,20,1,4,0,0,0,0,0,0,0,0,0,0,1,0,2,4,13,6
3860,A1,1,1,0,3,0,0,0,0,0,0,0,0,0,1,0,1,3,9,7
3860,B0,0,1,13,3,0,0,0,0,0,0,0,0,0,1,0,1,4,87,4
3860,B1,1,3,2,2,0,0,0,0,0,0,0,0,0,1,0,1,50,299,74
3860,B2,1,0,1,7,0,0,0,0,0,0,0,0,0,1,0,1,4,20,5
3860,C1,18,1,5,0,0,0,0,0,0,0,0,0,0,1,0,2,4,13,6
3870,A1,1,2,0,1,0,0,0,0,0,0,0,0,0,0,1,2,4,13,8
3870,B0,0,1,12,1,0,0,0,0,0,0,0,0,0,0,1,1,4,87,4
3870,B1,1,2,2,4,0,0,0,0,0,0,0,0,0,0,1,1,51,309,76
3870,B2,4,0,3,8,0,0,0,0,0,0,0,0,0,0,1,1,4,20,5
3870,C1,19,1,2,0,0,0,0,0,0,0,0,0,0,0,1,2,4,13,6
3880,A1,3,3,0,1,0,0,0,0,0,0,0,0,0,0,1,2,4,13,8
3880,B0,0,1,9,2,0,0,0,0,0,0,0,0,0,0,1,1,4,87,4
3880,B1,1,2,4,5,0,0,0,0,0,0,0,0,0,0,1,1,51,309,76
3880,B2,4,0,3,7,0,0,0,0,0,0,0,0,0,0,1,1,4,20,5
3880,C1,19,2,1,0,0,0,0,0,0,0,0,0,0,0,1,2,4,13,6
3890,A1,3,2,0,1,0,0,0,0,0,0,0,0,0,1,0,2,4,13,8
3890,B0,0,1,8,2,0,0,0,0,0,0,0,0,0,1,0,1,4,87,4
3890,B1,1,2,4,1,0,0,0,0,0,0,0,0,0,1,0,1,51,309,76
3890,B2,4,0,1,6,0,0,0,0,0,0,0,0,0,1,0,1,4,20,5
3890,C1,20,2,2,0,0,0,0,0,0,0,0,0,0,1,0,2,4,13,6
3900,A1,2,1,0,2,0,0,0,0,0,0,0,0,0,1,0,2,4,13,8
3900,B0,0,2,9,2,0,0,0,0,0,0,0,0,0,1,0,1,4,87,4
3900,B1,4,3,4,1,0,0,0,0,0,0,0,0,0,1,0,2,51,309,76
3900,B2,2,0,3,8,0,0,0,0,0,0,0,0,0,1,0,1,4,20,5
3900,C1,20,1,2,0,0,0,0,0,0,0,0,0,0,1,0,2,4,13,6
3910,A1,1,1,0,1,0,0,0,0,0,0,0,0,0,0,1,2,4,13,8
3910,B0,0,3,10,4,0,0,0,0,0,0,0,0,0,0,1,1,4,87,4
3910,B1,3,2,4,1,0,0,0,0,0,0,0,0,0,0,1,1,51,309,76
3910,B2,3,0,3,8,0,0,0,0,0,0,0,0,0,0,1,1,4,20,5
3910,C1,18,2,3,0,0,0,0,0,0,0,0,0,0,0,1,2,4,13,6
3920,A1,1,1,0,1,0,0,0,0,0,0,0,0,0,0,1,2,4,13,8
3920,B0,0,3,11,4,0,0,0,0,0,0,0,0,0,0,1,1,4,87,4
3920,B1,3,2,1,2,0,0,0,0,0,0,0,0,0,0,1,2,51,309,76
3920,B2,6,0,1,7,0,0,0,0,0,0,0,0,0,0,1,1,4,20,5
3920,C1,19,2,3,0,0,0,0,0,0,0,0,0,0,0,1,2,4,13,6
3930,A1,2,2,0,1,0,0,0,0,0,0,0,0,0,0,1,2,4,13,8
3930,B0,0,3,11,1,0,0,0,0,0,0,0,0,0,0,1,1,4,87,4
3930,B1,3,2,2,2,0,0,0,0,0,0,0,0,0,0,1,2,51,309,76
3930,B2,9,0,1,4,0,0,0,0,0,0,0,0,0,0,1,1,4,20,5
3930,C1,20,1,1,0,0,0,0,0,0,0,0,0,0,0,1,2,4,13,6
3940,A1,3,1,0,1,0,0,0,0,0,0,0,0,0,1,0,2,4,13,8
3940,B0,0,2,10,1,0,0,0,0,0,0,0,0,0,1,0,1,4,87,4
3940,B1,2,1,2,2,0,0,0,0,0,0,0,0,0,1,0,1,51,309,76
3940,B2,7,0,1,5,0,0,0,0,0,0,0,0,0,1,0,1,4,20,5
3940,C1,20,3,3,0,0,0,0,0,0,0,0,0,0,1,0,2,4,13,6
3950,A1,1,1,0,2,0,0,0,0,0,0,0,0,0,1,0,1,4,13,8
3950,B0,0,1,10,2,0,0,0,0,0,0,0,0,0,1,0,1,4,87,4
3950,B1,3,1,2,2,0,0,0,0,0,0,0,0,0,1,0,1,51,309,76
3950,B2,4,0,1,5,0,0,0,0,0,0,0,0,0,1,0,1,4,20,5
3950,C1,16,3,3,0,0,0,0,0,0,0,0,0,0,1,0,2,4,13,6
3960,A1,1,1,0,1,0,0,0,0,0,0,0,0,0,0,1,2,4,13,8
3960,B0,0,3,11,5,0,0,0,0,0,0,0,0,0,0,1,1,4,87,4
3960,B1,3,1,1,1,0,0,0,0,0,0,0,0,0,0,1,2,52,310,78
3960,B2,6,0,3,5,0,0,0,0,0,0,0,0,0,0,1,1,4,20,5
3960,C1,16,4,1,0,0,0,0,0,0,0,0,0,0,0,1,2,4,13,6
3970,A1,2,2,0,1,0,0,0,0,0,0,0,0,0,0,1,2,4,13,8
3970,B0,0,3,10,1,0,0,0,0,0,0,0,0,0,0,1,1,4,87,4
3970,B1,3,1,2,2,0,0,0,0,0,0,0,0,0,0,1,1,52,310,78
3970,B2,7,0,2,2,0,0,0,0,0,0,0,0,0,0,1,2,4,20,5
3970,C1,17,3,1,0,0,0,0,0,0,0,0,0,0,0,1,2,4,13,6
3980,A1,2,6,0,1,0,0,0,0,0,0,0,0,0,1,0,2,4,13,8
3980,B0,0,3,8,1,0,0,0,0,0,0,0,0,0,1,0,1,4,87,4
3980,B1,3,2,1,3,0,0,0,0,0,0,0,0,0,1,0,2,52,310,78
3980,B2,8,0,2,1,0,0,0,0,0,0,0,0,0,1,0,2,4,20,5
3980,C1,20,2,1,0,0,0,0,0,0,0,0,0,0,1,0,2,4,13,6
3990,A1,1,4,0,1,0,0,0,0,0,0,0,0,0,1,0,2,4,13,8
3990,B0,0,1,8,1,0,0,0,0,0,0,0,0,0,1,0,1,4,87,4
3990,B1,5,2,1,3,0,0,0,0,0,0,0,0,0,1,0,2,52,310,78
3990,B2,5,0,1,3,0,0,0,0,0,0,0,0,0,1,0,1,4,20,5
3990,C1,20,1,1,0,0,0,0,0,0,0,0,0,0,1,0,2,4,13,6
4000,A1,1,2,0,1,0,0,0,0,0,0,0,0,0,1,0,2,4,13,8
4000,B0,0,1,9,1,0,0,0,0,0,0,0,0,0,1,0,1,4,87,4
4000,B1,5,3,1,3,0,0,0,0,0,0,0,0,0,1,0,2,52,310,78
4000,B2,1,0,2,3,0,0,0,0,0,0,0,0,0,1,0,1,4,20,5
4000,C1,18,1,2,0,0,0,0,0,0,0,0,0,0,1,0,2,4,13,6
4010,A1,1,5,0,2,0,0,0,0,0,0,0,0,0,0,1,2,4,13,8
4010,B0,0,2,7,1,0,0,0,0,0,0,0,0,0,0,1,1,4,87,4
4010,B1,4,3,1,4,0,0,0,0,0,0,0,0,0,0,1,2,52,310,78
4010,B2,1,0,3,2,0,0,0,0,0,0,0,0,0,0,1,1,4,20,5
4010,C1,19,3,2,0,0,0,0,0,0,0,0,0,0,0,1,2,4,13,6
4020,A1,1,5,0,1,0,0,0,0,0,0,0,0,0,0,1,2,4,13,8
4020,B0,0,3,3,1,0,0,0,0,0,0,0,0,0,0,1,1,4,87,4
4020,B1,4,3,1,1,0,0,0,0,0,0,0,0,0,0,1,2,52,310,78
4020,B2,1,0,1,1,0,0,0,0,0,0,0,0,0,0,1,1,4,20,5
4020,C1,19,3,1,0,0,0,0,0,0,0,0,0,0,0,1,2,4,13,6
4030,A1,1,5,0,2,0,0,0,0,0,0,0,0,0,1,0,2,4,13,8
4030,B0,0,2,2,2,0,0,0,0,0,0,0,0,0,1,0,1,4,87,4
4030,B1,7,4,1,1,0,0,0,0,0,0,0,0,0,1,0,2,52,310,78
4030,B2,1,0,1,1,0,0,0,0,0,0,0,0,0,1,0,1,5,24,6
4030,C1,20,1,1,0,0,0,0,0,0,0,0,0,0,1,0,2,4,13,6
4040,A1,1,2,0,5,0,0,0,0,0,0,0,0,0,1,0,1,4,13,8
4040,B0,0,2,5,3,0,0,0,0,0,0,0,0,0,1,0,1,4,87,4
4040,B1,8,2,1,1,0,0,0,0,0,0,0,0,0,1,0,2,52,310,78
4040,B2,1,0,1,2,0,0,0,0,0,0,0,0,0,1,0,1,5,24,6
4040,C1,17,1,1,0,0,0,0,0,0,0,0,0,0,1,0,2,4,13,6
4050,A1,2,3,0,4,0,0,0,0,0,0,0,0,0,0,1,2,4,13,8
4050,B0,0,1,9,3,0,0,0,0,0,0,0,0,0,0,1,1,4,87,4
4050,B1,7,1,1,2,0,0,0,0,0,0,0,0,1,0,1,2,52,310,78
4050,B2,4,0,1,2,0,0,0,0,0,0,0,0,0,0,1,2,5,24,6
4050,C1,16,4,1,0,0,0,0,1,0,0,0,0,0,0,1,1,5,19,6
4060,A1,3,7,0,1,0,0,0,0,0,0,0,0,0,0,1,2,4,13,8
4060,B0,0,3,8,1,0,0,0,0,0,0,0,0,0,0,1,1,4,87,4
4060,B1,6,1,1,3,0,0,0,0,0,0,0,0,0,0,1,2,52,310,78
4060,B2,5,0,1,2,0,0,0,0,0,0,0,0,0,0,1,2,5,24,6
4060,C1,17,4,1,0,0,0,0,0,0,0,0,0,0,0,1,2,5,35,7
4070,A1,3,10,0,2,0,0,0,0,0,0,0,0,0,0,1,2,4,13,8
4070,B0,0,3,6,2,0,0,0,0,0,0,0,0,0,0,1,1,4,87,4
4070,B1,6,1,2,2,0,0,0,0,0,0,0,0,0,0,1,2,52,310,78
4070,B2,5,0,2,1,0,0,0,0,0,0,0,0,0,0,1,2,5,24,6
4070,C1,20,5,2,0,0,0,0,0,0,0,0,0,0,0,1,2,5,35,7
4080,A1,2,9,0,3,0,0,0,0,0,0,0,0,0,1,0,2,4,13,8
4080,B0,0,1,8,1,0,0,0,0,0,0,0,0,0,1,0,1,4,87,4
4080,B1,6,1,2,2,0,0,0,0,0,0,0,0,0,1,0,2,52,310,78
4080,B2,1,0,1,3,0,0,0,0,0,0,0,0,0,1,0,1,5,24,6
4080,C1,20,1,2,0,0,0,0,0,0,0,0,0,0,1,0,2,5,35,7
4090,A1,4,5,0,3,0,0,0,0,0,0,0,0,0,1,0,2,4,13,8
4090,B0,0,1,10,2,0,0,0,0,0,0,0,0,0,1,0,1,4,87,4
4090,B1,6,1,2,2,0,0,0,0,0,0,0,0,0,1,0,2,52,310,78
4090,B2,1,0,2,2,0,0,0,0,0,0,0,0,0,1,0,1,5,24,6
4090,C1,18,1,2,0,0,0,0,0,0,0,0,0,0,1,0,2,5,35,7
4100,A1,2,5,0,2,0,0,0,0,0,0,0,0,0,0,1,2,4,13,8
4100,B0,0,2,9,1,0,0,0,0,0,0,0,0,0,0,1,1,4,87,4
4100,B1,6,1,1,1,0,0,0,0,0,0,0,0,0,0,1,2,53,322,80
4100,B2,3,0,4,2,0,0,0,0,0,0,0,0,0,0,1,1,5,24,6
4100,C1,18,2,1,0,0,0,0,0,0,0,0,0,0,0,1,2,5,35,7
4110,A1,4,4,0,2,0,0,0,0,0,0,0,0,0,0,1,2,4,13,8
4110,B0,0,2,7,1,0,0,0,0,0,0,0,0,0,0,1,1,4,87,4
4110,B1,6,1,1,1,0,0,0,0,0,0,0,0,0,0,1,2,53,322,80
4110,B2,4,0,2,1,0,0,0,0,0,0,0,0,0,0,1,2,5,24,6
4110,C1,18,3,1,0,0,0,0,0,0,0,0,0,0,0,1,2,5,35,7
4120,A1,4,4,0,2,0,0,0,0,0,0,0,0,0,1,0,2,4,13,8
4120,B0,0,3,6,1,0,0,0,0,0,0,0,0,0,1,0,1,4,87,4
4120,B1,6,1,1,2,0,0,0,0,0,0,0,0,0,1,0,2,53,322,80
4120,B2,3,0,2,1,0,0,0,0,0,0,0,0,0,1,0,1,5,24,6
4120,C1,20,1,1,0,0,0,0,0,0,0,0,0,0,1,0,2,5,35,7
4130,A1,2,4,0,3,0,0,0,0,0,0,0,0,0,1,0,2,4,13,8
4130,B0,0,1,7,1,0,0,0,0,0,0,0,0,0,1,0,1,4,87,4
4130,B1,5,1,1,2,0,0,0,0,0,0,0,0,0,1,0,2,53,322,80
4130,B2,1,0,3,2,0,0,0,0,0,0,0,0,0,1,0,1,5,24,6
4130,C1,19,1,1,0,0,0,0,0,0,0,0,0,0,1,0,2,5,35,7
4140,A1,3,6,0,4,0,0,0,0,0,0,0,0,0,0,1,2,4,13,8
4140,B0,0,1,11,2,0,0,0,0,0,0,0,0,0,0,1,1,4,87,4
4140,B1,4,1,2,2,0,0,0,0,0,0,0,0,0,0,1,2,53,322,80
4140,B2,1,0,5,4,0,0,0,0,0,0,0,0,0,0,1,1,5,24,6
4140,C1,16,1,2,0,0,0,0,0,0,0,0,0,0,0,1,2,5,35,7
4150,A1,4,6,0,4,0,0,0,0,0,0,0,0,0,0,1,2,4,13,8
4150,B0,0,1,12,2,0,0,0,0,0,0,0,0,0,0,1,1,4,87,4
4150,B1,4,1,2,3,0,0,0,0,0,0,0,0,0,0,1,1,53,322,80
4150,B2,2,0,3,4,0,0,0,0,0,0,0,0,0,0,1,1,5,24,6
4150,C1,17,2,2,0,0,0,0,0,0,0,0,0,0,0,1,2,5,35,7
4160,A1,4,7,0,2,0,0,0,0,0,0,0,0,0,0,1,2,4,13,8
4160,B0,0,3,9,2,0,0,0,0,0,0,0,0,0,0,1,1,4,87,4
4160,B1,4,1,1,1,0,0,0,0,0,0,0,0,0,0,1,2,53,322,80
4160,B2,2,0,1,4,0,0,0,0,0,0,0,0,0,0,1,1,5,24,6
4160,C1,19,3,2,0,0,0,0,0,0,0,0,0,0,0,1,2,5,35,7
4170,A1,4,8,0,3,0,0,0,0,0,0,0,0,0,1,0,2,4,13,8
4170,B0,0,1,10,2,0,0,0,0,0,0,0,0,0,1,0,1,4,87,4
4170,B1,3,3,1,2,0,0,0,0,0,0,0,0,0,1,0,2,53,322,80
4170,B2,2,0,1,3,0,0,0,0,0,0,0,0,0,1,0,1,5,24,6
4170,C1,19,1,1,0,0,0,0,0,0,0,0,0,0,1,0,2,5,35,7
4180,A1,1,6,0,3,0,0,0,0,0,0,0,0,0,1,0,2,4,13,8
4180,B0,0,1,12,2,0,0,0,0,0,0,0,0,0,1,0,1,4,87,4
4180,B1,4,2,1,2,0,0,0,0,0,0,0,0,0,1,0,2,53,322,80
4180,B2,2,0,1,4,0,0,0,0,0,0,0,0,0,1,0,1,5,24,6
4180,C1,16,2,1,0,0,0,0,0,0,0,0,0,0,1,0,2,5,35,7
4190,A1,1,4,0,2,0,0,0,0,0,0,0,0,0,0,1,2,4,13,8
4190,B0,0,3,13,1,0,0,0,0,0,0,0,0,0,0,1,1,4,87,4
4190,B1,3,1,1,3,0,0,0,0,0,0,0,0,0,0,1,1,54,326,81
4190,B2,2,0,2,3,0,0,0,0,0,0,0,0,0,0,1,1,5,24,6
4190,C1,16,2,1,0,0,0,0,0,0,0,0,0,0,0,1,2,5,35,7
4200,A1,2,5,0,2,0,0,0,0,0,0,0,0,0,0,1,2,4,13,8
4200,B0,0,4,13,1,0,0,0,0,0,0,0,0,0,0,1,1,4,87,4
4200,B1,3,1,1,2,0,0,0,0,0,0,0,0,0,0,1,2,54,326,81
4200,B2,2,0,1,4,0,0,0,0,0,0,0,0,0,0,1,1,5,24,6
4200,C1,17,4,1,0,0,0,0,0,0,0,0,0,0,0,1,2,5,35,7
4210,A1,2,5,0,1,0,0,0,0,0,0,0,0,0,1,0,2,4,13,8
4210,B0,0,4,12,1,0,0,0,0,0,0,0,0,0,1,0,1,4,87,4
4210,B1,3,3,1,1,0,0,0,0,0,0,0,0,0,1,0,2,54,326,81
4210,B2,4,0,1,3,0,0,0,0,0,0,0,0,0,1,0,1,5,24,6
4210,C1,20,7,1,0,0,0,0,0,0,0,0,0,0,1,0,2,5,35,7
4220,A1,4,6,0,2,0,0,0,0,0,0,0,0,0,1,0,2,4,13,8
4220,B0,0,1,13,1,0,0,0,0,0,0,0,0,0,1,0,1,4,87,4
4220,B1,1,2,2,1,0,0,0,0,0,0,0,0,0,1,0,1,54,326,81
4220,B2,2,0,3,4,0,0,0,0,0,0,0,0,0,1,0,1,5,24,6
4220,C1,19,4,2,0,0,0,0,0,0,0,0,0,0,1,0,2,5,35,7
4230,A1,2,3,0,2,0,0,0,0,0,0,0,0,0,1,0,2,4,13,8
4230,B0,0,1,15,1,0,0,0,0,0,0,0,0,0,1,0,1,4,87,4
4230,B1,1,1,2,2,0,0,0,0,0,0,0,0,0,1,0,1,54,326,81
4230,B2,1,0,5,8,0,0,0,0,0,0,0,0,0,1,0,1,5,24,6
4230,C1,18,2,2,0,0,0,0,0,0,0,0,0,0,1,0,2,5,35,7
4240,A1,5,2,0,1,0,0,0,0,0,0,0,0,0,0,1,2,4,13,8
4240,B0,0,1,10,3,0,0,0,0,0,0,0,0,0,0,1,1,4,87,4
4240,B1,1,1,2,2,0,0,0,0,0,0,0,0,0,0,1,1,54,326,81
4240,B2,1,0,4,7,0,0,0,0,0,0,0,0,0,0,1,1,5,24,6
4240,C1,17,3,1,0,0,0,0,0,0,0,0,0,0,0,1,2,5,35,7
4250,A1,3,3,0,1,0,0,0,0,0,0,0,0,0,0,1,2,4,13,8
4250,B0,0,2,7,1,0,0,0,0,0,0,0,0,0,0,1,1,4,87,4
4250,B1,1,1,4,3,0,0,0,0,0,0,0,0,0,0,1,1,54,326,81
4250,B2,1,0,1,6,0,0,0,0,0,0,0,0,0,0,1,1,5,24,6
4250,C1,17,1,1,0,0,0,0,0,0,0,0,0,0,0,1,2,5,35,7
4260,A1,1,3,0,2,0,0,0,0,0,0,0,0,0,1,0,2,4,13,8
4260,B0,0,1,5,1,0,0,0,0,0,0,0,0,0,1,0,1,4,87,4
4260,B1,2,1,3,2,0,0,0,0,0,0,0,0,0,1,0,1,55,329,82
4260,B2,1,0,2,6,0,0,0,0,0,0,0,0,0,1,0,1,5,24,6
4260,C1,17,1,3,0,0,0,0,0,0,0,0,0,0,1,0,2,5,35,7
4270,A1,1,2,0,2,0,0,0,0,0,0,0,0,0,1,0,2,4,13,8
4270,B0,0,1,6,3,0,0,0,0,0,0,0,0,0,1,0,1,4,87,4
4270,B1,5,2,3,2,0,0,0,0,0,0,0,0,0,1,0,2,55,329,82
4270,B2,1,0,3,6,0,0,0,0,0,0,0,0,0,1,0,1,5,24,6
4270,C1,18,1,4,0,0,0,0,0,0,0,0,0,0,1,0,2,5,35,7
4280,A1,1,2,0,2,0,0,0,0,0,0,0,0,0,0,1,2,4,13,8
4280,B0,0,2,7,3,0,0,0,0,0,0,0,0,0,0,1,1,4,87,4
4280,B1,4,4,2,4,0,0,0,0,2,0,0,0,0,0,1,1,56,334,82
4280,B2,1,0,2,7,0,0,0,0,0,0,0,0,0,0,1,1,5,24,6
4280,C1,17,2,3,0,0,0,0,0,0,0,0,1,0,0,1,2,5,35,7
4290,A1,2,2,0,1,0,0,0,0,0,0,0,0,0,0,1,2,4,13,8
4290,B0,0,4,8,1,0,0,0,0,0,0,0,0,0,0,1,1,4,87,4
4290,B1,4,3,3,4,0,0,0,0,0,0,0,0,0,0,1,1,56,336,84
4290,B2,1,0,1,7,0,0,0,0,0,0,0,0,0,0,1,1,5,24,6
4290,C1,17,3,1,0,0,0,0,0,0,0,0,0,0,0,1,2,5,35,7
4300,A1,2,4,0,1,0,0,0,0,0,0,0,0,0,0,1,2,4,13,8
4300,B0,0,4,6,1,0,0,0,0,0,0,0,0,0,0,1,1,4,87,4
4300,B1,4,3,2,4,0,0,0,0,0,0,0,0,0,0,1,2,56,336,84
4300,B2,1,0,1,6,0,0,0,0,0,0,0,0,0,0,1,1,5,24,6
4300,C1,18,6,1,0,0,0,0,0,0,0,0,0,0,0,1,2,5,35,7
4310,A1,1,3,0,1,0,0,0,0,0,0,0,0,0,1,0,2,5,17,9
4310,B0,0,3,7,1,0,0,0,0,0,0,0,0,0,1,0,1,4,87,4
4310,B1,4,2,2,4,0,0,0,0,0,0,0,0,0,1,0,1,56,336,84
4310,B2,1,0,1,6,0,0,0,0,0,0,0,0,0,1,0,1,5,24,6
4310,C1,20,5,4,0,0,0,0,0,0,0,0,0,0,1,0,2,5,35,7
4320,A1,2,1,0,1,0,0,0,0,0,0,0,0,0,1,0,2,5,17,9
4320,B0,0,1,8,2,0,0,0,0,0,0,0,0,0,1,0,1,4,87,4
4320,B1,5,1,2,4,0,0,0,0,0,0,0,0,0,1,0,1,56,336,84
4320,B2,1,0,3,8,0,0,0,0,0,0,0,0,0,1,0,1,5,24,6
4320,C1,20,1,5,0,0,0,0,0,0,0,0,0,0,1,0,2,5,35,7
4330,A1,2,1,0,1,0,0,0,0,0,0,0,0,0,0,1,2,5,17,9
4330,B0,0,3,7,2,0,0,0,0,0,0,0,0,0,0,1,1,4,87,4
4330,B1,2,1,1,5,0,0,0,0,0,0,0,0,0,0,1,1,56,336,84
4330,B2,1,0,1,10,0,0,0,0,0,0,0,0,0,0,1,1,5,24,6
4330,C1,19,1,5,0,0,0,0,0,0,0,0,0,0,0,1,2,5,35,7
4340,A1,3,1,0,2,0,0,0,0,0,0,0,0,0,0,1,2,5,17,9
4340,B0,0,3,4,2,0,0,0,0,0,0,0,0,0,0,1,1,4,87,4
4340,B1,2,1,1,5,0,0,0,0,0,0,0,0,0,0,1,1,56,336,84
4340,B2,2,0,6,11,0,0,0,0,0,0,0,0,0,0,1,1,5,24,6
4340,C1,19,4,2,0,0,0,0,0,0,0,0,0,0,0,1,2,5,35,7
4350,A1,3,1,0,2,0,0,0,0,0,0,0,0,0,1,0,2,5,17,9
4350,B0,0,3,2,1,0,0,0,0,0,0,0,0,0,1,0,1,4,87,4
4350,B1,2,2,1,5,0,0,0,0,0,0,0,0,0,1,0,1,56,336,84
4350,B2,1,0,2,9,0,0,0,0,0,0,0,0,0,1,0,1,5,24,6
4350,C1,20,3,2,0,0,0,0,0,0,0,0,0,0,1,0,2,5,35,7
4360,A1,1,1,0,2,0,0,0,0,0,0,0,0,0,1,0,1,5,17,9
4360,B0,0,2,3,2,0,0,0,0,0,0,0,0,0,1,0,1,4,87,4
4360,B1,2,2,1,5,0,0,0,0,0,0,0,0,0,1,0,1,56,336,84
4360,B2,1,0,3,10,0,0,0,0,0,0,0,0,0,1,0,1,5,24,6
4360,C1,20,1,3,0,0,0,0,0,0,0,0,0,0,1,0,2,5,35,7
4370,A1,3,1,0,2,0,0,0,0,0,0,0,0,0,0,1,2,5,17,9
4370,B0,0,1,4,3,0,0,0,0,0,0,0,0,0,0,1,1,4,87,4
4370,B1,3,1,1,5,0,0,0,0,0,0,0,0,0,0,1,1,56,336,84
4370,B2,1,0,5,12,0,0,0,0,0,0,0,0,0,0,1,1,5,24,6
4370,C1,18,1,4,0,0,0,0,0,0,0,0,0,0,0,1,2,5,35,7
4380,A1,1,1,0,1,0,0,0,0,0,0,0,0,0,0,1,2,5,17,9
4380,B0,0,1,5,1,0,0,0,0,0,0,0,0,0,0,1,1,4,87,4
4380,B1,3,1,2,5,0,0,0,0,0,0,0,0,0,0,1,1,56,336,84
4380,B2,2,0,1,13,0,0,0,0,0,0,0,0,0,0,1,1,5,24,6
4380,C1,19,1,3,0,0,0,0,0,0,0,0,0,0,0,1,2,5,35,7
4390,A1,2,5,0,1,0,0,0,0,0,0,0,0,0,0,1,2,5,17,9
4390,B0,0,1,5,2,0,0,0,0,0,0,0,0,0,0,1,1,4,87,4
4390,B1,3,1,1,6,0,0,0,0,0,0,0,0,0,0,1,1,56,336,84
4390,B2,3,0,1,10,0,0,0,0,0,0,0,0,0,0,1,1,5,24,6
4390,C1,19,2,2,0,0,0,0,0,0,0,0,0,0,0,1,2,5,35,7
4400,A1,2,4,0,2,0,0,0,0,0,0,0,0,0,1,0,2,5,17,9
4400,B0,0,1,4,3,0,0,0,0,0,0,0,0,0,1,0,1,4,87,4
4400,B1,1,1,1,4,0,0,0,0,0,0,0,0,0,1,0,1,56,336,84
4400,B2,1,0,2,11,0,0,0,0,0,0,0,0,0,1,0,1,5,24,6
4400,C1,20,1,2,0,0,0,0,0,0,0,0,0,0,1,0,2,5,35,7
4410,A1,2,2,0,3,0,0,0,0,0,0,0,0,0,1,0,2,5,17,9
4410,B0,0,1,4,6,0,0,0,0,0,0,0,0,0,1,0,1,4,87,4
4410,B1,1,1,1,4,0,0,0,0,0,0,0,0,0,1,0,1,56,336,84
4410,B2,1,0,1,12,0,0,0,0,0,0,0,0,0,1,0,1,5,24,6
4410,C1,19,1,2,0,0,0,0,0,0,0,0,0,0,1,0,2,5,35,7
4420,A1,1,1,0,3,0,0,0,0,0,0,0,0,1,0,1,1,5,17,9
4420,B0,0,2,4,6,0,0,0,0,0,0,0,0,0,0,1,1,4,87,4
4420,B1,1,1,2,2,0,0,0,1,0,0,0,0,0,0,1,1,57,345,84
4420,B2,1,0,2,12,0,0,0,0,0,0,0,0,0,0,1,1,5,24,6
4420,C1,19,1,2,0,0,0,0,0,0,0,0,0,0,0,1,2,5,35,7
4430,A1,2,4,0,1,0,0,0,0,0,0,0,0,0,0,1,2,5,17,9
4430,B0,0,2,4,4,0,0,0,0,0,0,0,0,0,0,1,1,4,87,4
4430,B1,1,1,2,2,0,0,0,0,0,0,0,0,0,0,1,1,57,345,85
4430,B2,1,0,1,12,0,0,0,0,0,0,0,0,0,0,1,1,5,24,6
4430,C1,19,1,1,0,0,0,0,0,0,0,0,0,0,0,1,2,5,35,7
4440,A1,3,6,0,1,0,0,0,0,0,0,0,0,0,1,0,2,5,17,9
4440,B0,0,4,3,5,0,0,0,0,0,0,0,0,0,1,0,1,4,87,4
4440,B1,1,1,1,1,0,0,0,0,0,0,0,0,0,1,0,1,57,345,85
4440,B2,1,0,2,13,0,0,0,0,0,0,0,0,0,1,0,1,5,24,6
4440,C1,19,1,1,0,0,0,0,0,0,0,0,0,0,1,0,2,5,35,7
4450,A1,4,4,0,2,0,0,0,0,0,0,0,0,0,1,0,2,5,17,9
4450,B0,0,1,3,6,0,0,0,0,0,0,0,0,0,1,0,1,4,87,4
4450,B1,1,1,1,1,0,0,0,0,0,0,0,0,0,1,0,1,57,345,85
4450,B2,1,0,2,14,0,0,0,0,0,0,0,0,0,1,0,1,5,24,6
4450,C1,18,3,1,0,0,0,0,0,0,0,0,0,0,1,0,2,5,35,7
4460,A1,2,4,0,2,0,0,0,0,0,0,0,0,0,1,0,2,5,17,9
4460,B0,0,2,4,6,0,0,0,0,0,0,0,0,0,1,0,1,4,87,4
4460,B1,1,2,1,1,0,0,0,0,0,0,0,0,0,1,0,2,57,345,85
4460,B2,2,0,2,14,0,0,0,0,0,0,0,0,0,1,0,1,5,24,6
4460,C1,16,1,1,0,0,0,0,0,0,0,0,0,0,1,0,2,5,35,7
4470,A1,1,3,0,1,0,0,0,0,0,0,0,0,0,0,1,2,5,17,9
4470,B0,0,1,5,3,0,0,0,0,0,0,0,0,0,0,1,1,4,87,4
4470,B1,1,1,2,1,0,0,0,0,0,0,0,0,0,0,1,1,57,345,85
4470,B2,3,0,1,16,0,0,0,0,0,0,0,0,0,0,1,1,5,24,6
4470,C1,16,3,1,0,0,0,0,0,0,0,0,0,0,0,1,2,5,35,7
4480,A1,2,6,0,1,0,0,0,0,0,0,0,0,0,0,1,2,5,17,9
4480,B0,0,1,4,1,0,0,0,0,0,0,0,0,0,0,1,1,4,87,4
4480,B1,2,1,1,2,0,0,0,0,0,0,0,0,0,0,1,1,57,345,85
4480,B2,3,0,2,13,0,0,0,0,0,0,0,0,0,0,1,1,5,24,6
4480,C1,16,1,1,0,0,0,0,0,0,0,0,0,0,0,1,2,5,35,7
4490,A1,4,6,0,1,0,0,0,0,0,0,0,0,0,1,0,2,5,17,9
4490,B0,0,1,2,3,0,0,0,0,0,0,0,0,0,1,0,1,4,87,4
4490,B1,2,2,2,2,0,0,0,0,0,0,0,0,0,1,0,1,57,345,85
4490,B2,4,0,3,12,0,0,0,0,0,0,0,0,0,1,0,1,5,24,6
4490,C1,16,2,2,0,0,0,0,0,0,0,0,0,0,1,0,2,5,35,7
4500,A1,2,5,0,1,0,0,0,0,0,0,0,0,0,1,0,2,5,17,9
4500,B0,0,1,4,4,0,0,0,0,0,0,0,0,0,1,0,1,4,87,4
4500,B1,1,1,2,2,0,0,0,0,0,0,0,0,0,1,0,1,57,345,85
4500,B2,1,0,4,14,0,0,0,0,0,0,0,0,0,1,0,1,5,24,6
4500,C1,15,1,2,0,0,0,0,0,0,0,0,0,0,1,0,2,5,35,7
4510,A1,1,4,0,3,0,0,0,0,0,0,0,0,0,0,1,2,5,17,9
4510,B0,0,1,5,3,0,0,0,0,0,0,0,0,0,0,1,1,4,87,4
4510,B1,2,3,4,1,0,0,0,0,0,0,0,0,0,0,1,1,57,345,85
4510,B2,1,0,4,16,0,0,0,0,0,0,0,0,0,0,1,1,5,24,6
4510,C1,13,1,2,0,0,0,0,0,0,0,0,0,0,0,1,2,5,35,7
4520,A1,1,4,0,3,0,0,0,0,0,0,0,0,0,0,1,2,5,17,9
4520,B0,0,1,3,3,0,0,0,0,0,0,0,0,0,0,1,1,4,87,4
4520,B1,3,3,2,2,0,0,0,0,0,0,0,0,0,0,1,2,57,345,85
4520,B2,1,0,1,16,0,0,0,0,0,0,0,0,0,0,1,1,5,24,6
4520,C1,13,1,2,0,0,0,0,0,0,0,0,0,0,0,1,2,5,35,7
4530,A1,4,7,0,2,0,0,0,0,0,0,0,0,0,0,1,2,5,17,9
4530,B0,0,2,1,2,0,0,0,0,0,0,0,0,0,0,1,1,4,87,4
4530,B1,3,3,1,1,0,0,0,0,0,0,0,0,0,0,1,2,57,345,85
4530,B2,1,0,2,15,0,0,0,0,0,0,0,0,0,0,1,1,5,24,6
4530,C1,14,1,1,0,0,0,0,0,0,0,0,0,0,0,1,2,5,35,7
4540,A1,3,7,0,2,0,0,0,0,0,0,0,0,0,1,0,2,5,17,9
4540,B0,0,1,1,1,0,0,0,0,0,0,0,0,0,1,0,1,5,91,5
4540,B1,4,2,1,1,0,0,0,0,0,0,0,0,0,1,0,2,57,345,85
4540,B2,1,0,4,15,0,0,0,0,0,0,0,0,0,1,0,1,5,24,6
4540,C1,12,3,1,0,0,0,0,0,0,0,0,0,0,1,0,2,5,35,7
4550,A1,1,8,0,2,0,0,0,0,0,0,0,0,0,1,0,2,5,17,9
4550,B0,0,2,3,1,0,0,0,0,0,0,0,0,0,1,0,1,5,91,5
4550,B1,2,2,1,1,0,0,0,0,0,0,0,0,0,1,0,2,57,345,85
4550,B2,1,0,1,16,0,0,0,0,0,0,0,0,0,1,0,1,5,24,6
4550,C1,12,1,2,0,0,0,0,0,0,0,0,0,0,1,0,2,5,35,7
4560,A1,1,8,0,1,0,0,0,0,0,0,0,0,0,0,1,2,5,17,9
4560,B0,0,3,3,1,0,0,0,0,0,0,0,0,0,0,1,1,5,91,5
4560,B1,3,1,1,2,0,0,0,0,0,0,0,0,0,0,1,2,58,347,86
4560,B2,3,0,1,16,0,0,0,0,0,0,0,0,0,0,1,1,5,24,6
4560,C1,11,1,1,0,0,0,0,0,0,0,0,0,0,0,1,2,5,35,7
4570,A1,2,11,0,3,0,0,0,0,0,0,0,0,0,0,1,2,5,17,9
4570,B0,0,3,2,1,0,0,0,0,0,0,0,0,0,0,1,1,5,91,5
4570,B1,3,1,3,3,0,0,0,0,0,0,0,0,0,0,1,1,58,347,86
4570,B2,3,0,1,15,0,0,0,0,0,0,0,0,0,0,1,1,5,24,6
4570,C1,11,4,1,0,0,0,0,0,0,0,0,0,0,0,1,2,5,35,7
4580,A1,2,10,0,3,0,0,0,0,0,0,0,0,0,1,0,2,5,17,9
4580,B0,0,3,4,2,0,0,0,0,0,0,0,0,0,1,0,1,5,91,5
4580,B1,2,3,1,1,0,0,0,0,0,0,0,0,0,1,0,2,58,347,86
4580,B2,3,0,1,14,0,0,0,0,0,0,0,0,0,1,0,1,5,24,6
4580,C1,13,4,2,0,0,0,0,0,0,0,0,0,0,1,0,2,5,35,7
4590,A1,1,8,0,3,0,0,0,0,0,0,0,0,0,1,0,2,5,17,9
4590,B0,0,1,5,2,0,0,0,0,0,0,0,0,0,1,0,1,5,91,5
4590,B1,1,4,1,1,0,0,0,0,0,0,0,0,0,1,0,2,58,347,86
4590,B2,2,0,2,14,0,0,0,0,0,0,0,0,0,1,0,1,5,24,6
4590,C1,11,3,2,0,0,0,0,0,0,0,0,0,0,1,0,2,5,35,7
4600,A1,1,5,0,3,0,0,0,0,0,0,0,0,0,0,1,2,5,17,9
4600,B0,0,2,7,2,0,0,0,0,0,0,0,0,0,0,1,1,5,91,5
4600,B1,1,3,1,1,0,0,0,0,0,0,0,0,0,0,1,2,58,347,86
4600,B2,2,0,2,16,0,0,0,0,0,0,0,0,0,0,1,1,5,24,6
4600,C1,10,1,3,0,0,0,0,0,0,0,0,0,0,0,1,2,5,35,7
4610,A1,1,5,0,1,0,0,0,0,0,0,0,0,0,0,1,2,5,17,9
4610,B0,0,4,6,3,0,0,0,0,0,0,0,0,0,0,1,1,5,91,5
4610,B1,1,2,3,2,0,0,0,0,0,0,0,0,0,0,1,1,58,347,86
4610,B2,2,0,1,17,0,0,0,0,0,0,0,0,0,0,1,1,5,24,6
4610,C1,11,1,2,0,0,0,0,0,0,0,0,0,0,0,1,2,5,35,7
4620,A1,2,6,0,1,0,0,0,0,0,0,0,0,0,0,1,2,5,17,9
4620,B0,0,4,2,1,0,0,0,0,0,0,0,0,0,0,1,2,5,91,5
4620,B1,1,2,2,1,0,0,0,0,0,0,0,0,0,0,1,1,58,347,86
4620,B2,4,0,2,16,0,0,0,0,0,0,0,0,0,0,1,1,5,24,6
4620,C1,14,1,3,0,0,0,0,0,0,0,0,0,0,0,1,2,5,35,7
4630,A1,2,6,0,1,0,0,0,0,0,0,0,0,0,1,0,2,5,17,9
4630,B0,0,2,4,1,0,0,0,0,0,0,0,0,0,1,0,1,5,91,5
4630,B1,2,1,2,1,0,0,0,0,0,0,0,0,0,1,0,1,58,347,86
4630,B2,1,0,2,17,0,0,0,0,0,0,0,0,0,1,0,1,5,24,6
4630,C1,14,1,3,0,0,0,0,0,0,0,0,0,0,1,0,2,5,35,7
4640,A1,1,4,0,2,0,0,0,0,0,0,0,0,0,1,0,2,5,17,9
4640,B0,0,1,5,3,0,0,0,0,0,0,0,0,0,1,0,1,5,91,5
4640,B1,4,3,2,1,0,0,0,0,0,0,0,0,0,1,0,2,58,347,86
4640,B2,1,0,4,18,0,0,0,0,0,0,0,0,0,1,0,1,5,24,6
4640,C1,15,3,5,0,0,0,0,0,0,0,0,0,0,1,0,2,5,35,7
4650,A1,2,4,0,2,0,0,0,0,0,0,0,0,0,0,1,2,5,17,9
4650,B0,0,2,5,3,0,0,0,0,0,0,0,0,0,0,1,1,5,91,5
4650,B1,4,3,1,1,0,0,0,0,0,0,0,0,0,0,1,2,58,347,86
4650,B2,1,0,2,20,0,0,0,0,0,0,0,0,0,0,1,1,6,29,22
4650,C1,15,2,4,0,0,0,0,0,0,0,0,0,0,0,1,2,5,35,7
4660,A1,1,5,0,1,0,0,0,0,0,0,0,0,0,0,1,2,5,17,9
4660,B0,0,2,5,2,0,0,0,0,0,0,0,0,0,0,1,1,5,91,5
4660,B1,4,3,2,1,0,0,0,0,0,0,0,0,0,0,1,2,58,347,86
4660,B2,1,0,3,20,0,0,0,0,0,0,0,0,0,0,1,1,6,29,22
4660,C1,17,2,1,0,0,0,0,0,0,0,0,0,0,0,1,2,5,35,7
4670,A1,1,6,0,1,0,0,0,0,0,0,0,0,0,1,0,2,5,17,9
4670,B0,0,2,4,1,0,0,0,0,0,0,0,0,0,1,0,1,5,91,5
4670,B1,4,3,3,1,0,0,0,0,0,0,0,0,0,1,0,2,58,347,86
4670,B2,1,0,1,19,0,0,0,0,0,0,0,0,0,1,0,1,7,31,23
4670,C1,16,4,1,0,0,0,0,0,0,0,0,0,0,1,0,2,5,35,7
4680,A1,3,5,0,1,0,0,0,0,0,0,0,0,0,1,0,2,5,17,9
4680,B0,0,1,4,2,0,0,0,0,0,0,0,0,0,1,0,1,5,91,5
4680,B1,5,2,1,1,0,0,0,0,0,0,0,0,0,1,0,2,58,347,86
4680,B2,1,0,1,20,0,0,0,0,0,0,0,0,0,1,0,1,7,31,23
4680,C1,16,1,2,0,0,0,0,0,0,0,0,0,0,1,0,2,5,35,7
4690,A1,1,1,0,2,0,0,0,0,0,0,0,0,0,1,0,1,5,17,9
4690,B0,0,1,5,3,0,0,0,0,0,0,0,0,0,1,0,1,5,91,5
4690,B1,2,1,1,1,0,0,0,0,0,0,0,0,0,1,0,2,58,347,86
4690,B2,1,0,2,20,0,0,0,0,0,0,0,0,0,1,0,1,7,31,23
4690,C1,14,1,4,0,0,0,0,0,0,0,0,0,0,1,0,2,5,35,7
4700,A1,1,1,0,1,0,0,0,0,0,0,0,0,0,0,1,2,5,17,9
4700,B0,0,1,6,1,0,0,0,0,0,0,0,0,0,0,1,1,5,91,5
4700,B1,2,1,2,2,0,0,0,0,0,0,0,0,0,0,1,1,59,357,87
4700,B2,2,0,2,19,0,0,0,0,0,0,0,0,0,0,1,1,7,31,23
4700,C1,14,3,1,0,0,0,0,0,0,0,0,0,0,0,1,2,5,35,7
4710,A1,3,1,0,2,0,0,0,0,0,0,0,0,0,0,1,2,5,17,9
4710,B0,0,1,5,1,0,0,0,0,0,0,0,0,0,0,1,1,5,91,5
4710,B1,2,1,1,2,0,0,0,0,0,0,0,0,0,0,1,1,59,357,87
4710,B2,3,0,1,17,0,0,0,0,0,0,0,0,0,0,1,1,7,31,23
4710,C1,14,3,1,0,0,0,0,0,0,0,0,0,0,0,1,2,5,35,7
4720,A1,5,1,0,2,0,0,0,0,0,0,0,0,0,1,0,2,5,17,9
4720,B0,0,1,5,2,0,0,0,0,0,0,0,0,0,1,0,1,5,91,5
4720,B1,1,2,1,2,0,0,0,0,0,0,0,0,0,1,0,1,59,357,87
4720,B2,1,0,1,18,0,0,0,0,0,0,0,0,0,1,0,1,7,31,23
4720,C1,16,4,1,0,0,0,0,0,0,0,0,0,0,1,0,2,5,35,7
4730,A1,2,1,0,2,0,0,0,0,0,0,0,0,0,1,0,2,5,17,9
4730,B0,0,1,7,3,0,0,0,0,0,0,0,0,0,1,0,1,5,91,5
4730,B1,1,3,1,2,0,0,0,0,0,0,0,0,0,1,0,2,59,357,87
4730,B2,1,0,3,19,0,0,0,0,0,0,0,0,0,1,0,1,7,31,23
4730,C1,16,1,3,0,0,0,0,0,0,0,0,0,0,1,0,2,5,35,7
4740,A1,1,1,0,1,0,0,0,0,0,0,0,0,0,0,1,2,5,17,9
4740,B0,0,1,6,4,0,0,0,0,0,0,0,0,0,0,1,1,5,91,5
4740,B1,2,2,4,4,0,0,0,0,0,0,0,0,0,0,1,1,59,357,87
4740,B2,1,0,2,20,0,0,0,0,0,0,0,0,0,0,1,1,7,31,23
4740,C1,14,1,3,0,0,0,0,0,0,0,0,0,0,0,1,2,5,35,7
4750,A1,4,2,0,2,0,0,0,0,0,0,0,0,0,0,1,2,5,17,9
4750,B0,0,1,6,1,0,0,0,0,0,0,0,0,0,0,1,1,5,91,5
4750,B1,2,2,2,3,0,0,0,0,0,0,0,0,0,0,1,1,59,357,87
4750,B2,2,0,1,19,0,0,0,0,0,0,0,0,0,0,1,1,7,31,23
4750,C1,15,1,1,0,0,0,0,0,0,0,0,0,0,0,1,2,5,35,7
4760,A1,4,4,0,2,0,0,0,0,0,0,0,0,0,0,1,2,5,17,9
4760,B0,0,1,4,1,0,0,0,0,0,0,0,0,0,0,1,1,5,91,5
4760,B1,2,2,1,3,0,0,0,0,0,0,0,0,0,0,1,1,59,357,87
4760,B2,3,0,1,16,0,0,0,0,0,0,0,0,0,0,1,1,7,31,23
4760,C1,15,1,2,0,0,0,0,0,0,0,0,0,0,0,1,2,5,35,7
4770,A1,1,3,0,2,0,0,0,0,0,0,0,0,0,1,0,2,5,17,9
4770,B0,0,1,4,1,0,0,0,0,0,0,0,0,0,1,0,1,5,91,5
4770,B1,2,1,1,3,0,0,0,0,0,0,0,0,0,1,0,1,59,357,87
4770,B2,2,0,1,17,0,0,0,0,0,0,0,0,0,1,0,1,7,31,23
4770,C1,13,3,2,0,0,0,0,0,0,0,0,0,0,1,0,2,5,35,7
4780,A1,3,1,0,2,0,0,0,0,0,0,0,0,0,1,0,2,5,17,9
4780,B0,0,2,4,4,0,0,0,0,0,0,0,0,0,1,0,1,5,91,5
4780,B1,1,2,1,3,0,0,0,0,0,0,0,0,0,1,0,1,59,357,87
4780,B2,1,0,2,19,0,0,0,0,0,0,0,0,0,1,0,1,7,31,23
4780,C1,12,1,2,0,0,0,0,0,0,0,0,0,0,1,0,2,5,35,7
4790,A1,2,1,0,1,0,0,0,0,0,0,0,0,0,0,1,2,5,17,9
4790,B0,0,2,4,2,0,0,0,0,0,0,0,0,0,0,1,1,5,91,5
4790,B1,1,2,1,2,0,0,0,0,0,0,0,0,0,0,1,1,60,360,88
4790,B2,1,0,3,20,0,0,0,0,0,0,0,0,0,0,1,1,7,31,23
4790,C1,12,2,3,0,0,0,0,0,0,0,0,0,0,0,1,2,5,35,7
4800,A1,2,3,0,1,0,0,0,0,0,0,0,0,0,0,1,2,5,17,9
4800,B0,0,2,3,1,0,0,0,0,0,0,0,0,0,0,1,1,5,91,5
4800,B1,1,2,1,2,0,0,0,0,0,0,0,0,0,0,1,1,60,360,88
4800,B2,1,0,1,19,0,0,0,0,0,0,0,0,0,0,1,1,7,31,23
4800,C1,12,1,1,0,0,0,0,0,0,0,0,0,0,0,1,2,5,35,7
4810,A1,3,4,0,2,0,0,0,0,0,0,0,0,0,1,0,2,5,17,9
4810,B0,0,3,2,1,0,0,0,0,0,0,0,0,0,1,0,1,5,91,5
4810,B1,1,2,1,2,0,0,0,0,0,0,0,0,0,1,0,1,61,364,89
4810,B2,1,0,1,19,0,0,0,0,0,0,0,0,0,1,0,1,7,31,23
4810,C1,12,1,1,0,0,0,0,0,0,0,0,0,0,1,0,2,5,35,7
4820,A1,3,3,0,2,0,0,0,0,0,0,0,0,0,1,0,2,5,17,9
4820,B0,0,1,3,2,0,0,0,0,0,0,0,0,0,1,0,1,5,91,5
4820,B1,1,3,1,2,0,0,0,0,0,0,0,0,0,1,0,2,61,364,89
4820,B2,2,0,3,19,0,0,0,0,0,0,0,0,0,1,0,1,7,31,23
4820,C1,12,4,2,0,0,0,0,0,0,0,0,0,0,1,0,2,5,35,7
4830,A1,1,2,0,3,0,0,0,0,0,0,0,0,0,0,1,1,5,17,9
4830,B0,0,1,6,3,0,0,0,0,0,0,0,0,0,0,1,1,5,91,5
4830,B1,3,3,1,2,0,0,0,0,0,0,0,0,0,0,1,2,61,364,89
4830,B2,1,0,6,20,0,0,0,0,0,0,0,0,0,0,1,1,7,31,23
4830,C1,10,1,1,0,0,0,0,0,0,0,0,0,0,0,1,2,5,35,7
4840,A1,3,2,0,2,0,0,0,0,0,0,0,0,0,0,1,2,5,17,9
4840,B0,0,2,5,1,0,0,0,0,0,0,0,0,0,0,1,1,5,91,5
4840,B1,3,3,1,1,0,0,0,0,0,0,0,0,0,0,1,2,61,364,89
4840,B2,1,0,2,20,0,0,0,0,0,0,0,0,0,0,1,1,7,31,23
4840,C1,10,2,1,0,0,0,0,0,0,0,0,0,0,0,1,2,5,35,7
4850,A1,5,4,0,1,0,0,0,0,0,0,0,0,0,0,1,2,5,17,9
4850,B0,0,1,4,1,0,0,0,0,0,0,0,0,0,0,1,1,5,91,5
4850,B1,3,3,1,4,0,0,0,0,0,0,0,0,0,0,1,2,61,364,89
4850,B2,2,0,3,19,0,0,0,0,0,0,0,0,0,0,1,1,7,31,23
4850,C1,10,4,1,0,0,0,0,0,0,0,0,0,0,0,1,2,5,35,7
4860,A1,3,4,0,1,0,0,0,0,0,0,0,0,0,1,0,2,5,17,9
4860,B0,0,1,5,1,0,0,0,0,0,0,0,0,0,1,0,1,5,91,5
4860,B1,3,1,1,4,0,0,0,0,0,0,0,0,0,1,0,1,61,364,89
4860,B2,1,0,1,20,0,0,0,0,0,0,0,0,0,1,0,1,7,31,23
4860,C1,12,1,1,0,0,0,0,0,0,0,0,0,0,1,0,2,5,35,7
4870,A1,4,2,0,1,0,0,0,0,0,0,0,0,0,1,0,2,5,17,9
4870,B0,0,2,7,2,0,0,0,0,0,0,0,0,0,1,0,1,5,91,5
4870,B1,4,1,1,3,0,0,0,0,0,0,0,0,0,1,0,2,61,364,89
4870,B2,1,0,3,20,0,0,0,0,0,0,0,0,0,1,0,1,7,31,23
4870,C1,12,2,1,0,0,0,0,0,0,0,0,0,0,1,0,2,5,35,7
4880,A1,3,1,0,1,0,0,0,0,0,0,0,0,0,0,1,2,5,17,9
4880,B0,0,2,6,1,0,0,0,0,0,0,0,0,0,0,1,1,5,91,5
4880,B1,3,2,2,3,0,0,0,0,0,0,0,0,0,0,1,1,61,364,89
4880,B2,1,0,3,20,0,0,0,0,0,0,0,0,0,0,1,1,7,31,23
4880,C1,11,1,2,0,0,0,0,0,0,0,0,0,0,0,1,2,5,35,7
4890,A1,1,1,0,1,0,0,0,0,0,0,0,0,0,0,1,2,5,17,9
4890,B0,0,3,5,2,0,0,0,0,0,0,0,0,0,0,1,1,5,91,5
4890,B1,3,1,2,2,0,0,0,0,0,0,0,0,0,0,1,1,61,364,89
4890,B2,2,0,2,20,0,0,0,0,0,0,0,0,0,0,1,1,7,31,23
4890,C1,12,3,2,0,0,0,0,0,0,0,0,0,0,0,1,2,5,35,7
4900,A1,3,2,0,2,0,0,0,0,0,0,0,0,0,1,0,2,5,17,9
4900,B0,0,2,2,1,0,0,0,0,0,0,0,0,0,1,0,1,5,91,5
4900,B1,4,3,1,1,0,0,0,0,0,0,0,0,0,1,0,2,61,364,89
4900,B2,2,0,2,20,0,0,0,0,0,0,0,0,0,1,0,1,7,31,23
4900,C1,12,2,2,0,0,0,0,0,0,0,0,0,0,1,0,2,5,35,7
4910,A1,3,1,0,2,0,0,0,0,0,0,0,0,0,1,0,2,5,17,9
4910,B0,0,2,3,3,0,0,0,0,0,0,0,0,0,1,0,1,5,91,5
4910,B1,3,2,1,2,0,0,0,0,0,0,0,0,0,1,0,2,61,364,89
4910,B2,3,0,3,20,0,0,0,0,0,0,0,0,0,1,0,1,7,31,23
4910,C1,11,2,2,0,0,0,0,0,0,0,0,0,0,1,0,2,5,35,7
4920,A1,1,1,0,2,0,0,0,0,0,0,0,0,0,1,0,1,5,17,9
4920,B0,0,2,5,2,0,0,0,0,0,0,0,0,0,1,0,1,5,91,5
4920,B1,2,3,1,2,0,0,0,0,0,0,0,0,0,1,0,2,61,364,89
4920,B2,1,0,6,20,0,0,0,0,0,0,0,0,0,1,0,1,7,31,23
4920,C1,9,1,3,0,0,0,0,0,0,0,0,0,0,1,0,2,5,35,7
4930,A1,2,3,0,2,0,0,0,0,0,0,0,0,0,0,1,2,5,17,9
4930,B0,0,4,7,4,0,0,0,0,0,0,0,0,0,0,1,1,5,91,5
4930,B1,2,1,1,3,0,0,0,0,0,0,0,0,0,0,1,1,61,364,89
4930,B2,2,0,2,20,0,0,0,0,0,0,0,0,0,0,1,1,7,31,23
4930,C1,9,1,1,0,0,0,0,0,0,0,0,0,0,0,1,2,5,35,7
4940,A1,2,1,0,3,0,0,0,0,0,0,0,0,0,0,1,1,5,17,9
4940,B0,0,4,6,2,0,0,0,0,0,0,0,0,0,0,1,1,5,91,5
4940,B1,2,1,1,3,0,0,0,0,0,0,0,0,0,0,1,1,61,364,89
4940,B2,2,0,1,20,0,0,0,0,0,0,0,0,0,0,1,1,7,31,23
4940,C1,11,3,1,0,0,0,0,0,0,0,0,0,0,0,1,2,5,35,7
4950,A1,3,1,0,3,0,0,0,0,0,0,0,0,0,1,0,2,5,17,9
4950,B0,0,2,5,2,0,0,0,0,0,0,0,0,0,1,0,1,5,91,5
4950,B1,1,1,1,2,0,0,0,0,0,0,0,0,0,1,0,1,61,364,89
4950,B2,1,0,1,20,0,0,0,0,0,0,0,0,0,1,0,1,7,31,23
4950,C1,10,3,1,0,0,0,0,0,0,0,0,0,0,1,0,2,5,35,7
4960,A1,1,1,0,4,0,0,0,0,0,0,0,0,0,1,0,1,5,17,9
4960,B0,0,1,6,3,0,0,0,0,0,0,0,0,0,1,0,1,5,91,5
4960,B1,1,1,1,2,0,0,0,0,0,0,0,0,0,1,0,1,61,364,89
4960,B2,1,0,2,20,0,0,0,0,0,0,0,0,0,1,0,1,7,31,23
4960,C1,10,1,2,0,0,0,0,0,0,0,0,0,0,1,0,2,5,35,7
4970,A1,2,1,0,3,0,0,0,0,0,0,0,0,1,0,1,2,5,17,9
4970,B0,0,2,7,2,0,0,0,0,0,0,0,0,0,0,1,1,5,91,5
4970,B1,1,2,1,2,0,0,0,1,0,0,0,0,0,0,1,1,62,370,89
4970,B2,1,0,3,20,0,0,0,0,0,0,0,0,0,0,1,1,7,31,23
4970,C1,9,1,1,0,0,0,0,0,0,0,0,0,0,0,1,2,5,35,7
4980,A1,3,4,0,1,0,0,0,0,0,0,0,0,1,0,1,2,5,17,9
4980,B0,0,2,6,3,0,0,0,0,0,0,0,0,0,0,1,1,5,91,5
4980,B1,1,1,1,1,0,0,0,1,0,0,0,0,0,0,1,1,62,390,89
4980,B2,3,0,3,20,0,0,0,0,0,0,0,0,0,0,1,1,7,31,23
4980,C1,11,4,1,0,0,0,0,0,0,0,0,0,0,0,1,2,5,35,7
4990,A1,3,5,0,1,0,0,0,0,0,0,0,0,0,0,1,2,5,17,9
4990,B0,0,3,5,1,0,0,0,0,0,0,0,0,0,0,1,1,5,91,5
4990,B1,1,2,1,1,0,0,0,0,0,0,0,0,0,0,1,2,62,400,90
4990,B2,4,0,2,19,0,0,0,0,0,0,0,0,0,0,1,1,7,31,23
4990,C1,11,3,1,0,0,0,0,0,0,0,0,0,0,0,1,2,5,35,7
5000,A1,1,4,0,1,0,0,0,0,0,0,0,0,0,1,0,2,5,17,9
5000,B0,0,3,5,1,0,0,0,0,0,0,0,0,0,1,0,1,5,91,5
5000,B1,1,1,1,1,0,0,0,0,0,0,0,0,0,1,0,1,62,400,90
5000,B2,1,0,5,20,0,0,0,0,0,0,0,0,0,1,0,1,7,31,23
5000,C1,11,1,1,0,0,0,0,0,0,0,0,0,0,1,0,2,5,35,7
5010,A1,1,2,0,1,0,0,0,0,0,0,0,0,0,1,0,2,5,17,9
5010,B0,0,1,6,2,0,0,0,0,0,0,0,0,0,1,0,1,5,91,5
5010,B1,1,2,1,1,0,0,0,0,0,0,0,0,0,1,0,2,62,400,90
5010,B2,1,0,1,20,0,0,0,0,0,0,0,0,0,1,0,1,7,31,23
5010,C1,10,2,1,0,0,0,0,0,0,0,0,0,0,1,0,2,5,35,7
5020,A1,2,1,0,1,0,0,0,0,0,0,0,0,0,0,1,2,6,19,10
5020,B0,0,2,6,2,0,0,0,0,0,0,0,0,0,0,1,1,5,91,5
5020,B1,1,1,1,1,0,0,0,0,0,0,0,0,0,0,1,1,62,400,90
5020,B2,2,0,1,20,0,0,0,0,0,0,0,0,0,0,1,1,7,31,23
5020,C1,11,2,1,0,0,0,0,0,0,0,0,0,0,0,1,2,6,38,8
5030,A1,3,2,0,1,0,0,0,0,0,0,0,0,0,0,1,2,6,19,10
5030,B0,0,4,6,3,0,0,0,0,0,0,0,0,0,0,1,1,5,91,5
5030,B1,1,1,1,1,0,0,0,0,0,0,0,0,0,0,1,1,62,400,90
5030,B2,3,0,1,19,0,0,0,0,0,0,0,0,0,0,1,1,7,31,23
5030,C1,11,4,1,0,0,0,0,0,0,0,0,0,0,0,1,2,6,38,8
5040,A1,2,3,0,2,0,0,0,0,0,0,0,0,0,1,0,2,6,19,10
5040,B0,0,4,4,2,0,0,0,0,0,0,0,0,0,1,0,1,5,91,5
5040,B1,3,2,1,2,0,0,0,0,0,0,0,0,0,1,0,2,63,404,91
5040,B2,1,0,1,19,0,0,0,0,0,0,0,0,0,1,0,1,7,31,23
5040,C1,11,2,1,0,0,0,0,0,0,0,0,0,0,1,0,2,6,38,8
5050,A1,2,2,0,2,0,0,0,0,0,0,0,0,0,1,0,2,6,19,10
5050,B0,0,2,6,4,0,0,0,0,0,0,0,0,0,1,0,1,5,91,5
5050,B1,1,3,1,2,0,0,0,0,0,0,0,0,0,1,0,2,63,404,91
5050,B2,1,0,3,20,0,0,0,0,0,0,0,0,0,1,0,1,7,31,23
5050,C1,12,1,1,0,0,0,0,0,0,0,0,0,0,1,0,2,6,38,8
5060,A1,2,2,0,2,0,0,0,0,0,0,0,0,0,0,1,2,6,19,10
5060,B0,0,1,7,5,0,0,0,0,0,0,0,0,0,0,1,1,5,91,5
5060,B1,2,2,3,3,0,0,0,0,2,0,0,0,0,0,1,1,64,406,91
5060,B2,2,0,4,20,0,0,0,0,0,0,0,0,0,0,1,1,7,31,23
5060,C1,11,1,1,0,0,0,0,0,0,0,0,1,0,0,1,2,6,38,8
5070,A1,1,2,0,1,0,0,0,0,0,0,0,0,0,0,1,2,6,19,10
5070,B0,0,1,7,2,0,0,0,0,0,0,0,0,0,0,1,1,5,91,5
5070,B1,2,3,1,1,0,0,0,0,0,0,0,0,0,0,1,2,64,412,93
5070,B2,2,0,2,20,0,0,0,0,0,0,0,0,0,0,1,1,7,31,23
5070,C1,12,1,1,0,0,0,0,0,0,0,0,0,0,0,1,2,6,38,8
5080,A1,1,5,0,2,0,0,0,0,0,0,0,0,0,0,1,2,6,19,10
5080,B0,0,1,4,1,0,0,0,0,0,0,0,0,0,0,1,1,5,91,5
5080,B1,2,3,2,1,0,0,0,0,0,0,0,0,0,0,1,2,64,412,93
5080,B2,2,0,1,18,0,0,0,0,0,0,0,0,0,0,1,1,7,31,23
5080,C1,13,3,1,0,0,0,0,0,0,0,0,0,0,0,1,2,6,38,8
5090,A1,2,4,0,3,0,0,0,0,0,0,0,0,0,1,0,2,6,19,10
5090,B0,0,1,5,1,0,0,0,0,0,0,0,0,0,1,0,1,5,91,5
5090,B1,1,1,2,1,0,0,0,0,0,0,0,0,0,1,0,1,64,412,93
5090,B2,1,0,3,19,0,0,0,0,0,0,0,0,0,1,0,1,7,31,23
5090,C1,12,2,2,0,0,0,0,0,0,0,0,0,0,1,0,2,6,38,8
5100,A1,2,2,0,4,0,0,0,0,0,0,0,0,0,1,0,1,6,19,10
5100,B0,0,1,6,3,0,0,0,0,0,0,0,0,0,1,0,1,5,91,5
5100,B1,2,3,2,1,0,0,0,0,0,0,0,0,0,1,0,2,64,412,93
5100,B2,1,0,1,19,0,0,0,0,0,0,0,0,0,1,0,1,7,31,23
5100,C1,8,2,2,0,0,0,0,0,0,0,0,0,0,1,0,2,6,38,8
5110,A1,1,1,0,3,0,0,0,0,0,0,0,0,0,0,1,1,6,19,10
5110,B0,0,4,5,1,0,0,0,0,0,0,0,0,0,0,1,1,5,91,5
5110,B1,2,1,1,1,0,0,0,0,0,0,0,0,0,0,1,2,64,412,93
5110,B2,1,0,1,20,0,0,0,0,0,0,0,0,0,0,1,1,7,31,23
5110,C1,8,1,1,0,0,0,0,0,0,0,0,0,0,0,1,2,6,38,8
5120,A1,4,2,0,2,0,0,0,0,0,0,0,0,0,0,1,2,6,19,10
5120,B0,0,4,5,2,0,0,0,0,0,0,0,0,0,0,1,1,5,91,5
5120,B1,2,2,1,4,0,0,0,0,0,0,0,0,0,0,1,1,64,412,93
5120,B2,1,0,1,18,0,0,0,0,0,0,0,0,0,0,1,1,7,31,23
5120,C1,11,2,1,0,0,0,0,0,0,0,0,0,0,0,1,2,6,38,8
5130,A1,3,2,0,1,0,0,0,0,0,0,0,0,0,1,0,2,6,19,10
5130,B0,0,3,4,1,0,0,0,0,0,0,0,0,0,1,0,1,5,91,5
5130,B1,2,3,2,3,0,0,0,0,0,0,0,0,0,1,0,1,64,412,93
5130,B2,1,0,1,18,0,0,0,0,0,0,0,0,0,1,0,1,7,31,23
5130,C1,12,5,1,0,0,0,0,0,0,0,0,0,0,1,0,2,6,38,8
5140,A1,1,2,0,1,0,0,0,0,0,0,0,0,0,1,0,2,6,19,10
5140,B0,0,2,5,1,0,0,0,0,0,0,0,0,0,1,0,1,5,91,5
5140,B1,1,2,2,3,0,0,0,0,0,0,0,0,0,1,0,1,64,412,93
5140,B2,2,0,2,18,0,0,0,0,0,0,0,0,0,1,0,1,7,31,23
5140,C1,11,1,2,0,0,0,0,0,0,0,0,0,0,1,0,2,6,38,8
5150,A1,1,1,0,1,0,0,0,0,0,0,0,0,0,1,0,2,6,19,10
5150,B0,0,1,7,2,0,0,0,0,0,0,0,0,0,1,0,1,5,91,5
5150,B1,2,1,2,3,0,0,0,0,0,0,0,0,0,1,0,1,64,412,93
5150,B2,1,0,3,20,0,0,0,0,0,0,0,0,0,1,0,1,7,31,23
5150,C1,9,1,2,0,0,0,0,0,0,0,0,0,0,1,0,2,6,38,8
5160,A1,2,2,0,1,0,0,0,0,0,0,0,0,0,0,1,2,6,19,10
5160,B0,0,2,7,1,0,0,0,0,0,0,0,0,0,0,1,1,5,91,5
5160,B1,1,2,1,3,0,0,0,0,0,0,0,0,0,0,1,1,64,412,93
5160,B2,2,0,2,20,0,0,0,0,0,0,0,0,0,0,1,1,7,31,23
5160,C1,11,3,1,0,0,0,0,0,0,0,0,0,0,0,1,2,6,38,8
5170,A1,3,2,0,1,0,0,0,0,0,0,0,0,0,0,1,2,6,19,10
5170,B0,0,2,5,1,0,0,0,0,0,0,0,0,0,0,1,1,5,91,5
5170,B1,1,2,1,3,0,0,0,0,0,0,0,0,0,0,1,1,64,412,93
5170,B2,2,0,1,17,0,0,0,0,0,0,0,0,0,0,1,1,7,31,23
5170,C1,10,3,1,0,0,0,0,0,0,0,0,0,0,0,1,2,6,38,8
5180,A1,1,3,0,4,0,0,0,0,0,0,0,0,0,1,0,1,6,19,10
5180,B0,0,2,4,1,0,0,0,0,0,0,0,0,0,1,0,1,5,91,5
5180,B1,1,1,1,3,0,0,0,0,0,0,0,0,0,1,0,1,64,412,93
5180,B2,1,0,1,17,0,0,0,0,0,0,0,0,0,1,0,1,7,31,23
5180,C1,11,2,2,0,0,0,0,0,0,0,0,0,0,1,0,2,6,38,8
5190,A1,1,1,0,4,0,0,0,0,0,0,0,0,0,1,0,1,6,19,10
5190,B0,0,1,6,2,0,0,0,0,0,0,0,0,0,1,0,1,5,91,5
5190,B1,1,1,1,3,0,0,0,0,0,0,0,0,0,1,0,1,64,412,93
5190,B2,1,0,1,18,0,0,0,0,0,0,0,0,0,1,0,1,7,31,23
5190,C1,10,1,2,0,0,0,0,0,0,0,0,0,0,1,0,2,6,38,8
5200,A1,2,1,0,3,0,0,0,0,0,0,0,0,0,0,1,1,6,19,10
5200,B0,0,1,5,1,0,0,0,0,0,0,0,0,0,0,1,1,5,91,5
5200,B1,2,1,1,3,0,0,0,0,0,0,0,0,0,0,1,1,65,414,94
5200,B2,1,0,2,20,0,0,0,0,0,0,0,0,0,0,1,1,7,31,23
5200,C1,10,1,2,0,0,0,0,0,0,0,0,0,0,0,1,2,6,38,8
5210,A1,3,2,0,1,0,0,0,0,0,0,0,0,0,0,1,2,6,19,10
5210,B0,0,2,3,1,0,0,0,0,0,0,0,0,0,0,1,1,5,91,5
5210,B1,2,2,2,2,0,0,0,0,0,0,0,0,0,0,1,1,65,414,94
5210,B2,1,0,2,20,0,0,0,0,0,0,0,0,0,0,1,1,7,31,23
5210,C1,10,3,1,0,0,0,0,0,0,0,0,0,0,0,1,2,6,38,8
5220,A1,4,1,0,1,0,0,0,0,0,0,0,0,0,0,1,2,6,19,10
5220,B0,0,2,3,1,0,0,0,0,0,0,0,0,0,0,1,1,5,91,5
5220,B1,2,2,2,1,0,0,0,0,0,0,0,0,0,0,1,2,65,414,94
5220,B2,1,0,1,19,0,0,0,0,0,0,0,0,0,0,1,1,7,31,23
5220,C1,12,4,2,0,0,0,0,0,0,0,0,0,0,0,1,2,6,38,8
5230,A1,1,2,0,4,0,0,0,0,0,0,0,0,0,1,0,1,6,19,10
5230,B0,0,1,4,1,0,0,0,0,0,0,0,0,0,1,0,1,5,91,5
5230,B1,3,1,1,2,0,0,0,0,0,0,0,0,0,1,0,2,65,414,94
5230,B2,1,0,1,20,0,0,0,0,0,0,0,0,0,1,0,1,7,31,23
5230,C1,11,2,1,0,0,0,0,0,0,0,0,0,0,1,0,2,6,38,8
5240,A1,3,1,0,4,0,0,0,0,0,0,0,0,0,1,0,1,6,19,10
5240,B0,0,1,5,2,0,0,0,0,0,0,0,0,0,1,0,1,5,91,5
5240,B1,2,1,1,2,0,0,0,0,0,0,0,0,0,1,0,1,65,414,94
5240,B2,1,0,2,20,0,0,0,0,0,0,0,0,0,1,0,1,7,31,23
5240,C1,10,1,1,0,0,0,0,0,0,0,0,0,0,1,0,2,6,38,8
5250,A1,4,2,0,2,0,0,0,0,0,0,0,0,0,0,1,2,6,19,10
5250,B0,0,2,5,1,0,0,0,0,0,0,0,0,0,0,1,1,5,91,5
5250,B1,2,1,1,1,0,0,0,0,0,0,0,0,0,0,1,2,65,414,94
5250,B2,2,0,1,20,0,0,0,0,0,0,0,0,0,0,1,1,7,31,23
5250,C1,9,2,1,0,0,0,0,0,0,0,0,0,0,0,1,2,6,38,8
5260,A1,4,4,0,2,0,0,0,0,0,0,0,0,0,0,1,2,6,19,10
5260,B0,0,3,4,2,0,0,0,0,0,0,0,0,0,0,1,1,5,91,5
5260,B1,2,1,2,1,0,0,0,0,0,0,0,0,0,0,1,1,65,414,94
5260,B2,1,0,2,17,0,0,0,0,0,0,0,0,0,0,1,1,7,31,23
5260,C1,11,1,1,0,0,0,0,0,0,0,0,0,0,0,1,2,6,38,8
5270,A1,4,4,0,3,0,0,0,0,0,0,0,0,0,1,0,2,6,19,10
5270,B0,0,2,3,1,0,0,0,0,0,0,0,0,0,1,0,1,5,91,5
5270,B1,1,2,2,1,0,0,0,0,0,0,0,0,0,1,0,1,66,418,95
5270,B2,1,0,3,16,0,0,0,0,0,0,0,0,0,1,0,1,7,31,23
5270,C1,12,1,1,0,0,0,0,0,0,0,0,0,0,1,0,2,6,38,8
5280,A1,1,5,0,3,0,0,0,0,0,0,0,0,0,1,0,2,6,19,10
5280,B0,0,1,4,2,0,0,0,0,0,0,0,0,0,1,0,1,5,91,5
5280,B1,1,1,2,2,0,0,0,0,0,0,0,0,0,1,0,1,66,418,95
5280,B2,1,0,2,17,0,0,0,0,0,0,0,0,0,1,0,1,7,31,23
5280,C1,13,1,2,0,0,0,0,0,0,0,0,0,0,1,0,2,6,38,8
5290,A1,1,3,0,3,0,0,0,0,0,0,0,0,0,0,1,2,6,19,10
5290,B0,0,2,4,4,0,0,0,0,0,0,0,0,0,0,1,1,5,91,5
5290,B1,2,2,3,2,0,0,0,0,0,0,0,0,0,0,1,1,66,418,95
5290,B2,1,0,4,20,0,0,0,0,0,0,0,0,0,0,1,1,7,31,23
5290,C1,12,2,3,0,0,0,0,0,0,0,0,0,0,0,1,2,6,38,8
5300,A1,2,4,0,1,0,0,0,0,0,0,0,0,0,0,1,2,6,19,10
5300,B0,0,3,5,2,0,0,0,0,0,0,0,0,0,0,1,1,5,91,5
5300,B1,2,3,1,1,0,0,0,0,0,0,0,0,0,0,1,2,66,418,95
5300,B2,3,0,2,20,0,0,0,0,0,0,0,0,0,0,1,1,7,31,23
5300,C1,13,3,2,0,0,0,0,0,0,0,0,0,0,0,1,2,6,38,8
5310,A1,4,6,0,1,0,0,0,0,0,0,0,0,0,0,1,2,6,19,10
5310,B0,0,3,4,1,0,0,0,0,0,0,0,0,0,0,1,1,5,91,5
5310,B1,2,4,1,2,0,0,0,0,0,0,0,0,0,0,1,2,66,418,95
5310,B2,3,0,2,20,0,0,0,0,0,0,0,0,0,0,1,1,7,31,23
5310,C1,14,2,1,0,0,0,0,0,0,0,0,0,0,0,1,2,6,38,8
5320,A1,1,6,0,2,0,0,0,0,0,0,0,0,0,1,0,2,6,19,10
5320,B0,0,2,3,1,0,0,0,0,0,0,0,0,0,1,0,1,5,91,5
5320,B1,1,3,1,2,0,0,0,0,0,0,0,0,0,1,0,2,67,426,97
5320,B2,3,0,2,20,0,0,0,0,0,0,0,0,0,1,0,1,7,31,23
5320,C1,13,2,2,0,0,0,0,0,0,0,0,0,0,1,0,2,6,38,8
5330,A1,2,3,0,2,0,0,0,0,0,0,0,0,0,1,0,2,6,19,10
5330,B0,0,1,4,3,0,0,0,0,0,0,0,0,0,1,0,1,5,91,5
5330,B1,2,1,1,2,0,0,0,0,0,0,0,0,0,1,0,1,67,426,97
5330,B2,1,0,5,20,0,0,0,0,0,0,0,0,0,1,0,1,7,31,23
5330,C1,12,1,2,0,0,0,0,0,0,0,0,0,0,1,0,2,6,38,8
5340,A1,1,2,0,1,0,0,0,0,0,0,0,0,0,0,1,2,6,19,10
5340,B0,0,2,3,3,0,0,0,0,0,0,0,0,0,0,1,1,5,91,5
5340,B1,2,3,1,2,0,0,0,0,0,0,0,0,0,0,1,2,67,426,97
5340,B2,1,0,4,20,0,0,0,0,0,0,0,0,0,0,1,1,7,31,23
5340,C1,12,1,2,0,0,0,0,0,0,0,0,0,0,0,1,2,7,42,9
5350,A1,4,3,0,1,0,0,0,0,0,0,0,0,0,0,1,2,6,19,10
5350,B0,0,3,3,2,0,0,0,0,0,0,0,0,0,0,1,1,5,91,5
5350,B1,2,3,1,1,0,0,0,0,0,0,0,0,0,0,1,2,67,426,97
5350,B2,1,0,1,20,0,0,0,0,0,0,0,0,0,0,1,1,7,31,23
5350,C1,13,1,1,0,0,0,0,0,0,0,0,0,0,0,1,2,7,42,9
5360,A1,6,3,0,1,0,0,0,0,0,0,0,0,0,1,0,2,6,19,10
5360,B0,0,2,1,2,0,0,0,0,0,0,0,0,0,1,0,1,5,91,5
5360,B1,2,3,2,1,0,0,2,0,0,0,0,0,0,1,0,2,68,430,97
5360,B2,2,0,1,19,0,0,0,0,0,1,0,0,0,1,0,1,7,31,23
5360,C1,12,3,2,0,0,0,0,0,0,0,0,0,0,1,0,2,7,42,9
5370,A1,2,4,0,3,0,0,0,0,0,0,0,0,0,1,0,2,6,19,10
5370,B0,0,2,2,2,0,0,0,0,0,0,0,0,0,1,0,1,5,91,5
5370,B1,2,1,2,1,0,0,0,0,0,0,0,0,0,1,0,1,68,440,100
5370,B2,1,0,1,19,0,0,0,0,0,0,0,0,0,1,0,1,7,31,23
5370,C1,14,2,3,0,0,0,0,0,0,0,0,0,0,1,0,2,7,42,9
5380,A1,1,3,0,4,0,0,0,0,0,0,0,0,0,1,0,1,6,19,10
5380,B0,0,1,4,4,0,0,0,0,0,0,0,0,0,1,0,1,5,91,5
5380,B1,2,2,2,1,0,0,0,0,0,0,0,0,0,1,0,2,68,440,100
5380,B2,1,0,4,20,0,0,0,0,0,0,0,0,0,1,0,1,7,31,23
5380,C1,12,1,4,0,0,0,0,0,0,0,0,0,0,1,0,2,7,42,9
5390,A1,1,3,0,4,0,0,0,0,0,0,0,0,0,0,1,1,6,19,10
5390,B0,0,1,3,1,0,0,0,0,0,0,0,0,0,0,1,1,5,91,5
5390,B1,2,1,2,1,0,0,0,0,0,0,0,0,0,0,1,1,69,456,101
5390,B2,1,0,2,20,0,0,0,0,0,0,0,0,0,0,1,1,7,31,23
5390,C1,12,1,2,0,0,0,0,0,0,0,0,0,0,0,1,2,7,42,9
5400,A1,1,4,0,3,0,0,0,0,0,0,0,0,0,0,1,2,6,19,10
5400,B0,0,2,1,1,0,0,0,0,0,0,0,0,0,0,1,1,5,91,5
5400,B1,2,1,1,2,0,0,0,0,0,0,0,0,0,0,1,1,69,456,101
5400,B2,3,0,1,19,0,0,0,0,0,0,0,0,0,0,1,1,7,31,23
5400,C1,13,4,1,0,0,0,0,0,0,0,0,0,0,0,1,2,7,42,9
5410,A1,1,2,0,2,0,0,0,0,0,0,0,0,0,1,0,2,6,19,10
5410,B0,0,2,2,1,0,0,0,0,0,0,0,0,0,1,0,1,5,91,5
5410,B1,2,1,1,3,0,0,0,0,0,0,0,0,0,1,0,1,69,456,101
5410,B2,1,0,1,20,0,0,0,0,0,0,0,0,0,1,0,1,7,31,23
5410,C1,14,4,3,0,0,0,0,0,0,0,0,0,0,1,0,2,7,42,9
5420,A1,2,1,0,2,0,0,0,0,0,0,0,0,0,1,0,2,6,19,10
5420,B0,0,1,3,3,0,0,0,0,0,0,0,0,0,1,0,1,5,91,5
5420,B1,1,4,1,3,0,0,0,0,0,0,0,0,0,1,0,2,69,456,101
5420,B2,1,0,3,20,0,0,0,0,0,0,0,0,0,1,0,1,7,31,23
5420,C1,14,1,3,0,0,0,0,0,0,0,0,0,0,1,0,2,7,42,9
5430,A1,3,1,0,1,0,0,0,0,0,0,0,0,0,0,1,2,6,19,10
5430,B0,0,1,3,1,0,0,0,0,0,0,0,0,0,0,1,1,5,91,5
5430,B1,1,3,3,2,0,0,0,0,0,0,0,0,0,0,1,1,69,456,101
5430,B2,2,0,3,20,0,0,0,0,0,0,0,0,0,0,1,1,7,31,23
5430,C1,13,1,2,0,0,0,0,0,0,0,0,0,0,0,1,2,7,42,9
5440,A1,1,1,0,1,0,0,0,0,0,0,0,0,0,0,1,2,6,19,10
5440,B0,0,1,3,1,0,0,0,0,0,0,0,0,0,0,1,1,5,91,5
5440,B1,1,3,1,3,0,0,0,0,0,0,0,0,0,0,1,1,69,456,101
5440,B2,3,0,2,20,0,0,0,0,0,0,0,0,0,0,1,1,7,31,23
5440,C1,13,1,1,0,0,0,0,0,0,0,0,0,0,0,1,2,7,42,9
5450,A1,3,3,0,1,0,0,0,0,0,0,0,0,0,0,1,2,6,19,10
5450,B0,0,1,2,1,0,0,0,0,0,0,0,0,0,0,1,1,5,91,5
5450,B1,2,3,1,1,0,0,0,0,0,0,0,0,0,0,1,2,69,456,101
5450,B2,4,0,1,19,0,0,0,0,0,0,0,0,0,0,1,1,7,31,23
5450,C1,16,3,1,0,0,0,0,0,0,0,0,0,0,0,1,2,7,42,9
5460,A1,2,1,0,1,0,0,0,0,0,0,0,0,0,1,0,2,6,19,10
5460,B0,0,2,6,2,0,0,0,0,0,0,0,0,0,1,0,1,5,91,5
5460,B1,1,3,1,1,0,0,0,0,0,0,0,0,0,1,0,2,70,460,102
5460,B2,1,0,1,20,0,0,0,0,0,0,0,0,0,1,0,1,7,31,23
5460,C1,16,2,1,0,0,0,0,0,0,0,0,0,0,1,0,2,7,42,9
5470,A1,1,1,0,2,0,0,0,0,0,0,0,0,0,1,0,1,6,19,10
5470,B0,0,2,6,2,0,0,0,0,0,0,0,0,0,1,0,1,5,91,5
5470,B1,1,2,1,1,0,0,0,0,0,0,0,0,0,1,0,2,70,460,102
5470,B2,1,0,1,20,0,0,0,0,0,0,0,0,0,1,0,1,7,31,23
5470,C1,14,3,2,0,0,0,0,0,0,0,0,0,0,1,0,2,7,42,9
5480,A1,2,1,0,2,0,0,0,0,0,0,0,0,0,0,1,2,6,19,10
5480,B0,0,3,7,1,0,0,0,0,0,0,0,0,0,0,1,1,5,91,5
5480,B1,2,2,1,3,0,0,0,0,0,0,0,0,0,0,1,1,70,460,102
5480,B2,1,0,2,19,0,0,0,0,0,0,0,0,0,0,1,1,7,31,23
5480,C1,13,1,1,0,0,0,0,0,0,0,0,0,0,0,1,2,7,42,9
5490,A1,3,3,0,1,0,0,0,0,0,0,0,0,0,0,1,2,6,19,10
5490,B0,0,3,4,2,0,0,0,0,0,0,0,0,0,0,1,1,5,91,5
5490,B1,2,2,2,2,0,0,0,0,0,0,0,0,0,0,1,1,70,460,102
5490,B2,1,0,1,19,0,0,0,0,0,0,0,0,0,0,1,1,7,31,23
5490,C1,14,2,1,0,0,0,0,0,0,0,0,0,0,0,1,2,7,42,9
5500,A1,2,4,0,1,0,0,0,0,0,0,0,0,0,1,0,2,6,19,10
5500,B0,0,3,3,1,0,0,0,0,0,0,0,0,0,1,0,1,5,91,5
5500,B1,1,3,1,2,0,0,0,0,0,0,0,0,0,1,0,2,70,460,102
5500,B2,1,0,1,19,0,0,0,0,0,0,0,0,0,1,0,1,7,31,23
5500,C1,13,2,1,0,0,0,0,0,0,0,0,0,0,1,0,2,7,42,9
5510,A1,1,5,0,1,0,0,0,0,0,0,0,0,0,1,0,2,6,19,10
5510,B0,0,1,3,2,0,0,0,0,0,0,0,0,0,1,0,1,5,91,5
5510,B1,4,2,1,2,0,0,0,0,0,0,0,0,0,1,0,2,70,460,102
5510,B2,1,0,1,20,0,0,0,0,0,0,0,0,0,1,0,1,7,31,23
5510,C1,12,1,1,0,0,0,0,0,0,0,0,0,0,1,0,2,7,42,9
5520,A1,1,4,0,1,0,0,0,0,0,0,0,0,0,0,1,2,6,19,10
5520,B0,0,1,5,2,0,0,0,0,0,0,0,0,0,0,1,1,5,91,5
5520,B1,2,1,2,3,0,0,0,0,0,0,0,0,0,0,1,1,70,460,102
5520,B2,2,0,2,20,0,0,0,0,0,0,0,0,0,0,1,1,7,31,23
5520,C1,11,3,2,0,0,0,0,0,0,0,0,0,0,0,1,2,7,42,9
5530,A1,2,4,0,1,0,0,0,0,0,0,0,0,0,0,1,2,6,19,10
5530,B0,0,3,3,2,0,0,0,0,0,0,0,0,0,0,1,1,5,91,5
5530,B1,2,1,1,1,0,0,0,0,0,0,0,0,0,0,1,2,70,460,102
5530,B2,3,0,3,20,0,0,0,0,0,0,0,0,0,0,1,1,7,31,23
5530,C1,12,1,1,0,0,0,0,0,0,0,0,0,0,0,1,2,7,42,9
5540,A1,3,5,0,1,0,0,0,0,0,0,0,0,0,0,1,2,6,19,10
5540,B0,0,4,1,1,0,0,0,0,0,0,0,0,0,0,1,2,5,91,5
5540,B1,1,1,2,1,0,0,0,0,0,0,0,0,0,0,1,1,70,460,102
5540,B2,4,0,3,20,0,0,0,0,0,0,0,0,0,0,1,1,7,31,23
5540,C1,14,2,1,0,0,0,0,0,0,0,0,0,0,0,1,2,7,42,9
5550,A1,1,8,0,1,0,0,0,0,0,0,0,0,0,1,0,2,6,19,10
5550,B0,0,1,1,1,0,0,0,0,0,0,0,0,0,1,0,1,5,91,5
5550,B1,1,2,2,1,0,0,0,0,0,0,0,0,0,1,0,1,71,464,103
5550,B2,4,0,1,20,0,0,0,0,0,0,0,0,0,1,0,1,7,31,23
5550,C1,17,2,2,0,0,0,0,0,0,0,0,0,0,1,0,2,7,42,9
5560,A1,1,7,0,1,0,0,0,0,0,0,0,0,0,1,0,2,6,19,10
5560,B0,0,1,2,1,0,0,0,0,0,0,0,0,0,1,0,1,5,91,5
5560,B1,2,1,2,1,0,0,0,0,0,0,0,0,0,1,0,1,71,464,103
5560,B2,1,0,2,20,0,0,0,0,0,0,0,0,0,1,0,1,7,31,23
5560,C1,13,1,2,0,0,0,0,0,0,0,0,0,0,1,0,2,7,42,9
5570,A1,1,6,0,1,0,0,0,0,0,0,0,0,0,0,1,2,6,19,10
5570,B0,0,2,1,2,0,0,0,0,0,0,0,0,0,0,1,1,5,91,5
5570,B1,1,1,2,3,0,0,0,0,0,0,0,0,0,0,1,1,71,464,103
5570,B2,4,0,1,20,0,0,0,0,0,0,0,0,0,0,1,1,7,31,23
5570,C1,12,1,1,0,0,0,0,0,0,0,0,0,0,0,1,2,8,46,10
5580,A1,1,8,0,1,0,0,0,0,0,0,0,0,0,0,1,2,6,19,10
5580,B0,0,2,1,1,0,0,0,0,0,0,0,0,0,0,1,1,5,91,5
5580,B1,1,1,1,1,0,0,0,0,0,0,0,0,0,0,1,1,71,464,103
5580,B2,5,0,3,18,0,0,0,0,0,0,0,0,0,0,1,1,7,31,23
5580,C1,11,2,1,0,0,0,0,0,0,0,0,0,0,0,1,2,8,46,10
5590,A1,3,9,0,2,0,0,0,0,0,0,0,0,0,1,0,2,6,19,10
5590,B0,0,1,1,2,0,0,0,0,0,0,0,0,0,1,0,1,5,91,5
5590,B1,1,1,2,2,0,0,0,0,0,0,0,0,0,1,0,1,71,464,103
5590,B2,5,0,1,15,0,0,0,0,0,0,0,0,0,1,0,1,7,31,23
5590,C1,12,1,1,0,0,0,0,0,0,0,0,0,0,1,0,2,9,47,11
5600,A1,1,7,0,4,0,0,0,0,0,0,0,0,0,1,0,2,6,19,10
5600,B0,0,1,2,2,0,0,0,0,0,0,0,0,0,1,0,1,5,91,5
5600,B1,1,2,2,2,0,0,0,0,0,0,0,0,0,1,0,1,71,464,103
5600,B2,3,0,1,16,0,0,0,0,0,0,0,0,0,1,0,1,7,31,23
5600,C1,14,1,2,0,0,0,0,0,0,0,0,0,0,1,0,2,9,47,11
5610,A1,2,4,0,4,0,0,0,0,0,0,0,0,0,1,0,2,6,19,10
5610,B0,0,2,3,4,0,0,0,0,0,0,0,0,0,1,0,1,5,91,5
5610,B1,1,5,3,2,0,0,0,0,0,0,0,0,0,1,0,1,71,464,103
5610,B2,1,0,2,19,0,0,0,0,0,0,0,0,0,1,0,1,7,31,23
5610,C1,12,2,1,0,0,0,0,0,0,0,0,0,0,1,0,2,9,47,11
5620,A1,3,3,0,1,0,0,0,0,0,0,0,0,0,0,1,2,6,19,10
5620,B0,0,1,3,1,0,0,0,0,0,0,0,0,0,0,1,1,5,91,5
5620,B1,1,5,1,1,0,0,0,0,0,0,0,0,0,0,1,2,72,472,105
5620,B2,2,0,3,20,0,0,0,0,0,0,0,0,0,0,1,1,7,31,23
5620,C1,10,2,1,0,0,0,0,0,0,0,0,0,0,0,1,2,9,47,11
5630,A1,4,3,0,1,0,0,0,0,0,0,0,0,0,0,1,2,6,19,10
5630,B0,0,1,1,1,0,0,0,0,0,0,0,0,0,0,1,1,5,91,5
5630,B1,1,5,2,2,0,0,0,0,0,0,0,0,0,0,1,2,72,472,105
5630,B2,4,0,1,19,0,0,0,0,0,0,0,0,0,0,1,1,7,31,23
5630,C1,13,4,1,0,0,0,0,0,0,0,0,0,0,0,1,2,9,47,11
5640,A1,3,7,0,1,0,0,0,0,0,0,0,0,0,1,0,2,6,19,10
5640,B0,0,1,1,1,0,0,0,0,0,0,0,0,0,1,0,1,5,91,5
5640,B1,1,4,2,1,0,0,0,0,0,0,0,0,0,1,0,2,72,472,105
5640,B2,3,0,2,20,0,0,0,0,0,0,0,0,0,1,0,1,7,31,23
5640,C1,13,2,1,0,0,0,0,0,0,0,0,0,0,1,0,2,9,47,11
5650,A1,1,8,0,1,0,0,0,0,0,0,0,0,0,1,0,2,6,19,10
5650,B0,0,1,1,1,0,0,0,0,0,0,0,0,0,1,0,1,5,91,5
5650,B1,3,2,2,1,0,0,0,0,0,0,0,0,0,1,0,2,72,472,105
5650,B2,1,0,3,20,0,0,0,0,0,0,0,0,0,1,0,1,7,31,23
5650,C1,11,1,1,0,0,0,0,0,0,0,0,0,0,1,0,2,9,47,11
5660,A1,1,6,0,2,0,0,0,0,0,0,0,0,0,0,1,2,6,19,10
5660,B0,0,1,3,1,0,0,0,0,0,0,0,0,0,0,1,1,5,91,5
5660,B1,2,2,1,2,0,0,0,0,0,0,0,0,0,0,1,2,72,472,105
5660,B2,1,0,2,20,0,0,0,0,0,0,0,0,0,0,1,1,7,31,23
5660,C1,8,1,2,0,0,0,0,0,0,0,0,0,0,0,1,2,9,47,11
5670,A1,1,7,0,1,0,0,0,0,0,0,0,0,0,0,1,2,6,19,10
5670,B0,0,4,4,1,0,0,0,0,0,0,0,0,0,0,1,1,5,91,5
5670,B1,2,2,1,3,0,0,0,0,0,0,0,0,0,0,1,1,72,472,105
5670,B2,1,0,3,19,0,0,0,0,0,0,0,0,0,0,1,1,7,31,23
5670,C1,8,1,2,0,0,0,0,0,0,0,0,0,0,0,1,2,9,47,11
5680,A1,3,9,0,1,0,0,0,0,0,0,0,0,0,0,1,2,6,19,10
5680,B0,0,4,3,1,0,0,0,0,0,0,0,0,0,0,1,1,5,91,5
5680,B1,2,2,1,3,0,0,0,0,0,0,0,0,0,0,1,1,72,472,105
5680,B2,1,0,1,18,0,0,0,0,0,0,0,0,0,0,1,1,7,31,23
5680,C1,8,2,2,0,0,0,0,0,0,0,0,0,0,0,1,2,9,47,11
5690,A1,2,8,0,1,0,0,0,0,0,0,0,0,0,1,0,2,6,19,10
5690,B0,0,1,4,1,0,0,0,0,0,0,0,0,0,1,0,1,5,91,5
5690,B1,1,1,1,3,0,0,0,0,0,0,0,0,0,1,0,1,73,489,107
5690,B2,1,0,2,19,0,0,0,0,0,0,0,0,0,1,0,1,7,31,23
5690,C1,9,2,3,0,0,0,0,0,0,0,0,0,0,1,0,2,9,47,11
5700,A1,1,7,0,1,0,0,0,0,0,0,0,0,0,1,0,2,6,19,10
5700,B0,0,1,5,2,0,0,0,0,0,0,0,0,0,1,0,1,5,91,5
5700,B1,1,1,2,3,0,0,0,0,0,0,0,0,0,1,0,1,73,489,107
5700,B2,1,0,3,20,0,0,0,0,0,0,0,0,0,1,0,1,7,31,23
5700,C1,8,4,3,0,0,0,0,0,0,0,0,0,0,1,0,2,9,47,11
5710,A1,1,6,0,2,0,0,0,0,0,0,0,0,0,0,1,2,6,19,10
5710,B0,0,1,6,2,0,0,0,0,0,0,0,0,0,0,1,1,5,91,5
5710,B1,1,1,1,3,0,0,0,0,0,0,0,0,0,0,1,1,74,493,108
5710,B2,1,0,4,20,0,0,0,0,0,0,0,0,0,0,1,1,7,31,23
5710,C1,7,2,2,0,0,0,0,0,0,0,0,0,0,0,1,2,9,47,11
5720,A1,1,8,0,1,0,0,0,0,0,0,0,0,0,0,1,2,6,19,10
5720,B0,0,2,4,1,0,0,0,0,0,0,0,0,0,0,1,1,5,91,5
5720,B1,1,1,3,1,0,0,0,0,0,0,0,0,0,0,1,1,74,493,108
5720,B2,1,0,1,20,0,0,0,0,0,0,0,0,0,0,1,1,7,31,23
5720,C1,7,3,1,0,0,0,0,0,0,0,0,0,0,0,1,2,9,47,11
5730,A1,1,8,0,3,0,0,0,0,0,0,0,0,0,1,0,2,6,19,10
5730,B0,0,1,3,1,0,0,0,0,0,0,0,0,0,1,0,1,5,91,5
5730,B1,1,1,2,1,0,0,0,0,0,0,0,0,0,1,0,1,75,495,109
5730,B2,1,0,2,20,0,0,0,0,0,0,0,0,0,1,0,1,7,31,23
5730,C1,8,3,1,0,0,0,0,0,0,0,0,0,0,1,0,2,9,47,11
5740,A1,1,6,0,3,0,0,0,0,0,0,0,0,0,1,0,2,6,19,10
5740,B0,0,1,5,1,0,0,0,0,0,0,0,0,0,1,0,1,5,91,5
5740,B1,1,1,2,1,0,0,0,0,0,0,0,0,0,1,0,1,75,495,109
5740,B2,1,0,2,20,0,0,0,0,0,0,0,0,0,1,0,1,7,31,23
5740,C1,10,2,1,0,0,0,0,0,0,0,0,0,0,1,0,2,9,47,11
5750,A1,1,5,0,4,0,0,0,0,0,0,0,0,0,0,1,2,6,19,10
5750,B0,0,1,5,1,0,0,0,0,0,0,0,0,0,0,1,1,5,91,5
5750,B1,1,1,2,1,0,0,0,0,0,0,0,0,0,0,1,1,76,496,110
5750,B2,2,0,3,20,0,0,0,0,0,0,0,0,0,0,1,1,7,31,23
5750,C1,7,3,1,0,0,0,0,0,0,0,0,0,0,0,1,2,9,47,11
5760,A1,2,6,0,1,0,0,0,0,0,0,0,0,0,0,1,2,6,19,10
5760,B0,0,2,5,2,0,0,0,0,0,0,0,0,0,0,1,1,5,91,5
5760,B1,1,1,3,3,0,0,0,0,0,0,0,0,0,0,1,1,76,496,110
5760,B2,3,0,2,20,0,0,0,0,0,0,0,0,0,0,1,1,7,31,23
5760,C1,8,1,1,0,0,0,0,0,0,0,0,0,0,0,1,2,9,47,11
5770,A1,4,7,0,1,0,0,0,0,0,0,0,0,0,0,1,2,6,19,10
5770,B0,0,2,2,1,0,0,0,0,0,0,0,0,0,0,1,1,5,91,5
5770,B1,2,2,3,3,0,0,0,0,0,0,0,0,0,0,1,1,76,496,110
5770,B2,3,0,1,17,0,0,0,0,0,0,0,0,0,0,1,1,7,31,23
5770,C1,9,1,1,0,0,0,0,0,0,0,0,0,0,0,1,2,9,47,11
5780,A1,1,7,0,1,0,0,0,0,0,0,0,0,0,1,0,2,6,19,10
5780,B0,0,1,2,1,0,0,0,0,0,0,0,0,0,1,0,1,5,91,5
5780,B1,3,3,3,2,0,0,0,0,0,0,0,0,0,1,0,2,77,500,111
5780,B2,3,0,2,18,0,0,0,0,0,0,0,0,0,1,0,1,7,31,23
5780,C1,8,4,1,0,0,0,0,0,0,0,0,0,0,1,0,2,9,47,11
5790,A1,1,5,0,2,0,0,0,0,0,0,0,0,0,1,0,2,6,19,10
5790,B0,0,1,3,3,0,0,0,0,0,0,0,0,0,1,0,1,5,91,5
5790,B1,3,4,3,2,0,0,0,0,0,0,0,0,0,1,0,2,77,500,111
5790,B2,1,0,1,19,0,0,0,0,0,0,0,0,0,1,0,1,7,31,23
5790,C1,8,2,2,0,0,0,0,0,0,0,0,0,0,1,0,2,9,47,11
5800,A1,2,4,0,1,0,0,0,0,0,0,0,0,0,0,1,2,6,19,10
5800,B0,0,2,4,2,0,0,0,0,0,0,0,0,0,0,1,1,5,91,5
5800,B1,2,3,2,4,0,0,0,0,0,0,0,0,0,0,1,1,77,500,111
5800,B2,2,0,1,20,0,0,0,0,0,0,0,0,0,0,1,1,7,31,23
5800,C1,7,2,1,0,0,0,0,0,0,0,0,0,0,0,1,2,9,47,11
5810,A1,1,5,0,1,0,0,0,0,0,0,0,0,0,0,1,2,6,19,10
5810,B0,0,2,3,2,0,0,0,0,0,0,0,0,0,0,1,1,5,91,5
5810,B1,2,3,3,3,0,0,0,0,0,0,0,0,0,0,1,1,77,500,111
5810,B2,2,0,1,18,0,0,0,0,0,0,0,0,0,0,1,1,7,31,23
5810,C1,9,3,1,0,0,0,0,0,0,0,0,0,0,0,1,2,9,47,11
5820,A1,1,5,0,1,0,0,0,0,0,0,0,0,0,1,0,2,6,19,10
5820,B0,0,2,3,1,0,0,0,0,0,0,0,0,0,1,0,1,5,91,5
5820,B1,2,4,3,1,0,0,0,0,0,0,0,0,0,1,0,2,77,500,111
5820,B2,1,0,1,15,0,0,0,0,0,0,0,0,0,1,0,1,7,31,23
5820,C1,9,3,2,0,0,0,0,0,0,0,0,0,0,1,0,2,9,47,11
5830,A1,1,3,0,1,0,0,0,0,0,0,0,0,0,1,0,2,6,19,10
5830,B0,0,1,3,2,0,0,0,0,0,0,0,0,0,1,0,1,5,91,5
5830,B1,2,3,3,2,0,0,0,0,0,0,0,0,0,1,0,1,77,500,111
5830,B2,1,0,1,16,0,0,0,0,0,0,0,0,0,1,0,1,7,31,23
5830,C1,9,1,3,0,0,0,0,0,0,0,0,0,0,1,0,2,9,47,11
5840,A1,1,1,0,4,0,0,0,0,0,0,0,0,0,1,0,1,6,19,10
5840,B0,0,3,4,1,0,0,0,0,0,0,0,0,0,1,0,1,5,91,5
5840,B1,1,2,3,2,0,0,0,0,0,0,0,0,0,1,0,1,77,500,111
5840,B2,2,0,3,19,0,0,0,0,0,0,0,0,0,1,0,1,7,31,23
5840,C1,7,1,3,0,0,0,0,0,0,0,0,0,0,1,0,2,9,47,11
5850,A1,2,2,0,2,0,0,0,0,0,0,0,0,0,0,1,2,6,19,10
5850,B0,0,5,4,1,0,0,0,0,0,0,0,0,0,0,1,1,5,91,5
5850,B1,1,2,4,2,0,0,0,0,0,0,0,0,0,0,1,1,77,500,111
5850,B2,1,0,1,20,0,0,0,0,0,0,0,0,0,0,1,1,7,31,23
5850,C1,8,2,1,0,0,0,0,0,0,0,0,0,0,0,1,2,9,47,11
5860,A1,4,2,0,1,0,0,0,0,0,0,0,0,0,0,1,2,6,19,10
5860,B0,0,5,4,2,0,0,0,0,0,0,0,0,0,0,1,1,5,91,5
5860,B1,1,2,2,3,0,0,0,0,0,0,0,0,0,0,1,1,77,500,111
5860,B2,1,0,2,18,0,0,0,0,0,0,0,0,0,0,1,1,7,31,23
5860,C1,10,2,2,0,0,0,0,0,0,0,0,0,0,0,1,2,9,47,11
5870,A1,3,4,0,1,0,0,0,0,0,0,0,0,0,1,0,2,6,19,10
5870,B0,0,5,3,2,0,0,0,0,0,0,0,0,0,1,0,1,5,91,5
5870,B1,1,1,1,2,0,0,0,0,0,0,0,0,0,1,0,1,77,500,111
5870,B2,1,0,3,18,0,0,0,0,0,0,0,0,0,1,0,1,7,31,23
5870,C1,10,1,3,0,0,0,0,0,0,0,0,0,0,1,0,2,9,47,11
5880,A1,1,3,0,1,0,0,0,0,0,0,0,0,0,1,0,2,6,19,10
5880,B0,0,1,4,2,0,0,0,0,0,0,0,0,0,1,0,1,5,91,5
5880,B1,1,3,1,2,0,0,0,0,0,0,0,0,0,1,0,2,77,500,111
5880,B2,1,0,1,18,0,0,0,0,0,0,0,0,0,1,0,1,7,31,23
5880,C1,7,1,6,0,0,0,0,0,0,0,0,0,0,1,0,2,9,47,11
5890,A1,1,2,0,1,0,0,0,0,0,0,0,0,0,0,1,2,6,19,10
5890,B0,0,3,4,3,0,0,0,0,0,0,0,0,0,0,1,1,5,91,5
5890,B1,2,2,1,2,0,0,0,0,0,0,0,0,0,0,1,2,77,500,111
5890,B2,1,0,1,20,0,0,0,0,0,0,0,0,0,0,1,1,7,31,23
5890,C1,6,1,6,0,0,0,0,0,0,0,0,0,0,0,1,2,9,47,11
5900,A1,1,4,0,1,0,0,0,0,0,0,0,0,0,0,1,2,6,19,10
5900,B0,0,3,5,1,0,0,0,0,0,0,0,0,0,0,1,1,5,91,5
5900,B1,2,3,2,2,0,0,0,0,0,0,0,0,0,0,1,2,77,500,111
5900,B2,4,0,1,19,0,0,0,0,0,0,0,0,0,0,1,1,7,31,23
5900,C1,7,2,2,0,0,0,0,0,0,0,0,0,0,0,1,2,9,47,11
5910,A1,2,4,0,1,0,0,0,0,0,0,0,0,0,0,1,2,6,19,10
5910,B0,0,3,3,1,0,0,0,0,0,0,0,0,0,0,1,1,5,91,5
5910,B1,2,3,2,1,0,0,0,0,0,0,0,0,0,0,1,2,77,500,111
5910,B2,4,0,1,18,0,0,0,0,0,0,0,0,0,0,1,1,7,31,23
5910,C1,8,4,1,0,0,0,0,0,0,0,0,0,0,0,1,2,9,47,11
5920,A1,1,2,0,2,0,0,0,0,0,0,0,0,0,1,0,2,6,19,10
5920,B0,0,1,2,3,0,0,0,0,0,0,0,0,0,1,0,1,5,91,5
5920,B1,3,1,2,2,0,0,0,0,0,0,0,0,0,1,0,1,77,500,111
5920,B2,1,0,1,19,0,0,0,0,0,0,0,0,0,1,0,1,7,31,23
5920,C1,10,1,1,0,0,0,0,0,0,0,0,0,0,1,0,2,10,54,17
5930,A1,1,1,0,2,0,0,0,0,0,0,0,0,0,1,0,1,6,19,10
5930,B0,0,2,5,3,0,0,0,0,0,0,0,0,0,1,0,1,5,91,5
5930,B1,1,2,2,2,0,0,0,0,0,0,0,0,0,1,0,1,77,500,111
5930,B2,1,0,2,20,0,0,0,0,0,0,0,0,0,1,0,1,7,31,23
5930,C1,9,2,2,0,0,0,0,0,0,0,0,0,0,1,0,2,10,54,17
5940,A1,2,1,0,1,0,0,0,0,0,0,0,0,0,0,1,2,6,19,10
5940,B0,0,4,7,3,0,0,0,0,0,0,0,0,0,0,1,1,5,91,5
5940,B1,2,2,3,1,0,0,0,0,0,0,0,0,0,0,1,1,77,500,111
5940,B2,1,0,1,20,0,0,0,0,0,0,0,0,0,0,1,1,7,31,23
5940,C1,9,1,1,0,0,0,0,0,0,0,0,0,0,0,1,2,10,54,17
5950,A1,2,1,0,2,0,0,0,0,0,0,0,0,0,0,1,2,6,19,10
5950,B0,0,4,6,2,0,0,0,0,0,0,0,0,0,0,1,1,5,91,5
5950,B1,1,2,3,2,0,0,0,0,0,0,0,0,0,0,1,1,77,500,111
5950,B2,2,0,3,18,0,0,0,0,0,0,0,0,0,0,1,1,7,31,23
5950,C1,12,2,1,0,0,0,0,0,0,0,0,0,0,0,1,2,10,54,17
5960,A1,1,1,0,5,0,0,0,0,0,0,0,0,0,1,0,1,6,19,10
5960,B0,0,3,5,1,0,0,0,0,0,0,0,0,0,1,0,1,5,91,5
5960,B1,1,1,2,2,0,0,0,0,0,0,0,0,0,1,0,1,77,500,111
5960,B2,1,0,2,18,0,0,0,0,0,0,0,0,0,1,0,1,7,31,23
5960,C1,10,1,2,0,0,0,0,0,0,0,0,0,0,1,0,2,10,54,17
5970,A1,5,1,0,5,0,0,0,0,0,0,0,0,0,1,0,2,6,19,10
5970,B0,0,1,4,3,0,0,0,0,0,0,0,0,0,1,0,1,5,91,5
5970,B1,1,1,2,2,0,0,0,0,0,0,0,0,0,1,0,1,77,500,111
5970,B2,1,0,3,18,0,0,0,0,0,0,0,0,0,1,0,1,7,31,23
5970,C1,11,1,1,0,0,0,0,0,0,0,0,0,0,1,0,2,10,54,17
5980,A1,2,2,0,6,0,0,0,0,0,0,0,0,0,0,1,1,6,19,10
5980,B0,0,1,4,4,0,0,0,0,0,0,0,0,0,0,1,1,5,91,5
5980,B1,1,2,2,3,0,0,0,0,0,0,0,0,0,0,1,1,77,500,111
5980,B2,3,0,3,20,0,0,0,0,0,0,0,0,0,0,1,1,7,31,23
5980,C1,7,1,1,0,0,0,0,0,0,0,0,0,0,0,1,2,10,54,17
5990,A1,1,4,0,2,0,0,0,0,0,0,0,0,0,0,1,2,6,19,10
5990,B0,0,2,3,1,0,0,0,0,0,0,0,0,0,0,1,1,5,91,5
5990,B1,1,2,1,2,0,0,0,0,0,0,0,0,0,0,1,1,77,500,111
5990,B2,5,0,1,19,0,0,0,0,0,0,0,0,0,0,1,1,7,31,23
5990,C1,7,2,1,0,0,0,0,0,0,0,0,0,0,0,1,2,10,54,17
6000,A1,2,4,0,1,0,0,0,0,0,0,0,0,0,0,1,2,6,19,10
6000,B0,0,2,1,1,0,0,0,0,0,0,0,0,0,0,1,1,5,91,5
6000,B1,1,2,2,1,0,0,0,0,0,0,0,0,0,0,1,1,77,500,111
6000,B2,5,0,1,15,0,0,0,0,0,0,0,0,0,0,1,1,7,31,23
6000,C1,10,2,1,0,0,0,0,0,0,0,0,0,0,0,1,2,10,54,17
6010,A1,1,4,0,4,0,0,0,0,0,0,0,0,0,1,0,2,6,19,10
6010,B0,0,1,1,1,0,0,0,0,0,0,0,0,0,1,0,1,5,91,5
6010,B1,1,2,2,1,0,0,0,0,0,0,0,0,0,1,0,1,77,500,111
6010,B2,2,0,1,16,0,0,0,0,0,0,0,0,0,1,0,1,7,31,23
6010,C1,12,5,1,0,0,0,0,0,0,0,0,0,0,1,0,2,10,54,17
6020,A1,1,3,0,3,0,0,0,0,0,0,0,0,0,1,0,2,6,19,10
6020,B0,0,2,1,1,0,0,0,0,0,0,0,0,0,1,0,1,5,91,5
6020,B1,5,2,2,1,0,0,0,0,0,0,0,0,0,1,0,2,77,500,111
6020,B2,2,0,1,18,0,0,0,0,0,0,0,0,0,1,0,1,7,31,23
6020,C1,6,2,2,0,0,0,0,0,0,0,0,0,0,1,0,2,10,54,17
6030,A1,1,2,0,3,0,0,0,0,0,0,0,0,0,0,1,1,6,19,10
6030,B0,0,2,1,5,0,0,0,1,0,0,0,0,0,0,1,1,6,100,5
6030,B1,3,1,1,1,0,0,0,0,0,0,0,0,0,0,1,2,77,500,111
6030,B2,3,0,1,20,0,0,0,0,0,0,0,0,0,0,1,1,7,31,23
6030,C1,4,2,2,0,0,0,0,0,0,0,0,0,0,0,1,2,10,54,17
6040,A1,2,4,0,4,0,0,0,0,0,0,0,0,0,0,1,2,6,19,10
6040,B0,0,3,2,1,0,0,0,0,0,0,0,0,0,0,1,1,6,110,6
6040,B1,3,2,4,4,0,0,0,0,0,0,0,0,0,0,1,1,77,500,111
6040,B2,5,0,4,18,0,0,0,0,0,0,0,0,0,0,1,1,7,31,23
6040,C1,6,1,1,0,0,0,0,0,0,0,0,0,0,0,1,2,10,54,17
6050,A1,4,5,0,2,0,0,0,0,0,0,0,0,0,1,0,2,6,19,10
6050,B0,0,4,2,1,0,0,0,0,0,0,0,0,0,1,0,2,6,110,6
6050,B1,3,2,1,6,0,0,0,0,0,0,0,0,0,1,0,1,77,500,111
6050,B2,5,0,1,17,0,0,0,0,0,0,0,0,0,1,0,1,7,31,23
6050,C1,7,2,1,0,0,0,0,0,0,0,0,0,0,1,0,2,10,54,17
6060,A1,1,5,0,2,0,0,0,0,0,0,0,0,0,1,0,2,6,19,10
6060,B0,0,2,3,2,0,0,0,0,0,0,0,0,0,1,0,1,6,110,6
6060,B1,2,1,2,6,0,0,0,0,0,0,0,0,0,1,0,1,77,500,111
6060,B2,1,0,2,17,0,0,0,0,0,0,0,0,0,1,0,1,7,31,23
6060,C1,5,1,2,0,0,0,0,0,0,0,0,0,0,1,0,2,10,54,17
6070,A1,1,5,0,2,0,0,0,0,0,0,0,0,0,1,0,2,6,19,10
6070,B0,0,1,6,1,0,0,0,0,0,0,0,0,0,1,0,1,6,110,6
6070,B1,2,3,2,7,0,0,0,0,0,0,0,0,0,1,0,1,77,500,111
6070,B2,1,0,4,20,0,0,0,0,0,0,0,0,0,1,0,1,7,31,23
6070,C1,1,1,2,0,0,0,0,0,0,0,0,0,0,1,0,1,10,54,17
6080,A1,1,5,0,1,0,0,0,0,0,0,0,0,0,0,1,2,6,19,10
6080,B0,0,2,6,1,0,0,0,0,0,0,0,0,0,0,1,1,6,110,6
6080,B1,1,2,2,7,0,0,0,0,0,0,0,0,0,0,1,1,77,500,111
6080,B2,2,0,2,20,0,0,0,0,0,0,0,0,0,0,1,1,7,31,23
6080,C1,1,1,1,0,0,0,0,0,0,0,0,0,0,0,1,2,10,54,17
6090,A1,2,7,0,2,0,0,0,0,0,0,0,0,0,0,1,2,6,19,10
6090,B0,0,2,2,1,0,0,0,0,0,0,0,0,0,0,1,1,6,110,6
6090,B1,1,2,4,6,0,0,0,0,0,0,0,0,0,0,1,1,77,500,111
6090,B2,2,0,2,20,0,0,0,0,0,0,0,0,0,0,1,1,7,31,23
6090,C1,1,1,1,0,0,0,0,0,0,0,0,0,0,0,1,2,10,54,17
6100,A1,1,6,0,5,0,0,0,0,0,0,0,0,0,1,0,2,6,19,10
6100,B0,0,1,3,3,0,0,0,0,0,0,0,0,0,1,0,1,6,110,6
6100,B1,1,3,2,4,0,0,0,0,0,0,0,0,0,1,0,1,77,500,111
6100,B2,1,0,1,20,0,0,0,0,0,0,0,0,0,1,0,1,7,31,23
6100,C1,2,2,2,0,0,1,0,0,0,0,0,0,0,1,0,2,11,65,17
6110,A1,1,6,0,6,0,0,0,0,0,0,0,0,0,1,0,2,6,19,10
6110,B0,0,2,4,1,0,0,0,0,0,0,0,0,0,1,0,1,6,110,6
6110,B1,1,1,2,4,0,0,0,0,0,0,0,0,0,1,0,1,77,500,111
6110,B2,2,0,1,20,0,0,0,0,0,0,0,0,0,1,0,1,7,31,23
6110,C1,2,2,3,0,0,0,0,0,0,0,0,0,0,1,0,2,11,67,18
6120,A1,1,5,0,6,0,0,0,0,0,0,0,0,0,0,1,2,6,19,10
6120,B0,0,2,4,2,0,0,0,0,0,0,0,0,0,0,1,1,6,110,6
6120,B1,2,2,1,3,0,0,0,0,0,0,0,0,0,0,1,1,77,500,111
6120,B2,2,0,3,20,0,0,0,0,0,0,0,0,0,0,1,1,7,31,23
6120,C1,2,2,2,0,0,0,0,0,0,0,0,0,0,0,1,2,11,67,18
6130,A1,1,6,0,2,0,0,0,0,0,0,0,0,0,0,1,2,6,19,10
6130,B0,0,4,2,1,0,0,0,0,0,0,0,0,0,0,1,2,6,110,6
6130,B1,2,2,1,3,0,0,0,0,0,0,0,0,0,0,1,1,77,500,111
6130,B2,3,0,2,20,0,0,0,0,0,0,0,0,0,0,1,1,7,31,23
6130,C1,3,3,2,0,0,0,0,0,0,0,0,0,0,0,1,2,11,67,18
6140,A1,1,8,0,1,0,0,0,0,0,0,0,0,0,0,1,2,6,19,10
6140,B0,0,5,2,1,0,0,0,0,0,0,0,0,0,0,1,2,6,110,6
6140,B1,2,1,2,2,0,0,0,0,0,0,0,0,0,0,1,1,77,500,111
6140,B2,4,0,2,17,0,0,0,0,0,0,0,0,0,0,1,1,7,31,23
6140,C1,7,5,3,0,0,0,0,0,0,0,0,0,0,0,1,2,11,67,18
6150,A1,2,8,0,3,0,0,0,0,0,0,0,0,0,1,0,2,6,19,10
6150,B0,0,1,4,2,0,0,0,0,0,0,0,0,0,1,0,1,6,110,6
6150,B1,1,2,1,2,0,0,0,0,0,0,0,0,0,1,0,1,77,500,111
6150,B2,1,0,4,18,0,0,0,0,0,0,0,0,0,1,0,1,7,31,23
6150,C1,8,2,4,0,0,0,0,0,0,0,0,0,0,1,0,2,11,67,18
6160,A1,1,4,0,3,0,0,0,0,0,0,0,0,0,1,0,2,6,19,10
6160,B0,0,1,6,3,0,0,0,0,0,0,0,0,0,1,0,1,6,110,6
6160,B1,1,4,1,2,0,0,0,0,0,0,0,0,0,1,0,2,77,500,111
6160,B2,1,0,3,19,0,0,0,0,0,0,0,0,0,1,0,1,7,31,23
6160,C1,6,3,5,0,0,0,0,0,0,0,0,0,0,1,0,2,11,67,18
6170,A1,1,3,0,3,0,0,0,0,0,0,0,0,0,0,1,2,6,19,10
6170,B0,0,1,7,1,0,0,0,0,0,0,0,0,0,0,1,1,6,110,6
6170,B1,1,3,3,2,0,0,0,0,0,0,0,0,0,0,1,1,77,500,111
6170,B2,1,0,2,20,0,0,0,0,0,0,0,0,0,0,1,1,7,31,23
6170,C1,6,1,4,0,0,0,0,0,0,0,0,0,0,0,1,2,11,67,18
6180,A1,2,7,0,1,0,0,0,0,0,0,0,0,0,0,1,2,6,19,10
6180,B0,0,2,2,1,0,0,0,0,0,0,0,0,0,0,1,1,6,110,6
6180,B1,1,3,4,3,0,0,0,0,0,0,0,0,0,0,1,1,77,500,111
6180,B2,1,0,2,19,0,0,0,0,0,0,0,0,0,0,1,1,7,31,23
6180,C1,6,2,1,0,0,0,0,0,0,0,0,0,0,0,1,2,11,67,18
6190,A1,1,6,0,1,0,0,0,0,0,0,0,0,0,1,0,2,6,19,10
6190,B0,0,1,3,2,0,0,0,0,0,0,0,0,0,1,0,1,6,110,6
6190,B1,1,3,4,2,0,0,0,0,0,0,0,0,0,1,0,1,77,500,111
6190,B2,1,0,1,19,0,0,0,0,0,0,0,0,0,1,0,1,7,31,23
6190,C1,6,2,4,0,0,0,0,0,0,0,0,0,0,1,0,2,11,67,18
6200,A1,2,5,0,1,0,0,0,0,0,0,0,0,0,1,0,2,6,19,10
6200,B0,0,2,3,3,0,0,0,0,0,0,0,0,0,1,0,1,6,110,6
6200,B1,3,1,4,2,0,0,0,0,0,0,0,0,0,1,0,1,77,500,111
6200,B2,1,0,2,19,0,0,0,0,0,0,0,0,0,1,0,1,7,31,23
6200,C1,5,1,4,0,0,0,0,0,0,0,0,0,0,1,0,2,11,67,18
6210,A1,1,6,0,1,0,0,0,0,0,0,0,0,0,0,1,2,6,19,10
6210,B0,0,3,5,4,0,0,0,0,0,0,0,0,0,0,1,1,6,110,6
6210,B1,4,1,4,2,0,0,0,0,0,0,0,0,0,0,1,1,77,500,111
6210,B2,1,0,3,20,0,0,0,0,0,0,0,0,0,0,1,1,7,31,23
6210,C1,5,2,6,0,0,0,0,0,0,0,0,0,0,0,1,2,11,67,18
6220,A1,1,6,0,1,0,0,0,0,0,0,0,0,0,0,1,2,6,19,10
6220,B0,0,3,4,1,0,0,0,0,0,0,0,0,0,0,1,1,6,110,6
6220,B1,3,1,3,1,0,0,0,0,0,0,0,0,0,0,1,1,77,500,111
6220,B2,1,0,1,19,0,0,0,0,0,0,0,0,0,0,1,1,7,31,23
6220,C1,5,2,2,0,0,0,0,0,0,0,0,0,0,0,1,2,11,67,18
6230,A1,1,7,0,1,0,0,0,0,0,0,0,0,0,0,1,2,6,19,10
6230,B0,0,5,4,1,0,0,0,0,0,0,0,0,0,0,1,1,6,110,6
6230,B1,3,1,1,1,0,0,0,0,0,0,0,0,0,0,1,2,77,500,111
6230,B2,1,0,1,18,0,0,0,0,0,0,0,0,0,0,1,1,7,31,23
6230,C1,4,4,1,0,0,0,0,0,0,0,0,0,0,0,1,2,11,67,18
6240,A1,3,6,0,3,0,0,0,0,0,0,0,0,0,1,0,2,6,19,10
6240,B0,0,3,5,1,0,0,0,0,0,0,0,0,0,1,0,1,6,110,6
6240,B1,3,2,1,2,0,0,0,0,0,0,1,0,0,1,0,2,77,500,111
6240,B2,1,0,2,19,0,1,0,0,0,0,0,0,0,1,0,2,8,47,23
6240,C1,4,3,1,0,0,0,0,0,0,0,0,0,0,1,0,2,11,67,18
6250,A1,1,2,0,3,0,0,0,0,0,0,0,0,0,1,0,1,6,19,10
6250,B0,0,1,6,3,0,0,0,0,0,0,0,0,0,1,0,1,6,110,6
6250,B1,2,4,1,2,0,0,0,0,0,0,0,0,0,1,0,2,77,500,111
6250,B2,1,0,2,20,0,0,0,0,0,0,0,0,0,1,0,1,8,59,24
6250,C1,4,1,3,0,0,0,0,0,0,0,0,0,0,1,0,2,11,67,18
6260,A1,2,1,0,2,0,0,0,0,0,0,0,0,0,0,1,2,6,19,10
6260,B0,0,1,7,2,0,0,0,0,0,0,0,0,0,0,1,1,6,110,6
6260,B1,1,1,1,1,0,0,0,0,0,0,0,0,0,0,1,1,78,505,113
6260,B2,1,0,1,20,0,0,0,0,0,0,0,0,0,0,1,1,8,59,24
6260,C1,3,1,2,0,0,0,0,0,0,0,0,0,0,0,1,2,11,67,18
6270,A1,2,1,0,3,0,0,0,0,0,0,0,0,0,0,1,1,6,19,10
6270,B0,0,1,5,1,0,0,0,0,0,0,0,0,0,0,1,1,6,110,6
6270,B1,1,1,3,3,0,0,0,0,0,0,0,0,0,0,1,1,78,505,113
6270,B2,1,0,2,18,0,0,0,0,0,0,0,0,0,0,1,1,8,59,24
6270,C1,3,4,1,0,0,0,0,0,0,0,0,0,0,0,1,2,11,67,18
6280,A1,3,2,0,4,0,0,0,0,0,0,0,0,0,1,0,2,6,19,10
6280,B0,0,1,2,1,0,0,0,0,0,0,0,0,0,1,0,1,6,110,6
6280,B1,2,1,3,1,0,0,0,0,0,0,0,0,0,1,0,1,78,505,113
6280,B2,3,0,2,18,0,0,0,0,0,0,0,0,0,1,0,1,8,59,24
6280,C1,6,2,1,0,0,0,0,0,0,0,0,0,0,1,0,2,11,67,18
6290,A1,4,1,0,4,0,0,0,0,0,0,0,0,0,1,0,2,6,19,10
6290,B0,0,1,3,3,0,0,0,0,0,0,0,0,0,1,0,1,6,110,6
6290,B1,1,2,4,1,0,0,0,0,0,0,0,0,0,1,0,1,78,505,113
6290,B2,2,0,3,18,0,0,0,0,0,0,0,0,0,1,0,1,8,59,24
6290,C1,8,1,1,0,0,0,0,0,0,0,0,0,0,1,0,2,11,67,18
6300,A1,1,1,0,5,0,0,0,0,0,0,0,0,0,1,0,1,6,19,10
6300,B0,0,2,3,4,0,0,0,0,0,0,0,0,0,1,0,1,6,110,6
6300,B1,2,2,4,1,0,0,0,0,0,0,0,0,0,1,0,1,78,505,113
6300,B2,1,0,1,20,0,0,0,0,0,0,0,0,0,1,0,1,8,59,24
6300,C1,7,1,2,0,0,0,0,0,0,0,0,0,0,1,0,2,11,67,18
6310,A1,2,1,0,3,0,0,0,0,0,0,0,0,0,0,1,1,6,19,10
6310,B0,0,3,4,3,0,0,0,0,0,0,0,0,0,0,1,1,6,110,6
6310,B1,2,1,5,1,0,0,0,0,0,0,0,0,0,0,1,1,78,505,113
6310,B2,1,0,4,19,0,0,0,0,0,0,0,0,0,0,1,1,8,59,24
6310,C1,5,3,1,0,0,0,0,0,0,0,0,0,0,0,1,2,11,67,18
6320,A1,3,4,0,1,0,0,0,0,0,0,0,0,0,0,1,2,6,19,10
6320,B0,0,3,3,1,0,0,0,0,0,0,0,0,0,0,1,1,6,110,6
6320,B1,2,1,2,1,0,0,0,0,0,0,0,0,0,0,1,1,78,505,113
6320,B2,1,0,2,17,0,0,0,0,0,0,0,0,0,0,1,1,8,59,24
6320,C1,7,1,2,0,0,0,0,0,0,0,0,0,0,0,1,2,11,67,18
6330,A1,2,5,0,1,0,0,0,0,0,0,0,0,0,1,0,2,6,19,10
6330,B0,0,3,3,1,0,0,0,0,0,0,0,0,0,1,0,1,6,110,6
6330,B1,3,2,1,2,0,0,0,0,0,0,0,0,0,1,0,2,78,505,113
6330,B2,1,0,2,18,0,0,0,0,0,0,0,0,0,1,0,1,8,59,24
6330,C1,7,1,2,0,0,0,0,0,0,0,0,0,0,1,0,2,11,67,18
6340,A1,1,5,0,2,0,0,0,0,0,0,0,0,0,1,0,2,6,19,10
6340,B0,0,1,3,3,0,0,0,0,0,0,0,0,0,1,0,1,6,110,6
6340,B1,2,3,1,2,0,0,0,0,0,0,0,0,0,1,0,2,78,505,113
6340,B2,1,0,4,19,0,0,0,0,0,0,0,0,0,1,0,1,8,59,24
6340,C1,8,1,5,0,0,0,0,0,0,0,0,0,0,1,0,2,11,67,18
6350,A1,1,4,0,2,0,0,0,0,0,0,0,0,0,0,1,2,6,19,10
6350,B0,0,1,3,3,0,0,0,0,0,0,0,0,0,0,1,1,6,110,6
6350,B1,3,2,1,1,0,0,0,0,0,0,0,0,0,0,1,2,78,505,113
6350,B2,2,0,4,20,0,0,0,0,0,0,0,0,0,0,1,1,8,59,24
6350,C1,5,1,6,0,0,0,0,0,0,0,0,0,0,0,1,2,11,67,18
6360,A1,5,5,0,2,0,0,0,0,0,0,0,0,0,0,1,2,6,19,10
6360,B0,0,2,3,2,0,0,0,0,0,0,0,0,0,0,1,1,6,110,6
6360,B1,3,2,1,1,0,0,0,0,0,0,0,0,0,0,1,2,78,505,113
6360,B2,2,0,1,20,0,0,0,0,0,0,0,0,0,0,1,1,8,59,24
6360,C1,7,1,2,0,0,0,0,0,0,0,0,0,0,0,1,2,11,67,18
6370,A1,1,8,0,1,0,0,0,0,0,0,0,0,0,0,1,2,6,19,10
6370,B0,0,2,5,1,0,0,0,0,0,0,0,0,0,0,1,1,6,110,6
6370,B1,4,2,1,1,0,0,0,0,0,0,0,0,0,0,1,2,78,505,113
6370,B2,4,0,1,18,0,0,0,0,0,0,0,0,0,0,1,1,8,59,24
6370,C1,8,2,1,0,0,0,0,0,0,0,0,0,0,0,1,2,11,67,18
6380,A1,3,6,0,1,0,0,0,0,0,0,0,0,0,1,0,2,6,19,10
6380,B0,0,3,5,2,0,0,0,0,0,0,0,0,0,1,0,1,6,110,6
6380,B1,2,1,1,1,0,0,0,0,0,0,0,0,0,1,0,2,78,505,113
6380,B2,1,0,2,19,0,0,0,0,0,0,0,0,0,1,0,1,8,59,24
6380,C1,7,1,1,0,0,0,0,0,0,0,0,0,0,1,0,2,11,67,18
6390,A1,5,7,0,1,0,0,0,0,0,0,0,0,0,1,0,2,6,19,10
6390,B0,0,2,6,1,0,0,0,0,0,0,0,0,0,1,0,1,6,110,6
6390,B1,2,1,1,1,0,0,0,0,0,0,0,0,0,1,0,2,78,505,113
6390,B2,1,0,3,19,0,0,0,0,0,0,0,0,0,1,0,1,8,59,24
6390,C1,4,1,1,0,0,0,0,0,0,0,0,0,0,1,0,2,11,67,18
6400,A1,1,6,0,1,0,0,0,0,0,0,0,0,0,0,1,2,6,19,10
6400,B0,0,2,6,1,0,0,0,0,0,0,0,0,0,0,1,1,6,110,6
6400,B1,2,1,2,1,0,0,0,0,0,0,0,0,0,0,1,1,79,506,114
6400,B2,3,0,2,20,0,0,0,0,0,0,0,0,0,0,1,1,8,59,24
6400,C1,3,1,1,0,0,0,0,0,0,0,0,0,0,0,1,2,11,67,18
6410,A1,3,6,0,1,0,0,0,0,0,0,0,0,0,0,1,2,6,19,10
6410,B0,0,3,5,3,0,0,0,0,0,0,0,0,0,0,1,1,6,110,6
6410,B1,2,2,2,2,0,0,0,0,0,0,0,0,0,0,1,1,79,506,114
6410,B2,4,0,1,20,0,0,0,0,0,0,0,0,0,0,1,1,8,59,24
6410,C1,3,2,1,0,0,0,0,0,0,0,0,0,0,0,1,2,11,67,18
6420,A1,4,7,0,2,0,0,0,0,0,0,0,0,0,1,0,2,6,19,10
6420,B0,0,3,4,2,0,0,0,0,0,0,0,0,0,1,0,1,6,110,6
6420,B1,2,2,1,3,0,0,0,0,0,0,0,0,0,1,0,1,79,506,114
6420,B2,3,0,1,20,0,0,0,0,0,0,0,0,0,1,0,1,8,59,24
6420,C1,5,2,1,0,0,0,0,0,0,0,0,0,0,1,0,2,11,67,18
6430,A1,1,9,0,1,0,0,0,0,0,0,0,0,0,1,0,2,6,19,10
6430,B0,0,1,6,3,0,0,0,0,0,0,0,0,0,1,0,1,6,110,6
6430,B1,3,2,1,3,0,0,0,0,0,0,0,0,0,1,0,2,79,506,114
6430,B2,1,0,1,20,0,0,0,0,0,0,0,0,0,1,0,1,8,59,24
6430,C1,4,1,3,0,0,0,0,0,0,0,0,0,0,1,0,2,11,67,18
6440,A1,2,8,0,1,0,0,0,0,0,0,0,0,0,0,1,2,6,19,10
6440,B0,0,1,7,4,0,0,0,0,0,0,0,0,0,0,1,1,6,110,6
6440,B1,2,2,1,3,0,0,0,0,0,0,0,0,0,0,1,1,79,506,114
6440,B2,2,0,3,20,0,0,0,0,0,0,0,0,0,0,1,1,8,59,24
6440,C1,2,2,3,0,0,0,0,0,0,0,0,0,0,0,1,2,11,67,18
6450,A1,4,8,0,1,0,0,0,0,0,0,0,0,0,0,1,2,6,19,10
6450,B0,0,2,7,3,0,0,0,0,0,0,0,0,0,0,1,1,6,110,6
6450,B1,2,2,1,1,0,0,0,0,0,0,0,0,0,0,1,2,79,506,114
6450,B2,2,0,1,20,0,0,0,0,0,0,0,0,0,0,1,1,8,59,24
6450,C1,2,2,1,0,0,0,0,0,0,0,0,0,0,0,1,2,11,67,18
6460,A1,2,10,0,1,0,0,0,0,0,0,0,0,0,0,1,2,6,19,10
6460,B0,0,3,7,1,0,0,0,0,0,0,0,0,0,0,1,1,6,110,6
6460,B1,1,2,1,2,0,0,0,0,0,0,0,0,0,0,1,1,79,506,114
6460,B2,2,0,2,18,0,0,0,0,0,0,0,0,0,0,1,1,8,59,24
6460,C1,2,4,1,0,0,0,0,0,0,0,0,0,0,0,1,2,11,67,18
6470,A1,1,11,0,1,0,0,0,0,0,0,0,0,0,1,0,2,6,19,10
6470,B0,0,1,7,3,0,0,0,0,0,0,0,0,0,1,0,1,6,110,6
6470,B1,1,1,2,1,0,0,0,0,0,0,0,0,0,1,0,1,79,506,114
6470,B2,1,0,2,19,0,0,0,0,0,0,0,0,0,1,0,1,8,59,24
6470,C1,2,3,2,0,0,0,0,0,0,0,0,0,0,1,0,2,11,67,18
6480,A1,4,9,0,3,0,0,0,0,0,0,0,0,0,1,0,2,6,19,10
6480,B0,0,1,7,2,0,0,0,0,0,0,0,0,0,1,0,1,6,110,6
6480,B1,1,1,1,1,0,0,0,0,0,0,0,0,0,1,0,1,79,506,114
6480,B2,1,0,4,19,0,0,0,0,0,0,0,0,0,1,0,1,8,59,24
6480,C1,5,2,4,0,0,0,0,0,0,0,0,0,0,1,0,2,11,67,18
6490,A1,1,8,0,2,0,0,0,0,0,0,0,0,0,0,1,2,6,19,10
6490,B0,0,3,7,2,0,0,0,6,0,0,0,0,0,0,1,1,7,119,6
6490,B1,1,1,3,1,0,0,0,0,0,0,0,0,0,0,1,1,79,506,114
6490,B2,1,0,3,20,0,0,0,0,0,0,0,0,0,0,1,1,8,59,24
6490,C1,4,1,3,0,0,0,0,0,0,0,0,0,0,0,1,2,11,67,18
6500,A1,2,9,0,2,0,0,0,0,0,0,0,0,0,0,1,2,6,19,10
6500,B0,0,2,7,1,0,0,0,6,0,0,0,0,0,0,1,1,7,139,6
6500,B1,1,1,2,1,0,0,0,0,0,0,0,0,0,0,1,1,79,506,114
6500,B2,1,0,2,20,0,0,0,0,0,0,0,0,0,0,1,1,8,59,24
6500,C1,6,1,1,0,0,0,0,0,0,0,0,0,0,0,1,2,11,67,18
6510,A1,4,11,0,2,0,0,0,0,0,0,0,0,0,1,0,2,6,19,10
6510,B0,0,2,6,1,0,0,0,6,0,0,1,0,0,1,0,1,7,159,6
6510,B1,3,2,2,1,0,1,0,0,0,0,0,0,0,1,0,2,80,510,114
6510,B2,1,0,2,20,0,0,0,0,0,0,0,0,0,1,0,1,8,59,24
6510,C1,7,4,2,0,0,0,0,0,0,0,0,0,0,1,0,2,11,67,18
6520,A1,3,10,0,2,0,0,0,0,0,0,0,0,0,1,0,2,6,19,10
6520,B0,0,1,6,2,0,0,0,0,0,0,0,0,0,1,0,1,7,165,13
6520,B1,2,1,2,1,0,0,0,0,0,0,0,0,0,1,0,1,80,510,115
6520,B2,1,0,1,20,0,0,0,0,0,0,0,0,0,1,0,1,8,59,24
6520,C1,6,1,3,0,0,0,0,0,0,0,0,0,0,1,0,2,11,67,18
6530,A1,1,8,0,2,0,0,0,0,0,0,0,0,0,1,0,2,6,19,10
6530,B0,0,1,6,3,0,0,0,0,0,0,0,0,0,1,0,1,7,165,13
6530,B1,1,1,2,2,0,0,0,0,0,0,0,0,0,1,0,1,80,510,115
6530,B2,2,0,2,20,0,0,0,0,0,0,0,0,0,1,0,1,8,59,24
6530,C1,4,1,3,0,0,0,0,0,0,0,0,0,0,1,0,2,11,67,18
6540,A1,1,8,0,1,0,0,0,0,0,0,0,0,0,0,1,2,6,19,10
6540,B0,0,1,7,3,0,0,0,0,0,0,0,0,0,0,1,1,7,165,13
6540,B1,1,1,1,1,0,0,0,0,0,0,0,0,0,0,1,1,81,511,116
6540,B2,2,0,1,20,0,0,0,0,0,0,0,0,0,0,1,1,8,59,24
6540,C1,5,1,1,0,0,0,0,0,0,0,0,0,0,0,1,2,11,67,18
6550,A1,2,10,0,1,0,0,0,0,0,0,0,0,0,0,1,2,6,19,10
6550,B0,0,2,7,3,0,0,0,0,0,0,0,0,0,0,1,1,7,165,13
6550,B1,1,1,1,1,0,0,0,0,0,0,0,0,0,0,1,1,81,511,116
6550,B2,2,0,2,19,0,0,0,0,0,0,0,0,0,0,1,1,8,59,24
6550,C1,5,2,1,0,0,0,0,0,0,0,0,0,0,0,1,2,11,67,18
6560,A1,2,10,0,1,0,0,0,0,0,0,0,0,0,1,0,2,6,19,10
6560,B0,0,1,6,2,0,0,0,0,0,0,0,0,0,1,0,1,7,165,13
6560,B1,2,1,2,1,0,0,0,0,0,0,0,0,0,1,0,1,82,515,117
6560,B2,2,0,1,19,0,0,0,0,0,0,0,0,0,1,0,1,8,59,24
6560,C1,5,2,1,0,0,5,0,0,0,0,0,0,0,1,0,2,12,78,18
6570,A1,1,9,0,1,0,0,0,0,0,0,0,0,0,1,0,2,6,19,10
6570,B0,0,1,10,2,0,0,0,0,0,0,0,0,0,1,0,1,7,165,13
6570,B1,2,1,2,1,0,0,0,0,0,0,0,0,0,1,0,1,82,515,117
6570,B2,1,0,2,20,0,0,0,0,0,0,0,0,0,1,0,1,8,59,24
6570,C1,6,3,4,0,0,0,0,0,0,0,0,0,0,1,0,2,12,80,23
6580,A1,1,9,0,1,0,0,0,0,0,0,0,0,0,0,1,2,6,19,10
6580,B0,0,2,9,1,0,0,0,0,0,0,0,0,0,0,1,1,7,165,13
6580,B1,1,1,1,1,0,0,0,0,0,0,0,0,0,0,1,1,83,517,118
6580,B2,1,0,3,20,0,0,0,0,0,0,0,0,0,0,1,1,8,59,24
6580,C1,3,1,3,0,0,0,0,0,0,0,0,0,0,0,1,2,12,80,23
6590,A1,2,11,0,1,0,0,0,0,0,0,0,0,0,0,1,2,6,19,10
6590,B0,0,1,10,1,0,0,0,0,0,0,0,0,0,0,1,1,7,165,13
6590,B1,2,1,1,2,0,0,0,0,0,0,0,0,0,0,1,1,83,517,118
6590,B2,2,0,2,19,0,0,0,0,0,0,0,0,0,0,1,1,8,59,24
6590,C1,4,1,1,0,0,0,0,0,0,0,0,0,0,0,1,2,12,80,23
6600,A1,3,11,0,1,0,0,0,0,0,0,0,0,0,0,1,2,6,19,10
6600,B0,0,3,8,2,0,0,0,0,0,0,0,0,0,0,1,1,7,165,13
6600,B1,3,1,1,1,0,0,0,0,0,0,0,0,0,0,1,2,83,517,118
6600,B2,2,0,1,18,0,0,0,0,0,0,0,0,0,0,1,1,8,59,24
6600,C1,7,3,2,0,0,0,0,0,0,0,0,0,0,0,1,2,12,80,23
6610,A1,1,12,0,1,0,0,0,0,0,0,0,0,0,1,0,2,6,19,10
6610,B0,0,1,9,1,0,0,0,0,0,0,0,0,0,1,0,1,7,165,13
6610,B1,1,2,1,2,0,0,0,0,0,0,0,0,0,1,0,1,83,517,118
6610,B2,2,0,1,19,0,0,0,0,0,0,0,0,0,1,0,1,8,59,24
6610,C1,7,2,2,0,0,0,0,0,0,0,0,0,0,1,0,2,12,80,23
6620,A1,1,11,0,2,0,0,0,0,0,0,0,0,0,1,0,2,6,19,10
6620,B0,0,1,11,3,0,0,0,0,0,0,0,0,0,1,0,1,7,165,13
6620,B1,1,1,1,2,0,0,0,0,0,0,0,0,0,1,0,1,83,517,118
6620,B2,1,0,2,20,0,0,0,0,0,0,0,0,0,1,0,1,8,59,24
6620,C1,5,1,2,0,0,0,0,0,0,0,0,0,0,1,0,2,12,80,23
6630,A1,1,11,0,2,0,0,0,0,0,0,0,0,0,0,1,2,6,19,10
6630,B0,0,2,12,2,0,0,0,0,0,0,0,0,0,0,1,1,7,165,13
6630,B1,1,2,1,3,0,0,0,0,0,0,0,0,0,0,1,1,83,517,118
6630,B2,2,0,1,20,0,0,0,0,0,0,0,0,0,0,1,1,8,59,24
6630,C1,5,2,1,0,0,0,0,0,0,0,0,0,0,0,1,2,12,80,23
6640,A1,2,12,0,1,0,0,0,0,0,0,0,0,0,0,1,2,6,19,10
6640,B0,0,2,10,2,0,0,0,0,0,0,0,0,0,0,1,1,7,165,13
6640,B1,1,2,1,2,0,0,0,0,0,0,0,0,0,0,1,1,83,517,118
6640,B2,2,0,1,19,0,0,0,0,0,0,0,0,0,0,1,1,8,59,24
6640,C1,7,3,1,0,0,0,0,0,0,0,0,0,0,0,1,2,12,80,23
6650,A1,1,12,0,2,0,0,0,0,0,0,0,0,0,1,0,2,6,19,10
6650,B0,0,2,9,1,0,0,0,0,0,0,0,0,0,1,0,1,7,165,13
6650,B1,1,1,1,2,0,0,0,0,0,0,0,0,0,1,0,1,83,517,118
6650,B2,1,0,1,19,0,0,0,0,0,0,0,0,0,1,0,1,8,59,24
6650,C1,6,3,1,0,0,0,0,0,0,0,0,0,0,1,0,2,12,80,23
6660,A1,3,10,0,2,0,0,0,0,0,0,0,0,0,1,0,2,6,19,10
6660,B0,0,1,9,1,0,0,0,0,0,0,0,0,0,1,0,1,7,165,13
6660,B1,1,2,1,2,0,0,0,0,0,0,0,0,0,1,0,1,83,517,118
6660,B2,3,0,1,19,0,0,0,0,0,0,0,0,0,1,0,1,8,59,24
6660,C1,6,4,1,0,0,0,0,0,0,0,0,0,0,1,0,2,12,80,23
6670,A1,1,7,0,3,0,0,0,0,0,0,0,0,1,0,1,2,6,19,10
6670,B0,0,1,10,2,0,0,0,0,0,0,0,0,0,0,1,1,7,165,13
6670,B1,2,1,2,2,0,0,0,1,0,0,0,0,0,0,1,1,84,519,118
6670,B2,3,0,2,20,0,0,0,0,0,0,0,0,0,0,1,1,8,59,24
6670,C1,3,1,1,0,0,0,0,0,0,0,0,0,0,0,1,2,12,80,23
6680,A1,3,7,0,2,0,0,0,0,0,0,0,0,0,0,1,2,6,19,10
6680,B0,0,1,9,1,0,0,0,0,0,0,0,0,0,0,1,1,7,165,13
6680,B1,2,2,2,3,0,0,0,0,0,0,0,0,0,0,1,1,84,521,119
6680,B2,3,0,1,20,0,0,0,0,0,0,0,0,0,0,1,1,8,59,24
6680,C1,4,3,1,0,0,0,0,0,0,0,0,0,0,0,1,2,12,80,23
6690,A1,2,8,0,1,0,0,0,0,0,0,0,0,0,0,1,2,6,19,10
6690,B0,0,2,5,2,0,0,0,0,0,0,0,0,0,0,1,1,7,165,13
6690,B1,2,2,5,4,0,0,0,0,0,0,0,0,0,0,1,1,84,521,119
6690,B2,4,0,1,18,0,0,0,0,0,0,0,0,0,0,1,1,8,59,24
6690,C1,4,4,1,0,0,0,0,0,0,0,0,0,0,0,1,2,12,80,23
6700,A1,1,9,0,3,0,0,0,0,0,0,0,0,0,1,0,2,6,19,10
6700,B0,0,1,6,2,0,0,0,0,0,0,0,0,0,1,0,1,7,165,13
6700,B1,1,1,4,4,0,0,0,0,0,0,0,0,0,1,0,1,84,521,119
6700,B2,1,0,2,19,0,0,0,0,0,0,0,0,0,1,0,1,8,59,24
6700,C1,4,1,1,0,0,0,0,0,0,0,0,0,0,1,0,2,12,80,23
6710,A1,2,5,0,3,0,0,0,0,0,0,0,0,0,1,0,2,6,19,10
6710,B0,0,1,8,4,0,0,0,0,0,0,0,0,0,1,0,1,7,165,13
6710,B1,1,1,4,4,0,0,0,0,0,0,0,0,0,1,0,1,84,521,119
6710,B2,1,0,2,19,0,0,0,0,0,0,0,0,0,1,0,1,8,59,24
6710,C1,4,1,2,0,0,0,0,0,0,0,0,0,0,1,0,2,12,80,23
6720,A1,3,4,0,1,0,0,0,0,0,0,0,0,0,0,1,2,7,23,11
6720,B0,0,2,8,3,0,0,0,0,0,0,0,0,0,0,1,1,7,165,13
6720,B1,1,1,5,2,0,0,0,0,0,0,0,0,0,0,1,1,84,521,119
6720,B2,1,0,1,20,0,0,0,0,0,0,0,0,0,0,1,1,8,59,24
6720,C1,4,1,2,0,0,0,0,0,0,0,0,0,0,0,1,2,12,80,23
6730,A1,2,5,0,2,0,0,0,0,0,0,0,0,0,0,1,2,7,23,11
6730,B0,0,3,8,1,0,0,0,0,0,0,0,0,0,0,1,1,7,165,13
6730,B1,1,1,6,1,0,0,0,0,0,0,0,0,0,0,1,1,84,521,119
6730,B2,1,0,1,19,0,0,0,0,0,0,0,0,0,0,1,1,8,59,24
6730,C1,4,1,1,0,0,0,0,0,0,0,0,0,0,0,1,2,12,80,23
6740,A1,2,6,0,2,0,0,0,0,0,0,0,0,0,1,0,2,7,23,11
6740,B0,0,4,7,1,0,0,0,0,0,0,0,0,0,1,0,1,7,165,13
6740,B1,2,2,5,2,0,0,0,0,0,0,0,0,0,1,0,1,84,521,119
6740,B2,2,0,3,16,0,0,0,0,0,0,0,0,0,1,0,1,8,59,24
6740,C1,4,2,2,0,0,0,0,0,0,0,0,0,0,1,0,2,12,80,23
6750,A1,1,5,0,4,0,0,0,0,0,0,0,0,0,1,0,2,7,23,11
6750,B0,0,2,8,1,0,0,0,0,0,0,0,0,0,1,0,1,7,165,13
6750,B1,1,2,5,1,0,0,0,0,0,0,0,0,0,1,0,1,84,521,119
6750,B2,1,0,3,17,0,0,0,0,0,0,0,0,0,1,0,1,8,59,24
6750,C1,4,2,2,0,0,0,0,0,0,0,0,0,0,1,0,2,12,80,23
6760,A1,1,2,0,4,0,0,0,0,0,0,0,0,0,1,0,1,7,23,11
6760,B0,0,2,8,2,0,0,0,0,0,0,0,0,0,1,0,1,7,165,13
6760,B1,2,1,5,2,0,0,0,0,0,0,0,0,0,1,0,1,84,521,119
6760,B2,1,0,5,20,0,0,0,0,0,0,0,0,0,1,0,1,8,59,24
6760,C1,3,2,2,0,0,0,0,0,0,0,0,0,0,1,0,2,12,80,23
6770,A1,1,2,0,1,0,0,0,0,0,0,0,0,0,0,1,2,7,23,11
6770,B0,0,2,8,5,0,0,0,0,0,0,0,0,0,0,1,1,7,165,13
6770,B1,2,1,4,1,0,0,0,0,0,0,0,0,0,0,1,1,84,521,119
6770,B2,1,0,2,20,0,0,0,0,0,0,0,0,0,0,1,1,8,59,24
6770,C1,3,4,1,0,0,0,0,0,0,0,0,0,0,0,1,2,12,80,23
6780,A1,2,3,0,1,0,0,0,0,0,0,0,0,0,0,1,2,7,23,11
6780,B0,0,2,7,3,0,0,0,0,0,0,0,0,0,0,1,1,7,165,13
6780,B1,2,1,1,1,0,0,0,0,0,0,0,0,0,0,1,2,84,521,119
6780,B2,1,0,1,19,0,0,0,0,0,0,0,0,0,0,1,1,8,59,24
6780,C1,4,3,1,0,0,0,0,0,0,0,0,0,0,0,1,2,12,80,23
6790,A1,3,3,0,1,0,0,0,0,0,0,0,0,0,1,0,2,7,23,11
6790,B0,0,1,6,1,0,0,0,0,0,0,0,0,0,1,0,1,7,165,13
6790,B1,2,1,1,1,0,0,0,0,0,0,0,0,0,1,0,2,84,521,119
6790,B2,1,0,1,19,0,0,0,0,0,0,0,0,0,1,0,1,8,59,24
6790,C1,4,3,2,0,0,0,0,0,0,0,0,0,0,1,0,2,12,80,23
6800,A1,1,2,0,1,0,0,0,0,0,0,0,0,0,1,0,2,7,23,11
6800,B0,0,1,7,2,0,0,0,0,0,0,0,0,0,1,0,1,7,165,13
6800,B1,3,3,1,1,0,0,0,0,0,0,0,0,0,1,0,2,84,521,119
6800,B2,5,0,2,19,0,0,0,0,0,0,0,0,0,1,0,1,8,59,24
6800,C1,5,1,3,0,0,0,0,0,0,0,0,0,0,1,0,2,12,80,23
6810,A1,3,1,0,2,0,0,0,0,0,0,0,0,0,0,1,2,7,23,11
6810,B0,0,1,7,2,0,0,0,0,0,0,0,0,0,0,1,1,7,165,13
6810,B1,2,2,1,3,0,0,0,0,0,0,0,0,0,0,1,1,84,521,119
6810,B2,6,0,1,20,0,0,0,0,0,0,0,0,0,0,1,1,8,59,24
6810,C1,4,1,3,0,0,0,0,0,0,0,0,0,0,0,1,2,12,80,23
6820,A1,3,4,0,1,0,0,0,0,0,0,0,0,0,0,1,2,7,23,11
6820,B0,0,1,6,4,0,0,0,0,0,0,0,0,0,0,1,1,7,165,13
6820,B1,2,2,1,2,0,0,0,0,0,0,0,0,0,0,1,2,84,521,119
6820,B2,8,0,1,20,0,0,0,0,0,0,0,0,0,0,1,1,8,59,24
6820,C1,4,2,1,0,0,0,0,0,0,0,0,0,0,0,1,2,12,80,23
6830,A1,3,3,0,1,0,0,0,0,0,0,0,0,0,0,1,2,7,23,11
6830,B0,0,2,3,6,0,0,0,0,0,0,0,0,0,0,1,1,7,165,13
6830,B1,2,2,3,2,0,0,0,0,0,0,0,0,0,0,1,1,84,521,119
6830,B2,8,0,1,19,0,0,0,0,0,0,0,0,0,0,1,1,8,59,24
6830,C1,4,5,1,0,0,0,0,0,0,0,0,0,0,0,1,2,12,80,23
6840,A1,1,5,0,2,0,0,0,0,0,0,0,0,0,1,0,2,7,23,11
6840,B0,0,1,4,7,0,0,0,0,0,0,0,0,0,1,0,1,7,165,13
6840,B1,3,1,1,2,0,0,0,0,0,0,0,0,0,1,0,2,84,521,119
6840,B2,6,0,2,20,0,0,0,0,0,0,0,0,0,1,0,1,8,59,24
6840,C1,4,3,1,0,0,0,0,0,0,0,0,0,0,1,0,2,12,80,23
6850,A1,2,2,0,2,0,0,0,0,0,0,0,0,0,1,0,2,7,23,11
6850,B0,0,1,6,1,0,0,0,0,0,0,0,0,0,1,0,1,7,165,13
6850,B1,3,1,1,2,0,0,0,0,0,0,0,0,0,1,0,2,84,521,119
6850,B2,2,0,3,20,0,0,0,0,0,0,0,0,0,1,0,1,8,59,24
6850,C1,5,1,2,0,0,0,0,0,0,0,0,0,0,1,0,2,12,80,23
6860,A1,2,1,0,1,0,0,0,0,0,0,0,0,0,0,1,2,7,23,11
6860,B0,0,1,7,3,0,0,0,0,0,0,0,0,0,0,1,1,7,165,13
6860,B1,2,1,1,2,0,0,0,0,0,0,0,0,0,0,1,1,84,521,119
6860,B2,5,0,2,20,0,0,0,0,0,0,0,0,0,0,1,1,8,59,24
6860,C1,5,1,1,0,0,0,0,0,0,0,0,0,0,0,1,2,12,80,23
6870,A1,3,1,0,1,0,0,0,0,0,0,0,0,0,0,1,2,7,23,11
6870,B0,0,1,5,2,0,0,0,0,0,0,0,0,0,0,1,1,7,165,13
6870,B1,2,1,4,3,0,0,0,0,0,0,0,0,0,0,1,1,84,521,119
6870,B2,7,0,1,19,0,0,0,0,0,0,0,0,0,0,1,1,8,59,24
6870,C1,5,3,1,0,0,0,0,0,0,0,0,0,0,0,1,2,12,80,23
6880,A1,3,1,0,2,0,0,1,0,0,0,0,0,0,1,0,2,8,30,11
6880,B0,0,2,4,1,0,0,0,0,0,0,0,0,0,1,0,1,7,165,13
6880,B1,1,2,3,3,0,0,0,0,0,0,0,0,0,1,0,1,85,525,120
6880,B2,5,0,1,19,0,0,0,0,0,0,0,0,0,1,0,1,8,59,24
6880,C1,5,3,2,0,0,0,0,0,0,0,0,0,0,1,0,2,12,80,23
6890,A1,1,3,0,1,0,0,0,0,0,0,0,0,0,1,0,2,8,30,12
6890,B0,0,1,6,3,0,0,0,0,0,0,0,0,0,1,0,1,7,165,13
6890,B1,3,1,3,3,0,0,0,0,0,0,0,0,0,1,0,1,85,525,120
6890,B2,1,0,2,19,0,0,0,0,0,0,0,0,0,1,0,1,8,59,24
6890,C1,6,2,2,0,0,0,0,0,0,0,0,0,0,1,0,2,12,80,23
6900,A1,1,3,0,1,0,0,0,0,0,0,0,0,0,0,1,2,8,30,12
6900,B0,0,1,6,3,0,0,0,0,0,0,0,0,0,0,1,1,7,165,13
6900,B1,2,2,3,3,0,0,0,0,0,0,0,0,0,0,1,1,85,525,120
6900,B2,2,0,3,20,0,0,0,0,0,0,0,0,0,0,1,1,8,59,24
6900,C1,5,1,2,0,0,0,0,0,0,0,0,0,0,0,1,2,12,80,23
6910,A1,1,5,0,1,0,0,0,0,0,0,0,0,0,0,1,2,8,30,12
6910,B0,0,2,6,1,0,0,0,0,0,0,0,0,0,0,1,1,7,165,13
6910,B1,2,2,1,3,0,0,0,0,0,0,0,0,0,0,1,1,85,525,120
6910,B2,2,0,2,20,0,0,0,0,0,0,0,0,0,0,1,1,8,59,24
6910,C1,6,1,2,0,0,0,0,0,0,0,0,0,0,0,1,2,12,80,23
6920,A1,1,6,0,1,0,0,0,0,0,0,0,0,0,0,1,2,8,30,12
6920,B0,0,2,5,3,0,0,0,0,0,0,0,0,0,0,1,1,7,165,13
6920,B1,2,2,1,3,0,0,0,0,0,0,0,0,0,0,1,1,85,525,120
6920,B2,3,0,1,16,0,0,0,0,0,0,0,0,0,0,1,1,8,59,24
6920,C1,6,2,1,0,0,0,0,0,0,0,0,0,0,0,1,2,12,80,23
6930,A1,2,6,0,1,0,0,0,0,0,0,0,0,0,1,0,2,8,30,12
6930,B0,0,1,4,1,0,0,0,0,0,0,0,0,0,1,0,1,7,165,13
6930,B1,1,1,1,2,0,0,0,0,0,0,0,0,0,1,0,1,86,533,122
6930,B2,3,0,3,17,0,0,0,0,0,0,0,0,0,1,0,1,8,59,24
6930,C1,7,1,3,0,0,0,0,0,0,0,0,0,0,1,0,2,12,80,23
6940,A1,2,5,0,1,0,0,0,0,0,0,0,0,0,1,0,2,8,30,12
6940,B0,0,1,4,3,0,0,0,0,0,0,0,0,0,1,0,1,7,165,13
6940,B1,1,1,1,2,0,0,0,0,0,0,0,0,0,1,0,1,86,533,122
6940,B2,1,0,3,18,0,0,0,0,0,0,0,0,0,1,0,1,8,59,24
6940,C1,4,2,5,0,0,0,0,0,0,0,0,0,0,1,0,2,12,80,23
6950,A1,1,5,0,1,0,0,0,0,0,0,0,0,0,0,1,2,8,30,12
6950,B0,0,1,4,1,0,0,0,0,0,0,0,0,0,0,1,1,7,165,13
6950,B1,1,2,2,1,0,0,0,0,0,0,0,0,0,0,1,1,87,536,123
6950,B2,2,0,1,20,0,0,0,0,0,0,0,0,0,0,1,1,8,59,24
6950,C1,3,2,2,0,0,0,0,0,0,0,0,0,0,0,1,2,12,80,23
6960,A1,3,6,0,1,0,0,0,0,0,0,0,0,0,0,1,2,8,30,12
6960,B0,0,2,3,3,0,0,0,0,0,0,0,0,0,0,1,1,7,165,13
6960,B1,1,2,2,2,0,0,0,0,0,0,0,0,0,0,1,1,87,536,123
6960,B2,1,0,1,20,0,0,0,0,0,0,0,0,0,0,1,1,8,59,24
6960,C1,4,2,1,0,0,0,0,0,0,0,0,0,0,0,1,2,12,80,23
6970,A1,3,6,0,1,0,0,0,0,0,0,0,0,0,1,0,2,8,30,12
6970,B0,0,2,2,2,0,0,0,0,0,0,0,0,0,1,0,1,7,165,13
6970,B1,2,2,1,4,0,0,0,0,0,0,0,0,0,1,0,1,87,536,123
6970,B2,2,0,1,18,0,0,0,0,0,0,0,0,0,1,0,1,8,59,24
6970,C1,5,3,2,0,0,0,0,0,0,0,0,0,0,1,0,2,12,80,23
6980,A1,1,7,0,1,0,0,0,0,0,0,0,0,0,1,0,2,8,30,12
6980,B0,0,1,3,3,0,0,0,0,0,0,0,0,0,1,0,1,7,165,13
6980,B1,3,3,1,4,0,0,0,0,0,0,0,0,0,1,0,2,87,536,123
6980,B2,1,0,1,19,0,0,0,0,0,0,0,0,0,1,0,1,8,59,24
6980,C1,5,2,1,0,0,0,0,0,0,0,0,0,0,1,0,2,12,80,23
6990,A1,2,6,0,1,0,0,0,0,0,0,0,0,0,1,0,2,8,30,12
6990,B0,0,1,6,4,0,0,0,0,0,0,0,0,0,1,0,1,7,165,13
6990,B1,1,3,1,4,0,0,0,0,0,0,0,0,0,1,0,1,87,536,123
6990,B2,2,0,3,20,0,0,0,0,0,0,0,0,0,1,0,1,8,59,24
6990,C1,1,3,1,0,0,0,0,0,0,0,0,0,0,1,0,2,12,80,23
7000,A1,3,6,0,1,0,0,0,0,0,0,0,0,0,0,1,2,8,30,12
7000,B0,0,1,6,3,0,0,0,0,0,0,0,0,0,0,1,1,7,165,13
7000,B1,1,1,1,2,0,0,0,0,0,0,0,0,0,0,1,1,87,536,123
7000,B2,2,0,2,20,0,0,0,0,0,0,0,0,0,0,1,1,8,59,24
7000,C1,1,1,2,0,0,0,0,0,0,0,0,0,0,0,1,1,12,80,23
7010,A1,1,7,0,3,0,0,0,0,0,0,0,0,0,0,1,2,8,30,12
7010,B0,0,2,6,2,0,0,0,0,0,0,0,0,0,0,1,1,7,165,13
7010,B1,1,1,1,3,0,0,0,0,0,0,0,0,0,0,1,1,87,536,123
7010,B2,2,0,4,19,0,0,0,0,0,0,0,0,0,0,1,1,8,59,24
7010,C1,2,2,1,0,0,0,0,0,0,0,0,0,0,0,1,2,12,80,23
7020,A1,1,5,0,6,0,0,0,0,0,0,0,0,0,1,0,2,8,30,12
7020,B0,0,3,5,2,0,0,0,0,0,0,0,0,0,1,0,1,7,165,13
7020,B1,1,1,1,3,0,0,0,0,0,0,0,0,0,1,0,1,87,536,123
7020,B2,1,0,1,19,0,0,0,0,0,0,0,0,0,1,0,1,8,59,24
7020,C1,2,5,1,0,0,0,0,0,0,0,0,0,0,1,0,2,12,80,23
7030,A1,2,4,0,7,0,0,0,0,0,0,0,0,0,1,0,2,8,30,12
7030,B0,0,1,6,3,0,0,0,0,0,0,0,0,0,1,0,1,7,165,13
7030,B1,3,1,1,3,0,0,0,0,0,0,0,0,0,1,0,1,87,536,123
7030,B2,1,0,3,19,0,0,0,0,0,0,0,0,0,1,0,1,8,59,24
7030,C1,1,1,1,0,0,0,0,0,0,0,0,0,0,1,0,2,12,80,23
7040,A1,3,2,0,5,0,0,0,0,0,0,0,0,0,0,1,2,8,30,12
7040,B0,0,1,7,3,0,0,0,0,0,0,0,0,0,0,1,1,7,165,13
7040,B1,1,2,1,3,0,0,0,0,0,0,0,0,0,0,1,1,88,538,124
7040,B2,1,0,5,20,0,0,0,0,0,0,0,0,0,0,1,1,8,59,24
7040,C1,1,1,1,0,0,0,0,0,0,0,0,0,0,0,1,2,12,80,23
7050,A1,1,3,0,2,0,0,0,0,0,0,0,0,0,0,1,2,8,30,12
7050,B0,0,1,8,1,0,0,0,0,0,0,0,0,0,0,1,1,7,165,13
7050,B1,1,2,2,1,0,0,0,0,0,0,0,0,0,0,1,1,88,538,124
7050,B2,2,0,2,20,0,0,0,0,0,0,0,0,0,0,1,1,8,59,24
7050,C1,2,2,2,0,0,0,0,0,0,0,0,0,0,0,1,2,12,80,23
7060,A1,4,4,0,1,0,0,0,0,0,0,0,0,0,0,1,2,8,30,12
7060,B0,0,1,6,3,0,0,0,0,0,0,0,0,0,0,1,1,7,165,13
7060,B1,1,2,2,2,0,0,0,0,0,0,0,0,0,0,1,1,88,538,124
7060,B2,2,0,1,19,0,0,0,0,0,0,0,0,0,0,1,1,8,59,24
7060,C1,5,3,1,0,0,0,0,0,0,0,0,0,0,0,1,2,12,80,23
7070,A1,2,4,0,2,0,0,0,0,0,0,0,0,0,1,0,2,8,30,12
7070,B0,0,1,8,1,0,0,0,0,0,0,0,0,0,1,0,1,7,165,13
7070,B1,1,1,2,1,0,0,0,0,0,0,0,0,0,1,0,1,89,541,126
7070,B2,1,0,4,20,0,0,0,0,0,0,0,0,0,1,0,1,8,59,24
7070,C1,5,1,1,0,0,0,0,0,0,0,0,0,0,1,0,2,12,80,23
7080,A1,1,2,0,2,0,0,0,0,0,0,0,0,0,1,0,2,8,30,12
7080,B0,0,2,10,1,0,0,0,0,0,0,0,0,0,1,0,1,7,165,13
7080,B1,4,4,2,1,0,0,0,0,0,0,0,0,0,1,0,2,89,541,126
7080,B2,1,0,1,20,0,0,0,0,0,0,0,0,0,1,0,1,8,59,24
7080,C1,5,1,2,0,0,0,0,0,0,0,0,0,0,1,0,2,12,80,23
7090,A1,3,2,0,2,0,0,0,0,0,0,0,0,0,0,1,2,8,30,12
7090,B0,0,2,10,4,0,0,0,0,0,0,0,0,0,0,1,1,7,165,13
7090,B1,1,1,2,2,0,0,0,0,0,0,0,0,0,0,1,1,89,541,126
7090,B2,1,0,1,20,0,0,0,0,0,0,0,0,0,0,1,1,8,59,24
7090,C1,6,1,2,0,0,0,0,0,0,0,0,0,0,0,1,2,12,80,23
7100,A1,2,3,0,2,0,0,0,0,0,0,0,0,0,0,1,2,8,30,12
7100,B0,0,2,9,2,0,0,0,0,0,0,0,0,0,0,1,1,7,165,13
7100,B1,1,1,3,2,0,0,0,0,0,0,0,0,0,0,1,1,89,541,126
7100,B2,1,0,3,19,0,0,0,0,0,0,0,0,0,0,1,1,8,59,24
7100,C1,6,2,2,0,0,0,0,0,0,0,0,0,0,0,1,2,12,80,23
7110,A1,2,3,0,2,0,0,0,0,0,0,0,0,0,1,0,2,8,30,12
7110,B0,0,1,10,3,0,0,0,0,0,0,0,0,0,1,0,1,7,165,13
7110,B1,5,1,2,1,0,0,0,0,0,0,0,0,0,1,0,2,89,541,126
7110,B2,1,0,1,19,0,0,0,0,0,0,0,0,0,1,0,1,8,59,24
7110,C1,6,2,3,0,0,0,0,0,0,0,0,0,0,1,0,2,12,80,23
7120,A1,1,3,0,2,0,0,0,0,0,0,0,0,0,1,0,2,8,30,12
7120,B0,0,1,10,2,0,0,0,0,0,0,0,0,0,1,0,1,7,165,13
7120,B1,3,1,2,1,0,0,0,0,0,0,0,0,0,1,0,2,89,541,126
7120,B2,2,0,4,19,0,0,0,0,0,0,0,0,0,1,0,1,8,59,24
7120,C1,6,2,4,0,0,0,0,0,0,0,0,0,0,1,0,2,12,80,23
7130,A1,1,2,0,5,0,0,0,0,0,0,0,0,0,0,1,1,8,30,12
7130,B0,0,1,13,4,0,0,0,0,0,0,0,0,0,0,1,1,7,165,13
7130,B1,3,1,2,1,0,0,0,0,0,0,0,0,0,0,1,2,89,541,126
7130,B2,4,0,4,20,0,0,0,0,0,0,0,0,0,0,1,1,8,59,24
7130,C1,5,2,4,0,0,0,0,0,0,0,0,0,0,0,1,2,12,80,23
7140,A1,1,2,0,3,0,0,0,0,0,0,0,0,0,0,1,1,8,30,12
7140,B0,0,1,13,4,0,0,0,0,0,0,0,0,0,0,1,1,7,165,13
7140,B1,3,1,2,2,0,0,0,0,0,0,0,0,0,0,1,1,89,541,126
7140,B2,5,0,3,20,0,0,0,0,0,0,0,0,0,0,1,1,8,59,24
7140,C1,6,2,1,0,0,0,0,0,0,0,0,0,0,0,1,2,12,80,23
7150,A1,1,3,0,1,0,0,0,0,0,0,0,0,0,0,1,2,8,30,12
7150,B0,0,1,13,1,0,0,0,0,0,0,0,0,0,0,1,1,7,165,13
7150,B1,4,1,2,1,0,0,0,0,0,0,0,0,0,0,1,2,89,541,126
7150,B2,5,0,2,20,0,0,0,0,0,0,0,0,0,0,1,1,8,59,24
7150,C1,6,4,2,0,0,0,0,0,0,0,0,0,0,0,1,2,12,80,23
7160,A1,1,2,0,2,0,0,0,0,0,0,0,0,0,1,0,2,8,30,12
7160,B0,0,1,13,2,0,0,0,0,0,0,0,0,0,1,0,1,7,165,13
7160,B1,2,1,2,1,0,0,0,0,0,0,0,0,0,1,0,1,89,541,126
7160,B2,3,0,1,20,0,0,0,0,0,0,0,0,0,1,0,1,8,59,24
7160,C1,7,1,2,0,0,0,0,0,0,0,0,0,0,1,0,2,12,80,23
7170,A1,3,1,0,2,0,0,0,0,0,0,0,0,0,1,0,2,8,30,12
7170,B0,0,1,13,4,0,0,0,0,0,0,0,0,0,1,0,1,7,165,13
7170,B1,1,1,2,1,0,0,0,0,0,0,0,0,0,1,0,1,89,541,126
7170,B2,1,0,3,20,0,0,0,0,0,0,0,0,0,1,0,1,8,59,24
7170,C1,5,1,3,0,0,0,0,0,0,0,0,0,0,1,0,2,12,80,23
7180,A1,4,2,0,3,0,0,0,0,0,0,0,0,0,0,1,2,8,30,12
7180,B0,0,1,14,2,0,0,0,0,0,0,0,0,0,0,1,1,7,165,13
7180,B1,1,2,2,2,0,0,0,0,0,0,0,0,0,0,1,1,90,549,128
7180,B2,1,0,2,20,0,0,0,0,0,0,0,0,0,0,1,1,8,59,24
7180,C1,4,3,2,0,0,0,0,0,0,0,0,0,0,0,1,2,12,80,23
7190,A1,1,2,0,1,0,0,0,0,0,0,0,0,0,0,1,2,8,30,12
7190,B0,0,2,13,1,0,0,0,0,0,0,0,0,0,0,1,1,7,165,13
7190,B1,1,2,3,2,0,0,0,0,0,0,0,0,0,0,1,1,90,549,128
7190,B2,1,0,2,18,0,0,0,0,0,0,0,0,0,0,1,1,8,59,24
7190,C1,4,1,1,0,0,0,0,0,0,0,0,0,0,0,1,2,12,80,23
7200,A1,2,2,0,1,0,0,0,0,0,0,0,0,0,1,0,2,8,30,12
7200,B0,0,3,16,2,0,0,1,0,0,0,0,0,0,1,0,2,8,168,13
7200,B1,2,3,2,2,0,0,0,0,0,1,0,0,0,1,0,1,90,549,128
7200,B2,1,0,2,16,0,0,0,0,0,0,0,0,0,1,0,1,8,59,24
7200,C1,6,2,1,0,0,0,0,0,0,0,0,0,0,1,0,2,12,80,23
7210,A1,1,3,0,2,0,0,0,0,0,0,0,0,0,1,0,2,8,30,12
7210,B0,0,2,17,4,0,0,0,0,0,0,0,0,0,1,0,1,8,169,14
7210,B1,2,5,2,2,0,0,0,0,0,0,0,0,0,1,0,2,90,549,128
7210,B2,1,0,2,17,0,0,0,0,0,0,0,0,0,1,0,1,8,59,24
7210,C1,6,1,1,0,0,0,0,0,0,0,0,0,0,1,0,2,12,80,23
7220,A1,1,1,0,2,0,0,0,0,0,0,0,0,0,1,0,1,8,30,12
7220,B0,0,1,17,2,0,0,0,0,0,0,0,0,0,1,0,1,8,169,14
7220,B1,1,5,2,3,0,0,0,0,0,0,0,0,0,1,0,1,90,549,128
7220,B2,1,0,2,20,0,0,0,0,0,0,0,0,0,1,0,1,8,59,24
7220,C1,5,1,1,0,0,0,0,0,0,0,0,0,0,1,0,2,12,80,23
7230,A1,3,4,0,1,0,0,0,0,0,0,0,0,0,0,1,2,8,30,12
7230,B0,0,2,17,2,0,0,0,0,0,0,0,0,0,0,1,1,8,169,14
7230,B1,1,4,1,2,0,0,0,0,0,0,0,0,0,0,1,2,91,557,130
7230,B2,1,0,2,19,0,0,0,0,0,0,0,0,0,0,1,1,8,59,24
7230,C1,5,2,1,0,0,0,0,0,0,0,0,0,0,0,1,2,12,80,23
7240,A1,2,6,0,1,0,0,0,0,0,0,0,0,0,0,1,2,8,30,12
7240,B0,0,2,16,2,0,0,0,0,0,0,0,0,0,0,1,1,8,169,14
7240,B1,1,4,2,2,0,0,0,0,0,0,0,0,0,0,1,2,91,557,130
7240,B2,1,0,1,15,0,0,0,0,0,0,0,0,0,0,1,1,8,59,24
7240,C1,6,2,1,0,0,0,0,0,0,0,0,0,0,0,1,2,12,80,23
7250,A1,1,7,0,4,0,0,0,0,0,0,0,0,0,1,0,2,8,30,12
7250,B0,0,1,16,1,0,0,0,0,0,0,0,0,0,1,0,1,8,169,14
7250,B1,1,6,2,1,0,0,0,0,0,0,0,0,0,1,0,2,92,559,131
7250,B2,1,0,2,15,0,0,0,0,0,0,0,0,0,1,0,1,8,59,24
7250,C1,6,2,2,0,0,0,0,0,0,0,0,0,0,1,0,2,12,80,23
7260,A1,1,6,0,5,0,0,0,0,0,0,0,0,0,1,0,2,8,30,12
7260,B0,0,1,16,2,0,0,0,0,0,0,0,0,0,1,0,1,8,169,14
7260,B1,1,6,2,1,0,0,0,0,0,0,0,0,0,1,0,2,92,559,131
7260,B2,1,0,1,18,0,0,0,0,0,0,0,0,0,1,0,1,8,59,24
7260,C1,4,3,2,0,0,0,0,0,0,0,0,0,0,1,0,2,12,80,23
7270,A1,1,4,0,5,0,0,0,0,0,0,0,0,0,0,1,2,8,30,12
7270,B0,0,2,16,2,0,0,0,0,0,0,0,0,0,0,1,1,8,169,14
7270,B1,1,5,1,1,0,0,0,0,0,0,0,0,0,0,1,2,92,559,131
7270,B2,1,0,1,20,0,0,0,0,0,0,0,0,0,0,1,1,8,59,24
7270,C1,5,1,2,0,0,0,0,0,0,0,0,0,0,0,1,2,12,80,23
7280,A1,3,5,0,1,0,0,0,0,0,0,0,0,0,0,1,2,8,30,12
7280,B0,0,2,14,2,0,0,0,0,0,0,0,0,0,0,1,1,8,169,14
7280,B1,1,5,1,4,0,0,0,0,0,0,0,0,0,0,1,2,92,559,131
7280,B2,2,0,2,20,0,0,0,0,0,0,0,0,0,0,1,1,8,59,24
7280,C1,4,2,2,0,0,0,0,0,0,0,0,0,0,0,1,2,12,80,23
7290,A1,1,5,0,1,0,0,0,0,0,0,0,0,0,0,1,2,8,30,12
7290,B0,0,2,13,2,0,0,0,0,0,0,0,0,0,0,1,1,8,169,14
7290,B1,2,5,1,3,0,0,0,0,0,0,0,0,0,0,1,2,92,559,131
7290,B2,2,0,2,19,0,0,0,0,0,0,0,0,0,0,1,1,8,59,24
7290,C1,5,2,1,0,0,0,0,0,0,0,0,0,0,0,1,2,12,80,23
7300,A1,2,6,0,1,0,0,0,0,0,0,0,0,0,1,0,2,8,30,12
7300,B0,0,1,14,1,0,0,0,0,0,0,0,0,0,1,0,1,8,169,14
7300,B1,3,3,1,2,0,0,0,0,0,0,0,0,0,1,0,2,93,563,132
7300,B2,1,0,1,20,0,0,0,0,0,0,0,0,0,1,0,1,8,59,24
7300,C1,5,1,2,0,0,0,0,0,0,0,0,0,0,1,0,2,12,80,23
7310,A1,3,3,0,2,0,0,0,0,0,0,0,0,0,1,0,2,8,30,12
7310,B0,0,1,15,2,0,0,0,0,0,0,0,0,0,1,0,1,8,169,14
7310,B1,2,2,1,2,0,0,0,0,0,0,0,0,0,1,0,2,93,563,132
7310,B2,1,0,2,20,0,0,0,0,0,0,0,0,0,1,0,1,8,59,24
7310,C1,3,2,3,0,0,0,0,0,0,0,0,0,0,1,0,2,12,80,23
7320,A1,1,2,0,1,0,0,0,0,0,0,0,0,0,0,1,2,8,30,12
7320,B0,0,2,15,1,0,0,0,0,0,0,0,0,0,0,1,1,8,169,14
7320,B1,1,2,1,3,0,0,0,0,0,0,0,0,0,0,1,1,93,563,132
7320,B2,1,0,5,20,0,0,0,0,0,0,0,0,0,0,1,1,8,59,24
7320,C1,2,1,1,0,0,0,0,0,0,0,0,0,0,0,1,2,12,80,23
7330,A1,3,2,0,1,0,0,0,0,0,0,0,0,0,0,1,2,8,30,12
7330,B0,0,3,14,3,0,0,0,0,0,0,0,0,0,0,1,1,8,169,14
7330,B1,1,2,1,2,0,0,0,0,0,0,0,0,0,0,1,1,93,563,132
7330,B2,2,0,2,19,0,0,0,0,0,0,0,0,0,0,1,1,8,59,24
7330,C1,5,2,1,0,0,0,0,0,0,0,0,0,0,0,1,2,12,80,23
7340,A1,3,5,0,2,0,0,0,0,0,0,0,0,0,1,0,2,8,30,12
7340,B0,0,4,13,1,0,0,0,0,0,0,0,0,0,1,0,1,8,169,14
7340,B1,2,1,2,1,0,0,0,0,0,0,0,0,0,1,0,1,93,563,132
7340,B2,2,0,1,19,0,0,0,0,0,0,0,0,0,1,0,1,8,59,24
7340,C1,5,3,1,0,0,0,0,0,0,0,0,0,0,1,0,2,12,80,23
7350,A1,1,4,0,3,0,0,0,0,0,0,0,0,0,1,0,2,8,30,12
7350,B0,0,2,14,2,0,0,0,0,0,0,0,0,0,1,0,1,8,169,14
7350,B1,1,2,2,1,0,0,0,0,0,0,0,0,0,1,0,1,93,563,132
7350,B2,1,0,2,20,0,0,0,0,0,0,0,0,0,1,0,1,8,59,24
7350,C1,4,3,1,0,0,0,0,0,0,0,0,0,0,1,0,2,12,80,23
7360,A1,1,1,0,4,0,0,0,0,0,0,0,0,1,0,1,1,8,30,12
7360,B0,0,3,15,3,0,0,0,0,0,0,0,0,0,0,1,1,8,169,14
7360,B1,2,1,4,1,0,0,0,2,0,0,0,0,1,0,1,1,94,565,132
7360,B2,3,0,3,20,0,0,0,0,0,0,0,0,0,0,1,1,8,59,24
7360,C1,2,2,2,0,0,0,0,1,0,0,0,0,0,0,1,1,13,82,23
7370,A1,1,1,0,2,0,0,0,0,0,0,0,0,0,0,1,1,8,30,12
7370,B0,0,3,17,2,0,0,0,0,0,0,0,0,0,0,1,1,8,169,14
7370,B1,2,1,1,1,0,0,0,0,0,0,0,0,0,0,1,2,94,571,134
7370,B2,3,0,1,20,0,0,0,0,0,0,0,0,0,0,1,1,8,59,24
7370,C1,3,2,1,0,0,0,0,0,0,0,0,0,0,0,1,2,13,82,24
7380,A1,3,2,0,2,0,0,0,0,0,0,0,0,0,0,1,2,8,30,12
7380,B0,0,4,12,2,0,0,0,0,0,0,0,0,0,0,1,1,8,169,14
7380,B1,2,2,1,2,0,0,0,0,0,0,0,0,0,0,1,2,94,571,134
7380,B2,3,0,3,16,0,0,0,0,0,0,0,0,0,0,1,1,8,59,24
7380,C1,3,4,1,0,0,0,0,0,0,0,0,0,0,0,1,2,13,82,24
7390,A1,1,1,0,2,0,0,0,0,0,0,0,0,0,1,0,1,8,30,12
7390,B0,0,2,12,1,0,0,0,0,0,0,0,0,0,1,0,1,8,169,14
7390,B1,1,1,1,1,0,0,0,0,0,0,0,0,0,1,0,1,94,571,134
7390,B2,1,0,1,17,0,0,0,0,0,0,0,0,0,1,0,1,8,59,24
7390,C1,3,1,2,0,0,0,0,0,0,0,0,0,0,1,0,2,13,82,24
7400,A1,3,1,0,2,0,0,0,0,0,0,0,0,0,1,0,2,8,30,12
7400,B0,0,1,14,2,0,0,0,0,0,0,0,0,0,1,0,1,8,169,14
7400,B1,2,3,1,1,0,0,0,0,0,0,0,0,0,1,0,2,94,571,134
7400,B2,1,0,2,19,0,0,0,0,0,0,0,0,0,1,0,1,8,59,24
7400,C1,2,1,3,0,0,0,0,0,0,0,0,0,0,1,0,1,13,82,24
7410,A1,1,2,0,1,0,0,0,0,0,0,0,0,0,0,1,2,8,30,12
7410,B0,0,1,16,2,0,0,0,0,0,0,0,0,0,0,1,1,8,169,14
7410,B1,2,2,1,2,0,0,0,0,0,0,0,0,0,0,1,2,95,573,135
7410,B2,1,0,3,20,0,0,0,0,0,0,0,0,0,0,1,1,8,59,24
7410,C1,2,3,1,0,0,0,0,0,0,0,0,0,0,0,1,2,13,82,24
7420,A1,3,1,0,1,0,0,0,0,0,0,0,0,0,0,1,2,8,30,12
7420,B0,0,1,16,1,0,0,0,0,0,0,0,0,0,0,1,1,8,169,14
7420,B1,2,2,1,1,0,0,0,0,0,0,0,0,0,0,1,2,95,573,135
7420,B2,1,0,1,20,0,0,0,0,0,0,0,0,0,0,1,1,8,59,24
7420,C1,4,1,1,0,0,0,0,0,0,0,0,0,0,0,1,2,13,82,24
7430,A1,3,1,0,2,0,0,0,0,0,0,0,0,0,1,0,2,8,30,12
7430,B0,0,1,15,1,0,0,0,0,0,0,0,0,0,1,0,1,8,169,14
7430,B1,2,2,1,1,0,0,0,0,0,0,0,0,0,1,0,2,95,573,135
7430,B2,1,0,1,20,0,0,0,0,0,0,0,0,0,1,0,1,8,59,24
7430,C1,4,3,2,0,0,0,0,0,0,0,0,0,0,1,0,2,13,82,24
7440,A1,2,1,0,1,0,0,0,0,0,0,0,0,0,1,0,2,8,30,12
7440,B0,0,1,16,2,0,0,0,0,0,0,0,0,0,1,0,1,8,169,14
7440,B1,2,2,1,1,0,0,0,0,0,0,0,0,0,1,0,2,95,573,135
7440,B2,1,0,1,20,0,0,0,0,0,0,0,0,0,1,0,1,8,59,24
7440,C1,5,1,3,0,0,0,0,0,0,0,0,0,0,1,0,2,13,82,24
7450,A1,1,2,0,2,0,0,0,0,0,0,0,0,0,1,0,2,8,30,12
7450,B0,0,1,16,4,0,0,0,0,0,0,0,0,0,1,0,1,8,169,14
7450,B1,3,1,1,1,0,0,0,0,0,0,0,0,0,1,0,2,95,573,135
7450,B2,2,0,2,20,0,0,0,0,0,0,0,0,0,1,0,1,8,59,24
7450,C1,2,2,3,0,0,0,0,0,0,0,0,0,0,1,0,2,13,82,24
7460,A1,2,2,0,1,0,0,0,0,0,0,0,0,0,0,1,2,8,30,12
7460,B0,0,2,16,1,0,0,0,0,0,0,0,0,0,0,1,1,8,169,14
7460,B1,2,1,2,3,0,0,0,0,0,0,0,0,0,0,1,1,96,575,136
7460,B2,4,0,2,20,0,0,0,0,0,0,0,0,0,0,1,1,8,59,24
7460,C1,2,3,1,0,0,0,0,0,0,0,0,0,0,0,1,2,13,82,24
7470,A1,4,5,0,1,0,0,0,0,0,0,0,0,0,0,1,2,8,30,12
7470,B0,0,3,16,2,0,0,0,0,0,0,0,0,0,0,1,1,8,169,14
7470,B1,2,1,4,2,0,0,0,0,0,0,0,0,0,0,1,1,96,575,136
7470,B2,5,0,1,19,0,0,0,0,0,0,0,0,0,0,1,1,8,59,24
7470,C1,4,5,1,0,0,0,0,0,0,0,0,0,0,0,1,2,13,82,24
7480,A1,2,5,0,1,0,0,0,0,0,0,0,0,0,1,0,2,8,30,12
7480,B0,0,1,16,2,0,0,0,0,0,0,0,0,0,1,0,1,8,169,14
7480,B1,2,2,3,1,0,0,0,0,0,0,0,0,0,1,0,1,96,575,136
7480,B2,4,0,1,19,0,0,0,0,0,0,0,0,0,1,0,1,8,59,24
7480,C1,5,3,1,0,0,0,0,0,0,0,0,0,0,1,0,2,13,82,24
7490,A1,1,1,0,2,0,0,0,0,0,0,0,0,0,1,0,1,8,30,12
7490,B0,0,1,17,2,0,0,0,0,0,0,0,0,0,1,0,1,8,169,14
7490,B1,2,1,3,1,0,0,0,0,0,0,0,0,0,1,0,1,96,575,136
7490,B2,1,0,1,19,0,0,0,0,0,0,0,0,0,1,0,1,8,59,24
7490,C1,5,2,1,0,0,0,0,0,0,0,0,0,0,1,0,2,13,82,24
7500,A1,1,1,0,1,0,0,0,0,0,0,0,0,0,0,1,2,8,30,12
7500,B0,0,1,17,2,0,0,0,0,0,0,0,0,0,0,1,1,8,169,14
7500,B1,1,2,3,3,0,0,0,0,0,0,0,0,0,0,1,1,96,575,136
7500,B2,2,0,1,20,0,0,0,0,0,0,0,0,0,0,1,1,8,59,24
7500,C1,4,1,1,0,0,0,0,0,0,0,0,0,0,0,1,2,13,82,24
7510,A1,1,2,0,1,0,0,0,0,0,0,0,0,0,0,1,2,8,30,12
7510,B0,0,3,16,3,0,0,0,0,0,0,0,0,0,0,1,1,8,169,14
7510,B1,1,2,1,2,0,0,0,0,0,0,0,0,0,0,1,1,96,575,136
7510,B2,3,0,1,19,0,0,0,0,0,0,0,0,0,0,1,1,8,59,24
7510,C1,5,2,1,0,0,0,0,0,0,0,0,0,0,0,1,2,13,82,24
7520,A1,2,4,0,1,0,0,0,0,0,0,0,0,0,0,1,2,8,30,12
7520,B0,0,3,16,1,0,0,0,0,0,0,0,0,0,0,1,1,8,169,14
7520,B1,1,2,2,1,0,0,0,0,0,0,0,0,0,0,1,1,96,575,136
7520,B2,3,0,1,17,0,0,0,0,0,0,0,0,0,0,1,1,8,59,24
7520,C1,5,2,1,0,0,0,0,0,0,0,0,0,0,0,1,2,13,82,24
7530,A1,1,3,0,2,0,0,0,0,0,0,0,0,0,1,0,2,8,30,12
7530,B0,0,1,17,2,0,0,0,0,0,0,0,0,0,1,0,1,8,169,14
7530,B1,1,1,2,1,0,0,0,0,0,0,0,0,0,1,0,1,96,575,136
7530,B2,2,0,1,18,0,0,0,0,0,0,0,0,0,1,0,1,8,59,24
7530,C1,5,3,1,0,0,0,0,0,0,0,0,0,0,1,0,2,13,82,24
7540,A1,1,1,0,3,0,0,0,0,0,0,0,0,0,1,0,1,8,30,12
7540,B0,0,1,20,3,0,0,0,0,0,0,0,0,0,1,0,1,8,169,14
7540,B1,2,2,2,1,0,0,0,0,0,0,0,0,0,1,0,2,96,575,136
7540,B2,2,0,2,20,0,0,0,0,0,0,0,0,0,1,0,1,8,59,24
7540,C1,3,1,1,0,0,0,0,0,0,0,0,0,0,1,0,2,13,82,24
7550,A1,1,2,0,2,0,0,0,0,0,0,0,0,0,0,1,2,8,30,12
7550,B0,0,1,20,1,0,0,0,0,0,0,0,0,0,0,1,1,8,169,14
7550,B1,1,1,1,2,0,0,0,0,0,0,0,0,0,0,1,1,96,575,136
7550,B2,1,0,2,20,0,0,0,0,0,0,0,0,0,0,1,1,8,59,24
7550,C1,3,2,1,0,0,0,0,0,0,0,0,0,0,0,1,2,13,82,24
7560,A1,5,5,0,1,0,0,0,0,0,0,0,0,0,0,1,2,8,30,12
7560,B0,0,2,18,1,0,0,0,0,0,0,0,0,0,0,1,1,8,169,14
7560,B1,1,1,2,4,0,0,0,0,0,0,0,0,0,0,1,1,96,575,136
7560,B2,1,0,1,19,0,0,0,0,0,0,0,0,0,0,1,1,8,59,24
7560,C1,3,3,1,0,0,0,0,0,0,0,0,0,0,0,1,2,13,82,24
7570,A1,1,6,0,2,0,0,0,0,0,0,0,0,0,1,0,2,8,30,12
7570,B0,0,1,17,1,0,0,0,0,0,0,0,0,0,1,0,1,8,169,14
7570,B1,1,2,1,3,0,0,0,0,0,0,0,0,0,1,0,1,96,575,136
7570,B2,1,0,2,19,0,0,0,0,0,0,0,0,0,1,0,1,8,59,24
7570,C1,3,2,1,0,0,0,0,0,0,0,0,0,0,1,0,2,13,82,24
7580,A1,2,6,0,2,0,0,0,0,0,0,0,0,0,1,0,2,8,30,12
7580,B0,0,1,17,2,0,0,0,0,0,0,0,0,0,1,0,1,8,169,14
7580,B1,2,4,1,3,0,0,0,0,0,0,0,0,0,1,0,2,96,575,136
7580,B2,1,0,2,19,0,0,0,0,0,0,0,0,0,1,0,1,8,59,24
7580,C1,4,1,1,0,0,0,0,0,0,0,0,0,0,1,0,2,13,82,24
7590,A1,1,3,0,4,0,0,0,0,0,0,0,0,0,0,1,1,8,30,12
7590,B0,0,2,19,3,0,0,0,0,0,0,0,0,0,0,1,1,8,169,14
7590,B1,3,4,2,3,0,0,0,0,0,0,0,0,0,0,1,2,96,575,136
7590,B2,1,0,3,20,0,0,0,0,0,0,0,0,0,0,1,1,8,59,24
7590,C1,2,1,2,0,0,0,0,0,0,0,0,0,0,0,1,2,13,82,24
7600,A1,2,3,0,1,0,0,0,0,0,0,0,0,0,0,1,2,8,30,12
7600,B0,0,2,19,1,0,0,0,0,0,0,0,0,0,0,1,1,8,169,14
7600,B1,3,4,3,1,0,0,0,0,0,0,0,0,0,0,1,2,96,575,136
7600,B2,1,0,1,20,0,0,0,0,0,0,0,0,0,0,1,1,8,59,24
7600,C1,2,2,1,0,0,0,0,0,0,0,0,0,0,0,1,2,13,82,24
7610,A1,5,3,0,1,0,0,0,0,0,0,0,0,0,0,1,2,8,30,12
7610,B0,0,3,14,1,0,0,0,0,0,0,0,0,0,0,1,1,8,169,14
7610,B1,3,4,1,2,0,0,0,0,0,0,0,0,0,0,1,2,96,575,136
7610,B2,1,0,1,19,0,0,0,0,0,0,0,0,0,0,1,1,8,59,24
7610,C1,3,3,1,0,0,0,0,0,0,0,0,0,0,0,1,2,13,82,24
7620,A1,2,5,0,4,0,0,0,0,0,0,0,0,0,1,0,2,8,30,12
7620,B0,0,2,15,1,0,0,0,0,0,0,0,0,0,1,0,1,8,169,14
7620,B1,1,2,1,1,0,0,0,0,0,0,0,0,0,1,0,2,96,575,136
7620,B2,2,0,2,20,0,0,0,0,0,0,0,0,0,1,0,1,8,59,24
7620,C1,4,1,3,0,0,0,0,0,0,0,0,0,0,1,0,2,13,82,24
7630,A1,1,4,0,4,0,0,0,0,0,0,0,0,0,1,0,2,8,30,12
7630,B0,0,3,17,1,0,0,0,0,0,0,0,0,0,1,0,1,8,169,14
7630,B1,3,1,1,1,0,0,0,0,0,0,0,0,0,1,0,2,96,575,136
7630,B2,1,0,1,20,0,0,0,0,0,0,0,0,0,1,0,1,8,59,24
7630,C1,3,3,1,0,0,0,0,0,0,0,0,0,0,1,0,2,13,82,24
7640,A1,2,3,0,4,0,0,0,0,0,0,0,0,0,0,1,2,8,30,12
7640,B0,0,2,17,3,0,0,0,0,0,0,0,0,0,0,1,1,8,169,14
7640,B1,3,1,1,2,0,0,0,0,0,0,0,0,0,0,1,2,96,575,136
7640,B2,2,0,1,20,0,0,0,0,0,0,0,0,0,0,1,1,8,59,24
7640,C1,3,1,1,0,0,0,0,0,0,0,0,0,0,0,1,2,13,82,24
7650,A1,3,4,0,1,0,0,0,0,0,0,0,0,0,0,1,2,8,30,12
7650,B0,0,2,20,1,0,0,0,0,0,0,0,0,0,0,1,1,8,169,14
7650,B1,3,1,2,1,0,0,0,0,0,0,0,0,0,0,1,2,96,575,136
7650,B2,2,0,1,17,0,0,0,0,0,0,0,0,0,0,1,1,8,59,24
7650,C1,4,4,3,0,0,0,0,0,0,0,0,0,0,0,1,2,13,82,24
7660,A1,3,3,0,2,0,0,0,0,0,0,0,0,0,1,0,2,8,30,12
7660,B0,0,1,18,1,0,0,0,0,0,0,0,0,0,1,0,1,8,169,14
7660,B1,3,1,2,1,0,0,0,0,0,0,0,0,0,1,0,2,97,576,137
7660,B2,2,0,1,15,0,0,0,0,0,0,0,0,0,1,0,1,8,59,24
7660,C1,4,6,2,0,0,0,0,0,0,0,0,0,0,1,0,2,13,82,24
7670,A1,2,3,0,3,0,0,0,0,0,0,0,0,0,1,0,2,8,30,12
7670,B0,0,1,19,1,0,0,0,0,0,0,0,0,0,1,0,1,8,169,14
7670,B1,2,2,2,1,0,0,0,0,0,0,0,0,0,1,0,2,97,576,137
7670,B2,1,0,1,17,0,0,0,0,0,0,0,0,0,1,0,1,8,59,24
7670,C1,3,2,3,0,0,0,0,0,0,0,0,0,0,1,0,2,13,82,24
7680,A1,2,2,0,3,0,0,0,0,0,0,0,0,0,1,0,2,8,30,12
7680,B0,0,1,20,2,0,0,0,0,0,0,0,0,0,1,0,1,8,169,14
7680,B1,2,2,2,2,0,0,0,0,0,0,0,0,0,1,0,1,97,576,137
7680,B2,1,0,3,20,0,0,0,0,0,0,0,0,0,1,0,1,8,59,24
7680,C1,2,1,4,0,0,0,0,0,0,0,0,0,0,1,0,1,13,82,24
7690,A1,2,3,0,1,0,0,0,0,0,0,0,0,0,0,1,2,8,30,12
7690,B0,0,1,20,1,0,0,0,0,0,0,0,0,0,0,1,1,8,169,14
7690,B1,2,2,2,1,0,0,0,0,0,0,0,0,0,0,1,2,98,580,138
7690,B2,3,0,1,20,0,0,0,0,0,0,0,0,0,0,1,1,8,59,24
7690,C1,3,1,1,0,0,0,0,0,0,0,0,0,0,0,1,2,13,82,24
7700,A1,2,4,0,1,0,0,0,0,0,0,0,0,0,0,1,2,8,30,12
7700,B0,0,1,20,3,0,0,0,0,0,0,0,0,0,0,1,1,8,169,14
7700,B1,2,2,1,1,0,0,0,0,0,0,0,0,0,0,1,2,98,580,138
7700,B2,4,0,2,20,0,0,0,0,0,0,0,0,0,0,1,1,8,59,24
7700,C1,5,1,1,0,0,0,0,0,0,0,0,0,0,0,1,2,13,82,24
7710,A1,2,5,0,1,0,0,0,0,0,0,0,0,0,1,0,2,8,30,12
7710,B0,0,1,20,3,0,0,0,0,0,0,0,0,0,1,0,1,8,169,14
7710,B1,2,2,2,1,0,0,0,0,0,0,0,0,0,1,0,2,98,580,138
7710,B2,3,0,2,20,0,0,0,0,0,0,0,0,0,1,0,1,8,59,24
7710,C1,5,1,2,0,0,0,0,0,0,0,0,0,0,1,0,2,13,82,24
7720,A1,2,3,0,2,0,0,0,0,0,0,0,0,0,1,0,2,8,30,12
7720,B0,0,1,20,1,0,0,0,0,0,0,0,0,0,1,0,1,8,169,14
7720,B1,1,1,2,1,0,0,0,0,0,0,0,0,0,1,0,1,98,580,138
7720,B2,1,0,2,20,0,0,0,0,0,0,0,0,0,1,0,1,8,59,24
7720,C1,5,1,3,0,0,0,0,0,0,0,0,0,0,1,0,2,13,82,24
7730,A1,1,2,0,2,0,0,0,0,1,0,0,0,0,0,1,1,9,35,12
7730,B0,0,2,20,5,0,0,0,0,0,0,0,0,0,0,1,1,8,169,14
7730,B1,1,1,2,1,0,0,0,0,1,0,0,1,0,0,1,1,99,586,138
7730,B2,1,0,1,20,0,0,0,0,0,0,0,0,0,0,1,1,8,59,24
7730,C1,3,1,3,0,0,0,0,0,0,0,0,1,0,0,1,2,13,82,24
7740,A1,1,2,0,1,0,0,0,0,0,0,0,0,0,0,1,2,9,35,13
7740,B0,0,2,20,2,0,0,0,0,0,0,0,0,0,0,1,1,8,169,14
7740,B1,2,1,2,1,0,0,0,0,0,0,0,0,0,0,1,1,99,596,139
7740,B2,1,0,2,18,0,0,0,0,0,0,0,0,0,0,1,1,8,59,24
7740,C1,4,1,1,0,0,0,0,0,0,0,0,0,0,0,1,2,13,82,24
7750,A1,1,3,0,1,0,0,0,0,0,0,0,0,0,0,1,2,9,35,13
7750,B0,0,2,19,1,0,0,0,0,0,0,0,0,0,0,1,1,8,169,14
7750,B1,2,1,1,1,0,0,0,0,0,0,0,0,0,0,1,2,99,596,139
7750,B2,1,0,1,14,0,0,0,0,0,0,0,0,0,0,1,1,8,59,24
7750,C1,6,5,1,0,0,0,0,0,0,0,0,0,0,0,1,2,13,82,24
7760,A1,7,1,0,1,0,0,0,0,0,0,0,0,0,1,0,2,9,35,13
7760,B0,0,1,20,2,0,0,0,0,0,0,0,0,0,1,0,1,8,169,14
7760,B1,1,1,1,1,0,0,0,0,0,0,0,0,0,1,0,1,99,596,139
7760,B2,1,0,1,15,0,0,0,0,0,0,0,0,0,1,0,1,8,59,24
7760,C1,6,1,3,0,0,0,0,0,0,0,0,0,0,1,0,2,13,82,24
7770,A1,2,2,0,1,0,0,0,0,0,0,0,0,0,1,0,2,9,35,13
7770,B0,0,1,20,3,0,0,0,0,0,0,0,0,0,1,0,1,8,169,14
7770,B1,1,2,1,1,0,0,0,0,0,0,0,0,0,1,0,2,99,596,139
7770,B2,1,0,2,18,0,0,0,0,0,0,0,0,0,1,0,1,8,59,24
7770,C1,5,1,2,0,0,0,0,0,0,0,0,0,0,1,0,2,13,82,24
7780,A1,3,3,0,1,0,0,0,0,0,0,0,0,0,0,1,2,9,35,13
7780,B0,0,1,20,2,0,0,0,0,0,0,0,0,0,0,1,1,8,169,14
7780,B1,2,3,3,1,0,0,0,0,0,0,0,0,0,0,1,2,99,596,139
7780,B2,2,0,1,19,0,0,0,0,0,0,0,0,0,0,1,1,8,59,24
7780,C1,4,1,1,0,0,0,0,0,0,0,0,0,0,0,1,2,13,82,24
7790,A1,2,2,0,1,0,0,0,0,0,0,0,0,0,0,1,2,9,35,13
7790,B0,0,2,20,5,0,0,0,0,0,0,0,0,0,0,1,1,8,169,14
7790,B1,2,3,4,1,0,0,0,0,0,0,0,0,0,0,1,1,99,596,139
7790,B2,4,0,1,18,0,0,0,0,0,0,0,0,0,0,1,1,8,59,24
7790,C1,4,3,1,0,0,0,0,0,0,0,0,0,0,0,1,2,13,82,24
7800,A1,4,1,0,1,0,0,0,0,0,0,0,0,0,1,0,2,9,35,13
7800,B0,0,2,20,1,0,0,0,0,0,0,0,0,0,1,0,1,8,169,14
7800,B1,2,2,2,2,0,0,0,0,0,0,0,0,0,1,0,1,99,596,139
7800,B2,3,0,2,17,0,0,0,0,0,0,0,0,0,1,0,1,8,59,24
7800,C1,6,2,3,0,0,0,0,0,0,0,0,0,0,1,0,2,13,82,24
7810,A1,1,1,0,1,0,0,0,0,0,0,0,0,0,1,0,2,9,35,13
7810,B0,0,1,20,2,0,0,0,0,0,0,0,0,0,1,0,1,8,169,14
7810,B1,2,3,2,2,0,0,0,0,0,0,0,0,0,1,0,2,99,596,139
7810,B2,1,0,3,18,0,0,0,0,0,0,0,0,0,1,0,1,8,59,24
7810,C1,4,1,3,0,0,0,0,0,0,0,0,0,0,1,0,2,13,82,24
7820,A1,1,1,0,1,0,0,0,0,0,0,0,0,0,0,1,2,9,35,13
7820,B0,0,1,20,3,0,0,0,0,0,0,0,0,0,0,1,1,8,169,14
7820,B1,1,3,3,2,0,0,0,0,0,0,0,0,0,0,1,1,99,596,139
7820,B2,1,0,1,20,0,0,0,0,0,0,0,0,0,0,1,1,8,59,24
7820,C1,1,1,5,0,0,0,0,0,0,0,0,0,0,0,1,1,13,82,24
7830,A1,4,1,0,1,0,0,0,0,0,0,0,0,0,0,1,2,9,35,13
7830,B0,0,1,20,1,0,0,0,0,0,0,0,0,0,0,1,1,8,169,14
7830,B1,1,3,2,1,0,0,0,0,0,0,0,0,0,0,1,2,99,596,139
7830,B2,2,0,3,19,0,0,0,0,0,0,0,0,0,0,1,1,8,59,24
7830,C1,1,4,1,0,0,0,0,0,0,0,0,0,0,0,1,2,13,82,24
7840,A1,1,3,0,1,0,0,0,0,0,0,0,0,0,0,1,2,9,35,13
7840,B0,0,2,19,1,0,0,0,0,0,0,0,0,0,0,1,1,8,169,14
7840,B1,1,3,1,1,0,0,0,0,0,0,0,0,0,0,1,2,99,596,139
7840,B2,2,0,1,19,0,0,0,0,0,0,0,0,0,0,1,1,8,59,24
7840,C1,4,1,1,0,0,0,0,0,0,0,0,0,0,0,1,2,13,82,24
7850,A1,2,3,0,3,0,0,0,0,0,0,0,0,0,1,0,2,9,35,13
7850,B0,0,2,20,2,0,0,0,0,0,0,0,0,0,1,0,1,8,169,14
7850,B1,4,3,1,2,0,0,0,0,0,0,0,0,0,1,0,2,99,596,139
7850,B2,1,0,2,19,0,0,0,0,0,0,0,0,0,1,0,1,8,59,24
7850,C1,2,1,3,0,0,0,0,0,0,0,0,0,0,1,0,1,13,82,24
7860,A1,1,3,0,4,0,0,0,0,0,0,0,0,0,1,0,1,9,35,13
7860,B0,0,1,20,2,0,0,0,0,0,0,0,0,0,1,0,1,8,169,14
7860,B1,1,1,1,2,0,0,0,0,0,0,0,0,0,1,0,1,99,596,139
7860,B2,1,0,2,20,0,0,0,0,0,0,0,0,0,1,0,1,8,59,24
7860,C1,1,1,3,0,0,0,0,0,0,0,0,0,0,1,0,1,13,82,24
7870,A1,1,2,0,2,0,0,0,0,0,0,0,0,0,0,1,2,9,35,13
7870,B0,0,3,20,1,0,0,0,0,0,0,0,0,0,0,1,1,9,176,33
7870,B1,2,1,2,1,0,0,0,0,0,0,0,0,0,0,1,1,99,596,139
7870,B2,1,0,2,20,0,0,0,0,0,0,0,0,0,0,1,1,8,59,24
7870,C1,1,2,2,0,0,0,0,0,0,0,0,0,0,0,1,2,13,82,24
7880,A1,2,3,0,1,0,0,0,0,0,0,0,0,0,0,1,2,9,35,13
7880,B0,0,3,17,1,0,0,0,0,0,0,0,0,0,0,1,1,9,176,33
7880,B1,2,1,3,2,0,0,0,0,0,0,0,0,0,0,1,1,99,596,139
7880,B2,3,0,1,20,0,0,0,0,0,0,0,0,0,0,1,1,8,59,24
7880,C1,4,2,1,0,0,0,0,0,0,0,0,0,0,0,1,2,13,82,24
7890,A1,2,5,0,1,0,0,0,0,0,0,0,0,0,1,0,2,9,35,13
7890,B0,0,3,14,1,0,0,0,0,0,0,0,0,0,1,0,1,9,176,33
7890,B1,1,1,2,1,0,0,0,0,0,0,0,0,0,1,0,1,100,599,141
7890,B2,4,0,3,19,0,0,0,0,0,0,0,0,0,1,0,1,8,59,24
7890,C1,6,3,1,0,0,0,0,0,0,0,0,0,0,1,0,2,13,82,24
7900,A1,1,7,0,3,0,0,0,0,0,0,0,0,0,1,0,2,9,35,13
7900,B0,0,1,16,1,0,0,0,0,0,0,0,0,0,1,0,1,9,176,33
7900,B1,3,1,2,1,0,0,0,0,0,0,0,0,0,1,0,2,100,599,141
7900,B2,3,0,1,20,0,0,0,0,0,0,0,0,0,1,0,1,8,59,24
7900,C1,5,1,1,0,0,0,0,0,0,0,0,0,0,1,0,2,13,82,24
7910,A1,2,2,0,3,0,0,0,0,0,0,0,0,0,1,0,2,9,35,13
7910,B0,0,1,19,2,0,0,0,0,0,0,0,0,0,1,0,1,9,176,33
7910,B1,2,1,2,1,0,0,0,0,0,0,0,0,0,1,0,1,100,599,141
7910,B2,3,0,2,20,0,0,0,0,0,0,0,0,0,1,0,1,8,59,24
7910,C1,4,2,2,0,0,0,0,0,0,0,0,0,0,1,0,2,13,82,24
7920,A1,2,3,0,1,0,0,0,0,0,0,0,0,0,0,1,2,9,35,13
7920,B0,0,1,20,1,0,0,0,0,0,0,0,0,0,0,1,1,9,176,33
7920,B1,2,1,1,1,0,0,0,0,1,0,0,0,0,0,1,1,101,617,141
7920,B2,3,0,1,20,0,0,0,0,0,0,0,0,0,0,1,1,8,59,24
7920,C1,4,1,1,0,0,0,0,0,0,0,0,1,0,0,1,2,13,82,24
7930,A1,3,4,0,2,0,0,0,0,0,0,0,0,0,0,1,2,9,35,13
7930,B0,0,1,16,2,0,0,0,0,0,0,0,0,0,0,1,1,9,176,33
7930,B1,2,1,1,1,0,0,0,0,0,0,0,0,0,0,1,2,101,618,142
7930,B2,4,0,1,19,0,0,0,0,0,0,0,0,0,0,1,1,8,59,24
7930,C1,4,3,1,0,0,0,0,0,0,0,0,0,0,0,1,2,13,82,24
7940,A1,1,4,0,2,0,0,0,0,0,0,0,0,0,1,0,2,9,35,13
7940,B0,0,1,16,1,0,0,1,0,0,0,0,0,0,1,0,2,10,188,33
7940,B1,1,2,2,1,0,0,0,0,0,1,0,0,0,1,0,1,102,620,143
7940,B2,2,0,2,19,0,0,0,0,0,0,0,0,0,1,0,1,8,59,24
7940,C1,4,2,2,0,0,0,0,0,0,0,0,0,0,1,0,2,13,82,24
7950,A1,2,3,0,2,0,0,0,0,0,0,0,0,0,1,0,2,9,35,13
7950,B0,0,1,17,2,0,0,0,0,0,0,0,0,0,1,0,1,10,204,34
7950,B1,1,2,1,1,0,0,0,0,0,0,0,0,0,1,0,2,102,620,143
7950,B2,1,0,3,19,0,0,0,0,0,0,0,0,0,1,0,1,8,59,24
7950,C1,2,2,3,0,0,0,0,0,0,0,0,0,0,1,0,2,13,82,24
7960,A1,2,2,0,2,0,0,0,0,0,0,0,0,0,0,1,2,10,36,15
7960,B0,0,1,20,2,0,0,0,0,0,0,0,0,0,0,1,1,10,204,34
7960,B1,1,1,2,1,0,0,0,0,0,0,0,0,0,0,1,1,103,624,144
7960,B2,1,0,4,20,0,0,0,0,0,0,0,0,0,0,1,1,8,59,24
7960,C1,1,2,2,0,0,0,0,0,0,0,0,0,0,0,1,2,13,82,24
7970,A1,3,4,0,2,0,0,0,0,0,0,0,0,0,0,1,2,10,36,15
7970,B0,0,1,19,1,0,0,0,0,0,0,0,0,0,0,1,1,10,204,34
7970,B1,1,1,1,2,0,0,0,0,0,0,0,0,0,0,1,1,103,624,144
7970,B2,1,0,3,20,0,0,0,0,0,0,0,0,0,0,1,1,8,59,24
7970,C1,1,2,1,0,0,0,0,0,0,0,0,0,0,0,1,2,13,82,24
7980,A1,3,5,0,1,0,0,0,0,0,0,0,0,0,0,1,2,10,36,15
7980,B0,0,2,17,3,0,0,0,0,0,0,0,0,0,0,1,1,10,204,34
7980,B1,1,2,2,2,0,0,0,0,0,0,0,0,0,0,1,1,103,624,144
7980,B2,1,0,1,17,0,0,0,0,0,0,0,0,0,0,1,1,8,59,24
7980,C1,2,5,1,0,0,0,0,0,0,0,0,0,0,0,1,2,13,82,24
7990,A1,1,5,0,2,0,0,0,0,0,0,0,0,0,1,0,2,10,36,15
7990,B0,0,1,18,5,0,0,0,0,0,0,0,0,0,1,0,1,10,204,34
7990,B1,1,2,2,2,0,0,0,0,0,0,1,0,0,1,0,1,103,624,144
7990,B2,1,0,2,18,0,1,0,0,0,0,0,0,0,1,0,2,9,78,24
7990,C1,2,2,2,0,0,0,0,0,0,0,0,0,0,1,0,2,13,82,24
8000,A1,1,6,0,2,0,0,0,0,0,0,0,0,0,1,0,2,10,36,15
8000,B0,0,1,20,1,0,0,0,0,0,0,0,0,0,1,0,1,10,204,34
8000,B1,2,4,1,2,0,0,0,0,0,0,1,0,0,1,0,2,103,624,144
8000,B2,1,0,2,19,0,1,0,0,0,0,0,0,0,1,0,2,9,98,24
8000,C1,1,3,2,0,0,0,0,0,0,0,0,0,0,1,0,2,13,82,24
8010,A1,1,5,0,1,0,0,0,0,0,0,0,0,0,0,1,2,10,36,15
8010,B0,0,2,20,7,0,0,0,0,0,0,0,0,0,0,1,1,10,204,34
8010,B1,2,3,1,2,0,0,0,0,0,0,1,0,0,0,1,2,103,624,144
8010,B2,1,0,1,20,0,1,0,0,0,0,0,0,0,0,1,1,9,118,24
8010,C1,1,4,3,0,0,0,0,0,0,0,0,0,0,0,1,2,13,82,24
8020,A1,2,7,0,1,0,0,0,0,0,0,0,0,0,0,1,2,10,36,15
8020,B0,0,3,17,3,0,0,0,0,0,0,0,0,0,0,1,1,10,204,34
8020,B1,2,3,1,3,0,0,0,0,0,0,0,0,0,0,1,2,103,624,144
8020,B2,1,0,1,17,0,0,0,0,0,0,0,0,0,0,1,1,9,120,25
8020,C1,2,1,1,0,0,0,0,0,0,0,0,0,0,0,1,2,13,82,24
8030,A1,3,6,0,1,0,0,0,0,0,0,0,0,0,1,0,2,10,36,15
8030,B0,0,2,16,2,0,0,0,0,0,0,0,0,0,1,0,1,10,204,34
8030,B1,1,3,2,3,0,0,0,0,0,0,0,0,0,1,0,1,103,624,144
8030,B2,1,0,1,16,0,0,0,0,0,0,0,0,0,1,0,1,9,120,25
8030,C1,3,3,2,0,0,0,0,0,0,0,0,0,0,1,0,2,13,82,24
8040,A1,1,6,0,1,0,0,0,0,0,0,0,0,0,1,0,2,10,36,15
8040,B0,0,1,17,4,0,0,0,0,0,0,0,0,0,1,0,1,10,204,34
8040,B1,4,4,2,3,0,0,0,0,0,0,0,0,0,1,0,2,103,624,144
8040,B2,1,0,2,17,0,0,0,0,0,0,0,0,0,1,0,1,9,120,25
8040,C1,1,1,1,0,0,0,0,0,0,0,0,0,0,1,0,2,13,82,24
8050,A1,1,2,0,2,0,0,0,0,0,0,0,0,0,0,1,2,10,36,15
8050,B0,0,1,19,2,0,0,0,0,0,0,0,0,0,0,1,1,10,204,34
8050,B1,3,5,2,3,0,0,0,0,0,0,0,0,0,0,1,2,103,624,144
8050,B2,3,0,3,20,0,0,0,0,0,0,0,0,0,0,1,1,9,120,25
8050,C1,1,1,1,0,0,0,0,0,0,0,0,0,0,0,1,2,13,82,24
8060,A1,1,3,0,3,0,0,0,0,0,0,0,0,0,0,1,2,10,36,15
8060,B0,0,2,19,2,0,0,0,0,0,0,0,0,0,0,1,1,10,204,34
8060,B1,3,4,2,3,0,0,0,0,0,0,0,0,0,0,1,2,103,624,144
8060,B2,6,0,1,20,0,0,0,0,0,0,0,0,0,0,1,1,9,120,25
8060,C1,2,1,1,0,0,0,0,0,0,0,0,0,0,0,1,2,13,82,24
8070,A1,2,3,0,2,0,0,0,0,0,0,0,0,0,0,1,2,10,36,15
8070,B0,0,2,19,1,0,0,0,0,0,0,0,0,0,0,1,1,10,204,34
8070,B1,3,4,3,3,0,0,0,0,0,0,0,0,0,0,1,1,103,624,144
8070,B2,6,0,1,18,0,0,0,0,0,0,0,0,0,0,1,1,9,120,25
8070,C1,3,1,2,0,0,0,0,0,0,0,0,0,0,0,1,2,13,82,24
8080,A1,2,3,0,2,0,0,0,0,0,0,0,0,0,1,0,2,10,36,15
8080,B0,0,2,20,1,0,0,0,0,0,0,0,0,0,1,0,1,10,204,34
8080,B1,4,5,2,1,0,0,0,0,0,0,0,0,0,1,0,2,103,624,144
8080,B2,5,0,3,19,0,0,0,0,0,0,0,0,0,1,0,1,9,120,25
8080,C1,1,2,4,0,0,0,0,0,0,0,0,0,0,1,0,1,13,82,24
8090,A1,4,1,0,3,0,0,0,0,0,0,0,0,0,1,0,2,10,36,15
8090,B0,0,1,20,2,0,0,0,0,0,0,0,0,0,1,0,1,10,204,34
8090,B1,3,5,2,1,0,0,0,0,0,0,0,0,0,1,0,2,103,624,144
8090,B2,1,0,1,19,0,0,0,0,0,0,0,0,0,1,0,1,9,120,25
8090,C1,2,3,3,0,0,0,0,0,0,0,0,0,0,1,0,2,13,82,24
8100,A1,1,1,0,4,0,0,0,0,0,0,0,0,0,0,1,1,10,36,15
8100,B0,0,1,20,1,0,0,0,0,0,0,0,0,0,0,1,1,10,204,34
8100,B1,2,3,2,1,0,0,0,0,0,0,0,0,0,0,1,2,103,624,144
8100,B2,2,0,5,20,0,0,0,0,0,0,0,0,0,0,1,1,9,120,25
8100,C1,1,1,1,0,0,0,0,0,0,0,0,0,0,0,1,2,13,82,24
8110,A1,1,1,0,1,0,0,0,0,0,0,0,0,0,0,1,2,10,36,15
8110,B0,0,2,19,1,0,0,0,0,0,0,0,0,0,0,1,1,10,204,34
8110,B1,2,3,2,1,0,0,0,0,0,0,0,0,0,0,1,2,103,624,144
8110,B2,3,0,1,19,0,0,0,0,0,0,0,0,0,0,1,1,9,120,25
8110,C1,1,2,2,0,0,0,0,0,0,0,0,0,0,0,1,2,13,82,24
8120,A1,2,1,0,1,0,0,0,0,0,0,0,0,0,1,0,2,10,36,15
8120,B0,0,1,17,1,0,0,0,0,0,0,0,0,0,1,0,1,10,204,34
8120,B1,2,3,1,1,0,0,0,0,0,0,0,0,0,1,0,2,103,624,144
8120,B2,2,0,1,16,0,0,0,0,0,0,0,0,0,1,0,1,9,120,25
8120,C1,2,2,2,0,0,0,0,0,0,0,0,0,0,1,0,2,13,82,24
8130,A1,2,2,0,4,0,0,0,0,0,0,0,0,0,1,0,1,10,36,15
8130,B0,0,1,18,1,0,0,0,0,0,0,0,0,0,1,0,1,10,204,34
8130,B1,3,5,1,1,0,0,0,0,0,0,0,0,0,1,0,2,103,624,144
8130,B2,1,0,1,18,0,0,0,0,0,0,0,0,0,1,0,1,9,120,25
8130,C1,1,2,6,0,0,0,0,0,0,0,0,0,0,1,0,1,13,82,24
8140,A1,4,3,0,4,0,0,0,0,0,0,0,0,0,1,0,2,10,36,15
8140,B0,0,2,20,1,0,0,0,0,0,0,0,0,0,1,0,1,10,204,34
8140,B1,3,3,1,3,0,0,0,0,0,0,0,0,0,1,0,2,103,624,144
8140,B2,1,0,1,20,0,0,0,0,0,0,0,0,0,1,0,1,9,120,25
8140,C1,1,1,6,0,0,0,0,0,0,0,0,0,0,1,0,1,13,82,24
8150,A1,1,3,0,1,0,0,0,0,0,0,0,0,0,0,1,2,10,36,15
8150,B0,0,4,18,2,0,0,0,0,0,0,0,0,0,0,1,1,10,204,34
8150,B1,2,3,1,1,0,0,0,0,0,0,0,0,0,0,1,2,105,632,146
8150,B2,2,0,1,18,0,0,0,0,0,0,0,0,0,0,1,1,9,120,25
8150,C1,1,2,4,0,0,0,0,0,0,0,0,0,0,0,1,1,13,82,24
8160,A1,2,6,0,1,0,0,0,0,0,0,0,0,0,0,1,2,10,36,15
8160,B0,0,5,18,2,0,0,0,0,0,0,0,0,0,0,1,1,10,204,34
8160,B1,2,3,1,1,0,0,0,0,0,0,0,0,0,0,1,2,105,632,146
8160,B2,2,0,3,16,0,0,0,0,0,0,0,0,0,0,1,1,9,120,25
8160,C1,2,3,1,0,0,0,0,0,0,0,0,0,0,0,1,2,13,82,24
8170,A1,1,8,0,1,0,0,0,0,0,0,0,0,0,1,0,2,10,36,15
8170,B0,0,3,18,2,0,0,0,0,0,0,0,0,0,1,0,1,10,204,34
8170,B1,4,3,1,1,0,0,0,0,0,0,0,0,0,1,0,2,105,632,146
8170,B2,1,0,4,16,0,0,0,0,0,0,0,0,0,1,0,1,9,120,25
8170,C1,2,1,1,0,0,0,0,0,0,0,0,0,0,1,0,2,13,82,24
8180,A1,1,4,0,2,0,0,0,0,0,0,0,0,0,1,0,2,10,36,15
8180,B0,0,1,18,2,0,0,0,0,0,0,0,0,0,1,0,1,10,204,34
8180,B1,4,2,1,1,0,0,0,0,0,0,0,0,0,1,0,2,105,632,146
8180,B2,1,0,4,18,0,0,0,0,0,0,0,0,0,1,0,1,9,120,25
8180,C1,2,1,3,0,0,0,0,0,0,0,0,0,0,1,0,1,13,82,24
8190,A1,1,2,0,2,0,0,0,0,0,0,0,0,0,0,1,2,10,36,15
8190,B0,0,1,18,2,0,0,0,0,0,0,0,0,0,0,1,1,10,204,34
8190,B1,3,1,2,1,0,0,0,0,0,0,0,0,0,0,1,2,105,632,146
8190,B2,3,0,4,18,0,0,0,0,0,0,0,0,0,0,1,1,9,120,25
8190,C1,1,2,2,0,0,0,0,0,0,0,0,0,0,0,1,2,13,82,24
8200,A1,1,4,0,1,0,0,0,0,0,0,0,0,0,0,1,2,10,36,15
8200,B0,0,1,16,2,0,0,0,0,0,0,0,0,0,0,1,1,10,204,34
8200,B1,3,1,3,3,0,0,0,0,0,0,0,0,0,0,1,1,105,632,146
8200,B2,4,0,2,18,0,0,0,0,0,0,0,0,0,0,1,1,9,120,25
8200,C1,1,3,1,0,0,0,0,0,0,0,0,0,0,0,1,2,13,82,24
8210,A1,2,4,0,1,0,0,0,0,0,0,0,0,0,0,1,2,10,36,15
8210,B0,0,2,15,1,0,0,0,0,0,0,0,0,0,0,1,1,10,204,34
8210,B1,4,1,1,2,0,0,0,0,0,0,0,0,0,0,1,2,105,632,146
8210,B2,4,0,2,19,0,0,0,0,0,0,0,0,0,0,1,1,9,120,25
8210,C1,4,4,1,0,0,0,0,0,0,0,0,0,0,0,1,2,13,82,24
8220,A1,1,4,0,2,0,0,0,0,0,0,0,0,0,1,0,2,10,36,15
8220,B0,0,1,16,2,0,0,0,0,0,0,0,0,0,1,0,1,10,204,34
8220,B1,3,1,2,2,0,0,0,0,0,0,0,0,0,1,0,1,105,632,146
8220,B2,2,0,2,20,0,0,0,0,0,0,0,0,0,1,0,1,9,120,25
8220,C1,3,3,1,0,0,0,0,0,0,0,0,0,0,1,0,2,13,82,24
8230,A1,1,2,0,2,0,0,0,0,0,0,0,0,0,1,0,2,10,36,15
8230,B0,0,1,16,3,0,0,0,0,0,0,0,0,0,1,0,1,10,204,34
8230,B1,3,2,2,2,0,0,0,0,0,0,0,0,0,1,0,2,105,632,146
8230,B2,1,0,2,20,0,0,0,0,0,0,0,0,0,1,0,1,9,120,25
8230,C1,4,1,2,0,0,0,0,0,0,0,0,0,0,1,0,2,13,82,24
8240,A1,1,1,0,2,0,0,0,0,0,0,0,0,0,0,1,1,10,36,15
8240,B0,0,4,18,1,0,0,0,0,0,0,0,0,0,0,1,1,10,204,34
8240,B1,2,1,1,1,0,0,0,0,0,0,0,0,0,0,1,2,105,632,146
8240,B2,3,0,1,20,0,0,0,0,0,0,0,0,0,0,1,1,9,120,25
8240,C1,3,1,1,0,0,0,0,0,0,0,0,0,0,0,1,2,13,82,24
8250,A1,1,2,0,1,0,0,0,0,0,0,0,0,0,0,1,2,10,36,15
8250,B0,0,4,16,1,0,0,0,0,0,0,0,0,0,0,1,1,10,204,34
8250,B1,2,1,1,1,0,0,0,0,0,0,0,0,0,0,1,2,105,632,146
8250,B2,3,0,2,18,0,0,0,0,0,0,0,0,0,0,1,1,9,120,25
8250,C1,5,3,1,0,0,0,0,0,0,0,0,0,0,0,1,2,13,82,24
8260,A1,2,2,0,3,0,0,0,0,0,0,0,0,0,1,0,2,10,36,15
8260,B0,0,4,15,1,0,0,0,0,0,0,0,0,0,1,0,1,10,204,34
8260,B1,2,1,1,2,0,0,0,0,0,0,0,0,0,1,0,1,105,632,146
8260,B2,3,0,1,18,0,0,0,0,0,0,0,0,0,1,0,1,9,120,25
8260,C1,5,3,4,0,0,0,0,0,0,0,0,0,0,1,0,2,13,82,24
8270,A1,1,5,0,4,0,0,0,0,0,0,0,0,0,1,0,2,10,36,15
8270,B0,0,2,16,1,0,0,0,0,0,0,0,0,0,1,0,1,10,204,34
8270,B1,1,2,1,1,0,0,0,0,0,0,0,0,0,1,0,2,105,632,146
8270,B2,1,0,2,19,0,0,0,0,0,0,0,0,0,1,0,1,9,120,25
8270,C1,3,3,5,0,0,0,0,0,0,0,0,0,0,1,0,2,13,82,24
8280,A1,1,3,0,4,0,0,0,0,0,0,0,0,1,0,1,2,10,36,15
8280,B0,0,2,17,2,0,0,0,0,0,0,0,0,0,0,1,1,10,204,34
8280,B1,2,3,2,2,0,0,0,1,0,0,0,0,1,0,1,2,106,634,146
8280,B2,2,0,2,19,0,0,0,0,0,0,0,0,0,0,1,1,9,120,25
8280,C1,1,2,5,0,0,0,0,2,0,0,0,0,0,0,1,1,14,83,24
8290,A1,1,2,0,1,0,0,0,0,0,0,0,0,0,0,1,2,10,36,15
8290,B0,0,2,17,2,0,0,0,0,0,0,0,0,0,0,1,1,10,204,34
8290,B1,2,3,1,1,0,0,0,0,0,0,0,0,0,0,1,2,106,634,147
8290,B2,1,0,3,18,0,0,0,0,0,0,0,0,0,0,1,1,9,120,25
8290,C1,1,1,2,0,0,0,0,0,0,0,0,0,0,0,1,1,14,87,26
8300,A1,2,4,0,2,0,0,0,0,0,0,0,0,0,0,1,2,10,36,15
8300,B0,0,1,16,1,0,0,0,0,0,0,0,0,0,0,1,1,10,204,34
8300,B1,2,3,1,1,0,0,0,0,0,0,0,0,0,0,1,2,106,634,147
8300,B2,2,0,1,17,0,0,0,0,0,0,0,0,0,0,1,1,9,120,25
8300,C1,3,2,1,0,0,0,0,0,0,0,0,0,0,0,1,2,14,87,26
8310,A1,1,4,0,2,0,0,0,0,0,0,0,0,0,1,0,2,10,36,15
8310,B0,0,1,15,2,0,0,0,0,0,0,0,0,0,1,0,1,10,204,34
8310,B1,1,1,1,1,0,0,0,0,0,0,0,0,0,1,0,1,107,641,149
8310,B2,1,0,1,18,0,0,0,0,0,0,0,0,0,1,0,1,9,120,25
8310,C1,4,3,2,0,0,0,0,0,0,0,0,0,0,1,0,2,14,87,26
8320,A1,1,4,0,3,0,0,0,0,0,0,0,0,0,1,0,2,10,36,15
8320,B0,0,2,15,1,0,0,0,0,0,0,0,0,0,1,0,1,10,204,34
8320,B1,1,1,1,1,0,0,0,0,0,0,0,0,0,1,0,1,107,641,149
8320,B2,1,0,4,20,0,0,0,0,0,0,0,0,0,1,0,1,9,120,25
8320,C1,6,1,1,0,0,0,0,0,0,0,0,0,0,1,0,2,14,87,26
8330,A1,1,3,0,1,0,0,0,0,0,0,0,0,0,0,1,2,10,36,15
8330,B0,0,2,16,1,0,0,0,0,0,0,0,0,0,0,1,1,10,204,34
8330,B1,2,1,1,2,0,0,0,0,0,0,0,0,0,0,1,1,107,641,149
8330,B2,3,0,2,20,0,0,0,0,0,0,0,0,0,0,1,1,9,120,25
8330,C1,5,2,1,0,0,0,0,0,0,0,0,0,0,0,1,2,14,87,26
8340,A1,1,6,0,1,0,0,0,0,0,0,0,0,0,0,1,2,10,36,15
8340,B0,0,2,15,1,0,0,0,0,0,0,0,0,0,0,1,1,10,204,34
8340,B1,1,1,1,2,0,0,0,0,0,0,0,0,0,0,1,1,107,641,149
8340,B2,4,0,4,20,0,0,0,0,0,0,0,0,0,0,1,1,9,120,25
8340,C1,7,3,2,0,0,0,0,0,0,0,0,0,0,0,1,2,14,87,26
8350,A1,3,6,0,1,0,0,0,0,0,0,0,0,0,1,0,2,10,36,15
8350,B0,0,2,12,1,0,0,0,0,0,0,0,0,0,1,0,1,10,204,34
8350,B1,1,2,1,2,0,0,0,0,0,0,1,0,0,1,0,1,107,641,149
8350,B2,3,0,3,19,0,2,0,0,0,0,0,0,0,1,0,2,10,123,25
8350,C1,8,3,2,0,0,0,0,0,0,0,0,0,0,1,0,2,14,87,26
8360,A1,2,5,0,1,0,0,0,0,0,0,0,0,0,1,0,2,10,36,15
8360,B0,0,1,12,5,0,0,0,0,0,0,0,0,0,1,0,1,10,204,34
8360,B1,2,3,1,2,0,0,0,0,0,0,0,0,0,1,0,2,107,641,149
8360,B2,1,0,2,19,0,0,0,0,0,0,0,0,0,1,0,1,10,127,28
8360,C1,7,2,2,0,0,0,0,0,0,0,0,0,0,1,0,2,14,87,26
8370,A1,1,4,0,2,0,0,0,0,0,0,0,0,0,1,0,2,10,36,15
8370,B0,0,2,12,3,0,0,0,0,0,0,0,0,0,1,0,1,10,204,34
8370,B1,3,3,2,2,0,0,0,0,0,0,0,0,0,1,0,2,107,641,149
8370,B2,1,0,3,20,0,0,0,0,0,0,0,0,0,1,0,1,10,127,28
8370,C1,3,4,2,0,0,0,0,0,0,0,0,0,0,1,0,2,14,87,26
8380,A1,2,4,0,1,0,0,0,0,0,0,0,0,0,0,1,2,10,36,15
8380,B0,0,1,14,1,0,0,0,0,0,0,0,0,0,0,1,1,10,204,34
8380,B1,3,3,3,2,0,0,0,0,0,0,0,0,0,0,1,2,108,645,150
8380,B2,2,0,2,20,0,0,0,0,0,0,0,0,0,0,1,1,10,127,28
8380,C1,4,1,1,0,0,0,0,0,0,0,0,0,0,0,1,2,14,87,26
8390,A1,1,4,0,1,0,0,0,0,0,0,0,0,0,0,1,2,10,36,15
8390,B0,0,1,12,1,0,0,0,0,0,0,0,0,0,0,1,1,10,204,34
8390,B1,3,3,1,4,0,0,0,0,0,0,0,0,0,0,1,2,108,645,150
8390,B2,3,0,2,20,0,0,0,0,0,0,0,0,0,0,1,1,10,127,28
8390,C1,5,3,1,0,0,0,0,0,0,0,0,0,0,0,1,2,14,87,26
8400,A1,2,5,0,1,0,0,0,0,0,0,0,0,0,1,0,2,10,36,15
8400,B0,0,1,11,1,0,0,0,0,0,0,0,0,0,1,0,1,10,204,34
8400,B1,2,3,1,3,0,0,0,0,0,0,0,0,0,1,0,2,108,645,150
8400,B2,1,0,1,20,0,0,0,0,0,0,0,0,0,1,0,1,10,127,28
8400,C1,5,2,1,0,0,0,0,0,0,0,0,0,0,1,0,2,14,87,26
8410,A1,1,4,0,2,0,0,0,0,0,0,0,0,0,1,0,2,10,36,15
8410,B0,0,1,13,1,0,0,0,0,0,0,0,0,0,1,0,1,10,204,34
8410,B1,1,3,1,3,0,0,0,0,0,0,0,0,0,1,0,1,108,645,150
8410,B2,1,0,2,20,0,0,0,0,0,0,0,0,0,1,0,1,10,127,28
8410,C1,5,1,2,0,0,0,0,0,0,0,0,0,0,1,0,2,14,87,26
8420,A1,1,2,0,1,0,0,0,0,0,0,0,0,0,0,1,2,10,36,15
8420,B0,0,2,13,2,0,0,0,0,0,0,0,0,0,0,1,1,10,204,34
8420,B1,1,2,1,4,0,0,0,0,0,0,0,0,0,0,1,1,108,645,150
8420,B2,2,0,2,20,0,0,0,0,0,0,0,0,0,0,1,1,10,127,28
8420,C1,5,1,1,0,0,0,0,0,0,0,0,0,0,0,1,2,14,87,26
8430,A1,1,3,0,1,0,0,0,0,0,0,0,0,0,0,1,2,10,36,15
8430,B0,0,3,13,1,0,0,0,0,0,0,0,0,0,0,1,1,10,204,34
8430,B1,2,2,4,2,0,0,0,0,0,0,0,0,0,0,1,1,108,645,150
8430,B2,1,0,2,20,0,0,0,0,0,0,0,0,0,0,1,1,10,127,28
8430,C1,6,3,1,0,0,0,0,0,0,0,0,0,0,0,1,2,14,87,26
8440,A1,2,5,0,2,0,0,0,0,0,0,0,0,0,0,1,2,10,36,15
8440,B0,0,4,13,1,0,0,0,0,0,0,0,0,0,0,1,1,10,204,34
8440,B1,2,2,3,1,0,0,0,0,0,0,0,0,0,0,1,1,108,645,150
8440,B2,4,0,2,17,0,0,0,0,0,0,0,0,0,0,1,1,10,127,28
8440,C1,8,4,2,0,0,0,0,0,0,0,0,0,0,0,1,2,14,87,26
8450,A1,1,5,0,4,0,0,0,0,0,0,0,0,0,1,0,2,10,36,15
8450,B0,0,2,13,1,0,0,0,0,0,0,0,0,0,1,0,1,10,204,34
8450,B1,2,2,3,1,0,0,0,0,0,0,0,0,0,1,0,1,108,645,150
8450,B2,1,0,2,18,0,0,0,0,0,0,0,0,0,1,0,1,10,127,28
8450,C1,9,2,2,0,0,0,0,0,0,0,0,0,0,1,0,2,14,87,26
8460,A1,2,5,0,4,0,0,0,0,0,0,0,0,0,1,0,2,10,36,15
8460,B0,0,1,13,2,0,0,0,0,0,0,0,0,0,1,0,1,10,204,34
8460,B1,2,2,3,1,0,0,0,0,0,0,0,0,0,1,0,1,108,645,150
8460,B2,1,0,2,19,0,0,0,0,0,0,0,0,0,1,0,1,10,127,28
8460,C1,9,1,2,0,0,0,0,0,0,0,0,0,0,1,0,2,14,87,26
8470,A1,2,3,0,2,0,0,0,0,0,0,0,0,0,0,1,2,10,36,15
8470,B0,0,2,13,1,0,0,0,0,0,0,0,0,0,0,1,1,10,204,34
8470,B1,1,2,2,1,0,0,0,0,0,0,0,0,0,0,1,1,108,645,150
8470,B2,3,0,1,20,0,0,0,0,0,0,0,0,0,0,1,1,10,127,28
8470,C1,9,1,1,0,0,0,0,0,0,0,0,0,0,0,1,2,14,87,26
8480,A1,3,6,0,2,0,0,0,0,0,0,0,0,0,0,1,2,10,36,15
8480,B0,0,2,10,5,0,0,0,0,0,0,0,0,0,0,1,1,10,204,34
8480,B1,1,2,2,2,0,0,0,0,0,0,0,0,0,0,1,1,108,645,150
8480,B2,3,0,1,17,0,0,0,0,0,0,0,0,0,0,1,1,10,127,28
8480,C1,9,5,2,0,0,0,0,0,0,0,0,0,0,0,1,2,14,87,26
8490,A1,3,7,0,3,0,0,0,0,0,0,0,0,0,1,0,2,10,36,15
8490,B0,0,2,9,1,0,0,0,0,0,0,0,0,0,1,0,1,10,204,34
8490,B1,1,1,1,1,0,0,0,0,0,0,0,0,0,1,0,1,108,645,150
8490,B2,2,0,1,16,0,0,0,0,0,0,0,0,0,1,0,1,10,127,28
8490,C1,12,1,1,0,0,0,0,0,0,0,0,0,0,1,0,2,14,87,26
8500,A1,3,6,0,3,0,0,0,0,0,0,0,0,0,1,0,2,10,36,15
8500,B0,0,1,9,1,0,0,0,0,0,0,0,0,0,1,0,1,10,204,34
8500,B1,4,3,1,1,0,0,0,0,0,0,0,0,0,1,0,2,108,645,150
8500,B2,1,0,1,17,0,0,0,0,0,0,0,0,0,1,0,1,10,127,28
8500,C1,8,1,1,0,0,0,0,0,0,0,0,0,0,1,0,2,14,87,26
8510,A1,1,6,0,3,0,0,0,0,0,0,0,0,0,0,1,2,10,36,15
8510,B0,0,2,9,4,0,0,0,0,0,0,0,0,0,0,1,1,10,204,34
8510,B1,4,3,1,1,0,0,0,0,0,0,0,0,0,0,1,2,108,645,150
8510,B2,1,0,3,20,0,0,0,0,0,0,0,0,0,0,1,1,10,127,28
8510,C1,6,2,1,0,0,0,0,0,0,0,0,0,0,0,1,2,14,87,26
8520,A1,2,7,0,1,0,0,0,0,0,0,0,0,0,0,1,2,10,36,15
8520,B0,0,3,9,1,0,0,0,0,0,0,0,0,0,0,1,1,10,204,34
8520,B1,4,3,1,1,0,0,0,0,0,0,0,0,0,0,1,2,108,645,150
8520,B2,1,0,1,20,0,0,0,0,0,0,0,0,0,0,1,1,10,127,28
8520,C1,8,1,3,0,0,0,0,0,0,0,0,0,0,0,1,2,14,87,26
8530,A1,2,9,0,1,0,0,0,0,0,0,0,0,0,0,1,2,10,36,15
8530,B0,0,3,7,1,0,0,0,0,0,0,0,0,0,0,1,1,10,204,34
8530,B1,4,3,2,2,0,0,0,0,0,0,0,0,0,0,1,2,108,645,150
8530,B2,2,0,1,20,0,0,0,0,0,0,0,0,0,0,1,1,10,127,28
8530,C1,7,1,1,0,0,0,0,0,0,0,0,0,0,0,1,2,14,87,26
8540,A1,2,8,0,1,0,0,0,0,0,0,0,0,0,1,0,2,10,36,15
8540,B0,0,1,6,1,0,0,0,0,0,0,0,0,0,1,0,1,10,204,34
8540,B1,2,1,2,1,0,0,0,0,0,0,0,0,0,1,0,1,108,645,150
8540,B2,1,0,1,20,0,0,0,0,0,0,0,0,0,1,0,1,10,127,28
8540,C1,9,1,1,0,0,0,0,0,0,0,0,0,0,1,0,2,14,87,26
8550,A1,1,7,0,1,0,0,0,0,0,0,0,0,0,1,0,2,10,36,15
8550,B0,0,1,8,2,0,0,0,0,0,0,0,0,0,1,0,1,10,204,34
8550,B1,1,3,2,1,0,0,0,0,0,0,0,0,0,1,0,2,108,645,150
8550,B2,1,0,3,20,0,0,0,0,0,0,0,0,0,1,0,1,10,127,28
8550,C1,11,1,2,0,0,0,0,0,0,0,0,0,0,1,0,2,14,87,26
8560,A1,2,6,0,1,0,0,0,0,0,0,0,0,0,0,1,2,10,36,15
8560,B0,0,3,9,3,0,0,0,0,0,0,0,0,0,0,1,1,10,204,34
8560,B1,1,1,3,2,0,0,0,0,0,0,0,0,0,0,1,1,108,645,150
8560,B2,4,0,1,20,0,0,0,0,0,0,0,0,0,0,1,1,10,127,28
8560,C1,10,2,3,0,0,0,0,0,0,0,0,0,0,0,1,2,14,87,26
8570,A1,5,6,0,1,0,0,0,0,0,0,0,0,0,0,1,2,10,36,15
8570,B0,0,3,9,2,0,0,0,0,0,0,0,0,0,0,1,1,10,204,34
8570,B1,1,2,2,1,0,0,0,0,0,0,0,0,0,0,1,1,108,645,150
8570,B2,5,0,3,20,0,0,0,0,0,0,0,0,0,0,1,1,10,127,28
8570,C1,11,4,2,0,0,0,0,0,0,0,0,0,0,0,1,2,14,87,26
8580,A1,4,6,0,2,0,0,0,0,0,0,0,0,0,1,0,2,10,36,15
8580,B0,0,3,8,2,0,0,0,0,0,0,0,0,0,1,0,1,10,204,34
8580,B1,3,1,2,1,0,0,0,0,0,0,0,0,0,1,0,2,108,645,150
8580,B2,5,0,1,20,0,0,0,0,0,0,0,0,0,1,0,1,10,127,28
8580,C1,13,4,1,0,0,0,0,0,0,0,0,0,0,1,0,2,14,87,26
8590,A1,1,4,0,2,0,0,0,0,0,0,0,0,0,1,0,2,10,36,15
8590,B0,0,2,8,4,0,0,0,0,0,0,0,0,0,1,0,1,10,204,34
8590,B1,1,1,2,1,0,0,0,0,0,0,0,0,0,1,0,1,108,645,150
8590,B2,1,0,2,20,0,0,0,0,0,0,0,0,0,1,0,1,10,127,28
8590,C1,12,6,2,0,0,0,0,0,0,0,0,0,0,1,0,2,14,87,26
8600,A1,1,2,0,3,0,0,0,0,0,0,0,0,0,1,0,1,10,36,15
8600,B0,0,1,9,2,0,0,0,0,0,0,0,0,0,1,0,1,10,204,34
8600,B1,1,1,3,2,0,0,0,0,0,0,0,0,0,1,0,1,108,645,150
8600,B2,1,0,4,20,0,0,0,0,0,0,0,0,0,1,0,1,10,127,28
8600,C1,11,4,3,0,0,0,0,0,0,0,0,0,0,1,0,2,14,87,26
8610,A1,1,3,0,1,0,0,0,0,0,0,0,0,0,0,1,2,10,36,15
8610,B0,0,2,9,1,0,0,0,0,0,0,0,0,0,0,1,1,10,204,34
8610,B1,1,1,3,1,0,0,0,0,0,0,0,0,0,0,1,1,109,649,151
8610,B2,2,0,2,20,0,0,0,0,0,0,0,0,0,0,1,1,10,127,28
8610,C1,10,3,1,0,0,0,0,0,0,0,0,0,0,0,1,2,14,87,26
8620,A1,3,3,0,1,0,0,0,0,0,0,0,0,0,0,1,2,10,36,15
8620,B0,0,2,8,2,0,0,0,0,0,0,0,0,0,0,1,1,10,204,34
8620,B1,1,1,2,2,0,0,0,0,0,0,0,0,0,0,1,1,109,649,151
8620,B2,2,0,2,18,0,0,0,0,0,0,0,0,0,0,1,1,10,127,28
8620,C1,12,5,1,0,0,0,0,0,0,0,0,0,0,0,1,2,14,87,26
8630,A1,4,4,0,1,0,0,0,0,0,0,0,0,0,1,0,2,10,36,15
8630,B0,0,1,8,1,0,0,0,0,0,0,0,0,0,1,0,1,10,204,34
8630,B1,2,2,1,2,0,0,0,0,0,0,0,0,0,1,0,2,110,651,152
8630,B2,1,0,1,18,0,0,0,0,0,0,0,0,0,1,0,1,10,127,28
8630,C1,12,3,2,0,0,0,0,0,0,0,0,0,0,1,0,2,14,87,26
8640,A1,1,5,0,1,0,0,0,0,0,0,0,0,0,1,0,2,10,36,15
8640,B0,0,1,8,1,0,0,0,0,0,0,0,0,0,1,0,1,10,204,34
8640,B1,2,3,1,2,0,0,0,0,0,0,0,0,0,1,0,2,110,651,152
8640,B2,2,0,3,18,0,0,0,0,0,0,0,0,0,1,0,1,10,127,28
8640,C1,11,2,2,0,0,0,0,0,0,0,0,0,0,1,0,2,14,87,26
8650,A1,1,4,0,1,0,0,0,0,0,0,0,0,0,0,1,2,10,36,15
8650,B0,0,2,8,2,0,0,0,0,0,0,0,0,0,0,1,1,10,204,34
8650,B1,2,1,1,1,0,0,0,0,0,0,0,0,0,0,1,2,110,651,152
8650,B2,2,0,1,20,0,0,0,0,0,0,0,0,0,0,1,1,10,127,28
8650,C1,10,1,1,0,0,0,0,0,0,0,0,0,0,0,1,2,14,87,26
8660,A1,1,4,0,1,0,0,0,0,0,0,0,0,0,0,1,2,10,36,15
8660,B0,0,2,7,2,0,0,0,0,0,0,0,0,0,0,1,1,10,204,34
8660,B1,1,1,2,1,0,0,0,0,0,0,0,0,0,0,1,1,110,651,152
8660,B2,2,0,1,17,0,0,0,0,0,0,0,0,0,0,1,1,10,127,28
8660,C1,12,3,1,0,0,0,0,0,0,0,0,0,0,0,1,2,14,87,26
8670,A1,2,6,0,1,0,0,0,0,0,0,0,0,0,0,1,2,10,36,15
8670,B0,0,2,6,1,0,0,0,0,0,0,0,0,0,0,1,1,10,204,34
8670,B1,1,2,1,2,0,0,0,0,0,0,0,0,0,0,1,1,110,651,152
8670,B2,2,0,1,14,0,0,0,0,0,0,0,0,0,0,1,1,10,127,28
8670,C1,12,4,1,0,0,0,0,0,0,0,0,0,0,0,1,2,14,87,26
8680,A1,2,7,0,4,0,0,0,0,0,0,0,0,0,1,0,2,10,36,15
8680,B0,0,3,7,3,0,0,0,0,0,0,0,0,0,1,0,1,10,204,34
8680,B1,1,2,1,2,0,0,0,0,0,0,0,0,0,1,0,1,110,651,152
8680,B2,1,0,1,15,0,0,0,0,0,0,0,0,0,1,0,1,10,127,28
8680,C1,12,1,1,0,0,0,0,0,0,0,0,0,0,1,0,2,14,87,26
8690,A1,2,5,0,4,0,0,0,0,0,0,0,0,0,1,0,2,10,36,15
8690,B0,0,1,8,2,0,0,0,0,0,0,0,0,0,1,0,1,10,204,34
8690,B1,3,4,1,2,0,0,0,0,0,0,0,0,0,1,0,2,110,651,152
8690,B2,1,0,3,19,0,0,0,0,0,0,0,0,0,1,0,1,10,127,28
8690,C1,11,1,1,0,0,0,0,0,0,0,0,0,0,1,0,2,14,87,26
8700,A1,2,5,0,2,0,0,0,0,0,0,0,0,0,0,1,2,10,36,15
8700,B0,0,1,7,2,0,0,0,0,0,0,0,0,0,0,1,1,10,204,34
8700,B1,2,1,1,1,0,0,0,0,0,0,0,0,0,0,1,2,111,653,153
8700,B2,1,0,3,20,0,0,0,0,0,0,0,0,0,0,1,1,10,127,28
8700,C1,9,1,1,0,0,0,0,0,0,0,0,0,0,0,1,2,14,87,26
8710,A1,3,6,0,1,0,0,0,0,0,0,0,0,0,0,1,2,10,36,15
8710,B0,0,3,6,2,0,0,0,0,0,0,0,0,0,0,1,1,10,204,34
8710,B1,2,1,1,2,0,0,0,0,0,0,0,0,0,0,1,1,111,653,153
8710,B2,2,0,1,20,0,0,0,0,0,0,0,0,0,0,1,1,10,127,28
8710,C1,9,2,1,0,0,0,0,0,0,0,0,0,0,0,1,2,14,87,26
8720,A1,2,6,0,1,0,0,0,0,0,0,0,0,0,1,0,2,10,36,15
8720,B0,0,2,4,1,0,0,0,0,0,0,0,0,0,1,0,1,10,204,34
8720,B1,1,1,1,3,0,0,0,0,0,0,0,0,0,1,0,1,111,653,153
8720,B2,2,0,1,20,0,0,0,0,0,0,0,0,0,1,0,1,10,127,28
8720,C1,10,1,1,0,0,0,0,0,0,0,0,0,0,1,0,2,14,87,26
8730,A1,3,6,0,2,0,0,0,0,0,0,0,0,0,1,0,2,10,36,15
8730,B0,0,3,4,3,0,0,0,0,0,0,0,0,0,1,0,1,10,204,34
8730,B1,3,2,1,3,0,0,0,0,0,0,0,0,0,1,0,2,111,653,153
8730,B2,1,0,2,20,0,0,0,0,0,0,0,0,0,1,0,1,10,127,28
8730,C1,8,1,1,0,0,0,0,0,0,0,0,0,0,1,0,2,14,87,26
8740,A1,2,4,0,4,0,0,0,0,0,0,0,0,0,0,1,2,10,36,15
8740,B0,0,2,8,3,0,0,0,0,0,0,0,0,0,0,1,1,10,204,34
8740,B1,3,2,1,4,0,0,0,0,0,0,0,0,0,0,1,1,111,653,153
8740,B2,2,0,1,20,0,0,0,0,0,0,0,0,0,0,1,1,10,127,28
8740,C1,7,1,1,0,0,0,0,0,0,0,0,0,0,0,1,2,14,87,26
8750,A1,3,5,0,1,0,0,0,0,0,0,0,0,0,0,1,2,10,36,15
8750,B0,0,2,7,2,0,0,0,0,0,0,0,0,0,0,1,1,10,204,34
8750,B1,2,1,3,4,0,0,0,0,0,0,0,0,0,0,1,1,111,653,153
8750,B2,1,0,1,18,0,0,0,0,0,0,0,0,0,0,1,1,10,127,28
8750,C1,8,2,1,0,0,0,0,0,0,0,0,0,0,0,1,2,14,87,26
8760,A1,3,5,0,1,0,0,0,0,0,0,0,0,0,0,1,2,10,36,15
8760,B0,0,2,4,1,0,0,0,0,0,0,0,0,0,0,1,1,10,204,34
8760,B1,2,1,1,4,0,0,0,0,0,0,0,0,0,0,1,1,111,653,153
8760,B2,2,0,1,17,0,0,0,0,0,0,0,0,0,0,1,1,10,127,28
8760,C1,9,4,2,0,0,0,0,0,0,0,0,0,0,0,1,2,14,87,26
8770,A1,2,6,0,1,0,0,0,0,0,0,0,0,0,1,0,2,10,36,15
8770,B0,0,1,4,1,0,0,0,0,0,0,0,0,0,1,0,1,10,204,34
8770,B1,1,2,1,3,0,0,0,0,0,0,0,0,0,1,0,1,111,653,153
8770,B2,1,0,1,17,0,0,0,0,0,0,0,0,0,1,0,1,10,127,28
8770,C1,9,2,4,0,0,0,0,0,0,0,0,0,0,1,0,2,14,87,26
8780,A1,2,7,0,1,0,0,0,0,0,0,0,0,0,1,0,2,10,36,15
8780,B0,0,1,5,3,0,0,0,0,0,0,0,0,0,1,0,1,10,204,34
8780,B1,2,2,1,3,0,0,0,0,0,0,0,0,0,1,0,1,111,653,153
8780,B2,1,0,1,20,0,0,0,0,0,0,0,0,0,1,0,1,10,127,28
8780,C1,9,4,6,0,0,0,0,0,0,0,0,0,0,1,0,2,14,87,26
8790,A1,1,6,0,1,0,0,0,0,0,0,0,0,1,0,1,2,10,36,15
8790,B0,0,3,8,1,0,0,0,0,0,0,0,0,0,0,1,1,10,204,34
8790,B1,2,2,1,3,0,0,0,1,0,0,0,0,0,0,1,1,112,663,153
8790,B2,2,0,2,20,0,0,0,0,0,0,0,0,0,0,1,1,10,127,28
8790,C1,8,1,4,0,0,0,0,0,0,0,0,0,0,0,1,2,14,87,26
8800,A1,1,8,0,2,0,0,0,0,0,0,0,0,1,0,1,2,10,36,15
8800,B0,0,4,7,1,0,0,0,0,0,0,0,0,0,0,1,1,10,204,34
8800,B1,2,2,1,1,0,0,0,1,0,0,0,0,0,0,1,1,112,683,153
8800,B2,4,0,4,19,0,0,0,0,0,0,0,0,0,0,1,1,10,127,28
8800,C1,9,1,2,0,0,0,0,0,0,0,0,0,0,0,1,2,14,87,26
8810,A1,1,8,0,3,0,0,0,0,0,0,0,0,0,1,0,2,10,36,15
8810,B0,0,4,6,1,0,0,0,0,0,0,0,0,0,1,0,1,10,204,34
8810,B1,2,1,1,1,0,0,0,0,0,0,0,0,0,1,0,2,112,687,154
8810,B2,3,0,1,16,0,0,0,0,0,0,0,0,0,1,0,1,10,127,28
8810,C1,11,1,1,0,0,0,0,0,0,0,0,0,0,1,0,2,14,87,26
8820,A1,1,6,0,1,0,0,0,0,0,0,0,0,0,1,0,2,10,36,15
8820,B0,0,2,8,1,0,0,0,0,0,0,0,0,0,1,0,1,10,204,34
8820,B1,1,4,1,1,0,0,0,0,0,0,0,0,0,1,0,2,112,687,154
8820,B2,1,0,1,17,0,0,0,0,0,0,0,0,0,1,0,1,10,127,28
8820,C1,9,3,1,0,0,0,0,0,0,0,0,0,0,1,0,2,14,87,26
8830,A1,1,5,0,2,0,0,0,0,0,0,0,0,0,1,0,2,10,36,15
8830,B0,0,2,8,3,0,0,0,0,0,0,0,0,0,1,0,1,10,204,34
8830,B1,1,3,1,1,0,0,0,0,0,0,0,0,0,1,0,2,112,687,154
8830,B2,1,0,6,19,0,0,0,0,0,0,0,0,0,1,0,1,10,127,28
8830,C1,6,1,1,0,0,0,0,0,0,0,0,0,0,1,0,2,14,87,26
8840,A1,3,5,0,1,0,0,0,0,0,0,0,0,0,0,1,2,10,36,15
8840,B0,0,2,7,2,0,0,0,0,0,0,0,0,0,0,1,1,10,204,34
8840,B1,1,3,2,5,0,0,0,0,0,0,0,0,0,0,1,1,114,693,156
8840,B2,2,0,2,20,0,0,0,0,0,0,0,0,0,0,1,1,10,127,28
8840,C1,6,1,1,0,0,0,0,0,0,0,0,0,0,0,1,2,14,87,26
8850,A1,4,5,0,1,0,0,0,0,0,0,0,0,0,0,1,2,10,36,15
8850,B0,0,3,6,2,0,0,0,0,0,0,0,0,0,0,1,1,10,204,34
8850,B1,1,3,2,2,0,0,0,0,0,0,0,0,0,0,1,1,114,693,156
8850,B2,2,0,1,19,0,0,0,0,0,0,0,0,0,0,1,1,10,127,28
8850,C1,8,2,1,0,0,0,0,0,0,0,0,0,0,0,1,2,14,87,26
8860,A1,3,5,0,1,0,0,0,0,0,0,0,0,0,1,0,2,10,36,15
8860,B0,0,3,5,1,0,0,0,0,0,0,0,0,0,1,0,1,10,204,34
8860,B1,1,2,1,1,0,0,0,0,0,0,0,0,0,1,0,2,115,700,157
8860,B2,1,0,2,19,0,0,0,0,0,0,0,0,0,1,0,1,10,127,28
8860,C1,9,1,1,0,0,0,0,0,0,0,0,0,0,1,0,2,14,87,26
8870,A1,2,5,0,1,0,0,0,0,0,0,0,0,0,1,0,2,10,36,15
8870,B0,0,3,7,1,0,0,0,0,0,0,0,0,0,1,0,1,10,204,34
8870,B1,3,2,1,1,0,0,0,0,0,0,0,0,0,1,0,2,115,700,157
8870,B2,1,0,5,19,0,0,0,0,0,0,0,0,0,1,0,1,10,127,28
8870,C1,7,3,2,0,0,0,0,0,0,0,0,0,0,1,0,2,14,87,26
8880,A1,2,3,0,1,0,0,0,0,0,0,0,0,0,0,1,2,10,36,15
8880,B0,0,6,7,4,0,0,0,0,0,0,0,0,0,0,1,1,10,204,34
8880,B1,2,2,1,1,0,0,0,0,0,0,0,0,0,0,1,2,115,700,157
8880,B2,2,0,1,20,0,0,0,0,0,0,0,0,0,0,1,1,10,127,28
8880,C1,6,4,2,0,0,0,0,0,0,0,0,0,0,0,1,2,14,87,26
8890,A1,1,5,0,1,0,0,0,0,0,0,0,0,0,0,1,2,10,36,15
8890,B0,0,6,3,3,0,0,0,0,0,0,0,0,0,0,1,1,10,204,34
8890,B1,2,2,4,1,0,0,0,0,0,0,0,0,0,0,1,1,115,700,157
8890,B2,3,0,1,19,0,0,0,0,0,0,0,0,0,0,1,1,10,127,28
8890,C1,8,1,1,0,0,0,0,0,0,0,0,0,0,0,1,2,14,87,26
8900,A1,3,5,0,1,0,0,0,0,0,0,0,0,0,0,1,2,10,36,15
8900,B0,0,6,1,3,0,0,0,0,0,0,0,0,0,0,1,2,10,204,34
8900,B1,3,2,1,2,0,0,0,0,0,0,0,0,0,0,1,2,115,700,157
8900,B2,3,0,3,18,0,0,0,0,0,0,0,0,0,0,1,1,10,127,28
8900,C1,7,4,1,0,0,0,0,0,0,0,0,0,0,0,1,2,14,87,26
8910,A1,3,6,0,2,0,0,0,0,0,0,0,0,0,1,0,2,10,36,15
8910,B0,0,3,1,5,0,0,0,0,0,0,0,0,0,1,0,1,10,204,34
8910,B1,3,2,1,2,0,0,0,0,0,0,0,0,0,1,0,2,115,700,157
8910,B2,1,0,1,19,0,0,0,0,0,0,0,0,0,1,0,1,10,127,28
8910,C1,9,1,1,0,0,0,0,0,0,0,0,0,0,1,0,2,14,87,26
8920,A1,2,3,0,2,0,0,0,0,0,0,0,0,0,1,0,2,10,36,15
8920,B0,0,1,2,2,0,0,0,0,0,0,0,0,0,1,0,1,10,204,34
8920,B1,2,2,1,2,0,0,0,0,0,0,0,0,0,1,0,2,115,700,157
8920,B2,1,0,4,20,0,0,0,0,0,0,0,0,0,1,0,1,10,127,28
8920,C1,5,2,1,0,0,0,0,0,0,0,0,0,0,1,0,2,14,87,26
8930,A1,4,2,0,3,0,0,0,0,0,0,0,0,0,0,1,2,10,36,15
8930,B0,0,1,2,1,0,0,0,0,0,0,0,0,0,0,1,1,10,204,34
8930,B1,3,2,2,1,0,0,0,0,0,0,0,0,0,0,1,2,115,700,157
8930,B2,2,0,2,20,0,0,0,0,0,0,0,0,0,0,1,1,10,127,28
8930,C1,4,1,1,0,0,0,0,0,0,0,0,0,0,0,1,2,14,87,26
8940,A1,2,3,0,2,0,0,0,0,0,0,0,0,0,0,1,2,10,36,15
8940,B0,0,1,2,1,0,0,0,0,0,0,0,0,0,0,1,1,10,204,34
8940,B1,3,2,5,1,0,0,0,0,0,0,0,0,0,0,1,1,115,700,157
8940,B2,3,0,1,19,0,0,0,0,0,0,0,0,0,0,1,1,10,127,28
8940,C1,4,1,1,0,0,0,0,0,0,0,0,0,0,0,1,2,14,87,26
8950,A1,1,5,0,2,0,0,0,0,0,0,0,0,0,1,0,2,10,36,15
8950,B0,0,2,1,1,0,0,0,0,0,0,0,0,0,1,0,1,10,204,34
8950,B1,5,2,3,2,0,0,0,0,0,0,0,0,0,1,0,2,115,700,157
8950,B2,2,0,1,19,0,0,0,0,0,0,0,0,0,1,0,1,10,127,28
8950,C1,6,2,1,0,0,0,0,0,0,0,0,0,0,1,0,2,14,87,26
8960,A1,1,3,0,2,0,0,0,0,0,0,0,0,0,1,0,2,10,36,15
8960,B0,0,2,2,2,0,0,0,0,0,0,0,0,0,1,0,1,10,204,34
8960,B1,3,1,3,2,0,0,0,0,0,0,0,0,0,1,0,1,115,700,157
8960,B2,1,0,1,19,0,0,0,0,0,0,0,0,0,1,0,1,10,127,28
8960,C1,8,2,2,0,0,0,0,0,0,0,0,0,0,1,0,2,14,87,26
8970,A1,3,1,0,2,0,0,0,0,0,0,0,0,0,0,1,2,10,36,15
8970,B0,0,1,3,3,0,0,0,0,0,0,0,0,0,0,1,1,10,204,34
8970,B1,2,1,3,3,0,0,0,0,0,0,0,0,0,0,1,1,115,700,157
8970,B2,1,0,2,20,0,0,0,0,0,0,0,0,0,0,1,1,10,127,28
8970,C1,5,1,3,0,0,0,0,0,0,0,0,0,0,0,1,2,14,87,26
8980,A1,1,3,0,3,0,0,0,0,0,0,0,0,0,0,1,2,10,36,15
8980,B0,0,2,2,1,0,0,0,0,0,0,0,0,0,0,1,1,10,204,34
8980,B1,2,2,1,4,0,0,0,0,0,0,0,0,0,0,1,1,115,700,157
8980,B2,1,0,2,19,0,0,0,0,0,0,0,0,0,0,1,1,10,127,28
8980,C1,6,1,1,0,0,0,0,0,0,0,0,0,0,0,1,2,14,87,26
8990,A1,3,5,0,2,0,0,0,0,0,0,0,0,0,0,1,2,10,36,15
8990,B0,0,2,1,1,0,0,0,0,0,0,0,0,0,0,1,1,10,204,34
8990,B1,2,2,2,4,0,0,0,0,0,0,0,0,0,0,1,1,115,700,157
8990,B2,3,0,2,15,0,0,0,0,0,0,0,0,0,0,1,1,10,127,28
8990,C1,6,2,1,0,0,0,0,0,0,0,0,0,0,0,1,2,14,87,26
9000,A1,1,2,0,3,0,0,0,0,0,0,0,0,0,1,0,1,10,36,15
9000,B0,0,1,1,2,0,0,0,0,0,0,0,0,0,1,0,1,10,204,34
9000,B1,1,1,1,2,0,0,0,0,0,0,0,0,0,1,0,1,115,700,157
9000,B2,4,0,3,16,0,0,0,0,0,0,0,0,0,1,0,1,10,127,28
9000,C1,6,1,2,0,0,0,0,0,0,0,0,0,0,1,0,2,14,87,26
9010,A1,1,1,0,3,0,0,0,0,0,0,0,0,0,1,0,1,10,36,15
9010,B0,0,2,3,1,0,0,0,0,0,0,0,0,0,1,0,1,10,204,34
9010,B1,2,1,1,2,0,0,0,0,0,0,0,0,0,1,0,1,115,700,157
9010,B2,1,0,3,19,0,0,0,0,0,0,0,0,0,1,0,1,10,127,28
9010,C1,3,3,4,0,0,0,0,0,0,0,0,0,0,1,0,2,14,87,26
9020,A1,1,1,0,3,0,0,0,0,0,0,0,0,0,0,1,1,10,36,15
9020,B0,0,3,6,1,0,0,0,0,0,0,0,0,0,0,1,1,10,204,34
9020,B1,1,1,2,2,0,0,0,0,0,0,0,0,0,0,1,1,115,700,157
9020,B2,3,0,2,20,0,0,0,0,0,0,0,0,0,0,1,1,10,127,28
9020,C1,3,2,3,0,0,0,0,0,0,0,0,0,0,0,1,2,14,87,26
9030,A1,1,3,0,1,0,0,0,0,0,0,0,0,0,0,1,2,10,36,15
9030,B0,0,4,4,2,0,0,0,0,0,0,0,0,0,0,1,1,10,204,34
9030,B1,2,1,1,3,0,0,0,0,0,0,0,0,0,0,1,1,115,700,157
9030,B2,3,0,2,20,0,0,0,0,0,0,0,0,0,0,1,1,10,127,28
9030,C1,3,3,1,0,0,0,0,0,0,0,0,0,0,0,1,2,14,87,26
9040,A1,3,4,0,2,0,0,0,0,0,0,0,0,0,1,0,2,10,36,15
9040,B0,0,3,2,3,0,0,0,0,0,0,0,0,0,1,0,1,10,204,34
9040,B1,2,5,1,1,0,0,0,0,0,0,0,0,0,1,0,2,115,700,157
9040,B2,2,0,3,20,0,0,0,0,0,0,0,0,0,1,0,1,10,127,28
9040,C1,3,3,3,0,0,0,0,0,0,0,0,0,0,1,0,2,14,87,26
9050,A1,1,1,0,4,0,0,0,0,0,0,0,0,0,1,0,1,10,36,15
9050,B0,0,1,5,2,0,0,0,0,0,0,0,0,0,1,0,1,10,204,34
9050,B1,1,1,1,1,0,0,0,0,0,0,0,0,0,1,0,1,115,700,157
9050,B2,1,0,4,20,0,0,0,0,0,0,0,0,0,1,0,1,10,127,28
9050,C1,3,1,1,0,0,0,0,0,0,0,0,0,0,1,0,2,14,87,26
9060,A1,2,2,0,4,0,0,0,0,0,0,0,0,0,1,0,1,10,36,15
9060,B0,0,1,7,3,0,0,0,0,0,0,0,0,0,1,0,1,10,204,34
9060,B1,1,1,1,1,0,0,0,0,0,0,0,0,0,1,0,1,115,700,157
9060,B2,1,0,5,20,0,0,0,0,0,0,0,0,0,1,0,1,10,127,28
9060,C1,3,2,3,0,0,0,0,0,0,0,0,0,0,1,0,2,14,87,26
9070,A1,1,3,0,3,0,0,0,0,0,0,0,0,0,0,1,2,10,36,15
9070,B0,0,2,7,1,0,0,0,0,0,0,0,0,0,0,1,1,10,204,34
9070,B1,1,1,1,2,0,0,0,0,0,0,0,0,0,0,1,1,115,700,157
9070,B2,1,0,2,20,0,0,0,0,0,0,0,0,0,0,1,1,10,127,28
9070,C1,2,2,1,0,0,0,0,0,0,0,0,0,0,0,1,2,14,87,26
9080,A1,2,3,0,4,0,0,0,0,0,0,0,0,0,0,1,2,10,36,15
9080,B0,0,3,4,1,0,0,0,0,0,0,0,0,0,0,1,1,10,204,34
9080,B1,1,1,1,1,0,0,0,0,0,0,0,0,0,0,1,1,115,700,157
9080,B2,1,0,1,19,0,0,0,0,0,0,0,0,0,0,1,1,10,127,28
9080,C1,2,2,2,0,0,0,0,0,0,0,0,0,0,0,1,2,14,87,26
9090,A1,2,3,0,7,0,0,0,0,0,0,0,0,0,1,0,2,10,36,15
9090,B0,0,1,3,1,0,0,0,0,0,0,0,0,0,1,0,1,10,204,34
9090,B1,2,1,1,1,0,0,0,0,0,0,0,0,0,1,0,2,115,700,157
9090,B2,1,0,2,19,0,0,0,0,0,0,0,0,0,1,0,1,10,127,28
9090,C1,6,2,2,0,0,0,0,0,0,0,0,0,0,1,0,2,14,87,26
9100,A1,2,1,0,6,0,0,0,0,0,0,0,0,0,1,0,1,10,36,15
9100,B0,0,1,7,2,0,0,0,0,0,0,0,0,0,1,0,1,10,204,34
9100,B1,4,1,1,1,0,0,0,0,0,0,0,0,0,1,0,2,115,700,157
9100,B2,1,0,3,19,0,0,0,0,0,0,0,0,0,1,0,1,10,127,28
9100,C1,5,2,3,0,0,0,0,0,0,0,0,0,0,1,0,2,14,87,26
9110,A1,1,1,0,5,0,0,0,0,0,0,0,0,0,0,1,1,10,36,15
9110,B0,0,1,7,3,0,0,0,0,0,0,0,0,0,0,1,1,10,204,34
9110,B1,4,1,1,1,0,0,0,0,1,0,0,0,0,0,1,1,116,705,157
9110,B2,1,0,3,20,0,0,0,0,0,0,0,0,0,0,1,1,10,127,28
9110,C1,5,1,3,0,0,0,0,0,0,0,0,1,0,0,1,2,15,90,28
9120,A1,2,1,0,1,0,0,0,0,0,0,0,0,0,0,1,2,10,36,15
9120,B0,0,1,7,1,0,0,0,0,0,0,0,0,0,0,1,1,10,204,34
9120,B1,3,2,1,1,0,0,0,0,0,0,0,0,0,0,1,2,116,705,158
9120,B2,1,0,3,20,0,0,0,0,0,0,0,0,0,0,1,1,10,127,28
9120,C1,8,3,2,0,0,0,0,0,0,0,0,0,0,0,1,2,15,90,28
9130,A1,4,4,0,1,0,0,0,0,0,0,0,0,0,0,1,2,10,36,15
9130,B0,0,1,6,1,0,0,0,0,0,0,0,0,0,0,1,1,10,204,34
9130,B1,3,2,1,2,0,0,0,0,0,0,0,0,0,0,1,2,116,705,158
9130,B2,1,0,1,18,0,0,0,0,0,0,0,0,0,0,1,1,10,127,28
9130,C1,8,3,1,0,0,0,0,0,0,0,0,0,0,0,1,2,15,90,28
9140,A1,5,4,0,1,0,0,0,0,0,0,0,0,0,1,0,2,10,36,15
9140,B0,0,2,6,2,0,0,0,0,0,0,0,0,0,1,0,1,10,204,34
9140,B1,1,3,1,1,0,0,0,0,0,0,0,0,0,1,0,2,116,705,158
9140,B2,1,0,1,19,0,0,0,0,0,0,0,0,0,1,0,1,10,127,28
9140,C1,9,5,1,0,0,0,0,0,0,0,0,0,0,1,0,2,15,90,28
9150,A1,3,1,0,1,0,0,0,0,0,0,0,0,0,1,0,2,10,36,15
9150,B0,0,1,8,4,0,0,0,0,0,0,0,0,0,1,0,1,10,204,34
9150,B1,1,3,2,1,0,0,0,0,0,0,0,0,0,1,0,2,116,705,158
9150,B2,1,0,1,20,0,0,0,0,0,0,0,0,0,1,0,1,10,127,28
9150,C1,6,2,2,0,0,0,0,0,0,0,0,0,0,1,0,2,15,90,28
9160,A1,1,1,0,3,0,0,0,0,0,0,0,0,0,0,1,1,10,36,15
9160,B0,0,1,8,3,0,0,0,0,0,0,0,0,0,0,1,1,10,204,34
9160,B1,1,1,2,1,0,0,0,0,0,0,0,0,0,0,1,1,116,705,158
9160,B2,2,0,2,19,0,0,0,0,0,0,0,0,0,0,1,1,10,127,28
9160,C1,5,2,1,0,0,0,0,0,0,0,0,0,0,0,1,2,15,90,28
9170,A1,3,1,0,1,0,0,0,0,0,0,0,0,0,0,1,2,10,36,15
9170,B0,0,3,10,4,0,0,0,0,0,0,0,0,0,0,1,1,10,204,34
9170,B1,1,2,3,2,0,0,0,0,0,0,0,0,0,0,1,1,116,705,158
9170,B2,2,0,3,16,0,0,0,0,0,0,0,0,0,0,1,1,10,127,28
9170,C1,7,1,1,0,0,0,0,0,0,0,0,0,0,0,1,2,15,90,28
9180,A1,5,2,0,1,0,0,0,0,0,0,0,0,0,1,0,2,10,36,15
9180,B0,0,2,7,3,0,0,0,0,0,0,0,0,0,1,0,1,10,204,34
9180,B1,2,1,2,4,0,0,0,0,0,0,0,0,0,1,0,1,116,705,158
9180,B2,1,0,2,16,0,0,0,0,0,0,0,0,0,1,0,1,10,127,28
9180,C1,7,1,3,0,0,0,0,0,0,0,0,0,0,1,0,2,15,90,28
9190,A1,2,2,0,1,0,0,0,0,0,0,0,0,0,1,0,2,10,36,15
9190,B0,0,1,8,1,0,0,0,0,0,0,0,0,0,1,0,1,10,204,34
9190,B1,2,1,2,4,0,0,0,0,0,0,0,0,0,1,0,1,116,705,158
9190,B2,1,0,1,19,0,0,0,0,0,0,0,0,0,1,0,1,10,127,28
9190,C1,5,2,3,0,0,0,0,0,0,0,0,0,0,1,0,2,15,90,28
9200,A1,1,1,0,3,0,0,0,0,0,0,0,0,0,0,1,1,10,36,15
9200,B0,0,2,10,4,0,0,0,0,0,0,0,0,0,0,1,1,10,204,34
9200,B1,1,1,3,5,0,0,0,0,0,0,0,0,0,0,1,1,116,705,158
9200,B2,1,0,3,20,0,0,0,0,0,0,0,0,0,0,1,1,10,127,28
9200,C1,5,2,4,0,0,0,0,0,0,0,0,0,0,0,1,2,15,90,28
9210,A1,1,1,0,1,0,0,0,0,0,0,0,0,0,0,1,2,10,36,15
9210,B0,0,3,9,1,0,0,0,0,0,0,0,0,0,0,1,1,10,204,34
9210,B1,2,2,3,1,0,0,0,0,0,0,0,0,0,0,1,1,116,705,158
9210,B2,1,0,2,19,0,0,0,0,0,0,0,0,0,0,1,1,10,127,28
9210,C1,5,3,1,0,0,0,0,0,0,0,0,0,0,0,1,2,15,90,28
9220,A1,1,2,0,3,0,0,0,0,0,0,0,0,0,0,1,1,10,36,15
9220,B0,0,3,8,1,0,0,0,0,0,0,0,0,0,0,1,1,10,204,34
9220,B1,2,3,1,3,0,0,0,0,0,0,0,0,0,0,1,2,116,705,158
9220,B2,3,0,1,15,0,0,0,0,0,0,0,0,0,0,1,1,10,127,28
9220,C1,7,3,2,0,0,0,0,0,0,0,0,0,0,0,1,2,15,90,28
9230,A1,1,3,0,5,0,0,0,0,0,0,0,0,0,1,0,1,10,36,15
9230,B0,0,2,10,2,0,0,0,0,0,0,0,0,0,1,0,1,10,204,34
9230,B1,1,3,1,3,0,0,0,0,0,0,0,0,0,1,0,1,116,705,158
9230,B2,1,0,1,16,0,0,0,0,0,0,0,0,0,1,0,1,10,127,28
9230,C1,9,2,2,0,0,0,0,0,0,0,0,0,0,1,0,2,15,90,28
9240,A1,2,2,0,6,0,0,0,0,0,0,0,0,0,1,0,1,10,36,15
9240,B0,0,2,10,4,0,0,0,0,0,0,0,0,0,1,0,1,10,204,34
9240,B1,1,5,1,3,0,0,0,0,0,0,0,0,0,1,0,2,116,705,158
9240,B2,2,0,1,18,0,0,0,0,0,0,0,0,0,1,0,1,10,127,28
9240,C1,8,1,2,0,0,0,0,0,0,0,0,0,0,1,0,2,15,90,28
9250,A1,2,1,0,4,0,0,0,0,0,0,0,0,0,0,1,1,10,36,15
9250,B0,0,5,10,2,0,0,0,0,0,0,0,0,0,0,1,1,10,204,34
9250,B1,1,5,1,2,0,0,0,0,0,0,0,0,0,0,1,2,116,705,158
9250,B2,3,0,2,19,0,0,0,0,0,0,0,0,0,0,1,1,10,127,28
9250,C1,7,1,1,0,0,0,0,0,0,0,0,0,0,0,1,2,15,90,28
9260,A1,1,4,0,1,0,0,0,0,0,0,0,0,0,0,1,2,10,36,15
9260,B0,0,5,10,1,0,0,0,0,0,0,0,0,0,0,1,1,10,204,34
9260,B1,1,5,2,1,0,0,0,0,0,0,0,0,0,0,1,2,116,705,158
9260,B2,3,0,1,18,0,0,0,0,0,0,0,0,0,0,1,1,10,127,28
9260,C1,8,1,1,0,0,0,0,0,0,0,0,0,0,0,1,2,15,90,28
9270,A1,3,4,0,3,0,0,0,0,0,0,0,0,0,1,0,2,10,36,15
9270,B0,0,4,7,1,0,0,0,0,0,0,0,0,0,1,0,1,10,204,34
9270,B1,2,5,1,1,0,0,0,0,0,0,0,0,0,1,0,2,116,705,158
9270,B2,3,0,1,18,0,0,0,0,0,0,0,0,0,1,0,1,10,127,28
9270,C1,11,1,1,0,0,0,0,0,0,0,0,0,0,1,0,2,15,90,28
9280,A1,1,5,0,5,0,0,0,0,0,0,0,0,0,1,0,2,10,36,15
9280,B0,0,2,8,1,0,0,0,0,0,0,0,0,0,1,0,1,10,204,34
9280,B1,3,4,1,1,0,0,0,0,0,0,0,0,0,1,0,2,116,705,158
9280,B2,1,0,2,19,0,0,0,0,0,0,0,0,0,1,0,1,10,127,28
9280,C1,11,1,3,0,0,0,0,0,0,0,0,0,0,1,0,2,15,90,28
9290,A1,1,4,0,6,0,0,0,0,0,0,0,0,0,1,0,2,10,36,15
9290,B0,0,1,9,2,0,0,0,0,0,0,0,0,0,1,0,1,10,204,34
9290,B1,2,2,1,2,0,0,0,0,0,0,0,0,0,1,0,2,116,705,158
9290,B2,1,0,3,20,0,0,0,0,0,0,0,0,0,1,0,1,10,127,28
9290,C1,8,1,3,0,0,0,0,0,0,0,0,0,0,1,0,2,15,90,28
9300,A1,2,3,0,5,0,0,0,0,0,0,0,0,0,0,1,2,10,36,15
9300,B0,0,4,9,2,0,0,0,0,0,0,0,0,0,0,1,1,10,204,34
9300,B1,2,2,2,1,0,0,0,0,0,0,0,0,0,0,1,2,117,717,159
9300,B2,1,0,1,20,0,0,0,0,0,0,0,0,0,0,1,1,10,127,28
9300,C1,8,1,2,0,0,0,0,0,0,0,0,0,0,0,1,2,15,90,28
9310,A1,6,5,0,1,0,0,0,0,0,0,0,0,0,0,1,2,10,36,15
9310,B0,0,4,11,1,0,0,0,0,0,0,0,0,0,0,1,1,10,204,34
9310,B1,2,2,2,1,0,0,0,0,0,0,0,0,0,0,1,2,117,717,159
9310,B2,1,0,1,17,0,0,0,0,0,0,0,0,0,0,1,1,10,127,28
9310,C1,9,1,2,0,0,0,0,0,0,0,0,0,0,0,1,2,15,90,28
9320,A1,1,5,0,1,0,0,0,0,0,0,0,0,0,1,0,2,10,36,15
9320,B0,0,2,10,2,0,0,0,0,0,0,0,0,0,1,0,1,10,204,34
9320,B1,2,1,2,1,0,0,0,0,0,0,0,0,0,1,0,1,117,717,159
9320,B2,1,0,4,17,0,0,0,0,0,0,0,0,0,1,0,1,10,127,28
9320,C1,8,2,2,0,0,0,0,0,0,0,0,0,0,1,0,2,15,90,28
9330,A1,1,5,0,1,0,0,0,0,0,0,0,0,0,1,0,2,10,36,15
9330,B0,0,1,10,4,0,0,0,0,0,0,0,0,0,1,0,1,10,204,34
9330,B1,1,1,2,1,0,0,0,0,0,0,0,0,0,1,0,1,117,717,159
9330,B2,1,0,4,18,0,0,0,0,0,0,0,0,0,1,0,1,10,127,28
9330,C1,7,3,2,0,0,0,0,0,0,0,0,0,0,1,0,2,15,90,28
9340,A1,1,4,0,1,0,0,0,0,0,0,0,0,0,0,1,2,10,36,15
9340,B0,0,1,10,3,0,0,0,0,0,0,0,0,0,0,1,1,10,204,34
9340,B1,1,2,1,2,0,0,0,0,0,0,0,0,0,0,1,1,117,717,159
9340,B2,3,0,5,19,0,0,0,0,0,0,0,0,0,0,1,1,10,127,28
9340,C1,8,3,2,0,0,0,0,0,0,0,0,0,0,0,1,2,15,90,28
9350,A1,2,4,0,1,0,0,0,0,0,0,0,0,0,0,1,2,10,36,15
9350,B0,0,1,11,1,0,0,0,0,0,0,0,0,0,0,1,1,10,204,34
9350,B1,1,2,1,2,0,0,0,0,0,0,0,0,0,0,1,1,117,717,159
9350,B2,3,0,2,19,0,0,0,0,0,0,0,0,0,0,1,1,10,127,28
9350,C1,11,5,1,0,0,0,0,0,0,0,0,0,0,0,1,2,15,90,28
9360,A1,2,5,0,1,0,0,0,0,0,0,0,0,0,0,1,2,10,36,15
9360,B0,0,1,12,3,0,0,0,0,0,0,0,0,0,0,1,1,10,204,34
9360,B1,2,2,1,2,0,0,0,0,0,0,0,0,0,0,1,2,117,717,159
9360,B2,5,0,3,18,0,0,0,0,0,0,0,0,0,0,1,1,10,127,28
9360,C1,9,3,1,0,0,0,0,0,0,0,0,0,0,0,1,2,15,90,28
9370,A1,1,6,0,1,0,0,0,0,0,0,0,0,0,1,0,2,10,36,15
9370,B0,0,1,11,2,0,0,0,0,0,0,0,0,0,1,0,1,10,204,34
9370,B1,1,1,1,2,0,0,0,0,0,0,0,0,0,1,0,1,118,721,160
9370,B2,1,0,1,18,0,0,0,0,0,0,0,0,0,1,0,1,10,127,28
9370,C1,10,4,2,0,0,0,0,0,0,0,0,0,0,1,0,2,15,90,28
9380,A1,2,5,0,1,0,0,0,0,0,0,0,0,0,1,0,2,10,36,15
9380,B0,0,1,10,2,0,0,0,0,0,0,0,0,0,1,0,1,10,204,34
9380,B1,2,3,1,2,0,0,0,0,0,0,0,0,0,1,0,2,118,721,160
9380,B2,1,0,3,20,0,0,0,0,0,0,0,0,0,1,0,1,10,127,28
9380,C1,8,1,2,0,0,0,0,0,0,0,0,0,0,1,0,2,15,90,28
9390,A1,1,4,0,1,0,0,0,0,0,0,0,0,0,0,1,2,10,36,15
9390,B0,0,2,10,2,0,0,0,0,0,0,0,0,0,0,1,1,10,204,34
9390,B1,2,1,1,2,0,0,0,0,0,0,0,0,0,0,1,1,119,725,161
9390,B2,2,0,3,20,0,0,0,0,0,0,0,0,0,0,1,1,10,127,28
9390,C1,6,2,2,0,0,0,0,0,0,0,0,0,0,0,1,2,15,90,28
9400,A1,1,4,0,1,0,0,0,0,0,0,0,0,0,0,1,2,10,36,15
9400,B0,0,2,9,2,0,0,0,0,0,0,0,0,0,0,1,1,10,204,34
9400,B1,2,1,1,2,0,0,0,0,0,0,0,0,0,0,1,1,119,725,161
9400,B2,2,0,1,20,0,0,0,0,0,0,0,0,0,0,1,1,10,127,28
9400,C1,7,1,2,0,0,0,0,0,0,0,0,0,0,0,1,2,15,90,28
9410,A1,1,7,0,2,0,0,0,0,0,0,0,0,0,1,0,2,10,36,15
9410,B0,0,1,8,1,0,0,0,0,0,0,0,0,0,1,0,1,10,204,34
9410,B1,1,3,1,1,0,0,0,0,0,0,0,0,0,1,0,2,119,725,161
9410,B2,3,0,1,19,0,0,0,0,0,0,0,0,0,1,0,1,10,127,28
9410,C1,7,1,1,0,0,0,0,0,0,0,0,0,0,1,0,2,15,90,28
9420,A1,1,5,0,3,0,0,0,0,0,0,0,0,0,1,0,2,10,36,15
9420,B0,0,1,8,1,0,0,0,0,0,0,0,0,0,1,0,1,10,204,34
9420,B1,1,2,1,1,0,0,0,0,0,0,0,0,0,1,0,2,119,725,161
9420,B2,1,0,1,19,0,0,0,0,0,0,0,0,0,1,0,1,10,127,28
9420,C1,8,5,1,0,0,0,0,0,0,0,0,0,0,1,0,2,15,90,28
9430,A1,1,4,0,4,0,0,0,0,0,0,0,0,1,0,1,2,10,36,15
9430,B0,0,1,9,2,0,0,0,0,0,0,0,0,0,0,1,1,10,204,34
9430,B1,2,2,2,2,0,0,0,1,0,0,0,0,0,0,1,1,120,727,161
9430,B2,3,0,3,20,0,0,0,0,0,0,0,0,0,0,1,1,10,127,28
9430,C1,7,2,1,0,0,0,0,0,0,0,0,0,0,0,1,2,15,90,28
9440,A1,2,4,0,1,0,0,0,0,0,0,0,0,0,0,1,2,10,36,15
9440,B0,0,1,10,2,0,0,0,0,0,0,0,0,0,0,1,1,10,204,34
9440,B1,1,1,2,1,0,0,0,0,0,0,0,0,0,0,1,1,120,729,162
9440,B2,4,0,1,20,0,0,0,0,0,0,0,0,0,0,1,1,10,127,28
9440,C1,8,4,1,0,0,0,0,0,0,0,0,0,0,0,1,2,15,90,28
9450,A1,3,6,0,1,0,0,0,0,0,0,0,0,0,0,1,2,10,36,15
9450,B0,0,2,8,2,0,0,0,0,0,0,0,0,0,0,1,1,10,204,34
9450,B1,1,1,1,4,0,0,0,0,0,0,0,0,0,0,1,1,120,729,162
9450,B2,4,0,1,18,0,0,0,0,0,0,0,0,0,0,1,1,10,127,28
9450,C1,10,4,1,0,0,0,0,0,0,0,0,0,0,0,1,2,15,90,28
9460,A1,3,6,0,1,0,0,0,0,0,0,0,0,0,1,0,2,10,36,15
9460,B0,0,2,8,1,0,0,0,0,0,0,0,0,0,1,0,1,10,204,34
9460,B1,4,3,2,1,0,0,0,0,0,0,0,0,0,1,0,2,120,729,162
9460,B2,3,0,1,19,0,0,0,0,0,0,0,0,0,1,0,1,10,127,28
9460,C1,10,3,1,0,0,0,0,0,0,0,0,0,0,1,0,2,15,90,28
9470,A1,3,3,0,2,0,0,0,0,0,0,0,0,0,1,0,2,10,36,15
9470,B0,0,1,9,1,0,0,0,0,0,0,0,0,0,1,0,1,10,204,34
9470,B1,3,1,2,1,0,0,0,0,0,0,0,0,0,1,0,2,120,729,162
9470,B2,2,0,3,19,0,0,0,0,0,0,0,0,0,1,0,1,10,127,28
9470,C1,10,3,1,0,0,0,0,0,0,0,0,0,0,1,0,2,15,90,28
9480,A1,1,3,0,1,0,0,0,0,0,0,0,0,0,0,1,2,10,36,15
9480,B0,0,2,9,3,0,0,0,0,0,0,0,0,0,0,1,1,10,204,34
9480,B1,2,1,1,5,0,0,0,0,0,0,0,0,0,0,1,1,120,729,162
9480,B2,1,0,3,19,0,0,0,0,0,0,0,0,0,0,1,1,10,127,28
9480,C1,9,2,1,0,0,0,0,0,0,0,0,0,0,0,1,2,15,90,28
9490,A1,2,5,0,1,0,0,0,0,0,0,0,0,0,0,1,2,10,36,15
9490,B0,0,4,8,2,0,0,0,0,0,0,0,0,0,0,1,1,10,204,34
9490,B1,2,1,2,3,0,0,0,0,0,0,0,0,0,0,1,1,120,729,162
9490,B2,2,0,1,16,0,0,0,0,0,0,0,0,0,0,1,1,10,127,28
9490,C1,10,3,1,0,0,0,0,0,0,0,0,0,0,0,1,2,15,90,28
9500,A1,2,6,0,2,0,0,0,0,0,0,0,0,0,1,0,2,10,36,15
9500,B0,0,4,4,3,0,0,0,0,0,0,0,0,0,1,0,1,10,204,34
9500,B1,2,1,2,1,0,0,0,0,0,0,0,0,0,1,0,1,120,729,162
9500,B2,1,0,2,13,0,0,0,0,0,0,0,0,0,1,0,1,10,127,28
9500,C1,10,4,2,0,0,0,0,0,0,0,0,0,0,1,0,2,15,90,28
9510,A1,1,6,0,3,0,0,0,0,0,0,0,0,0,1,0,2,10,36,15
9510,B0,0,2,4,4,0,0,0,0,0,0,0,0,0,1,0,1,10,204,34
9510,B1,4,5,2,2,0,0,0,0,0,0,0,0,0,1,0,2,120,729,162
9510,B2,1,0,3,16,0,0,0,0,0,0,0,0,0,1,0,1,10,127,28
9510,C1,11,1,3,0,0,0,0,0,0,0,0,0,0,1,0,2,15,90,28
9520,A1,1,6,0,4,0,0,0,0,0,0,0,0,0,1,0,2,10,36,15
9520,B0,0,1,7,4,0,0,0,0,0,0,0,0,0,1,0,1,10,204,34
9520,B1,5,3,3,2,0,0,0,0,0,0,0,0,0,1,0,2,120,729,162
9520,B2,1,0,4,17,0,0,0,0,0,0,0,0,0,1,0,1,10,127,28
9520,C1,11,2,3,0,0,0,0,0,0,0,0,0,0,1,0,2,15,90,28
9530,A1,1,6,0,2,0,0,0,0,0,0,0,0,0,0,1,2,10,36,15
9530,B0,0,1,8,2,0,0,0,0,0,0,0,0,0,0,1,1,10,204,34
9530,B1,4,3,1,1,0,0,0,0,0,0,0,0,0,0,1,2,120,729,162
9530,B2,1,0,1,17,0,0,0,0,0,0,0,0,0,0,1,1,10,127,28
9530,C1,12,3,2,0,0,0,0,0,0,0,0,0,0,0,1,2,15,90,28
9540,A1,2,7,0,1,0,0,0,0,0,0,0,0,0,0,1,2,10,36,15
9540,B0,0,2,6,2,0,0,0,0,0,0,0,0,0,0,1,1,10,204,34
9540,B1,4,3,2,1,0,0,0,0,0,0,0,0,0,0,1,2,120,729,162
9540,B2,1,0,1,17,0,0,0,0,0,0,0,0,0,0,1,1,10,127,28
9540,C1,12,1,1,0,0,0,0,0,0,0,0,0,0,0,1,2,15,90,28
9550,A1,1,7,0,2,0,0,0,0,0,0,0,0,0,1,0,2,10,36,15
9550,B0,0,2,5,1,0,0,0,0,0,0,0,0,0,1,0,1,10,204,34
9550,B1,5,1,2,1,0,0,0,0,0,0,0,0,0,1,0,2,120,729,162
9550,B2,2,0,1,16,0,0,0,0,0,0,0,0,0,1,0,1,10,127,28
9550,C1,12,1,2,0,0,0,0,0,0,0,0,0,0,1,0,2,15,90,28
9560,A1,1,3,0,3,0,0,0,0,0,0,0,0,0,1,0,2,10,36,15
9560,B0,0,1,5,2,0,0,0,0,0,0,0,0,0,1,0,1,10,204,34
9560,B1,6,1,2,1,0,0,0,0,0,0,0,0,0,1,0,2,120,729,162
9560,B2,2,0,2,16,0,0,0,0,0,0,0,0,0,1,0,1,10,127,28
9560,C1,11,1,2,0,0,0,0,0,0,0,0,0,0,1,0,2,15,90,28
9570,A1,1,2,0,2,0,0,0,0,0,0,0,0,0,0,1,2,10,36,15
9570,B0,0,1,7,4,0,0,0,0,0,0,0,0,0,0,1,1,10,204,34
9570,B1,5,1,1,1,0,0,0,0,0,0,0,0,0,0,1,2,120,729,162
9570,B2,2,0,1,15,0,0,0,0,0,0,0,0,0,0,1,1,10,127,28
9570,C1,12,1,2,0,0,0,0,0,0,0,0,0,0,0,1,2,15,90,28
9580,A1,2,3,0,1,0,0,0,0,0,0,0,0,0,0,1,2,10,36,15
9580,B0,0,3,10,3,0,0,0,0,0,0,0,0,0,0,1,1,10,204,34
9580,B1,5,1,3,2,0,0,0,0,0,0,0,0,0,0,1,2,120,729,162
9580,B2,2,0,1,14,0,0,0,0,0,0,0,0,0,0,1,1,10,127,28
9580,C1,12,3,2,0,0,0,0,0,0,0,0,0,0,0,1,2,15,90,28
9590,A1,4,3,0,2,0,0,0,0,0,0,0,0,0,0,1,2,10,36,15
9590,B0,0,3,6,1,0,0,0,0,0,0,0,0,0,0,1,1,10,204,34
9590,B1,5,1,2,1,0,0,0,0,0,0,0,0,0,0,1,2,120,729,162
9590,B2,3,0,1,12,0,0,0,0,0,0,0,0,0,0,1,1,10,127,28
9590,C1,14,6,1,0,0,0,0,0,0,0,0,0,0,0,1,2,15,90,28
9600,A1,1,3,0,2,0,0,0,0,0,0,0,0,0,1,0,2,10,36,15
9600,B0,0,2,8,1,0,0,0,0,0,0,0,0,0,1,0,1,10,204,34
9600,B1,3,3,2,1,0,0,0,0,0,0,0,0,0,1,0,2,120,729,162
9600,B2,1,0,1,12,0,0,0,0,0,0,0,0,0,1,0,1,10,127,28
9600,C1,14,2,2,0,0,0,0,0,0,0,0,0,0,1,0,2,15,90,28
9610,A1,2,3,0,2,0,0,0,0,0,0,0,0,0,1,0,2,10,36,15
9610,B0,0,1,10,2,0,0,0,0,0,0,0,0,0,1,0,1,10,204,34
9610,B1,4,4,2,1,0,0,0,0,0,0,0,0,0,1,0,2,120,729,162
9610,B2,1,0,1,14,0,0,0,0,0,0,0,0,0,1,0,1,10,127,28
9610,C1,13,1,2,0,0,0,0,0,0,0,0,0,0,1,0,2,15,90,28
9620,A1,3,2,0,2,0,0,0,0,0,0,0,0,0,0,1,2,10,36,15
9620,B0,0,1,9,3,0,0,0,0,0,0,0,0,0,0,1,1,10,204,34
9620,B1,3,3,1,2,0,0,0,0,0,0,0,0,0,0,1,2,120,729,162
9620,B2,2,0,1,14,0,0,0,0,0,0,0,0,0,0,1,1,10,127,28
9620,C1,13,2,2,0,0,0,0,0,0,0,0,0,0,0,1,2,15,90,28
9630,A1,3,3,0,2,0,0,0,0,0,0,0,0,0,0,1,2,10,36,15
9630,B0,0,1,8,3,0,0,0,0,0,0,0,0,0,0,1,1,10,204,34
9630,B1,3,3,1,1,0,0,0,0,0,0,0,0,0,0,1,2,120,729,162
9630,B2,1,0,2,10,0,0,0,0,0,0,0,0,0,0,1,1,10,127,28
9630,C1,14,3,2,0,0,0,0,0,0,0,0,0,0,0,1,2,15,90,28
9640,A1,3,3,0,1,0,0,0,0,0,0,0,0,0,1,0,2,10,36,15
9640,B0,0,2,6,4,0,0,0,0,0,0,0,0,0,1,0,1,10,204,34
9640,B1,2,3,1,2,0,0,0,0,0,0,0,0,0,1,0,2,120,729,162
9640,B2,1,0,2,9,0,0,0,0,0,0,0,0,0,1,0,1,10,127,28
9640,C1,15,4,1,0,0,0,0,0,0,0,0,0,0,1,0,2,15,90,28
9650,A1,1,1,0,1,0,0,0,0,0,0,0,0,0,1,0,2,10,36,15
9650,B0,0,3,7,3,0,0,0,0,0,0,0,0,0,1,0,1,10,204,34
9650,B1,1,3,1,1,0,0,0,0,0,0,0,0,0,1,0,2,120,729,162
9650,B2,1,0,3,10,0,0,0,0,0,0,0,0,0,1,0,1,10,127,28
9650,C1,16,1,1,0,0,0,0,0,0,0,0,0,0,1,0,2,15,90,28
9660,A1,1,1,0,3,0,0,0,0,0,0,0,0,1,0,1,1,10,36,15
9660,B0,0,1,6,6,0,0,0,0,0,0,0,0,0,0,1,1,10,204,34
9660,B1,1,1,1,1,0,0,0,1,0,0,0,0,0,0,1,1,121,731,162
9660,B2,2,0,5,12,0,0,0,0,0,0,0,0,0,0,1,1,10,127,28
9660,C1,13,1,2,0,0,0,0,0,0,0,0,0,0,0,1,2,15,90,28
9670,A1,2,1,0,2,0,0,0,0,0,0,0,0,0,0,1,2,10,36,15
9670,B0,0,2,7,3,0,0,0,0,0,0,0,0,0,0,1,1,10,204,34
9670,B1,2,2,2,2,0,0,0,0,0,0,0,0,0,0,1,1,121,741,163
9670,B2,5,0,3,13,0,0,0,0,0,0,0,0,0,0,1,1,10,127,28
9670,C1,16,2,1,0,0,0,0,0,0,0,0,0,0,0,1,2,15,90,28
9680,A1,3,5,0,1,0,0,0,0,0,0,0,0,0,0,1,2,10,36,15
9680,B0,0,3,7,3,0,0,0,0,0,0,0,0,0,0,1,1,10,204,34
9680,B1,2,2,2,1,0,0,0,0,0,0,0,0,0,0,1,2,121,741,163
9680,B2,5,0,1,12,0,0,0,0,0,0,0,0,0,0,1,1,10,127,28
9680,C1,17,1,1,0,0,0,0,0,0,0,0,0,0,0,1,2,15,90,28
9690,A1,1,3,0,2,0,0,0,0,0,0,0,0,0,1,0,2,10,36,15
9690,B0,0,1,6,1,0,0,0,0,0,0,0,0,0,1,0,1,10,204,34
9690,B1,3,1,2,1,0,0,0,0,0,0,0,0,0,1,0,2,121,741,163
9690,B2,2,0,2,13,0,0,0,0,0,0,0,0,0,1,0,1,10,127,28
9690,C1,16,1,1,0,0,0,0,0,0,0,0,0,0,1,0,2,15,90,28
9700,A1,2,1,0,2,0,0,0,0,0,0,0,0,0,1,0,2,10,36,15
9700,B0,0,1,10,3,0,0,0,0,0,0,0,0,0,1,0,1,10,204,34
9700,B1,3,2,2,1,0,0,0,0,0,0,0,0,0,1,0,2,121,741,163
9700,B2,1,0,3,14,0,0,0,0,0,0,0,0,0,1,0,1,10,127,28
9700,C1,12,2,1,0,0,0,0,0,0,0,0,0,0,1,0,2,15,90,28
9710,A1,1,1,0,1,0,0,0,0,0,0,0,0,0,0,1,2,11,38,16
9710,B0,0,2,9,1,0,0,0,0,0,0,0,0,0,0,1,1,10,204,34
9710,B1,2,1,1,1,0,0,0,0,0,0,0,0,0,0,1,2,122,749,165
9710,B2,3,0,2,14,0,0,0,0,0,0,0,0,0,0,1,1,10,127,28
9710,C1,11,3,3,0,0,0,0,0,0,0,0,0,0,0,1,2,15,90,28
9720,A1,4,3,0,1,0,0,0,0,0,0,0,0,0,0,1,2,11,38,16
9720,B0,0,2,7,2,0,0,0,0,0,0,0,0,0,0,1,1,10,204,34
9720,B1,2,1,1,4,0,0,0,0,0,0,0,0,0,0,1,1,122,749,165
9720,B2,4,0,3,14,0,0,0,0,0,0,0,0,0,0,1,1,10,127,28
9720,C1,13,2,1,0,0,0,0,0,0,0,0,0,0,0,1,2,15,90,28
9730,A1,4,4,0,2,0,0,0,0,0,0,0,0,0,1,0,2,11,38,16
9730,B0,0,3,4,2,0,0,0,0,0,0,0,0,0,1,0,1,10,204,34
9730,B1,2,1,1,2,0,0,0,0,0,0,0,0,0,1,0,1,122,749,165
9730,B2,3,0,2,12,0,0,0,0,0,0,0,0,0,1,0,1,10,127,28
9730,C1,12,3,1,0,0,0,0,0,0,0,0,0,0,1,0,2,15,90,28
9740,A1,1,6,0,2,0,0,0,0,0,0,0,0,0,1,0,2,11,38,16
9740,B0,0,1,4,1,0,0,0,0,0,0,0,0,0,1,0,1,10,204,34
9740,B1,1,4,1,2,0,0,0,0,0,0,0,0,0,1,0,2,122,749,165
9740,B2,1,0,4,12,0,0,0,0,0,0,0,0,0,1,0,1,10,127,28
9740,C1,11,1,1,0,0,0,0,0,0,0,0,0,0,1,0,2,15,90,28
9750,A1,2,3,0,2,0,0,0,0,0,0,0,0,0,1,0,2,11,38,16
9750,B0,0,1,8,1,0,0,0,0,0,0,0,0,0,1,0,1,10,204,34
9750,B1,1,2,1,2,0,0,0,0,0,0,0,0,0,1,0,1,122,749,165
9750,B2,1,0,7,14,0,0,0,0,0,0,0,0,0,1,0,1,10,127,28
9750,C1,10,1,2,0,0,0,0,0,0,0,0,0,0,1,0,2,15,90,28
9760,A1,3,3,0,1,0,0,0,0,0,0,0,0,0,0,1,2,11,38,16
9760,B0,0,1,5,2,0,0,0,0,0,0,0,0,0,0,1,1,10,204,34
9760,B1,1,2,2,2,0,0,0,0,0,0,0,0,0,0,1,1,122,749,165
9760,B2,1,0,4,14,0,0,0,0,0,0,0,0,0,0,1,1,10,127,28
9760,C1,10,3,1,0,0,0,0,0,0,0,0,0,0,0,1,2,15,90,28
9770,A1,1,4,0,2,0,0,0,0,0,0,0,0,0,0,1,2,11,38,16
9770,B0,0,2,4,1,0,0,0,0,0,0,0,0,0,0,1,1,10,204,34
9770,B1,1,2,2,2,0,0,0,0,0,0,0,0,0,0,1,1,122,749,165
9770,B2,2,0,1,15,0,0,0,0,0,0,0,0,0,0,1,1,10,127,28
9770,C1,11,2,1,0,0,0,0,0,0,0,0,0,0,0,1,2,15,90,28
9780,A1,3,5,0,1,0,0,0,0,0,0,0,0,0,1,0,2,11,38,16
9780,B0,0,1,2,1,0,0,0,0,0,0,0,0,0,1,0,1,10,204,34
9780,B1,4,4,1,2,0,0,0,0,0,0,0,0,0,1,0,2,122,749,165
9780,B2,1,0,1,14,0,0,0,0,0,0,0,0,0,1,0,1,10,127,28
9780,C1,10,1,3,0,0,0,0,0,0,0,0,0,0,1,0,2,15,90,28
9790,A1,3,4,0,2,0,0,0,0,0,0,0,0,0,1,0,2,11,38,16
9790,B0,0,2,3,2,0,0,0,0,0,0,0,0,0,1,0,1,10,204,34
9790,B1,3,2,2,2,0,0,0,0,0,0,0,0,0,1,0,2,122,749,165
9790,B2,1,0,1,16,0,0,0,0,0,0,0,0,0,1,0,1,10,127,28
9790,C1,9,1,3,0,0,0,0,0,0,0,0,0,0,1,0,2,15,90,28
9800,A1,3,2,0,2,0,0,0,0,0,0,0,0,0,0,1,2,11,38,16
9800,B0,0,1,3,3,0,0,0,0,0,0,0,0,0,0,1,1,10,204,34
9800,B1,2,1,3,2,0,0,0,0,0,0,0,0,0,0,1,1,122,749,165
9800,B2,2,0,2,18,0,0,0,0,0,0,0,0,0,0,1,1,10,127,28
9800,C1,7,1,3,0,0,0,0,0,0,0,0,0,0,0,1,2,15,90,28
9810,A1,1,4,0,2,0,0,0,0,0,0,0,0,0,0,1,2,11,38,16
9810,B0,0,2,3,1,0,0,0,0,0,0,0,0,0,0,1,1,10,204,34
9810,B1,2,1,2,2,0,0,0,0,0,0,0,0,0,0,1,1,122,749,165
9810,B2,3,0,4,18,0,0,0,0,0,0,0,0,0,0,1,1,10,127,28
9810,C1,7,1,3,0,0,0,0,0,0,0,0,0,0,0,1,2,15,90,28
9820,A1,1,5,0,3,0,0,0,0,0,0,0,0,0,0,1,2,11,38,16
9820,B0,0,4,1,1,0,0,0,0,0,0,0,0,0,0,1,2,10,204,34
9820,B1,2,1,2,2,0,0,0,0,0,0,0,0,0,0,1,1,122,749,165
9820,B2,3,0,3,15,0,0,0,0,0,0,0,0,0,0,1,1,10,127,28
9820,C1,9,2,2,0,0,0,0,0,0,0,0,0,0,0,1,2,15,90,28
9830,A1,1,5,0,3,0,0,0,0,0,0,0,0,0,1,0,2,11,38,16
9830,B0,0,3,1,3,0,0,0,0,0,0,0,0,0,1,0,1,10,204,34
9830,B1,1,2,2,2,0,0,0,0,0,0,0,0,0,1,0,1,122,749,165
9830,B2,2,0,1,16,0,0,0,0,0,0,0,0,0,1,0,1,10,127,28
9830,C1,8,6,3,0,0,0,0,0,0,0,0,0,0,1,0,2,15,90,28
9840,A1,1,3,0,3,0,0,0,0,0,0,0,0,0,1,0,2,11,38,16
9840,B0,0,1,5,3,0,0,0,0,0,0,0,0,0,1,0,1,10,204,34
9840,B1,1,3,2,2,0,0,0,0,0,0,0,0,0,1,0,1,122,749,165
9840,B2,1,0,2,16,0,0,0,0,0,0,0,0,0,1,0,1,10,127,28
9840,C1,8,1,4,0,0,0,0,0,0,0,0,0,0,1,0,2,15,90,28
9850,A1,1,2,0,2,0,0,0,0,0,0,0,0,0,0,1,2,11,38,16
9850,B0,0,2,6,1,0,0,0,0,0,0,0,0,0,0,1,1,10,204,34
9850,B1,1,3,1,2,0,0,0,0,0,0,0,0,0,0,1,2,122,749,165
9850,B2,2,0,1,17,0,0,0,0,0,0,0,0,0,0,1,1,10,127,28
9850,C1,7,1,5,0,0,0,0,0,0,0,0,0,0,0,1,2,15,90,28
9860,A1,2,3,0,1,0,0,0,0,0,0,0,0,0,0,1,2,11,38,16
9860,B0,0,2,5,2,0,0,0,0,0,0,0,0,0,0,1,1,10,204,34
9860,B1,1,3,2,2,0,0,0,0,0,0,0,0,0,0,1,1,122,749,165
9860,B2,3,0,1,15,0,0,0,0,0,0,0,0,0,0,1,1,10,127,28
9860,C1,9,1,3,0,0,0,0,0,0,0,0,0,0,0,1,2,15,90,28
9870,A1,3,4,0,1,0,0,0,0,0,0,0,0,0,1,0,2,11,38,16
9870,B0,0,2,5,3,0,0,0,0,0,0,0,0,0,1,0,1,10,204,34
9870,B1,1,3,1,1,0,0,0,0,0,0,0,0,0,1,0,2,122,749,165
9870,B2,2,0,1,14,0,0,0,0,0,0,0,0,0,1,0,1,10,127,28
9870,C1,8,1,2,0,0,0,0,0,0,0,0,0,0,1,0,2,15,90,28
9880,A1,2,4,0,1,0,0,0,0,0,0,0,0,0,1,0,2,11,38,16
9880,B0,0,1,5,1,0,0,0,0,0,0,0,0,0,1,0,1,10,204,34
9880,B1,1,2,1,2,0,0,0,0,0,0,0,0,0,1,0,1,122,749,165
9880,B2,1,0,2,15,0,0,0,0,0,0,0,0,0,1,0,1,10,127,28
9880,C1,6,1,2,0,0,0,0,0,0,0,0,0,0,1,0,2,15,90,28
9890,A1,3,2,0,1,0,0,0,0,0,0,0,0,0,0,1,2,11,38,16
9890,B0,0,1,5,2,0,0,0,0,0,0,0,0,0,0,1,1,10,204,34
9890,B1,2,3,1,2,0,0,0,0,0,0,0,0,0,0,1,2,122,749,165
9890,B2,1,0,2,15,0,0,0,0,0,0,0,0,0,0,1,1,10,127,28
9890,C1,5,1,2,0,0,0,0,0,0,0,0,0,0,0,1,2,15,90,28
9900,A1,4,3,0,2,0,0,0,0,0,0,0,0,0,0,1,2,11,38,16
9900,B0,0,1,5,1,0,0,0,0,0,0,0,0,0,0,1,1,10,204,34
9900,B1,2,3,1,2,0,0,0,0,0,0,0,0,0,0,1,2,122,749,165
9900,B2,3,0,1,14,0,0,0,0,0,0,0,0,0,0,1,1,10,127,28
9900,C1,7,2,1,0,0,0,0,0,0,0,0,0,0,0,1,2,15,90,28
9910,A1,5,4,0,1,0,0,0,0,0,0,0,0,0,0,1,2,11,38,16
9910,B0,0,2,4,2,0,0,0,0,0,0,0,0,0,0,1,1,10,204,34
9910,B1,2,3,1,2,0,0,0,0,0,0,0,0,0,0,1,2,122,749,165
9910,B2,3,0,1,12,0,0,0,0,0,0,0,0,0,0,1,1,10,127,28
9910,C1,6,1,1,0,0,0,0,0,0,0,0,0,0,0,1,2,15,90,28
9920,A1,2,6,0,3,0,0,0,0,0,0,0,0,0,1,0,2,11,38,16
9920,B0,0,1,3,3,0,0,0,0,0,0,0,0,0,1,0,1,10,204,34
9920,B1,3,2,1,1,0,0,0,0,0,0,0,0,0,1,0,2,122,749,165
9920,B2,2,0,1,13,0,0,0,0,0,0,0,0,0,1,0,1,10,127,28
9920,C1,9,1,1,0,0,0,0,0,0,0,0,0,0,1,0,2,15,90,28
9930,A1,4,2,0,3,0,0,0,0,0,0,0,0,0,1,0,2,11,38,16
9930,B0,0,1,6,2,0,0,0,0,0,0,0,0,0,1,0,1,10,204,34
9930,B1,2,3,1,1,0,0,0,0,0,0,0,0,0,1,0,2,122,749,165
9930,B2,1,0,2,16,0,0,0,0,0,0,0,0,0,1,0,1,10,127,28
9930,C1,4,2,1,0,0,0,0,0,0,0,0,0,0,1,0,2,15,90,28
9940,A1,3,2,0,2,0,0,0,0,0,0,0,0,0,0,1,2,11,38,16
9940,B0,0,2,5,3,0,0,0,0,0,0,0,0,0,0,1,1,10,204,34
9940,B1,2,3,1,2,0,0,0,0,0,0,0,0,0,0,1,2,122,749,165
9940,B2,1,0,3,17,0,0,0,0,0,0,0,0,0,0,1,1,10,127,28
9940,C1,3,2,2,0,0,0,0,0,0,0,0,0,0,0,1,2,15,90,28
9950,A1,1,6,0,1,0,0,0,0,0,0,0,0,0,0,1,2,11,38,16
9950,B0,0,2,4,2,0,0,0,0,0,0,0,0,0,0,1,1,10,204,34
9950,B1,2,3,2,2,0,0,0,0,0,0,0,0,0,0,1,2,122,749,165
9950,B2,2,0,1,17,0,0,0,0,0,0,0,0,0,0,1,1,10,127,28
9950,C1,5,2,2,0,0,0,0,0,0,0,0,0,0,0,1,2,15,90,28
9960,A1,2,9,0,2,0,0,0,0,0,0,0,0,0,1,0,2,11,38,16
9960,B0,0,2,2,1,0,0,0,0,0,0,0,0,0,1,0,1,10,204,34
9960,B1,1,3,1,2,0,0,0,0,0,0,0,0,0,1,0,2,122,749,165
9960,B2,1,0,2,15,0,0,0,0,0,0,0,0,0,1,0,1,10,127,28
9960,C1,5,3,2,0,0,0,0,0,0,0,0,0,0,1,0,2,15,90,28
9970,A1,2,10,0,2,0,0,0,0,0,0,0,0,0,1,0,2,11,38,16
9970,B0,0,2,3,1,0,0,0,0,0,0,0,0,0,1,0,1,10,204,34
9970,B1,1,2,1,2,0,0,0,0,0,0,0,0,0,1,0,1,122,749,165
9970,B2,1,0,2,16,0,0,0,0,0,0,0,0,0,1,0,1,10,127,28
9970,C1,4,2,2,0,0,0,0,0,0,0,0,0,0,1,0,2,15,90,28
9980,A1,1,9,0,2,0,0,0,0,0,0,0,0,0,1,0,2,11,38,16
9980,B0,0,1,4,2,0,0,0,0,0,0,0,0,0,1,0,1,10,204,34
9980,B1,1,1,1,3,0,0,0,0,0,0,0,0,0,1,0,1,122,749,165
9980,B2,1,0,4,18,0,0,0,0,0,0,0,0,0,1,0,1,10,127,28
9980,C1,2,1,2,0,0,0,0,0,0,0,0,0,0,1,0,2,15,90,28
9990,A1,1,9,0,1,0,0,0,0,0,0,0,0,0,0,1,2,11,38,16
9990,B0,0,1,5,2,0,0,0,0,0,0,0,0,0,0,1,1,10,204,34
9990,B1,1,1,2,2,0,0,0,0,0,0,0,0,0,0,1,1,122,749,165
9990,B2,3,0,2,18,0,0,0,0,0,0,0,0,0,0,1,1,10,127,28
9990,C1,3,2,1,0,0,0,0,0,0,0,0,0,0,0,1,2,15,90,28
10000,A1,3,10,0,2,0,0,0,0,0,0,0,0,0,0,1,2,11,38,16
10000,B0,0,1,4,1,0,0,0,0,0,0,0,0,0,0,1,1,10,204,34
10000,B1,1,1,2,2,0,0,0,0,0,0,0,0,0,0,1,1,122,749,165
10000,B2,3,0,1,17,0,0,0,0,0,0,0,0,0,0,1,1,10,127,28
10000,C1,5,3,4,0,0,0,0,0,0,0,0,0,0,0,1,2,15,90,28
