time_of_info,tls_id,count_to_r,count_to_l,count_to_b,count_to_t,count_stuck_middle,count_stuck_to_r,count_stuck_to_l,count_stuck_to_b,count_stuck_to_t,is_jam_next_l,is_jam_next_r,is_jam_next_t,is_jam_next_b,is_green_horizontal,is_green_vertical,y,jams_count,jams_time,jams_car_count
10,A1,0,0,0,0,0,0,0,0,0,0,0,0,0,1,0,1,0,0,0
10,B0,0,0,0,0,0,0,0,0,0,0,0,0,0,1,0,1,0,0,0
10,B1,0,0,0,0,0,0,0,0,0,0,0,0,0,1,0,1,0,0,0
10,B2,0,0,0,0,0,0,0,0,0,0,0,0,0,1,0,1,0,0,0
10,C1,0,0,0,0,0,0,0,0,0,0,0,0,0,1,0,1,0,0,0
20,A1,0,0,0,0,0,0,0,0,0,0,0,0,0,1,0,1,0,0,0
20,B0,0,0,0,0,0,0,0,0,0,0,0,0,0,1,0,1,0,0,0
20,B1,1,0,0,0,0,0,0,0,0,0,0,0,0,1,0,1,0,0,0
20,B2,0,0,0,1,0,0,0,0,0,0,0,0,0,1,0,1,0,0,0
20,C1,0,0,0,0,0,0,0,0,0,0,0,0,0,1,0,1,0,0,0
30,A1,4,1,0,2,0,0,0,0,0,0,0,0,0,1,0,2,0,0,0
30,B0,0,1,3,1,0,0,0,0,0,0,0,0,0,1,0,1,0,0,0
30,B1,2,2,1,2,0,0,0,0,0,0,0,0,0,1,0,2,0,0,0
30,B2,2,0,4,3,0,0,0,0,0,0,0,0,0,1,0,1,0,0,0
30,C1,2,3,2,0,0,0,0,0,0,0,0,0,0,1,0,2,0,0,0
40,A1,2,2,0,3,0,0,0,0,0,0,0,0,0,1,0,2,0,0,0
40,B0,0,3,4,2,0,0,0,0,0,0,0,0,0,1,0,1,0,0,0
40,B1,2,1,1,3,0,0,0,0,0,0,0,0,0,1,0,1,0,0,0
40,B2,3,0,2,3,0,0,0,0,0,0,0,0,0,1,0,1,0,0,0
40,C1,3,1,4,0,0,0,0,0,0,0,0,0,0,1,0,1,0,0,0
50,A1,2,3,0,3,0,0,0,0,0,0,0,0,0,0,1,2,0,0,0
50,B0,0,3,6,3,0,0,0,0,0,0,0,0,0,0,1,1,0,0,0
50,B1,3,4,4,3,0,0,0,0,0,0,0,0,0,0,1,1,0,0,0
50,B2,6,0,2,6,0,0,0,0,0,0,0,0,0,0,1,1,0,0,0
50,C1,4,3,3,0,0,0,0,0,0,0,0,0,0,0,1,2,0,0,0
60,A1,3,5,0,2,0,0,0,0,0,0,0,0,0,0,1,2,0,0,0
60,B0,0,5,6,3,0,0,0,0,0,0,0,0,0,0,1,1,0,0,0
60,B1,4,4,4,2,0,0,0,0,0,0,0,0,0,0,1,2,0,0,0
60,B2,7,0,1,7,0,0,0,0,0,0,0,0,0,0,1,1,0,0,0
60,C1,5,4,3,0,0,0,0,0,0,0,0,0,0,0,1,2,0,0,0
70,A1,5,9,0,3,0,0,0,0,0,0,0,0,0,1,0,2,0,0,0
70,B0,0,6,8,3,0,0,0,0,0,0,0,0,0,1,0,1,0,0,0
70,B1,5,5,5,3,0,0,0,0,0,0,0,0,0,1,0,2,0,0,0
70,B2,9,0,1,9,0,0,0,0,0,0,0,0,0,1,0,1,0,0,0
70,C1,9,5,4,0,0,0,0,0,0,0,0,0,0,1,0,2,0,0,0
80,A1,4,14,0,7,0,0,0,0,0,0,0,0,0,1,0,2,0,0,0
80,B0,0,5,10,6,0,0,0,0,0,0,0,0,0,1,0,1,0,0,0
80,B1,6,6,6,3,0,0,0,0,0,0,0,0,0,1,0,2,0,0,0
80,B2,9,0,3,10,0,0,0,0,0,0,0,0,0,1,0,1,0,0,0
80,C1,12,1,7,0,0,0,0,0,0,0,0,0,0,1,0,2,0,0,0
90,A1,2,16,0,8,0,0,0,0,0,0,0,0,0,1,0,2,0,0,0
90,B0,0,6,14,8,0,0,0,0,0,0,0,0,0,1,0,1,0,0,0
90,B1,6,6,8,6,0,0,0,0,0,0,0,0,0,1,0,1,0,0,0
90,B2,7,0,6,12,0,0,0,0,0,0,0,0,0,1,0,1,0,0,0
90,C1,15,1,9,0,0,0,0,0,0,0,0,0,0,1,0,2,0,0,0
100,A1,2,15,0,8,0,0,0,0,0,0,0,0,0,0,1,2,0,0,0
100,B0,0,7,16,8,0,0,0,0,0,0,0,0,0,0,1,1,0,0,0
100,B1,6,9,8,6,0,0,0,0,0,0,0,0,0,0,1,1,0,0,0
100,B2,10,0,7,13,0,0,0,0,0,0,0,0,0,0,1,1,0,0,0
100,C1,16,3,6,0,0,0,0,0,0,0,0,0,0,0,1,2,0,0,0
110,A1,4,18,0,7,0,0,0,0,0,0,0,0,0,0,1,2,0,0,0
110,B0,0,9,16,6,0,0,0,0,0,0,0,0,0,0,1,1,0,0,0
110,B1,6,9,6,8,0,0,0,0,0,0,0,0,0,0,1,2,0,0,0
110,B2,9,0,6,17,0,0,0,0,0,0,0,0,0,0,1,1,0,0,0
110,C1,19,6,3,0,0,0,0,0,0,0,0,0,0,0,1,2,0,0,0
120,A1,7,18,0,10,0,0,0,0,0,0,0,0,0,1,0,2,0,0,0
120,B0,0,9,19,6,0,0,0,0,0,0,0,0,0,1,0,1,0,0,0
120,B1,6,11,4,9,0,0,0,0,0,0,0,0,0,1,0,2,0,0,0
120,B2,9,0,7,17,0,0,0,0,0,0,0,0,0,1,0,1,0,0,0
120,C1,20,9,4,0,0,0,0,0,0,0,0,0,0,1,0,2,0,0,0
130,A1,8,18,0,12,0,0,0,0,0,0,0,0,0,1,0,2,0,0,0
130,B0,0,4,20,10,0,0,0,0,0,0,0,0,0,1,0,1,0,0,0
130,B1,7,10,4,9,0,0,0,0,0,0,0,0,0,1,0,2,0,0,0
130,B2,7,0,10,16,0,0,0,0,0,0,0,0,0,1,0,1,0,0,0
130,C1,20,8,6,0,0,0,0,0,0,0,0,0,0,1,0,2,0,0,0
140,A1,9,18,0,12,0,0,0,0,0,0,0,0,0,0,1,2,0,0,0
140,B0,0,2,20,12,0,0,0,0,0,0,0,0,0,0,1,1,0,0,0
140,B1,6,9,3,10,0,0,0,0,0,0,0,0,0,0,1,2,0,0,0
140,B2,6,0,13,17,0,0,0,0,0,0,0,0,0,0,1,1,0,0,0
140,C1,20,10,7,0,0,0,0,0,0,0,0,0,0,0,1,2,0,0,0
150,A1,11,20,0,9,0,0,0,0,0,0,0,0,0,0,1,2,0,0,0
150,B0,0,4,20,12,0,0,0,0,0,0,0,0,0,0,1,1,0,0,0
150,B1,5,10,3,11,0,0,0,0,0,0,0,0,0,0,1,2,0,0,0
150,B2,6,0,11,18,0,0,0,0,0,0,0,0,0,0,1,1,0,0,0
150,C1,20,12,5,0,0,0,0,0,0,0,0,0,0,0,1,2,0,0,0
160,A1,13,20,0,8,0,0,0,0,0,0,0,0,0,0,1,2,0,0,0
160,B0,0,6,19,11,0,0,0,0,0,0,0,0,0,0,1,1,0,0,0
160,B1,6,10,4,10,0,0,0,0,0,0,0,0,0,0,1,2,0,0,0
160,B2,8,0,12,19,0,0,0,0,0,0,0,0,0,0,1,1,0,0,0
160,C1,20,16,3,0,0,0,0,0,0,0,0,0,0,0,1,2,0,0,0
170,A1,12,18,0,8,0,0,0,0,0,0,0,0,0,1,0,2,0,0,0
170,B0,0,3,20,15,0,0,0,0,0,0,0,0,0,1,0,1,0,0,0
170,B1,5,9,4,10,0,0,0,0,0,0,0,0,0,1,0,2,0,0,0
170,B2,6,0,15,17,0,0,0,0,0,0,0,0,0,1,0,1,0,0,0
170,C1,18,16,6,0,0,0,0,0,0,0,0,0,0,1,0,2,0,0,0
180,A1,11,18,0,10,0,0,0,0,0,0,0,0,0,1,0,2,0,0,0
180,B0,0,2,20,17,0,0,0,0,0,0,0,0,0,1,0,1,0,0,0
180,B1,5,11,4,10,0,0,0,0,0,0,0,0,0,1,0,2,0,0,0
180,B2,4,0,16,18,0,0,0,0,0,0,0,0,0,1,0,1,0,0,0
180,C1,18,13,6,0,0,0,0,0,0,0,0,0,0,1,0,2,0,0,0
190,A1,13,19,0,8,0,0,0,0,0,0,0,0,0,0,1,2,0,0,0
190,B0,0,3,20,17,0,0,0,0,0,0,0,0,0,0,1,1,0,0,0
190,B1,3,10,3,12,0,0,0,0,0,0,0,0,0,0,1,1,0,0,0
190,B2,5,0,15,20,0,0,0,0,0,0,0,0,0,0,1,1,0,0,0
190,C1,19,15,4,0,0,0,0,0,0,0,0,0,0,0,1,2,0,0,0
200,A1,16,20,0,6,0,0,0,0,0,0,0,0,0,0,1,2,0,0,0
200,B0,0,4,20,13,0,0,0,0,0,0,0,0,0,0,1,1,0,0,0
200,B1,3,10,4,11,0,0,0,0,0,0,0,0,0,0,1,1,0,0,0
200,B2,6,0,13,20,0,0,0,0,0,0,0,0,0,0,1,1,0,0,0
200,C1,20,18,1,0,0,0,0,0,0,0,0,0,0,0,1,2,0,0,0
210,A1,16,19,0,6,0,0,0,0,0,0,0,0,0,1,0,2,0,0,0
210,B0,0,4,20,13,0,0,0,0,0,0,0,0,0,1,0,1,0,0,0
210,B1,4,13,3,9,0,0,0,0,0,0,0,0,0,1,0,2,0,0,0
210,B2,6,0,13,20,0,0,0,0,0,0,0,0,0,1,0,1,0,0,0
210,C1,20,19,2,0,0,0,0,0,0,0,0,0,0,1,0,2,0,0,0
220,A1,13,19,0,7,0,0,0,0,0,0,0,0,0,1,0,2,0,0,0
220,B0,0,1,20,17,0,0,0,0,0,0,0,0,0,1,0,1,0,0,0
220,B1,2,12,3,9,0,0,0,0,0,0,0,0,0,1,0,2,0,0,0
220,B2,3,0,17,19,0,0,0,0,0,0,0,0,0,1,0,1,0,0,0
220,C1,20,15,3,0,0,0,0,0,0,0,0,0,0,1,0,2,0,0,0
230,A1,12,18,0,8,0,0,0,0,0,0,0,0,0,0,1,2,0,0,0
230,B0,0,1,20,20,0,0,0,0,0,0,0,0,0,0,1,1,0,0,0
230,B1,3,10,3,9,0,0,0,0,0,0,0,0,0,0,1,2,0,0,0
230,B2,2,0,20,20,0,0,0,0,0,0,0,0,0,0,1,1,0,0,0
230,C1,19,13,3,0,0,0,0,0,0,0,0,0,0,0,1,2,0,0,0
240,A1,15,20,0,9,0,0,0,0,0,0,0,0,0,0,1,2,0,0,0
240,B0,0,1,20,16,0,0,0,0,0,0,0,0,0,0,1,1,0,0,0
240,B1,1,10,4,10,0,0,0,0,0,0,0,0,0,0,1,1,0,0,0
240,B2,4,0,16,20,0,0,0,0,0,0,0,0,0,0,1,1,0,0,0
240,C1,20,15,1,0,0,0,0,0,0,0,0,0,0,0,1,2,0,0,0
250,A1,17,20,0,5,0,0,0,0,0,0,0,0,0,0,1,2,0,0,0
250,B0,0,1,20,12,0,0,0,0,0,0,0,0,0,0,1,1,0,0,0
250,B1,1,11,2,7,0,0,0,0,0,0,0,0,0,0,1,1,0,0,0
250,B2,5,0,12,20,0,0,0,0,0,0,0,0,0,0,1,1,0,0,0
250,C1,20,19,2,0,0,0,0,0,0,0,0,0,0,0,1,2,0,0,0
260,A1,15,20,0,6,0,0,0,0,0,0,0,0,0,1,0,2,0,0,0
260,B0,0,1,20,15,0,0,0,0,0,0,0,0,0,1,0,1,0,0,0
260,B1,2,10,2,8,0,0,0,0,0,0,0,0,0,1,0,2,0,0,0
260,B2,3,0,14,20,0,0,0,0,0,0,0,0,0,1,0,1,0,0,0
260,C1,20,17,3,0,0,0,0,0,0,0,0,0,0,1,0,2,0,0,0
270,A1,13,20,0,6,0,0,0,0,0,0,0,0,0,1,0,2,0,0,0
270,B0,0,2,20,19,0,0,0,0,0,0,0,0,0,1,0,1,0,0,0
270,B1,1,7,2,8,0,0,0,0,0,0,0,0,0,1,0,1,0,0,0
270,B2,2,0,18,20,0,0,0,0,0,0,0,0,0,1,0,1,0,0,0
270,C1,20,13,4,0,0,0,0,0,0,0,0,0,0,1,0,2,0,0,0
280,A1,12,20,0,5,0,0,0,0,0,0,0,0,0,0,1,2,0,0,0
280,B0,0,3,20,18,0,0,0,0,0,0,0,0,0,0,1,1,0,0,0
280,B1,1,6,2,8,0,0,0,0,0,0,0,0,0,0,1,1,0,0,0
280,B2,3,0,18,19,0,0,0,0,0,0,0,0,0,0,1,1,0,0,0
280,C1,20,13,4,0,0,0,0,0,0,0,0,0,0,0,1,2,0,0,0
290,A1,15,20,0,2,0,0,0,0,0,0,0,0,0,0,1,2,0,0,0
290,B0,0,6,20,15,0,0,0,0,0,0,0,0,0,0,1,1,0,0,0
290,B1,1,6,3,8,0,0,0,0,0,0,0,0,0,0,1,1,0,0,0
290,B2,3,0,14,19,0,0,0,0,0,0,0,0,0,0,1,1,0,0,0
290,C1,20,17,3,0,0,0,0,0,0,0,0,0,0,0,1,2,0,0,0
300,A1,17,19,0,1,0,0,0,0,0,0,0,0,0,1,0,2,0,0,0
300,B0,0,6,19,13,0,0,0,0,0,0,0,0,0,1,0,1,0,0,0
300,B1,1,5,1,6,0,0,0,0,0,0,0,0,0,1,0,2,0,0,0
300,B2,4,0,13,19,0,0,0,0,0,0,0,0,0,1,0,1,0,0,0
300,C1,20,19,3,0,0,0,0,0,0,0,0,0,0,1,0,2,0,0,0
310,A1,16,19,0,1,0,0,0,0,0,0,0,0,0,1,0,2,0,0,0
310,B0,0,2,20,16,0,0,0,0,0,0,0,0,0,1,0,1,0,0,0
310,B1,2,3,1,6,0,0,0,0,0,0,0,0,0,1,0,1,0,0,0
310,B2,1,0,16,20,0,0,0,0,0,0,0,0,0,1,0,1,0,0,0
310,C1,20,15,3,0,0,0,0,0,0,0,0,0,0,1,0,2,0,0,0
320,A1,12,19,0,2,0,0,0,0,0,0,0,0,0,1,0,2,0,0,0
320,B0,0,1,20,20,0,0,0,0,0,0,0,0,0,1,0,1,0,0,0
320,B1,3,4,2,6,0,0,0,0,0,0,0,0,0,1,0,2,0,0,0
320,B2,1,0,20,20,0,0,0,0,0,0,0,0,0,1,0,1,0,0,0
320,C1,19,12,4,0,0,0,0,0,0,0,0,0,0,1,0,2,0,0,0
330,A1,14,20,0,3,0,0,0,0,0,0,0,0,0,0,1,2,0,0,0
330,B0,0,1,20,16,0,0,0,0,0,0,0,0,0,0,1,1,0,0,0
330,B1,3,3,3,8,0,0,0,0,0,0,0,0,0,0,1,1,0,0,0
330,B2,1,0,17,20,0,0,0,0,0,0,0,0,0,0,1,1,0,0,0
330,C1,20,15,3,0,0,0,0,0,0,0,0,0,0,0,1,2,0,0,0
340,A1,16,20,0,1,0,0,0,0,0,0,0,0,0,0,1,2,0,0,0
340,B0,0,1,20,13,0,0,0,0,0,0,0,0,0,0,1,1,0,0,0
340,B1,2,3,3,7,0,0,0,0,0,0,0,0,0,0,1,1,0,0,0
340,B2,2,0,13,20,0,0,0,0,0,0,0,0,0,0,1,1,0,0,0
340,C1,20,19,2,0,0,0,0,0,0,0,0,0,0,0,1,2,0,0,0
350,A1,14,20,0,2,0,0,0,0,0,0,0,0,0,1,0,2,0,0,0
350,B0,0,2,20,14,0,0,0,0,0,0,0,0,0,1,0,1,0,0,0
350,B1,1,4,2,6,0,0,0,0,0,0,0,0,0,1,0,1,0,0,0
350,B2,1,0,15,20,0,0,0,0,0,0,0,0,0,1,0,1,0,0,0
350,C1,20,18,2,0,0,0,0,0,0,0,0,0,0,1,0,2,0,0,0
360,A1,14,20,0,3,0,0,0,0,0,0,0,0,0,1,0,2,0,0,0
360,B0,0,1,20,18,0,0,0,0,0,0,0,0,0,1,0,1,0,0,0
360,B1,2,3,2,6,0,0,0,0,0,0,0,0,0,1,0,1,0,0,0
360,B2,1,0,18,20,0,0,0,0,0,0,0,0,0,1,0,1,0,0,0
360,C1,20,14,2,0,0,0,0,0,0,0,0,0,0,1,0,2,0,0,0
370,A1,13,20,0,3,0,0,0,0,0,0,0,0,0,0,1,2,0,0,0
370,B0,0,1,20,19,0,0,0,0,0,0,0,0,0,0,1,1,0,0,0
370,B1,2,2,2,6,0,0,0,0,0,0,0,0,0,0,1,1,0,0,0
370,B2,3,0,19,20,0,0,0,0,0,0,0,0,0,0,1,1,0,0,0
370,C1,20,13,1,0,0,0,0,0,0,0,0,0,0,0,1,2,0,0,0
380,A1,15,20,0,1,0,0,0,0,0,0,0,0,0,0,1,2,0,0,0
380,B0,0,1,20,15,0,0,0,0,0,0,0,0,0,0,1,1,0,0,0
380,B1,2,2,1,6,0,0,0,0,0,0,0,0,0,0,1,1,0,0,0
380,B2,4,0,15,20,0,0,0,0,0,0,0,0,0,0,1,1,0,0,0
380,C1,20,17,1,0,0,0,0,0,0,0,0,0,0,0,1,2,0,0,0
390,A1,18,20,0,2,0,0,0,0,0,0,0,0,0,0,1,2,0,0,0
390,B0,0,1,19,12,0,0,0,0,0,0,0,0,0,0,1,1,0,0,0
390,B1,2,2,1,4,0,0,0,0,0,0,0,0,0,0,1,1,0,0,0
390,B2,5,0,12,19,0,0,0,0,0,0,0,0,0,0,1,1,0,0,0
390,C1,20,20,3,0,0,0,0,0,0,0,0,0,0,0,1,2,0,0,0
400,A1,14,20,0,2,0,0,0,0,0,0,0,0,0,1,0,2,0,0,0
400,B0,0,1,20,15,0,0,0,0,0,0,0,0,0,1,0,1,0,0,0
400,B1,2,1,1,4,0,0,0,0,0,0,0,0,0,1,0,1,0,0,0
400,B2,4,0,15,20,0,0,0,0,0,0,0,0,0,1,0,1,0,0,0
400,C1,20,17,3,0,0,0,0,0,0,0,0,0,0,1,0,2,0,0,0
410,A1,12,20,0,3,0,0,0,0,0,0,0,0,0,1,0,2,0,0,0
410,B0,0,2,20,18,0,0,0,0,0,0,0,0,0,1,0,1,0,0,0
410,B1,2,1,1,4,0,0,0,0,0,0,0,0,0,1,0,1,0,0,0
410,B2,1,0,19,20,0,0,0,0,0,0,0,0,0,1,0,1,0,0,0
410,C1,20,13,4,0,0,0,0,0,0,0,0,0,0,1,0,2,0,0,0
420,A1,13,20,0,1,0,0,0,0,0,0,0,0,0,0,1,2,0,0,0
420,B0,0,5,20,18,0,0,0,0,0,0,0,0,0,0,1,1,0,0,0
420,B1,1,1,2,4,0,0,0,0,0,0,0,0,0,0,1,1,0,0,0
420,B2,1,0,17,20,0,0,0,0,0,0,0,0,0,0,1,1,0,0,0
420,C1,20,15,3,0,0,0,0,0,0,0,0,0,0,0,1,2,0,0,0
430,A1,14,20,0,1,0,0,0,0,0,0,0,0,0,0,1,2,0,0,0
430,B0,0,6,20,14,0,0,0,0,0,0,0,0,0,0,1,1,0,0,0
430,B1,1,2,1,4,0,0,0,0,0,0,0,0,0,0,1,1,0,0,0
430,B2,2,0,13,20,0,0,0,0,0,0,0,0,0,0,1,1,0,0,0
430,C1,20,19,1,0,0,0,0,0,0,0,0,0,0,0,1,2,0,0,0
440,A1,15,19,0,1,0,0,0,0,0,0,0,0,0,1,0,2,0,0,0
440,B0,0,5,20,13,0,0,0,0,0,0,0,0,0,1,0,1,0,0,0
440,B1,1,1,1,4,0,0,0,0,0,0,0,0,0,1,0,1,0,0,0
440,B2,1,0,13,20,0,0,0,0,0,0,0,0,0,1,0,1,0,0,0
440,C1,20,19,1,0,0,0,0,0,0,0,0,0,0,1,0,2,0,0,0
450,A1,13,19,0,3,0,0,0,0,0,0,0,0,0,1,0,2,0,0,0
450,B0,0,2,20,17,0,0,0,0,0,0,0,0,0,1,0,1,0,0,0
450,B1,2,1,1,4,0,0,0,0,0,0,0,0,0,1,0,1,0,0,0
450,B2,2,0,17,20,0,0,0,0,0,0,0,0,0,1,0,1,0,0,0
450,C1,20,15,2,0,0,0,0,0,0,0,0,0,0,1,0,2,0,0,0
460,A1,10,18,0,4,0,0,0,0,0,0,0,0,0,0,1,2,0,0,0
460,B0,0,2,20,20,0,0,0,0,0,0,0,0,0,0,1,1,0,0,0
460,B1,3,3,1,5,0,0,0,0,0,0,0,0,0,0,1,2,0,0,0
460,B2,2,0,20,20,0,0,0,0,0,0,0,0,0,0,1,1,0,0,0
460,C1,19,12,2,0,0,0,0,0,0,0,0,0,0,0,1,2,0,0,0
470,A1,12,20,0,1,0,0,0,0,0,0,0,0,0,0,1,2,0,0,0
470,B0,0,3,20,16,0,0,0,0,0,0,0,0,0,0,1,1,0,0,0
470,B1,3,3,2,6,0,0,0,0,0,0,0,0,0,0,1,1,0,0,0
470,B2,2,0,16,19,0,0,0,0,0,0,0,0,0,0,1,1,0,0,0
470,C1,19,16,1,0,0,0,0,0,0,0,0,0,0,0,1,2,0,0,0
480,A1,15,20,0,1,0,0,0,0,0,0,0,0,0,0,1,2,0,0,0
480,B0,0,4,20,12,0,0,0,0,0,0,0,0,0,0,1,1,0,0,0
480,B1,3,3,3,6,0,0,0,0,0,0,0,0,0,0,1,1,0,0,0
480,B2,3,0,12,19,0,0,0,0,0,0,0,0,0,0,1,1,0,0,0
480,C1,20,20,1,0,0,0,0,0,0,0,0,0,0,0,1,2,0,0,0
490,A1,15,19,0,1,0,0,0,0,0,0,0,0,0,1,0,2,0,0,0
490,B0,0,2,20,15,0,0,0,0,0,0,0,0,0,1,0,1,0,0,0
490,B1,2,2,2,5,0,0,0,0,0,0,0,0,0,1,0,1,0,0,0
490,B2,3,0,14,20,0,0,0,0,0,0,0,0,0,1,0,1,0,0,0
490,C1,20,17,3,0,0,0,0,0,0,0,0,0,0,1,0,2,0,0,0
500,A1,13,19,0,1,0,0,0,0,0,0,0,0,0,1,0,2,0,0,0
500,B0,0,2,20,18,0,0,0,0,0,0,0,0,0,1,0,1,0,0,0
500,B1,4,2,2,4,0,0,0,0,0,0,0,0,0,1,0,1,0,0,0
500,B2,1,0,18,20,0,0,0,0,0,0,0,0,0,1,0,1,0,0,0
500,C1,20,13,2,0,0,0,0,0,0,0,0,0,0,1,0,2,0,0,0
510,A1,13,19,0,1,0,0,0,0,0,0,0,0,0,0,1,2,0,0,0
510,B0,0,3,20,18,0,0,0,0,0,0,0,0,0,0,1,1,0,0,0
510,B1,3,2,2,4,0,0,0,0,0,0,0,0,0,0,1,1,0,0,0
510,B2,2,0,18,20,0,0,0,0,0,0,0,0,0,0,1,1,0,0,0
510,C1,20,13,2,0,0,0,0,0,0,0,0,0,0,0,1,2,0,0,0
520,A1,16,20,0,1,0,0,0,0,0,0,0,0,0,0,1,2,0,0,0
520,B0,0,4,20,14,0,0,0,0,0,0,0,0,0,0,1,1,0,0,0
520,B1,3,2,1,5,0,0,0,0,0,0,0,0,0,0,1,1,0,0,0
520,B2,2,0,15,20,0,0,0,0,0,0,0,0,0,0,1,1,0,0,0
520,C1,20,18,1,0,0,0,0,0,0,0,0,0,0,0,1,2,0,0,0
530,A1,19,19,0,1,0,0,0,0,0,0,0,0,0,1,0,2,0,0,0
530,B0,0,5,19,13,0,0,0,0,0,0,0,0,0,1,0,1,0,0,0
530,B1,3,3,1,5,0,0,0,0,0,0,0,0,0,1,0,2,0,0,0
530,B2,2,0,13,19,0,0,0,0,0,0,0,0,0,1,0,1,0,0,0
530,C1,20,20,1,0,0,0,0,0,0,0,0,0,0,1,0,2,0,0,0
540,A1,15,19,0,2,0,0,0,0,0,0,0,0,0,1,0,2,0,0,0
540,B0,0,1,20,16,0,0,0,0,0,0,0,0,0,1,0,1,0,0,0
540,B1,3,5,2,4,0,0,0,0,0,0,0,0,0,1,0,2,0,0,0
540,B2,2,0,16,20,0,0,0,0,0,0,0,0,0,1,0,1,0,0,0
540,C1,20,16,2,0,0,0,0,0,0,0,0,0,0,1,0,2,0,0,0
550,A1,12,18,0,3,0,0,0,0,0,0,0,0,0,1,0,2,0,0,0
550,B0,0,1,20,19,0,0,0,0,0,0,0,0,0,1,0,1,0,0,0
550,B1,1,3,2,4,0,0,0,0,0,0,0,0,0,1,0,1,0,0,0
550,B2,1,0,19,20,0,0,0,0,0,0,0,0,0,1,0,1,0,0,0
550,C1,19,12,3,0,0,0,0,0,0,0,0,0,0,1,0,2,0,0,0
560,A1,14,20,0,1,0,0,0,0,0,0,0,0,0,0,1,2,0,0,0
560,B0,0,2,16,17,0,0,0,0,0,0,0,0,0,0,1,1,0,0,0
560,B1,1,3,2,4,0,0,0,0,0,0,0,0,0,0,1,1,0,0,0
560,B2,3,0,17,20,0,0,0,0,0,0,0,0,0,0,1,1,0,0,0
560,C1,19,15,2,0,0,0,0,0,0,0,0,0,0,0,1,2,0,0,0
570,A1,17,20,0,1,0,0,0,0,0,0,0,0,0,0,1,2,0,0,0
570,B0,0,2,16,12,0,0,0,0,0,0,0,0,0,0,1,1,0,0,0
570,B1,1,3,2,5,0,0,0,0,0,0,0,0,0,0,1,1,0,0,0
570,B2,3,0,13,20,0,0,0,0,0,0,0,0,0,0,1,1,0,0,0
570,C1,20,19,1,0,0,0,0,0,0,0,0,0,0,0,1,2,0,0,0
580,A1,17,20,0,2,0,0,0,0,0,0,0,0,0,1,0,2,0,0,0
580,B0,0,2,17,14,0,0,0,0,0,0,0,0,0,1,0,1,0,0,0
580,B1,1,4,2,3,0,0,0,0,0,0,0,0,0,1,0,1,0,0,0
580,B2,1,0,15,20,0,0,0,0,0,0,0,0,0,1,0,1,0,0,0
580,C1,20,18,3,0,0,0,0,0,0,0,0,0,0,1,0,2,0,0,0
590,A1,13,20,0,2,0,0,0,0,0,0,0,0,0,1,0,2,0,0,0
590,B0,0,1,20,18,0,0,0,0,0,0,0,0,0,1,0,1,0,0,0
590,B1,1,3,2,3,0,0,0,0,0,0,0,0,0,1,0,1,0,0,0
590,B2,1,0,18,19,0,0,0,0,0,0,0,0,0,1,0,1,0,0,0
590,C1,20,14,3,0,0,0,0,0,0,0,0,0,0,1,0,2,0,0,0
600,A1,12,20,0,2,0,0,0,0,0,0,0,0,0,0,1,2,0,0,0
600,B0,0,1,19,19,0,0,0,0,0,0,0,0,0,0,1,1,0,0,0
600,B1,3,3,3,3,0,0,0,0,0,0,0,0,0,0,1,1,0,0,0
600,B2,2,0,19,20,0,0,0,0,0,0,0,0,0,0,1,1,0,0,0
600,C1,20,13,3,0,0,0,0,0,0,0,0,0,0,0,1,2,0,0,0
610,A1,13,20,0,1,0,0,0,0,0,0,0,0,0,0,1,2,0,0,0
610,B0,0,2,18,15,0,0,0,0,0,0,0,0,0,0,1,1,0,0,0
610,B1,1,3,3,4,0,0,0,0,0,0,0,0,0,0,1,1,0,0,0
610,B2,1,0,15,20,0,0,0,0,0,0,0,0,0,0,1,1,0,0,0
610,C1,20,16,2,0,0,0,0,0,0,0,0,0,0,0,1,2,0,0,0
620,A1,16,20,0,1,0,0,0,0,0,0,0,0,0,0,1,2,0,0,0
620,B0,0,2,17,12,0,0,0,0,0,0,0,0,0,0,1,1,0,0,0
620,B1,1,3,2,4,0,0,0,0,0,0,0,0,0,0,1,1,0,0,0
620,B2,1,0,12,19,0,0,0,0,0,0,0,0,0,0,1,1,0,0,0
620,C1,20,20,2,0,0,0,0,0,0,0,0,0,0,0,1,2,0,0,0
630,A1,14,20,0,1,0,0,0,0,0,0,0,0,0,1,0,2,0,0,0
630,B0,0,2,20,15,0,0,0,0,0,0,0,0,0,1,0,1,0,0,0
630,B1,2,1,2,3,0,0,0,0,0,0,0,0,0,1,0,1,0,0,0
630,B2,1,0,16,20,0,0,0,0,0,0,0,0,0,1,0,1,0,0,0
630,C1,20,17,3,0,0,0,0,0,0,0,0,0,0,1,0,2,0,0,0
640,A1,11,20,0,3,0,0,0,0,0,0,0,0,0,1,0,2,0,0,0
640,B0,0,1,20,19,0,0,0,0,0,0,0,0,0,1,0,1,0,0,0
640,B1,3,1,2,3,0,0,0,0,0,0,0,0,0,1,0,1,0,0,0
640,B2,1,0,19,20,0,0,0,0,0,0,0,0,0,1,0,1,0,0,0
640,C1,20,13,3,0,0,0,0,0,0,0,0,0,0,1,0,2,0,0,0
650,A1,11,20,0,1,0,0,0,0,0,0,0,0,0,0,1,2,0,0,0
650,B0,0,3,19,17,0,0,0,0,0,0,0,0,0,0,1,1,0,0,0
650,B1,2,1,1,3,0,0,0,0,0,0,0,0,0,0,1,1,0,0,0
650,B2,1,0,18,20,0,0,0,0,0,0,0,0,0,0,1,1,0,0,0
650,C1,20,14,3,0,0,0,0,0,0,0,0,0,0,0,1,2,0,0,0
660,A1,12,20,0,1,0,0,0,0,0,0,0,0,0,0,1,2,0,0,0
660,B0,0,4,19,13,0,0,0,0,0,0,0,0,0,0,1,1,0,0,0
660,B1,2,1,1,2,0,0,0,0,0,0,0,0,0,0,1,1,0,0,0
660,B2,1,0,14,20,0,0,0,0,0,0,0,0,0,0,1,1,0,0,0
660,C1,20,17,2,0,0,0,0,0,0,0,0,0,0,0,1,2,0,0,0
670,A1,13,19,0,3,0,0,0,0,0,0,0,0,0,1,0,2,0,0,0
670,B0,0,4,19,13,0,0,0,0,0,0,0,0,0,1,0,1,0,0,0
670,B1,2,1,2,2,0,0,0,0,0,0,0,0,0,1,0,1,0,0,0
670,B2,1,0,13,20,0,0,0,0,0,0,0,0,0,1,0,1,0,0,0
670,C1,20,18,4,0,0,0,0,0,0,0,0,0,0,1,0,2,0,0,0
680,A1,13,18,0,4,0,0,0,0,0,0,0,0,0,1,0,2,0,0,0
680,B0,0,2,20,17,0,0,0,0,0,0,0,0,0,1,0,1,0,0,0
680,B1,2,3,2,2,0,0,0,0,0,0,0,0,0,1,0,2,0,0,0
680,B2,1,0,17,20,0,0,0,0,0,0,0,0,0,1,0,1,0,0,0
680,C1,20,15,5,0,0,0,0,0,0,0,0,0,0,1,0,2,0,0,0
690,A1,12,17,0,4,0,0,0,0,0,0,0,0,0,0,1,2,0,0,0
690,B0,0,2,20,20,0,0,0,0,0,0,0,0,0,0,1,1,0,0,0
690,B1,3,1,2,2,0,0,0,0,0,0,0,0,0,0,1,1,0,0,0
690,B2,1,0,20,20,0,0,0,0,0,0,0,0,0,0,1,1,0,0,0
690,C1,19,12,6,0,0,0,0,0,0,0,0,0,0,0,1,2,0,0,0
700,A1,13,20,0,3,0,0,0,0,0,0,0,0,0,0,1,2,0,0,0
700,B0,0,2,20,16,0,0,0,0,0,0,0,0,0,0,1,1,0,0,0
700,B1,3,2,4,1,0,0,0,0,0,0,0,0,0,0,1,1,0,0,0
700,B2,2,0,16,20,0,0,0,0,0,0,0,0,0,0,1,1,0,0,0
700,C1,20,15,3,0,0,0,0,0,0,0,0,0,0,0,1,2,0,0,0
710,A1,15,20,0,1,0,0,0,0,0,0,0,0,0,0,1,2,0,0,0
710,B0,0,2,20,12,0,0,0,0,0,0,0,0,0,0,1,1,0,0,0
710,B1,3,2,2,2,0,0,0,0,0,0,0,0,0,0,1,2,0,0,0
710,B2,2,0,12,20,0,0,0,0,0,0,0,0,0,0,1,1,0,0,0
710,C1,20,18,1,0,0,0,0,0,0,0,0,0,0,0,1,2,0,0,0
720,A1,14,20,0,3,0,0,0,0,0,0,0,0,0,1,0,2,0,0,0
720,B0,0,1,20,14,0,0,0,0,0,0,0,0,0,1,0,1,0,0,0
720,B1,4,1,2,2,0,0,0,0,0,0,0,0,0,1,0,2,0,0,0
720,B2,1,0,14,20,0,0,0,0,0,0,0,0,0,1,0,1,0,0,0
720,C1,20,17,1,0,0,0,0,0,0,0,0,0,0,1,0,2,0,0,0
730,A1,11,20,0,3,0,0,0,0,0,0,0,0,0,1,0,2,0,0,0
730,B0,0,2,20,18,0,0,0,0,0,0,0,0,0,1,0,1,0,0,0
730,B1,3,1,2,2,0,0,0,0,0,0,0,0,0,1,0,1,0,0,0
730,B2,1,0,18,20,0,0,0,0,0,0,0,0,0,1,0,1,0,0,0
730,C1,20,13,1,0,0,0,0,0,0,0,0,0,0,1,0,2,0,0,0
740,A1,10,20,0,2,0,0,0,0,0,0,0,0,0,0,1,2,0,0,0
740,B0,0,2,20,18,0,0,0,0,0,0,0,0,0,0,1,1,0,0,0
740,B1,2,1,2,2,0,0,0,0,0,0,0,0,0,0,1,1,0,0,0
740,B2,2,0,18,20,0,0,0,0,0,0,0,0,0,0,1,1,0,0,0
740,C1,20,12,1,0,0,0,0,0,0,0,0,0,0,0,1,2,0,0,0
750,A1,11,20,0,1,0,0,0,0,0,0,0,0,0,0,1,2,0,0,0
750,B0,0,2,20,15,0,0,0,0,0,0,0,0,0,0,1,1,0,0,0
750,B1,2,1,3,2,0,0,0,0,0,0,0,0,0,0,1,1,0,0,0
750,B2,5,0,14,20,0,0,0,0,0,0,0,0,0,0,1,1,0,0,0
750,C1,20,14,1,0,0,0,0,0,0,0,0,0,0,0,1,2,0,0,0
760,A1,12,19,0,1,0,0,0,0,0,0,0,0,0,1,0,2,0,0,0
760,B0,0,2,19,13,0,0,0,0,0,0,0,0,0,1,0,1,0,0,0
760,B1,2,1,3,2,0,0,0,0,0,0,0,0,0,1,0,1,0,0,0
760,B2,5,0,12,19,0,0,0,0,0,0,0,0,0,1,0,1,0,0,0
760,C1,20,16,1,0,0,0,0,0,0,0,0,0,0,1,0,2,0,0,0
770,A1,10,18,0,2,0,0,0,0,0,0,0,0,0,1,0,2,0,0,0
770,B0,0,1,20,16,0,0,0,0,0,0,0,0,0,1,0,1,0,0,0
770,B1,3,1,2,2,0,0,0,0,0,0,0,0,0,1,0,1,0,0,0
770,B2,1,0,16,20,0,0,0,0,0,0,0,0,0,1,0,1,0,0,0
770,C1,20,14,1,0,0,0,0,0,0,0,0,0,0,1,0,2,0,0,0
780,A1,8,18,0,3,0,0,0,0,0,0,0,0,0,1,0,2,0,0,0
780,B0,0,1,20,19,0,0,0,0,0,0,0,0,0,1,0,1,0,0,0
780,B1,2,1,2,2,0,0,0,0,0,0,0,0,0,1,0,1,0,0,0
780,B2,1,0,19,20,0,0,0,0,0,0,0,0,0,1,0,1,0,0,0
780,C1,20,11,1,0,0,0,0,0,0,0,0,0,0,1,0,2,0,0,0
790,A1,9,19,0,3,0,0,0,0,0,0,0,0,0,0,1,2,0,0,0
790,B0,0,1,20,17,0,0,0,0,0,0,0,0,0,0,1,1,0,0,0
790,B1,2,1,1,1,0,0,0,0,0,0,0,0,0,0,1,2,1,8,2
790,B2,2,0,16,20,0,0,0,0,0,0,0,0,0,0,1,1,0,0,0
790,C1,20,12,2,0,0,0,0,0,0,0,0,0,0,0,1,2,0,0,0
800,A1,11,20,0,2,0,0,0,0,0,0,0,0,0,0,1,2,0,0,0
800,B0,0,2,20,13,0,0,0,0,0,0,0,0,0,0,1,1,0,0,0
800,B1,2,1,2,2,0,0,0,0,0,0,0,0,0,0,1,1,1,8,2
800,B2,1,0,12,20,0,0,0,0,0,0,0,0,0,0,1,1,0,0,0
800,C1,20,13,1,0,0,0,0,0,0,0,0,0,0,0,1,2,0,0,0
810,A1,9,20,0,2,0,0,0,0,0,0,0,0,0,1,0,2,0,0,0
810,B0,0,1,20,14,0,0,0,0,0,0,0,0,0,1,0,1,0,0,0
810,B1,1,1,1,3,0,0,0,0,0,0,0,0,0,1,0,1,2,16,4
810,B2,1,0,14,20,0,0,0,0,0,0,0,0,0,1,0,1,0,0,0
810,C1,20,15,2,0,0,0,0,0,0,0,0,0,0,1,0,2,0,0,0
820,A1,8,20,0,2,0,0,0,0,0,0,0,0,0,1,0,2,0,0,0
820,B0,0,1,20,17,0,0,0,0,0,0,0,0,0,1,0,1,0,0,0
820,B1,2,2,1,3,0,0,0,0,0,0,0,0,0,1,0,1,2,16,4
820,B2,1,0,17,20,0,0,0,0,0,0,0,0,0,1,0,1,0,0,0
820,C1,20,13,3,0,0,0,0,0,0,0,0,0,0,1,0,2,0,0,0
830,A1,7,19,0,3,0,0,0,0,0,0,0,0,0,0,1,2,0,0,0
830,B0,0,1,19,19,0,0,0,0,0,0,0,0,0,0,1,1,0,0,0
830,B1,1,1,3,1,0,0,0,0,0,0,0,0,0,0,1,1,2,16,4
830,B2,1,0,17,20,0,0,0,0,0,0,0,0,0,0,1,1,0,0,0
830,C1,19,13,2,0,0,0,0,0,0,0,0,0,0,0,1,2,0,0,0
840,A1,9,20,0,1,0,0,0,0,0,0,0,0,0,0,1,2,0,0,0
840,B0,0,2,18,15,0,0,0,0,0,0,0,0,0,0,1,1,0,0,0
840,B1,2,1,2,3,0,0,0,0,0,0,0,0,0,0,1,1,2,16,4
840,B2,1,0,13,20,0,0,0,0,0,0,0,0,0,0,1,1,0,0,0
840,C1,19,13,2,0,0,0,0,0,0,0,0,0,0,0,1,2,0,0,0
850,A1,12,20,0,1,0,0,0,0,0,0,0,0,0,0,1,2,0,0,0
850,B0,0,3,17,12,0,0,0,0,0,0,0,0,0,0,1,1,0,0,0
850,B1,2,1,3,1,0,0,0,0,0,0,0,0,0,0,1,1,2,16,4
850,B2,1,0,11,19,0,0,0,0,0,0,0,0,0,0,1,1,0,0,0
850,C1,19,14,1,0,0,0,0,0,0,0,0,0,0,0,1,2,0,0,0
860,A1,8,20,0,2,0,0,0,0,0,0,0,0,0,1,0,2,0,0,0
860,B0,0,2,19,15,0,0,0,0,0,0,0,0,0,1,0,1,0,0,0
860,B1,1,1,1,2,0,0,0,0,0,0,0,0,0,1,0,1,2,16,4
860,B2,1,0,15,20,0,0,0,0,0,0,0,0,0,1,0,1,0,0,0
860,C1,19,12,2,0,0,0,0,0,0,0,0,0,0,1,0,2,0,0,0
870,A1,6,20,0,1,0,0,0,0,0,0,0,0,0,1,0,2,0,0,0
870,B0,0,1,20,19,0,0,0,0,0,0,0,0,0,1,0,1,0,0,0
870,B1,2,1,1,2,0,0,0,0,0,0,0,0,0,1,0,1,2,16,4
870,B2,1,0,18,20,0,0,0,0,0,0,0,0,0,1,0,1,0,0,0
870,C1,19,10,2,0,0,0,0,0,0,0,0,0,0,1,0,2,0,0,0
880,A1,7,20,0,2,0,0,0,0,0,0,0,0,0,0,1,2,0,0,0
880,B0,0,1,20,18,0,0,0,0,0,0,0,0,0,0,1,1,0,0,0
880,B1,2,1,1,4,0,0,0,0,0,0,0,0,0,0,1,1,2,16,4
880,B2,1,0,17,19,0,0,0,0,0,0,0,0,0,0,1,1,0,0,0
880,C1,18,11,1,0,0,0,0,0,0,0,0,0,0,0,1,2,0,0,0
890,A1,11,20,0,1,0,0,0,0,0,0,0,0,0,0,1,2,0,0,0
890,B0,0,1,20,14,0,0,0,0,0,0,0,0,0,0,1,1,0,0,0
890,B1,2,1,2,1,0,0,0,0,0,0,0,0,0,0,1,1,2,16,4
890,B2,1,0,14,19,0,0,0,0,0,0,0,0,0,0,1,1,0,0,0
890,C1,19,12,1,0,0,0,0,0,0,0,0,0,0,0,1,2,0,0,0
900,A1,12,20,0,2,0,0,0,0,0,0,0,0,0,1,0,2,0,0,0
900,B0,0,1,19,13,0,0,0,0,0,0,0,0,0,1,0,1,0,0,0
900,B1,2,1,2,2,0,0,0,0,0,0,0,0,0,1,0,1,3,20,5
900,B2,1,0,13,19,0,0,0,0,0,0,0,0,0,1,0,1,0,0,0
900,C1,20,15,1,0,0,0,0,0,0,0,0,0,0,1,0,2,0,0,0
910,A1,10,20,0,4,0,0,0,0,0,0,0,0,0,1,0,2,0,0,0
910,B0,0,1,19,17,0,0,0,0,0,0,0,0,0,1,0,1,0,0,0
910,B1,2,2,2,2,0,0,0,0,0,0,0,0,0,1,0,1,3,20,5
910,B2,2,0,16,19,0,0,0,0,0,0,0,0,0,1,0,1,0,0,0
910,C1,20,14,3,0,0,0,0,0,0,0,0,0,0,1,0,2,0,0,0
920,A1,9,19,0,4,0,0,0,0,0,0,0,0,0,0,1,2,0,0,0
920,B0,0,1,20,20,0,0,0,0,0,0,0,0,0,0,1,1,0,0,0
920,B1,2,3,2,3,0,0,0,0,0,0,0,0,0,0,1,1,3,20,5
920,B2,1,0,18,20,0,0,0,0,0,0,0,0,0,0,1,1,0,0,0
920,C1,19,12,4,0,0,0,0,0,0,0,0,0,0,0,1,2,0,0,0
930,A1,9,20,0,1,0,0,0,0,0,0,0,0,0,0,1,2,0,0,0
930,B0,0,2,19,16,0,0,0,0,0,0,0,0,0,0,1,1,0,0,0
930,B1,2,1,1,3,0,0,0,0,0,0,0,0,0,0,1,1,3,20,5
930,B2,1,0,15,20,0,0,0,0,0,0,0,0,0,0,1,1,0,0,0
930,C1,20,15,1,0,0,0,0,0,0,0,0,0,0,0,1,2,0,0,0
940,A1,13,20,0,1,0,0,0,0,0,0,0,0,0,0,1,2,0,0,0
940,B0,0,3,19,12,0,0,0,0,0,0,0,0,0,0,1,1,0,0,0
940,B1,2,1,1,2,0,0,0,0,0,0,0,0,0,0,1,1,3,20,5
940,B2,1,0,12,20,0,0,0,0,0,0,0,0,0,0,1,1,0,0,0
940,C1,20,16,2,0,0,0,0,0,0,0,0,0,0,0,1,2,0,0,0
950,A1,11,20,0,2,0,0,0,0,0,0,0,0,0,1,0,2,0,0,0
950,B0,0,1,19,14,0,0,0,0,0,0,0,0,0,1,0,1,0,0,0
950,B1,1,3,2,3,0,0,0,0,0,0,1,0,0,1,0,1,3,20,5
950,B2,1,0,14,19,0,1,0,0,0,0,0,0,0,1,0,2,1,16,0
950,C1,20,16,4,0,0,0,0,0,0,0,0,0,0,1,0,2,0,0,0
960,A1,8,20,0,3,0,0,0,0,0,0,0,0,0,1,0,2,0,0,0
960,B0,0,2,20,18,0,0,0,0,0,0,0,0,0,1,0,1,0,0,0
960,B1,2,1,2,3,0,0,0,0,0,0,1,0,0,1,0,1,3,20,5
960,B2,1,0,16,19,0,1,0,0,0,0,0,0,0,1,0,2,1,36,0
960,C1,20,13,4,0,0,0,0,0,0,0,0,0,0,1,0,2,0,0,0
970,A1,7,20,0,3,0,0,0,0,0,0,0,0,0,0,1,2,0,0,0
970,B0,0,1,20,18,0,0,0,0,0,0,0,0,0,0,1,1,0,0,0
970,B1,3,1,2,4,0,0,0,0,0,0,0,0,0,0,1,1,3,20,5
970,B2,2,0,16,20,0,0,0,0,0,0,0,0,0,0,1,1,1,40,1
970,C1,20,13,3,0,0,0,0,0,0,0,0,0,0,0,1,2,0,0,0
980,A1,8,20,0,1,0,0,0,0,0,0,0,0,0,0,1,2,0,0,0
980,B0,0,3,20,15,0,0,0,0,0,0,0,0,0,0,1,1,0,0,0
980,B1,3,1,2,4,0,0,0,0,0,0,0,0,0,0,1,1,3,20,5
980,B2,2,0,13,19,0,0,0,0,0,0,0,0,0,0,1,1,1,40,1
980,C1,20,14,1,0,0,0,0,0,0,0,0,0,0,0,1,2,0,0,0
990,A1,10,20,0,1,0,0,0,0,0,0,0,0,0,1,0,2,0,0,0
990,B0,0,3,19,12,0,0,0,0,0,0,0,0,0,1,0,1,0,0,0
990,B1,3,2,1,4,0,0,0,0,0,0,0,0,0,1,0,1,3,20,5
990,B2,3,0,11,18,0,0,0,0,0,0,0,0,0,1,0,1,1,40,1
990,C1,20,16,3,0,0,0,0,0,0,0,0,0,0,1,0,2,0,0,0
1000,A1,9,20,0,2,0,0,0,0,0,0,0,0,0,1,0,2,0,0,0
1000,B0,0,3,19,16,0,0,0,0,0,0,0,0,0,1,0,1,0,0,0
1000,B1,2,2,3,3,0,0,0,0,0,0,0,0,0,1,0,1,3,20,5
1000,B2,1,0,12,19,0,0,0,0,0,0,0,0,0,1,0,1,1,40,1
1000,C1,20,14,4,0,0,0,0,0,0,0,0,0,0,1,0,2,0,0,0
1010,A1,5,20,0,2,0,0,0,0,0,0,0,0,0,1,0,2,0,0,0
1010,B0,0,3,19,19,0,0,0,0,0,0,0,0,0,1,0,1,0,0,0
1010,B1,2,1,3,3,0,0,0,0,0,0,0,0,0,1,0,1,3,20,5
1010,B2,1,0,15,20,0,0,0,0,0,0,0,0,0,1,0,1,1,40,1
1010,C1,20,10,4,0,0,0,0,0,0,0,0,0,0,1,0,2,0,0,0
1020,A1,5,20,0,1,0,0,0,0,0,0,0,0,0,0,1,2,0,0,0
1020,B0,0,4,19,16,0,0,0,0,0,0,0,0,0,0,1,1,0,0,0
1020,B1,2,1,3,4,0,0,0,0,0,0,0,0,0,0,1,1,3,20,5
1020,B2,4,0,13,20,0,0,0,0,0,0,0,0,0,0,1,1,1,40,1
1020,C1,19,11,2,0,0,0,0,0,0,0,0,0,0,0,1,2,0,0,0
1030,A1,6,20,0,1,0,0,0,0,0,0,0,0,0,0,1,2,0,0,0
1030,B0,0,5,19,12,0,0,0,0,0,0,0,0,0,0,1,1,0,0,0
1030,B1,2,1,3,1,0,0,0,0,0,0,0,0,0,0,1,1,3,20,5
1030,B2,4,0,10,19,0,0,0,0,0,0,0,0,0,0,1,1,1,40,1
1030,C1,20,13,1,0,0,0,0,0,0,0,0,0,0,0,1,2,0,0,0
1040,A1,7,20,0,2,0,0,0,0,0,0,0,0,0,1,0,2,0,0,0
1040,B0,0,5,20,14,0,0,0,0,0,0,0,0,0,1,0,1,0,0,0
1040,B1,3,1,3,4,0,0,0,0,0,0,0,0,0,1,0,1,3,20,5
1040,B2,2,0,10,18,0,0,0,0,0,0,0,0,0,1,0,1,1,40,1
1040,C1,20,12,2,0,0,0,0,0,0,0,0,0,0,1,0,2,0,0,0
1050,A1,3,20,0,3,0,0,0,0,0,0,0,0,0,1,0,2,0,0,0
1050,B0,0,3,20,17,0,0,0,0,0,0,0,0,0,1,0,1,0,0,0
1050,B1,3,1,3,4,0,0,0,0,0,0,0,0,0,1,0,1,3,20,5
1050,B2,1,0,12,19,0,0,0,0,0,0,0,0,0,1,0,1,1,40,1
1050,C1,20,10,2,0,0,0,0,0,0,0,0,0,0,1,0,2,0,0,0
1060,A1,2,20,0,2,0,0,0,0,0,0,0,0,0,0,1,2,0,0,0
1060,B0,0,3,21,18,0,0,0,0,0,0,0,0,0,0,1,1,0,0,0
1060,B1,2,3,5,3,0,0,0,0,0,0,0,0,0,0,1,1,3,20,5
1060,B2,4,0,14,19,0,0,0,0,0,0,0,0,0,0,1,1,1,40,1
1060,C1,19,8,2,0,0,0,0,0,0,0,0,0,0,0,1,2,0,0,0
1070,A1,3,20,0,2,0,0,0,0,0,0,0,0,0,0,1,2,0,0,0
1070,B0,0,5,21,15,0,0,0,0,0,0,0,0,0,0,1,1,0,0,0
1070,B1,3,3,4,3,0,0,0,0,0,0,0,0,0,0,1,1,3,20,5
1070,B2,4,0,10,20,0,0,0,0,0,0,0,0,0,0,1,1,1,40,1
1070,C1,20,9,1,0,0,0,0,0,0,0,0,0,0,0,1,2,0,0,0
1080,A1,4,20,0,3,0,0,0,0,0,0,0,0,0,0,1,2,0,0,0
1080,B0,0,5,20,12,0,0,0,0,0,0,0,0,0,0,1,1,0,0,0
1080,B1,4,4,3,2,0,0,0,0,0,0,0,0,0,0,1,2,3,20,5
1080,B2,4,0,8,19,0,0,0,0,0,0,0,0,0,0,1,1,1,40,1
1080,C1,20,12,1,0,0,0,0,0,0,0,0,0,0,0,1,2,0,0,0
1090,A1,2,20,0,3,0,0,0,0,0,0,0,0,0,1,0,2,0,0,0
1090,B0,0,3,20,15,0,0,0,0,0,0,0,0,0,1,0,1,0,0,0
1090,B1,3,3,3,2,0,0,0,0,0,0,0,0,0,1,0,2,4,25,7
1090,B2,3,0,11,20,0,0,0,0,0,0,0,0,0,1,0,1,1,40,1
1090,C1,20,11,2,0,0,0,0,0,0,0,0,0,0,1,0,2,0,0,0
1100,A1,3,19,0,3,0,0,0,0,0,0,0,0,0,1,0,2,0,0,0
1100,B0,0,1,20,16,0,0,0,0,0,0,0,0,0,1,0,1,0,0,0
1100,B1,2,4,3,2,0,0,0,0,0,0,0,0,0,1,0,2,4,25,7
1100,B2,1,0,12,20,0,0,0,0,0,0,0,0,0,1,0,1,1,40,1
1100,C1,20,9,2,0,0,0,0,0,0,0,0,0,0,1,0,2,0,0,0
1110,A1,2,19,0,3,0,0,0,0,0,0,0,0,0,0,1,2,0,0,0
1110,B0,0,1,20,16,0,0,0,0,0,0,0,0,0,0,1,1,0,0,0
1110,B1,2,4,4,2,0,0,0,0,0,0,0,0,0,0,1,1,4,25,7
1110,B2,2,0,12,20,0,0,0,0,0,0,0,0,0,0,1,1,1,40,1
1110,C1,20,10,1,0,0,0,0,0,0,0,0,0,0,0,1,2,0,0,0
1120,A1,4,19,0,2,0,0,0,0,0,0,0,0,0,0,1,2,0,0,0
1120,B0,0,1,20,14,0,0,0,0,0,0,0,0,0,0,1,1,0,0,0
1120,B1,2,4,3,1,0,0,0,0,0,0,0,0,0,0,1,2,4,25,7
1120,B2,4,0,9,20,0,0,0,0,0,0,0,0,0,0,1,1,1,40,1
1120,C1,20,13,1,0,0,0,0,0,0,0,0,0,0,0,1,2,0,0,0
1130,A1,6,19,0,3,0,0,0,0,0,0,0,0,0,1,0,2,0,0,0
1130,B0,0,1,20,12,0,0,0,0,0,0,1,0,0,1,0,1,0,0,0
1130,B1,2,5,1,3,0,1,3,0,0,0,0,0,0,1,0,2,6,41,7
1130,B2,3,0,9,20,0,0,0,0,0,1,0,0,0,1,0,1,1,40,1
1130,C1,21,13,1,0,0,0,0,0,0,0,0,0,0,1,0,2,0,0,0
1140,A1,3,19,0,4,0,0,0,0,0,0,0,0,0,1,0,2,0,0,0
1140,B0,0,2,20,14,0,0,0,0,0,0,0,0,0,1,0,1,0,0,0
1140,B1,1,1,1,3,0,0,0,0,0,0,0,0,0,1,0,1,6,44,13
1140,B2,1,0,9,20,0,0,0,0,0,0,0,0,0,1,0,1,1,40,1
1140,C1,21,12,1,0,0,0,0,0,0,0,0,0,0,1,0,2,0,0,0
1150,A1,1,18,0,5,0,0,0,0,0,0,0,0,0,0,1,2,0,0,0
1150,B0,0,2,20,15,0,0,0,0,0,0,0,0,0,0,1,1,0,0,0
1150,B1,2,2,1,1,0,0,0,0,0,0,0,0,0,0,1,2,6,44,13
1150,B2,2,0,11,20,0,0,0,0,0,0,0,0,0,0,1,1,1,40,1
1150,C1,20,13,1,0,0,0,0,0,0,0,0,0,0,0,1,2,1,1,1
1160,A1,3,19,0,4,0,0,0,0,0,0,0,0,0,0,1,2,0,0,0
1160,B0,0,1,20,14,0,0,0,0,0,0,0,0,0,0,1,1,0,0,0
1160,B1,2,2,1,2,0,0,0,0,0,0,0,0,0,0,1,2,6,44,13
1160,B2,3,0,8,20,0,0,0,0,0,0,0,0,0,0,1,1,1,40,1
1160,C1,20,14,2,0,0,0,0,0,0,0,0,0,0,0,1,2,1,1,1
1170,A1,5,20,0,1,0,0,0,0,0,0,0,0,0,0,1,2,0,0,0
1170,B0,0,1,20,11,0,0,0,0,0,0,0,0,0,0,1,1,0,0,0
1170,B1,2,2,1,3,0,0,0,0,0,0,0,0,0,0,1,1,6,44,13
1170,B2,3,0,6,20,0,0,0,0,0,0,0,0,0,0,1,1,1,40,1
1170,C1,20,17,1,0,0,0,0,0,0,0,0,0,0,0,1,2,1,1,1
1180,A1,4,20,0,4,0,0,0,0,0,0,0,0,0,1,0,2,0,0,0
1180,B0,0,1,19,12,0,0,0,0,0,0,0,0,0,1,0,1,0,0,0
1180,B1,3,2,1,3,0,0,0,0,0,0,0,0,0,1,0,2,6,44,13
1180,B2,3,0,7,19,0,0,0,0,0,0,0,0,0,1,0,1,1,40,1
1180,C1,20,14,3,0,0,0,0,0,0,0,0,0,0,1,0,2,1,1,1
1190,A1,5,20,0,4,0,0,0,0,0,0,0,0,0,1,0,2,0,0,0
1190,B0,0,1,20,13,0,0,0,0,0,0,0,0,0,1,0,1,0,0,0
1190,B1,2,1,1,3,0,0,0,0,0,0,0,0,0,1,0,1,6,44,13
1190,B2,1,0,8,20,0,0,0,0,0,0,0,0,0,1,0,1,1,40,1
1190,C1,20,12,4,0,0,0,0,0,0,0,0,0,0,1,0,2,1,1,1
1200,A1,1,20,0,4,0,0,0,0,0,0,0,0,0,0,1,2,0,0,0
1200,B0,0,1,21,14,0,0,0,0,0,0,0,0,0,0,1,1,0,0,0
1200,B1,2,2,1,2,0,0,0,0,0,0,0,0,0,0,1,2,7,46,14
1200,B2,4,0,8,20,0,0,0,0,0,0,0,0,0,0,1,1,1,40,1
1200,C1,20,13,2,0,0,0,0,0,0,0,0,0,0,0,1,2,1,1,1
1210,A1,3,20,0,1,0,0,0,0,0,0,0,0,0,0,1,2,0,0,0
1210,B0,0,1,21,11,0,0,0,0,0,0,0,0,0,0,1,1,0,0,0
1210,B1,1,2,4,3,0,0,0,0,0,0,0,0,0,0,1,1,7,46,14
1210,B2,3,0,7,20,0,0,0,0,0,0,0,0,0,0,1,1,1,40,1
1210,C1,20,14,2,0,0,0,0,0,0,0,0,0,0,0,1,2,1,1,1
1220,A1,3,20,0,1,0,0,0,0,0,0,0,0,0,1,0,2,0,0,0
1220,B0,0,2,20,9,0,0,0,0,0,0,0,0,0,1,0,1,0,0,0
1220,B1,1,2,3,4,0,0,1,0,0,0,0,0,0,1,0,2,8,50,14
1220,B2,4,0,7,19,0,0,0,0,0,1,0,0,0,1,0,1,1,40,1
1220,C1,20,17,3,0,0,0,0,0,0,0,0,0,0,1,0,2,1,1,1
1230,A1,3,20,0,2,0,0,0,0,0,0,0,0,0,1,0,2,0,0,0
1230,B0,0,1,20,9,0,0,0,0,0,0,0,0,0,1,0,1,0,0,0
1230,B1,2,3,3,4,0,0,0,0,0,0,0,0,0,1,0,1,8,54,16
1230,B2,2,0,7,19,0,0,0,0,0,0,0,0,0,1,0,1,1,40,1
1230,C1,20,15,4,0,0,0,0,0,0,0,0,0,0,1,0,2,1,1,1
1240,A1,3,19,0,3,0,0,0,0,0,0,0,0,0,1,0,2,0,0,0
1240,B0,0,1,20,12,0,0,0,0,0,0,0,0,0,1,0,1,0,0,0
1240,B1,2,1,3,4,0,0,0,0,0,0,0,0,0,1,0,1,8,54,16
1240,B2,1,0,10,20,0,0,0,0,0,0,0,0,0,1,0,1,1,40,1
1240,C1,19,12,4,0,0,0,0,0,0,0,0,0,0,1,0,2,1,1,1
1250,A1,3,20,0,2,0,0,0,0,0,0,0,0,0,0,1,2,0,0,0
1250,B0,0,2,20,10,0,0,0,0,0,0,0,0,0,0,1,1,0,0,0
1250,B1,2,2,4,2,0,0,0,0,0,0,0,0,0,0,1,1,8,54,16
1250,B2,3,0,9,20,0,0,0,0,0,0,0,0,0,0,1,1,1,40,1
1250,C1,20,12,1,0,0,0,0,0,0,0,0,0,0,0,1,2,1,1,1
1260,A1,4,20,0,1,0,0,0,0,0,0,0,0,0,0,1,2,0,0,0
1260,B0,0,2,20,7,0,0,0,0,0,0,0,0,0,0,1,1,0,0,0
1260,B1,2,2,3,2,0,0,0,0,0,0,0,0,0,0,1,1,8,54,16
1260,B2,2,0,5,20,0,0,0,0,0,0,0,0,0,0,1,1,1,40,1
1260,C1,20,15,1,0,0,0,0,0,0,0,0,0,0,0,1,2,1,1,1
1270,A1,4,20,0,1,0,0,0,0,0,0,0,0,0,1,0,2,0,0,0
1270,B0,0,1,19,6,0,0,0,0,0,0,0,0,0,1,0,1,0,0,0
1270,B1,1,2,3,2,0,0,0,0,0,0,0,0,0,1,0,1,8,54,16
1270,B2,1,0,5,20,0,0,0,0,0,0,0,0,0,1,0,1,1,40,1
1270,C1,20,17,3,0,0,0,0,0,0,0,0,0,0,1,0,2,1,1,1
1280,A1,2,20,0,3,0,0,0,0,0,0,0,0,0,1,0,2,0,0,0
1280,B0,0,2,19,7,0,0,0,0,0,0,0,0,0,1,0,1,0,0,0
1280,B1,2,2,3,2,0,0,0,0,0,0,0,0,0,1,0,1,8,54,16
1280,B2,2,0,6,20,0,0,0,0,0,0,0,0,0,1,0,1,1,40,1
1280,C1,20,13,3,0,0,0,0,0,0,0,0,0,0,1,0,2,1,1,1
1290,A1,2,19,0,2,0,0,0,0,0,0,0,0,0,0,1,2,0,0,0
1290,B0,0,3,19,10,0,0,0,0,0,0,0,0,0,0,1,1,0,0,0
1290,B1,1,2,3,2,0,0,0,0,0,0,0,0,0,0,1,1,8,54,16
1290,B2,1,0,6,21,0,0,0,0,0,0,0,0,0,0,1,1,1,40,1
1290,C1,20,13,2,0,0,0,0,0,0,0,0,0,0,0,1,2,1,1,1
1300,A1,4,20,0,1,0,0,0,0,0,0,0,0,0,0,1,2,0,0,0
1300,B0,0,4,19,6,0,0,0,0,0,0,0,0,0,0,1,1,0,0,0
1300,B1,1,2,3,2,0,0,0,0,0,0,0,0,0,0,1,1,8,54,16
1300,B2,3,0,4,21,0,0,0,0,0,0,0,0,0,0,1,1,1,40,1
1300,C1,20,15,1,0,0,0,0,0,0,0,0,0,0,0,1,2,1,1,1
1310,A1,4,20,0,1,0,0,0,0,0,0,0,0,0,0,1,2,0,0,0
1310,B0,0,5,19,4,0,0,0,0,0,0,0,0,0,0,1,1,0,0,0
1310,B1,2,3,4,2,0,0,0,0,0,0,0,0,0,0,1,1,8,54,16
1310,B2,3,0,3,20,0,0,0,0,0,0,0,0,0,0,1,1,1,40,1
1310,C1,20,17,1,0,0,0,0,0,0,0,0,0,0,0,1,2,1,1,1
1320,A1,3,20,0,2,0,0,0,0,0,0,0,0,0,1,0,2,0,0,0
1320,B0,0,4,19,5,0,0,0,0,0,0,0,0,0,1,0,1,0,0,0
1320,B1,3,1,4,2,0,0,0,0,0,0,0,0,0,1,0,1,8,54,16
1320,B2,1,0,3,20,0,0,0,0,0,0,0,0,0,1,0,1,1,40,1
1320,C1,20,15,1,0,0,0,0,0,0,0,0,0,0,1,0,2,1,1,1
1330,A1,1,20,0,2,0,0,0,0,0,0,0,0,0,1,0,2,0,0,0
1330,B0,0,1,19,7,0,0,0,0,0,0,0,0,0,1,0,1,0,0,0
1330,B1,2,2,4,2,0,0,0,0,0,0,0,0,0,1,0,1,8,54,16
1330,B2,3,0,4,20,0,0,0,0,0,0,0,0,0,1,0,1,1,40,1
1330,C1,20,12,1,0,0,0,0,0,0,0,0,0,0,1,0,2,1,1,1
1340,A1,1,20,0,1,0,0,0,0,0,0,0,0,0,0,1,2,0,0,0
1340,B0,0,3,20,5,0,0,0,0,0,0,0,0,0,0,1,1,0,0,0
1340,B1,2,3,3,1,0,0,0,0,0,0,0,0,0,0,1,2,8,54,16
1340,B2,3,0,2,20,0,0,0,0,0,0,0,0,0,0,1,1,1,40,1
1340,C1,20,14,1,0,0,0,0,0,0,0,0,0,0,0,1,2,1,1,1
1350,A1,1,20,0,1,0,0,0,0,0,0,0,0,0,0,1,2,0,0,0
1350,B0,0,4,21,2,0,0,0,0,0,0,0,0,0,0,1,1,0,0,0
1350,B1,2,2,1,2,0,0,0,0,0,0,0,0,0,0,1,2,8,54,16
1350,B2,4,0,2,19,0,0,0,0,0,0,0,0,0,0,1,1,1,40,1
1350,C1,20,16,1,0,0,0,0,0,0,0,0,0,0,0,1,2,1,1,1
1360,A1,4,20,0,2,0,0,0,0,0,0,0,0,0,1,0,2,0,0,0
1360,B0,0,3,20,1,0,0,0,0,0,0,0,0,0,1,0,1,0,0,0
1360,B1,2,2,2,2,0,0,0,0,0,0,0,0,0,1,0,1,8,54,16
1360,B2,4,0,2,20,0,0,0,0,0,0,0,0,0,1,0,1,1,40,1
1360,C1,20,17,2,0,0,0,0,0,0,0,0,0,0,1,0,2,1,1,1
1370,A1,2,20,0,2,0,0,0,0,0,0,0,0,0,1,0,2,0,0,0
1370,B0,0,1,20,3,0,0,0,0,0,0,0,0,0,1,0,1,0,0,0
1370,B1,3,3,2,2,0,0,0,0,0,0,0,0,0,1,0,2,8,54,16
1370,B2,1,0,4,20,0,0,0,0,0,0,0,0,0,1,0,1,1,40,1
1370,C1,20,15,2,0,0,0,0,0,0,0,0,0,0,1,0,2,1,1,1
1380,A1,1,20,0,3,0,0,0,0,0,0,0,0,0,0,1,2,0,0,0
1380,B0,0,2,20,5,0,0,0,0,0,0,0,0,0,0,1,1,0,0,0
1380,B1,1,3,2,2,0,0,0,0,0,0,0,0,0,0,1,1,8,54,16
1380,B2,1,0,6,20,0,0,0,0,0,0,0,0,0,0,1,1,1,40,1
1380,C1,19,12,2,0,0,0,0,0,0,0,0,0,0,0,1,2,1,1,1
1390,A1,5,20,0,3,0,0,0,0,0,0,0,0,0,0,1,2,0,0,0
1390,B0,0,3,20,4,0,0,0,0,0,0,0,0,0,0,1,1,0,0,0
1390,B1,1,3,1,1,0,0,0,0,0,0,0,0,0,0,1,2,8,54,16
1390,B2,2,0,5,20,0,0,0,0,0,0,0,0,0,0,1,1,1,40,1
1390,C1,20,15,1,0,0,0,0,0,0,0,0,0,0,0,1,2,1,1,1
1400,A1,8,20,0,1,0,0,0,0,0,0,0,0,0,0,1,2,0,0,0
1400,B0,0,3,20,2,0,0,0,0,0,0,0,0,0,0,1,1,0,0,0
1400,B1,1,3,1,2,0,0,0,0,0,0,0,0,0,0,1,2,8,54,16
1400,B2,3,0,3,20,0,0,0,0,0,0,0,0,0,0,1,1,1,40,1
1400,C1,20,17,1,0,0,0,0,0,0,0,0,0,0,0,1,2,1,1,1
1410,A1,8,20,0,2,0,0,0,0,0,0,0,0,0,1,0,2,0,0,0
1410,B0,0,1,19,5,0,0,0,0,0,0,0,0,0,1,0,1,0,0,0
1410,B1,4,1,2,2,0,0,0,0,0,0,0,0,0,1,0,2,8,54,16
1410,B2,1,0,3,19,0,0,0,0,0,0,0,0,0,1,0,1,1,40,1
1410,C1,20,15,2,0,0,0,0,0,0,0,0,0,0,1,0,2,1,1,1
1420,A1,6,20,0,3,0,0,0,0,0,0,0,0,0,1,0,2,0,0,0
1420,B0,0,1,19,3,0,0,0,0,0,0,0,0,0,1,0,1,0,0,0
1420,B1,1,2,2,2,0,0,0,0,0,0,0,0,0,1,0,1,8,54,16
1420,B2,1,0,5,20,0,0,0,0,0,0,0,0,0,1,0,1,1,40,1
1420,C1,20,13,2,0,0,0,0,0,0,0,0,0,0,1,0,2,1,1,1
1430,A1,5,20,0,2,0,0,0,0,0,0,0,0,0,0,1,2,0,0,0
1430,B0,0,2,20,4,0,0,0,0,0,0,0,0,0,0,1,1,0,0,0
1430,B1,2,2,2,1,0,0,0,0,0,0,0,0,0,0,1,2,9,62,18
1430,B2,1,0,4,20,0,0,0,0,0,0,0,0,0,0,1,1,1,40,1
1430,C1,20,12,2,0,0,0,0,0,0,0,0,0,0,0,1,2,1,1,1
1440,A1,6,20,0,2,0,0,0,0,0,0,0,0,0,0,1,2,0,0,0
1440,B0,0,2,20,2,0,0,0,0,0,0,0,0,0,0,1,1,0,0,0
1440,B1,2,2,1,2,0,0,0,0,0,0,0,0,0,0,1,2,9,62,18
1440,B2,1,0,1,20,0,0,0,0,0,0,0,0,0,0,1,1,1,40,1
1440,C1,20,13,1,0,0,0,0,0,0,0,0,0,0,0,1,2,1,1,1
1450,A1,8,20,0,1,0,0,0,0,0,0,0,0,0,1,0,2,0,0,0
1450,B0,0,1,19,1,0,0,0,0,0,0,0,0,0,1,0,1,0,0,0
1450,B1,2,1,1,3,0,0,0,0,0,0,0,0,0,1,0,1,9,62,18
1450,B2,3,0,1,19,0,0,0,0,0,0,0,0,0,1,0,1,1,40,1
1450,C1,20,13,2,0,0,0,0,0,0,0,0,0,0,1,0,2,1,1,1
1460,A1,7,20,0,2,0,0,0,0,0,0,0,0,0,1,0,2,0,0,0
1460,B0,0,2,19,1,0,0,0,0,0,0,0,0,0,1,0,1,0,0,0
1460,B1,3,1,2,1,0,0,0,0,0,0,0,0,0,1,0,2,9,62,18
1460,B2,1,0,1,20,0,0,0,0,0,0,0,0,0,1,0,1,1,40,1
1460,C1,20,13,2,0,0,0,0,0,0,0,0,0,0,1,0,2,1,1,1
1470,A1,6,20,0,2,0,0,0,0,0,0,0,0,0,1,0,2,0,0,0
1470,B0,0,1,19,3,0,0,0,0,0,0,0,0,0,1,0,1,0,0,0
1470,B1,2,1,2,1,0,0,0,0,0,0,0,0,0,1,0,1,9,62,18
1470,B2,1,0,4,20,0,0,0,0,0,0,0,0,0,1,0,1,1,40,1
1470,C1,20,11,2,0,0,0,0,0,0,0,0,0,0,1,0,2,1,1,1
1480,A1,6,20,0,1,0,0,0,0,0,0,0,0,0,0,1,2,0,0,0
1480,B0,0,2,20,2,0,0,0,0,0,0,0,0,0,0,1,1,0,0,0
1480,B1,2,2,2,1,0,0,0,0,0,0,0,0,0,0,1,2,9,62,18
1480,B2,3,0,2,20,0,0,0,0,0,0,0,0,0,0,1,1,1,40,1
1480,C1,20,12,2,0,0,0,0,0,0,0,0,0,0,0,1,2,1,1,1
1490,A1,7,20,0,1,0,0,0,0,0,0,0,0,0,0,1,2,0,0,0
1490,B0,0,3,21,1,0,0,0,0,0,0,0,0,0,0,1,1,0,0,0
1490,B1,1,2,2,2,0,0,0,0,0,0,0,0,0,0,1,1,9,62,18
1490,B2,1,0,2,20,0,0,0,0,0,0,0,0,0,0,1,1,1,40,1
1490,C1,20,15,1,0,0,0,0,0,0,0,0,0,0,0,1,2,1,1,1
1500,A1,8,20,0,2,0,0,0,0,0,0,0,0,0,1,0,2,0,0,0
1500,B0,0,1,20,3,0,0,0,0,0,0,0,0,0,1,0,1,0,0,0
1500,B1,1,1,2,1,0,0,0,0,0,0,0,0,0,1,0,1,9,62,18
1500,B2,3,0,3,20,0,0,0,0,0,0,0,0,0,1,0,1,1,40,1
1500,C1,20,15,2,0,0,0,0,0,0,0,0,0,0,1,0,2,1,1,1
1510,A1,5,20,0,3,0,0,0,0,0,0,0,0,0,1,0,2,0,0,0
1510,B0,0,1,20,3,0,0,0,0,0,0,0,0,0,1,0,1,0,0,0
1510,B1,1,1,2,1,0,0,0,0,0,0,0,0,0,1,0,1,9,62,18
1510,B2,1,0,4,20,0,0,0,0,0,0,0,0,0,1,0,1,1,40,1
1510,C1,20,12,3,0,0,0,0,0,0,0,0,0,0,1,0,2,1,1,1
1520,A1,5,20,0,3,0,0,0,0,0,0,0,0,0,0,1,2,0,0,0
1520,B0,0,1,20,5,0,0,0,0,0,0,0,0,0,0,1,1,0,0,0
1520,B1,1,3,1,1,0,0,0,0,0,0,0,0,0,0,1,2,9,62,18
1520,B2,1,0,6,20,0,0,0,0,0,0,0,0,0,0,1,1,1,40,1
1520,C1,20,10,3,0,0,0,0,0,0,0,0,0,0,0,1,2,1,1,1
1530,A1,5,20,0,1,0,0,0,0,0,0,0,0,0,0,1,2,0,0,0
1530,B0,0,2,20,2,0,0,0,0,0,0,0,0,0,0,1,1,0,0,0
1530,B1,1,3,2,3,0,0,0,0,0,0,0,0,0,0,1,1,9,62,18
1530,B2,1,0,4,20,0,0,0,0,0,0,0,0,0,0,1,1,1,40,1
1530,C1,20,10,1,0,0,0,0,0,0,0,0,0,0,0,1,2,1,1,1
1540,A1,7,20,0,3,0,0,0,0,0,0,0,0,0,0,1,2,0,0,0
1540,B0,0,3,20,1,0,0,0,0,0,0,0,0,0,0,1,1,0,0,0
1540,B1,2,4,3,2,0,0,0,0,0,0,0,0,0,0,1,2,9,62,18
1540,B2,1,0,1,19,0,0,0,0,0,0,0,0,0,0,1,1,1,40,1
1540,C1,20,13,1,0,0,0,0,0,0,0,0,0,0,0,1,2,1,1,1
1550,A1,7,20,0,2,0,0,0,0,0,0,0,0,0,1,0,2,0,0,0
1550,B0,0,1,20,1,0,0,0,0,0,0,0,0,0,1,0,1,0,0,0
1550,B1,2,2,3,2,0,0,0,0,0,0,0,0,0,1,0,1,10,69,21
1550,B2,1,0,1,20,0,0,0,0,0,0,0,0,0,1,0,1,1,40,1
1550,C1,20,11,1,0,0,0,0,0,0,0,0,0,0,1,0,2,1,1,1
1560,A1,2,20,0,3,0,0,0,0,0,0,0,0,0,1,0,2,0,0,0
1560,B0,0,1,20,4,0,0,0,0,0,0,0,0,0,1,0,1,0,0,0
1560,B1,3,3,3,2,0,0,0,0,0,0,0,0,0,1,0,2,10,69,21
1560,B2,1,0,3,20,0,0,0,0,0,0,0,0,0,1,0,1,1,40,1
1560,C1,20,8,2,0,0,0,0,0,0,0,0,0,0,1,0,2,1,1,1
1570,A1,3,20,0,2,0,0,0,0,0,0,0,0,0,0,1,2,0,0,0
1570,B0,0,3,20,4,0,0,0,0,0,0,0,0,0,0,1,1,0,0,0
1570,B1,2,3,2,1,0,0,0,0,0,0,0,0,0,0,1,2,10,69,21
1570,B2,1,0,3,20,0,0,0,0,0,0,0,0,0,0,1,1,1,40,1
1570,C1,19,8,1,0,0,0,0,0,0,0,0,0,0,0,1,2,1,1,1
1580,A1,4,20,0,1,0,0,0,0,0,0,0,0,0,0,1,2,0,0,0
1580,B0,0,3,20,1,0,0,0,0,0,0,0,0,0,0,1,1,0,0,0
1580,B1,2,3,4,4,0,0,0,0,0,0,0,0,0,0,1,1,10,69,21
1580,B2,1,0,5,19,0,0,0,0,0,0,0,0,0,0,1,1,1,40,1
1580,C1,19,10,1,0,0,0,0,0,0,0,0,0,0,0,1,2,1,1,1
1590,A1,4,21,0,2,0,0,0,0,0,0,0,0,0,1,0,2,0,0,0
1590,B0,0,5,19,2,0,0,0,0,0,0,0,0,0,1,0,1,0,0,0
1590,B1,2,1,1,5,0,0,0,0,0,0,0,0,0,1,0,1,11,74,24
1590,B2,1,0,3,19,0,0,0,0,0,0,0,0,0,1,0,1,1,40,1
1590,C1,20,11,2,0,0,0,0,0,0,0,0,0,0,1,0,2,1,1,1
1600,A1,8,21,0,2,0,0,0,0,0,0,0,0,0,1,0,2,0,0,0
1600,B0,0,2,19,2,0,0,0,0,0,0,0,0,0,1,0,1,0,0,0
1600,B1,1,1,1,5,0,0,0,0,0,0,0,0,0,1,0,1,11,74,24
1600,B2,3,0,4,20,0,0,0,0,0,0,0,0,0,1,0,1,1,40,1
1600,C1,21,9,1,0,0,0,0,0,0,0,0,0,0,1,0,2,1,1,1
1610,A1,3,19,0,3,0,0,0,0,0,0,0,0,0,0,1,2,0,0,0
1610,B0,0,1,19,5,0,0,0,0,0,0,0,0,0,0,1,1,0,0,0
1610,B1,1,1,1,5,0,0,0,0,0,0,0,0,0,0,1,1,11,74,24
1610,B2,1,0,6,20,0,0,0,0,0,0,0,0,0,0,1,1,1,40,1
1610,C1,20,6,1,0,0,0,0,0,0,0,0,0,0,0,1,2,1,1,1
1620,A1,4,19,0,1,0,0,0,0,0,0,0,0,0,0,1,2,0,0,0
1620,B0,0,1,20,2,0,0,0,0,0,0,0,0,0,0,1,1,0,0,0
1620,B1,1,2,2,5,0,0,0,0,0,0,0,0,0,0,1,1,11,74,24
1620,B2,2,0,2,20,0,0,0,0,0,0,0,0,0,0,1,1,1,40,1
1620,C1,20,6,2,0,0,0,0,0,0,0,0,0,0,0,1,2,1,1,1
1630,A1,6,19,0,1,0,0,0,0,0,0,0,0,0,0,1,2,0,0,0
1630,B0,0,4,20,1,0,0,0,0,0,0,0,0,0,0,1,1,0,0,0
1630,B1,1,2,4,2,0,0,0,0,0,0,0,0,0,0,1,1,11,74,24
1630,B2,3,0,5,18,0,0,0,0,0,0,0,0,0,0,1,1,1,40,1
1630,C1,20,8,1,0,0,0,0,0,0,0,0,0,0,0,1,2,1,1,1
1640,A1,6,19,0,1,0,0,0,0,0,0,0,0,0,1,0,2,0,0,0
1640,B0,0,3,20,2,0,0,0,0,0,0,0,0,0,1,0,1,0,0,0
1640,B1,2,1,3,2,0,0,0,0,0,0,0,0,0,1,0,1,11,74,24
1640,B2,1,0,2,20,0,0,0,0,0,0,0,0,0,1,0,1,1,40,1
1640,C1,20,6,1,0,0,0,0,0,0,0,0,0,0,1,0,2,1,1,1
1650,A1,3,20,0,2,0,0,0,0,0,0,0,0,0,1,0,2,0,0,0
1650,B0,0,2,20,4,0,0,0,0,0,0,0,0,0,1,0,1,0,0,0
1650,B1,2,2,3,2,0,0,0,0,0,0,0,0,0,1,0,1,11,74,24
1650,B2,1,0,5,20,0,0,0,0,0,0,0,0,0,1,0,1,1,40,1
1650,C1,20,4,1,0,0,0,0,0,0,0,0,0,0,1,0,2,1,1,1
1660,A1,2,19,0,1,0,0,0,0,0,0,0,0,0,0,1,2,0,0,0
1660,B0,0,6,20,4,0,0,0,0,0,0,0,0,0,0,1,1,0,0,0
1660,B1,1,2,3,3,0,0,0,0,0,0,0,0,0,0,1,1,11,74,24
1660,B2,3,0,4,20,0,0,0,0,0,0,0,0,0,0,1,1,1,40,1
1660,C1,19,4,1,0,0,0,0,0,0,0,0,0,0,0,1,2,1,1,1
1670,A1,2,20,0,1,0,0,0,0,0,0,0,0,0,0,1,2,0,0,0
1670,B0,0,6,20,2,0,0,0,0,0,0,0,0,0,0,1,1,0,0,0
1670,B1,1,2,3,5,0,0,0,0,0,0,0,0,0,0,1,1,11,74,24
1670,B2,3,0,2,20,0,0,0,0,0,0,0,0,0,0,1,1,1,40,1
1670,C1,19,7,1,0,0,0,0,0,0,0,0,0,0,0,1,2,1,1,1
1680,A1,5,20,0,4,0,0,0,0,0,0,0,0,0,1,0,2,0,0,0
1680,B0,0,6,19,4,0,0,0,0,0,0,0,0,0,1,0,1,0,0,0
1680,B1,1,2,2,2,0,0,0,0,0,0,0,0,0,1,0,1,11,74,24
1680,B2,2,0,1,19,0,0,0,0,0,0,0,0,0,1,0,1,1,40,1
1680,C1,20,9,1,0,0,0,0,0,0,0,0,0,0,1,0,2,1,1,1
1690,A1,3,21,0,5,0,0,0,0,0,0,0,0,0,1,0,2,0,0,0
1690,B0,0,2,20,2,0,0,0,0,0,0,0,0,0,1,0,1,0,0,0
1690,B1,2,2,3,2,0,0,0,0,0,0,0,0,0,1,0,1,11,74,24
1690,B2,1,0,2,19,0,0,0,0,0,0,0,0,0,1,0,1,1,40,1
1690,C1,20,5,2,0,0,0,0,0,0,0,0,0,0,1,0,2,1,1,1
1700,A1,1,19,0,6,0,0,0,0,0,0,0,0,0,1,0,2,0,0,0
1700,B0,0,2,20,4,0,0,0,0,0,0,0,0,0,1,0,1,0,0,0
1700,B1,2,1,4,2,0,0,0,0,0,0,0,0,0,1,0,1,11,74,24
1700,B2,1,0,3,19,0,0,0,0,0,0,0,0,0,1,0,1,1,40,1
1700,C1,20,1,3,0,0,0,0,0,0,0,0,0,0,1,0,2,1,1,1
1710,A1,2,20,0,4,0,0,0,0,0,0,0,0,0,0,1,2,0,0,0
1710,B0,0,3,20,2,0,0,0,0,0,0,0,0,0,0,1,1,0,0,0
1710,B1,1,1,4,1,0,0,0,0,0,0,0,0,0,0,1,1,11,74,24
1710,B2,2,0,2,19,0,0,0,0,0,0,0,0,0,0,1,1,1,40,1
1710,C1,20,1,1,0,0,0,0,0,0,0,0,0,0,0,1,2,1,1,1
1720,A1,4,20,0,1,0,0,0,0,0,0,0,0,0,0,1,2,0,0,0
1720,B0,0,6,20,2,0,0,0,0,0,0,0,0,0,0,1,1,0,0,0
1720,B1,1,1,1,2,0,0,0,0,0,0,0,0,0,0,1,1,11,74,24
1720,B2,2,0,1,20,0,0,0,0,0,0,0,0,0,0,1,1,1,40,1
1720,C1,20,2,1,0,0,0,0,0,0,0,0,0,0,0,1,2,1,1,1
1730,A1,3,20,0,2,0,0,0,0,0,0,0,0,0,1,0,2,0,0,0
1730,B0,0,3,19,1,0,0,0,0,0,0,0,0,0,1,0,1,0,0,0
1730,B1,2,1,1,1,0,0,0,0,0,0,0,0,0,1,0,2,11,74,24
1730,B2,2,0,3,20,0,0,0,0,0,0,0,0,0,1,0,1,2,46,2
1730,C1,20,3,2,0,0,0,0,0,0,0,0,0,0,1,0,2,1,1,1
1740,A1,2,20,0,2,0,0,0,0,0,0,0,0,0,1,0,2,0,0,0
1740,B0,0,1,19,1,0,0,0,0,0,0,0,0,0,1,0,1,0,0,0
1740,B1,2,4,1,1,0,0,0,0,0,0,0,0,0,1,0,2,11,74,24
1740,B2,4,0,1,20,0,0,0,0,0,0,0,0,0,1,0,1,2,46,2
1740,C1,20,3,1,0,0,0,0,0,0,0,0,0,0,1,0,2,1,1,1
1750,A1,1,19,0,1,0,0,0,0,0,0,0,0,0,0,1,2,0,0,0
1750,B0,0,2,19,3,0,0,0,0,0,0,0,0,0,0,1,1,0,0,0
1750,B1,1,1,3,1,0,0,0,0,0,0,0,0,0,0,1,1,11,74,24
1750,B2,4,0,2,20,0,0,0,0,0,0,0,0,0,0,1,1,2,46,2
1750,C1,19,2,2,0,0,0,0,0,0,0,0,0,0,0,1,2,1,1,1
1760,A1,1,20,0,1,0,0,0,0,0,0,0,0,0,0,1,2,0,0,0
1760,B0,0,2,19,3,0,0,0,0,0,0,0,0,0,0,1,1,0,0,0
1760,B1,2,2,1,2,0,0,0,0,0,0,0,0,0,0,1,2,11,74,24
1760,B2,5,0,5,20,0,0,0,0,0,0,0,0,0,0,1,1,2,46,2
1760,C1,19,3,1,0,0,0,0,0,0,0,0,0,0,0,1,2,1,1,1
1770,A1,2,20,0,1,0,0,0,0,0,0,0,0,0,0,1,2,0,0,0
1770,B0,0,2,18,2,0,0,0,0,0,0,0,0,0,0,1,1,0,0,0
1770,B1,2,2,2,2,0,0,0,0,0,0,0,0,0,0,1,1,11,74,24
1770,B2,6,0,2,19,0,0,0,0,0,0,0,0,0,0,1,1,2,46,2
1770,C1,19,3,1,0,0,0,0,0,0,0,0,0,0,0,1,2,1,1,1
1780,A1,1,20,0,1,0,0,0,0,0,0,0,0,0,1,0,2,0,0,0
1780,B0,0,1,19,4,0,0,0,0,0,0,0,0,0,1,0,1,0,0,0
1780,B1,1,5,3,2,0,0,0,0,0,0,0,0,0,1,0,1,11,74,24
1780,B2,3,0,2,20,0,0,0,0,0,0,0,0,0,1,0,1,2,46,2
1780,C1,19,2,2,0,0,0,0,0,0,0,0,0,0,1,0,2,1,1,1
1790,A1,4,19,0,1,0,0,0,0,0,0,0,0,0,1,0,2,0,0,0
1790,B0,0,1,19,5,0,0,0,0,0,0,0,0,0,1,0,1,0,0,0
1790,B1,1,1,3,2,0,0,0,0,0,0,0,0,0,1,0,1,11,74,24
1790,B2,1,0,4,20,0,0,0,0,0,0,0,0,0,1,0,1,2,46,2
1790,C1,18,1,2,0,0,0,0,0,0,0,0,0,0,1,0,2,1,1,1
1800,A1,3,18,0,1,0,0,0,0,0,0,0,0,0,0,1,2,0,0,0
1800,B0,0,3,20,4,0,0,0,0,0,0,0,0,0,0,1,1,0,0,0
1800,B1,1,1,3,1,0,0,0,0,0,0,0,0,0,0,1,1,11,74,24
1800,B2,4,0,3,20,0,0,0,0,0,0,0,0,0,0,1,1,2,46,2
1800,C1,17,1,1,0,0,0,0,0,0,0,0,0,0,0,1,2,1,1,1
1810,A1,5,20,0,1,0,0,0,0,0,0,0,0,0,0,1,2,0,0,0
1810,B0,0,2,20,1,0,0,0,0,0,0,0,0,0,0,1,1,0,0,0
1810,B1,1,1,3,4,0,0,0,0,0,0,0,0,0,0,1,1,11,74,24
1810,B2,4,0,2,20,0,0,0,0,0,0,0,0,0,0,1,1,2,46,2
1810,C1,19,1,1,0,0,0,0,0,0,0,0,0,0,0,1,2,1,1,1
1820,A1,7,20,0,3,0,0,0,0,0,0,0,0,0,1,0,2,0,0,0
1820,B0,0,2,19,1,0,0,0,0,0,0,0,0,0,1,0,1,0,0,0
1820,B1,1,2,3,4,0,0,0,0,0,0,0,0,0,1,0,1,11,74,24
1820,B2,3,0,1,20,0,0,0,0,0,0,0,0,0,1,0,1,2,46,2
1820,C1,20,1,1,0,0,0,0,0,0,0,0,0,0,1,0,2,1,1,1
1830,A1,4,20,0,3,0,0,0,0,0,0,0,0,0,1,0,2,0,0,0
1830,B0,0,2,19,3,0,0,0,0,0,0,0,0,0,1,0,1,0,0,0
1830,B1,2,2,3,4,0,0,0,0,0,0,0,0,0,1,0,1,11,74,24
1830,B2,2,0,1,20,0,0,0,0,0,0,0,0,0,1,0,1,2,46,2
1830,C1,19,2,1,0,0,0,0,0,0,0,0,0,0,1,0,2,1,1,1
1840,A1,2,19,0,4,0,0,0,0,0,0,0,0,0,0,1,2,0,0,0
1840,B0,0,2,20,4,0,0,0,0,0,0,0,0,0,0,1,1,0,0,0
1840,B1,1,1,4,4,0,0,0,0,0,0,0,0,0,0,1,1,11,74,24
1840,B2,3,0,2,20,0,0,0,0,0,0,0,0,0,0,1,1,2,46,2
1840,C1,19,1,3,0,0,0,0,0,0,0,0,0,0,0,1,2,1,1,1
1850,A1,4,20,0,1,0,0,0,0,0,0,0,0,0,0,1,2,0,0,0
1850,B0,0,2,20,3,0,0,0,0,0,0,0,0,0,0,1,1,0,0,0
1850,B1,1,1,3,2,0,0,0,0,0,0,0,0,0,0,1,1,11,74,24
1850,B2,2,0,2,20,0,0,0,0,0,0,0,0,0,0,1,1,2,46,2
1850,C1,19,3,2,0,0,0,0,0,0,0,0,0,0,0,1,2,1,1,1
1860,A1,5,20,0,1,0,0,0,0,0,0,0,0,0,0,1,2,0,0,0
1860,B0,0,2,18,1,0,0,0,0,0,0,0,0,0,0,1,1,0,0,0
1860,B1,1,1,2,1,0,0,0,0,0,0,0,0,0,0,1,1,11,74,24
1860,B2,3,0,2,19,0,0,0,0,0,0,0,0,0,0,1,1,2,46,2
1860,C1,19,5,1,0,0,0,0,0,0,0,0,0,0,0,1,2,1,1,1
1870,A1,3,20,0,1,0,0,0,0,0,0,0,0,0,1,0,2,0,0,0
1870,B0,0,2,19,1,0,0,0,0,0,0,0,0,0,1,0,1,0,0,0
1870,B1,2,1,1,1,0,0,0,0,0,0,0,0,0,1,0,2,11,74,24
1870,B2,1,0,2,19,0,0,0,0,0,0,0,0,0,1,0,1,2,46,2
1870,C1,19,2,3,0,0,0,0,0,0,0,0,0,0,1,0,2,1,1,1
1880,A1,3,20,0,2,0,0,0,0,0,0,0,0,0,1,0,2,0,0,0
1880,B0,0,1,20,2,0,0,0,0,0,0,0,0,0,1,0,1,0,0,0
1880,B1,1,1,1,1,0,0,0,0,0,0,0,0,0,1,0,1,11,74,24
1880,B2,1,0,2,19,0,0,0,0,0,0,0,0,0,1,0,1,2,46,2
1880,C1,19,2,4,0,0,0,0,0,0,0,0,0,0,1,0,2,1,1,1
1890,A1,2,19,0,4,0,0,0,0,0,0,0,0,0,0,1,2,0,0,0
1890,B0,0,1,20,3,0,0,0,0,0,0,0,0,0,0,1,1,0,0,0
1890,B1,2,1,2,2,0,0,0,0,0,0,0,0,0,0,1,1,12,75,25
1890,B2,1,0,3,20,0,0,0,0,0,0,0,0,0,0,1,1,2,46,2
1890,C1,20,2,2,0,0,0,0,0,0,0,0,0,0,0,1,2,1,1,1
1900,A1,5,19,0,2,0,0,0,0,0,0,0,0,0,0,1,2,0,0,0
1900,B0,0,2,18,2,0,0,0,0,0,0,0,0,0,0,1,1,0,0,0
1900,B1,2,1,2,3,0,0,0,0,0,0,0,0,0,0,1,1,12,75,25
1900,B2,1,0,3,20,0,0,0,0,0,0,0,0,0,0,1,1,2,46,2
1900,C1,20,4,1,0,0,0,0,0,0,0,0,0,0,0,1,2,1,1,1
1910,A1,5,19,0,1,0,0,0,0,0,0,0,0,0,1,0,2,0,0,0
1910,B0,0,4,18,1,0,0,0,0,0,0,0,0,0,1,0,1,0,0,0
1910,B1,1,1,2,3,0,0,0,0,0,0,0,0,0,1,0,1,12,75,25
1910,B2,1,0,3,19,0,0,0,0,0,0,0,0,0,1,0,1,2,46,2
1910,C1,20,4,1,0,0,0,0,0,0,0,0,0,0,1,0,2,1,1,1
1920,A1,3,19,0,1,0,0,0,0,0,0,0,0,0,1,0,2,0,0,0
1920,B0,0,2,19,2,0,0,0,0,0,0,0,0,0,1,0,1,0,0,0
1920,B1,2,1,2,3,0,0,0,0,0,0,0,0,0,1,0,1,12,75,25
1920,B2,2,0,4,20,0,0,0,0,0,0,0,0,0,1,0,1,2,46,2
1920,C1,20,5,1,0,0,0,0,0,0,0,0,0,0,1,0,2,1,1,1
1930,A1,1,20,0,1,0,0,0,0,0,0,0,0,0,1,0,2,0,0,0
1930,B0,0,1,20,4,0,0,0,0,0,0,0,0,0,1,0,1,0,0,0
1930,B1,1,1,2,3,0,0,0,0,0,0,0,0,0,1,0,1,12,75,25
1930,B2,1,0,5,20,0,0,0,0,0,0,0,0,0,1,0,1,2,46,2
1930,C1,17,1,3,0,0,0,0,0,0,0,0,0,0,1,0,2,1,1,1
1940,A1,2,20,0,1,0,0,0,0,0,0,0,0,0,0,1,2,0,0,0
1940,B0,0,2,20,3,0,0,0,0,0,0,0,0,0,0,1,1,0,0,0
1940,B1,2,1,1,5,0,0,0,0,0,0,0,0,0,0,1,1,12,75,25
1940,B2,1,0,3,20,0,0,0,0,0,0,0,0,0,0,1,1,2,46,2
1940,C1,19,3,2,0,0,0,0,0,0,0,0,0,0,0,1,2,1,1,1
1950,A1,3,20,0,1,0,0,0,0,0,0,0,0,0,0,1,2,0,0,0
1950,B0,0,2,19,3,0,0,0,0,0,0,0,0,0,0,1,1,0,0,0
1950,B1,2,1,2,4,0,0,0,0,0,0,0,0,0,0,1,1,12,75,25
1950,B2,1,0,2,20,0,0,0,0,0,0,0,0,0,0,1,1,2,46,2
1950,C1,19,5,1,0,0,0,0,0,0,0,0,0,0,0,1,2,1,1,1
1960,A1,1,20,0,1,0,0,0,0,0,0,0,0,0,1,0,2,0,0,0
1960,B0,0,1,18,3,0,0,0,0,0,0,0,0,0,1,0,1,0,0,0
1960,B1,3,3,1,4,0,0,0,0,0,0,0,0,0,1,0,2,12,75,25
1960,B2,2,0,4,19,0,0,0,0,0,0,0,0,0,1,0,1,2,46,2
1960,C1,20,4,4,0,0,0,0,0,0,0,0,0,0,1,0,2,1,1,1
1970,A1,2,20,0,1,0,0,0,0,0,0,0,0,0,1,0,2,0,0,0
1970,B0,0,1,19,4,0,0,0,0,0,0,0,0,0,1,0,1,0,0,0
1970,B1,4,2,1,4,0,0,0,0,0,0,0,0,0,1,0,2,12,75,25
1970,B2,1,0,4,19,0,0,0,0,0,0,0,0,0,1,0,1,2,46,2
1970,C1,20,2,5,0,0,0,0,0,0,0,0,0,0,1,0,2,1,1,1
1980,A1,1,19,0,1,0,0,0,0,0,0,0,0,0,0,1,2,0,0,0
1980,B0,0,1,20,3,0,0,0,0,0,0,0,0,0,0,1,1,0,0,0
1980,B1,4,1,1,3,0,0,0,0,0,0,0,0,0,0,1,2,13,77,26
1980,B2,1,0,6,19,0,0,0,0,0,0,0,0,0,0,1,1,2,46,2
1980,C1,19,1,6,0,0,0,0,0,0,0,0,0,0,0,1,2,1,1,1
1990,A1,3,19,0,1,0,0,0,0,0,0,0,0,0,0,1,2,0,0,0
1990,B0,0,1,20,1,0,0,0,0,0,0,0,0,0,0,1,1,0,0,0
1990,B1,4,1,1,3,0,0,0,0,0,0,0,0,0,0,1,2,13,77,26
1990,B2,2,0,4,19,0,0,0,0,0,0,0,0,0,0,1,1,2,46,2
1990,C1,19,3,3,0,0,0,0,0,0,0,0,0,0,0,1,2,1,1,1
2000,A1,4,19,0,1,0,0,0,0,0,0,0,0,0,0,1,2,0,0,0
2000,B0,0,4,19,1,0,0,0,0,0,0,0,0,0,0,1,1,0,0,0
2000,B1,4,1,1,2,0,0,0,0,0,0,0,0,0,0,1,2,13,77,26
2000,B2,3,0,1,19,0,0,0,0,0,0,0,0,0,0,1,1,2,46,2
2000,C1,20,5,1,0,0,0,0,0,0,0,0,0,0,0,1,2,1,1,1
2010,A1,2,19,0,2,0,0,0,0,0,0,0,0,0,1,0,2,0,0,0
2010,B0,0,1,19,1,0,0,0,0,0,0,0,0,0,1,0,1,0,0,0
2010,B1,2,1,1,2,0,0,0,0,0,0,0,0,0,1,0,1,13,77,26
2010,B2,2,0,3,19,0,0,0,0,0,0,0,0,0,1,0,1,2,46,2
2010,C1,20,2,1,0,0,0,0,0,0,0,0,0,0,1,0,2,1,1,1
2020,A1,1,19,0,4,0,0,0,0,0,0,0,0,0,1,0,2,0,0,0
2020,B0,0,1,19,1,0,0,0,0,0,0,0,0,0,1,0,1,0,0,0
2020,B1,1,3,1,2,0,0,0,0,0,0,0,0,0,1,0,2,13,77,26
2020,B2,1,0,5,19,0,0,0,0,0,0,0,0,0,1,0,1,2,46,2
2020,C1,18,1,1,0,0,0,0,0,0,0,0,0,0,1,0,2,1,1,1
2030,A1,2,18,0,2,0,0,0,0,0,0,0,0,0,0,1,2,0,0,0
2030,B0,0,2,20,2,0,0,0,0,0,0,0,0,0,0,1,1,0,0,0
2030,B1,1,2,2,1,0,0,0,0,0,0,0,0,1,0,1,2,13,77,26
2030,B2,5,0,2,19,0,0,0,0,0,0,0,0,0,0,1,1,2,46,2
2030,C1,19,3,1,0,0,0,0,1,0,0,0,0,0,0,1,2,2,15,1
2040,A1,3,18,0,1,0,0,0,0,0,0,0,0,0,0,1,2,0,0,0
2040,B0,0,2,19,4,0,0,0,0,0,0,0,0,0,0,1,1,0,0,0
2040,B1,1,2,3,1,0,0,0,0,0,0,0,0,1,0,1,1,13,77,26
2040,B2,5,0,3,18,0,0,0,0,0,0,0,0,0,0,1,1,2,46,2
2040,C1,20,3,1,0,0,0,0,1,0,0,0,0,0,0,1,2,2,35,1
2050,A1,3,20,0,2,0,0,0,0,0,0,0,0,0,1,0,2,0,0,0
2050,B0,0,1,19,1,0,0,0,0,0,0,0,0,0,1,0,1,0,0,0
2050,B1,2,2,2,3,0,0,0,0,0,0,0,0,0,1,0,1,14,80,27
2050,B2,4,0,2,20,0,0,0,0,0,0,0,0,0,1,0,1,2,46,2
2050,C1,20,6,2,0,0,0,0,0,0,0,0,0,0,1,0,2,2,35,2
2060,A1,1,20,0,3,0,0,0,0,0,0,0,0,0,1,0,2,0,0,0
2060,B0,0,2,19,2,0,0,0,0,0,0,0,0,0,1,0,1,0,0,0
2060,B1,2,3,2,3,0,0,0,0,0,0,0,0,0,1,0,1,14,80,27
2060,B2,1,0,1,20,0,0,0,0,0,0,0,0,0,1,0,1,2,46,2
2060,C1,20,2,2,0,0,0,0,0,0,0,0,0,0,1,0,2,2,35,2
2070,A1,1,19,0,4,0,0,0,0,0,0,0,0,0,0,1,2,0,0,0
2070,B0,0,3,20,4,0,0,0,0,0,0,0,0,0,0,1,1,0,0,0
2070,B1,2,3,2,4,0,0,0,0,0,0,0,0,0,0,1,1,14,80,27
2070,B2,1,0,2,20,0,0,0,0,0,0,0,0,0,0,1,1,2,46,2
2070,C1,19,3,3,0,0,0,0,0,0,0,0,0,0,0,1,2,2,35,2
2080,A1,1,19,0,1,0,0,0,0,0,0,0,0,0,0,1,2,0,0,0
2080,B0,0,2,20,1,0,0,0,0,0,0,0,0,0,0,1,1,0,0,0
2080,B1,2,3,2,3,0,0,0,0,0,0,0,0,0,0,1,1,14,80,27
2080,B2,2,0,1,19,0,0,0,0,0,0,0,0,0,0,1,1,2,46,2
2080,C1,19,1,2,0,0,0,0,0,0,0,0,0,0,0,1,2,2,35,2
2090,A1,3,19,0,1,0,0,0,0,0,0,0,0,0,0,1,2,0,0,0
2090,B0,0,4,18,1,0,0,0,0,0,0,0,0,0,0,1,1,0,0,0
2090,B1,2,3,1,1,0,0,0,0,0,0,0,0,0,0,1,2,14,80,27
2090,B2,1,0,2,19,0,0,0,0,0,0,0,0,0,0,1,1,2,46,2
2090,C1,19,3,1,0,0,0,0,0,0,0,0,0,0,0,1,2,2,35,2
2100,A1,1,19,0,4,0,0,0,0,0,0,0,0,0,1,0,2,0,0,0
2100,B0,0,1,19,1,0,0,0,0,0,0,0,0,0,1,0,1,0,0,0
2100,B1,3,4,1,1,0,0,0,0,0,0,0,0,0,1,0,2,14,80,27
2100,B2,1,0,1,19,0,0,0,0,0,0,0,0,0,1,0,1,2,46,2
2100,C1,20,1,3,0,0,0,0,0,0,0,0,0,0,1,0,2,2,35,2
2110,A1,2,17,0,4,0,0,0,0,0,0,0,0,0,1,0,2,0,0,0
2110,B0,0,1,19,1,0,0,0,0,0,0,0,0,0,1,0,1,0,0,0
2110,B1,3,4,1,1,0,0,0,0,0,0,0,0,0,1,0,2,14,80,27
2110,B2,1,0,4,20,0,0,0,0,0,0,0,0,0,1,0,1,2,46,2
2110,C1,18,1,3,0,0,0,0,0,0,0,0,0,0,1,0,2,2,35,2
2120,A1,1,18,0,3,0,0,0,0,0,0,0,0,0,0,1,2,0,0,0
2120,B0,0,2,21,5,0,0,0,0,0,0,0,0,0,0,1,1,0,0,0
2120,B1,2,2,1,1,0,0,0,0,0,0,0,0,0,0,1,2,14,80,27
2120,B2,2,0,3,20,0,0,0,0,0,0,0,0,0,0,1,1,2,46,2
2120,C1,19,2,2,0,0,0,0,0,0,0,0,0,0,0,1,2,2,35,2
2130,A1,1,19,0,1,0,0,0,0,0,0,0,0,0,0,1,2,0,0,0
2130,B0,0,2,21,1,0,0,0,0,0,0,0,0,0,0,1,1,0,0,0
2130,B1,2,2,1,2,0,0,0,0,0,0,0,0,0,0,1,2,14,80,27
2130,B2,4,0,1,20,0,0,0,0,0,0,0,0,0,0,1,1,2,46,2
2130,C1,19,3,1,0,0,0,0,0,0,0,0,0,0,0,1,2,2,35,2
2140,A1,2,20,0,1,0,0,0,0,0,0,0,0,0,1,0,2,0,0,0
2140,B0,0,1,20,1,0,0,0,0,0,0,0,0,0,1,0,1,0,0,0
2140,B1,3,3,1,2,0,0,0,0,0,0,0,0,0,1,0,2,14,80,27
2140,B2,4,0,1,19,0,0,0,0,0,0,0,0,0,1,0,1,2,46,2
2140,C1,20,3,1,0,0,0,0,0,0,0,0,0,0,1,0,2,2,35,2
2150,A1,3,19,0,2,0,0,0,0,0,0,0,0,0,1,0,2,0,0,0
2150,B0,0,1,20,1,0,0,0,0,0,0,0,0,0,1,0,1,0,0,0
2150,B1,3,3,2,2,0,0,0,0,0,0,0,0,0,1,0,2,14,80,27
2150,B2,1,0,2,20,0,0,0,0,0,0,0,0,0,1,0,1,2,46,2
2150,C1,20,1,1,0,0,0,0,0,0,0,0,0,0,1,0,2,2,35,2
2160,A1,1,18,0,2,0,0,0,0,0,0,0,0,0,1,0,2,0,0,0
2160,B0,0,2,20,1,0,0,0,0,0,0,0,0,0,1,0,1,0,0,0
2160,B1,2,3,2,2,0,0,0,0,0,0,0,0,0,1,0,2,14,80,27
2160,B2,1,0,5,20,0,0,0,0,0,0,0,0,0,1,0,1,2,46,2
2160,C1,19,2,1,0,0,0,0,0,0,0,0,0,0,1,0,2,2,35,2
2170,A1,2,17,0,1,0,0,0,0,0,0,0,0,0,0,1,2,0,0,0
2170,B0,0,1,19,2,0,0,0,0,0,0,0,0,0,0,1,1,0,0,0
2170,B1,2,3,3,1,0,0,0,0,0,0,0,0,0,0,1,2,14,80,27
2170,B2,1,0,2,20,0,0,0,0,0,0,0,0,0,0,1,1,2,46,2
2170,C1,20,1,3,0,0,0,0,0,0,0,0,0,0,0,1,2,2,35,2
2180,A1,2,20,0,1,0,0,0,0,0,0,0,0,0,0,1,2,0,0,0
2180,B0,0,1,18,1,0,0,0,0,0,0,0,0,0,0,1,1,0,0,0
2180,B1,2,3,1,1,0,0,0,0,0,0,0,0,0,0,1,2,14,80,27
2180,B2,3,0,1,20,0,0,0,0,0,0,0,0,0,0,1,1,2,46,2
2180,C1,20,2,1,0,0,0,0,0,0,0,0,0,0,0,1,2,2,35,2
2190,A1,1,20,0,2,0,0,0,0,0,0,0,0,0,1,0,2,0,0,0
2190,B0,0,1,18,2,0,0,0,0,0,0,0,0,0,1,0,1,0,0,0
2190,B1,1,2,1,1,0,0,0,0,0,0,0,0,0,1,0,2,15,88,29
2190,B2,1,0,2,20,0,0,0,0,0,0,0,0,0,1,0,1,2,46,2
2190,C1,20,1,2,0,0,0,0,0,0,0,0,0,0,1,0,2,2,35,2
2200,A1,1,20,0,3,0,0,0,0,0,0,0,0,0,1,0,2,0,0,0
2200,B0,0,1,20,5,0,0,0,0,0,0,0,0,0,1,0,1,0,0,0
2200,B1,1,1,1,1,0,0,0,0,0,0,0,0,0,1,0,1,15,88,29
2200,B2,1,0,3,20,0,0,0,0,0,0,0,0,0,1,0,1,2,46,2
2200,C1,20,4,3,0,0,0,0,0,0,0,0,0,0,1,0,2,2,35,2
2210,A1,1,20,0,4,0,0,0,0,0,0,0,0,0,0,1,2,0,0,0
2210,B0,0,1,20,2,0,0,0,0,0,0,0,0,0,0,1,1,0,0,0
2210,B1,1,1,3,1,0,0,0,0,0,0,0,0,0,0,1,1,16,89,30
2210,B2,1,0,3,20,0,0,0,0,0,0,0,0,0,0,1,1,2,46,2
2210,C1,20,3,3,0,0,0,0,0,0,0,0,0,0,0,1,2,2,35,2
2220,A1,1,20,0,1,0,0,0,0,0,0,0,0,0,0,1,2,0,0,0
2220,B0,0,1,20,1,0,0,0,0,0,0,0,0,0,0,1,1,0,0,0
2220,B1,1,1,3,1,0,0,0,0,0,0,0,0,0,0,1,1,16,89,30
2220,B2,1,0,2,20,0,0,0,0,0,0,0,0,0,0,1,1,2,46,2
2220,C1,20,2,4,0,0,0,0,0,0,0,0,0,0,0,1,2,2,35,2
2230,A1,2,20,0,1,0,0,0,0,0,0,0,0,0,0,1,2,0,0,0
2230,B0,0,2,19,1,0,0,0,0,0,0,0,0,0,0,1,1,0,0,0
2230,B1,2,2,3,1,0,0,0,0,0,0,0,0,0,0,1,1,16,89,30
2230,B2,2,0,1,19,0,0,0,0,0,0,0,0,0,0,1,1,2,46,2
2230,C1,20,4,5,0,0,0,0,0,0,0,0,0,0,0,1,2,2,35,2
2240,A1,3,19,0,2,0,0,0,0,0,0,0,0,0,1,0,2,0,0,0
2240,B0,0,3,20,1,0,0,0,0,0,0,0,0,0,1,0,1,0,0,0
2240,B1,1,1,2,1,0,0,0,0,0,0,0,0,0,1,0,1,17,91,31
2240,B2,1,0,2,19,0,0,0,0,0,0,0,0,0,1,0,1,2,46,2
2240,C1,20,1,5,0,0,0,0,0,0,0,0,0,0,1,0,2,2,35,2
2250,A1,3,18,0,3,0,0,0,0,0,0,0,0,0,1,0,2,0,0,0
2250,B0,0,1,20,4,0,0,0,0,0,0,0,0,0,1,0,1,0,0,0
2250,B1,2,1,2,2,0,0,0,0,0,0,0,0,0,1,0,1,17,91,31
2250,B2,1,0,3,20,0,0,0,0,0,0,0,0,0,1,0,1,2,46,2
2250,C1,19,1,6,0,0,0,0,0,0,0,0,0,0,1,0,2,2,35,2
2260,A1,3,18,0,2,0,0,0,0,0,0,0,0,0,0,1,2,0,0,0
2260,B0,0,2,20,2,0,0,0,0,0,0,0,0,0,0,1,1,0,0,0
2260,B1,2,1,2,1,0,0,0,0,0,0,0,0,0,0,1,1,18,93,32
2260,B2,1,0,3,20,0,0,0,0,0,0,0,0,0,0,1,1,2,46,2
2260,C1,19,3,5,0,0,0,0,0,0,0,0,0,0,0,1,2,2,35,2
2270,A1,6,19,0,1,0,0,0,0,0,0,0,0,0,0,1,2,0,0,0
2270,B0,0,2,20,2,0,0,0,0,0,0,0,0,0,0,1,1,0,0,0
2270,B1,2,1,2,2,0,0,0,0,0,0,0,0,0,0,1,1,18,93,32
2270,B2,1,0,1,17,0,0,0,0,0,0,0,0,0,0,1,1,2,46,2
2270,C1,19,2,2,0,0,0,0,0,0,0,0,0,0,0,1,2,2,35,2
2280,A1,1,20,0,2,0,0,0,0,0,0,0,0,0,1,0,2,0,0,0
2280,B0,0,2,19,2,0,0,0,0,0,0,0,0,0,1,0,1,0,0,0
2280,B1,2,1,2,1,0,0,0,0,0,0,0,0,0,1,0,1,18,93,32
2280,B2,1,0,1,16,0,0,0,0,0,0,0,0,0,1,0,1,2,46,2
2280,C1,20,3,4,0,0,0,0,0,0,0,0,0,0,1,0,2,2,35,2
2290,A1,1,20,0,3,0,0,0,0,0,0,0,0,0,1,0,2,0,0,0
2290,B0,0,1,19,2,0,0,0,0,0,0,0,0,0,1,0,1,0,0,0
2290,B1,1,1,2,1,0,0,0,0,0,0,0,0,0,1,0,1,18,93,32
2290,B2,1,0,2,17,0,0,0,0,0,0,0,0,0,1,0,1,2,46,2
2290,C1,20,1,5,0,0,0,0,0,0,0,0,0,0,1,0,2,2,35,2
2300,A1,1,18,0,4,0,0,0,0,0,0,0,0,0,0,1,2,0,0,0
2300,B0,0,1,19,5,0,0,0,0,0,0,0,0,0,0,1,1,0,0,0
2300,B1,1,2,2,1,0,0,0,0,0,0,0,0,1,0,1,2,18,93,32
2300,B2,1,0,3,20,0,0,0,0,0,0,0,0,0,0,1,1,2,46,2
2300,C1,17,1,5,0,0,0,0,2,0,0,0,0,0,0,1,1,3,36,2
2310,A1,1,19,0,2,0,0,0,0,0,0,0,0,0,0,1,2,0,0,0
2310,B0,0,2,19,3,0,0,0,0,0,0,0,0,0,0,1,1,0,0,0
2310,B1,1,2,2,1,0,0,0,0,0,0,0,0,0,0,1,1,18,93,32
2310,B2,1,0,1,20,0,0,0,0,0,0,0,0,0,0,1,1,2,46,2
2310,C1,18,1,2,0,0,0,0,0,0,0,0,0,0,0,1,2,3,38,4
2320,A1,2,20,0,1,0,0,0,0,0,0,0,0,0,0,1,2,0,0,0
2320,B0,0,1,20,2,0,0,0,0,0,0,0,0,0,0,1,1,0,0,0
2320,B1,1,2,2,1,0,0,0,0,0,0,0,0,0,0,1,1,18,93,32
2320,B2,1,0,1,18,0,0,0,0,0,0,0,0,0,0,1,1,2,46,2
2320,C1,19,1,1,0,0,0,0,0,0,0,0,0,0,0,1,2,3,38,4
2330,A1,3,20,0,1,0,0,0,0,0,0,0,0,0,1,0,2,0,0,0
2330,B0,0,1,20,2,0,0,0,0,0,0,0,0,0,1,0,1,0,0,0
2330,B1,1,2,1,2,0,0,0,0,0,0,0,0,0,1,0,1,18,93,32
2330,B2,2,0,1,18,0,0,0,0,0,0,0,0,0,1,0,1,2,46,2
2330,C1,20,3,2,0,0,0,0,0,0,0,0,0,0,1,0,2,3,38,4
2340,A1,3,20,0,2,0,0,0,0,0,0,0,0,0,1,0,2,0,0,0
2340,B0,0,2,20,3,0,0,0,0,0,0,0,0,0,1,0,1,0,0,0
2340,B1,1,2,1,2,0,0,0,0,0,0,0,0,0,1,0,1,18,93,32
2340,B2,1,0,1,19,0,0,0,0,0,0,0,0,0,1,0,1,2,46,2
2340,C1,20,1,3,0,0,0,0,0,0,0,0,0,0,1,0,2,3,38,4
2350,A1,2,19,0,2,0,0,0,0,0,0,0,0,0,0,1,2,0,0,0
2350,B0,0,2,20,2,0,0,0,0,0,0,0,0,0,0,1,1,0,0,0
2350,B1,2,2,1,1,0,0,0,0,0,0,0,0,0,0,1,2,18,93,32
2350,B2,1,0,2,20,0,0,0,0,0,0,0,0,0,0,1,1,2,46,2
2350,C1,19,1,2,0,0,0,0,0,0,0,0,0,0,0,1,2,3,38,4
2360,A1,2,19,0,1,0,0,0,0,0,0,0,0,0,0,1,2,0,0,0
2360,B0,0,3,19,1,0,0,0,0,0,0,0,0,0,0,1,1,0,0,0
2360,B1,2,2,1,1,0,0,0,0,0,0,0,0,0,0,1,2,18,93,32
2360,B2,1,0,1,19,0,0,0,0,0,0,0,0,0,0,1,1,2,46,2
2360,C1,19,1,1,0,0,0,0,0,0,0,0,0,0,0,1,2,3,38,4
2370,A1,4,19,0,1,0,0,0,0,0,0,0,0,0,1,0,2,0,0,0
2370,B0,0,2,18,1,0,0,0,0,0,0,0,0,0,1,0,1,0,0,0
2370,B1,2,2,1,1,0,0,0,0,0,0,0,0,0,1,0,2,18,93,32
2370,B2,1,0,2,19,0,0,0,0,0,0,0,0,0,1,0,1,2,46,2
2370,C1,19,3,1,0,0,0,0,0,0,0,0,0,0,1,0,2,3,38,4
2380,A1,2,19,0,1,0,0,0,0,0,0,0,0,0,1,0,2,0,0,0
2380,B0,0,1,19,2,0,0,0,0,0,0,0,0,0,1,0,1,0,0,0
2380,B1,1,1,1,1,0,0,0,0,0,0,0,0,0,1,0,1,18,93,32
2380,B2,1,0,4,20,0,0,0,0,0,0,0,0,0,1,0,1,2,46,2
2380,C1,16,1,1,0,0,0,0,0,0,0,0,0,0,1,0,2,3,38,4
2390,A1,2,19,0,2,0,0,0,0,0,0,0,0,0,1,0,2,0,0,0
2390,B0,0,1,19,1,0,0,0,0,0,0,0,0,0,1,0,1,0,0,0
2390,B1,3,1,1,1,0,0,0,0,0,0,0,0,0,1,0,2,18,93,32
2390,B2,1,0,5,20,0,0,0,0,0,0,0,0,0,1,0,1,2,46,2
2390,C1,14,1,2,0,0,0,0,0,0,0,0,0,0,1,0,2,3,38,4
2400,A1,3,20,0,1,0,0,0,0,0,0,0,0,0,0,1,2,0,0,0
2400,B0,0,1,20,2,0,0,0,0,0,0,0,0,0,0,1,1,0,0,0
2400,B1,3,1,1,2,0,0,0,0,0,0,0,0,0,0,1,2,18,93,32
2400,B2,1,0,4,20,0,0,0,0,0,0,0,0,0,0,1,1,2,46,2
2400,C1,17,1,2,0,0,0,0,0,0,0,0,0,0,0,1,2,3,38,4
2410,A1,1,20,0,1,0,0,0,0,0,0,0,0,0,0,1,2,0,0,0
2410,B0,0,1,19,1,0,0,0,0,0,0,0,0,0,0,1,1,0,0,0
2410,B1,3,1,3,4,0,0,0,0,0,0,0,0,0,0,1,1,18,93,32
2410,B2,1,0,3,20,0,0,0,0,0,0,0,0,0,0,1,1,2,46,2
2410,C1,18,1,1,0,0,0,0,0,0,0,0,0,0,0,1,2,3,38,4
2420,A1,2,20,0,1,0,0,0,0,0,0,0,0,0,1,0,2,0,0,0
2420,B0,0,1,19,1,0,0,0,0,0,0,0,0,0,1,0,1,0,0,0
2420,B1,1,1,2,2,0,0,0,0,0,0,0,0,0,1,0,1,18,93,32
2420,B2,1,0,1,20,0,0,0,0,0,0,0,0,0,1,0,1,3,48,3
2420,C1,20,1,1,0,0,0,0,0,0,0,0,0,0,1,0,2,3,38,4
2430,A1,1,20,0,4,0,0,0,0,0,0,0,0,0,1,0,2,0,0,0
2430,B0,0,1,19,2,0,0,0,0,0,0,0,0,0,1,0,1,0,0,0
2430,B1,1,3,2,2,0,0,0,0,0,0,0,0,0,1,0,1,18,93,32
2430,B2,1,0,1,20,0,0,0,0,0,0,0,0,0,1,0,1,3,48,3
2430,C1,16,1,2,0,0,0,0,0,0,0,0,0,0,1,0,2,3,38,4
2440,A1,1,18,0,2,0,0,0,0,0,0,0,0,0,0,1,2,0,0,0
2440,B0,0,1,19,1,0,0,0,0,0,0,0,0,0,0,1,1,0,0,0
2440,B1,2,1,2,1,0,0,0,0,0,0,0,0,0,0,1,1,18,93,32
2440,B2,3,0,2,20,0,0,0,0,0,0,0,0,0,0,1,1,3,48,3
2440,C1,16,1,2,0,0,0,0,0,0,0,0,0,0,0,1,2,4,39,5
2450,A1,1,19,0,2,0,0,0,0,0,0,0,0,0,0,1,2,0,0,0
2450,B0,0,1,18,2,0,0,0,0,0,0,0,0,0,0,1,1,0,0,0
2450,B1,1,1,1,3,0,0,0,0,0,0,0,0,0,0,1,1,18,93,32
2450,B2,4,0,4,19,0,0,0,0,0,0,0,0,0,0,1,1,3,48,3
2450,C1,17,3,2,0,0,0,0,0,0,0,0,0,0,0,1,2,4,39,5
2460,A1,2,20,0,1,0,0,0,0,0,0,0,0,0,0,1,2,0,0,0
2460,B0,0,1,18,1,0,0,0,0,0,0,0,0,0,0,1,1,0,0,0
2460,B1,1,1,1,3,0,0,0,0,0,0,0,0,0,0,1,1,18,93,32
2460,B2,4,0,1,17,0,0,0,0,0,0,0,0,0,0,1,1,3,48,3
2460,C1,20,6,1,0,0,0,0,0,0,0,0,0,0,0,1,2,4,39,5
2470,A1,3,20,0,3,0,0,0,0,0,0,0,0,0,1,0,2,0,0,0
2470,B0,0,1,19,2,0,0,0,0,0,0,0,0,0,1,0,1,0,0,0
2470,B1,2,3,1,3,0,0,0,0,0,0,0,0,0,1,0,2,18,93,32
2470,B2,1,0,3,17,0,0,0,0,0,0,0,0,0,1,0,1,3,48,3
2470,C1,20,2,1,0,0,0,0,0,0,0,0,0,0,1,0,2,4,39,5
2480,A1,2,18,0,3,0,0,0,0,0,0,0,0,0,1,0,2,0,0,0
2480,B0,0,1,20,1,0,0,0,0,0,0,0,0,0,1,0,1,0,0,0
2480,B1,2,4,1,3,0,0,0,0,0,0,0,0,0,1,0,2,18,93,32
2480,B2,1,0,3,19,0,0,0,0,0,0,0,0,0,1,0,1,3,48,3
2480,C1,20,1,3,0,0,0,0,0,0,0,0,0,0,1,0,2,4,39,5
2490,A1,1,19,0,3,0,0,0,0,0,0,0,0,0,0,1,2,0,0,0
2490,B0,0,3,20,1,0,0,0,0,0,0,0,0,0,0,1,1,0,0,0
2490,B1,2,4,2,2,0,0,0,0,0,0,0,0,0,0,1,2,18,93,32
2490,B2,2,0,1,20,0,0,0,0,0,0,0,0,0,0,1,1,3,48,3
2490,C1,20,1,1,0,0,0,0,0,0,0,0,0,0,0,1,2,4,39,5
2500,A1,2,19,0,1,0,0,0,0,0,0,0,0,0,0,1,2,0,0,0
2500,B0,0,2,16,3,0,0,0,0,0,0,0,0,0,0,1,1,0,0,0
2500,B1,2,4,2,1,0,0,0,0,0,0,0,0,0,0,1,2,18,93,32
2500,B2,3,0,2,18,0,0,0,0,0,0,0,0,0,0,1,1,3,48,3
2500,C1,20,1,1,0,0,0,0,0,0,0,0,0,0,0,1,2,4,39,5
2510,A1,1,20,0,3,0,0,0,0,0,0,0,0,0,1,0,2,0,0,0
2510,B0,0,4,15,1,0,0,0,0,0,0,1,0,0,1,0,1,0,0,0
2510,B1,3,4,2,1,0,1,0,0,0,0,0,0,0,1,0,2,19,101,32
2510,B2,2,0,3,17,0,0,0,0,0,0,0,0,0,1,0,1,3,48,3
2510,C1,20,2,3,0,0,0,0,0,0,0,0,0,0,1,0,2,4,39,5
2520,A1,1,18,0,3,0,0,0,0,0,0,0,0,0,1,0,2,0,0,0
2520,B0,0,1,17,2,0,0,0,0,0,0,0,0,0,1,0,1,0,0,0
2520,B1,4,2,2,1,0,0,0,0,0,0,0,0,0,1,0,2,19,101,34
2520,B2,1,0,7,17,0,0,0,0,0,0,0,0,0,1,0,1,3,48,3
2520,C1,16,1,3,0,0,0,0,0,0,0,0,0,0,1,0,2,4,39,5
2530,A1,2,17,0,4,0,0,0,0,0,0,0,0,0,0,1,2,0,0,0
2530,B0,0,1,20,3,0,0,0,0,0,0,0,0,0,0,1,1,0,0,0
2530,B1,3,3,2,1,0,0,0,0,0,0,0,0,0,0,1,2,19,101,34
2530,B2,1,0,3,20,0,0,0,0,0,0,0,0,0,0,1,1,3,48,3
2530,C1,13,1,3,0,0,0,0,0,0,0,0,0,0,0,1,2,4,39,5
2540,A1,3,17,0,1,0,0,0,0,0,0,0,0,0,0,1,2,0,0,0
2540,B0,0,2,20,2,0,0,0,0,0,0,0,0,0,0,1,1,0,0,0
2540,B1,3,3,2,3,0,0,0,0,0,0,0,0,0,0,1,2,19,101,34
2540,B2,1,0,4,19,0,0,0,0,0,0,0,0,0,0,1,1,3,48,3
2540,C1,16,1,1,0,0,0,0,0,0,0,0,0,0,0,1,2,4,39,5
2550,A1,1,19,0,1,0,0,0,0,0,0,0,0,0,0,1,2,0,0,0
2550,B0,0,4,20,3,0,0,0,0,0,0,0,0,0,0,1,1,0,0,0
2550,B1,3,3,3,4,0,0,0,0,0,0,0,0,0,0,1,1,19,101,34
2550,B2,2,0,2,17,0,0,0,0,0,0,0,0,0,0,1,1,3,48,3
2550,C1,19,1,2,0,0,0,0,0,0,0,0,0,0,0,1,2,4,39,5
2560,A1,2,19,0,3,0,0,0,0,0,0,0,0,0,1,0,2,0,0,0
2560,B0,0,1,19,1,0,0,0,0,0,0,0,0,0,1,0,1,0,0,0
2560,B1,2,3,3,4,0,0,0,0,0,0,0,0,0,1,0,1,19,101,34
2560,B2,1,0,2,18,0,0,0,0,0,0,0,0,0,1,0,1,3,48,3
2560,C1,20,1,1,0,0,0,0,0,0,0,0,0,0,1,0,2,4,39,5
2570,A1,1,16,0,4,0,0,0,0,0,0,0,0,0,1,0,2,0,0,0
2570,B0,0,1,19,2,0,0,0,0,0,0,0,0,0,1,0,1,0,0,0
2570,B1,1,6,3,3,0,0,0,0,0,0,0,0,0,1,0,1,19,101,34
2570,B2,2,0,4,19,0,0,0,0,0,0,0,0,0,1,0,1,3,48,3
2570,C1,19,2,2,0,0,0,0,0,0,0,0,0,0,1,0,2,4,39,5
2580,A1,3,16,0,4,0,0,0,0,0,0,0,0,0,0,1,2,0,0,0
2580,B0,0,2,20,2,0,0,0,0,0,0,0,0,0,0,1,1,0,0,0
2580,B1,1,5,4,2,0,0,0,0,0,0,0,0,0,0,1,1,19,101,34
2580,B2,2,0,2,20,0,0,0,0,0,0,0,0,0,0,1,1,3,48,3
2580,C1,18,1,1,0,0,0,0,0,0,0,0,0,0,0,1,2,4,39,5
2590,A1,1,18,0,2,0,0,0,0,0,0,0,0,0,0,1,2,0,0,0
2590,B0,0,2,17,3,0,0,0,0,0,0,0,0,0,0,1,1,0,0,0
2590,B1,1,4,5,2,0,0,0,0,0,0,0,0,0,0,1,1,19,101,34
2590,B2,4,0,1,20,0,0,0,0,0,0,0,0,0,0,1,1,3,48,3
2590,C1,20,1,1,0,0,0,0,0,0,0,0,0,0,0,1,2,4,39,5
2600,A1,3,20,0,1,0,0,0,0,0,0,0,0,0,1,0,2,0,0,0
2600,B0,0,3,17,1,0,0,0,0,0,0,0,0,0,1,0,1,0,0,0
2600,B1,1,4,5,2,0,0,0,0,0,0,0,0,0,1,0,1,19,101,34
2600,B2,3,0,1,20,0,0,0,0,0,0,0,0,0,1,0,1,3,48,3
2600,C1,20,1,1,0,0,0,0,0,0,0,0,0,0,1,0,2,4,39,5
2610,A1,1,20,0,3,0,0,0,0,0,0,0,0,0,1,0,2,0,0,0
2610,B0,0,1,18,2,0,0,0,0,0,0,0,0,0,1,0,1,0,0,0
2610,B1,3,2,5,2,0,0,0,0,0,0,0,0,0,1,0,1,19,101,34
2610,B2,1,0,1,20,0,0,0,0,0,0,0,0,0,1,0,1,3,48,3
2610,C1,18,2,2,0,0,0,0,0,0,0,0,0,0,1,0,2,4,39,5
2620,A1,2,19,0,5,0,0,0,0,0,0,0,0,0,1,0,2,0,0,0
2620,B0,0,1,20,3,0,0,0,0,0,0,0,0,0,1,0,1,0,0,0
2620,B1,3,3,4,2,0,0,0,0,0,0,0,0,0,1,0,1,19,101,34
2620,B2,1,0,1,20,0,0,0,0,0,0,0,0,0,1,0,1,3,48,3
2620,C1,14,1,2,0,0,0,0,0,0,0,0,0,0,1,0,2,4,39,5
2630,A1,3,19,0,3,0,0,0,0,0,0,0,0,0,0,1,2,0,0,0
2630,B0,0,1,20,1,0,0,0,0,0,0,0,0,0,0,1,1,0,0,0
2630,B1,3,3,3,4,0,0,0,0,0,0,0,0,0,0,1,1,19,101,34
2630,B2,1,0,2,19,0,0,0,0,0,0,0,0,0,0,1,1,3,48,3
2630,C1,15,1,2,0,0,0,0,0,0,0,0,0,0,0,1,2,4,39,5
2640,A1,3,19,0,1,0,0,0,0,0,0,0,0,0,0,1,2,0,0,0
2640,B0,0,3,20,4,0,0,0,0,0,0,0,0,0,0,1,1,0,0,0
2640,B1,3,3,3,4,0,0,0,0,0,0,0,0,0,0,1,1,19,101,34
2640,B2,1,0,1,18,0,0,0,0,0,0,0,0,0,0,1,1,3,48,3
2640,C1,18,3,1,0,0,0,0,0,0,0,0,0,0,0,1,2,4,39,5
2650,A1,2,20,0,1,0,0,0,0,0,0,0,0,0,1,0,2,0,0,0
2650,B0,0,3,19,3,0,0,0,0,0,0,0,0,0,1,0,1,0,0,0
2650,B1,3,1,1,3,0,0,0,0,0,0,0,0,0,1,0,1,20,108,37
2650,B2,2,0,1,18,0,0,0,0,0,0,0,0,0,1,0,1,3,48,3
2650,C1,20,1,2,0,0,0,0,0,0,0,0,0,0,1,0,2,4,39,5
2660,A1,1,20,0,1,0,0,0,0,0,0,0,0,0,1,0,2,0,0,0
2660,B0,0,1,20,1,0,0,0,0,0,0,0,0,0,1,0,1,0,0,0
2660,B1,3,2,1,3,0,0,0,0,0,0,0,0,0,1,0,2,20,108,37
2660,B2,2,0,3,19,0,0,0,0,0,0,0,0,0,1,0,1,3,48,3
2660,C1,20,1,6,0,0,0,0,0,0,0,0,0,0,1,0,2,4,39,5
2670,A1,1,19,0,1,0,0,0,0,0,0,0,0,0,0,1,2,0,0,0
2670,B0,0,1,20,5,0,0,0,0,0,0,0,0,0,0,1,1,0,0,0
2670,B1,2,1,2,3,0,0,0,0,0,0,0,0,0,0,1,1,20,108,37
2670,B2,1,0,2,20,0,0,0,0,0,0,0,0,0,0,1,1,3,48,3
2670,C1,19,2,6,0,0,0,0,0,0,0,0,0,0,0,1,2,4,39,5
2680,A1,1,20,0,2,0,0,0,0,0,0,0,0,0,0,1,2,0,0,0
2680,B0,0,2,18,3,0,0,0,0,0,0,0,0,0,0,1,1,0,0,0
2680,B1,2,1,1,4,0,0,0,0,0,0,0,0,0,0,1,1,20,108,37
2680,B2,1,0,4,20,0,0,0,0,0,0,0,0,0,0,1,1,3,48,3
2680,C1,19,2,2,0,0,0,0,0,0,0,0,0,0,0,1,2,4,39,5
2690,A1,3,20,0,3,0,0,0,0,0,0,0,0,0,0,1,2,0,0,0
2690,B0,0,3,15,1,0,0,0,0,0,0,0,0,0,0,1,1,0,0,0
2690,B1,2,1,2,1,0,0,0,0,0,0,0,0,0,0,1,1,20,108,37
2690,B2,2,0,2,19,0,0,0,0,0,0,0,0,0,0,1,1,3,48,3
2690,C1,20,3,1,0,0,0,0,0,0,0,0,0,0,0,1,2,4,39,5
2700,A1,3,20,0,3,0,0,0,0,0,0,0,0,0,1,0,2,0,0,0
2700,B0,0,2,16,1,0,0,0,0,0,0,0,0,0,1,0,1,0,0,0
2700,B1,4,1,1,1,0,0,0,0,0,0,0,0,0,1,0,2,20,108,37
2700,B2,2,0,3,20,0,0,0,0,0,0,0,0,0,1,0,1,3,48,3
2700,C1,19,3,2,0,0,0,0,0,0,0,0,0,0,1,0,2,4,39,5
2710,A1,1,17,0,4,0,0,0,0,0,0,0,0,0,1,0,2,0,0,0
2710,B0,0,2,19,4,0,0,0,0,0,0,0,0,0,1,0,1,0,0,0
2710,B1,5,1,1,1,0,0,0,0,0,0,0,0,0,1,0,2,20,108,37
2710,B2,1,0,7,20,0,0,0,0,0,0,0,0,0,1,0,1,3,48,3
2710,C1,19,1,2,0,0,0,0,0,0,0,0,0,0,1,0,2,4,39,5
2720,A1,2,18,0,2,0,0,0,0,0,0,0,0,0,0,1,2,0,0,0
2720,B0,0,3,20,2,0,0,0,0,0,0,0,0,0,0,1,1,0,0,0
2720,B1,4,1,1,2,0,0,0,0,0,0,0,0,0,0,1,2,20,108,37
2720,B2,1,0,6,20,0,0,0,0,0,0,0,0,0,0,1,1,3,48,3
2720,C1,19,1,1,0,0,0,0,0,0,0,0,0,0,0,1,2,4,39,5
2730,A1,2,19,0,1,0,0,0,0,0,0,0,0,0,0,1,2,0,0,0
2730,B0,0,3,20,1,0,0,0,0,0,0,0,0,0,0,1,1,0,0,0
2730,B1,4,1,3,3,0,0,0,0,0,0,0,0,0,0,1,1,20,108,37
2730,B2,3,0,2,20,0,0,0,0,0,0,0,0,0,0,1,1,3,48,3
2730,C1,20,2,1,0,0,0,0,0,0,0,0,0,0,0,1,2,4,39,5
2740,A1,2,20,0,1,0,0,0,0,0,0,0,0,0,1,0,2,0,0,0
2740,B0,0,3,19,3,0,0,0,0,0,0,0,0,0,1,0,1,0,0,0
2740,B1,3,2,3,2,0,0,0,0,0,0,0,0,0,1,0,1,21,112,38
2740,B2,1,0,2,20,0,0,0,0,0,0,0,0,0,1,0,1,3,48,3
2740,C1,20,1,2,0,0,0,0,0,0,0,0,0,0,1,0,2,4,39,5
2750,A1,1,18,0,1,0,0,0,0,0,0,0,0,0,1,0,2,0,0,0
2750,B0,0,1,19,1,0,0,0,0,0,0,0,0,0,1,0,1,0,0,0
2750,B1,2,1,3,2,0,0,0,0,0,0,0,0,0,1,0,1,21,112,38
2750,B2,1,0,4,20,0,0,0,0,0,0,0,0,0,1,0,1,3,48,3
2750,C1,17,3,2,0,0,0,0,0,0,0,0,0,0,1,0,2,4,39,5
2760,A1,3,17,0,1,0,0,0,0,0,0,0,0,0,0,1,2,0,0,0
2760,B0,0,1,20,3,0,0,0,0,0,0,0,0,0,0,1,1,0,0,0
2760,B1,1,1,4,2,0,0,0,0,0,0,0,0,1,0,1,1,21,112,38
2760,B2,1,0,6,20,0,0,0,0,0,0,0,0,0,0,1,1,3,48,3
2760,C1,15,3,2,0,0,0,0,2,0,0,0,0,0,0,1,1,5,40,5
2770,A1,1,18,0,1,0,0,0,0,0,0,0,0,0,0,1,2,0,0,0
2770,B0,0,3,20,1,0,0,0,0,0,0,0,0,0,0,1,1,0,0,0
2770,B1,1,1,4,2,0,0,0,0,0,0,0,0,0,0,1,1,21,112,38
2770,B2,5,0,2,20,0,0,0,0,0,0,0,0,0,0,1,1,3,48,3
2770,C1,16,1,1,0,0,0,0,0,0,0,0,0,0,0,1,2,5,46,7
2780,A1,3,20,0,1,0,0,0,0,0,0,0,0,0,0,1,2,0,0,0
2780,B0,0,1,17,1,0,0,0,0,0,0,0,0,0,0,1,1,0,0,0
2780,B1,1,1,3,5,0,0,0,0,0,0,0,0,0,0,1,1,21,112,38
2780,B2,5,0,3,18,0,0,0,0,0,0,0,0,0,0,1,1,3,48,3
2780,C1,20,2,1,0,0,0,0,0,0,0,0,0,0,0,1,2,5,46,7
2790,A1,2,20,0,2,0,0,0,0,0,0,0,0,0,1,0,2,0,0,0
2790,B0,0,1,18,2,0,0,0,0,0,0,0,0,0,1,0,1,0,0,0
2790,B1,2,1,2,1,0,0,0,0,0,0,0,0,0,1,0,1,21,112,38
2790,B2,4,0,1,19,0,0,0,0,0,0,0,0,0,1,0,1,3,48,3
2790,C1,20,1,3,0,0,0,0,0,0,0,0,0,0,1,0,2,5,46,7
2800,A1,3,19,0,4,0,0,0,0,0,0,0,0,0,1,0,2,0,0,0
2800,B0,0,1,18,2,0,0,0,0,0,0,0,0,0,1,0,1,0,0,0
2800,B1,2,4,2,1,0,0,0,0,0,0,0,0,0,1,0,2,21,112,38
2800,B2,1,0,2,19,0,0,0,0,0,0,0,0,0,1,0,1,3,48,3
2800,C1,20,2,3,0,0,0,0,0,0,0,0,0,0,1,0,2,5,46,7
2810,A1,1,19,0,3,0,0,0,0,0,0,0,0,0,0,1,2,0,0,0
2810,B0,0,2,20,1,0,0,0,0,0,0,0,0,0,0,1,1,0,0,0
2810,B1,1,3,1,5,0,0,0,0,0,0,0,0,0,0,1,1,21,112,38
2810,B2,2,0,2,20,0,0,0,0,0,0,0,0,0,0,1,1,3,48,3
2810,C1,20,1,4,0,0,0,0,0,0,0,0,0,0,0,1,2,5,46,7
2820,A1,2,19,0,1,0,0,0,0,0,0,0,0,0,0,1,2,0,0,0
2820,B0,0,2,17,1,0,0,0,0,0,0,0,0,0,0,1,1,0,0,0
2820,B1,2,3,1,2,0,0,0,0,0,0,0,0,0,0,1,2,21,112,38
2820,B2,3,0,2,19,0,0,0,0,0,0,0,0,0,0,1,1,3,48,3
2820,C1,20,2,2,0,0,0,0,0,0,0,0,0,0,0,1,2,5,46,7
2830,A1,3,20,0,1,0,0,0,0,0,0,0,0,0,1,0,2,0,0,0
2830,B0,0,2,15,1,0,0,0,0,0,0,0,0,0,1,0,1,0,0,0
2830,B1,2,3,1,2,0,0,0,0,0,0,0,0,0,1,0,2,21,112,38
2830,B2,4,0,1,17,0,0,0,0,0,0,0,0,0,1,0,1,3,48,3
2830,C1,20,3,1,0,0,0,0,0,0,0,0,0,0,1,0,2,5,46,7
2840,A1,1,20,0,1,0,0,0,0,0,0,0,0,0,1,0,2,0,0,0
2840,B0,0,1,16,1,0,0,0,0,0,0,0,0,0,1,0,1,0,0,0
2840,B1,4,2,1,2,0,0,0,0,0,0,0,0,0,1,0,2,21,112,38
2840,B2,2,0,1,18,0,0,0,0,0,0,0,0,0,1,0,1,3,48,3
2840,C1,20,4,2,0,0,0,0,0,0,0,0,0,0,1,0,2,5,46,7
2850,A1,3,18,0,1,0,0,0,0,0,0,0,0,0,1,0,2,0,0,0
2850,B0,0,1,19,2,0,0,0,0,0,0,0,0,0,1,0,1,0,0,0
2850,B1,2,5,1,2,0,0,0,0,0,0,0,0,0,1,0,2,21,112,38
2850,B2,1,0,3,20,0,0,0,0,0,0,0,0,0,1,0,1,3,48,3
2850,C1,18,1,4,0,0,0,0,0,0,0,0,0,0,1,0,2,5,46,7
2860,A1,4,19,0,2,0,0,0,0,0,0,0,0,0,0,1,2,0,0,0
2860,B0,0,2,19,1,0,0,0,0,0,0,0,0,0,0,1,1,0,0,0
2860,B1,2,4,1,2,0,0,0,0,0,0,0,0,0,0,1,2,21,112,38
2860,B2,3,0,2,20,0,0,0,0,0,0,0,0,0,0,1,1,3,48,3
2860,C1,19,1,1,0,0,0,0,0,0,0,0,0,0,0,1,2,5,46,7
2870,A1,4,20,0,2,0,0,0,0,0,0,0,0,0,0,1,2,0,0,0
2870,B0,0,3,18,1,0,0,0,0,0,0,0,0,0,0,1,1,0,0,0
2870,B1,2,4,1,3,0,0,0,0,0,0,0,0,0,0,1,2,21,112,38
2870,B2,3,0,2,19,0,0,0,0,0,0,0,0,0,0,1,1,3,48,3
2870,C1,20,3,1,0,0,0,0,0,0,0,0,0,0,0,1,2,5,46,7
2880,A1,2,20,0,2,0,0,0,0,0,0,0,0,0,1,0,2,0,0,0
2880,B0,0,2,18,1,0,0,0,0,0,0,0,0,0,1,0,1,0,0,0
2880,B1,4,3,1,2,0,0,0,0,0,0,0,0,0,1,0,2,21,112,38
2880,B2,4,0,1,19,0,0,0,0,0,0,0,0,0,1,0,1,3,48,3
2880,C1,20,2,1,0,0,0,0,0,0,0,0,0,0,1,0,2,5,46,7
2890,A1,2,19,0,4,0,0,0,0,0,0,0,0,0,1,0,2,0,0,0
2890,B0,0,4,19,3,0,0,0,0,0,0,0,0,0,1,0,1,0,0,0
2890,B1,1,2,1,2,0,0,0,0,0,0,0,0,0,1,0,1,21,112,38
2890,B2,1,0,2,19,0,0,0,0,0,0,0,0,0,1,0,1,3,48,3
2890,C1,19,3,2,0,0,0,0,0,0,0,0,0,0,1,0,2,5,46,7
2900,A1,1,17,0,3,0,0,0,0,0,0,0,0,0,0,1,2,0,0,0
2900,B0,0,2,20,2,0,0,0,0,0,0,0,0,0,0,1,1,0,0,0
2900,B1,1,1,2,1,0,0,0,0,0,0,0,0,0,0,1,1,21,112,38
2900,B2,2,0,1,20,0,0,0,0,0,0,0,0,0,0,1,1,3,48,3
2900,C1,19,1,2,0,0,0,0,0,0,0,0,0,0,0,1,2,5,46,7
2910,A1,1,18,0,1,0,0,0,0,0,0,0,0,0,0,1,2,0,0,0
2910,B0,0,5,18,2,0,0,0,0,0,0,0,0,0,0,1,1,0,0,0
2910,B1,1,2,4,3,0,0,0,0,0,0,0,0,0,0,1,1,21,112,38
2910,B2,2,0,1,19,0,0,0,0,0,0,0,0,0,0,1,1,3,48,3
2910,C1,19,3,1,0,0,0,0,0,0,0,0,0,0,0,1,2,5,46,7
2920,A1,1,20,0,1,0,0,0,0,0,0,0,0,0,0,1,2,0,0,0
2920,B0,0,6,15,2,0,0,0,0,0,0,0,0,0,0,1,1,0,0,0
2920,B1,1,2,4,2,0,0,0,0,0,0,0,0,0,0,1,1,21,112,38
2920,B2,2,0,2,17,0,0,0,0,0,0,0,0,0,0,1,1,3,48,3
2920,C1,20,6,2,0,0,0,0,0,0,0,0,0,0,0,1,2,5,46,7
2930,A1,1,19,0,2,0,0,0,0,0,0,0,0,0,1,0,2,0,0,0
2930,B0,0,3,16,1,0,0,0,0,0,0,0,0,0,1,0,1,0,0,0
2930,B1,2,1,3,2,0,0,0,0,0,0,0,0,0,1,0,1,21,112,38
2930,B2,1,0,1,19,0,0,0,0,0,0,0,0,0,1,0,1,3,48,3
2930,C1,20,2,2,0,0,0,0,0,0,0,0,0,0,1,0,2,5,46,7
2940,A1,1,18,0,2,0,0,0,0,0,0,0,0,0,1,0,2,0,0,0
2940,B0,0,1,19,3,0,0,0,0,0,0,0,0,0,1,0,1,0,0,0
2940,B1,3,4,4,2,0,0,0,0,0,0,0,0,0,1,0,2,21,112,38
2940,B2,1,0,2,20,0,0,0,0,0,0,0,0,0,1,0,1,3,48,3
2940,C1,20,1,2,0,0,0,0,0,0,0,0,0,0,1,0,2,5,46,7
2950,A1,2,19,0,2,0,0,0,0,0,0,0,0,0,0,1,2,0,0,0
2950,B0,0,1,20,1,0,0,0,0,0,0,0,0,0,0,1,1,0,0,0
2950,B1,2,1,3,1,0,0,0,0,0,0,0,0,0,0,1,1,22,113,40
2950,B2,1,0,1,20,0,0,0,0,0,0,0,0,0,0,1,1,3,48,3
2950,C1,20,2,1,0,0,0,0,0,0,0,0,0,0,0,1,2,5,46,7
2960,A1,2,19,0,2,0,0,0,0,0,0,0,0,0,0,1,2,0,0,0
2960,B0,0,3,19,1,0,0,0,0,0,0,0,0,0,0,1,1,0,0,0
2960,B1,2,1,2,1,0,0,0,0,0,0,0,0,0,0,1,1,22,113,40
2960,B2,2,0,1,20,0,0,0,0,0,0,0,0,0,0,1,1,3,48,3
2960,C1,20,5,2,0,0,0,0,0,0,0,0,0,0,0,1,2,5,46,7
2970,A1,2,19,0,4,0,0,0,0,0,0,0,0,0,1,0,2,0,0,0
2970,B0,0,3,19,1,0,0,1,0,0,0,0,0,0,1,0,2,1,7,0
2970,B1,2,1,1,1,0,0,0,0,0,1,0,0,0,1,0,1,22,113,40
2970,B2,1,0,1,20,0,0,0,0,0,0,0,0,0,1,0,1,3,48,3
2970,C1,20,5,2,0,0,0,0,0,0,0,0,0,0,1,0,2,5,46,7
2980,A1,1,19,0,3,0,0,0,0,0,0,0,0,0,1,0,2,0,0,0
2980,B0,0,1,19,1,0,0,0,0,0,0,0,0,0,1,0,1,1,8,1
2980,B1,2,2,1,1,0,0,0,0,0,0,0,0,0,1,0,2,22,113,40
2980,B2,2,0,2,20,0,0,0,0,0,0,0,0,0,1,0,1,3,48,3
2980,C1,20,1,3,0,0,0,0,0,0,0,0,0,0,1,0,2,5,46,7
2990,A1,1,18,0,4,0,0,0,0,0,0,0,0,0,0,1,2,0,0,0
2990,B0,0,1,20,2,0,0,0,0,0,0,0,0,0,0,1,1,1,8,1
2990,B1,1,2,1,1,0,0,0,0,0,0,0,0,0,0,1,2,22,113,40
2990,B2,3,0,2,20,0,0,0,0,0,0,0,0,0,0,1,1,3,48,3
2990,C1,18,2,3,0,0,0,0,0,0,0,0,0,0,0,1,2,5,46,7
3000,A1,3,19,0,1,0,0,0,0,0,0,0,0,0,0,1,2,0,0,0
3000,B0,0,1,20,1,0,0,0,0,0,0,0,0,0,0,1,1,1,8,1
3000,B1,2,2,1,1,0,0,0,0,0,0,0,0,0,0,1,2,22,113,40
3000,B2,3,0,2,19,0,0,0,0,0,0,0,0,0,0,1,1,3,48,3
3000,C1,19,1,1,0,0,0,0,0,0,0,0,0,0,0,1,2,5,46,7
3010,A1,3,19,0,1,0,0,0,0,0,0,0,0,0,0,1,2,0,0,0
3010,B0,0,1,20,1,0,0,0,0,0,0,0,0,0,0,1,1,1,8,1
3010,B1,2,2,2,3,0,0,0,0,0,0,0,0,0,0,1,1,22,113,40
3010,B2,3,0,2,18,0,0,0,0,0,0,0,0,0,0,1,1,3,48,3
3010,C1,20,3,1,0,0,0,0,0,0,0,0,0,0,0,1,2,5,46,7
3020,A1,2,20,0,1,0,0,0,0,0,0,0,0,0,1,0,2,0,0,0
3020,B0,0,2,20,1,0,0,0,0,0,0,0,0,0,1,0,1,1,8,1
3020,B1,1,2,2,3,0,0,0,0,0,0,0,0,0,1,0,1,22,113,40
3020,B2,3,0,1,19,0,0,0,0,0,0,0,0,0,1,0,1,3,48,3
3020,C1,20,3,2,0,0,0,0,0,0,0,0,0,0,1,0,2,5,46,7
3030,A1,1,19,0,1,0,0,0,0,0,0,0,0,0,1,0,2,0,0,0
3030,B0,0,1,20,3,0,0,0,0,0,0,0,0,0,1,0,1,1,8,1
3030,B1,1,2,2,3,0,0,0,0,0,0,0,0,0,1,0,1,22,113,40
3030,B2,1,0,4,20,0,0,0,0,0,0,0,0,0,1,0,1,3,48,3
3030,C1,18,3,2,0,0,0,0,0,0,0,0,0,0,1,0,2,5,46,7
3040,A1,1,18,0,1,0,0,0,0,0,0,0,0,0,0,1,2,0,0,0
3040,B0,0,1,20,2,0,0,0,0,0,0,0,0,0,0,1,1,1,8,1
3040,B1,2,1,1,2,0,0,0,0,0,0,0,0,0,0,1,1,22,113,40
3040,B2,1,0,3,20,0,0,0,0,0,0,0,0,0,0,1,1,3,48,3
3040,C1,18,3,2,0,0,0,0,0,0,0,0,0,0,0,1,2,6,50,8
3050,A1,3,18,0,1,0,0,0,0,0,0,0,0,0,0,1,2,0,0,0
3050,B0,0,1,18,2,0,0,0,0,0,0,0,0,0,0,1,1,1,8,1
3050,B1,2,1,1,1,0,0,0,0,0,0,0,0,0,0,1,2,22,113,40
3050,B2,2,0,3,20,0,0,0,0,0,0,0,0,0,0,1,1,3,48,3
3050,C1,19,1,2,0,0,0,0,0,0,0,0,0,0,0,1,2,6,50,8
3060,A1,1,20,0,1,0,0,0,0,0,0,0,0,0,1,0,2,0,0,0
3060,B0,0,1,16,1,0,0,0,0,0,0,0,0,0,1,0,1,1,8,1
3060,B1,2,1,2,3,0,0,0,0,0,0,0,0,0,1,0,1,22,113,40
3060,B2,3,0,2,19,0,0,0,0,0,0,0,0,0,1,0,1,3,48,3
3060,C1,20,2,2,0,0,0,0,0,0,0,0,0,0,1,0,2,6,50,8
3070,A1,2,20,0,1,0,0,0,0,0,0,0,0,0,1,0,2,0,0,0
3070,B0,0,2,17,2,0,0,0,0,0,0,0,0,0,1,0,1,1,8,1
3070,B1,2,1,2,1,0,0,0,0,0,0,0,0,0,1,0,1,22,113,40
3070,B2,1,0,2,19,0,0,0,0,0,0,0,0,0,1,0,1,3,48,3
3070,C1,19,1,2,0,0,0,0,0,0,0,0,0,0,1,0,2,6,50,8
3080,A1,1,19,0,1,0,0,0,0,0,0,0,0,0,1,0,2,0,0,0
3080,B0,0,2,19,3,0,0,0,0,0,0,0,0,0,1,0,1,1,8,1
3080,B1,2,1,2,2,0,0,0,0,0,0,0,0,0,1,0,1,22,113,40
3080,B2,1,0,5,19,0,0,0,0,0,0,0,0,0,1,0,1,3,48,3
3080,C1,16,2,2,0,0,0,0,0,0,0,0,0,0,1,0,2,6,50,8
3090,A1,3,19,0,1,0,0,0,0,0,0,0,0,0,0,1,2,0,0,0
3090,B0,0,2,20,3,0,0,0,0,0,0,0,0,0,0,1,1,1,8,1
3090,B1,2,1,2,3,0,0,0,0,0,0,0,0,0,0,1,1,22,113,40
3090,B2,1,0,2,20,0,0,0,0,0,0,0,0,0,0,1,1,3,48,3
3090,C1,17,2,1,0,0,0,0,0,0,0,0,0,0,0,1,2,6,50,8
3100,A1,4,20,0,1,0,0,0,0,0,0,0,0,0,0,1,2,0,0,0
3100,B0,0,2,16,1,0,0,0,0,0,0,0,0,0,0,1,1,1,8,1
3100,B1,2,1,1,1,0,0,0,0,0,0,0,0,0,0,1,2,22,113,40
3100,B2,1,0,1,21,0,0,0,0,0,0,0,0,0,0,1,1,3,48,3
3100,C1,19,6,1,0,0,0,0,0,0,0,0,0,0,0,1,2,6,50,8
3110,A1,3,20,0,1,0,0,0,0,0,0,0,0,0,1,0,2,0,0,0
3110,B0,0,1,16,1,0,0,0,0,0,0,0,0,0,1,0,1,1,8,1
3110,B1,3,1,1,1,0,0,0,0,0,0,0,0,0,1,0,2,22,113,40
3110,B2,1,0,1,20,0,0,0,0,0,0,0,0,0,1,0,1,3,48,3
3110,C1,20,5,1,0,0,0,0,0,0,0,0,0,0,1,0,2,6,50,8
3120,A1,2,20,0,1,0,0,0,0,0,0,0,0,0,1,0,2,0,0,0
3120,B0,0,2,18,1,0,0,0,0,0,0,0,0,0,1,0,1,1,8,1
3120,B1,2,2,1,2,0,0,0,0,0,0,0,0,0,1,0,2,22,113,40
3120,B2,2,0,1,20,0,0,0,0,0,0,0,0,0,1,0,1,3,48,3
3120,C1,20,2,1,0,0,0,0,0,0,0,0,0,0,1,0,2,6,50,8
3130,A1,1,20,0,1,0,0,0,0,0,0,0,0,0,0,1,2,0,0,0
3130,B0,0,2,20,1,0,0,0,0,0,0,0,0,0,0,1,1,1,8,1
3130,B1,2,2,1,2,0,0,0,0,0,0,0,0,0,0,1,2,22,113,40
3130,B2,5,0,4,20,0,0,0,0,0,0,0,0,0,0,1,1,3,48,3
3130,C1,20,1,1,0,0,0,0,0,0,0,0,0,0,0,1,2,6,50,8
3140,A1,2,20,0,1,0,0,0,0,0,0,0,0,0,0,1,2,0,0,0
3140,B0,0,3,19,2,0,0,0,0,0,0,0,0,0,0,1,1,1,8,1
3140,B1,3,2,1,3,0,0,0,0,0,0,0,0,0,0,1,2,22,113,40
3140,B2,4,0,4,18,0,0,0,0,0,0,0,0,0,0,1,1,3,48,3
3140,C1,20,3,2,0,0,0,0,0,0,0,0,0,0,0,1,2,6,50,8
3150,A1,3,20,0,1,0,0,0,0,0,0,0,0,0,0,1,2,0,0,0
3150,B0,0,3,16,3,0,0,0,0,0,0,0,0,0,0,1,1,1,8,1
3150,B1,3,2,2,2,0,0,0,0,0,0,0,0,0,0,1,2,22,113,40
3150,B2,4,0,3,15,0,0,0,0,0,0,0,0,0,0,1,1,3,48,3
3150,C1,20,6,1,0,0,0,0,0,0,0,0,0,0,0,1,2,6,50,8
3160,A1,3,19,0,3,0,0,0,0,0,0,0,0,0,1,0,2,0,0,0
3160,B0,0,1,17,1,0,0,0,0,0,0,0,0,0,1,0,1,1,8,1
3160,B1,2,3,2,2,0,0,0,0,0,0,0,0,0,1,0,2,22,113,40
3160,B2,1,0,1,16,0,0,0,0,0,0,0,0,0,1,0,1,3,48,3
3160,C1,20,3,1,0,0,0,0,0,0,0,0,0,0,1,0,2,6,50,8
3170,A1,2,15,0,4,0,0,0,0,0,0,0,0,0,1,0,2,0,0,0
3170,B0,0,1,19,2,0,0,0,0,0,0,0,0,0,1,0,1,1,8,1
3170,B1,3,4,2,2,0,0,0,0,0,0,0,0,0,1,0,2,22,113,40
3170,B2,1,0,3,19,0,0,0,0,0,0,0,0,0,1,0,1,3,48,3
3170,C1,19,1,1,0,0,0,0,0,0,0,0,0,0,1,0,2,6,50,8
3180,A1,2,16,0,2,0,0,0,0,0,0,0,0,0,0,1,2,0,0,0
3180,B0,0,1,20,1,0,0,0,0,0,0,0,0,0,0,1,1,1,8,1
3180,B1,3,4,2,2,0,0,0,0,0,0,0,0,0,0,1,2,22,113,40
3180,B2,2,0,3,20,0,0,0,0,0,0,0,0,0,0,1,1,3,48,3
3180,C1,20,2,1,0,0,0,0,0,0,0,0,0,0,0,1,2,6,50,8
3190,A1,4,18,0,1,0,0,0,0,0,0,0,0,0,0,1,2,0,0,0
3190,B0,0,1,20,1,0,0,0,0,0,0,0,0,0,0,1,1,1,8,1
3190,B1,3,4,2,2,0,0,0,0,0,0,0,0,0,0,1,2,22,113,40
3190,B2,2,0,2,20,0,0,0,0,0,0,0,0,0,0,1,1,3,48,3
3190,C1,20,2,2,0,0,0,0,0,0,0,0,0,0,0,1,2,6,50,8
3200,A1,2,20,0,2,0,0,0,0,0,0,0,0,0,1,0,2,0,0,0
3200,B0,0,1,19,1,0,0,0,0,0,0,0,0,0,1,0,1,1,8,1
3200,B1,2,4,3,1,0,0,0,0,0,0,0,0,0,1,0,2,22,113,40
3200,B2,2,0,2,20,0,0,0,0,0,0,0,0,0,1,0,1,3,48,3
3200,C1,20,1,4,0,0,0,0,0,0,0,0,0,0,1,0,2,6,50,8
3210,A1,2,19,0,2,0,0,0,0,0,0,0,0,0,1,0,2,0,0,0
3210,B0,0,1,19,1,0,0,0,0,0,0,0,0,0,1,0,1,1,8,1
3210,B1,3,4,4,1,0,0,0,0,0,0,0,0,0,1,0,2,22,113,40
3210,B2,1,0,1,20,0,0,0,0,0,0,0,0,0,1,0,1,3,48,3
3210,C1,17,3,5,0,0,0,0,0,0,0,0,0,0,1,0,2,6,50,8
3220,A1,1,18,0,2,0,0,0,0,0,0,0,0,0,0,1,2,0,0,0
3220,B0,0,1,20,2,0,0,0,0,0,0,0,0,0,0,1,1,1,8,1
3220,B1,1,1,4,1,0,0,0,0,0,0,0,0,0,0,1,1,22,113,40
3220,B2,1,0,2,20,0,0,0,0,0,0,0,0,0,0,1,1,3,48,3
3220,C1,16,2,6,0,0,0,0,0,0,0,0,0,0,0,1,2,6,50,8
3230,A1,3,19,0,1,0,0,0,0,0,0,0,0,0,0,1,2,0,0,0
3230,B0,0,5,19,1,0,0,0,0,0,0,0,0,0,0,1,1,1,8,1
3230,B1,2,1,1,3,0,0,0,0,0,0,0,0,0,0,1,1,22,113,40
3230,B2,1,0,1,19,0,0,0,0,0,0,0,0,0,0,1,1,3,48,3
3230,C1,18,3,6,0,0,0,0,0,0,0,0,0,0,0,1,2,6,50,8
3240,A1,4,20,0,1,0,0,0,0,0,0,0,0,0,0,1,2,0,0,0
3240,B0,0,6,18,1,0,0,0,0,0,0,0,0,0,0,1,1,1,8,1
3240,B1,2,1,1,2,0,0,0,0,0,0,0,0,0,0,1,1,22,113,40
3240,B2,1,0,2,15,0,0,0,0,0,0,0,0,0,0,1,1,3,48,3
3240,C1,20,5,5,0,0,0,0,0,0,0,0,0,0,0,1,2,6,50,8
3250,A1,1,20,0,2,0,0,0,0,0,0,0,0,0,1,0,2,0,0,0
3250,B0,0,5,19,2,0,0,0,0,0,0,0,0,0,1,0,1,1,8,1
3250,B1,1,2,1,2,0,0,0,0,0,0,1,0,0,1,0,1,22,113,40
3250,B2,1,0,1,17,0,1,0,0,0,0,0,0,0,1,0,2,4,64,3
3250,C1,20,4,6,0,0,0,0,0,0,0,0,0,0,1,0,2,6,50,8
3260,A1,1,19,0,2,0,0,0,0,0,0,0,0,0,1,0,2,0,0,0
3260,B0,0,1,20,3,0,0,0,0,0,0,0,0,0,1,0,1,1,8,1
3260,B1,1,3,1,2,0,0,0,0,0,0,0,0,0,1,0,2,22,113,40
3260,B2,1,0,2,18,0,0,0,0,0,0,0,0,0,1,0,1,4,64,4
3260,C1,20,1,8,0,0,0,0,0,0,0,0,0,0,1,0,2,6,50,8
3270,A1,2,18,0,2,0,0,0,0,0,0,0,0,0,0,1,2,0,0,0
3270,B0,0,3,20,1,0,0,0,0,0,0,0,0,0,0,1,1,1,8,1
3270,B1,1,3,1,1,0,0,0,0,0,0,0,0,0,0,1,2,22,113,40
3270,B2,1,0,1,19,0,0,0,0,0,0,0,0,0,0,1,1,4,64,4
3270,C1,20,2,8,0,0,0,0,0,0,0,0,0,0,0,1,2,6,50,8
3280,A1,4,19,0,2,0,0,0,0,0,0,0,0,0,0,1,2,0,0,0
3280,B0,0,3,18,3,0,0,0,0,0,0,0,0,0,0,1,1,1,8,1
3280,B1,1,3,2,1,0,0,0,0,0,0,0,0,0,0,1,2,22,113,40
3280,B2,2,0,3,19,0,0,0,0,0,0,0,0,0,0,1,1,4,64,4
3280,C1,20,2,7,0,0,0,0,0,0,0,0,0,0,0,1,2,6,50,8
3290,A1,5,18,0,1,0,0,0,0,0,0,0,0,0,1,0,2,0,0,0
3290,B0,0,4,15,3,0,0,0,0,0,0,0,0,0,1,0,1,1,8,1
3290,B1,1,3,2,3,0,0,0,0,0,0,0,0,0,1,0,1,22,113,40
3290,B2,4,0,1,17,0,0,0,0,0,0,0,0,0,1,0,1,4,64,4
3290,C1,20,2,5,0,0,0,0,0,0,0,0,0,0,1,0,2,6,50,8
3300,A1,2,18,0,1,0,0,0,0,0,0,0,0,0,1,0,2,0,0,0
3300,B0,0,1,16,2,0,0,0,0,0,0,0,0,0,1,0,1,1,8,1
3300,B1,2,4,1,3,0,0,0,0,0,0,0,0,0,1,0,2,22,113,40
3300,B2,2,0,2,18,0,0,0,0,0,0,0,0,0,1,0,1,4,64,4
3300,C1,17,1,5,0,0,0,0,0,0,0,0,0,0,1,0,2,6,50,8
3310,A1,1,18,0,1,0,0,0,0,0,0,0,0,0,1,0,2,0,0,0
3310,B0,0,1,19,4,0,0,0,0,0,0,0,0,0,1,0,1,1,8,1
3310,B1,5,3,2,3,0,0,0,0,0,0,0,0,0,1,0,2,22,113,40
3310,B2,1,0,5,20,0,0,0,0,0,0,0,0,0,1,0,1,4,64,4
3310,C1,14,2,5,0,0,0,0,0,0,0,0,0,0,1,0,2,6,50,8
3320,A1,2,18,0,1,0,0,0,0,0,0,0,0,0,0,1,2,0,0,0
3320,B0,0,2,20,3,0,0,0,0,0,0,0,0,0,0,1,1,1,8,1
3320,B1,5,2,3,1,0,0,0,0,0,0,0,0,0,0,1,2,22,113,40
3320,B2,3,0,2,20,0,0,0,0,0,0,0,0,0,0,1,1,4,64,4
3320,C1,16,1,2,0,0,0,0,0,0,0,0,0,0,0,1,2,7,51,13
3330,A1,2,19,0,1,0,0,0,0,0,0,0,0,0,0,1,2,0,0,0
3330,B0,0,2,20,1,0,0,0,0,0,0,0,0,0,0,1,1,1,8,1
3330,B1,5,2,3,2,0,0,0,0,0,0,0,0,0,0,1,2,22,113,40
3330,B2,1,0,2,19,0,0,0,0,0,0,0,0,0,0,1,1,4,64,4
3330,C1,19,3,2,0,0,0,0,0,0,0,0,0,0,0,1,2,7,51,13
3340,A1,3,20,0,1,0,0,0,0,0,0,0,0,0,1,0,2,0,0,0
3340,B0,0,2,20,2,0,0,0,0,0,0,0,0,0,1,0,1,1,8,1
3340,B1,5,2,2,1,0,0,0,0,0,0,0,0,0,1,0,2,22,113,40
3340,B2,1,0,1,19,0,0,0,0,0,0,0,0,0,1,0,1,4,64,4
3340,C1,19,1,3,0,0,0,0,0,0,0,0,0,0,1,0,2,7,51,13
3350,A1,1,20,0,2,0,0,0,0,0,0,0,0,0,1,0,2,0,0,0
3350,B0,0,1,20,2,0,0,0,0,0,0,0,0,0,1,0,1,1,8,1
3350,B1,5,2,2,1,0,0,0,0,0,0,0,0,0,1,0,2,22,113,40
3350,B2,1,0,1,20,0,0,0,0,0,0,0,0,0,1,0,1,4,64,4
3350,C1,19,2,5,0,0,0,0,0,0,0,0,0,0,1,0,2,7,51,13
3360,A1,2,20,0,1,0,0,0,0,0,0,0,0,0,0,1,2,0,0,0
3360,B0,0,1,20,2,0,0,0,0,0,0,0,0,0,0,1,1,1,8,1
3360,B1,4,1,1,3,0,0,0,0,0,0,0,0,0,0,1,2,22,113,40
3360,B2,1,0,4,20,0,0,0,0,0,0,0,0,0,0,1,1,4,64,4
3360,C1,18,2,5,0,0,0,0,0,0,0,0,0,0,0,1,2,7,51,13
3370,A1,3,20,0,1,0,0,0,0,0,0,0,0,0,0,1,2,0,0,0
3370,B0,0,2,20,1,0,0,0,0,0,0,0,0,0,0,1,1,1,8,1
3370,B1,4,1,4,1,0,0,0,0,0,0,0,0,0,0,1,1,22,113,40
3370,B2,1,0,1,20,0,0,0,0,0,0,0,0,0,0,1,1,4,64,4
3370,C1,19,3,3,0,0,0,0,0,0,0,0,0,0,0,1,2,7,51,13
3380,A1,3,20,0,1,0,0,0,0,0,0,0,0,0,0,1,2,0,0,0
3380,B0,0,2,17,1,0,0,0,0,0,0,0,0,0,0,1,1,1,8,1
3380,B1,4,1,3,3,0,0,0,0,0,0,0,0,0,0,1,1,22,113,40
3380,B2,2,0,2,19,0,0,0,0,0,0,0,0,0,0,1,1,4,64,4
3380,C1,20,5,3,0,0,0,0,0,0,0,0,0,0,0,1,2,7,51,13
3390,A1,2,20,0,2,0,0,0,0,0,0,0,0,0,1,0,2,0,0,0
3390,B0,0,1,17,2,0,0,0,0,0,0,0,0,0,1,0,1,1,8,1
3390,B1,3,1,3,3,0,0,0,0,0,0,0,0,0,1,0,1,22,113,40
3390,B2,2,0,3,20,0,0,0,0,0,0,0,0,0,1,0,1,4,64,4
3390,C1,20,3,3,0,0,0,0,0,0,0,0,0,0,1,0,2,7,51,13
3400,A1,1,20,0,2,0,0,0,0,0,0,0,0,0,1,0,2,0,0,0
3400,B0,0,1,18,2,0,0,0,0,0,0,0,0,0,1,0,1,1,8,1
3400,B1,3,1,3,3,0,0,0,0,0,0,0,0,0,1,0,1,22,113,40
3400,B2,1,0,1,20,0,0,0,0,0,0,0,0,0,1,0,1,4,64,4
3400,C1,20,3,3,0,0,0,0,0,0,0,0,0,0,1,0,2,7,51,13
3410,A1,1,19,0,1,0,0,0,0,0,0,0,0,0,0,1,2,0,0,0
3410,B0,0,2,20,1,0,0,0,0,0,0,0,0,0,0,1,1,1,8,1
3410,B1,2,1,2,1,0,0,0,0,0,0,0,0,0,0,1,1,23,120,43
3410,B2,4,0,3,19,0,0,0,0,0,0,0,0,0,0,1,1,4,64,4
3410,C1,20,1,3,0,0,0,0,0,0,0,0,0,0,0,1,2,7,51,13
3420,A1,3,20,0,1,0,0,0,0,0,0,0,0,0,0,1,2,0,0,0
3420,B0,0,2,19,1,0,0,0,0,0,0,0,0,0,0,1,1,1,8,1
3420,B1,1,1,1,2,0,0,0,0,0,0,0,0,0,0,1,1,23,120,43
3420,B2,6,0,1,19,0,0,0,0,0,0,0,0,0,0,1,1,4,64,4
3420,C1,20,1,4,0,0,0,0,0,0,0,0,0,0,0,1,2,7,51,13
3430,A1,2,21,0,1,0,0,0,0,0,0,0,0,0,1,0,2,0,0,0
3430,B0,0,2,19,2,0,0,0,0,0,0,0,0,0,1,0,1,1,8,1
3430,B1,1,1,1,1,0,0,0,0,0,0,0,0,0,1,0,1,23,120,43
3430,B2,4,0,1,19,0,0,0,0,0,0,0,0,0,1,0,1,4,64,4
3430,C1,20,2,4,0,0,0,0,0,0,0,0,0,0,1,0,2,7,51,13
3440,A1,3,21,0,1,0,0,0,0,0,0,0,0,0,1,0,2,0,0,0
3440,B0,0,1,19,3,0,0,0,0,0,0,0,0,0,1,0,1,1,8,1
3440,B1,2,2,1,1,0,0,0,0,0,0,0,0,0,1,0,2,23,120,43
3440,B2,4,0,1,19,0,0,0,0,0,0,0,0,0,1,0,1,4,64,4
3440,C1,19,2,4,0,0,0,0,0,0,0,0,0,0,1,0,2,7,51,13
3450,A1,1,18,0,2,0,0,0,0,0,0,0,0,0,0,1,2,0,0,0
3450,B0,0,2,20,5,0,0,0,0,0,0,0,0,0,0,1,1,1,8,1
3450,B1,1,1,1,1,0,0,0,0,0,0,0,0,0,0,1,1,23,120,43
3450,B2,4,0,4,19,0,0,0,0,0,0,0,0,0,0,1,1,4,64,4
3450,C1,18,1,4,0,0,0,0,0,0,0,0,0,0,0,1,2,7,51,13
3460,A1,2,18,0,2,0,0,0,0,0,0,0,0,0,0,1,2,0,0,0
3460,B0,0,3,20,2,0,0,0,0,0,0,0,0,0,0,1,1,1,8,1
3460,B1,1,1,1,2,0,0,0,0,0,0,0,0,0,0,1,1,23,120,43
3460,B2,4,0,1,19,0,0,0,0,0,0,0,0,0,0,1,1,4,64,4
3460,C1,19,1,4,0,0,0,0,0,0,0,0,0,0,0,1,2,7,51,13
3470,A1,1,19,0,2,0,0,0,0,0,0,0,0,0,0,1,2,0,0,0
3470,B0,0,3,19,2,0,0,0,0,0,0,0,0,0,0,1,1,1,8,1
3470,B1,1,1,1,3,0,0,0,0,0,0,0,0,0,0,1,1,23,120,43
3470,B2,4,0,4,20,0,0,0,0,0,0,0,0,0,0,1,1,4,64,4
3470,C1,20,2,1,0,0,0,0,0,0,0,0,0,0,0,1,2,7,51,13
3480,A1,1,20,0,2,0,0,0,0,0,0,0,0,0,1,0,2,0,0,0
3480,B0,0,1,20,4,0,0,0,0,0,0,0,0,0,1,0,1,1,8,1
3480,B1,2,1,1,3,0,0,0,0,0,0,0,0,0,1,0,1,23,120,43
3480,B2,4,0,1,19,0,0,0,0,0,0,0,0,0,1,0,1,4,64,4
3480,C1,20,2,1,0,0,0,0,0,0,0,0,0,0,1,0,2,7,51,13
3490,A1,4,18,0,4,0,0,0,0,0,0,0,0,0,1,0,2,0,0,0
3490,B0,0,1,20,1,0,0,0,0,0,0,0,0,0,1,0,1,1,8,1
3490,B1,2,1,1,3,0,0,0,0,0,0,0,0,0,1,0,1,23,120,43
3490,B2,1,0,4,19,0,0,0,0,0,0,0,0,0,1,0,1,4,64,4
3490,C1,20,1,1,0,0,0,0,0,0,0,0,0,0,1,0,2,7,51,13
3500,A1,2,18,0,3,0,0,0,0,0,0,0,0,0,0,1,2,0,0,0
3500,B0,0,1,18,1,0,0,0,0,0,0,0,0,0,0,1,1,1,8,1
3500,B1,1,1,5,3,0,0,0,0,0,0,0,0,0,0,1,1,23,120,43
3500,B2,2,0,3,19,0,0,0,0,0,0,0,0,0,0,1,1,4,64,4
3500,C1,20,2,1,0,0,0,0,0,0,0,0,0,0,0,1,2,7,51,13
3510,A1,4,18,0,1,0,0,0,0,0,0,0,0,0,0,1,2,0,0,0
3510,B0,0,1,17,3,0,0,0,0,0,0,0,0,0,0,1,1,1,8,1
3510,B1,2,1,3,1,0,0,0,0,0,0,0,0,0,0,1,1,23,120,43
3510,B2,2,0,1,19,0,0,0,0,0,0,0,0,0,0,1,1,4,64,4
3510,C1,20,3,1,0,0,0,0,0,0,0,0,0,0,0,1,2,7,51,13
3520,A1,4,20,0,1,0,0,0,0,0,0,0,0,0,1,0,2,0,0,0
3520,B0,0,2,15,1,0,0,0,0,0,0,0,0,0,1,0,1,1,8,1
3520,B1,2,1,1,1,0,0,0,0,0,0,0,0,0,1,0,2,23,120,43
3520,B2,4,0,2,20,0,0,0,0,0,0,0,0,0,1,0,1,4,64,4
3520,C1,20,5,2,0,0,0,0,0,0,0,0,0,0,1,0,2,7,51,13
3530,A1,3,20,0,2,0,0,0,0,0,0,0,0,0,1,0,2,0,0,0
3530,B0,0,1,18,2,0,0,0,0,0,0,0,0,0,1,0,1,1,8,1
3530,B1,3,2,1,1,0,0,0,0,0,0,0,0,0,1,0,2,23,120,43
3530,B2,1,0,4,20,0,0,0,0,0,0,0,0,0,1,0,1,4,64,4
3530,C1,20,1,2,0,0,0,0,0,0,0,0,0,0,1,0,2,7,51,13
3540,A1,1,20,0,2,0,0,0,0,0,0,0,0,0,1,0,2,0,0,0
3540,B0,0,3,20,2,0,0,0,0,0,0,0,0,0,1,0,1,1,8,1
3540,B1,2,2,1,1,0,0,0,0,0,0,0,0,0,1,0,2,23,120,43
3540,B2,1,0,1,20,0,0,0,0,0,0,0,0,0,1,0,1,4,64,4
3540,C1,20,3,2,0,0,0,0,0,0,0,0,0,0,1,0,2,7,51,13
3550,A1,1,20,0,2,0,0,0,0,0,0,0,0,0,0,1,2,0,0,0
3550,B0,0,3,20,3,0,0,0,0,0,0,0,0,0,0,1,1,1,8,1
3550,B1,2,2,1,2,0,0,0,0,0,0,0,0,0,0,1,2,23,120,43
3550,B2,2,0,3,20,0,0,0,0,0,0,0,0,0,0,1,1,4,64,4
3550,C1,20,1,1,0,0,0,0,0,0,0,0,0,0,0,1,2,7,51,13
3560,A1,2,20,0,1,0,0,0,0,0,0,0,0,0,0,1,2,0,0,0
3560,B0,0,4,18,2,0,0,0,0,0,0,0,0,0,0,1,1,1,8,1
3560,B1,2,2,1,1,0,0,0,0,0,0,0,0,0,0,1,2,23,120,43
3560,B2,5,0,2,19,0,0,0,0,0,0,0,0,0,0,1,1,4,64,4
3560,C1,20,2,1,0,0,0,0,0,0,0,0,0,0,0,1,2,7,51,13
3570,A1,1,20,0,1,0,0,0,0,0,0,0,0,0,1,0,2,0,0,0
3570,B0,0,3,19,3,0,0,0,0,0,0,0,0,0,1,0,1,1,8,1
3570,B1,2,1,1,2,0,0,0,0,0,0,0,0,0,1,0,1,24,127,45
3570,B2,3,0,1,19,0,0,0,0,0,0,0,0,0,1,0,1,4,64,4
3570,C1,20,2,1,0,0,0,0,0,0,0,0,0,0,1,0,2,7,51,13
3580,A1,2,18,0,1,0,0,0,0,0,0,0,0,0,1,0,2,0,0,0
3580,B0,0,1,19,3,0,0,0,0,0,0,0,0,0,1,0,1,1,8,1
3580,B1,2,2,1,2,0,0,0,0,0,0,0,0,0,1,0,2,24,127,45
3580,B2,1,0,2,19,0,0,0,0,0,0,0,0,0,1,0,1,4,64,4
3580,C1,19,4,1,0,0,0,0,0,0,0,0,0,0,1,0,2,7,51,13
3590,A1,3,18,0,3,0,0,0,0,0,0,0,0,0,0,1,2,0,0,0
3590,B0,0,1,19,4,0,0,0,0,0,0,0,0,0,0,1,1,1,8,1
3590,B1,3,1,1,1,0,0,0,0,0,0,0,0,0,0,1,2,25,132,46
3590,B2,1,0,3,20,0,0,0,0,0,0,0,0,0,0,1,1,4,64,4
3590,C1,17,1,1,0,0,0,0,0,0,0,0,0,0,0,1,2,7,51,13
3600,A1,3,18,0,1,0,0,0,0,0,0,0,0,0,0,1,2,0,0,0
3600,B0,0,3,20,2,0,0,0,0,0,0,0,0,0,0,1,1,1,8,1
3600,B1,3,1,2,1,0,0,0,0,0,0,0,0,0,0,1,2,25,132,46
3600,B2,2,0,2,20,0,0,0,0,0,0,0,0,0,0,1,1,4,64,4
3600,C1,18,3,1,0,0,0,0,0,0,0,0,0,0,0,1,2,7,51,13
3610,A1,4,20,0,1,0,0,0,0,0,0,0,0,0,0,1,2,0,0,0
3610,B0,0,3,18,1,0,0,0,0,0,0,0,0,0,0,1,1,1,8,1
3610,B1,1,1,1,1,0,0,0,0,0,0,0,0,0,0,1,1,25,132,46
3610,B2,2,0,4,19,0,0,0,0,0,0,0,0,0,0,1,1,4,64,4
3610,C1,20,4,1,0,0,0,0,0,0,0,0,0,0,0,1,2,7,51,13
3620,A1,3,20,0,3,0,0,0,0,0,0,0,0,0,1,0,2,0,0,0
3620,B0,0,1,18,1,0,0,0,0,0,0,0,0,0,1,0,1,1,8,1
3620,B1,3,2,2,1,0,0,0,0,0,0,0,0,0,1,0,2,25,132,46
3620,B2,1,0,5,20,0,0,0,0,0,0,0,0,0,1,0,1,4,64,4
3620,C1,20,2,1,0,0,0,0,0,0,0,0,0,0,1,0,2,7,51,13
3630,A1,4,20,0,5,0,0,0,0,0,0,0,0,0,1,0,2,0,0,0
3630,B0,0,1,18,1,0,0,0,0,0,0,0,0,0,1,0,1,1,8,1
3630,B1,3,1,2,1,0,0,0,0,0,0,0,0,0,1,0,2,25,132,46
3630,B2,1,0,5,20,0,0,0,0,0,0,0,0,0,1,0,1,4,64,4
3630,C1,20,3,1,0,0,0,0,0,0,0,0,0,0,1,0,2,7,51,13
3640,A1,1,20,0,3,0,0,0,0,0,0,0,0,0,0,1,2,0,0,0
3640,B0,0,1,19,4,0,0,0,0,0,0,0,0,0,0,1,1,1,8,1
3640,B1,1,2,2,1,0,0,0,0,0,0,0,0,0,0,1,1,25,132,46
3640,B2,1,0,3,20,0,0,0,0,0,0,0,0,0,0,1,1,4,64,4
3640,C1,20,1,1,0,0,0,0,0,0,0,0,0,0,0,1,2,7,51,13
3650,A1,3,20,0,2,0,0,0,0,0,0,0,0,0,0,1,2,0,0,0
3650,B0,0,2,15,2,0,0,0,0,0,0,0,0,0,0,1,1,1,8,1
3650,B1,1,2,1,2,0,0,0,0,0,0,0,0,0,0,1,1,25,132,46
3650,B2,1,0,3,20,0,0,0,0,0,0,0,0,0,0,1,1,4,64,4
3650,C1,20,2,1,0,0,0,0,0,0,0,0,0,0,0,1,2,7,51,13
3660,A1,2,20,0,1,0,0,0,0,0,0,0,0,0,1,0,2,0,0,0
3660,B0,0,2,15,2,0,0,0,0,0,0,0,0,0,1,0,1,1,8,1
3660,B1,3,1,1,1,0,0,0,0,0,0,0,0,0,1,0,2,25,132,46
3660,B2,2,0,1,20,0,0,0,0,0,0,0,0,0,1,0,1,4,64,4
3660,C1,20,2,1,0,0,0,0,0,0,0,0,0,0,1,0,2,7,51,13
3670,A1,4,20,0,1,0,0,0,0,0,0,0,0,0,1,0,2,0,0,0
3670,B0,0,1,17,3,0,0,0,0,0,0,0,0,0,1,0,1,1,8,1
3670,B1,5,1,1,1,0,0,0,0,0,0,0,0,0,1,0,2,25,132,46
3670,B2,4,0,3,20,0,0,0,0,0,0,0,0,0,1,0,1,4,64,4
3670,C1,20,1,1,0,0,0,0,0,0,0,0,0,0,1,0,2,7,51,13
3680,A1,1,18,0,3,0,0,0,0,0,0,0,0,0,0,1,2,0,0,0
3680,B0,0,3,20,1,0,0,0,0,0,0,0,0,0,0,1,1,1,8,1
3680,B1,4,1,1,2,0,0,0,0,1,0,0,0,0,0,1,1,27,135,47
3680,B2,3,0,6,20,0,0,0,0,0,0,0,0,0,0,1,1,4,64,4
3680,C1,19,1,1,0,0,0,0,0,0,0,0,1,0,0,1,2,7,51,13
3690,A1,1,18,0,1,0,0,0,0,0,0,0,0,0,0,1,2,0,0,0
3690,B0,0,3,17,2,0,0,0,0,0,0,0,0,0,0,1,1,1,8,1
3690,B1,5,1,3,1,0,0,0,0,0,0,0,0,0,0,1,2,27,137,48
3690,B2,4,0,2,20,0,0,0,0,0,0,0,0,0,0,1,1,4,64,4
3690,C1,20,2,1,0,0,0,0,0,0,0,0,0,0,0,1,2,7,51,13
3700,A1,2,19,0,1,0,0,0,0,0,0,0,0,0,0,1,2,0,0,0
3700,B0,0,3,17,3,0,0,0,0,0,0,0,0,0,0,1,1,1,8,1
3700,B1,5,1,5,1,0,0,0,0,0,0,0,0,0,0,1,2,27,137,48
3700,B2,4,0,1,19,0,0,0,0,0,0,0,0,0,0,1,1,4,64,4
3700,C1,20,2,1,0,0,0,0,0,0,0,0,0,0,0,1,2,7,51,13
3710,A1,2,18,0,1,0,0,0,0,0,0,0,0,0,1,0,2,0,0,0
3710,B0,0,2,18,1,0,0,0,0,0,0,0,0,0,1,0,1,1,8,1
3710,B1,5,1,4,1,0,0,0,0,0,0,0,0,0,1,0,2,28,140,49
3710,B2,2,0,1,20,0,0,0,0,0,0,0,0,0,1,0,1,4,64,4
3710,C1,20,4,2,0,0,0,0,0,0,0,0,0,0,1,0,2,7,51,13
3720,A1,1,19,0,1,0,0,0,0,0,0,0,0,0,1,0,2,0,0,0
3720,B0,0,1,20,2,0,0,0,0,0,0,0,0,0,1,0,1,1,8,1
3720,B1,1,1,4,1,0,0,0,0,0,0,0,0,0,1,0,1,28,140,49
3720,B2,2,0,1,20,0,0,0,0,0,0,0,0,0,1,0,1,4,64,4
3720,C1,20,1,2,0,0,0,0,0,0,0,0,0,0,1,0,2,7,51,13
3730,A1,1,19,0,1,0,0,0,0,0,0,0,0,0,0,1,2,1,3,1
3730,B0,0,2,20,3,0,0,0,0,0,0,0,0,0,0,1,1,1,8,1
3730,B1,1,1,3,1,0,0,0,0,0,0,0,0,0,0,1,1,29,142,50
3730,B2,4,0,2,20,0,0,0,0,0,0,0,0,0,0,1,1,4,64,4
3730,C1,20,1,3,0,0,0,0,0,0,0,0,0,0,0,1,2,7,51,13
3740,A1,1,20,0,1,0,0,0,0,0,0,0,0,0,0,1,2,1,3,1
3740,B0,0,2,20,1,0,0,0,0,0,0,0,0,0,0,1,1,1,8,1
3740,B1,2,1,1,1,0,0,0,0,0,0,0,0,0,0,1,2,29,142,50
3740,B2,7,0,1,18,0,0,0,0,0,0,0,0,0,0,1,1,4,64,4
3740,C1,20,2,3,0,0,0,0,0,0,0,0,0,0,0,1,2,7,51,13
3750,A1,2,20,0,1,0,0,0,0,0,0,0,0,0,1,0,2,1,3,1
3750,B0,0,1,19,2,0,0,0,0,0,0,0,0,0,1,0,1,1,8,1
3750,B1,1,1,1,1,0,0,0,0,0,0,0,0,0,1,0,1,29,142,50
3750,B2,9,0,1,17,0,0,0,0,0,0,0,0,0,1,0,1,4,64,4
3750,C1,20,4,3,0,0,0,0,0,0,0,0,0,0,1,0,2,7,51,13
3760,A1,1,20,0,1,0,0,0,0,0,0,0,0,0,1,0,2,1,3,1
3760,B0,0,1,20,1,0,0,0,0,0,0,0,0,0,1,0,1,1,8,1
3760,B1,1,2,1,1,0,0,0,0,0,0,0,0,0,1,0,2,29,142,50
3760,B2,4,0,1,18,0,0,0,0,0,0,0,0,0,1,0,1,4,64,4
3760,C1,20,1,4,0,0,0,0,0,0,0,0,0,0,1,0,2,7,51,13
3770,A1,1,19,0,1,0,0,0,0,0,0,0,0,0,1,0,2,1,3,1
3770,B0,0,1,20,3,0,0,0,0,0,0,0,0,0,1,0,1,1,8,1
3770,B1,1,2,1,1,0,0,0,0,0,0,0,0,0,1,0,2,29,142,50
3770,B2,1,0,2,20,0,0,0,0,0,0,0,0,0,1,0,1,4,64,4
3770,C1,19,1,5,0,0,0,0,0,0,0,0,0,0,1,0,2,7,51,13
3780,A1,2,19,0,1,0,0,0,0,0,0,0,0,0,0,1,2,1,3,1
3780,B0,0,1,20,1,0,0,0,0,0,0,0,0,0,0,1,1,1,8,1
3780,B1,1,2,1,2,0,0,0,0,0,0,0,0,0,0,1,1,30,159,51
3780,B2,3,0,2,20,0,0,0,0,0,0,0,0,0,0,1,1,4,64,4
3780,C1,20,1,4,0,0,0,0,0,0,0,0,0,0,0,1,2,7,51,13
3790,A1,3,20,0,1,0,0,0,0,0,0,0,0,0,0,1,2,1,3,1
3790,B0,0,1,18,1,0,0,0,0,0,0,0,0,0,0,1,1,1,8,1
3790,B1,1,2,1,1,0,0,0,0,0,0,0,0,0,0,1,2,30,159,51
3790,B2,5,0,2,17,0,0,0,0,0,0,0,0,0,0,1,1,4,64,4
3790,C1,20,3,4,0,0,0,0,0,0,0,0,0,0,0,1,2,7,51,13
3800,A1,3,20,0,1,0,0,0,0,0,0,0,0,0,1,0,2,1,3,1
3800,B0,0,1,18,3,0,0,0,0,0,0,0,0,0,1,0,1,1,8,1
3800,B1,1,1,1,1,0,0,0,0,0,0,0,0,0,1,0,1,31,162,52
3800,B2,4,0,2,17,0,0,0,0,0,0,0,0,0,1,0,1,4,64,4
3800,C1,20,2,4,0,0,0,0,0,0,0,0,0,0,1,0,2,7,51,13
3810,A1,1,20,0,2,0,0,0,0,0,0,0,0,0,1,0,2,1,3,1
3810,B0,0,1,18,1,0,0,0,0,0,0,0,0,0,1,0,1,1,8,1
3810,B1,2,3,1,1,0,0,0,0,0,0,0,0,0,1,0,2,31,162,52
3810,B2,1,0,1,18,0,0,0,0,0,0,0,0,0,1,0,1,4,64,4
3810,C1,19,1,4,0,0,0,0,0,0,0,0,0,0,1,0,2,7,51,13
3820,A1,1,18,0,2,0,0,0,0,0,0,0,0,0,0,1,2,1,3,1
3820,B0,0,1,20,2,0,0,0,0,0,0,0,0,0,0,1,1,1,8,1
3820,B1,2,3,1,1,0,0,0,0,0,0,0,0,0,0,1,2,31,162,52
3820,B2,1,0,2,20,0,0,0,0,0,0,0,0,0,0,1,1,4,64,4
3820,C1,19,4,5,0,0,0,0,0,0,0,0,0,0,0,1,2,7,51,13
3830,A1,2,19,0,1,0,0,0,0,0,0,0,0,0,0,1,2,1,3,1
3830,B0,0,1,19,2,0,0,0,0,0,0,0,0,0,0,1,1,1,8,1
3830,B1,2,3,1,1,0,0,0,0,0,0,0,0,0,0,1,2,31,162,52
3830,B2,1,0,3,18,0,0,0,0,0,0,0,0,0,0,1,1,4,64,4
3830,C1,19,6,5,0,0,0,0,0,0,0,0,0,0,0,1,2,7,51,13
3840,A1,4,20,0,1,0,0,0,0,0,0,0,0,0,0,1,2,1,3,1
3840,B0,0,2,18,1,0,0,0,0,0,0,0,0,0,0,1,1,1,8,1
3840,B1,2,3,1,1,0,0,0,0,0,0,0,0,0,0,1,2,31,162,52
3840,B2,1,0,2,15,0,0,0,0,0,0,0,0,0,0,1,1,4,64,4
3840,C1,20,8,6,0,0,0,0,0,0,0,0,0,0,0,1,2,7,51,13
3850,A1,1,20,0,3,0,0,0,0,0,0,0,0,0,1,0,2,1,3,1
3850,B0,0,1,19,2,0,0,0,0,0,0,0,0,0,1,0,1,2,11,2
3850,B1,2,2,1,1,0,0,0,0,0,0,0,0,0,1,0,2,31,162,52
3850,B2,1,0,1,18,0,0,0,0,0,0,0,0,0,1,0,1,4,64,4
3850,C1,20,4,6,0,0,0,0,0,0,0,0,0,0,1,0,2,7,51,13
3860,A1,1,19,0,3,0,0,0,0,0,0,0,0,0,1,0,2,1,3,1
3860,B0,0,1,20,4,0,0,0,0,0,0,0,0,0,1,0,1,2,11,2
3860,B1,3,5,1,1,0,0,0,0,0,0,0,0,0,1,0,2,31,162,52
3860,B2,1,0,3,19,0,0,0,0,0,0,0,0,0,1,0,1,4,64,4
3860,C1,20,2,6,0,0,0,0,0,0,0,0,0,0,1,0,2,7,51,13
3870,A1,2,19,0,2,0,0,0,0,0,0,0,0,0,0,1,2,1,3,1
3870,B0,0,1,20,3,0,0,0,0,0,0,0,0,0,0,1,1,2,11,2
3870,B1,2,4,1,1,0,0,0,0,0,0,0,0,0,0,1,2,31,162,52
3870,B2,2,0,4,20,0,0,0,0,0,0,0,0,0,0,1,1,4,64,4
3870,C1,20,3,4,0,0,0,0,0,0,0,0,0,0,0,1,2,7,51,13
3880,A1,3,20,0,1,0,0,0,0,0,0,0,0,0,0,1,2,1,3,1
3880,B0,0,1,20,1,0,0,0,0,0,0,0,0,0,0,1,1,2,11,2
3880,B1,2,4,1,2,0,0,0,0,0,0,0,0,0,0,1,2,31,162,52
3880,B2,1,0,2,20,0,0,0,0,0,0,0,0,0,0,1,1,4,64,4
3880,C1,20,3,1,0,0,0,0,0,0,0,0,0,0,0,1,2,7,51,13
3890,A1,2,20,0,3,0,0,0,0,0,0,0,0,0,1,0,2,1,3,1
3890,B0,0,2,19,1,0,0,0,0,0,0,0,0,0,1,0,1,2,11,2
3890,B1,2,3,1,1,0,0,0,0,0,0,0,0,0,1,0,2,31,162,52
3890,B2,1,0,1,19,0,0,0,0,0,0,0,0,0,1,0,1,4,64,4
3890,C1,20,2,1,0,0,0,0,0,0,0,0,0,0,1,0,2,7,51,13
3900,A1,2,20,0,3,0,0,0,0,0,0,0,0,0,1,0,2,1,3,1
3900,B0,0,1,19,1,0,0,0,0,0,0,0,0,0,1,0,1,2,11,2
3900,B1,1,2,2,1,0,0,0,0,0,0,0,0,0,1,0,1,31,162,52
3900,B2,1,0,2,19,0,0,0,0,0,0,0,0,0,1,0,1,4,64,4
3900,C1,18,1,2,0,0,0,0,0,0,0,0,0,0,1,0,2,7,51,13
3910,A1,1,20,0,3,0,0,0,0,0,0,0,0,0,0,1,2,1,3,1
3910,B0,0,1,20,2,0,0,0,0,0,0,0,0,0,0,1,1,2,11,2
3910,B1,1,1,2,1,0,0,0,0,0,0,0,0,0,0,1,1,31,162,52
3910,B2,1,0,4,20,0,0,0,0,0,0,0,0,0,0,1,1,4,64,4
3910,C1,15,1,2,0,0,0,0,0,0,0,0,0,0,0,1,2,7,51,13
3920,A1,1,20,0,1,0,0,0,0,0,0,0,0,0,0,1,2,1,3,1
3920,B0,0,3,18,5,0,0,0,0,0,0,0,0,0,0,1,1,2,11,2
3920,B1,1,1,1,2,0,0,0,0,0,0,0,0,0,0,1,1,31,162,52
3920,B2,1,0,1,20,0,0,0,0,0,0,0,0,0,0,1,1,4,64,4
3920,C1,16,2,1,0,0,0,0,0,0,0,0,0,0,0,1,2,7,51,13
3930,A1,2,20,0,2,0,0,0,0,0,0,0,0,0,0,1,2,1,3,1
3930,B0,0,4,18,3,0,0,0,0,0,0,0,0,0,0,1,1,2,11,2
3930,B1,1,1,3,1,0,0,0,0,0,0,0,0,0,0,1,1,31,162,52
3930,B2,2,0,4,18,0,0,0,0,0,0,0,0,0,0,1,1,4,64,4
3930,C1,19,3,2,0,0,0,0,0,0,0,0,0,0,0,1,2,7,51,13
3940,A1,2,20,0,3,0,0,0,0,0,0,0,0,0,1,0,2,1,3,1
3940,B0,0,2,18,3,0,0,0,0,0,0,0,0,0,1,0,1,2,11,2
3940,B1,1,1,3,2,0,0,0,0,0,0,0,0,0,1,0,1,31,162,52
3940,B2,1,0,2,19,0,0,0,0,0,0,0,0,0,1,0,1,4,64,4
3940,C1,20,2,3,0,0,0,0,0,0,0,0,0,0,1,0,2,7,51,13
3950,A1,1,19,0,3,0,0,0,0,0,0,0,0,0,1,0,2,1,3,1
3950,B0,0,1,20,3,0,0,0,0,0,0,0,0,0,1,0,1,2,11,2
3950,B1,2,2,3,2,0,0,0,0,0,0,0,0,0,1,0,1,31,162,52
3950,B2,1,0,2,19,0,0,0,0,0,0,0,0,0,1,0,1,4,64,4
3950,C1,18,1,3,0,0,0,0,0,0,0,0,0,0,1,0,2,7,51,13
3960,A1,2,19,0,2,0,0,0,0,0,0,0,0,1,0,1,2,1,3,1
3960,B0,0,1,20,1,0,0,0,0,0,0,0,0,0,0,1,1,2,11,2
3960,B1,2,1,2,1,0,0,0,1,0,0,0,0,0,0,1,1,32,172,52
3960,B2,1,0,1,20,0,0,0,0,0,0,0,0,0,0,1,1,4,64,4
3960,C1,18,1,2,0,0,0,0,0,0,0,0,0,0,0,1,2,7,51,13
3970,A1,2,19,0,1,0,0,0,0,0,0,0,0,0,0,1,2,1,3,1
3970,B0,0,2,20,1,0,0,0,0,0,0,0,0,0,0,1,1,2,11,2
3970,B1,2,1,1,1,0,0,0,0,0,0,0,0,0,0,1,2,32,178,55
3970,B2,3,0,1,19,0,0,0,0,0,0,0,0,0,0,1,1,4,64,4
3970,C1,18,3,1,0,0,0,0,0,0,0,0,0,0,0,1,2,7,51,13
3980,A1,3,20,0,1,0,0,0,0,0,0,0,0,0,1,0,2,1,3,1
3980,B0,0,3,19,1,0,0,0,0,0,0,0,0,0,1,0,1,2,11,2
3980,B1,2,2,3,2,0,0,0,0,0,0,0,0,0,1,0,1,32,178,55
3980,B2,3,0,1,19,0,0,0,0,0,0,0,0,0,1,0,1,4,64,4
3980,C1,20,2,1,0,0,0,0,0,0,0,0,0,0,1,0,2,7,51,13
3990,A1,3,19,0,1,0,0,0,0,0,0,0,0,0,1,0,2,1,3,1
3990,B0,0,3,20,1,0,0,0,0,0,0,0,0,0,1,0,1,2,11,2
3990,B1,1,2,1,2,0,0,0,0,0,0,0,0,0,1,0,1,32,178,55
3990,B2,1,0,1,19,0,0,0,0,0,0,0,0,0,1,0,1,4,64,4
3990,C1,19,1,1,0,0,0,0,0,0,0,0,0,0,1,0,2,7,51,13
4000,A1,2,19,0,1,0,0,0,0,0,0,0,0,0,1,0,2,1,3,1
4000,B0,0,2,20,3,0,0,0,0,0,0,0,0,0,1,0,1,2,11,2
4000,B1,2,2,1,2,0,0,0,0,0,0,0,0,0,1,0,2,32,178,55
4000,B2,1,0,4,19,0,0,0,0,0,0,0,0,0,1,0,1,4,64,4
4000,C1,18,2,1,0,0,0,0,0,0,0,0,0,0,1,0,2,7,51,13
4010,A1,5,19,0,3,0,0,0,0,0,0,0,0,0,0,1,2,1,3,1
4010,B0,0,2,20,2,0,0,0,0,0,0,0,0,0,0,1,1,2,11,2
4010,B1,2,2,1,3,0,0,0,0,0,0,0,0,0,0,1,1,32,178,55
4010,B2,1,0,4,20,0,0,0,0,0,0,0,0,0,0,1,1,4,64,4
4010,C1,19,1,1,0,0,0,0,0,0,0,0,0,0,0,1,2,7,51,13
4020,A1,7,20,0,2,0,0,0,0,0,0,0,0,0,0,1,2,1,3,1
4020,B0,0,3,19,1,0,0,0,0,0,0,0,0,0,0,1,1,2,11,2
4020,B1,2,2,1,2,0,0,0,0,0,0,0,0,0,0,1,2,32,178,55
4020,B2,3,0,1,20,0,0,0,0,0,0,0,0,0,0,1,1,4,64,4
4020,C1,20,3,1,0,0,0,0,0,0,0,0,0,0,0,1,2,7,51,13
4030,A1,7,20,0,2,0,0,0,0,0,0,0,0,0,1,0,2,1,3,1
4030,B0,0,3,19,1,0,0,0,0,0,0,0,0,0,1,0,1,3,19,4
4030,B1,1,2,1,2,0,0,0,0,0,0,0,0,0,1,0,1,33,186,57
4030,B2,2,0,2,20,0,0,0,0,0,0,0,0,0,1,0,1,4,64,4
4030,C1,20,2,2,0,0,0,0,0,0,0,0,0,0,1,0,2,7,51,13
4040,A1,3,20,0,3,0,0,0,0,0,0,0,0,0,1,0,2,1,3,1
4040,B0,0,2,19,2,0,0,0,0,0,0,0,0,0,1,0,1,3,19,4
4040,B1,4,2,1,3,0,0,0,0,0,0,0,0,0,1,0,2,33,186,57
4040,B2,1,0,3,20,0,0,0,0,0,0,0,0,0,1,0,1,4,64,4
4040,C1,20,2,2,0,0,0,0,0,0,0,0,0,0,1,0,2,7,51,13
4050,A1,3,19,0,2,0,0,0,0,0,0,0,0,0,0,1,2,1,3,1
4050,B0,0,2,20,1,0,0,0,0,0,0,0,0,0,0,1,1,3,19,4
4050,B1,3,1,1,2,0,0,0,0,0,0,0,0,0,0,1,2,33,186,57
4050,B2,2,0,3,21,0,0,0,0,0,0,0,0,0,0,1,1,4,64,4
4050,C1,20,2,2,0,0,0,0,0,0,0,0,0,0,0,1,2,8,52,14
4060,A1,4,19,0,1,0,0,0,0,0,0,0,0,0,0,1,2,1,3,1
4060,B0,0,2,20,1,0,0,0,0,0,0,0,0,0,0,1,1,3,19,4
4060,B1,3,1,1,1,0,0,0,0,0,0,0,0,0,0,1,2,33,186,57
4060,B2,2,0,1,21,0,0,0,0,0,0,0,0,0,0,1,1,4,64,4
4060,C1,20,3,1,0,0,0,0,0,0,0,0,0,0,0,1,2,8,52,14
4070,A1,5,19,0,3,0,0,0,0,0,0,0,0,0,0,1,2,1,3,1
4070,B0,0,2,18,1,0,0,0,0,0,0,0,0,0,0,1,1,3,19,4
4070,B1,3,1,2,1,0,0,0,0,0,0,0,0,0,0,1,2,33,186,57
4070,B2,2,0,1,20,0,0,0,0,0,0,0,0,0,0,1,1,4,64,4
4070,C1,20,5,1,0,0,0,0,0,0,0,0,0,0,0,1,2,8,52,14
4080,A1,2,20,0,5,0,0,0,0,0,0,0,0,0,1,0,2,1,3,1
4080,B0,0,1,19,1,0,0,0,0,0,0,0,0,0,1,0,1,3,19,4
4080,B1,1,1,2,1,0,0,0,0,0,0,0,0,0,1,0,1,33,186,57
4080,B2,1,0,1,20,0,0,0,0,0,0,0,0,0,1,0,1,4,64,4
4080,C1,20,3,1,0,0,0,0,0,0,0,0,0,0,1,0,2,8,52,14
4090,A1,1,18,0,4,0,0,0,0,0,0,0,0,0,1,0,2,1,3,1
4090,B0,0,1,20,2,0,0,0,0,0,0,0,0,0,1,0,1,3,19,4
4090,B1,1,2,2,1,0,0,0,0,0,0,0,0,0,1,0,1,33,186,57
4090,B2,2,0,2,20,0,0,0,0,0,0,0,0,0,1,0,1,4,64,4
4090,C1,20,1,2,0,0,0,0,0,0,0,0,0,0,1,0,2,8,52,14
4100,A1,1,20,0,4,0,0,0,0,0,0,0,0,0,0,1,2,1,3,1
4100,B0,0,1,20,1,0,0,0,0,0,0,0,0,0,0,1,1,3,19,4
4100,B1,1,3,1,1,0,0,0,0,0,0,0,0,0,0,1,2,34,190,58
4100,B2,3,0,3,20,0,0,0,0,0,0,0,0,0,0,1,1,4,64,4
4100,C1,20,1,3,0,0,0,0,0,0,0,0,0,0,0,1,2,8,52,14
4110,A1,1,20,0,1,0,0,0,0,0,0,0,0,0,0,1,2,1,3,1
4110,B0,0,2,20,2,0,0,0,0,0,0,0,0,0,0,1,1,3,19,4
4110,B1,1,1,1,1,0,0,0,0,0,0,0,0,0,0,1,1,34,190,58
4110,B2,3,0,1,20,0,0,0,0,0,0,0,0,0,0,1,1,4,64,4
4110,C1,20,1,4,0,0,0,0,0,0,0,0,0,0,0,1,2,8,52,14
4120,A1,4,20,0,1,0,0,0,0,0,0,0,0,0,1,0,2,1,3,1
4120,B0,0,1,20,3,0,0,0,0,0,0,0,0,0,1,0,1,3,19,4
4120,B1,1,2,1,1,0,0,0,0,0,0,0,0,0,1,0,2,34,190,58
4120,B2,3,0,1,19,0,0,0,0,0,0,0,0,0,1,0,1,4,64,4
4120,C1,20,1,5,0,0,0,0,0,0,0,0,0,0,1,0,2,8,52,14
4130,A1,3,19,0,1,0,0,0,0,0,0,0,0,0,1,0,2,1,3,1
4130,B0,0,1,20,2,0,0,0,0,0,0,0,0,0,1,0,1,3,19,4
4130,B1,1,1,1,1,0,0,0,0,0,0,0,0,0,1,0,1,34,190,58
4130,B2,1,0,1,19,0,0,0,0,0,0,0,0,0,1,0,1,4,64,4
4130,C1,17,3,4,0,0,0,0,0,0,0,0,0,0,1,0,2,8,52,14
4140,A1,1,19,0,2,0,0,0,0,0,0,0,0,0,0,1,2,1,3,1
4140,B0,0,1,20,5,0,0,0,0,0,0,0,0,0,0,1,1,3,19,4
4140,B1,1,1,1,1,0,0,0,0,0,0,0,0,0,0,1,1,34,190,58
4140,B2,1,0,4,20,0,0,0,0,0,0,0,0,0,0,1,1,4,64,4
4140,C1,14,2,5,0,0,0,0,0,0,0,0,0,0,0,1,2,8,52,14
4150,A1,1,20,0,1,0,0,0,0,0,0,0,0,0,0,1,2,1,3,1
4150,B0,0,2,20,2,0,0,0,0,0,0,0,0,0,0,1,1,3,19,4
4150,B1,1,1,2,3,0,0,0,0,0,0,0,0,0,0,1,1,34,190,58
4150,B2,1,0,2,20,0,0,0,0,0,0,0,0,0,0,1,1,4,64,4
4150,C1,16,2,6,0,0,0,0,0,0,0,0,0,0,0,1,2,8,52,14
4160,A1,2,20,0,1,0,0,0,0,0,0,0,0,0,0,1,2,1,3,1
4160,B0,0,2,20,2,0,0,0,0,0,0,0,0,0,0,1,1,3,19,4
4160,B1,1,1,2,3,0,0,0,0,0,0,0,0,0,0,1,1,34,190,58
4160,B2,1,0,1,20,0,0,0,0,0,0,0,0,0,0,1,1,4,64,4
4160,C1,19,2,5,0,0,0,0,0,0,0,0,0,0,0,1,2,8,52,14
4170,A1,4,20,0,1,0,0,0,0,0,0,0,0,0,1,0,2,1,3,1
4170,B0,0,1,20,1,0,0,0,0,0,0,0,0,0,1,0,1,3,19,4
4170,B1,1,1,1,3,0,0,0,0,0,0,0,0,0,1,0,1,35,191,59
4170,B2,1,0,2,20,0,0,0,0,0,0,0,0,0,1,0,1,4,64,4
4170,C1,20,2,7,0,0,0,0,0,0,0,0,0,0,1,0,2,8,52,14
4180,A1,2,19,0,1,0,0,0,0,0,0,0,0,0,1,0,2,1,3,1
4180,B0,0,1,20,1,0,0,0,0,0,0,0,0,0,1,0,1,3,19,4
4180,B1,3,1,1,3,0,0,0,0,0,0,0,0,0,1,0,1,35,191,59
4180,B2,1,0,3,20,0,0,0,0,0,0,0,0,0,1,0,1,4,64,4
4180,C1,19,3,8,0,0,0,0,0,0,0,0,0,0,1,0,2,8,52,14
4190,A1,1,19,0,1,0,0,0,0,0,0,0,0,0,0,1,2,1,3,1
4190,B0,0,1,20,1,0,0,0,0,0,0,0,0,0,0,1,1,3,19,4
4190,B1,3,2,2,5,0,0,0,0,0,0,0,0,0,0,1,1,35,191,59
4190,B2,1,0,2,20,0,0,0,0,0,0,0,0,0,0,1,1,4,64,4
4190,C1,19,2,6,0,0,0,0,0,0,0,0,0,0,0,1,2,8,52,14
4200,A1,2,19,0,1,0,0,0,0,0,0,0,0,0,0,1,2,1,3,1
4200,B0,0,1,17,1,0,0,0,0,0,0,0,0,0,0,1,1,3,19,4
4200,B1,3,1,4,1,0,0,0,0,0,0,0,0,0,0,1,1,35,191,59
4200,B2,2,0,1,19,0,0,0,0,0,0,0,0,0,0,1,1,4,64,4
4200,C1,19,4,2,0,0,0,0,0,0,0,0,0,0,0,1,2,8,52,14
4210,A1,2,21,0,1,0,0,0,0,0,0,0,0,0,1,0,2,1,3,1
4210,B0,0,2,16,2,0,0,0,0,0,0,0,0,0,1,0,1,3,19,4
4210,B1,2,2,3,1,0,0,0,0,0,0,0,0,0,1,0,1,35,191,59
4210,B2,1,0,1,18,0,0,0,0,0,0,0,0,0,1,0,1,4,64,4
4210,C1,20,4,1,0,0,0,0,0,0,0,0,0,0,1,0,2,8,52,14
4220,A1,1,21,0,3,0,0,0,0,0,0,0,0,0,1,0,2,1,3,1
4220,B0,0,1,18,2,0,0,0,0,0,0,0,0,0,1,0,1,3,19,4
4220,B1,2,1,3,1,0,0,0,0,0,0,0,0,0,1,0,1,35,191,59
4220,B2,2,0,1,19,0,0,0,0,0,0,0,0,0,1,0,1,4,64,4
4220,C1,20,2,1,0,0,0,0,0,0,0,0,0,0,1,0,2,8,52,14
4230,A1,1,19,0,3,0,0,0,0,0,0,0,0,0,1,0,2,1,3,1
4230,B0,0,1,20,3,0,0,0,0,0,0,0,0,0,1,0,1,3,19,4
4230,B1,1,2,3,1,0,0,0,0,0,0,0,0,0,1,0,1,35,191,59
4230,B2,1,0,2,19,0,0,0,0,0,0,0,0,0,1,0,1,4,64,4
4230,C1,19,1,2,0,0,0,0,0,0,0,0,0,0,1,0,2,8,52,14
4240,A1,1,19,0,1,0,0,0,0,0,0,0,0,0,0,1,2,1,3,1
4240,B0,0,1,20,2,0,0,0,0,0,0,0,0,0,0,1,1,3,19,4
4240,B1,1,2,3,3,0,0,0,0,0,0,0,0,0,0,1,1,35,191,59
4240,B2,4,0,1,19,0,0,0,0,0,0,0,0,0,0,1,1,4,64,4
4240,C1,20,1,1,0,0,0,0,0,0,0,0,0,0,0,1,2,8,52,14
4250,A1,2,20,0,1,0,0,0,0,0,0,0,0,0,0,1,2,1,3,1
4250,B0,0,1,20,1,0,0,0,0,0,0,0,0,0,0,1,1,3,19,4
4250,B1,1,2,3,1,0,0,0,0,0,0,0,0,0,0,1,1,35,191,59
4250,B2,4,0,2,17,0,0,0,0,0,0,0,0,0,0,1,1,4,64,4
4250,C1,20,1,1,0,0,0,0,0,0,0,0,0,0,0,1,2,8,52,14
4260,A1,1,20,0,2,0,0,0,0,0,0,0,0,0,1,0,2,1,3,1
4260,B0,0,1,20,2,0,0,0,0,0,0,0,0,0,1,0,1,3,19,4
4260,B1,2,1,3,1,0,0,0,0,0,0,0,0,0,1,0,1,35,191,59
4260,B2,3,0,2,17,0,0,0,0,0,0,0,0,0,1,0,1,4,64,4
4260,C1,20,1,1,0,0,0,0,0,0,0,0,0,0,1,0,2,8,52,14
4270,A1,2,20,0,4,0,0,0,0,0,0,0,0,0,1,0,2,1,3,1
4270,B0,0,1,20,1,0,0,0,0,0,0,0,0,0,1,0,1,3,19,4
4270,B1,1,1,3,1,0,0,0,0,0,0,0,0,0,1,0,1,35,191,59
4270,B2,1,0,2,18,0,0,0,0,0,0,0,0,0,1,0,1,4,64,4
4270,C1,17,1,2,0,0,0,0,0,0,0,0,0,0,1,0,2,8,52,14
4280,A1,1,19,0,4,0,0,0,0,0,0,0,0,0,0,1,2,1,3,1
4280,B0,0,1,20,2,0,0,0,0,0,0,0,0,0,0,1,1,3,19,4
4280,B1,1,3,3,1,0,0,0,0,0,0,0,0,0,0,1,1,36,195,60
4280,B2,3,0,2,20,0,0,0,0,0,0,0,0,0,0,1,1,4,64,4
4280,C1,17,1,1,0,0,0,0,0,0,0,0,0,0,0,1,2,8,52,14
4290,A1,1,19,0,1,0,0,0,0,0,0,0,0,0,0,1,2,1,3,1
4290,B0,0,1,20,1,0,0,0,0,0,0,0,0,0,0,1,1,3,19,4
4290,B1,1,1,2,2,0,0,0,0,0,0,0,0,0,0,1,1,36,195,60
4290,B2,3,0,3,20,0,0,0,0,0,0,0,0,0,0,1,1,4,64,4
4290,C1,18,1,1,0,0,0,0,0,0,0,0,0,0,0,1,2,8,52,14
4300,A1,4,19,0,1,0,0,0,0,0,0,0,0,0,0,1,2,1,3,1
4300,B0,0,2,19,2,0,0,0,0,0,0,0,0,0,0,1,1,3,19,4
4300,B1,1,1,2,3,0,0,0,0,0,0,0,0,0,0,1,1,36,195,60
4300,B2,4,0,1,18,0,0,0,0,0,0,0,0,0,0,1,1,4,64,4
4300,C1,20,2,2,0,0,0,0,0,0,0,0,0,0,0,1,2,8,52,14
4310,A1,2,20,0,1,0,0,0,0,0,0,0,0,0,1,0,2,1,3,1
4310,B0,0,1,20,2,0,0,0,0,0,0,0,0,0,1,0,1,3,19,4
4310,B1,1,2,2,3,0,0,0,0,0,0,0,0,0,1,0,1,37,208,61
4310,B2,3,0,2,19,0,0,0,0,0,0,0,0,0,1,0,1,4,64,4
4310,C1,20,1,2,0,0,0,0,0,0,0,0,0,0,1,0,2,8,52,14
4320,A1,1,20,0,2,0,0,0,0,0,0,0,0,0,1,0,2,1,3,1
4320,B0,0,1,20,2,0,0,0,0,0,0,0,0,0,1,0,1,3,19,4
4320,B1,1,1,2,3,0,0,0,0,0,0,0,0,0,1,0,1,37,208,61
4320,B2,1,0,3,19,0,0,0,0,0,0,0,0,0,1,0,1,4,64,4
4320,C1,19,1,2,0,0,0,0,0,0,0,0,0,0,1,0,2,8,52,14
4330,A1,1,19,0,1,0,0,0,0,0,0,0,0,0,0,1,2,2,6,2
4330,B0,0,1,20,2,0,0,0,0,0,0,0,0,0,0,1,1,3,19,4
4330,B1,1,1,2,2,0,0,0,0,0,0,0,0,0,0,1,1,37,208,61
4330,B2,2,0,4,20,0,0,0,0,0,0,0,0,0,0,1,1,4,64,4
4330,C1,20,2,3,0,0,0,0,0,0,0,0,0,0,0,1,2,8,52,14
4340,A1,2,19,0,1,0,0,0,0,0,0,0,0,0,0,1,2,2,6,2
4340,B0,0,2,17,1,0,0,0,0,0,0,0,0,0,0,1,1,3,19,4
4340,B1,1,1,4,1,0,0,0,0,0,0,0,0,0,0,1,1,37,208,61
4340,B2,2,0,2,20,0,0,0,0,0,0,0,0,0,0,1,1,4,64,4
4340,C1,20,3,4,0,0,0,0,0,0,0,0,0,0,0,1,2,8,52,14
4350,A1,4,19,0,2,0,0,0,0,0,0,0,0,0,1,0,2,2,6,2
4350,B0,0,1,16,2,0,0,0,0,0,0,0,0,0,1,0,1,3,19,4
4350,B1,2,1,3,1,0,0,0,0,0,0,0,0,0,1,0,1,37,208,61
4350,B2,1,0,2,19,0,0,0,0,0,0,0,0,0,1,0,1,4,64,4
4350,C1,19,2,5,0,0,0,0,0,0,0,0,0,0,1,0,2,8,52,14
4360,A1,1,20,0,3,0,0,0,0,0,0,0,0,0,1,0,2,2,6,2
4360,B0,0,1,17,2,0,0,0,0,0,0,0,0,0,1,0,1,3,19,4
4360,B1,2,2,3,1,0,0,0,0,0,0,0,0,0,1,0,1,37,208,61
4360,B2,1,0,2,19,0,0,0,0,0,0,0,0,0,1,0,1,4,64,4
4360,C1,17,1,6,0,0,0,0,0,0,0,0,0,0,1,0,2,8,52,14
4370,A1,1,19,0,3,0,0,0,0,0,0,0,0,0,0,1,2,2,6,2
4370,B0,0,1,20,3,0,0,0,0,0,0,0,0,0,0,1,1,3,19,4
4370,B1,2,2,3,1,0,0,0,0,0,0,0,0,0,0,1,1,37,208,61
4370,B2,3,0,3,19,0,0,0,0,0,0,0,0,0,0,1,1,4,64,4
4370,C1,18,2,6,0,0,0,0,0,0,0,0,0,0,0,1,2,8,52,14
4380,A1,1,19,0,1,0,0,0,0,0,0,0,0,0,0,1,2,2,6,2
4380,B0,0,3,19,1,0,0,0,0,0,0,0,0,0,0,1,1,3,19,4
4380,B1,2,2,1,2,0,0,0,0,0,0,0,0,0,0,1,2,37,208,61
4380,B2,2,0,1,19,0,0,0,0,0,0,0,0,0,0,1,1,4,64,4
4380,C1,18,2,6,0,0,0,0,0,0,0,0,0,0,0,1,2,8,52,14
4390,A1,3,20,0,1,0,0,0,0,0,0,0,0,0,0,1,2,2,6,2
4390,B0,0,3,15,1,0,0,0,0,0,0,0,0,0,0,1,1,3,19,4
4390,B1,2,2,1,2,0,0,0,0,0,0,0,0,0,0,1,2,37,208,61
4390,B2,2,0,1,18,0,0,0,0,0,0,0,0,0,0,1,1,4,64,4
4390,C1,20,4,2,0,0,0,0,0,0,0,0,0,0,0,1,2,8,52,14
4400,A1,3,21,0,1,0,0,0,0,0,0,0,0,0,1,0,2,2,6,2
4400,B0,0,2,16,1,0,0,0,0,0,0,0,0,0,1,0,1,3,19,4
4400,B1,1,2,1,1,0,0,0,0,0,0,0,0,0,1,0,2,37,208,61
4400,B2,1,0,2,19,0,0,0,0,0,0,0,0,0,1,0,1,4,64,4
4400,C1,17,2,6,0,0,0,0,0,0,0,0,0,0,1,0,2,8,52,14
4410,A1,1,18,0,2,0,0,0,0,0,0,0,0,0,1,0,2,2,6,2
4410,B0,0,1,18,2,0,0,0,0,0,0,0,0,0,1,0,1,3,19,4
4410,B1,2,3,1,1,0,0,0,0,0,0,0,0,0,1,0,2,37,208,61
4410,B2,1,0,2,19,0,0,0,0,0,0,0,0,0,1,0,1,4,64,4
4410,C1,17,1,5,0,0,0,0,0,0,0,0,0,0,1,0,2,8,52,14
4420,A1,1,18,0,2,0,0,0,0,0,0,0,0,0,0,1,2,2,6,2
4420,B0,0,1,20,1,0,0,0,0,0,0,0,0,0,0,1,1,3,19,4
4420,B1,2,2,2,1,0,0,0,0,0,0,0,0,0,0,1,2,37,208,61
4420,B2,3,0,4,19,0,0,0,0,0,0,0,0,0,0,1,1,4,64,4
4420,C1,17,2,5,0,0,0,0,0,0,0,0,0,0,0,1,2,8,52,14
4430,A1,1,18,0,1,0,0,0,0,0,0,0,0,0,0,1,2,2,6,2
4430,B0,0,1,19,1,0,0,0,0,0,0,0,0,0,0,1,1,3,19,4
4430,B1,2,2,2,2,0,0,0,0,0,0,0,0,0,0,1,1,37,208,61
4430,B2,4,0,4,19,0,0,0,0,0,0,0,0,0,0,1,1,4,64,4
4430,C1,20,2,6,0,0,0,0,0,0,0,0,0,0,0,1,2,8,52,14
4440,A1,4,20,0,1,0,0,0,0,0,0,0,0,0,1,0,2,2,6,2
4440,B0,0,1,19,1,0,0,0,0,0,0,0,0,0,1,0,1,3,19,4
4440,B1,1,2,1,2,0,0,0,0,0,0,0,0,0,1,0,1,37,208,61
4440,B2,4,0,2,19,0,0,0,0,0,0,0,0,0,1,0,1,4,64,4
4440,C1,20,1,6,0,0,0,0,0,0,0,0,0,0,1,0,2,8,52,14
4450,A1,3,17,0,1,0,0,0,0,0,0,0,0,0,1,0,2,2,6,2
4450,B0,0,1,19,4,0,0,0,0,0,0,0,0,0,1,0,1,3,19,4
4450,B1,1,1,1,2,0,0,0,0,0,0,0,0,0,1,0,1,37,208,61
4450,B2,1,0,2,20,0,0,0,0,0,0,0,0,0,1,0,1,4,64,4
4450,C1,20,3,6,0,0,0,0,0,0,0,0,0,0,1,0,2,8,52,14
4460,A1,2,14,0,2,0,0,0,0,0,0,0,0,0,1,0,2,2,6,2
4460,B0,0,1,20,4,0,0,0,0,0,0,0,0,0,1,0,1,3,19,4
4460,B1,2,1,1,2,0,0,0,0,0,0,0,0,0,1,0,1,37,208,61
4460,B2,1,0,3,20,0,0,0,0,0,0,0,0,0,1,0,1,4,64,4
4460,C1,18,2,8,0,0,0,0,0,0,0,0,0,0,1,0,2,8,52,14
4470,A1,1,15,0,2,0,0,0,0,0,0,0,0,0,0,1,2,2,6,2
4470,B0,0,2,20,1,0,0,0,0,0,0,0,0,0,0,1,1,3,19,4
4470,B1,2,1,4,1,0,0,0,0,0,0,0,0,0,0,1,1,37,208,61
4470,B2,2,0,2,20,0,0,0,0,0,0,0,0,0,0,1,1,4,64,4
4470,C1,19,2,8,0,0,0,0,0,0,0,0,0,0,0,1,2,8,52,14
4480,A1,1,19,0,1,0,0,0,0,0,0,0,0,0,0,1,2,2,6,2
4480,B0,0,4,19,1,0,0,0,0,0,0,0,0,0,0,1,1,3,19,4
4480,B1,2,1,5,3,0,0,0,0,0,0,0,0,0,0,1,1,37,208,61
4480,B2,2,0,1,18,0,0,0,0,0,0,0,0,0,0,1,1,4,64,4
4480,C1,19,2,8,0,0,0,0,0,0,0,0,0,0,0,1,2,8,52,14
4490,A1,1,20,0,1,0,0,0,0,0,0,0,0,0,1,0,2,2,6,2
4490,B0,0,3,19,3,0,0,0,0,0,0,0,0,0,1,0,1,3,19,4
4490,B1,1,1,4,2,0,0,0,0,0,0,0,0,0,1,0,1,37,208,61
4490,B2,1,0,1,17,0,0,0,0,0,0,0,0,0,1,0,1,4,64,4
4490,C1,20,4,8,0,0,0,0,0,0,0,0,0,0,1,0,2,8,52,14
4500,A1,1,18,0,1,0,0,0,0,0,0,0,0,0,1,0,2,2,6,2
4500,B0,0,4,19,5,0,0,0,0,0,0,0,0,0,1,0,1,3,19,4
4500,B1,1,2,4,2,0,0,0,0,0,0,0,0,0,1,0,1,37,208,61
4500,B2,1,0,2,18,0,0,0,0,0,0,0,0,0,1,0,1,4,64,4
4500,C1,20,5,9,0,0,0,0,0,0,0,0,0,0,1,0,2,8,52,14
4510,A1,1,16,0,2,0,0,0,0,0,0,0,0,0,0,1,2,2,6,2
4510,B0,0,5,20,4,0,0,0,0,0,0,0,0,0,0,1,1,3,19,4
4510,B1,1,3,4,2,0,0,0,0,0,0,0,0,0,0,1,1,37,208,61
4510,B2,1,0,1,20,0,0,0,0,0,0,0,0,0,0,1,1,4,64,4
4510,C1,20,3,7,0,0,0,0,0,0,0,0,0,0,0,1,2,8,52,14
4520,A1,3,18,0,1,0,0,0,0,0,0,0,0,0,0,1,2,2,6,2
4520,B0,0,4,20,2,0,0,0,0,0,0,0,0,0,0,1,1,3,19,4
4520,B1,1,3,4,1,0,0,0,0,0,0,0,0,0,0,1,1,37,208,61
4520,B2,2,0,1,17,0,0,0,0,0,0,0,0,0,0,1,1,4,64,4
4520,C1,20,5,7,0,0,0,0,0,0,0,0,0,0,0,1,2,8,52,14
4530,A1,6,19,0,1,0,0,0,0,0,0,0,0,0,0,1,2,2,6,2
4530,B0,0,4,19,1,0,0,0,0,0,0,0,0,0,0,1,1,3,19,4
4530,B1,1,3,3,1,0,0,0,0,0,0,0,0,0,0,1,1,37,208,61
4530,B2,3,0,1,13,0,0,0,0,0,0,0,0,0,0,1,1,4,64,4
4530,C1,20,6,7,0,0,0,0,0,0,0,0,0,0,0,1,2,8,52,14
4540,A1,1,17,0,1,0,0,0,0,0,0,0,0,0,1,0,2,2,6,2
4540,B0,0,1,20,1,0,0,0,0,0,0,0,0,0,1,0,1,3,19,4
4540,B1,1,2,3,1,0,0,0,0,0,0,0,0,0,1,0,1,37,208,61
4540,B2,2,0,4,16,0,0,0,0,0,0,0,0,0,1,0,1,4,64,4
4540,C1,20,2,10,0,0,0,0,0,0,0,0,0,0,1,0,2,8,52,14
4550,A1,1,17,0,1,0,0,0,0,0,0,0,0,0,1,0,2,2,6,2
4550,B0,0,2,20,2,0,0,0,0,0,0,0,0,0,1,0,1,3,19,4
4550,B1,1,2,3,1,0,0,0,0,0,0,0,0,0,1,0,1,37,208,61
4550,B2,2,0,2,19,0,0,0,0,0,0,0,0,0,1,0,1,4,64,4
4550,C1,20,2,10,0,0,0,0,0,0,0,0,0,0,1,0,2,8,52,14
4560,A1,1,18,0,1,0,0,0,0,0,0,0,0,0,0,1,2,2,6,2
4560,B0,0,5,20,2,0,0,0,0,0,0,0,0,0,0,1,1,3,19,4
4560,B1,2,2,5,1,0,0,0,0,0,0,0,0,0,0,1,1,37,208,61
4560,B2,1,0,4,19,0,0,0,0,0,0,0,0,0,0,1,1,4,64,4
4560,C1,20,2,11,0,0,0,0,0,0,0,0,0,0,0,1,2,8,52,14
4570,A1,2,20,0,2,0,0,0,0,0,0,0,0,0,0,1,2,2,6,2
4570,B0,0,6,19,2,0,0,0,0,0,0,0,0,0,0,1,1,3,19,4
4570,B1,1,2,4,1,0,0,0,0,0,0,0,0,0,0,1,1,37,208,61
4570,B2,1,0,1,15,0,0,0,0,0,0,0,0,0,0,1,1,4,64,4
4570,C1,20,4,12,0,0,0,0,0,0,0,0,0,0,0,1,2,8,52,14
4580,A1,5,20,0,2,0,0,0,0,0,0,0,0,0,1,0,2,2,6,2
4580,B0,0,6,19,2,0,0,0,0,0,0,0,0,0,1,0,1,3,19,4
4580,B1,2,3,1,2,0,0,0,0,0,0,0,0,0,1,0,2,37,208,61
4580,B2,2,0,1,14,0,0,0,0,0,0,0,0,0,1,0,1,4,64,4
4580,C1,20,1,13,0,0,0,0,0,0,0,0,0,0,1,0,2,9,55,16
4590,A1,1,20,0,3,0,0,0,0,0,0,0,0,0,1,0,2,2,6,2
4590,B0,0,3,19,3,0,0,0,0,0,0,0,0,0,1,0,1,3,19,4
4590,B1,1,5,1,2,0,0,0,0,0,0,0,0,0,1,0,2,37,208,61
4590,B2,2,0,1,17,0,0,0,0,0,0,0,0,0,1,0,1,4,64,4
4590,C1,19,1,15,0,0,0,0,0,0,0,0,0,0,1,0,2,9,55,16
4600,A1,1,18,0,3,0,0,0,0,2,0,0,0,0,0,1,1,3,7,2
4600,B0,0,2,20,6,0,0,0,0,0,0,0,0,0,0,1,1,3,19,4
4600,B1,2,5,2,2,0,0,0,0,0,0,0,1,0,0,1,2,37,208,61
4600,B2,2,0,1,20,0,0,0,0,0,0,0,0,0,0,1,1,4,64,4
4600,C1,19,2,15,0,0,0,0,0,0,0,0,0,0,0,1,2,9,55,16
4610,A1,3,19,0,1,0,0,0,0,0,0,0,0,0,0,1,2,3,14,4
4610,B0,0,3,20,2,0,0,0,0,0,0,0,0,0,0,1,1,3,19,4
4610,B1,2,4,1,1,0,0,0,0,0,0,0,0,0,0,1,2,37,208,61
4610,B2,2,0,1,19,0,0,0,0,0,0,0,0,0,0,1,1,4,64,4
4610,C1,20,2,14,0,0,0,0,0,0,0,0,0,0,0,1,2,9,55,16
4620,A1,4,19,0,1,0,0,0,0,0,0,0,0,0,0,1,2,3,14,4
4620,B0,0,3,20,3,0,0,0,0,0,0,0,0,0,0,1,1,3,19,4
4620,B1,2,4,2,1,0,0,0,0,0,0,0,0,0,0,1,2,37,208,61
4620,B2,3,0,1,17,0,0,0,0,0,0,0,0,0,0,1,1,4,64,4
4620,C1,20,2,13,0,0,0,0,0,0,0,0,0,0,0,1,2,9,55,16
4630,A1,3,20,0,1,0,0,0,0,0,0,0,0,0,1,0,2,3,14,4
4630,B0,0,2,20,3,0,0,0,0,0,0,0,0,0,1,0,1,3,19,4
4630,B1,1,3,2,1,0,0,0,0,0,0,0,0,0,1,0,2,37,208,61
4630,B2,1,0,3,18,0,0,0,0,0,0,0,0,0,1,0,1,4,64,4
4630,C1,17,1,14,0,0,0,0,0,0,0,0,0,0,1,0,2,9,55,16
4640,A1,2,20,0,1,0,0,0,0,0,0,0,0,0,1,0,2,3,14,4
4640,B0,0,1,20,3,0,0,0,0,0,0,0,0,0,1,0,1,3,19,4
4640,B1,3,3,2,1,0,0,0,0,0,0,0,0,0,1,0,2,37,208,61
4640,B2,1,0,4,19,0,0,0,0,0,0,0,0,0,1,0,1,4,64,4
4640,C1,13,2,14,0,0,0,0,0,0,0,0,0,0,1,0,2,9,55,16
4650,A1,2,20,0,1,0,0,0,0,0,0,0,0,0,0,1,2,3,14,4
4650,B0,0,3,20,2,0,0,0,0,0,0,0,0,0,0,1,1,3,19,4
4650,B1,3,1,1,1,0,0,0,0,0,0,0,0,0,0,1,2,38,209,62
4650,B2,1,0,3,20,0,0,0,0,0,0,0,0,0,0,1,1,4,64,4
4650,C1,13,5,13,0,0,0,0,0,0,0,0,0,0,0,1,2,9,55,16
4660,A1,5,20,0,1,0,0,0,0,0,0,0,0,0,0,1,2,3,14,4
4660,B0,0,3,19,2,0,0,0,0,0,0,0,0,0,0,1,1,3,19,4
4660,B1,3,1,2,2,0,0,0,0,0,0,0,0,0,0,1,1,38,209,62
4660,B2,2,0,4,20,0,0,0,0,0,0,0,0,0,0,1,1,4,64,4
4660,C1,17,2,11,0,0,0,0,0,0,0,0,0,0,0,1,2,9,55,16
4670,A1,5,20,0,1,0,0,0,0,0,0,0,0,0,1,0,2,3,14,4
4670,B0,0,2,18,1,0,0,0,0,0,0,0,0,0,1,0,1,3,19,4
4670,B1,3,2,2,2,0,0,0,0,0,0,0,0,0,1,0,2,38,209,62
4670,B2,2,0,1,17,0,0,0,0,0,0,0,0,0,1,0,1,4,64,4
4670,C1,20,2,9,0,0,0,0,0,0,0,0,0,0,1,0,2,9,55,16
4680,A1,2,20,0,1,0,0,0,0,0,0,0,0,0,1,0,2,3,14,4
4680,B0,0,1,19,1,0,0,0,0,0,0,0,0,0,1,0,1,3,19,4
4680,B1,3,2,2,2,0,0,0,0,0,0,0,0,0,1,0,2,38,209,62
4680,B2,2,0,1,18,0,0,0,0,0,0,0,0,0,1,0,1,4,64,4
4680,C1,20,1,9,0,0,0,0,0,0,0,0,0,0,1,0,2,9,55,16
4690,A1,2,19,0,2,0,0,0,0,0,0,0,0,0,1,0,2,3,14,4
4690,B0,0,1,20,1,0,0,0,0,0,0,0,0,0,1,0,1,3,19,4
4690,B1,1,2,2,2,0,0,0,0,0,0,0,0,0,1,0,1,38,209,62
4690,B2,2,0,2,20,0,0,0,0,0,0,0,0,0,1,0,1,4,64,4
4690,C1,20,2,9,0,0,0,0,0,0,0,0,0,0,1,0,2,9,55,16
4700,A1,4,19,0,1,0,0,0,0,0,0,0,0,1,0,1,2,3,14,4
4700,B0,0,1,18,1,0,0,0,0,0,0,0,0,0,0,1,1,3,19,4
4700,B1,1,2,1,2,0,0,0,1,0,0,0,0,0,0,1,1,39,227,62
4700,B2,2,0,2,20,0,0,0,0,0,0,0,0,0,0,1,1,4,64,4
4700,C1,20,3,7,0,0,0,0,0,0,0,0,0,0,0,1,2,9,55,16
4710,A1,5,20,0,1,0,0,0,0,0,0,0,0,0,0,1,2,3,14,4
4710,B0,0,2,16,1,0,0,0,0,0,0,0,0,0,0,1,1,3,19,4
4710,B1,1,2,1,2,0,0,0,0,0,0,0,0,0,0,1,1,39,230,64
4710,B2,3,0,2,20,0,0,0,0,0,0,0,0,0,0,1,1,4,64,4
4710,C1,20,1,5,0,0,0,0,0,0,0,0,0,0,0,1,2,9,55,16
4720,A1,4,21,0,1,0,0,0,0,0,0,0,0,0,1,0,2,3,14,4
4720,B0,0,3,16,1,0,0,0,0,0,0,0,0,0,1,0,1,3,19,4
4720,B1,2,1,1,3,0,0,0,0,0,0,0,0,0,1,0,1,39,230,64
4720,B2,1,0,3,20,0,0,0,0,0,0,0,0,0,1,0,1,4,64,4
4720,C1,20,2,4,0,0,0,0,0,0,0,0,0,0,1,0,2,9,55,16
4730,A1,2,21,0,2,0,0,0,0,0,0,0,0,0,1,0,2,3,14,4
4730,B0,0,1,19,2,0,0,0,0,0,0,0,0,0,1,0,1,3,19,4
4730,B1,5,2,1,1,0,0,0,0,0,0,0,0,0,1,0,2,39,230,64
4730,B2,1,0,2,20,0,0,0,0,0,0,0,0,0,1,0,1,4,64,4
4730,C1,19,3,4,0,0,0,0,0,0,0,0,0,0,1,0,2,9,55,16
4740,A1,1,20,0,1,0,0,0,0,0,0,0,0,0,0,1,2,3,14,4
4740,B0,0,2,20,2,0,0,0,0,0,0,0,0,0,0,1,1,3,19,4
4740,B1,3,2,1,1,0,0,0,0,0,0,0,0,0,0,1,2,39,230,64
4740,B2,1,0,4,20,0,0,0,0,0,0,0,0,0,0,1,1,4,64,4
4740,C1,18,4,4,0,0,0,0,0,0,0,0,0,0,0,1,2,9,55,16
4750,A1,2,20,0,2,0,0,0,0,0,0,0,0,0,0,1,2,3,14,4
4750,B0,0,1,20,1,0,0,0,0,0,0,0,0,0,0,1,1,3,19,4
4750,B1,3,2,2,1,0,0,0,0,0,0,0,0,0,0,1,2,39,230,64
4750,B2,1,0,2,20,0,0,0,0,0,0,0,0,0,0,1,1,4,64,4
4750,C1,18,1,1,0,0,0,0,0,0,0,0,0,0,0,1,2,9,55,16
4760,A1,2,20,0,1,0,0,0,0,0,0,0,0,0,0,1,2,3,14,4
4760,B0,0,3,18,1,0,0,0,0,0,0,0,0,0,0,1,1,3,19,4
4760,B1,3,2,1,1,0,0,0,0,0,0,0,0,0,0,1,2,39,230,64
4760,B2,2,0,1,19,0,0,0,0,0,0,0,0,0,0,1,1,4,64,4
4760,C1,20,3,1,0,0,0,0,0,0,0,0,0,0,0,1,2,9,55,16
4770,A1,3,18,0,2,0,0,0,0,0,0,0,0,0,1,0,2,3,14,4
4770,B0,0,1,19,1,0,0,0,0,0,0,0,0,0,1,0,1,3,19,4
4770,B1,3,3,1,1,0,0,0,0,0,0,0,0,0,1,0,2,39,230,64
4770,B2,1,0,1,20,0,0,0,0,0,0,0,0,0,1,0,1,4,64,4
4770,C1,19,1,1,0,0,0,0,0,0,0,0,0,0,1,0,2,9,55,16
4780,A1,3,16,0,4,0,0,0,0,0,0,0,0,0,1,0,2,3,14,4
4780,B0,0,1,20,3,0,0,0,0,0,0,0,0,0,1,0,1,3,19,4
4780,B1,1,6,1,1,0,0,0,0,0,0,0,0,0,1,0,2,39,230,64
4780,B2,1,0,3,20,0,0,0,0,0,0,0,0,0,1,0,1,4,64,4
4780,C1,18,3,1,0,0,0,0,0,0,0,0,0,0,1,0,2,9,55,16
4790,A1,1,16,0,1,0,0,0,0,0,0,0,0,0,0,1,2,3,14,4
4790,B0,0,1,18,3,0,0,0,0,0,0,0,0,0,0,1,1,3,19,4
4790,B1,1,5,1,1,0,0,0,0,0,0,0,0,0,0,1,2,39,230,64
4790,B2,3,0,3,20,0,0,0,0,0,0,0,0,0,0,1,1,4,64,4
4790,C1,19,4,1,0,0,0,0,0,0,0,0,0,0,0,1,2,9,55,16
4800,A1,4,18,0,2,0,0,0,0,0,0,0,0,0,0,1,2,3,14,4
4800,B0,0,1,18,1,0,0,0,0,0,0,0,0,0,0,1,1,3,19,4
4800,B1,1,5,1,2,0,0,0,0,0,0,0,0,0,0,1,2,39,230,64
4800,B2,3,0,2,20,0,0,0,0,0,0,0,0,0,0,1,1,4,64,4
4800,C1,20,2,1,0,0,0,0,0,0,0,0,0,0,0,1,2,9,55,16
4810,A1,4,20,0,2,0,0,0,0,0,0,0,0,0,1,0,2,3,14,4
4810,B0,0,2,18,1,0,0,0,0,0,0,0,0,0,1,0,1,3,19,4
4810,B1,3,5,4,3,0,0,0,0,0,0,0,0,0,1,0,1,39,230,64
4810,B2,4,0,2,20,0,0,0,0,0,0,0,0,0,1,0,1,4,64,4
4810,C1,20,5,1,0,0,0,0,0,0,0,0,0,0,1,0,2,9,55,16
4820,A1,1,20,0,3,0,0,0,0,0,0,0,0,0,1,0,2,3,14,4
4820,B0,0,1,20,1,0,0,0,0,0,0,0,0,0,1,0,1,3,19,4
4820,B1,2,3,4,4,0,0,0,0,0,0,0,0,0,1,0,1,39,230,64
4820,B2,1,0,4,20,0,0,0,0,0,0,0,0,0,1,0,1,4,64,4
4820,C1,20,1,3,0,0,0,0,0,0,0,0,0,0,1,0,2,9,55,16
4830,A1,1,19,0,4,0,0,0,0,2,0,0,0,0,0,1,1,4,15,4
4830,B0,0,2,20,2,0,0,0,0,0,0,0,0,0,0,1,1,3,19,4
4830,B1,1,3,4,4,0,0,0,0,0,0,0,1,0,0,1,1,39,230,64
4830,B2,1,0,4,20,0,0,0,0,0,0,0,0,0,0,1,1,4,64,4
4830,C1,19,1,3,0,0,0,0,0,0,0,0,0,0,0,1,2,9,55,16
4840,A1,2,20,0,2,0,0,0,0,0,0,0,0,0,0,1,2,4,15,6
4840,B0,0,2,19,1,0,0,0,0,0,0,0,0,0,0,1,1,3,19,4
4840,B1,1,3,3,1,0,0,0,0,0,0,0,0,0,0,1,1,39,230,64
4840,B2,1,0,1,20,0,0,0,0,0,0,0,0,0,0,1,1,4,64,4
4840,C1,20,2,3,0,0,0,0,0,0,0,0,0,0,0,1,2,9,55,16
4850,A1,1,20,0,1,0,0,0,0,0,0,0,0,0,0,1,2,4,15,6
4850,B0,0,3,18,1,0,0,0,0,0,0,0,0,0,0,1,1,3,19,4
4850,B1,1,3,3,3,0,0,0,0,0,0,0,0,0,0,1,1,39,230,64
4850,B2,3,0,2,17,0,0,0,0,0,0,0,0,0,0,1,1,4,64,4
4850,C1,20,3,3,0,0,0,0,0,0,0,0,0,0,0,1,2,9,55,16
4860,A1,2,20,0,3,0,0,0,0,0,0,0,0,0,1,0,2,4,15,6
4860,B0,0,1,18,1,0,0,0,0,0,0,0,0,0,1,0,1,3,19,4
4860,B1,1,1,2,1,0,0,0,0,0,0,0,0,0,1,0,1,39,230,64
4860,B2,4,0,2,18,0,0,0,0,0,0,0,0,0,1,0,1,5,65,5
4860,C1,19,3,5,0,0,0,0,0,0,0,0,0,0,1,0,2,9,55,16
4870,A1,1,17,0,6,0,0,0,0,0,0,0,0,0,1,0,2,4,15,6
4870,B0,0,1,20,2,0,0,0,0,0,0,0,0,0,1,0,1,3,19,4
4870,B1,1,1,2,1,0,0,0,0,0,0,0,0,0,1,0,1,39,230,64
4870,B2,1,0,4,19,0,0,0,0,0,0,0,0,0,1,0,1,5,65,5
4870,C1,19,3,5,0,0,0,0,0,0,0,0,0,0,1,0,2,9,55,16
4880,A1,1,17,0,5,0,0,0,0,0,0,0,0,0,0,1,2,4,15,6
4880,B0,0,1,20,2,0,0,0,0,0,0,0,0,0,0,1,1,3,19,4
4880,B1,2,1,2,1,0,0,0,0,0,0,0,0,0,0,1,1,39,230,64
4880,B2,1,0,3,20,0,0,0,0,0,0,0,0,0,0,1,1,5,65,5
4880,C1,19,2,4,0,0,0,0,0,0,0,0,0,0,0,1,2,9,55,16
4890,A1,2,18,0,1,0,0,0,0,0,0,0,0,0,0,1,2,4,15,6
4890,B0,0,1,19,2,0,0,0,0,0,0,0,0,0,0,1,1,3,19,4
4890,B1,2,1,2,1,0,0,0,0,0,0,0,0,0,0,1,1,39,230,64
4890,B2,1,0,3,20,0,0,0,0,0,0,0,0,0,0,1,1,5,65,5
4890,C1,20,2,1,0,0,0,0,0,0,0,0,0,0,0,1,2,9,55,16
4900,A1,3,20,0,1,0,0,0,0,0,0,0,0,0,1,0,2,4,15,6
4900,B0,0,1,18,1,0,0,0,0,0,0,0,0,0,1,0,1,3,19,4
4900,B1,2,1,2,1,0,0,0,0,0,0,1,0,0,1,0,1,39,230,64
4900,B2,1,0,1,19,0,1,0,0,0,0,0,0,0,1,0,2,6,68,5
4900,C1,20,4,1,0,0,0,0,0,0,0,0,0,0,1,0,2,9,55,16
4910,A1,2,20,0,1,0,0,0,0,0,0,0,0,0,1,0,2,4,15,6
4910,B0,0,1,19,2,0,0,0,0,0,0,0,0,0,1,0,1,3,19,4
4910,B1,1,3,2,1,0,0,0,0,0,0,0,0,0,1,0,2,39,230,64
4910,B2,2,0,2,19,0,0,0,0,0,0,0,0,0,1,0,1,6,68,6
4910,C1,20,1,1,0,0,0,0,0,0,0,0,0,0,1,0,2,9,55,16
4920,A1,1,19,0,2,0,0,0,0,0,0,0,0,0,1,0,2,4,15,6
4920,B0,0,1,20,6,0,0,0,0,0,0,0,0,0,1,0,1,3,19,4
4920,B1,1,2,2,1,0,0,0,0,0,0,0,0,0,1,0,1,39,230,64
4920,B2,1,0,2,20,0,0,0,0,0,0,0,0,0,1,0,1,6,68,6
4920,C1,19,1,1,0,0,0,0,0,0,0,0,0,0,1,0,2,9,55,16
4930,A1,3,20,0,1,0,0,0,0,0,0,0,0,0,0,1,2,4,15,6
4930,B0,0,2,20,4,0,0,0,0,0,0,0,0,0,0,1,1,3,19,4
4930,B1,1,2,1,1,0,0,0,0,0,0,0,0,0,0,1,2,39,230,64
4930,B2,2,0,1,19,0,0,0,0,0,0,0,0,0,0,1,1,6,68,6
4930,C1,20,3,1,0,0,0,0,0,0,0,0,0,0,0,1,2,9,55,16
4940,A1,2,20,0,1,0,0,0,0,0,0,0,0,0,0,1,2,4,15,6
4940,B0,0,2,20,2,0,0,0,0,0,0,0,0,0,0,1,1,3,19,4
4940,B1,1,2,1,1,0,0,0,0,0,0,0,0,0,0,1,2,39,230,64
4940,B2,1,0,1,18,0,0,0,0,0,0,0,0,0,0,1,1,6,68,6
4940,C1,20,2,1,0,0,0,0,0,0,0,0,0,0,0,1,2,9,55,16
4950,A1,1,20,0,2,0,0,0,0,0,0,0,0,0,1,0,2,4,15,6
4950,B0,0,2,20,5,0,0,0,0,0,0,0,0,0,1,0,1,3,19,4
4950,B1,3,3,1,1,0,0,0,0,0,0,0,0,0,1,0,2,39,230,64
4950,B2,1,0,2,18,0,0,0,0,0,0,0,0,0,1,0,1,6,68,6
4950,C1,20,1,1,0,0,0,0,0,0,0,0,0,0,1,0,2,9,55,16
4960,A1,4,18,0,2,0,0,0,0,0,0,0,0,0,1,0,2,4,15,6
4960,B0,0,1,20,6,0,0,0,0,0,0,0,0,0,1,0,1,3,19,4
4960,B1,1,4,1,1,0,0,0,0,0,0,0,0,0,1,0,2,39,230,64
4960,B2,1,0,2,19,0,0,0,0,0,0,0,0,0,1,0,1,6,68,6
4960,C1,19,1,2,0,0,0,0,0,0,0,0,0,0,1,0,2,9,55,16
4970,A1,3,17,0,1,0,0,0,0,0,0,0,0,0,0,1,2,4,15,6
4970,B0,0,2,20,5,0,0,0,0,0,0,0,0,0,0,1,1,3,19,4
4970,B1,2,2,1,1,0,0,0,0,0,0,0,0,0,0,1,2,40,234,65
4970,B2,2,0,3,20,0,0,0,0,0,0,0,0,0,0,1,1,6,68,6
4970,C1,19,1,1,0,0,0,0,0,0,0,0,0,0,0,1,2,9,55,16
4980,A1,1,17,0,1,0,0,0,0,0,0,0,0,0,0,1,2,4,15,6
4980,B0,0,2,20,2,0,0,0,0,0,0,0,0,0,0,1,1,3,19,4
4980,B1,2,1,2,1,0,0,0,0,0,0,0,0,0,0,1,1,40,234,65
4980,B2,2,0,1,20,0,0,0,0,0,0,0,0,0,0,1,1,6,68,6
4980,C1,19,3,1,0,0,0,0,0,0,0,0,0,0,0,1,2,9,55,16
4990,A1,3,20,0,2,0,0,0,0,0,0,0,0,0,0,1,2,4,15,6
4990,B0,0,3,19,2,0,0,0,0,0,0,0,0,0,0,1,1,3,19,4
4990,B1,4,1,3,2,0,0,0,0,0,0,0,0,0,0,1,1,40,234,65
4990,B2,3,0,1,19,0,0,0,0,0,0,0,0,0,0,1,1,6,68,6
4990,C1,20,3,2,0,0,0,0,0,0,0,0,0,0,0,1,2,9,55,16
5000,A1,2,19,0,2,0,0,0,0,0,0,0,0,0,1,0,2,4,15,6
5000,B0,0,1,20,2,0,0,0,0,0,0,0,0,0,1,0,1,3,19,4
5000,B1,1,2,3,1,0,0,0,0,0,0,0,0,0,1,0,1,41,242,67
5000,B2,1,0,1,20,0,0,0,0,0,0,0,0,0,1,0,1,6,68,6
5000,C1,19,1,2,0,0,0,0,0,0,0,0,0,0,1,0,2,9,55,16
5010,A1,1,18,0,2,0,0,0,0,0,0,0,0,0,1,0,2,4,15,6
5010,B0,0,1,20,3,0,0,0,0,0,0,0,0,0,1,0,1,3,19,4
5010,B1,1,2,3,1,0,0,0,0,0,0,0,0,0,1,0,1,41,242,67
5010,B2,1,0,2,20,0,0,0,0,0,0,0,0,0,1,0,1,6,68,6
5010,C1,18,2,3,0,0,0,0,0,0,0,0,0,0,1,0,2,9,55,16
5020,A1,2,18,0,1,0,0,0,0,0,0,0,0,0,0,1,2,4,15,6
5020,B0,0,1,20,2,0,0,0,0,0,0,0,0,0,0,1,1,3,19,4
5020,B1,2,1,3,1,0,0,0,0,0,0,0,0,0,0,1,1,41,242,67
5020,B2,1,0,1,20,0,0,0,0,0,0,0,0,0,0,1,1,6,68,6
5020,C1,18,3,2,0,0,0,0,0,0,0,0,0,0,0,1,2,9,55,16
5030,A1,4,19,0,1,0,0,0,0,0,0,0,0,0,0,1,2,4,15,6
5030,B0,0,1,20,1,0,0,0,0,0,0,0,0,0,0,1,1,3,19,4
5030,B1,2,1,3,1,0,0,0,0,0,0,0,0,0,0,1,1,41,242,67
5030,B2,1,0,2,18,0,0,0,0,0,0,0,0,0,0,1,1,6,68,6
5030,C1,20,2,1,0,0,0,0,0,0,0,0,0,0,0,1,2,9,55,16
5040,A1,5,20,0,1,0,0,0,0,0,0,0,0,0,1,0,2,4,15,6
5040,B0,0,1,20,1,0,0,0,0,0,0,0,0,0,1,0,1,3,19,4
5040,B1,1,2,2,1,0,0,0,0,0,0,0,0,0,1,0,1,41,242,67
5040,B2,1,0,1,18,0,0,0,0,0,0,0,0,0,1,0,1,6,68,6
5040,C1,19,3,2,0,0,0,0,0,0,0,0,0,0,1,0,2,9,55,16
5050,A1,3,20,0,2,0,0,0,0,0,0,0,0,0,1,0,2,4,15,6
5050,B0,0,1,20,3,0,0,0,0,0,0,0,0,0,1,0,1,3,19,4
5050,B1,2,2,2,1,0,0,0,0,0,0,0,0,0,1,0,2,41,242,67
5050,B2,1,0,1,18,0,0,0,0,0,0,0,0,0,1,0,1,6,68,6
5050,C1,19,2,3,0,0,0,0,0,0,0,0,0,0,1,0,2,9,55,16
5060,A1,1,19,0,2,0,0,0,0,0,0,0,0,0,0,1,2,4,15,6
5060,B0,0,4,20,2,0,0,0,0,0,0,0,0,0,0,1,1,3,19,4
5060,B1,1,2,2,1,0,0,0,0,0,0,0,0,0,0,1,1,41,242,67
5060,B2,1,0,2,20,0,0,0,0,0,0,0,0,0,0,1,1,6,68,6
5060,C1,19,2,3,0,0,0,0,0,0,0,0,0,0,0,1,2,9,55,16
5070,A1,1,20,0,1,0,0,0,0,0,0,0,0,0,0,1,2,4,15,6
5070,B0,0,4,20,1,0,0,0,0,0,0,0,0,0,0,1,1,3,19,4
5070,B1,1,2,1,3,0,0,0,0,0,0,0,0,0,0,1,1,41,242,67
5070,B2,1,0,1,18,0,0,0,0,0,0,0,0,0,0,1,1,6,68,6
5070,C1,20,5,1,0,0,0,0,0,0,0,0,0,0,0,1,2,9,55,16
5080,A1,2,20,0,1,0,0,0,0,0,0,0,0,0,0,1,2,4,15,6
5080,B0,0,4,19,2,0,0,0,0,0,0,0,0,0,0,1,1,3,19,4
5080,B1,1,2,2,1,0,0,0,0,0,0,0,0,0,0,1,1,41,242,67
5080,B2,1,0,2,15,0,0,0,0,0,0,0,0,0,0,1,1,6,68,6
5080,C1,20,6,1,0,0,0,0,0,0,0,0,0,0,0,1,2,9,55,16
5090,A1,5,20,0,1,0,0,0,0,0,0,0,0,0,1,0,2,4,15,6
5090,B0,0,2,19,2,0,0,0,0,0,0,0,0,0,1,0,1,3,19,4
5090,B1,1,2,2,1,0,0,0,0,0,0,0,0,0,1,0,1,41,242,67
5090,B2,1,0,2,16,0,0,0,0,0,0,0,0,0,1,0,1,6,68,6
5090,C1,20,3,1,0,0,0,0,0,0,0,0,0,0,1,0,2,9,55,16
5100,A1,4,18,0,1,0,0,0,0,0,0,0,0,0,1,0,2,4,15,6
5100,B0,0,1,19,3,0,0,0,0,0,0,0,0,0,1,0,1,3,19,4
5100,B1,1,3,2,1,0,0,0,0,0,0,0,0,0,1,0,2,41,242,67
5100,B2,1,0,2,19,0,0,0,0,0,0,0,0,0,1,0,1,6,68,6
5100,C1,18,1,1,0,0,0,0,0,0,0,0,0,0,1,0,2,9,55,16
5110,A1,1,18,0,1,0,0,0,0,0,0,0,0,0,0,1,2,4,15,6
5110,B0,0,2,20,4,0,0,0,0,0,0,0,0,0,0,1,1,3,19,4
5110,B1,1,2,2,2,0,0,0,0,0,0,0,0,0,0,1,1,41,242,67
5110,B2,2,0,4,20,0,0,0,0,0,0,0,0,0,0,1,1,6,68,6
5110,C1,18,1,1,0,0,0,0,0,0,0,0,0,0,0,1,2,9,55,16
5120,A1,1,18,0,1,0,0,0,0,0,0,0,0,0,0,1,2,4,15,6
5120,B0,0,3,20,2,0,0,0,0,0,0,0,0,0,0,1,1,3,19,4
5120,B1,1,2,1,2,0,0,0,0,0,0,0,0,0,0,1,1,41,242,67
5120,B2,3,0,2,20,0,0,0,0,0,0,0,0,0,0,1,1,6,68,6
5120,C1,18,1,2,0,0,0,0,0,0,0,0,0,0,0,1,2,9,55,16
5130,A1,3,20,0,1,0,0,0,0,0,0,0,0,0,1,0,2,4,15,6
5130,B0,0,3,19,2,0,0,0,0,0,0,1,0,0,1,0,1,3,19,4
5130,B1,2,2,2,2,0,1,0,0,0,0,0,0,0,1,0,2,42,246,67
5130,B2,3,0,1,20,0,0,0,0,0,0,0,0,0,1,0,1,6,68,6
5130,C1,20,1,3,0,0,0,0,0,0,0,0,0,0,1,0,2,9,55,16
5140,A1,1,19,0,2,0,0,0,0,0,0,0,0,0,1,0,2,4,15,6
5140,B0,0,2,20,2,0,0,0,0,0,0,0,0,0,1,0,1,3,19,4
5140,B1,1,1,2,2,0,0,0,0,0,0,0,0,0,1,0,1,42,246,68
5140,B2,1,0,1,20,0,0,0,0,0,0,0,0,0,1,0,1,6,68,6
5140,C1,18,1,3,0,0,0,0,0,0,0,0,0,0,1,0,2,9,55,16
5150,A1,2,18,0,3,0,0,0,0,0,0,0,0,0,1,0,2,4,15,6
5150,B0,0,1,20,3,0,0,0,0,0,0,0,0,0,1,0,1,3,19,4
5150,B1,2,1,3,2,0,0,0,0,0,0,0,0,0,1,0,1,42,246,68
5150,B2,1,0,1,20,0,0,0,0,0,0,0,0,0,1,0,1,6,68,6
5150,C1,15,1,4,0,0,0,0,0,0,0,0,0,0,1,0,2,9,55,16
5160,A1,2,18,0,1,0,0,0,0,0,0,0,0,0,0,1,2,4,15,6
5160,B0,0,1,20,2,0,0,0,0,0,0,0,0,0,0,1,1,3,19,4
5160,B1,2,1,2,1,0,0,0,0,0,0,0,0,0,0,1,1,42,246,68
5160,B2,2,0,3,20,0,0,0,0,0,0,0,0,0,0,1,1,6,68,6
5160,C1,17,4,2,0,0,0,0,0,0,0,0,0,0,0,1,2,9,55,16
5170,A1,4,19,0,1,0,0,0,0,0,0,0,0,0,0,1,2,4,15,6
5170,B0,0,1,18,1,0,0,0,0,0,0,0,0,0,0,1,1,3,19,4
5170,B1,2,1,1,2,0,0,0,0,0,0,0,0,0,0,1,1,42,246,68
5170,B2,2,0,1,20,0,0,0,0,0,0,0,0,0,0,1,1,6,68,6
5170,C1,19,4,2,0,0,0,0,0,0,0,0,0,0,0,1,2,9,55,16
5180,A1,3,20,0,1,0,0,0,0,0,0,0,0,0,1,0,2,4,15,6
5180,B0,0,1,19,1,0,0,0,0,0,0,0,0,0,1,0,1,3,19,4
5180,B1,2,1,1,2,0,0,0,0,0,0,0,0,0,1,0,1,43,247,69
5180,B2,2,0,1,20,0,0,0,0,0,0,0,0,0,1,0,1,6,68,6
5180,C1,19,3,3,0,0,0,0,0,0,0,0,0,0,1,0,2,9,55,16
5190,A1,2,20,0,1,0,0,0,0,0,0,0,0,0,1,0,2,4,15,6
5190,B0,0,1,19,2,0,0,0,0,0,0,0,0,0,1,0,1,3,19,4
5190,B1,3,1,1,2,0,0,0,0,0,0,0,0,0,1,0,2,43,247,69
5190,B2,2,0,1,20,0,0,0,0,0,0,0,0,0,1,0,1,6,68,6
5190,C1,19,2,3,0,0,0,0,0,0,0,0,0,0,1,0,2,9,55,16
5200,A1,3,20,0,1,0,0,0,0,0,0,0,0,0,0,1,2,4,15,6
5200,B0,0,2,20,2,0,0,0,0,0,0,0,0,0,0,1,1,3,19,4
5200,B1,2,1,5,3,0,0,0,0,0,0,0,0,0,0,1,1,43,247,69
5200,B2,2,0,3,20,0,0,0,0,0,0,0,0,0,0,1,1,6,68,6
5200,C1,19,1,3,0,0,0,0,0,0,0,0,0,0,0,1,2,9,55,16
5210,A1,3,20,0,1,0,0,0,0,0,0,0,0,0,0,1,2,4,15,6
5210,B0,0,2,19,1,0,0,0,0,0,0,0,0,0,0,1,1,3,19,4
5210,B1,3,1,1,5,0,0,0,0,0,0,0,0,0,0,1,1,43,247,69
5210,B2,2,0,4,19,0,0,0,0,0,0,0,0,0,0,1,1,6,68,6
5210,C1,20,1,1,0,0,0,0,0,0,0,0,0,0,0,1,2,9,55,16
5220,A1,5,20,0,1,0,0,0,0,0,0,0,0,0,0,1,2,4,15,6
5220,B0,0,2,18,1,0,0,0,0,0,0,0,0,0,0,1,1,3,19,4
5220,B1,3,1,2,4,0,0,0,0,0,0,0,0,0,0,1,1,43,247,69
5220,B2,2,0,1,18,0,0,0,0,0,0,0,0,0,0,1,1,6,68,6
5220,C1,20,2,2,0,0,0,0,0,0,0,0,0,0,0,1,2,9,55,16
5230,A1,2,20,0,1,0,0,0,0,0,0,0,0,0,1,0,2,4,15,6
5230,B0,0,2,18,1,0,0,0,0,0,0,0,0,0,1,0,1,3,19,4
5230,B1,1,1,2,3,0,0,0,0,0,0,0,0,0,1,0,1,44,258,70
5230,B2,1,0,1,19,0,0,0,0,0,0,0,0,0,1,0,1,6,68,6
5230,C1,19,2,3,0,0,0,0,0,0,0,0,0,0,1,0,2,9,55,16
5240,A1,1,20,0,1,0,0,0,0,0,0,0,0,0,1,0,2,4,15,6
5240,B0,0,1,19,2,0,0,0,0,0,0,0,0,0,1,0,1,3,19,4
5240,B1,4,1,1,3,0,0,0,0,0,0,0,0,0,1,0,2,44,258,70
5240,B2,1,0,4,20,0,0,0,0,0,0,0,0,0,1,0,1,6,68,6
5240,C1,15,1,3,0,0,0,0,0,0,0,0,0,0,1,0,2,9,55,16
5250,A1,1,20,0,1,0,0,0,0,0,0,0,0,0,0,1,2,4,15,6
5250,B0,0,2,20,2,0,0,0,0,0,0,0,0,0,0,1,1,3,19,4
5250,B1,1,1,2,3,0,0,0,0,0,0,0,0,0,0,1,1,44,258,70
5250,B2,3,0,3,20,0,0,0,0,0,0,0,0,0,0,1,1,6,68,6
5250,C1,16,3,1,0,0,0,0,0,0,0,0,0,0,0,1,2,9,55,16
5260,A1,2,20,0,1,0,0,0,0,0,0,0,0,0,0,1,2,4,15,6
5260,B0,0,2,20,2,0,0,0,0,0,0,0,0,0,0,1,1,3,19,4
5260,B1,1,1,1,4,0,0,0,0,0,0,0,0,0,0,1,1,44,258,70
5260,B2,4,0,2,20,0,0,0,0,0,0,0,0,0,0,1,1,6,68,6
5260,C1,18,2,2,0,0,0,0,0,0,0,0,0,0,0,1,2,9,55,16
5270,A1,1,20,0,2,0,0,0,0,0,0,0,0,0,1,0,2,4,15,6
5270,B0,0,1,20,2,0,0,0,0,0,0,0,0,0,1,0,1,3,19,4
5270,B1,1,1,1,4,0,0,0,0,0,0,0,0,0,1,0,1,44,258,70
5270,B2,3,0,1,19,0,0,0,0,0,0,0,0,0,1,0,1,6,68,6
5270,C1,20,3,2,0,0,0,0,0,0,0,0,0,0,1,0,2,9,55,16
5280,A1,2,17,0,3,0,0,0,0,0,0,0,0,0,1,0,2,4,15,6
5280,B0,0,1,20,1,0,0,0,0,0,0,0,0,0,1,0,1,3,19,4
5280,B1,1,3,1,4,0,0,0,0,0,0,0,0,0,1,0,1,44,258,70
5280,B2,1,0,1,19,0,0,0,0,0,0,0,0,0,1,0,1,6,68,6
5280,C1,19,1,2,0,0,0,0,0,0,0,0,0,0,1,0,2,9,55,16
5290,A1,3,16,0,3,0,0,0,0,0,0,0,0,0,0,1,2,4,15,6
5290,B0,0,2,20,2,0,0,0,0,0,0,0,0,0,0,1,1,3,19,4
5290,B1,1,4,1,4,0,0,0,0,0,0,0,0,0,0,1,2,45,259,71
5290,B2,1,0,3,20,0,0,0,0,0,0,0,0,0,0,1,1,6,68,6
5290,C1,17,1,3,0,0,0,0,0,0,0,0,0,0,0,1,2,9,55,16
5300,A1,2,18,0,1,0,0,0,0,0,0,0,0,0,0,1,2,4,15,6
5300,B0,0,3,19,1,0,0,0,0,0,0,0,0,0,0,1,1,3,19,4
5300,B1,1,1,3,3,0,0,0,0,0,0,0,0,0,0,1,1,45,259,71
5300,B2,2,0,3,20,0,0,0,0,0,0,0,0,0,0,1,1,6,68,6
5300,C1,18,3,3,0,0,0,0,0,0,0,0,0,0,0,1,2,9,55,16
5310,A1,3,20,0,1,0,0,0,0,0,0,0,0,0,0,1,2,4,15,6
5310,B0,0,4,19,1,0,0,0,0,0,0,0,0,0,0,1,1,3,19,4
5310,B1,1,1,1,3,0,0,0,0,0,0,0,0,0,0,1,1,45,259,71
5310,B2,2,0,2,18,0,0,0,0,0,0,0,0,0,0,1,1,6,68,6
5310,C1,20,3,2,0,0,0,0,0,0,0,0,0,0,0,1,2,9,55,16
5320,A1,5,20,0,2,0,0,0,0,0,0,0,0,0,1,0,2,4,15,6
5320,B0,0,3,19,1,0,0,0,0,0,0,0,0,0,1,0,1,4,31,6
5320,B1,2,1,2,3,0,0,0,0,0,0,0,0,0,1,0,1,46,262,72
5320,B2,2,0,2,19,0,0,0,0,0,0,0,0,0,1,0,1,6,68,6
5320,C1,20,1,2,0,0,0,0,0,0,0,0,0,0,1,0,2,9,55,16
5330,A1,1,17,0,3,0,0,0,0,0,0,0,0,0,1,0,2,4,15,6
5330,B0,0,2,20,2,0,0,0,0,0,0,0,0,0,1,0,1,4,31,6
5330,B1,1,2,2,2,0,0,0,0,0,0,0,0,0,1,0,1,46,262,72
5330,B2,1,0,3,20,0,0,0,0,0,0,0,0,0,1,0,1,6,68,6
5330,C1,20,3,3,0,0,0,0,0,0,0,0,0,0,1,0,2,9,55,16
5340,A1,2,17,0,2,0,0,0,0,0,0,0,0,0,0,1,2,4,15,6
5340,B0,0,2,20,1,0,0,0,0,0,0,0,0,0,0,1,1,4,31,6
5340,B1,2,2,4,2,0,0,0,0,0,0,0,0,0,0,1,1,46,262,72
5340,B2,1,0,1,20,0,0,0,0,0,0,0,0,0,0,1,1,6,68,6
5340,C1,20,2,2,0,0,0,0,0,0,0,0,0,0,0,1,2,9,55,16
5350,A1,2,18,0,2,0,0,0,0,0,0,0,0,0,0,1,2,4,15,6
5350,B0,0,2,18,1,0,0,0,0,0,0,0,0,0,0,1,1,4,31,6
5350,B1,2,2,5,2,0,0,0,0,0,0,0,0,0,0,1,1,46,262,72
5350,B2,1,0,2,19,0,0,0,0,0,0,0,0,0,0,1,1,6,68,6
5350,C1,20,2,1,0,0,0,0,0,0,0,0,0,0,0,1,2,9,55,16
5360,A1,2,20,0,1,0,0,0,0,0,0,0,0,0,1,0,2,4,15,6
5360,B0,0,2,16,1,0,0,0,0,0,0,0,0,0,1,0,1,4,31,6
5360,B1,1,2,4,1,0,0,0,0,0,0,0,0,0,1,0,1,47,265,74
5360,B2,1,0,1,19,0,0,0,0,0,0,0,0,0,1,0,1,6,68,6
5360,C1,20,2,1,0,0,0,0,0,0,0,0,0,0,1,0,2,9,55,16
5370,A1,1,20,0,3,0,0,0,0,0,0,0,0,0,1,0,2,4,15,6
5370,B0,0,3,17,4,0,0,0,0,0,0,0,0,0,1,0,1,4,31,6
5370,B1,2,3,4,1,0,0,0,0,0,0,0,0,0,1,0,1,47,265,74
5370,B2,1,0,3,19,0,0,0,0,0,0,0,0,0,1,0,1,6,68,6
5370,C1,19,4,2,0,0,0,0,0,0,0,0,0,0,1,0,2,9,55,16
5380,A1,1,16,0,4,0,0,0,0,0,0,0,0,0,1,0,2,4,15,6
5380,B0,0,1,20,5,0,0,0,0,0,0,0,0,0,1,0,1,4,31,6
5380,B1,1,4,5,2,0,0,0,0,0,0,0,0,0,1,0,1,47,265,74
5380,B2,1,0,1,20,0,0,0,0,0,0,0,0,0,1,0,1,6,68,6
5380,C1,18,2,1,0,0,0,0,0,0,0,0,0,0,1,0,2,9,55,16
5390,A1,1,17,0,1,0,0,0,0,0,0,0,0,0,0,1,2,4,15,6
5390,B0,0,2,20,3,0,0,0,0,0,0,0,0,0,0,1,1,4,31,6
5390,B1,2,4,4,2,0,0,0,0,0,0,0,0,0,0,1,1,47,265,74
5390,B2,1,0,3,18,0,0,0,0,0,0,0,0,0,0,1,1,6,68,6
5390,C1,19,1,1,0,0,0,0,0,0,0,0,0,0,0,1,2,9,55,16
5400,A1,2,18,0,1,0,0,0,0,0,0,0,0,0,0,1,2,4,15,6
5400,B0,0,3,20,1,0,0,0,0,0,0,0,0,0,0,1,1,4,31,6
5400,B1,2,4,3,3,0,0,0,0,0,0,0,0,0,0,1,1,47,265,74
5400,B2,1,0,2,15,0,0,0,0,0,0,0,0,0,0,1,1,6,68,6
5400,C1,20,3,2,0,0,0,0,0,0,0,0,0,0,0,1,2,9,55,16
5410,A1,1,20,0,1,0,0,0,0,0,0,0,0,0,1,0,2,4,15,6
5410,B0,0,3,20,1,0,0,0,0,0,0,0,0,0,1,0,1,4,31,6
5410,B1,2,2,3,3,0,0,0,0,0,0,0,0,0,1,0,1,47,265,74
5410,B2,3,0,4,15,0,0,0,0,0,0,0,0,0,1,0,1,6,68,6
5410,C1,20,2,1,0,0,0,0,0,0,0,0,0,0,1,0,2,9,55,16
5420,A1,1,16,0,1,0,0,0,0,0,0,0,0,0,1,0,2,4,15,6
5420,B0,0,1,20,1,0,0,0,0,0,0,0,0,0,1,0,1,4,31,6
5420,B1,1,6,3,3,0,0,0,0,0,0,0,0,0,1,0,1,47,265,74
5420,B2,3,0,2,18,0,0,0,0,0,0,0,0,0,1,0,1,6,68,6
5420,C1,18,3,2,0,0,0,0,0,0,0,0,0,0,1,0,2,9,55,16
5430,A1,1,15,0,1,0,0,0,0,0,0,0,0,1,0,1,2,4,15,6
5430,B0,0,1,20,3,0,0,0,0,0,0,0,0,0,0,1,1,5,35,7
5430,B1,1,4,2,2,0,0,0,2,0,0,0,0,0,0,1,1,48,271,74
5430,B2,2,0,3,20,0,0,0,0,0,0,0,0,0,0,1,1,6,68,6
5430,C1,17,1,1,0,0,0,0,0,0,0,0,0,0,0,1,2,9,55,16
5440,A1,2,16,0,2,0,0,0,0,0,0,0,0,0,0,1,2,4,15,6
5440,B0,0,3,19,1,0,0,0,0,0,0,0,0,0,0,1,1,5,35,7
5440,B1,1,4,1,1,0,0,0,0,0,0,0,0,0,0,1,2,48,279,77
5440,B2,3,0,1,20,0,0,0,0,0,0,0,0,0,0,1,1,6,68,6
5440,C1,17,1,2,0,0,0,0,0,0,0,0,0,0,0,1,2,9,55,16
5450,A1,4,20,0,2,0,0,0,0,0,0,0,0,0,0,1,2,4,15,6
5450,B0,0,4,18,1,0,0,0,0,0,0,0,0,0,0,1,1,5,35,7
5450,B1,1,4,1,2,0,0,0,0,0,0,0,0,0,0,1,2,48,279,77
5450,B2,3,0,1,19,0,0,0,0,0,0,0,0,0,0,1,1,6,68,6
5450,C1,20,1,2,0,0,0,0,0,0,0,0,0,0,0,1,2,9,55,16
5460,A1,2,20,0,4,0,0,0,0,0,0,0,0,0,1,0,2,4,15,6
5460,B0,0,1,20,1,0,0,0,0,0,0,0,0,0,1,0,1,5,35,7
5460,B1,1,2,2,2,0,0,0,0,0,0,0,0,0,1,0,1,48,279,77
5460,B2,1,0,3,20,0,0,0,0,0,0,0,0,0,1,0,1,6,68,6
5460,C1,19,1,2,0,0,0,0,0,0,0,0,0,0,1,0,2,9,55,16
5470,A1,2,20,0,6,0,0,0,0,0,0,0,0,0,1,0,2,4,15,6
5470,B0,0,1,20,3,0,0,0,0,0,0,0,0,0,1,0,1,5,35,7
5470,B1,3,1,2,2,0,0,0,0,0,0,0,0,0,1,0,1,48,279,77
5470,B2,1,0,3,20,0,0,0,0,0,0,0,0,0,1,0,1,6,68,6
5470,C1,15,1,2,0,0,0,0,0,0,0,0,0,0,1,0,2,9,55,16
5480,A1,3,20,0,5,0,0,0,0,0,0,0,0,0,0,1,2,4,15,6
5480,B0,0,3,20,2,0,0,0,0,0,0,0,0,0,0,1,1,5,35,7
5480,B1,1,1,2,2,0,0,0,0,0,0,0,0,0,0,1,1,48,279,77
5480,B2,1,0,2,20,0,0,0,0,0,0,0,0,0,0,1,1,6,68,6
5480,C1,15,2,1,0,0,0,0,0,0,0,0,0,0,0,1,2,9,55,16
5490,A1,5,20,0,1,0,0,0,0,0,0,0,0,0,0,1,2,4,15,6
5490,B0,0,5,19,2,0,0,0,0,0,0,0,0,0,0,1,1,5,35,7
5490,B1,1,1,3,1,0,0,0,0,0,0,0,0,0,0,1,1,48,279,77
5490,B2,1,0,1,18,0,0,0,0,0,0,0,0,0,0,1,1,6,68,6
5490,C1,18,3,1,0,0,0,0,0,0,0,0,0,0,0,1,2,9,55,16
5500,A1,5,20,0,1,0,0,0,0,0,0,0,0,0,1,0,2,4,15,6
5500,B0,0,4,19,2,0,0,0,0,0,0,0,0,0,1,0,1,5,35,7
5500,B1,2,2,1,1,0,0,0,0,0,0,1,0,0,1,0,2,49,283,78
5500,B2,1,0,1,17,0,1,0,0,0,0,0,0,0,1,0,2,7,76,6
5500,C1,20,5,3,0,0,0,0,0,0,0,0,0,0,1,0,2,9,55,16
5510,A1,4,20,0,3,0,0,0,0,0,0,0,0,0,1,0,2,4,15,6
5510,B0,0,1,19,2,0,0,0,0,0,0,0,0,0,1,0,1,5,35,7
5510,B1,2,2,1,1,0,0,0,0,0,0,1,0,0,1,0,2,49,283,78
5510,B2,1,0,3,17,0,1,0,0,0,0,0,0,0,1,0,2,7,96,6
5510,C1,20,1,4,0,0,0,0,0,0,0,0,0,0,1,0,2,9,55,16
5520,A1,3,19,0,3,0,0,0,0,0,0,0,0,0,0,1,2,4,15,6
5520,B0,0,1,20,3,0,0,0,0,0,0,0,0,0,0,1,1,5,35,7
5520,B1,1,2,2,2,0,0,0,0,0,0,0,0,0,0,1,1,49,283,78
5520,B2,3,0,2,20,0,0,0,0,0,0,0,0,0,0,1,1,7,101,7
5520,C1,19,1,4,0,0,0,0,0,0,0,0,0,0,0,1,2,9,55,16
5530,A1,3,20,0,1,0,0,0,0,0,0,0,0,0,0,1,2,4,15,6
5530,B0,0,1,20,2,0,0,0,0,0,0,0,0,0,0,1,1,5,35,7
5530,B1,1,2,1,3,0,0,0,0,0,0,0,0,0,0,1,1,49,283,78
5530,B2,3,0,2,20,0,0,0,0,0,0,0,0,0,0,1,1,7,101,7
5530,C1,20,1,1,0,0,0,0,0,0,0,0,0,0,0,1,2,9,55,16
5540,A1,5,20,0,1,0,0,0,0,0,0,0,0,0,0,1,2,4,15,6
5540,B0,0,2,19,1,0,0,0,0,0,0,0,0,0,0,1,1,5,35,7
5540,B1,1,2,4,2,0,0,0,0,0,0,0,0,0,0,1,1,49,283,78
5540,B2,3,0,2,16,0,0,0,0,0,0,0,0,0,0,1,1,7,101,7
5540,C1,20,3,2,0,0,0,0,0,0,0,0,0,0,0,1,2,9,55,16
5550,A1,2,20,0,1,0,0,0,0,0,0,0,0,0,1,0,2,4,15,6
5550,B0,0,1,20,2,0,0,0,0,0,0,0,0,0,1,0,1,6,39,8
5550,B1,1,2,4,2,0,0,0,0,0,0,0,0,0,1,0,1,49,283,78
5550,B2,2,0,3,17,0,0,0,0,0,0,0,0,0,1,0,1,7,101,7
5550,C1,20,1,3,0,0,0,0,0,0,0,0,0,0,1,0,2,9,55,16
5560,A1,2,19,0,1,0,0,0,0,0,0,0,0,0,1,0,2,4,15,6
5560,B0,0,1,20,4,0,0,0,0,0,0,0,0,0,1,0,1,6,39,8
5560,B1,1,2,4,2,0,0,0,0,0,0,0,0,0,1,0,1,49,283,78
5560,B2,1,0,3,18,0,0,0,0,0,0,0,0,0,1,0,1,7,101,7
5560,C1,18,1,4,0,0,0,0,0,0,0,0,0,0,1,0,2,9,55,16
5570,A1,2,19,0,1,0,0,0,0,0,0,0,0,0,0,1,2,4,15,6
5570,B0,0,3,20,4,0,0,0,0,0,0,0,0,0,0,1,1,6,39,8
5570,B1,2,2,1,2,0,0,0,0,0,0,0,0,0,0,1,2,50,286,82
5570,B2,1,0,3,20,0,0,0,0,0,0,0,0,0,0,1,1,7,101,7
5570,C1,17,1,4,0,0,0,0,0,0,0,0,0,0,0,1,2,9,55,16
5580,A1,5,19,0,1,0,0,0,0,0,0,0,0,0,0,1,2,4,15,6
5580,B0,0,4,20,1,0,0,0,0,0,0,0,0,0,0,1,1,6,39,8
5580,B1,2,2,2,2,0,0,0,0,0,0,0,0,0,0,1,1,50,286,82
5580,B2,1,0,1,20,0,0,0,0,0,0,0,0,0,0,1,1,7,101,7
5580,C1,17,3,3,0,0,0,0,0,0,0,0,0,0,0,1,2,9,55,16
5590,A1,5,20,0,2,0,0,0,0,0,0,0,0,0,1,0,2,4,15,6
5590,B0,0,5,18,1,0,0,0,0,0,0,0,0,0,1,0,1,6,39,8
5590,B1,2,1,1,2,0,0,0,0,0,0,0,0,0,1,0,1,50,286,82
5590,B2,2,0,1,19,0,0,0,0,0,0,0,0,0,1,0,1,7,101,7
5590,C1,20,1,1,0,0,0,0,0,0,0,0,0,0,1,0,2,9,55,16
5600,A1,1,20,0,2,0,0,0,0,0,0,0,0,0,1,0,2,4,15,6
5600,B0,0,2,19,3,0,0,0,0,0,0,0,0,0,1,0,1,6,39,8
5600,B1,1,2,1,2,0,0,0,0,0,0,0,0,0,1,0,1,50,286,82
5600,B2,2,0,2,19,0,0,0,0,0,0,0,0,0,1,0,1,7,101,7
5600,C1,19,3,2,0,0,0,0,0,0,0,0,0,0,1,0,2,9,55,16
5610,A1,1,19,0,2,0,0,0,0,0,0,0,0,0,1,0,2,4,15,6
5610,B0,0,2,19,1,0,0,0,0,0,0,0,0,0,1,0,1,6,39,8
5610,B1,2,2,1,2,0,0,0,0,0,0,0,0,0,1,0,2,50,286,82
5610,B2,2,0,5,20,0,0,0,0,0,0,0,0,0,1,0,1,7,101,7
5610,C1,17,1,2,0,0,0,0,0,0,0,0,0,0,1,0,2,9,55,16
5620,A1,2,20,0,1,0,0,0,0,0,0,0,0,0,0,1,2,4,15,6
5620,B0,0,5,19,2,0,0,0,0,0,0,0,0,0,0,1,1,6,39,8
5620,B1,1,2,1,1,0,0,0,0,0,0,0,0,0,0,1,2,50,286,82
5620,B2,5,0,3,20,0,0,0,0,0,0,0,0,0,0,1,1,7,101,7
5620,C1,18,1,1,0,0,0,0,0,0,0,0,0,0,0,1,2,9,55,16
5630,A1,3,20,0,1,0,0,0,0,0,0,0,0,0,0,1,2,4,15,6
5630,B0,0,6,19,1,0,0,0,0,0,0,0,0,0,0,1,1,6,39,8
5630,B1,1,2,1,2,0,0,0,0,0,0,0,0,0,0,1,1,50,286,82
5630,B2,5,0,3,20,0,0,0,0,0,0,0,0,0,0,1,1,7,101,7
5630,C1,19,2,1,0,0,0,0,0,0,0,0,0,0,0,1,2,9,55,16
5640,A1,4,20,0,2,0,0,0,0,0,0,0,0,0,1,0,2,4,15,6
5640,B0,0,5,18,3,0,0,0,0,0,0,0,0,0,1,0,1,6,39,8
5640,B1,1,1,1,2,0,0,0,0,0,0,0,0,0,1,0,1,50,286,82
5640,B2,3,0,1,20,0,0,0,0,0,0,0,0,0,1,0,1,7,101,7
5640,C1,20,5,1,0,0,0,0,0,0,0,0,0,0,1,0,2,9,55,16
5650,A1,2,20,0,2,0,0,0,0,0,0,0,0,0,1,0,2,4,15,6
5650,B0,0,2,19,3,0,0,0,0,0,0,0,0,0,1,0,1,6,39,8
5650,B1,2,1,1,2,0,0,0,0,0,0,0,0,0,1,0,1,50,286,82
5650,B2,1,0,2,20,0,0,0,0,0,0,0,0,0,1,0,1,7,101,7
5650,C1,20,1,1,0,0,0,0,0,0,0,0,0,0,1,0,2,9,55,16
5660,A1,1,20,0,1,0,0,0,0,0,0,0,0,0,0,1,2,4,15,6
5660,B0,0,1,20,2,0,0,0,0,0,0,0,0,0,0,1,1,6,39,8
5660,B1,2,1,3,3,0,0,0,0,0,0,0,0,0,0,1,1,50,286,82
5660,B2,1,0,3,20,0,0,0,0,0,0,0,0,0,0,1,1,7,101,7
5660,C1,20,1,2,0,0,0,0,0,0,0,0,0,0,0,1,2,9,55,16
5670,A1,3,20,0,1,0,0,0,0,0,0,0,0,0,0,1,2,4,15,6
5670,B0,0,3,19,1,0,0,0,0,0,0,0,0,0,0,1,1,6,39,8
5670,B1,2,1,1,3,0,0,0,0,0,0,0,0,0,0,1,1,50,286,82
5670,B2,1,0,1,20,0,0,0,0,0,0,0,0,0,0,1,1,7,101,7
5670,C1,20,1,1,0,0,0,0,0,0,0,0,0,0,0,1,2,9,55,16
5680,A1,4,20,0,1,0,0,0,0,0,0,0,0,0,0,1,2,4,15,6
5680,B0,0,3,19,2,0,0,0,0,0,0,0,0,0,0,1,1,6,39,8
5680,B1,2,2,1,3,0,0,0,0,0,0,0,0,0,0,1,1,50,286,82
5680,B2,3,0,2,18,0,0,0,0,0,0,0,0,0,0,1,1,7,101,7
5680,C1,20,3,1,0,0,0,0,0,0,0,0,0,0,0,1,2,9,55,16
5690,A1,2,20,0,2,0,0,0,0,0,0,0,0,0,1,0,2,4,15,6
5690,B0,0,3,19,2,0,0,0,0,0,0,0,0,0,1,0,1,6,39,8
5690,B1,1,3,1,3,0,0,0,0,0,0,0,0,0,1,0,1,50,286,82
5690,B2,1,0,1,19,0,0,0,0,0,0,0,0,0,1,0,1,7,101,7
5690,C1,20,5,2,0,0,0,0,0,0,0,0,0,0,1,0,2,9,55,16
5700,A1,1,18,0,2,0,0,0,0,0,0,0,0,0,1,0,2,4,15,6
5700,B0,0,2,20,2,0,0,0,0,0,0,0,0,0,1,0,1,6,39,8
5700,B1,2,1,1,3,0,0,0,0,0,0,0,0,0,1,0,1,50,286,82
5700,B2,2,0,3,19,0,0,0,0,0,0,0,0,0,1,0,1,7,101,7
5700,C1,17,1,2,0,0,0,0,0,0,0,0,0,0,1,0,2,9,55,16
5710,A1,2,19,0,1,0,0,0,0,0,0,0,0,0,0,1,2,4,15,6
5710,B0,0,3,20,1,0,0,0,0,0,0,0,0,0,0,1,1,6,39,8
5710,B1,1,1,2,2,0,0,0,0,0,0,0,0,0,0,1,1,51,290,83
5710,B2,2,0,2,20,0,0,0,0,0,0,0,0,0,0,1,1,7,101,7
5710,C1,17,1,1,0,0,0,0,0,0,0,0,0,0,0,1,2,9,55,16
5720,A1,1,19,0,1,0,0,0,0,0,0,0,0,0,0,1,2,4,15,6
5720,B0,0,3,20,1,0,0,0,0,0,0,0,0,0,0,1,1,6,39,8
5720,B1,1,1,1,4,0,0,0,0,0,0,0,0,0,0,1,1,51,290,83
5720,B2,2,0,1,19,0,0,0,0,0,0,0,0,0,0,1,1,7,101,7
5720,C1,18,2,1,0,0,0,0,0,0,0,0,0,0,0,1,2,9,55,16
5730,A1,1,20,0,1,0,0,0,0,0,0,0,0,0,1,0,2,4,15,6
5730,B0,0,3,20,2,0,0,0,0,0,0,0,0,0,1,0,1,6,39,8
5730,B1,2,3,1,3,0,0,0,0,0,0,0,0,0,1,0,2,51,290,83
5730,B2,1,0,2,18,0,0,0,0,0,0,0,0,0,1,0,1,7,101,7
5730,C1,20,2,3,0,0,0,0,0,0,0,0,0,0,1,0,2,9,55,16
5740,A1,2,18,0,1,0,0,0,0,0,0,0,0,0,1,0,2,4,15,6
5740,B0,0,1,20,4,0,0,0,0,0,0,0,0,0,1,0,1,6,39,8
5740,B1,2,2,1,3,0,0,0,0,0,0,0,0,0,1,0,1,51,290,83
5740,B2,1,0,2,18,0,0,0,0,0,0,0,0,0,1,0,1,7,101,7
5740,C1,19,3,1,0,0,0,0,0,0,0,0,0,0,1,0,2,9,55,16
5750,A1,1,15,0,1,0,0,0,0,1,0,0,0,0,0,1,1,5,17,6
5750,B0,0,1,20,4,0,0,0,0,0,0,0,0,0,0,1,1,6,39,8
5750,B1,1,1,2,3,0,0,0,0,0,0,0,1,0,0,1,1,51,290,83
5750,B2,2,0,4,20,0,0,0,0,0,0,0,0,0,0,1,1,7,101,7
5750,C1,17,3,1,0,0,0,0,0,0,0,0,0,0,0,1,2,9,55,16
5760,A1,3,16,0,1,0,0,0,0,1,0,0,0,0,0,1,2,5,37,6
5760,B0,0,4,20,2,0,0,0,0,0,0,0,0,0,0,1,1,6,39,8
5760,B1,1,1,3,3,0,0,0,0,0,0,0,1,0,0,1,1,51,290,83
5760,B2,2,0,3,20,0,0,0,0,0,0,0,0,0,0,1,1,7,101,7
5760,C1,18,1,1,0,0,0,0,0,0,0,0,0,0,0,1,2,9,55,16
5770,A1,4,19,0,1,0,0,0,0,0,0,0,0,0,0,1,2,5,53,7
5770,B0,0,4,16,2,0,0,0,0,0,0,0,0,0,0,1,1,6,39,8
5770,B1,1,1,2,1,0,0,0,0,0,0,0,0,0,0,1,1,51,290,83
5770,B2,2,0,1,18,0,0,0,0,0,0,0,0,0,0,1,1,7,101,7
5770,C1,20,2,1,0,0,0,0,0,0,0,0,0,0,0,1,2,9,55,16
5780,A1,2,20,0,1,0,0,0,0,0,0,0,0,0,1,0,2,5,53,7
5780,B0,0,3,17,2,0,0,0,0,0,0,0,0,0,1,0,1,6,39,8
5780,B1,3,1,3,1,0,0,0,0,0,0,0,0,0,1,0,1,51,290,83
5780,B2,3,0,1,19,0,0,0,0,0,0,0,0,0,1,0,1,7,101,7
5780,C1,20,1,2,0,0,0,0,0,0,0,0,0,0,1,0,2,9,55,16
5790,A1,1,20,0,2,0,0,0,0,0,0,0,0,0,1,0,2,5,53,7
5790,B0,0,1,18,3,0,0,0,0,0,0,0,0,0,1,0,1,6,39,8
5790,B1,2,1,3,1,0,0,0,0,0,0,0,0,0,1,0,1,51,290,83
5790,B2,3,0,3,19,0,0,0,0,0,0,0,0,0,1,0,1,7,101,7
5790,C1,18,1,2,0,0,0,0,0,0,0,0,0,0,1,0,2,9,55,16
5800,A1,3,20,0,1,0,0,0,0,0,0,0,0,0,0,1,2,5,53,7
5800,B0,0,1,20,2,0,0,0,0,0,0,0,0,0,0,1,1,6,39,8
5800,B1,1,2,1,3,0,0,0,0,0,0,0,0,0,0,1,1,51,290,83
5800,B2,4,0,1,20,0,0,0,0,0,0,0,0,0,0,1,1,7,101,7
5800,C1,18,2,2,0,0,0,0,0,0,0,0,0,0,0,1,2,9,55,16
5810,A1,1,20,0,1,0,0,0,0,0,0,0,0,0,0,1,2,5,53,7
5810,B0,0,2,19,3,0,0,0,0,0,0,0,0,0,0,1,1,6,39,8
5810,B1,2,1,1,1,0,0,0,0,0,0,0,0,0,0,1,2,51,290,83
5810,B2,4,0,1,16,0,0,0,0,0,0,0,0,0,0,1,1,7,101,7
5810,C1,18,3,1,0,0,0,0,0,0,0,0,0,0,0,1,2,9,55,16
5820,A1,2,20,0,2,0,0,0,0,0,0,0,0,0,1,0,2,5,53,7
5820,B0,0,3,16,4,0,0,0,0,0,0,0,0,0,1,0,1,6,39,8
5820,B1,1,1,2,2,0,0,0,0,0,0,0,0,0,1,0,1,51,290,83
5820,B2,3,0,1,15,0,0,0,0,0,0,0,0,0,1,0,1,7,101,7
5820,C1,20,4,2,0,0,0,0,0,0,0,0,0,0,1,0,2,9,55,16
5830,A1,1,20,0,3,0,0,0,0,0,0,0,0,0,1,0,2,5,53,7
5830,B0,0,1,18,2,0,0,0,0,0,0,0,0,0,1,0,1,6,39,8
5830,B1,2,2,1,2,0,0,0,0,0,0,0,0,0,1,0,2,51,290,83
5830,B2,1,0,1,16,0,0,0,0,0,0,0,0,0,1,0,1,7,101,7
5830,C1,20,3,2,0,0,0,0,0,0,0,0,0,0,1,0,2,9,55,16
5840,A1,2,18,0,4,0,0,0,0,0,0,0,0,0,1,0,2,5,53,7
5840,B0,0,1,19,2,0,0,0,0,0,0,0,0,0,1,0,1,6,39,8
5840,B1,3,2,1,2,0,0,0,0,0,0,0,0,0,1,0,2,51,290,83
5840,B2,1,0,4,20,0,0,0,0,0,0,0,0,0,1,0,1,7,101,7
5840,C1,19,2,2,0,0,0,0,0,0,0,0,0,0,1,0,2,9,55,16
5850,A1,4,19,0,2,0,0,0,0,0,0,0,0,0,0,1,2,5,53,7
5850,B0,0,2,20,3,0,0,0,0,0,0,0,0,0,0,1,1,6,39,8
5850,B1,3,2,2,1,0,0,0,0,0,0,0,0,0,0,1,2,51,290,83
5850,B2,2,0,1,20,0,0,0,0,0,0,0,0,0,0,1,1,7,101,7
5850,C1,20,2,1,0,0,0,0,0,0,0,0,0,0,0,1,2,9,55,16
5860,A1,5,19,0,1,0,0,0,0,0,0,0,0,0,0,1,2,5,53,7
5860,B0,0,2,16,2,0,0,0,0,0,0,0,0,0,0,1,1,6,39,8
5860,B1,3,2,1,1,0,0,0,0,0,0,0,0,0,0,1,2,51,290,83
5860,B2,3,0,1,20,0,0,0,0,0,0,0,0,0,0,1,1,7,101,7
5860,C1,20,3,1,0,0,0,0,0,0,0,0,0,0,0,1,2,9,55,16
5870,A1,4,20,0,3,0,0,0,0,0,0,0,0,0,1,0,2,5,53,7
5870,B0,0,1,16,2,0,0,0,0,0,0,0,0,0,1,0,1,6,39,8
5870,B1,5,2,1,2,0,0,0,0,0,0,0,0,0,1,0,2,51,290,83
5870,B2,2,0,1,20,0,0,0,0,0,0,0,0,0,1,0,1,7,101,7
5870,C1,20,1,1,0,0,0,0,0,0,0,0,0,0,1,0,2,9,55,16
5880,A1,1,20,0,1,0,0,0,0,0,0,0,0,0,1,0,2,5,53,7
5880,B0,0,1,17,1,0,0,0,0,0,0,0,0,0,1,0,1,6,39,8
5880,B1,5,3,1,1,0,0,0,0,0,0,0,0,0,1,0,2,51,290,83
5880,B2,1,0,2,20,0,0,0,0,0,0,0,0,0,1,0,1,7,101,7
5880,C1,17,3,2,0,0,0,0,0,0,0,0,0,0,1,0,2,9,55,16
5890,A1,2,19,0,1,0,0,0,0,0,0,0,0,0,0,1,2,5,53,7
5890,B0,0,3,20,5,0,0,0,0,0,0,0,0,0,0,1,1,6,39,8
5890,B1,4,3,2,1,0,0,0,0,0,0,0,0,0,0,1,2,51,290,83
5890,B2,1,0,3,20,0,0,0,0,0,0,0,0,0,0,1,1,7,101,7
5890,C1,16,1,2,0,0,0,0,0,0,0,0,0,0,0,1,2,9,55,16
5900,A1,2,20,0,1,0,0,0,0,0,0,0,0,0,0,1,2,5,53,7
5900,B0,0,3,20,2,0,0,0,0,0,0,0,0,0,0,1,1,6,39,8
5900,B1,4,3,1,2,0,0,0,0,0,0,0,0,0,0,1,2,51,290,83
5900,B2,2,0,2,19,0,0,0,0,0,0,0,0,0,0,1,1,7,101,7
5900,C1,17,3,1,0,0,0,0,0,0,0,0,0,0,0,1,2,9,55,16
5910,A1,3,20,0,1,0,0,0,0,0,0,0,0,0,0,1,2,5,53,7
5910,B0,0,3,19,2,0,0,0,0,0,0,0,0,0,0,1,1,6,39,8
5910,B1,4,3,2,1,0,0,0,0,0,0,0,0,0,0,1,2,51,290,83
5910,B2,3,0,1,18,0,0,0,0,0,0,0,0,0,0,1,1,7,101,7
5910,C1,20,3,1,0,0,0,0,0,0,0,0,0,0,0,1,2,9,55,16
5920,A1,2,20,0,1,0,0,0,0,0,0,0,0,0,1,0,2,5,53,7
5920,B0,0,3,19,2,0,0,0,0,0,0,0,0,0,1,0,1,6,39,8
5920,B1,4,3,1,1,0,0,0,0,0,0,0,0,0,1,0,2,51,290,83
5920,B2,1,0,3,19,0,0,0,0,0,0,0,0,0,1,0,1,7,101,7
5920,C1,20,1,1,0,0,0,0,0,0,0,0,0,0,1,0,2,9,55,16
5930,A1,1,20,0,3,0,0,0,0,0,0,0,0,0,1,0,2,5,53,7
5930,B0,0,1,20,4,0,0,0,0,0,0,0,0,0,1,0,1,6,39,8
5930,B1,3,3,1,1,0,0,0,0,0,0,0,0,0,1,0,2,51,290,83
5930,B2,2,0,2,20,0,0,0,0,0,0,0,0,0,1,0,1,7,101,7
5930,C1,20,1,1,0,0,0,0,0,0,0,0,0,0,1,0,2,9,55,16
5940,A1,1,20,0,2,0,0,0,0,0,0,0,0,0,0,1,2,5,53,7
5940,B0,0,1,20,2,0,0,0,0,0,0,0,0,0,0,1,1,6,39,8
5940,B1,2,2,1,1,0,0,0,0,0,0,0,0,0,0,1,2,51,290,83
5940,B2,3,0,3,20,0,0,0,0,0,0,0,0,0,0,1,1,7,101,7
5940,C1,20,2,1,0,0,0,0,0,0,0,0,0,0,0,1,2,9,55,16
5950,A1,2,20,0,1,0,0,0,0,0,0,0,0,0,0,1,2,5,53,7
5950,B0,0,1,19,1,0,0,0,0,0,0,0,0,0,0,1,1,6,39,8
5950,B1,2,2,1,1,0,0,0,0,0,0,0,0,0,0,1,2,51,290,83
5950,B2,5,0,1,19,0,0,0,0,0,0,0,0,0,0,1,1,7,101,7
5950,C1,20,4,1,0,0,0,0,0,0,0,0,0,0,0,1,2,9,55,16
5960,A1,2,20,0,2,0,0,0,0,0,0,0,0,0,1,0,2,5,53,7
5960,B0,0,1,20,1,0,0,0,0,0,0,0,0,0,1,0,1,6,39,8
5960,B1,1,3,2,1,0,0,0,0,0,0,0,0,0,1,0,2,51,290,83
5960,B2,5,0,1,19,0,0,0,0,0,0,0,0,0,1,0,1,7,101,7
5960,C1,19,4,2,0,0,0,0,0,0,0,0,0,0,1,0,2,9,55,16
5970,A1,1,20,0,3,0,0,0,0,0,0,0,0,0,1,0,2,5,53,7
5970,B0,0,1,20,1,0,0,0,0,0,0,0,0,0,1,0,1,6,39,8
5970,B1,3,3,2,1,0,0,0,0,0,0,0,0,0,1,0,2,51,290,83
5970,B2,1,0,2,19,0,0,0,0,0,0,0,0,0,1,0,1,7,101,7
5970,C1,18,2,2,0,0,0,0,0,0,0,0,0,0,1,0,2,9,55,16
5980,A1,3,18,0,3,0,0,0,0,0,0,0,0,1,0,1,2,5,53,7
5980,B0,0,1,20,2,0,0,0,0,0,0,0,0,0,0,1,1,6,39,8
5980,B1,3,2,2,1,0,0,0,2,0,0,0,0,0,0,1,1,52,292,83
5980,B2,1,0,4,20,0,0,0,0,0,0,0,0,0,0,1,1,7,101,7
5980,C1,17,1,2,0,0,0,0,0,0,0,0,0,0,0,1,2,9,55,16
5990,A1,4,18,0,1,0,0,0,0,0,0,0,0,0,0,1,2,5,53,7
5990,B0,0,2,20,1,0,0,0,0,0,0,0,0,0,0,1,1,6,39,8
5990,B1,3,2,3,1,0,0,0,0,0,0,0,0,0,0,1,2,52,298,85
5990,B2,2,0,1,20,0,0,0,0,0,0,0,0,0,0,1,1,7,101,7
5990,C1,19,1,2,0,0,0,0,0,0,0,0,0,0,0,1,2,9,55,16
6000,A1,6,20,0,1,0,0,0,0,0,0,0,0,0,0,1,2,5,53,7
6000,B0,0,2,17,1,0,0,0,0,0,0,0,0,0,0,1,1,6,39,8
6000,B1,3,2,1,2,0,0,0,0,0,0,0,0,0,0,1,2,52,298,85
6000,B2,2,0,2,19,0,0,0,0,0,0,0,0,0,0,1,1,7,101,7
6000,C1,20,3,2,0,0,0,0,0,0,0,0,0,0,0,1,2,9,55,16
6010,A1,4,20,0,2,0,0,0,0,0,0,0,0,0,1,0,2,5,53,7
6010,B0,0,1,18,1,0,0,0,0,0,0,0,0,0,1,0,1,6,39,8
6010,B1,3,3,2,1,0,0,0,0,0,0,0,0,0,1,0,2,52,298,85
6010,B2,1,0,2,18,0,0,0,0,0,0,0,0,0,1,0,1,7,101,7
6010,C1,19,1,3,0,0,0,0,0,0,0,0,0,0,1,0,2,9,55,16
6020,A1,1,20,0,2,0,0,0,0,0,0,0,0,0,1,0,2,5,53,7
6020,B0,0,1,19,3,0,0,0,0,0,0,0,0,0,1,0,1,6,39,8
6020,B1,2,3,2,1,0,0,0,0,0,0,0,0,0,1,0,2,52,298,85
6020,B2,1,0,2,19,0,0,0,0,0,0,0,0,0,1,0,1,7,101,7
6020,C1,17,2,4,0,0,0,0,0,0,0,0,0,0,1,0,2,9,55,16
6030,A1,1,20,0,1,0,0,0,0,0,0,0,0,0,0,1,2,6,59,8
6030,B0,0,1,20,3,0,0,0,0,0,0,0,0,0,0,1,1,6,39,8
6030,B1,2,2,1,1,0,0,0,0,0,0,0,0,0,0,1,2,52,298,85
6030,B2,3,0,1,20,0,0,0,0,0,0,0,0,0,0,1,1,7,101,7
6030,C1,17,2,4,0,0,0,0,0,0,0,0,0,0,0,1,2,10,60,18
6040,A1,2,20,0,1,0,0,0,0,0,0,0,0,0,0,1,2,6,59,8
6040,B0,0,2,19,2,0,0,0,0,0,0,0,0,0,0,1,1,6,39,8
6040,B1,2,2,2,2,0,0,0,0,0,0,0,0,0,0,1,1,52,298,85
6040,B2,3,0,3,17,0,0,0,0,0,0,0,0,0,0,1,1,7,101,7
6040,C1,19,3,1,0,0,0,0,0,0,0,0,0,0,0,1,2,10,60,18
6050,A1,1,20,0,2,0,0,0,0,0,0,0,0,0,1,0,2,6,59,8
6050,B0,0,2,17,2,0,0,0,0,0,0,0,0,0,1,0,1,6,39,8
6050,B1,2,2,2,2,0,0,0,0,0,0,0,0,0,1,0,1,52,298,85
6050,B2,2,0,1,15,0,0,0,0,0,0,0,0,0,1,0,1,7,101,7
6050,C1,20,3,1,0,0,0,0,0,0,0,0,0,0,1,0,2,10,60,18
6060,A1,1,19,0,2,0,0,0,0,0,0,0,0,0,1,0,2,6,59,8
6060,B0,0,2,18,2,0,0,0,0,0,0,0,0,0,1,0,1,6,39,8
6060,B1,1,2,2,2,0,0,0,0,0,0,0,0,0,1,0,1,52,298,85
6060,B2,1,0,3,17,0,0,0,0,0,0,0,0,0,1,0,1,7,101,7
6060,C1,19,3,3,0,0,0,0,0,0,0,0,0,0,1,0,2,10,60,18
6070,A1,1,15,0,2,0,0,0,0,0,0,0,0,0,1,0,2,6,59,8
6070,B0,0,1,20,3,0,0,0,0,0,0,0,0,0,1,0,1,6,39,8
6070,B1,2,3,2,2,0,0,0,0,0,0,0,0,0,1,0,2,52,298,85
6070,B2,1,0,3,19,0,0,0,0,0,0,0,0,0,1,0,1,7,101,7
6070,C1,18,2,3,0,0,0,0,0,0,0,0,0,0,1,0,2,10,60,18
6080,A1,2,16,0,1,0,0,0,0,0,0,0,0,0,0,1,2,6,59,8
6080,B0,0,1,20,2,0,0,0,0,0,0,0,0,0,0,1,1,6,39,8
6080,B1,2,4,2,1,0,0,0,0,0,0,0,0,0,0,1,2,52,298,85
6080,B2,1,0,1,20,0,0,0,0,0,0,0,0,0,0,1,1,7,101,7
6080,C1,20,2,2,0,0,0,0,0,0,0,0,0,0,0,1,2,10,60,18
6090,A1,4,18,0,2,0,0,0,0,0,0,0,0,0,0,1,2,6,59,8
6090,B0,0,1,16,1,0,0,0,0,0,0,0,0,0,0,1,1,6,39,8
6090,B1,2,4,2,1,0,0,0,0,0,0,0,0,0,0,1,2,52,298,85
6090,B2,1,0,1,17,0,0,0,0,0,0,0,0,0,0,1,1,7,101,7
6090,C1,20,4,1,0,0,0,0,0,0,0,0,0,0,0,1,2,10,60,18
6100,A1,2,20,0,2,0,0,0,0,0,0,0,0,0,1,0,2,6,59,8
6100,B0,0,1,16,1,0,0,0,0,0,0,0,0,0,1,0,1,6,39,8
6100,B1,2,4,2,1,0,0,0,0,0,0,0,0,0,1,0,2,52,298,85
6100,B2,1,0,1,17,0,0,0,0,0,0,0,0,0,1,0,1,7,101,7
6100,C1,20,2,2,0,0,0,0,0,0,0,0,0,0,1,0,2,10,60,18
6110,A1,3,20,0,2,0,0,0,0,0,0,0,0,0,1,0,2,6,59,8
6110,B0,0,2,17,3,0,0,0,0,0,0,0,0,0,1,0,1,6,39,8
6110,B1,3,1,2,2,0,0,0,0,0,0,0,0,0,1,0,1,52,298,85
6110,B2,2,0,1,18,0,0,0,0,0,0,0,0,0,1,0,1,7,101,7
6110,C1,20,4,3,0,0,0,0,0,0,0,0,0,0,1,0,2,10,60,18
6120,A1,3,19,0,2,0,0,0,0,0,0,0,0,0,0,1,2,6,59,8
6120,B0,0,2,20,3,0,0,0,0,0,0,0,0,0,0,1,1,6,39,8
6120,B1,2,2,3,1,0,0,0,0,0,0,0,0,0,0,1,1,52,298,85
6120,B2,1,0,2,20,0,0,0,0,0,0,0,0,0,0,1,1,7,101,7
6120,C1,20,1,4,0,0,0,0,0,0,0,0,0,0,0,1,2,10,60,18
6130,A1,2,19,0,1,0,0,0,0,0,0,0,0,0,0,1,2,6,59,8
6130,B0,0,3,20,1,0,0,0,0,0,0,0,0,0,0,1,1,6,39,8
6130,B1,2,2,2,2,0,0,0,0,0,0,0,0,0,0,1,1,52,298,85
6130,B2,2,0,1,19,0,0,0,0,0,0,0,0,0,0,1,1,7,101,7
6130,C1,20,2,5,0,0,0,0,0,0,0,0,0,0,0,1,2,10,60,18
6140,A1,3,19,0,1,0,0,0,0,0,0,0,0,0,0,1,2,6,59,8
6140,B0,0,4,18,4,0,0,0,0,0,0,0,0,0,0,1,1,6,39,8
6140,B1,2,2,1,1,0,0,0,0,0,0,0,0,0,0,1,2,52,298,85
6140,B2,2,0,1,15,0,0,0,0,0,0,0,0,0,0,1,1,7,101,7
6140,C1,20,3,5,0,0,0,0,0,0,0,0,0,0,0,1,2,10,60,18
6150,A1,1,18,0,3,0,0,0,0,0,0,0,0,0,1,0,2,6,59,8
6150,B0,0,2,19,1,0,0,0,0,0,0,0,0,0,1,0,1,6,39,8
6150,B1,2,1,1,1,0,0,0,0,0,0,0,0,0,1,0,2,52,298,85
6150,B2,1,0,3,16,0,0,0,0,0,0,0,0,0,1,0,1,7,101,7
6150,C1,19,4,6,0,0,0,0,0,0,0,0,0,0,1,0,2,10,60,18
6160,A1,1,16,0,4,0,0,0,0,0,0,0,0,0,1,0,2,6,59,8
6160,B0,0,2,19,3,0,0,0,0,0,0,0,0,0,1,0,1,6,39,8
6160,B1,2,2,1,2,0,0,0,0,0,0,0,0,0,1,0,2,52,298,85
6160,B2,1,0,3,19,0,0,0,0,0,0,0,0,0,1,0,1,7,101,7
6160,C1,15,1,6,0,0,0,0,0,0,0,0,0,0,1,0,2,10,60,18
6170,A1,2,17,0,2,0,0,0,0,0,0,0,0,0,0,1,2,6,59,8
6170,B0,0,3,20,3,0,0,0,0,0,0,0,0,0,0,1,1,6,39,8
6170,B1,2,2,2,1,0,0,0,0,0,0,0,0,0,0,1,2,53,300,86
6170,B2,1,0,1,20,0,0,0,0,0,0,0,0,0,0,1,1,7,101,7
6170,C1,16,1,7,0,0,0,0,0,0,0,0,0,0,0,1,2,10,60,18
6180,A1,2,18,0,1,0,0,0,0,0,0,0,0,0,0,1,2,6,59,8
6180,B0,0,3,20,1,0,0,0,0,0,0,0,0,0,0,1,1,6,39,8
6180,B1,2,2,3,4,0,0,0,0,0,0,0,0,0,0,1,1,53,300,86
6180,B2,3,0,3,20,0,0,0,0,0,0,0,0,0,0,1,1,7,101,7
6180,C1,18,3,5,0,0,0,0,0,0,0,0,0,0,0,1,2,10,60,18
6190,A1,3,20,0,1,0,0,0,0,0,0,0,0,0,1,0,2,6,59,8
6190,B0,0,2,20,1,0,0,0,0,0,0,0,0,0,1,0,1,6,39,8
6190,B1,1,1,2,2,0,0,0,0,0,0,0,0,0,1,0,1,53,300,86
6190,B2,4,0,3,20,0,0,0,0,0,0,0,0,0,1,0,1,7,101,7
6190,C1,20,1,4,0,0,0,0,0,0,0,0,0,0,1,0,2,11,64,19
6200,A1,3,19,0,1,0,0,0,0,0,0,0,0,0,1,0,2,6,59,8
6200,B0,0,1,20,1,0,0,0,0,0,0,0,0,0,1,0,1,6,39,8
6200,B1,1,1,2,2,0,0,0,0,0,0,0,0,0,1,0,1,53,300,86
6200,B2,2,0,4,20,0,0,0,0,0,0,0,0,0,1,0,1,7,101,7
6200,C1,18,3,4,0,0,0,0,0,0,0,0,0,0,1,0,2,11,64,19
6210,A1,2,16,0,3,0,0,0,0,0,0,0,0,0,0,1,2,6,59,8
6210,B0,0,1,20,3,0,0,0,0,0,0,0,0,0,0,1,1,6,39,8
6210,B1,2,2,2,2,0,0,0,0,0,0,0,0,0,0,1,1,53,300,86
6210,B2,2,0,4,20,0,0,0,0,0,0,0,0,0,0,1,1,7,101,7
6210,C1,15,1,4,0,0,0,0,0,0,0,0,0,0,0,1,2,11,64,19
6220,A1,2,17,0,2,0,0,0,0,0,0,0,0,0,0,1,2,6,59,8
6220,B0,0,3,20,1,0,0,0,0,0,0,0,0,0,0,1,1,6,39,8
6220,B1,2,1,1,1,0,0,0,0,0,0,0,0,0,0,1,2,53,300,86
6220,B2,3,0,3,20,0,0,0,0,0,0,0,0,0,0,1,1,7,101,7
6220,C1,16,1,1,0,0,0,0,0,0,0,0,0,0,0,1,2,11,64,19
6230,A1,3,19,0,1,0,0,0,0,0,0,0,0,0,0,1,2,6,59,8
6230,B0,0,3,17,1,0,0,0,0,0,0,0,0,0,0,1,1,6,39,8
6230,B1,2,1,1,2,0,0,0,0,0,0,0,0,0,0,1,1,53,300,86
6230,B2,4,0,1,18,0,0,0,0,0,0,0,0,0,0,1,1,7,101,7
6230,C1,19,3,1,0,0,0,0,0,0,0,0,0,0,0,1,2,11,64,19
6240,A1,4,20,0,3,0,0,0,0,0,0,0,0,0,1,0,2,6,59,8
6240,B0,0,1,18,1,0,0,0,0,0,0,0,0,0,1,0,1,6,39,8
6240,B1,1,1,1,3,0,0,0,0,0,0,0,0,0,1,0,1,53,300,86
6240,B2,3,0,1,19,0,0,0,0,0,0,0,0,0,1,0,1,7,101,7
6240,C1,20,1,1,0,0,0,0,0,0,0,0,0,0,1,0,2,11,64,19
6250,A1,4,20,0,3,0,0,0,0,0,0,0,0,0,1,0,2,6,59,8
6250,B0,0,1,18,2,0,0,0,0,0,0,0,0,0,1,0,1,6,39,8
6250,B1,1,1,1,3,0,0,0,0,0,0,0,0,0,1,0,1,53,300,86
6250,B2,1,0,2,20,0,0,0,0,0,0,0,0,0,1,0,1,7,101,7
6250,C1,19,3,2,0,0,0,0,0,0,0,0,0,0,1,0,2,11,64,19
6260,A1,1,20,0,2,0,0,0,0,0,0,0,0,0,0,1,2,6,59,8
6260,B0,0,1,20,2,0,0,0,0,0,0,0,0,0,0,1,1,7,41,9
6260,B1,1,2,2,2,0,0,0,0,0,0,0,0,0,0,1,1,53,300,86
6260,B2,2,0,2,20,0,0,0,0,0,0,0,0,0,0,1,1,7,101,7
6260,C1,19,3,1,0,0,0,0,0,0,0,0,0,0,0,1,2,11,64,19
6270,A1,2,20,0,1,0,0,0,0,0,0,0,0,0,0,1,2,6,59,8
6270,B0,0,1,18,1,0,0,0,0,0,0,0,0,0,0,1,1,7,41,9
6270,B1,1,2,2,2,0,0,0,0,0,0,0,0,0,0,1,1,53,300,86
6270,B2,2,0,2,19,0,0,0,0,0,0,0,0,0,0,1,1,7,101,7
6270,C1,19,4,1,0,0,0,0,0,0,0,0,0,0,0,1,2,11,64,19
6280,A1,3,20,0,1,0,0,0,0,0,0,0,0,0,1,0,2,6,59,8
6280,B0,0,1,15,1,0,0,0,0,0,0,0,0,0,1,0,1,7,41,9
6280,B1,1,3,1,1,0,0,0,0,0,0,0,0,0,1,0,2,53,300,86
6280,B2,1,0,2,17,0,0,0,0,0,0,0,0,0,1,0,1,7,101,7
6280,C1,20,7,1,0,0,0,0,0,0,0,0,0,0,1,0,2,11,64,19
6290,A1,1,20,0,2,0,0,0,0,0,0,0,0,0,1,0,2,6,59,8
6290,B0,0,3,16,1,0,0,0,0,0,0,0,0,0,1,0,1,7,41,9
6290,B1,1,2,2,2,0,0,0,0,0,0,0,0,0,1,0,1,53,300,86
6290,B2,3,0,1,17,0,0,0,0,0,0,0,0,0,1,0,1,7,101,7
6290,C1,20,3,2,0,0,0,0,0,0,0,0,0,0,1,0,2,11,64,19
6300,A1,2,19,0,2,0,0,0,0,0,0,0,0,0,1,0,2,6,59,8
6300,B0,0,3,19,3,0,0,0,0,0,0,0,0,0,1,0,1,7,41,9
6300,B1,2,2,3,2,0,0,0,0,0,0,0,0,0,1,0,1,53,300,86
6300,B2,2,0,2,19,0,0,0,0,0,0,0,0,0,1,0,1,7,101,7
6300,C1,19,2,1,0,0,0,0,0,0,0,0,0,0,1,0,2,11,64,19
6310,A1,1,20,0,1,0,0,0,0,0,0,0,0,0,0,1,2,6,59,8
6310,B0,0,5,20,3,0,0,0,0,0,0,0,0,0,0,1,1,7,41,9
6310,B1,2,2,3,2,0,0,0,0,0,0,0,0,0,0,1,1,53,300,86
6310,B2,4,0,1,19,0,0,0,0,0,0,0,0,0,0,1,1,7,101,7
6310,C1,20,3,1,0,0,0,0,0,0,0,0,0,0,0,1,2,11,64,19
6320,A1,1,20,0,2,0,0,0,0,0,0,0,0,0,0,1,2,6,59,8
6320,B0,0,4,18,2,0,0,0,0,0,0,0,0,0,0,1,1,7,41,9
6320,B1,2,2,1,2,0,0,0,0,0,0,0,0,0,0,1,2,53,300,86
6320,B2,4,0,1,19,0,0,0,0,0,0,0,0,0,0,1,1,7,101,7
6320,C1,20,4,1,0,0,0,0,0,0,0,0,0,0,0,1,2,11,64,19
6330,A1,3,20,0,3,0,0,0,0,0,0,0,0,0,1,0,2,6,59,8
6330,B0,0,2,18,2,0,0,0,0,0,0,0,0,0,1,0,1,7,41,9
6330,B1,2,1,1,2,0,0,0,0,0,0,0,0,0,1,0,1,53,300,86
6330,B2,2,0,3,19,0,0,0,0,0,0,0,0,0,1,0,1,7,101,7
6330,C1,20,3,2,0,0,0,0,0,0,0,0,0,0,1,0,2,11,64,19
6340,A1,1,19,0,3,0,0,0,0,0,0,0,0,0,1,0,2,6,59,8
6340,B0,0,1,18,2,0,0,0,0,0,0,0,0,0,1,0,1,7,41,9
6340,B1,3,3,1,2,0,0,0,0,0,0,0,0,0,1,0,2,53,300,86
6340,B2,2,0,3,19,0,0,0,0,0,0,0,0,0,1,0,1,7,101,7
6340,C1,20,1,3,0,0,0,0,0,0,0,0,0,0,1,0,2,11,64,19
6350,A1,1,18,0,2,0,0,0,0,0,0,0,0,0,0,1,2,6,59,8
6350,B0,0,3,20,3,0,0,0,0,0,0,0,0,0,0,1,1,7,41,9
6350,B1,3,3,1,1,0,0,0,0,0,0,0,0,0,0,1,2,53,300,86
6350,B2,3,0,3,19,0,0,0,0,0,0,0,0,0,0,1,1,7,101,7
6350,C1,20,1,3,0,0,0,0,0,0,0,0,0,0,0,1,2,11,64,19
6360,A1,1,19,0,1,0,0,0,0,0,0,0,0,0,0,1,2,6,59,8
6360,B0,0,3,20,2,0,0,0,0,0,0,0,0,0,0,1,1,7,41,9
6360,B1,3,3,4,3,0,0,0,0,0,0,0,0,0,0,1,1,53,300,86
6360,B2,3,0,1,19,0,0,0,0,0,0,0,0,0,0,1,1,7,101,7
6360,C1,20,1,1,0,0,0,0,0,0,0,0,0,0,0,1,2,11,64,19
6370,A1,2,20,0,1,0,0,0,0,0,0,0,0,0,0,1,2,6,59,8
6370,B0,0,3,19,4,0,0,0,0,0,0,0,0,0,0,1,1,7,41,9
6370,B1,3,4,2,1,0,0,0,0,0,0,0,0,0,0,1,2,53,300,86
6370,B2,4,0,1,18,0,0,0,0,0,0,0,0,0,0,1,1,7,101,7
6370,C1,20,1,1,0,0,0,0,0,0,0,0,0,0,0,1,2,11,64,19
6380,A1,1,20,0,1,0,0,0,0,0,0,0,0,0,1,0,2,6,59,8
6380,B0,0,1,20,2,0,0,0,0,0,0,0,0,0,1,0,1,7,41,9
6380,B1,3,1,2,1,0,0,0,0,0,0,0,0,0,1,0,2,53,300,86
6380,B2,1,0,2,19,0,0,0,0,0,0,0,0,0,1,0,1,7,101,7
6380,C1,19,1,1,0,0,0,0,0,0,0,0,0,0,1,0,2,11,64,19
6390,A1,2,20,0,1,0,0,0,0,0,0,0,0,0,1,0,2,6,59,8
6390,B0,0,1,20,5,0,0,0,0,0,0,0,0,0,1,0,1,7,41,9
6390,B1,3,1,2,1,0,0,0,0,0,0,0,0,0,1,0,2,53,300,86
6390,B2,1,0,3,20,0,0,0,0,0,0,0,0,0,1,0,1,7,101,7
6390,C1,17,1,2,0,0,0,0,0,0,0,0,0,0,1,0,2,11,64,19
6400,A1,1,19,0,1,0,0,0,0,0,0,0,0,0,0,1,2,6,59,8
6400,B0,0,4,20,5,0,0,0,0,0,0,0,0,0,0,1,1,7,41,9
6400,B1,3,1,2,1,0,0,0,0,0,0,0,0,0,0,1,2,53,300,86
6400,B2,1,0,2,20,0,0,0,0,0,0,0,0,0,0,1,1,7,101,7
6400,C1,18,2,1,0,0,0,0,0,0,0,0,0,0,0,1,2,11,64,19
6410,A1,2,19,0,1,0,0,0,0,0,0,0,0,0,0,1,2,6,59,8
6410,B0,0,6,20,2,0,0,0,0,0,0,0,0,0,0,1,1,7,41,9
6410,B1,3,1,1,2,0,0,0,0,0,0,0,0,0,0,1,2,53,300,86
6410,B2,1,0,1,18,0,0,0,0,0,0,0,0,0,0,1,1,7,101,7
6410,C1,19,1,1,0,0,0,0,0,0,0,0,0,0,0,1,2,11,64,19
6420,A1,4,20,0,2,0,0,0,0,0,0,0,0,0,1,0,2,6,59,8
6420,B0,0,6,20,3,0,0,0,0,0,0,0,0,0,1,0,1,7,41,9
6420,B1,3,2,2,2,0,0,0,0,0,0,0,0,0,1,0,2,53,300,86
6420,B2,1,0,1,17,0,0,0,0,0,0,0,0,0,1,0,1,7,101,7
6420,C1,20,2,1,0,0,0,0,0,0,0,0,0,0,1,0,2,11,64,19
6430,A1,1,20,0,2,0,0,0,0,0,0,0,0,0,1,0,2,6,59,8
6430,B0,0,3,20,3,0,0,0,0,0,0,0,0,0,1,0,1,7,41,9
6430,B1,1,3,2,2,0,0,0,0,0,0,0,0,0,1,0,1,53,300,86
6430,B2,1,0,3,17,0,0,0,0,0,0,0,0,0,1,0,1,7,101,7
6430,C1,19,4,3,0,0,0,0,0,0,0,0,0,0,1,0,2,11,64,19
6440,A1,1,19,0,3,0,0,0,0,0,0,0,0,0,0,1,2,6,59,8
6440,B0,0,1,20,5,0,0,0,0,0,0,0,0,0,0,1,1,7,41,9
6440,B1,1,2,3,3,0,0,0,0,0,0,0,0,0,0,1,1,53,300,86
6440,B2,2,0,4,20,0,0,0,0,0,0,0,0,0,0,1,1,7,101,7
6440,C1,18,4,2,0,0,0,0,0,0,0,0,0,0,0,1,2,11,64,19
6450,A1,1,20,0,1,0,0,0,0,0,0,0,0,0,0,1,2,6,59,8
6450,B0,0,1,20,1,0,0,0,0,0,0,0,0,0,0,1,1,7,41,9
6450,B1,1,2,3,1,0,0,0,0,0,0,0,0,0,0,1,1,53,300,86
6450,B2,5,0,2,20,0,0,0,0,0,0,0,0,0,0,1,1,7,101,7
6450,C1,19,3,1,0,0,0,0,0,0,0,0,0,0,0,1,2,11,64,19
6460,A1,2,20,0,1,0,0,0,0,0,0,0,0,0,0,1,2,6,59,8
6460,B0,0,1,17,1,0,0,0,0,0,0,0,0,0,0,1,1,7,41,9
6460,B1,1,2,2,1,0,0,0,0,0,0,0,0,0,0,1,1,53,300,86
6460,B2,6,0,1,19,0,0,0,0,0,0,0,0,0,0,1,1,7,101,7
6460,C1,20,3,1,0,0,0,0,0,0,0,0,0,0,0,1,2,11,64,19
6470,A1,3,21,0,2,0,0,0,0,0,0,0,0,0,1,0,2,6,59,8
6470,B0,0,1,18,2,0,0,0,0,0,0,0,0,0,1,0,1,7,41,9
6470,B1,3,2,1,1,0,0,0,0,0,0,0,0,0,1,0,2,53,300,86
6470,B2,3,0,2,20,0,0,0,0,0,0,0,0,0,1,0,1,7,101,7
6470,C1,19,5,1,0,0,0,0,0,0,0,0,0,0,1,0,2,11,64,19
6480,A1,1,21,0,3,0,0,0,0,0,0,0,0,0,1,0,2,6,59,8
6480,B0,0,1,19,3,0,0,0,0,0,0,0,0,0,1,0,1,7,41,9
6480,B1,2,3,1,2,0,0,0,0,0,0,0,0,0,1,0,2,53,300,86
6480,B2,1,0,3,20,0,0,0,0,0,0,0,0,0,1,0,1,7,101,7
6480,C1,17,1,1,0,0,0,0,0,0,0,0,0,0,1,0,2,11,64,19
6490,A1,4,20,0,2,0,0,0,0,0,0,0,0,0,0,1,2,6,59,8
6490,B0,0,1,20,2,0,0,0,0,0,0,0,0,0,0,1,1,7,41,9
6490,B1,2,2,1,3,0,0,0,0,0,0,0,0,0,0,1,1,53,300,86
6490,B2,2,0,3,21,0,0,0,0,0,0,0,0,0,0,1,1,7,101,7
6490,C1,17,1,1,0,0,0,0,0,0,0,0,0,0,0,1,2,11,64,19
6500,A1,1,20,0,1,0,0,0,0,0,0,0,0,0,0,1,2,6,59,8
6500,B0,0,1,19,2,0,0,0,0,0,0,0,0,0,0,1,1,7,41,9
6500,B1,2,2,1,4,0,0,0,0,0,0,0,0,0,0,1,1,53,300,86
6500,B2,3,0,2,21,0,0,0,0,0,0,0,0,0,0,1,1,7,101,7
6500,C1,19,2,1,0,0,0,0,0,0,0,0,0,0,0,1,2,11,64,19
6510,A1,4,20,0,1,0,0,0,0,0,0,0,0,0,1,0,2,6,59,8
6510,B0,0,1,18,1,0,0,0,0,0,0,0,0,0,1,0,1,7,41,9
6510,B1,3,2,1,2,0,0,0,0,0,0,0,0,0,1,0,2,53,300,86
6510,B2,4,0,1,19,0,0,0,0,0,0,0,0,0,1,0,1,7,101,7
6510,C1,20,3,2,0,0,0,0,0,0,0,0,0,0,1,0,2,11,64,19
6520,A1,3,20,0,2,0,0,0,0,0,0,0,0,0,1,0,2,6,59,8
6520,B0,0,1,19,2,0,0,0,0,0,0,0,0,0,1,0,1,7,41,9
6520,B1,4,2,1,2,0,0,0,0,0,0,0,0,0,1,0,2,53,300,86
6520,B2,3,0,1,19,0,0,0,0,0,0,0,0,0,1,0,1,7,101,7
6520,C1,20,2,2,0,0,0,0,0,0,0,0,0,0,1,0,2,11,64,19
6530,A1,1,17,0,2,0,0,0,0,0,0,0,0,0,1,0,2,6,59,8
6530,B0,0,1,20,2,0,0,0,0,0,0,0,0,0,1,0,1,7,41,9
6530,B1,1,2,2,2,0,0,0,0,0,0,0,0,0,1,0,1,53,300,86
6530,B2,2,0,2,20,0,0,0,0,0,0,0,0,0,1,0,1,7,101,7
6530,C1,19,1,2,0,0,0,0,0,0,0,0,0,0,1,0,2,11,64,19
6540,A1,1,17,0,3,0,0,0,0,0,0,0,0,0,0,1,2,6,59,8
6540,B0,0,1,20,2,0,0,0,0,0,0,0,0,0,0,1,1,7,41,9
6540,B1,1,2,1,1,0,0,0,0,0,0,0,0,0,0,1,2,53,300,86
6540,B2,4,0,2,20,0,0,0,0,0,0,0,0,0,0,1,1,7,101,7
6540,C1,19,1,1,0,0,0,0,0,0,0,0,0,0,0,1,2,11,64,19
6550,A1,2,20,0,1,0,0,0,0,0,0,0,0,0,0,1,2,6,59,8
6550,B0,0,1,19,1,0,0,0,0,0,0,0,0,0,0,1,1,7,41,9
6550,B1,2,2,3,1,0,0,0,0,0,0,0,0,0,0,1,1,53,300,86
6550,B2,4,0,2,20,0,0,0,0,0,0,0,0,0,0,1,1,7,101,7
6550,C1,20,5,2,0,0,0,0,0,0,0,0,0,0,0,1,2,11,64,19
6560,A1,1,20,0,1,0,0,0,0,0,0,0,0,0,1,0,2,6,59,8
6560,B0,0,2,19,1,0,0,0,0,0,0,0,0,0,1,0,1,7,41,9
6560,B1,2,1,3,1,0,0,0,0,0,0,0,0,0,1,0,1,53,300,86
6560,B2,2,0,1,20,0,0,0,0,0,0,0,0,0,1,0,1,7,101,7
6560,C1,20,3,3,0,0,0,0,0,0,0,0,0,0,1,0,2,11,64,19
6570,A1,2,20,0,1,0,0,0,0,0,0,0,0,0,1,0,2,6,59,8
6570,B0,0,1,20,4,0,0,0,0,0,0,0,0,0,1,0,1,7,41,9
6570,B1,2,1,3,1,0,0,0,0,0,0,0,0,0,1,0,1,53,300,86
6570,B2,1,0,1,20,0,0,0,0,0,0,0,0,0,1,0,1,7,101,7
6570,C1,19,2,3,0,0,0,0,0,0,0,0,0,0,1,0,2,11,64,19
6580,A1,1,20,0,3,0,0,0,0,0,0,0,0,0,0,1,2,6,59,8
6580,B0,0,2,20,3,0,0,0,0,0,0,0,0,0,0,1,1,7,41,9
6580,B1,4,1,4,1,0,0,0,0,0,0,0,0,0,0,1,1,53,300,86
6580,B2,1,0,1,20,0,0,0,0,0,0,0,0,0,0,1,1,7,101,7
6580,C1,19,2,3,0,0,0,0,0,0,0,0,0,0,0,1,2,11,64,19
6590,A1,2,20,0,2,0,0,0,0,0,0,0,0,0,0,1,2,6,59,8
6590,B0,0,2,20,2,0,0,0,0,0,0,0,0,0,0,1,1,7,41,9
6590,B1,4,1,2,3,0,0,0,0,0,0,0,0,0,0,1,1,53,300,86
6590,B2,1,0,1,20,0,0,0,0,0,0,0,0,0,0,1,1,7,101,7
6590,C1,19,4,1,0,0,0,0,0,0,0,0,0,0,0,1,2,11,64,19
6600,A1,3,20,0,2,0,0,0,0,0,0,0,0,0,0,1,2,6,59,8
6600,B0,0,2,19,1,0,0,0,0,0,0,0,0,0,0,1,1,7,41,9
6600,B1,5,1,1,3,0,0,0,0,0,0,0,0,0,0,1,2,53,300,86
6600,B2,2,0,1,17,0,0,0,0,0,0,0,0,0,0,1,1,7,101,7
6600,C1,20,5,1,0,0,0,0,0,0,0,0,0,0,0,1,2,11,64,19
6610,A1,2,20,0,2,0,0,0,0,0,0,0,0,0,1,0,2,6,59,8
6610,B0,0,1,20,3,0,0,0,0,0,0,1,0,0,1,0,1,7,41,9
6610,B1,4,1,1,3,0,1,0,0,0,0,0,0,0,1,0,2,54,320,86
6610,B2,3,0,2,18,0,0,0,0,0,0,0,0,0,1,0,1,7,101,7
6610,C1,20,2,1,0,0,0,0,0,0,0,0,0,0,1,0,2,11,64,19
6620,A1,1,20,0,3,0,0,0,0,0,0,0,0,0,1,0,2,6,59,8
6620,B0,0,1,20,1,0,0,0,0,0,0,0,0,0,1,0,1,7,41,9
6620,B1,3,3,1,3,0,0,0,0,0,0,0,0,0,1,0,2,54,320,90
6620,B2,2,0,4,19,0,0,0,0,0,0,0,0,0,1,0,1,7,101,7
6620,C1,20,1,2,0,0,0,0,0,0,0,0,0,0,1,0,2,11,64,19
6630,A1,3,20,0,1,0,0,0,0,0,0,0,0,0,0,1,2,6,59,8
6630,B0,0,1,20,1,0,0,0,0,0,0,0,0,0,0,1,1,7,41,9
6630,B1,1,2,1,1,0,0,0,0,0,0,0,0,0,0,1,2,54,320,90
6630,B2,2,0,4,20,0,0,0,0,0,0,0,0,0,0,1,1,7,101,7
6630,C1,20,2,2,0,0,0,0,0,0,0,0,0,0,0,1,2,11,64,19
6640,A1,3,20,0,1,0,0,0,0,0,0,0,0,0,0,1,2,6,59,8
6640,B0,0,2,18,4,0,0,0,0,0,0,0,0,0,0,1,1,7,41,9
6640,B1,1,2,1,3,0,0,0,0,0,0,0,0,0,0,1,1,54,320,90
6640,B2,3,0,2,20,0,0,0,0,0,0,0,0,0,0,1,1,7,101,7
6640,C1,20,2,1,0,0,0,0,0,0,0,0,0,0,0,1,2,11,64,19
6650,A1,3,20,0,2,0,0,0,0,0,0,0,0,0,1,0,2,6,59,8
6650,B0,0,1,19,3,0,0,0,0,0,0,0,0,0,1,0,1,7,41,9
6650,B1,5,2,1,2,0,0,0,0,0,0,0,0,0,1,0,2,54,320,90
6650,B2,2,0,1,20,0,0,0,0,0,0,0,0,0,1,0,1,7,101,7
6650,C1,20,1,1,0,0,0,0,0,0,0,0,0,0,1,0,2,11,64,19
6660,A1,2,20,0,3,0,0,0,0,0,0,0,0,0,1,0,2,6,59,8
6660,B0,0,1,19,1,0,0,0,0,0,0,0,0,0,1,0,1,7,41,9
6660,B1,2,2,1,2,0,0,0,0,0,0,0,0,0,1,0,2,54,320,90
6660,B2,2,0,2,20,0,0,0,0,0,0,0,0,0,1,0,1,7,101,7
6660,C1,19,3,2,0,0,0,0,0,0,0,0,0,0,1,0,2,11,64,19
6670,A1,1,18,0,3,0,0,0,0,0,0,0,0,1,0,1,2,6,59,8
6670,B0,0,1,20,4,0,0,0,0,0,0,0,0,0,0,1,1,7,41,9
6670,B1,1,2,2,2,0,0,0,1,0,0,0,0,0,0,1,1,55,322,90
6670,B2,1,0,2,20,0,0,0,0,0,0,0,0,0,0,1,1,7,101,7
6670,C1,18,1,4,0,0,0,0,0,0,0,0,0,0,0,1,2,11,64,19
6680,A1,1,18,0,1,0,0,0,0,0,0,0,0,0,0,1,2,6,59,8
6680,B0,0,1,20,1,0,0,0,0,0,0,0,0,0,0,1,1,7,41,9
6680,B1,1,2,2,2,0,0,0,0,0,0,0,0,0,0,1,1,55,322,91
6680,B2,3,0,3,20,0,0,0,0,0,0,0,0,0,0,1,1,7,101,7
6680,C1,19,2,3,0,0,0,0,0,0,0,0,0,0,0,1,2,11,64,19
6690,A1,1,19,0,2,0,0,0,0,0,0,0,0,0,0,1,2,6,59,8
6690,B0,0,1,18,2,0,0,0,0,0,0,0,0,0,0,1,1,7,41,9
6690,B1,1,2,2,1,0,0,0,0,0,0,0,0,0,0,1,1,55,322,91
6690,B2,3,0,1,18,0,0,0,0,0,0,0,0,0,0,1,1,7,101,7
6690,C1,20,5,3,0,0,0,0,0,0,0,0,0,0,0,1,2,11,64,19
6700,A1,1,19,0,3,0,0,0,0,0,0,0,0,0,1,0,2,6,59,8
6700,B0,0,2,19,2,0,0,0,0,0,0,0,0,0,1,0,1,7,41,9
6700,B1,2,2,2,1,0,0,0,0,0,0,0,0,0,1,0,2,56,326,92
6700,B2,1,0,1,18,0,0,0,0,0,0,0,0,0,1,0,1,7,101,7
6700,C1,20,2,4,0,0,0,0,0,0,0,0,0,0,1,0,2,11,64,19
6710,A1,1,19,0,3,0,0,0,0,0,0,0,0,0,1,0,2,6,59,8
6710,B0,0,1,19,3,0,0,0,0,0,0,0,0,0,1,0,1,7,41,9
6710,B1,4,2,2,1,0,0,0,0,0,0,0,0,0,1,0,2,56,326,92
6710,B2,1,0,2,20,0,0,0,0,0,0,0,0,0,1,0,1,7,101,7
6710,C1,19,1,4,0,0,0,0,0,0,0,0,0,0,1,0,2,11,64,19
6720,A1,2,19,0,1,0,0,0,0,0,0,0,0,0,0,1,2,6,59,8
6720,B0,0,2,20,3,0,0,0,0,0,0,0,0,0,0,1,1,7,41,9
6720,B1,2,2,2,1,0,0,0,0,0,0,0,0,0,0,1,2,56,326,92
6720,B2,1,0,1,20,0,0,0,0,0,0,0,0,0,0,1,1,7,101,7
6720,C1,19,2,2,0,0,0,0,0,0,0,0,0,0,0,1,2,11,64,19
6730,A1,3,19,0,1,0,0,0,0,0,0,0,0,0,0,1,2,6,59,8
6730,B0,0,2,19,2,0,0,0,0,0,0,0,0,0,0,1,1,7,41,9
6730,B1,2,2,2,2,0,0,0,0,0,0,0,0,0,0,1,1,56,326,92
6730,B2,2,0,2,19,0,0,0,0,0,0,0,0,0,0,1,1,7,101,7
6730,C1,19,5,2,0,0,0,0,0,0,0,0,0,0,0,1,2,11,64,19
6740,A1,3,20,0,1,0,0,0,0,0,0,0,0,0,1,0,2,6,59,8
6740,B0,0,2,19,1,0,0,0,0,0,0,0,0,0,1,0,1,7,41,9
6740,B1,2,2,1,2,0,0,0,0,0,0,0,0,0,1,0,2,56,326,92
6740,B2,1,0,3,18,0,0,0,0,0,0,0,0,0,1,0,1,7,101,7
6740,C1,20,5,1,0,0,0,0,0,0,0,0,0,0,1,0,2,11,64,19
6750,A1,1,20,0,1,0,0,0,0,0,0,0,0,0,1,0,2,6,59,8
6750,B0,0,1,20,2,0,0,0,0,0,0,0,0,0,1,0,1,7,41,9
6750,B1,1,2,1,2,0,0,0,0,0,0,0,0,0,1,0,1,56,326,92
6750,B2,1,0,4,18,0,0,0,0,0,0,0,0,0,1,0,1,7,101,7
6750,C1,20,3,1,0,0,0,0,0,0,0,0,0,0,1,0,2,11,64,19
6760,A1,2,19,0,1,0,0,0,0,0,0,0,0,0,1,0,2,6,59,8
6760,B0,0,1,20,4,0,0,0,0,0,0,0,0,0,1,0,1,7,41,9
6760,B1,1,1,1,1,0,0,0,0,0,0,0,0,0,1,0,1,56,326,92
6760,B2,1,0,4,20,0,0,0,0,0,0,0,0,0,1,0,1,7,101,7
6760,C1,19,2,2,0,0,0,0,0,0,0,0,0,0,1,0,2,11,64,19
6770,A1,2,20,0,1,0,0,0,0,0,0,0,0,0,0,1,2,6,59,8
6770,B0,0,2,20,3,0,0,0,0,0,0,0,0,0,0,1,1,7,41,9
6770,B1,1,2,2,1,0,0,0,0,0,0,0,0,0,0,1,1,56,326,92
6770,B2,2,0,2,20,0,0,0,0,0,0,0,0,0,0,1,1,7,101,7
6770,C1,20,2,1,0,0,0,0,0,0,0,0,0,0,0,1,2,11,64,19
6780,A1,4,20,0,1,0,0,0,0,0,0,0,0,0,0,1,2,6,59,8
6780,B0,0,1,20,1,0,0,0,0,0,0,0,0,0,0,1,1,7,41,9
6780,B1,1,2,1,1,0,0,0,0,0,0,0,0,0,0,1,2,56,326,92
6780,B2,3,0,1,19,0,0,0,0,0,0,0,0,0,0,1,1,7,101,7
6780,C1,20,3,3,0,0,0,0,0,0,0,0,0,0,0,1,2,11,64,19
6790,A1,2,20,0,1,0,0,0,0,0,0,0,0,0,1,0,2,6,59,8
6790,B0,0,1,20,1,0,0,0,0,0,0,0,0,0,1,0,1,7,41,9
6790,B1,2,2,1,1,0,0,0,0,0,0,0,0,0,1,0,2,57,330,93
6790,B2,1,0,1,18,0,0,0,0,0,0,0,0,0,1,0,1,7,101,7
6790,C1,20,3,1,0,0,0,0,0,0,0,0,0,0,1,0,2,11,64,19
6800,A1,1,19,0,2,0,0,0,0,0,0,0,0,0,1,0,2,6,59,8
6800,B0,0,1,20,3,0,0,0,0,0,0,0,0,0,1,0,1,7,41,9
6800,B1,2,1,1,1,0,0,0,0,0,0,0,0,0,1,0,2,57,330,93
6800,B2,1,0,1,18,0,0,0,0,0,0,0,0,0,1,0,1,7,101,7
6800,C1,19,1,2,0,0,0,0,0,0,0,0,0,0,1,0,2,11,64,19
6810,A1,1,19,0,2,0,0,0,0,0,0,0,0,0,0,1,2,6,59,8
6810,B0,0,2,20,4,0,0,0,0,0,0,0,0,0,0,1,1,7,41,9
6810,B1,1,2,1,1,0,0,0,0,0,0,0,0,0,0,1,2,58,331,94
6810,B2,1,0,3,20,0,0,0,0,0,0,0,0,0,0,1,1,7,101,7
6810,C1,18,1,1,0,0,0,0,0,0,0,0,0,0,0,1,2,11,64,19
6820,A1,1,19,0,1,0,0,0,0,0,0,0,0,0,0,1,2,6,59,8
6820,B0,0,2,20,3,0,0,0,0,0,0,0,0,0,0,1,1,7,41,9
6820,B1,1,1,5,1,0,0,0,0,0,0,0,0,0,0,1,1,58,331,94
6820,B2,1,0,1,21,0,0,0,0,0,0,0,0,0,0,1,1,7,101,7
6820,C1,18,1,1,0,0,0,0,0,0,0,0,0,0,0,1,2,11,64,19
6830,A1,3,20,0,1,0,0,0,0,0,0,0,0,0,0,1,2,6,59,8
6830,B0,0,2,20,2,0,0,0,0,0,0,0,0,0,0,1,1,7,41,9
6830,B1,1,2,3,3,0,0,0,0,0,0,0,0,0,0,1,1,58,331,94
6830,B2,5,0,1,19,0,0,0,0,0,0,0,0,0,0,1,1,7,101,7
6830,C1,20,4,1,0,0,0,0,0,0,0,0,0,0,0,1,2,11,64,19
6840,A1,3,20,0,1,0,0,0,0,0,0,0,0,0,1,0,2,6,59,8
6840,B0,0,1,20,3,0,0,0,0,0,0,0,0,0,1,0,1,7,41,9
6840,B1,3,3,3,3,0,0,0,0,0,0,0,0,0,1,0,1,58,331,94
6840,B2,2,0,1,20,0,0,0,0,0,0,0,0,0,1,0,1,7,101,7
6840,C1,20,1,1,0,0,0,0,0,0,0,0,0,0,1,0,2,11,64,19
6850,A1,2,20,0,2,0,0,0,0,0,0,0,0,0,1,0,2,6,59,8
6850,B0,0,1,20,4,0,0,0,0,0,0,0,0,0,1,0,1,7,41,9
6850,B1,2,2,1,3,0,0,0,0,0,0,0,0,0,1,0,1,58,331,94
6850,B2,1,0,4,20,0,0,0,0,0,0,0,0,0,1,0,1,7,101,7
6850,C1,17,3,2,0,0,0,0,0,0,0,0,0,0,1,0,2,11,64,19
6860,A1,3,20,0,1,0,0,0,0,0,0,0,0,0,0,1,2,6,59,8
6860,B0,0,2,20,3,0,0,0,0,0,0,0,0,0,0,1,1,7,41,9
6860,B1,2,2,2,2,0,0,0,0,0,0,0,0,0,0,1,1,59,336,97
6860,B2,1,0,1,20,0,0,0,0,0,0,0,0,0,0,1,1,7,101,7
6860,C1,17,1,1,0,0,0,0,0,0,0,0,0,0,0,1,2,11,64,19
6870,A1,3,20,0,1,0,0,0,0,0,0,0,0,0,0,1,2,6,59,8
6870,B0,0,3,20,2,0,0,0,0,0,0,0,0,0,0,1,1,7,41,9
6870,B1,2,2,2,2,0,0,0,0,0,0,0,0,0,0,1,1,59,336,97
6870,B2,1,0,1,19,0,0,0,0,0,0,0,0,0,0,1,1,7,101,7
6870,C1,18,2,2,0,0,0,0,0,0,0,0,0,0,0,1,2,11,64,19
6880,A1,4,20,0,1,0,0,0,0,0,0,0,0,0,1,0,2,6,59,8
6880,B0,0,4,19,1,0,0,0,0,0,0,0,0,0,1,0,1,7,41,9
6880,B1,1,3,4,2,0,0,0,0,0,0,0,0,0,1,0,1,59,336,97
6880,B2,1,0,1,19,0,0,0,0,0,0,0,0,0,1,0,1,7,101,7
6880,C1,20,1,1,0,0,0,0,0,0,0,0,0,0,1,0,2,11,64,19
6890,A1,2,20,0,2,0,0,0,0,0,0,0,0,0,1,0,2,6,59,8
6890,B0,0,1,19,2,0,0,0,0,0,0,0,0,0,1,0,1,7,41,9
6890,B1,1,2,4,2,0,0,0,0,0,0,0,0,0,1,0,1,59,336,97
6890,B2,1,0,1,19,0,0,0,0,0,0,0,0,0,1,0,1,7,101,7
6890,C1,20,1,1,0,0,0,0,0,0,0,0,0,0,1,0,2,11,64,19
6900,A1,2,18,0,2,0,0,0,0,0,0,0,0,1,0,1,2,6,59,8
6900,B0,0,2,19,3,0,0,0,0,0,0,0,0,0,0,1,1,7,41,9
6900,B1,1,1,4,3,0,0,0,4,0,0,0,0,0,0,1,1,60,338,97
6900,B2,4,0,2,20,0,0,0,0,0,0,0,0,0,0,1,1,7,101,7
6900,C1,19,2,1,0,0,0,0,0,0,0,0,0,0,0,1,2,11,64,19
6910,A1,3,19,0,1,0,0,0,0,0,0,0,0,0,0,1,2,6,59,8
6910,B0,0,3,19,5,0,0,0,0,0,0,0,0,0,0,1,1,7,41,9
6910,B1,1,1,2,1,0,0,0,0,0,0,0,0,0,0,1,1,60,356,101
6910,B2,4,0,2,20,0,0,0,0,0,0,0,0,0,0,1,1,7,101,7
6910,C1,19,1,2,0,0,0,0,0,0,0,0,0,0,0,1,2,11,64,19
6920,A1,4,19,0,1,0,0,0,0,0,0,0,0,0,0,1,2,6,59,8
6920,B0,0,3,20,1,0,0,0,0,0,0,0,0,0,0,1,1,7,41,9
6920,B1,1,1,1,1,0,0,0,0,0,0,0,0,0,0,1,1,60,356,101
6920,B2,5,0,2,19,0,0,0,0,0,0,0,0,0,0,1,1,7,101,7
6920,C1,19,4,2,0,0,0,0,0,0,0,0,0,0,0,1,2,11,64,19
6930,A1,2,21,0,2,0,0,0,0,0,0,0,0,0,1,0,2,6,59,8
6930,B0,0,2,19,1,0,0,0,0,0,0,0,0,0,1,0,1,7,41,9
6930,B1,5,1,1,1,0,0,0,0,0,0,0,0,0,1,0,2,60,356,101
6930,B2,2,0,1,20,0,0,0,0,0,0,0,0,0,1,0,1,7,101,7
6930,C1,19,2,2,0,0,0,0,0,0,0,0,0,0,1,0,2,11,64,19
6940,A1,1,20,0,2,0,0,0,0,0,0,0,0,0,1,0,2,6,59,8
6940,B0,0,1,20,1,0,0,0,0,0,0,0,0,0,1,0,1,7,41,9
6940,B1,3,1,1,1,0,0,0,0,0,0,0,0,0,1,0,2,60,356,101
6940,B2,1,0,3,20,0,0,0,0,0,0,0,0,0,1,0,1,7,101,7
6940,C1,18,1,3,0,0,0,0,0,0,0,0,0,0,1,0,2,11,64,19
6950,A1,1,18,0,1,0,0,0,0,0,0,0,0,0,0,1,2,6,59,8
6950,B0,0,2,20,2,0,0,0,0,0,0,0,0,0,0,1,1,7,41,9
6950,B1,1,1,1,1,0,0,0,0,0,0,0,0,0,0,1,1,60,356,101
6950,B2,2,0,2,20,0,0,0,0,0,0,0,0,0,0,1,1,7,101,7
6950,C1,19,1,1,0,0,0,0,0,0,0,0,0,0,0,1,2,12,69,21
6960,A1,2,18,0,2,0,0,0,0,0,0,0,0,0,0,1,2,6,59,8
6960,B0,0,1,20,2,0,0,0,0,0,0,0,0,0,0,1,1,7,41,9
6960,B1,2,1,2,1,0,0,0,0,0,0,0,0,0,0,1,1,60,356,101
6960,B2,3,0,2,20,0,0,0,0,0,0,0,0,0,0,1,1,7,101,7
6960,C1,19,2,3,0,0,0,0,0,0,0,0,0,0,0,1,2,12,69,21
6970,A1,3,20,0,3,0,0,0,0,0,0,0,0,0,1,0,2,6,59,8
6970,B0,0,3,19,1,0,0,0,0,0,0,0,0,0,1,0,1,7,41,9
6970,B1,2,1,3,1,0,0,1,0,0,0,0,0,0,1,0,2,61,360,101
6970,B2,2,0,2,19,0,0,0,0,0,1,0,0,0,1,0,1,7,101,7
6970,C1,20,2,2,0,0,0,0,0,0,0,0,0,0,1,0,2,12,69,21
6980,A1,2,19,0,3,0,0,0,0,0,0,0,0,0,1,0,2,6,59,8
6980,B0,0,2,19,3,0,0,0,0,0,0,0,0,0,1,0,1,7,41,9
6980,B1,2,1,3,2,0,0,0,0,0,0,0,0,0,1,0,1,61,368,102
6980,B2,2,0,4,19,0,0,0,0,0,0,0,0,0,1,0,1,7,101,7
6980,C1,20,1,2,0,0,0,0,0,0,0,0,0,0,1,0,2,12,69,21
6990,A1,1,16,0,3,0,0,0,0,0,0,0,0,0,1,0,2,6,59,8
6990,B0,0,1,20,4,0,0,0,0,0,0,0,0,0,1,0,1,7,41,9
6990,B1,1,1,3,2,0,0,0,0,0,0,0,0,0,1,0,1,61,368,102
6990,B2,1,0,2,19,0,0,0,0,0,0,0,0,0,1,0,1,7,101,7
6990,C1,17,2,3,0,0,0,0,0,0,0,0,0,0,1,0,2,12,69,21
7000,A1,1,17,0,1,0,0,0,0,0,0,0,0,0,0,1,2,6,59,8
7000,B0,0,1,20,2,0,0,0,0,0,0,0,0,0,0,1,1,7,41,9
7000,B1,1,1,2,1,0,0,0,0,0,0,0,0,0,0,1,1,61,368,102
7000,B2,1,0,3,19,0,0,0,0,0,0,0,0,0,0,1,1,7,101,7
7000,C1,18,4,1,0,0,0,0,0,0,0,0,0,0,0,1,2,12,69,21
7010,A1,3,19,0,1,0,0,0,0,0,0,0,0,0,0,1,2,6,59,8
7010,B0,0,1,17,1,0,0,0,0,0,0,0,0,0,0,1,1,7,41,9
7010,B1,1,1,1,2,0,0,0,0,0,0,0,0,0,0,1,1,61,368,102
7010,B2,2,0,1,19,0,0,0,0,0,0,0,0,0,0,1,1,7,101,7
7010,C1,19,1,1,0,0,0,0,0,0,0,0,0,0,0,1,2,12,69,21
7020,A1,2,20,0,1,0,0,0,0,0,0,0,0,0,1,0,2,6,59,8
7020,B0,0,2,17,2,0,0,0,0,0,0,0,0,0,1,0,1,7,41,9
7020,B1,1,1,2,2,0,0,0,0,0,0,0,0,0,1,0,1,62,379,103
7020,B2,2,0,2,20,0,0,0,0,0,0,0,0,0,1,0,1,7,101,7
7020,C1,19,1,2,0,0,0,0,0,0,0,0,0,0,1,0,2,12,69,21
7030,A1,1,19,0,1,0,0,0,0,0,0,0,0,0,1,0,2,6,59,8
7030,B0,0,1,18,3,0,0,0,0,0,0,0,0,0,1,0,1,7,41,9
7030,B1,2,3,2,2,0,0,0,0,0,0,0,0,0,1,0,2,62,379,103
7030,B2,1,0,1,20,0,0,0,0,0,0,0,0,0,1,0,1,7,101,7
7030,C1,18,3,3,0,0,0,0,0,0,0,0,0,0,1,0,2,12,69,21
7040,A1,1,19,0,1,0,0,0,0,0,0,0,0,0,0,1,2,6,59,8
7040,B0,0,1,20,2,0,0,0,0,0,0,0,0,0,0,1,1,7,41,9
7040,B1,2,2,1,3,0,0,0,0,0,0,0,0,0,0,1,1,62,379,103
7040,B2,1,0,1,20,0,0,0,0,0,0,0,0,0,0,1,1,7,101,7
7040,C1,18,3,3,0,0,0,0,0,0,0,0,0,0,0,1,2,12,69,21
7050,A1,2,19,0,1,0,0,0,0,0,0,0,0,0,0,1,2,6,59,8
7050,B0,0,1,19,1,0,0,0,0,0,0,0,0,0,0,1,1,7,41,9
7050,B1,2,2,1,4,0,0,0,0,0,0,0,0,0,0,1,1,62,379,103
7050,B2,1,0,1,19,0,0,0,0,0,0,0,0,0,0,1,1,7,101,7
7050,C1,20,4,1,0,0,0,0,0,0,0,0,0,0,0,1,2,12,69,21
7060,A1,4,19,0,1,0,0,0,0,0,0,0,0,0,0,1,2,6,59,8
7060,B0,0,1,18,1,0,0,0,0,0,0,0,0,0,0,1,1,7,41,9
7060,B1,2,3,2,4,0,0,0,0,0,0,0,0,0,0,1,1,62,379,103
7060,B2,1,0,1,18,0,0,0,0,0,0,0,0,0,0,1,1,7,101,7
7060,C1,20,4,1,0,0,0,0,0,0,0,0,0,0,0,1,2,12,69,21
7070,A1,2,19,0,2,0,0,0,0,0,0,0,0,0,1,0,2,6,59,8
7070,B0,0,1,19,1,0,0,0,0,0,0,0,0,0,1,0,1,7,41,9
7070,B1,1,3,2,4,0,0,0,0,0,0,0,0,0,1,0,1,62,379,103
7070,B2,1,0,2,19,0,0,0,0,0,0,0,0,0,1,0,1,7,101,7
7070,C1,20,1,4,0,0,0,0,0,0,0,0,0,0,1,0,2,12,69,21
7080,A1,1,17,0,1,0,0,0,0,0,0,0,0,0,1,0,2,6,59,8
7080,B0,0,2,20,2,0,0,0,0,0,0,0,0,0,1,0,1,7,41,9
7080,B1,1,1,2,4,0,0,0,0,0,0,0,0,0,1,0,1,62,379,103
7080,B2,1,0,4,20,0,0,0,0,0,0,0,0,0,1,0,1,7,101,7
7080,C1,17,3,4,0,0,0,0,0,0,0,0,0,0,1,0,2,12,69,21
7090,A1,1,19,0,1,0,0,0,0,0,0,0,0,0,0,1,2,6,59,8
7090,B0,0,4,20,1,0,0,0,0,0,0,0,0,0,0,1,1,7,41,9
7090,B1,1,1,2,3,0,0,0,0,0,0,0,0,0,0,1,1,63,387,105
7090,B2,1,0,2,20,0,0,0,0,0,0,0,0,0,0,1,1,7,101,7
7090,C1,18,3,4,0,0,0,0,0,0,0,0,0,0,0,1,2,12,69,21
7100,A1,2,19,0,1,0,0,0,0,0,0,0,0,0,0,1,2,6,59,8
7100,B0,0,5,18,3,0,0,0,0,0,0,0,0,0,0,1,1,7,41,9
7100,B1,1,1,1,2,0,0,0,0,0,0,0,0,0,0,1,1,63,387,105
7100,B2,1,0,2,18,0,0,0,0,0,0,0,0,0,0,1,1,7,101,7
7100,C1,19,2,5,0,0,0,0,0,0,0,0,0,0,0,1,2,12,69,21
7110,A1,2,20,0,2,0,0,0,0,0,0,0,0,0,1,0,2,6,59,8
7110,B0,0,5,19,3,0,0,0,0,0,0,0,0,0,1,0,1,7,41,9
7110,B1,2,1,2,2,0,0,0,0,0,0,0,0,0,1,0,1,63,387,105
7110,B2,2,0,1,17,0,0,0,0,0,0,0,0,0,1,0,1,7,101,7
7110,C1,19,1,4,0,0,0,0,0,0,0,0,0,0,1,0,2,12,69,21
7120,A1,2,19,0,5,0,0,0,0,0,0,0,0,0,1,0,2,6,59,8
7120,B0,0,2,19,5,0,0,0,0,0,0,0,0,0,1,0,1,7,41,9
7120,B1,1,2,2,2,0,0,0,0,0,0,0,0,0,1,0,1,63,387,105
7120,B2,1,0,2,17,0,0,0,0,0,0,0,0,0,1,0,1,7,101,7
7120,C1,17,2,5,0,0,0,0,0,0,0,0,0,0,1,0,2,12,69,21
7130,A1,1,17,0,5,0,0,0,0,0,0,0,0,0,0,1,2,6,59,8
7130,B0,0,1,19,6,0,0,0,0,0,0,0,0,0,0,1,1,7,41,9
7130,B1,2,3,1,2,0,0,0,0,0,0,0,0,0,0,1,2,63,387,105
7130,B2,1,0,4,20,0,0,0,0,0,0,0,0,0,0,1,1,7,101,7
7130,C1,15,1,5,0,0,0,0,0,0,0,0,0,0,0,1,2,12,69,21
7140,A1,1,19,0,1,0,0,0,0,0,0,0,0,0,0,1,2,6,59,8
7140,B0,0,2,20,4,0,0,0,0,0,0,0,0,0,0,1,1,7,41,9
7140,B1,2,3,2,2,0,0,0,0,0,0,0,0,0,0,1,2,63,387,105
7140,B2,1,0,1,20,0,0,0,0,0,0,0,0,0,0,1,1,7,101,7
7140,C1,17,3,4,0,0,0,0,0,0,0,0,0,0,0,1,2,12,69,21
7150,A1,2,19,0,1,0,0,0,0,0,0,0,0,0,0,1,2,6,59,8
7150,B0,0,4,20,1,0,0,0,0,0,0,0,0,0,0,1,1,7,41,9
7150,B1,2,3,1,5,0,0,0,0,0,0,0,0,0,0,1,1,63,387,105
7150,B2,1,0,1,17,0,0,0,0,0,0,0,0,0,0,1,1,7,101,7
7150,C1,19,6,5,0,0,0,0,0,0,0,0,0,0,0,1,2,12,69,21
7160,A1,1,20,0,2,0,0,0,0,0,0,0,0,0,1,0,2,6,59,8
7160,B0,0,2,19,2,0,0,0,0,0,0,0,0,0,1,0,1,7,41,9
7160,B1,2,3,1,4,0,0,0,0,0,0,0,0,0,1,0,1,63,387,105
7160,B2,1,0,3,18,0,0,0,0,0,0,0,0,0,1,0,1,7,101,7
7160,C1,20,1,5,0,0,0,0,0,0,0,0,0,0,1,0,2,12,69,21
7170,A1,4,20,0,2,0,0,0,0,0,0,0,0,0,1,0,2,6,59,8
7170,B0,0,2,20,2,0,0,0,0,0,0,0,0,0,1,0,1,7,41,9
7170,B1,2,4,1,4,0,0,0,0,0,0,0,0,0,1,0,2,63,387,105
7170,B2,1,0,1,19,0,0,0,0,0,0,0,0,0,1,0,1,7,101,7
7170,C1,17,1,5,0,0,0,0,0,0,0,0,0,0,1,0,2,12,69,21
7180,A1,1,19,0,1,0,0,0,0,0,0,0,0,0,0,1,2,6,59,8
7180,B0,0,2,20,2,0,0,0,0,0,0,0,0,0,0,1,1,7,41,9
7180,B1,1,2,1,4,0,0,0,0,0,0,0,0,0,0,1,1,63,387,105
7180,B2,1,0,1,20,0,0,0,0,0,0,0,0,0,0,1,1,7,101,7
7180,C1,17,1,6,0,0,0,0,0,0,0,0,0,0,0,1,2,12,69,21
7190,A1,3,19,0,1,0,0,0,0,0,0,0,0,0,0,1,2,6,59,8
7190,B0,0,3,20,2,0,0,0,0,0,0,0,0,0,0,1,1,7,41,9
7190,B1,1,2,1,3,0,0,0,0,0,0,0,0,0,0,1,1,63,387,105
7190,B2,2,0,1,19,0,0,0,0,0,0,0,0,0,0,1,1,7,101,7
7190,C1,18,2,8,0,0,0,0,0,0,0,0,0,0,0,1,2,12,69,21
7200,A1,5,19,0,1,0,0,0,0,0,0,0,0,0,1,0,2,6,59,8
7200,B0,0,2,19,1,0,0,0,0,0,0,0,0,0,1,0,1,7,41,9
7200,B1,1,2,1,2,0,0,0,0,0,0,0,0,0,1,0,1,63,387,105
7200,B2,2,0,1,18,0,0,0,0,0,0,0,0,0,1,0,1,7,101,7
7200,C1,20,4,11,0,0,0,0,0,0,0,0,0,0,1,0,2,12,69,21
7210,A1,7,19,0,2,0,0,0,0,0,0,0,0,0,1,0,2,6,59,8
7210,B0,0,2,19,2,0,0,0,0,0,0,0,0,0,1,0,1,7,41,9
7210,B1,1,3,1,2,0,0,0,0,0,0,0,0,0,1,0,2,63,387,105
7210,B2,1,0,2,19,0,0,0,0,0,0,0,0,0,1,0,1,7,101,7
7210,C1,20,2,12,0,0,0,0,0,0,0,0,0,0,1,0,2,12,69,21
7220,A1,2,18,0,5,0,0,0,0,0,0,0,0,0,1,0,2,6,59,8
7220,B0,0,2,20,3,0,0,0,0,0,0,0,0,0,1,0,1,7,41,9
7220,B1,1,2,2,2,0,0,0,0,0,0,0,0,0,1,0,1,63,387,105
7220,B2,1,0,4,20,0,0,0,0,0,0,0,0,0,1,0,1,7,101,7
7220,C1,19,1,12,0,0,0,0,0,0,0,0,0,0,1,0,2,12,69,21
7230,A1,2,19,0,3,0,0,0,0,0,0,0,0,0,0,1,2,6,59,8
7230,B0,0,1,20,1,0,0,0,0,0,0,0,0,0,0,1,1,7,41,9
7230,B1,2,1,2,1,0,0,0,0,0,0,0,0,1,0,1,2,63,387,105
7230,B2,1,0,1,20,0,0,0,0,0,0,0,0,0,0,1,1,7,101,7
7230,C1,20,1,10,0,0,0,0,8,0,0,0,0,0,0,1,1,13,86,21
7240,A1,3,19,0,1,0,0,0,0,0,0,0,0,0,0,1,2,6,59,8
7240,B0,0,2,18,2,0,0,0,0,0,0,0,0,0,0,1,1,7,41,9
7240,B1,2,1,2,1,0,0,0,0,0,0,0,0,1,0,1,2,63,387,105
7240,B2,1,0,1,18,0,0,0,0,0,0,0,0,0,0,1,1,7,101,7
7240,C1,20,2,8,0,0,0,0,6,0,0,0,0,0,0,1,1,13,106,21
7250,A1,2,20,0,1,0,0,0,0,0,0,0,0,0,1,0,2,6,59,8
7250,B0,0,1,18,1,0,0,0,0,0,0,0,0,0,1,0,1,7,41,9
7250,B1,2,1,3,2,0,0,0,0,0,0,0,0,0,1,0,1,63,387,105
7250,B2,1,0,2,18,0,0,0,0,0,0,0,0,0,1,0,1,7,101,7
7250,C1,20,3,7,0,0,0,0,0,0,0,0,0,0,1,0,2,13,114,31
7260,A1,1,20,0,1,0,0,0,0,0,0,0,0,0,1,0,2,6,59,8
7260,B0,0,1,19,2,0,0,0,0,0,0,0,0,0,1,0,1,7,41,9
7260,B1,1,6,3,2,0,0,0,0,0,0,0,0,0,1,0,1,63,387,105
7260,B2,3,0,6,18,0,0,0,0,0,0,0,0,0,1,0,1,7,101,7
7260,C1,18,1,9,0,0,0,0,0,0,0,0,0,0,1,0,2,13,114,31
7270,A1,1,19,0,1,0,0,0,0,0,0,0,0,0,0,1,2,6,59,8
7270,B0,0,2,19,2,0,0,0,0,0,0,0,0,0,0,1,1,7,41,9
7270,B1,1,1,4,2,0,0,0,0,1,0,0,0,0,0,1,1,64,393,105
7270,B2,2,0,6,19,0,0,0,1,0,0,0,0,0,0,1,1,8,107,7
7270,C1,18,4,8,0,0,0,0,0,0,0,0,1,0,0,1,2,13,114,31
7280,A1,3,19,0,1,0,0,0,0,0,0,0,0,0,0,1,2,6,59,8
7280,B0,0,2,20,1,0,0,0,0,0,0,0,0,0,0,1,1,7,41,9
7280,B1,1,1,3,2,0,0,0,0,0,0,0,0,0,0,1,1,64,395,107
7280,B2,2,0,4,15,0,0,0,0,0,0,0,0,0,0,1,1,8,109,9
7280,C1,19,1,6,0,0,0,0,0,0,0,0,0,0,0,1,2,13,114,31
7290,A1,6,19,0,1,0,0,0,0,0,0,0,0,0,0,1,2,6,59,8
7290,B0,0,3,19,1,0,0,0,0,0,0,0,0,0,0,1,1,7,41,9
7290,B1,1,1,3,1,0,0,0,0,0,0,0,0,0,0,1,1,64,395,107
7290,B2,2,0,1,12,0,0,0,0,0,0,0,0,0,0,1,1,8,109,9
7290,C1,20,3,4,0,0,0,0,0,0,0,0,0,0,0,1,2,13,114,31
7300,A1,2,21,0,1,0,0,0,0,0,0,0,0,0,1,0,2,6,59,8
7300,B0,0,2,20,1,0,0,0,0,0,0,0,0,0,1,0,1,7,41,9
7300,B1,2,3,3,1,0,0,0,0,0,0,0,0,0,1,0,2,64,395,107
7300,B2,1,0,2,15,0,0,0,0,0,0,0,0,0,1,0,1,8,109,9
7300,C1,20,2,5,0,0,0,0,0,0,0,0,0,0,1,0,2,13,114,31
7310,A1,3,21,0,2,0,0,0,0,0,0,0,0,0,1,0,2,6,59,8
7310,B0,0,1,20,3,0,0,0,0,0,0,0,0,0,1,0,1,7,41,9
7310,B1,2,5,3,1,0,0,0,0,0,0,0,0,0,1,0,2,64,395,107
7310,B2,1,0,3,19,0,0,0,0,0,0,0,0,0,1,0,1,8,109,9
7310,C1,18,2,5,0,0,0,0,0,0,0,0,0,0,1,0,2,13,114,31
7320,A1,2,20,0,2,0,0,0,0,0,0,0,0,0,0,1,2,6,59,8
7320,B0,0,2,20,1,0,0,0,0,0,0,0,0,0,0,1,1,7,41,9
7320,B1,1,5,4,1,0,0,0,0,0,0,0,0,0,0,1,1,64,395,107
7320,B2,2,0,3,20,0,0,0,0,0,0,0,0,0,0,1,1,8,109,9
7320,C1,18,2,5,0,0,0,0,0,0,0,0,0,0,0,1,2,13,114,31
7330,A1,4,20,0,3,0,0,0,0,0,0,0,0,0,0,1,2,6,59,8
7330,B0,0,2,18,1,0,0,0,0,0,0,0,0,0,0,1,1,7,41,9
7330,B1,1,5,4,3,0,0,0,0,0,0,0,0,0,0,1,1,64,395,107
7330,B2,3,0,3,20,0,0,0,0,0,0,0,0,0,0,1,1,8,109,9
7330,C1,19,2,5,0,0,0,0,0,0,0,0,0,0,0,1,2,13,114,31
7340,A1,3,20,0,2,0,0,0,0,0,0,0,0,0,1,0,2,6,59,8
7340,B0,0,2,17,1,0,0,0,0,0,0,0,0,0,1,0,1,7,41,9
7340,B1,1,5,2,2,0,0,0,0,0,0,0,0,0,1,0,2,64,395,107
7340,B2,3,0,2,20,0,0,0,0,0,0,0,0,0,1,0,1,8,109,9
7340,C1,20,1,6,0,0,0,0,0,0,0,0,0,0,1,0,2,13,114,31
7350,A1,1,20,0,3,0,0,0,0,0,0,0,0,0,1,0,2,6,59,8
7350,B0,0,2,18,2,0,0,0,0,0,0,0,0,0,1,0,1,7,41,9
7350,B1,2,3,2,2,0,0,0,0,0,0,0,0,0,1,0,2,64,395,107
7350,B2,1,0,3,20,0,0,0,0,0,0,0,0,0,1,0,1,8,109,9
7350,C1,19,1,7,0,0,0,0,0,0,0,0,0,0,1,0,2,13,114,31
7360,A1,2,20,0,3,0,0,0,0,0,0,0,0,0,0,1,2,6,59,8
7360,B0,0,2,20,2,0,0,0,0,0,0,0,0,0,0,1,1,7,41,9
7360,B1,2,3,3,2,0,0,0,0,0,0,0,0,0,0,1,1,64,395,107
7360,B2,3,0,1,20,0,0,0,0,0,0,0,0,0,0,1,1,8,109,9
7360,C1,17,1,8,0,0,0,0,0,0,0,0,0,0,0,1,2,13,114,31
7370,A1,1,20,0,1,0,0,0,0,0,0,0,0,0,0,1,2,6,59,8
7370,B0,0,6,20,4,0,0,0,0,0,0,0,0,0,0,1,1,7,41,9
7370,B1,2,1,2,2,0,0,0,0,0,0,0,0,0,0,1,1,64,395,107
7370,B2,1,0,3,20,0,0,0,0,0,0,0,0,0,0,1,1,8,109,9
7370,C1,18,1,6,0,0,0,0,0,0,0,0,0,0,0,1,2,13,114,31
7380,A1,3,20,0,1,0,0,0,0,0,0,0,0,0,0,1,2,6,59,8
7380,B0,0,7,19,4,0,0,0,0,0,0,0,0,0,0,1,1,7,41,9
7380,B1,2,1,1,1,0,0,0,0,0,0,0,0,0,0,1,2,64,395,107
7380,B2,3,0,2,20,0,0,0,0,0,0,0,0,0,0,1,1,8,109,9
7380,C1,20,2,3,0,0,0,0,0,0,0,0,0,0,0,1,2,13,114,31
7390,A1,1,20,0,1,0,0,0,0,0,0,0,0,0,1,0,2,6,59,8
7390,B0,0,4,20,1,0,0,0,0,0,0,0,0,0,1,0,1,7,41,9
7390,B1,3,2,1,1,0,0,0,0,0,0,0,0,0,1,0,2,64,395,107
7390,B2,3,0,2,20,0,0,0,0,0,0,0,0,0,1,0,1,8,109,9
7390,C1,20,1,4,0,0,0,0,0,0,0,0,0,0,1,0,2,13,114,31
7400,A1,1,18,0,3,0,0,0,0,0,0,0,0,0,1,0,2,6,59,8
7400,B0,0,1,20,2,0,0,0,0,0,0,0,0,0,1,0,1,7,41,9
7400,B1,1,1,1,1,0,0,0,0,0,0,0,0,0,1,0,1,64,395,107
7400,B2,1,0,4,20,0,0,0,0,0,0,0,0,0,1,0,1,8,109,9
7400,C1,20,1,4,0,0,0,0,0,0,0,0,0,0,1,0,2,13,114,31
7410,A1,1,18,0,1,0,0,0,0,0,0,0,0,0,0,1,2,6,59,8
7410,B0,0,1,20,2,0,0,0,0,0,0,0,0,0,0,1,1,7,41,9
7410,B1,1,1,2,1,0,0,0,0,0,0,0,0,0,0,1,1,64,395,107
7410,B2,2,0,4,20,0,0,0,0,0,0,0,0,0,0,1,1,8,109,9
7410,C1,20,1,2,0,0,0,0,0,0,0,0,0,0,0,1,2,13,114,31
7420,A1,1,19,0,1,0,0,0,0,0,0,0,0,0,0,1,2,6,59,8
7420,B0,0,3,18,1,0,0,0,0,0,0,0,0,0,0,1,1,7,41,9
7420,B1,1,1,2,1,0,0,0,0,0,0,0,0,0,0,1,1,64,395,107
7420,B2,2,0,3,20,0,0,0,0,0,0,0,0,0,0,1,1,8,109,9
7420,C1,20,2,1,0,0,0,0,0,0,0,0,0,0,0,1,2,13,114,31
7430,A1,2,19,0,1,0,0,0,0,0,0,0,0,0,1,0,2,6,59,8
7430,B0,0,2,16,1,0,0,0,0,0,0,1,0,0,1,0,1,7,41,9
7430,B1,2,1,1,1,0,1,1,0,0,0,0,0,0,1,0,2,66,403,107
7430,B2,3,0,4,19,0,0,0,0,0,1,0,0,0,1,0,1,8,109,9
7430,C1,20,2,2,0,0,0,0,0,0,0,0,0,0,1,0,2,13,114,31
7440,A1,1,18,0,2,0,0,0,0,0,0,0,0,0,1,0,2,6,59,8
7440,B0,0,1,17,1,0,0,0,0,0,0,0,0,0,1,0,1,7,41,9
7440,B1,3,1,1,1,0,0,0,0,0,0,0,0,0,1,0,2,66,405,109
7440,B2,1,0,6,20,0,0,0,0,0,0,0,0,0,1,0,1,8,109,9
7440,C1,20,2,3,0,0,0,0,0,0,0,0,0,0,1,0,2,13,114,31
7450,A1,2,19,0,1,0,0,0,0,0,0,0,0,0,1,0,2,6,59,8
7450,B0,0,1,19,1,0,0,0,0,0,0,0,0,0,1,0,1,7,41,9
7450,B1,1,1,1,2,0,0,0,0,0,0,0,0,0,1,0,1,66,405,109
7450,B2,1,0,5,20,0,0,0,0,0,0,0,0,0,1,0,1,8,109,9
7450,C1,20,1,5,0,0,0,0,0,0,0,0,0,0,1,0,2,13,114,31
7460,A1,3,20,0,1,0,0,0,0,0,0,0,0,0,0,1,2,6,59,8
7460,B0,0,1,20,1,0,0,0,0,0,0,0,0,0,0,1,1,7,41,9
7460,B1,2,2,1,2,0,0,0,0,0,0,0,0,0,0,1,2,66,405,109
7460,B2,2,0,2,20,0,0,0,0,0,0,0,0,0,0,1,1,8,109,9
7460,C1,20,3,2,0,0,0,0,0,0,0,0,0,0,0,1,2,13,114,31
7470,A1,2,20,0,1,0,0,0,0,0,0,0,0,0,0,1,2,6,59,8
7470,B0,0,1,18,1,0,0,0,0,0,0,0,0,0,0,1,1,7,41,9
7470,B1,2,2,1,2,0,0,0,0,0,0,0,0,0,0,1,2,66,405,109
7470,B2,3,0,1,19,0,0,0,0,0,0,0,0,0,0,1,1,8,109,9
7470,C1,20,5,1,0,0,0,0,0,0,0,0,0,0,0,1,2,13,114,31
7480,A1,3,20,0,1,0,0,0,0,0,0,0,0,0,1,0,2,6,59,8
7480,B0,0,2,17,1,0,0,0,0,0,0,0,0,0,1,0,1,7,41,9
7480,B1,2,1,1,2,0,0,0,0,0,0,0,0,0,1,0,1,66,405,109
7480,B2,2,0,1,20,0,0,0,0,0,0,0,0,0,1,0,1,8,109,9
7480,C1,20,6,2,0,0,0,0,0,0,0,0,0,0,1,0,2,13,114,31
7490,A1,2,17,0,1,0,0,0,0,0,0,0,0,0,1,0,2,6,59,8
7490,B0,0,2,19,2,0,0,0,0,0,0,0,0,0,1,0,1,7,41,9
7490,B1,2,1,1,2,0,0,0,0,0,0,0,0,0,1,0,1,66,405,109
7490,B2,1,0,2,20,0,0,0,0,0,0,0,0,0,1,0,1,8,109,9
7490,C1,20,2,3,0,0,0,0,0,0,0,0,0,0,1,0,2,13,114,31
7500,A1,4,15,0,1,0,0,0,0,0,0,0,0,0,0,1,2,6,59,8
7500,B0,0,2,20,2,0,0,0,0,0,0,0,0,0,0,1,1,7,41,9
7500,B1,1,1,1,2,0,0,0,0,0,0,0,0,0,0,1,1,67,409,110
7500,B2,1,0,1,20,0,0,0,0,0,0,0,0,0,0,1,1,8,109,9
7500,C1,20,1,4,0,0,0,0,0,0,0,0,0,0,0,1,2,13,114,31
7510,A1,1,17,0,1,0,0,0,0,0,0,0,0,0,0,1,2,6,59,8
7510,B0,0,2,18,2,0,0,0,0,0,0,0,0,0,0,1,1,7,41,9
7510,B1,2,1,4,1,0,0,0,0,0,0,0,0,0,0,1,1,67,409,110
7510,B2,2,0,1,18,0,0,0,0,0,0,0,0,0,0,1,1,8,109,9
7510,C1,20,1,1,0,0,0,0,0,0,0,0,0,0,0,1,2,13,114,31
7520,A1,2,20,0,1,0,0,0,0,0,0,0,0,0,0,1,2,6,59,8
7520,B0,0,3,17,1,0,0,0,0,0,0,0,0,0,0,1,1,7,41,9
7520,B1,2,1,4,1,0,0,0,0,0,0,0,0,0,0,1,1,67,409,110
7520,B2,3,0,3,14,0,0,0,0,0,0,0,0,0,0,1,1,8,109,9
7520,C1,20,4,1,0,0,0,0,0,0,0,0,0,0,0,1,2,13,114,31
7530,A1,4,18,0,1,0,0,0,0,0,0,0,0,0,1,0,2,6,59,8
7530,B0,0,1,18,2,0,0,0,0,0,0,0,0,0,1,0,1,7,41,9
7530,B1,3,2,4,1,0,0,0,0,0,0,0,0,0,1,0,1,68,419,111
7530,B2,1,0,2,15,0,0,0,0,0,0,0,0,0,1,0,1,8,109,9
7530,C1,20,1,1,0,0,0,0,0,0,0,0,0,0,1,0,2,13,114,31
7540,A1,1,15,0,1,0,0,0,0,0,0,0,0,0,1,0,2,6,59,8
7540,B0,0,1,20,4,0,0,0,0,0,0,0,0,0,1,0,1,7,41,9
7540,B1,2,2,4,1,0,0,0,0,0,0,0,0,0,1,0,1,68,419,111
7540,B2,1,0,2,19,0,0,0,0,0,0,0,0,0,1,0,1,8,109,9
7540,C1,19,3,3,0,0,0,0,0,0,0,0,0,0,1,0,2,13,114,31
7550,A1,1,15,0,1,0,0,0,0,0,0,0,0,0,0,1,2,6,59,8
7550,B0,0,2,20,4,0,0,0,0,0,0,0,0,0,0,1,1,7,41,9
7550,B1,1,2,2,1,0,0,0,0,0,0,0,0,0,0,1,1,68,419,111
7550,B2,3,0,2,20,0,0,0,0,0,0,0,0,0,0,1,1,8,109,9
7550,C1,19,3,3,0,0,0,0,0,0,0,0,0,0,0,1,2,13,114,31
7560,A1,3,18,0,1,0,0,0,0,0,0,0,0,0,0,1,2,6,59,8
7560,B0,0,2,20,2,0,0,0,0,0,0,0,0,0,0,1,1,7,41,9
7560,B1,1,2,3,3,0,0,0,0,0,0,0,0,0,0,1,1,68,419,111
7560,B2,3,0,1,18,0,0,0,0,0,0,0,0,0,0,1,1,8,109,9
7560,C1,19,4,3,0,0,0,0,0,0,0,0,0,0,0,1,2,13,114,31
7570,A1,1,20,0,3,0,0,0,0,0,0,0,0,0,1,0,2,6,59,8
7570,B0,0,3,19,1,0,0,0,0,0,0,0,0,0,1,0,1,7,41,9
7570,B1,2,2,4,1,0,0,0,0,0,0,0,0,0,1,0,1,68,419,111
7570,B2,3,0,1,18,0,0,0,0,0,0,0,0,0,1,0,1,8,109,9
7570,C1,20,4,4,0,0,0,0,0,0,0,0,0,0,1,0,2,13,114,31
7580,A1,2,19,0,3,0,0,0,0,0,0,0,0,0,1,0,2,6,59,8
7580,B0,0,2,19,1,0,0,0,0,0,0,0,0,0,1,0,1,7,41,9
7580,B1,2,1,4,2,0,0,0,0,0,0,0,0,0,1,0,1,68,419,111
7580,B2,3,0,1,19,0,0,0,0,0,0,0,0,0,1,0,1,8,109,9
7580,C1,20,3,6,0,0,0,0,0,0,0,0,0,0,1,0,2,13,114,31
7590,A1,2,17,0,3,0,0,0,0,0,0,0,0,0,0,1,2,6,59,8
7590,B0,0,1,20,3,0,0,0,0,0,0,0,0,0,0,1,1,7,41,9
7590,B1,2,1,4,2,0,0,0,0,0,0,0,0,0,0,1,1,68,419,111
7590,B2,3,0,1,20,0,0,0,0,0,0,0,0,0,0,1,1,8,109,9
7590,C1,17,1,7,0,0,0,0,0,0,0,0,0,0,0,1,2,13,114,31
7600,A1,3,19,0,2,0,0,0,0,0,0,0,0,0,0,1,2,6,59,8
7600,B0,0,2,20,1,0,0,0,0,0,0,0,0,0,0,1,1,7,41,9
7600,B1,2,1,3,3,0,0,0,0,0,0,0,0,0,0,1,1,68,419,111
7600,B2,4,0,1,19,0,0,0,0,0,0,0,0,0,0,1,1,8,109,9
7600,C1,18,3,4,0,0,0,0,0,0,0,0,0,0,0,1,2,13,114,31
7610,A1,5,20,0,1,0,0,0,0,0,0,0,0,0,0,1,2,6,59,8
7610,B0,0,4,18,1,0,0,0,0,0,0,0,0,0,0,1,1,7,41,9
7610,B1,2,1,1,1,0,0,0,0,0,0,0,0,0,0,1,2,68,419,111
7610,B2,4,0,2,16,0,0,0,0,0,0,0,0,0,0,1,1,8,109,9
7610,C1,19,4,1,0,0,0,0,0,0,0,0,0,0,0,1,2,13,114,31
7620,A1,5,20,0,4,0,0,0,0,0,0,0,0,0,1,0,2,6,59,8
7620,B0,0,1,18,3,0,0,0,0,0,0,0,0,0,1,0,1,7,41,9
7620,B1,1,1,1,2,0,0,0,0,0,0,0,0,0,1,0,1,68,419,111
7620,B2,1,0,1,17,0,0,0,0,0,0,0,0,0,1,0,1,8,109,9
7620,C1,20,1,5,0,0,0,0,0,0,0,0,0,0,1,0,2,13,114,31
7630,A1,1,20,0,5,0,0,0,0,0,0,0,0,0,1,0,2,6,59,8
7630,B0,0,1,19,3,0,0,0,0,0,0,0,0,0,1,0,1,7,41,9
7630,B1,2,1,1,2,0,0,0,0,0,0,0,0,0,1,0,1,68,419,111
7630,B2,2,0,2,19,0,0,0,0,0,0,0,0,0,1,0,1,8,109,9
7630,C1,20,2,6,0,0,0,0,0,0,0,0,0,0,1,0,2,13,114,31
7640,A1,1,19,0,4,0,0,0,0,0,0,0,0,0,0,1,2,6,59,8
7640,B0,0,1,20,2,0,0,0,0,0,0,0,0,0,0,1,1,7,41,9
7640,B1,1,2,1,1,0,0,0,0,0,0,0,0,0,0,1,2,68,419,111
7640,B2,3,0,1,20,0,0,0,0,0,0,0,0,0,0,1,1,8,109,9
7640,C1,20,2,5,0,0,0,0,0,0,0,0,0,0,0,1,2,13,114,31
7650,A1,5,19,0,1,0,0,0,0,0,0,0,0,0,0,1,2,6,59,8
7650,B0,0,1,20,1,0,0,0,0,0,0,0,0,0,0,1,1,7,41,9
7650,B1,1,2,1,2,0,0,0,0,0,0,0,0,0,0,1,1,68,419,111
7650,B2,3,0,1,19,0,0,0,0,0,0,0,0,0,0,1,1,8,109,9
7650,C1,20,3,5,0,0,0,0,0,0,0,0,0,0,0,1,2,13,114,31
7660,A1,2,19,0,3,0,0,0,0,0,0,0,0,0,1,0,2,6,59,8
7660,B0,0,1,20,1,0,0,0,0,0,0,0,0,0,1,0,1,8,42,10
7660,B1,3,1,1,2,0,0,0,0,0,0,0,0,0,1,0,2,68,419,111
7660,B2,4,0,1,18,0,0,0,0,0,0,0,0,0,1,0,1,8,109,9
7660,C1,20,2,5,0,0,0,0,0,0,0,0,0,0,1,0,2,13,114,31
7670,A1,1,18,0,1,0,0,0,0,0,0,0,0,0,1,0,2,6,59,8
7670,B0,0,2,20,4,0,0,0,0,0,0,0,0,0,1,0,1,8,42,10
7670,B1,2,1,1,2,0,0,0,0,0,0,0,0,0,1,0,1,68,419,111
7670,B2,1,0,2,20,0,0,0,0,0,0,0,0,0,1,0,1,8,109,9
7670,C1,20,2,5,0,0,0,0,0,0,0,0,0,0,1,0,2,13,114,31
7680,A1,1,18,0,2,0,0,0,0,0,0,0,0,0,1,0,2,6,59,8
7680,B0,0,1,20,2,0,0,0,0,0,0,0,0,0,1,0,1,8,42,10
7680,B1,1,1,1,2,0,0,0,0,0,0,0,0,0,1,0,1,68,419,111
7680,B2,2,0,4,20,0,0,0,0,0,0,0,0,0,1,0,1,8,109,9
7680,C1,19,1,5,0,0,0,0,0,0,0,0,0,0,1,0,2,13,114,31
7690,A1,4,19,0,1,0,0,0,0,0,0,0,0,0,0,1,2,6,59,8
7690,B0,0,5,19,1,0,0,0,0,0,0,0,0,0,0,1,1,8,42,10
7690,B1,1,1,1,2,0,0,0,0,0,0,0,0,0,0,1,1,68,419,111
7690,B2,2,0,6,20,0,0,0,0,0,0,0,0,0,0,1,1,8,109,9
7690,C1,20,2,2,0,0,0,0,0,0,0,0,0,0,0,1,2,13,114,31
7700,A1,2,20,0,1,0,0,0,0,0,0,0,0,0,0,1,2,6,59,8
7700,B0,0,6,16,1,0,0,0,0,0,0,0,0,0,0,1,1,8,42,10
7700,B1,1,1,2,1,0,0,0,0,0,0,0,0,0,0,1,1,68,419,111
7700,B2,3,0,3,20,0,0,0,0,0,0,0,0,0,0,1,1,8,109,9
7700,C1,20,3,1,0,0,0,0,0,0,0,0,0,0,0,1,2,13,114,31
7710,A1,2,20,0,2,0,0,0,0,0,0,0,0,0,1,0,2,6,59,8
7710,B0,0,5,16,2,0,0,0,0,0,0,0,0,0,1,0,1,9,48,11
7710,B1,3,1,1,1,0,0,0,0,0,0,0,0,0,1,0,2,69,424,112
7710,B2,1,0,2,20,0,0,0,0,0,0,0,0,0,1,0,1,8,109,9
7710,C1,20,1,1,0,0,0,0,0,0,0,0,0,0,1,0,2,13,114,31
7720,A1,1,18,0,3,0,0,0,0,0,0,0,0,0,1,0,2,6,59,8
7720,B0,0,1,19,4,0,0,0,0,0,0,0,0,0,1,0,1,9,48,11
7720,B1,3,1,1,1,0,0,0,0,0,0,0,0,0,1,0,2,69,424,112
7720,B2,2,0,3,20,0,0,0,0,0,0,0,0,0,1,0,1,8,109,9
7720,C1,20,3,1,0,0,0,0,0,0,0,0,0,0,1,0,2,13,114,31
7730,A1,1,18,0,2,0,0,0,0,0,0,0,0,0,0,1,2,6,59,8
7730,B0,0,1,20,4,0,0,0,0,0,0,0,0,0,0,1,1,9,48,11
7730,B1,2,1,1,1,0,0,0,0,1,0,0,0,0,0,1,1,70,430,112
7730,B2,2,0,3,20,0,0,0,0,0,0,0,0,0,0,1,1,8,109,9
7730,C1,19,3,2,0,0,0,0,0,0,0,0,1,0,0,1,2,13,114,31
7740,A1,1,18,0,1,0,0,0,0,0,0,0,0,0,0,1,2,6,59,8
7740,B0,0,1,20,1,0,0,0,0,0,0,0,0,0,0,1,1,9,48,11
7740,B1,2,1,2,2,0,0,0,0,0,0,0,0,0,0,1,1,70,430,113
7740,B2,2,0,1,20,0,0,0,0,0,0,0,0,0,0,1,1,8,109,9
7740,C1,19,4,2,0,0,0,0,0,0,0,0,0,0,0,1,2,13,114,31
7750,A1,1,20,0,1,0,0,0,0,0,0,0,0,0,0,1,2,6,59,8
7750,B0,0,1,19,1,0,0,0,0,0,0,0,0,0,0,1,1,9,48,11
7750,B1,2,1,1,2,0,0,0,0,0,0,0,0,0,0,1,1,70,430,113
7750,B2,2,0,1,19,0,0,0,0,0,0,0,0,0,0,1,1,8,109,9
7750,C1,19,4,2,0,0,0,0,0,0,0,0,0,0,0,1,2,13,114,31
7760,A1,1,18,0,1,0,0,0,0,0,0,0,0,0,1,0,2,6,59,8
7760,B0,0,1,20,3,0,0,0,0,0,0,0,0,0,1,0,1,9,48,11
7760,B1,2,1,1,2,0,0,0,0,0,0,0,0,0,1,0,1,70,430,113
7760,B2,1,0,1,20,0,0,0,0,0,0,0,0,0,1,0,1,8,109,9
7760,C1,19,2,3,0,0,0,0,0,0,0,0,0,0,1,0,2,13,114,31
7770,A1,1,15,0,1,0,0,0,0,0,0,0,0,0,1,0,2,6,59,8
7770,B0,0,1,20,4,0,0,0,0,0,0,0,0,0,1,0,1,9,48,11
7770,B1,2,2,1,2,0,0,0,0,0,0,0,0,0,1,0,2,70,430,113
7770,B2,1,0,3,20,0,0,0,0,0,0,0,0,0,1,0,1,8,109,9
7770,C1,20,5,4,0,0,0,0,0,0,0,0,0,0,1,0,2,13,114,31
7780,A1,1,15,0,1,0,0,0,0,0,0,0,0,0,0,1,2,6,59,8
7780,B0,0,2,20,2,0,0,0,0,0,0,0,0,0,0,1,1,9,48,11
7780,B1,2,2,2,1,0,0,0,0,0,0,0,0,0,0,1,2,71,433,115
7780,B2,1,0,3,20,0,0,0,0,0,0,0,0,0,0,1,1,8,109,9
7780,C1,20,5,2,0,0,0,0,0,0,0,0,0,0,0,1,2,13,114,31
7790,A1,3,18,0,3,0,0,0,0,0,0,0,0,0,0,1,2,6,59,8
7790,B0,0,2,20,1,0,0,0,0,0,0,0,0,0,0,1,1,9,48,11
7790,B1,2,2,4,2,0,0,0,0,0,0,0,0,0,0,1,1,71,433,115
7790,B2,1,0,2,19,0,0,0,0,0,0,0,0,0,0,1,1,8,109,9
7790,C1,20,7,1,0,0,0,0,0,0,0,0,0,0,0,1,2,13,114,31
7800,A1,3,20,0,2,0,0,0,0,0,0,0,0,0,1,0,2,6,59,8
7800,B0,0,1,19,2,0,0,0,0,0,0,0,0,0,1,0,1,9,48,11
7800,B1,1,1,2,2,0,0,0,0,0,0,0,0,0,1,0,1,72,438,117
7800,B2,1,0,1,18,0,0,0,0,0,0,0,0,0,1,0,1,8,109,9
7800,C1,20,7,1,0,0,0,0,0,0,0,0,0,0,1,0,2,13,114,31
7810,A1,2,20,0,2,0,0,0,0,0,0,0,0,0,1,0,2,6,59,8
7810,B0,0,1,19,2,0,0,0,0,0,0,0,0,0,1,0,1,9,48,11
7810,B1,1,2,2,2,0,0,0,0,0,0,0,0,0,1,0,1,72,438,117
7810,B2,2,0,3,19,0,0,0,0,0,0,0,0,0,1,0,1,8,109,9
7810,C1,20,5,2,0,0,0,0,0,0,0,0,0,0,1,0,2,13,114,31
7820,A1,2,19,0,3,0,0,0,0,2,0,0,0,0,0,1,1,7,60,8
7820,B0,0,1,20,3,0,0,0,0,0,0,0,0,0,0,1,1,9,48,11
7820,B1,1,1,2,2,0,0,0,0,0,0,0,1,0,0,1,1,72,438,117
7820,B2,2,0,3,20,0,0,0,0,0,0,0,0,0,0,1,1,8,109,9
7820,C1,19,2,3,0,0,0,0,0,0,0,0,0,0,0,1,2,13,114,31
7830,A1,3,20,0,1,0,0,0,0,0,0,0,0,0,0,1,2,7,67,10
7830,B0,0,2,20,2,0,0,0,0,0,0,0,0,0,0,1,1,9,48,11
7830,B1,1,1,1,1,0,0,0,0,0,0,0,0,0,0,1,1,72,438,117
7830,B2,2,0,1,19,0,0,0,0,0,0,0,0,0,0,1,1,8,109,9
7830,C1,19,2,2,0,0,0,0,0,0,0,0,0,0,0,1,2,13,114,31
7840,A1,3,20,0,2,0,0,0,0,0,0,0,0,0,0,1,2,7,67,10
7840,B0,0,2,20,2,0,0,0,0,0,0,0,0,0,0,1,1,9,48,11
7840,B1,2,1,3,2,0,0,0,0,0,0,0,0,0,0,1,1,72,438,117
7840,B2,3,0,1,15,0,0,0,0,0,0,0,0,0,0,1,1,8,109,9
7840,C1,20,5,2,0,0,0,0,0,0,0,0,0,0,0,1,2,13,114,31
7850,A1,1,20,0,3,0,0,0,0,0,0,0,0,0,1,0,2,7,67,10
7850,B0,0,1,20,1,0,0,0,0,0,0,0,0,0,1,0,1,9,48,11
7850,B1,2,2,1,1,0,0,0,0,0,0,0,0,0,1,0,2,73,441,118
7850,B2,1,0,2,16,0,0,0,0,0,0,0,0,0,1,0,1,8,109,9
7850,C1,20,4,3,0,0,0,0,0,0,0,0,0,0,1,0,2,13,114,31
7860,A1,1,20,0,3,0,0,0,0,0,0,0,0,0,1,0,2,7,67,10
7860,B0,0,1,20,3,0,0,0,0,0,0,0,0,0,1,0,1,9,48,11
7860,B1,1,3,1,1,0,0,0,0,0,0,0,0,0,1,0,2,73,441,118
7860,B2,1,0,1,18,0,0,0,0,0,0,0,0,0,1,0,1,8,109,9
7860,C1,19,1,3,0,0,0,0,0,0,0,0,0,0,1,0,2,13,114,31
7870,A1,3,20,0,1,0,0,0,0,0,0,0,0,0,0,1,2,7,67,10
7870,B0,0,3,20,3,0,0,0,0,0,0,0,0,0,0,1,1,9,48,11
7870,B1,1,2,1,3,0,0,0,0,0,0,0,0,0,0,1,1,73,441,118
7870,B2,1,0,3,20,0,0,0,0,0,0,0,0,0,0,1,1,8,109,9
7870,C1,20,1,1,0,0,0,0,0,0,0,0,0,0,0,1,2,13,114,31
7880,A1,2,20,0,1,0,0,0,0,0,0,0,0,0,0,1,2,7,67,10
7880,B0,0,3,20,2,0,0,0,0,0,0,0,0,0,0,1,1,9,48,11
7880,B1,1,2,1,3,0,0,0,0,0,0,0,0,0,0,1,1,73,441,118
7880,B2,1,0,2,19,0,0,0,0,0,0,0,0,0,0,1,1,8,109,9
7880,C1,20,1,1,0,0,0,0,0,0,0,0,0,0,0,1,2,13,114,31
7890,A1,2,20,0,2,0,0,0,0,0,0,0,0,0,1,0,2,7,67,10
7890,B0,0,3,19,1,0,0,0,0,0,0,0,0,0,1,0,1,9,48,11
7890,B1,1,2,1,1,0,0,0,0,0,0,0,0,0,1,0,2,73,441,118
7890,B2,1,0,1,18,0,0,0,0,0,0,0,0,0,1,0,1,8,109,9
7890,C1,20,2,1,0,0,0,0,0,0,0,0,0,0,1,0,2,13,114,31
7900,A1,2,19,0,3,0,0,0,0,0,0,0,0,0,1,0,2,7,67,10
7900,B0,0,1,20,3,0,0,0,0,0,0,0,0,0,1,0,1,9,48,11
7900,B1,1,1,1,1,0,0,0,0,0,0,0,0,0,1,0,1,73,441,118
7900,B2,1,0,3,19,0,0,0,0,0,0,0,0,0,1,0,1,8,109,9
7900,C1,19,1,4,0,0,0,0,0,0,0,0,0,0,1,0,2,13,114,31
7910,A1,2,18,0,3,0,0,0,0,0,0,0,0,0,1,0,2,7,67,10
7910,B0,0,1,20,6,0,0,0,0,0,0,0,0,0,1,0,1,9,48,11
7910,B1,1,1,1,1,0,0,0,0,0,0,0,0,0,1,0,1,73,441,118
7910,B2,1,0,2,20,0,0,0,0,0,0,0,0,0,1,0,1,8,109,9
7910,C1,16,1,4,0,0,0,0,0,0,0,0,0,0,1,0,2,13,114,31
7920,A1,1,19,0,1,0,0,0,0,0,0,0,0,0,0,1,2,7,67,10
7920,B0,0,2,20,4,0,0,0,0,0,0,0,0,0,0,1,1,9,48,11
7920,B1,1,1,1,2,0,0,0,0,0,0,0,0,0,0,1,1,73,441,118
7920,B2,1,0,1,20,0,0,0,0,0,0,0,0,0,0,1,1,8,109,9
7920,C1,17,1,1,0,0,0,0,0,0,0,0,0,0,0,1,2,13,114,31
7930,A1,3,20,0,1,0,0,0,0,0,0,0,0,0,0,1,2,7,67,10
7930,B0,0,2,20,3,0,0,0,0,0,0,0,0,0,0,1,1,9,48,11
7930,B1,1,1,2,2,0,0,0,0,0,0,0,0,0,0,1,1,73,441,118
7930,B2,1,0,1,18,0,0,0,0,0,0,0,0,0,0,1,1,8,109,9
7930,C1,18,1,1,0,0,0,0,0,0,0,0,0,0,0,1,2,13,114,31
7940,A1,4,20,0,1,0,0,0,0,0,0,0,0,0,1,0,2,7,67,10
7940,B0,0,1,20,4,0,0,0,0,0,0,0,0,0,1,0,1,9,48,11
7940,B1,2,1,3,2,0,0,0,0,0,0,0,0,0,1,0,1,73,441,118
7940,B2,1,0,1,18,0,0,0,0,0,0,0,0,0,1,0,1,8,109,9
7940,C1,20,1,1,0,0,0,0,0,0,0,0,0,0,1,0,2,13,114,31
7950,A1,1,20,0,1,0,0,0,0,0,0,0,0,0,1,0,2,7,67,10
7950,B0,0,1,20,2,0,0,0,0,0,0,0,0,0,1,0,1,9,48,11
7950,B1,2,1,1,2,0,0,0,0,0,0,0,0,0,1,0,1,73,441,118
7950,B2,1,0,2,19,0,0,0,0,0,0,0,0,0,1,0,1,8,109,9
7950,C1,20,1,1,0,0,0,0,0,0,0,0,0,0,1,0,2,13,114,31
7960,A1,1,20,0,2,0,0,0,0,0,0,0,0,0,0,1,2,7,67,10
7960,B0,0,1,21,2,0,0,0,0,0,0,0,0,0,0,1,1,9,48,11
7960,B1,2,1,2,1,0,0,0,0,0,0,0,0,0,0,1,1,73,441,118
7960,B2,3,0,2,20,0,0,0,0,0,0,0,0,0,0,1,1,8,109,9
7960,C1,19,2,2,0,0,0,0,0,0,0,0,0,0,0,1,2,13,114,31
7970,A1,2,20,0,1,0,0,0,0,0,0,0,0,0,0,1,2,7,67,10
7970,B0,0,1,19,2,0,0,0,0,0,0,0,0,0,0,1,1,9,48,11
7970,B1,1,1,2,2,0,0,0,0,0,0,0,0,0,0,1,1,73,441,118
7970,B2,4,0,1,19,0,0,0,0,0,0,0,0,0,0,1,1,8,109,9
7970,C1,20,1,1,0,0,0,0,0,0,0,0,0,0,0,1,2,13,114,31
7980,A1,4,20,0,2,0,0,0,0,0,0,0,0,0,0,1,2,7,67,10
7980,B0,0,1,18,3,0,0,0,0,0,0,0,0,0,0,1,1,9,48,11
7980,B1,1,2,1,1,0,0,0,0,0,0,0,0,0,0,1,2,73,441,118
7980,B2,5,0,4,17,0,0,0,0,0,0,0,0,0,0,1,1,8,109,9
7980,C1,20,2,1,0,0,0,0,0,0,0,0,0,0,0,1,2,13,114,31
7990,A1,3,20,0,3,0,0,0,0,0,0,0,0,0,1,0,2,7,67,10
7990,B0,0,1,18,1,0,0,0,0,0,0,0,0,0,1,0,1,9,48,11
7990,B1,2,1,1,1,0,0,0,0,0,0,0,0,0,1,0,2,73,441,118
7990,B2,2,0,1,18,0,0,0,0,0,0,0,0,0,1,0,1,8,109,9
7990,C1,19,1,3,0,0,0,0,0,0,0,0,0,0,1,0,2,13,114,31
8000,A1,3,17,0,3,0,0,0,0,0,0,0,0,0,1,0,2,7,67,10
8000,B0,0,1,19,2,0,0,0,0,0,0,0,0,0,1,0,1,9,48,11
8000,B1,2,2,1,1,0,0,0,0,0,0,0,0,0,1,0,2,73,441,118
8000,B2,1,0,3,20,0,0,0,0,0,0,0,0,0,1,0,1,8,109,9
8000,C1,19,3,3,0,0,0,0,0,0,0,0,0,0,1,0,2,13,114,31
8010,A1,1,17,0,2,0,0,0,0,0,0,0,0,0,0,1,2,7,67,10
8010,B0,0,3,20,1,0,0,0,0,0,0,0,0,0,0,1,1,9,48,11
8010,B1,3,3,1,1,0,0,0,0,0,0,0,0,0,0,1,2,73,441,118
8010,B2,1,0,3,20,0,0,0,0,0,0,0,0,0,0,1,1,8,109,9
8010,C1,18,1,1,0,0,0,0,0,0,0,0,0,0,0,1,2,13,114,31
8020,A1,2,18,0,1,0,0,0,0,0,0,0,0,0,0,1,2,7,67,10
8020,B0,0,4,18,1,0,0,0,0,0,0,0,0,0,0,1,1,9,48,11
8020,B1,3,3,3,2,0,0,0,0,0,0,0,0,0,0,1,2,73,441,118
8020,B2,2,0,2,20,0,0,0,0,0,0,0,0,0,0,1,1,8,109,9
8020,C1,19,1,1,0,0,0,0,0,0,0,0,0,0,0,1,2,13,114,31
8030,A1,2,20,0,2,0,0,0,0,0,0,0,0,0,1,0,2,7,67,10
8030,B0,0,4,18,1,0,0,0,0,0,0,0,0,0,1,0,1,9,48,11
8030,B1,2,3,4,2,0,0,0,0,0,0,0,0,0,1,0,1,73,441,118
8030,B2,2,0,1,20,0,0,0,0,0,0,0,0,0,1,0,1,8,109,9
8030,C1,20,5,3,0,0,0,0,0,0,0,0,0,0,1,0,2,13,114,31
8040,A1,1,19,0,2,0,0,0,0,0,0,0,0,0,1,0,2,7,67,10
8040,B0,0,1,18,2,0,0,0,0,0,0,0,0,0,1,0,1,9,48,11
8040,B1,2,5,4,2,0,0,0,0,0,0,0,0,0,1,0,1,73,441,118
8040,B2,1,0,1,20,0,0,0,0,0,0,0,0,0,1,0,1,8,109,9
8040,C1,18,1,1,0,0,0,0,0,0,0,0,0,0,1,0,2,13,114,31
8050,A1,1,19,0,2,0,0,0,0,0,0,0,0,0,0,1,2,7,67,10
8050,B0,0,1,20,3,0,0,0,0,0,0,0,0,0,0,1,1,9,48,11
8050,B1,1,3,4,2,0,0,0,0,0,0,0,0,0,0,1,1,73,441,118
8050,B2,1,0,3,20,0,0,0,0,0,0,0,0,0,0,1,1,8,109,9
8050,C1,17,1,2,0,0,0,0,0,0,0,0,0,0,0,1,2,13,114,31
8060,A1,2,19,0,2,0,0,0,0,0,0,0,0,0,0,1,2,7,67,10
8060,B0,0,1,20,1,0,0,0,0,0,0,0,0,0,0,1,1,9,48,11
8060,B1,1,3,3,2,0,0,0,0,0,0,0,0,0,0,1,1,73,441,118
8060,B2,3,0,3,20,0,0,0,0,0,0,0,0,0,0,1,1,8,109,9
8060,C1,19,2,1,0,0,0,0,0,0,0,0,0,0,0,1,2,13,114,31
8070,A1,2,20,0,1,0,0,0,0,0,0,0,0,0,0,1,2,7,67,10
8070,B0,0,1,16,2,0,0,0,0,0,0,0,0,0,0,1,1,9,48,11
8070,B1,2,3,3,1,0,0,0,0,0,0,0,0,0,0,1,2,73,441,118
8070,B2,4,0,2,18,0,0,0,0,0,0,0,0,0,0,1,1,8,109,9
8070,C1,20,1,1,0,0,0,0,0,0,0,0,0,0,0,1,2,13,114,31
8080,A1,1,20,0,1,0,0,0,0,0,0,0,0,0,1,0,2,7,67,10
8080,B0,0,2,17,3,0,0,0,0,0,0,0,0,0,1,0,1,9,48,11
8080,B1,1,3,2,1,0,0,0,0,0,0,0,0,0,1,0,2,73,441,118
8080,B2,2,0,4,19,0,0,0,0,0,0,0,0,0,1,0,1,8,109,9
8080,C1,20,3,2,0,0,0,0,0,0,0,0,0,0,1,0,2,13,114,31
8090,A1,1,17,0,2,0,0,0,0,0,0,0,0,0,1,0,2,7,67,10
8090,B0,0,1,18,1,0,0,0,0,0,0,0,0,0,1,0,1,9,48,11
8090,B1,2,2,2,1,0,0,0,0,0,0,0,0,0,1,0,2,73,441,118
8090,B2,2,0,5,20,0,0,0,0,0,0,0,0,0,1,0,1,8,109,9
8090,C1,19,3,1,0,0,0,0,0,0,0,0,0,0,1,0,2,13,114,31
8100,A1,3,16,0,2,0,0,0,0,0,0,0,0,0,0,1,2,7,67,10
8100,B0,0,1,20,3,0,0,0,0,0,0,0,0,0,0,1,1,9,48,11
8100,B1,2,2,2,2,0,0,0,0,0,0,0,0,0,0,1,1,73,441,118
8100,B2,3,0,5,20,0,0,0,0,0,0,0,0,0,0,1,1,8,109,9
8100,C1,19,1,2,0,0,0,0,0,0,0,0,0,0,0,1,2,13,114,31
8110,A1,1,17,0,3,0,0,0,0,0,0,0,0,0,0,1,2,7,67,10
8110,B0,0,2,16,1,0,0,0,0,0,0,0,0,0,0,1,1,9,48,11
8110,B1,2,2,2,1,0,0,0,0,0,0,0,0,0,0,1,2,73,441,118
8110,B2,3,0,2,20,0,0,0,0,0,0,0,0,0,0,1,1,8,109,9
8110,C1,19,1,1,0,0,0,0,0,0,0,0,0,0,0,1,2,13,114,31
8120,A1,3,20,0,2,0,0,0,0,0,0,0,0,0,1,0,2,7,67,10
8120,B0,0,1,16,2,0,0,0,0,0,0,0,0,0,1,0,1,9,48,11
8120,B1,3,2,1,1,0,0,0,0,0,0,0,0,0,1,0,2,73,441,118
8120,B2,3,0,1,20,0,0,0,0,0,0,0,0,0,1,0,1,8,109,9
8120,C1,20,3,1,0,0,0,0,0,0,0,0,0,0,1,0,2,13,114,31
8130,A1,1,19,0,2,0,0,0,0,0,0,0,0,0,1,0,2,7,67,10
8130,B0,0,1,18,3,0,0,0,0,0,0,0,0,0,1,0,1,9,48,11
8130,B1,3,2,2,1,0,0,0,0,0,0,0,0,0,1,0,2,73,441,118
8130,B2,1,0,3,20,0,0,0,0,0,0,0,0,0,1,0,1,8,109,9
8130,C1,19,2,1,0,0,0,0,0,0,0,0,0,0,1,0,2,13,114,31
8140,A1,1,18,0,3,0,0,0,0,0,0,0,0,0,1,0,2,7,67,10
8140,B0,0,1,20,5,0,0,0,0,0,0,0,0,0,1,0,1,9,48,11
8140,B1,3,1,2,1,0,0,0,0,0,0,0,0,0,1,0,2,73,441,118
8140,B2,1,0,3,20,0,0,0,0,0,0,0,0,0,1,0,1,8,109,9
8140,C1,17,3,1,0,0,0,0,0,0,0,0,0,0,1,0,2,13,114,31
8150,A1,1,19,0,2,0,0,0,0,0,0,0,0,0,0,1,2,7,67,10
8150,B0,0,1,20,2,0,0,0,0,0,0,0,0,0,0,1,1,9,48,11
8150,B1,2,1,2,2,0,0,0,0,0,0,0,0,0,0,1,1,73,441,118
8150,B2,2,0,2,20,0,0,0,0,0,0,0,0,0,0,1,1,8,109,9
8150,C1,19,6,1,0,0,0,0,0,0,0,0,0,0,0,1,2,13,114,31
8160,A1,2,20,0,1,0,0,0,0,0,0,0,0,0,0,1,2,7,67,10
8160,B0,0,3,18,2,0,0,0,0,0,0,0,0,0,0,1,1,9,48,11
8160,B1,2,1,3,2,0,0,0,0,0,0,0,0,0,0,1,1,73,441,118
8160,B2,3,0,3,19,0,0,0,0,0,0,0,0,0,0,1,1,8,109,9
8160,C1,20,6,1,0,0,0,0,0,0,0,0,0,0,0,1,2,13,114,31
8170,A1,2,20,0,1,0,0,0,0,0,0,0,0,0,1,0,2,7,67,10
8170,B0,0,3,18,1,0,0,0,0,0,0,0,0,0,1,0,1,9,48,11
8170,B1,2,1,3,2,0,0,0,0,0,0,0,0,0,1,0,1,73,441,118
8170,B2,1,0,2,19,0,0,0,0,0,0,0,0,0,1,0,1,8,109,9
8170,C1,20,5,2,0,0,0,0,0,0,0,0,0,0,1,0,2,13,114,31
8180,A1,1,19,0,2,0,0,0,0,0,0,0,0,0,1,0,2,7,67,10
8180,B0,0,2,18,2,0,0,0,0,0,0,0,0,0,1,0,1,9,48,11
8180,B1,3,1,3,2,0,0,0,0,0,0,0,0,0,1,0,1,73,441,118
8180,B2,1,0,3,19,0,0,0,0,0,0,0,0,0,1,0,1,8,109,9
8180,C1,20,2,2,0,0,0,0,0,0,0,0,0,0,1,0,2,13,114,31
8190,A1,3,19,0,2,0,0,0,0,0,0,0,0,0,0,1,2,7,67,10
8190,B0,0,2,20,1,0,0,0,0,0,0,0,0,0,0,1,1,9,48,11
8190,B1,1,1,2,1,0,0,0,0,0,0,0,0,0,0,1,1,73,441,118
8190,B2,2,0,3,20,0,0,0,0,0,0,0,0,0,0,1,1,8,109,9
8190,C1,20,1,3,0,0,0,0,0,0,0,0,0,0,0,1,2,13,114,31
8200,A1,2,19,0,3,0,0,0,0,0,0,0,0,0,0,1,2,7,67,10
8200,B0,0,3,18,1,0,0,0,0,0,0,0,0,0,0,1,1,9,48,11
8200,B1,1,1,1,2,0,0,0,0,0,0,0,0,0,0,1,1,73,441,118
8200,B2,2,0,1,20,0,0,0,0,0,0,0,0,0,0,1,1,8,109,9
8200,C1,20,5,1,0,0,0,0,0,0,0,0,0,0,0,1,2,13,114,31
8210,A1,3,20,0,3,0,0,0,0,0,0,0,0,0,0,1,2,7,67,10
8210,B0,0,3,14,2,0,0,0,0,0,0,0,0,0,0,1,1,9,48,11
8210,B1,1,1,1,1,0,0,0,0,0,0,0,0,0,0,1,1,73,441,118
8210,B2,3,0,1,19,0,0,0,0,0,0,0,0,0,0,1,1,8,109,9
8210,C1,20,5,1,0,0,0,0,0,0,0,0,0,0,0,1,2,13,114,31
8220,A1,1,20,0,4,0,0,0,0,0,0,0,0,0,1,0,2,7,67,10
8220,B0,0,2,15,1,0,0,0,0,0,0,0,0,0,1,0,1,9,48,11
8220,B1,1,1,1,1,0,0,0,0,0,0,0,0,0,1,0,1,73,441,118
8220,B2,1,0,2,20,0,0,0,0,0,0,0,0,0,1,0,1,8,109,9
8220,C1,20,3,3,0,0,0,0,0,0,0,0,0,0,1,0,2,13,114,31
8230,A1,1,20,0,4,0,0,0,0,0,0,0,0,0,1,0,2,7,67,10
8230,B0,0,1,19,4,0,0,0,0,0,0,0,0,0,1,0,1,9,48,11
8230,B1,4,1,1,1,0,0,0,0,0,0,0,0,0,1,0,2,73,441,118
8230,B2,1,0,2,20,0,0,0,0,0,0,0,0,0,1,0,1,8,109,9
8230,C1,20,2,4,0,0,0,0,0,0,0,0,0,0,1,0,2,13,114,31
8240,A1,1,19,0,1,0,0,0,0,0,0,0,0,0,0,1,2,7,67,10
8240,B0,0,1,20,3,0,0,0,0,0,0,0,0,0,0,1,1,9,48,11
8240,B1,5,1,1,4,0,0,0,0,0,0,0,0,0,0,1,1,74,446,119
8240,B2,2,0,1,20,0,0,0,0,0,0,0,0,0,0,1,1,8,109,9
8240,C1,19,4,3,0,0,0,0,0,0,0,0,0,0,0,1,2,13,114,31
8250,A1,2,19,0,1,0,0,0,0,0,0,0,0,0,0,1,2,7,67,10
8250,B0,0,2,20,3,0,0,0,0,0,0,0,0,0,0,1,1,9,48,11
8250,B1,5,1,2,1,0,0,0,0,0,0,0,0,0,0,1,2,74,446,119
8250,B2,3,0,1,18,0,0,0,0,0,0,0,0,0,0,1,1,8,109,9
8250,C1,19,2,2,0,0,0,0,0,0,0,0,0,0,0,1,2,13,114,31
8260,A1,2,20,0,1,0,0,0,0,0,0,0,0,0,1,0,2,7,67,10
8260,B0,0,1,19,3,0,0,0,0,0,0,0,0,0,1,0,1,9,48,11
8260,B1,4,1,2,1,0,0,0,0,0,0,0,0,0,1,0,2,75,448,120
8260,B2,4,0,1,18,0,0,0,0,0,0,0,0,0,1,0,1,8,109,9
8260,C1,19,4,1,0,0,0,0,0,0,0,0,0,0,1,0,2,13,114,31
8270,A1,2,19,0,2,0,0,0,0,0,0,0,0,0,1,0,2,7,67,10
8270,B0,0,1,19,6,0,0,0,0,0,0,0,0,0,1,0,1,9,48,11
8270,B1,1,1,2,1,0,0,0,0,0,0,0,0,0,1,0,1,75,448,120
8270,B2,1,0,1,18,0,0,0,0,0,0,0,0,0,1,0,1,8,109,9
8270,C1,20,3,1,0,0,0,0,0,0,0,0,0,0,1,0,2,13,114,31
8280,A1,1,17,0,3,0,0,0,0,0,0,0,0,0,0,1,2,7,67,10
8280,B0,0,2,19,7,0,0,0,0,0,0,0,0,0,0,1,1,9,48,11
8280,B1,2,2,2,2,0,0,0,0,1,0,0,0,0,0,1,1,76,450,120
8280,B2,1,0,3,20,0,0,0,0,0,0,0,0,0,0,1,1,8,109,9
8280,C1,19,1,1,0,0,0,0,0,0,0,0,1,0,0,1,2,13,114,31
8290,A1,1,17,0,1,0,0,0,0,0,0,0,0,0,0,1,2,7,67,10
8290,B0,0,1,19,5,0,0,0,0,0,0,0,0,0,0,1,1,9,48,11
8290,B1,2,2,2,3,0,0,0,0,0,0,0,0,0,0,1,1,76,452,121
8290,B2,1,0,1,19,0,0,0,0,0,0,0,0,0,0,1,1,8,109,9
8290,C1,20,2,1,0,0,0,0,0,0,0,0,0,0,0,1,2,13,114,31
8300,A1,2,19,0,1,0,0,0,0,0,0,0,0,0,0,1,2,7,67,10
8300,B0,0,2,20,2,0,0,0,0,0,0,0,0,0,0,1,1,9,48,11
8300,B1,2,2,3,2,0,0,0,0,0,0,0,0,0,0,1,1,76,452,121
8300,B2,5,0,1,18,0,0,0,0,0,0,0,0,0,0,1,1,8,109,9
8300,C1,20,3,1,0,0,0,0,0,0,0,0,0,0,0,1,2,13,114,31
8310,A1,1,20,0,1,0,0,0,0,0,0,0,0,0,1,0,2,7,67,10
8310,B0,0,1,20,3,0,0,0,0,0,0,0,0,0,1,0,1,9,48,11
8310,B1,3,4,3,2,0,0,0,0,0,0,0,0,0,1,0,2,76,452,121
8310,B2,2,0,1,18,0,0,0,0,0,0,0,0,0,1,0,1,8,109,9
8310,C1,20,1,1,0,0,0,0,0,0,0,0,0,0,1,0,2,13,114,31
8320,A1,1,19,0,1,0,0,0,0,0,0,0,0,0,1,0,2,7,67,10
8320,B0,0,1,20,6,0,0,0,0,0,0,0,0,0,1,0,1,9,48,11
8320,B1,3,1,3,2,0,0,0,0,0,0,0,0,0,1,0,1,76,452,121
8320,B2,1,0,1,19,0,0,0,0,0,0,0,0,0,1,0,1,8,109,9
8320,C1,20,2,1,0,0,0,0,0,0,0,0,0,0,1,0,2,13,114,31
8330,A1,1,19,0,1,0,0,0,0,0,0,0,0,0,0,1,2,7,67,10
8330,B0,0,2,21,5,0,0,0,0,0,0,0,0,0,0,1,1,9,48,11
8330,B1,2,2,1,1,0,0,0,0,0,0,0,0,0,0,1,2,76,452,121
8330,B2,1,0,3,20,0,0,0,0,0,0,0,0,0,0,1,1,8,109,9
8330,C1,19,1,1,0,0,0,0,0,0,0,0,0,0,0,1,2,13,114,31
8340,A1,1,19,0,2,0,0,0,0,0,0,0,0,0,0,1,2,7,67,10
8340,B0,0,2,21,2,0,0,0,0,0,0,0,0,0,0,1,1,9,48,11
8340,B1,2,3,1,2,0,0,0,0,0,0,0,0,0,0,1,2,76,452,121
8340,B2,2,0,1,17,0,0,0,0,0,0,0,0,0,0,1,1,8,109,9
8340,C1,20,1,1,0,0,0,0,0,0,0,0,0,0,0,1,2,13,114,31
8350,A1,3,20,0,3,0,0,0,0,0,0,0,0,0,1,0,2,7,67,10
8350,B0,0,2,20,1,0,0,0,0,0,0,0,0,0,1,0,1,9,48,11
8350,B1,2,3,3,1,0,0,0,0,0,0,0,0,0,1,0,2,76,452,121
8350,B2,1,0,3,15,0,0,0,0,0,0,0,0,0,1,0,1,8,109,9
8350,C1,20,2,1,0,0,0,0,0,0,0,0,0,0,1,0,2,13,114,31
8360,A1,3,20,0,4,0,0,0,0,0,0,0,0,0,1,0,2,7,67,10
8360,B0,0,1,20,3,0,0,0,0,0,0,0,0,0,1,0,1,9,48,11
8360,B1,1,3,3,1,0,0,0,0,0,0,0,0,0,1,0,1,76,452,121
8360,B2,1,0,2,16,0,0,0,0,0,0,0,0,0,1,0,1,8,109,9
8360,C1,19,1,3,0,0,0,0,0,0,0,0,0,0,1,0,2,13,114,31
8370,A1,1,19,0,4,0,0,0,0,0,0,0,0,0,1,0,2,7,67,10
8370,B0,0,1,20,3,0,0,0,0,0,0,0,0,0,1,0,1,9,48,11
8370,B1,3,2,3,1,0,0,0,0,0,0,0,0,0,1,0,2,76,452,121
8370,B2,2,0,3,19,0,0,0,0,0,0,0,0,0,1,0,1,8,109,9
8370,C1,16,1,3,0,0,0,0,0,0,0,0,0,0,1,0,2,13,114,31
8380,A1,1,20,0,3,0,0,0,0,0,0,0,0,0,0,1,2,7,67,10
8380,B0,0,2,20,1,0,0,0,0,0,0,0,0,0,0,1,1,9,48,11
8380,B1,3,3,1,2,0,0,0,0,0,0,0,0,0,0,1,2,77,466,124
8380,B2,4,0,1,20,0,0,0,0,0,0,0,0,0,0,1,1,8,109,9
8380,C1,17,3,1,0,0,0,0,0,0,0,0,0,0,0,1,2,13,114,31
8390,A1,2,20,0,1,0,0,0,0,0,0,0,0,0,0,1,2,7,67,10
8390,B0,0,3,18,1,0,0,0,0,0,0,0,0,0,0,1,1,9,48,11
8390,B1,3,3,1,4,0,0,0,0,0,0,0,0,0,0,1,2,77,466,124
8390,B2,5,0,3,19,0,0,0,0,0,0,0,0,0,0,1,1,8,109,9
8390,C1,19,4,1,0,0,0,0,0,0,0,0,0,0,0,1,2,13,114,31
8400,A1,2,20,0,2,0,0,0,0,0,0,0,0,0,1,0,2,7,67,10
8400,B0,0,1,18,2,0,0,0,0,0,0,0,0,0,1,0,1,9,48,11
8400,B1,2,2,1,3,0,0,0,0,0,0,0,0,0,1,0,1,77,466,124
8400,B2,4,0,3,19,0,0,0,0,0,0,0,0,0,1,0,1,8,109,9
8400,C1,20,2,1,0,0,0,0,0,0,0,0,0,0,1,0,2,13,114,31
8410,A1,2,20,0,3,0,0,0,0,0,0,0,0,0,1,0,2,7,67,10
8410,B0,0,2,18,1,0,0,0,0,0,0,0,0,0,1,0,1,9,48,11
8410,B1,4,1,1,3,0,0,0,0,0,0,0,0,0,1,0,2,77,466,124
8410,B2,1,0,2,19,0,0,0,0,0,0,0,0,0,1,0,1,8,109,9
8410,C1,19,2,1,0,0,0,0,0,0,0,0,0,0,1,0,2,13,114,31
8420,A1,1,20,0,2,0,0,0,0,0,0,0,0,0,0,1,2,7,67,10
8420,B0,0,2,20,2,0,0,0,0,0,0,0,0,0,0,1,1,9,48,11
8420,B1,3,2,1,2,0,0,0,0,0,0,0,0,0,0,1,2,77,466,124
8420,B2,1,0,2,20,0,0,0,0,0,0,0,0,0,0,1,1,8,109,9
8420,C1,19,1,2,0,0,0,0,0,0,0,0,0,0,0,1,2,13,114,31
8430,A1,2,20,0,2,0,0,0,0,0,0,0,0,0,0,1,2,7,67,10
8430,B0,0,3,19,3,0,0,0,0,0,0,0,0,0,0,1,1,9,48,11
8430,B1,3,1,1,1,0,0,0,0,0,0,0,0,0,0,1,2,77,466,124
8430,B2,1,0,2,20,0,0,0,0,0,0,0,0,0,0,1,1,8,109,9
8430,C1,19,1,1,0,0,0,0,0,0,0,0,0,0,0,1,2,13,114,31
8440,A1,2,20,0,2,0,0,0,0,0,0,0,0,0,0,1,2,7,67,10
8440,B0,0,4,17,1,0,0,0,0,0,0,0,0,0,0,1,1,9,48,11
8440,B1,3,1,1,1,0,0,0,0,0,0,0,0,0,0,1,2,77,466,124
8440,B2,2,0,3,19,0,0,0,0,0,0,0,0,0,0,1,1,8,109,9
8440,C1,20,2,1,0,0,0,0,0,0,0,0,0,0,0,1,2,13,114,31
8450,A1,4,20,0,3,0,0,0,0,0,0,0,0,0,1,0,2,7,67,10
8450,B0,0,2,18,2,0,0,0,0,0,0,0,0,0,1,0,1,9,48,11
8450,B1,4,2,1,1,0,0,0,0,0,0,0,0,0,1,0,2,77,466,124
8450,B2,1,0,5,20,0,0,0,0,0,0,0,0,0,1,0,1,8,109,9
8450,C1,20,2,1,0,0,0,0,0,0,0,0,0,0,1,0,2,13,114,31
8460,A1,2,17,0,3,0,0,0,0,0,0,0,0,0,1,0,2,7,67,10
8460,B0,0,1,20,3,0,0,0,0,0,0,0,0,0,1,0,1,9,48,11
8460,B1,4,4,1,1,0,0,0,0,0,0,0,0,0,1,0,2,77,466,124
8460,B2,1,0,6,20,0,0,0,0,0,0,0,0,0,1,0,1,8,109,9
8460,C1,19,1,1,0,0,0,0,0,0,0,0,0,0,1,0,2,13,114,31
8470,A1,2,17,0,1,0,0,0,0,0,0,0,0,0,0,1,2,7,67,10
8470,B0,0,3,20,2,0,0,0,0,0,0,0,0,0,0,1,1,9,48,11
8470,B1,3,2,1,1,0,0,0,0,0,0,0,0,0,0,1,2,79,479,126
8470,B2,1,0,6,20,0,0,0,0,0,0,0,0,0,0,1,1,8,109,9
8470,C1,19,1,1,0,0,0,0,0,0,0,0,0,0,0,1,2,13,114,31
8480,A1,4,18,0,1,0,0,0,0,0,0,0,0,0,0,1,2,7,67,10
8480,B0,0,3,19,1,0,0,0,0,0,0,0,0,0,0,1,1,9,48,11
8480,B1,3,2,2,1,0,0,0,0,0,0,0,0,0,0,1,2,79,479,126
8480,B2,1,0,4,20,0,0,0,0,0,0,0,0,0,0,1,1,8,109,9
8480,C1,19,3,2,0,0,0,0,0,0,0,0,0,0,0,1,2,13,114,31
8490,A1,4,20,0,1,0,0,0,0,0,0,0,0,0,1,0,2,7,67,10
8490,B0,0,2,18,1,0,0,0,0,0,0,0,0,0,1,0,1,9,48,11
8490,B1,3,2,2,1,0,0,0,0,0,0,0,0,0,1,0,2,79,479,126
8490,B2,1,0,3,19,0,0,0,0,0,0,0,0,0,1,0,1,8,109,9
8490,C1,20,2,3,0,0,0,0,0,0,0,0,0,0,1,0,2,13,114,31
8500,A1,4,20,0,1,0,0,0,0,0,0,0,0,0,1,0,2,7,67,10
8500,B0,0,1,18,2,0,0,0,0,0,0,0,0,0,1,0,1,9,48,11
8500,B1,1,2,2,1,0,0,0,0,0,0,0,0,0,1,0,1,79,479,126
8500,B2,1,0,4,19,0,0,0,0,0,0,0,0,0,1,0,1,8,109,9
8500,C1,18,1,3,0,0,0,0,0,0,0,0,0,0,1,0,2,13,114,31
8510,A1,1,19,0,2,0,0,0,0,0,0,0,0,0,0,1,2,7,67,10
8510,B0,0,1,19,3,0,0,0,0,0,0,0,0,0,0,1,1,9,48,11
8510,B1,1,3,2,1,0,0,0,0,1,0,0,0,0,0,1,1,80,481,126
8510,B2,1,0,4,19,0,0,0,0,0,0,0,0,0,0,1,1,8,109,9
8510,C1,15,1,4,0,0,0,0,0,0,0,0,1,0,0,1,2,13,114,31
8520,A1,2,20,0,3,0,0,0,0,0,0,0,0,0,0,1,2,7,67,10
8520,B0,0,2,20,4,0,0,0,0,0,0,0,0,0,0,1,1,9,48,11
8520,B1,1,3,2,1,0,0,0,0,0,0,0,0,0,0,1,2,80,493,127
8520,B2,1,0,6,19,0,0,0,0,0,0,0,0,0,0,1,1,8,109,9
8520,C1,17,3,1,0,0,0,0,0,0,0,0,0,0,0,1,2,13,114,31
8530,A1,3,20,0,1,0,0,0,0,0,0,0,0,0,0,1,2,7,67,10
8530,B0,0,2,18,1,0,0,0,0,0,0,0,0,0,0,1,1,9,48,11
8530,B1,1,3,1,3,0,0,0,0,0,0,0,0,0,0,1,1,80,493,127
8530,B2,1,0,1,19,0,0,0,0,0,0,0,0,0,0,1,1,8,109,9
8530,C1,19,4,2,0,0,0,0,0,0,0,0,0,0,0,1,2,13,114,31
8540,A1,2,20,0,3,0,0,0,0,0,0,0,0,0,1,0,2,7,67,10
8540,B0,0,1,19,1,0,0,0,0,0,0,0,0,0,1,0,1,9,48,11
8540,B1,1,3,1,3,0,0,0,0,0,0,0,0,0,1,0,1,80,493,127
8540,B2,1,0,3,19,0,0,0,0,0,0,0,0,0,1,0,1,8,109,9
8540,C1,20,2,5,0,0,0,0,0,0,0,0,0,0,1,0,2,13,114,31
8550,A1,1,20,0,3,0,0,0,0,0,0,0,0,0,1,0,2,7,67,10
8550,B0,0,1,20,2,0,0,0,0,0,0,0,0,0,1,0,1,9,48,11
8550,B1,3,2,1,3,0,0,0,0,0,0,0,0,0,1,0,2,80,493,127
8550,B2,1,0,6,19,0,0,0,0,0,0,0,0,0,1,0,1,8,109,9
8550,C1,20,1,5,0,0,0,0,0,0,0,0,0,0,1,0,2,13,114,31
8560,A1,1,19,0,3,0,0,0,0,0,0,0,0,0,0,1,2,7,67,10
8560,B0,0,2,20,1,0,0,0,0,0,0,0,0,0,0,1,1,9,48,11
8560,B1,3,2,1,2,0,0,0,0,0,0,0,0,0,0,1,2,80,493,127
8560,B2,1,0,6,19,0,0,0,0,0,0,0,0,0,0,1,1,8,109,9
8560,C1,19,2,5,0,0,0,0,0,0,0,0,0,0,0,1,2,13,114,31
8570,A1,2,19,0,1,0,0,0,0,0,0,0,0,0,0,1,2,7,67,10
8570,B0,0,2,18,1,0,0,0,0,0,0,0,0,0,0,1,1,9,48,11
8570,B1,3,2,2,2,0,0,0,0,0,0,0,0,0,0,1,2,80,493,127
8570,B2,1,0,2,19,0,0,0,0,0,0,0,0,0,0,1,1,8,109,9
8570,C1,19,4,2,0,0,0,0,0,0,0,0,0,0,0,1,2,13,114,31
8580,A1,1,20,0,2,0,0,0,0,0,0,0,0,0,1,0,2,7,67,10
8580,B0,0,2,16,1,0,0,0,0,0,0,0,0,0,1,0,1,9,48,11
8580,B1,2,2,1,2,0,0,0,0,0,0,0,0,0,1,0,2,80,493,127
8580,B2,1,0,2,19,0,0,0,0,0,0,0,0,0,1,0,1,8,109,9
8580,C1,20,2,1,0,0,0,0,0,0,0,0,0,0,1,0,2,13,114,31
8590,A1,2,19,0,4,0,0,0,0,0,0,0,0,0,1,0,2,7,67,10
8590,B0,0,1,16,1,0,0,0,0,0,0,0,0,0,1,0,1,9,48,11
8590,B1,1,1,1,2,0,0,0,0,0,0,0,0,0,1,0,1,80,493,127
8590,B2,1,0,4,19,0,0,0,0,0,0,0,0,0,1,0,1,8,109,9
8590,C1,19,1,1,0,0,0,0,0,0,0,0,0,0,1,0,2,13,114,31
8600,A1,1,17,0,6,0,0,0,0,0,0,0,0,0,1,0,2,7,67,10
8600,B0,0,1,20,4,0,0,0,0,0,0,0,0,0,1,0,1,9,48,11
8600,B1,2,1,1,3,0,0,0,0,0,0,0,0,0,1,0,1,80,493,127
8600,B2,1,0,4,20,0,0,0,0,0,0,0,0,0,1,0,1,8,109,9
8600,C1,19,2,3,0,0,0,0,0,0,0,0,0,0,1,0,2,13,114,31
8610,A1,2,18,0,6,0,0,0,0,0,0,0,0,0,0,1,2,7,67,10
8610,B0,0,1,20,4,0,0,0,0,0,0,0,0,0,0,1,1,9,48,11
8610,B1,2,2,1,3,0,0,0,0,0,0,0,0,0,0,1,1,81,500,128
8610,B2,1,0,1,20,0,0,0,0,0,0,0,0,0,0,1,1,8,109,9
8610,C1,19,1,1,0,0,0,0,0,0,0,0,0,0,0,1,2,13,114,31
8620,A1,3,19,0,2,0,0,0,0,0,0,0,0,0,0,1,2,7,67,10
8620,B0,0,2,17,2,0,0,0,0,0,0,0,0,0,0,1,1,9,48,11
8620,B1,2,2,2,2,0,0,0,0,0,0,0,0,0,0,1,1,81,500,128
8620,B2,1,0,4,18,0,0,0,0,0,0,0,0,0,0,1,1,8,109,9
8620,C1,19,3,1,0,0,0,0,0,0,0,0,0,0,0,1,2,13,114,31
8630,A1,1,20,0,3,0,0,0,0,0,0,0,0,0,1,0,2,7,67,10
8630,B0,0,4,17,2,0,0,0,0,0,0,0,0,0,1,0,1,9,48,11
8630,B1,3,1,1,1,0,0,0,0,0,0,0,0,0,1,0,2,81,500,128
8630,B2,1,0,1,20,0,0,0,0,0,0,0,0,0,1,0,1,8,109,9
8630,C1,19,3,1,0,0,0,0,0,0,0,0,0,0,1,0,2,13,114,31
8640,A1,1,17,0,3,0,0,0,0,0,0,0,0,0,1,0,2,7,67,10
8640,B0,0,1,18,2,0,0,0,0,0,0,0,0,0,1,0,1,9,48,11
8640,B1,2,2,1,1,0,0,0,0,0,0,0,0,0,1,0,2,81,500,128
8640,B2,1,0,3,20,0,0,0,0,0,0,0,0,0,1,0,1,8,109,9
8640,C1,20,1,2,0,0,0,0,0,0,0,0,0,0,1,0,2,13,114,31
8650,A1,1,17,0,2,0,0,0,0,0,0,0,0,0,0,1,2,7,67,10
8650,B0,0,1,20,2,0,0,0,0,0,0,0,0,0,0,1,1,9,48,11
8650,B1,2,1,2,1,0,0,0,0,0,0,0,0,0,0,1,1,81,500,128
8650,B2,3,0,3,20,0,0,0,0,0,0,0,0,0,0,1,1,8,109,9
8650,C1,19,1,2,0,0,0,0,0,0,0,0,0,0,0,1,2,13,114,31
8660,A1,1,18,0,1,0,0,0,0,0,0,0,0,0,0,1,2,7,67,10
8660,B0,0,2,19,2,0,0,0,0,0,0,0,0,0,0,1,1,9,48,11
8660,B1,3,2,3,1,0,0,0,0,0,0,0,0,0,0,1,2,81,500,128
8660,B2,3,0,1,20,0,0,0,0,0,0,0,0,0,0,1,1,8,109,9
8660,C1,20,2,2,0,0,0,0,0,0,0,0,0,0,0,1,2,13,114,31
8670,A1,3,20,0,1,0,0,0,0,0,0,0,0,0,0,1,2,7,67,10
8670,B0,0,4,16,4,0,0,0,0,0,0,0,0,0,0,1,1,9,48,11
8670,B1,3,3,2,2,0,0,0,0,0,0,0,0,0,0,1,2,81,500,128
8670,B2,4,0,1,18,0,0,0,0,0,0,0,0,0,0,1,1,8,109,9
8670,C1,20,4,2,0,0,0,0,0,0,0,0,0,0,0,1,2,13,114,31
8680,A1,3,19,0,1,0,0,0,0,0,0,0,0,0,1,0,2,7,67,10
8680,B0,0,1,19,1,0,0,0,0,0,0,0,0,0,1,0,1,9,48,11
8680,B1,3,2,2,2,0,0,0,0,0,0,0,0,0,1,0,2,81,500,128
8680,B2,1,0,1,20,0,0,0,0,0,0,0,0,0,1,0,1,8,109,9
8680,C1,20,1,3,0,0,0,0,0,0,0,0,0,0,1,0,2,13,114,31
8690,A1,2,15,0,1,0,0,0,0,0,0,0,0,0,1,0,2,7,67,10
8690,B0,0,1,19,3,0,0,0,0,0,0,0,0,0,1,0,1,9,48,11
8690,B1,3,1,2,2,0,0,0,0,0,0,0,0,0,1,0,1,81,500,128
8690,B2,1,0,3,20,0,0,0,0,0,0,0,0,0,1,0,1,8,109,9
8690,C1,19,1,3,0,0,0,0,0,0,0,0,0,0,1,0,2,13,114,31
8700,A1,2,16,0,1,0,0,0,0,0,0,0,0,0,0,1,2,7,67,10
8700,B0,0,4,20,1,0,0,0,0,0,0,0,0,0,0,1,1,9,48,11
8700,B1,2,1,1,2,0,0,0,0,0,0,0,0,0,0,1,1,81,500,128
8700,B2,2,0,2,20,0,0,0,0,0,0,0,0,0,0,1,1,8,109,9
8700,C1,20,1,3,0,0,0,0,0,0,0,0,0,0,0,1,2,13,114,31
8710,A1,3,18,0,1,0,0,0,0,0,0,0,0,0,0,1,2,7,67,10
8710,B0,0,4,18,4,0,0,0,0,0,0,0,0,0,0,1,1,9,48,11
8710,B1,2,1,4,2,0,0,0,0,0,0,0,0,0,0,1,1,81,500,128
8710,B2,2,0,1,19,0,0,0,0,0,0,0,0,0,0,1,1,8,109,9
8710,C1,20,4,1,0,0,0,0,0,0,0,0,0,0,0,1,2,13,114,31
8720,A1,2,20,0,2,0,0,0,0,0,0,0,0,0,1,0,2,7,67,10
8720,B0,0,3,17,4,0,0,0,0,0,0,0,0,0,1,0,1,9,48,11
8720,B1,2,2,5,1,0,0,0,0,0,0,0,0,0,1,0,1,81,500,128
8720,B2,1,0,1,19,0,0,0,0,0,0,0,0,0,1,0,1,8,109,9
8720,C1,20,6,3,0,0,0,0,0,0,0,0,0,0,1,0,2,13,114,31
8730,A1,1,19,0,3,0,0,0,0,0,0,0,0,0,1,0,2,7,67,10
8730,B0,0,1,17,4,0,0,0,0,0,0,0,0,0,1,0,1,9,48,11
8730,B1,2,3,5,1,0,0,0,0,0,0,0,0,0,1,0,1,81,500,128
8730,B2,2,0,1,20,0,0,0,0,0,0,0,0,0,1,0,1,8,109,9
8730,C1,19,3,3,0,0,0,0,0,0,0,0,0,0,1,0,2,13,114,31
8740,A1,2,16,0,4,0,0,0,0,0,0,0,0,0,0,1,2,7,67,10
8740,B0,0,1,20,5,0,0,0,0,0,0,0,0,0,0,1,1,9,48,11
8740,B1,3,2,5,1,0,0,0,0,0,0,0,0,0,0,1,1,81,500,128
8740,B2,1,0,3,20,0,0,0,0,0,0,0,0,0,0,1,1,8,109,9
8740,C1,16,3,4,0,0,0,0,0,0,0,0,0,0,0,1,2,13,114,31
8750,A1,1,17,0,3,0,0,0,0,0,0,0,0,0,0,1,2,7,67,10
8750,B0,0,1,20,2,0,0,0,0,0,0,0,0,0,0,1,1,9,48,11
8750,B1,3,2,4,2,0,0,0,0,0,0,0,0,0,0,1,1,81,500,128
8750,B2,1,0,1,20,0,0,0,0,0,0,0,0,0,0,1,1,8,109,9
8750,C1,18,2,1,0,0,0,0,0,0,0,0,0,0,0,1,2,13,114,31
8760,A1,2,19,0,1,0,0,0,0,0,0,0,0,0,0,1,2,7,67,10
8760,B0,0,1,19,1,0,0,0,0,0,0,0,0,0,0,1,1,9,48,11
8760,B1,3,2,1,4,0,0,0,0,0,0,0,0,0,0,1,1,81,500,128
8760,B2,2,0,1,18,0,0,0,0,0,0,0,0,0,0,1,1,8,109,9
8760,C1,19,2,1,0,0,0,0,0,0,0,0,0,0,0,1,2,13,114,31
8770,A1,2,20,0,2,0,0,0,0,0,0,0,0,0,1,0,2,7,67,10
8770,B0,0,1,20,2,0,0,0,0,0,0,0,0,0,1,0,1,9,48,11
8770,B1,1,3,2,4,0,0,0,0,0,0,0,0,0,1,0,1,81,500,128
8770,B2,1,0,1,19,0,0,0,0,0,0,0,0,0,1,0,1,8,109,9
8770,C1,20,1,2,0,0,0,0,0,0,0,0,0,0,1,0,2,13,114,31
8780,A1,1,16,0,2,0,0,0,0,0,0,0,0,0,1,0,2,7,67,10
8780,B0,0,1,20,2,0,0,0,0,0,0,0,0,0,1,0,1,9,48,11
8780,B1,2,4,2,3,0,0,0,0,0,0,0,0,0,1,0,2,81,500,128
8780,B2,4,0,2,19,0,0,0,0,0,0,0,0,0,1,0,1,8,109,9
8780,C1,17,2,3,0,0,0,0,0,0,0,0,0,0,1,0,2,13,114,31
8790,A1,3,16,0,2,0,0,0,0,0,0,0,0,0,0,1,2,7,67,10
8790,B0,0,1,20,1,0,0,0,0,0,0,0,0,0,0,1,1,9,48,11
8790,B1,1,3,1,5,0,0,0,0,0,0,0,0,0,0,1,1,81,500,128
8790,B2,5,0,3,20,0,0,0,0,0,0,0,0,0,0,1,1,8,109,9
8790,C1,18,2,3,0,0,0,0,0,0,0,0,0,0,0,1,2,13,114,31
8800,A1,1,17,0,2,0,0,0,0,0,0,0,0,0,0,1,2,7,67,10
8800,B0,0,2,20,3,0,0,0,0,0,0,0,0,0,0,1,1,9,48,11
8800,B1,1,3,1,5,0,0,0,0,0,0,0,0,0,0,1,1,81,500,128
8800,B2,7,0,1,19,0,0,0,0,0,0,0,0,0,0,1,1,8,109,9
8800,C1,19,3,2,0,0,0,0,0,0,0,0,0,0,0,1,2,13,114,31
8810,A1,4,20,0,2,0,0,0,0,0,0,0,0,0,1,0,2,7,67,10
8810,B0,0,3,20,1,0,0,0,0,0,0,0,0,0,1,0,1,9,48,11
8810,B1,1,3,3,3,0,0,0,0,0,0,0,0,0,1,0,1,81,500,128
8810,B2,7,0,2,19,0,0,0,0,0,0,0,0,0,1,0,1,8,109,9
8810,C1,20,5,2,0,0,0,0,0,0,0,0,0,0,1,0,2,13,114,31
8820,A1,1,20,0,3,0,0,0,0,0,0,0,0,0,1,0,2,7,67,10
8820,B0,0,2,20,2,0,0,0,0,0,0,0,0,0,1,0,1,9,48,11
8820,B1,1,2,3,3,0,0,0,0,0,0,0,0,0,1,0,1,81,500,128
8820,B2,2,0,1,19,0,0,0,0,0,0,0,0,0,1,0,1,8,109,9
8820,C1,20,1,2,0,0,0,0,0,0,0,0,0,0,1,0,2,13,114,31
8830,A1,1,18,0,4,0,0,0,0,0,0,0,0,0,1,0,2,7,67,10
8830,B0,0,3,20,1,0,0,0,0,0,0,0,0,0,1,0,1,9,48,11
8830,B1,1,4,3,3,0,0,0,0,0,0,0,0,0,1,0,1,81,500,128
8830,B2,1,0,3,20,0,0,0,0,0,0,0,0,0,1,0,1,8,109,9
8830,C1,20,3,3,0,0,0,0,0,0,0,0,0,0,1,0,2,13,114,31
8840,A1,2,18,0,1,0,0,0,0,0,0,0,0,0,0,1,2,7,67,10
8840,B0,0,4,19,2,0,0,0,0,0,0,0,0,0,0,1,1,9,48,11
8840,B1,2,4,1,2,0,0,0,0,0,0,0,0,0,0,1,2,81,500,128
8840,B2,1,0,3,20,0,0,0,0,0,0,0,0,0,0,1,1,8,109,9
8840,C1,20,1,2,0,0,0,0,0,0,0,0,0,0,0,1,2,13,114,31
8850,A1,2,19,0,1,0,0,0,0,0,0,0,0,0,0,1,2,7,67,10
8850,B0,0,5,19,1,0,0,0,0,0,0,0,0,0,0,1,1,9,48,11
8850,B1,1,4,2,2,0,0,0,0,0,0,0,0,0,0,1,2,81,500,128
8850,B2,1,0,3,17,0,0,0,0,0,0,0,0,0,0,1,1,8,109,9
8850,C1,20,1,1,0,0,0,0,0,0,0,0,0,0,0,1,2,13,114,31
8860,A1,1,20,0,1,0,0,0,0,0,0,0,0,0,1,0,2,7,67,10
8860,B0,0,3,19,1,0,0,0,0,0,0,0,0,0,1,0,1,9,48,11
8860,B1,1,2,1,1,0,0,0,0,0,0,0,0,0,1,0,2,81,500,128
8860,B2,1,0,1,17,0,0,0,0,0,0,0,0,0,1,0,1,8,109,9
8860,C1,20,1,2,0,0,0,0,0,0,0,0,0,0,1,0,2,13,114,31
8870,A1,1,18,0,1,0,0,0,0,0,0,0,0,0,1,0,2,7,67,10
8870,B0,0,2,19,2,0,0,0,0,0,0,0,0,0,1,0,1,9,48,11
8870,B1,2,2,1,1,0,0,0,0,0,0,0,0,0,1,0,2,81,500,128
8870,B2,1,0,2,18,0,0,0,0,0,0,0,0,0,1,0,1,8,109,9
8870,C1,18,2,3,0,0,0,0,0,0,0,0,0,0,1,0,2,13,114,31
8880,A1,3,17,0,1,0,0,0,0,0,0,0,0,0,0,1,2,7,67,10
8880,B0,0,3,19,4,0,0,0,0,0,0,0,0,0,0,1,1,9,48,11
8880,B1,2,2,2,1,0,0,0,0,0,0,0,0,0,0,1,2,81,500,128
8880,B2,3,0,3,20,0,0,0,0,0,0,0,0,0,0,1,1,8,109,9
8880,C1,18,2,2,0,0,0,0,0,0,0,0,0,0,0,1,2,13,114,31
8890,A1,1,17,0,1,0,0,0,0,0,0,0,0,0,0,1,2,7,67,10
8890,B0,0,4,20,1,0,0,0,0,0,0,0,0,0,0,1,1,9,48,11
8890,B1,2,2,3,2,0,0,0,0,0,0,0,0,0,0,1,1,81,500,128
8890,B2,1,0,1,20,0,0,0,0,0,0,0,0,0,0,1,1,8,109,9
8890,C1,19,3,1,0,0,0,0,0,0,0,0,0,0,0,1,2,13,114,31
8900,A1,2,20,0,2,0,0,0,0,0,0,0,0,0,0,1,2,7,67,10
8900,B0,0,3,19,1,0,0,0,0,0,0,0,0,0,0,1,1,9,48,11
8900,B1,2,2,1,2,0,0,0,0,0,0,0,0,0,0,1,2,81,500,128
8900,B2,4,0,1,18,0,0,0,0,0,0,0,0,0,0,1,1,8,109,9
8900,C1,20,3,2,0,0,0,0,0,0,0,0,0,0,0,1,2,13,114,31
8910,A1,3,19,0,1,0,0,0,0,0,0,0,0,0,1,0,2,7,67,10
8910,B0,0,1,20,3,0,0,0,0,0,0,0,0,0,1,0,1,9,48,11
8910,B1,1,2,2,1,0,0,0,0,0,0,0,0,0,1,0,1,81,500,128
8910,B2,1,0,2,19,0,0,0,0,0,0,0,0,0,1,0,1,8,109,9
8910,C1,20,2,1,0,0,0,0,0,0,0,0,0,0,1,0,2,13,114,31
8920,A1,3,15,0,3,0,0,0,0,0,0,0,0,0,1,0,2,7,67,10
8920,B0,0,1,20,3,0,0,0,0,0,0,0,0,0,1,0,1,9,48,11
8920,B1,3,2,2,1,0,0,0,0,0,0,0,0,0,1,0,2,81,500,128
8920,B2,1,0,3,19,0,0,0,0,0,0,0,0,0,1,0,1,8,109,9
8920,C1,19,1,1,0,0,0,0,0,0,0,0,0,0,1,0,2,13,114,31
8930,A1,1,15,0,2,0,0,0,0,0,0,0,0,0,0,1,2,7,67,10
8930,B0,0,3,20,1,0,0,0,0,0,0,0,0,0,0,1,1,9,48,11
8930,B1,1,1,4,1,0,0,0,0,0,0,0,0,0,0,1,1,81,500,128
8930,B2,1,0,1,20,0,0,0,0,0,0,0,0,0,0,1,1,8,109,9
8930,C1,19,1,1,0,0,0,0,0,0,0,0,0,0,0,1,2,13,114,31
8940,A1,3,18,0,4,0,0,0,0,0,0,0,0,0,0,1,2,7,67,10
8940,B0,0,3,20,1,0,0,0,0,0,0,0,0,0,0,1,1,9,48,11
8940,B1,1,1,4,1,0,0,0,0,0,0,0,0,0,0,1,1,81,500,128
8940,B2,1,0,2,17,0,0,0,0,0,0,0,0,0,0,1,1,8,109,9
8940,C1,20,1,1,0,0,0,0,0,0,0,0,0,0,0,1,2,13,114,31
8950,A1,2,20,0,3,0,0,0,0,0,0,0,0,0,1,0,2,7,67,10
8950,B0,0,2,20,1,0,0,0,0,0,0,0,0,0,1,0,1,9,48,11
8950,B1,3,1,4,1,0,0,0,0,0,0,0,0,0,1,0,1,81,500,128
8950,B2,1,0,2,16,0,0,0,0,0,0,0,0,0,1,0,1,8,109,9
8950,C1,20,3,1,0,0,0,0,0,0,0,0,0,0,1,0,2,13,114,31
8960,A1,2,20,0,4,0,0,0,0,0,0,0,0,0,1,0,2,7,67,10
8960,B0,0,1,20,3,0,0,0,0,0,0,0,0,0,1,0,1,9,48,11
8960,B1,1,2,4,1,0,0,0,0,0,0,0,0,0,1,0,1,81,500,128
8960,B2,1,0,1,18,0,0,0,0,0,0,0,0,0,1,0,1,8,109,9
8960,C1,20,1,1,0,0,0,0,0,0,0,0,0,0,1,0,2,13,114,31
8970,A1,1,19,0,4,0,0,0,0,0,0,0,0,0,0,1,2,7,67,10
8970,B0,0,1,20,4,0,0,0,0,0,0,0,0,0,0,1,1,9,48,11
8970,B1,1,3,4,2,0,0,0,0,1,0,0,0,0,0,1,1,82,502,128
8970,B2,1,0,2,20,0,0,0,0,0,0,0,0,0,0,1,1,8,109,9
8970,C1,19,2,4,0,0,0,0,0,0,0,0,1,0,0,1,2,13,114,31
8980,A1,3,20,0,1,0,0,0,0,0,0,0,0,0,0,1,2,7,67,10
8980,B0,0,1,20,2,0,0,0,0,0,0,0,0,0,0,1,1,9,48,11
8980,B1,2,3,2,1,0,0,0,0,0,0,0,0,0,0,1,2,82,504,129
8980,B2,1,0,1,18,0,0,0,0,0,0,0,0,0,0,1,1,8,109,9
8980,C1,19,1,2,0,0,0,0,0,0,0,0,0,0,0,1,2,13,114,31
8990,A1,4,20,0,1,0,0,0,0,0,0,0,0,0,0,1,2,7,67,10
8990,B0,0,2,20,2,0,0,0,0,0,0,0,0,0,0,1,1,9,48,11
8990,B1,2,3,1,1,0,0,0,0,0,0,0,0,0,0,1,2,82,504,129
8990,B2,2,0,1,15,0,0,0,0,0,0,0,0,0,0,1,1,8,109,9
8990,C1,19,2,1,0,0,0,0,0,0,0,0,0,0,0,1,2,13,114,31
9000,A1,1,20,0,1,0,0,0,0,0,0,0,0,0,1,0,2,7,67,10
9000,B0,0,2,20,1,0,0,0,0,0,0,0,0,0,1,0,1,9,48,11
9000,B1,3,1,1,1,0,0,0,0,0,0,0,0,0,1,0,2,82,504,129
9000,B2,2,0,1,17,0,0,0,0,0,0,0,0,0,1,0,1,8,109,9
9000,C1,19,1,2,0,0,0,0,0,0,0,0,0,0,1,0,2,13,114,31
9010,A1,2,18,0,1,0,0,0,0,0,0,0,0,0,1,0,2,7,67,10
9010,B0,0,3,20,2,0,0,0,0,0,0,0,0,0,1,0,1,9,48,11
9010,B1,1,2,1,1,0,0,0,0,0,0,0,0,0,1,0,2,82,504,129
9010,B2,1,0,2,18,0,0,0,0,0,0,0,0,0,1,0,1,8,109,9
9010,C1,19,1,3,0,0,0,0,0,0,0,0,0,0,1,0,2,13,114,31
9020,A1,3,18,0,1,0,0,0,0,0,0,0,0,0,0,1,2,7,67,10
9020,B0,0,5,20,2,0,0,0,0,0,0,0,0,0,0,1,1,9,48,11
9020,B1,2,2,1,1,0,0,0,0,1,0,0,0,0,0,1,1,84,518,130
9020,B2,1,0,3,20,0,0,0,0,0,0,0,0,0,0,1,1,8,109,9
9020,C1,19,1,2,0,0,0,0,0,0,0,0,1,0,0,1,2,13,114,31
9030,A1,5,19,0,3,0,0,0,0,0,0,0,0,0,0,1,2,7,67,10
9030,B0,0,5,19,1,0,0,0,0,0,0,0,0,0,0,1,1,9,48,11
9030,B1,2,2,3,1,0,0,0,0,0,0,0,0,0,0,1,1,84,524,131
9030,B2,1,0,1,20,0,0,0,0,0,0,0,0,0,0,1,1,8,109,9
9030,C1,20,3,1,0,0,0,0,0,0,0,0,0,0,0,1,2,13,114,31
9040,A1,7,20,0,2,0,0,0,0,0,0,0,0,0,1,0,2,7,67,10
9040,B0,0,4,19,1,0,0,0,0,0,0,1,0,0,1,0,1,9,48,11
9040,B1,3,2,3,1,0,2,0,0,0,0,0,0,0,1,0,2,85,528,131
9040,B2,2,0,1,20,0,0,0,0,0,0,0,0,0,1,0,1,8,109,9
9040,C1,20,1,1,0,0,0,0,0,0,0,0,0,0,1,0,2,13,114,31
9050,A1,5,20,0,2,0,0,0,0,0,0,0,0,0,1,0,2,7,67,10
9050,B0,0,1,20,2,0,0,0,0,0,0,0,0,0,1,0,1,9,48,11
9050,B1,3,2,3,1,0,0,0,0,0,0,0,0,0,1,0,2,85,532,133
9050,B2,1,0,1,20,0,0,0,0,0,0,0,0,0,1,0,1,8,109,9
9050,C1,18,2,2,0,0,0,0,0,0,0,0,0,0,1,0,2,13,114,31
9060,A1,2,20,0,2,0,0,0,0,0,0,0,0,0,1,0,2,7,67,10
9060,B0,0,1,20,2,0,0,0,0,0,0,0,0,0,1,0,1,9,48,11
9060,B1,1,2,3,1,0,0,0,0,0,0,0,0,0,1,0,1,85,532,133
9060,B2,1,0,2,20,0,0,0,0,0,0,0,0,0,1,0,1,8,109,9
9060,C1,17,2,1,0,0,0,0,0,0,0,0,0,0,1,0,2,13,114,31
9070,A1,2,20,0,1,0,0,0,0,0,0,0,0,0,0,1,2,7,67,10
9070,B0,0,2,20,1,0,0,0,0,0,0,0,0,0,0,1,1,9,48,11
9070,B1,1,2,2,2,0,0,0,0,0,0,0,0,0,0,1,1,85,532,133
9070,B2,2,0,1,20,0,0,0,0,0,0,0,0,0,0,1,1,8,109,9
9070,C1,18,2,2,0,0,0,0,0,0,0,0,0,0,0,1,2,13,114,31
9080,A1,3,20,0,1,0,0,0,0,0,0,0,0,0,0,1,2,7,67,10
9080,B0,0,2,17,1,0,0,0,0,0,0,0,0,0,0,1,1,9,48,11
9080,B1,1,3,4,1,0,0,0,0,0,0,0,0,0,0,1,1,85,532,133
9080,B2,1,0,1,16,0,0,0,0,0,0,0,0,0,0,1,1,8,109,9
9080,C1,20,3,1,0,0,0,0,0,0,0,0,0,0,0,1,2,13,114,31
9090,A1,3,20,0,2,0,0,0,0,0,0,0,0,0,1,0,2,7,67,10
9090,B0,0,1,17,2,0,0,0,0,0,0,0,0,0,1,0,1,9,48,11
9090,B1,1,3,3,1,0,0,0,0,0,0,0,0,0,1,0,1,85,532,133
9090,B2,3,0,1,16,0,0,0,0,0,0,0,0,0,1,0,1,8,109,9
9090,C1,20,3,1,0,0,0,0,0,0,0,0,0,0,1,0,2,13,114,31
9100,A1,2,20,0,4,0,0,0,0,0,0,0,0,0,1,0,2,7,67,10
9100,B0,0,1,18,2,0,0,0,0,0,0,0,0,0,1,0,1,9,48,11
9100,B1,1,4,3,1,0,0,0,0,0,0,0,0,0,1,0,2,85,532,133
9100,B2,4,0,1,17,0,0,0,0,0,0,0,0,0,1,0,1,8,109,9
9100,C1,19,1,2,0,0,0,0,0,0,0,0,0,0,1,0,2,13,114,31
9110,A1,1,20,0,3,0,0,0,0,0,0,0,0,0,0,1,2,7,67,10
9110,B0,0,1,20,3,0,0,0,0,0,0,0,0,0,0,1,1,9,48,11
9110,B1,2,4,4,1,0,0,0,0,1,0,0,0,0,0,1,1,86,537,133
9110,B2,2,0,2,20,0,0,0,0,0,0,0,0,0,0,1,1,8,109,9
9110,C1,18,1,1,0,0,0,0,0,0,0,0,1,0,0,1,2,13,114,31
9120,A1,2,20,0,1,0,0,0,0,0,0,0,0,0,0,1,2,7,67,10
9120,B0,0,1,20,1,0,0,0,0,0,0,0,0,0,0,1,1,9,48,11
9120,B1,2,3,3,2,0,0,0,0,0,0,0,0,0,0,1,1,86,541,134
9120,B2,2,0,2,20,0,0,0,0,0,0,0,0,0,0,1,1,8,109,9
9120,C1,18,3,2,0,0,0,0,0,0,0,0,0,0,0,1,2,13,114,31
9130,A1,3,20,0,1,0,0,0,0,0,0,0,0,0,0,1,2,7,67,10
9130,B0,0,1,17,1,0,0,0,0,0,0,0,0,0,0,1,1,9,48,11
9130,B1,2,3,3,3,0,0,0,0,0,0,0,0,0,0,1,1,86,541,134
9130,B2,2,0,1,19,0,0,0,0,0,0,0,0,0,0,1,1,8,109,9
9130,C1,20,3,2,0,0,0,0,0,0,0,0,0,0,0,1,2,13,114,31
9140,A1,1,20,0,1,0,0,0,0,0,0,0,0,0,1,0,2,7,67,10
9140,B0,0,1,18,1,0,0,0,0,0,0,0,0,0,1,0,1,10,63,12
9140,B1,1,3,1,3,0,0,0,0,0,0,0,0,0,1,0,1,86,541,134
9140,B2,2,0,2,19,0,0,0,0,0,0,0,0,0,1,0,1,8,109,9
9140,C1,20,4,2,0,0,0,0,0,0,0,0,0,0,1,0,2,13,114,31
9150,A1,1,17,0,1,0,0,0,0,0,0,0,0,0,1,0,2,7,67,10
9150,B0,0,1,19,4,0,0,0,0,0,0,0,0,0,1,0,1,10,63,12
9150,B1,3,3,1,3,0,0,0,0,0,0,0,0,0,1,0,2,86,541,134
9150,B2,3,0,2,20,0,0,0,0,0,0,0,0,0,1,0,1,8,109,9
9150,C1,17,2,3,0,0,0,0,0,0,0,0,0,0,1,0,2,13,114,31
9160,A1,1,18,0,1,0,0,0,0,0,0,0,0,0,0,1,2,7,67,10
9160,B0,0,1,20,1,0,0,0,0,0,0,0,0,0,0,1,1,10,63,12
9160,B1,3,3,1,3,0,0,0,0,0,0,0,0,0,0,1,2,86,541,134
9160,B2,5,0,1,19,0,0,0,0,0,0,0,0,0,0,1,1,8,109,9
9160,C1,17,3,2,0,0,0,0,0,0,0,0,0,0,0,1,2,13,114,31
9170,A1,1,19,0,1,0,0,0,0,0,0,0,0,0,0,1,2,7,67,10
9170,B0,0,2,19,1,0,0,0,0,0,0,0,0,0,0,1,1,10,63,12
9170,B1,3,3,3,1,0,0,0,0,0,0,0,0,0,0,1,2,86,541,134
9170,B2,5,0,1,18,0,0,0,0,0,0,0,0,0,0,1,1,8,109,9
9170,C1,18,4,5,0,0,0,0,0,0,0,0,0,0,0,1,2,13,114,31
9180,A1,1,20,0,1,0,0,0,0,0,0,0,0,0,1,0,2,7,67,10
9180,B0,0,1,19,2,0,0,0,0,0,0,0,0,0,1,0,1,10,63,12
9180,B1,3,1,2,2,0,0,0,0,0,0,0,0,0,1,0,1,87,548,137
9180,B2,5,0,1,18,0,0,0,0,0,0,0,0,0,1,0,1,8,109,9
9180,C1,20,4,4,0,0,0,0,0,0,0,0,0,0,1,0,2,13,114,31
9190,A1,2,19,0,1,0,0,0,0,0,0,0,0,0,1,0,2,7,67,10
9190,B0,0,1,19,3,0,0,0,0,0,0,0,0,0,1,0,1,10,63,12
9190,B1,1,3,2,2,0,0,0,0,0,0,0,0,0,1,0,1,87,548,137
9190,B2,1,0,2,19,0,0,0,0,0,0,0,0,0,1,0,1,8,109,9
9190,C1,20,4,5,0,0,0,0,0,0,0,0,0,0,1,0,2,13,114,31
9200,A1,1,17,0,3,0,0,0,0,0,0,0,0,0,0,1,2,7,67,10
9200,B0,0,1,20,5,0,0,0,0,0,0,0,0,0,0,1,1,10,63,12
9200,B1,1,2,2,3,0,0,0,0,0,0,0,0,0,0,1,1,87,548,137
9200,B2,2,0,1,20,0,0,0,0,0,0,0,0,0,0,1,1,8,109,9
9200,C1,19,3,6,0,0,0,0,0,0,0,0,0,0,0,1,2,13,114,31
9210,A1,4,19,0,2,0,0,0,0,0,0,0,0,0,0,1,2,7,67,10
9210,B0,0,2,20,1,0,0,0,0,0,0,0,0,0,0,1,1,10,63,12
9210,B1,1,2,3,3,0,0,0,0,0,0,0,0,0,0,1,1,87,548,137
9210,B2,5,0,2,19,0,0,0,0,0,0,0,0,0,0,1,1,8,109,9
9210,C1,19,3,2,0,0,0,0,0,0,0,0,0,0,0,1,2,13,114,31
9220,A1,2,20,0,2,0,0,0,0,0,0,0,0,0,0,1,2,7,67,10
9220,B0,0,1,17,2,0,0,0,0,0,0,0,0,0,0,1,1,10,63,12
9220,B1,2,2,1,3,0,0,0,0,0,0,0,0,0,0,1,1,87,548,137
9220,B2,4,0,1,16,0,0,0,0,0,0,0,0,0,0,1,1,8,109,9
9220,C1,19,3,1,0,0,0,0,0,0,0,0,0,0,0,1,2,13,114,31
9230,A1,1,20,0,3,0,0,0,0,0,0,0,0,0,1,0,2,7,67,10
9230,B0,0,1,18,1,0,0,0,0,0,0,0,0,0,1,0,1,10,63,12
9230,B1,2,4,1,2,0,0,0,0,0,0,0,0,0,1,0,2,87,548,137
9230,B2,2,0,1,17,0,0,0,0,0,0,0,0,0,1,0,1,8,109,9
9230,C1,19,3,2,0,0,0,0,0,0,0,0,0,0,1,0,2,13,114,31
9240,A1,1,18,0,3,0,0,0,0,0,0,0,0,0,1,0,2,7,67,10
9240,B0,0,2,19,3,0,0,0,0,0,0,0,0,0,1,0,1,10,63,12
9240,B1,2,3,1,2,0,0,0,0,0,0,0,0,0,1,0,2,87,548,137
9240,B2,2,0,2,18,0,0,0,0,0,0,0,0,0,1,0,1,8,109,9
9240,C1,19,1,4,0,0,0,0,0,0,0,0,0,0,1,0,2,13,114,31
9250,A1,2,17,0,1,0,0,0,0,0,0,0,0,0,0,1,2,7,67,10
9250,B0,0,2,20,3,0,0,0,0,0,0,0,0,0,0,1,1,10,63,12
9250,B1,2,3,1,1,0,0,0,0,0,0,0,0,0,0,1,2,88,552,138
9250,B2,1,0,2,20,0,0,0,0,0,0,0,0,0,0,1,1,8,109,9
9250,C1,19,1,2,0,0,0,0,0,0,0,0,0,0,0,1,2,13,114,31
9260,A1,3,18,0,1,0,0,0,0,0,0,0,0,0,0,1,2,7,67,10
9260,B0,0,2,19,1,0,0,0,0,0,0,0,0,0,0,1,1,10,63,12
9260,B1,2,3,4,2,0,0,0,0,0,0,0,0,0,0,1,1,88,552,138
9260,B2,2,0,2,20,0,0,0,0,0,0,0,0,0,0,1,1,8,109,9
9260,C1,19,2,1,0,0,0,0,0,0,0,0,0,0,0,1,2,13,114,31
9270,A1,5,20,0,1,0,0,0,0,0,0,0,0,0,1,0,2,7,67,10
9270,B0,0,5,18,4,0,0,0,0,0,0,0,0,0,1,0,1,10,63,12
9270,B1,2,3,3,1,0,0,0,0,0,0,0,0,0,1,0,2,88,552,138
9270,B2,1,0,1,19,0,0,0,0,0,0,0,0,0,1,0,1,8,109,9
9270,C1,20,2,1,0,0,0,0,0,0,0,0,0,0,1,0,2,13,114,31
9280,A1,2,20,0,2,0,0,0,0,0,0,0,0,0,1,0,2,7,67,10
9280,B0,0,2,20,3,0,0,0,0,0,0,0,0,0,1,0,1,10,63,12
9280,B1,3,1,3,1,0,0,0,0,0,0,0,0,0,1,0,1,88,552,138
9280,B2,1,0,2,20,0,0,0,0,0,0,0,0,0,1,0,1,8,109,9
9280,C1,19,1,1,0,0,0,0,0,0,0,0,0,0,1,0,2,13,114,31
9290,A1,1,20,0,3,0,0,0,0,0,0,0,0,0,1,0,2,7,67,10
9290,B0,0,1,20,4,0,0,0,0,0,0,0,0,0,1,0,1,10,63,12
9290,B1,2,1,3,1,0,0,0,0,0,0,0,0,0,1,0,1,88,552,138
9290,B2,1,0,2,20,0,0,0,0,0,0,0,0,0,1,0,1,8,109,9
9290,C1,19,2,1,0,0,0,0,0,0,0,0,0,0,1,0,2,13,114,31
9300,A1,1,19,0,2,0,0,0,0,0,0,0,0,0,0,1,2,7,67,10
9300,B0,0,1,20,3,0,0,0,0,0,0,0,0,0,0,1,1,10,63,12
9300,B1,2,1,1,1,0,0,0,0,0,0,0,0,0,0,1,2,88,552,138
9300,B2,1,0,1,20,0,0,0,0,0,0,0,0,0,0,1,1,8,109,9
9300,C1,20,2,2,0,0,0,0,0,0,0,0,0,0,0,1,2,13,114,31
9310,A1,3,19,0,1,0,0,0,0,0,0,0,0,0,0,1,2,7,67,10
9310,B0,0,1,20,1,0,0,0,0,0,0,0,0,0,0,1,1,10,63,12
9310,B1,2,1,1,1,0,0,0,0,0,0,0,0,0,0,1,2,88,552,138
9310,B2,2,0,1,18,0,0,0,0,0,0,0,0,0,0,1,1,8,109,9
9310,C1,20,3,2,0,0,0,0,0,0,0,0,0,0,0,1,2,13,114,31
9320,A1,2,19,0,1,0,0,0,0,0,0,0,0,0,1,0,2,7,67,10
9320,B0,0,1,20,1,0,0,0,0,0,0,0,0,0,1,0,1,10,63,12
9320,B1,2,1,1,1,0,0,0,0,0,0,0,0,0,1,0,2,89,553,139
9320,B2,3,0,1,18,0,0,0,0,0,0,0,0,0,1,0,1,8,109,9
9320,C1,20,1,1,0,0,0,0,0,0,0,0,0,0,1,0,2,13,114,31
9330,A1,4,20,0,1,0,0,0,0,0,0,0,0,0,1,0,2,7,67,10
9330,B0,0,1,20,1,0,0,0,0,0,0,0,0,0,1,0,1,10,63,12
9330,B1,2,1,1,1,0,0,0,0,0,0,0,0,0,1,0,2,89,553,139
9330,B2,2,0,3,19,0,0,0,0,0,0,0,0,0,1,0,1,8,109,9
9330,C1,19,2,3,0,0,0,0,0,0,0,0,0,0,1,0,2,13,114,31
9340,A1,1,20,0,1,0,0,0,0,0,0,0,0,0,0,1,2,7,67,10
9340,B0,0,1,20,2,0,0,0,0,0,0,0,0,0,0,1,1,10,63,12
9340,B1,1,2,2,1,0,0,0,0,0,0,0,0,0,0,1,1,90,555,140
9340,B2,1,0,2,20,0,0,0,0,0,0,0,0,0,0,1,1,8,109,9
9340,C1,18,1,3,0,0,0,0,0,0,0,0,0,0,0,1,2,13,114,31
9350,A1,2,20,0,1,0,0,0,0,0,0,0,0,0,0,1,2,7,67,10
9350,B0,0,2,19,1,0,0,0,0,0,0,0,0,0,0,1,1,10,63,12
9350,B1,1,1,3,1,0,0,0,0,0,0,0,0,0,0,1,1,90,555,140
9350,B2,1,0,5,20,0,0,0,0,0,0,0,0,0,0,1,1,8,109,9
9350,C1,18,2,2,0,0,0,0,0,0,0,0,0,0,0,1,2,13,114,31
9360,A1,5,20,0,3,0,0,0,0,0,0,0,0,0,0,1,2,7,67,10
9360,B0,0,2,17,1,0,0,0,0,0,0,0,0,0,0,1,1,10,63,12
9360,B1,1,1,1,1,0,0,0,0,0,0,0,0,0,0,1,1,90,555,140
9360,B2,1,0,3,19,0,0,0,0,0,0,0,0,0,0,1,1,8,109,9
9360,C1,20,2,1,0,0,0,0,0,0,0,0,0,0,0,1,2,13,114,31
9370,A1,2,20,0,3,0,0,0,0,0,0,0,0,0,1,0,2,7,67,10
9370,B0,0,2,17,4,0,0,0,0,0,0,0,0,0,1,0,1,10,63,12
9370,B1,1,1,2,2,0,0,0,0,0,0,0,0,0,1,0,1,90,555,140
9370,B2,1,0,4,20,0,0,0,0,0,0,0,0,0,1,0,1,8,109,9
9370,C1,20,2,1,0,0,0,0,0,0,0,0,0,0,1,0,2,13,114,31
9380,A1,1,20,0,4,0,0,0,0,0,0,0,0,0,1,0,2,7,67,10
9380,B0,0,1,19,1,0,0,0,0,0,0,0,0,0,1,0,1,10,63,12
9380,B1,3,2,2,2,0,0,0,0,0,0,0,0,0,1,0,2,90,555,140
9380,B2,1,0,4,20,0,0,0,0,0,0,0,0,0,1,0,1,8,109,9
9380,C1,19,3,4,0,0,0,0,0,0,0,0,0,0,1,0,2,13,114,31
9390,A1,1,20,0,2,0,0,0,0,0,0,0,0,0,0,1,2,7,67,10
9390,B0,0,1,19,3,0,0,0,0,0,0,0,0,0,0,1,1,10,63,12
9390,B1,2,1,1,2,0,0,0,0,0,0,0,0,0,0,1,1,90,555,140
9390,B2,1,0,4,20,0,0,0,0,0,0,0,0,0,0,1,1,8,109,9
9390,C1,19,1,1,0,0,0,0,0,0,0,0,0,0,0,1,2,13,114,31
9400,A1,3,20,0,1,0,0,0,0,0,0,0,0,0,0,1,2,7,67,10
9400,B0,0,1,15,1,0,0,0,0,0,0,0,0,0,0,1,1,10,63,12
9400,B1,2,1,3,2,0,0,0,0,0,0,0,0,0,0,1,1,90,555,140
9400,B2,1,0,1,20,0,0,0,0,0,0,0,0,0,0,1,1,8,109,9
9400,C1,19,2,1,0,0,0,0,0,0,0,0,0,0,0,1,2,13,114,31
9410,A1,3,20,0,2,0,0,0,0,0,0,0,0,0,1,0,2,7,67,10
9410,B0,0,2,15,1,0,0,0,0,0,0,0,0,0,1,0,1,10,63,12
9410,B1,2,1,3,1,0,0,0,0,0,0,0,0,0,1,0,1,90,555,140
9410,B2,3,0,1,19,0,0,0,0,0,0,0,0,0,1,0,1,8,109,9
9410,C1,19,4,3,0,0,0,0,0,0,0,0,0,0,1,0,2,13,114,31
9420,A1,3,20,0,2,0,0,0,0,0,0,0,0,0,1,0,2,7,67,10
9420,B0,0,1,17,3,0,0,0,0,0,0,0,0,0,1,0,1,10,63,12
9420,B1,5,1,3,1,0,0,0,0,0,0,0,0,0,1,0,2,90,555,140
9420,B2,3,0,2,19,0,0,0,0,0,0,0,0,0,1,0,1,8,109,9
9420,C1,19,3,4,0,0,0,0,0,0,0,0,0,0,1,0,2,13,114,31
9430,A1,2,19,0,4,0,0,0,0,0,0,0,0,1,0,1,2,7,67,10
9430,B0,0,1,20,4,0,0,0,0,0,0,0,0,0,0,1,1,10,63,12
9430,B1,3,1,3,2,0,0,0,3,1,0,0,0,0,0,1,1,92,559,140
9430,B2,2,0,3,20,0,0,0,0,0,0,0,0,0,0,1,1,8,109,9
9430,C1,19,1,5,0,0,0,0,0,0,0,0,1,0,0,1,2,13,114,31
9440,A1,3,19,0,2,0,0,0,0,0,0,0,0,0,0,1,2,7,67,10
9440,B0,0,1,20,1,0,0,0,0,0,0,0,0,0,0,1,1,10,63,12
9440,B1,3,2,1,1,0,0,0,0,0,0,0,0,0,0,1,2,92,570,144
9440,B2,2,0,2,20,0,0,0,0,0,0,0,0,0,0,1,1,8,109,9
9440,C1,20,1,1,0,0,0,0,0,0,0,0,0,0,0,1,2,13,114,31
9450,A1,3,19,0,1,0,0,0,0,0,0,0,0,0,0,1,2,7,67,10
9450,B0,0,1,19,1,0,0,0,0,0,0,0,0,0,0,1,1,10,63,12
9450,B1,3,2,2,3,0,0,0,0,0,0,0,0,0,0,1,1,92,570,144
9450,B2,2,0,2,16,0,0,0,0,0,0,0,0,0,0,1,1,8,109,9
9450,C1,20,3,3,0,0,0,0,0,0,0,0,0,0,0,1,2,13,114,31
9460,A1,1,16,0,1,0,0,0,0,0,0,0,0,0,1,0,2,8,70,12
9460,B0,0,2,20,1,0,0,0,0,0,0,0,0,0,1,0,1,10,63,12
9460,B1,2,2,1,3,0,0,0,0,0,0,0,0,0,1,0,1,92,570,144
9460,B2,1,0,1,17,0,0,0,0,0,0,0,0,0,1,0,1,8,109,9
9460,C1,20,2,1,0,0,0,0,0,0,0,0,0,0,1,0,2,13,114,31
9470,A1,1,17,0,2,0,0,0,0,0,0,0,0,0,1,0,2,8,70,12
9470,B0,0,1,20,2,0,0,0,0,0,0,0,0,0,1,0,1,10,63,12
9470,B1,1,1,1,3,0,0,0,0,0,0,0,0,0,1,0,1,92,570,144
9470,B2,1,0,2,18,0,0,0,0,0,0,0,0,0,1,0,1,8,109,9
9470,C1,20,3,1,0,0,0,0,0,0,0,0,0,0,1,0,2,13,114,31
9480,A1,1,18,0,2,0,0,0,0,0,0,0,0,0,0,1,2,8,70,12
9480,B0,0,3,20,1,0,0,0,0,0,0,0,0,0,0,1,1,10,63,12
9480,B1,2,4,2,2,0,0,0,0,1,0,0,0,0,0,1,1,93,580,144
9480,B2,2,0,4,20,0,0,0,0,0,0,0,0,0,0,1,1,8,109,9
9480,C1,19,1,1,0,0,0,0,0,0,0,0,1,0,0,1,2,13,114,31
9490,A1,5,19,0,2,0,0,0,0,0,0,0,0,0,0,1,2,8,70,12
9490,B0,0,3,20,3,0,0,0,0,0,0,0,0,0,0,1,1,10,63,12
9490,B1,2,4,2,1,0,0,0,0,0,0,0,0,0,0,1,2,93,584,147
9490,B2,3,0,2,18,0,0,0,0,0,0,0,0,0,0,1,1,8,109,9
9490,C1,19,3,1,0,0,0,0,0,0,0,0,0,0,0,1,2,13,114,31
9500,A1,6,20,0,1,0,0,0,0,0,0,0,0,0,1,0,2,8,70,12
9500,B0,0,2,19,3,0,0,0,0,0,0,0,0,0,1,0,1,10,63,12
9500,B1,1,4,1,1,0,0,0,0,0,0,0,0,0,1,0,2,93,584,147
9500,B2,5,0,1,16,0,0,0,0,0,0,0,0,0,1,0,1,8,109,9
9500,C1,20,4,1,0,0,0,0,0,0,0,0,0,0,1,0,2,13,114,31
9510,A1,1,20,0,1,0,0,0,0,0,0,0,0,0,1,0,2,8,70,12
9510,B0,0,1,19,2,0,0,0,0,0,0,0,0,0,1,0,1,10,63,12
9510,B1,1,5,1,1,0,0,0,0,0,0,0,0,0,1,0,2,93,584,147
9510,B2,2,0,1,16,0,0,0,0,0,0,0,0,0,1,0,1,8,109,9
9510,C1,20,2,3,0,0,0,0,0,0,0,0,0,0,1,0,2,13,114,31
9520,A1,1,18,0,3,0,0,0,0,0,0,0,0,0,1,0,2,8,70,12
9520,B0,0,1,20,4,0,0,0,0,0,0,0,0,0,1,0,1,10,63,12
9520,B1,2,3,1,1,0,0,0,0,0,0,0,0,0,1,0,2,93,584,147
9520,B2,1,0,2,19,0,0,0,0,0,0,0,0,0,1,0,1,8,109,9
9520,C1,19,1,3,0,0,0,0,0,0,0,0,0,0,1,0,2,13,114,31
9530,A1,3,19,0,1,0,0,0,0,0,0,0,0,0,0,1,2,9,72,13
9530,B0,0,1,20,2,0,0,0,0,0,0,0,0,0,0,1,1,10,63,12
9530,B1,2,2,1,1,0,0,0,0,0,0,0,0,0,0,1,2,94,588,148
9530,B2,2,0,1,20,0,0,0,0,0,0,0,0,0,0,1,1,8,109,9
9530,C1,20,2,2,0,0,0,0,0,0,0,0,0,0,0,1,2,13,114,31
9540,A1,5,19,0,1,0,0,0,0,0,0,0,0,0,0,1,2,9,72,13
9540,B0,0,2,20,1,0,0,0,0,0,0,0,0,0,0,1,1,10,63,12
9540,B1,2,2,2,1,0,0,0,0,0,0,0,0,0,0,1,2,94,588,148
9540,B2,3,0,1,16,0,0,0,0,0,0,0,0,0,0,1,1,8,109,9
9540,C1,20,3,1,0,0,0,0,0,0,0,0,0,0,0,1,2,13,114,31
9550,A1,5,18,0,1,0,0,0,0,0,0,0,0,0,1,0,2,10,74,14
9550,B0,0,1,20,2,0,0,0,0,0,0,0,0,0,1,0,1,10,63,12
9550,B1,1,1,3,1,0,0,0,0,0,0,0,0,0,1,0,1,95,591,150
9550,B2,2,0,2,15,0,0,0,0,0,0,0,0,0,1,0,1,8,109,9
9550,C1,19,1,1,0,0,0,0,0,0,0,0,0,0,1,0,2,13,114,31
9560,A1,1,17,0,1,0,0,0,0,0,0,0,0,0,1,0,2,10,74,14
9560,B0,0,1,20,5,0,0,0,0,0,0,0,0,0,1,0,1,10,63,12
9560,B1,1,1,3,1,0,0,0,0,0,0,0,0,0,1,0,1,95,591,150
9560,B2,2,0,4,18,0,0,0,0,0,0,0,0,0,1,0,1,8,109,9
9560,C1,16,2,2,0,0,0,0,0,0,0,0,0,0,1,0,2,13,114,31
9570,A1,1,16,0,1,0,0,0,0,0,0,0,0,0,0,1,2,11,78,15
9570,B0,0,2,21,4,0,0,0,0,0,0,0,0,0,0,1,1,10,63,12
9570,B1,2,2,5,1,0,0,0,0,0,0,0,0,0,0,1,1,95,591,150
9570,B2,1,0,5,20,0,0,0,0,0,0,0,0,0,0,1,1,8,109,9
9570,C1,15,2,2,0,0,0,0,0,0,0,0,0,0,0,1,2,13,114,31
9580,A1,2,18,0,2,0,0,0,0,0,0,0,0,0,0,1,2,11,78,15
9580,B0,0,3,21,2,0,0,0,0,0,0,0,0,0,0,1,1,10,63,12
9580,B1,2,2,6,2,0,0,0,0,0,0,0,0,0,0,1,1,95,591,150
9580,B2,2,0,2,20,0,0,0,0,0,0,0,0,0,0,1,1,8,109,9
9580,C1,17,3,1,0,0,0,0,0,0,0,0,0,0,0,1,2,13,114,31
9590,A1,4,20,0,2,0,0,0,0,0,0,0,0,0,0,1,2,11,78,15
9590,B0,0,3,19,1,0,0,0,0,0,0,0,0,0,0,1,1,10,63,12
9590,B1,2,2,6,2,0,0,0,0,0,0,0,0,0,0,1,1,95,591,150
9590,B2,2,0,1,19,0,0,0,0,0,0,0,0,0,0,1,1,8,109,9
9590,C1,20,3,1,0,0,0,0,0,0,0,0,0,0,0,1,2,13,114,31
9600,A1,1,20,0,2,0,0,0,0,0,0,0,0,0,1,0,2,11,78,15
9600,B0,0,1,20,1,0,0,0,0,0,0,0,0,0,1,0,1,10,63,12
9600,B1,1,1,5,2,0,0,0,0,0,0,0,0,0,1,0,1,95,591,150
9600,B2,1,0,1,20,0,0,0,0,0,0,0,0,0,1,0,1,8,109,9
9600,C1,19,5,1,0,0,0,0,0,0,0,0,0,0,1,0,2,13,114,31
9610,A1,1,18,0,3,0,0,0,0,0,0,0,0,0,1,0,2,11,78,15
9610,B0,0,2,20,1,0,0,0,0,0,0,0,0,0,1,0,1,10,63,12
9610,B1,3,1,5,2,0,0,0,0,0,0,0,0,0,1,0,1,95,591,150
9610,B2,2,0,1,20,0,0,0,0,0,0,0,0,0,1,0,1,8,109,9
9610,C1,16,1,3,0,0,0,0,0,0,0,0,0,0,1,0,2,13,114,31
9620,A1,1,19,0,1,0,0,0,0,0,0,0,0,0,0,1,2,11,78,15
9620,B0,0,3,20,2,0,0,0,0,0,0,0,0,0,0,1,1,10,63,12
9620,B1,3,1,3,1,0,0,0,0,0,0,0,0,0,0,1,1,95,591,150
9620,B2,4,0,1,19,0,0,0,0,0,0,0,0,0,0,1,1,8,109,9
9620,C1,16,1,1,0,0,0,0,0,0,0,0,0,0,0,1,2,13,114,31
9630,A1,2,19,0,1,0,0,0,0,0,0,0,0,0,0,1,2,11,78,15
9630,B0,0,4,19,2,0,0,0,0,0,0,0,0,0,0,1,1,10,63,12
9630,B1,3,1,1,4,0,0,0,0,0,0,0,0,0,0,1,1,95,591,150
9630,B2,3,0,1,18,0,0,0,0,0,0,0,0,0,0,1,1,8,109,9
9630,C1,18,3,1,0,0,0,0,0,0,0,0,0,0,0,1,2,13,114,31
9640,A1,3,20,0,1,0,0,0,0,0,0,0,0,0,1,0,2,11,78,15
9640,B0,0,3,20,1,0,0,0,0,0,0,0,0,0,1,0,1,10,63,12
9640,B1,2,3,1,4,0,0,0,0,0,0,0,0,0,1,0,1,95,591,150
9640,B2,2,0,2,17,0,0,0,0,0,0,0,0,0,1,0,1,8,109,9
9640,C1,20,5,4,0,0,0,0,0,0,0,0,0,0,1,0,2,13,114,31
9650,A1,2,20,0,2,0,0,0,0,0,0,0,0,0,1,0,2,11,78,15
9650,B0,0,1,20,3,0,0,0,0,0,0,0,0,0,1,0,1,10,63,12
9650,B1,2,2,1,4,0,0,0,0,0,0,0,0,0,1,0,1,95,591,150
9650,B2,1,0,1,18,0,0,0,0,0,0,0,0,0,1,0,1,8,109,9
9650,C1,20,1,6,0,0,0,0,0,0,0,0,0,0,1,0,2,13,114,31
9660,A1,2,19,0,4,0,0,0,0,0,0,0,0,0,0,1,2,11,78,15
9660,B0,0,2,20,3,0,0,0,0,0,0,0,0,0,0,1,1,10,63,12
9660,B1,1,2,1,5,0,0,0,0,0,0,0,0,0,0,1,1,95,591,150
9660,B2,1,0,2,20,0,0,0,0,0,0,0,0,0,0,1,1,8,109,9
9660,C1,18,1,5,0,0,0,0,0,0,0,0,0,0,0,1,2,13,114,31
9670,A1,3,19,0,2,0,0,0,0,0,0,0,0,0,0,1,2,11,78,15
9670,B0,0,1,19,2,0,0,0,0,0,0,0,0,0,0,1,1,10,63,12
9670,B1,1,2,2,3,0,0,0,0,0,0,0,0,0,0,1,1,95,591,150
9670,B2,2,0,3,20,0,0,0,0,0,0,0,0,0,0,1,1,8,109,9
9670,C1,19,1,2,0,0,0,0,0,0,0,0,0,0,0,1,2,13,114,31
9680,A1,4,20,0,1,0,0,0,0,0,0,0,0,0,0,1,2,11,78,15
9680,B0,0,2,15,1,0,0,0,0,0,0,0,0,0,0,1,1,10,63,12
9680,B1,1,2,3,3,0,0,0,0,0,0,0,0,0,0,1,1,95,591,150
9680,B2,2,0,1,19,0,0,0,0,0,0,0,0,0,0,1,1,8,109,9
9680,C1,19,2,2,0,0,0,0,0,0,0,0,0,0,0,1,2,13,114,31
9690,A1,2,20,0,1,0,0,0,0,0,0,0,0,0,1,0,2,11,78,15
9690,B0,0,2,16,1,0,0,0,0,0,0,0,0,0,1,0,1,10,63,12
9690,B1,1,1,2,3,0,0,0,0,0,0,0,0,0,1,0,1,95,591,150
9690,B2,1,0,1,20,0,0,0,0,0,0,0,0,0,1,0,1,8,109,9
9690,C1,20,2,1,0,0,0,0,0,0,0,0,0,0,1,0,2,13,114,31
9700,A1,1,18,0,3,0,0,0,0,0,0,0,0,0,1,0,2,11,78,15
9700,B0,0,2,18,1,0,0,0,0,0,0,0,0,0,1,0,1,10,63,12
9700,B1,3,1,2,3,0,0,0,0,0,0,0,0,0,1,0,1,95,591,150
9700,B2,1,0,3,20,0,0,0,0,0,0,0,0,0,1,0,1,8,109,9
9700,C1,20,1,1,0,0,0,0,0,0,0,0,0,0,1,0,2,13,114,31
9710,A1,3,18,0,2,0,0,0,0,0,0,0,0,0,0,1,2,11,78,15
9710,B0,0,1,20,1,0,0,0,0,0,0,0,0,0,0,1,1,10,63,12
9710,B1,2,1,2,3,0,0,0,0,0,0,0,0,0,0,1,1,95,591,150
9710,B2,2,0,2,20,0,0,0,0,0,0,0,0,0,0,1,1,8,109,9
9710,C1,20,1,1,0,0,0,0,0,0,0,0,0,0,0,1,2,13,114,31
9720,A1,2,18,0,1,0,0,0,0,0,0,0,0,0,0,1,2,11,78,15
9720,B0,0,1,20,3,0,0,0,0,0,0,0,0,0,0,1,1,10,63,12
9720,B1,2,1,3,1,0,0,0,0,0,0,0,0,0,0,1,1,95,591,150
9720,B2,2,0,3,19,0,0,0,0,0,0,0,0,0,0,1,1,8,109,9
9720,C1,20,3,1,0,0,0,0,0,0,0,0,0,0,0,1,2,13,114,31
9730,A1,5,20,0,1,0,0,0,0,0,0,0,0,0,1,0,2,11,78,15
9730,B0,0,1,19,1,0,0,0,0,0,0,0,0,0,1,0,1,10,63,12
9730,B1,1,2,3,1,0,0,0,0,0,0,0,0,0,1,0,1,95,591,150
9730,B2,3,0,2,19,0,0,0,0,0,0,0,0,0,1,0,1,8,109,9
9730,C1,20,4,1,0,0,0,0,0,0,0,0,0,0,1,0,2,13,114,31
9740,A1,1,20,0,3,0,0,0,0,0,0,0,0,0,1,0,2,11,78,15
9740,B0,0,2,19,1,0,0,0,0,0,0,0,0,0,1,0,1,10,63,12
9740,B1,4,1,3,1,0,0,0,0,0,0,0,0,0,1,0,2,95,591,150
9740,B2,1,0,3,20,0,0,0,0,0,0,0,0,0,1,0,1,8,109,9
9740,C1,20,2,1,0,0,0,0,0,0,0,0,0,0,1,0,2,13,114,31
9750,A1,1,18,0,3,0,0,0,0,0,0,0,0,0,1,0,2,11,78,15
9750,B0,0,1,19,3,0,0,0,0,0,0,0,0,0,1,0,1,10,63,12
9750,B1,1,2,3,2,0,0,0,0,0,0,0,0,0,1,0,1,95,591,150
9750,B2,2,0,3,20,0,0,0,0,0,0,0,0,0,1,0,1,8,109,9
9750,C1,19,1,1,0,0,0,0,0,0,0,0,0,0,1,0,2,13,114,31
9760,A1,2,19,0,1,0,0,0,0,0,0,0,0,0,0,1,2,11,78,15
9760,B0,0,1,20,1,0,0,0,0,0,0,0,0,0,0,1,1,10,63,12
9760,B1,1,2,3,3,0,0,0,0,0,0,0,0,0,0,1,1,96,595,151
9760,B2,3,0,1,20,0,0,0,0,0,0,0,0,0,0,1,1,8,109,9
9760,C1,20,1,2,0,0,0,0,0,0,0,0,0,0,0,1,2,14,117,32
9770,A1,4,20,0,1,0,0,0,0,0,0,0,0,0,0,1,2,11,78,15
9770,B0,0,2,20,2,0,0,0,0,0,0,0,0,0,0,1,1,10,63,12
9770,B1,1,1,4,1,0,0,0,0,0,0,0,0,0,0,1,1,96,595,151
9770,B2,3,0,2,17,0,0,0,0,0,0,0,0,0,0,1,1,8,109,9
9770,C1,20,3,1,0,0,0,0,0,0,0,0,0,0,0,1,2,14,117,32
9780,A1,2,20,0,1,0,0,0,0,0,0,0,0,0,1,0,2,11,78,15
9780,B0,0,1,19,3,0,0,0,0,0,0,0,0,0,1,0,1,10,63,12
9780,B1,1,1,3,1,0,0,0,0,0,0,0,0,0,1,0,1,96,595,151
9780,B2,1,0,3,18,0,0,0,0,0,0,0,0,0,1,0,1,8,109,9
9780,C1,20,2,1,0,0,0,0,0,0,0,0,0,0,1,0,2,14,117,32
9790,A1,3,19,0,2,0,0,0,0,0,0,0,0,0,1,0,2,11,78,15
9790,B0,0,1,19,5,0,0,0,0,0,0,0,0,0,1,0,1,10,63,12
9790,B1,2,5,3,1,0,0,0,0,0,0,0,0,0,1,0,2,96,595,151
9790,B2,1,0,6,18,0,0,0,0,0,0,0,0,0,1,0,1,8,109,9
9790,C1,20,1,2,0,0,0,0,0,0,0,0,0,0,1,0,2,14,117,32
9800,A1,2,19,0,4,0,0,0,0,0,0,0,0,0,0,1,2,11,78,15
9800,B0,0,1,19,6,0,0,0,0,0,0,0,0,0,0,1,1,10,63,12
9800,B1,1,4,3,1,0,0,0,0,0,0,0,0,0,0,1,2,96,595,151
9800,B2,1,0,6,19,0,0,0,2,0,0,0,0,0,0,1,1,9,115,9
9800,C1,19,1,2,0,0,0,0,0,0,0,0,0,0,0,1,2,14,117,32
9810,A1,2,19,0,1,0,0,0,0,0,0,0,0,0,0,1,2,11,78,15
9810,B0,0,1,20,2,0,0,0,0,0,0,0,0,0,0,1,1,10,63,12
9810,B1,1,4,2,2,0,0,0,0,0,0,0,0,0,0,1,2,96,595,151
9810,B2,1,0,1,15,0,0,0,0,0,0,0,0,0,0,1,1,9,123,12
9810,C1,19,1,3,0,0,0,0,0,0,0,0,0,0,0,1,2,14,117,32
9820,A1,4,20,0,2,0,0,0,0,0,0,0,0,0,0,1,2,11,78,15
9820,B0,0,2,19,1,0,0,0,0,0,0,0,0,0,0,1,1,10,63,12
9820,B1,1,6,1,2,0,0,0,0,0,0,0,0,0,0,1,2,96,595,151
9820,B2,2,0,1,13,0,0,0,0,0,0,0,0,0,0,1,1,9,123,12
9820,C1,20,3,1,0,0,0,0,0,0,0,0,0,0,0,1,2,14,117,32
9830,A1,1,20,0,1,0,0,0,0,0,0,0,0,0,1,0,2,11,78,15
9830,B0,0,1,20,3,0,0,0,0,0,0,0,0,0,1,0,1,10,63,12
9830,B1,1,5,1,2,0,0,0,0,0,0,0,0,0,1,0,2,96,595,151
9830,B2,1,0,2,16,0,0,0,0,0,0,0,0,0,1,0,1,9,123,12
9830,C1,19,2,2,0,0,0,0,0,0,0,0,0,0,1,0,2,14,117,32
9840,A1,2,19,0,1,0,0,0,0,0,0,0,0,0,1,0,2,11,78,15
9840,B0,0,1,20,4,0,0,0,0,0,0,0,0,0,1,0,1,10,63,12
9840,B1,4,7,1,2,0,0,0,0,0,0,0,0,0,1,0,2,96,595,151
9840,B2,2,0,4,19,0,0,0,0,0,0,0,0,0,1,0,1,9,123,12
9840,C1,16,2,2,0,0,0,0,0,0,0,0,0,0,1,0,2,14,117,32
9850,A1,1,20,0,1,0,0,0,0,0,0,0,0,0,0,1,2,11,78,15
9850,B0,0,4,20,3,0,0,0,0,0,0,0,0,0,0,1,1,10,63,12
9850,B1,1,6,2,2,0,0,0,0,0,0,0,0,0,0,1,2,96,595,151
9850,B2,2,0,3,20,0,0,0,0,0,0,0,0,0,0,1,1,9,123,12
9850,C1,16,2,3,0,0,0,0,0,0,0,0,0,0,0,1,2,14,117,32
9860,A1,1,20,0,1,0,0,0,0,0,0,0,0,0,0,1,2,11,78,15
9860,B0,0,4,20,1,0,0,0,0,0,0,0,0,0,0,1,1,10,63,12
9860,B1,1,6,1,3,0,0,0,0,0,0,0,0,0,0,1,2,96,595,151
9860,B2,2,0,3,20,0,0,0,0,0,0,0,0,0,0,1,1,9,123,12
9860,C1,18,1,1,0,0,0,0,0,0,0,0,0,0,0,1,2,14,117,32
9870,A1,4,20,0,1,0,0,0,0,0,0,0,0,0,1,0,2,11,78,15
9870,B0,0,4,19,1,0,0,0,0,0,0,0,0,0,1,0,1,10,63,12
9870,B1,3,7,1,2,0,0,0,0,0,0,0,0,0,1,0,2,96,595,151
9870,B2,3,0,1,20,0,0,0,0,0,0,0,0,0,1,0,1,9,123,12
9870,C1,20,2,2,0,0,15,0,0,0,0,0,0,0,1,0,2,15,124,32
9880,A1,1,20,0,1,0,0,0,0,0,0,0,0,0,1,0,2,11,78,15
9880,B0,0,1,19,3,0,0,0,0,0,0,0,0,0,1,0,1,10,63,12
9880,B1,3,5,1,2,0,0,0,0,0,0,0,0,0,1,0,2,96,595,151
9880,B2,1,0,1,20,0,0,0,0,0,0,0,0,0,1,0,1,9,123,12
9880,C1,16,2,2,0,0,11,0,0,0,0,0,0,0,1,0,2,15,144,32
9890,A1,1,18,0,1,0,0,0,0,0,0,0,0,0,0,1,2,11,78,15
9890,B0,0,1,20,4,0,0,0,0,0,0,0,0,0,0,1,1,10,63,12
9890,B1,2,2,1,3,0,0,0,0,0,0,0,0,0,0,1,1,96,595,151
9890,B2,1,0,1,20,0,0,0,0,0,0,0,0,0,0,1,1,9,123,12
9890,C1,13,1,3,0,0,0,0,0,0,0,0,0,0,0,1,2,15,146,47
9900,A1,1,19,0,2,0,0,0,0,0,0,0,0,0,0,1,2,11,78,15
9900,B0,0,1,20,1,0,0,0,0,0,0,0,0,0,0,1,1,10,63,12
9900,B1,2,2,2,1,0,0,0,0,0,0,0,0,0,0,1,2,96,595,151
9900,B2,1,0,5,20,0,0,0,0,0,0,0,0,0,0,1,1,9,123,12
9900,C1,16,1,2,0,0,0,0,0,0,0,0,0,0,0,1,2,15,146,47
9910,A1,2,20,0,1,0,0,0,0,0,0,0,0,0,0,1,2,11,78,15
9910,B0,0,2,20,2,0,0,0,0,0,0,0,0,0,0,1,1,10,63,12
9910,B1,2,2,1,2,0,0,0,0,0,0,0,0,0,0,1,2,96,595,151
9910,B2,2,0,2,18,0,0,0,0,0,0,0,0,0,0,1,1,9,123,12
9910,C1,19,3,3,0,0,0,0,0,0,0,0,0,0,0,1,2,15,146,47
9920,A1,1,20,0,1,0,0,0,0,0,0,0,0,0,1,0,2,11,78,15
9920,B0,0,1,20,1,0,0,0,0,0,0,0,0,0,1,0,1,10,63,12
9920,B1,1,3,1,2,0,0,0,0,0,0,0,0,0,1,0,2,96,595,151
9920,B2,1,0,2,19,0,0,0,0,0,0,0,0,0,1,0,1,9,123,12
9920,C1,20,2,2,0,0,0,0,0,0,0,0,0,0,1,0,2,15,146,47
9930,A1,1,19,0,2,0,0,0,0,0,0,0,0,0,1,0,2,11,78,15
9930,B0,0,2,20,1,0,0,0,0,0,0,0,0,0,1,0,1,10,63,12
9930,B1,1,2,1,2,0,0,0,0,0,0,0,0,0,1,0,1,96,595,151
9930,B2,1,0,4,19,0,0,0,0,0,0,0,0,0,1,0,1,9,123,12
9930,C1,20,2,2,0,0,0,0,0,0,0,0,0,0,1,0,2,15,146,47
9940,A1,1,19,0,2,0,0,0,0,0,0,0,0,0,0,1,2,11,78,15
9940,B0,0,1,19,2,0,0,0,0,0,0,0,0,0,0,1,1,10,63,12
9940,B1,1,2,1,3,0,0,0,0,0,0,0,0,0,0,1,1,96,595,151
9940,B2,2,0,4,20,0,0,0,0,0,0,0,0,0,0,1,1,9,123,12
9940,C1,20,2,4,0,0,0,0,0,0,0,0,0,0,0,1,2,15,146,47
9950,A1,3,19,0,4,0,0,0,0,0,0,0,0,0,0,1,2,11,78,15
9950,B0,0,3,17,1,0,0,0,0,0,0,0,0,0,0,1,1,10,63,12
9950,B1,1,2,1,2,0,0,0,0,0,0,0,0,0,0,1,1,96,595,151
9950,B2,2,0,1,20,0,0,0,0,0,0,0,0,0,0,1,1,9,123,12
9950,C1,20,2,2,0,0,0,0,0,0,0,0,0,0,0,1,2,15,146,47
9960,A1,4,20,0,4,0,0,0,0,0,0,0,0,0,1,0,2,11,78,15
9960,B0,0,4,16,2,0,0,0,0,0,0,0,0,0,1,0,1,10,63,12
9960,B1,1,1,1,1,0,0,0,0,0,0,0,0,0,1,0,1,96,595,151
9960,B2,2,0,1,19,0,0,0,0,0,0,0,0,0,1,0,1,9,123,12
9960,C1,20,2,2,0,0,0,0,0,0,0,0,0,0,1,0,2,15,146,47
9970,A1,2,20,0,5,0,0,0,0,0,0,0,0,0,1,0,2,11,78,15
9970,B0,0,2,18,2,0,0,0,0,0,0,0,0,0,1,0,1,10,63,12
9970,B1,3,1,1,1,0,0,0,0,0,0,0,0,0,1,0,2,96,595,151
9970,B2,1,0,1,20,0,0,0,0,0,0,0,0,0,1,0,1,9,123,12
9970,C1,19,3,1,0,0,0,0,0,0,0,0,0,0,1,0,2,15,146,47
9980,A1,1,18,0,6,0,0,0,0,0,0,0,0,0,1,0,2,11,78,15
9980,B0,0,1,20,4,0,0,0,0,0,0,0,0,0,1,0,1,10,63,12
9980,B1,2,2,1,2,0,0,0,0,0,0,0,0,0,1,0,2,96,595,151
9980,B2,2,0,2,20,0,0,0,0,0,0,0,0,0,1,0,1,9,123,12
9980,C1,18,2,1,0,0,0,0,0,0,0,0,0,0,1,0,2,15,146,47
9990,A1,1,19,0,7,0,0,0,0,0,0,0,0,0,0,1,2,11,78,15
9990,B0,0,1,20,4,0,0,0,0,0,0,0,0,0,0,1,1,10,63,12
9990,B1,2,2,2,2,0,0,0,0,0,0,0,0,0,0,1,1,97,599,152
9990,B2,2,0,2,19,0,0,0,0,0,0,0,0,0,0,1,1,9,123,12
9990,C1,19,2,1,0,0,0,0,0,0,0,0,0,0,0,1,2,15,146,47
10000,A1,3,19,0,7,0,0,0,0,0,0,0,0,0,0,1,2,11,78,15
10000,B0,0,1,20,2,0,0,0,0,0,0,0,0,0,0,1,1,10,63,12
10000,B1,2,2,1,2,0,0,0,0,0,0,0,0,0,0,1,2,97,599,152
10000,B2,2,0,3,16,0,0,0,0,0,0,0,0,0,0,1,1,9,123,12
10000,C1,19,5,1,0,0,0,0,0,0,0,0,0,0,0,1,2,15,146,47
