time_of_info,tls_id,count_to_r,count_to_l,count_to_b,count_to_t,count_stuck_middle,count_stuck_to_r,count_stuck_to_l,count_stuck_to_b,count_stuck_to_t,is_jam_next_l,is_jam_next_r,is_jam_next_t,is_jam_next_b,is_green_horizontal,is_green_vertical,y,jams_count,jams_time,jams_car_count
15,A1,0,0,0,0,0,0,0,0,0,0,0,0,0,1,0,1,0,0,0
15,B0,0,0,0,0,0,0,0,0,0,0,0,0,0,1,0,1,0,0,0
15,B1,0,0,0,0,0,0,0,0,0,0,0,0,0,1,0,1,0,0,0
15,B2,0,0,0,0,0,0,0,0,0,0,0,0,0,1,0,1,0,0,0
15,C1,0,0,0,0,0,0,0,0,0,0,0,0,0,1,0,1,0,0,0
30,A1,4,1,0,2,0,0,0,0,0,0,0,0,0,1,0,2,0,0,0
30,B0,0,1,3,1,0,0,0,0,0,0,0,0,0,1,0,1,0,0,0
30,B1,2,2,1,2,0,0,0,0,0,0,0,0,0,1,0,2,0,0,0
30,B2,2,0,4,3,0,0,0,0,0,0,0,0,0,1,0,1,0,0,0
30,C1,2,3,2,0,0,0,0,0,0,0,0,0,0,1,0,2,0,0,0
45,A1,1,1,0,4,0,0,0,0,0,0,0,0,0,1,0,1,0,0,0
45,B0,0,3,5,2,0,0,0,0,0,0,0,0,0,1,0,1,0,0,0
45,B1,3,1,3,4,0,0,0,0,0,0,0,0,0,1,0,1,0,0,0
45,B2,4,0,2,5,0,0,0,0,0,0,0,0,0,1,0,1,0,0,0
45,C1,3,3,5,0,0,0,0,0,0,0,0,0,0,1,0,2,0,0,0
60,A1,3,6,0,3,0,0,0,0,0,0,0,0,0,0,1,2,0,0,0
60,B0,0,6,6,3,0,0,0,0,0,0,0,0,0,0,1,1,0,0,0
60,B1,3,4,5,3,0,0,0,0,0,0,0,0,0,0,1,1,0,0,0
60,B2,5,0,4,7,0,0,0,0,0,0,0,0,0,0,1,1,0,0,0
60,C1,5,5,4,0,0,0,0,0,0,0,0,0,0,0,1,2,0,0,0
75,A1,7,11,0,4,0,0,0,0,0,0,0,0,0,0,1,2,0,0,0
75,B0,0,9,7,1,0,0,0,0,0,0,0,0,0,0,1,1,0,0,0
75,B1,3,7,5,1,0,0,0,0,0,0,0,0,0,0,1,2,0,0,0
75,B2,8,0,1,8,0,0,0,0,0,0,0,0,0,0,1,1,0,0,0
75,C1,10,6,2,0,0,0,0,0,0,0,0,0,0,0,1,2,0,0,0
90,A1,4,15,0,7,0,0,0,0,0,0,0,0,0,1,0,2,0,0,0
90,B0,0,9,8,4,0,0,0,0,0,0,0,0,0,1,0,1,0,0,0
90,B1,2,5,3,3,0,0,0,0,0,0,0,0,0,1,0,1,0,0,0
90,B2,5,0,3,7,0,0,0,0,0,0,0,0,0,1,0,1,0,0,0
90,C1,13,5,2,0,0,0,0,0,0,0,0,0,0,1,0,2,0,0,0
105,A1,4,17,0,10,0,0,0,0,0,0,0,0,0,1,0,2,0,0,0
105,B0,0,5,11,8,0,0,0,0,0,0,0,0,0,1,0,1,0,0,0
105,B1,1,4,4,5,0,0,0,0,0,0,0,0,0,1,0,1,0,0,0
105,B2,3,0,7,10,0,0,0,0,0,0,0,0,0,1,0,1,0,0,0
105,C1,13,2,2,0,0,0,0,0,0,0,0,0,0,1,0,2,0,0,0
120,A1,6,14,0,9,0,0,0,0,0,0,0,0,0,0,1,2,0,0,0
120,B0,0,4,15,8,0,0,0,0,0,0,0,0,0,0,1,1,0,0,0
120,B1,1,3,5,4,0,0,0,0,0,0,0,0,0,0,1,1,0,0,0
120,B2,2,0,6,12,0,0,0,0,0,0,0,0,0,0,1,1,0,0,0
120,C1,12,6,1,0,0,0,0,0,0,0,0,0,0,0,1,2,0,0,0
135,A1,10,15,0,8,0,0,0,0,0,0,0,0,0,0,1,2,0,0,0
135,B0,0,5,16,6,0,0,0,0,0,0,0,0,0,0,1,1,0,0,0
135,B1,1,4,3,4,0,0,0,0,0,0,0,0,0,0,1,1,0,0,0
135,B2,3,0,4,11,0,0,0,0,0,0,0,0,0,0,1,1,0,0,0
135,C1,13,11,3,0,0,0,0,0,0,0,0,0,0,0,1,2,0,0,0
150,A1,10,16,0,8,0,0,0,0,0,0,0,0,0,1,0,2,0,0,0
150,B0,0,5,15,7,0,0,0,0,0,0,0,0,0,1,0,1,0,0,0
150,B1,3,6,1,3,0,0,0,0,0,0,0,0,0,1,0,2,0,0,0
150,B2,7,0,5,10,0,0,0,0,0,0,0,0,0,1,0,1,0,0,0
150,C1,15,11,1,0,0,0,0,0,0,0,0,0,0,1,0,2,0,0,0
165,A1,5,17,0,10,0,0,0,0,0,0,0,0,0,1,0,2,0,0,0
165,B0,0,2,18,9,0,0,0,0,0,0,0,0,0,1,0,1,0,0,0
165,B1,3,5,1,3,0,0,0,0,0,0,0,0,0,1,0,2,0,0,0
165,B2,2,0,7,15,0,0,0,0,0,0,0,0,0,1,0,1,0,0,0
165,C1,17,10,4,0,0,0,0,0,0,0,0,0,0,1,0,2,0,0,0
180,A1,7,16,0,11,0,0,0,0,0,0,0,0,0,0,1,2,0,0,0
180,B0,0,1,18,10,0,0,0,0,0,0,0,0,0,0,1,1,0,0,0
180,B1,1,3,2,3,0,0,0,0,0,0,0,0,0,0,1,1,0,0,0
180,B2,1,0,10,14,0,0,0,0,0,0,0,0,0,0,1,1,0,0,0
180,C1,16,8,4,0,0,0,0,0,0,0,0,0,0,0,1,2,0,0,0
195,A1,11,16,0,6,0,0,0,0,0,0,0,0,0,0,1,2,0,0,0
195,B0,0,2,19,4,0,0,0,0,0,0,0,0,0,0,1,1,0,0,0
195,B1,1,3,1,5,0,0,0,0,0,0,0,0,0,0,1,1,0,0,0
195,B2,5,0,9,14,0,0,0,0,0,0,0,0,0,0,1,1,0,0,0
195,C1,18,13,1,0,0,0,0,0,0,0,0,0,0,0,1,2,0,0,0
210,A1,14,19,0,2,0,0,0,0,0,0,0,0,0,0,1,2,0,0,0
210,B0,0,3,20,2,0,0,0,0,0,0,0,0,0,0,1,1,0,0,0
210,B1,3,5,1,2,0,0,0,0,0,0,0,0,0,0,1,2,0,0,0
210,B2,6,0,8,13,0,0,0,0,0,0,0,0,0,0,1,1,0,0,0
210,C1,20,15,2,0,0,0,0,0,0,0,0,0,0,0,1,2,0,0,0
225,A1,8,20,0,3,0,0,0,0,0,0,0,0,0,1,0,2,0,0,0
225,B0,0,1,18,7,0,0,0,0,0,0,0,0,0,1,0,1,0,0,0
225,B1,2,4,1,2,0,0,0,0,0,0,0,0,0,1,0,2,0,0,0
225,B2,2,0,12,15,0,0,0,0,0,0,0,0,0,1,0,1,0,0,0
225,C1,18,12,3,0,0,0,0,0,0,0,0,0,0,1,0,2,0,0,0
240,A1,4,21,0,3,0,0,0,0,0,0,0,0,0,1,0,2,0,0,0
240,B0,0,5,20,8,0,0,0,0,0,0,0,0,0,1,0,1,0,0,0
240,B1,1,4,1,3,0,0,0,0,0,0,0,0,0,1,0,2,0,0,0
240,B2,1,0,15,16,0,0,0,0,0,0,0,0,0,1,0,1,0,0,0
240,C1,20,8,3,0,0,0,0,0,0,0,0,0,0,1,0,2,0,0,0
255,A1,8,20,0,1,0,0,0,0,0,0,0,0,0,0,1,2,0,0,0
255,B0,0,6,20,5,0,0,0,0,0,0,0,0,0,0,1,1,0,0,0
255,B1,1,3,2,4,0,0,0,0,0,0,0,0,0,0,1,1,0,0,0
255,B2,3,0,14,16,0,0,0,0,0,0,0,0,0,0,1,1,0,0,0
255,C1,20,12,1,0,0,0,0,0,0,0,0,0,0,0,1,2,0,0,0
270,A1,12,20,0,1,0,0,0,0,0,0,0,0,0,0,1,2,0,0,0
270,B0,0,7,20,2,0,0,0,0,0,0,0,0,0,0,1,1,0,0,0
270,B1,1,4,2,4,0,0,0,0,0,0,0,0,0,0,1,1,0,0,0
270,B2,3,0,8,16,0,0,0,0,0,0,0,0,0,0,1,1,0,0,0
270,C1,20,13,2,0,0,0,0,0,0,0,0,0,0,0,1,2,0,0,0
285,A1,10,20,0,1,0,0,0,0,0,0,0,0,0,1,0,2,0,0,0
285,B0,0,6,19,5,0,0,0,0,0,0,0,0,0,1,0,1,0,0,0
285,B1,4,3,1,2,0,0,0,0,0,0,0,0,0,1,0,2,0,0,0
285,B2,1,0,12,19,0,0,0,0,0,0,0,0,0,1,0,1,0,0,0
285,C1,19,12,1,0,0,0,0,0,0,0,0,0,0,1,0,2,0,0,0
300,A1,4,20,0,2,0,0,0,0,0,0,0,0,0,1,0,2,0,0,0
300,B0,0,1,20,7,0,0,0,0,0,0,0,0,0,1,0,1,0,0,0
300,B1,1,2,3,3,0,0,0,0,0,0,0,0,0,1,0,1,0,0,0
300,B2,3,0,15,19,0,0,0,0,0,0,0,0,0,1,0,1,0,0,0
300,C1,19,8,2,0,0,0,0,0,0,0,0,0,0,1,0,2,0,0,0
315,A1,5,20,0,2,0,0,0,0,0,0,0,0,0,0,1,2,0,0,0
315,B0,0,2,18,6,0,0,0,0,0,0,0,0,0,0,1,1,0,0,0
315,B1,1,1,3,3,0,0,0,0,0,0,0,0,0,0,1,1,0,0,0
315,B2,2,0,15,20,0,0,0,0,0,0,0,0,0,0,1,1,0,0,0
315,C1,19,8,4,0,0,0,0,0,0,0,0,0,0,0,1,2,0,0,0
330,A1,8,20,0,1,0,0,0,0,0,0,0,0,0,0,1,2,0,0,0
330,B0,0,3,18,1,0,0,0,0,0,0,0,0,0,0,1,1,0,0,0
330,B1,1,1,1,4,0,0,0,0,0,0,0,0,0,0,1,1,0,0,0
330,B2,4,0,8,20,0,0,0,0,0,0,0,0,0,0,1,1,0,0,0
330,C1,20,11,2,0,0,0,0,0,0,0,0,0,0,0,1,2,0,0,0
345,A1,7,19,0,2,0,0,0,0,0,0,0,0,0,1,0,2,0,0,0
345,B0,0,6,18,4,0,0,0,0,0,0,0,0,0,1,0,1,0,0,0
345,B1,2,2,1,3,0,0,0,0,0,0,0,0,0,1,0,1,0,0,0
345,B2,3,0,10,20,0,0,0,0,0,0,0,0,0,1,0,1,0,0,0
345,C1,20,13,1,0,0,0,0,0,0,0,0,0,0,1,0,2,0,0,0
360,A1,4,18,0,3,0,0,0,0,0,0,0,0,0,1,0,2,0,0,0
360,B0,0,1,19,9,0,0,0,0,0,0,0,0,0,1,0,1,0,0,0
360,B1,5,2,1,3,0,0,0,0,0,0,0,0,0,1,0,2,0,0,0
360,B2,1,0,12,20,0,0,0,0,0,0,0,0,0,1,0,1,0,0,0
360,C1,20,8,3,0,0,0,0,0,0,0,0,0,0,1,0,2,0,0,0
375,A1,3,20,0,3,0,0,0,0,0,0,0,0,0,1,0,2,0,0,0
375,B0,0,1,20,11,0,0,0,0,0,0,0,0,0,1,0,1,0,0,0
375,B1,2,2,1,3,0,0,0,0,0,0,0,0,0,1,0,1,0,0,0
375,B2,2,0,14,20,0,0,0,0,0,0,0,0,0,1,0,1,0,0,0
375,C1,20,7,3,0,0,0,0,0,0,0,0,0,0,1,0,2,0,0,0
390,A1,6,20,0,1,0,0,0,0,0,0,0,0,0,0,1,2,0,0,0
390,B0,0,3,20,7,0,0,0,0,0,0,0,0,0,0,1,1,0,0,0
390,B1,2,2,3,1,0,0,0,0,0,0,0,0,0,0,1,1,0,0,0
390,B2,1,0,8,20,0,0,0,0,0,0,0,0,0,0,1,1,0,0,0
390,C1,20,10,1,0,0,0,0,0,0,0,0,0,0,0,1,2,0,0,0
405,A1,8,20,0,1,0,0,0,0,0,0,0,0,0,0,1,2,0,0,0
405,B0,0,4,21,2,0,0,0,0,0,0,0,0,0,0,1,1,0,0,0
405,B1,4,2,1,3,0,0,0,0,0,0,0,0,0,0,1,2,0,0,0
405,B2,5,0,6,21,0,0,0,0,0,0,0,0,0,0,1,1,0,0,0
405,C1,20,11,1,0,0,0,0,0,0,0,0,0,0,0,1,2,0,0,0
420,A1,5,20,0,3,0,0,0,0,0,0,0,0,0,1,0,2,0,0,0
420,B0,0,1,20,7,0,0,0,0,0,0,0,0,0,1,0,1,0,0,0
420,B1,2,3,1,2,0,0,0,0,0,0,0,0,0,1,0,2,1,8,2
420,B2,1,0,12,20,0,0,0,0,0,0,0,0,0,1,0,1,0,0,0
420,C1,20,8,1,0,0,0,0,0,0,0,0,0,0,1,0,2,0,0,0
435,A1,1,20,0,3,0,0,0,0,0,0,0,0,0,1,0,2,0,0,0
435,B0,0,1,20,11,0,0,0,0,0,0,0,0,0,1,0,1,0,0,0
435,B1,2,2,1,2,0,0,0,0,0,0,0,0,0,1,0,2,1,8,2
435,B2,1,0,13,20,0,0,0,0,0,0,0,0,0,1,0,1,0,0,0
435,C1,21,3,1,0,0,0,0,0,0,0,0,0,0,1,0,2,0,0,0
450,A1,2,19,0,1,0,0,0,0,0,0,0,0,0,0,1,2,0,0,0
450,B0,0,2,20,8,0,0,0,0,0,0,0,0,0,0,1,1,0,0,0
450,B1,1,1,1,1,0,0,0,0,0,0,0,0,0,0,1,1,1,8,2
450,B2,4,0,10,20,0,0,0,0,0,0,0,0,0,0,1,1,0,0,0
450,C1,20,6,1,0,0,0,0,0,0,0,0,0,0,0,1,2,0,0,0
465,A1,6,20,0,1,0,0,0,0,0,0,0,0,0,0,1,2,0,0,0
465,B0,0,4,20,3,0,0,0,0,0,0,0,0,0,0,1,1,0,0,0
465,B1,1,2,2,1,0,0,0,0,0,0,0,0,0,0,1,1,1,8,2
465,B2,4,0,5,20,0,0,0,0,0,0,0,0,0,0,1,1,0,0,0
465,C1,20,10,2,0,0,0,0,0,0,0,0,0,0,0,1,2,0,0,0
480,A1,7,20,0,3,0,0,0,0,0,0,0,0,0,1,0,2,0,0,0
480,B0,0,2,20,6,0,0,0,0,0,0,0,0,0,1,0,1,0,0,0
480,B1,3,1,1,1,0,0,0,0,0,0,0,0,0,1,0,2,1,8,2
480,B2,2,0,5,20,0,0,0,0,0,0,0,0,0,1,0,1,0,0,0
480,C1,20,10,1,0,0,0,0,0,0,0,0,0,0,1,0,2,0,0,0
495,A1,2,20,0,3,0,0,0,0,0,0,0,0,0,1,0,2,0,0,0
495,B0,0,1,20,8,0,0,0,0,0,0,0,0,0,1,0,1,0,0,0
495,B1,2,1,1,2,0,0,0,0,0,0,0,0,0,1,0,1,1,8,2
495,B2,2,0,8,20,0,0,0,0,0,0,0,0,0,1,0,1,0,0,0
495,C1,20,3,1,0,0,0,0,0,0,0,0,0,0,1,0,2,0,0,0
510,A1,2,20,0,5,0,0,0,0,0,0,0,0,0,0,1,2,0,0,0
510,B0,0,1,20,9,0,0,0,0,0,0,0,0,0,0,1,1,0,0,0
510,B1,2,1,1,2,0,0,0,0,0,0,0,0,0,0,1,1,1,8,2
510,B2,1,0,10,20,0,0,0,0,0,0,0,0,0,0,1,1,0,0,0
510,C1,20,4,1,0,0,0,0,0,0,0,0,0,0,0,1,2,0,0,0
525,A1,3,20,0,2,0,0,0,0,0,0,0,0,0,0,1,2,0,0,0
525,B0,0,1,19,4,0,0,0,0,0,0,0,0,0,0,1,1,0,0,0
525,B1,2,1,2,2,0,0,0,0,0,0,0,0,0,0,1,1,1,8,2
525,B2,2,0,6,20,0,0,0,0,0,0,0,0,0,0,1,1,0,0,0
525,C1,20,7,1,0,0,0,0,0,0,0,0,0,0,0,1,2,0,0,0
540,A1,5,20,0,1,0,0,0,0,0,0,0,0,0,0,1,2,0,0,0
540,B0,0,2,20,2,0,0,0,0,0,0,0,0,0,0,1,1,0,0,0
540,B1,2,1,1,1,0,0,0,0,0,0,0,0,0,0,1,2,1,8,2
540,B2,4,0,4,21,0,0,0,0,0,0,0,0,0,0,1,1,0,0,0
540,C1,20,8,1,0,0,0,0,0,0,0,0,0,0,0,1,2,0,0,0
555,A1,2,20,0,1,0,0,0,0,0,0,0,0,0,1,0,2,0,0,0
555,B0,0,2,20,6,0,0,0,0,0,0,0,0,0,1,0,1,0,0,0
555,B1,3,2,1,1,0,0,0,0,0,0,0,0,0,1,0,2,1,8,2
555,B2,1,0,7,20,0,0,0,0,0,0,0,0,0,1,0,1,0,0,0
555,C1,20,3,2,0,0,0,0,0,0,0,0,0,0,1,0,2,0,0,0
570,A1,3,20,0,2,0,0,0,0,0,0,0,0,0,1,0,2,0,0,0
570,B0,0,3,20,9,0,0,0,0,0,0,0,0,0,1,0,1,0,0,0
570,B1,3,1,2,1,0,0,0,0,0,0,0,0,0,1,0,2,1,8,2
570,B2,1,0,12,20,0,0,0,0,0,0,0,0,0,1,0,1,0,0,0
570,C1,18,3,3,0,0,0,0,0,0,0,0,0,0,1,0,2,0,0,0
585,A1,3,20,0,1,0,0,0,0,0,0,0,0,0,0,1,2,0,0,0
585,B0,0,5,20,6,0,0,0,0,0,0,0,0,0,0,1,1,0,0,0
585,B1,2,1,2,1,0,0,0,0,0,0,0,0,0,0,1,1,2,12,3
585,B2,3,0,11,20,0,0,0,0,0,0,0,0,0,0,1,1,0,0,0
585,C1,18,4,1,0,0,0,0,0,0,0,0,0,0,0,1,2,0,0,0
600,A1,5,20,0,2,0,0,0,0,0,0,0,0,0,0,1,2,0,0,0
600,B0,0,6,21,2,0,0,0,0,0,0,0,0,0,0,1,1,0,0,0
600,B1,4,1,1,4,0,0,0,0,0,0,0,0,0,0,1,1,2,12,3
600,B2,3,0,8,21,0,0,0,0,0,0,0,0,0,0,1,1,0,0,0
600,C1,20,7,2,0,0,0,0,0,0,0,0,0,0,0,1,2,0,0,0
615,A1,2,20,0,1,0,0,0,0,0,0,0,0,0,1,0,2,0,0,0
615,B0,0,4,20,5,0,0,0,0,0,0,0,0,0,1,0,1,0,0,0
615,B1,4,2,1,2,0,0,0,0,0,0,0,0,0,1,0,2,2,12,3
615,B2,1,0,7,20,0,0,0,0,0,0,0,0,0,1,0,1,0,0,0
615,C1,20,5,3,0,0,0,0,0,0,0,0,0,0,1,0,2,0,0,0
630,A1,3,19,0,2,0,0,0,0,0,0,0,0,0,1,0,2,0,0,0
630,B0,0,1,20,7,0,0,0,0,0,0,0,0,0,1,0,1,0,0,0
630,B1,6,3,1,2,0,0,0,0,0,0,0,0,0,1,0,2,2,12,3
630,B2,1,0,10,20,0,0,0,0,0,0,0,0,0,1,0,1,0,0,0
630,C1,20,2,4,0,0,0,0,0,0,0,0,0,0,1,0,2,0,0,0
645,A1,3,16,0,1,0,0,0,0,0,0,0,0,0,0,1,2,0,0,0
645,B0,0,1,20,7,0,0,0,0,0,0,0,0,0,0,1,1,0,0,0
645,B1,4,2,1,1,0,0,0,0,0,0,0,0,0,0,1,2,3,13,4
645,B2,2,0,9,20,0,0,0,0,0,0,0,0,0,0,1,1,0,0,0
645,C1,20,1,4,0,0,0,0,0,0,0,0,0,0,0,1,2,0,0,0
660,A1,5,19,0,1,0,0,0,0,0,0,0,0,0,0,1,2,0,0,0
660,B0,0,3,20,1,0,0,0,0,0,0,0,0,0,0,1,1,0,0,0
660,B1,4,3,2,1,0,0,0,0,0,0,0,0,0,0,1,2,3,13,4
660,B2,3,0,3,20,0,0,0,0,0,0,0,0,0,0,1,1,0,0,0
660,C1,20,6,1,0,0,0,0,0,0,0,0,0,0,0,1,2,0,0,0
675,A1,6,20,0,1,0,0,0,0,0,0,0,0,0,1,0,2,0,0,0
675,B0,0,4,18,2,0,0,0,0,0,0,0,0,0,1,0,1,0,0,0
675,B1,6,4,1,1,0,0,0,0,0,0,0,0,0,1,0,2,3,13,4
675,B2,3,0,2,20,0,0,0,0,0,0,0,0,0,1,0,1,0,0,0
675,C1,20,6,2,0,0,0,0,0,0,0,0,0,0,1,0,2,0,0,0
690,A1,2,20,0,1,0,0,0,0,0,0,0,0,0,1,0,2,0,0,0
690,B0,0,3,19,6,0,0,0,0,0,0,0,0,0,1,0,1,0,0,0
690,B1,8,1,1,1,0,0,0,0,0,0,0,0,0,1,0,2,3,13,4
690,B2,1,0,6,20,0,0,0,0,0,0,0,0,0,1,0,1,0,0,0
690,C1,20,2,2,0,0,0,0,0,0,0,0,0,0,1,0,2,0,0,0
705,A1,4,20,0,1,0,0,0,0,0,0,0,0,0,1,0,2,0,0,0
705,B0,0,4,20,9,0,0,0,0,0,0,0,0,0,1,0,1,0,0,0
705,B1,7,1,1,1,0,0,0,0,0,0,0,0,0,1,0,2,3,13,4
705,B2,2,0,6,20,0,0,0,0,0,0,0,0,0,1,0,1,0,0,0
705,C1,17,1,3,0,0,0,0,0,0,0,0,0,0,1,0,2,0,0,0
720,A1,5,20,0,1,0,0,0,0,0,0,0,0,0,0,1,2,0,0,0
720,B0,0,5,20,5,0,0,0,0,0,0,0,0,0,0,1,1,0,0,0
720,B1,6,1,3,2,0,0,0,0,0,0,0,0,0,0,1,2,3,13,4
720,B2,2,0,4,20,0,0,0,0,0,0,0,0,0,0,1,1,0,0,0
720,C1,18,4,2,0,0,0,0,0,0,0,0,0,0,0,1,2,0,0,0
735,A1,6,20,0,1,0,0,0,0,0,0,0,0,0,0,1,2,0,0,0
735,B0,0,7,21,3,0,0,0,0,0,0,0,0,0,0,1,1,0,0,0
735,B1,6,1,2,1,0,0,0,0,0,0,0,0,0,0,1,2,3,13,4
735,B2,3,0,1,20,0,0,0,0,0,0,0,0,0,0,1,1,0,0,0
735,C1,20,6,1,0,0,0,0,0,0,0,0,0,0,0,1,2,0,0,0
750,A1,4,20,0,2,0,0,0,0,0,0,0,0,0,1,0,2,0,0,0
750,B0,0,1,20,6,0,0,0,0,0,0,0,0,0,1,0,1,0,0,0
750,B1,6,2,1,1,0,0,0,0,0,0,0,0,0,1,0,2,3,13,4
750,B2,1,0,5,19,0,0,0,0,0,0,0,0,0,1,0,1,0,0,0
750,C1,20,3,2,0,0,0,0,0,0,0,0,0,0,1,0,2,0,0,0
765,A1,1,18,0,3,0,0,0,0,0,0,0,0,0,1,0,2,0,0,0
765,B0,0,2,20,7,0,0,0,0,0,0,0,0,0,1,0,1,0,0,0
765,B1,4,1,1,2,0,0,0,0,0,0,0,0,0,1,0,2,3,13,4
765,B2,1,0,6,20,0,0,0,0,0,0,0,0,0,1,0,1,0,0,0
765,C1,20,1,3,0,0,0,0,0,0,0,0,0,0,1,0,2,0,0,0
780,A1,5,17,0,2,0,0,0,0,0,0,0,0,0,0,1,2,0,0,0
780,B0,0,5,20,3,0,0,0,0,0,0,0,0,0,0,1,1,0,0,0
780,B1,2,1,1,1,0,0,0,0,0,0,0,0,0,0,1,2,3,13,4
780,B2,3,0,3,20,0,0,0,0,0,0,0,0,0,0,1,1,0,0,0
780,C1,20,2,3,0,0,0,0,0,0,0,0,0,0,0,1,2,0,0,0
795,A1,8,20,0,3,0,0,0,0,0,0,0,0,0,0,1,2,0,0,0
795,B0,0,6,20,2,0,0,0,0,0,0,0,0,0,0,1,1,0,0,0
795,B1,2,1,2,2,0,0,0,0,0,0,0,0,0,0,1,1,3,13,4
795,B2,4,0,1,17,0,0,0,0,0,0,0,0,0,0,1,1,0,0,0
795,C1,20,4,1,0,0,0,0,0,0,0,0,0,0,0,1,2,0,0,0
810,A1,7,20,0,3,0,0,0,0,0,0,0,0,0,1,0,2,0,0,0
810,B0,0,5,20,1,0,0,0,0,0,0,0,0,0,1,0,1,0,0,0
810,B1,4,3,1,1,0,0,0,0,0,0,0,0,0,1,0,2,3,13,4
810,B2,4,0,3,15,0,0,0,0,0,0,0,0,0,1,0,1,0,0,0
810,C1,20,2,2,0,0,0,0,0,0,0,0,0,0,1,0,2,0,0,0
825,A1,3,20,0,3,0,0,0,0,0,0,0,0,0,1,0,2,0,0,0
825,B0,0,1,20,1,0,0,0,0,0,0,0,0,0,1,0,1,0,0,0
825,B1,4,4,1,1,0,0,0,0,0,0,0,0,0,1,0,2,3,13,4
825,B2,1,0,4,19,0,0,0,0,0,0,0,0,0,1,0,1,0,0,0
825,C1,18,1,2,0,0,0,0,0,0,0,0,0,0,1,0,2,0,0,0
840,A1,4,20,0,3,0,0,0,0,0,0,0,0,0,0,1,2,0,0,0
840,B0,0,1,19,2,0,0,0,0,0,0,0,0,0,0,1,1,0,0,0
840,B1,2,1,1,2,0,0,0,0,0,0,0,0,0,0,1,1,3,13,4
840,B2,1,0,4,20,0,0,0,0,0,0,0,0,0,0,1,1,0,0,0
840,C1,15,2,2,0,0,0,0,0,0,0,0,0,0,0,1,2,0,0,0
855,A1,5,20,0,1,0,0,0,0,0,0,0,0,0,0,1,2,0,0,0
855,B0,0,2,17,7,0,0,0,0,0,0,0,0,0,0,1,1,0,0,0
855,B1,2,1,2,3,0,0,0,0,0,0,0,0,0,0,1,1,3,13,4
855,B2,3,0,5,19,0,0,0,0,0,0,0,0,0,0,1,1,0,0,0
855,C1,19,2,1,0,0,0,0,0,0,0,0,0,0,0,1,2,0,0,0
870,A1,7,20,0,1,0,0,0,0,0,0,0,0,0,0,1,2,0,0,0
870,B0,0,2,18,3,0,0,0,0,0,0,0,0,0,0,1,1,0,0,0
870,B1,5,1,1,1,0,0,0,0,0,0,0,0,0,0,1,2,3,13,4
870,B2,3,0,3,15,0,0,0,0,0,0,0,0,0,0,1,1,0,0,0
870,C1,20,4,3,0,0,0,0,0,0,0,0,0,0,0,1,2,0,0,0
885,A1,2,20,0,3,0,0,0,0,0,0,0,0,0,1,0,2,0,0,0
885,B0,0,1,20,4,0,0,0,0,0,0,0,0,0,1,0,1,0,0,0
885,B1,7,5,1,1,0,0,0,0,0,0,0,0,0,1,0,2,3,13,4
885,B2,1,0,8,17,0,0,0,0,0,0,0,0,0,1,0,1,0,0,0
885,C1,20,1,2,0,0,0,0,0,0,0,0,0,0,1,0,2,0,0,0
900,A1,1,21,0,5,0,0,0,0,0,0,0,0,0,1,0,2,0,0,0
900,B0,0,1,20,5,0,0,0,0,0,0,0,0,0,1,0,1,0,0,0
900,B1,6,5,2,1,0,0,0,0,0,0,0,0,0,1,0,2,3,13,4
900,B2,2,0,8,20,0,0,0,0,0,0,0,0,0,1,0,1,0,0,0
900,C1,18,1,2,0,0,0,0,0,0,0,0,0,0,1,0,2,0,0,0
915,A1,1,20,0,2,0,0,0,0,0,0,0,0,0,0,1,2,0,0,0
915,B0,0,3,20,3,0,0,0,0,0,0,0,0,0,0,1,1,0,0,0
915,B1,5,3,1,3,0,0,0,0,0,0,0,0,0,0,1,2,3,13,4
915,B2,4,0,6,20,0,0,0,0,0,0,0,0,0,0,1,1,0,0,0
915,C1,17,2,3,0,0,0,0,0,0,0,0,0,0,0,1,2,0,0,0
930,A1,2,20,0,3,0,0,0,0,0,0,0,0,0,0,1,2,0,0,0
930,B0,0,4,20,3,0,0,0,0,0,0,0,0,0,0,1,1,0,0,0
930,B1,6,3,1,1,0,0,0,0,0,0,0,0,0,0,1,2,3,13,4
930,B2,4,0,1,21,0,0,0,0,0,0,0,0,0,0,1,1,0,0,0
930,C1,20,2,1,0,0,0,0,0,0,0,0,0,0,0,1,2,0,0,0
945,A1,1,20,0,3,0,0,0,0,0,0,0,0,0,1,0,2,0,0,0
945,B0,0,1,18,1,0,0,0,0,0,0,0,0,0,1,0,1,0,0,0
945,B1,6,3,1,1,0,0,0,0,0,0,0,0,0,1,0,2,3,13,4
945,B2,2,0,2,20,0,0,0,0,0,0,0,0,0,1,0,1,0,0,0
945,C1,20,2,1,0,0,0,0,0,0,0,0,0,0,1,0,2,0,0,0
960,A1,1,17,0,3,0,0,0,0,0,0,0,0,0,1,0,2,0,0,0
960,B0,0,1,20,3,0,0,0,0,0,0,0,0,0,1,0,1,0,0,0
960,B1,7,1,1,1,0,0,0,0,0,0,0,0,0,1,0,2,3,13,4
960,B2,1,0,4,20,0,0,0,0,0,0,0,0,0,1,0,1,0,0,0
960,C1,14,1,2,0,0,0,0,0,0,0,0,0,0,1,0,2,0,0,0
975,A1,1,17,0,4,0,0,0,0,0,0,0,0,0,0,1,2,0,0,0
975,B0,0,3,20,2,0,0,0,0,0,0,0,0,0,0,1,1,0,0,0
975,B1,3,1,3,2,0,0,0,0,0,0,0,0,0,0,1,1,3,13,4
975,B2,3,0,5,20,0,0,0,0,0,0,0,0,0,0,1,1,0,0,0
975,C1,13,3,1,0,0,0,0,0,0,0,0,0,0,0,1,2,0,0,0
990,A1,2,19,0,2,0,0,0,0,0,0,0,0,0,0,1,2,0,0,0
990,B0,0,3,19,4,0,0,0,0,0,0,0,0,0,0,1,1,0,0,0
990,B1,3,1,2,3,0,0,0,0,0,0,0,0,0,0,1,1,3,13,4
990,B2,4,0,1,19,0,0,0,0,0,0,0,0,0,0,1,1,0,0,0
990,C1,19,8,1,0,0,0,0,0,0,0,0,0,0,0,1,2,0,0,0
1005,A1,1,20,0,2,0,0,0,0,0,0,0,0,0,1,0,2,0,0,0
1005,B0,0,2,19,1,0,0,0,0,0,0,0,0,0,1,0,1,0,0,0
1005,B1,3,2,1,1,0,0,0,0,0,0,0,0,0,1,0,2,3,13,4
1005,B2,5,0,2,17,0,0,0,0,0,0,0,0,0,1,0,1,0,0,0
1005,C1,20,9,2,0,0,0,0,0,0,0,0,0,0,1,0,2,0,0,0
1020,A1,5,19,0,2,0,0,0,0,0,0,0,0,0,1,0,2,0,0,0
1020,B0,0,1,20,1,0,0,0,0,0,0,0,0,0,1,0,1,0,0,0
1020,B1,1,6,1,1,0,0,0,0,0,0,0,0,0,1,0,2,3,13,4
1020,B2,3,0,3,19,0,0,0,0,0,0,0,0,0,1,0,1,0,0,0
1020,C1,20,4,4,0,0,0,0,0,0,0,0,0,0,1,0,2,0,0,0
1035,A1,1,19,0,5,0,0,0,0,0,0,0,0,0,1,0,2,0,0,0
1035,B0,0,1,20,4,0,0,0,0,0,0,0,0,0,1,0,1,0,0,0
1035,B1,1,2,1,2,0,0,0,0,0,0,0,0,0,1,0,1,3,13,4
1035,B2,2,0,5,20,0,0,0,0,0,0,0,0,0,1,0,1,0,0,0
1035,C1,19,4,5,0,0,0,0,0,0,0,0,0,0,1,0,2,0,0,0
1050,A1,3,20,0,4,0,0,0,0,0,0,0,0,0,0,1,2,0,0,0
1050,B0,0,1,20,1,0,0,0,0,0,0,0,0,0,0,1,1,0,0,0
1050,B1,1,2,2,2,0,0,0,0,0,0,0,0,0,0,1,1,3,13,4
1050,B2,2,0,3,19,0,0,0,0,0,0,0,0,0,0,1,1,0,0,0
1050,C1,20,3,1,0,0,0,0,0,0,0,0,0,0,0,1,2,0,0,0
1065,A1,4,20,0,1,0,0,0,0,0,0,0,0,0,0,1,2,0,0,0
1065,B0,0,3,20,1,0,0,0,0,0,0,0,0,0,0,1,1,0,0,0
1065,B1,1,3,1,1,0,0,0,0,0,0,0,0,0,0,1,2,3,13,4
1065,B2,3,0,1,18,0,0,0,0,0,0,0,0,0,0,1,1,0,0,0
1065,C1,20,4,2,0,0,0,0,0,0,0,0,0,0,0,1,2,0,0,0
1080,A1,2,20,0,2,0,0,0,0,0,0,0,0,0,1,0,2,0,0,0
1080,B0,0,1,19,5,0,0,0,0,0,0,0,0,0,1,0,1,0,0,0
1080,B1,2,1,1,1,0,0,0,0,0,0,0,0,0,1,0,2,3,13,4
1080,B2,1,0,1,19,0,0,0,0,0,0,0,0,0,1,0,1,0,0,0
1080,C1,20,4,3,0,0,0,0,0,0,0,0,0,0,1,0,2,0,0,0
1095,A1,3,19,0,3,0,0,0,0,0,0,0,0,0,1,0,2,0,0,0
1095,B0,0,2,20,7,0,0,0,0,0,0,0,0,0,1,0,1,0,0,0
1095,B1,1,1,1,1,0,0,0,0,0,0,0,0,0,1,0,1,3,13,4
1095,B2,1,0,2,20,0,0,0,0,0,0,0,0,0,1,0,1,0,0,0
1095,C1,19,1,4,0,0,0,0,0,0,0,0,0,0,1,0,2,0,0,0
1110,A1,2,18,0,2,0,0,0,0,0,0,0,0,0,0,1,2,0,0,0
1110,B0,0,6,20,5,0,0,0,0,0,0,0,0,0,0,1,1,0,0,0
1110,B1,1,1,3,2,0,0,0,0,0,0,0,0,0,0,1,1,3,13,4
1110,B2,3,0,2,20,0,0,0,0,0,0,0,0,0,0,1,1,0,0,0
1110,C1,17,3,2,0,0,0,0,0,0,0,0,0,0,0,1,2,0,0,0
1125,A1,4,20,0,2,0,0,0,0,0,0,0,0,0,0,1,2,0,0,0
1125,B0,0,5,20,2,0,0,0,0,0,0,0,0,0,0,1,1,0,0,0
1125,B1,2,1,1,2,0,0,0,0,0,0,0,0,0,0,1,1,3,13,4
1125,B2,4,0,3,18,0,0,0,0,0,0,0,0,0,0,1,1,0,0,0
1125,C1,20,3,1,0,0,0,0,0,0,0,0,0,0,0,1,2,0,0,0
1140,A1,3,20,0,1,0,0,0,0,0,0,0,0,0,1,0,2,0,0,0
1140,B0,0,4,20,4,0,0,0,0,0,0,0,0,0,1,0,1,0,0,0
1140,B1,3,1,1,1,0,0,0,0,0,0,0,0,0,1,0,2,3,13,4
1140,B2,5,0,3,18,0,0,0,0,0,0,0,0,0,1,0,1,1,8,1
1140,C1,20,4,1,0,0,0,0,0,0,0,0,0,0,1,0,2,0,0,0
1155,A1,3,19,0,2,0,0,0,0,0,0,0,0,0,1,0,2,0,0,0
1155,B0,0,1,20,4,0,0,0,0,0,0,0,0,0,1,0,1,0,0,0
1155,B1,1,2,1,2,0,0,0,0,0,0,0,0,0,1,0,1,3,13,4
1155,B2,1,0,4,20,0,0,0,0,0,0,0,0,0,1,0,1,1,8,1
1155,C1,20,1,4,0,0,0,0,0,0,0,0,0,0,1,0,2,0,0,0
1170,A1,2,18,0,2,0,0,0,0,0,0,0,0,0,0,1,2,0,0,0
1170,B0,0,1,20,4,0,0,0,0,0,0,0,0,0,0,1,1,0,0,0
1170,B1,1,1,1,2,0,0,0,0,0,0,0,0,0,0,1,1,3,13,4
1170,B2,3,0,6,20,0,0,0,0,0,0,0,0,0,0,1,1,1,8,1
1170,C1,19,3,4,0,0,0,0,0,0,0,0,0,0,0,1,2,0,0,0
1185,A1,4,19,0,1,0,0,0,0,0,0,0,0,0,0,1,2,0,0,0
1185,B0,0,2,19,1,0,0,0,0,0,0,0,0,0,0,1,1,0,0,0
1185,B1,1,1,2,2,0,0,0,0,0,0,0,0,0,0,1,1,3,13,4
1185,B2,2,0,1,20,0,0,0,0,0,0,0,0,0,0,1,1,1,8,1
1185,C1,19,3,2,0,0,0,0,0,0,0,0,0,0,0,1,2,0,0,0
1200,A1,7,20,0,5,0,0,0,0,0,0,0,0,0,0,1,2,0,0,0
1200,B0,0,2,16,2,0,0,0,0,0,0,0,0,0,0,1,1,0,0,0
1200,B1,1,1,1,1,0,0,0,0,0,0,0,0,0,0,1,1,3,13,4
1200,B2,3,0,2,18,0,0,0,0,0,0,0,0,0,0,1,1,1,8,1
1200,C1,20,5,2,0,0,0,0,0,0,0,0,0,0,0,1,2,0,0,0
1215,A1,3,20,0,6,0,0,0,0,0,0,0,0,0,1,0,2,0,0,0
1215,B0,0,2,17,3,0,0,0,0,0,0,0,0,0,1,0,1,0,0,0
1215,B1,3,3,1,1,0,0,0,0,0,0,0,0,0,1,0,2,3,13,4
1215,B2,1,0,3,19,0,0,0,0,0,0,0,0,0,1,0,1,1,8,1
1215,C1,19,1,2,0,0,0,0,0,0,0,0,0,0,1,0,2,0,0,0
1230,A1,5,17,0,6,0,0,0,0,0,0,0,0,0,1,0,2,0,0,0
1230,B0,0,1,20,4,0,0,0,0,0,0,0,0,0,1,0,1,0,0,0
1230,B1,1,2,3,3,0,0,0,0,0,0,0,0,0,1,0,1,3,13,4
1230,B2,1,0,4,20,0,0,0,0,0,0,0,0,0,1,0,1,1,8,1
1230,C1,17,3,2,0,0,0,0,0,0,0,0,0,0,1,0,2,0,0,0
1245,A1,2,18,0,2,0,0,0,0,0,0,0,0,0,0,1,2,0,0,0
1245,B0,0,3,20,6,0,0,0,0,0,0,0,0,0,0,1,1,0,0,0
1245,B1,1,1,5,1,0,0,0,0,0,0,0,0,0,0,1,1,4,15,5
1245,B2,1,0,1,20,0,0,0,0,0,0,0,0,0,0,1,1,1,8,1
1245,C1,18,5,1,0,0,0,0,0,0,0,0,0,0,0,1,2,0,0,0
1260,A1,4,20,0,1,0,0,0,0,0,0,0,0,0,0,1,2,0,0,0
1260,B0,0,4,17,1,0,0,0,0,0,0,0,0,0,0,1,1,0,0,0
1260,B1,1,1,4,1,0,0,0,0,0,0,0,0,0,0,1,1,4,15,5
1260,B2,3,0,1,16,0,0,0,0,0,0,0,0,0,0,1,1,1,8,1
1260,C1,20,6,1,0,0,0,0,0,0,0,0,0,0,0,1,2,0,0,0
1275,A1,3,20,0,1,0,0,0,0,0,0,0,0,0,1,0,2,0,0,0
1275,B0,0,1,17,2,0,0,0,0,0,0,0,0,0,1,0,1,0,0,0
1275,B1,2,4,3,1,0,0,0,0,0,0,0,0,0,1,0,2,4,15,5
1275,B2,1,0,2,15,0,0,0,0,0,0,0,0,0,1,0,1,1,8,1
1275,C1,20,3,1,0,0,0,0,0,0,0,0,0,0,1,0,2,0,0,0
1290,A1,3,18,0,1,0,0,0,0,0,0,0,0,0,1,0,2,0,0,0
1290,B0,0,1,20,2,0,0,0,0,0,0,0,0,0,1,0,1,0,0,0
1290,B1,2,4,3,2,0,0,0,0,0,0,0,0,0,1,0,2,4,15,5
1290,B2,2,0,4,20,0,0,0,0,0,0,0,0,0,1,0,1,1,8,1
1290,C1,18,3,2,0,0,0,0,0,0,0,0,0,0,1,0,2,0,0,0
1305,A1,2,18,0,1,0,0,0,0,0,0,0,0,0,0,1,2,0,0,0
1305,B0,0,1,20,2,0,0,0,0,0,0,0,0,0,0,1,1,0,0,0
1305,B1,1,1,4,1,0,0,0,0,0,0,0,0,0,0,1,1,4,15,5
1305,B2,2,0,3,20,0,0,0,0,0,0,0,0,0,0,1,1,1,8,1
1305,C1,17,3,1,0,0,0,0,0,0,0,0,0,0,0,1,2,0,0,0
1320,A1,3,19,0,4,0,0,0,0,0,0,0,0,0,0,1,2,0,0,0
1320,B0,0,2,18,3,0,0,0,0,0,0,0,0,0,0,1,1,0,0,0
1320,B1,1,1,7,3,0,0,0,0,0,0,0,0,0,0,1,1,4,15,5
1320,B2,4,0,1,18,0,0,0,0,0,0,0,0,0,0,1,1,1,8,1
1320,C1,19,3,1,0,0,0,0,0,0,0,0,0,0,0,1,2,0,0,0
1335,A1,4,20,0,4,0,0,0,0,0,0,0,0,0,1,0,2,0,0,0
1335,B0,0,3,17,2,0,0,0,0,0,0,0,0,0,1,0,1,0,0,0
1335,B1,3,1,2,1,0,0,0,0,0,0,0,0,0,1,0,2,4,15,5
1335,B2,3,0,1,15,0,0,0,0,0,0,0,0,0,1,0,1,1,8,1
1335,C1,20,5,3,0,0,0,0,0,0,0,0,0,0,1,0,2,0,0,0
1350,A1,1,20,0,5,0,0,0,0,0,0,0,0,0,1,0,2,0,0,0
1350,B0,0,3,19,3,0,0,0,0,0,0,0,0,0,1,0,1,0,0,0
1350,B1,2,2,2,1,0,0,0,0,0,0,0,0,0,1,0,2,4,15,5
1350,B2,4,0,3,18,0,0,0,0,0,0,0,0,0,1,0,1,1,8,1
1350,C1,19,2,3,0,0,0,0,0,0,0,0,0,0,1,0,2,0,0,0
1365,A1,1,16,0,7,0,0,0,0,0,0,0,0,0,1,0,2,0,0,0
1365,B0,0,2,20,6,0,0,0,0,0,0,0,0,0,1,0,1,0,0,0
1365,B1,1,1,3,2,0,0,0,0,0,0,0,0,0,1,0,1,4,15,5
1365,B2,2,0,3,20,0,0,0,0,0,0,0,0,0,1,0,1,1,8,1
1365,C1,14,1,4,0,0,0,0,0,0,0,0,0,0,1,0,2,0,0,0
1380,A1,2,18,0,2,0,0,0,0,0,0,0,0,0,0,1,2,0,0,0
1380,B0,0,4,20,1,0,0,0,0,0,0,0,0,0,0,1,1,0,0,0
1380,B1,1,1,2,2,0,0,0,0,0,0,0,0,0,0,1,1,4,15,5
1380,B2,2,0,1,20,0,0,0,0,0,0,0,0,0,0,1,1,1,8,1
1380,C1,17,1,3,0,0,0,0,0,0,0,0,0,0,0,1,2,0,0,0
1395,A1,4,20,0,2,0,0,0,0,0,0,0,0,0,0,1,2,0,0,0
1395,B0,0,4,18,1,0,0,0,0,0,0,0,0,0,0,1,1,0,0,0
1395,B1,2,2,2,2,0,0,0,0,0,0,0,0,0,0,1,1,4,15,5
1395,B2,2,0,5,18,0,0,0,0,0,0,0,0,0,0,1,1,1,8,1
1395,C1,20,3,3,0,0,0,0,0,0,0,0,0,0,0,1,2,0,0,0
1410,A1,2,20,0,3,0,0,0,0,0,0,0,0,0,1,0,2,0,0,0
1410,B0,0,2,19,3,0,0,0,0,0,0,0,0,0,1,0,1,0,0,0
1410,B1,5,2,1,1,0,0,0,0,0,0,0,0,0,1,0,2,4,15,5
1410,B2,1,0,3,17,0,0,0,0,0,0,0,0,0,1,0,1,1,8,1
1410,C1,19,6,3,0,0,0,0,0,0,0,0,0,0,1,0,2,0,0,0
1425,A1,2,19,0,4,0,0,0,0,0,0,0,0,0,1,0,2,0,0,0
1425,B0,0,1,20,5,0,0,0,0,0,0,0,0,0,1,0,1,0,0,0
1425,B1,1,1,2,3,0,0,0,0,0,0,0,0,0,1,0,1,4,15,5
1425,B2,3,0,4,20,0,0,0,0,0,0,0,0,0,1,0,1,1,8,1
1425,C1,18,1,4,0,0,0,0,0,0,0,0,0,0,1,0,2,0,0,0
1440,A1,1,19,0,1,0,0,0,0,0,0,0,0,0,0,1,2,0,0,0
1440,B0,0,2,20,3,0,0,0,0,0,0,0,0,0,0,1,1,0,0,0
1440,B1,1,1,2,2,0,0,0,0,0,0,0,0,0,0,1,1,4,15,5
1440,B2,3,0,3,20,0,0,0,0,0,0,0,0,0,0,1,1,1,8,1
1440,C1,19,2,2,0,0,0,0,0,0,0,0,0,0,0,1,2,0,0,0
1455,A1,3,20,0,1,0,0,0,0,0,0,0,0,0,0,1,2,0,0,0
1455,B0,0,3,19,1,0,0,0,0,0,0,0,0,0,0,1,1,0,0,0
1455,B1,2,1,1,2,0,0,0,0,0,0,0,0,0,0,1,1,4,15,5
1455,B2,4,0,2,17,0,0,0,0,0,0,0,0,0,0,1,1,1,8,1
1455,C1,20,3,1,0,0,0,0,0,0,0,0,0,0,0,1,2,0,0,0
1470,A1,1,20,0,3,0,0,0,0,0,0,0,0,0,1,0,2,0,0,0
1470,B0,0,4,19,2,0,0,0,0,0,0,0,0,0,1,0,1,0,0,0
1470,B1,2,4,1,1,0,0,0,0,0,0,0,0,0,1,0,2,5,16,6
1470,B2,2,0,1,15,0,0,0,0,0,0,0,0,0,1,0,1,1,8,1
1470,C1,20,1,1,0,0,0,0,0,0,0,0,0,0,1,0,2,0,0,0
1485,A1,2,19,0,3,0,0,0,0,0,0,0,0,0,1,0,2,0,0,0
1485,B0,0,1,19,2,0,0,0,0,0,0,0,0,0,1,0,1,0,0,0
1485,B1,2,2,1,1,0,0,0,0,0,0,0,0,0,1,0,2,5,16,6
1485,B2,1,0,3,19,0,0,0,0,0,0,0,0,0,1,0,1,1,8,1
1485,C1,16,1,1,0,0,0,0,0,0,0,0,0,0,1,0,2,0,0,0
1500,A1,2,16,0,3,0,0,0,0,0,0,0,0,0,0,1,2,0,0,0
1500,B0,0,3,20,4,0,0,0,0,0,0,0,0,0,0,1,1,0,0,0
1500,B1,1,1,1,3,0,0,0,0,0,0,0,0,0,0,1,1,5,16,6
1500,B2,3,0,2,20,0,0,0,0,0,0,0,0,0,0,1,1,1,8,1
1500,C1,15,3,2,0,0,0,0,0,0,0,0,0,0,0,1,2,0,0,0
1515,A1,5,18,0,1,0,0,0,0,0,0,0,0,0,0,1,2,0,0,0
1515,B0,0,3,21,1,0,0,0,0,0,0,0,0,0,0,1,1,0,0,0
1515,B1,1,1,4,5,0,0,0,0,0,0,0,0,0,0,1,1,5,16,6
1515,B2,4,0,1,17,0,0,0,0,0,0,0,0,0,0,1,1,1,8,1
1515,C1,20,5,3,0,0,0,0,0,0,0,0,0,0,0,1,2,0,0,0
1530,A1,8,20,0,1,0,0,0,0,0,0,0,0,0,0,1,2,0,0,0
1530,B0,0,4,18,2,0,0,0,0,0,0,0,0,0,0,1,1,0,0,0
1530,B1,1,4,1,2,0,0,0,0,0,0,0,0,0,0,1,2,5,16,6
1530,B2,6,0,1,16,0,0,0,0,0,0,0,0,0,0,1,1,1,8,1
1530,C1,20,6,1,0,0,0,0,0,0,0,0,0,0,0,1,2,0,0,0
1545,A1,4,20,0,1,0,0,0,0,0,0,0,0,0,1,0,2,0,0,0
1545,B0,0,1,19,2,0,0,0,0,0,0,0,0,0,1,0,1,0,0,0
1545,B1,1,4,1,2,0,0,0,0,0,0,0,0,0,1,0,2,5,16,6
1545,B2,2,0,1,19,0,0,0,0,0,0,0,0,0,1,0,1,2,17,4
1545,C1,20,3,2,0,0,0,0,0,0,0,0,0,0,1,0,2,0,0,0
1560,A1,1,20,0,3,0,0,0,0,0,0,0,0,0,1,0,2,0,0,0
1560,B0,0,3,20,3,0,0,0,0,0,0,0,0,0,1,0,1,0,0,0
1560,B1,1,1,1,3,0,0,0,0,0,0,0,0,0,1,0,1,5,16,6
1560,B2,2,0,3,20,0,0,0,0,0,0,0,0,0,1,0,1,2,17,4
1560,C1,18,1,4,0,0,0,0,0,0,0,0,0,0,1,0,2,0,0,0
1575,A1,2,20,0,1,0,0,0,0,0,0,0,0,0,0,1,2,0,0,0
1575,B0,0,4,21,1,0,0,0,0,0,0,0,0,0,0,1,1,0,0,0
1575,B1,1,1,2,3,0,0,0,0,0,0,0,0,0,0,1,1,5,16,6
1575,B2,2,0,1,20,0,0,0,0,0,0,0,0,0,0,1,1,2,17,4
1575,C1,18,1,2,0,0,0,0,0,0,0,0,0,0,0,1,2,0,0,0
1590,A1,3,20,0,1,0,0,0,0,0,0,0,0,0,0,1,2,0,0,0
1590,B0,0,5,18,1,0,0,0,0,0,0,0,0,0,0,1,1,0,0,0
1590,B1,2,1,1,4,0,0,0,0,0,0,0,0,0,0,1,1,5,16,6
1590,B2,2,0,4,18,0,0,0,0,0,0,0,0,0,0,1,1,2,17,4
1590,C1,20,2,1,0,0,0,0,0,0,0,0,0,0,0,1,2,0,0,0
1605,A1,2,20,0,2,0,0,0,0,0,0,0,0,0,1,0,2,0,0,0
1605,B0,0,4,18,4,0,0,0,0,0,0,0,0,0,1,0,1,0,0,0
1605,B1,1,2,1,1,0,0,0,0,0,0,0,0,0,1,0,2,5,16,6
1605,B2,2,0,2,17,0,0,0,0,0,0,0,0,0,1,0,1,2,17,4
1605,C1,19,1,2,0,0,0,0,0,0,0,0,0,0,1,0,2,0,0,0
1620,A1,3,17,0,4,0,0,0,0,0,0,0,0,0,1,0,2,0,0,0
1620,B0,0,1,20,6,0,0,0,0,0,0,0,0,0,1,0,1,0,0,0
1620,B1,2,2,1,1,0,0,0,0,0,0,0,0,0,1,0,2,5,16,6
1620,B2,2,0,6,20,0,0,0,0,0,0,0,0,0,1,0,1,2,17,4
1620,C1,15,1,2,0,0,0,0,0,0,0,0,0,0,1,0,2,0,0,0
1635,A1,2,17,0,2,0,0,0,0,0,0,0,0,0,0,1,2,0,0,0
1635,B0,0,4,20,7,0,0,0,0,0,0,0,0,0,0,1,1,0,0,0
1635,B1,1,1,2,2,0,0,0,0,0,0,0,0,0,0,1,1,5,16,6
1635,B2,1,0,6,20,0,0,0,0,0,0,0,0,0,0,1,1,2,17,4
1635,C1,17,1,1,0,0,0,0,0,0,0,0,0,0,0,1,2,0,0,0
1650,A1,3,20,0,2,0,0,0,0,0,0,0,0,0,0,1,2,0,0,0
1650,B0,0,5,20,2,0,0,0,0,0,0,0,0,0,0,1,1,0,0,0
1650,B1,1,1,2,1,0,0,0,0,0,0,0,0,0,0,1,1,5,16,6
1650,B2,2,0,3,20,0,0,0,0,0,0,0,0,0,0,1,1,2,17,4
1650,C1,20,3,1,0,0,0,0,0,0,0,0,0,0,0,1,2,0,0,0
1665,A1,5,20,0,2,0,0,0,0,0,0,0,0,0,1,0,2,0,0,0
1665,B0,0,4,20,1,0,0,0,0,0,0,0,0,0,1,0,1,0,0,0
1665,B1,1,1,1,1,0,0,0,0,0,0,0,0,0,1,0,1,5,16,6
1665,B2,3,0,1,17,0,0,0,0,0,0,0,0,0,1,0,1,2,17,4
1665,C1,20,3,1,0,0,0,0,0,0,0,0,0,0,1,0,2,0,0,0
1680,A1,3,20,0,3,0,0,0,0,0,0,0,0,0,1,0,2,0,0,0
1680,B0,0,1,20,2,0,0,0,0,0,0,0,0,0,1,0,1,0,0,0
1680,B1,3,1,1,1,0,0,0,0,0,0,0,0,0,1,0,2,5,16,6
1680,B2,1,0,1,18,0,0,0,0,0,0,0,0,0,1,0,1,2,17,4
1680,C1,20,1,3,0,0,0,0,0,0,0,0,0,0,1,0,2,0,0,0
1695,A1,1,19,0,3,0,0,0,0,0,0,0,0,0,1,0,2,0,0,0
1695,B0,0,3,20,3,0,0,0,0,0,0,0,0,0,1,0,1,0,0,0
1695,B1,1,1,2,4,0,0,0,0,0,0,0,0,0,1,0,1,5,16,6
1695,B2,1,0,4,20,0,0,0,0,0,0,0,0,0,1,0,1,2,17,4
1695,C1,17,1,4,0,0,0,0,0,0,0,0,0,0,1,0,2,0,0,0
1710,A1,4,20,0,2,0,0,0,0,0,0,0,0,0,0,1,2,0,0,0
1710,B0,0,3,20,1,0,0,0,0,0,0,0,0,0,0,1,1,0,0,0
1710,B1,1,1,2,1,0,0,0,0,0,0,0,0,0,0,1,1,6,18,7
1710,B2,1,0,5,20,0,0,0,0,0,0,0,0,0,0,1,1,2,17,4
1710,C1,17,2,1,0,0,0,0,0,0,0,0,0,0,0,1,2,0,0,0
1725,A1,8,20,0,2,0,0,0,0,0,0,0,0,0,0,1,2,0,0,0
1725,B0,0,4,16,1,0,0,0,0,0,0,0,0,0,0,1,1,0,0,0
1725,B1,2,2,1,1,0,0,0,0,0,0,0,0,0,0,1,2,6,18,7
1725,B2,1,0,2,20,0,0,0,0,0,0,0,0,0,0,1,1,2,17,4
1725,C1,20,5,1,0,0,0,0,0,0,0,0,0,0,0,1,2,0,0,0
1740,A1,6,20,0,2,0,0,0,0,0,0,0,0,0,1,0,2,0,0,0
1740,B0,0,1,17,2,0,0,0,0,0,0,0,0,0,1,0,1,0,0,0
1740,B1,2,2,1,1,0,0,0,0,0,0,0,0,0,1,0,2,7,19,8
1740,B2,2,0,4,19,0,0,0,0,0,0,0,0,0,1,0,1,2,17,4
1740,C1,20,2,3,0,0,0,0,0,0,0,0,0,0,1,0,2,0,0,0
1755,A1,1,20,0,3,0,0,0,0,0,0,0,0,0,1,0,2,0,0,0
1755,B0,0,2,20,3,0,0,0,0,0,0,0,0,0,1,0,1,0,0,0
1755,B1,1,1,1,3,0,0,0,0,0,0,0,0,0,1,0,1,7,19,8
1755,B2,4,0,6,20,0,0,0,0,0,0,0,0,0,1,0,1,2,17,4
1755,C1,20,3,3,0,0,0,0,0,0,0,0,0,0,1,0,2,0,0,0
1770,A1,4,20,0,2,0,0,0,0,0,0,0,0,0,0,1,2,0,0,0
1770,B0,0,3,20,1,0,0,0,0,0,0,0,0,0,0,1,1,0,0,0
1770,B1,1,1,1,1,0,0,0,0,0,0,0,0,0,0,1,1,7,19,8
1770,B2,4,0,5,20,0,0,0,0,0,0,0,0,0,0,1,1,2,17,4
1770,C1,19,4,1,0,0,0,0,0,0,0,0,0,0,0,1,2,0,0,0
1785,A1,5,20,0,1,0,0,0,0,0,0,0,0,0,0,1,2,0,0,0
1785,B0,0,4,16,3,0,0,0,0,0,0,0,0,0,0,1,1,0,0,0
1785,B1,1,1,3,1,0,0,0,0,0,0,0,0,0,0,1,1,7,19,8
1785,B2,4,0,4,20,0,0,0,0,0,0,0,0,0,0,1,1,2,17,4
1785,C1,20,6,1,0,0,0,0,0,0,0,0,0,0,0,1,2,0,0,0
1800,A1,5,20,0,2,0,0,0,0,0,0,0,0,0,1,0,2,0,0,0
1800,B0,0,3,16,1,0,0,0,0,0,0,0,0,0,1,0,1,0,0,0
1800,B1,1,3,2,1,0,0,0,0,0,0,0,0,0,1,0,2,7,19,8
1800,B2,2,0,3,19,0,0,0,0,0,0,0,0,0,1,0,1,2,17,4
1800,C1,20,1,1,0,0,0,0,0,0,0,0,0,0,1,0,2,0,0,0
1815,A1,2,19,0,3,0,0,0,0,0,0,0,0,0,1,0,2,0,0,0
1815,B0,0,1,20,2,0,0,0,0,0,0,0,0,0,1,0,1,0,0,0
1815,B1,3,2,2,1,0,0,0,0,0,0,0,0,0,1,0,2,7,19,8
1815,B2,1,0,5,20,0,0,0,0,0,0,0,0,0,1,0,1,2,17,4
1815,C1,17,1,3,0,0,0,0,0,0,0,0,0,0,1,0,2,0,0,0
1830,A1,1,20,0,2,0,0,0,0,0,0,0,0,0,0,1,2,0,0,0
1830,B0,0,1,20,2,0,0,0,0,0,0,0,0,0,0,1,1,0,0,0
1830,B1,1,1,3,3,0,0,0,0,0,0,0,0,0,0,1,1,7,19,8
1830,B2,2,0,7,20,0,0,0,0,0,0,0,0,0,0,1,1,2,17,4
1830,C1,14,3,4,0,0,0,0,0,0,0,0,0,0,0,1,2,0,0,0
1845,A1,4,20,0,1,0,0,0,0,0,0,0,0,0,0,1,2,0,0,0
1845,B0,0,4,17,1,0,0,0,0,0,0,0,0,0,0,1,1,0,0,0
1845,B1,1,1,6,2,0,0,0,0,0,0,0,0,0,0,1,1,7,19,8
1845,B2,3,0,1,20,0,0,0,0,0,0,0,0,0,0,1,1,2,17,4
1845,C1,19,4,1,0,0,0,0,0,0,0,0,0,0,0,1,2,0,0,0
1860,A1,5,20,0,2,0,0,0,0,0,0,0,0,0,0,1,2,0,0,0
1860,B0,0,6,13,1,0,0,0,0,0,0,0,0,0,0,1,1,0,0,0
1860,B1,2,3,6,1,0,0,0,0,0,0,0,0,0,0,1,1,7,19,8
1860,B2,4,0,2,18,0,0,0,0,0,0,0,0,0,0,1,1,2,17,4
1860,C1,20,7,1,0,0,0,0,0,0,0,0,0,0,0,1,2,0,0,0
1875,A1,1,20,0,4,0,0,0,0,0,0,0,0,0,1,0,2,0,0,0
1875,B0,0,3,18,1,0,0,0,0,0,0,0,0,0,1,0,1,0,0,0
1875,B1,3,2,6,1,0,0,0,0,0,0,0,0,0,1,0,1,7,19,8
1875,B2,1,0,3,19,0,0,0,0,0,0,0,0,0,1,0,1,2,17,4
1875,C1,20,2,2,0,0,0,0,0,0,0,0,0,0,1,0,2,0,0,0
1890,A1,3,19,0,5,0,0,0,0,0,0,0,0,0,1,0,2,0,0,0
1890,B0,0,2,20,2,0,0,0,0,0,0,0,0,0,1,0,1,0,0,0
1890,B1,2,1,6,1,0,0,0,0,0,0,0,0,0,1,0,1,7,19,8
1890,B2,1,0,4,20,0,0,0,0,0,0,0,0,0,1,0,1,2,17,4
1890,C1,20,2,3,0,0,0,0,0,0,0,0,0,0,1,0,2,0,0,0
1905,A1,1,19,0,1,0,0,0,0,0,0,0,0,0,0,1,2,0,0,0
1905,B0,0,2,20,1,0,0,0,0,0,0,0,0,0,0,1,1,0,0,0
1905,B1,2,1,6,1,0,0,0,0,0,0,0,0,0,0,1,1,7,19,8
1905,B2,1,0,1,20,0,0,0,0,0,0,0,0,0,0,1,1,2,17,4
1905,C1,19,4,3,0,0,0,0,0,0,0,0,0,0,0,1,2,0,0,0
1920,A1,1,20,0,1,0,0,0,0,0,0,0,0,0,0,1,2,0,0,0
1920,B0,0,3,17,2,0,0,0,0,0,0,0,0,0,0,1,1,0,0,0
1920,B1,2,2,3,1,0,0,0,0,0,0,0,0,0,0,1,1,7,19,8
1920,B2,3,0,2,19,0,0,0,0,0,0,0,0,0,0,1,1,2,17,4
1920,C1,20,4,1,0,0,0,0,0,0,0,0,0,0,0,1,2,0,0,0
1935,A1,1,21,0,2,0,0,0,0,0,0,0,0,0,1,0,2,0,0,0
1935,B0,0,1,17,3,0,0,0,0,0,0,0,0,0,1,0,1,0,0,0
1935,B1,1,2,2,1,0,0,0,0,0,0,0,0,0,1,0,1,7,19,8
1935,B2,2,0,4,18,0,0,0,0,0,0,0,0,0,1,0,1,2,17,4
1935,C1,20,3,1,0,0,0,0,0,0,0,0,0,0,1,0,2,0,0,0
1950,A1,2,19,0,2,0,0,0,0,0,0,0,0,0,1,0,2,0,0,0
1950,B0,0,1,20,5,0,0,0,0,0,0,0,0,0,1,0,1,0,0,0
1950,B1,2,2,2,1,0,0,0,0,0,0,0,0,0,1,0,2,7,19,8
1950,B2,2,0,7,20,0,0,0,0,0,0,0,0,0,1,0,1,2,17,4
1950,C1,21,3,1,0,0,0,0,0,0,0,0,0,0,1,0,2,0,0,0
1965,A1,2,17,0,1,0,0,0,0,0,0,0,0,0,0,1,2,0,0,0
1965,B0,0,1,20,3,0,0,0,0,0,0,0,0,0,0,1,1,0,0,0
1965,B1,1,1,2,2,0,0,0,0,0,0,0,0,0,0,1,1,7,19,8
1965,B2,1,0,6,20,0,0,0,0,0,0,0,0,0,0,1,1,2,17,4
1965,C1,20,4,1,0,0,0,0,0,0,0,0,0,0,0,1,2,1,4,1
1980,A1,4,19,0,1,0,0,0,0,0,0,0,0,0,0,1,2,0,0,0
1980,B0,0,1,19,1,0,0,0,0,0,0,0,0,0,0,1,1,0,0,0
1980,B1,2,1,3,4,0,0,0,0,0,0,0,0,0,0,1,1,7,19,8
1980,B2,2,0,2,20,0,0,0,0,0,0,0,0,0,0,1,1,2,17,4
1980,C1,20,4,1,0,0,0,0,0,0,0,0,0,0,0,1,2,1,4,1
1995,A1,3,20,0,1,0,0,0,0,0,0,0,0,0,1,0,2,0,0,0
1995,B0,0,1,19,2,0,0,0,0,0,0,0,0,0,1,0,1,0,0,0
1995,B1,4,1,1,1,0,0,0,0,0,0,0,0,0,1,0,2,8,23,9
1995,B2,2,0,2,20,0,0,0,0,0,0,0,0,0,1,0,1,2,17,4
1995,C1,20,7,1,0,0,0,0,0,0,0,0,0,0,1,0,2,1,4,1
2010,A1,2,20,0,2,0,0,0,0,0,0,0,0,0,1,0,2,0,0,0
2010,B0,0,2,19,3,0,0,0,0,0,0,0,0,0,1,0,1,0,0,0
2010,B1,2,1,1,1,0,0,0,0,0,0,0,0,0,1,0,2,8,23,9
2010,B2,3,0,3,20,0,0,0,0,0,0,0,0,0,1,0,1,2,17,4
2010,C1,20,3,1,0,0,0,0,0,0,0,0,0,0,1,0,2,1,4,1
2025,A1,1,20,0,3,0,0,0,0,0,0,0,0,0,1,0,2,0,0,0
2025,B0,0,1,19,5,0,0,0,0,0,0,0,0,0,1,0,1,0,0,0
2025,B1,1,1,3,1,0,0,0,0,0,0,0,0,0,1,0,1,8,23,9
2025,B2,1,0,4,20,0,0,0,0,0,0,0,0,0,1,0,1,2,17,4
2025,C1,19,3,3,0,0,0,0,0,0,0,0,0,0,1,0,2,1,4,1
2040,A1,3,20,0,1,0,0,0,0,0,0,0,0,0,0,1,2,0,0,0
2040,B0,0,2,20,1,0,0,0,0,0,0,0,0,0,0,1,1,0,0,0
2040,B1,1,1,1,2,0,0,0,0,0,0,0,0,0,0,1,1,8,23,9
2040,B2,1,0,3,20,0,0,0,0,0,0,0,0,0,0,1,1,2,17,4
2040,C1,19,6,1,0,0,0,0,0,0,0,0,0,0,0,1,2,1,4,1
2055,A1,6,20,0,1,0,0,0,0,0,0,0,0,0,0,1,2,0,0,0
2055,B0,0,3,21,2,0,0,0,0,0,0,0,0,0,0,1,1,0,0,0
2055,B1,1,2,1,1,0,0,0,0,0,0,0,0,0,0,1,2,8,23,9
2055,B2,4,0,2,20,0,0,0,0,0,0,0,0,0,0,1,1,2,17,4
2055,C1,20,9,1,0,0,0,0,0,0,0,0,0,0,0,1,2,1,4,1
2070,A1,3,20,0,2,0,0,0,0,0,0,0,0,0,1,0,2,0,0,0
2070,B0,0,2,20,4,0,0,0,0,0,0,0,0,0,1,0,1,0,0,0
2070,B1,3,2,1,1,0,0,0,0,0,0,0,0,0,1,0,2,8,23,9
2070,B2,1,0,2,19,0,0,0,0,0,0,0,0,0,1,0,1,2,17,4
2070,C1,20,6,1,0,0,0,0,0,0,0,0,0,0,1,0,2,1,4,1
2085,A1,3,19,0,2,0,0,0,0,0,0,0,0,0,1,0,2,0,0,0
2085,B0,0,1,20,5,0,0,0,0,0,0,0,0,0,1,0,1,0,0,0
2085,B1,1,1,3,3,0,0,0,0,0,0,0,0,0,1,0,1,8,23,9
2085,B2,2,0,3,20,0,0,0,0,0,0,0,0,0,1,0,1,2,17,4
2085,C1,21,3,2,0,0,0,0,0,0,0,0,0,0,1,0,2,1,4,1
2100,A1,2,19,0,2,0,0,0,0,0,0,0,0,0,0,1,2,0,0,0
2100,B0,0,1,20,3,0,0,0,0,0,0,0,0,0,0,1,1,0,0,0
2100,B1,1,1,3,2,0,0,0,0,0,0,0,0,0,0,1,1,8,23,9
2100,B2,2,0,2,20,0,0,0,0,0,0,0,0,0,0,1,1,2,17,4
2100,C1,20,3,1,0,0,0,0,0,0,0,0,0,0,0,1,2,1,4,1
2115,A1,5,20,0,1,0,0,0,0,0,0,0,0,0,0,1,2,0,0,0
2115,B0,0,4,19,1,0,0,0,0,0,0,0,0,0,0,1,1,0,0,0
2115,B1,2,1,3,2,0,0,0,0,0,0,0,0,0,0,1,1,8,23,9
2115,B2,3,0,2,16,0,0,0,0,0,0,0,0,0,0,1,1,2,17,4
2115,C1,20,3,1,0,0,0,0,0,0,0,0,0,0,0,1,2,1,4,1
2130,A1,3,20,0,1,0,0,0,0,0,0,0,0,0,1,0,2,0,0,0
2130,B0,0,2,19,4,0,0,0,0,0,0,0,0,0,1,0,1,0,0,0
2130,B1,1,1,1,1,0,0,0,0,0,0,0,0,0,1,0,1,8,23,9
2130,B2,3,0,2,15,0,0,0,0,0,0,0,0,0,1,0,1,2,17,4
2130,C1,20,2,1,0,0,0,0,0,0,0,0,0,0,1,0,2,1,4,1
2145,A1,3,20,0,1,0,0,0,0,0,0,0,0,0,1,0,2,0,0,0
2145,B0,0,3,19,6,0,0,0,0,0,0,0,0,0,1,0,1,0,0,0
2145,B1,1,2,1,1,0,0,0,0,0,0,0,0,0,1,0,2,8,23,9
2145,B2,1,0,3,20,0,0,0,0,0,0,0,0,0,1,0,1,2,17,4
2145,C1,17,1,1,0,0,0,0,0,0,0,0,0,0,1,0,2,1,4,1
2160,A1,1,19,0,2,0,0,0,0,0,0,0,0,0,0,1,2,0,0,0
2160,B0,0,1,20,8,0,0,0,0,0,0,0,0,0,0,1,1,0,0,0
2160,B1,1,1,4,2,0,0,0,0,0,0,0,0,0,0,1,1,8,23,9
2160,B2,1,0,4,20,0,0,0,0,0,0,0,0,0,0,1,1,2,17,4
2160,C1,14,3,1,0,0,0,0,0,0,0,0,0,0,0,1,2,1,4,1
2175,A1,3,20,0,1,0,0,0,0,0,0,0,0,0,0,1,2,0,0,0
2175,B0,0,2,20,2,0,0,0,0,0,0,0,0,0,0,1,1,0,0,0
2175,B1,1,1,2,5,0,0,0,0,0,0,0,0,0,0,1,1,8,23,9
2175,B2,2,0,1,20,0,0,0,0,0,0,0,0,0,0,1,1,2,17,4
2175,C1,18,4,1,0,0,0,0,0,0,0,0,0,0,0,1,2,1,4,1
2190,A1,3,20,0,2,0,0,0,0,0,0,0,0,0,0,1,2,0,0,0
2190,B0,0,3,18,2,0,0,0,0,0,0,0,0,0,0,1,1,0,0,0
2190,B1,2,2,2,2,0,0,0,0,0,0,0,0,0,0,1,1,8,23,9
2190,B2,2,0,1,18,0,0,0,0,0,0,0,0,0,0,1,1,2,17,4
2190,C1,20,5,3,0,0,0,0,0,0,0,0,0,0,0,1,2,1,4,1
2205,A1,4,20,0,3,0,0,0,0,0,0,0,0,0,1,0,2,0,0,0
2205,B0,0,1,18,2,0,0,0,0,0,0,0,0,0,1,0,1,0,0,0
2205,B1,2,2,2,2,0,0,0,0,0,0,0,0,0,1,0,1,8,23,9
2205,B2,3,0,3,18,0,0,0,0,0,0,0,0,0,1,0,1,2,17,4
2205,C1,20,2,4,0,0,0,0,0,0,0,0,0,0,1,0,2,1,4,1
2220,A1,1,20,0,3,0,0,0,0,0,0,0,0,0,1,0,2,0,0,0
2220,B0,0,1,20,3,0,0,0,0,0,0,0,0,0,1,0,1,0,0,0
2220,B1,1,1,2,3,0,0,0,0,0,0,0,0,0,1,0,1,8,23,9
2220,B2,2,0,5,20,0,0,0,0,0,0,0,0,0,1,0,1,2,17,4
2220,C1,21,1,5,0,0,0,0,0,0,0,0,0,0,1,0,2,1,4,1
2235,A1,3,19,0,1,0,0,0,0,0,0,0,0,0,0,1,2,0,0,0
2235,B0,0,1,20,1,0,0,0,0,0,0,0,0,0,0,1,1,0,0,0
2235,B1,1,1,3,2,0,0,0,0,0,0,0,0,0,0,1,1,8,23,9
2235,B2,3,0,1,20,0,0,0,0,0,0,0,0,0,0,1,1,2,17,4
2235,C1,20,3,3,0,0,0,0,0,0,0,0,0,0,0,1,2,1,4,1
2250,A1,3,19,0,1,0,0,0,0,0,0,0,0,0,0,1,2,0,0,0
2250,B0,0,2,17,1,0,0,0,0,0,0,0,0,0,0,1,1,0,0,0
2250,B1,1,2,2,1,0,0,0,0,0,0,0,0,0,0,1,1,8,23,9
2250,B2,5,0,4,18,0,0,0,0,0,0,0,0,0,0,1,1,2,17,4
2250,C1,20,5,2,0,0,0,0,0,0,0,0,0,0,0,1,2,1,4,1
2265,A1,1,20,0,1,0,0,0,0,0,0,0,0,0,1,0,2,0,0,0
2265,B0,0,2,16,5,0,0,0,0,0,0,0,0,0,1,0,1,0,0,0
2265,B1,2,1,1,1,0,0,0,0,0,0,0,0,0,1,0,2,9,25,10
2265,B2,4,0,1,17,0,0,0,0,0,0,0,0,0,1,0,1,2,17,4
2265,C1,20,3,2,0,0,0,0,0,0,0,0,0,0,1,0,2,1,4,1
2280,A1,3,16,0,2,0,0,0,0,0,0,0,0,0,1,0,2,0,0,0
2280,B0,0,1,20,6,0,0,0,0,0,0,0,0,0,1,0,1,0,0,0
2280,B1,1,1,1,1,0,0,0,0,0,0,0,0,0,1,0,1,9,25,10
2280,B2,2,0,4,20,0,0,0,0,0,0,0,0,0,1,0,1,2,17,4
2280,C1,18,3,2,0,0,0,0,0,0,0,0,0,0,1,0,2,1,4,1
2295,A1,2,15,0,2,0,0,0,0,0,0,0,0,0,0,1,2,0,0,0
2295,B0,0,1,20,7,0,0,0,0,0,0,0,0,0,0,1,1,0,0,0
2295,B1,1,1,3,1,0,0,0,0,0,0,0,0,0,0,1,1,9,25,10
2295,B2,2,0,3,20,0,0,0,0,0,0,0,0,0,0,1,1,2,17,4
2295,C1,17,1,1,0,0,0,0,0,0,0,0,0,0,0,1,2,1,4,1
2310,A1,2,19,0,1,0,0,0,0,0,0,0,0,0,0,1,2,0,0,0
2310,B0,0,3,20,1,0,0,0,0,0,0,0,0,0,0,1,1,0,0,0
2310,B1,2,1,4,2,0,0,0,0,0,0,0,0,0,0,1,1,9,25,10
2310,B2,3,0,1,19,0,0,0,0,0,0,0,0,0,0,1,1,2,17,4
2310,C1,20,2,1,0,0,0,0,0,0,0,0,0,0,0,1,2,1,4,1
2325,A1,3,20,0,2,0,0,0,0,0,0,0,0,0,1,0,2,0,0,0
2325,B0,0,2,19,4,0,0,0,0,0,0,0,0,0,1,0,1,0,0,0
2325,B1,2,4,2,1,0,0,0,0,0,0,0,0,0,1,0,2,9,25,10
2325,B2,2,0,5,17,0,0,0,0,0,0,0,0,0,1,0,1,2,17,4
2325,C1,20,3,1,0,0,0,0,0,0,0,0,0,0,1,0,2,1,4,1
2340,A1,1,19,0,4,0,0,0,0,0,0,0,0,0,1,0,2,0,0,0
2340,B0,0,1,19,5,0,0,0,0,0,0,0,0,0,1,0,1,0,0,0
2340,B1,1,4,2,1,0,0,0,0,0,0,0,0,0,1,0,2,9,25,10
2340,B2,1,0,2,19,0,0,0,0,0,0,0,0,0,1,0,1,2,17,4
2340,C1,19,1,3,0,0,0,0,0,0,0,0,0,0,1,0,2,1,4,1
2355,A1,1,16,0,6,0,0,0,0,0,0,0,0,0,1,0,2,0,0,0
2355,B0,0,2,20,7,0,0,0,0,0,0,0,0,0,1,0,1,0,0,0
2355,B1,1,1,3,1,0,0,0,0,0,0,0,0,0,1,0,1,9,25,10
2355,B2,2,0,3,20,0,0,0,0,0,0,0,0,0,1,0,1,2,17,4
2355,C1,17,2,5,0,0,0,0,0,0,0,0,0,0,1,0,2,1,4,1
2370,A1,3,17,0,2,0,0,0,0,0,0,0,0,0,0,1,2,0,0,0
2370,B0,0,1,20,1,0,0,0,0,0,0,0,0,0,0,1,1,0,0,0
2370,B1,1,1,3,3,0,0,0,0,0,0,0,0,0,0,1,1,9,25,10
2370,B2,2,0,1,19,0,0,0,0,0,0,0,0,0,0,1,1,2,17,4
2370,C1,18,3,1,0,0,0,0,0,0,0,0,0,0,0,1,2,1,4,1
2385,A1,5,20,0,2,0,0,0,0,0,0,0,0,0,0,1,2,0,0,0
2385,B0,0,4,17,1,0,0,0,0,0,0,0,0,0,0,1,1,0,0,0
2385,B1,1,1,2,3,0,0,0,0,0,0,0,0,0,0,1,1,9,25,10
2385,B2,3,0,1,15,0,0,0,0,0,0,0,0,0,0,1,1,2,17,4
2385,C1,20,6,2,0,0,0,0,0,0,0,0,0,0,0,1,2,1,4,1
2400,A1,2,20,0,3,0,0,0,0,0,0,0,0,0,1,0,2,0,0,0
2400,B0,0,2,16,1,0,0,0,0,0,0,0,0,0,1,0,1,0,0,0
2400,B1,1,1,1,2,0,0,0,0,0,0,0,0,0,1,0,1,9,25,10
2400,B2,2,0,2,15,0,0,0,0,0,0,0,0,0,1,0,1,2,17,4
2400,C1,20,3,3,0,0,0,0,0,0,0,0,0,0,1,0,2,1,4,1
2415,A1,1,16,0,5,0,0,0,0,0,0,0,0,0,1,0,2,0,0,0
2415,B0,0,1,20,3,0,0,0,0,0,0,0,0,0,1,0,1,0,0,0
2415,B1,1,1,2,3,0,0,0,0,0,0,0,0,0,1,0,1,9,25,10
2415,B2,2,0,3,20,0,0,0,0,0,0,0,0,0,1,0,1,2,17,4
2415,C1,18,1,3,0,0,0,0,0,0,0,0,0,0,1,0,2,1,4,1
2430,A1,2,17,0,5,0,0,0,0,0,0,0,0,0,0,1,2,0,0,0
2430,B0,0,3,20,2,0,0,0,0,0,0,0,0,0,0,1,1,0,0,0
2430,B1,1,1,2,5,0,0,0,0,0,0,0,0,0,0,1,1,9,25,10
2430,B2,2,0,3,20,0,0,0,0,0,0,0,0,0,0,1,1,2,17,4
2430,C1,16,1,3,0,0,0,0,0,0,0,0,0,0,0,1,2,1,4,1
2445,A1,4,20,0,2,0,0,0,0,0,0,0,0,0,0,1,2,0,0,0
2445,B0,0,4,18,1,0,0,0,0,0,0,0,0,0,0,1,1,0,0,0
2445,B1,2,1,3,6,0,0,0,0,0,0,0,0,0,0,1,1,9,25,10
2445,B2,3,0,2,19,0,0,0,0,0,0,0,0,0,0,1,1,2,17,4
2445,C1,20,2,2,0,0,0,0,0,0,0,0,0,0,0,1,2,1,4,1
2460,A1,4,20,0,1,0,0,0,0,0,0,0,0,0,1,0,2,0,0,0
2460,B0,0,2,17,3,0,0,0,0,0,0,0,0,0,1,0,1,0,0,0
2460,B1,2,1,1,3,0,0,0,0,0,0,0,0,0,1,0,1,9,25,10
2460,B2,1,0,3,17,0,0,0,0,0,0,0,0,0,1,0,1,2,17,4
2460,C1,20,2,5,0,0,0,0,0,0,0,0,0,0,1,0,2,1,4,1
2475,A1,1,20,0,2,0,0,0,0,0,0,0,0,0,1,0,2,0,0,0
2475,B0,0,1,20,4,0,0,0,0,0,0,0,0,0,1,0,1,0,0,0
2475,B1,4,4,1,3,0,0,0,0,0,0,0,0,0,1,0,2,9,25,10
2475,B2,2,0,3,19,0,0,0,0,0,0,0,0,0,1,0,1,2,17,4
2475,C1,20,3,9,0,0,0,0,0,0,0,0,0,0,1,0,2,1,4,1
2490,A1,1,19,0,1,0,0,0,0,0,0,0,0,0,0,1,2,0,0,0
2490,B0,0,2,20,5,0,0,0,0,0,0,0,0,0,0,1,1,0,0,0
2490,B1,3,2,3,3,0,0,0,0,0,0,0,0,0,0,1,1,9,25,10
2490,B2,1,0,3,20,0,0,0,0,0,0,0,0,0,0,1,1,2,17,4
2490,C1,17,2,9,0,0,0,0,0,0,0,0,0,0,0,1,2,1,4,1
2505,A1,3,19,0,2,0,0,0,0,0,0,0,0,0,0,1,2,0,0,0
2505,B0,0,2,20,2,0,0,0,0,0,0,0,0,0,0,1,1,0,0,0
2505,B1,3,2,3,3,0,0,0,0,0,0,0,0,0,0,1,1,9,25,10
2505,B2,1,0,2,18,0,0,0,0,0,0,0,0,0,0,1,1,2,17,4
2505,C1,18,3,4,0,0,0,0,0,0,0,0,0,0,0,1,2,1,4,1
2520,A1,5,20,0,3,0,0,0,0,0,0,0,0,0,0,1,2,0,0,0
2520,B0,0,2,19,1,0,0,0,0,0,0,0,0,0,0,1,1,0,0,0
2520,B1,4,4,1,3,0,0,0,0,0,0,0,0,0,0,1,2,9,25,10
2520,B2,1,0,3,17,0,0,0,0,0,0,0,0,0,0,1,1,2,17,4
2520,C1,20,7,2,0,0,0,0,0,0,0,0,0,0,0,1,2,1,4,1
2535,A1,1,19,0,3,0,0,0,0,0,0,0,0,0,1,0,2,0,0,0
2535,B0,0,1,19,3,0,0,0,0,0,0,0,0,0,1,0,1,0,0,0
2535,B1,7,2,1,3,0,0,0,0,0,0,0,0,0,1,0,2,9,25,10
2535,B2,1,0,3,19,0,0,0,0,0,0,0,0,0,1,0,1,2,17,4
2535,C1,20,2,4,0,0,0,0,0,0,0,0,0,0,1,0,2,1,4,1
2550,A1,2,16,0,3,0,0,0,0,0,0,0,0,0,1,0,2,0,0,0
2550,B0,0,1,20,5,0,0,0,0,0,0,0,0,0,1,0,1,0,0,0
2550,B1,3,1,1,3,0,0,0,0,0,0,0,0,0,1,0,1,9,25,10
2550,B2,1,0,4,20,0,0,0,0,0,0,0,0,0,1,0,1,2,17,4
2550,C1,18,2,6,0,0,0,0,0,0,0,0,0,0,1,0,2,1,4,1
2565,A1,3,16,0,3,0,0,0,0,0,0,0,0,0,0,1,2,0,0,0
2565,B0,0,3,20,3,0,0,0,0,0,0,0,0,0,0,1,1,0,0,0
2565,B1,2,1,1,1,0,0,0,0,0,0,0,0,0,0,1,2,9,25,10
2565,B2,2,0,1,20,0,0,0,0,0,0,0,0,0,0,1,1,2,17,4
2565,C1,17,3,5,0,0,0,0,0,0,0,0,0,0,0,1,2,1,4,1
2580,A1,5,20,0,2,0,0,0,0,0,0,0,0,0,0,1,2,0,0,0
2580,B0,0,4,19,4,0,0,0,0,0,0,0,0,0,0,1,1,0,0,0
2580,B1,2,2,2,1,0,0,0,0,0,0,0,0,0,0,1,2,9,25,10
2580,B2,6,0,1,18,0,0,0,0,0,0,0,0,0,0,1,1,2,17,4
2580,C1,20,4,1,0,0,0,0,0,0,0,0,0,0,0,1,2,1,4,1
2595,A1,4,20,0,3,0,0,0,0,0,0,0,0,0,1,0,2,0,0,0
2595,B0,0,4,18,3,0,0,0,0,0,0,0,0,0,1,0,1,0,0,0
2595,B1,4,1,1,1,0,0,0,0,0,0,0,0,0,1,0,2,9,25,10
2595,B2,3,0,2,16,0,0,0,0,0,0,0,0,0,1,0,1,3,19,5
2595,C1,20,3,1,0,0,0,0,0,0,0,0,0,0,1,0,2,1,4,1
2610,A1,3,18,0,4,0,0,0,0,0,0,0,0,0,1,0,2,0,0,0
2610,B0,0,2,20,3,0,0,0,0,0,0,0,0,0,1,0,1,0,0,0
2610,B1,4,1,1,3,0,0,0,0,0,0,0,0,0,1,0,2,9,25,10
2610,B2,1,0,2,20,0,0,0,0,0,0,0,0,0,1,0,1,3,19,5
2610,C1,19,2,1,0,0,0,0,0,0,0,0,0,0,1,0,2,1,4,1
2625,A1,2,16,0,2,0,0,0,0,0,0,0,0,0,0,1,2,0,0,0
2625,B0,0,3,20,6,0,0,0,0,0,0,0,0,0,0,1,1,0,0,0
2625,B1,1,1,4,2,0,0,0,0,0,0,0,0,0,0,1,1,9,25,10
2625,B2,2,0,1,20,0,0,0,0,0,0,0,0,0,0,1,1,3,19,5
2625,C1,19,4,1,0,0,0,0,0,0,0,0,0,0,0,1,2,1,4,1
2640,A1,4,19,0,1,0,0,0,0,0,0,0,0,0,0,1,2,0,0,0
2640,B0,0,3,20,3,0,0,0,0,0,0,0,0,0,0,1,1,0,0,0
2640,B1,1,1,3,2,0,0,0,0,0,0,0,0,0,0,1,1,9,25,10
2640,B2,2,0,1,18,0,0,0,0,0,0,0,0,0,0,1,1,3,19,5
2640,C1,20,4,3,0,0,0,0,0,0,0,0,0,0,0,1,2,1,4,1
2655,A1,4,20,0,2,0,0,0,0,0,0,0,0,0,1,0,2,0,0,0
2655,B0,0,3,20,1,0,0,0,0,0,0,0,0,0,1,0,1,0,0,0
2655,B1,2,2,1,1,0,0,0,0,0,0,0,0,0,1,0,2,9,25,10
2655,B2,2,0,4,17,0,0,0,0,0,0,0,0,0,1,0,1,3,19,5
2655,C1,20,3,2,0,0,0,0,0,0,0,0,0,0,1,0,2,1,4,1
2670,A1,1,20,0,3,0,0,0,0,0,0,0,0,0,1,0,2,0,0,0
2670,B0,0,2,20,2,0,0,0,0,0,0,0,0,0,1,0,1,0,0,0
2670,B1,2,5,1,1,0,0,0,0,0,0,0,0,0,1,0,2,9,25,10
2670,B2,2,0,2,19,0,0,0,0,0,0,0,0,0,1,0,1,3,19,5
2670,C1,20,1,4,0,0,0,0,0,0,0,0,0,0,1,0,2,1,4,1
2685,A1,2,17,0,4,0,0,0,0,0,0,0,0,0,1,0,2,0,0,0
2685,B0,0,1,20,4,0,0,0,0,0,0,0,0,0,1,0,1,0,0,0
2685,B1,1,1,2,1,0,0,0,0,0,0,0,0,0,1,0,1,9,25,10
2685,B2,3,0,3,20,0,0,0,0,0,0,0,0,0,1,0,1,3,19,5
2685,C1,18,1,4,0,0,0,0,0,0,0,0,0,0,1,0,2,1,4,1
2700,A1,6,18,0,1,0,0,0,0,0,0,0,0,0,0,1,2,0,0,0
2700,B0,0,2,20,2,0,0,0,0,0,0,0,0,0,0,1,1,0,0,0
2700,B1,1,1,2,2,0,0,0,0,0,0,0,0,0,0,1,1,9,25,10
2700,B2,5,0,1,18,0,0,0,0,0,0,0,0,0,0,1,1,3,19,5
2700,C1,18,3,1,0,0,0,0,0,0,0,0,0,0,0,1,2,1,4,1
2715,A1,9,20,0,1,0,0,0,0,0,0,0,0,0,0,1,2,0,0,0
2715,B0,0,4,20,2,0,0,0,0,0,0,0,0,0,0,1,1,0,0,0
2715,B1,1,3,3,1,0,0,0,0,0,0,0,0,0,0,1,1,9,25,10
2715,B2,5,0,2,16,0,0,0,0,0,0,0,0,0,0,1,1,3,19,5
2715,C1,20,4,1,0,0,0,0,0,0,0,0,0,0,0,1,2,1,4,1
2730,A1,5,20,0,1,0,0,0,0,0,0,0,0,0,1,0,2,0,0,0
2730,B0,0,1,19,2,0,0,0,0,0,0,0,0,0,1,0,1,0,0,0
2730,B1,1,5,1,1,0,0,0,0,0,0,0,0,0,1,0,2,9,25,10
2730,B2,1,0,5,18,0,0,0,0,0,0,0,0,0,1,0,1,3,19,5
2730,C1,20,2,2,0,0,0,0,0,0,0,0,0,0,1,0,2,1,4,1
2745,A1,4,19,0,3,0,0,0,0,0,0,0,0,0,1,0,2,0,0,0
2745,B0,0,4,20,5,0,0,0,0,0,0,0,0,0,1,0,1,0,0,0
2745,B1,1,2,2,1,0,0,0,0,0,0,0,0,0,1,0,1,9,25,10
2745,B2,2,0,6,20,0,0,0,0,0,0,0,0,0,1,0,1,3,19,5
2745,C1,17,2,3,0,0,0,0,0,0,0,0,0,0,1,0,2,1,4,1
2760,A1,1,20,0,1,0,0,0,0,0,0,0,0,0,0,1,2,0,0,0
2760,B0,0,6,20,3,0,0,0,0,0,0,0,0,0,0,1,1,0,0,0
2760,B1,1,1,1,2,0,0,0,0,0,0,0,0,0,0,1,1,9,25,10
2760,B2,1,0,4,20,0,0,0,0,0,0,0,0,0,0,1,1,3,19,5
2760,C1,16,1,3,0,0,0,0,0,0,0,0,0,0,0,1,2,1,4,1
2775,A1,4,20,0,1,0,0,0,0,0,0,0,0,0,0,1,2,0,0,0
2775,B0,0,7,20,2,0,0,0,0,0,0,0,0,0,0,1,1,0,0,0
2775,B1,1,1,4,2,0,0,0,0,0,0,0,0,0,0,1,1,9,25,10
2775,B2,1,0,2,20,0,0,0,0,0,0,0,0,0,0,1,1,3,19,5
2775,C1,20,2,1,0,0,0,0,0,0,0,0,0,0,0,1,2,1,4,1
2790,A1,3,20,0,1,0,0,0,0,0,0,0,0,0,1,0,2,0,0,0
2790,B0,0,6,20,2,0,0,0,0,0,0,0,0,0,1,0,1,0,0,0
2790,B1,1,1,3,1,0,0,0,0,0,0,0,0,0,1,0,1,9,25,10
2790,B2,1,0,3,20,0,0,0,0,0,0,0,0,0,1,0,1,3,19,5
2790,C1,20,5,3,0,0,0,0,0,0,0,0,0,0,1,0,2,1,4,1
2805,A1,1,18,0,1,0,0,0,0,0,0,0,0,0,1,0,2,0,0,0
2805,B0,0,2,20,2,0,0,0,0,0,0,0,0,0,1,0,1,0,0,0
2805,B1,1,1,4,1,0,0,0,0,0,0,0,0,0,1,0,1,9,25,10
2805,B2,1,0,7,20,0,0,0,0,0,0,0,0,0,1,0,1,3,19,5
2805,C1,14,1,3,0,0,0,0,0,0,0,0,0,0,1,0,2,1,4,1
2820,A1,2,19,0,3,0,0,0,0,0,0,0,0,1,0,1,2,0,0,0
2820,B0,0,2,20,3,0,0,0,0,0,0,0,0,0,0,1,1,0,0,0
2820,B1,1,1,6,4,0,0,0,2,0,0,0,0,0,0,1,1,10,31,10
2820,B2,1,0,6,20,0,0,0,0,0,0,0,0,0,0,1,1,3,19,5
2820,C1,12,2,2,0,0,0,0,0,0,0,0,0,0,0,1,2,1,4,1
2835,A1,5,20,0,1,0,0,0,0,0,0,0,0,0,0,1,2,0,0,0
2835,B0,0,1,18,4,0,0,0,0,0,0,0,0,0,0,1,1,0,0,0
2835,B1,1,1,2,2,0,0,0,0,0,0,0,0,0,0,1,1,10,32,13
2835,B2,1,0,2,20,0,0,0,0,0,0,0,0,0,0,1,1,3,19,5
2835,C1,18,3,1,0,0,0,0,0,0,0,0,0,0,0,1,2,1,4,1
2850,A1,7,20,0,2,0,0,0,0,0,0,0,0,0,0,1,2,0,0,0
2850,B0,0,5,14,3,0,0,0,0,0,0,0,0,0,0,1,1,0,0,0
2850,B1,2,1,1,1,0,0,0,0,0,0,0,0,0,0,1,2,10,32,13
2850,B2,2,0,1,19,0,0,0,0,0,0,0,0,0,0,1,1,3,19,5
2850,C1,20,5,1,0,0,0,0,0,0,0,0,0,0,0,1,2,1,4,1
2865,A1,1,20,0,4,0,0,0,0,0,0,0,0,0,1,0,2,0,0,0
2865,B0,0,4,17,3,0,0,0,0,0,0,0,0,0,1,0,1,0,0,0
2865,B1,4,4,1,1,0,0,0,0,0,0,0,0,0,1,0,2,10,32,13
2865,B2,3,0,4,19,0,0,0,0,0,0,0,0,0,1,0,1,3,19,5
2865,C1,20,5,1,0,0,0,0,0,0,0,0,0,0,1,0,2,1,4,1
2880,A1,3,19,0,4,0,0,0,0,0,0,0,0,0,1,0,2,0,0,0
2880,B0,0,1,20,1,0,0,0,0,0,0,0,0,0,1,0,1,0,0,0
2880,B1,4,3,4,2,0,0,0,0,0,0,0,0,0,1,0,2,10,32,13
2880,B2,2,0,5,20,0,0,0,0,0,0,0,0,0,1,0,1,3,19,5
2880,C1,15,3,1,0,0,0,0,0,0,0,0,0,0,1,0,2,1,4,1
2895,A1,4,18,0,1,0,0,0,0,0,0,0,0,0,0,1,2,0,0,0
2895,B0,0,2,17,1,0,0,0,0,0,0,0,0,0,0,1,1,0,0,0
2895,B1,2,2,2,5,0,0,0,0,0,0,0,0,0,0,1,1,11,34,14
2895,B2,5,0,1,20,0,0,0,0,0,0,0,0,0,0,1,1,3,19,5
2895,C1,16,3,1,0,0,0,0,0,0,0,0,0,0,0,1,2,1,4,1
2910,A1,6,20,0,1,0,0,0,0,0,0,0,0,0,0,1,2,0,0,0
2910,B0,0,5,15,2,0,0,0,0,0,0,0,0,0,0,1,1,0,0,0
2910,B1,3,3,1,3,0,0,0,0,0,0,0,0,0,0,1,2,11,34,14
2910,B2,5,0,1,18,0,0,0,0,0,0,0,0,0,0,1,1,3,19,5
2910,C1,20,6,1,0,0,0,0,0,0,0,0,0,0,0,1,2,1,4,1
2925,A1,1,20,0,5,0,0,0,0,0,0,0,0,0,1,0,2,0,0,0
2925,B0,0,3,18,3,0,0,0,0,0,0,0,0,0,1,0,1,0,0,0
2925,B1,5,6,1,2,0,0,0,0,0,0,0,0,0,1,0,2,11,34,14
2925,B2,2,0,4,18,0,0,0,0,0,0,0,0,0,1,0,1,3,19,5
2925,C1,20,5,3,0,0,0,0,0,0,0,0,0,0,1,0,2,1,4,1
2940,A1,2,18,0,5,0,0,0,0,0,0,0,0,0,1,0,2,0,0,0
2940,B0,0,1,20,3,0,0,0,0,0,0,0,0,0,1,0,1,0,0,0
2940,B1,3,2,1,2,0,0,0,0,0,0,0,0,0,1,0,2,11,34,14
2940,B2,1,0,6,20,0,0,0,0,0,0,0,0,0,1,0,1,3,19,5
2940,C1,19,1,4,0,0,0,0,0,0,0,0,0,0,1,0,2,1,4,1
2955,A1,1,17,0,5,0,0,0,0,0,0,0,0,0,0,1,2,0,0,0
2955,B0,0,2,20,2,0,0,0,0,0,0,0,0,0,0,1,1,0,0,0
2955,B1,1,1,3,4,0,0,0,0,0,0,0,0,0,0,1,1,11,34,14
2955,B2,3,0,5,20,0,0,0,0,0,0,0,0,0,0,1,1,3,19,5
2955,C1,18,4,3,0,0,0,0,0,0,0,0,0,0,0,1,2,1,4,1
2970,A1,1,20,0,1,0,0,0,0,0,0,0,0,0,0,1,2,0,0,0
2970,B0,0,3,17,1,0,0,0,0,0,0,0,0,0,0,1,1,0,0,0
2970,B1,1,1,3,4,0,0,0,0,0,0,0,0,0,0,1,1,11,34,14
2970,B2,4,0,2,19,0,0,0,0,0,0,0,0,0,0,1,1,3,19,5
2970,C1,19,5,3,0,0,0,0,0,0,0,0,0,0,0,1,2,1,4,1
2985,A1,1,20,0,2,0,0,0,0,0,0,0,0,0,1,0,2,0,0,0
2985,B0,0,3,14,2,0,0,0,0,0,0,0,0,0,1,0,1,0,0,0
2985,B1,2,3,1,1,0,0,0,0,0,0,0,0,0,1,0,2,11,34,14
2985,B2,4,0,2,17,0,0,0,0,0,0,0,0,0,1,0,1,3,19,5
2985,C1,19,5,6,0,0,0,0,0,0,0,0,0,0,1,0,2,1,4,1
3000,A1,1,20,0,5,0,0,0,0,0,0,0,0,0,1,0,2,0,0,0
3000,B0,0,1,18,4,0,0,0,0,0,0,0,0,0,1,0,1,0,0,0
3000,B1,3,3,1,1,0,0,0,0,0,0,0,0,0,1,0,2,11,34,14
3000,B2,1,0,2,19,0,0,0,0,0,0,0,0,0,1,0,1,3,19,5
3000,C1,19,2,7,0,0,0,0,0,0,0,0,0,0,1,0,2,1,4,1
3015,A1,1,18,0,5,0,0,0,0,0,0,0,0,0,1,0,2,0,0,0
3015,B0,0,1,20,5,0,0,0,0,0,0,0,0,0,1,0,1,0,0,0
3015,B1,1,1,1,3,0,0,0,0,0,0,0,0,0,1,0,1,11,34,14
3015,B2,5,0,2,20,0,0,0,0,0,0,0,0,0,1,0,1,3,19,5
3015,C1,16,2,7,0,0,0,0,0,0,0,0,0,0,1,0,2,1,4,1
3030,A1,1,19,0,1,0,0,0,0,0,0,0,0,0,0,1,2,0,0,0
3030,B0,0,3,20,1,0,0,0,0,0,0,0,0,0,0,1,1,0,0,0
3030,B1,1,1,2,4,0,0,0,0,0,0,0,0,0,0,1,1,11,34,14
3030,B2,5,0,2,20,0,0,0,0,0,0,0,0,0,0,1,1,3,19,5
3030,C1,18,5,1,0,0,0,0,0,0,0,0,0,0,0,1,2,1,4,1
3045,A1,3,20,0,1,0,0,0,0,0,0,0,0,0,0,1,2,0,0,0
3045,B0,0,5,20,1,0,0,0,0,0,0,0,0,0,0,1,1,0,0,0
3045,B1,2,2,1,4,0,0,0,0,0,0,0,0,0,0,1,1,11,34,14
3045,B2,6,0,2,20,0,0,0,0,0,0,0,0,0,0,1,1,3,19,5
3045,C1,20,5,1,0,0,0,0,0,0,0,0,0,0,0,1,2,1,4,1
3060,A1,1,20,0,2,0,0,0,0,0,0,0,0,0,1,0,2,0,0,0
3060,B0,0,4,19,3,0,0,0,0,0,0,0,0,0,1,0,1,0,0,0
3060,B1,2,1,1,3,0,0,0,0,0,0,0,0,0,1,0,1,11,34,14
3060,B2,3,0,2,19,0,0,0,0,0,0,0,0,0,1,0,1,3,19,5
3060,C1,20,2,3,0,0,0,0,0,0,0,0,0,0,1,0,2,1,4,1
3075,A1,1,19,0,3,0,0,0,0,0,0,0,0,0,1,0,2,0,0,0
3075,B0,0,2,20,5,0,0,0,0,0,0,0,0,0,1,0,1,0,0,0
3075,B1,1,2,1,3,0,0,0,0,0,0,0,0,0,1,0,1,11,34,14
3075,B2,1,0,4,20,0,0,0,0,0,0,0,0,0,1,0,1,3,19,5
3075,C1,17,4,4,0,0,0,0,0,0,0,0,0,0,1,0,2,1,4,1
3090,A1,4,19,0,1,0,0,0,0,0,0,0,0,0,0,1,2,0,0,0
3090,B0,0,2,20,2,0,0,0,0,0,0,0,0,0,0,1,1,0,0,0
3090,B1,1,1,1,1,0,0,0,0,0,0,0,0,0,0,1,1,11,34,14
3090,B2,1,0,1,20,0,0,0,0,0,0,0,0,0,0,1,1,3,19,5
3090,C1,15,2,2,0,0,0,0,0,0,0,0,0,0,0,1,2,1,4,1
3105,A1,4,20,0,2,0,0,0,0,0,0,0,0,0,0,1,2,0,0,0
3105,B0,0,3,17,4,0,0,0,0,0,0,0,0,0,0,1,1,0,0,0
3105,B1,1,1,3,4,0,0,0,0,0,0,0,0,0,0,1,1,11,34,14
3105,B2,2,0,1,17,0,0,0,0,0,0,0,0,0,0,1,1,3,19,5
3105,C1,17,2,1,0,0,0,0,0,0,0,0,0,0,0,1,2,1,4,1
3120,A1,5,20,0,4,0,0,0,0,0,0,0,0,0,1,0,2,0,0,0
3120,B0,0,2,15,3,0,0,0,0,0,0,0,0,0,1,0,1,0,0,0
3120,B1,3,1,1,1,0,0,0,0,0,0,0,0,0,1,0,2,11,34,14
3120,B2,1,0,2,16,0,0,0,0,0,0,0,0,0,1,0,1,3,19,5
3120,C1,18,2,1,0,0,0,0,0,0,0,0,0,0,1,0,2,1,4,1
3135,A1,2,20,0,4,0,0,0,0,0,0,0,0,0,1,0,2,0,0,0
3135,B0,0,1,19,5,0,0,0,0,0,0,0,0,0,1,0,1,0,0,0
3135,B1,4,2,1,1,0,0,0,0,0,0,0,0,0,1,0,2,11,34,14
3135,B2,2,0,3,20,0,0,0,0,0,0,0,0,0,1,0,1,3,19,5
3135,C1,19,1,3,0,0,0,0,0,0,0,0,0,0,1,0,2,1,4,1
3150,A1,1,17,0,3,0,0,0,0,0,0,0,0,0,0,1,2,0,0,0
3150,B0,0,1,20,5,0,0,0,0,0,0,0,0,0,0,1,1,0,0,0
3150,B1,1,1,2,1,0,0,0,0,0,0,0,0,0,0,1,1,11,34,14
3150,B2,2,0,4,20,0,0,0,0,0,0,0,0,0,0,1,1,3,19,5
3150,C1,19,2,2,0,0,0,0,0,0,0,0,0,0,0,1,2,1,4,1
3165,A1,1,19,0,2,0,0,0,0,0,0,0,0,0,0,1,2,0,0,0
3165,B0,0,2,19,2,0,0,0,0,0,0,0,0,0,0,1,1,0,0,0
3165,B1,1,1,1,1,0,0,0,0,0,0,0,0,0,0,1,1,11,34,14
3165,B2,4,0,1,20,0,0,0,0,0,0,0,0,0,0,1,1,3,19,5
3165,C1,20,3,1,0,0,0,0,0,0,0,0,0,0,0,1,2,1,4,1
3180,A1,4,20,0,1,0,0,0,0,0,0,0,0,0,0,1,2,0,0,0
3180,B0,0,2,16,1,0,0,0,0,0,0,0,0,0,0,1,1,0,0,0
3180,B1,1,1,1,1,0,0,0,0,0,0,0,0,0,0,1,1,11,34,14
3180,B2,4,0,2,17,0,0,0,0,0,0,0,0,0,0,1,1,3,19,5
3180,C1,20,4,1,0,0,0,0,0,0,0,0,0,0,0,1,2,1,4,1
3195,A1,1,20,0,1,0,0,0,0,0,0,0,0,0,1,0,2,0,0,0
3195,B0,0,2,18,2,0,0,0,0,0,0,0,0,0,1,0,1,0,0,0
3195,B1,4,2,1,1,0,0,0,0,0,0,0,0,0,1,0,2,11,34,14
3195,B2,2,0,6,18,0,0,0,0,0,0,0,0,0,1,0,1,3,19,5
3195,C1,18,1,3,0,0,0,0,0,0,0,0,0,0,1,0,2,1,4,1
3210,A1,1,17,0,3,0,0,0,0,0,0,0,0,0,1,0,2,0,0,0
3210,B0,0,1,20,4,0,0,0,0,0,0,0,0,0,1,0,1,0,0,0
3210,B1,3,1,1,3,0,0,0,0,0,0,0,0,0,1,0,1,11,34,14
3210,B2,1,0,6,20,0,0,0,0,0,0,0,0,0,1,0,1,3,19,5
3210,C1,14,3,3,0,0,0,0,0,0,0,0,0,0,1,0,2,1,4,1
3225,A1,4,17,0,1,0,0,0,0,0,0,0,0,0,0,1,2,0,0,0
3225,B0,0,1,20,2,0,0,0,0,0,0,0,0,0,0,1,1,0,0,0
3225,B1,2,1,2,3,0,0,0,0,0,0,0,0,0,0,1,1,11,34,14
3225,B2,2,0,3,20,0,0,0,0,0,0,0,0,0,0,1,1,3,19,5
3225,C1,16,5,1,0,0,0,0,0,0,0,0,0,0,0,1,2,1,4,1
3240,A1,5,20,0,1,0,0,0,0,0,0,0,0,0,0,1,2,0,0,0
3240,B0,0,2,19,1,0,0,0,0,0,0,0,0,0,0,1,1,0,0,0
3240,B1,3,2,1,4,0,0,0,0,0,0,0,0,0,0,1,1,11,34,14
3240,B2,3,0,1,21,0,0,0,0,0,0,0,0,0,0,1,1,3,19,5
3240,C1,17,6,2,0,0,0,0,0,0,0,0,0,0,0,1,2,1,4,1
3255,A1,2,20,0,1,0,0,0,0,0,0,0,0,0,1,0,2,0,0,0
3255,B0,0,1,18,2,0,0,0,0,0,0,0,0,0,1,0,1,0,0,0
3255,B1,5,2,1,3,0,0,0,0,0,0,0,0,0,1,0,2,12,36,15
3255,B2,3,0,1,20,0,0,0,0,0,0,0,0,0,1,0,1,3,19,5
3255,C1,17,5,5,0,0,0,0,0,0,0,0,0,0,1,0,2,1,4,1
3270,A1,2,17,0,2,0,0,0,0,0,0,0,0,0,1,0,2,0,0,0
3270,B0,0,2,20,2,0,0,0,0,0,0,0,0,0,1,0,1,0,0,0
3270,B1,5,1,1,3,0,0,0,0,0,0,0,0,0,1,0,2,12,36,15
3270,B2,1,0,3,20,0,0,0,0,0,0,0,0,0,1,0,1,3,19,5
3270,C1,18,1,5,0,0,0,0,0,0,0,0,0,0,1,0,2,1,4,1
3285,A1,1,16,0,1,0,0,0,0,0,0,0,0,0,0,1,2,0,0,0
3285,B0,0,2,20,3,0,0,0,0,0,0,0,0,0,0,1,1,0,0,0
3285,B1,3,1,1,4,0,0,0,0,0,0,0,0,0,0,1,1,12,36,15
3285,B2,1,0,2,20,0,0,0,0,0,0,0,0,0,0,1,1,3,19,5
3285,C1,18,4,3,0,0,0,0,0,0,0,0,0,0,0,1,2,1,4,1
3300,A1,1,20,0,1,0,0,0,0,0,0,0,0,0,0,1,2,0,0,0
3300,B0,0,4,19,1,0,0,0,0,0,0,0,0,0,0,1,1,0,0,0
3300,B1,2,1,1,4,0,0,0,0,0,0,0,0,0,0,1,1,12,36,15
3300,B2,1,0,2,19,0,0,0,0,0,0,0,0,0,0,1,1,3,19,5
3300,C1,18,5,5,0,0,0,0,0,0,0,0,0,0,0,1,2,1,4,1
3315,A1,7,20,0,1,0,0,0,0,0,0,0,0,0,1,0,2,0,0,0
3315,B0,0,6,16,4,0,0,0,0,0,0,0,0,0,1,0,1,0,0,0
3315,B1,2,1,1,2,0,0,0,0,0,0,0,0,0,1,0,1,12,36,15
3315,B2,2,0,4,18,0,0,0,0,0,0,0,0,0,1,0,1,3,19,5
3315,C1,18,7,3,0,0,0,0,0,0,0,0,0,0,1,0,2,1,4,1
3330,A1,1,15,0,1,0,0,0,0,0,0,0,0,0,1,0,2,0,0,0
3330,B0,0,1,18,7,0,0,0,0,0,0,0,0,0,1,0,1,0,0,0
3330,B1,4,2,1,2,0,0,0,0,0,0,0,0,0,1,0,2,12,36,15
3330,B2,2,0,5,19,0,0,0,0,0,0,0,0,0,1,0,1,3,19,5
3330,C1,19,2,5,0,0,0,0,0,0,0,0,0,0,1,0,2,1,4,1
3345,A1,1,12,0,2,0,0,0,0,0,0,0,0,0,1,0,2,0,0,0
3345,B0,0,1,20,8,0,0,0,0,0,0,0,0,0,1,0,1,0,0,0
3345,B1,1,1,4,1,0,0,0,0,0,0,0,0,0,1,0,1,12,36,15
3345,B2,2,0,6,20,0,0,0,0,0,0,0,0,0,1,0,1,3,19,5
3345,C1,19,5,6,0,0,0,0,0,0,0,0,0,0,1,0,2,1,4,1
3360,A1,1,17,0,1,0,0,0,0,0,0,0,0,0,0,1,2,0,0,0
3360,B0,0,1,20,3,0,0,0,0,0,0,0,0,0,0,1,1,0,0,0
3360,B1,1,1,9,1,0,0,0,0,0,0,0,0,0,0,1,1,12,36,15
3360,B2,3,0,1,20,0,0,0,0,0,0,0,0,0,0,1,1,3,19,5
3360,C1,20,1,1,0,0,0,0,0,0,0,0,0,0,0,1,2,1,4,1
3375,A1,2,20,0,2,0,0,0,0,0,0,0,0,0,0,1,2,0,0,0
3375,B0,0,2,20,1,0,0,0,0,0,0,0,0,0,0,1,1,0,0,0
3375,B1,2,1,5,1,0,0,0,0,0,0,0,0,0,0,1,1,12,36,15
3375,B2,5,0,1,20,0,0,0,0,0,0,0,0,0,0,1,1,3,19,5
3375,C1,20,4,1,0,0,0,0,0,0,0,0,0,0,0,1,2,1,4,1
3390,A1,1,20,0,1,0,0,0,0,0,0,0,0,0,1,0,2,0,0,0
3390,B0,0,3,19,6,0,0,0,0,0,0,0,0,0,1,0,1,0,0,0
3390,B1,2,1,4,1,0,0,0,0,0,0,0,0,0,1,0,1,12,36,15
3390,B2,1,0,1,19,0,0,0,0,0,0,0,0,0,1,0,1,3,19,5
3390,C1,20,4,1,0,0,0,0,0,0,0,0,0,0,1,0,2,1,4,1
3405,A1,2,17,0,2,0,0,0,0,0,0,0,0,0,1,0,2,0,0,0
3405,B0,0,2,20,9,0,0,0,0,0,0,0,0,0,1,0,1,0,0,0
3405,B1,1,1,4,1,0,0,0,0,0,0,0,0,0,1,0,1,12,36,15
3405,B2,2,0,3,20,0,0,0,0,0,0,0,0,0,1,0,1,3,19,5
3405,C1,16,2,2,0,0,0,0,0,0,0,0,0,0,1,0,2,1,4,1
3420,A1,4,15,0,1,0,0,0,0,0,0,0,0,0,0,1,2,0,0,0
3420,B0,0,1,20,7,0,0,0,0,0,0,0,0,0,0,1,1,0,0,0
3420,B1,1,1,6,4,0,0,0,0,0,0,0,0,0,0,1,1,12,36,15
3420,B2,2,0,1,20,0,0,0,0,0,0,0,0,0,0,1,1,3,19,5
3420,C1,16,4,1,0,0,0,0,0,0,0,0,0,0,0,1,2,1,4,1
3435,A1,4,20,0,1,0,0,0,0,0,0,0,0,0,0,1,2,0,0,0
3435,B0,0,1,20,1,0,0,0,0,0,0,0,0,0,0,1,1,0,0,0
3435,B1,1,1,6,2,0,0,0,0,0,0,0,0,0,0,1,1,12,36,15
3435,B2,3,0,1,14,0,0,0,0,0,0,0,0,0,0,1,1,3,19,5
3435,C1,20,7,2,0,0,0,0,0,0,0,0,0,0,0,1,2,1,4,1
3450,A1,4,20,0,4,0,0,0,0,0,0,0,0,0,1,0,2,0,0,0
3450,B0,0,2,19,2,0,0,0,0,0,0,0,0,0,1,0,1,0,0,0
3450,B1,1,2,4,1,0,0,0,0,0,0,0,0,0,1,0,1,12,36,15
3450,B2,2,0,2,13,0,0,0,0,0,0,0,0,0,1,0,1,3,19,5
3450,C1,20,5,1,0,0,0,0,0,0,0,0,0,0,1,0,2,1,4,1
3465,A1,1,20,0,4,0,0,0,0,0,0,0,0,0,1,0,2,0,0,0
3465,B0,0,2,19,2,0,0,0,0,0,0,0,0,0,1,0,1,0,0,0
3465,B1,4,2,4,1,0,0,0,0,0,0,0,0,0,1,0,2,12,36,15
3465,B2,3,0,3,19,0,0,0,0,0,0,0,0,0,1,0,1,3,19,5
3465,C1,20,3,2,0,0,0,0,0,0,0,0,0,0,1,0,2,1,4,1
3480,A1,4,19,0,6,0,0,0,0,0,0,0,0,0,0,1,2,0,0,0
3480,B0,0,2,20,2,0,0,0,0,0,0,0,0,0,0,1,1,0,0,0
3480,B1,1,1,6,2,0,0,0,0,0,0,0,0,0,0,1,1,12,36,15
3480,B2,2,0,3,20,0,0,0,0,0,0,0,0,0,0,1,1,3,19,5
3480,C1,19,2,2,0,0,0,0,0,0,0,0,0,0,0,1,2,1,4,1
3495,A1,7,19,0,1,0,0,0,0,0,0,0,0,0,0,1,2,0,0,0
3495,B0,0,3,19,1,0,0,0,0,0,0,0,0,0,0,1,1,0,0,0
3495,B1,1,1,7,3,0,0,0,0,0,0,0,0,0,0,1,1,12,36,15
3495,B2,3,0,1,19,0,0,0,0,0,0,0,0,0,0,1,1,3,19,5
3495,C1,20,2,1,0,0,0,0,0,0,0,0,0,0,0,1,2,1,4,1
3510,A1,8,19,0,3,0,0,0,0,0,0,0,0,0,0,1,2,0,0,0
3510,B0,0,4,19,1,0,0,0,0,0,0,0,0,0,0,1,1,0,0,0
3510,B1,1,2,5,1,0,0,0,0,0,0,0,0,0,0,1,1,12,36,15
3510,B2,5,0,2,16,0,0,0,0,0,0,0,0,0,0,1,1,3,19,5
3510,C1,20,3,2,0,0,0,0,0,0,0,0,0,0,0,1,2,1,4,1
3525,A1,2,19,0,4,0,0,0,0,0,0,0,0,0,1,0,2,0,0,0
3525,B0,0,2,20,2,0,0,0,0,0,0,0,0,0,1,0,1,0,0,0
3525,B1,1,3,5,1,0,0,0,0,0,0,0,0,0,1,0,1,12,36,15
3525,B2,1,0,4,17,0,0,0,0,0,0,0,0,0,1,0,1,3,19,5
3525,C1,19,2,2,0,0,0,0,0,0,0,0,0,0,1,0,2,1,4,1
3540,A1,1,19,0,5,0,0,0,0,0,0,0,0,0,1,0,2,0,0,0
3540,B0,0,2,20,5,0,0,0,0,0,0,0,0,0,1,0,1,0,0,0
3540,B1,1,1,6,2,0,0,0,0,0,0,0,0,0,1,0,1,12,36,15
3540,B2,1,0,5,20,0,0,0,0,0,0,0,0,0,1,0,1,3,19,5
3540,C1,17,2,2,0,0,0,0,0,0,0,0,0,0,1,0,2,1,4,1
3555,A1,4,20,0,2,0,0,0,0,0,0,0,0,0,0,1,2,0,0,0
3555,B0,0,1,20,3,0,0,0,0,0,0,0,0,0,0,1,1,0,0,0
3555,B1,1,1,5,2,0,0,0,0,0,0,0,0,0,0,1,1,12,36,15
3555,B2,1,0,3,20,0,0,0,0,0,0,0,0,0,0,1,1,3,19,5
3555,C1,17,3,1,0,0,0,0,0,0,0,0,0,0,0,1,2,1,4,1
3570,A1,6,20,0,1,0,0,0,0,0,0,0,0,0,0,1,2,0,0,0
3570,B0,0,3,19,1,0,0,0,0,0,0,0,0,0,0,1,1,0,0,0
3570,B1,2,3,3,1,0,0,0,0,0,0,0,0,0,0,1,2,12,36,15
3570,B2,2,0,2,20,0,0,0,0,0,0,0,0,0,0,1,1,3,19,5
3570,C1,20,3,1,0,0,0,0,0,0,0,0,0,0,0,1,2,1,4,1
3585,A1,5,20,0,1,0,0,0,0,0,0,0,0,0,1,0,2,0,0,0
3585,B0,0,3,18,1,0,0,0,0,0,0,0,0,0,1,0,1,0,0,0
3585,B1,2,1,2,1,0,0,0,0,0,0,0,0,0,1,0,1,13,39,16
3585,B2,3,0,5,19,0,0,0,0,0,0,0,0,0,1,0,1,3,19,5
3585,C1,20,2,1,0,0,0,0,0,0,0,0,0,0,1,0,2,1,4,1
3600,A1,2,19,0,3,0,0,0,0,0,0,0,0,0,1,0,2,0,0,0
3600,B0,0,2,20,2,0,0,0,0,0,0,0,0,0,1,0,1,0,0,0
3600,B1,3,2,3,1,0,0,0,0,0,0,0,0,0,1,0,2,13,39,16
3600,B2,1,0,6,20,0,0,0,0,0,0,0,0,0,1,0,1,3,19,5
3600,C1,16,1,1,0,0,0,0,0,0,0,0,0,0,1,0,2,1,4,1
3615,A1,5,20,0,2,0,0,0,0,0,0,0,0,0,0,1,2,0,0,0
3615,B0,0,3,20,2,0,0,0,0,0,0,0,0,0,0,1,1,0,0,0
3615,B1,1,1,2,2,0,0,0,0,0,0,0,0,0,0,1,1,13,39,16
3615,B2,2,0,6,20,0,0,0,0,0,0,0,0,0,0,1,1,3,19,5
3615,C1,14,4,1,0,0,0,0,0,0,0,0,0,0,0,1,2,1,4,1
3630,A1,5,20,0,2,0,0,0,0,0,0,0,0,0,0,1,2,0,0,0
3630,B0,0,3,17,2,0,0,0,0,0,0,0,0,0,0,1,1,0,0,0
3630,B1,1,1,1,4,0,0,0,0,0,0,0,0,0,0,1,1,13,39,16
3630,B2,3,0,1,20,0,0,0,0,0,0,0,0,0,0,1,1,3,19,5
3630,C1,17,4,1,0,0,0,0,0,0,0,0,0,0,0,1,2,1,4,1
3645,A1,5,20,0,1,0,0,0,0,0,0,0,0,0,1,0,2,0,0,0
3645,B0,0,4,14,2,0,0,0,0,0,0,0,0,0,1,0,1,0,0,0
3645,B1,1,2,1,1,0,0,0,0,0,0,0,0,0,1,0,2,14,43,17
3645,B2,3,0,5,18,0,0,0,0,0,0,0,0,0,1,0,1,3,19,5
3645,C1,17,5,1,0,0,0,0,0,0,0,0,0,0,1,0,2,1,4,1
3660,A1,1,20,0,3,0,0,0,0,0,0,0,0,0,1,0,2,0,0,0
3660,B0,0,2,19,3,0,0,0,0,0,0,0,0,0,1,0,1,0,0,0
3660,B1,3,1,1,1,0,0,0,0,0,0,0,0,0,1,0,2,14,43,17
3660,B2,1,0,5,19,0,0,0,0,0,0,0,0,0,1,0,1,3,19,5
3660,C1,17,1,1,0,0,0,0,0,0,0,0,0,0,1,0,2,1,4,1
3675,A1,2,19,0,3,0,0,0,0,0,0,0,0,0,1,0,2,0,0,0
3675,B0,0,1,20,4,0,0,0,0,0,0,0,0,0,1,0,1,0,0,0
3675,B1,1,1,1,1,0,0,0,0,0,0,0,0,0,1,0,1,14,43,17
3675,B2,1,0,9,20,0,0,0,0,0,0,0,0,0,1,0,1,3,19,5
3675,C1,16,3,3,0,0,0,0,0,0,0,0,0,0,1,0,2,1,4,1
3690,A1,3,19,0,2,0,0,0,0,0,0,0,0,0,0,1,2,0,0,0
3690,B0,0,2,19,2,0,0,0,0,0,0,0,0,0,0,1,1,0,0,0
3690,B1,1,1,2,1,0,0,0,0,0,0,0,0,0,0,1,1,14,43,17
3690,B2,1,0,4,20,0,0,0,0,0,0,0,0,0,0,1,1,3,19,5
3690,C1,16,5,3,0,0,0,0,0,0,0,0,0,0,0,1,2,1,4,1
3705,A1,4,19,0,1,0,0,0,0,0,0,0,0,0,0,1,2,0,0,0
3705,B0,0,3,14,3,0,0,0,0,0,0,0,0,0,0,1,1,0,0,0
3705,B1,2,2,1,1,0,0,0,0,0,0,0,0,0,0,1,2,14,43,17
3705,B2,2,0,2,20,0,0,0,0,0,0,0,0,0,0,1,1,3,19,5
3705,C1,16,5,3,0,0,0,0,0,0,0,0,0,0,0,1,2,1,4,1
3720,A1,5,20,0,1,0,0,0,0,0,0,0,0,0,1,0,2,0,0,0
3720,B0,0,1,16,6,0,0,0,0,0,0,0,0,0,1,0,1,0,0,0
3720,B1,4,2,1,1,0,0,0,0,0,0,0,0,0,1,0,2,14,43,17
3720,B2,1,0,6,19,0,0,0,0,0,0,0,0,0,1,0,1,3,19,5
3720,C1,17,3,4,0,0,0,0,0,0,0,0,0,0,1,0,2,1,4,1
3735,A1,2,19,0,1,0,0,0,0,0,0,0,0,0,1,0,2,0,0,0
3735,B0,0,1,20,6,0,0,0,0,0,0,0,0,0,1,0,1,0,0,0
3735,B1,1,2,2,2,0,0,0,0,0,0,0,0,0,1,0,1,14,43,17
3735,B2,1,0,7,20,0,0,0,0,0,0,0,0,0,1,0,1,3,19,5
3735,C1,17,1,4,0,0,0,0,0,0,0,0,0,0,1,0,2,1,4,1
3750,A1,2,18,0,1,0,0,0,0,0,0,0,0,0,0,1,2,0,0,0
3750,B0,0,4,20,3,0,0,0,0,0,0,0,0,0,0,1,1,0,0,0
3750,B1,1,1,3,1,0,0,0,0,0,0,0,0,0,0,1,1,14,43,17
3750,B2,3,0,5,20,0,0,0,0,0,0,0,0,0,0,1,1,3,19,5
3750,C1,16,3,2,0,0,0,0,0,0,0,0,0,0,0,1,2,1,4,1
3765,A1,2,20,0,2,0,0,0,0,0,0,0,0,0,0,1,2,0,0,0
3765,B0,0,5,17,1,0,0,0,0,0,0,0,0,0,0,1,1,0,0,0
3765,B1,1,1,2,2,0,0,0,0,0,0,0,0,0,0,1,1,14,43,17
3765,B2,5,0,6,20,0,0,0,0,0,0,0,0,0,0,1,1,3,19,5
3765,C1,17,5,3,0,0,0,0,0,0,0,0,0,0,0,1,2,1,4,1
3780,A1,1,21,0,2,0,0,0,0,0,0,0,0,0,1,0,2,0,0,0
3780,B0,0,3,15,3,0,0,0,0,0,0,0,0,0,1,0,1,0,0,0
3780,B1,3,2,1,1,0,0,0,0,0,0,0,0,0,1,0,2,14,43,17
3780,B2,3,0,1,19,0,0,0,0,0,0,0,0,0,1,0,1,3,19,5
3780,C1,18,5,3,0,0,0,0,0,0,0,0,0,0,1,0,2,1,4,1
3795,A1,2,16,0,3,0,0,0,0,0,0,0,0,0,1,0,2,0,0,0
3795,B0,0,1,18,4,0,0,0,0,0,0,0,0,0,1,0,1,0,0,0
3795,B1,2,3,1,1,0,0,0,0,0,0,0,0,0,1,0,2,14,43,17
3795,B2,2,0,2,20,0,0,0,0,0,0,0,0,0,1,0,1,3,19,5
3795,C1,17,3,4,0,0,0,0,0,0,0,0,0,0,1,0,2,1,4,1
3810,A1,3,16,0,4,0,0,0,0,0,0,0,0,0,0,1,2,0,0,0
3810,B0,0,1,18,6,0,0,0,0,0,0,0,0,0,0,1,1,0,0,0
3810,B1,1,1,2,2,0,0,0,0,0,0,0,0,0,0,1,1,14,43,17
3810,B2,1,0,3,20,0,0,0,0,0,0,0,0,0,0,1,1,3,19,5
3810,C1,15,4,3,0,0,0,0,0,0,0,0,0,0,0,1,2,1,4,1
3825,A1,3,20,0,1,0,0,0,0,0,0,0,0,0,0,1,2,0,0,0
3825,B0,0,3,18,1,0,0,0,0,0,0,0,0,0,0,1,1,0,0,0
3825,B1,1,1,2,4,0,0,0,0,0,0,0,0,0,0,1,1,14,43,17
3825,B2,3,0,1,17,0,0,0,0,0,0,0,0,0,0,1,1,3,19,5
3825,C1,16,6,2,0,0,0,0,0,0,0,0,0,0,0,1,2,1,4,1
3840,A1,4,20,0,1,0,0,0,0,0,0,0,0,0,0,1,2,0,0,0
3840,B0,0,3,17,5,0,0,0,0,0,0,0,0,0,0,1,1,0,0,0
3840,B1,1,2,1,1,0,0,0,0,0,0,0,0,0,0,1,2,14,43,17
3840,B2,3,0,1,13,0,0,0,0,0,0,0,0,0,0,1,1,3,19,5
3840,C1,17,9,2,0,0,0,0,0,0,0,0,0,0,0,1,2,1,4,1
3855,A1,3,19,0,2,0,0,0,0,0,0,0,0,0,1,0,2,0,0,0
3855,B0,0,1,19,3,0,0,0,0,0,0,0,0,0,1,0,1,0,0,0
3855,B1,2,5,1,1,0,0,0,0,0,0,0,0,0,1,0,2,14,43,17
3855,B2,1,0,1,17,0,0,0,0,0,0,0,0,0,1,0,1,3,19,5
3855,C1,16,4,3,0,0,0,0,0,0,0,0,0,0,1,0,2,1,4,1
3870,A1,4,14,0,4,0,0,0,0,0,0,0,0,0,1,0,2,0,0,0
3870,B0,0,1,19,4,0,0,0,0,0,0,0,0,0,1,0,1,0,0,0
3870,B1,1,2,2,3,0,0,0,0,0,0,0,0,0,1,0,1,14,43,17
3870,B2,1,0,4,20,0,0,0,0,0,0,0,0,0,1,0,1,3,19,5
3870,C1,15,1,4,0,0,0,0,0,0,0,0,0,0,1,0,2,1,4,1
3885,A1,5,17,0,1,0,0,0,0,0,0,0,0,0,0,1,2,0,0,0
3885,B0,0,2,20,2,0,0,0,0,0,0,0,0,0,0,1,1,0,0,0
3885,B1,1,2,4,1,0,0,0,0,0,0,0,0,0,0,1,1,15,45,18
3885,B2,2,0,2,20,0,0,0,0,0,0,0,0,0,0,1,1,3,19,5
3885,C1,15,2,1,0,0,0,0,0,0,0,0,0,0,0,1,2,1,4,1
3900,A1,6,20,0,1,0,0,0,0,0,0,0,0,0,0,1,2,0,0,0
3900,B0,0,2,19,1,0,0,0,0,0,0,0,0,0,0,1,1,0,0,0
3900,B1,1,3,1,1,0,0,0,0,0,0,0,0,0,0,1,2,15,45,18
3900,B2,2,0,2,19,0,0,0,0,0,0,0,0,0,0,1,1,3,19,5
3900,C1,16,4,1,0,0,0,0,0,0,0,0,0,0,0,1,2,1,4,1
3915,A1,5,20,0,1,0,0,0,0,0,0,0,0,0,1,0,2,0,0,0
3915,B0,0,1,18,6,0,0,0,0,0,0,0,0,0,1,0,1,0,0,0
3915,B1,4,4,1,1,0,0,0,0,0,0,0,0,0,1,0,2,15,45,18
3915,B2,2,0,2,18,0,0,0,0,0,0,0,0,0,1,0,1,3,19,5
3915,C1,16,2,1,0,0,0,0,0,0,0,0,0,0,1,0,2,1,4,1
3930,A1,1,19,0,1,0,0,0,0,0,0,0,0,0,1,0,2,0,0,0
3930,B0,0,1,20,8,0,0,0,0,0,0,0,0,0,1,0,1,0,0,0
3930,B1,4,1,3,2,0,0,0,0,0,0,0,0,0,1,0,1,15,45,18
3930,B2,2,0,2,20,0,0,0,0,0,0,0,0,0,1,0,1,3,19,5
3930,C1,15,1,4,0,0,0,0,0,0,0,0,0,0,1,0,2,1,4,1
3945,A1,1,16,0,1,0,0,0,0,0,0,0,0,0,0,1,2,0,0,0
3945,B0,0,6,20,7,0,0,0,0,0,0,0,0,0,0,1,1,0,0,0
3945,B1,3,1,1,3,0,0,0,0,0,0,0,0,0,0,1,1,15,45,18
3945,B2,1,0,2,20,0,0,0,0,0,0,0,0,0,0,1,1,3,19,5
3945,C1,15,1,5,0,0,0,0,0,0,0,0,0,0,0,1,2,1,4,1
3960,A1,3,20,0,1,0,0,0,0,0,0,0,0,0,0,1,2,0,0,0
3960,B0,0,6,20,2,0,0,0,0,0,0,0,0,0,0,1,1,0,0,0
3960,B1,3,1,1,1,0,0,0,0,0,0,0,0,0,0,1,2,15,45,18
3960,B2,3,0,1,18,0,0,0,0,0,0,0,0,0,0,1,1,3,19,5
3960,C1,13,2,1,0,0,0,0,0,0,0,0,0,0,0,1,2,1,4,1
3975,A1,5,20,0,1,0,0,0,0,0,0,0,0,0,1,0,2,0,0,0
3975,B0,0,6,20,1,0,0,0,0,0,0,0,0,0,1,0,1,0,0,0
3975,B1,3,1,1,1,0,0,0,0,0,0,0,0,0,1,0,2,15,45,18
3975,B2,2,0,1,15,0,0,0,0,0,0,0,0,0,1,0,1,3,19,5
3975,C1,13,4,2,0,0,0,0,0,0,0,0,0,0,1,0,2,1,4,1
3990,A1,1,20,0,1,0,0,0,0,0,0,0,0,0,1,0,2,0,0,0
3990,B0,0,3,20,3,0,0,0,0,0,0,0,0,0,1,0,1,0,0,0
3990,B1,5,3,1,1,0,0,0,0,0,0,0,0,0,1,0,2,15,45,18
3990,B2,1,0,4,18,0,0,0,0,0,0,0,0,0,1,0,1,3,19,5
3990,C1,14,1,2,0,0,0,0,0,0,0,0,0,0,1,0,2,1,4,1
4005,A1,2,19,0,1,0,0,0,0,0,0,0,0,0,1,0,2,0,0,0
4005,B0,0,1,20,4,0,0,0,0,0,0,0,0,0,1,0,1,0,0,0
4005,B1,3,1,2,2,0,0,0,0,0,0,0,0,0,1,0,1,15,45,18
4005,B2,1,0,5,20,0,0,0,0,0,0,0,0,0,1,0,1,3,19,5
4005,C1,11,2,4,0,0,0,0,0,0,0,0,0,0,1,0,2,1,4,1
4020,A1,6,20,0,3,0,0,0,0,0,0,0,0,0,0,1,2,0,0,0
4020,B0,0,2,20,1,0,0,0,0,0,0,0,0,0,0,1,1,0,0,0
4020,B1,3,1,1,2,0,0,0,0,0,0,0,0,0,0,1,2,15,45,18
4020,B2,1,0,5,19,0,0,0,0,0,0,0,0,0,0,1,1,3,19,5
4020,C1,12,3,1,0,0,0,0,0,0,0,0,0,0,0,1,2,1,4,1
4035,A1,8,20,0,1,0,0,0,0,0,0,0,0,0,0,1,2,0,0,0
4035,B0,0,3,17,1,0,0,0,0,0,0,0,0,0,0,1,1,0,0,0
4035,B1,5,2,1,1,0,0,0,0,0,0,0,0,0,0,1,2,15,45,18
4035,B2,1,0,4,17,0,0,0,0,0,0,0,0,0,0,1,1,3,19,5
4035,C1,14,5,1,0,0,0,0,0,0,0,0,0,0,0,1,2,1,4,1
4050,A1,5,20,0,2,0,0,0,0,0,0,0,0,0,1,0,2,0,0,0
4050,B0,0,2,17,2,0,0,0,0,0,0,0,0,0,1,0,1,0,0,0
4050,B1,6,4,1,1,0,0,0,0,0,0,0,0,0,1,0,2,15,45,18
4050,B2,1,0,2,18,0,0,0,0,0,0,0,0,0,1,0,1,3,19,5
4050,C1,17,1,1,0,0,0,0,0,0,0,0,0,0,1,0,2,1,4,1
4065,A1,1,21,0,3,0,0,0,0,0,0,0,0,0,1,0,2,0,0,0
4065,B0,0,2,20,2,0,0,0,0,0,0,0,0,0,1,0,1,0,0,0
4065,B1,6,4,2,1,0,0,0,0,0,0,0,0,0,1,0,2,15,45,18
4065,B2,1,0,3,20,0,0,0,0,0,0,0,0,0,1,0,1,3,19,5
4065,C1,17,2,2,0,0,0,0,0,0,0,0,0,0,1,0,2,1,4,1
4080,A1,3,20,0,1,0,0,0,0,0,0,0,0,0,0,1,2,0,0,0
4080,B0,0,3,20,1,0,0,0,0,0,0,0,0,0,0,1,1,0,0,0
4080,B1,4,2,3,2,0,0,0,0,0,0,0,0,0,0,1,2,15,45,18
4080,B2,3,0,2,20,0,0,0,0,0,0,0,0,0,0,1,1,3,19,5
4080,C1,17,2,1,0,0,0,0,0,0,0,0,0,0,0,1,2,1,4,1
4095,A1,4,20,0,2,0,0,0,0,0,0,0,0,0,0,1,2,0,0,0
4095,B0,0,4,17,2,0,0,0,0,0,0,0,0,0,0,1,1,0,0,0
4095,B1,4,3,2,2,0,0,0,0,0,0,0,0,0,0,1,2,15,45,18
4095,B2,3,0,4,19,0,0,0,0,0,0,0,0,0,0,1,1,3,19,5
4095,C1,17,2,2,0,0,0,0,0,0,0,0,0,0,0,1,2,1,4,1
4110,A1,4,21,0,2,0,0,0,0,0,0,0,0,0,1,0,2,0,0,0
4110,B0,0,3,15,2,0,0,0,0,0,0,0,0,0,1,0,1,0,0,0
4110,B1,4,6,1,1,0,0,0,0,0,0,0,0,0,1,0,2,15,45,18
4110,B2,3,0,2,17,0,0,0,0,0,0,0,0,0,1,0,1,3,19,5
4110,C1,17,3,2,0,0,0,0,0,0,0,0,0,0,1,0,2,1,4,1
4125,A1,1,21,0,2,0,0,0,0,0,0,0,0,0,1,0,2,0,0,0
4125,B0,0,2,15,3,0,0,0,0,0,0,0,0,0,1,0,1,0,0,0
4125,B1,4,5,2,1,0,0,0,0,0,0,0,0,0,1,0,2,15,45,18
4125,B2,1,0,5,19,0,0,0,0,0,0,0,0,0,1,0,1,3,19,5
4125,C1,16,1,4,0,0,0,0,0,0,0,0,0,0,1,0,2,1,4,1
4140,A1,1,19,0,2,0,0,0,0,0,0,0,0,0,0,1,2,0,0,0
4140,B0,0,3,17,3,0,0,0,0,0,0,0,0,0,0,1,1,0,0,0
4140,B1,2,2,2,3,0,0,0,0,0,0,0,0,0,0,1,1,15,45,18
4140,B2,2,0,6,20,0,0,0,0,0,0,0,0,0,0,1,1,3,19,5
4140,C1,15,1,5,0,0,0,0,0,0,0,0,0,0,0,1,2,1,4,1
4155,A1,2,20,0,1,0,0,0,0,0,0,0,0,0,0,1,2,0,0,0
4155,B0,0,4,15,1,0,0,0,0,0,0,0,0,0,0,1,1,0,0,0
4155,B1,2,2,1,3,0,0,0,0,0,0,0,0,0,0,1,1,15,45,18
4155,B2,3,0,2,20,0,0,0,0,0,0,0,0,0,0,1,1,3,19,5
4155,C1,17,2,1,0,0,0,0,0,0,0,0,0,0,0,1,2,1,4,1
4170,A1,3,20,0,1,0,0,0,0,0,0,0,0,0,0,1,2,0,0,0
4170,B0,0,6,12,2,0,0,0,0,0,0,0,0,0,0,1,1,0,0,0
4170,B1,4,3,1,1,0,0,0,0,0,0,0,0,0,0,1,2,15,45,18
4170,B2,3,0,2,20,0,0,0,0,0,0,0,0,0,0,1,1,3,19,5
4170,C1,18,4,3,0,0,0,0,0,0,0,0,0,0,0,1,2,1,4,1
4185,A1,1,18,0,2,0,0,0,0,0,0,0,0,0,1,0,2,0,0,0
4185,B0,0,2,15,4,0,0,0,0,0,0,0,0,0,1,0,1,0,0,0
4185,B1,1,4,1,1,0,0,0,0,0,0,0,0,0,1,0,2,15,45,18
4185,B2,1,0,3,20,0,0,0,0,0,0,0,0,0,1,0,1,3,19,5
4185,C1,18,1,3,0,0,0,0,0,0,0,0,0,0,1,0,2,1,4,1
4200,A1,1,15,0,4,0,0,0,0,0,0,0,0,0,1,0,2,0,0,0
4200,B0,0,1,14,6,0,0,0,0,0,0,0,0,0,1,0,1,0,0,0
4200,B1,1,1,2,3,0,0,0,0,0,0,0,0,0,1,0,1,15,45,18
4200,B2,1,0,5,20,0,0,0,0,0,0,0,0,0,1,0,1,3,19,5
4200,C1,14,2,4,0,0,0,0,0,0,0,0,0,0,1,0,2,1,4,1
4215,A1,2,18,0,1,0,0,0,0,0,0,0,0,0,0,1,2,0,0,0
4215,B0,0,2,14,5,0,0,0,0,0,0,0,0,0,0,1,1,0,0,0
4215,B1,1,1,5,1,0,0,0,0,0,0,0,0,0,0,1,1,15,45,18
4215,B2,2,0,3,20,0,0,0,0,0,0,0,0,0,0,1,1,3,19,5
4215,C1,15,3,1,0,0,0,0,0,0,0,0,0,0,0,1,2,1,4,1
4230,A1,4,20,0,1,0,0,0,0,0,0,0,0,0,0,1,2,0,0,0
4230,B0,0,2,16,4,0,0,0,0,0,0,0,0,0,0,1,1,0,0,0
4230,B1,3,2,2,2,0,0,0,0,0,0,0,0,0,0,1,2,15,45,18
4230,B2,4,0,2,18,0,0,0,0,0,0,0,0,0,0,1,1,3,19,5
4230,C1,15,7,1,0,0,0,0,0,0,0,0,0,0,0,1,2,1,4,1
4245,A1,5,20,0,2,0,0,0,0,0,0,0,0,0,1,0,2,0,0,0
4245,B0,0,1,18,1,0,0,0,0,0,0,0,0,0,1,0,1,0,0,0
4245,B1,2,4,1,1,0,0,0,0,0,0,0,0,0,1,0,2,16,46,19
4245,B2,4,0,1,16,0,0,0,0,0,0,0,0,0,1,0,1,3,19,5
4245,C1,15,5,2,0,0,0,0,0,0,0,0,0,0,1,0,2,1,4,1
4260,A1,1,20,0,2,0,0,0,0,0,0,0,0,0,1,0,2,0,0,0
4260,B0,0,1,17,2,0,0,0,0,0,0,0,0,0,1,0,1,0,0,0
4260,B1,2,2,1,3,0,0,0,0,0,0,0,0,0,1,0,1,16,46,19
4260,B2,1,0,2,20,0,0,0,0,0,0,0,0,0,1,0,1,3,19,5
4260,C1,16,1,3,0,0,0,0,0,0,0,0,0,0,1,0,2,1,4,1
4275,A1,3,17,0,1,0,0,0,0,0,0,0,0,0,0,1,2,0,0,0
4275,B0,0,1,17,2,0,0,0,0,0,0,0,0,0,0,1,1,0,0,0
4275,B1,1,1,3,3,0,0,0,0,0,0,0,0,0,0,1,1,16,46,19
4275,B2,2,0,2,20,0,0,0,0,0,0,0,0,0,0,1,1,3,19,5
4275,C1,17,1,5,0,0,0,0,0,0,0,0,0,0,0,1,2,1,4,1
4290,A1,5,19,0,1,0,0,0,0,0,0,0,0,0,0,1,2,0,0,0
4290,B0,0,2,16,3,0,0,0,0,0,0,0,0,0,0,1,1,0,0,0
4290,B1,1,1,1,3,0,0,0,0,0,0,0,0,0,0,1,1,16,46,19
4290,B2,3,0,2,18,0,0,0,0,0,0,0,0,0,0,1,1,3,19,5
4290,C1,19,3,1,0,0,0,0,0,0,0,0,0,0,0,1,2,1,4,1
4305,A1,7,20,0,1,0,0,0,0,0,0,0,0,0,1,0,2,0,0,0
4305,B0,0,1,15,1,0,0,0,0,0,0,0,0,0,1,0,1,0,0,0
4305,B1,1,1,1,2,0,0,0,0,0,0,0,0,0,1,0,1,16,46,19
4305,B2,5,0,3,15,0,0,0,0,0,0,0,0,0,1,0,1,3,19,5
4305,C1,19,4,3,0,0,0,0,0,0,0,0,0,0,1,0,2,1,4,1
4320,A1,2,20,0,1,0,0,0,0,0,0,0,0,0,1,0,2,0,0,0
4320,B0,0,2,16,4,0,0,0,0,0,0,0,0,0,1,0,1,0,0,0
4320,B1,3,3,1,2,0,0,0,0,0,0,0,0,0,1,0,2,16,46,19
4320,B2,1,0,3,18,0,0,0,0,0,0,0,0,0,1,0,1,3,19,5
4320,C1,19,1,4,0,0,0,0,0,0,0,0,0,0,1,0,2,1,4,1
4335,A1,2,17,0,2,0,0,0,0,0,0,0,0,0,1,0,2,0,0,0
4335,B0,0,1,15,6,0,0,0,0,0,0,0,0,0,1,0,1,0,0,0
4335,B1,1,1,1,4,0,0,0,0,0,0,0,0,0,1,0,1,16,46,19
4335,B2,1,0,5,20,0,0,0,0,0,0,0,0,0,1,0,1,3,19,5
4335,C1,17,1,7,0,0,0,0,0,0,0,0,0,0,1,0,2,1,4,1
4350,A1,3,18,0,1,0,0,0,0,0,0,0,0,0,0,1,2,0,0,0
4350,B0,0,1,15,1,0,0,0,0,0,0,0,0,0,0,1,1,0,0,0
4350,B1,1,1,2,5,0,0,0,0,0,0,0,0,0,0,1,1,16,46,19
4350,B2,1,0,1,20,0,0,0,0,0,0,0,0,0,0,1,1,3,19,5
4350,C1,19,2,3,0,0,0,0,0,0,0,0,0,0,0,1,2,1,4,1
4365,A1,3,20,0,1,0,0,0,0,0,0,0,0,0,0,1,2,0,0,0
4365,B0,0,3,16,3,0,0,0,0,0,0,0,0,0,0,1,1,0,0,0
4365,B1,2,1,2,2,0,0,0,0,0,0,0,0,0,0,1,1,16,46,19
4365,B2,2,0,2,20,0,0,0,0,0,0,0,0,0,0,1,1,3,19,5
4365,C1,19,5,2,0,0,0,0,0,0,0,0,0,0,0,1,2,1,4,1
4380,A1,1,20,0,1,0,0,0,0,0,0,0,0,0,1,0,2,0,0,0
4380,B0,0,2,15,2,0,0,0,0,0,0,0,0,0,1,0,1,0,0,0
4380,B1,3,2,1,1,0,0,0,0,0,0,0,0,0,1,0,2,16,46,19
4380,B2,1,0,5,20,0,0,0,0,0,0,0,0,0,1,0,1,3,19,5
4380,C1,19,3,2,0,0,0,0,0,0,0,0,0,0,1,0,2,1,4,1
4395,A1,2,20,0,3,0,0,0,0,0,0,0,0,0,1,0,2,0,0,0
4395,B0,0,1,15,4,0,0,0,0,0,0,0,0,0,1,0,1,0,0,0
4395,B1,1,1,2,2,0,0,0,0,0,0,0,0,0,1,0,1,16,46,19
4395,B2,2,0,7,20,0,0,0,0,0,0,0,0,0,1,0,1,3,19,5
4395,C1,18,1,5,0,0,0,0,0,0,0,0,0,0,1,0,2,1,4,1
4410,A1,3,19,0,3,0,0,0,0,0,0,0,0,0,0,1,2,0,0,0
4410,B0,0,2,15,3,0,0,0,0,0,0,0,0,0,0,1,1,0,0,0
4410,B1,1,1,2,2,0,0,0,0,0,0,0,0,0,0,1,1,16,46,19
4410,B2,2,0,4,20,0,0,0,0,0,0,0,0,0,0,1,1,3,19,5
4410,C1,18,2,2,0,0,0,0,0,0,0,0,0,0,0,1,2,1,4,1
4425,A1,6,19,0,2,0,0,0,0,0,0,0,0,0,0,1,2,0,0,0
4425,B0,0,3,12,1,0,0,0,0,0,0,0,0,0,0,1,1,0,0,0
4425,B1,1,2,1,2,0,0,0,0,0,0,0,0,0,0,1,1,16,46,19
4425,B2,4,0,1,20,0,0,0,0,0,0,0,0,0,0,1,1,3,19,5
4425,C1,19,4,1,0,0,0,0,0,0,0,0,0,0,0,1,2,1,4,1
4440,A1,5,21,0,1,0,0,0,0,0,0,0,0,0,1,0,2,0,0,0
4440,B0,0,1,11,5,0,0,0,0,0,0,0,0,0,1,0,1,0,0,0
4440,B1,1,1,1,1,0,0,0,0,0,0,0,0,0,1,0,1,16,46,19
4440,B2,2,0,2,20,0,0,0,0,0,0,0,0,0,1,0,1,3,19,5
4440,C1,18,3,1,0,0,0,0,0,0,0,0,0,0,1,0,2,1,4,1
4455,A1,5,21,0,1,0,0,0,0,0,0,0,0,0,1,0,2,0,0,0
4455,B0,0,2,12,7,0,0,0,0,0,0,0,0,0,1,0,1,0,0,0
4455,B1,1,1,1,1,0,0,0,0,0,0,0,0,0,1,0,1,16,46,19
4455,B2,2,0,3,20,0,0,0,0,0,0,0,0,0,1,0,1,3,19,5
4455,C1,16,1,3,0,0,0,0,0,0,0,0,0,0,1,0,2,1,4,1
4470,A1,3,20,0,2,0,0,0,0,0,0,0,0,0,0,1,2,0,0,0
4470,B0,0,3,13,7,0,0,0,0,0,0,0,0,0,0,1,1,0,0,0
4470,B1,1,1,1,2,0,0,0,0,0,0,0,0,0,0,1,1,16,46,19
4470,B2,2,0,5,20,0,0,0,0,0,0,0,0,0,0,1,1,3,19,5
4470,C1,15,1,3,0,0,0,0,0,0,0,0,0,0,0,1,2,1,4,1
4485,A1,4,20,0,1,0,0,0,0,0,0,0,0,0,0,1,2,0,0,0
4485,B0,0,4,14,2,0,0,0,0,0,0,0,0,0,0,1,1,0,0,0
4485,B1,1,1,1,2,0,0,0,0,0,0,0,0,0,0,1,1,16,46,19
4485,B2,3,0,3,19,0,0,0,0,0,0,0,0,0,0,1,1,3,19,5
4485,C1,16,3,1,0,0,0,0,0,0,0,0,0,0,0,1,2,1,4,1
4500,A1,5,20,0,2,0,0,0,0,0,0,0,0,0,0,1,2,0,0,0
4500,B0,0,4,15,2,0,0,0,0,0,0,0,0,0,0,1,1,0,0,0
4500,B1,1,1,1,1,0,0,0,0,0,0,0,0,0,0,1,1,16,46,19
4500,B2,4,0,2,17,0,0,0,0,0,0,0,0,0,0,1,1,3,19,5
4500,C1,16,4,1,0,0,0,0,0,0,0,0,0,0,0,1,2,1,4,1
4515,A1,1,20,0,4,0,0,0,0,0,0,0,0,0,1,0,2,0,0,0
4515,B0,0,1,14,3,0,0,0,0,0,0,0,0,0,1,0,1,0,0,0
4515,B1,1,3,1,1,0,0,0,0,0,0,0,0,0,1,0,2,16,46,19
4515,B2,1,0,4,18,0,0,0,0,0,0,0,0,0,1,0,1,3,19,5
4515,C1,15,9,3,0,0,0,0,0,0,0,0,0,0,1,0,2,1,4,1
4530,A1,1,19,0,5,0,0,0,0,0,0,0,0,0,1,0,2,0,0,0
4530,B0,0,1,15,4,0,0,0,0,0,0,0,0,0,1,0,1,0,0,0
4530,B1,2,1,1,1,0,0,0,0,0,0,0,0,0,1,0,2,16,46,19
4530,B2,2,0,7,20,0,0,0,0,0,0,0,0,0,1,0,1,3,19,5
4530,C1,10,1,4,0,0,0,0,0,0,0,0,0,0,1,0,2,1,4,1
4545,A1,6,18,0,2,0,0,0,0,0,0,0,0,0,0,1,2,0,0,0
4545,B0,0,1,15,1,0,0,0,0,0,0,0,0,0,0,1,1,0,0,0
4545,B1,1,1,3,4,0,0,0,0,0,0,0,0,0,0,1,1,16,46,19
4545,B2,2,0,3,20,0,0,0,0,0,0,0,0,0,0,1,1,3,19,5
4545,C1,9,4,1,0,0,0,0,0,0,0,0,0,0,0,1,2,1,4,1
4560,A1,7,20,0,1,0,0,0,0,0,0,0,0,0,0,1,2,0,0,0
4560,B0,0,3,11,4,0,0,0,0,0,0,0,0,0,0,1,1,0,0,0
4560,B1,1,1,1,3,0,0,0,0,0,0,0,0,0,0,1,1,16,46,19
4560,B2,4,0,1,19,0,0,0,0,0,0,0,0,0,0,1,1,3,19,5
4560,C1,12,6,1,0,0,0,0,0,0,0,0,0,0,0,1,2,1,4,1
4575,A1,4,20,0,1,0,0,0,0,0,0,0,0,0,1,0,2,0,0,0
4575,B0,0,1,10,1,0,0,0,0,0,0,0,0,0,1,0,1,0,0,0
4575,B1,2,2,1,2,0,0,0,0,0,0,0,0,0,1,0,2,16,46,19
4575,B2,3,0,5,17,0,0,0,0,0,0,0,0,0,1,0,1,3,19,5
4575,C1,12,3,1,0,0,0,0,0,0,0,0,0,0,1,0,2,1,4,1
4590,A1,1,20,0,5,0,0,0,0,0,0,0,0,0,1,0,2,0,0,0
4590,B0,0,3,12,2,0,0,0,0,0,0,0,0,0,1,0,1,0,0,0
4590,B1,1,3,1,3,0,0,0,0,0,0,0,0,0,1,0,1,16,46,19
4590,B2,2,0,5,20,0,0,0,0,0,0,0,0,0,1,0,1,3,19,5
4590,C1,12,1,1,0,0,0,0,0,0,0,0,0,0,1,0,2,1,4,1
4605,A1,2,20,0,3,0,0,0,0,0,0,0,0,0,0,1,2,0,0,0
4605,B0,0,2,12,3,0,0,0,0,0,0,0,0,0,0,1,1,0,0,0
4605,B1,1,1,1,2,0,0,0,0,0,0,0,0,0,0,1,1,16,46,19
4605,B2,3,0,5,20,0,0,0,0,0,0,0,0,0,0,1,1,3,19,5
4605,C1,9,1,1,0,0,0,0,0,0,0,0,0,0,0,1,2,1,4,1
4620,A1,4,20,0,1,0,0,0,0,0,0,0,0,0,0,1,2,0,0,0
4620,B0,0,4,11,1,0,0,0,0,0,0,0,0,0,0,1,1,0,0,0
4620,B1,2,1,1,4,0,0,0,0,0,0,0,0,0,0,1,1,16,46,19
4620,B2,4,0,2,19,0,0,0,0,0,0,0,0,0,0,1,1,3,19,5
4620,C1,10,4,1,0,0,0,0,0,0,0,0,0,0,0,1,2,1,4,1
4635,A1,3,20,0,3,0,0,0,0,0,0,0,0,0,1,0,2,0,0,0
4635,B0,0,4,13,2,0,0,0,0,0,0,0,0,0,1,0,1,0,0,0
4635,B1,2,2,1,1,0,0,0,0,0,0,0,0,0,1,0,2,16,46,19
4635,B2,6,0,1,16,0,0,0,0,0,0,0,0,0,1,0,1,3,19,5
4635,C1,10,3,1,0,0,0,0,0,0,0,0,0,0,1,0,2,1,4,1
4650,A1,2,17,0,3,0,0,0,0,0,0,0,0,0,1,0,2,0,0,0
4650,B0,0,1,12,2,0,0,0,0,0,0,0,0,0,1,0,1,0,0,0
4650,B1,1,3,1,1,0,0,0,0,0,0,0,0,0,1,0,2,16,46,19
4650,B2,5,0,4,18,0,0,0,0,0,0,0,0,0,1,0,1,3,19,5
4650,C1,10,1,1,0,0,0,0,0,0,0,0,0,0,1,0,2,1,4,1
4665,A1,5,16,0,3,0,0,0,0,0,0,0,0,0,1,0,2,0,0,0
4665,B0,0,2,16,4,0,0,0,0,0,0,0,0,0,1,0,1,0,0,0
4665,B1,1,1,1,1,0,0,0,0,0,0,0,0,0,1,0,1,16,46,19
4665,B2,2,0,6,20,0,0,0,0,0,0,0,0,0,1,0,1,3,19,5
4665,C1,11,3,2,0,0,0,0,0,0,0,0,0,0,1,0,2,1,4,1
4680,A1,3,19,0,3,0,0,0,0,0,0,0,0,0,0,1,2,0,0,0
4680,B0,0,3,14,1,0,0,0,0,0,0,0,0,0,0,1,1,0,0,0
4680,B1,1,1,3,1,0,0,0,0,0,0,0,0,0,0,1,1,16,46,19
4680,B2,2,0,1,20,0,0,0,0,0,0,0,0,0,0,1,1,3,19,5
4680,C1,11,5,3,0,0,0,0,0,0,0,0,0,0,0,1,2,1,4,1
4695,A1,5,20,0,2,0,0,0,0,0,0,0,0,0,0,1,2,0,0,0
4695,B0,0,3,11,4,0,0,0,0,0,0,0,0,0,0,1,1,0,0,0
4695,B1,2,1,1,1,0,0,0,0,0,0,0,0,0,0,1,2,16,46,19
4695,B2,3,0,2,17,0,0,0,0,0,0,0,0,0,0,1,1,3,19,5
4695,C1,12,6,1,0,0,0,0,0,0,0,0,0,0,0,1,2,1,4,1
4710,A1,3,20,0,1,0,0,0,0,0,0,0,0,0,1,0,2,0,0,0
4710,B0,0,1,11,3,0,0,0,0,0,0,0,0,0,1,0,1,0,0,0
4710,B1,4,2,1,1,0,0,0,0,0,0,0,0,0,1,0,2,16,46,19
4710,B2,3,0,2,16,0,0,0,0,0,0,0,0,0,1,0,1,3,19,5
4710,C1,12,3,2,0,0,0,0,0,0,0,0,0,0,1,0,2,1,4,1
4725,A1,1,20,0,1,0,0,0,0,0,0,0,0,0,1,0,2,0,0,0
4725,B0,0,1,10,4,0,0,0,0,0,0,0,0,0,1,0,1,0,0,0
4725,B1,3,2,2,1,0,0,0,0,0,0,0,0,0,1,0,2,16,46,19
4725,B2,2,0,3,20,0,0,0,0,0,0,0,0,0,1,0,1,3,19,5
4725,C1,12,3,3,0,0,0,0,0,0,0,0,0,0,1,0,2,1,4,1
4740,A1,2,19,0,1,0,0,0,0,0,0,0,0,0,0,1,2,0,0,0
4740,B0,0,3,11,4,0,0,0,0,0,0,0,0,0,0,1,1,0,0,0
4740,B1,1,1,4,1,0,0,0,0,0,0,0,0,0,0,1,1,16,46,19
4740,B2,4,0,1,20,0,0,0,0,0,0,0,0,0,0,1,1,3,19,5
4740,C1,13,3,1,0,0,0,0,0,0,0,0,0,0,0,1,2,1,4,1
4755,A1,4,20,0,1,0,0,0,0,0,0,0,0,0,0,1,2,0,0,0
4755,B0,0,4,11,1,0,0,0,0,0,0,0,0,0,0,1,1,0,0,0
4755,B1,2,2,1,3,0,0,0,0,0,0,0,0,0,0,1,1,16,46,19
4755,B2,5,0,2,16,0,0,0,0,0,0,0,0,0,0,1,1,3,19,5
4755,C1,13,5,1,0,0,0,0,0,0,0,0,0,0,0,1,2,1,4,1
4770,A1,3,20,0,2,0,0,0,0,0,0,0,0,0,1,0,2,0,0,0
4770,B0,0,3,10,2,0,0,0,0,0,0,0,0,0,1,0,1,0,0,0
4770,B1,1,3,1,1,0,0,0,0,0,0,0,0,0,1,0,2,16,46,19
4770,B2,4,0,2,14,0,0,0,0,0,0,0,0,0,1,0,1,3,19,5
4770,C1,13,4,3,0,0,0,0,0,0,0,0,0,0,1,0,2,1,4,1
4785,A1,1,18,0,2,0,0,0,0,0,0,0,0,0,1,0,2,0,0,0
4785,B0,0,2,12,3,0,0,0,0,0,0,0,0,0,1,0,1,0,0,0
4785,B1,1,2,1,1,0,0,0,0,0,0,0,0,0,1,0,2,16,46,19
4785,B2,2,0,2,19,0,0,0,0,0,0,0,0,0,1,0,1,3,19,5
4785,C1,13,1,4,0,0,0,0,0,0,0,0,0,0,1,0,2,1,4,1
4800,A1,3,15,0,2,0,0,0,0,0,0,0,0,0,0,1,2,0,0,0
4800,B0,0,1,12,3,0,0,0,0,0,0,0,0,0,0,1,1,0,0,0
4800,B1,1,2,1,2,0,0,0,0,0,0,0,0,0,0,1,1,16,46,19
4800,B2,3,0,4,20,0,0,0,0,0,0,0,0,0,0,1,1,3,19,5
4800,C1,13,2,4,0,0,0,0,0,0,0,0,0,0,0,1,2,1,4,1
4815,A1,5,18,0,1,0,0,0,0,0,0,0,0,0,0,1,2,0,0,0
4815,B0,0,5,12,1,0,0,0,0,0,0,0,0,0,0,1,1,0,0,0
4815,B1,1,2,4,2,0,0,0,0,0,0,0,0,0,0,1,1,16,46,19
4815,B2,4,0,2,18,0,0,0,0,0,0,0,0,0,0,1,1,3,19,5
4815,C1,16,4,2,0,0,0,0,0,0,0,0,0,0,0,1,2,1,4,1
4830,A1,5,20,0,1,0,0,0,0,0,0,0,0,0,0,1,2,0,0,0
4830,B0,0,6,13,2,0,0,0,0,0,0,0,0,0,0,1,1,0,0,0
4830,B1,3,3,1,1,0,0,0,0,0,0,0,0,0,0,1,2,16,46,19
4830,B2,4,0,1,15,0,0,0,0,0,0,0,0,0,0,1,1,3,19,5
4830,C1,16,5,3,0,0,0,0,0,0,0,0,0,0,0,1,2,1,4,1
4845,A1,1,20,0,2,0,0,0,0,0,0,0,0,0,1,0,2,0,0,0
4845,B0,0,1,15,5,0,0,0,0,0,0,0,0,0,1,0,1,0,0,0
4845,B1,3,5,1,1,0,0,0,0,0,0,0,0,0,1,0,2,17,47,20
4845,B2,1,0,2,18,0,0,0,0,0,0,0,0,0,1,0,1,3,19,5
4845,C1,16,1,5,0,0,0,0,0,0,0,0,0,0,1,0,2,1,4,1
4860,A1,1,16,0,2,0,0,0,0,0,0,0,0,0,1,0,2,0,0,0
4860,B0,0,1,15,8,0,0,0,0,0,0,0,0,0,1,0,1,0,0,0
4860,B1,1,1,2,2,0,0,0,0,0,0,0,0,0,1,0,1,17,47,20
4860,B2,1,0,4,20,0,0,0,0,0,0,0,0,0,1,0,1,3,19,5
4860,C1,11,1,5,0,0,0,0,0,0,0,0,0,0,1,0,2,1,4,1
4875,A1,3,17,0,1,0,0,0,0,0,0,0,0,0,0,1,2,0,0,0
4875,B0,0,6,17,5,0,0,0,0,0,0,0,0,0,0,1,1,0,0,0
4875,B1,1,1,5,1,0,0,0,0,0,0,0,0,0,0,1,1,17,47,20
4875,B2,2,0,1,20,0,0,0,0,0,0,0,0,0,0,1,1,3,19,5
4875,C1,12,2,2,0,0,0,0,0,0,0,0,0,0,0,1,2,1,4,1
4890,A1,6,20,0,1,0,0,0,0,0,0,0,0,0,0,1,2,0,0,0
4890,B0,0,7,17,2,0,0,0,0,0,0,0,0,0,0,1,1,0,0,0
4890,B1,1,3,5,1,0,0,0,0,0,0,0,0,0,0,1,1,17,47,20
4890,B2,3,0,1,16,0,0,0,0,0,0,0,0,0,0,1,1,3,19,5
4890,C1,13,4,1,0,0,0,0,0,0,0,0,0,0,0,1,2,1,4,1
4905,A1,3,20,0,4,0,0,0,0,0,0,0,0,0,1,0,2,0,0,0
4905,B0,0,7,20,2,0,0,0,0,0,0,0,0,0,1,0,1,0,0,0
4905,B1,1,1,4,1,0,0,0,0,0,0,0,0,0,1,0,1,17,47,20
4905,B2,2,0,2,16,0,0,0,0,0,0,0,0,0,1,0,1,3,19,5
4905,C1,13,3,2,0,0,0,0,0,0,0,0,0,0,1,0,2,1,4,1
4920,A1,1,18,0,4,0,0,0,0,0,0,0,0,0,1,0,2,0,0,0
4920,B0,0,2,19,2,0,0,0,0,0,0,0,0,0,1,0,1,0,0,0
4920,B1,2,3,4,1,0,0,0,0,0,0,0,0,0,1,0,1,17,47,20
4920,B2,3,0,4,20,0,0,0,0,0,0,0,0,0,1,0,1,3,19,5
4920,C1,12,2,3,0,0,0,0,0,0,0,0,0,0,1,0,2,1,4,1
4935,A1,2,17,0,4,0,0,0,0,0,0,0,0,0,0,1,2,0,0,0
4935,B0,0,1,19,3,0,0,0,0,0,0,0,0,0,0,1,1,0,0,0
4935,B1,1,1,2,2,0,0,0,0,0,0,0,0,0,0,1,1,17,47,20
4935,B2,2,0,3,20,0,0,0,0,0,0,0,0,0,0,1,1,3,19,5
4935,C1,10,3,1,0,0,0,0,0,0,0,0,0,0,0,1,2,1,4,1
4950,A1,8,19,0,2,0,0,0,0,0,0,0,0,0,0,1,2,0,0,0
4950,B0,0,3,19,1,0,0,0,0,0,0,0,0,0,0,1,1,0,0,0
4950,B1,1,1,3,3,0,0,0,0,0,0,0,0,0,0,1,1,17,47,20
4950,B2,2,0,1,20,0,0,0,0,0,0,0,0,0,0,1,1,3,19,5
4950,C1,9,3,3,0,0,0,0,0,0,0,0,0,0,0,1,2,1,4,1
4965,A1,10,20,0,2,0,0,0,0,0,0,0,0,0,1,0,2,0,0,0
4965,B0,0,3,19,3,0,0,0,0,0,0,0,0,0,1,0,1,0,0,0
4965,B1,1,1,1,1,0,0,0,0,0,0,0,0,0,1,0,1,17,47,20
4965,B2,3,0,5,17,0,0,0,0,0,0,0,0,0,1,0,1,3,19,5
4965,C1,9,4,5,0,0,0,0,0,0,0,0,0,0,1,0,2,1,4,1
4980,A1,5,20,0,2,0,0,0,0,0,0,0,0,0,1,0,2,0,0,0
4980,B0,0,1,18,4,0,0,0,0,0,0,0,0,0,1,0,1,0,0,0
4980,B1,2,1,1,1,0,0,0,0,0,0,0,0,0,1,0,2,17,47,20
4980,B2,1,0,4,19,0,0,0,0,0,0,0,0,0,1,0,1,3,19,5
4980,C1,10,3,7,0,0,0,0,0,0,0,0,0,0,1,0,2,1,4,1
4995,A1,1,19,0,4,0,0,0,0,0,0,0,0,0,1,0,2,0,0,0
4995,B0,0,2,18,5,0,0,0,0,0,0,0,0,0,1,0,1,0,0,0
4995,B1,1,1,1,2,0,0,0,0,0,0,0,0,0,1,0,1,17,47,20
4995,B2,1,0,6,20,0,0,0,0,0,0,0,0,0,1,0,1,3,19,5
4995,C1,9,1,8,0,0,0,0,0,0,0,0,0,0,1,0,2,1,4,1
5010,A1,3,20,0,1,0,0,0,0,0,0,0,0,0,0,1,2,0,0,0
5010,B0,0,3,20,1,0,0,0,0,0,0,0,0,0,0,1,1,0,0,0
5010,B1,1,1,2,3,0,0,0,0,0,0,0,0,0,0,1,1,17,47,20
5010,B2,1,0,1,20,0,0,0,0,0,0,0,0,0,0,1,1,3,19,5
5010,C1,10,2,3,0,0,0,0,0,0,0,0,0,0,0,1,2,1,4,1
5025,A1,5,20,0,1,0,0,0,0,0,0,0,0,0,0,1,2,0,0,0
5025,B0,0,5,17,1,0,0,0,0,0,0,0,0,0,0,1,1,0,0,0
5025,B1,1,2,1,1,0,0,0,0,0,0,0,0,0,0,1,2,17,47,20
5025,B2,2,0,1,19,0,0,0,0,0,0,0,0,0,0,1,1,3,19,5
5025,C1,12,4,2,0,0,0,0,0,0,0,0,0,0,0,1,2,1,4,1
5040,A1,1,20,0,2,0,0,0,0,0,0,0,0,0,1,0,2,0,0,0
5040,B0,0,3,18,3,0,0,0,0,0,0,0,0,0,1,0,1,0,0,0
5040,B1,1,2,1,1,0,0,0,0,0,0,0,0,0,1,0,2,17,47,20
5040,B2,1,0,5,19,0,0,0,0,0,0,0,0,0,1,0,1,3,19,5
5040,C1,13,2,2,0,0,0,0,0,0,0,0,0,0,1,0,2,1,4,1
5055,A1,3,18,0,3,0,0,0,0,0,0,0,0,0,1,0,2,0,0,0
5055,B0,0,1,19,3,0,0,0,0,0,0,0,0,0,1,0,1,0,0,0
5055,B1,2,2,4,3,0,0,0,0,0,0,0,0,0,1,0,1,17,47,20
5055,B2,2,0,7,20,0,0,0,0,0,0,0,0,0,1,0,1,3,19,5
5055,C1,9,2,2,0,0,0,0,0,0,0,0,0,0,1,0,2,1,4,1
5070,A1,3,18,0,1,0,0,0,0,0,0,0,0,0,0,1,2,0,0,0
5070,B0,0,3,19,1,0,0,0,0,0,0,0,0,0,0,1,1,0,0,0
5070,B1,1,1,3,2,0,0,0,0,0,0,0,0,0,0,1,1,17,47,20
5070,B2,1,0,6,20,0,0,0,0,0,0,0,0,0,0,1,1,3,19,5
5070,C1,12,3,1,0,0,0,0,0,0,0,0,0,0,0,1,2,1,4,1
5085,A1,5,20,0,2,0,0,0,0,0,0,0,0,0,0,1,2,0,0,0
5085,B0,0,3,14,1,0,0,0,0,0,0,0,0,0,0,1,1,0,0,0
5085,B1,1,1,2,2,0,0,0,0,0,0,0,0,0,0,1,1,17,47,20
5085,B2,2,0,1,20,0,0,0,0,0,0,0,0,0,0,1,1,3,19,5
5085,C1,11,6,1,0,0,0,0,0,0,0,0,0,0,0,1,2,1,4,1
5100,A1,5,20,0,1,0,0,0,0,0,0,0,0,0,1,0,2,0,0,0
5100,B0,0,3,11,3,0,0,0,0,0,0,0,0,0,1,0,1,0,0,0
5100,B1,5,1,1,1,0,0,0,0,0,0,0,0,0,1,0,2,18,49,21
5100,B2,2,0,2,20,0,0,0,0,0,0,0,0,0,1,0,1,3,19,5
5100,C1,11,5,2,0,0,0,0,0,0,0,0,0,0,1,0,2,1,4,1
5115,A1,4,20,0,1,0,0,0,0,0,0,0,0,0,1,0,2,0,0,0
5115,B0,0,3,11,3,0,0,0,0,0,0,0,0,0,1,0,1,0,0,0
5115,B1,6,1,1,1,0,0,0,0,0,0,0,0,0,1,0,2,18,49,21
5115,B2,1,0,3,20,0,0,0,0,0,0,0,0,0,1,0,1,3,19,5
5115,C1,11,1,3,0,0,0,0,0,0,0,0,0,0,1,0,2,1,4,1
5130,A1,1,17,0,1,0,0,0,0,0,0,0,0,0,0,1,2,0,0,0
5130,B0,0,2,11,3,0,0,0,0,0,0,0,0,0,0,1,1,0,0,0
5130,B1,5,1,1,2,0,0,0,0,0,0,0,0,0,0,1,2,19,52,22
5130,B2,1,0,3,20,0,0,0,0,0,0,0,0,0,0,1,1,3,19,5
5130,C1,8,4,4,0,0,0,0,0,0,0,0,0,0,0,1,2,1,4,1
5145,A1,1,19,0,1,0,0,0,0,0,0,0,0,0,0,1,2,0,0,0
5145,B0,0,3,9,1,0,0,0,0,0,0,0,0,0,0,1,1,0,0,0
5145,B1,5,1,1,1,0,0,0,0,0,0,0,0,0,0,1,2,19,52,22
5145,B2,2,0,2,20,0,0,0,0,0,0,0,0,0,0,1,1,3,19,5
5145,C1,8,6,2,0,0,0,0,0,0,0,0,0,0,0,1,2,1,4,1
5160,A1,4,20,0,1,0,0,0,0,0,0,0,0,0,0,1,2,0,0,0
5160,B0,0,5,9,2,0,0,0,0,0,0,0,0,0,0,1,1,0,0,0
5160,B1,7,1,1,1,0,0,0,0,0,0,0,0,0,0,1,2,19,52,22
5160,B2,5,0,7,18,0,0,0,0,0,0,0,0,0,0,1,1,3,19,5
5160,C1,9,8,1,0,0,0,0,0,0,0,0,0,0,0,1,2,1,4,1
5175,A1,4,20,0,2,0,0,0,0,0,0,0,0,0,1,0,2,0,0,0
5175,B0,0,1,11,5,0,0,0,0,0,0,0,0,0,1,0,1,0,0,0
5175,B1,6,1,1,1,0,0,0,0,0,0,0,0,0,1,0,2,19,52,22
5175,B2,3,0,1,18,0,0,0,0,0,0,0,0,0,1,0,1,3,19,5
5175,C1,11,2,4,0,0,0,0,0,0,0,0,0,0,1,0,2,1,4,1
5190,A1,1,18,0,2,0,0,0,0,0,0,0,0,0,1,0,2,0,0,0
5190,B0,0,3,10,8,0,0,0,0,0,0,0,0,0,1,0,1,0,0,0
5190,B1,6,1,1,2,0,0,0,0,0,0,0,0,0,1,0,2,19,52,22
5190,B2,2,0,3,20,0,0,0,0,0,0,0,0,0,1,0,1,3,19,5
5190,C1,12,3,4,0,0,0,0,0,0,0,0,0,0,1,0,2,1,4,1
5205,A1,2,18,0,1,0,0,0,0,0,0,0,0,0,0,1,2,0,0,0
5205,B0,0,4,11,3,0,0,0,0,0,0,0,0,0,0,1,1,0,0,0
5205,B1,4,1,2,2,0,0,0,0,0,0,0,0,0,0,1,2,19,52,22
5205,B2,3,0,4,19,0,0,0,0,0,0,0,0,0,0,1,1,3,19,5
5205,C1,10,1,1,0,0,0,0,0,0,0,0,0,0,0,1,2,1,4,1
5220,A1,4,20,0,1,0,0,0,0,0,0,0,0,0,0,1,2,0,0,0
5220,B0,0,6,10,1,0,0,0,0,0,0,0,0,0,0,1,1,0,0,0
5220,B1,5,1,1,1,0,0,0,0,0,0,0,0,0,0,1,2,19,52,22
5220,B2,3,0,1,15,0,0,0,0,0,0,0,0,0,0,1,1,3,19,5
5220,C1,11,3,2,0,0,0,0,0,0,0,0,0,0,0,1,2,1,4,1
5235,A1,3,20,0,3,0,0,0,0,0,0,0,0,0,1,0,2,0,0,0
5235,B0,0,3,10,4,0,0,0,0,0,0,0,0,0,1,0,1,0,0,0
5235,B1,5,6,1,1,0,0,0,0,0,0,0,0,0,1,0,2,19,52,22
5235,B2,2,0,2,16,0,0,0,0,0,0,0,0,0,1,0,1,3,19,5
5235,C1,12,3,1,0,0,0,0,0,0,0,0,0,0,1,0,2,1,4,1
5250,A1,1,17,0,5,0,0,0,0,0,0,0,0,0,1,0,2,0,0,0
5250,B0,0,2,12,6,0,0,0,0,0,0,0,0,0,1,0,1,0,0,0
5250,B1,6,3,1,2,0,0,0,0,0,0,0,0,0,1,0,2,19,52,22
5250,B2,1,0,5,20,0,0,0,0,0,0,0,0,0,1,0,1,3,19,5
5250,C1,7,1,2,0,0,0,0,0,0,0,0,0,0,1,0,2,1,4,1
5265,A1,3,17,0,3,0,0,0,0,0,0,0,0,0,0,1,2,0,0,0
5265,B0,0,6,12,4,0,0,0,0,0,0,0,0,0,0,1,1,0,0,0
5265,B1,5,1,1,3,0,0,0,0,0,0,0,0,0,0,1,2,20,56,23
5265,B2,2,0,3,20,0,0,0,0,0,0,0,0,0,0,1,1,3,19,5
5265,C1,9,3,4,0,0,0,0,0,0,0,0,0,0,0,1,2,1,4,1
5280,A1,4,20,0,1,0,0,0,0,0,0,0,0,0,0,1,2,0,0,0
5280,B0,0,8,11,4,0,0,0,0,0,0,0,0,0,0,1,1,0,0,0
5280,B1,5,1,3,3,0,0,0,0,0,0,0,0,0,0,1,1,20,56,23
5280,B2,3,0,1,19,0,0,0,0,0,0,0,0,0,0,1,1,3,19,5
5280,C1,7,1,1,0,0,0,0,0,0,0,0,0,0,0,1,2,1,4,1
5295,A1,4,20,0,2,0,0,0,0,0,0,0,0,0,1,0,2,0,0,0
5295,B0,0,8,8,1,0,0,0,0,0,0,0,0,0,1,0,1,0,0,0
5295,B1,5,1,1,1,0,0,0,0,0,0,0,0,0,1,0,2,20,56,23
5295,B2,2,0,2,16,0,0,0,0,0,0,0,0,0,1,0,1,3,19,5
5295,C1,10,1,1,0,0,0,0,0,0,0,0,0,0,1,0,2,1,4,1
5310,A1,5,20,0,4,0,0,0,0,0,0,0,0,0,1,0,2,0,0,0
5310,B0,0,5,13,2,0,0,0,0,0,0,0,0,0,1,0,1,0,0,0
5310,B1,7,3,1,1,0,0,0,0,0,0,0,0,0,1,0,2,20,56,23
5310,B2,1,0,4,16,0,0,0,0,0,0,0,0,0,1,0,1,3,19,5
5310,C1,10,2,3,0,0,0,0,0,0,0,0,0,0,1,0,2,1,4,1
5325,A1,1,17,0,6,0,0,0,0,0,0,0,0,0,1,0,2,0,0,0
5325,B0,0,1,13,5,0,0,0,0,0,0,0,0,0,1,0,1,0,0,0
5325,B1,5,1,1,4,0,0,0,0,0,0,0,0,0,1,0,1,20,56,23
5325,B2,2,0,7,17,0,0,0,0,0,0,0,0,0,1,0,1,3,19,5
5325,C1,8,2,3,0,0,0,0,0,0,0,0,0,0,1,0,2,1,4,1
5340,A1,4,18,0,3,0,0,0,0,0,0,0,0,0,0,1,2,0,0,0
5340,B0,0,1,13,1,0,0,0,0,0,0,0,0,0,0,1,1,0,0,0
5340,B1,5,1,4,2,0,0,0,0,0,0,0,0,0,0,1,1,21,60,24
5340,B2,2,0,4,17,0,0,0,0,0,0,0,0,0,0,1,1,3,19,5
5340,C1,8,3,1,0,0,0,0,0,0,0,0,0,0,0,1,2,1,4,1
5355,A1,6,20,0,1,0,0,0,0,0,0,0,0,0,0,1,2,0,0,0
5355,B0,0,1,11,1,0,0,0,0,0,0,0,0,0,0,1,1,0,0,0
5355,B1,5,1,2,1,0,0,0,0,0,0,0,0,0,0,1,2,21,60,24
5355,B2,3,0,2,18,0,0,0,0,0,0,0,0,0,0,1,1,3,19,5
5355,C1,9,4,1,0,0,0,0,0,0,0,0,0,0,0,1,2,1,4,1
5370,A1,2,20,0,2,0,0,0,0,0,0,0,0,0,1,0,2,0,0,0
5370,B0,0,2,13,1,0,0,0,0,0,0,0,0,0,1,0,1,0,0,0
5370,B1,7,1,2,1,0,0,0,0,0,0,0,0,0,1,0,2,21,60,24
5370,B2,3,0,4,17,0,0,0,0,0,0,0,0,0,1,0,1,3,19,5
5370,C1,10,1,1,0,0,0,0,0,0,0,0,0,0,1,0,2,1,4,1
5385,A1,2,17,0,1,0,0,0,0,0,0,0,0,0,1,0,2,0,0,0
5385,B0,0,2,13,2,0,0,0,0,0,0,0,0,0,1,0,1,0,0,0
5385,B1,3,1,2,2,0,0,0,0,0,0,0,0,0,1,0,1,21,60,24
5385,B2,1,0,6,17,0,0,0,0,0,0,0,0,0,1,0,1,3,19,5
5385,C1,10,1,1,0,0,0,0,0,0,0,0,0,0,1,0,2,1,4,1
5400,A1,4,17,0,4,0,0,0,0,0,0,0,0,0,0,1,2,0,0,0
5400,B0,0,2,13,1,0,0,0,0,0,0,0,0,0,0,1,1,0,0,0
5400,B1,2,1,4,1,0,0,0,0,0,0,0,0,0,0,1,1,21,60,24
5400,B2,2,0,8,17,0,0,0,0,0,0,0,0,0,0,1,1,3,19,5
5400,C1,11,2,2,0,0,0,0,0,0,0,0,0,0,0,1,2,1,4,1
5415,A1,5,20,0,1,0,0,0,0,0,0,0,0,0,0,1,2,0,0,0
5415,B0,0,2,14,1,0,0,0,0,0,0,0,0,0,0,1,1,0,0,0
5415,B1,2,1,2,1,0,0,0,0,0,0,0,0,0,0,1,1,21,60,24
5415,B2,2,0,2,17,0,0,0,0,0,0,0,0,0,0,1,1,3,19,5
5415,C1,10,4,2,0,0,0,0,0,0,0,0,0,0,0,1,2,1,4,1
5430,A1,5,20,0,1,0,0,0,0,0,0,0,0,0,1,0,2,0,0,0
5430,B0,0,2,15,3,0,0,0,0,0,0,0,0,0,1,0,1,0,0,0
5430,B1,1,1,1,1,0,0,0,0,0,0,0,0,0,1,0,1,21,60,24
5430,B2,1,0,3,19,0,0,0,0,0,0,0,0,0,1,0,1,3,19,5
5430,C1,10,3,2,0,0,0,0,0,0,0,0,0,0,1,0,2,1,4,1
5445,A1,1,20,0,3,0,0,0,0,0,0,0,0,0,1,0,2,0,0,0
5445,B0,0,1,15,3,0,0,0,0,0,0,0,0,0,1,0,1,0,0,0
5445,B1,1,1,1,1,0,0,0,0,0,0,0,0,0,1,0,1,21,60,24
5445,B2,1,0,4,20,0,0,0,0,0,0,0,0,0,1,0,1,3,19,5
5445,C1,9,2,5,0,0,0,0,0,0,0,0,0,0,1,0,2,1,4,1
5460,A1,1,20,0,6,0,0,0,0,0,0,0,0,0,0,1,2,0,0,0
5460,B0,0,1,15,2,0,0,0,0,0,0,0,0,0,0,1,1,0,0,0
5460,B1,1,1,2,1,0,0,0,0,0,0,0,0,0,0,1,1,21,60,24
5460,B2,1,0,4,20,0,0,0,0,0,0,0,0,0,0,1,1,3,19,5
5460,C1,7,2,7,0,0,0,0,0,0,0,0,0,0,0,1,2,1,4,1
5475,A1,2,20,0,1,0,0,0,0,0,0,0,0,0,0,1,2,0,0,0
5475,B0,0,2,15,1,0,0,0,0,0,0,0,0,0,0,1,1,0,0,0
5475,B1,1,1,1,5,0,0,0,0,0,0,0,0,0,0,1,1,21,60,24
5475,B2,2,0,1,20,0,0,0,0,0,0,0,0,0,0,1,1,3,19,5
5475,C1,9,5,2,0,0,0,0,0,0,0,0,0,0,0,1,2,1,4,1
5490,A1,6,20,0,2,0,0,0,0,0,0,0,0,0,0,1,2,0,0,0
5490,B0,0,2,15,1,0,0,0,0,0,0,0,0,0,0,1,1,0,0,0
5490,B1,1,2,1,2,0,0,0,0,0,0,0,0,0,0,1,1,21,60,24
5490,B2,2,0,4,19,0,0,0,0,0,0,0,0,0,0,1,1,3,19,5
5490,C1,10,7,1,0,0,0,0,0,0,0,0,0,0,0,1,2,1,4,1
5505,A1,1,20,0,2,0,0,0,0,0,0,0,0,0,1,0,2,0,0,0
5505,B0,0,1,15,2,0,0,0,0,0,0,0,0,0,1,0,1,0,0,0
5505,B1,1,3,1,2,0,0,0,0,0,0,0,0,0,1,0,2,21,60,24
5505,B2,1,0,6,19,0,0,0,0,0,0,0,0,0,1,0,1,3,19,5
5505,C1,11,3,1,0,0,0,0,0,0,0,0,0,0,1,0,2,1,4,1
5520,A1,1,17,0,3,0,0,0,0,0,0,0,0,0,1,0,2,0,0,0
5520,B0,0,1,17,3,0,0,0,0,0,0,0,0,0,1,0,1,0,0,0
5520,B1,1,1,1,4,0,0,0,0,0,0,0,0,0,1,0,1,21,60,24
5520,B2,1,0,6,20,0,0,0,0,0,0,0,0,0,1,0,1,3,19,5
5520,C1,9,3,2,0,0,0,0,0,0,0,0,0,0,1,0,2,1,4,1
5535,A1,2,16,0,1,0,0,0,0,0,0,0,0,0,0,1,2,0,0,0
5535,B0,0,1,17,1,0,0,0,0,0,0,0,0,0,0,1,1,0,0,0
5535,B1,1,1,2,2,0,0,0,0,0,0,0,0,0,0,1,1,21,60,24
5535,B2,1,0,8,20,0,0,0,0,0,0,0,0,0,0,1,1,3,19,5
5535,C1,11,5,2,0,0,0,0,0,0,0,0,0,0,0,1,2,1,4,1
5550,A1,3,20,0,2,0,0,0,0,0,0,0,0,0,0,1,2,0,0,0
5550,B0,0,1,14,1,0,0,0,0,0,0,0,0,0,0,1,1,0,0,0
5550,B1,1,1,3,2,0,0,0,0,0,0,0,0,0,0,1,1,21,60,24
5550,B2,1,0,3,21,0,0,0,0,0,0,0,0,0,0,1,1,3,19,5
5550,C1,14,5,1,0,0,0,0,0,0,0,0,0,0,0,1,2,1,4,1
5565,A1,1,20,0,2,0,0,0,0,0,0,0,0,0,1,0,2,0,0,0
5565,B0,0,1,13,3,0,0,0,0,0,0,0,0,0,1,0,1,0,0,0
5565,B1,2,2,2,1,0,0,0,0,0,0,0,0,0,1,0,2,22,62,25
5565,B2,1,0,4,20,0,0,0,0,0,0,0,0,0,1,0,1,3,19,5
5565,C1,14,3,2,0,0,0,0,0,0,0,0,0,0,1,0,2,1,4,1
5580,A1,3,16,0,2,0,0,0,0,0,0,0,0,0,1,0,2,0,0,0
5580,B0,0,1,14,5,0,0,0,0,0,0,0,0,0,1,0,1,0,0,0
5580,B1,2,1,2,1,0,0,0,0,0,0,0,0,0,1,0,1,22,62,25
5580,B2,1,0,4,20,0,0,0,0,0,0,0,0,0,1,0,1,3,19,5
5580,C1,14,2,2,0,0,0,0,0,0,0,0,0,0,1,0,2,1,4,1
5595,A1,2,17,0,3,0,0,0,0,0,0,0,0,0,0,1,2,0,0,0
5595,B0,0,2,15,5,0,0,0,0,0,0,0,0,0,0,1,1,0,0,0
5595,B1,1,1,4,1,0,0,0,0,0,0,0,0,0,0,1,1,22,62,25
5595,B2,1,0,3,20,0,0,0,0,0,0,0,0,0,0,1,1,3,19,5
5595,C1,14,4,1,0,0,0,0,0,0,0,0,0,0,0,1,2,1,4,1
5610,A1,2,20,0,1,0,0,0,0,0,0,0,0,0,0,1,2,0,0,0
5610,B0,0,2,16,6,0,0,0,0,0,0,0,0,0,0,1,1,0,0,0
5610,B1,1,1,2,2,0,0,0,0,0,0,0,0,0,0,1,1,22,62,25
5610,B2,2,0,1,17,0,0,0,0,0,0,0,0,0,0,1,1,3,19,5
5610,C1,14,7,1,0,0,0,0,0,0,0,0,0,0,0,1,2,1,4,1
5625,A1,2,20,0,2,0,0,0,0,0,0,0,0,0,1,0,2,0,0,0
5625,B0,0,3,16,4,0,0,0,0,0,0,0,0,0,1,0,1,0,0,0
5625,B1,1,3,1,1,0,0,0,0,0,0,0,0,0,1,0,2,23,63,26
5625,B2,1,0,1,14,0,0,0,0,0,0,0,0,0,1,0,1,3,19,5
5625,C1,14,8,2,0,0,0,0,0,0,0,0,0,0,1,0,2,1,4,1
5640,A1,2,19,0,2,0,0,0,0,0,0,0,0,0,1,0,2,0,0,0
5640,B0,0,2,18,6,0,0,0,0,0,0,0,0,0,1,0,1,0,0,0
5640,B1,3,2,1,1,0,0,0,0,0,0,0,0,0,1,0,2,23,63,26
5640,B2,1,0,3,18,0,0,0,0,0,0,0,0,0,1,0,1,3,19,5
5640,C1,15,4,3,0,0,0,0,0,0,0,0,0,0,1,0,2,1,4,1
5655,A1,4,15,0,3,0,0,0,0,0,0,0,0,0,1,0,2,0,0,0
5655,B0,0,2,17,8,0,0,0,0,0,0,0,0,0,1,0,1,0,0,0
5655,B1,1,1,3,1,0,0,0,0,0,0,0,0,0,1,0,1,23,63,26
5655,B2,1,0,5,20,0,0,0,0,0,0,0,0,0,1,0,1,3,19,5
5655,C1,14,2,3,0,0,0,0,0,0,0,0,0,0,1,0,2,1,4,1
5670,A1,4,17,0,1,0,0,0,0,0,0,0,0,0,0,1,2,0,0,0
5670,B0,0,5,18,2,0,0,0,0,0,0,0,0,0,0,1,1,0,0,0
5670,B1,1,1,4,2,0,0,0,0,0,0,0,0,0,0,1,1,23,63,26
5670,B2,1,0,1,20,0,0,0,0,0,0,0,0,0,0,1,1,3,19,5
5670,C1,14,3,3,0,0,0,0,0,0,0,0,0,0,0,1,2,1,4,1
5685,A1,6,20,0,1,0,0,0,0,0,0,0,0,0,0,1,2,0,0,0
5685,B0,0,5,16,5,0,0,0,0,0,0,0,0,0,0,1,1,0,0,0
5685,B1,2,3,2,1,0,0,0,0,0,0,0,0,0,0,1,2,23,63,26
5685,B2,3,0,4,16,0,0,0,0,0,0,0,0,0,0,1,1,3,19,5
5685,C1,14,3,1,0,0,0,0,0,0,0,0,0,0,0,1,2,1,4,1
5700,A1,2,20,0,2,0,0,0,0,0,0,0,0,0,1,0,2,0,0,0
5700,B0,0,3,16,6,0,0,0,0,0,0,0,0,0,1,0,1,0,0,0
5700,B1,3,2,1,1,0,0,0,0,0,0,0,0,0,1,0,2,23,63,26
5700,B2,1,0,2,16,0,0,0,0,0,0,0,0,0,1,0,1,3,19,5
5700,C1,14,1,2,0,0,0,0,0,0,0,0,0,0,1,0,2,1,4,1
5715,A1,2,19,0,3,0,0,0,0,0,0,0,0,0,1,0,2,0,0,0
5715,B0,0,1,20,8,0,0,0,0,0,0,0,0,0,1,0,1,0,0,0
5715,B1,3,3,1,1,0,0,0,0,0,0,0,0,0,1,0,2,23,63,26
5715,B2,2,0,2,19,0,0,0,0,0,0,0,0,0,1,0,1,3,19,5
5715,C1,16,1,3,0,0,0,0,0,0,0,0,0,0,1,0,2,1,4,1
5730,A1,4,18,0,1,0,0,0,0,0,0,0,0,0,0,1,2,0,0,0
5730,B0,0,1,20,7,0,0,0,0,0,0,0,0,0,0,1,1,0,0,0
5730,B1,2,1,5,2,0,0,0,0,0,0,0,0,0,0,1,1,23,63,26
5730,B2,3,0,1,20,0,0,0,0,0,0,0,0,0,0,1,1,3,19,5
5730,C1,14,4,1,0,0,0,0,0,0,0,0,0,0,0,1,2,1,4,1
5745,A1,6,20,0,2,0,0,0,0,0,0,0,0,0,0,1,2,0,0,0
5745,B0,0,2,20,2,0,0,0,0,0,0,0,0,0,0,1,1,0,0,0
5745,B1,3,2,2,1,0,0,0,0,0,0,0,0,0,0,1,2,23,63,26
5745,B2,4,0,2,16,0,0,0,0,0,0,0,0,0,0,1,1,3,19,5
5745,C1,16,4,2,0,0,0,0,0,0,0,0,0,0,0,1,2,1,4,1
5760,A1,8,20,0,3,0,0,0,0,0,0,0,0,0,1,0,2,0,0,0
5760,B0,0,1,20,1,0,0,0,0,0,0,0,0,0,1,0,1,0,0,0
5760,B1,1,3,1,1,0,0,0,0,0,0,0,0,0,1,0,2,23,63,26
5760,B2,4,0,3,15,0,0,0,0,0,0,0,0,0,1,0,1,3,19,5
5760,C1,18,5,4,0,0,0,0,0,0,0,0,0,0,1,0,2,1,4,1
5775,A1,2,20,0,3,0,0,0,0,0,0,0,0,0,1,0,2,0,0,0
5775,B0,0,1,20,1,0,0,0,0,0,0,0,0,0,1,0,1,0,0,0
5775,B1,2,1,1,1,0,0,0,0,0,0,0,0,0,1,0,2,23,63,26
5775,B2,1,0,4,16,0,0,0,0,0,0,0,0,0,1,0,1,3,19,5
5775,C1,19,1,6,0,0,0,0,0,0,0,0,0,0,1,0,2,1,4,1
5790,A1,3,19,0,4,0,0,0,0,0,0,0,0,0,0,1,2,0,0,0
5790,B0,0,2,20,6,0,0,0,0,0,0,0,0,0,0,1,1,0,0,0
5790,B1,1,1,3,2,0,0,0,0,0,0,0,0,0,0,1,1,23,63,26
5790,B2,1,0,5,16,0,0,0,0,0,0,0,0,0,0,1,1,3,19,5
5790,C1,17,3,6,0,0,0,0,0,0,0,0,0,0,0,1,2,1,4,1
5805,A1,5,20,0,2,0,0,0,0,0,0,0,0,0,0,1,2,0,0,0
5805,B0,0,2,16,2,0,0,0,0,0,0,0,0,0,0,1,1,0,0,0
5805,B1,1,1,1,2,0,0,0,0,0,0,0,0,0,0,1,1,23,63,26
5805,B2,2,0,2,16,0,0,0,0,0,0,0,0,0,0,1,1,3,19,5
5805,C1,17,4,3,0,0,0,0,0,0,0,0,0,0,0,1,2,1,4,1
5820,A1,10,20,0,2,0,0,0,0,0,0,0,0,0,0,1,2,0,0,0
5820,B0,0,2,12,1,0,0,0,0,0,0,0,0,0,0,1,1,0,0,0
5820,B1,2,1,1,1,0,0,0,0,0,0,0,0,0,0,1,2,23,63,26
5820,B2,5,0,4,16,0,0,0,0,0,0,0,0,0,0,1,1,3,19,5
5820,C1,18,6,2,0,0,0,0,0,0,0,0,0,0,0,1,2,1,4,1
5835,A1,5,20,0,2,0,0,0,0,0,0,0,0,0,1,0,2,0,0,0
5835,B0,0,1,18,4,0,0,0,0,0,0,0,0,0,1,0,1,0,0,0
5835,B1,3,3,1,1,0,0,0,0,0,0,0,0,0,1,0,2,23,63,26
5835,B2,1,0,4,16,0,0,0,0,0,0,0,0,0,1,0,1,3,19,5
5835,C1,18,1,2,0,0,0,0,0,0,0,0,0,0,1,0,2,1,4,1
5850,A1,2,20,0,3,0,0,0,0,0,0,0,0,0,1,0,2,0,0,0
5850,B0,0,1,20,6,0,0,0,0,0,0,0,0,0,1,0,1,0,0,0
5850,B1,2,1,2,2,0,0,0,0,0,0,0,0,0,1,0,1,23,63,26
5850,B2,2,0,6,17,0,0,0,0,0,0,0,0,0,1,0,1,3,19,5
5850,C1,19,2,2,0,0,0,0,0,0,0,0,0,0,1,0,2,1,4,1
5865,A1,1,20,0,1,0,0,0,0,0,0,0,0,0,0,1,2,0,0,0
5865,B0,0,2,20,2,0,0,0,0,0,0,0,0,0,0,1,1,0,0,0
5865,B1,2,1,2,1,0,0,0,0,0,0,0,0,0,0,1,1,23,63,26
5865,B2,2,0,2,18,0,0,0,0,0,0,0,0,0,0,1,1,3,19,5
5865,C1,18,3,1,0,0,0,0,0,0,0,0,0,0,0,1,2,1,4,1
5880,A1,3,20,0,2,0,0,0,0,0,0,0,0,0,0,1,2,0,0,0
5880,B0,0,1,18,1,0,0,0,0,0,0,0,0,0,0,1,1,0,0,0
5880,B1,2,3,1,1,0,0,0,0,0,0,0,0,0,0,1,2,23,63,26
5880,B2,4,0,1,17,0,0,0,0,0,0,0,0,0,0,1,1,3,19,5
5880,C1,20,5,3,0,0,0,0,0,0,0,0,0,0,0,1,2,1,4,1
5895,A1,1,20,0,2,0,0,0,0,0,0,0,0,0,1,0,2,0,0,0
5895,B0,0,1,17,2,0,0,0,0,0,0,0,0,0,1,0,1,0,0,0
5895,B1,3,3,1,1,0,0,0,0,0,0,0,0,0,1,0,2,23,63,26
5895,B2,1,0,4,17,0,0,0,0,0,0,0,0,0,1,0,1,3,19,5
5895,C1,20,4,2,0,0,0,0,0,0,0,0,0,0,1,0,2,1,4,1
5910,A1,1,16,0,3,0,0,0,0,0,0,0,0,0,1,0,2,0,0,0
5910,B0,0,2,20,5,0,0,0,0,0,0,0,0,0,1,0,1,0,0,0
5910,B1,2,2,1,1,0,0,0,0,0,0,0,0,0,1,0,2,23,63,26
5910,B2,1,0,5,18,0,0,0,0,0,0,0,0,0,1,0,1,3,19,5
5910,C1,18,4,3,0,0,0,0,0,0,0,0,0,0,1,0,2,1,4,1
5925,A1,4,14,0,5,0,0,0,0,0,0,0,0,0,0,1,2,0,0,0
5925,B0,0,1,20,5,0,0,0,0,0,0,0,0,0,0,1,1,0,0,0
5925,B1,1,1,2,3,0,0,0,0,0,0,0,0,0,0,1,1,24,67,27
5925,B2,2,0,4,19,0,0,0,0,0,0,0,0,0,0,1,1,3,19,5
5925,C1,17,3,1,0,0,0,0,0,0,0,0,0,0,0,1,2,1,4,1
5940,A1,5,19,0,1,0,0,0,0,0,0,0,0,0,0,1,2,0,0,0
5940,B0,0,2,20,2,0,0,0,0,0,0,0,0,0,0,1,1,0,0,0
5940,B1,1,1,3,3,0,0,0,0,0,0,0,0,0,0,1,1,24,67,27
5940,B2,3,0,4,17,0,0,0,0,0,0,0,0,0,0,1,1,3,19,5
5940,C1,19,4,2,0,0,0,0,0,0,0,0,0,0,0,1,2,1,4,1
5955,A1,5,20,0,1,0,0,0,0,0,0,0,0,0,1,0,2,0,0,0
5955,B0,0,2,19,6,0,0,0,0,0,0,0,0,0,1,0,1,0,0,0
5955,B1,2,3,1,1,0,0,0,0,0,0,0,0,0,1,0,2,24,67,27
5955,B2,4,0,3,16,0,0,0,0,0,0,0,0,0,1,0,1,3,19,5
5955,C1,19,6,2,0,0,0,0,0,0,0,0,0,0,1,0,2,1,4,1
5970,A1,3,19,0,3,0,0,0,0,0,0,0,0,0,1,0,2,0,0,0
5970,B0,0,1,20,6,0,0,0,0,0,0,0,0,0,1,0,1,0,0,0
5970,B1,3,3,1,1,0,0,0,0,0,0,0,0,0,1,0,2,24,67,27
5970,B2,1,0,1,16,0,0,0,0,0,0,0,0,0,1,0,1,3,19,5
5970,C1,19,1,3,0,0,0,0,0,0,0,0,0,0,1,0,2,1,4,1
5985,A1,2,18,0,2,0,0,0,0,0,0,0,0,0,1,0,2,0,0,0
5985,B0,0,1,20,7,0,0,0,0,0,0,0,0,0,1,0,1,0,0,0
5985,B1,1,1,2,1,0,0,0,0,0,0,0,0,0,1,0,1,24,67,27
5985,B2,1,0,4,17,0,0,0,0,0,0,0,0,0,1,0,1,3,19,5
5985,C1,18,2,5,0,0,0,0,0,0,0,0,0,0,1,0,2,1,4,1
6000,A1,4,19,0,5,0,0,0,0,0,0,0,0,0,0,1,2,0,0,0
6000,B0,0,4,20,3,0,0,0,0,0,0,0,0,0,0,1,1,0,0,0
6000,B1,1,1,2,1,0,0,0,0,0,0,0,0,0,0,1,1,24,67,27
6000,B2,3,0,5,18,0,0,0,0,0,0,0,0,0,0,1,1,3,19,5
6000,C1,18,3,2,0,0,0,0,0,0,0,0,0,0,0,1,2,1,4,1
6015,A1,5,19,0,1,0,0,0,0,0,0,0,0,0,0,1,2,0,0,0
6015,B0,0,4,21,2,0,0,0,0,0,0,0,0,0,0,1,1,0,0,0
6015,B1,3,1,1,1,0,0,0,0,0,0,0,0,0,0,1,2,24,67,27
6015,B2,6,0,1,20,0,0,0,0,0,0,0,0,0,0,1,1,3,19,5
6015,C1,18,4,2,0,0,0,0,0,0,0,0,0,0,0,1,2,1,4,1
6030,A1,2,20,0,2,0,0,0,0,0,0,0,0,0,1,0,2,0,0,0
6030,B0,0,2,20,3,0,0,0,0,0,0,0,0,0,1,0,1,0,0,0
6030,B1,1,1,1,1,0,0,0,0,0,0,0,0,0,1,0,1,24,67,27
6030,B2,4,0,2,20,0,0,0,0,0,0,0,0,0,1,0,1,3,19,5
6030,C1,18,1,2,0,0,0,0,0,0,0,0,0,0,1,0,2,1,4,1
6045,A1,1,17,0,2,0,0,0,0,0,0,0,0,0,1,0,2,0,0,0
6045,B0,0,2,20,5,0,0,0,0,0,0,0,0,0,1,0,1,0,0,0
6045,B1,2,1,1,3,0,0,0,0,0,0,0,0,0,1,0,1,24,67,27
6045,B2,2,0,5,20,0,0,0,0,0,0,0,0,0,1,0,1,3,19,5
6045,C1,17,2,3,0,0,0,0,0,0,0,0,0,0,1,0,2,1,4,1
6060,A1,5,15,0,1,0,0,0,0,0,0,0,0,0,0,1,2,0,0,0
6060,B0,0,2,20,7,0,0,0,0,0,0,0,0,0,0,1,1,0,0,0
6060,B1,2,1,4,2,0,0,0,0,0,0,0,0,0,0,1,1,24,67,27
6060,B2,1,0,3,20,0,0,0,0,0,0,0,0,0,0,1,1,3,19,5
6060,C1,16,3,1,0,0,0,0,0,0,0,0,0,0,0,1,2,1,4,1
6075,A1,6,20,0,2,0,0,0,0,0,0,0,0,0,0,1,2,0,0,0
6075,B0,0,2,20,1,0,0,0,0,0,0,0,0,0,0,1,1,0,0,0
6075,B1,1,1,3,2,0,0,0,0,0,0,0,0,0,0,1,1,24,67,27
6075,B2,4,0,2,18,0,0,0,0,0,0,0,0,0,0,1,1,3,19,5
6075,C1,17,6,1,0,0,0,0,0,0,0,0,0,0,0,1,2,1,4,1
6090,A1,5,20,0,2,0,0,0,0,0,0,0,0,0,1,0,2,0,0,0
6090,B0,0,1,20,1,0,0,0,0,0,0,0,0,0,1,0,1,0,0,0
6090,B1,4,2,1,1,0,0,0,0,0,0,0,0,0,1,0,2,24,67,27
6090,B2,3,0,3,18,0,0,0,0,0,0,0,0,0,1,0,1,3,19,5
6090,C1,17,7,1,0,0,0,0,0,0,0,0,0,0,1,0,2,1,4,1
6105,A1,5,19,0,4,0,0,0,0,0,0,0,0,0,1,0,2,0,0,0
6105,B0,0,2,20,3,0,0,0,0,0,0,0,0,0,1,0,1,0,0,0
6105,B1,2,3,1,1,0,0,0,0,0,0,0,0,0,1,0,2,24,67,27
6105,B2,1,0,4,18,0,0,0,0,0,0,0,0,0,1,0,1,3,19,5
6105,C1,18,1,1,0,0,0,0,0,0,0,0,0,0,1,0,2,1,4,1
6120,A1,1,20,0,3,0,0,0,0,0,0,0,0,0,0,1,2,0,0,0
6120,B0,0,1,20,3,0,0,0,0,0,0,0,0,0,0,1,1,0,0,0
6120,B1,1,1,2,1,0,0,0,0,0,0,0,0,0,0,1,1,24,67,27
6120,B2,2,0,3,20,0,0,0,0,0,0,0,0,0,0,1,1,3,19,5
6120,C1,18,1,2,0,0,0,0,0,0,0,0,0,0,0,1,2,1,4,1
6135,A1,2,20,0,1,0,0,0,0,0,0,0,0,0,0,1,2,0,0,0
6135,B0,0,3,18,1,0,0,0,0,0,0,0,0,0,0,1,1,0,0,0
6135,B1,1,1,2,1,0,0,0,0,0,0,0,0,0,0,1,1,24,67,27
6135,B2,3,0,1,18,0,0,0,0,0,0,0,0,0,0,1,1,3,19,5
6135,C1,19,3,1,0,0,0,0,0,0,0,0,0,0,0,1,2,1,4,1
6150,A1,4,20,0,1,0,0,0,0,0,0,0,0,0,0,1,2,0,0,0
6150,B0,0,3,13,2,0,0,0,0,0,0,0,0,0,0,1,1,0,0,0
6150,B1,1,1,1,1,0,0,0,0,0,0,0,0,0,0,1,1,24,67,27
6150,B2,4,0,1,13,0,0,0,0,0,0,0,0,0,0,1,1,3,19,5
6150,C1,20,5,2,0,0,0,0,0,0,0,0,0,0,0,1,2,1,4,1
6165,A1,1,19,0,1,0,0,0,0,0,0,0,0,0,1,0,2,0,0,0
6165,B0,0,2,17,6,0,0,0,0,0,0,0,0,0,1,0,1,0,0,0
6165,B1,8,4,1,1,0,0,0,0,0,0,0,0,0,1,0,2,24,67,27
6165,B2,1,0,4,15,0,0,0,0,0,0,0,0,0,1,0,1,3,19,5
6165,C1,19,4,2,0,0,0,0,0,0,0,0,0,0,1,0,2,1,4,1
6180,A1,3,19,0,1,0,0,0,0,0,0,0,0,0,1,0,2,0,0,0
6180,B0,0,1,20,8,0,0,0,0,0,0,0,0,0,1,0,1,0,0,0
6180,B1,4,3,1,2,0,0,0,0,0,0,0,0,0,1,0,2,24,67,27
6180,B2,2,0,6,15,0,0,0,0,0,0,0,0,0,1,0,1,3,19,5
6180,C1,17,2,3,0,0,0,0,0,0,0,0,0,0,1,0,2,1,4,1
6195,A1,4,19,0,1,0,0,0,0,0,0,0,0,0,0,1,2,0,0,0
6195,B0,0,2,20,5,0,0,0,0,0,0,0,0,0,0,1,1,0,0,0
6195,B1,3,2,3,3,0,0,0,0,0,0,0,0,0,0,1,1,24,67,27
6195,B2,2,0,4,15,0,0,0,0,0,0,0,0,0,0,1,1,3,19,5
6195,C1,18,3,1,0,0,0,0,0,0,0,0,0,0,0,1,2,1,4,1
6210,A1,7,19,0,1,0,0,0,0,0,0,0,0,0,0,1,2,0,0,0
6210,B0,0,2,20,1,0,0,0,0,0,0,0,0,0,0,1,1,0,0,0
6210,B1,3,3,1,2,0,0,0,0,0,0,0,0,0,0,1,2,24,67,27
6210,B2,4,0,1,16,0,0,0,0,0,0,0,0,0,0,1,1,3,19,5
6210,C1,19,3,2,0,0,0,0,0,0,0,0,0,0,0,1,2,1,4,1
6225,A1,2,20,0,5,0,0,0,0,0,0,0,0,0,1,0,2,0,0,0
6225,B0,0,1,19,4,0,0,0,0,0,0,0,0,0,1,0,1,0,0,0
6225,B1,1,4,1,1,0,0,0,0,0,0,0,0,0,1,0,2,24,67,27
6225,B2,3,0,2,15,0,0,0,0,0,0,0,0,0,1,0,1,3,19,5
6225,C1,20,8,3,0,0,0,0,0,0,0,0,0,0,1,0,2,1,4,1
6240,A1,1,18,0,6,0,0,0,0,0,0,0,0,0,1,0,2,0,0,0
6240,B0,0,1,20,5,0,0,0,0,0,0,0,0,0,1,0,1,0,0,0
6240,B1,3,6,2,3,0,0,0,0,0,0,0,0,0,1,0,2,24,67,27
6240,B2,2,0,4,15,0,0,0,0,0,0,0,0,0,1,0,1,3,19,5
6240,C1,17,4,4,0,0,0,0,0,0,0,0,0,0,1,0,2,1,4,1
6255,A1,2,18,0,4,0,0,0,0,0,0,0,0,0,0,1,2,0,0,0
6255,B0,0,1,20,4,0,0,0,0,0,0,0,0,0,0,1,1,0,0,0
6255,B1,1,4,2,1,0,0,0,0,0,0,0,0,0,0,1,2,24,67,27
6255,B2,2,0,2,16,0,0,0,0,0,0,0,0,0,0,1,1,3,19,5
6255,C1,15,3,3,0,0,0,0,0,0,0,0,0,0,0,1,2,1,4,1
6270,A1,4,20,0,2,0,0,0,0,0,0,0,0,0,0,1,2,0,0,0
6270,B0,0,2,20,1,0,0,0,0,0,0,0,0,0,0,1,1,0,0,0
6270,B1,1,5,1,4,0,0,0,0,0,0,0,0,0,0,1,2,24,67,27
6270,B2,3,0,1,14,0,0,0,0,0,0,0,0,0,0,1,1,3,19,5
6270,C1,16,4,1,0,0,0,0,0,0,0,0,0,0,0,1,2,1,4,1
6285,A1,6,20,0,2,0,0,0,0,0,0,0,0,0,1,0,2,0,0,0
6285,B0,0,2,18,1,0,0,0,0,0,0,0,0,0,1,0,1,0,0,0
6285,B1,2,6,1,2,0,0,0,0,0,0,0,0,0,1,0,2,24,67,27
6285,B2,4,0,3,13,0,0,0,0,0,0,0,0,0,1,0,1,3,19,5
6285,C1,16,7,1,0,0,0,0,0,0,0,0,0,0,1,0,2,1,4,1
6300,A1,1,20,0,3,0,0,0,0,0,0,0,0,0,1,0,2,0,0,0
6300,B0,0,1,19,1,0,0,0,0,0,0,0,0,0,1,0,1,0,0,0
6300,B1,2,9,1,2,0,0,0,0,0,0,0,0,0,1,0,2,24,67,27
6300,B2,2,0,4,12,0,0,0,0,0,0,0,0,0,1,0,1,3,19,5
6300,C1,16,2,4,0,0,0,0,0,0,0,0,0,0,1,0,2,1,4,1
6315,A1,2,19,0,7,0,0,0,0,0,0,0,0,0,1,0,2,0,0,0
6315,B0,0,1,20,1,0,0,0,0,0,0,0,0,0,1,0,1,0,0,0
6315,B1,1,5,1,4,0,0,0,0,0,0,0,0,0,1,0,2,24,67,27
6315,B2,1,0,6,13,0,0,0,0,0,0,0,0,0,1,0,1,3,19,5
6315,C1,16,2,5,0,0,0,0,0,0,0,0,0,0,1,0,2,1,4,1
6330,A1,3,19,0,1,0,0,0,0,0,0,0,0,0,0,1,2,0,0,0
6330,B0,0,3,20,2,0,0,0,0,0,0,0,0,0,0,1,1,0,0,0
6330,B1,1,5,2,3,0,0,0,0,0,0,0,0,0,0,1,1,24,67,27
6330,B2,3,0,1,13,0,0,0,0,0,0,0,0,0,0,1,1,3,19,5
6330,C1,17,2,1,0,0,0,0,0,0,0,0,0,0,0,1,2,1,4,1
6345,A1,5,20,0,3,0,0,0,0,0,0,0,0,0,0,1,2,0,0,0
6345,B0,0,4,18,2,0,0,0,0,0,0,0,0,0,0,1,1,0,0,0
6345,B1,4,5,1,1,0,0,0,0,0,0,0,0,0,0,1,2,24,67,27
6345,B2,6,0,1,13,0,0,0,0,0,0,0,0,0,0,1,1,3,19,5
6345,C1,17,3,1,0,0,0,0,0,0,0,0,0,0,0,1,2,1,4,1
6360,A1,2,20,0,5,0,0,0,0,0,0,0,0,0,1,0,2,0,0,0
6360,B0,0,2,17,3,0,0,0,0,0,0,0,0,0,1,0,1,0,0,0
6360,B1,2,8,1,1,0,0,0,0,0,0,0,0,0,1,0,2,24,67,27
6360,B2,3,0,3,13,0,0,0,0,0,0,0,0,0,1,0,1,3,19,5
6360,C1,18,1,1,0,0,0,0,0,0,0,0,0,0,1,0,2,1,4,1
6375,A1,1,17,0,5,0,0,0,0,0,0,0,0,0,1,0,2,0,0,0
6375,B0,0,1,20,6,0,0,0,0,0,0,0,0,0,1,0,1,0,0,0
6375,B1,2,6,1,1,0,0,0,0,0,0,0,0,0,1,0,2,24,67,27
6375,B2,1,0,6,13,0,0,0,0,0,0,0,0,0,1,0,1,3,19,5
6375,C1,17,3,1,0,0,0,0,0,0,0,0,0,0,1,0,2,1,4,1
6390,A1,1,15,0,3,0,0,0,0,0,0,0,0,0,0,1,2,0,0,0
6390,B0,0,3,20,5,0,0,0,0,0,0,0,0,0,0,1,1,0,0,0
6390,B1,1,5,2,2,0,0,0,0,0,0,0,0,0,0,1,2,24,67,27
6390,B2,1,0,3,13,0,0,0,0,0,0,0,0,0,0,1,1,3,19,5
6390,C1,16,4,1,0,0,0,0,0,0,0,0,0,0,0,1,2,1,4,1
6405,A1,2,20,0,1,0,0,0,0,0,0,0,0,0,0,1,2,0,0,0
6405,B0,0,3,20,2,0,0,0,0,0,0,0,0,0,0,1,1,0,0,0
6405,B1,2,5,2,1,0,0,0,0,0,0,0,0,0,0,1,2,24,67,27
6405,B2,4,0,1,11,0,0,0,0,0,0,0,0,0,0,1,1,3,19,5
6405,C1,17,5,1,0,0,0,0,0,0,0,0,0,0,0,1,2,1,4,1
6420,A1,1,20,0,1,0,0,0,0,0,0,0,0,0,1,0,2,0,0,0
6420,B0,0,3,19,2,0,0,0,0,0,0,0,0,0,1,0,1,0,0,0
6420,B1,1,5,1,1,0,0,0,0,0,0,0,0,0,1,0,2,24,67,27
6420,B2,3,0,5,9,0,0,0,0,0,0,0,0,0,1,0,1,3,19,5
6420,C1,18,4,2,0,0,0,0,0,0,0,0,0,0,1,0,2,1,4,1
6435,A1,1,17,0,1,0,0,0,0,0,0,0,0,0,1,0,2,0,0,0
6435,B0,0,1,20,4,0,0,0,0,0,0,0,0,0,1,0,1,0,0,0
6435,B1,2,5,1,2,0,0,0,0,0,0,0,0,0,1,0,2,24,67,27
6435,B2,1,0,2,10,0,0,0,0,0,0,0,0,0,1,0,1,3,19,5
6435,C1,17,1,5,0,0,0,0,0,0,0,0,0,0,1,0,2,1,4,1
6450,A1,1,17,0,2,0,0,0,0,0,0,0,0,0,0,1,2,0,0,0
6450,B0,0,1,20,5,0,0,0,0,0,0,0,0,0,0,1,1,0,0,0
6450,B1,1,2,3,2,0,0,0,0,0,0,0,0,0,0,1,1,24,67,27
6450,B2,1,0,2,10,0,0,0,0,0,0,0,0,0,0,1,1,3,19,5
6450,C1,13,2,7,0,0,0,0,0,0,0,0,0,0,0,1,2,1,4,1
6465,A1,5,20,0,1,0,0,0,0,0,0,0,0,0,0,1,2,0,0,0
6465,B0,0,1,20,1,0,0,0,0,0,0,0,0,0,0,1,1,0,0,0
6465,B1,1,2,2,4,0,0,0,0,0,0,0,0,0,0,1,1,24,67,27
6465,B2,1,0,1,6,0,0,0,0,0,0,0,0,0,0,1,1,3,19,5
6465,C1,14,4,4,0,0,0,0,0,0,0,0,0,0,0,1,2,1,4,1
6480,A1,9,20,0,3,0,0,0,0,0,0,0,0,0,0,1,2,0,0,0
6480,B0,0,3,16,1,0,0,0,0,0,0,0,0,0,0,1,1,0,0,0
6480,B1,1,4,1,1,0,0,0,0,0,0,0,0,0,0,1,2,24,67,27
6480,B2,3,0,2,5,0,0,0,0,0,0,0,0,0,0,1,1,3,19,5
6480,C1,14,9,1,0,0,0,0,0,0,0,0,0,0,0,1,2,1,4,1
6495,A1,4,20,0,5,0,0,0,0,0,0,0,0,0,1,0,2,0,0,0
6495,B0,0,1,17,2,0,0,0,0,0,0,0,0,0,1,0,1,0,0,0
6495,B1,1,5,1,1,0,0,0,0,0,0,0,0,0,1,0,2,24,67,27
6495,B2,2,0,3,6,0,0,0,0,0,0,0,0,0,1,0,1,3,19,5
6495,C1,14,3,3,0,0,0,0,0,0,0,0,0,0,1,0,2,1,4,1
6510,A1,2,21,0,6,0,0,0,0,0,0,0,0,0,1,0,2,0,0,0
6510,B0,0,2,20,5,0,0,0,0,0,0,0,0,0,1,0,1,0,0,0
6510,B1,1,1,1,2,0,0,0,0,0,0,0,0,0,1,0,1,24,67,27
6510,B2,2,0,4,8,0,0,0,0,0,0,0,0,0,1,0,1,3,19,5
6510,C1,14,3,3,0,0,0,0,0,0,0,0,0,0,1,0,2,1,4,1
6525,A1,4,20,0,4,0,0,0,0,0,0,0,0,0,0,1,2,0,0,0
6525,B0,0,4,20,4,0,0,0,0,0,0,0,0,0,0,1,1,0,0,0
6525,B1,1,1,2,2,0,0,0,0,0,0,0,0,0,0,1,1,24,67,27
6525,B2,3,0,1,10,0,0,0,0,0,0,0,0,0,0,1,1,3,19,5
6525,C1,13,1,3,0,0,0,0,0,0,0,0,0,0,0,1,2,1,4,1
6540,A1,5,20,0,2,0,0,0,0,0,0,0,0,0,0,1,2,0,0,0
6540,B0,0,4,21,1,0,0,0,0,0,0,0,0,0,0,1,1,0,0,0
6540,B1,1,1,2,1,0,0,0,0,0,0,0,0,0,0,1,1,24,67,27
6540,B2,3,0,2,6,0,0,0,0,0,0,0,0,0,0,1,1,3,19,5
6540,C1,13,3,3,0,0,0,0,0,0,0,0,0,0,0,1,2,1,4,1
6555,A1,2,20,0,2,0,0,0,0,0,0,0,0,0,1,0,2,0,0,0
6555,B0,0,1,20,6,0,0,0,0,0,0,0,0,0,1,0,1,0,0,0
6555,B1,2,1,1,1,0,0,0,0,0,0,0,0,0,1,0,2,25,69,28
6555,B2,2,0,2,6,0,0,0,0,0,0,0,0,0,1,0,1,3,19,5
6555,C1,13,2,2,0,0,0,0,0,0,0,0,0,0,1,0,2,1,4,1
6570,A1,2,20,0,3,0,0,0,0,0,0,0,0,0,1,0,2,0,0,0
6570,B0,0,2,20,7,0,0,0,0,0,0,0,0,0,1,0,1,0,0,0
6570,B1,1,1,2,2,0,0,0,0,0,0,0,0,0,1,0,1,25,69,28
6570,B2,2,0,9,6,0,0,0,0,0,0,0,0,0,1,0,1,3,19,5
6570,C1,12,1,2,0,0,0,0,0,0,0,0,0,0,1,0,2,1,4,1
6585,A1,4,20,0,2,0,0,0,0,0,0,0,0,0,0,1,2,0,0,0
6585,B0,0,3,20,6,0,0,0,0,0,0,0,0,0,0,1,1,0,0,0
6585,B1,1,1,2,2,0,0,0,0,0,0,0,0,0,0,1,1,25,69,28
6585,B2,1,0,6,7,0,0,0,0,0,0,0,0,0,0,1,1,3,19,5
6585,C1,12,2,1,0,0,0,0,0,0,0,0,0,0,0,1,2,1,4,1
6600,A1,8,20,0,2,0,0,0,0,0,0,0,0,0,0,1,2,0,0,0
6600,B0,0,3,20,1,0,0,0,0,0,0,0,0,0,0,1,1,0,0,0
6600,B1,1,1,1,1,0,0,0,0,0,0,0,0,0,0,1,1,25,69,28
6600,B2,1,0,1,6,0,0,0,0,0,0,0,0,0,0,1,1,3,19,5
6600,C1,12,3,1,0,0,0,0,0,0,0,0,0,0,0,1,2,1,4,1
6615,A1,9,20,0,1,0,0,0,0,0,0,0,0,0,1,0,2,0,0,0
6615,B0,0,3,19,2,0,0,0,0,0,0,0,0,0,1,0,1,0,0,0
6615,B1,2,1,1,1,0,0,0,0,0,0,1,0,0,1,0,2,25,69,28
6615,B2,1,0,3,8,0,1,0,0,0,0,0,0,0,1,0,2,4,25,5
6615,C1,14,5,1,0,0,0,0,0,0,0,0,0,0,1,0,2,1,4,1
6630,A1,5,20,0,1,0,0,0,0,0,0,0,0,0,1,0,2,0,0,0
6630,B0,0,1,20,4,0,0,0,0,0,0,0,0,0,1,0,1,0,0,0
6630,B1,2,1,1,1,0,0,0,0,0,0,0,0,0,1,0,2,25,69,28
6630,B2,1,0,3,8,0,0,0,0,0,0,0,0,0,1,0,1,4,27,6
6630,C1,13,1,2,0,0,0,0,0,0,0,0,0,0,1,0,2,1,4,1
6645,A1,5,20,0,3,0,0,0,0,0,0,0,0,0,1,0,2,0,0,0
6645,B0,0,1,20,4,0,0,0,0,0,0,0,0,0,1,0,1,0,0,0
6645,B1,2,1,3,2,0,0,0,0,0,0,0,0,0,1,0,1,25,69,28
6645,B2,1,0,6,10,0,0,0,0,0,0,0,0,0,1,0,1,4,27,6
6645,C1,9,2,3,0,0,0,0,0,0,0,0,0,0,1,0,2,1,4,1
6660,A1,5,20,0,3,0,0,0,0,0,0,0,0,0,0,1,2,0,0,0
6660,B0,0,1,20,3,0,0,0,0,0,0,0,0,0,0,1,1,0,0,0
6660,B1,2,1,1,1,0,0,0,0,0,0,0,0,0,0,1,2,26,73,29
6660,B2,2,0,1,10,0,0,0,0,0,0,0,0,0,0,1,1,4,27,6
6660,C1,11,5,1,0,0,0,0,0,0,0,0,0,0,0,1,2,1,4,1
6675,A1,8,20,0,1,0,0,0,0,0,0,0,0,0,0,1,2,0,0,0
6675,B0,0,2,17,3,0,0,0,0,0,0,0,0,0,0,1,1,0,0,0
6675,B1,1,2,2,1,0,0,0,0,0,0,0,0,0,0,1,1,26,73,29
6675,B2,3,0,1,9,0,0,0,0,0,0,0,0,0,0,1,1,4,27,6
6675,C1,14,7,1,0,0,0,0,0,0,0,0,0,0,0,1,2,1,4,1
6690,A1,6,20,0,3,0,0,0,0,0,0,0,0,0,1,0,2,0,0,0
6690,B0,0,1,17,4,0,0,0,0,0,0,0,0,0,1,0,1,0,0,0
6690,B1,5,2,1,1,0,0,0,0,0,0,0,0,0,1,0,2,26,73,29
6690,B2,2,0,6,10,0,0,0,0,0,0,0,0,0,1,0,1,4,27,6
6690,C1,13,3,1,0,0,0,0,0,0,0,0,0,0,1,0,2,1,4,1
6705,A1,1,20,0,3,0,0,0,0,0,0,0,0,0,1,0,2,0,0,0
6705,B0,0,1,20,5,0,0,0,0,0,0,0,0,0,1,0,1,0,0,0
6705,B1,1,2,2,2,0,0,0,0,0,0,0,0,0,1,0,1,26,73,29
6705,B2,2,0,11,8,0,0,0,0,0,0,0,0,0,1,0,1,4,27,6
6705,C1,14,1,2,0,0,0,0,0,0,0,0,0,0,1,0,2,1,4,1
6720,A1,3,19,0,1,0,0,0,0,0,0,0,0,0,0,1,2,0,0,0
6720,B0,0,1,20,2,0,0,0,0,0,0,0,0,0,0,1,1,0,0,0
6720,B1,1,1,3,1,0,0,0,0,0,0,0,0,0,0,1,1,27,74,30
6720,B2,4,0,8,8,0,0,0,0,0,0,0,0,0,0,1,1,4,27,6
6720,C1,13,2,1,0,0,0,0,0,0,0,0,0,0,0,1,2,1,4,1
6735,A1,4,20,0,1,0,0,0,0,0,0,0,0,0,0,1,2,0,0,0
6735,B0,0,3,19,1,0,0,0,0,0,0,0,0,0,0,1,1,0,0,0
6735,B1,2,1,3,1,0,0,0,0,0,0,0,0,0,0,1,1,27,74,30
6735,B2,5,0,5,9,0,0,0,0,0,0,0,0,0,0,1,1,4,27,6
6735,C1,15,4,1,0,0,0,0,0,0,0,0,0,0,0,1,2,1,4,1
6750,A1,2,20,0,2,0,0,0,0,0,0,0,0,0,1,0,2,0,0,0
6750,B0,0,1,17,2,0,0,0,0,0,0,0,0,0,1,0,1,0,0,0
6750,B1,2,1,1,1,0,0,0,0,0,0,0,0,0,1,0,2,27,74,30
6750,B2,4,0,5,9,0,0,0,0,0,0,0,0,0,1,0,1,4,27,6
6750,C1,14,2,2,0,0,0,0,0,0,0,0,0,0,1,0,2,1,4,1
6765,A1,2,20,0,2,0,0,0,0,0,0,0,0,0,1,0,2,0,0,0
6765,B0,0,1,19,5,0,0,0,0,0,0,0,0,0,1,0,1,0,0,0
6765,B1,2,2,2,1,0,0,0,0,0,0,0,0,0,1,0,2,27,74,30
6765,B2,2,0,6,9,0,0,0,0,0,0,0,0,0,1,0,1,4,27,6
6765,C1,12,6,2,0,0,0,0,0,0,0,0,0,0,1,0,2,1,4,1
6780,A1,3,17,0,2,0,0,0,0,0,0,0,0,0,0,1,2,0,0,0
6780,B0,0,1,20,5,0,0,0,0,0,0,0,0,0,0,1,1,0,0,0
6780,B1,1,1,3,1,0,0,0,0,0,0,0,0,0,0,1,1,27,74,30
6780,B2,1,0,8,9,0,0,0,0,0,0,0,0,0,0,1,1,4,27,6
6780,C1,7,2,2,0,0,0,0,0,0,0,0,0,0,0,1,2,1,4,1
6795,A1,4,19,0,1,0,0,0,0,0,0,0,0,0,0,1,2,0,0,0
6795,B0,0,2,20,1,0,0,0,0,0,0,0,0,0,0,1,1,0,0,0
6795,B1,1,1,3,3,0,0,0,0,0,0,0,0,0,0,1,1,27,74,30
6795,B2,4,0,4,9,0,0,0,0,0,0,0,0,0,0,1,1,4,27,6
6795,C1,10,6,1,0,0,0,0,0,0,0,0,0,0,0,1,2,1,4,1
6810,A1,6,20,0,1,0,0,0,0,0,0,0,0,0,0,1,2,0,0,0
6810,B0,0,3,19,1,0,0,0,0,0,0,0,0,0,0,1,1,0,0,0
6810,B1,1,2,1,3,0,0,0,0,0,0,0,0,0,0,1,1,27,74,30
6810,B2,3,0,1,8,0,0,0,0,0,0,0,0,0,0,1,1,4,27,6
6810,C1,10,7,2,0,0,0,0,0,0,0,0,0,0,0,1,2,1,4,1
6825,A1,3,20,0,4,0,0,0,0,0,0,0,0,0,1,0,2,0,0,0
6825,B0,0,1,19,3,0,0,0,0,0,0,0,0,0,1,0,1,0,0,0
6825,B1,4,2,1,3,0,0,0,0,0,0,0,0,0,1,0,2,27,74,30
6825,B2,3,0,1,11,0,0,0,0,0,0,0,0,0,1,0,1,4,27,6
6825,C1,10,4,4,0,0,0,0,0,0,0,0,0,0,1,0,2,1,4,1
6840,A1,1,18,0,4,0,0,0,0,0,0,0,0,0,1,0,2,0,0,0
6840,B0,0,2,20,4,0,0,0,0,0,0,0,0,0,1,0,1,0,0,0
6840,B1,2,1,2,4,0,0,0,0,0,0,0,0,0,1,0,1,27,74,30
6840,B2,1,0,3,11,0,0,0,0,0,0,0,0,0,1,0,1,4,27,6
6840,C1,10,6,4,0,0,0,0,0,0,0,0,0,0,1,0,2,1,4,1
6855,A1,5,18,0,1,0,0,0,0,0,0,0,0,0,0,1,2,0,0,0
6855,B0,0,5,20,3,0,0,0,0,0,0,0,0,0,0,1,1,0,0,0
6855,B1,1,2,4,3,0,0,0,0,0,0,0,0,0,0,1,1,27,74,30
6855,B2,2,0,2,11,0,0,0,0,0,0,0,0,0,0,1,1,4,27,6
6855,C1,10,3,1,0,0,0,0,0,0,0,0,0,0,0,1,2,1,4,1
6870,A1,6,20,0,3,0,0,0,0,0,0,0,0,0,0,1,2,0,0,0
6870,B0,0,5,17,1,0,0,0,0,0,0,0,0,0,0,1,1,0,0,0
6870,B1,2,4,3,4,0,0,0,0,0,0,0,0,0,0,1,1,27,74,30
6870,B2,2,0,1,7,0,0,0,0,0,0,0,0,0,0,1,1,4,27,6
6870,C1,13,7,1,0,0,0,0,0,0,0,0,0,0,0,1,2,1,4,1
6885,A1,5,20,0,3,0,0,0,0,0,0,0,0,0,1,0,2,0,0,0
6885,B0,0,2,17,4,0,0,0,0,0,0,0,0,0,1,0,1,0,0,0
6885,B1,4,5,2,2,0,0,0,0,0,0,0,0,0,1,0,2,27,74,30
6885,B2,1,0,5,10,0,0,0,0,0,0,0,0,0,1,0,1,4,27,6
6885,C1,12,5,3,0,0,0,0,0,0,0,0,0,0,1,0,2,1,4,1
6900,A1,3,19,0,5,0,0,0,0,0,0,0,0,0,1,0,2,0,0,0
6900,B0,0,1,20,5,0,0,0,0,0,0,0,0,0,1,0,1,0,0,0
6900,B1,5,3,3,3,0,0,0,0,0,0,0,0,0,1,0,2,27,74,30
6900,B2,1,0,6,11,0,0,0,0,0,0,0,0,0,1,0,1,4,27,6
6900,C1,12,3,4,0,0,0,0,0,0,0,0,0,0,1,0,2,1,4,1
6915,A1,5,18,0,4,0,0,0,0,0,0,0,0,0,0,1,2,0,0,0
6915,B0,0,2,20,5,0,0,0,0,0,0,0,0,0,0,1,1,0,0,0
6915,B1,3,1,3,5,0,0,0,0,0,0,0,0,0,0,1,1,27,74,30
6915,B2,2,0,5,11,0,0,0,0,0,0,0,0,0,0,1,1,4,27,6
6915,C1,12,2,5,0,0,0,0,0,0,0,0,0,0,0,1,2,1,4,1
6930,A1,2,19,0,3,0,0,0,0,0,0,0,0,0,0,1,2,0,0,0
6930,B0,0,4,19,2,0,0,0,0,0,0,0,0,0,0,1,1,0,0,0
6930,B1,3,1,5,5,0,0,0,0,0,0,0,0,0,0,1,1,27,74,30
6930,B2,4,0,1,13,0,0,0,0,0,0,0,0,0,0,1,1,4,27,6
6930,C1,12,2,5,0,0,0,0,0,0,0,0,0,0,0,1,2,1,4,1
6945,A1,2,20,0,3,0,0,0,0,0,0,0,0,0,1,0,2,0,0,0
6945,B0,0,3,17,3,0,0,0,0,0,0,0,0,0,1,0,1,0,0,0
6945,B1,4,1,3,2,0,0,0,0,0,0,0,0,0,1,0,1,28,77,31
6945,B2,4,0,2,9,0,0,0,0,0,0,0,0,0,1,0,1,4,27,6
6945,C1,13,1,4,0,0,0,0,0,0,0,0,0,0,1,0,2,1,4,1
6960,A1,2,18,0,5,0,0,0,0,0,0,0,0,0,1,0,2,0,0,0
6960,B0,0,1,19,4,0,0,0,0,0,0,0,0,0,1,0,1,0,0,0
6960,B1,2,1,3,2,0,0,0,0,0,0,0,0,0,1,0,1,28,77,31
6960,B2,1,0,5,9,0,0,0,0,0,0,0,0,0,1,0,1,4,27,6
6960,C1,12,1,5,0,0,0,0,0,0,0,0,0,0,1,0,2,1,4,1
6975,A1,3,15,0,5,0,0,0,0,0,0,0,0,0,1,0,2,0,0,0
6975,B0,0,1,20,6,0,0,0,0,0,0,0,0,0,1,0,1,0,0,0
6975,B1,1,2,6,3,0,0,0,0,0,0,0,0,0,1,0,1,28,77,31
6975,B2,1,0,6,12,0,0,0,0,0,0,0,0,0,1,0,1,4,27,6
6975,C1,9,3,5,0,0,0,0,0,0,0,0,0,0,1,0,2,1,4,1
6990,A1,4,18,0,4,0,0,0,0,0,0,0,0,0,0,1,2,0,0,0
6990,B0,0,1,20,1,0,0,0,0,0,0,0,0,0,0,1,1,0,0,0
6990,B1,1,2,6,5,0,0,0,0,0,0,0,0,0,0,1,1,28,77,31
6990,B2,2,0,2,13,0,0,0,0,0,0,0,0,0,0,1,1,4,27,6
6990,C1,11,5,1,0,0,0,0,0,0,0,0,0,0,0,1,2,1,4,1
7005,A1,6,20,0,1,0,0,0,0,0,0,0,0,0,0,1,2,0,0,0
7005,B0,0,2,17,2,0,0,0,0,0,0,0,0,0,0,1,1,0,0,0
7005,B1,1,4,6,1,0,0,0,0,0,0,0,0,0,0,1,1,28,77,31
7005,B2,4,0,1,10,0,0,0,0,0,0,0,0,0,0,1,1,4,27,6
7005,C1,12,7,1,0,0,0,0,0,0,0,0,0,0,0,1,2,1,4,1
7020,A1,2,20,0,1,0,0,0,0,0,0,0,0,0,1,0,2,0,0,0
7020,B0,0,4,17,2,0,0,0,0,0,0,0,0,0,1,0,1,0,0,0
7020,B1,1,4,3,1,0,0,0,0,0,0,0,0,0,1,0,2,28,77,31
7020,B2,1,0,1,10,0,0,0,0,0,0,0,0,0,1,0,1,4,27,6
7020,C1,13,4,2,0,0,0,0,0,0,0,0,0,0,1,0,2,1,4,1
7035,A1,2,18,0,2,0,0,0,0,0,0,0,0,0,1,0,2,0,0,0
7035,B0,0,3,20,3,0,0,0,0,0,0,0,0,0,1,0,1,0,0,0
7035,B1,1,6,3,2,0,0,0,0,0,0,0,0,0,1,0,1,28,77,31
7035,B2,2,0,3,12,0,0,0,0,0,0,0,0,0,1,0,1,4,27,6
7035,C1,15,1,2,0,0,0,0,0,0,0,0,0,0,1,0,2,1,4,1
7050,A1,3,17,0,2,0,0,0,0,0,0,0,0,0,0,1,2,0,0,0
7050,B0,0,1,20,1,0,0,0,0,0,0,0,0,0,0,1,1,0,0,0
7050,B1,1,4,1,3,0,0,0,0,0,0,0,0,0,0,1,2,28,77,31
7050,B2,1,0,2,12,0,0,0,0,0,0,0,0,0,0,1,1,4,27,6
7050,C1,16,4,1,0,0,0,0,0,0,0,0,0,0,0,1,2,1,4,1
7065,A1,4,20,0,1,0,0,0,0,0,0,0,0,0,0,1,2,0,0,0
7065,B0,0,4,16,2,0,0,0,0,0,0,0,0,0,0,1,1,0,0,0
7065,B1,1,4,1,5,0,0,0,0,0,0,0,0,0,0,1,1,28,77,31
7065,B2,4,0,4,11,0,0,0,0,0,0,0,0,0,0,1,1,4,27,6
7065,C1,17,5,1,0,0,0,0,0,0,0,0,0,0,0,1,2,1,4,1
7080,A1,3,20,0,1,0,0,0,0,0,0,0,0,0,1,0,2,0,0,0
7080,B0,0,2,17,3,0,0,0,0,0,0,0,0,0,1,0,1,0,0,0
7080,B1,4,5,1,2,0,0,0,0,0,0,0,0,0,1,0,2,28,77,31
7080,B2,4,0,3,10,0,0,0,0,0,0,0,0,0,1,0,1,4,27,6
7080,C1,18,4,4,0,0,0,0,0,0,0,0,0,0,1,0,2,1,4,1
7095,A1,1,18,0,1,0,0,0,0,0,0,0,0,0,1,0,2,0,0,0
7095,B0,0,4,20,6,0,0,0,0,0,0,0,0,0,1,0,1,0,0,0
7095,B1,1,5,2,2,0,0,0,0,0,0,0,0,0,1,0,2,28,77,31
7095,B2,1,0,5,12,0,0,0,0,0,0,0,0,0,1,0,1,4,27,6
7095,C1,18,1,5,0,0,0,0,0,0,0,0,0,0,1,0,2,1,4,1
7110,A1,2,15,0,2,0,0,0,0,0,0,0,0,0,0,1,2,0,0,0
7110,B0,0,5,20,6,0,0,0,0,0,0,0,0,0,0,1,1,0,0,0
7110,B1,1,1,2,3,0,0,0,0,0,0,0,0,0,0,1,1,28,77,31
7110,B2,1,0,6,11,0,0,0,0,0,0,0,0,0,0,1,1,4,27,6
7110,C1,19,2,5,0,0,0,0,0,0,0,0,0,0,0,1,2,1,4,1
7125,A1,3,19,0,1,0,0,0,0,0,0,0,0,0,0,1,2,0,0,0
7125,B0,0,6,20,2,0,0,0,0,0,0,0,0,0,0,1,1,0,0,0
7125,B1,1,1,2,5,0,0,0,0,0,0,0,0,0,0,1,1,28,77,31
7125,B2,2,0,1,11,0,0,0,0,0,0,0,0,0,0,1,1,4,27,6
7125,C1,19,4,3,0,0,0,0,0,0,0,0,0,0,0,1,2,1,4,1
7140,A1,4,20,0,2,0,0,0,0,0,0,0,0,0,0,1,2,0,0,0
7140,B0,0,8,16,3,0,0,0,0,0,0,0,0,0,0,1,1,0,0,0
7140,B1,4,1,1,2,0,0,0,0,0,0,0,0,0,0,1,2,28,77,31
7140,B2,2,0,2,8,0,0,0,0,0,0,0,0,0,0,1,1,4,27,6
7140,C1,20,8,2,0,0,0,0,0,0,0,0,0,0,0,1,2,1,4,1
7155,A1,1,20,0,2,0,0,0,0,0,0,0,0,0,1,0,2,0,0,0
7155,B0,0,5,17,6,0,0,0,0,0,0,0,0,0,1,0,1,0,0,0
7155,B1,4,2,1,2,0,0,0,0,0,0,0,0,0,1,0,2,29,78,32
7155,B2,1,0,3,11,0,0,0,0,0,0,0,0,0,1,0,1,4,27,6
7155,C1,20,3,3,0,0,0,0,0,0,0,0,0,0,1,0,2,1,4,1
7170,A1,1,18,0,2,0,0,0,0,0,0,0,0,0,1,0,2,0,0,0
7170,B0,0,2,20,7,0,0,0,0,0,0,0,0,0,1,0,1,0,0,0
7170,B1,1,2,1,4,0,0,0,0,0,0,0,0,0,1,0,1,29,78,32
7170,B2,2,0,5,10,0,0,0,0,0,0,0,0,0,1,0,1,4,27,6
7170,C1,20,1,5,0,0,0,0,0,0,0,0,0,0,1,0,2,1,4,1
7185,A1,2,18,0,3,0,0,0,0,0,0,0,0,0,0,1,2,0,0,0
7185,B0,0,3,20,4,0,0,0,0,0,0,0,0,0,0,1,1,0,0,0
7185,B1,1,1,1,3,0,0,0,0,0,0,0,0,0,0,1,1,29,78,32
7185,B2,3,0,1,12,0,0,0,0,0,0,0,0,0,0,1,1,4,27,6
7185,C1,19,2,1,0,0,0,0,0,0,0,0,0,0,0,1,2,1,4,1
7200,A1,2,20,0,3,0,0,0,0,0,0,0,0,0,0,1,2,0,0,0
7200,B0,0,3,21,3,0,0,0,0,0,0,0,0,0,0,1,1,0,0,0
7200,B1,2,2,1,1,0,0,0,0,0,0,0,0,0,0,1,2,29,78,32
7200,B2,3,0,2,7,0,0,0,0,0,0,0,0,0,0,1,1,4,27,6
7200,C1,20,4,1,0,0,0,0,0,0,0,0,0,0,0,1,2,1,4,1
7215,A1,3,20,0,1,0,0,0,0,0,0,0,0,0,1,0,2,0,0,0
7215,B0,0,4,20,3,0,0,0,0,0,0,0,0,0,1,0,1,0,0,0
7215,B1,1,4,1,1,0,0,0,0,0,0,0,0,0,1,0,2,30,82,33
7215,B2,1,0,2,7,0,0,0,0,0,0,0,0,0,1,0,1,4,27,6
7215,C1,20,2,3,0,0,0,0,0,0,0,0,0,0,1,0,2,1,4,1
7230,A1,3,14,0,2,0,0,0,0,0,0,0,0,0,1,0,2,0,0,0
7230,B0,0,1,20,7,0,0,0,0,0,0,0,0,0,1,0,1,0,0,0
7230,B1,1,4,1,1,0,0,0,0,0,0,0,0,0,1,0,2,30,82,33
7230,B2,1,0,4,8,0,0,0,0,0,0,0,0,0,1,0,1,4,27,6
7230,C1,18,1,4,0,0,0,0,0,0,0,0,0,0,1,0,2,1,4,1
7245,A1,6,14,0,1,0,0,0,0,0,0,0,0,0,0,1,2,0,0,0
7245,B0,0,1,20,6,0,0,0,0,0,0,0,0,0,0,1,1,0,0,0
7245,B1,1,1,4,3,0,0,0,0,0,0,0,0,0,0,1,1,30,82,33
7245,B2,1,0,3,9,0,0,0,0,0,0,0,0,0,0,1,1,4,27,6
7245,C1,17,4,2,0,0,0,0,0,0,0,0,0,0,0,1,2,1,4,1
7260,A1,7,19,0,1,0,0,0,0,0,0,0,0,0,0,1,2,0,0,0
7260,B0,0,3,20,1,0,0,0,0,0,0,0,0,0,0,1,1,0,0,0
7260,B1,1,1,3,4,0,0,0,0,0,0,0,0,0,0,1,1,30,82,33
7260,B2,3,0,1,9,0,0,0,0,0,0,0,0,0,0,1,1,4,27,6
7260,C1,19,4,1,0,0,0,0,0,0,0,0,0,0,0,1,2,1,4,1
7275,A1,7,20,0,1,0,0,0,0,0,0,0,0,0,1,0,2,0,0,0
7275,B0,0,3,18,2,0,0,0,0,0,0,0,0,0,1,0,1,0,0,0
7275,B1,1,3,1,2,0,0,0,0,0,0,0,0,0,1,0,2,30,82,33
7275,B2,4,0,1,6,0,0,0,0,0,0,0,0,0,1,0,1,4,27,6
7275,C1,20,4,3,0,0,0,0,0,0,0,0,0,0,1,0,2,1,4,1
7290,A1,3,20,0,1,0,0,0,0,0,0,0,0,0,1,0,2,0,0,0
7290,B0,0,2,19,3,0,0,0,0,0,0,0,0,0,1,0,1,0,0,0
7290,B1,2,3,1,2,0,0,0,0,0,0,0,0,0,1,0,2,30,82,33
7290,B2,2,0,1,10,0,0,0,0,0,0,0,0,0,1,0,1,4,27,6
7290,C1,18,2,5,0,0,0,0,0,0,0,0,0,0,1,0,2,1,4,1
7305,A1,2,20,0,1,0,0,0,0,0,0,0,0,0,1,0,2,0,0,0
7305,B0,0,1,20,4,0,0,0,0,0,0,0,0,0,1,0,1,0,0,0
7305,B1,1,1,2,2,0,0,0,0,0,0,0,0,0,1,0,1,30,82,33
7305,B2,3,0,3,10,0,0,0,0,0,0,0,0,0,1,0,1,4,27,6
7305,C1,17,2,7,0,0,0,0,0,0,0,0,0,0,1,0,2,1,4,1
7320,A1,5,20,0,1,0,0,0,0,0,0,0,0,0,0,1,2,0,0,0
7320,B0,0,2,20,4,0,0,0,0,0,0,0,0,0,0,1,1,0,0,0
7320,B1,2,1,1,2,0,0,0,0,0,0,0,0,0,0,1,1,30,82,33
7320,B2,3,0,1,9,0,0,0,0,0,0,0,0,0,0,1,1,4,27,6
7320,C1,19,4,1,0,0,0,0,0,0,0,0,0,0,0,1,2,1,4,1
7335,A1,5,20,0,2,0,0,0,0,0,0,0,0,0,0,1,2,0,0,0
7335,B0,0,4,19,2,0,0,0,0,0,0,0,0,0,0,1,1,0,0,0
7335,B1,3,2,1,1,0,0,0,0,0,0,0,0,0,0,1,2,30,82,33
7335,B2,4,0,2,3,0,0,0,0,0,0,0,0,0,0,1,1,4,27,6
7335,C1,20,8,1,0,0,0,0,0,0,0,0,0,0,0,1,2,1,4,1
7350,A1,3,20,0,1,0,0,0,0,0,0,0,0,0,1,0,2,0,0,0
7350,B0,0,1,19,4,0,0,0,0,0,0,0,0,0,1,0,1,0,0,0
7350,B1,2,3,1,1,0,0,0,0,0,0,0,0,0,1,0,2,30,82,33
7350,B2,3,0,7,6,0,0,0,0,0,0,0,0,0,1,0,1,4,27,6
7350,C1,20,4,1,0,0,0,0,0,0,0,0,0,0,1,0,2,1,4,1
7365,A1,2,18,0,2,0,0,0,0,0,0,0,0,0,1,0,2,0,0,0
7365,B0,0,2,20,6,0,0,0,0,0,0,0,0,0,1,0,1,0,0,0
7365,B1,1,1,3,1,0,0,0,0,0,0,0,0,0,1,0,1,30,82,33
7365,B2,2,0,7,6,0,0,0,0,0,0,0,0,0,1,0,1,4,27,6
7365,C1,21,2,3,0,0,0,0,0,0,0,0,0,0,1,0,2,1,4,1
7380,A1,3,16,0,1,0,0,0,0,0,0,0,0,0,0,1,2,0,0,0
7380,B0,0,5,20,4,0,0,0,0,0,0,0,0,0,0,1,1,0,0,0
7380,B1,1,1,1,2,0,0,0,0,0,0,0,0,0,0,1,1,31,88,34
7380,B2,3,0,4,10,0,0,0,0,0,0,0,0,0,0,1,1,4,27,6
7380,C1,20,2,1,0,0,0,0,0,0,0,0,0,0,0,1,2,1,4,1
7395,A1,3,20,0,1,0,0,0,0,0,0,0,0,0,0,1,2,0,0,0
7395,B0,0,5,19,2,0,0,0,0,0,0,0,0,0,0,1,1,0,0,0
7395,B1,1,1,3,2,0,0,0,0,0,0,0,0,0,0,1,1,31,88,34
7395,B2,4,0,2,8,0,0,0,0,0,0,0,0,0,0,1,1,4,27,6
7395,C1,20,3,1,0,0,0,0,0,0,0,0,0,0,0,1,2,1,4,1
7410,A1,6,20,0,1,0,0,0,0,0,0,0,0,0,1,0,2,0,0,0
7410,B0,0,3,19,7,0,0,0,0,0,0,0,0,0,1,0,1,0,0,0
7410,B1,1,1,1,1,0,0,0,0,0,0,0,0,0,1,0,1,32,92,35
7410,B2,3,0,3,9,0,0,0,0,0,0,0,0,0,1,0,1,4,27,6
7410,C1,20,2,3,0,0,0,0,0,0,0,0,0,0,1,0,2,1,4,1
7425,A1,1,20,0,1,0,0,0,0,0,0,0,0,0,1,0,2,0,0,0
7425,B0,0,1,20,7,0,0,0,0,0,0,0,0,0,1,0,1,0,0,0
7425,B1,1,2,1,1,0,0,0,0,0,0,0,0,0,1,0,2,32,92,35
7425,B2,1,0,4,12,0,0,0,0,0,0,0,0,0,1,0,1,4,27,6
7425,C1,20,4,6,0,0,0,0,0,0,0,0,0,0,1,0,2,1,4,1
7440,A1,3,18,0,1,0,0,0,0,0,0,0,0,0,0,1,2,0,0,0
7440,B0,0,1,20,8,0,0,0,0,0,0,0,0,0,0,1,1,0,0,0
7440,B1,1,1,2,1,0,0,0,0,0,0,0,0,0,0,1,1,33,94,36
7440,B2,3,0,3,10,0,0,0,0,0,0,0,0,0,0,1,1,4,27,6
7440,C1,19,1,5,0,0,0,0,0,0,0,0,0,0,0,1,2,1,4,1
7455,A1,6,19,0,2,0,0,0,0,0,0,0,0,0,0,1,2,0,0,0
7455,B0,0,1,20,3,0,0,0,0,0,0,0,0,0,0,1,1,0,0,0
7455,B1,1,1,1,2,0,0,0,0,0,0,0,0,0,0,1,1,33,94,36
7455,B2,2,0,1,10,0,0,0,0,0,0,0,0,0,0,1,1,4,27,6
7455,C1,19,5,1,0,0,0,0,0,0,0,0,0,0,0,1,2,1,4,1
7470,A1,9,20,0,1,0,0,0,0,0,0,0,0,0,0,1,2,0,0,0
7470,B0,0,2,19,1,0,0,0,0,0,0,0,0,0,0,1,1,0,0,0
7470,B1,1,1,1,1,0,0,0,0,0,0,0,0,0,0,1,1,33,94,36
7470,B2,2,0,4,8,0,0,0,0,0,0,0,0,0,0,1,1,4,27,6
7470,C1,20,8,1,0,0,0,0,0,0,0,0,0,0,0,1,2,1,4,1
7485,A1,6,20,0,1,0,0,0,0,0,0,0,0,0,1,0,2,0,0,0
7485,B0,0,1,19,3,0,0,0,0,0,0,0,0,0,1,0,1,1,2,1
7485,B1,2,1,1,1,0,0,0,0,0,0,0,0,0,1,0,2,33,94,36
7485,B2,1,0,6,7,0,0,0,0,0,0,0,0,0,1,0,1,4,27,6
7485,C1,20,3,2,0,0,0,0,0,0,0,0,0,0,1,0,2,1,4,1
7500,A1,3,20,0,3,0,0,0,0,0,0,0,0,0,1,0,2,0,0,0
7500,B0,0,1,20,5,0,0,0,0,0,0,0,0,0,1,0,1,1,2,1
7500,B1,1,1,3,2,0,0,0,0,0,0,0,0,0,1,0,1,33,94,36
7500,B2,1,0,7,8,0,0,0,0,0,0,0,0,0,1,0,1,4,27,6
7500,C1,21,3,2,0,0,0,0,0,0,0,0,0,0,1,0,2,1,4,1
7515,A1,5,20,0,1,0,0,0,0,0,0,0,0,0,0,1,2,0,0,0
7515,B0,0,1,20,3,0,0,0,0,0,0,0,0,0,0,1,1,1,2,1
7515,B1,1,1,3,2,0,0,0,0,0,0,0,0,0,0,1,1,33,94,36
7515,B2,1,0,2,8,0,0,0,0,0,0,0,0,0,0,1,1,4,27,6
7515,C1,20,3,1,0,0,0,0,0,0,0,0,0,0,0,1,2,1,4,1
7530,A1,5,20,0,1,0,0,0,0,0,0,0,0,0,0,1,2,0,0,0
7530,B0,0,3,18,1,0,0,0,0,0,0,0,0,0,0,1,1,1,2,1
7530,B1,1,2,3,1,0,0,0,0,0,0,0,0,0,0,1,1,33,94,36
7530,B2,4,0,2,6,0,0,0,0,0,0,0,0,0,0,1,1,4,27,6
7530,C1,20,4,2,0,0,0,0,0,0,0,0,0,0,0,1,2,1,4,1
7545,A1,2,20,0,1,0,0,0,0,0,0,0,0,0,1,0,2,0,0,0
7545,B0,0,1,17,3,0,0,0,0,0,0,0,0,0,1,0,1,1,2,1
7545,B1,2,3,2,1,0,0,0,0,0,0,0,0,0,1,0,2,33,94,36
7545,B2,2,0,4,7,0,0,0,0,0,0,0,0,0,1,0,1,4,27,6
7545,C1,20,3,3,0,0,0,0,0,0,0,0,0,0,1,0,2,1,4,1
7560,A1,3,20,0,1,0,0,0,0,0,0,0,0,0,1,0,2,0,0,0
7560,B0,0,1,20,6,0,0,0,0,0,0,0,0,0,1,0,1,1,2,1
7560,B1,1,5,3,2,0,0,0,0,0,0,0,0,0,1,0,1,33,94,36
7560,B2,1,0,8,7,0,0,0,0,0,0,0,0,0,1,0,1,4,27,6
7560,C1,18,2,3,0,0,0,0,0,0,0,0,0,0,1,0,2,1,4,1
7575,A1,3,19,0,1,0,0,0,0,0,0,0,0,0,0,1,2,0,0,0
7575,B0,0,2,20,5,0,0,0,0,0,0,0,0,0,0,1,1,1,2,1
7575,B1,1,2,2,1,0,0,0,0,0,0,0,0,0,0,1,1,33,94,36
7575,B2,3,0,7,7,0,0,0,0,0,0,0,0,0,0,1,1,4,27,6
7575,C1,16,5,2,0,0,0,0,0,0,0,0,0,0,0,1,2,1,4,1
7590,A1,4,19,0,1,0,0,0,0,0,0,0,0,0,0,1,2,0,0,0
7590,B0,0,4,19,1,0,0,0,0,0,0,0,0,0,0,1,1,1,2,1
7590,B1,1,2,1,1,0,0,0,0,0,0,0,0,0,0,1,2,33,94,36
7590,B2,4,0,2,5,0,0,0,0,0,0,0,0,0,0,1,1,4,27,6
7590,C1,19,5,1,0,0,0,0,0,0,0,0,0,0,0,1,2,1,4,1
7605,A1,4,20,0,2,0,0,0,0,0,0,0,0,0,1,0,2,0,0,0
7605,B0,0,4,17,2,0,0,0,0,0,0,0,0,0,1,0,1,1,2,1
7605,B1,1,1,1,1,0,0,0,0,0,0,0,0,0,1,0,1,33,94,36
7605,B2,6,0,1,6,0,0,0,0,0,0,0,0,0,1,0,1,4,27,6
7605,C1,20,6,3,0,0,0,0,0,0,0,0,0,0,1,0,2,1,4,1
7620,A1,2,20,0,2,0,0,0,0,0,0,0,0,0,1,0,2,0,0,0
7620,B0,0,1,19,3,0,0,0,0,0,0,0,0,0,1,0,1,1,2,1
7620,B1,1,4,1,1,0,0,0,0,0,0,0,0,0,1,0,2,33,94,36
7620,B2,1,0,3,5,0,0,0,0,0,0,0,0,0,1,0,1,4,27,6
7620,C1,20,3,4,0,0,0,0,0,0,0,0,0,0,1,0,2,1,4,1
7635,A1,3,19,0,3,0,0,0,0,0,0,0,0,0,1,0,2,0,0,0
7635,B0,0,3,20,4,0,0,0,0,0,0,0,0,0,1,0,1,1,2,1
7635,B1,1,1,3,3,0,0,0,0,0,0,0,0,0,1,0,1,33,94,36
7635,B2,2,0,4,6,0,0,0,0,0,0,0,0,0,1,0,1,4,27,6
7635,C1,16,2,4,0,0,0,0,0,0,0,0,0,0,1,0,2,1,4,1
7650,A1,5,20,0,1,0,0,0,0,0,0,0,0,0,0,1,2,0,0,0
7650,B0,0,4,20,1,0,0,0,0,0,0,0,0,0,0,1,1,1,2,1
7650,B1,1,1,2,5,0,0,0,0,0,0,0,0,0,0,1,1,34,97,37
7650,B2,3,0,1,5,0,0,0,0,0,0,0,0,0,0,1,1,4,27,6
7650,C1,17,5,2,0,0,0,0,0,0,0,0,0,0,0,1,2,1,4,1
7665,A1,7,20,0,1,0,0,0,0,0,0,0,0,0,0,1,2,0,0,0
7665,B0,0,4,16,2,0,0,0,0,0,0,0,0,0,0,1,1,1,2,1
7665,B1,3,1,1,2,0,0,0,0,0,0,0,0,0,0,1,2,34,97,37
7665,B2,3,0,1,2,0,0,0,0,0,0,0,0,0,0,1,1,4,27,6
7665,C1,20,7,1,0,0,0,0,0,0,0,0,0,0,0,1,2,1,4,1
7680,A1,4,20,0,2,0,0,0,0,0,0,0,0,0,1,0,2,0,0,0
7680,B0,0,3,17,5,0,0,0,0,0,0,0,0,0,1,0,1,1,2,1
7680,B1,2,3,1,1,0,0,0,0,0,0,0,0,0,1,0,2,34,97,37
7680,B2,1,0,2,3,0,0,0,0,0,0,0,0,0,1,0,1,4,27,6
7680,C1,20,4,3,0,0,0,0,0,0,0,0,0,0,1,0,2,1,4,1
7695,A1,3,20,0,2,0,0,0,0,0,0,0,0,0,1,0,2,0,0,0
7695,B0,0,3,20,6,0,0,0,0,0,0,0,0,0,1,0,1,1,2,1
7695,B1,4,1,2,1,0,0,0,0,0,0,0,0,0,1,0,2,34,97,37
7695,B2,1,0,4,4,0,0,0,0,0,0,0,0,0,1,0,1,4,27,6
7695,C1,20,2,3,0,0,0,0,0,0,0,0,0,0,1,0,2,1,4,1
7710,A1,1,19,0,1,0,0,0,0,0,0,0,0,0,0,1,2,0,0,0
7710,B0,0,3,20,4,0,0,0,0,0,0,0,0,0,0,1,1,1,2,1
7710,B1,2,1,4,1,0,0,0,0,0,0,0,0,0,0,1,1,34,97,37
7710,B2,1,0,2,5,0,0,0,0,0,0,0,0,0,0,1,1,4,27,6
7710,C1,19,3,3,0,0,0,0,0,0,0,0,0,0,0,1,2,1,4,1
7725,A1,3,19,0,2,0,0,0,0,0,0,0,0,0,0,1,2,0,0,0
7725,B0,0,4,20,1,0,0,0,0,0,0,0,0,0,0,1,1,1,2,1
7725,B1,3,2,3,1,0,0,0,0,0,0,0,0,0,0,1,2,34,97,37
7725,B2,1,0,2,1,0,0,0,0,0,0,0,0,0,0,1,1,4,27,6
7725,C1,20,4,1,0,0,0,0,0,0,0,0,0,0,0,1,2,1,4,1
7740,A1,2,20,0,4,0,0,0,0,0,0,0,0,0,1,0,2,0,0,0
7740,B0,0,2,20,1,0,0,0,0,0,0,0,0,0,1,0,1,1,2,1
7740,B1,2,1,2,1,0,0,0,0,0,0,0,0,0,1,0,1,34,97,37
7740,B2,1,0,3,5,0,0,0,0,0,0,0,0,0,1,0,1,4,27,6
7740,C1,20,3,2,0,0,0,0,0,0,0,0,0,0,1,0,2,1,4,1
7755,A1,4,19,0,5,0,0,0,0,0,0,0,0,0,1,0,2,0,0,0
7755,B0,0,1,20,3,0,0,0,0,0,0,0,0,0,1,0,1,1,2,1
7755,B1,1,3,2,1,0,0,0,0,0,0,0,0,0,1,0,2,34,97,37
7755,B2,1,0,5,7,0,0,0,0,0,0,0,0,0,1,0,1,4,27,6
7755,C1,18,1,2,0,0,0,0,0,0,0,0,0,0,1,0,2,1,4,1
7770,A1,3,19,0,5,0,0,0,0,0,0,0,0,0,0,1,2,0,0,0
7770,B0,0,1,20,4,0,0,0,0,0,0,0,0,0,0,1,1,1,2,1
7770,B1,1,1,2,1,0,0,0,0,0,0,0,0,0,0,1,1,34,97,37
7770,B2,2,0,6,6,0,0,0,0,0,0,0,0,0,0,1,1,4,27,6
7770,C1,14,1,3,0,0,0,0,0,0,0,0,0,0,0,1,2,1,4,1
7785,A1,5,20,0,2,0,0,0,0,0,0,0,0,0,0,1,2,0,0,0
7785,B0,0,3,20,1,0,0,0,0,0,0,0,0,0,0,1,1,1,2,1
7785,B1,1,1,1,4,0,0,0,0,0,0,0,0,0,0,1,1,34,97,37
7785,B2,3,0,2,6,0,0,0,0,0,0,0,0,0,0,1,1,4,27,6
7785,C1,18,3,1,0,0,0,0,0,0,0,0,0,0,0,1,2,1,4,1
7800,A1,6,20,0,1,0,0,0,0,0,0,0,0,0,0,1,2,0,0,0
7800,B0,0,4,19,3,0,0,0,0,0,0,0,0,0,0,1,1,1,2,1
7800,B1,2,1,1,1,0,0,0,0,0,0,0,0,0,0,1,2,34,97,37
7800,B2,6,0,3,2,0,0,0,0,0,0,0,0,0,0,1,1,4,27,6
7800,C1,20,4,2,0,0,0,0,0,0,0,0,0,0,0,1,2,1,4,1
7815,A1,1,20,0,1,0,0,0,0,0,0,0,0,0,1,0,2,0,0,0
7815,B0,0,2,19,4,0,0,0,0,0,0,0,0,0,1,0,1,1,2,1
7815,B1,1,3,1,1,0,0,0,0,0,0,0,0,0,1,0,2,34,97,37
7815,B2,1,0,3,4,0,0,0,0,0,0,0,0,0,1,0,1,4,27,6
7815,C1,19,1,2,0,0,0,0,0,0,0,0,0,0,1,0,2,1,4,1
7830,A1,2,16,0,1,0,0,0,0,0,0,0,0,0,1,0,2,0,0,0
7830,B0,0,2,20,6,0,0,0,0,0,0,0,0,0,1,0,1,1,2,1
7830,B1,1,1,2,2,0,0,0,0,0,0,0,0,0,1,0,1,34,97,37
7830,B2,2,0,5,6,0,0,0,0,0,0,0,0,0,1,0,1,4,27,6
7830,C1,19,2,2,0,0,0,0,0,0,0,0,0,0,1,0,2,1,4,1
7845,A1,5,16,0,2,0,0,0,0,0,0,0,0,0,0,1,2,0,0,0
7845,B0,0,2,20,3,0,0,0,0,0,0,0,0,0,0,1,1,1,2,1
7845,B1,1,1,1,2,0,0,0,0,0,0,0,0,0,0,1,1,34,97,37
7845,B2,5,0,2,7,0,0,0,0,0,0,0,0,0,0,1,1,4,27,6
7845,C1,19,4,1,0,0,0,0,0,0,0,0,0,0,0,1,2,1,4,1
7860,A1,8,20,0,2,0,0,0,0,0,0,0,0,0,0,1,2,0,0,0
7860,B0,0,3,20,1,0,0,0,0,0,0,0,0,0,0,1,1,1,2,1
7860,B1,3,1,2,2,0,0,0,0,0,0,0,0,0,0,1,1,34,97,37
7860,B2,5,0,2,3,0,0,0,0,0,0,0,0,0,0,1,1,4,27,6
7860,C1,20,5,1,0,0,0,0,0,0,0,0,0,0,0,1,2,1,4,1
7875,A1,5,20,0,2,0,0,0,0,0,0,0,0,0,1,0,2,0,0,0
7875,B0,0,1,19,4,0,0,0,0,0,0,0,0,0,1,0,1,1,2,1
7875,B1,2,1,1,1,0,0,0,0,0,0,0,0,0,1,0,2,35,111,38
7875,B2,3,0,3,4,0,0,0,0,0,0,0,0,0,1,0,1,4,27,6
7875,C1,20,4,2,0,0,0,0,0,0,0,0,0,0,1,0,2,1,4,1
7890,A1,1,20,0,3,0,0,0,0,0,0,0,0,0,1,0,2,0,0,0
7890,B0,0,1,20,5,0,0,0,0,0,0,0,0,0,1,0,1,1,2,1
7890,B1,1,1,1,1,0,0,0,0,0,0,0,0,0,1,0,1,35,111,38
7890,B2,4,0,5,4,0,0,0,0,0,0,0,0,0,1,0,1,4,27,6
7890,C1,20,3,4,0,0,0,0,0,0,0,0,0,0,1,0,2,1,4,1
7905,A1,5,19,0,1,0,0,0,0,0,0,0,0,0,0,1,2,0,0,0
7905,B0,0,1,20,4,0,0,0,0,0,0,0,0,0,0,1,1,1,2,1
7905,B1,1,1,3,1,0,0,0,0,0,0,0,0,0,0,1,1,35,111,38
7905,B2,2,0,4,5,0,0,0,0,0,0,0,0,0,0,1,1,4,27,6
7905,C1,20,4,2,0,0,0,0,0,0,0,0,0,0,0,1,2,1,4,1
7920,A1,7,20,0,2,0,0,0,0,0,0,0,0,0,0,1,2,0,0,0
7920,B0,0,1,18,2,0,0,0,0,0,0,0,0,0,0,1,1,1,2,1
7920,B1,1,1,2,1,0,0,0,0,0,0,0,0,0,0,1,1,35,111,38
7920,B2,2,0,1,3,0,0,0,0,0,0,0,0,0,0,1,1,4,27,6
7920,C1,20,7,1,0,0,0,0,0,0,0,0,0,0,0,1,2,1,4,1
7935,A1,8,20,0,2,0,0,0,0,0,0,0,0,0,1,0,2,0,0,0
7935,B0,0,3,18,2,0,0,0,0,0,0,0,0,0,1,0,1,1,2,1
7935,B1,1,1,1,1,0,0,0,0,0,0,0,0,0,1,0,1,35,111,38
7935,B2,1,0,1,3,0,0,0,0,0,0,0,0,0,1,0,1,4,27,6
7935,C1,20,7,1,0,0,0,0,0,0,0,0,0,0,1,0,2,1,4,1
7950,A1,3,20,0,1,0,0,0,0,0,0,0,0,0,1,0,2,0,0,0
7950,B0,0,1,20,6,0,0,0,0,0,0,0,0,0,1,0,1,1,2,1
7950,B1,1,2,1,1,0,0,0,0,0,0,0,0,0,1,0,2,35,111,38
7950,B2,1,0,4,3,0,0,0,0,0,0,0,0,0,1,0,1,4,27,6
7950,C1,20,3,2,0,0,0,0,0,0,0,0,0,0,1,0,2,1,4,1
7965,A1,2,19,0,2,0,0,0,0,0,0,0,0,0,1,0,2,0,0,0
7965,B0,0,2,20,8,0,0,0,0,0,0,0,0,0,1,0,1,1,2,1
7965,B1,1,1,1,2,0,0,0,0,0,0,0,0,0,1,0,1,35,111,38
7965,B2,1,0,5,5,0,0,0,0,0,0,0,0,0,1,0,1,4,27,6
7965,C1,20,3,2,0,0,0,0,0,0,0,0,0,0,1,0,2,1,4,1
7980,A1,4,19,0,1,0,0,0,0,0,0,0,0,0,0,1,2,0,0,0
7980,B0,0,3,20,4,0,0,0,0,0,0,0,0,0,0,1,1,1,2,1
7980,B1,1,1,3,3,0,0,0,0,0,0,0,0,0,0,1,1,35,111,38
7980,B2,2,0,1,5,0,0,0,0,0,0,0,0,0,0,1,1,4,27,6
7980,C1,20,3,1,0,0,0,0,0,0,0,0,0,0,0,1,2,1,4,1
7995,A1,4,20,0,2,0,0,0,0,0,0,0,0,0,0,1,2,0,0,0
7995,B0,0,4,21,1,0,0,0,0,0,0,0,0,0,0,1,1,1,2,1
7995,B1,2,2,1,1,0,0,0,0,0,0,0,0,0,0,1,2,35,111,38
7995,B2,2,0,1,1,0,0,0,0,0,0,0,0,0,0,1,1,4,27,6
7995,C1,20,4,1,0,0,0,0,0,0,0,0,0,0,0,1,2,1,4,1
8010,A1,1,20,0,3,0,0,0,0,0,0,0,0,0,1,0,2,0,0,0
8010,B0,0,2,20,5,0,0,0,0,0,0,0,0,0,1,0,1,1,2,1
8010,B1,2,2,1,1,0,0,0,0,0,0,0,0,0,1,0,2,35,111,38
8010,B2,1,0,7,6,0,0,0,0,0,0,0,0,0,1,0,1,4,27,6
8010,C1,20,1,2,0,0,0,0,0,0,0,0,0,0,1,0,2,1,4,1
8025,A1,1,18,0,5,0,0,0,0,0,0,0,0,0,1,0,2,0,0,0
8025,B0,0,1,20,7,0,0,0,0,0,0,0,0,0,1,0,1,1,2,1
8025,B1,1,1,2,1,0,0,0,0,0,0,0,0,0,1,0,1,35,111,38
8025,B2,2,0,8,6,0,0,0,0,0,0,0,0,0,1,0,1,4,27,6
8025,C1,16,5,3,0,0,0,0,0,0,0,0,0,0,1,0,2,1,4,1
8040,A1,5,16,0,3,0,0,0,0,0,0,0,0,0,0,1,2,0,0,0
8040,B0,0,2,20,4,0,0,0,0,0,0,0,0,0,0,1,1,1,2,1
8040,B1,1,1,3,2,0,0,0,0,0,0,0,0,0,0,1,1,35,111,38
8040,B2,2,0,5,6,0,0,0,0,0,0,0,0,0,0,1,1,4,27,6
8040,C1,15,3,2,0,0,0,0,0,0,0,0,0,0,0,1,2,1,4,1
8055,A1,5,20,0,1,0,0,0,0,0,0,0,0,0,0,1,2,0,0,0
8055,B0,0,4,19,3,0,0,0,0,0,0,0,0,0,0,1,1,1,2,1
8055,B1,1,1,3,4,0,0,0,0,0,0,0,0,0,0,1,1,35,111,38
8055,B2,3,0,1,5,0,0,0,0,0,0,0,0,0,0,1,1,4,27,6
8055,C1,20,4,1,0,0,0,0,0,0,0,0,0,0,0,1,2,1,4,1
8070,A1,6,20,0,1,0,0,0,0,0,0,0,0,0,1,0,2,0,0,0
8070,B0,0,3,18,2,0,0,0,0,0,0,0,0,0,1,0,1,1,2,1
8070,B1,3,2,1,2,0,0,0,0,0,0,0,0,0,1,0,2,35,111,38
8070,B2,1,0,2,4,0,0,0,0,0,0,0,0,0,1,0,1,4,27,6
8070,C1,20,2,1,0,0,0,0,0,0,0,0,0,0,1,0,2,1,4,1
8085,A1,2,20,0,2,0,0,0,0,0,0,0,0,0,1,0,2,0,0,0
8085,B0,0,1,20,3,0,0,0,0,0,0,0,0,0,1,0,1,1,2,1
8085,B1,2,3,1,2,0,0,0,0,0,0,0,0,0,1,0,2,35,111,38
8085,B2,2,0,3,3,0,0,0,0,0,0,0,0,0,1,0,1,4,27,6
8085,C1,20,1,2,0,0,0,0,0,0,0,0,0,0,1,0,2,1,4,1
8100,A1,2,20,0,3,0,0,0,0,0,0,0,0,0,0,1,2,0,0,0
8100,B0,0,1,20,3,0,0,0,0,0,0,0,0,0,0,1,1,1,2,1
8100,B1,1,1,1,3,0,0,0,0,0,0,0,0,0,0,1,1,35,111,38
8100,B2,2,0,2,7,0,0,0,0,0,0,0,0,0,0,1,1,4,27,6
8100,C1,17,2,2,0,0,0,0,0,0,0,0,0,0,0,1,2,1,4,1
8115,A1,3,20,0,2,0,0,0,0,0,0,0,0,0,0,1,2,0,0,0
8115,B0,0,1,18,1,0,0,0,0,0,0,0,0,0,0,1,1,1,2,1
8115,B1,1,1,2,4,0,0,0,0,0,0,0,0,0,0,1,1,35,111,38
8115,B2,3,0,4,3,0,0,0,0,0,0,0,0,0,0,1,1,4,27,6
8115,C1,19,5,3,0,0,0,0,0,0,0,0,0,0,0,1,2,1,4,1
8130,A1,4,20,0,1,0,0,0,0,0,0,0,0,0,0,1,2,0,0,0
8130,B0,0,3,13,5,0,0,0,0,0,0,0,0,0,0,1,1,1,2,1
8130,B1,1,3,1,2,0,0,0,0,0,0,0,0,0,0,1,2,35,111,38
8130,B2,5,0,2,6,0,0,0,0,0,0,0,0,0,0,1,1,4,27,6
8130,C1,20,6,1,0,0,0,0,0,0,0,0,0,0,0,1,2,1,4,1
8145,A1,5,18,0,1,0,0,0,0,0,0,0,0,0,1,0,2,0,0,0
8145,B0,0,1,17,1,0,0,0,0,0,0,0,0,0,1,0,1,1,2,1
8145,B1,3,2,1,2,0,0,0,0,0,0,0,0,0,1,0,2,35,111,38
8145,B2,2,0,5,6,0,0,0,0,0,0,0,0,0,1,0,1,4,27,6
8145,C1,20,2,3,0,0,0,0,0,0,0,0,0,0,1,0,2,1,4,1
8160,A1,2,14,0,3,0,0,0,0,0,0,0,0,0,1,0,2,0,0,0
8160,B0,0,2,20,3,0,0,0,0,0,0,0,0,0,1,0,1,1,2,1
8160,B1,3,1,2,4,0,0,0,0,0,0,0,0,0,1,0,1,35,111,38
8160,B2,1,0,7,6,0,0,0,0,0,0,0,0,0,1,0,1,4,27,6
8160,C1,16,3,4,0,0,0,0,0,0,0,0,0,0,1,0,2,1,4,1
8175,A1,3,16,0,2,0,0,0,0,0,0,0,0,0,0,1,2,0,0,0
8175,B0,0,5,19,5,0,0,0,0,0,0,0,0,0,0,1,1,1,2,1
8175,B1,1,1,4,5,0,0,0,0,0,0,0,0,0,0,1,1,35,111,38
8175,B2,1,0,3,6,0,0,0,0,0,0,0,0,0,0,1,1,4,27,6
8175,C1,16,3,1,0,0,0,0,0,0,0,0,0,0,0,1,2,1,4,1
8190,A1,5,20,0,2,0,0,0,0,0,0,0,0,0,0,1,2,0,0,0
8190,B0,0,5,16,1,0,0,0,0,0,0,0,0,0,0,1,1,1,2,1
8190,B1,2,4,2,4,0,0,0,0,0,0,0,0,0,0,1,1,35,111,38
8190,B2,3,0,2,4,0,0,0,0,0,0,0,0,0,0,1,1,4,27,6
8190,C1,20,4,1,0,0,0,0,0,0,0,0,0,0,0,1,2,1,4,1
8205,A1,3,20,0,2,0,0,0,0,0,0,0,0,0,1,0,2,0,0,0
8205,B0,0,3,17,3,0,0,0,0,0,0,0,0,0,1,0,1,1,2,1
8205,B1,4,1,2,3,0,0,0,0,0,0,0,0,0,1,0,1,35,111,38
8205,B2,2,0,2,5,0,0,0,0,0,0,0,0,0,1,0,1,4,27,6
8205,C1,20,2,4,0,0,0,0,0,0,0,0,0,0,1,0,2,1,4,1
8220,A1,1,18,0,4,0,0,0,0,0,0,0,0,0,1,0,2,0,0,0
8220,B0,0,4,20,4,0,0,0,0,0,0,0,0,0,1,0,1,1,2,1
8220,B1,2,1,2,3,0,0,0,0,0,0,0,0,0,1,0,1,35,111,38
8220,B2,2,0,2,6,0,0,0,0,0,0,0,0,0,1,0,1,4,27,6
8220,C1,16,2,4,0,0,0,0,0,0,0,0,0,0,1,0,2,1,4,1
8235,A1,1,17,0,2,0,0,0,0,0,0,0,0,0,0,1,2,0,0,0
8235,B0,0,3,20,3,0,0,0,0,0,0,0,0,0,0,1,1,1,2,1
8235,B1,1,1,1,4,0,0,0,0,0,0,0,0,0,0,1,1,35,111,38
8235,B2,4,0,2,6,0,0,0,0,0,0,0,0,0,0,1,1,4,27,6
8235,C1,14,3,3,0,0,0,0,0,0,0,0,0,0,0,1,2,1,4,1
8250,A1,2,19,0,1,0,0,0,0,0,0,0,0,0,0,1,2,0,0,0
8250,B0,0,4,17,1,0,0,0,0,0,0,0,0,0,0,1,1,1,2,1
8250,B1,1,1,3,3,0,0,0,0,0,0,0,0,0,0,1,1,35,111,38
8250,B2,5,0,1,2,0,0,0,0,0,0,0,0,0,0,1,2,4,27,6
8250,C1,19,4,3,0,0,0,0,0,0,0,0,0,0,0,1,2,1,4,1
8265,A1,3,20,0,2,0,0,0,0,0,0,0,0,0,1,0,2,0,0,0
8265,B0,0,5,15,1,0,0,0,0,0,0,0,0,0,1,0,1,1,2,1
8265,B1,1,4,1,1,0,0,0,0,0,0,0,0,0,1,0,2,37,118,40
8265,B2,4,0,3,4,0,0,0,0,0,0,0,0,0,1,0,1,4,27,6
8265,C1,20,4,1,0,0,0,0,0,0,0,0,0,0,1,0,2,1,4,1
8280,A1,1,18,0,4,0,0,0,0,0,0,0,0,0,1,0,2,0,0,0
8280,B0,0,1,19,1,0,0,0,0,0,0,0,0,0,1,0,1,1,2,1
8280,B1,3,1,1,1,0,0,0,0,0,0,0,0,0,1,0,2,37,118,40
8280,B2,2,0,4,5,0,0,0,0,0,0,0,0,0,1,0,1,4,27,6
8280,C1,20,1,2,0,0,0,0,0,0,0,0,0,0,1,0,2,1,4,1
8295,A1,1,18,0,6,0,0,0,0,0,0,0,0,0,1,0,2,0,0,0
8295,B0,0,1,20,2,0,0,0,0,0,0,0,0,0,1,0,1,1,2,1
8295,B1,1,2,3,2,0,0,0,0,0,0,0,0,0,1,0,1,37,118,40
8295,B2,1,0,6,9,0,0,0,0,0,0,0,0,0,1,0,1,4,27,6
8295,C1,19,3,2,0,0,0,0,0,0,0,0,0,0,1,0,2,1,4,1
8310,A1,4,20,0,2,0,0,0,0,0,0,0,0,0,0,1,2,0,0,0
8310,B0,0,1,17,1,0,0,0,0,0,0,0,0,0,0,1,1,1,2,1
8310,B1,1,1,2,4,0,0,0,0,0,0,0,0,0,0,1,1,37,118,40
8310,B2,2,0,1,6,0,0,0,0,0,0,0,0,0,0,1,1,4,27,6
8310,C1,19,3,1,0,0,0,0,0,0,0,0,0,0,0,1,2,1,4,1
8325,A1,6,20,0,1,0,0,0,0,0,0,0,0,0,0,1,2,0,0,0
8325,B0,0,2,15,1,0,0,0,0,0,0,0,0,0,0,1,1,1,2,1
8325,B1,1,1,1,2,0,0,0,0,0,0,0,0,0,0,1,1,37,118,40
8325,B2,3,0,2,5,0,0,0,0,0,0,0,0,0,0,1,1,4,27,6
8325,C1,20,3,1,0,0,0,0,0,0,0,0,0,0,0,1,2,1,4,1
8340,A1,2,20,0,2,0,0,0,0,0,0,0,0,0,1,0,2,0,0,0
8340,B0,0,2,18,3,0,0,0,0,0,0,0,0,0,1,0,1,1,2,1
8340,B1,4,2,1,1,0,0,0,0,0,0,0,0,0,1,0,2,37,118,40
8340,B2,1,0,3,7,0,0,0,0,0,0,0,0,0,1,0,1,4,27,6
8340,C1,20,3,2,0,0,0,0,0,0,0,0,0,0,1,0,2,1,4,1
8355,A1,3,17,0,2,0,0,0,0,0,0,0,0,0,1,0,2,0,0,0
8355,B0,0,1,20,4,0,0,0,0,0,0,0,0,0,1,0,1,1,2,1
8355,B1,4,4,3,1,0,0,0,0,0,0,0,0,0,1,0,2,37,118,40
8355,B2,1,0,4,8,0,0,0,0,0,0,0,0,0,1,0,1,4,27,6
8355,C1,18,2,2,0,0,0,0,0,0,0,0,0,0,1,0,2,1,4,1
8370,A1,1,16,0,2,0,0,0,0,0,0,0,0,0,0,1,2,0,0,0
8370,B0,0,2,20,2,0,0,0,0,0,0,0,0,0,0,1,1,1,2,1
8370,B1,3,1,1,2,0,0,0,0,0,0,0,0,0,0,1,2,37,118,40
8370,B2,1,0,4,8,0,0,0,0,0,0,0,0,0,0,1,1,4,27,6
8370,C1,16,4,1,0,0,0,0,0,0,0,0,0,0,0,1,2,1,4,1
8385,A1,2,20,0,1,0,0,0,0,0,0,0,0,0,0,1,2,0,0,0
8385,B0,0,5,16,4,0,0,0,0,0,0,0,0,0,0,1,1,1,2,1
8385,B1,3,1,1,4,0,0,0,0,0,0,0,0,0,0,1,1,37,118,40
8385,B2,1,0,2,7,0,0,0,0,0,0,0,0,0,0,1,1,4,27,6
8385,C1,20,5,2,0,0,0,0,0,0,0,0,0,0,0,1,2,1,4,1
8400,A1,1,20,0,1,0,0,0,0,0,0,0,0,0,1,0,2,0,0,0
8400,B0,0,3,16,1,0,0,0,0,0,0,0,0,0,1,0,1,1,2,1
8400,B1,4,2,1,2,0,0,0,0,0,0,0,0,0,1,0,2,37,118,40
8400,B2,1,0,4,11,0,0,0,0,0,0,0,0,0,1,0,1,4,27,6
8400,C1,20,3,2,0,0,0,0,0,0,0,0,0,0,1,0,2,1,4,1
8415,A1,1,19,0,1,0,0,0,0,0,0,0,0,0,1,0,2,0,0,0
8415,B0,0,1,20,3,0,0,0,0,0,0,0,0,0,1,0,1,1,2,1
8415,B1,3,1,1,2,0,0,0,0,0,0,0,0,0,1,0,2,37,118,40
8415,B2,2,0,5,11,0,0,0,0,0,0,0,0,0,1,0,1,4,27,6
8415,C1,17,3,4,0,0,0,0,0,0,0,0,0,0,1,0,2,1,4,1
8430,A1,1,17,0,4,0,0,0,0,0,0,0,0,0,0,1,2,0,0,0
8430,B0,0,3,20,3,0,0,0,0,0,0,0,0,0,0,1,1,1,2,1
8430,B1,2,1,1,4,0,0,0,0,0,0,0,0,0,0,1,1,37,118,40
8430,B2,1,0,5,11,0,0,0,0,0,0,0,0,0,0,1,1,4,27,6
8430,C1,14,3,3,0,0,0,0,0,0,0,0,0,0,0,1,2,1,4,1
8445,A1,2,19,0,2,0,0,0,0,0,0,0,0,0,0,1,2,0,0,0
8445,B0,0,5,19,1,0,0,0,0,0,0,0,0,0,0,1,1,1,2,1
8445,B1,2,1,2,6,0,0,0,0,0,0,0,0,0,0,1,1,37,118,40
8445,B2,2,0,1,10,0,0,0,0,0,0,0,0,0,0,1,1,4,27,6
8445,C1,18,3,1,0,0,0,0,0,0,0,0,0,0,0,1,2,1,4,1
8460,A1,4,20,0,1,0,0,0,0,0,0,0,0,0,0,1,2,0,0,0
8460,B0,0,8,15,3,0,0,0,0,0,0,0,0,0,0,1,1,1,2,1
8460,B1,3,1,1,3,0,0,0,0,0,0,0,0,0,0,1,1,37,118,40
8460,B2,4,0,1,9,0,0,0,0,0,0,0,0,0,0,1,1,4,27,6
8460,C1,20,5,1,0,0,0,0,0,0,0,0,0,0,0,1,2,1,4,1
8475,A1,1,18,0,1,0,0,0,0,0,0,0,0,0,1,0,2,0,0,0
8475,B0,0,5,17,3,0,0,0,0,0,0,0,0,0,1,0,1,1,2,1
8475,B1,3,4,1,2,0,0,0,0,0,0,0,0,0,1,0,2,37,118,40
8475,B2,3,0,2,10,0,0,0,0,0,0,0,0,0,1,0,1,4,27,6
8475,C1,20,2,3,0,0,0,0,0,0,0,0,0,0,1,0,2,1,4,1
8490,A1,1,17,0,2,0,0,0,0,0,0,0,0,0,1,0,2,0,0,0
8490,B0,0,1,20,4,0,0,0,0,0,0,0,0,0,1,0,1,1,2,1
8490,B1,1,3,2,3,0,0,0,0,0,0,0,0,0,1,0,1,37,118,40
8490,B2,2,0,4,10,0,0,0,0,0,0,0,0,0,1,0,1,4,27,6
8490,C1,18,1,3,0,0,0,0,0,0,0,0,0,0,1,0,2,1,4,1
8505,A1,1,17,0,3,0,0,0,0,0,0,0,0,0,0,1,2,0,0,0
8505,B0,0,2,19,3,0,0,0,0,0,0,0,0,0,0,1,1,1,2,1
8505,B1,1,2,5,2,0,0,0,0,0,0,0,0,0,0,1,1,37,118,40
8505,B2,3,0,3,11,0,0,0,0,0,0,0,0,0,0,1,1,4,27,6
8505,C1,19,2,1,0,0,0,0,0,0,0,0,0,0,0,1,2,1,4,1
8520,A1,5,20,0,1,0,0,0,0,0,0,0,0,0,0,1,2,0,0,0
8520,B0,0,2,15,3,0,0,0,0,0,0,0,0,0,0,1,1,1,2,1
8520,B1,1,3,2,2,0,0,0,0,0,0,0,0,0,0,1,1,37,118,40
8520,B2,3,0,2,6,0,0,0,0,0,0,0,0,0,0,1,1,4,27,6
8520,C1,20,4,1,0,0,0,0,0,0,0,0,0,0,0,1,2,1,4,1
8535,A1,4,20,0,2,0,0,0,0,0,0,0,0,0,1,0,2,0,0,0
8535,B0,0,1,15,1,0,0,0,0,0,0,0,0,0,1,0,1,1,2,1
8535,B1,4,6,1,1,0,0,0,0,0,0,0,0,0,1,0,2,37,118,40
8535,B2,2,0,1,5,0,0,0,0,0,0,0,0,0,1,0,1,4,27,6
8535,C1,20,4,5,0,0,0,0,0,0,0,0,0,0,1,0,2,1,4,1
8550,A1,1,19,0,2,0,0,0,0,0,0,0,0,0,1,0,2,0,0,0
8550,B0,0,1,20,4,0,0,0,0,0,0,0,0,0,1,0,1,1,2,1
8550,B1,4,4,2,1,0,0,0,0,0,0,0,0,0,1,0,2,37,118,40
8550,B2,1,0,1,8,0,0,0,0,0,0,0,0,0,1,0,1,4,27,6
8550,C1,18,2,5,0,0,0,0,0,0,0,0,0,0,1,0,2,1,4,1
8565,A1,1,16,0,1,0,0,0,0,0,0,0,0,0,0,1,2,0,0,0
8565,B0,0,4,20,4,0,0,0,0,0,0,0,0,0,0,1,1,1,2,1
8565,B1,2,2,3,1,0,0,0,0,0,0,0,0,0,0,1,1,37,118,40
8565,B2,1,0,2,9,0,0,0,0,0,0,0,0,0,0,1,1,4,27,6
8565,C1,17,3,6,0,0,0,0,0,0,0,0,0,0,0,1,2,1,4,1
8580,A1,1,19,0,1,0,0,0,0,0,0,0,0,0,0,1,2,0,0,0
8580,B0,0,6,18,3,0,0,0,0,0,0,0,0,0,0,1,1,1,2,1
8580,B1,2,2,4,3,0,0,0,0,0,0,0,0,0,0,1,1,37,118,40
8580,B2,2,0,3,6,0,0,0,0,0,0,0,0,0,0,1,1,4,27,6
8580,C1,20,3,3,0,0,0,0,0,0,0,0,0,0,0,1,2,1,4,1
8595,A1,1,20,0,1,0,0,0,0,0,0,0,0,0,1,0,2,0,0,0
8595,B0,0,8,17,2,0,0,0,0,0,0,0,0,0,1,0,1,1,2,1
8595,B1,5,2,2,1,0,0,0,0,0,0,0,0,0,1,0,2,37,118,40
8595,B2,3,0,3,5,0,0,0,0,0,0,0,0,0,1,0,1,4,27,6
8595,C1,20,4,1,0,0,0,0,0,0,0,0,0,0,1,0,2,1,4,1
8610,A1,1,19,0,1,0,0,0,0,0,0,0,0,0,1,0,2,0,0,0
8610,B0,0,4,19,2,0,0,0,0,0,0,0,0,0,1,0,1,1,2,1
8610,B1,5,5,2,1,0,0,0,0,0,0,0,0,0,1,0,2,37,118,40
8610,B2,1,0,4,7,0,0,0,0,0,0,0,0,0,1,0,1,4,27,6
8610,C1,20,1,1,0,0,0,0,0,0,0,0,0,0,1,0,2,1,4,1
8625,A1,1,16,0,4,0,0,0,0,0,0,0,0,0,1,0,2,0,0,0
8625,B0,0,1,20,7,0,0,0,0,0,0,0,0,0,1,0,1,1,2,1
8625,B1,1,3,3,2,0,0,0,0,0,0,0,0,0,1,0,1,37,118,40
8625,B2,2,0,5,9,0,0,0,0,0,0,0,0,0,1,0,1,4,27,6
8625,C1,17,2,2,0,0,0,0,0,0,0,0,0,0,1,0,2,1,4,1
8640,A1,1,19,0,1,0,0,0,0,0,0,0,0,0,0,1,2,0,0,0
8640,B0,0,3,20,5,0,0,0,0,0,0,0,0,0,0,1,1,1,2,1
8640,B1,1,3,4,2,0,0,0,0,0,0,0,0,0,0,1,1,37,118,40
8640,B2,5,0,1,11,0,0,0,0,0,0,0,0,0,0,1,1,4,27,6
8640,C1,18,2,1,0,0,0,0,0,0,0,0,0,0,0,1,2,1,4,1
8655,A1,4,20,0,1,0,0,0,0,0,0,0,0,0,0,1,2,0,0,0
8655,B0,0,4,21,2,0,0,0,0,0,0,0,0,0,0,1,1,1,2,1
8655,B1,2,3,1,1,0,0,0,0,0,0,0,0,0,0,1,2,37,118,40
8655,B2,7,0,2,10,0,0,0,0,0,0,0,0,0,0,1,1,4,27,6
8655,C1,20,4,2,0,0,0,0,0,0,0,0,0,0,0,1,2,1,4,1
8670,A1,1,20,0,2,0,0,0,0,0,0,0,0,0,1,0,2,0,0,0
8670,B0,0,1,20,3,0,0,0,0,0,0,0,0,0,1,0,1,1,2,1
8670,B1,4,3,1,1,0,0,0,0,0,0,0,0,0,1,0,2,37,118,40
8670,B2,3,0,1,10,0,0,0,0,0,0,0,0,0,1,0,1,4,27,6
8670,C1,20,2,3,0,0,0,0,0,0,0,0,0,0,1,0,2,1,4,1
8685,A1,2,19,0,3,0,0,0,0,0,0,0,0,0,1,0,2,0,0,0
8685,B0,0,1,20,6,0,0,0,0,0,0,0,0,0,1,0,1,1,2,1
8685,B1,2,2,2,2,0,0,0,0,0,0,0,0,0,1,0,1,37,118,40
8685,B2,1,0,2,10,0,0,0,0,0,0,0,0,0,1,0,1,4,27,6
8685,C1,19,1,4,0,0,0,0,0,0,0,0,0,0,1,0,2,1,4,1
8700,A1,4,18,0,2,0,0,0,0,0,0,0,0,0,0,1,2,0,0,0
8700,B0,0,1,20,5,0,0,0,0,0,0,0,0,0,0,1,1,1,2,1
8700,B1,1,1,4,2,0,0,0,0,0,0,0,0,0,0,1,1,38,119,41
8700,B2,1,0,2,10,0,0,0,0,0,0,0,0,0,0,1,1,4,27,6
8700,C1,19,2,4,0,0,0,0,0,0,0,0,0,0,0,1,2,1,4,1
8715,A1,6,20,0,2,0,0,0,0,0,0,0,0,0,0,1,2,0,0,0
8715,B0,0,3,19,7,0,0,0,0,0,0,0,0,0,0,1,1,1,2,1
8715,B1,1,1,1,1,0,0,0,0,0,0,0,0,0,0,1,1,38,119,41
8715,B2,1,0,2,9,0,0,0,0,0,0,0,0,0,0,1,1,4,27,6
8715,C1,20,4,2,0,0,0,0,0,0,0,0,0,0,0,1,2,1,4,1
8730,A1,4,20,0,3,0,0,0,0,0,0,0,0,0,1,0,2,0,0,0
8730,B0,0,1,17,3,0,0,0,0,0,0,0,0,0,1,0,1,1,2,1
8730,B1,3,2,1,1,0,0,0,0,0,0,0,0,0,1,0,2,38,119,41
8730,B2,2,0,2,9,0,0,0,0,0,0,0,0,0,1,0,1,4,27,6
8730,C1,20,3,4,0,0,0,0,0,0,0,0,0,0,1,0,2,1,4,1
8745,A1,3,20,0,4,0,0,0,0,0,0,0,0,0,1,0,2,0,0,0
8745,B0,0,1,19,4,0,0,0,0,0,0,0,0,0,1,0,1,1,2,1
8745,B1,3,4,1,1,0,0,0,0,0,0,0,0,0,1,0,2,38,119,41
8745,B2,1,0,2,10,0,0,0,0,0,0,0,0,0,1,0,1,4,27,6
8745,C1,19,2,3,0,0,0,0,0,0,0,0,0,0,1,0,2,1,4,1
8760,A1,1,17,0,4,0,0,0,0,0,0,0,0,0,0,1,2,0,0,0
8760,B0,0,1,20,4,0,0,0,0,0,0,0,0,0,0,1,1,1,2,1
8760,B1,2,1,1,1,0,0,0,0,0,0,0,0,0,0,1,2,38,119,41
8760,B2,4,0,4,12,0,0,0,0,0,0,0,0,0,0,1,1,4,27,6
8760,C1,18,2,4,0,0,0,0,0,0,0,0,0,0,0,1,2,1,4,1
8775,A1,3,18,0,1,0,0,0,0,0,0,0,0,0,0,1,2,0,0,0
8775,B0,0,4,20,3,0,0,0,0,0,0,0,0,0,0,1,1,1,2,1
8775,B1,2,1,3,3,0,0,0,0,0,0,0,0,0,0,1,1,38,119,41
8775,B2,5,0,1,10,0,0,0,0,0,0,0,0,0,0,1,1,4,27,6
8775,C1,19,1,1,0,0,0,0,0,0,0,0,0,0,0,1,2,1,4,1
8790,A1,4,20,0,1,0,0,0,0,0,0,0,0,0,0,1,2,0,0,0
8790,B0,0,3,20,3,0,0,0,0,0,0,0,0,0,0,1,1,1,2,1
8790,B1,4,1,1,1,0,0,0,0,0,0,0,0,0,0,1,2,38,119,41
8790,B2,7,0,4,11,0,0,0,0,0,0,0,0,0,0,1,1,4,27,6
8790,C1,20,1,1,0,0,0,0,0,0,0,0,0,0,0,1,2,1,4,1
8805,A1,1,20,0,2,0,0,0,0,0,0,0,0,0,1,0,2,0,0,0
8805,B0,0,1,20,4,0,0,0,0,0,0,0,0,0,1,0,1,1,2,1
8805,B1,2,2,1,1,0,0,0,0,0,0,0,0,0,1,0,2,38,119,41
8805,B2,1,0,5,11,0,0,0,0,0,0,0,0,0,1,0,1,4,27,6
8805,C1,17,1,2,0,0,0,0,0,0,0,0,0,0,1,0,2,1,4,1
8820,A1,1,18,0,2,0,0,0,0,0,0,0,0,0,1,0,2,0,0,0
8820,B0,0,1,20,6,0,0,0,0,0,0,0,0,0,1,0,1,1,2,1
8820,B1,2,1,1,2,0,0,0,0,0,0,0,0,0,1,0,1,38,119,41
8820,B2,2,0,6,12,0,0,0,0,0,0,0,0,0,1,0,1,4,27,6
8820,C1,15,3,2,0,0,0,0,0,0,0,0,0,0,1,0,2,1,4,1
8835,A1,2,18,0,1,0,0,0,0,0,0,0,0,0,0,1,2,0,0,0
8835,B0,0,2,20,5,0,0,0,0,0,0,0,0,0,0,1,1,1,2,1
8835,B1,2,1,1,2,0,0,0,0,0,0,0,0,0,0,1,1,38,119,41
8835,B2,5,0,3,12,0,0,0,0,0,0,0,0,0,0,1,1,4,27,6
8835,C1,18,4,1,0,0,0,0,0,0,0,0,0,0,0,1,2,1,4,1
8850,A1,5,20,0,2,0,0,0,0,0,0,0,0,0,0,1,2,0,0,0
8850,B0,0,2,19,3,0,0,0,0,0,0,0,0,0,0,1,1,1,2,1
8850,B1,4,1,1,1,0,0,0,0,0,0,0,0,0,0,1,2,38,119,41
8850,B2,4,0,1,10,0,0,0,0,0,0,0,0,0,0,1,1,4,27,6
8850,C1,20,5,4,0,0,0,0,0,0,0,0,0,0,0,1,2,1,4,1
8865,A1,3,20,0,7,0,0,0,0,0,0,0,0,0,1,0,2,0,0,0
8865,B0,0,1,20,1,0,0,0,0,0,0,0,0,0,1,0,1,1,2,1
8865,B1,6,2,1,1,0,0,0,0,0,0,0,0,0,1,0,2,38,119,41
8865,B2,2,0,3,9,0,0,0,0,0,0,0,0,0,1,0,1,4,27,6
8865,C1,20,3,4,0,0,0,0,0,0,0,0,0,0,1,0,2,1,4,1
8880,A1,2,20,0,8,0,0,0,0,0,0,0,0,0,1,0,2,0,0,0
8880,B0,0,1,20,2,0,0,0,0,0,0,0,0,0,1,0,1,1,2,1
8880,B1,6,1,1,1,0,0,0,0,0,0,0,0,0,1,0,2,38,119,41
8880,B2,1,0,4,9,0,0,0,0,0,0,0,0,0,1,0,1,4,27,6
8880,C1,20,4,5,0,0,0,0,0,0,0,0,0,0,1,0,2,1,4,1
8895,A1,2,20,0,7,0,0,0,0,0,0,0,0,0,0,1,2,0,0,0
8895,B0,0,2,20,1,0,0,0,0,0,0,0,0,0,0,1,1,1,2,1
8895,B1,4,1,2,1,0,0,0,0,0,0,0,0,0,0,1,2,38,119,41
8895,B2,1,0,5,9,0,0,0,0,0,0,0,0,0,0,1,1,4,27,6
8895,C1,20,1,6,0,0,0,0,0,0,0,0,0,0,0,1,2,1,4,1
8910,A1,4,20,0,2,0,0,0,0,0,0,0,0,0,0,1,2,0,0,0
8910,B0,0,2,16,1,0,0,0,0,0,0,0,0,0,0,1,1,1,2,1
8910,B1,4,1,1,1,0,0,0,0,0,0,0,0,0,0,1,2,38,119,41
8910,B2,3,0,3,8,0,0,0,0,0,0,0,0,0,0,1,1,4,27,6
8910,C1,20,5,2,0,0,0,0,0,0,0,0,0,0,0,1,2,1,4,1
8925,A1,5,20,0,1,0,0,0,0,0,0,0,0,0,1,0,2,0,0,0
8925,B0,0,1,14,2,0,0,0,0,0,0,0,0,0,1,0,1,1,2,1
8925,B1,7,2,1,1,0,0,0,0,0,0,0,0,0,1,0,2,38,119,41
8925,B2,4,0,2,5,0,0,0,0,0,0,0,0,0,1,0,1,4,27,6
8925,C1,20,7,1,0,0,0,0,0,0,0,0,0,0,1,0,2,1,4,1
8940,A1,1,20,0,1,0,0,0,0,0,0,0,0,0,1,0,2,0,0,0
8940,B0,0,1,18,6,0,0,0,0,0,0,0,0,0,1,0,1,1,2,1
8940,B1,4,2,1,1,0,0,0,0,0,0,0,0,0,1,0,2,38,119,41
8940,B2,1,0,5,4,0,0,0,0,0,0,0,0,0,1,0,1,4,27,6
8940,C1,20,2,2,0,0,0,0,0,0,0,0,0,0,1,0,2,1,4,1
8955,A1,1,17,0,3,0,0,0,0,0,0,0,0,0,1,0,2,0,0,0
8955,B0,0,1,20,9,0,0,0,0,0,0,0,0,0,1,0,1,1,2,1
8955,B1,1,1,1,1,0,0,0,0,0,0,0,0,0,1,0,1,38,119,41
8955,B2,2,0,6,6,0,0,0,0,0,0,0,0,0,1,0,1,4,27,6
8955,C1,18,1,4,0,0,0,0,0,0,0,0,0,0,1,0,2,1,4,1
8970,A1,2,18,0,2,0,0,0,0,0,0,0,0,0,0,1,2,0,0,0
8970,B0,0,1,20,6,0,0,0,0,0,0,0,0,0,0,1,1,1,2,1
8970,B1,1,1,2,3,0,0,0,0,0,0,0,0,0,0,1,1,38,119,41
8970,B2,3,0,1,8,0,0,0,0,0,0,0,0,0,0,1,1,4,27,6
8970,C1,18,5,1,0,0,0,0,0,0,0,0,0,0,0,1,2,1,4,1
8985,A1,3,20,0,1,0,0,0,0,0,0,0,0,0,0,1,2,0,0,0
8985,B0,0,3,20,1,0,0,0,0,0,0,0,0,0,0,1,1,1,2,1
8985,B1,2,2,1,1,0,0,0,0,0,0,0,0,0,0,1,2,38,119,41
8985,B2,3,0,3,6,0,0,0,0,0,0,0,0,0,0,1,1,4,27,6
8985,C1,20,6,2,0,0,0,0,0,0,0,0,0,0,0,1,2,1,4,1
9000,A1,1,19,0,2,0,0,0,0,0,0,0,0,0,1,0,2,0,0,0
9000,B0,0,1,19,4,0,0,0,0,0,0,0,0,0,1,0,1,1,2,1
9000,B1,3,1,1,1,0,0,0,0,0,0,0,0,0,1,0,2,38,119,41
9000,B2,2,0,4,6,0,0,0,0,0,0,0,0,0,1,0,1,4,27,6
9000,C1,20,4,4,0,0,0,0,0,0,0,0,0,0,1,0,2,1,4,1
9015,A1,2,15,0,5,0,0,0,0,0,0,0,0,0,1,0,2,0,0,0
9015,B0,0,1,19,6,0,0,0,0,0,0,0,0,0,1,0,1,1,2,1
9015,B1,2,2,1,1,0,0,0,0,0,0,0,0,0,1,0,2,38,119,41
9015,B2,1,0,6,8,0,0,0,0,0,0,0,0,0,1,0,1,4,27,6
9015,C1,19,3,4,0,0,0,0,0,0,0,0,0,0,1,0,2,1,4,1
9030,A1,6,15,0,4,0,0,0,0,0,0,0,0,0,0,1,2,0,0,0
9030,B0,0,1,19,2,0,0,0,0,0,0,0,0,0,0,1,1,1,2,1
9030,B1,1,1,2,5,0,0,0,0,0,0,0,0,0,0,1,1,38,119,41
9030,B2,1,0,4,7,0,0,0,0,0,0,0,0,0,0,1,1,4,27,6
9030,C1,18,3,1,0,0,0,0,0,0,0,0,0,0,0,1,2,1,4,1
9045,A1,7,20,0,1,0,0,0,0,0,0,0,0,0,0,1,2,0,0,0
9045,B0,0,2,20,1,0,0,0,0,0,0,0,0,0,0,1,1,1,2,1
9045,B1,1,1,3,2,0,0,0,0,0,0,0,0,0,0,1,1,38,119,41
9045,B2,1,0,1,7,0,0,0,0,0,0,0,0,0,0,1,1,4,27,6
9045,C1,20,5,2,0,0,0,0,0,0,0,0,0,0,0,1,2,1,4,1
9060,A1,6,20,0,1,0,0,0,0,0,0,0,0,0,1,0,2,0,0,0
9060,B0,0,1,20,1,0,0,0,0,0,0,0,0,0,1,0,1,1,2,1
9060,B1,2,1,1,1,0,0,0,0,0,0,0,0,0,1,0,2,38,119,41
9060,B2,1,0,2,7,0,0,0,0,0,0,0,0,0,1,0,1,4,27,6
9060,C1,20,5,4,0,0,0,0,0,0,0,0,0,0,1,0,2,1,4,1
9075,A1,1,20,0,2,0,0,0,0,0,0,0,0,0,1,0,2,0,0,0
9075,B0,0,2,20,2,0,0,0,0,0,0,0,0,0,1,0,1,1,2,1
9075,B1,2,2,1,1,0,0,0,0,0,0,0,0,0,1,0,2,38,119,41
9075,B2,1,0,3,8,0,0,0,0,0,0,0,0,0,1,0,1,4,27,6
9075,C1,20,1,5,0,0,0,0,0,0,0,0,0,0,1,0,2,1,4,1
9090,A1,2,17,0,3,0,0,0,0,0,0,0,0,0,0,1,2,0,0,0
9090,B0,0,1,20,2,0,0,0,0,0,0,0,0,0,0,1,1,1,2,1
9090,B1,1,1,2,1,0,0,0,0,0,0,0,0,0,0,1,1,38,119,41
9090,B2,1,0,4,9,0,0,0,0,0,0,0,0,0,0,1,1,4,27,6
9090,C1,19,3,4,0,0,0,0,0,0,0,0,0,0,0,1,2,1,4,1
9105,A1,4,19,0,3,0,0,0,0,0,0,0,0,0,0,1,2,0,0,0
9105,B0,0,1,17,4,0,0,0,0,0,0,0,0,0,0,1,1,1,2,1
9105,B1,1,1,3,2,0,0,0,0,0,0,0,0,0,0,1,1,38,119,41
9105,B2,2,0,1,9,0,0,0,0,0,0,0,0,0,0,1,1,4,27,6
9105,C1,19,6,1,0,0,0,0,0,0,0,0,0,0,0,1,2,1,4,1
9120,A1,5,20,0,3,0,0,0,0,0,0,0,0,0,0,1,2,0,0,0
9120,B0,0,1,18,4,0,0,0,0,0,0,0,0,0,0,1,1,1,2,1
9120,B1,2,2,1,1,0,0,0,0,0,0,0,0,0,0,1,2,38,119,41
9120,B2,4,0,2,7,0,0,0,0,0,0,0,0,0,0,1,1,4,27,6
9120,C1,20,8,1,0,0,0,0,0,0,0,0,0,0,0,1,2,1,4,1
9135,A1,1,19,0,3,0,0,0,0,0,0,0,0,0,1,0,2,0,0,0
9135,B0,0,1,20,6,0,0,0,0,0,0,0,0,0,1,0,1,1,2,1
9135,B1,3,3,1,1,0,0,0,0,0,0,0,0,0,1,0,2,38,119,41
9135,B2,1,0,4,7,0,0,0,0,0,0,0,0,0,1,0,1,4,27,6
9135,C1,20,3,2,0,0,0,0,0,0,0,0,0,0,1,0,2,1,4,1
9150,A1,1,16,0,3,0,0,0,0,0,0,0,0,0,1,0,2,0,0,0
9150,B0,0,2,20,6,0,0,0,0,0,0,0,0,0,1,0,1,1,2,1
9150,B1,1,3,2,1,0,0,0,0,0,0,0,0,0,1,0,2,38,119,41
9150,B2,1,0,7,9,0,0,0,0,0,0,0,0,0,1,0,1,4,27,6
9150,C1,18,1,2,0,0,0,0,0,0,0,0,0,0,1,0,2,1,4,1
9165,A1,2,17,0,1,0,0,0,0,0,0,0,0,0,0,1,2,1,14,3
9165,B0,0,1,20,4,0,0,0,0,0,0,0,0,0,0,1,1,1,2,1
9165,B1,1,2,1,1,0,0,0,0,0,0,0,0,0,0,1,2,38,119,41
9165,B2,4,0,5,9,0,0,0,0,0,0,0,0,0,0,1,1,4,27,6
9165,C1,17,4,1,0,0,0,0,0,0,0,0,0,0,0,1,2,1,4,1
9180,A1,3,20,0,1,0,0,0,0,0,0,0,0,0,0,1,2,1,14,3
9180,B0,0,2,20,2,0,0,0,0,0,0,0,0,0,0,1,1,1,2,1
9180,B1,2,2,1,1,0,0,0,0,0,0,0,0,0,0,1,2,38,119,41
9180,B2,7,0,1,9,0,0,0,0,0,0,0,0,0,0,1,1,4,27,6
9180,C1,20,6,2,0,0,0,0,0,0,0,0,0,0,0,1,2,1,4,1
9195,A1,1,20,0,2,0,0,0,0,0,0,0,0,0,1,0,2,1,14,3
9195,B0,0,3,19,3,0,0,0,0,0,0,0,0,0,1,0,1,1,2,1
9195,B1,2,1,1,2,0,0,0,0,0,0,0,0,0,1,0,1,38,119,41
9195,B2,5,0,3,8,0,0,0,0,0,0,0,0,0,1,0,1,4,27,6
9195,C1,20,4,3,0,0,0,0,0,0,0,0,0,0,1,0,2,1,4,1
9210,A1,1,18,0,2,0,0,0,0,0,0,0,0,0,1,0,2,1,14,3
9210,B0,0,3,20,4,0,0,0,0,0,0,0,0,0,1,0,1,1,2,1
9210,B1,4,1,1,2,0,0,0,0,0,0,0,0,0,1,0,2,38,119,41
9210,B2,1,0,3,8,0,0,0,0,0,0,0,0,0,1,0,1,4,27,6
9210,C1,19,3,3,0,0,0,0,0,0,0,0,0,0,1,0,2,1,4,1
9225,A1,2,16,0,1,0,0,0,0,0,0,0,0,0,0,1,2,1,14,3
9225,B0,0,3,21,2,0,0,0,0,0,0,0,0,0,0,1,1,1,2,1
9225,B1,1,1,2,3,0,0,0,0,0,0,0,0,0,0,1,1,38,119,41
9225,B2,1,0,1,8,0,0,0,0,0,0,0,0,0,0,1,1,4,27,6
9225,C1,19,4,3,0,0,0,0,0,0,0,0,0,0,0,1,2,1,4,1
9240,A1,6,19,0,2,0,0,0,0,0,0,0,0,0,0,1,2,1,14,3
9240,B0,0,4,18,1,0,0,0,0,0,0,0,0,0,0,1,1,1,2,1
9240,B1,1,1,3,1,0,0,0,0,0,0,0,0,0,0,1,1,38,119,41
9240,B2,4,0,2,4,0,0,0,0,0,0,0,0,0,0,1,1,4,27,6
9240,C1,20,6,1,0,0,0,0,0,0,0,0,0,0,0,1,2,1,4,1
9255,A1,7,20,0,1,0,0,0,0,0,0,0,0,0,1,0,2,1,14,3
9255,B0,0,4,16,2,0,0,0,0,0,0,0,0,0,1,0,1,1,2,1
9255,B1,1,2,1,1,0,0,0,0,0,0,0,0,0,1,0,2,38,119,41
9255,B2,5,0,2,1,0,0,0,0,0,0,0,0,0,1,0,2,4,27,6
9255,C1,20,8,1,0,0,0,0,0,0,0,0,0,0,1,0,2,1,4,1
9270,A1,1,20,0,3,0,0,0,0,0,0,0,0,0,1,0,2,1,14,3
9270,B0,0,1,19,4,0,0,0,0,0,0,0,0,0,1,0,1,1,2,1
9270,B1,2,2,1,1,0,0,0,0,0,0,0,0,0,1,0,2,38,119,41
9270,B2,1,0,3,2,0,0,0,0,0,0,0,0,0,1,0,1,4,27,6
9270,C1,20,3,2,0,0,0,0,0,0,0,0,0,0,1,0,2,1,4,1
9285,A1,1,19,0,3,0,0,0,0,0,0,0,0,0,1,0,2,1,14,3
9285,B0,0,3,20,5,0,0,0,0,0,0,0,0,0,1,0,1,1,2,1
9285,B1,1,1,1,1,0,0,0,0,0,0,0,0,0,1,0,1,38,119,41
9285,B2,3,0,5,3,0,0,0,0,0,0,0,0,0,1,0,1,4,27,6
9285,C1,20,2,2,0,0,0,0,0,0,0,0,0,0,1,0,2,1,4,1
9300,A1,3,20,0,1,0,0,0,0,0,0,0,0,0,0,1,2,1,14,3
9300,B0,0,2,20,2,0,0,0,0,0,0,0,0,0,0,1,1,1,2,1
9300,B1,1,1,4,2,0,0,0,0,0,0,0,0,0,0,1,1,38,119,41
9300,B2,4,0,1,1,0,0,0,0,0,0,0,0,0,0,1,2,4,27,6
9300,C1,20,2,1,0,0,0,0,0,0,0,0,0,0,0,1,2,1,4,1
9315,A1,3,20,0,1,0,0,0,0,0,0,0,0,0,0,1,2,1,14,3
9315,B0,0,4,18,2,0,0,0,0,0,0,0,0,0,0,1,1,1,2,1
9315,B1,1,2,2,1,0,0,0,0,0,0,0,0,0,0,1,1,38,119,41
9315,B2,5,0,1,1,0,0,0,0,0,0,0,0,0,0,1,2,4,27,6
9315,C1,20,4,1,0,0,0,0,0,0,0,0,0,0,0,1,2,1,4,1
9330,A1,2,20,0,4,0,0,0,0,0,0,0,0,0,1,0,2,1,14,3
9330,B0,0,2,19,6,0,0,0,0,0,0,0,0,0,1,0,1,1,2,1
9330,B1,4,1,1,1,0,0,0,0,0,0,0,0,0,1,0,2,38,119,41
9330,B2,1,0,4,2,0,0,0,0,0,0,0,0,0,1,0,1,4,27,6
9330,C1,19,1,1,0,0,0,0,0,0,0,0,0,0,1,0,2,1,4,1
9345,A1,1,19,0,4,0,0,0,0,0,0,0,0,0,1,0,2,1,14,3
9345,B0,0,3,19,6,0,0,0,0,0,0,0,0,0,1,0,1,1,2,1
9345,B1,2,1,1,2,0,0,0,0,0,0,0,0,0,1,0,1,38,119,41
9345,B2,1,0,5,2,0,0,0,0,0,0,0,0,0,1,0,1,4,27,6
9345,C1,15,1,3,0,0,0,0,0,0,0,0,0,0,1,0,2,1,4,1
9360,A1,3,18,0,3,0,0,0,0,0,0,0,0,0,0,1,2,1,14,3
9360,B0,0,3,19,5,0,0,0,0,0,0,0,0,0,0,1,1,1,2,1
9360,B1,1,1,1,3,0,0,0,0,0,0,0,0,0,0,1,1,38,119,41
9360,B2,1,0,3,2,0,0,0,0,0,0,0,0,0,0,1,1,4,27,6
9360,C1,16,3,2,0,0,0,0,0,0,0,0,0,0,0,1,2,1,4,1
9375,A1,6,20,0,1,0,0,0,0,0,0,0,0,0,0,1,2,1,14,3
9375,B0,0,3,18,1,0,0,0,0,0,0,0,0,0,0,1,1,1,2,1
9375,B1,1,1,1,1,0,0,0,0,0,0,0,0,0,0,1,1,38,119,41
9375,B2,2,0,3,1,0,0,0,0,0,0,0,0,0,0,1,1,4,27,6
9375,C1,20,3,2,0,0,0,0,0,0,0,0,0,0,0,1,2,1,4,1
9390,A1,6,20,0,2,0,0,0,0,0,0,0,0,0,1,0,2,1,14,3
9390,B0,0,2,19,1,0,0,0,0,0,0,0,0,0,1,0,1,1,2,1
9390,B1,1,2,1,1,0,0,0,0,0,0,0,0,0,1,0,2,38,119,41
9390,B2,2,0,3,4,0,0,0,0,0,0,0,0,0,1,0,1,4,27,6
9390,C1,20,2,2,0,0,0,0,0,0,0,0,0,0,1,0,2,1,4,1
9405,A1,2,20,0,2,0,0,0,0,0,0,0,0,0,1,0,2,1,14,3
9405,B0,0,1,20,1,0,0,0,0,0,0,0,0,0,1,0,1,1,2,1
9405,B1,4,1,2,2,0,0,0,0,0,0,0,0,0,1,0,2,38,119,41
9405,B2,2,0,3,5,0,0,0,0,0,0,0,0,0,1,0,1,4,27,6
9405,C1,17,1,3,0,0,0,0,0,0,0,0,0,0,1,0,2,1,4,1
9420,A1,4,20,0,2,0,0,0,0,0,0,0,0,0,0,1,2,1,14,3
9420,B0,0,1,20,2,0,0,0,0,0,0,0,0,0,0,1,1,1,2,1
9420,B1,1,1,3,3,0,0,0,0,0,0,0,0,0,0,1,1,38,119,41
9420,B2,2,0,3,4,0,0,0,0,0,0,0,0,0,0,1,1,4,27,6
9420,C1,14,2,3,0,0,0,0,0,0,0,0,0,0,0,1,2,1,4,1
9435,A1,5,20,0,1,0,0,0,0,0,0,0,0,0,0,1,2,1,14,3
9435,B0,0,2,19,1,0,0,0,0,0,0,0,0,0,0,1,1,1,2,1
9435,B1,1,1,1,4,0,0,0,0,0,0,0,0,0,0,1,1,38,119,41
9435,B2,3,0,1,3,0,0,0,0,0,0,0,0,0,0,1,1,4,27,6
9435,C1,18,5,2,0,0,0,0,0,0,0,0,0,0,0,1,2,1,4,1
9450,A1,6,20,0,2,0,0,0,0,0,0,0,0,0,0,1,2,1,14,3
9450,B0,0,2,15,1,0,0,0,0,0,0,0,0,0,0,1,1,1,2,1
9450,B1,2,1,1,3,0,0,0,0,0,0,0,0,0,0,1,1,38,119,41
9450,B2,3,0,2,1,0,0,0,0,0,0,0,0,0,0,1,1,4,27,6
9450,C1,20,7,2,0,0,0,0,0,0,0,0,0,0,0,1,2,1,4,1
9465,A1,1,20,0,4,0,0,0,0,0,0,0,0,0,1,0,2,1,14,3
9465,B0,0,1,18,2,0,0,0,0,0,0,0,0,0,1,0,1,1,2,1
9465,B1,2,3,1,3,0,0,0,0,0,0,0,0,0,1,0,2,38,119,41
9465,B2,1,0,4,1,0,0,0,0,0,0,0,0,0,1,0,1,4,27,6
9465,C1,20,2,4,0,0,0,0,0,0,0,0,0,0,1,0,2,1,4,1
9480,A1,1,19,0,5,0,0,0,0,0,0,0,0,0,1,0,2,1,14,3
9480,B0,0,1,20,3,0,0,0,0,0,0,0,0,0,1,0,1,1,2,1
9480,B1,1,1,2,5,0,0,0,0,0,0,0,0,0,1,0,1,38,119,41
9480,B2,2,0,7,2,0,0,0,0,0,0,0,0,0,1,0,1,4,27,6
9480,C1,21,4,5,0,0,0,0,0,0,0,0,0,0,1,0,2,1,4,1
9495,A1,2,19,0,2,0,0,0,0,0,0,0,0,0,0,1,2,1,14,3
9495,B0,0,1,20,1,0,0,0,0,0,0,0,0,0,0,1,1,1,2,1
9495,B1,1,1,1,3,0,0,0,0,0,0,0,0,0,0,1,1,38,119,41
9495,B2,4,0,4,1,0,0,0,0,0,0,0,0,0,0,1,1,4,27,6
9495,C1,20,1,1,0,0,0,0,0,0,0,0,0,0,0,1,2,1,4,1
9510,A1,2,20,0,2,0,0,0,0,0,0,0,0,0,0,1,2,1,14,3
9510,B0,0,3,17,1,0,0,0,0,0,0,0,0,0,0,1,1,1,2,1
9510,B1,1,1,1,1,0,0,0,0,0,0,0,0,0,0,1,1,38,119,41
9510,B2,6,0,2,2,0,0,0,0,0,0,0,0,0,0,1,2,4,27,6
9510,C1,20,4,1,0,0,0,0,0,0,0,0,0,0,0,1,2,1,4,1
9525,A1,2,20,0,2,0,0,0,0,0,0,0,0,0,1,0,2,1,14,3
9525,B0,0,2,17,4,0,0,0,0,0,0,0,0,0,1,0,1,1,2,1
9525,B1,4,3,1,1,0,0,0,0,0,0,0,0,0,1,0,2,38,119,41
9525,B2,4,0,4,2,0,0,0,0,0,0,0,0,0,1,0,1,4,27,6
9525,C1,20,1,2,0,0,0,0,0,0,0,0,0,0,1,0,2,1,4,1
9540,A1,2,14,0,2,0,0,0,0,0,0,0,0,0,1,0,2,1,14,3
9540,B0,0,1,20,7,0,0,0,0,0,0,0,0,0,1,0,1,1,2,1
9540,B1,3,1,1,2,0,0,0,0,0,0,0,0,0,1,0,2,38,119,41
9540,B2,1,0,5,2,0,0,0,0,0,0,0,0,0,1,0,1,4,27,6
9540,C1,19,1,2,0,0,0,0,0,0,0,0,0,0,1,0,2,1,4,1
9555,A1,3,14,0,1,0,0,0,0,0,0,0,0,0,0,1,2,1,14,3
9555,B0,0,3,20,6,0,0,0,0,0,0,0,0,0,0,1,1,1,2,1
9555,B1,1,1,2,1,0,0,0,0,0,0,0,0,0,0,1,1,39,121,42
9555,B2,1,0,5,4,0,0,0,0,0,0,0,0,0,0,1,1,4,27,6
9555,C1,17,3,1,0,0,0,0,0,0,0,0,0,0,0,1,2,1,4,1
9570,A1,4,19,0,2,0,0,0,0,0,0,0,0,0,0,1,2,1,14,3
9570,B0,0,3,20,2,0,0,0,0,0,0,0,0,0,0,1,1,1,2,1
9570,B1,2,1,1,3,0,0,0,0,0,0,0,0,0,0,1,1,39,121,42
9570,B2,2,0,1,1,0,0,0,0,0,0,0,0,0,0,1,1,4,27,6
9570,C1,19,4,1,0,0,0,0,0,0,0,0,0,0,0,1,2,1,4,1
9585,A1,5,20,0,1,0,0,0,0,0,0,0,0,0,1,0,2,1,14,3
9585,B0,0,4,18,1,0,0,0,0,0,0,0,0,0,1,0,1,1,2,1
9585,B1,1,1,1,1,0,0,0,0,0,0,0,0,0,1,0,1,39,121,42
9585,B2,4,0,1,3,0,0,0,0,0,0,0,0,0,1,0,1,4,27,6
9585,C1,20,4,2,0,0,0,0,0,0,0,0,0,0,1,0,2,1,4,1
9600,A1,4,20,0,2,0,0,0,0,0,0,0,0,0,1,0,2,1,14,3
9600,B0,0,2,19,1,0,0,0,0,0,0,0,0,0,1,0,1,1,2,1
9600,B1,3,3,1,1,0,0,0,0,0,0,0,0,0,1,0,2,39,121,42
9600,B2,1,0,1,2,0,0,0,0,0,0,0,0,0,1,0,1,4,27,6
9600,C1,19,1,2,0,0,0,0,0,0,0,0,0,0,1,0,2,1,4,1
9615,A1,3,18,0,3,0,0,0,0,0,0,0,0,0,1,0,2,1,14,3
9615,B0,0,1,19,2,0,0,0,0,0,0,0,0,0,1,0,1,1,2,1
9615,B1,1,1,1,2,0,0,0,0,0,0,0,0,0,1,0,1,39,121,42
9615,B2,1,0,3,2,0,0,0,0,0,0,0,0,0,1,0,1,4,27,6
9615,C1,15,2,3,0,0,0,0,0,0,0,0,0,0,1,0,2,1,4,1
9630,A1,4,19,0,1,0,0,0,0,0,0,0,0,0,0,1,2,1,14,3
9630,B0,0,4,18,2,0,0,0,0,0,0,0,0,0,0,1,1,1,2,1
9630,B1,1,1,3,3,0,0,0,0,0,0,0,0,0,0,1,1,39,121,42
9630,B2,2,0,1,1,0,0,0,0,0,0,0,0,0,0,1,1,4,27,6
9630,C1,18,4,2,0,0,0,0,0,0,0,0,0,0,0,1,2,1,4,1
9645,A1,6,20,0,1,0,0,0,0,0,0,0,0,0,0,1,2,1,14,3
9645,B0,0,4,14,1,0,0,0,0,0,0,0,0,0,0,1,1,1,2,1
9645,B1,1,1,2,1,0,0,0,0,0,0,0,0,0,0,1,1,39,121,42
9645,B2,4,0,3,2,0,0,0,0,0,0,0,0,0,0,1,1,4,27,6
9645,C1,20,5,1,0,0,0,0,0,0,0,0,0,0,0,1,2,1,4,1
9660,A1,4,20,0,3,0,0,0,0,0,0,0,0,0,1,0,2,1,14,3
9660,B0,0,1,16,3,0,0,0,0,0,0,0,0,0,1,0,1,1,2,1
9660,B1,5,1,1,1,0,0,0,0,0,0,0,0,0,1,0,2,39,121,42
9660,B2,1,0,5,5,0,0,0,0,0,0,0,0,0,1,0,1,4,27,6
9660,C1,20,3,2,0,0,0,0,0,0,0,0,0,0,1,0,2,1,4,1
9675,A1,1,20,0,3,0,0,0,0,0,0,0,0,0,1,0,2,1,14,3
9675,B0,0,1,20,4,0,0,0,0,0,0,0,0,0,1,0,1,1,2,1
9675,B1,1,1,1,2,0,0,0,0,0,0,0,0,0,1,0,1,39,121,42
9675,B2,2,0,5,7,0,0,0,0,0,0,0,0,0,1,0,1,4,27,6
9675,C1,18,3,2,0,0,0,0,0,0,0,0,0,0,1,0,2,1,4,1
9690,A1,2,19,0,3,0,0,0,0,0,0,0,0,0,0,1,2,1,14,3
9690,B0,0,2,20,2,0,0,0,0,0,0,0,0,0,0,1,1,1,2,1
9690,B1,1,1,4,3,0,0,0,0,0,0,0,0,0,0,1,1,39,121,42
9690,B2,3,0,2,8,0,0,0,0,0,0,0,0,0,0,1,1,4,27,6
9690,C1,16,1,3,0,0,0,0,0,0,0,0,0,0,0,1,2,1,4,1
9705,A1,3,20,0,1,0,0,0,0,0,0,0,0,0,0,1,2,1,14,3
9705,B0,0,2,17,1,0,0,0,0,0,0,0,0,0,0,1,1,1,2,1
9705,B1,2,1,2,4,0,0,0,0,0,0,0,0,0,0,1,1,39,121,42
9705,B2,4,0,1,5,0,0,0,0,0,0,0,0,0,0,1,1,4,27,6
9705,C1,20,1,2,0,0,0,0,0,0,0,0,0,0,0,1,2,1,4,1
9720,A1,1,20,0,1,0,0,0,0,0,0,0,0,0,1,0,2,1,14,3
9720,B0,0,1,17,2,0,0,0,0,0,0,0,0,0,1,0,1,1,2,1
9720,B1,2,2,1,1,0,0,0,0,0,0,0,0,0,1,0,2,39,121,42
9720,B2,5,0,1,6,0,0,0,0,0,0,0,0,0,1,0,1,4,27,6
9720,C1,20,2,2,0,0,0,0,0,0,0,0,0,0,1,0,2,1,4,1
9735,A1,2,17,0,2,0,0,0,0,0,0,0,0,0,1,0,2,1,14,3
9735,B0,0,4,20,3,0,0,0,0,0,0,0,0,0,1,0,1,1,2,1
9735,B1,2,3,1,1,0,0,0,0,0,0,0,0,0,1,0,2,39,121,42
9735,B2,3,0,4,6,0,0,0,0,0,0,0,0,0,1,0,1,4,27,6
9735,C1,17,2,3,0,0,0,0,0,0,0,0,0,0,1,0,2,1,4,1
9750,A1,1,14,0,1,0,0,0,0,0,0,0,0,0,0,1,2,1,14,3
9750,B0,0,3,20,3,0,0,0,0,0,0,0,0,0,0,1,1,1,2,1
9750,B1,1,1,1,2,0,0,0,0,0,0,0,0,0,0,1,1,39,121,42
9750,B2,3,0,6,7,0,0,0,0,0,0,0,0,0,0,1,1,4,27,6
9750,C1,14,3,3,0,0,0,0,0,0,0,0,0,0,0,1,2,1,4,1
9765,A1,3,18,0,1,0,0,0,0,0,0,0,0,0,0,1,2,1,14,3
9765,B0,0,3,19,2,0,0,0,0,0,0,0,0,0,0,1,1,1,2,1
9765,B1,1,1,5,2,0,0,0,0,0,0,0,0,0,0,1,1,39,121,42
9765,B2,4,0,1,7,0,0,0,0,0,0,0,0,0,0,1,1,4,27,6
9765,C1,19,4,1,0,0,0,0,0,0,0,0,0,0,0,1,2,1,4,1
9780,A1,6,20,0,2,0,0,0,0,0,0,0,0,0,0,1,2,1,14,3
9780,B0,0,3,17,1,0,0,0,0,0,0,0,0,0,0,1,1,1,2,1
9780,B1,1,2,1,1,0,0,0,0,0,0,0,0,0,0,1,2,39,121,42
9780,B2,4,0,3,10,0,0,0,0,0,0,0,0,0,0,1,1,4,27,6
9780,C1,20,6,1,0,0,0,0,0,0,0,0,0,0,0,1,2,1,4,1
9795,A1,3,20,0,4,0,0,0,0,0,0,0,0,0,1,0,2,1,14,3
9795,B0,0,1,19,1,0,0,0,0,0,0,0,0,0,1,0,1,1,2,1
9795,B1,1,2,1,1,0,0,0,0,0,0,0,0,0,1,0,2,39,121,42
9795,B2,2,0,4,10,0,0,0,0,0,0,0,0,0,1,0,1,4,27,6
9795,C1,20,1,4,0,0,0,0,0,0,0,0,0,0,1,0,2,1,4,1
9810,A1,4,21,0,5,0,0,0,0,0,0,0,0,0,1,0,2,1,14,3
9810,B0,0,1,20,1,0,0,0,0,0,0,0,0,0,1,0,1,1,2,1
9810,B1,1,2,2,2,0,0,0,0,0,0,0,0,0,1,0,1,39,121,42
9810,B2,1,0,5,11,0,0,0,0,0,0,0,0,0,1,0,1,4,27,6
9810,C1,21,3,5,0,0,0,0,0,0,0,0,0,0,1,0,2,1,4,1
9825,A1,3,20,0,2,0,0,0,0,0,0,0,0,0,0,1,2,1,14,3
9825,B0,0,1,20,1,0,0,0,0,0,0,0,0,0,0,1,1,1,2,1
9825,B1,1,1,1,1,0,0,0,0,0,0,0,0,0,0,1,1,39,121,42
9825,B2,4,0,3,11,0,0,0,0,0,0,0,0,0,0,1,1,4,27,6
9825,C1,20,6,1,0,0,0,0,0,0,0,0,0,0,0,1,2,1,4,1
9840,A1,4,20,0,1,0,0,0,0,0,0,0,0,0,0,1,2,1,14,3
9840,B0,0,3,17,1,0,0,0,0,0,0,0,0,0,0,1,1,1,2,1
9840,B1,2,1,1,1,0,0,0,0,0,0,0,0,0,0,1,2,39,121,42
9840,B2,4,0,2,11,0,0,0,0,0,0,0,0,0,0,1,1,4,27,6
9840,C1,20,9,1,0,0,0,0,0,0,0,0,0,0,0,1,2,1,4,1
9855,A1,3,20,0,1,0,0,0,0,0,0,0,0,0,1,0,2,1,14,3
9855,B0,0,2,18,4,0,0,0,0,0,0,0,0,0,1,0,1,1,2,1
9855,B1,1,2,1,1,0,0,0,0,0,0,0,0,0,1,0,2,41,125,44
9855,B2,2,0,5,10,0,0,0,0,0,0,0,0,0,1,0,1,4,27,6
9855,C1,20,5,2,0,0,0,0,0,0,0,0,0,0,1,0,2,1,4,1
9870,A1,2,17,0,2,0,0,0,0,0,0,0,0,0,1,0,2,1,14,3
9870,B0,0,1,19,5,0,0,0,0,0,0,0,0,0,1,0,1,1,2,1
9870,B1,2,2,1,1,0,0,0,0,0,0,0,0,0,1,0,2,41,125,44
9870,B2,1,0,7,10,0,0,0,0,0,0,0,0,0,1,0,1,4,27,6
9870,C1,19,2,2,0,0,0,0,0,0,0,0,0,0,1,0,2,1,4,1
9885,A1,1,15,0,1,0,0,0,0,0,0,0,0,0,0,1,2,1,14,3
9885,B0,0,1,20,4,0,0,0,0,0,0,0,0,0,0,1,1,1,2,1
9885,B1,1,1,1,3,0,0,0,0,0,0,0,0,0,0,1,1,41,125,44
9885,B2,1,0,7,13,0,0,0,0,0,0,0,0,0,0,1,1,4,27,6
9885,C1,18,2,1,0,0,0,0,0,0,0,0,0,0,0,1,2,1,4,1
9900,A1,2,19,0,1,0,0,0,0,0,0,0,0,0,0,1,2,1,14,3
9900,B0,0,2,18,3,0,0,0,0,0,0,0,0,0,0,1,1,1,2,1
9900,B1,1,1,2,2,0,0,0,0,0,0,0,0,0,0,1,1,41,125,44
9900,B2,2,0,3,14,0,0,0,0,0,0,0,0,0,0,1,1,4,27,6
9900,C1,19,4,1,0,0,0,0,0,0,0,0,0,0,0,1,2,1,4,1
9915,A1,1,20,0,1,0,0,0,0,0,0,0,0,0,1,0,2,1,14,3
9915,B0,0,2,18,3,0,0,0,0,0,0,0,0,0,1,0,1,1,2,1
9915,B1,2,2,1,1,0,0,0,0,0,0,0,0,0,1,0,2,41,125,44
9915,B2,4,0,2,14,0,0,0,0,0,0,0,0,0,1,0,1,4,27,6
9915,C1,20,6,1,0,0,0,0,0,0,0,0,0,0,1,0,2,1,4,1
9930,A1,1,16,0,1,0,0,0,0,0,0,0,0,0,1,0,2,1,14,3
9930,B0,0,1,19,7,0,0,0,0,0,0,0,0,0,1,0,1,1,2,1
9930,B1,3,2,1,1,0,0,0,0,0,0,0,0,0,1,0,2,41,125,44
9930,B2,1,0,6,13,0,0,0,0,0,0,0,0,0,1,0,1,4,27,6
9930,C1,20,2,1,0,0,0,0,0,0,0,0,0,0,1,0,2,1,4,1
9945,A1,1,15,0,3,0,0,0,0,0,0,0,0,0,1,0,2,1,14,3
9945,B0,0,1,20,9,0,0,0,0,0,0,0,0,0,1,0,1,1,2,1
9945,B1,2,1,3,2,0,0,0,0,0,0,0,0,0,1,0,1,41,125,44
9945,B2,2,0,6,15,0,0,0,0,0,0,0,0,0,1,0,1,4,27,6
9945,C1,19,1,3,0,0,0,0,0,0,0,0,0,0,1,0,2,1,4,1
9960,A1,2,19,0,1,0,0,0,0,0,0,0,0,0,0,1,2,1,14,3
9960,B0,0,2,20,3,0,0,0,0,0,0,0,0,0,0,1,1,1,2,1
9960,B1,2,1,3,3,0,0,0,0,0,0,0,0,0,0,1,1,41,125,44
9960,B2,2,0,1,15,0,0,0,0,0,0,0,0,0,0,1,1,4,27,6
9960,C1,19,3,1,0,0,0,0,0,0,0,0,0,0,0,1,2,1,4,1
9975,A1,3,20,0,1,0,0,0,0,0,0,0,0,0,0,1,2,1,14,3
9975,B0,0,3,21,2,0,0,0,0,0,0,0,0,0,0,1,1,1,2,1
9975,B1,3,1,1,1,0,0,0,0,0,0,0,0,0,0,1,2,41,125,44
9975,B2,3,0,4,11,0,0,0,0,0,0,0,0,0,0,1,1,4,27,6
9975,C1,20,7,3,0,0,0,0,0,0,0,0,0,0,0,1,2,1,4,1
9990,A1,1,20,0,2,0,0,0,0,0,0,0,0,0,1,0,2,1,14,3
9990,B0,0,2,20,2,0,0,0,0,0,0,0,0,0,1,0,1,1,2,1
9990,B1,1,1,1,1,0,0,0,0,0,0,0,0,0,1,0,1,41,125,44
9990,B2,1,0,1,9,0,0,0,0,0,0,0,0,0,1,0,1,4,27,6
9990,C1,20,4,4,0,0,0,0,0,0,0,0,0,0,1,0,2,1,4,1
