time_of_info,tls_id,count_to_r,count_to_l,count_to_b,count_to_t,count_stuck_middle,count_stuck_to_r,count_stuck_to_l,count_stuck_to_b,count_stuck_to_t,is_jam_next_l,is_jam_next_r,is_jam_next_t,is_jam_next_b,is_green_horizontal,is_green_vertical,y,jams_count,jams_time,jams_car_count
10,A1,0,0,0,0,0,0,0,0,0,0,0,0,0,1,0,1,0,0,0
10,B0,0,0,0,0,0,0,0,0,0,0,0,0,0,1,0,1,0,0,0
10,B1,0,0,0,0,0,0,0,0,0,0,0,0,0,1,0,1,0,0,0
10,B2,0,0,0,0,0,0,0,0,0,0,0,0,0,1,0,1,0,0,0
10,C1,0,0,0,0,0,0,0,0,0,0,0,0,0,1,0,1,0,0,0
20,A1,0,0,0,0,0,0,0,0,0,0,0,0,0,1,0,1,0,0,0
20,B0,0,0,0,0,0,0,0,0,0,0,0,0,0,1,0,1,0,0,0
20,B1,1,0,0,0,0,0,0,0,0,0,0,0,0,1,0,1,0,0,0
20,B2,0,0,0,1,0,0,0,0,0,0,0,0,0,1,0,1,0,0,0
20,C1,0,0,0,0,0,0,0,0,0,0,0,0,0,1,0,1,0,0,0
30,A1,4,1,0,2,0,0,0,0,0,0,0,0,0,1,0,2,0,0,0
30,B0,0,1,3,1,0,0,0,0,0,0,0,0,0,1,0,1,0,0,0
30,B1,2,2,1,2,0,0,0,0,0,0,0,0,0,1,0,2,0,0,0
30,B2,2,0,4,3,0,0,0,0,0,0,0,0,0,1,0,1,0,0,0
30,C1,2,3,2,0,0,0,0,0,0,0,0,0,0,1,0,2,0,0,0
40,A1,2,2,0,3,0,0,0,0,0,0,0,0,0,1,0,2,0,0,0
40,B0,0,3,4,2,0,0,0,0,0,0,0,0,0,1,0,1,0,0,0
40,B1,2,1,1,3,0,0,0,0,0,0,0,0,0,1,0,1,0,0,0
40,B2,3,0,2,3,0,0,0,0,0,0,0,0,0,1,0,1,0,0,0
40,C1,3,1,4,0,0,0,0,0,0,0,0,0,0,1,0,1,0,0,0
50,A1,2,3,0,3,0,0,0,0,0,0,0,0,0,0,1,2,0,0,0
50,B0,0,3,6,2,0,0,0,0,0,0,0,0,0,0,1,1,0,0,0
50,B1,3,4,4,3,0,0,0,0,0,0,0,0,0,0,1,1,0,0,0
50,B2,6,0,2,6,0,0,0,0,0,0,0,0,0,0,1,1,0,0,0
50,C1,4,3,4,0,0,0,0,0,0,0,0,0,0,0,1,2,0,0,0
60,A1,3,6,0,3,0,0,0,0,0,0,0,0,0,0,1,2,0,0,0
60,B0,0,6,6,3,0,0,0,0,0,0,0,0,0,0,1,1,0,0,0
60,B1,3,4,5,3,0,0,0,0,0,0,0,0,0,0,1,1,0,0,0
60,B2,5,0,4,7,0,0,0,0,0,0,0,0,0,0,1,1,0,0,0
60,C1,5,5,4,0,0,0,0,0,0,0,0,0,0,0,1,2,0,0,0
70,A1,6,9,0,4,0,0,0,0,0,0,0,0,0,1,0,2,0,0,0
70,B0,0,6,7,3,0,0,0,0,0,0,0,0,0,1,0,1,0,0,0
70,B1,3,5,5,2,0,0,0,0,0,0,0,0,0,1,0,2,0,0,0
70,B2,7,0,3,6,0,0,0,0,0,0,0,0,0,1,0,1,0,0,0
70,C1,8,5,2,0,0,0,0,0,0,0,0,0,0,1,0,2,0,0,0
80,A1,3,12,0,7,0,0,0,0,0,0,0,0,0,1,0,2,0,0,0
80,B0,0,6,7,4,0,0,0,0,0,0,0,0,0,1,0,1,0,0,0
80,B1,2,3,5,4,0,0,0,0,0,0,0,0,0,1,0,1,0,0,0
80,B2,5,0,3,7,0,0,0,0,0,0,0,0,0,1,0,1,0,0,0
80,C1,10,3,3,0,0,0,0,0,0,0,0,0,0,1,0,2,0,0,0
90,A1,2,13,0,9,0,0,0,0,0,0,0,0,0,1,0,2,0,0,0
90,B0,0,4,9,6,0,0,0,0,0,0,0,0,0,1,0,1,0,0,0
90,B1,2,3,5,5,0,0,0,0,0,0,0,0,0,1,0,1,0,0,0
90,B2,2,0,5,8,0,0,0,0,0,0,0,0,0,1,0,1,0,0,0
90,C1,12,2,4,0,0,0,0,0,0,0,0,0,0,1,0,2,0,0,0
100,A1,4,14,0,6,0,0,0,0,0,0,0,0,0,0,1,2,0,0,0
100,B0,0,6,13,7,0,0,0,0,0,0,0,0,0,0,1,1,0,0,0
100,B1,2,3,5,2,0,0,0,0,0,0,0,0,0,0,1,1,0,0,0
100,B2,3,0,3,9,0,0,0,0,0,0,0,0,0,0,1,1,0,0,0
100,C1,11,3,2,0,0,0,0,0,0,0,0,0,0,0,1,2,0,0,0
110,A1,8,16,0,7,0,0,0,0,0,0,0,0,0,0,1,2,0,0,0
110,B0,0,6,12,4,0,0,0,0,0,0,0,0,0,0,1,1,0,0,0
110,B1,2,3,2,1,0,0,0,0,0,0,0,0,0,0,1,2,0,0,0
110,B2,3,0,1,13,0,0,0,0,0,0,0,0,0,0,1,1,0,0,0
110,C1,13,7,1,0,0,0,0,0,0,0,0,0,0,0,1,2,0,0,0
120,A1,8,14,0,8,0,0,0,0,0,0,0,0,0,1,0,2,0,0,0
120,B0,0,6,14,6,0,0,0,0,0,0,1,0,0,1,0,1,0,0,0
120,B1,1,2,2,3,0,1,0,0,0,0,0,0,0,1,0,2,1,12,0
120,B2,2,0,3,13,0,0,0,0,0,0,0,0,0,1,0,1,0,0,0
120,C1,14,8,1,0,0,0,0,0,0,0,0,0,0,1,0,2,0,0,0
130,A1,8,16,0,9,0,0,0,0,0,0,0,0,0,1,0,2,0,0,0
130,B0,0,2,13,9,0,0,0,0,0,0,0,0,0,1,0,1,0,0,0
130,B1,2,3,2,3,0,0,0,0,0,0,0,0,0,1,0,1,1,20,2
130,B2,5,0,6,12,0,0,0,0,0,0,0,0,0,1,0,1,0,0,0
130,C1,14,7,1,0,0,0,0,0,0,0,0,0,0,1,0,2,0,0,0
140,A1,7,16,0,10,0,0,0,0,0,0,0,0,0,0,1,2,0,0,0
140,B0,0,2,15,9,0,0,0,0,0,0,0,0,0,0,1,1,0,0,0
140,B1,2,3,3,2,0,0,0,0,0,0,0,0,0,0,1,1,1,20,2
140,B2,5,0,7,13,0,0,0,0,0,0,0,0,0,0,1,1,0,0,0
140,C1,14,8,2,0,0,0,0,0,0,0,0,0,0,0,1,2,0,0,0
150,A1,11,18,0,9,0,0,0,0,0,0,0,0,0,0,1,2,0,0,0
150,B0,0,3,17,9,0,0,0,0,0,0,0,0,0,0,1,1,0,0,0
150,B1,2,3,2,2,0,0,0,0,0,0,0,0,0,0,1,2,1,20,2
150,B2,5,0,5,16,0,0,0,0,0,0,0,0,0,0,1,1,0,0,0
150,C1,14,10,1,0,0,0,0,0,0,0,0,0,0,0,1,2,0,0,0
160,A1,14,17,0,7,0,0,0,0,0,0,0,0,0,0,1,2,0,0,0
160,B0,0,4,18,8,0,0,0,0,0,0,0,0,0,0,1,1,0,0,0
160,B1,3,4,2,2,0,0,0,0,0,0,0,0,0,0,1,2,1,20,2
160,B2,5,0,6,14,0,0,0,0,0,0,0,0,0,0,1,1,0,0,0
160,C1,14,11,1,0,0,0,0,0,0,0,0,0,0,0,1,2,0,0,0
170,A1,11,19,0,8,0,0,0,0,0,0,0,0,0,1,0,2,0,0,0
170,B0,0,2,19,9,0,0,0,0,0,0,0,0,0,1,0,1,0,0,0
170,B1,2,5,2,2,0,0,0,0,0,0,0,0,0,1,0,2,1,20,2
170,B2,3,0,8,14,0,0,0,0,0,0,0,0,0,1,0,1,0,0,0
170,C1,15,10,2,0,0,0,0,0,0,0,0,0,0,1,0,2,0,0,0
180,A1,9,20,0,8,0,0,0,0,0,0,0,0,0,1,0,2,0,0,0
180,B0,0,1,19,10,0,0,0,0,0,0,0,0,0,1,0,1,0,0,0
180,B1,3,6,2,2,0,0,0,0,0,0,0,0,0,1,0,2,1,20,2
180,B2,2,0,10,15,0,0,0,0,0,0,0,0,0,1,0,1,0,0,0
180,C1,17,7,4,0,0,0,0,0,0,0,0,0,0,1,0,2,0,0,0
190,A1,12,19,0,7,0,0,0,0,0,0,0,0,0,0,1,2,0,0,0
190,B0,0,2,20,12,0,0,0,0,0,0,0,0,0,0,1,1,0,0,0
190,B1,2,4,1,2,0,0,0,0,0,0,0,0,0,0,1,2,1,20,2
190,B2,2,0,8,17,0,0,0,0,0,0,0,0,0,0,1,1,0,0,0
190,C1,17,11,2,0,0,0,0,0,0,0,0,0,0,0,1,2,0,0,0
200,A1,14,20,0,3,0,0,0,0,0,0,0,0,0,0,1,2,0,0,0
200,B0,0,2,20,8,0,0,0,0,0,0,0,0,0,0,1,1,0,0,0
200,B1,2,4,1,3,0,0,0,0,0,0,0,0,0,0,1,2,1,20,2
200,B2,2,0,6,17,0,0,0,0,0,0,0,0,0,0,1,1,0,0,0
200,C1,17,14,1,0,0,0,0,0,0,0,0,0,0,0,1,2,0,0,0
210,A1,14,20,0,2,0,0,0,0,0,0,0,0,0,1,0,2,0,0,0
210,B0,0,3,20,7,0,0,0,0,0,0,0,0,0,1,0,1,0,0,0
210,B1,1,5,1,1,0,0,0,0,0,0,0,0,0,1,0,2,1,20,2
210,B2,2,0,7,16,0,0,0,0,0,0,0,0,0,1,0,1,0,0,0
210,C1,16,14,1,0,0,0,0,0,0,0,0,0,0,1,0,2,0,0,0
220,A1,10,20,0,3,0,0,0,0,0,0,0,0,0,1,0,2,0,0,0
220,B0,0,1,20,9,0,0,0,0,0,0,0,0,0,1,0,1,0,0,0
220,B1,3,5,2,2,0,0,0,0,0,0,0,0,0,1,0,2,1,20,2
220,B2,2,0,8,17,0,0,0,0,0,0,0,0,0,1,0,1,0,0,0
220,C1,17,12,2,0,0,0,0,0,0,0,0,0,0,1,0,2,0,0,0
230,A1,8,19,0,4,0,0,0,0,0,0,0,0,0,0,1,2,0,0,0
230,B0,0,1,20,11,0,0,0,0,0,0,0,0,0,0,1,1,0,0,0
230,B1,3,5,3,2,0,0,0,0,0,0,0,0,0,0,1,2,1,20,2
230,B2,1,0,10,19,0,0,0,0,0,0,0,0,0,0,1,1,0,0,0
230,C1,17,10,2,0,0,0,0,0,0,0,0,0,0,0,1,2,0,0,0
240,A1,9,20,0,1,0,0,0,0,0,0,0,0,0,0,1,2,0,0,0
240,B0,0,1,20,9,0,0,0,0,0,0,0,0,0,0,1,1,0,0,0
240,B1,3,4,1,2,0,0,0,0,0,0,0,0,0,0,1,2,1,20,2
240,B2,2,0,7,19,0,0,0,0,0,0,0,0,0,0,1,1,0,0,0
240,C1,17,11,1,0,0,0,0,0,0,0,0,0,0,0,1,2,0,0,0
250,A1,12,20,0,1,0,0,0,0,0,0,0,0,0,0,1,2,0,0,0
250,B0,0,2,20,8,0,0,0,0,0,0,0,0,0,0,1,1,0,0,0
250,B1,3,4,1,1,0,0,0,0,0,0,0,0,0,0,1,2,1,20,2
250,B2,3,0,5,20,0,0,0,0,0,0,0,0,0,0,1,1,0,0,0
250,C1,17,14,1,0,0,0,0,0,0,0,0,0,0,0,1,2,0,0,0
260,A1,11,18,0,1,0,0,0,0,0,0,0,0,0,1,0,2,0,0,0
260,B0,0,1,20,8,0,0,0,0,0,0,0,0,0,1,0,1,0,0,0
260,B1,2,5,1,2,0,0,0,0,0,0,0,0,0,1,0,2,1,20,2
260,B2,3,0,9,20,0,0,0,0,0,0,0,0,0,1,0,1,0,0,0
260,C1,19,12,4,0,0,0,0,0,0,0,0,0,0,1,0,2,0,0,0
270,A1,8,18,0,1,0,0,0,0,0,0,0,0,0,1,0,2,0,0,0
270,B0,0,1,20,8,0,0,0,0,0,0,0,0,0,1,0,1,0,0,0
270,B1,1,5,1,2,0,0,0,0,0,0,0,0,0,1,0,2,1,20,2
270,B2,1,0,11,20,0,0,0,0,0,0,0,0,0,1,0,1,0,0,0
270,C1,19,9,5,0,0,0,0,0,0,0,0,0,0,1,0,2,0,0,0
280,A1,8,18,0,3,0,0,0,0,0,0,0,0,0,0,1,2,0,0,0
280,B0,0,2,19,8,0,0,0,0,0,0,0,0,0,0,1,1,0,0,0
280,B1,4,3,2,2,0,0,0,0,0,0,0,0,0,0,1,2,2,24,3
280,B2,1,0,12,20,0,0,0,0,0,0,0,0,0,0,1,1,0,0,0
280,C1,18,10,3,0,0,0,0,0,0,0,0,0,0,0,1,2,0,0,0
290,A1,10,20,0,1,0,0,0,0,0,0,0,0,0,0,1,2,0,0,0
290,B0,0,3,16,7,0,0,0,0,0,0,0,0,0,0,1,1,0,0,0
290,B1,4,3,1,1,0,0,0,0,0,0,0,0,0,0,1,2,2,24,3
290,B2,2,0,10,20,0,0,0,0,0,0,0,0,0,0,1,1,0,0,0
290,C1,19,14,1,0,0,0,0,0,0,0,0,0,0,0,1,2,0,0,0
300,A1,12,20,0,1,0,0,0,0,0,0,0,0,0,1,0,2,0,0,0
300,B0,0,4,15,8,0,0,0,0,0,0,1,0,0,1,0,1,0,0,0
300,B1,5,3,2,3,0,3,0,0,0,0,0,0,0,1,0,2,3,28,3
300,B2,3,0,9,20,0,0,0,0,0,0,0,0,0,1,0,1,0,0,0
300,C1,18,14,2,0,0,0,0,0,0,0,0,0,0,1,0,2,0,0,0
310,A1,10,20,0,3,0,0,0,0,0,0,0,0,0,1,0,2,0,0,0
310,B0,0,1,18,8,0,0,0,0,0,0,0,0,0,1,0,1,0,0,0
310,B1,2,5,1,1,0,0,0,0,0,0,0,0,0,1,0,2,3,37,7
310,B2,1,0,10,20,0,0,0,0,0,0,0,0,0,1,0,1,0,0,0
310,C1,19,13,3,0,0,0,0,0,0,0,0,0,0,1,0,2,0,0,0
320,A1,6,19,0,3,0,0,0,0,0,0,0,0,0,1,0,2,0,0,0
320,B0,0,1,20,9,0,0,0,0,0,0,0,0,0,1,0,1,0,0,0
320,B1,1,2,1,1,0,0,0,0,0,0,0,0,0,1,0,2,3,37,7
320,B2,1,0,12,20,0,0,0,0,0,0,0,0,0,1,0,1,0,0,0
320,C1,19,11,3,0,0,0,0,0,0,0,0,0,0,1,0,2,0,0,0
330,A1,7,20,0,2,0,0,0,0,0,0,0,0,0,0,1,2,0,0,0
330,B0,0,3,20,9,0,0,0,0,0,0,0,0,0,0,1,1,0,0,0
330,B1,2,2,2,1,0,0,0,0,0,0,0,0,0,0,1,2,3,37,7
330,B2,1,0,12,20,0,0,0,0,0,0,0,0,0,0,1,1,0,0,0
330,C1,18,11,3,0,0,0,0,0,0,0,0,0,0,0,1,2,0,0,0
340,A1,9,20,0,1,0,0,0,0,0,0,0,0,0,0,1,2,0,0,0
340,B0,0,4,20,6,0,0,0,0,0,0,0,0,0,0,1,1,0,0,0
340,B1,1,2,2,2,0,0,0,0,0,0,0,0,0,0,1,1,3,37,7
340,B2,2,0,9,20,0,0,0,0,0,0,0,0,0,0,1,1,0,0,0
340,C1,20,12,1,0,0,0,0,0,0,0,0,0,0,0,1,2,0,0,0
350,A1,10,20,0,1,0,0,0,0,0,0,0,0,0,1,0,2,0,0,0
350,B0,0,3,20,5,0,0,0,0,0,0,0,0,0,1,0,1,0,0,0
350,B1,2,1,3,2,0,0,0,0,0,0,0,0,0,1,0,1,3,37,7
350,B2,1,0,8,20,0,0,0,0,0,0,0,0,0,1,0,1,0,0,0
350,C1,20,13,2,0,0,0,0,0,0,0,0,0,0,1,0,2,0,0,0
360,A1,7,20,0,2,0,0,0,0,0,0,0,0,0,1,0,2,0,0,0
360,B0,0,1,20,8,0,0,0,0,0,0,0,0,0,1,0,1,0,0,0
360,B1,3,1,3,2,0,0,0,0,0,0,0,0,0,1,0,1,3,37,7
360,B2,4,0,9,20,0,0,0,0,0,0,0,0,0,1,0,1,0,0,0
360,C1,20,11,2,0,0,0,0,0,0,0,0,0,0,1,0,2,0,0,0
370,A1,5,20,0,2,0,0,0,0,0,0,0,0,0,0,1,2,0,0,0
370,B0,0,2,20,9,0,0,0,0,0,0,0,0,0,0,1,1,0,0,0
370,B1,1,1,4,4,0,0,0,0,0,0,0,0,0,0,1,1,3,37,7
370,B2,5,0,10,20,0,0,0,0,0,0,0,0,0,0,1,1,0,0,0
370,C1,20,9,2,0,0,0,0,0,0,0,0,0,0,0,1,2,0,0,0
380,A1,5,20,0,1,0,0,0,0,0,0,0,0,0,0,1,2,0,0,0
380,B0,0,2,20,6,0,0,0,0,0,0,0,0,0,0,1,1,0,0,0
380,B1,1,1,1,4,0,0,0,0,0,0,0,0,0,0,1,1,3,37,7
380,B2,6,0,8,20,0,0,0,0,0,0,0,0,0,0,1,1,0,0,0
380,C1,20,11,1,0,0,0,0,0,0,0,0,0,0,0,1,2,0,0,0
390,A1,7,20,0,4,0,0,0,0,0,0,0,0,0,0,1,2,0,0,0
390,B0,0,2,19,3,0,0,0,0,0,0,0,0,0,0,1,1,0,0,0
390,B1,1,1,1,4,0,0,0,0,0,0,0,0,0,0,1,1,3,37,7
390,B2,7,0,7,19,0,0,0,0,0,0,0,0,0,0,1,1,0,0,0
390,C1,20,14,2,0,0,0,0,0,0,0,0,0,0,0,1,2,0,0,0
400,A1,7,20,0,5,0,0,0,0,0,0,0,0,0,1,0,2,0,0,0
400,B0,0,1,20,4,0,0,0,0,0,0,0,0,0,1,0,1,0,0,0
400,B1,2,1,2,4,0,0,0,0,0,0,0,0,0,1,0,1,3,37,7
400,B2,4,0,8,20,0,0,0,0,0,0,0,0,0,1,0,1,0,0,0
400,C1,18,12,2,0,0,0,0,0,0,0,0,0,0,1,0,2,0,0,0
410,A1,4,20,0,5,0,0,0,0,0,0,0,0,0,1,0,2,0,0,0
410,B0,0,1,20,5,0,0,0,0,0,0,0,0,0,1,0,1,0,0,0
410,B1,2,2,1,4,0,0,0,0,0,0,0,0,0,1,0,1,3,37,7
410,B2,1,0,10,20,0,0,0,0,0,0,0,0,0,1,0,1,0,0,0
410,C1,18,9,3,0,0,0,0,0,0,0,0,0,0,1,0,2,0,0,0
420,A1,4,20,0,6,0,0,0,0,0,0,0,0,0,0,1,2,0,0,0
420,B0,0,1,20,7,0,0,0,0,0,0,0,0,0,0,1,1,0,0,0
420,B1,2,2,2,4,0,0,0,0,0,0,0,0,0,0,1,1,3,37,7
420,B2,1,0,11,20,0,0,0,0,0,0,0,0,0,0,1,1,0,0,0
420,C1,19,9,2,0,0,0,0,0,0,0,0,0,0,0,1,2,0,0,0
430,A1,4,20,0,4,0,0,0,0,0,0,0,0,0,0,1,2,0,0,0
430,B0,0,2,20,4,0,0,0,0,0,0,0,0,0,0,1,1,0,0,0
430,B1,2,2,2,1,0,0,0,0,0,0,0,0,0,0,1,2,3,37,7
430,B2,1,0,7,20,0,0,0,0,0,0,0,0,0,0,1,1,0,0,0
430,C1,20,10,2,0,0,0,0,0,0,0,0,0,0,0,1,2,0,0,0
440,A1,5,20,0,4,0,0,0,0,0,0,0,0,0,1,0,2,0,0,0
440,B0,0,1,20,3,0,0,0,0,0,0,0,0,0,1,0,1,0,0,0
440,B1,2,2,2,1,0,0,0,0,0,0,0,0,0,1,0,2,3,37,7
440,B2,1,0,6,20,0,0,0,0,0,0,0,0,0,1,0,1,0,0,0
440,C1,19,11,1,0,0,0,0,0,0,0,0,0,0,1,0,2,0,0,0
450,A1,1,20,0,5,0,0,0,0,0,0,0,0,0,1,0,2,0,0,0
450,B0,0,3,20,5,0,0,0,0,0,0,0,0,0,1,0,1,0,0,0
450,B1,4,2,2,1,0,0,0,0,0,0,0,0,0,1,0,2,3,37,7
450,B2,1,0,7,20,0,0,0,0,0,0,0,0,0,1,0,1,0,0,0
450,C1,17,8,1,0,0,0,0,0,0,0,0,0,0,1,0,2,0,0,0
460,A1,1,19,0,5,0,0,0,0,0,0,0,0,0,0,1,2,0,0,0
460,B0,0,1,20,6,0,0,0,0,0,0,0,0,0,0,1,1,0,0,0
460,B1,3,2,3,2,0,0,0,0,0,0,0,0,0,0,1,1,3,37,7
460,B2,3,0,10,20,0,0,0,0,0,0,0,0,0,0,1,1,0,0,0
460,C1,16,7,2,0,0,0,0,0,0,0,0,0,0,0,1,2,0,0,0
470,A1,1,20,0,1,0,0,0,0,0,0,0,0,0,0,1,2,0,0,0
470,B0,0,3,20,4,0,0,0,0,0,0,0,0,0,0,1,1,0,0,0
470,B1,3,2,3,1,0,0,0,0,0,0,0,0,0,0,1,2,3,37,7
470,B2,5,0,8,20,0,0,0,0,0,0,0,0,0,0,1,1,0,0,0
470,C1,19,8,1,0,0,0,0,0,0,0,0,0,0,0,1,2,0,0,0
480,A1,2,20,0,2,0,0,0,0,0,0,0,0,0,0,1,2,0,0,0
480,B0,0,5,19,2,0,0,0,0,0,0,0,0,0,0,1,1,0,0,0
480,B1,4,2,1,1,0,0,0,0,0,0,0,0,0,0,1,2,3,37,7
480,B2,5,0,4,20,0,0,0,0,0,0,0,0,0,0,1,1,0,0,0
480,C1,20,9,2,0,0,0,0,0,0,0,0,0,0,0,1,2,0,0,0
490,A1,3,20,0,3,0,0,0,0,0,0,0,0,0,1,0,2,0,0,0
490,B0,0,3,20,3,0,0,0,0,0,0,0,0,0,1,0,1,0,0,0
490,B1,4,1,2,2,0,0,0,0,0,0,0,0,0,1,0,2,3,37,7
490,B2,3,0,4,20,0,0,0,0,0,0,0,0,0,1,0,1,0,0,0
490,C1,17,9,2,0,0,0,0,0,0,0,0,0,0,1,0,2,0,0,0
500,A1,1,20,0,3,0,0,0,0,0,0,0,0,0,1,0,2,0,0,0
500,B0,0,1,20,6,0,0,0,0,0,0,0,0,0,1,0,1,0,0,0
500,B1,4,2,2,2,0,0,0,0,0,0,0,0,0,1,0,2,3,37,7
500,B2,2,0,5,20,0,0,0,0,0,0,0,0,0,1,0,1,0,0,0
500,C1,17,5,2,0,0,0,0,0,0,0,0,0,0,1,0,2,0,0,0
510,A1,2,20,0,4,0,0,0,0,0,0,0,0,0,0,1,2,0,0,0
510,B0,0,2,18,5,0,0,0,0,0,0,0,0,0,0,1,1,0,0,0
510,B1,3,2,3,1,0,0,0,0,0,0,0,0,0,0,1,2,3,37,7
510,B2,2,0,8,20,0,0,0,0,0,0,0,0,0,0,1,1,0,0,0
510,C1,18,4,1,0,0,0,0,0,0,0,0,0,0,0,1,2,0,0,0
520,A1,2,20,0,4,0,0,0,0,0,0,0,0,0,0,1,2,0,0,0
520,B0,0,3,18,3,0,0,0,0,0,0,0,0,0,0,1,1,0,0,0
520,B1,3,2,3,1,0,0,0,0,0,0,0,0,0,0,1,2,3,37,7
520,B2,2,0,8,20,0,0,0,0,0,0,0,0,0,0,1,1,0,0,0
520,C1,19,5,1,0,0,0,0,0,0,0,0,0,0,0,1,2,0,0,0
530,A1,4,20,0,4,0,0,0,0,0,0,0,0,0,1,0,2,0,0,0
530,B0,0,4,18,2,0,0,0,0,0,0,0,0,0,1,0,1,0,0,0
530,B1,4,3,3,1,0,0,0,0,0,0,0,0,0,1,0,2,3,37,7
530,B2,4,0,6,19,0,0,0,0,0,0,0,0,0,1,0,1,0,0,0
530,C1,20,6,1,0,0,0,0,0,0,0,0,0,0,1,0,2,0,0,0
540,A1,2,20,0,6,0,0,0,0,0,0,0,0,0,1,0,2,0,0,0
540,B0,0,1,20,2,0,0,0,0,0,0,0,0,0,1,0,1,0,0,0
540,B1,3,2,3,1,0,0,0,0,0,0,0,0,0,1,0,2,3,37,7
540,B2,2,0,6,20,0,0,0,0,0,0,0,0,0,1,0,1,0,0,0
540,C1,20,5,3,0,0,0,0,0,0,0,0,0,0,1,0,2,0,0,0
550,A1,2,19,0,5,0,0,0,0,0,0,0,0,0,1,0,2,0,0,0
550,B0,0,1,20,6,0,0,0,0,0,0,0,0,0,1,0,1,0,0,0
550,B1,1,2,3,1,0,0,0,0,0,0,0,0,0,1,0,1,3,37,7
550,B2,1,0,7,20,0,0,0,0,0,0,0,0,0,1,0,1,0,0,0
550,C1,19,3,4,0,0,0,0,0,0,0,0,0,0,1,0,2,0,0,0
560,A1,4,20,0,4,0,0,0,0,0,0,0,0,0,0,1,2,0,0,0
560,B0,0,2,20,4,0,0,0,0,0,0,0,0,0,0,1,1,0,0,0
560,B1,1,1,4,3,0,0,0,0,0,0,0,0,0,0,1,1,3,37,7
560,B2,1,0,5,20,0,0,0,0,0,0,0,0,0,0,1,1,0,0,0
560,C1,20,3,1,0,0,0,0,0,0,0,0,0,0,0,1,2,0,0,0
570,A1,1,20,0,3,0,0,0,0,0,0,0,0,0,0,1,2,0,0,0
570,B0,0,3,20,2,0,0,0,0,0,0,0,0,0,0,1,1,0,0,0
570,B1,1,2,4,3,0,0,0,0,0,0,0,0,0,0,1,1,3,37,7
570,B2,3,0,2,20,0,0,0,0,0,0,0,0,0,0,1,1,0,0,0
570,C1,20,4,1,0,0,0,0,0,0,0,0,0,0,0,1,2,0,0,0
580,A1,4,19,0,3,0,0,0,0,0,0,0,0,0,1,0,2,0,0,0
580,B0,0,2,20,1,0,0,0,0,0,0,0,0,0,1,0,1,0,0,0
580,B1,2,2,3,2,0,0,0,0,0,0,0,0,0,1,0,1,4,38,8
580,B2,3,0,2,20,0,0,0,0,0,0,0,0,0,1,0,1,0,0,0
580,C1,20,5,1,0,0,0,0,0,0,0,0,0,0,1,0,2,0,0,0
590,A1,3,18,0,6,0,0,0,0,0,0,0,0,0,1,0,2,0,0,0
590,B0,0,2,20,3,0,0,0,0,0,0,0,0,0,1,0,1,0,0,0
590,B1,2,2,3,2,0,0,0,0,0,0,0,0,0,1,0,1,4,38,8
590,B2,1,0,5,20,0,0,0,0,0,0,0,0,0,1,0,1,0,0,0
590,C1,20,3,2,0,0,0,0,0,0,0,0,0,0,1,0,2,0,0,0
600,A1,2,18,0,5,0,0,0,0,0,0,0,0,0,0,1,2,0,0,0
600,B0,0,1,20,5,0,0,0,0,0,0,0,0,0,0,1,1,0,0,0
600,B1,2,1,5,3,0,0,0,0,0,0,0,0,0,0,1,1,4,38,8
600,B2,1,0,7,20,0,0,0,0,0,0,0,0,0,0,1,1,0,0,0
600,C1,20,3,2,0,0,0,0,0,0,0,0,0,0,0,1,2,1,4,1
610,A1,3,20,0,3,0,0,0,0,0,0,0,0,0,0,1,2,0,0,0
610,B0,0,2,20,2,0,0,0,0,0,0,0,0,0,0,1,1,0,0,0
610,B1,2,1,5,2,0,0,0,0,0,0,0,0,0,0,1,1,4,38,8
610,B2,1,0,5,20,0,0,0,0,0,0,0,0,0,0,1,1,0,0,0
610,C1,19,2,1,0,0,0,0,0,0,0,0,0,0,0,1,2,1,4,1
620,A1,6,20,0,1,0,0,0,0,0,0,0,0,0,0,1,2,0,0,0
620,B0,0,3,19,1,0,0,0,0,0,0,0,0,0,0,1,1,0,0,0
620,B1,2,1,4,1,0,0,0,0,0,0,0,0,0,0,1,1,4,38,8
620,B2,1,0,1,19,0,0,0,0,0,0,0,0,0,0,1,1,0,0,0
620,C1,20,3,2,0,0,0,0,0,0,0,0,0,0,0,1,2,1,4,1
630,A1,7,20,0,2,0,0,0,0,0,0,0,0,0,1,0,2,0,0,0
630,B0,0,1,20,1,0,0,0,0,0,0,0,0,0,1,0,1,0,0,0
630,B1,2,2,4,1,0,0,0,0,0,0,0,0,0,1,0,1,4,38,8
630,B2,2,0,2,20,0,0,0,0,0,0,0,0,0,1,0,1,1,7,1
630,C1,20,2,3,0,0,0,0,0,0,0,0,0,0,1,0,2,1,4,1
640,A1,5,20,0,2,0,0,0,0,0,0,0,0,0,1,0,2,0,0,0
640,B0,0,1,20,2,0,0,0,0,0,0,0,0,0,1,0,1,0,0,0
640,B1,4,1,4,1,0,0,0,0,0,0,0,0,0,1,0,1,4,38,8
640,B2,2,0,2,20,0,0,0,0,0,0,0,0,0,1,0,1,1,7,1
640,C1,20,1,3,0,0,0,0,0,0,0,0,0,0,1,0,2,1,4,1
650,A1,5,20,0,1,0,0,0,0,0,0,0,0,0,0,1,2,0,0,0
650,B0,0,4,20,2,0,0,0,0,0,0,0,0,0,0,1,1,0,0,0
650,B1,3,1,3,1,0,0,0,0,0,0,0,0,0,0,1,1,4,38,8
650,B2,4,0,3,20,0,0,0,0,0,0,0,0,0,0,1,1,1,7,1
650,C1,20,1,1,0,0,0,0,0,0,0,0,0,0,0,1,2,1,4,1
660,A1,8,20,0,1,0,0,0,0,0,0,0,0,0,0,1,2,0,0,0
660,B0,0,6,19,2,0,0,0,0,0,0,0,0,0,0,1,1,0,0,0
660,B1,3,1,2,1,0,0,0,0,0,0,0,0,0,0,1,2,4,38,8
660,B2,4,0,1,20,0,0,0,0,0,0,0,0,0,0,1,1,1,7,1
660,C1,20,1,1,0,0,0,0,0,0,0,0,0,0,0,1,2,1,4,1
670,A1,9,20,0,2,0,0,0,0,0,0,0,0,0,1,0,2,0,0,0
670,B0,0,4,19,1,0,0,0,0,0,0,0,0,0,1,0,1,0,0,0
670,B1,2,1,1,1,0,0,0,0,0,0,0,0,0,1,0,2,5,39,9
670,B2,4,0,4,20,0,0,0,0,0,0,0,0,0,1,0,1,1,7,1
670,C1,20,2,3,0,0,0,0,0,0,0,0,0,0,1,0,2,1,4,1
680,A1,6,20,0,3,0,0,0,0,0,0,0,0,0,1,0,2,0,0,0
680,B0,0,1,19,4,0,0,0,0,0,0,0,0,0,1,0,1,0,0,0
680,B1,2,1,1,1,0,0,0,0,0,0,0,0,0,1,0,2,5,39,9
680,B2,1,0,1,20,0,0,0,0,0,0,0,0,0,1,0,1,1,7,1
680,C1,20,2,3,0,0,0,0,0,0,0,0,0,0,1,0,2,1,4,1
690,A1,4,19,0,3,0,0,0,0,0,0,0,0,0,0,1,2,0,0,0
690,B0,0,1,20,1,0,0,0,0,0,0,0,0,0,0,1,1,1,1,1
690,B1,1,1,1,1,0,0,0,0,0,0,0,0,0,0,1,1,5,39,9
690,B2,3,0,3,20,0,0,0,0,0,0,0,0,0,0,1,1,1,7,1
690,C1,19,1,5,0,0,0,0,0,0,0,0,0,0,0,1,2,1,4,1
700,A1,5,20,0,1,0,0,0,0,0,0,0,0,0,0,1,2,0,0,0
700,B0,0,2,20,2,0,0,0,0,0,0,0,0,0,0,1,1,1,1,1
700,B1,2,1,3,2,0,0,0,0,0,0,0,0,0,0,1,1,5,39,9
700,B2,5,0,4,20,0,0,0,0,0,0,0,0,0,0,1,1,1,7,1
700,C1,20,1,2,0,0,0,0,0,0,0,0,0,0,0,1,2,1,4,1
710,A1,7,20,0,1,0,0,0,0,0,0,0,0,0,0,1,2,0,0,0
710,B0,0,1,19,2,0,0,0,0,0,0,0,0,0,0,1,1,1,1,1
710,B1,2,1,1,3,0,0,0,0,0,0,0,0,0,0,1,1,5,39,9
710,B2,4,0,3,20,0,0,0,0,0,0,0,0,0,0,1,1,1,7,1
710,C1,20,3,1,0,0,0,0,0,0,0,0,0,0,0,1,2,1,4,1
720,A1,5,20,0,2,0,0,0,0,0,0,0,0,0,1,0,2,0,0,0
720,B0,0,1,20,2,0,0,0,0,0,0,0,0,0,1,0,1,1,1,1
720,B1,2,2,1,1,0,0,0,0,0,0,0,0,0,1,0,2,5,39,9
720,B2,1,0,4,20,0,0,0,0,0,0,0,0,0,1,0,1,1,7,1
720,C1,20,2,1,0,0,0,0,0,0,0,0,0,0,1,0,2,1,4,1
730,A1,3,20,0,2,0,0,0,0,0,0,0,0,0,1,0,2,0,0,0
730,B0,0,1,20,3,0,0,0,0,0,0,0,0,0,1,0,1,1,1,1
730,B1,2,1,1,1,0,0,0,0,0,0,0,0,0,1,0,2,5,39,9
730,B2,2,0,5,20,0,0,0,0,0,0,0,0,0,1,0,1,1,7,1
730,C1,19,1,1,0,0,0,0,0,0,0,0,0,0,1,0,2,1,4,1
740,A1,3,20,0,1,0,0,0,0,0,0,0,0,0,0,1,2,0,0,0
740,B0,0,1,20,3,0,0,0,0,0,0,0,0,0,0,1,1,1,1,1
740,B1,2,1,1,2,0,0,0,0,0,0,0,0,0,0,1,1,6,43,10
740,B2,4,0,5,20,0,0,0,0,0,0,0,0,0,0,1,1,1,7,1
740,C1,19,2,4,0,0,0,0,0,0,0,0,0,0,0,1,2,1,4,1
750,A1,5,20,0,1,0,0,0,0,0,0,0,0,0,0,1,2,0,0,0
750,B0,0,1,20,2,0,0,0,0,0,0,0,0,0,0,1,1,1,1,1
750,B1,1,2,3,1,0,0,0,0,0,0,0,0,0,0,1,1,6,43,10
750,B2,5,0,3,20,0,0,0,0,0,0,0,0,0,0,1,1,1,7,1
750,C1,19,3,2,0,0,0,0,0,0,0,0,0,0,0,1,2,1,4,1
760,A1,5,20,0,3,0,0,0,0,0,0,0,0,0,1,0,2,0,0,0
760,B0,0,1,19,1,0,0,0,0,0,0,0,0,0,1,0,1,1,1,1
760,B1,1,3,2,1,0,0,0,0,0,0,0,0,0,1,0,2,6,43,10
760,B2,5,0,3,19,0,0,0,0,0,0,0,0,0,1,0,1,1,7,1
760,C1,20,2,2,0,0,0,0,0,0,0,0,0,0,1,0,2,1,4,1
770,A1,2,20,0,4,0,0,0,0,0,0,0,0,0,1,0,2,0,0,0
770,B0,0,1,20,3,0,0,0,0,0,0,0,0,0,1,0,1,1,1,1
770,B1,1,2,2,2,0,0,0,0,0,0,0,0,0,1,0,1,6,43,10
770,B2,2,0,4,20,0,0,0,0,0,0,0,0,0,1,0,1,1,7,1
770,C1,20,1,2,0,0,0,0,0,0,0,0,0,0,1,0,2,1,4,1
780,A1,1,18,0,5,0,0,0,0,0,0,0,0,0,1,0,2,0,0,0
780,B0,0,1,20,2,0,0,0,0,0,0,0,0,0,1,0,1,1,1,1
780,B1,1,1,2,2,0,0,0,0,0,0,0,0,0,1,0,1,6,43,10
780,B2,1,0,5,20,0,0,0,0,0,0,0,0,0,1,0,1,1,7,1
780,C1,19,1,3,0,0,0,0,0,0,0,0,0,0,1,0,2,1,4,1
790,A1,1,19,0,3,0,0,0,0,0,0,0,0,0,0,1,2,0,0,0
790,B0,0,1,20,3,0,0,0,0,0,0,0,0,0,0,1,1,1,1,1
790,B1,1,2,2,2,0,0,0,0,0,0,0,0,0,0,1,1,6,43,10
790,B2,3,0,4,20,0,0,0,0,0,0,0,0,0,0,1,1,1,7,1
790,C1,20,2,1,0,0,0,0,0,0,0,0,0,0,0,1,2,1,4,1
800,A1,3,19,0,1,0,0,0,0,0,0,0,0,0,0,1,2,0,0,0
800,B0,0,1,19,3,0,0,0,0,0,0,0,0,0,0,1,1,1,1,1
800,B1,2,2,2,1,0,0,0,0,0,0,0,0,0,0,1,2,6,43,10
800,B2,1,0,2,20,0,0,0,0,0,0,0,0,0,0,1,1,1,7,1
800,C1,20,3,1,0,0,0,0,0,0,0,0,0,0,0,1,2,1,4,1
810,A1,3,20,0,1,0,0,0,0,0,0,0,0,0,1,0,2,0,0,0
810,B0,0,1,19,1,0,0,0,0,0,0,0,0,0,1,0,1,1,1,1
810,B1,1,2,2,1,0,0,0,0,0,0,0,0,0,1,0,1,7,47,11
810,B2,1,0,1,20,0,0,0,0,0,0,0,0,0,1,0,1,1,7,1
810,C1,20,4,3,0,0,0,0,0,0,0,0,0,0,1,0,2,1,4,1
820,A1,3,20,0,2,0,0,0,0,0,0,0,0,0,1,0,2,0,0,0
820,B0,0,1,19,2,0,0,0,0,0,0,0,0,0,1,0,1,1,1,1
820,B1,1,4,2,1,0,0,0,0,0,0,0,0,0,1,0,2,7,47,11
820,B2,1,0,3,20,0,0,0,0,0,0,0,0,0,1,0,1,1,7,1
820,C1,20,2,3,0,0,0,0,0,0,0,0,0,0,1,0,2,1,4,1
830,A1,1,20,0,1,0,0,0,0,0,0,0,0,0,0,1,2,0,0,0
830,B0,0,1,20,2,0,0,0,0,0,0,0,0,0,0,1,1,1,1,1
830,B1,1,1,1,2,0,0,0,0,0,0,0,0,0,0,1,1,7,47,11
830,B2,2,0,4,20,0,0,0,0,0,0,0,0,0,0,1,1,1,7,1
830,C1,20,1,2,0,0,0,0,0,0,0,0,0,0,0,1,2,1,4,1
840,A1,2,20,0,1,0,0,0,0,0,0,0,0,0,0,1,2,0,0,0
840,B0,0,2,18,4,0,0,0,0,0,0,0,0,0,0,1,1,1,1,1
840,B1,1,1,2,2,0,0,0,0,0,0,0,0,0,0,1,1,7,47,11
840,B2,2,0,1,20,0,0,0,0,0,0,0,0,0,0,1,1,1,7,1
840,C1,20,1,1,0,0,0,0,0,0,0,0,0,0,0,1,2,1,4,1
850,A1,4,20,0,1,0,0,0,0,0,0,0,0,0,0,1,2,0,0,0
850,B0,0,2,16,1,0,0,0,0,0,0,0,0,0,0,1,1,1,1,1
850,B1,1,1,1,1,0,0,0,0,0,0,0,0,0,0,1,1,7,47,11
850,B2,2,0,1,18,0,0,0,0,0,0,0,0,0,0,1,1,1,7,1
850,C1,20,2,1,0,0,0,0,0,0,0,0,0,0,0,1,2,1,4,1
860,A1,1,20,0,4,0,0,0,0,0,0,0,0,0,1,0,2,0,0,0
860,B0,0,1,17,1,0,0,0,0,0,0,0,0,0,1,0,1,1,1,1
860,B1,2,2,1,2,0,0,0,0,0,0,0,0,0,1,0,2,7,47,11
860,B2,1,0,1,19,0,0,0,0,0,0,0,0,0,1,0,1,1,7,1
860,C1,20,4,2,0,0,0,0,0,0,0,0,0,0,1,0,2,1,4,1
870,A1,2,20,0,4,0,0,0,0,0,0,0,0,0,1,0,2,0,0,0
870,B0,0,1,20,2,0,0,0,0,0,0,0,0,0,1,0,1,1,1,1
870,B1,4,2,1,2,0,0,0,0,0,0,0,0,0,1,0,2,7,47,11
870,B2,1,0,3,19,0,0,0,0,0,0,0,0,0,1,0,1,1,7,1
870,C1,20,1,2,0,0,0,0,0,0,0,0,0,0,1,0,2,1,4,1
880,A1,1,20,0,2,0,0,0,0,0,0,0,0,0,0,1,2,0,0,0
880,B0,0,1,20,1,0,0,0,0,0,0,0,0,0,0,1,1,1,1,1
880,B1,3,2,1,1,0,0,0,0,0,0,0,0,0,0,1,2,7,47,11
880,B2,1,0,2,20,0,0,0,0,0,0,0,0,0,0,1,1,1,7,1
880,C1,20,1,1,0,0,0,0,0,0,0,0,0,0,0,1,2,1,4,1
890,A1,2,20,0,1,0,0,0,0,0,0,0,0,0,0,1,2,0,0,0
890,B0,0,2,20,2,0,0,0,0,0,0,0,0,0,0,1,1,1,1,1
890,B1,3,2,1,4,0,0,0,0,0,0,0,0,0,0,1,1,7,47,11
890,B2,2,0,1,20,0,0,0,0,0,0,0,0,0,0,1,1,1,7,1
890,C1,20,3,1,0,0,0,0,0,0,0,0,0,0,0,1,2,1,4,1
900,A1,2,20,0,2,0,0,0,0,0,0,0,0,0,1,0,2,0,0,0
900,B0,0,1,20,3,0,0,0,0,0,0,0,0,0,1,0,1,1,1,1
900,B1,3,3,2,3,0,0,0,0,0,0,0,0,0,1,0,2,7,47,11
900,B2,1,0,1,19,0,0,0,0,0,0,0,0,0,1,0,1,1,7,1
900,C1,20,4,1,0,0,0,0,0,0,0,0,0,0,1,0,2,1,4,1
910,A1,2,20,0,2,0,0,0,0,0,0,0,0,0,1,0,2,0,0,0
910,B0,0,1,20,5,0,0,0,0,0,0,0,0,0,1,0,1,1,1,1
910,B1,2,2,1,3,0,0,0,0,0,0,0,0,0,1,0,1,7,47,11
910,B2,1,0,1,19,0,0,0,0,0,0,0,0,0,1,0,1,1,7,1
910,C1,20,2,1,0,0,0,0,0,0,0,0,0,0,1,0,2,1,4,1
920,A1,1,19,0,4,0,0,0,0,0,0,0,0,0,0,1,2,0,0,0
920,B0,0,1,20,5,0,0,0,0,0,0,0,0,0,0,1,1,1,1,1
920,B1,1,3,1,3,0,0,0,0,0,0,0,0,0,0,1,1,7,47,11
920,B2,1,0,3,20,0,0,0,0,0,0,0,0,0,0,1,1,1,7,1
920,C1,19,1,3,0,0,0,0,0,0,0,0,0,0,0,1,2,1,4,1
930,A1,2,20,0,2,0,0,0,0,0,0,0,0,0,0,1,2,0,0,0
930,B0,0,2,20,2,0,0,0,0,0,0,0,0,0,0,1,1,1,1,1
930,B1,1,3,2,3,0,0,0,0,0,0,0,0,0,0,1,1,7,47,11
930,B2,2,0,2,19,0,0,0,0,0,0,0,0,0,0,1,1,1,7,1
930,C1,20,2,2,0,0,0,0,0,0,0,0,0,0,0,1,2,1,4,1
940,A1,1,20,0,1,0,0,0,0,0,0,0,0,0,0,1,2,0,0,0
940,B0,0,3,19,1,0,0,0,0,0,0,0,0,0,0,1,1,1,1,1
940,B1,1,3,1,2,0,0,0,0,0,0,0,0,0,0,1,2,7,47,11
940,B2,2,0,2,20,0,0,0,0,0,0,0,0,0,0,1,1,1,7,1
940,C1,20,2,2,0,0,0,0,0,0,0,0,0,0,0,1,2,1,4,1
950,A1,1,20,0,2,0,0,0,0,0,0,0,0,0,1,0,2,0,0,0
950,B0,0,2,19,1,0,0,0,0,0,0,0,0,0,1,0,1,2,2,2
950,B1,1,2,1,2,0,0,0,0,0,0,0,0,0,1,0,1,8,61,14
950,B2,1,0,2,20,0,0,0,0,0,0,0,0,0,1,0,1,1,7,1
950,C1,20,1,2,0,0,0,0,0,0,0,0,0,0,1,0,2,1,4,1
960,A1,1,18,0,5,0,0,0,0,0,0,0,0,0,1,0,2,0,0,0
960,B0,0,1,20,2,0,0,0,0,0,0,0,0,0,1,0,1,2,2,2
960,B1,2,1,1,2,0,0,0,0,0,0,0,0,0,1,0,1,8,61,14
960,B2,1,0,4,20,0,0,0,0,0,0,0,0,0,1,0,1,1,7,1
960,C1,18,1,2,0,0,0,0,0,0,0,0,0,0,1,0,2,1,4,1
970,A1,1,18,0,4,0,0,0,0,0,0,0,0,0,0,1,2,0,0,0
970,B0,0,1,20,2,0,0,0,0,0,0,0,0,0,0,1,1,2,2,2
970,B1,2,1,1,3,0,0,0,0,0,0,0,0,0,0,1,1,8,61,14
970,B2,1,0,3,20,0,0,0,0,0,0,0,0,0,0,1,1,1,7,1
970,C1,18,3,1,0,0,0,0,0,0,0,0,0,0,0,1,2,1,4,1
980,A1,2,18,0,1,0,0,0,0,0,0,0,0,0,0,1,2,0,0,0
980,B0,0,2,19,1,0,0,0,0,0,0,0,0,0,0,1,1,2,2,2
980,B1,2,1,3,3,0,0,0,0,0,0,0,0,0,0,1,1,8,61,14
980,B2,1,0,3,19,0,0,0,0,0,0,0,0,0,0,1,1,1,7,1
980,C1,18,1,1,0,0,0,0,0,0,0,0,0,0,0,1,2,1,4,1
990,A1,2,20,0,3,0,0,0,0,0,0,0,0,0,1,0,2,0,0,0
990,B0,0,2,16,2,0,0,0,0,0,0,0,0,0,1,0,1,2,2,2
990,B1,3,2,2,2,0,0,1,0,0,0,0,0,0,1,0,2,9,65,14
990,B2,1,0,1,18,0,0,0,0,0,1,0,0,0,1,0,1,1,7,1
990,C1,20,5,1,0,0,0,0,0,0,0,0,0,0,1,0,2,1,4,1
1000,A1,2,20,0,4,0,0,0,0,0,0,0,0,0,1,0,2,0,0,0
1000,B0,0,1,17,4,0,0,0,0,0,0,0,0,0,1,0,1,2,2,2
1000,B1,2,1,2,2,0,0,0,0,0,0,0,0,0,1,0,1,9,65,15
1000,B2,1,0,3,18,0,0,0,0,0,0,0,0,0,1,0,1,1,7,1
1000,C1,20,1,1,0,0,0,0,0,0,0,0,0,0,1,0,2,1,4,1
1010,A1,1,18,0,4,0,0,0,0,0,0,0,0,0,1,0,2,0,0,0
1010,B0,0,1,19,5,0,0,0,0,0,0,0,0,0,1,0,1,2,2,2
1010,B1,2,3,2,2,0,0,0,0,0,0,0,0,0,1,0,2,9,65,15
1010,B2,2,0,3,19,0,0,0,0,0,0,0,0,0,1,0,1,1,7,1
1010,C1,19,3,1,0,0,0,0,0,0,0,0,0,0,1,0,2,1,4,1
1020,A1,1,19,0,2,0,0,0,0,0,0,0,0,0,0,1,2,0,0,0
1020,B0,0,2,20,3,0,0,0,0,0,0,0,0,0,0,1,1,2,2,2
1020,B1,3,3,2,1,0,0,0,0,0,0,0,0,0,0,1,2,9,65,15
1020,B2,3,0,1,20,0,0,0,0,0,0,0,0,0,0,1,1,1,7,1
1020,C1,20,1,1,0,0,0,0,0,0,0,0,0,0,0,1,2,1,4,1
1030,A1,1,20,0,1,0,0,0,0,0,0,0,0,0,0,1,2,0,0,0
1030,B0,0,1,20,1,0,0,0,0,0,0,0,0,0,0,1,1,2,2,2
1030,B1,3,3,3,2,0,0,0,0,0,0,0,0,0,0,1,2,9,65,15
1030,B2,3,0,1,20,0,0,0,0,0,0,0,0,0,0,1,1,1,7,1
1030,C1,20,3,2,0,0,0,0,0,0,0,0,0,0,0,1,2,1,4,1
1040,A1,2,20,0,1,0,0,0,0,0,0,0,0,0,1,0,2,0,0,0
1040,B0,0,2,20,2,0,0,0,0,0,0,0,0,0,1,0,1,2,2,2
1040,B1,2,2,1,1,0,0,0,0,0,0,0,0,0,1,0,2,9,65,15
1040,B2,1,0,1,20,0,0,0,0,0,0,0,0,0,1,0,1,1,7,1
1040,C1,20,2,2,0,0,0,0,0,0,0,0,0,0,1,0,2,1,4,1
1050,A1,2,17,0,1,0,0,0,0,0,0,0,0,0,1,0,2,0,0,0
1050,B0,0,2,20,4,0,0,0,0,0,0,0,0,0,1,0,1,2,2,2
1050,B1,1,2,1,1,0,0,0,0,0,0,0,0,0,1,0,2,9,65,15
1050,B2,1,0,4,20,0,0,0,0,0,0,0,0,0,1,0,1,1,7,1
1050,C1,20,1,2,0,0,0,0,0,0,0,0,0,0,1,0,2,1,4,1
1060,A1,1,17,0,1,0,0,0,0,0,0,0,0,0,0,1,2,0,0,0
1060,B0,0,2,20,3,0,0,0,0,0,0,0,0,0,0,1,1,2,2,2
1060,B1,1,1,1,1,0,0,0,0,0,0,0,0,0,0,1,1,9,65,15
1060,B2,1,0,3,20,0,0,0,0,0,0,0,0,0,0,1,1,1,7,1
1060,C1,20,1,2,0,0,0,0,0,0,0,0,0,0,0,1,2,1,4,1
1070,A1,3,19,0,2,0,0,0,0,0,0,0,0,0,0,1,2,0,0,0
1070,B0,0,3,20,1,0,0,0,0,0,0,0,0,0,0,1,1,2,2,2
1070,B1,1,1,2,1,0,0,0,0,0,0,0,0,0,0,1,1,9,65,15
1070,B2,3,0,1,20,0,0,0,0,0,0,0,0,0,0,1,1,1,7,1
1070,C1,20,2,1,0,0,0,0,0,0,0,0,0,0,0,1,2,1,4,1
1080,A1,2,20,0,1,0,0,0,0,0,0,0,0,0,0,1,2,0,0,0
1080,B0,0,3,17,2,0,0,0,0,0,0,0,0,0,0,1,1,2,2,2
1080,B1,1,2,1,1,0,0,0,0,0,0,0,0,0,0,1,2,9,65,15
1080,B2,3,0,1,19,0,0,0,0,0,0,0,0,0,0,1,1,1,7,1
1080,C1,20,4,2,0,0,0,0,0,0,0,0,0,0,0,1,2,1,4,1
1090,A1,2,19,0,2,0,0,0,0,0,0,0,0,0,1,0,2,0,0,0
1090,B0,0,1,18,1,0,0,0,0,0,0,0,0,0,1,0,1,2,2,2
1090,B1,1,1,1,1,0,0,0,0,0,0,0,0,0,1,0,1,10,69,16
1090,B2,2,0,1,20,0,0,0,0,0,0,0,0,0,1,0,1,1,7,1
1090,C1,20,2,2,0,0,0,0,0,0,0,0,0,0,1,0,2,1,4,1
1100,A1,1,18,0,2,0,0,0,0,0,0,0,0,0,1,0,2,0,0,0
1100,B0,0,2,19,1,0,0,0,0,0,0,0,0,0,1,0,1,2,2,2
1100,B1,2,2,1,1,0,0,0,0,0,0,0,0,0,1,0,2,10,69,16
1100,B2,1,0,3,20,0,0,0,0,0,0,0,0,0,1,0,1,1,7,1
1100,C1,19,1,2,0,0,0,0,0,0,0,0,0,0,1,0,2,1,4,1
1110,A1,1,18,0,2,0,0,0,0,0,0,0,0,0,0,1,2,0,0,0
1110,B0,0,1,19,4,0,0,0,0,0,0,0,0,0,0,1,1,2,2,2
1110,B1,1,1,1,1,0,0,0,0,1,0,0,0,0,0,1,1,11,83,16
1110,B2,1,0,2,20,0,0,0,0,0,0,0,0,0,0,1,1,1,7,1
1110,C1,19,1,1,0,0,0,0,0,0,0,0,1,0,0,1,2,1,4,1
1120,A1,3,19,0,1,0,0,0,0,0,0,0,0,0,0,1,2,0,0,0
1120,B0,0,2,16,1,0,0,0,0,0,0,0,0,0,0,1,1,2,2,2
1120,B1,1,1,2,2,0,0,0,0,0,0,0,0,0,0,1,1,11,89,17
1120,B2,1,0,2,19,0,0,0,0,0,0,0,0,0,0,1,1,1,7,1
1120,C1,19,3,1,0,0,0,0,0,0,0,0,0,0,0,1,2,1,4,1
1130,A1,2,20,0,2,0,0,0,0,0,0,0,0,0,1,0,2,0,0,0
1130,B0,0,3,15,2,0,0,0,0,0,0,0,0,0,1,0,1,2,2,2
1130,B1,1,3,3,3,0,0,0,0,0,0,0,0,0,1,0,1,11,89,17
1130,B2,1,0,1,19,0,0,0,0,0,0,0,0,0,1,0,1,1,7,1
1130,C1,20,5,1,0,0,0,0,0,0,0,0,0,0,1,0,2,1,4,1
1140,A1,2,19,0,1,0,0,0,0,0,0,0,0,0,1,0,2,0,0,0
1140,B0,0,1,16,3,0,0,0,0,0,0,0,0,0,1,0,1,2,2,2
1140,B1,4,2,3,1,0,0,0,0,0,0,0,0,0,1,0,2,11,89,17
1140,B2,1,0,3,19,0,0,0,0,0,0,0,0,0,1,0,1,1,7,1
1140,C1,20,2,2,0,0,0,0,0,0,0,0,0,0,1,0,2,1,4,1
1150,A1,2,18,0,1,0,0,0,0,0,0,0,0,0,0,1,2,0,0,0
1150,B0,0,1,20,4,0,0,0,0,0,0,0,0,0,0,1,1,2,2,2
1150,B1,4,2,3,1,0,0,0,0,0,0,0,0,0,0,1,2,11,89,17
1150,B2,1,0,5,20,0,0,0,1,0,0,0,0,0,0,1,1,2,9,1
1150,C1,19,1,2,0,0,0,0,0,0,0,0,0,0,0,1,2,1,4,1
1160,A1,3,19,0,1,0,0,0,0,0,0,0,0,0,0,1,2,0,0,0
1160,B0,0,2,20,3,0,0,0,0,0,0,0,0,0,0,1,1,2,2,2
1160,B1,4,2,2,5,0,0,0,0,0,0,0,0,0,0,1,1,11,89,17
1160,B2,2,0,3,20,0,0,0,0,0,0,0,0,0,0,1,1,2,11,2
1160,C1,20,2,1,0,0,0,0,0,0,0,0,0,0,0,1,2,1,4,1
1170,A1,3,20,0,1,0,0,0,0,0,0,0,0,0,0,1,2,0,0,0
1170,B0,0,3,18,1,0,0,0,0,0,0,0,0,0,0,1,1,2,2,2
1170,B1,4,2,3,3,0,0,0,0,0,0,0,0,0,0,1,1,11,89,17
1170,B2,2,0,1,17,0,0,0,0,0,0,0,0,0,0,1,1,2,11,2
1170,C1,20,3,1,0,0,0,0,0,0,0,0,0,0,0,1,2,1,4,1
1180,A1,1,20,0,2,0,0,0,0,0,0,0,0,0,1,0,2,0,0,0
1180,B0,0,2,19,2,0,0,0,0,0,0,0,0,0,1,0,1,2,2,2
1180,B1,4,2,3,3,0,0,0,0,0,0,0,0,0,1,0,1,11,89,17
1180,B2,2,0,2,20,0,0,0,0,0,0,0,0,0,1,0,1,2,11,2
1180,C1,20,2,1,0,0,0,0,0,0,0,0,0,0,1,0,2,1,4,1
1190,A1,1,17,0,1,0,0,0,0,0,0,0,0,0,1,0,2,0,0,0
1190,B0,0,1,19,1,0,0,0,0,0,0,0,0,0,1,0,1,2,2,2
1190,B1,2,2,3,3,0,0,0,0,0,0,0,0,0,1,0,1,11,89,17
1190,B2,3,0,3,20,0,0,0,0,0,0,0,0,0,1,0,1,2,11,2
1190,C1,19,1,2,0,0,0,0,0,0,0,0,0,0,1,0,2,1,4,1
1200,A1,2,17,0,1,0,0,0,0,0,0,0,0,0,0,1,2,0,0,0
1200,B0,0,3,19,1,0,0,0,0,0,0,0,0,0,0,1,1,2,2,2
1200,B1,2,2,1,1,0,0,0,0,0,0,0,0,0,0,1,2,13,93,23
1200,B2,3,0,2,20,0,0,0,0,0,0,0,0,0,0,1,1,2,11,2
1200,C1,19,1,1,0,0,0,0,0,0,0,0,0,0,0,1,2,1,4,1
1210,A1,3,18,0,1,0,0,0,0,0,0,0,0,0,0,1,2,0,0,0
1210,B0,0,2,18,1,0,0,0,0,0,0,0,0,0,0,1,1,2,2,2
1210,B1,2,2,2,2,0,0,0,0,0,0,0,0,0,0,1,1,13,93,23
1210,B2,5,0,5,18,0,0,0,0,0,0,0,0,0,0,1,1,2,11,2
1210,C1,19,1,3,0,0,0,0,0,0,0,0,0,0,0,1,2,1,4,1
1220,A1,4,20,0,1,0,0,0,0,0,0,0,0,0,1,0,2,0,0,0
1220,B0,0,4,17,1,0,0,0,0,0,0,0,0,0,1,0,1,2,2,2
1220,B1,3,1,2,2,0,0,0,0,0,0,0,0,0,1,0,1,13,93,23
1220,B2,5,0,1,15,0,0,0,0,0,0,0,0,0,1,0,1,2,11,2
1220,C1,20,2,1,0,0,0,0,0,0,0,0,0,0,1,0,2,1,4,1
1230,A1,1,20,0,2,0,0,0,0,0,0,0,0,0,1,0,2,0,0,0
1230,B0,0,1,18,1,0,0,0,0,0,0,0,0,0,1,0,1,2,2,2
1230,B1,3,2,2,2,0,0,0,0,0,0,0,0,0,1,0,2,13,93,23
1230,B2,3,0,2,16,0,0,0,0,0,0,0,0,0,1,0,1,2,11,2
1230,C1,18,1,1,0,0,0,0,0,0,0,0,0,0,1,0,2,1,4,1
1240,A1,3,20,0,1,0,0,0,0,0,0,0,0,0,1,0,2,0,0,0
1240,B0,0,1,20,3,0,0,0,0,0,0,0,0,0,1,0,1,2,2,2
1240,B1,3,4,2,1,0,0,0,0,0,0,0,0,0,1,0,2,13,93,23
1240,B2,2,0,3,19,0,0,0,0,0,0,0,0,0,1,0,1,2,11,2
1240,C1,14,2,2,0,0,0,0,0,0,0,0,0,0,1,0,2,1,4,1
1250,A1,1,20,0,3,0,0,0,0,0,0,0,0,0,0,1,2,0,0,0
1250,B0,0,1,20,3,0,0,0,0,0,0,0,0,0,0,1,1,2,2,2
1250,B1,3,4,1,2,0,0,0,0,0,0,0,0,0,0,1,2,13,93,23
1250,B2,2,0,3,20,0,0,0,0,0,0,0,0,0,0,1,1,2,11,2
1250,C1,15,2,3,0,0,0,0,0,0,0,0,0,0,0,1,2,1,4,1
1260,A1,2,20,0,1,0,0,0,0,0,0,0,0,0,0,1,2,0,0,0
1260,B0,0,2,20,4,0,0,0,0,0,0,0,0,0,0,1,1,2,2,2
1260,B1,3,4,2,4,0,0,0,0,0,0,0,0,0,0,1,2,13,93,23
1260,B2,2,0,1,17,0,0,0,0,0,0,0,0,0,0,1,1,2,11,2
1260,C1,18,2,1,0,0,0,0,0,0,0,0,0,0,0,1,2,1,4,1
1270,A1,2,20,0,1,0,0,0,0,0,0,0,0,0,1,0,2,0,0,0
1270,B0,0,1,20,1,0,0,0,0,0,0,0,0,0,1,0,1,2,2,2
1270,B1,4,4,1,3,0,0,0,0,0,0,0,0,0,1,0,2,13,93,23
1270,B2,1,0,2,17,0,0,0,0,0,0,0,0,0,1,0,1,2,11,2
1270,C1,20,1,2,0,0,0,0,0,0,0,0,0,0,1,0,2,1,4,1
1280,A1,2,19,0,2,0,0,0,0,0,0,0,0,0,1,0,2,0,0,0
1280,B0,0,1,20,3,0,0,0,0,0,0,0,0,0,1,0,1,2,2,2
1280,B1,3,3,1,3,0,0,0,0,0,0,0,0,0,1,0,2,13,93,23
1280,B2,1,0,5,18,0,0,0,0,0,0,0,0,0,1,0,1,2,11,2
1280,C1,20,1,2,0,0,0,0,0,0,0,0,0,0,1,0,2,1,4,1
1290,A1,1,19,0,1,0,0,0,0,0,0,0,0,0,0,1,2,0,0,0
1290,B0,0,2,20,2,0,0,0,0,0,0,0,0,0,0,1,1,2,2,2
1290,B1,1,1,1,4,0,0,0,0,0,0,0,0,0,0,1,1,13,93,23
1290,B2,1,0,5,20,0,0,0,0,0,0,0,0,0,0,1,1,2,11,2
1290,C1,20,1,4,0,0,0,0,0,0,0,0,0,0,0,1,2,1,4,1
1300,A1,1,19,0,3,0,0,0,0,0,0,0,0,0,0,1,2,0,0,0
1300,B0,0,4,18,1,0,0,0,0,0,0,0,0,0,0,1,1,2,2,2
1300,B1,2,2,2,1,0,0,0,0,0,0,0,0,0,0,1,2,13,93,23
1300,B2,1,0,1,20,0,0,0,0,0,0,0,0,0,0,1,1,2,11,2
1300,C1,20,2,1,0,0,0,0,0,0,0,0,0,0,0,1,2,1,4,1
1310,A1,4,20,0,4,0,0,0,0,0,0,0,0,0,0,1,2,0,0,0
1310,B0,0,4,16,2,0,0,0,0,0,0,0,0,0,0,1,1,2,2,2
1310,B1,2,2,1,1,0,0,0,0,0,0,0,0,0,0,1,2,13,93,23
1310,B2,1,0,1,19,0,0,0,0,0,0,0,0,0,0,1,1,2,11,2
1310,C1,20,3,1,0,0,0,0,0,0,0,0,0,0,0,1,2,1,4,1
1320,A1,2,20,0,4,0,0,0,0,0,0,0,0,0,1,0,2,0,0,0
1320,B0,0,1,17,2,0,0,0,0,0,0,0,0,0,1,0,1,2,2,2
1320,B1,4,2,1,1,0,0,0,0,0,0,0,0,0,1,0,2,13,93,23
1320,B2,1,0,2,20,0,0,0,0,0,0,0,0,0,1,0,1,2,11,2
1320,C1,20,1,1,0,0,0,0,0,0,0,0,0,0,1,0,2,1,4,1
1330,A1,3,19,0,5,0,0,0,0,0,0,0,0,0,1,0,2,0,0,0
1330,B0,0,1,19,2,0,0,0,0,0,0,0,0,0,1,0,1,2,2,2
1330,B1,3,1,1,1,0,0,0,0,0,0,0,0,0,1,0,2,13,93,23
1330,B2,1,0,4,20,0,0,0,0,0,0,0,0,0,1,0,1,2,11,2
1330,C1,18,3,2,0,0,0,0,0,0,0,0,0,0,1,0,2,1,4,1
1340,A1,1,19,0,2,0,0,0,0,0,0,0,0,0,0,1,2,0,0,0
1340,B0,0,1,20,2,0,0,0,0,0,0,0,0,0,0,1,1,2,2,2
1340,B1,2,1,2,1,0,0,0,0,0,0,0,0,0,0,1,1,13,93,23
1340,B2,1,0,3,20,0,0,0,0,0,0,0,0,0,0,1,1,2,11,2
1340,C1,19,1,1,0,0,0,0,0,0,0,0,0,0,0,1,2,1,4,1
1350,A1,2,19,0,2,0,0,0,0,0,0,0,0,0,0,1,2,0,0,0
1350,B0,0,1,20,1,0,0,0,0,0,0,0,0,0,0,1,1,2,2,2
1350,B1,2,1,1,3,0,0,0,0,0,0,0,0,0,0,1,1,13,93,23
1350,B2,3,0,1,19,0,0,0,0,0,0,0,0,0,0,1,1,2,11,2
1350,C1,19,2,2,0,0,0,0,0,0,0,0,0,0,0,1,2,1,4,1
1360,A1,1,20,0,1,0,0,0,0,0,0,0,0,0,1,0,2,0,0,0
1360,B0,0,2,20,2,0,0,0,0,0,0,0,0,0,1,0,1,2,2,2
1360,B1,3,1,1,3,0,0,0,0,0,0,0,0,0,1,0,1,13,93,23
1360,B2,2,0,1,19,0,0,0,0,0,0,0,0,0,1,0,1,2,11,2
1360,C1,20,3,1,0,0,0,0,0,0,0,0,0,0,1,0,2,1,4,1
1370,A1,1,17,0,1,0,0,0,0,0,0,0,0,0,1,0,2,0,0,0
1370,B0,0,1,20,1,0,0,0,0,0,0,0,0,0,1,0,1,2,2,2
1370,B1,1,2,1,3,0,0,0,0,0,0,0,0,0,1,0,1,13,93,23
1370,B2,1,0,4,19,0,0,0,0,0,0,0,0,0,1,0,1,2,11,2
1370,C1,20,1,2,0,0,0,0,0,0,0,0,0,0,1,0,2,1,4,1
1380,A1,1,14,0,2,0,0,0,0,0,0,0,0,0,0,1,2,0,0,0
1380,B0,0,2,20,2,0,0,0,0,0,0,0,0,0,0,1,1,2,2,2
1380,B1,1,1,1,3,0,0,0,0,0,0,0,0,0,0,1,1,13,93,23
1380,B2,1,0,4,19,0,0,0,0,0,0,0,0,0,0,1,1,2,11,2
1380,C1,19,3,2,0,0,0,0,0,0,0,0,0,0,0,1,2,1,4,1
1390,A1,3,16,0,2,0,0,0,0,0,0,0,0,0,0,1,2,0,0,0
1390,B0,0,1,17,3,0,0,0,0,0,0,0,0,0,0,1,1,2,2,2
1390,B1,1,2,3,2,0,0,0,0,0,0,0,0,0,0,1,1,13,93,23
1390,B2,1,0,2,19,0,0,0,0,0,0,0,0,0,0,1,1,2,11,2
1390,C1,20,6,2,0,0,0,0,0,0,0,0,0,0,0,1,2,1,4,1
1400,A1,2,19,0,1,0,0,0,0,0,0,0,0,0,0,1,2,0,0,0
1400,B0,0,1,16,2,0,0,0,0,0,0,0,0,0,0,1,1,2,2,2
1400,B1,1,2,4,1,0,0,0,0,0,0,0,0,0,0,1,1,13,93,23
1400,B2,1,0,1,18,0,0,0,0,0,0,0,0,0,0,1,1,2,11,2
1400,C1,20,4,2,0,0,0,0,0,0,0,0,0,0,0,1,2,1,4,1
1410,A1,1,20,0,2,0,0,0,0,0,0,0,0,0,1,0,2,0,0,0
1410,B0,0,1,18,1,0,0,0,0,0,0,0,0,0,1,0,1,2,2,2
1410,B1,2,1,3,1,0,0,0,0,0,0,0,0,0,1,0,1,13,93,23
1410,B2,2,0,2,19,0,0,0,0,0,0,0,0,0,1,0,1,2,11,2
1410,C1,20,4,3,0,0,0,0,0,0,0,0,0,0,1,0,2,1,4,1
1420,A1,3,19,0,2,0,0,0,0,0,0,0,0,0,1,0,2,0,0,0
1420,B0,0,1,20,2,0,0,0,0,0,0,0,0,0,1,0,1,2,2,2
1420,B1,2,2,3,1,0,0,0,0,0,0,0,0,0,1,0,1,13,93,23
1420,B2,2,0,3,19,0,0,0,0,0,0,0,0,0,1,0,1,2,11,2
1420,C1,20,1,3,0,0,0,0,0,0,0,0,0,0,1,0,2,1,4,1
1430,A1,2,19,0,1,0,0,0,0,0,0,0,0,0,0,1,2,0,0,0
1430,B0,0,5,20,2,0,0,0,0,0,0,0,0,0,0,1,1,2,2,2
1430,B1,1,2,2,1,0,0,0,0,0,0,0,0,0,0,1,1,14,95,24
1430,B2,1,0,1,19,0,0,0,0,0,0,0,0,0,0,1,1,2,11,2
1430,C1,20,1,1,0,0,0,0,0,0,0,0,0,0,0,1,2,1,4,1
1440,A1,4,19,0,1,0,0,0,0,0,0,0,0,0,0,1,2,0,0,0
1440,B0,0,5,20,2,0,0,0,0,0,0,0,0,0,0,1,1,2,2,2
1440,B1,1,2,1,2,0,0,0,0,0,0,0,0,0,0,1,1,14,95,24
1440,B2,1,0,2,19,0,0,0,0,0,0,0,0,0,0,1,1,2,11,2
1440,C1,20,1,1,0,0,0,0,0,0,0,0,0,0,0,1,2,1,4,1
1450,A1,5,20,0,3,0,0,0,0,0,0,0,0,0,1,0,2,0,0,0
1450,B0,0,4,20,3,0,0,0,0,0,0,0,0,0,1,0,1,2,2,2
1450,B1,1,2,1,1,0,0,0,0,0,0,0,0,0,1,0,2,14,95,24
1450,B2,2,0,1,19,0,0,0,0,0,0,0,0,0,1,0,1,2,11,2
1450,C1,20,2,1,0,0,0,0,0,0,0,0,0,0,1,0,2,1,4,1
1460,A1,1,20,0,3,0,0,0,0,0,0,0,0,0,1,0,2,0,0,0
1460,B0,0,2,20,3,0,0,0,0,0,0,0,0,0,1,0,1,2,2,2
1460,B1,1,1,1,1,0,0,0,0,0,0,0,0,0,1,0,1,14,95,24
1460,B2,2,0,2,19,0,0,0,0,0,0,0,0,0,1,0,1,2,11,2
1460,C1,20,3,1,0,0,0,0,0,0,0,0,0,0,1,0,2,1,4,1
1470,A1,1,19,0,5,0,0,0,0,0,0,0,0,0,1,0,2,0,0,0
1470,B0,0,1,20,4,0,0,0,0,0,0,0,0,0,1,0,1,2,2,2
1470,B1,1,1,1,1,0,0,0,0,0,0,0,0,0,1,0,1,14,95,24
1470,B2,1,0,3,20,0,0,0,0,0,0,0,0,0,1,0,1,2,11,2
1470,C1,19,2,1,0,0,0,0,0,0,0,0,0,0,1,0,2,1,4,1
1480,A1,1,20,0,2,0,0,0,0,0,0,0,0,0,0,1,2,0,0,0
1480,B0,0,2,20,2,0,0,0,0,0,0,0,0,0,0,1,1,2,2,2
1480,B1,1,1,2,1,0,0,0,0,0,0,0,0,0,0,1,1,14,95,24
1480,B2,2,0,1,21,0,0,0,0,0,0,0,0,0,0,1,1,2,11,2
1480,C1,19,2,2,0,0,0,0,0,0,0,0,0,0,0,1,2,1,4,1
1490,A1,4,20,0,1,0,0,0,0,0,0,0,0,0,0,1,2,0,0,0
1490,B0,0,2,20,2,0,0,0,0,0,0,0,0,0,0,1,1,2,2,2
1490,B1,1,1,2,1,0,0,0,0,0,0,0,0,0,0,1,1,14,95,24
1490,B2,3,0,2,18,0,0,0,0,0,0,0,0,0,0,1,1,2,11,2
1490,C1,20,2,3,0,0,0,0,0,0,0,0,0,0,0,1,2,1,4,1
1500,A1,4,20,0,1,0,0,0,0,0,0,0,0,0,1,0,2,0,0,0
1500,B0,0,1,20,2,0,0,0,0,0,0,0,0,0,1,0,1,2,2,2
1500,B1,1,1,1,1,0,0,0,0,0,0,0,0,0,1,0,1,15,99,25
1500,B2,1,0,1,17,0,0,0,0,0,0,0,0,0,1,0,1,2,11,2
1500,C1,20,1,3,0,0,0,0,0,0,0,0,0,0,1,0,2,1,4,1
1510,A1,2,20,0,2,0,0,0,0,0,0,0,0,0,1,0,2,0,0,0
1510,B0,0,2,20,1,0,0,0,0,0,0,0,0,0,1,0,1,2,2,2
1510,B1,1,3,1,1,0,0,0,0,0,0,0,0,0,1,0,2,15,99,25
1510,B2,1,0,2,18,0,0,0,0,0,0,0,0,0,1,0,1,2,11,2
1510,C1,19,2,3,0,0,0,0,0,0,0,0,0,0,1,0,2,1,4,1
1520,A1,5,20,0,2,0,0,0,0,0,0,0,0,0,0,1,2,1,1,1
1520,B0,0,2,20,2,0,0,0,0,0,0,0,0,0,0,1,1,2,2,2
1520,B1,1,2,1,3,0,0,0,0,0,0,0,0,0,0,1,1,15,99,25
1520,B2,1,0,2,20,0,0,0,0,0,0,0,0,0,0,1,1,2,11,2
1520,C1,19,1,4,0,0,0,0,0,0,0,0,0,0,0,1,2,1,4,1
1530,A1,5,20,0,2,0,0,0,0,0,0,0,0,0,0,1,2,1,1,1
1530,B0,0,2,20,1,0,0,0,0,0,0,0,0,0,0,1,1,2,2,2
1530,B1,1,2,1,3,0,0,0,0,0,0,0,0,0,0,1,1,15,99,25
1530,B2,3,0,2,20,0,0,0,0,0,0,0,0,0,0,1,1,2,11,2
1530,C1,19,2,2,0,0,0,0,0,0,0,0,0,0,0,1,2,1,4,1
1540,A1,6,20,0,1,0,0,0,0,0,0,0,0,0,0,1,2,1,1,1
1540,B0,0,3,18,1,0,0,0,0,0,0,0,0,0,0,1,1,2,2,2
1540,B1,1,2,1,3,0,0,0,0,0,0,0,0,0,0,1,1,15,99,25
1540,B2,3,0,1,18,0,0,0,0,0,0,0,0,0,0,1,1,2,11,2
1540,C1,20,4,1,0,0,0,0,0,0,0,0,0,0,0,1,2,1,4,1
1550,A1,4,20,0,4,0,0,0,0,0,0,0,0,0,1,0,2,1,1,1
1550,B0,0,1,19,4,0,0,0,0,0,0,1,0,0,1,0,1,2,2,2
1550,B1,1,2,1,3,0,1,0,0,0,0,0,0,0,1,0,2,16,119,25
1550,B2,1,0,2,18,0,0,0,0,0,0,0,0,0,1,0,1,2,11,2
1550,C1,20,1,1,0,0,0,0,0,0,0,0,0,0,1,0,2,1,4,1
1560,A1,2,20,0,5,0,0,0,0,0,0,0,0,0,1,0,2,1,1,1
1560,B0,0,1,19,1,0,0,0,0,0,0,0,0,0,1,0,1,2,2,2
1560,B1,1,1,1,3,0,0,0,0,0,0,0,0,0,1,0,1,16,129,26
1560,B2,1,0,5,20,0,0,0,0,0,0,0,0,0,1,0,1,2,11,2
1560,C1,18,2,1,0,0,0,0,0,0,0,0,0,0,1,0,2,1,4,1
1570,A1,3,20,0,3,0,0,0,0,0,0,0,0,0,0,1,2,1,1,1
1570,B0,0,2,19,2,0,0,0,0,0,0,0,0,0,0,1,1,2,2,2
1570,B1,1,3,2,1,0,0,0,0,0,0,0,0,0,0,1,2,17,131,27
1570,B2,1,0,3,20,0,0,0,0,0,0,0,0,0,0,1,1,2,11,2
1570,C1,19,1,1,0,0,0,0,0,0,0,0,0,0,0,1,2,1,4,1
1580,A1,4,20,0,1,0,0,0,0,0,0,0,0,0,0,1,2,1,1,1
1580,B0,0,3,15,1,0,0,0,0,0,0,0,0,0,0,1,1,2,2,2
1580,B1,1,3,1,1,0,0,0,0,0,0,0,0,0,0,1,2,17,131,27
1580,B2,1,0,4,19,0,0,0,0,0,0,0,0,0,0,1,1,2,11,2
1580,C1,19,2,1,0,0,0,0,0,0,0,0,0,0,0,1,2,1,4,1
1590,A1,5,20,0,3,0,0,0,0,0,0,0,0,0,1,0,2,1,1,1
1590,B0,0,3,14,2,0,0,0,0,0,0,0,0,0,1,0,1,2,2,2
1590,B1,2,2,1,3,0,0,0,0,0,0,1,0,0,1,0,1,18,134,30
1590,B2,1,0,3,18,0,1,0,0,0,0,0,0,0,1,0,2,3,18,2
1590,C1,20,3,1,0,0,0,0,0,0,0,0,0,0,1,0,2,1,4,1
1600,A1,2,20,0,4,0,0,0,0,0,0,0,0,0,1,0,2,1,1,1
1600,B0,0,1,16,1,0,0,0,0,0,0,0,0,0,1,0,1,2,2,2
1600,B1,4,3,2,1,0,0,0,0,0,0,1,0,0,1,0,2,18,134,30
1600,B2,1,0,2,19,0,1,0,0,0,0,0,0,0,1,0,2,3,38,2
1600,C1,20,1,1,0,0,0,0,0,0,0,0,0,0,1,0,2,1,4,1
1610,A1,2,19,0,4,0,0,0,0,0,0,0,0,0,0,1,2,1,1,1
1610,B0,0,1,20,3,0,0,0,0,0,0,0,0,0,0,1,1,2,2,2
1610,B1,4,1,3,1,0,0,0,0,0,0,0,0,0,0,1,2,18,134,30
1610,B2,1,0,4,19,0,0,0,0,0,0,0,0,0,0,1,1,3,55,3
1610,C1,18,1,2,0,0,0,0,0,0,0,0,0,0,0,1,2,1,4,1
1620,A1,1,20,0,1,0,0,0,0,0,0,0,0,0,0,1,2,1,1,1
1620,B0,0,1,19,3,0,0,0,0,0,0,0,0,0,0,1,1,2,2,2
1620,B1,4,1,2,2,0,0,0,0,0,0,0,0,0,0,1,2,18,134,30
1620,B2,2,0,3,19,0,0,0,0,0,0,0,0,0,0,1,1,3,55,3
1620,C1,19,1,1,0,0,0,0,0,0,0,0,0,0,0,1,2,1,4,1
1630,A1,1,20,0,1,0,0,0,0,0,0,0,0,0,0,1,2,1,1,1
1630,B0,0,2,16,1,0,0,0,0,0,0,0,0,0,0,1,1,2,2,2
1630,B1,4,1,4,3,0,0,0,0,0,0,0,0,0,0,1,1,18,134,30
1630,B2,2,0,1,20,0,0,0,0,0,0,0,0,0,0,1,1,3,55,3
1630,C1,20,3,2,0,0,0,0,0,0,0,0,0,0,0,1,2,1,4,1
1640,A1,1,19,0,1,0,0,0,0,0,0,0,0,0,1,0,2,1,1,1
1640,B0,0,1,17,1,0,0,0,0,0,0,0,0,0,1,0,1,2,2,2
1640,B1,5,1,4,2,0,0,0,0,0,0,0,0,0,1,0,1,18,134,30
1640,B2,1,0,1,20,0,0,0,0,0,0,0,0,0,1,0,1,3,55,3
1640,C1,20,1,5,0,0,0,0,0,0,0,0,0,0,1,0,2,1,4,1
1650,A1,1,18,0,2,0,0,0,0,0,0,0,0,0,1,0,2,1,1,1
1650,B0,0,1,19,1,0,0,0,0,0,0,0,0,0,1,0,1,2,2,2
1650,B1,9,1,4,2,0,0,0,0,0,0,0,0,0,1,0,2,18,134,30
1650,B2,2,0,2,20,0,0,0,0,0,0,0,0,0,1,0,1,3,55,3
1650,C1,19,1,5,0,0,0,0,0,0,0,0,0,0,1,0,2,1,4,1
1660,A1,1,18,0,1,0,0,0,0,0,0,0,0,0,0,1,2,1,1,1
1660,B0,0,1,20,2,0,0,0,0,0,0,0,0,0,0,1,1,2,2,2
1660,B1,6,1,4,1,0,0,0,0,0,0,0,0,0,0,1,2,18,134,30
1660,B2,1,0,3,20,0,0,0,0,0,0,0,0,0,0,1,1,3,55,3
1660,C1,19,1,3,0,0,0,0,0,0,0,0,0,0,0,1,2,1,4,1
1670,A1,1,19,0,1,0,0,0,0,0,0,0,0,0,0,1,2,1,1,1
1670,B0,0,4,20,3,0,0,0,0,0,0,0,0,0,0,1,1,2,2,2
1670,B1,6,1,2,1,0,0,0,0,0,0,0,0,0,0,1,2,18,134,30
1670,B2,2,0,1,20,0,0,0,0,0,0,0,0,0,0,1,1,3,55,3
1670,C1,19,4,1,0,0,0,0,0,0,0,0,0,0,0,1,2,1,4,1
1680,A1,1,20,0,2,0,0,0,0,0,0,0,0,0,1,0,2,1,1,1
1680,B0,0,4,20,3,0,0,0,0,0,0,0,0,0,1,0,1,2,2,2
1680,B1,7,2,2,2,0,0,1,0,0,0,0,0,0,1,0,2,19,138,30
1680,B2,3,0,3,19,0,0,0,0,0,1,0,0,0,1,0,1,3,55,3
1680,C1,20,2,1,0,0,0,0,0,0,0,0,0,0,1,0,2,1,4,1
1690,A1,1,18,0,2,0,0,0,0,0,0,0,0,0,1,0,2,1,1,1
1690,B0,0,1,20,2,0,0,0,0,0,0,0,0,0,1,0,1,2,2,2
1690,B1,5,3,1,2,0,0,0,0,0,0,0,0,0,1,0,2,19,138,31
1690,B2,1,0,3,20,0,0,0,0,0,0,0,0,0,1,0,1,3,55,3
1690,C1,20,2,2,0,0,0,0,0,0,0,0,0,0,1,0,2,1,4,1
1700,A1,2,16,0,2,0,0,0,0,0,0,0,0,0,1,0,2,1,1,1
1700,B0,0,1,20,3,0,0,0,0,0,0,0,0,0,1,0,1,2,2,2
1700,B1,4,1,1,1,0,0,0,0,0,0,0,0,0,1,0,2,19,138,31
1700,B2,1,0,3,20,0,0,0,0,0,0,0,0,0,1,0,1,3,55,3
1700,C1,20,2,2,0,0,0,0,0,0,0,0,0,0,1,0,2,1,4,1
1710,A1,3,16,0,2,0,0,0,0,0,0,0,0,0,0,1,2,1,1,1
1710,B0,0,1,20,3,0,0,0,0,0,0,0,0,0,0,1,1,2,2,2
1710,B1,4,2,1,1,0,0,0,0,0,0,0,0,0,0,1,2,19,138,31
1710,B2,3,0,2,20,0,0,0,0,0,0,0,0,0,0,1,1,3,55,3
1710,C1,20,3,2,0,0,0,0,0,0,0,0,0,0,0,1,2,1,4,1
1720,A1,4,19,0,2,0,0,0,0,0,0,0,0,0,0,1,2,1,1,1
1720,B0,0,2,16,1,0,0,0,0,0,0,0,0,0,0,1,1,2,2,2
1720,B1,4,2,2,1,0,0,0,0,0,0,0,0,0,0,1,2,19,138,31
1720,B2,3,0,3,20,0,0,0,0,0,0,0,0,0,0,1,1,3,55,3
1720,C1,20,2,1,0,0,0,0,0,0,0,0,0,0,0,1,2,1,4,1
1730,A1,3,20,0,1,0,0,0,0,0,0,0,0,0,1,0,2,1,1,1
1730,B0,0,1,16,3,0,0,0,0,0,0,0,0,0,1,0,1,2,2,2
1730,B1,4,1,2,1,0,0,0,0,0,0,0,0,0,1,0,2,19,138,31
1730,B2,1,0,3,19,0,0,0,0,0,0,0,0,0,1,0,1,3,55,3
1730,C1,20,3,1,0,0,0,0,0,0,0,0,0,0,1,0,2,1,4,1
1740,A1,3,20,0,1,0,0,0,0,0,0,0,0,0,1,0,2,1,1,1
1740,B0,0,1,18,4,0,0,0,0,0,0,0,0,0,1,0,1,2,2,2
1740,B1,4,1,2,1,0,0,0,0,0,0,0,0,0,1,0,2,19,138,31
1740,B2,1,0,1,20,0,0,0,0,0,0,0,0,0,1,0,1,3,55,3
1740,C1,17,3,1,0,0,0,0,0,0,0,0,0,0,1,0,2,1,4,1
1750,A1,1,19,0,2,0,0,0,0,0,0,0,0,0,0,1,2,1,1,1
1750,B0,0,2,20,5,0,0,0,0,0,0,0,0,0,0,1,1,2,2,2
1750,B1,3,1,1,1,0,0,0,0,0,0,0,0,0,0,1,2,20,139,32
1750,B2,2,0,1,20,0,0,0,0,0,0,0,0,0,0,1,1,3,55,3
1750,C1,15,2,1,0,0,0,0,0,0,0,0,0,0,0,1,2,1,4,1
1760,A1,3,19,0,1,0,0,0,0,0,0,0,0,0,0,1,2,1,1,1
1760,B0,0,2,20,1,0,0,0,0,0,0,0,0,0,0,1,1,2,2,2
1760,B1,3,1,2,2,0,0,0,0,0,0,0,0,0,0,1,1,20,139,32
1760,B2,2,0,1,18,0,0,0,0,0,0,0,0,0,0,1,1,3,55,3
1760,C1,17,3,2,0,0,0,0,0,0,0,0,0,0,0,1,2,1,4,1
1770,A1,3,19,0,3,0,0,0,0,0,0,0,0,0,0,1,2,1,1,1
1770,B0,0,2,18,2,0,0,0,0,0,0,0,0,0,0,1,1,2,2,2
1770,B1,3,2,3,1,0,0,0,0,0,0,0,0,0,0,1,2,20,139,32
1770,B2,3,0,2,18,0,0,0,0,0,0,0,0,0,0,1,1,3,55,3
1770,C1,20,5,2,0,0,0,0,0,0,0,0,0,0,0,1,2,1,4,1
1780,A1,1,21,0,1,0,0,0,0,0,0,0,0,0,1,0,2,1,1,1
1780,B0,0,1,19,1,0,0,0,0,0,0,0,0,0,1,0,1,2,2,2
1780,B1,1,3,1,1,0,0,0,0,0,0,0,0,0,1,0,2,21,140,33
1780,B2,1,0,1,20,0,0,0,0,0,0,0,0,0,1,0,1,3,55,3
1780,C1,20,2,3,0,0,0,0,0,0,0,0,0,0,1,0,2,1,4,1
1790,A1,1,19,0,1,0,0,0,0,0,0,0,0,0,1,0,2,1,1,1
1790,B0,0,1,19,2,0,0,0,0,0,0,0,0,0,1,0,1,2,2,2
1790,B1,1,2,1,1,0,0,0,0,0,0,0,0,0,1,0,2,21,140,33
1790,B2,1,0,3,20,0,0,0,0,0,0,0,0,0,1,0,1,3,55,3
1790,C1,19,3,3,0,0,0,0,0,0,0,0,0,0,1,0,2,1,4,1
1800,A1,2,19,0,1,0,0,0,0,0,0,0,0,0,0,1,2,1,1,1
1800,B0,0,1,20,2,0,0,0,0,0,0,0,0,0,0,1,1,2,2,2
1800,B1,2,1,2,2,0,0,0,0,0,0,0,0,0,0,1,1,21,140,33
1800,B2,2,0,1,20,0,0,0,0,0,0,0,0,0,0,1,1,3,55,3
1800,C1,20,2,1,0,0,0,0,0,0,0,0,0,0,0,1,2,1,4,1
1810,A1,2,19,0,1,0,0,0,0,0,0,0,0,0,0,1,2,1,1,1
1810,B0,0,2,19,1,0,0,0,0,0,0,0,0,0,0,1,1,2,2,2
1810,B1,2,1,1,2,0,0,0,0,0,0,0,0,0,0,1,1,21,140,33
1810,B2,3,0,2,19,0,0,0,0,0,0,0,0,0,0,1,1,3,55,3
1810,C1,20,3,1,0,0,0,0,0,0,0,0,0,0,0,1,2,1,4,1
1820,A1,5,20,0,2,0,0,0,0,0,0,0,0,0,1,0,2,1,1,1
1820,B0,0,2,18,1,0,0,0,0,0,0,0,0,0,1,0,1,2,2,2
1820,B1,2,1,2,1,0,0,0,0,0,0,0,0,0,1,0,1,21,140,33
1820,B2,4,0,2,19,0,0,0,0,0,0,0,0,0,1,0,1,3,55,3
1820,C1,20,3,1,0,0,0,0,0,0,0,0,0,0,1,0,2,1,4,1
1830,A1,2,20,0,2,0,0,0,0,0,0,0,0,0,1,0,2,1,1,1
1830,B0,0,1,18,2,0,0,0,0,0,0,0,0,0,1,0,1,2,2,2
1830,B1,1,3,2,1,0,0,0,0,0,0,0,0,0,1,0,2,21,140,33
1830,B2,1,0,2,19,0,0,0,0,0,0,0,0,0,1,0,1,3,55,3
1830,C1,19,1,2,0,0,0,0,0,0,0,0,0,0,1,0,2,1,4,1
1840,A1,1,19,0,2,0,0,0,0,0,0,0,0,0,0,1,2,1,1,1
1840,B0,0,1,20,4,0,0,0,0,0,0,0,0,0,0,1,1,2,2,2
1840,B1,3,3,3,1,0,0,0,0,0,0,0,0,0,0,1,2,21,140,33
1840,B2,1,0,3,20,0,0,0,0,0,0,0,0,0,0,1,1,3,55,3
1840,C1,16,1,3,0,0,0,0,0,0,0,0,0,0,0,1,2,1,4,1
1850,A1,1,20,0,2,0,0,0,0,0,0,0,0,0,0,1,2,1,1,1
1850,B0,0,2,20,3,0,0,0,0,0,0,0,0,0,0,1,1,2,2,2
1850,B1,1,3,2,1,0,0,0,0,0,0,0,0,0,0,1,2,21,140,33
1850,B2,3,0,1,19,0,0,0,0,0,0,0,0,0,0,1,1,3,55,3
1850,C1,17,4,1,0,0,0,0,0,0,0,0,0,0,0,1,2,1,4,1
1860,A1,2,20,0,1,0,0,0,0,0,0,0,0,0,0,1,2,1,1,1
1860,B0,0,2,16,1,0,0,0,0,0,0,0,0,0,0,1,1,2,2,2
1860,B1,1,4,1,2,0,0,0,0,0,0,0,0,0,0,1,2,21,140,33
1860,B2,4,0,2,16,0,0,0,0,0,0,0,0,0,0,1,1,3,55,3
1860,C1,19,1,1,0,0,0,0,0,0,0,0,0,0,0,1,2,1,4,1
1870,A1,1,19,0,1,0,0,0,0,0,0,0,0,0,1,0,2,1,1,1
1870,B0,0,3,17,4,0,0,0,0,0,0,0,0,0,1,0,1,2,2,2
1870,B1,2,3,2,1,0,0,0,0,0,0,0,0,0,1,0,2,21,140,33
1870,B2,3,0,2,17,0,0,0,0,0,0,0,0,0,1,0,1,3,55,3
1870,C1,20,2,2,0,0,0,0,0,0,0,0,0,0,1,0,2,1,4,1
1880,A1,1,17,0,1,0,0,0,0,0,0,0,0,0,1,0,2,1,1,1
1880,B0,0,1,18,3,0,0,0,0,0,0,0,0,0,1,0,1,2,2,2
1880,B1,3,2,1,1,0,0,0,0,0,0,0,0,0,1,0,2,21,140,33
1880,B2,4,0,3,19,0,0,0,0,0,0,0,0,0,1,0,1,3,55,3
1880,C1,20,2,2,0,0,0,0,0,0,0,0,0,0,1,0,2,1,4,1
1890,A1,2,17,0,1,0,0,0,0,0,0,0,0,0,0,1,2,1,1,1
1890,B0,0,1,20,3,0,0,0,0,0,0,0,0,0,0,1,1,2,2,2
1890,B1,3,3,1,1,0,0,0,0,0,0,0,0,0,0,1,2,21,140,33
1890,B2,4,0,1,20,0,0,0,0,0,0,0,0,0,0,1,1,3,55,3
1890,C1,19,2,2,0,0,0,0,0,0,0,0,0,0,0,1,2,2,9,2
1900,A1,4,19,0,1,0,0,0,0,0,0,0,0,0,0,1,2,1,1,1
1900,B0,0,3,20,2,0,0,0,0,0,0,0,0,0,0,1,1,2,2,2
1900,B1,3,3,1,1,0,0,0,0,0,0,0,0,0,0,1,2,21,140,33
1900,B2,4,0,2,19,0,0,0,0,0,0,0,0,0,0,1,1,3,55,3
1900,C1,19,2,1,0,0,0,0,0,0,0,0,0,0,0,1,2,2,9,2
1910,A1,4,20,0,1,0,0,0,0,0,0,0,0,0,1,0,2,1,1,1
1910,B0,0,3,19,2,0,0,0,0,0,0,0,0,0,1,0,1,2,2,2
1910,B1,2,2,2,1,0,0,0,0,0,0,0,0,0,1,0,2,21,140,33
1910,B2,4,0,2,18,0,0,0,0,0,0,0,0,0,1,0,1,3,55,3
1910,C1,20,3,2,0,0,0,0,0,0,0,0,0,0,1,0,2,2,9,2
1920,A1,1,20,0,1,0,0,0,0,0,0,0,0,0,1,0,2,1,1,1
1920,B0,0,1,20,2,0,0,0,0,0,0,0,0,0,1,0,1,2,2,2
1920,B1,2,2,1,1,0,0,0,0,0,0,0,0,0,1,0,2,21,140,33
1920,B2,1,0,3,19,0,0,0,0,0,0,0,0,0,1,0,1,3,55,3
1920,C1,20,2,2,0,0,0,0,0,0,0,0,0,0,1,0,2,2,9,2
1930,A1,3,19,0,1,0,0,0,0,0,0,0,0,0,1,0,2,1,1,1
1930,B0,0,1,20,3,0,0,0,0,0,0,0,0,0,1,0,1,2,2,2
1930,B1,1,2,1,1,0,0,0,0,0,0,0,0,0,1,0,2,21,140,33
1930,B2,3,0,4,20,0,0,0,0,0,0,0,0,0,1,0,1,3,55,3
1930,C1,19,1,2,0,0,0,0,0,0,0,0,0,0,1,0,2,2,9,2
1940,A1,1,20,0,1,0,0,0,0,0,0,0,0,0,0,1,2,1,1,1
1940,B0,0,4,20,1,0,0,0,0,0,0,0,0,0,0,1,1,2,2,2
1940,B1,1,2,1,1,0,0,0,0,0,0,0,0,0,0,1,2,22,142,34
1940,B2,5,0,2,20,0,0,0,0,0,0,0,0,0,0,1,1,3,55,3
1940,C1,19,1,2,0,0,0,0,0,0,0,0,0,0,0,1,2,2,9,2
1950,A1,2,20,0,1,0,0,0,0,0,0,0,0,0,0,1,2,1,1,1
1950,B0,0,5,17,1,0,0,0,0,0,0,0,0,0,0,1,1,2,2,2
1950,B1,1,2,1,2,0,0,0,0,0,0,0,0,0,0,1,1,22,142,34
1950,B2,5,0,1,19,0,0,0,0,0,0,0,0,0,0,1,1,3,55,3
1950,C1,20,2,1,0,0,0,0,0,0,0,0,0,0,0,1,2,2,9,2
1960,A1,2,20,0,1,0,0,0,0,0,0,0,0,0,1,0,2,1,1,1
1960,B0,0,3,17,1,0,0,0,0,0,0,0,0,0,1,0,1,2,2,2
1960,B1,1,1,1,2,0,0,0,0,0,0,0,0,0,1,0,1,23,152,36
1960,B2,3,0,1,19,0,0,0,0,0,0,0,0,0,1,0,1,3,55,3
1960,C1,20,1,2,0,0,0,0,0,0,0,0,0,0,1,0,2,2,9,2
1970,A1,1,20,0,1,0,0,0,0,0,0,0,0,0,1,0,2,1,1,1
1970,B0,0,1,18,2,0,0,0,0,0,0,0,0,0,1,0,1,2,2,2
1970,B1,1,2,2,2,0,0,0,0,0,0,0,0,0,1,0,1,23,152,36
1970,B2,1,0,2,19,0,0,0,0,0,0,0,0,0,1,0,1,3,55,3
1970,C1,19,1,2,0,0,0,0,0,0,0,0,0,0,1,0,2,2,9,2
1980,A1,2,20,0,2,0,0,0,0,0,0,0,0,0,0,1,2,1,1,1
1980,B0,0,1,20,2,0,0,0,0,0,0,0,0,0,0,1,1,2,2,2
1980,B1,2,2,2,3,0,0,0,0,1,0,0,0,0,0,1,1,24,158,36
1980,B2,2,0,2,19,0,0,0,0,0,0,0,0,0,0,1,1,3,55,3
1980,C1,17,2,1,0,0,0,0,0,0,0,0,1,0,0,1,2,2,9,2
1990,A1,3,20,0,2,0,0,0,0,0,0,0,0,0,0,1,2,1,1,1
1990,B0,0,1,20,2,0,0,0,0,0,0,0,0,0,0,1,1,2,2,2
1990,B1,2,2,2,3,0,0,0,0,0,0,0,0,0,0,1,1,24,160,38
1990,B2,2,0,1,20,0,0,0,0,0,0,0,0,0,0,1,1,3,55,3
1990,C1,18,1,1,0,0,0,0,0,0,0,0,0,0,0,1,2,2,9,2
2000,A1,5,20,0,1,0,0,0,0,0,0,0,0,0,0,1,2,1,1,1
2000,B0,0,1,19,1,0,0,0,0,0,0,0,0,0,0,1,1,2,2,2
2000,B1,2,2,2,1,0,0,0,0,0,0,0,0,0,0,1,2,24,160,38
2000,B2,2,0,2,18,0,0,0,0,0,0,0,0,0,0,1,1,3,55,3
2000,C1,20,3,1,0,0,0,0,0,0,0,0,0,0,0,1,2,2,9,2
2010,A1,3,20,0,1,0,0,0,0,0,0,0,0,0,1,0,2,1,1,1
2010,B0,0,1,20,2,0,0,0,0,0,0,0,0,0,1,0,1,2,2,2
2010,B1,1,2,2,2,0,0,0,0,0,0,0,0,0,1,0,1,24,160,38
2010,B2,1,0,1,19,0,0,0,0,0,0,0,0,0,1,0,1,3,55,3
2010,C1,20,1,1,0,0,0,0,0,0,0,0,0,0,1,0,2,2,9,2
2020,A1,2,20,0,2,0,0,0,0,0,0,0,0,0,1,0,2,1,1,1
2020,B0,0,1,20,4,0,0,0,0,0,0,0,0,0,1,0,1,2,2,2
2020,B1,2,3,2,2,0,0,0,0,0,0,0,0,0,1,0,2,24,160,38
2020,B2,1,0,2,19,0,0,0,0,0,0,0,0,0,1,0,1,3,55,3
2020,C1,20,1,1,0,0,0,0,0,0,0,0,0,0,1,0,2,2,9,2
2030,A1,2,20,0,2,0,0,0,0,0,0,0,0,0,0,1,2,1,1,1
2030,B0,0,1,20,1,0,0,0,0,0,0,0,0,0,0,1,1,2,2,2
2030,B1,1,2,3,4,0,0,0,0,0,0,0,0,0,0,1,1,24,160,38
2030,B2,3,0,1,20,0,0,0,0,0,0,0,0,0,0,1,1,3,55,3
2030,C1,20,1,1,0,0,0,0,0,0,0,0,0,0,0,1,2,2,9,2
2040,A1,3,20,0,1,0,0,0,0,0,0,0,0,0,0,1,2,1,1,1
2040,B0,0,2,18,1,0,0,0,0,0,0,0,0,0,0,1,1,2,2,2
2040,B1,1,2,1,4,0,0,0,0,0,0,0,0,0,0,1,1,24,160,38
2040,B2,4,0,2,20,0,0,0,0,0,0,0,0,0,0,1,1,3,55,3
2040,C1,20,3,2,0,0,0,0,0,0,0,0,0,0,0,1,2,2,9,2
2050,A1,2,20,0,1,0,0,0,0,0,0,0,0,0,1,0,2,1,1,1
2050,B0,0,2,17,1,0,0,0,0,0,0,0,0,0,1,0,1,2,2,2
2050,B1,1,1,2,2,0,0,0,0,0,0,0,0,0,1,0,1,25,164,39
2050,B2,3,0,2,20,0,0,0,0,0,0,0,0,0,1,0,1,3,55,3
2050,C1,20,3,2,0,0,0,0,0,0,0,0,0,0,1,0,2,2,9,2
2060,A1,1,19,0,1,0,0,0,0,0,0,0,0,0,1,0,2,1,1,1
2060,B0,0,2,17,5,0,0,0,0,0,0,0,0,0,1,0,1,2,2,2
2060,B1,2,2,2,2,0,0,0,0,0,0,0,0,0,1,0,1,25,164,39
2060,B2,1,0,2,20,0,0,0,0,0,0,0,0,0,1,0,1,3,55,3
2060,C1,19,1,3,0,0,0,0,0,0,0,0,0,0,1,0,2,2,9,2
2070,A1,1,18,0,2,0,0,0,0,0,0,0,0,1,0,1,2,1,1,1
2070,B0,0,1,20,7,0,0,0,0,0,0,0,0,0,0,1,1,2,2,2
2070,B1,2,1,3,2,0,0,0,2,0,0,0,0,0,0,1,1,26,166,39
2070,B2,1,0,3,20,0,0,0,0,0,0,0,0,0,0,1,1,3,55,3
2070,C1,18,1,4,0,0,0,0,0,0,0,0,0,0,0,1,2,2,9,2
2080,A1,2,19,0,2,0,0,0,0,0,0,0,0,0,0,1,2,1,1,1
2080,B0,0,2,20,1,0,0,0,0,0,0,0,0,0,0,1,1,2,2,2
2080,B1,2,1,2,1,0,0,0,0,0,0,0,0,0,0,1,1,26,172,41
2080,B2,1,0,3,19,0,0,0,0,0,0,0,0,0,0,1,1,3,55,3
2080,C1,19,2,2,0,0,0,0,0,0,0,0,0,0,0,1,2,2,9,2
2090,A1,4,19,0,1,0,0,0,0,0,0,0,0,0,0,1,2,1,1,1
2090,B0,0,2,18,1,0,0,0,0,0,0,0,0,0,0,1,1,2,2,2
2090,B1,2,1,1,1,0,0,0,0,0,0,0,0,0,0,1,2,26,172,41
2090,B2,1,0,2,20,0,0,0,0,0,0,0,0,0,0,1,1,3,55,3
2090,C1,20,1,1,0,0,0,0,0,0,0,0,0,0,0,1,2,2,9,2
2100,A1,2,19,0,2,0,0,0,0,0,0,0,0,0,1,0,2,1,1,1
2100,B0,0,2,19,1,0,0,0,0,0,0,0,0,0,1,0,1,2,2,2
2100,B1,2,1,2,1,0,0,0,0,0,0,0,0,0,1,0,1,26,172,41
2100,B2,1,0,1,19,0,0,0,0,0,0,0,0,0,1,0,1,4,62,4
2100,C1,20,1,2,0,0,0,0,0,0,0,0,0,0,1,0,2,2,9,2
2110,A1,2,19,0,2,0,0,0,0,0,0,0,0,0,1,0,2,1,1,1
2110,B0,0,1,19,2,0,0,0,0,0,0,0,0,0,1,0,1,2,2,2
2110,B1,2,2,2,1,0,0,0,0,0,0,0,0,0,1,0,2,26,172,41
2110,B2,1,0,3,20,0,0,0,0,0,0,0,0,0,1,0,1,4,62,4
2110,C1,18,1,1,0,0,0,0,0,0,0,0,0,0,1,0,2,2,9,2
2120,A1,1,19,0,1,0,0,0,0,0,0,0,0,0,0,1,2,1,1,1
2120,B0,0,1,20,2,0,0,0,0,0,0,0,0,0,0,1,1,2,2,2
2120,B1,1,1,2,1,0,0,0,0,0,0,0,0,0,0,1,1,26,172,41
2120,B2,2,0,2,20,0,0,0,0,0,0,0,0,0,0,1,1,4,62,4
2120,C1,18,2,1,0,0,0,0,0,0,0,0,0,0,0,1,2,2,9,2
2130,A1,1,19,0,1,0,0,0,0,0,0,0,0,0,0,1,2,1,1,1
2130,B0,0,2,19,2,0,0,0,0,0,0,0,0,0,0,1,1,2,2,2
2130,B1,1,1,3,2,0,0,0,0,0,0,0,0,0,0,1,1,26,172,41
2130,B2,2,0,1,19,0,0,0,0,0,0,0,0,0,0,1,1,4,62,4
2130,C1,19,3,1,0,0,0,0,0,0,0,0,0,0,0,1,2,2,9,2
2140,A1,2,20,0,1,0,0,0,0,0,0,0,0,0,1,0,2,1,1,1
2140,B0,0,4,18,3,0,0,0,0,0,0,0,0,0,1,0,1,2,2,2
2140,B1,1,1,3,2,0,0,0,0,0,0,0,0,0,1,0,1,26,172,41
2140,B2,1,0,2,17,0,0,0,0,0,0,0,0,0,1,0,1,4,62,4
2140,C1,20,3,1,0,0,0,0,0,0,0,0,0,0,1,0,2,2,9,2
2150,A1,1,21,0,2,0,0,0,0,0,0,0,0,0,1,0,2,1,1,1
2150,B0,0,1,18,5,0,0,0,0,0,0,0,0,0,1,0,1,2,2,2
2150,B1,3,4,3,2,0,0,0,0,0,0,0,0,0,1,0,2,26,172,41
2150,B2,1,0,2,19,0,0,0,0,0,0,0,0,0,1,0,1,4,62,4
2150,C1,20,3,1,0,0,0,0,0,0,0,0,0,0,1,0,2,2,9,2
2160,A1,2,19,0,2,0,0,0,0,0,0,0,0,0,1,0,2,1,1,1
2160,B0,0,1,20,5,0,0,0,0,0,0,0,0,0,1,0,1,2,2,2
2160,B1,3,2,3,2,0,0,0,0,0,0,0,0,0,1,0,1,26,172,41
2160,B2,1,0,2,20,0,0,0,0,0,0,0,0,0,1,0,1,4,62,4
2160,C1,18,1,2,0,0,0,0,0,0,0,0,0,0,1,0,2,2,9,2
2170,A1,2,19,0,1,0,0,0,0,0,0,0,0,0,0,1,2,1,1,1
2170,B0,0,1,20,2,0,0,0,0,0,0,0,0,0,0,1,1,2,2,2
2170,B1,3,2,1,2,0,0,0,0,0,0,0,0,0,0,1,2,26,172,41
2170,B2,1,0,2,20,0,0,0,0,0,0,0,0,0,0,1,1,4,62,4
2170,C1,19,3,1,0,0,0,0,0,0,0,0,0,0,0,1,2,2,9,2
2180,A1,1,20,0,1,0,0,0,0,0,0,0,0,0,0,1,2,1,1,1
2180,B0,0,2,19,1,0,0,0,0,0,0,0,0,0,0,1,1,2,2,2
2180,B1,3,2,3,2,0,0,0,0,0,0,0,0,0,0,1,1,26,172,41
2180,B2,2,0,1,20,0,0,0,0,0,0,0,0,0,0,1,1,4,62,4
2180,C1,20,3,1,0,0,0,0,0,0,0,0,0,0,0,1,2,2,9,2
2190,A1,1,20,0,2,0,0,0,0,0,0,0,0,0,1,0,2,1,1,1
2190,B0,0,1,19,1,0,0,0,0,0,0,0,0,0,1,0,1,2,2,2
2190,B1,1,2,1,2,0,0,0,0,0,0,0,0,0,1,0,1,26,172,41
2190,B2,1,0,1,20,0,0,0,0,0,0,0,0,0,1,0,1,4,62,4
2190,C1,20,2,2,0,0,0,0,0,0,0,0,0,0,1,0,2,2,9,2
2200,A1,1,19,0,2,0,0,0,0,0,0,0,0,0,1,0,2,1,1,1
2200,B0,0,1,19,4,0,0,0,0,0,0,0,0,0,1,0,1,2,2,2
2200,B1,2,1,1,2,0,0,0,0,0,0,0,0,0,1,0,1,26,172,41
2200,B2,1,0,2,20,0,0,0,0,0,0,0,0,0,1,0,1,4,62,4
2200,C1,20,2,1,0,0,0,0,0,0,0,0,0,0,1,0,2,2,9,2
2210,A1,1,19,0,2,0,0,0,0,0,0,0,0,0,0,1,2,1,1,1
2210,B0,0,1,20,3,0,0,0,0,0,0,0,0,0,0,1,1,2,2,2
2210,B1,1,1,1,2,0,0,0,0,2,0,0,0,0,0,1,1,27,177,41
2210,B2,3,0,2,20,0,0,0,0,0,0,0,0,0,0,1,1,4,62,4
2210,C1,20,1,1,0,0,0,0,0,0,0,0,1,0,0,1,2,2,9,2
2220,A1,3,20,0,1,0,0,0,0,0,0,0,0,0,0,1,2,1,1,1
2220,B0,0,2,19,6,0,0,0,0,0,0,0,0,0,0,1,1,2,2,2
2220,B1,2,1,1,1,0,0,0,0,0,0,0,0,0,0,1,2,27,177,43
2220,B2,4,0,4,17,0,0,0,0,0,0,0,0,0,0,1,1,4,62,4
2220,C1,20,2,1,0,0,0,0,0,0,0,0,0,0,0,1,2,2,9,2
2230,A1,5,20,0,1,0,0,0,0,0,0,0,0,0,0,1,2,1,1,1
2230,B0,0,2,17,2,0,0,0,0,0,0,0,0,0,0,1,1,2,2,2
2230,B1,2,3,1,1,0,0,0,0,0,0,0,0,0,0,1,2,27,177,43
2230,B2,4,0,2,17,0,0,0,0,0,0,0,0,0,0,1,1,4,62,4
2230,C1,20,2,3,0,0,0,0,0,0,0,0,0,0,0,1,2,2,9,2
2240,A1,3,20,0,1,0,0,0,0,0,0,0,0,0,1,0,2,1,1,1
2240,B0,0,1,18,2,0,0,0,0,0,0,0,0,0,1,0,1,2,2,2
2240,B1,3,1,2,1,0,0,0,0,0,0,0,0,0,1,0,2,28,181,44
2240,B2,1,0,3,18,0,0,0,0,0,0,0,0,0,1,0,1,4,62,4
2240,C1,20,3,1,0,0,0,0,0,0,0,0,0,0,1,0,2,2,9,2
2250,A1,1,19,0,1,0,0,0,0,0,0,0,0,0,1,0,2,1,1,1
2250,B0,0,1,19,5,0,0,0,0,0,0,0,0,0,1,0,1,2,2,2
2250,B1,2,3,2,1,0,0,0,0,0,0,0,0,0,1,0,2,28,181,44
2250,B2,2,0,3,20,0,0,0,0,0,0,0,0,0,1,0,1,4,62,4
2250,C1,20,1,2,0,0,0,0,0,0,0,0,0,0,1,0,2,2,9,2
2260,A1,1,19,0,1,0,0,0,0,0,0,0,0,0,0,1,2,2,2,2
2260,B0,0,1,20,4,0,0,0,0,0,0,0,0,0,0,1,1,2,2,2
2260,B1,3,2,1,2,0,0,0,0,0,0,0,0,0,0,1,2,28,181,44
2260,B2,3,0,2,20,0,0,0,0,0,0,0,0,0,0,1,1,4,62,4
2260,C1,20,1,1,0,0,0,0,0,0,0,0,0,0,0,1,2,2,9,2
2270,A1,4,19,0,1,0,0,0,0,0,0,0,0,0,0,1,2,2,2,2
2270,B0,0,1,20,1,0,0,0,0,0,0,0,0,0,0,1,1,2,2,2
2270,B1,3,2,2,1,0,0,0,0,0,0,0,0,0,0,1,2,28,181,44
2270,B2,5,0,1,19,0,0,0,0,0,0,0,0,0,0,1,1,4,62,4
2270,C1,20,2,1,0,0,0,0,0,0,0,0,0,0,0,1,2,2,9,2
2280,A1,4,20,0,2,0,0,0,0,0,0,0,0,0,1,0,2,2,2,2
2280,B0,0,2,19,1,0,0,0,0,0,0,0,0,0,1,0,1,2,2,2
2280,B1,3,3,1,1,0,0,0,0,0,0,0,0,0,1,0,2,28,181,44
2280,B2,4,0,2,19,0,0,0,0,0,0,0,0,0,1,0,1,4,62,4
2280,C1,20,1,1,0,0,0,0,0,0,0,0,0,0,1,0,2,2,9,2
2290,A1,4,20,0,2,0,0,0,0,0,0,0,0,0,1,0,2,2,2,2
2290,B0,0,1,19,2,0,0,0,0,0,0,0,0,0,1,0,1,2,2,2
2290,B1,1,4,1,1,0,0,0,0,0,0,0,0,0,1,0,2,28,181,44
2290,B2,1,0,3,20,0,0,0,0,0,0,0,0,0,1,0,1,4,62,4
2290,C1,18,2,1,0,0,0,0,0,0,0,0,0,0,1,0,2,2,9,2
2300,A1,1,19,0,2,0,0,0,0,2,0,0,0,0,0,1,1,3,3,2
2300,B0,0,2,20,2,0,0,0,0,0,0,0,0,0,0,1,1,2,2,2
2300,B1,2,2,2,1,0,0,0,0,0,0,0,1,0,0,1,2,28,181,44
2300,B2,2,0,4,20,0,0,0,0,0,0,0,0,0,0,1,1,4,62,4
2300,C1,15,2,1,0,0,0,0,0,0,0,0,0,0,0,1,2,2,9,2
2310,A1,2,20,0,1,0,0,0,0,0,0,0,0,0,0,1,2,3,5,4
2310,B0,0,4,19,2,0,0,0,0,0,0,0,0,0,0,1,1,2,2,2
2310,B1,2,1,1,1,0,0,0,0,0,0,0,0,0,0,1,2,28,181,44
2310,B2,4,0,1,20,0,0,0,0,0,0,0,0,0,0,1,1,4,62,4
2310,C1,16,3,1,0,0,0,0,0,0,0,0,0,0,0,1,2,2,9,2
2320,A1,6,20,0,1,0,0,0,0,0,0,0,0,0,0,1,2,3,5,4
2320,B0,0,4,18,2,0,0,0,0,0,0,0,0,0,0,1,1,2,2,2
2320,B1,2,1,2,2,0,0,0,0,0,0,0,0,0,0,1,1,28,181,44
2320,B2,4,0,1,20,0,0,0,0,0,0,0,0,0,0,1,1,4,62,4
2320,C1,19,4,2,0,0,0,0,0,0,0,0,0,0,0,1,2,2,9,2
2330,A1,4,20,0,1,0,0,0,0,0,0,0,0,0,1,0,2,3,5,4
2330,B0,0,2,19,2,0,0,0,0,0,0,0,0,0,1,0,1,2,2,2
2330,B1,2,1,1,2,0,0,0,0,0,0,0,0,0,1,0,1,28,181,44
2330,B2,1,0,1,19,0,0,0,0,0,0,0,0,0,1,0,1,4,62,4
2330,C1,20,2,3,0,0,0,0,0,0,0,0,0,0,1,0,2,2,9,2
2340,A1,3,21,0,1,0,0,0,0,0,0,0,0,0,1,0,2,3,5,4
2340,B0,0,1,20,3,0,0,0,0,0,0,0,0,0,1,0,1,2,2,2
2340,B1,2,1,1,2,0,0,0,0,0,0,0,0,0,1,0,1,28,181,44
2340,B2,1,0,4,20,0,0,0,0,0,0,0,0,0,1,0,1,4,62,4
2340,C1,20,1,3,0,0,0,0,0,0,0,0,0,0,1,0,2,2,9,2
2350,A1,1,20,0,1,0,0,0,0,0,0,0,0,0,0,1,2,3,5,4
2350,B0,0,1,20,1,0,0,0,0,0,0,0,0,0,0,1,1,2,2,2
2350,B1,1,2,1,2,0,0,0,0,0,0,0,0,0,0,1,1,28,181,44
2350,B2,1,0,4,20,0,0,0,0,0,0,0,0,0,0,1,1,4,62,4
2350,C1,20,2,1,0,0,0,0,0,0,0,0,0,0,0,1,2,2,9,2
2360,A1,1,20,0,1,0,0,0,0,0,0,0,0,0,0,1,2,3,5,4
2360,B0,0,1,20,2,0,0,0,0,0,0,0,0,0,0,1,1,2,2,2
2360,B1,1,2,1,1,0,0,0,0,0,0,0,0,0,0,1,2,28,181,44
2360,B2,1,0,2,20,0,0,0,0,0,0,0,0,0,0,1,1,4,62,4
2360,C1,20,3,1,0,0,0,0,0,0,0,0,0,0,0,1,2,2,9,2
2370,A1,1,20,0,1,0,0,0,0,0,0,0,0,0,1,0,2,3,5,4
2370,B0,0,1,19,2,0,0,0,0,0,0,1,0,0,1,0,1,2,2,2
2370,B1,2,1,2,2,0,1,0,0,0,0,0,0,0,1,0,2,30,188,46
2370,B2,2,0,1,19,0,0,0,0,0,0,0,0,0,1,0,1,4,62,4
2370,C1,20,7,2,0,0,0,0,0,0,0,0,0,0,1,0,2,2,9,2
2380,A1,1,19,0,2,0,0,0,0,0,0,0,0,0,1,0,2,3,5,4
2380,B0,0,2,20,1,0,0,0,0,0,0,0,0,0,1,0,1,2,2,2
2380,B1,2,1,2,2,0,0,0,0,0,0,0,0,0,1,0,1,30,188,47
2380,B2,1,0,3,20,0,0,0,0,0,0,0,0,0,1,0,1,4,62,4
2380,C1,20,6,2,0,0,0,0,0,0,0,0,0,0,1,0,2,2,9,2
2390,A1,1,19,0,3,0,0,0,0,0,0,0,0,0,1,0,2,3,5,4
2390,B0,0,2,20,3,0,0,0,0,0,0,0,0,0,1,0,1,2,2,2
2390,B1,1,3,3,2,0,0,0,0,0,0,0,0,0,1,0,1,30,188,47
2390,B2,1,0,4,20,0,0,0,0,0,0,0,0,0,1,0,1,4,62,4
2390,C1,20,3,2,0,0,0,0,0,0,0,0,0,0,1,0,2,2,9,2
2400,A1,1,19,0,1,0,0,0,0,0,0,0,0,0,0,1,2,3,5,4
2400,B0,0,2,20,1,0,0,0,0,0,0,0,0,0,0,1,1,3,11,21
2400,B1,1,1,3,1,0,0,0,0,0,0,0,0,0,0,1,1,31,198,49
2400,B2,1,0,3,20,0,0,0,0,0,0,0,0,0,0,1,1,4,62,4
2400,C1,20,4,1,0,0,0,0,0,0,0,0,0,0,0,1,2,2,9,2
2410,A1,2,20,0,1,0,0,0,0,0,0,0,0,0,0,1,2,3,5,4
2410,B0,0,3,19,1,0,0,0,0,0,0,0,0,0,0,1,1,3,11,21
2410,B1,1,1,3,1,0,0,0,0,0,0,0,0,0,0,1,1,31,198,49
2410,B2,1,0,1,20,0,0,0,0,0,0,0,0,0,0,1,1,4,62,4
2410,C1,20,5,1,0,0,0,0,0,0,0,0,0,0,0,1,2,2,9,2
2420,A1,2,20,0,2,0,0,0,0,0,0,0,0,0,1,0,2,3,5,4
2420,B0,0,2,19,1,0,0,0,0,0,0,0,0,0,1,0,1,3,11,21
2420,B1,3,1,2,1,0,0,0,0,0,0,0,0,0,1,0,2,31,198,49
2420,B2,2,0,1,19,0,0,0,0,0,0,0,0,0,1,0,1,5,68,5
2420,C1,20,5,1,0,0,0,0,0,0,0,0,0,0,1,0,2,2,9,2
2430,A1,2,20,0,3,0,0,0,0,0,0,0,0,0,1,0,2,3,5,4
2430,B0,0,1,19,2,0,0,0,0,0,0,0,0,0,1,0,1,3,11,21
2430,B1,1,1,2,1,0,0,0,0,0,0,0,0,0,1,0,1,31,198,49
2430,B2,2,0,2,19,0,0,0,0,0,0,0,0,0,1,0,1,5,68,5
2430,C1,20,2,1,0,0,0,0,0,0,0,0,0,0,1,0,2,2,9,2
2440,A1,1,20,0,3,0,0,0,0,0,0,0,0,0,0,1,2,3,5,4
2440,B0,0,1,20,3,0,0,0,0,0,0,0,0,0,0,1,1,3,11,21
2440,B1,1,1,1,2,0,0,0,0,0,0,0,0,0,0,1,1,31,198,49
2440,B2,1,0,2,20,0,0,0,0,0,0,0,0,0,0,1,1,5,68,5
2440,C1,20,1,1,0,0,0,0,0,0,0,0,0,0,0,1,2,2,9,2
2450,A1,2,20,0,3,0,0,0,0,0,0,0,0,0,0,1,2,3,5,4
2450,B0,0,2,20,1,0,0,0,0,0,0,0,0,0,0,1,1,3,11,21
2450,B1,1,1,1,1,0,0,0,0,0,0,0,0,0,0,1,1,31,198,49
2450,B2,1,0,1,19,0,0,0,0,0,0,0,0,0,0,1,1,5,68,5
2450,C1,20,4,2,0,0,0,0,0,0,0,0,0,0,0,1,2,2,9,2
2460,A1,2,20,0,2,0,0,0,0,0,0,0,0,0,0,1,2,3,5,4
2460,B0,0,4,18,3,0,0,0,0,0,0,0,0,0,0,1,1,3,11,21
2460,B1,2,1,1,2,0,0,0,0,0,0,0,0,0,0,1,1,31,198,49
2460,B2,2,0,1,17,0,0,0,0,0,0,0,0,0,0,1,1,5,68,5
2460,C1,20,4,2,0,0,0,0,0,0,0,0,0,0,0,1,2,2,9,2
2470,A1,1,20,0,3,0,0,0,0,0,0,0,0,0,1,0,2,3,5,4
2470,B0,0,1,19,4,0,0,0,0,0,0,0,0,0,1,0,1,3,11,21
2470,B1,2,1,1,2,0,0,0,0,0,0,0,0,0,1,0,1,32,199,50
2470,B2,1,0,1,18,0,0,0,0,0,0,0,0,0,1,0,1,6,72,6
2470,C1,20,1,2,0,0,0,0,0,0,0,0,0,0,1,0,2,2,9,2
2480,A1,1,18,0,3,0,0,0,0,0,0,0,0,0,1,0,2,3,5,4
2480,B0,0,1,20,6,0,0,0,0,0,0,0,0,0,1,0,1,3,11,21
2480,B1,2,1,1,2,0,0,0,0,0,0,0,0,0,1,0,1,32,199,50
2480,B2,2,0,4,19,0,0,0,0,0,0,0,0,0,1,0,1,6,72,6
2480,C1,19,1,2,0,0,0,0,0,0,0,0,0,0,1,0,2,2,9,2
2490,A1,1,18,0,2,0,0,0,0,0,0,0,0,0,0,1,2,3,5,4
2490,B0,0,2,20,4,0,0,0,0,0,0,0,0,0,0,1,1,3,11,21
2490,B1,2,1,1,2,0,0,0,0,0,0,0,0,0,0,1,1,32,199,50
2490,B2,3,0,2,20,0,0,0,0,0,0,0,0,0,0,1,1,6,72,6
2490,C1,20,1,1,0,0,0,0,0,0,0,0,0,0,0,1,2,2,9,2
2500,A1,2,18,0,1,0,0,0,0,0,0,0,0,0,0,1,2,3,5,4
2500,B0,0,1,20,1,0,0,0,0,0,0,0,0,0,0,1,1,3,11,21
2500,B1,2,1,1,1,0,0,0,0,0,0,0,0,0,0,1,2,32,199,50
2500,B2,4,0,2,19,0,0,0,0,0,0,0,0,0,0,1,1,6,72,6
2500,C1,20,1,1,0,0,0,0,0,0,0,0,0,0,0,1,2,2,9,2
2510,A1,1,20,0,3,0,0,0,0,0,0,0,0,0,1,0,2,3,5,4
2510,B0,0,1,20,2,0,0,0,0,0,0,0,0,0,1,0,1,3,11,21
2510,B1,2,1,1,3,0,0,0,0,0,0,0,0,0,1,0,1,32,199,50
2510,B2,3,0,1,18,0,0,0,0,0,0,0,0,0,1,0,1,6,72,6
2510,C1,20,2,2,0,0,0,0,0,0,0,0,0,0,1,0,2,2,9,2
2520,A1,1,19,0,3,0,0,0,0,0,0,0,0,0,1,0,2,3,5,4
2520,B0,0,1,20,3,0,0,0,0,0,0,0,0,0,1,0,1,3,11,21
2520,B1,3,2,1,1,0,0,0,0,0,0,0,0,0,1,0,2,32,199,50
2520,B2,2,0,2,18,0,0,0,0,0,0,0,0,0,1,0,1,6,72,6
2520,C1,19,3,2,0,0,0,0,0,0,0,0,0,0,1,0,2,2,9,2
2530,A1,1,17,0,3,0,0,0,0,0,0,0,0,0,0,1,2,3,5,4
2530,B0,0,1,20,4,0,0,0,0,0,0,0,0,0,0,1,1,3,11,21
2530,B1,5,3,1,1,0,0,0,0,0,0,0,0,0,0,1,2,32,199,50
2530,B2,3,0,2,20,0,0,0,0,0,0,0,0,0,0,1,1,6,72,6
2530,C1,16,3,2,0,0,0,0,0,0,0,0,0,0,0,1,2,2,9,2
2540,A1,3,18,0,1,0,0,0,0,0,0,0,0,0,0,1,2,3,5,4
2540,B0,0,2,20,1,0,0,0,0,0,0,0,0,0,0,1,1,3,11,21
2540,B1,1,3,2,1,0,0,0,0,0,0,0,0,0,0,1,2,32,199,50
2540,B2,3,0,3,19,0,0,0,0,0,0,0,0,0,0,1,1,6,72,6
2540,C1,17,2,1,0,0,0,0,0,0,0,0,0,0,0,1,2,2,9,2
2550,A1,2,20,0,1,0,0,0,0,0,0,0,0,0,0,1,2,3,5,4
2550,B0,0,3,18,1,0,0,0,0,0,0,0,0,0,0,1,1,3,11,21
2550,B1,1,3,1,1,0,0,0,0,0,0,0,0,0,0,1,2,32,199,50
2550,B2,3,0,2,18,0,0,0,0,0,0,0,0,0,0,1,1,6,72,6
2550,C1,19,3,1,0,0,0,0,0,0,0,0,0,0,0,1,2,2,9,2
2560,A1,2,20,0,2,0,0,0,0,0,0,0,0,0,1,0,2,3,5,4
2560,B0,0,1,19,2,0,0,0,0,0,0,0,0,0,1,0,1,3,11,21
2560,B1,2,1,2,2,0,0,0,0,0,0,0,0,0,1,0,1,32,199,50
2560,B2,1,0,2,19,0,0,0,0,0,0,0,0,0,1,0,1,6,72,6
2560,C1,20,1,1,0,0,0,0,0,0,0,0,0,0,1,0,2,2,9,2
2570,A1,3,17,0,3,0,0,0,0,0,0,0,0,0,1,0,2,3,5,4
2570,B0,0,1,19,1,0,0,0,0,0,0,0,0,0,1,0,1,3,11,21
2570,B1,1,2,2,2,0,0,0,0,0,0,0,0,0,1,0,1,32,199,50
2570,B2,1,0,4,20,0,0,0,0,0,0,0,0,0,1,0,1,6,72,6
2570,C1,19,1,3,0,0,0,0,0,0,0,0,0,0,1,0,2,2,9,2
2580,A1,1,17,0,2,0,0,0,0,0,0,0,0,0,0,1,2,3,5,4
2580,B0,0,3,20,1,0,0,0,0,0,0,0,0,0,0,1,1,3,11,21
2580,B1,3,1,1,3,0,0,0,0,0,0,0,0,0,0,1,1,32,199,50
2580,B2,1,0,2,20,0,0,0,0,0,0,0,0,0,0,1,1,6,72,6
2580,C1,19,1,3,0,0,0,0,0,0,0,0,0,0,0,1,2,2,9,2
2590,A1,2,18,0,1,0,0,0,0,0,0,0,0,0,0,1,2,3,5,4
2590,B0,0,4,18,1,0,0,0,0,0,0,0,0,0,0,1,1,3,11,21
2590,B1,1,1,2,2,0,0,0,0,0,0,0,0,0,0,1,1,32,199,50
2590,B2,2,0,1,20,0,0,0,0,0,0,0,0,0,0,1,1,6,72,6
2590,C1,19,4,1,0,0,0,0,0,0,0,0,0,0,0,1,2,2,9,2
2600,A1,4,20,0,1,0,0,0,0,0,0,0,0,0,1,0,2,3,5,4
2600,B0,0,4,17,1,0,0,0,0,0,0,0,0,0,1,0,1,3,11,21
2600,B1,1,1,2,1,0,0,0,0,0,0,0,0,0,1,0,1,32,199,50
2600,B2,3,0,1,19,0,0,0,0,0,0,0,0,0,1,0,1,6,72,6
2600,C1,20,5,2,0,0,0,0,0,0,0,0,0,0,1,0,2,2,9,2
2610,A1,3,20,0,2,0,0,0,0,0,0,0,0,0,1,0,2,3,5,4
2610,B0,0,1,19,1,0,0,0,0,0,0,0,0,0,1,0,1,3,11,21
2610,B1,3,2,2,1,0,0,0,0,0,0,0,0,0,1,0,2,32,199,50
2610,B2,1,0,3,19,0,0,0,0,0,0,0,0,0,1,0,1,6,72,6
2610,C1,20,1,3,0,0,0,0,0,0,0,0,0,0,1,0,2,2,9,2
2620,A1,1,19,0,2,0,0,0,0,0,0,0,0,0,1,0,2,3,5,4
2620,B0,0,1,20,2,0,0,0,0,0,0,0,0,0,1,0,1,3,11,21
2620,B1,2,1,2,1,0,0,0,0,0,0,0,0,0,1,0,1,32,199,50
2620,B2,1,0,3,20,0,0,0,0,0,0,0,0,0,1,0,1,6,72,6
2620,C1,17,3,3,0,0,0,0,0,0,0,0,0,0,1,0,2,2,9,2
2630,A1,1,19,0,1,0,0,0,0,0,0,0,0,0,0,1,2,3,5,4
2630,B0,0,1,20,4,0,0,0,0,0,0,0,0,0,0,1,1,3,11,21
2630,B1,1,1,2,1,0,0,0,0,0,0,0,0,0,0,1,1,32,199,50
2630,B2,2,0,1,20,0,0,0,0,0,0,0,0,0,0,1,1,6,72,6
2630,C1,18,1,2,0,0,0,0,0,0,0,0,0,0,0,1,2,2,9,2
2640,A1,3,19,0,1,0,0,0,0,0,0,0,0,0,0,1,2,3,5,4
2640,B0,0,2,20,2,0,0,0,0,0,0,0,0,0,0,1,1,3,11,21
2640,B1,1,1,3,2,0,0,0,0,0,0,0,0,0,0,1,1,32,199,50
2640,B2,3,0,2,18,0,0,0,0,0,0,0,0,0,0,1,1,6,72,6
2640,C1,19,2,1,0,0,0,0,0,0,0,0,0,0,0,1,2,2,9,2
2650,A1,1,19,0,1,0,0,0,0,0,0,0,0,0,1,0,2,3,5,4
2650,B0,0,2,20,2,0,0,0,0,0,0,0,0,0,1,0,1,3,11,21
2650,B1,1,1,2,1,0,0,0,0,0,0,0,0,0,1,0,1,33,203,51
2650,B2,2,0,1,18,0,0,0,0,0,0,0,0,0,1,0,1,6,72,6
2650,C1,20,1,1,0,0,0,0,0,0,0,0,0,0,1,0,2,2,9,2
2660,A1,1,19,0,2,0,0,0,0,0,0,0,0,0,1,0,2,3,5,4
2660,B0,0,1,20,5,0,0,0,0,0,0,0,0,0,1,0,1,3,11,21
2660,B1,1,1,2,1,0,0,0,0,0,0,0,0,0,1,0,1,33,203,51
2660,B2,1,0,2,18,0,0,0,0,0,0,0,0,0,1,0,1,6,72,6
2660,C1,19,3,1,0,0,0,0,0,0,0,0,0,0,1,0,2,2,9,2
2670,A1,2,17,0,2,0,0,0,0,0,0,0,0,0,0,1,2,3,5,4
2670,B0,0,1,20,5,0,0,0,0,0,0,0,0,0,0,1,1,3,11,21
2670,B1,1,2,2,4,0,0,0,0,0,0,0,0,0,0,1,1,33,203,51
2670,B2,1,0,2,20,0,0,0,0,0,0,0,0,0,0,1,1,6,72,6
2670,C1,18,2,1,0,0,0,0,0,0,0,0,0,0,0,1,2,2,9,2
2680,A1,2,18,0,2,0,0,0,0,0,0,0,0,0,0,1,2,3,5,4
2680,B0,0,1,20,4,0,0,0,0,0,0,0,0,0,0,1,1,3,11,21
2680,B1,1,2,3,2,0,0,0,0,0,0,0,0,0,0,1,1,33,203,51
2680,B2,2,0,2,20,0,0,0,0,0,0,0,0,0,0,1,1,6,72,6
2680,C1,18,2,1,0,0,0,0,0,0,0,0,0,0,0,1,2,2,9,2
2690,A1,3,20,0,2,0,0,0,0,0,0,0,0,0,0,1,2,3,5,4
2690,B0,0,1,19,2,0,0,0,0,0,0,0,0,0,0,1,1,3,11,21
2690,B1,1,2,1,2,0,0,0,0,0,0,0,0,0,0,1,1,33,203,51
2690,B2,3,0,2,19,0,0,0,0,0,0,0,0,0,0,1,1,6,72,6
2690,C1,20,2,2,0,0,0,0,0,0,0,0,0,0,0,1,2,2,9,2
2700,A1,1,19,0,2,0,0,0,0,0,0,0,0,0,1,0,2,3,5,4
2700,B0,0,1,20,3,0,0,1,0,0,0,0,0,0,1,0,2,4,31,21
2700,B1,1,1,1,2,0,0,0,0,0,1,0,0,0,1,0,1,33,203,51
2700,B2,3,0,1,19,0,0,0,0,0,0,0,0,0,1,0,1,6,72,6
2700,C1,19,2,1,0,0,0,0,0,0,0,0,0,0,1,0,2,2,9,2
2710,A1,1,19,0,2,0,0,0,0,0,0,0,0,0,1,0,2,3,5,4
2710,B0,0,1,20,4,0,0,1,0,0,0,0,0,0,1,0,2,4,51,21
2710,B1,1,2,2,2,0,0,0,0,0,1,0,0,0,1,0,1,33,203,51
2710,B2,1,0,2,19,0,0,0,0,0,0,0,0,0,1,0,1,6,72,6
2710,C1,17,1,1,0,0,0,0,0,0,0,0,0,0,1,0,2,2,9,2
2720,A1,2,18,0,1,0,0,0,0,0,0,0,0,0,0,1,2,3,5,4
2720,B0,0,1,20,2,0,0,0,0,0,0,0,0,0,0,1,1,4,59,22
2720,B1,1,1,1,1,0,0,0,0,0,0,0,0,0,0,1,1,33,203,51
2720,B2,3,0,3,20,0,0,0,0,0,0,0,0,0,0,1,1,6,72,6
2720,C1,18,1,2,0,0,0,0,0,0,0,0,0,0,0,1,2,2,9,2
2730,A1,4,20,0,1,0,0,0,0,0,0,0,0,0,0,1,2,3,5,4
2730,B0,0,2,20,2,0,0,0,0,0,0,0,0,0,0,1,1,4,59,22
2730,B1,1,1,1,1,0,0,0,0,0,0,0,0,0,0,1,1,33,203,51
2730,B2,5,0,1,19,0,0,0,0,0,0,0,0,0,0,1,1,6,72,6
2730,C1,19,2,1,0,0,0,0,0,0,0,0,0,0,0,1,2,2,9,2
2740,A1,4,20,0,3,0,0,0,0,0,0,0,0,0,1,0,2,3,5,4
2740,B0,0,1,20,3,0,0,0,0,0,0,1,0,0,1,0,1,4,59,22
2740,B1,1,1,1,1,0,1,0,0,0,0,0,0,0,1,0,2,34,211,51
2740,B2,4,0,1,19,0,0,0,0,0,0,0,0,0,1,0,1,6,72,6
2740,C1,20,2,1,0,0,0,0,0,0,0,0,0,0,1,0,2,2,9,2
2750,A1,3,20,0,2,0,0,0,0,0,0,0,0,0,1,0,2,3,5,4
2750,B0,0,1,20,2,0,0,0,0,0,0,0,0,0,1,0,1,4,59,22
2750,B1,1,2,1,1,0,0,0,0,0,0,0,0,0,1,0,2,34,217,52
2750,B2,1,0,2,19,0,0,0,0,0,0,0,0,0,1,0,1,6,72,6
2750,C1,20,4,1,0,0,0,0,0,0,0,0,0,0,1,0,2,2,9,2
2760,A1,1,17,0,2,0,0,0,0,0,0,0,0,0,0,1,2,3,5,4
2760,B0,0,2,20,3,0,0,0,0,0,0,0,0,0,0,1,1,4,59,22
2760,B1,2,1,1,2,0,0,0,0,0,0,0,0,0,0,1,1,34,217,52
2760,B2,1,0,4,19,0,0,0,0,0,0,0,0,0,0,1,1,6,72,6
2760,C1,18,4,2,0,0,0,0,0,0,0,0,0,0,0,1,2,2,9,2
2770,A1,4,18,0,1,0,0,0,0,0,0,0,0,0,0,1,2,3,5,4
2770,B0,0,3,20,2,0,0,0,0,0,0,0,0,0,0,1,1,4,59,22
2770,B1,2,1,1,3,0,0,0,0,0,0,0,0,0,0,1,1,34,217,52
2770,B2,1,0,1,19,0,0,0,0,0,0,0,0,0,0,1,1,6,72,6
2770,C1,19,1,1,0,0,0,0,0,0,0,0,0,0,0,1,2,2,9,2
2780,A1,2,19,0,1,0,0,0,0,0,0,0,0,0,0,1,2,3,5,4
2780,B0,0,4,19,2,0,0,0,0,0,0,0,0,0,0,1,1,4,59,22
2780,B1,2,1,2,1,0,0,0,0,0,0,0,0,0,0,1,1,34,217,52
2780,B2,1,0,1,18,0,0,0,0,0,0,0,0,0,0,1,1,6,72,6
2780,C1,20,2,1,0,0,0,0,0,0,0,0,0,0,0,1,2,2,9,2
2790,A1,1,20,0,2,0,0,0,0,0,0,0,0,0,1,0,2,3,5,4
2790,B0,0,2,20,1,0,0,0,0,0,0,0,0,0,1,0,1,4,59,22
2790,B1,1,1,2,2,0,0,0,0,0,0,0,0,0,1,0,1,34,217,52
2790,B2,2,0,1,19,0,0,0,0,0,0,0,0,0,1,0,1,6,72,6
2790,C1,19,2,1,0,0,0,0,0,0,0,0,0,0,1,0,2,2,9,2
2800,A1,1,19,0,2,0,0,0,0,0,0,0,0,0,1,0,2,3,5,4
2800,B0,0,1,20,3,0,0,0,0,0,0,0,0,0,1,0,1,4,59,22
2800,B1,1,2,2,3,0,0,0,0,0,0,0,0,0,1,0,1,34,217,52
2800,B2,1,0,4,20,0,0,0,0,0,0,0,0,0,1,0,1,6,72,6
2800,C1,18,3,1,0,0,0,0,0,0,0,0,0,0,1,0,2,2,9,2
2810,A1,1,19,0,1,0,0,0,0,0,0,0,0,0,0,1,2,3,5,4
2810,B0,0,2,20,2,0,0,0,0,0,0,0,0,0,0,1,1,4,59,22
2810,B1,1,2,2,2,0,0,0,0,0,0,0,0,0,0,1,1,34,217,52
2810,B2,1,0,5,20,0,0,0,0,0,0,0,0,0,0,1,1,6,72,6
2810,C1,18,2,1,0,0,0,0,0,0,0,0,0,0,0,1,2,3,13,3
2820,A1,3,19,0,1,0,0,0,0,0,0,0,0,0,0,1,2,3,5,4
2820,B0,0,3,19,2,0,0,0,0,0,0,0,0,0,0,1,1,4,59,22
2820,B1,1,2,3,2,0,0,0,0,0,0,0,0,0,0,1,1,34,217,52
2820,B2,2,0,2,20,0,0,0,0,0,0,0,0,0,0,1,1,6,72,6
2820,C1,19,2,1,0,0,0,0,0,0,0,0,0,0,0,1,2,3,13,3
2830,A1,4,20,0,3,0,0,0,0,0,0,0,0,0,1,0,2,3,5,4
2830,B0,0,4,17,1,0,0,0,0,0,0,1,0,0,1,0,1,4,59,22
2830,B1,2,2,1,3,0,1,0,0,0,0,0,0,0,1,0,2,35,220,52
2830,B2,3,0,1,20,0,0,0,0,0,0,0,0,0,1,0,1,6,72,6
2830,C1,20,3,2,0,0,0,0,0,0,0,0,0,0,1,0,2,3,13,3
2840,A1,2,20,0,1,0,0,0,0,0,0,0,0,0,1,0,2,3,5,4
2840,B0,0,1,18,1,0,0,0,0,0,0,0,0,0,1,0,1,4,59,22
2840,B1,2,1,1,3,0,0,0,0,0,0,0,0,0,1,0,1,35,230,53
2840,B2,2,0,1,20,0,0,0,0,0,0,0,0,0,1,0,1,6,72,6
2840,C1,20,3,3,0,0,0,0,0,0,0,0,0,0,1,0,2,3,13,3
2850,A1,2,17,0,1,0,0,0,0,0,0,0,0,0,1,0,2,3,5,4
2850,B0,0,1,20,4,0,0,0,0,0,0,0,0,0,1,0,1,4,59,22
2850,B1,2,2,1,3,0,0,0,0,0,0,0,0,0,1,0,1,35,230,53
2850,B2,1,0,2,20,0,0,0,0,0,0,0,0,0,1,0,1,6,72,6
2850,C1,17,1,4,0,0,0,0,0,0,0,0,0,0,1,0,2,3,13,3
2860,A1,5,18,0,1,0,0,0,0,0,0,0,0,0,0,1,2,3,5,4
2860,B0,0,4,20,1,0,0,0,0,0,0,0,0,0,0,1,1,4,59,22
2860,B1,2,2,1,2,0,0,0,0,0,0,0,0,0,0,1,2,35,230,53
2860,B2,1,0,1,20,0,0,0,0,0,0,0,0,0,0,1,1,6,72,6
2860,C1,18,1,1,0,0,0,0,0,0,0,0,0,0,0,1,2,3,13,3
2870,A1,3,19,0,3,0,0,0,0,0,0,0,0,0,0,1,2,3,5,4
2870,B0,0,3,17,1,0,0,0,0,0,0,0,0,0,0,1,1,4,59,22
2870,B1,1,2,3,2,0,0,0,0,0,0,0,0,0,0,1,1,35,230,53
2870,B2,1,0,1,19,0,0,0,0,0,0,0,0,0,0,1,1,6,72,6
2870,C1,19,2,1,0,0,0,0,0,0,0,0,0,0,0,1,2,3,13,3
2880,A1,3,20,0,2,0,0,0,0,0,0,0,0,0,1,0,2,3,5,4
2880,B0,0,3,17,1,0,0,0,0,0,0,0,0,0,1,0,1,4,59,22
2880,B1,1,1,3,2,0,0,0,0,0,0,0,0,0,1,0,1,35,230,53
2880,B2,2,0,2,19,0,0,0,0,0,0,0,0,0,1,0,1,6,72,6
2880,C1,20,3,1,0,0,0,0,0,0,0,0,0,0,1,0,2,3,13,3
2890,A1,1,19,0,2,0,0,0,0,0,0,0,0,0,1,0,2,3,5,4
2890,B0,0,2,18,2,0,0,0,0,0,0,0,0,0,1,0,1,4,59,22
2890,B1,1,3,3,2,0,0,0,0,0,0,0,0,0,1,0,1,35,230,53
2890,B2,1,0,4,19,0,0,0,0,0,0,0,0,0,1,0,1,6,72,6
2890,C1,20,1,2,0,0,0,0,0,0,0,0,0,0,1,0,2,3,13,3
2900,A1,1,19,0,1,0,0,0,0,0,0,0,0,0,0,1,2,3,5,4
2900,B0,0,1,20,2,0,0,0,0,0,0,0,0,0,0,1,1,4,59,22
2900,B1,1,1,4,1,0,0,0,0,0,0,0,0,0,0,1,1,35,230,53
2900,B2,1,0,4,20,0,0,0,0,0,0,0,0,0,0,1,1,6,72,6
2900,C1,20,2,1,0,0,0,0,0,0,0,0,0,0,0,1,2,3,13,3
2910,A1,2,19,0,1,0,0,0,0,0,0,0,0,0,0,1,2,3,5,4
2910,B0,0,3,18,3,0,0,0,0,0,0,0,0,0,0,1,1,4,59,22
2910,B1,1,1,4,2,0,0,0,0,0,0,0,0,0,0,1,1,35,230,53
2910,B2,1,0,1,20,0,0,0,0,0,0,0,0,0,0,1,1,6,72,6
2910,C1,20,3,1,0,0,0,0,0,0,0,0,0,0,0,1,2,3,13,3
2920,A1,4,20,0,1,0,0,0,0,0,0,0,0,0,0,1,2,3,5,4
2920,B0,0,3,15,1,0,0,0,0,0,0,0,0,0,0,1,1,4,59,22
2920,B1,1,1,4,2,0,0,0,0,0,0,0,0,0,0,1,1,35,230,53
2920,B2,2,0,3,19,0,0,0,0,0,0,0,0,0,0,1,1,6,72,6
2920,C1,20,3,1,0,0,0,0,0,0,0,0,0,0,0,1,2,3,13,3
2930,A1,2,20,0,2,0,0,0,0,0,0,0,0,0,1,0,2,3,5,4
2930,B0,0,1,16,1,0,0,0,0,0,0,0,0,0,1,0,1,4,59,22
2930,B1,1,2,4,2,0,0,0,0,0,0,0,0,0,1,0,1,35,230,53
2930,B2,1,0,2,19,0,0,0,0,0,0,0,0,0,1,0,1,6,72,6
2930,C1,20,2,1,0,0,0,0,0,0,0,0,0,0,1,0,2,3,13,3
2940,A1,1,20,0,5,0,0,0,0,0,0,0,0,0,1,0,2,3,5,4
2940,B0,0,1,19,2,0,0,0,0,0,0,0,0,0,1,0,1,4,59,22
2940,B1,4,2,4,2,0,0,0,0,0,0,0,0,0,1,0,1,35,230,53
2940,B2,1,0,3,19,0,0,0,0,0,0,0,0,0,1,0,1,6,72,6
2940,C1,18,1,2,0,0,0,0,0,0,0,0,0,0,1,0,2,3,13,3
2950,A1,2,20,0,5,0,0,0,0,0,0,0,0,0,0,1,2,3,5,4
2950,B0,0,1,20,2,0,0,0,0,0,0,0,0,0,0,1,1,4,59,22
2950,B1,4,1,6,1,0,0,0,0,0,0,0,0,0,0,1,1,36,235,55
2950,B2,1,0,1,20,0,0,0,0,0,0,0,0,0,0,1,1,6,72,6
2950,C1,19,2,1,0,0,0,0,0,0,0,0,0,0,0,1,2,4,17,4
2960,A1,4,20,0,1,0,0,0,0,0,0,0,0,0,0,1,2,3,5,4
2960,B0,0,1,19,1,0,0,0,0,0,0,0,0,0,0,1,1,4,59,22
2960,B1,4,1,3,2,0,0,0,0,0,0,0,0,0,0,1,1,36,235,55
2960,B2,2,0,2,20,0,0,0,0,0,0,0,0,0,0,1,1,6,72,6
2960,C1,19,3,1,0,0,0,0,0,0,0,0,0,0,0,1,2,4,17,4
2970,A1,3,20,0,1,0,0,0,0,0,0,0,0,0,1,0,2,3,5,4
2970,B0,0,1,18,1,0,0,1,0,0,0,0,0,0,1,0,2,5,66,22
2970,B1,5,1,1,2,0,0,0,0,0,1,0,0,0,1,0,2,36,235,55
2970,B2,2,0,1,20,0,0,0,0,0,0,0,0,0,1,0,1,6,72,6
2970,C1,20,3,1,0,0,0,0,0,0,0,0,0,0,1,0,2,4,17,4
2980,A1,2,19,0,2,0,0,0,0,0,0,0,0,0,1,0,2,3,5,4
2980,B0,0,1,18,1,0,0,0,0,0,0,0,0,0,1,0,1,5,82,23
2980,B1,2,2,3,3,0,0,0,0,0,0,0,0,0,1,0,1,36,235,55
2980,B2,4,0,4,20,0,0,0,0,0,0,0,0,0,1,0,1,6,72,6
2980,C1,20,2,1,0,0,0,0,0,0,0,0,0,0,1,0,2,4,17,4
2990,A1,1,17,0,2,0,0,0,0,0,0,0,0,0,0,1,2,3,5,4
2990,B0,0,2,20,2,0,0,0,0,0,0,0,0,0,0,1,1,5,82,23
2990,B1,3,1,3,3,0,0,0,0,0,0,0,0,0,0,1,1,36,235,55
2990,B2,2,0,6,20,0,0,0,1,0,0,0,0,0,0,1,1,7,74,6
2990,C1,17,1,2,0,0,0,0,0,0,0,0,0,0,0,1,2,4,17,4
3000,A1,1,18,0,1,0,0,0,0,0,0,0,0,0,0,1,2,3,5,4
3000,B0,0,2,19,1,0,0,0,0,0,0,0,0,0,0,1,1,5,82,23
3000,B1,3,2,3,1,0,0,0,0,0,0,0,0,0,0,1,2,36,235,55
3000,B2,4,0,5,19,0,0,0,0,0,0,0,0,0,0,1,1,7,76,7
3000,C1,18,1,1,0,0,0,0,0,0,0,0,0,0,0,1,2,4,17,4
3010,A1,2,20,0,1,0,0,0,0,0,0,0,0,0,0,1,2,3,5,4
3010,B0,0,2,15,1,0,0,0,0,0,0,0,0,0,0,1,1,5,82,23
3010,B1,3,3,2,2,0,0,0,0,0,0,0,0,0,0,1,2,36,235,55
3010,B2,4,0,2,20,0,0,0,0,0,0,0,0,0,0,1,1,7,76,7
3010,C1,19,2,1,0,0,0,0,0,0,0,0,0,0,0,1,2,4,17,4
3020,A1,1,20,0,3,0,0,17,0,0,0,0,0,0,1,0,2,4,20,4
3020,B0,0,3,16,1,0,0,0,0,0,0,0,0,0,1,0,1,5,82,23
3020,B1,4,3,2,2,0,0,0,0,0,0,0,0,0,1,0,2,36,235,55
3020,B2,1,0,3,20,0,0,0,0,0,0,0,0,0,1,0,1,7,76,7
3020,C1,20,1,2,0,0,0,0,0,0,0,0,0,0,1,0,2,4,17,4
3030,A1,1,17,0,3,0,0,0,0,0,0,0,0,0,1,0,2,4,38,21
3030,B0,0,3,18,2,0,0,0,0,0,0,0,0,0,1,0,1,5,82,23
3030,B1,5,2,2,2,0,0,0,0,0,0,0,0,0,1,0,2,36,235,55
3030,B2,1,0,5,20,0,0,0,0,0,0,0,0,0,1,0,1,7,76,7
3030,C1,18,1,3,0,0,0,0,0,0,0,0,0,0,1,0,2,4,17,4
3040,A1,1,17,0,2,0,0,0,0,0,0,0,0,0,0,1,2,4,38,21
3040,B0,0,5,20,1,0,0,0,0,0,0,0,0,0,0,1,1,5,82,23
3040,B1,4,1,3,2,0,0,0,0,0,0,0,0,0,0,1,1,36,235,55
3040,B2,1,0,4,20,0,0,0,0,0,0,0,0,0,0,1,1,7,76,7
3040,C1,18,1,2,0,0,0,0,0,0,0,0,0,0,0,1,2,4,17,4
3050,A1,2,18,0,1,0,0,0,0,0,0,0,0,0,0,1,2,4,38,21
3050,B0,0,6,19,2,0,0,0,0,0,0,0,0,0,0,1,1,5,82,23
3050,B1,4,1,5,3,0,0,0,0,0,0,0,0,0,0,1,1,36,235,55
3050,B2,3,0,1,20,0,0,0,0,0,0,0,0,0,0,1,1,7,76,7
3050,C1,18,2,1,0,0,0,0,0,0,0,0,0,0,0,1,2,4,17,4
3060,A1,2,20,0,2,0,0,0,0,0,0,0,0,0,1,0,2,4,38,21
3060,B0,0,8,18,1,0,0,0,0,0,0,0,0,0,1,0,1,5,82,23
3060,B1,5,1,4,2,0,0,0,0,0,0,0,0,0,1,0,1,36,235,55
3060,B2,3,0,1,20,0,0,0,0,0,0,0,0,0,1,0,1,7,76,7
3060,C1,20,1,1,0,0,0,0,0,0,0,0,0,0,1,0,2,4,17,4
3070,A1,2,18,0,4,0,0,0,0,0,0,0,0,0,1,0,2,4,38,21
3070,B0,0,5,19,2,0,0,0,0,0,0,0,0,0,1,0,1,5,82,23
3070,B1,4,1,4,2,0,0,0,0,0,0,0,0,0,1,0,1,36,235,55
3070,B2,1,0,2,20,0,0,0,0,0,0,0,0,0,1,0,1,7,76,7
3070,C1,18,1,1,0,0,0,0,0,0,0,0,0,0,1,0,2,4,17,4
3080,A1,2,17,0,4,0,0,0,0,0,0,0,0,0,1,0,2,4,38,21
3080,B0,0,2,20,2,0,0,0,0,0,0,0,0,0,1,0,1,5,82,23
3080,B1,2,1,4,2,0,0,0,0,0,0,0,0,0,1,0,1,36,235,55
3080,B2,1,0,3,20,0,0,0,0,0,0,0,0,0,1,0,1,7,76,7
3080,C1,15,1,1,0,0,0,0,0,0,0,0,0,0,1,0,2,4,17,4
3090,A1,2,18,0,2,0,0,0,0,0,0,0,0,0,0,1,2,4,38,21
3090,B0,0,2,20,1,0,0,0,0,0,0,0,0,0,0,1,1,5,82,23
3090,B1,1,1,3,3,0,0,0,0,0,0,0,0,0,0,1,1,36,235,55
3090,B2,2,0,1,19,0,0,0,0,0,0,0,0,0,0,1,1,7,76,7
3090,C1,16,3,1,0,0,0,0,0,0,0,0,0,0,0,1,2,4,17,4
3100,A1,2,20,0,3,0,0,0,0,0,0,0,0,0,0,1,2,4,38,21
3100,B0,0,3,18,2,0,0,0,0,0,0,0,0,0,0,1,1,5,82,23
3100,B1,1,1,2,3,0,0,0,0,0,0,0,0,0,0,1,1,36,235,55
3100,B2,3,0,1,20,0,0,0,0,0,0,0,0,0,0,1,1,7,76,7
3100,C1,19,5,2,0,0,0,0,0,0,0,0,0,0,0,1,2,4,17,4
3110,A1,1,20,0,2,0,0,0,0,0,0,0,0,0,1,0,2,4,38,21
3110,B0,0,1,18,1,0,0,0,0,0,0,0,0,0,1,0,1,5,82,23
3110,B1,1,1,1,2,0,0,0,0,0,0,0,0,0,1,0,1,37,238,56
3110,B2,4,0,1,19,0,0,0,0,0,0,0,0,0,1,0,1,7,76,7
3110,C1,20,5,4,0,0,0,0,0,0,0,0,0,0,1,0,2,4,17,4
3120,A1,1,17,0,2,0,0,0,0,0,0,0,0,0,1,0,2,4,38,21
3120,B0,0,2,18,3,0,0,0,0,0,0,0,0,0,1,0,1,5,82,23
3120,B1,3,1,1,2,0,0,0,0,0,0,0,0,0,1,0,2,37,238,56
3120,B2,1,0,3,20,0,0,0,0,0,0,0,0,0,1,0,1,7,76,7
3120,C1,20,3,5,0,0,0,0,0,0,0,0,0,0,1,0,2,4,17,4
3130,A1,1,16,0,2,0,0,0,0,0,0,0,0,0,0,1,2,4,38,21
3130,B0,0,3,20,2,0,0,0,0,0,0,0,0,0,0,1,1,5,82,23
3130,B1,2,1,2,1,0,0,0,0,0,0,0,0,0,0,1,1,37,238,56
3130,B2,1,0,2,20,0,0,0,0,0,0,0,0,0,0,1,1,7,76,7
3130,C1,20,2,4,0,0,0,0,0,0,0,0,0,0,0,1,2,4,17,4
3140,A1,1,17,0,1,0,0,0,0,0,0,0,0,0,0,1,2,4,38,21
3140,B0,0,3,19,1,0,0,0,0,0,0,0,0,0,0,1,1,5,82,23
3140,B1,2,1,2,1,0,0,0,0,0,0,0,0,0,0,1,1,37,238,56
3140,B2,1,0,1,20,0,0,0,0,0,0,0,0,0,0,1,1,7,76,7
3140,C1,20,2,1,0,0,0,0,0,0,0,0,0,0,0,1,2,4,17,4
3150,A1,3,20,0,2,0,0,0,0,0,0,0,0,0,0,1,2,4,38,21
3150,B0,0,4,16,1,0,0,0,0,0,0,0,0,0,0,1,1,5,82,23
3150,B1,2,1,2,2,0,0,0,0,0,0,0,0,0,0,1,1,37,238,56
3150,B2,2,0,1,19,0,0,0,0,0,0,0,0,0,0,1,1,7,76,7
3150,C1,20,2,2,0,0,0,0,0,0,0,0,0,0,0,1,2,4,17,4
3160,A1,1,20,0,2,0,0,0,0,0,0,0,0,0,1,0,2,4,38,21
3160,B0,0,3,17,2,0,0,0,0,0,0,0,0,0,1,0,1,5,82,23
3160,B1,1,1,2,2,0,0,0,0,0,0,0,0,0,1,0,1,37,238,56
3160,B2,1,0,4,19,0,0,0,0,0,0,0,0,0,1,0,1,7,76,7
3160,C1,20,2,2,0,0,0,0,0,0,0,0,0,0,1,0,2,4,17,4
3170,A1,1,19,0,3,0,0,0,0,0,0,0,0,0,1,0,2,4,38,21
3170,B0,0,2,19,2,0,0,0,0,0,0,0,0,0,1,0,1,5,82,23
3170,B1,3,3,2,2,0,0,0,0,0,0,0,0,0,1,0,2,37,238,56
3170,B2,2,0,4,20,0,0,0,0,0,0,0,0,0,1,0,1,7,76,7
3170,C1,18,1,2,0,0,0,0,0,0,0,0,0,0,1,0,2,4,17,4
3180,A1,2,20,0,1,0,0,0,0,0,0,0,0,0,0,1,2,4,38,21
3180,B0,0,2,20,3,0,0,0,0,0,0,0,0,0,0,1,1,5,82,23
3180,B1,3,1,1,1,0,0,0,0,0,0,0,0,0,0,1,2,38,246,58
3180,B2,3,0,2,20,0,0,0,0,0,0,0,0,0,0,1,1,7,76,7
3180,C1,18,2,2,0,0,0,0,0,0,0,0,0,0,0,1,2,4,17,4
3190,A1,3,20,0,1,0,0,0,0,0,0,0,0,0,0,1,2,4,38,21
3190,B0,0,2,20,2,0,0,0,0,0,0,0,0,0,0,1,1,5,82,23
3190,B1,3,1,1,1,0,0,0,0,0,0,0,0,0,0,1,2,38,246,58
3190,B2,3,0,2,18,0,0,0,0,0,0,0,0,0,0,1,1,7,76,7
3190,C1,19,4,3,0,0,0,0,0,0,0,0,0,0,0,1,2,4,17,4
3200,A1,3,20,0,2,0,0,0,0,0,0,0,0,0,1,0,2,4,38,21
3200,B0,0,1,20,2,0,0,0,0,0,0,0,0,0,1,0,1,5,82,23
3200,B1,2,3,2,2,0,0,0,0,0,0,0,0,0,1,0,2,38,246,58
3200,B2,3,0,3,17,0,0,0,0,0,0,0,0,0,1,0,1,7,76,7
3200,C1,20,3,4,0,0,0,0,0,0,0,0,0,0,1,0,2,4,17,4
3210,A1,2,20,0,1,0,0,0,0,0,0,0,0,0,1,0,2,4,38,21
3210,B0,0,1,20,2,0,0,0,0,0,0,0,0,0,1,0,1,5,82,23
3210,B1,2,2,1,2,0,0,0,0,0,0,0,0,0,1,0,2,38,246,58
3210,B2,2,0,3,18,0,0,0,0,0,0,0,0,0,1,0,1,7,76,7
3210,C1,20,1,6,0,0,0,0,0,0,0,0,0,0,1,0,2,4,17,4
3220,A1,1,19,0,1,0,0,0,0,0,0,0,0,0,0,1,2,4,38,21
3220,B0,0,2,20,3,0,0,0,0,0,0,0,0,0,0,1,1,5,82,23
3220,B1,1,2,1,2,0,0,0,0,0,0,0,0,0,0,1,1,38,246,58
3220,B2,2,0,3,20,0,0,0,0,0,0,0,0,0,0,1,1,7,76,7
3220,C1,19,1,5,0,0,0,0,0,0,0,0,0,0,0,1,2,4,17,4
3230,A1,1,20,0,2,0,0,0,0,0,0,0,0,0,0,1,2,4,38,21
3230,B0,0,2,20,2,0,0,0,0,0,0,0,0,0,0,1,1,5,82,23
3230,B1,1,3,3,1,0,0,0,0,0,0,0,0,0,0,1,1,38,246,58
3230,B2,4,0,2,20,0,0,0,0,0,0,0,0,0,0,1,1,7,76,7
3230,C1,20,2,1,0,0,0,0,0,0,0,0,0,0,0,1,2,4,17,4
3240,A1,3,20,0,3,0,0,0,0,0,0,0,0,0,0,1,2,4,38,21
3240,B0,0,3,18,2,0,0,0,0,0,0,0,0,0,0,1,1,5,82,23
3240,B1,1,3,3,1,0,0,0,0,0,0,0,0,0,0,1,1,38,246,58
3240,B2,4,0,1,18,0,0,0,0,0,0,0,0,0,0,1,1,7,76,7
3240,C1,20,3,1,0,0,0,0,0,0,0,0,0,0,0,1,2,4,17,4
3250,A1,1,20,0,4,0,0,0,0,0,0,0,0,0,1,0,2,4,38,21
3250,B0,0,1,19,1,0,0,0,0,0,0,0,0,0,1,0,1,5,82,23
3250,B1,1,3,1,1,0,0,0,0,0,0,0,0,0,1,0,2,38,246,58
3250,B2,1,0,1,19,0,0,0,0,0,0,0,0,0,1,0,1,7,76,7
3250,C1,20,2,1,0,0,0,0,0,0,0,0,0,0,1,0,2,4,17,4
3260,A1,2,18,0,4,0,0,0,0,0,0,0,0,0,1,0,2,4,38,21
3260,B0,0,2,19,2,0,0,0,0,0,0,0,0,0,1,0,1,5,82,23
3260,B1,2,3,1,1,0,0,0,0,0,0,0,0,0,1,0,2,38,246,58
3260,B2,1,0,2,20,0,0,0,0,0,0,0,0,0,1,0,1,7,76,7
3260,C1,20,1,1,0,0,0,0,0,0,0,0,0,0,1,0,2,4,17,4
3270,A1,1,17,0,2,0,0,0,0,0,0,0,0,0,0,1,2,4,38,21
3270,B0,0,4,20,2,0,0,0,0,0,0,0,0,0,0,1,1,5,82,23
3270,B1,2,3,1,1,0,0,0,0,0,0,0,0,0,0,1,2,38,246,58
3270,B2,1,0,1,20,0,0,0,0,0,0,0,0,0,0,1,1,7,76,7
3270,C1,20,1,1,0,0,0,0,0,0,0,0,0,0,0,1,2,4,17,4
3280,A1,2,17,0,1,0,0,0,0,0,0,0,0,0,0,1,2,4,38,21
3280,B0,0,6,20,1,0,0,0,0,0,0,0,0,0,0,1,1,5,82,23
3280,B1,2,3,2,1,0,0,0,0,0,0,0,0,0,0,1,2,38,246,58
3280,B2,1,0,1,19,0,0,0,0,0,0,0,0,0,0,1,1,7,76,7
3280,C1,20,2,4,0,0,0,0,0,0,0,0,0,0,0,1,2,4,17,4
3290,A1,4,20,0,1,0,0,0,0,0,0,0,0,0,1,0,2,4,38,21
3290,B0,0,6,18,2,0,0,0,0,0,0,0,0,0,1,0,1,5,82,23
3290,B1,1,3,2,1,0,0,0,0,0,0,0,0,0,1,0,2,38,246,58
3290,B2,2,0,2,19,0,0,0,0,0,0,0,0,0,1,0,1,7,76,7
3290,C1,20,1,4,0,0,0,0,0,0,0,0,0,0,1,0,2,4,17,4
3300,A1,1,20,0,1,0,0,0,0,0,0,0,0,0,1,0,2,4,38,21
3300,B0,0,2,19,3,0,0,0,0,0,0,0,0,0,1,0,1,5,82,23
3300,B1,2,1,2,1,0,0,0,0,0,0,0,0,0,1,0,1,38,246,58
3300,B2,1,0,4,19,0,0,0,0,0,0,0,0,0,1,0,1,7,76,7
3300,C1,19,1,5,0,0,0,0,0,0,0,0,0,0,1,0,2,4,17,4
3310,A1,1,18,0,1,0,0,0,0,0,0,0,0,0,1,0,2,4,38,21
3310,B0,0,1,20,4,0,0,0,0,0,0,0,0,0,1,0,1,5,82,23
3310,B1,2,2,2,2,0,0,0,0,0,0,0,0,0,1,0,1,38,246,58
3310,B2,1,0,6,20,0,0,0,0,0,0,0,0,0,1,0,1,7,76,7
3310,C1,17,1,5,0,0,0,0,0,0,0,0,0,0,1,0,2,4,17,4
3320,A1,1,19,0,1,0,0,0,0,0,0,0,0,0,0,1,2,4,38,21
3320,B0,0,1,20,3,0,0,0,0,0,0,0,0,0,0,1,1,5,82,23
3320,B1,1,2,2,2,0,0,0,0,0,0,0,0,0,0,1,1,38,246,58
3320,B2,1,0,4,20,0,0,0,0,0,0,0,0,0,0,1,1,7,76,7
3320,C1,18,2,3,0,0,0,0,0,0,0,0,0,0,0,1,2,4,17,4
3330,A1,3,19,0,2,0,0,0,0,0,0,0,0,0,0,1,2,4,38,21
3330,B0,0,2,19,1,0,0,0,0,0,0,0,0,0,0,1,1,5,82,23
3330,B1,1,2,2,2,0,0,0,0,0,0,0,0,0,0,1,1,38,246,58
3330,B2,1,0,1,20,0,0,0,0,0,0,0,0,0,0,1,1,7,76,7
3330,C1,19,2,2,0,0,0,0,0,0,0,0,0,0,0,1,2,4,17,4
3340,A1,1,20,0,2,0,0,0,0,0,0,0,0,0,1,0,2,4,38,21
3340,B0,0,1,19,1,0,0,0,0,0,0,0,0,0,1,0,1,5,82,23
3340,B1,1,1,1,2,0,0,0,0,0,0,0,0,0,1,0,1,38,246,58
3340,B2,1,0,1,20,0,0,0,0,0,0,0,0,0,1,0,1,7,76,7
3340,C1,20,1,4,0,0,0,0,0,0,0,0,0,0,1,0,2,4,17,4
3350,A1,1,20,0,2,0,0,0,0,0,0,0,0,0,1,0,2,4,38,21
3350,B0,0,1,19,3,0,0,0,0,0,0,0,0,0,1,0,1,5,82,23
3350,B1,4,2,1,2,0,0,0,0,0,0,0,0,0,1,0,2,38,246,58
3350,B2,2,0,1,20,0,0,0,0,0,0,0,0,0,1,0,1,7,76,7
3350,C1,20,1,3,0,0,0,0,0,0,0,0,0,0,1,0,2,4,17,4
3360,A1,1,20,0,1,0,0,0,0,0,0,0,0,0,0,1,2,4,38,21
3360,B0,0,2,20,2,0,0,0,0,0,0,0,0,0,0,1,1,5,82,23
3360,B1,2,1,3,1,0,0,0,0,0,0,0,0,0,0,1,1,38,246,58
3360,B2,2,0,2,20,0,0,0,0,0,0,0,0,0,0,1,1,7,76,7
3360,C1,19,2,2,0,0,0,0,0,0,0,0,0,0,0,1,2,4,17,4
3370,A1,1,20,0,2,0,0,0,0,0,0,0,0,0,0,1,2,4,38,21
3370,B0,0,2,17,1,0,0,0,0,0,0,0,0,0,0,1,1,5,82,23
3370,B1,2,1,1,2,0,0,0,0,0,0,0,0,0,0,1,1,38,246,58
3370,B2,2,0,1,20,0,0,0,0,0,0,0,0,0,0,1,1,7,76,7
3370,C1,19,2,1,0,0,0,0,0,0,0,0,0,0,0,1,2,4,17,4
3380,A1,2,20,0,1,0,0,0,0,0,0,0,0,0,0,1,2,4,38,21
3380,B0,0,2,16,1,0,0,0,0,0,0,0,0,0,0,1,1,5,82,23
3380,B1,2,1,1,2,0,0,0,0,0,0,0,0,0,0,1,1,38,246,58
3380,B2,2,0,1,18,0,0,0,0,0,0,0,0,0,0,1,1,7,76,7
3380,C1,20,4,1,0,0,0,0,0,0,0,0,0,0,0,1,2,4,17,4
3390,A1,1,20,0,1,0,0,0,0,0,0,0,0,0,1,0,2,4,38,21
3390,B0,0,1,18,2,0,0,0,0,0,0,0,0,0,1,0,1,5,82,23
3390,B1,1,2,1,3,0,0,0,0,0,0,0,0,0,1,0,1,38,246,58
3390,B2,1,0,2,19,0,0,0,0,0,0,0,0,0,1,0,1,7,76,7
3390,C1,20,2,2,0,0,0,0,0,0,0,0,0,0,1,0,2,4,17,4
3400,A1,3,20,0,2,0,0,0,0,0,0,0,0,0,1,0,2,4,38,21
3400,B0,0,2,20,4,0,0,0,0,0,0,0,0,0,1,0,1,5,82,23
3400,B1,1,2,1,1,0,0,0,0,0,0,0,0,0,1,0,2,38,246,58
3400,B2,1,0,2,19,0,0,0,0,0,0,0,0,0,1,0,1,7,76,7
3400,C1,20,3,3,0,0,0,0,0,0,0,0,0,0,1,0,2,4,17,4
3410,A1,3,20,0,1,0,0,0,0,0,0,0,0,0,0,1,2,4,38,21
3410,B0,0,2,20,2,0,0,0,0,0,0,0,0,0,0,1,1,5,82,23
3410,B1,1,1,2,2,0,0,0,0,0,0,0,0,0,0,1,1,38,246,58
3410,B2,2,0,1,20,0,0,0,0,0,0,0,0,0,0,1,1,7,76,7
3410,C1,20,1,2,0,0,0,0,0,0,0,0,0,0,0,1,2,4,17,4
3420,A1,1,20,0,1,0,0,0,0,0,0,0,0,0,0,1,2,4,38,21
3420,B0,0,3,19,1,0,0,0,0,0,0,0,0,0,0,1,1,5,82,23
3420,B1,1,1,2,1,0,0,0,0,0,0,0,0,0,0,1,1,38,246,58
3420,B2,3,0,2,19,0,0,0,0,0,0,0,0,0,0,1,1,7,76,7
3420,C1,20,1,2,0,0,0,0,0,0,0,0,0,0,0,1,2,4,17,4
3430,A1,2,20,0,1,0,0,0,0,0,0,0,0,0,1,0,2,4,38,21
3430,B0,0,2,18,2,0,0,0,0,0,0,0,0,0,1,0,1,5,82,23
3430,B1,1,1,1,1,0,0,0,0,0,0,0,0,0,1,0,1,38,246,58
3430,B2,2,0,2,18,0,0,0,0,0,0,0,0,0,1,0,1,7,76,7
3430,C1,20,1,3,0,0,0,0,0,0,0,0,0,0,1,0,2,4,17,4
3440,A1,1,19,0,2,0,0,0,0,0,0,0,0,0,1,0,2,4,38,21
3440,B0,0,1,18,3,0,0,0,0,0,0,0,0,0,1,0,1,5,82,23
3440,B1,1,2,1,1,0,0,0,0,0,0,0,0,0,1,0,2,38,246,58
3440,B2,1,0,2,19,0,0,0,0,0,0,0,0,0,1,0,1,7,76,7
3440,C1,20,1,3,0,0,0,0,0,0,0,0,0,0,1,0,2,4,17,4
3450,A1,1,16,0,2,0,0,0,0,0,0,0,0,0,0,1,2,4,38,21
3450,B0,0,2,20,3,0,0,0,0,0,0,0,0,0,0,1,1,5,82,23
3450,B1,1,2,2,1,0,0,0,0,1,0,0,0,0,0,1,1,39,248,58
3450,B2,3,0,3,20,0,0,0,0,0,0,0,0,0,0,1,1,7,76,7
3450,C1,18,2,3,0,0,0,0,0,0,0,0,1,0,0,1,2,4,17,4
3460,A1,1,17,0,1,0,0,0,0,0,0,0,0,0,0,1,2,4,38,21
3460,B0,0,1,20,2,0,0,0,0,0,0,0,0,0,0,1,1,5,82,23
3460,B1,1,2,3,1,0,0,0,0,0,0,0,0,0,0,1,1,39,250,59
3460,B2,3,0,1,20,0,0,0,0,0,0,0,0,0,0,1,1,7,76,7
3460,C1,19,4,1,0,0,0,0,0,0,0,0,0,0,0,1,2,4,17,4
3470,A1,2,19,0,1,0,0,0,0,0,0,0,0,0,0,1,2,4,38,21
3470,B0,0,1,19,1,0,0,0,0,0,0,0,0,0,0,1,1,5,82,23
3470,B1,1,1,2,1,0,0,0,0,0,0,0,0,0,0,1,1,39,250,59
3470,B2,3,0,3,19,0,0,0,0,0,0,0,0,0,0,1,1,7,76,7
3470,C1,19,1,1,0,0,0,0,0,0,0,0,0,0,0,1,2,4,17,4
3480,A1,4,20,0,2,0,0,0,0,0,0,0,0,0,1,0,2,4,38,21
3480,B0,0,1,20,1,0,0,0,0,0,0,0,0,0,1,0,1,5,82,23
3480,B1,2,2,2,1,0,0,0,0,0,0,0,0,0,1,0,2,39,250,59
3480,B2,1,0,2,19,0,0,0,0,0,0,0,0,0,1,0,1,7,76,7
3480,C1,19,1,1,0,0,0,0,0,0,0,0,0,0,1,0,2,4,17,4
3490,A1,1,20,0,2,0,0,0,0,0,0,0,0,0,1,0,2,4,38,21
3490,B0,0,1,20,1,0,0,0,0,0,0,0,0,0,1,0,1,5,82,23
3490,B1,2,2,2,1,0,0,0,0,0,0,0,0,0,1,0,2,39,250,59
3490,B2,1,0,4,20,0,0,0,0,0,0,0,0,0,1,0,1,7,76,7
3490,C1,17,2,2,0,0,0,0,0,0,0,0,0,0,1,0,2,4,17,4
3500,A1,1,20,0,2,0,0,0,0,0,0,0,0,0,0,1,2,4,38,21
3500,B0,0,1,20,1,0,0,0,0,0,0,0,0,0,0,1,1,5,82,23
3500,B1,2,1,1,1,0,0,0,0,0,0,0,0,0,0,1,2,39,250,59
3500,B2,1,0,2,20,0,0,0,0,0,0,0,0,0,0,1,1,7,76,7
3500,C1,17,2,1,0,0,0,0,0,0,0,0,0,0,0,1,2,4,17,4
3510,A1,2,20,0,1,0,0,0,0,0,0,0,0,0,0,1,2,4,38,21
3510,B0,0,1,19,1,0,0,0,0,0,0,0,0,0,0,1,1,5,82,23
3510,B1,2,1,1,2,0,0,0,0,0,0,0,0,0,0,1,1,39,250,59
3510,B2,2,0,1,19,0,0,0,0,0,0,0,0,0,0,1,1,7,76,7
3510,C1,18,2,1,0,0,0,0,0,0,0,0,0,0,0,1,2,4,17,4
3520,A1,1,20,0,3,0,0,0,0,0,0,0,0,0,1,0,2,4,38,21
3520,B0,0,2,19,1,0,0,0,0,0,0,0,0,0,1,0,1,5,82,23
3520,B1,1,1,1,2,0,0,1,0,0,0,0,0,0,1,0,2,40,253,59
3520,B2,1,0,1,19,0,0,0,0,0,1,0,0,0,1,0,1,7,76,7
3520,C1,20,3,1,0,0,0,0,0,0,0,0,0,0,1,0,2,4,17,4
3530,A1,1,20,0,1,0,0,0,0,0,0,0,0,0,1,0,2,4,38,21
3530,B0,0,2,19,1,0,0,0,0,0,0,0,0,0,1,0,1,5,82,23
3530,B1,1,1,1,2,0,0,0,0,0,0,0,0,0,1,0,1,40,264,60
3530,B2,1,0,2,19,0,0,0,0,0,0,0,0,0,1,0,1,7,76,7
3530,C1,20,1,3,0,0,0,0,0,0,0,0,0,0,1,0,2,4,17,4
3540,A1,1,18,0,3,0,0,0,0,0,0,0,0,0,1,0,2,4,38,21
3540,B0,0,1,20,2,0,0,0,0,0,0,0,0,0,1,0,1,5,82,23
3540,B1,2,1,1,2,0,0,0,0,0,0,0,0,0,1,0,1,40,264,60
3540,B2,1,0,3,19,0,0,0,0,0,0,0,0,0,1,0,1,7,76,7
3540,C1,19,3,3,0,0,0,0,0,0,0,0,0,0,1,0,2,4,17,4
3550,A1,1,19,0,1,0,0,0,0,0,0,0,0,0,0,1,2,4,38,21
3550,B0,0,1,19,1,0,0,0,0,0,0,0,0,0,0,1,1,5,82,23
3550,B1,2,1,1,1,0,0,0,0,0,0,0,0,0,0,1,2,40,264,60
3550,B2,3,0,2,20,0,0,0,0,0,0,0,0,0,0,1,1,7,76,7
3550,C1,20,3,1,0,0,0,0,0,0,0,0,0,0,0,1,2,4,17,4
3560,A1,1,19,0,1,0,0,0,0,0,0,0,0,0,0,1,2,4,38,21
3560,B0,0,1,15,2,0,0,0,0,0,0,0,0,0,0,1,1,5,82,23
3560,B1,2,1,2,2,0,0,0,0,0,0,0,0,0,0,1,1,40,264,60
3560,B2,4,0,1,20,0,0,0,0,0,0,0,0,0,0,1,1,7,76,7
3560,C1,20,4,1,0,0,0,0,0,0,0,0,0,0,0,1,2,4,17,4
3570,A1,2,20,0,1,0,0,0,0,0,0,0,0,0,1,0,2,4,38,21
3570,B0,0,3,15,1,0,0,0,0,0,0,0,0,0,1,0,1,5,82,23
3570,B1,2,1,3,1,0,0,0,0,0,0,0,0,0,1,0,1,41,272,62
3570,B2,2,0,1,20,0,0,0,0,0,0,0,0,0,1,0,1,7,76,7
3570,C1,18,4,2,0,0,0,0,0,0,0,0,0,0,1,0,2,4,17,4
3580,A1,1,20,0,1,0,0,0,0,0,0,0,0,0,1,0,2,4,38,21
3580,B0,0,2,18,1,0,0,0,0,0,0,0,0,0,1,0,1,5,82,23
3580,B1,2,1,3,1,0,0,0,0,0,0,0,0,0,1,0,1,41,272,62
3580,B2,2,0,1,20,0,0,0,0,0,0,0,0,0,1,0,1,7,76,7
3580,C1,18,3,1,0,0,0,0,0,0,0,0,0,0,1,0,2,4,17,4
3590,A1,1,20,0,2,0,0,0,0,0,0,0,0,0,0,1,2,4,38,21
3590,B0,0,1,20,2,0,0,0,0,0,0,0,0,0,0,1,1,5,82,23
3590,B1,2,1,3,2,0,0,0,0,0,0,0,0,0,0,1,1,41,272,62
3590,B2,1,0,2,20,0,0,0,0,0,0,0,0,0,0,1,1,7,76,7
3590,C1,18,2,3,0,0,0,0,0,0,0,0,0,0,0,1,2,4,17,4
3600,A1,2,20,0,1,0,0,0,0,0,0,0,0,0,0,1,2,4,38,21
3600,B0,0,1,19,1,0,0,0,0,0,0,0,0,0,0,1,1,5,82,23
3600,B1,3,1,2,2,0,0,0,0,0,0,0,0,0,0,1,1,41,272,62
3600,B2,2,0,1,20,0,0,0,0,0,0,0,0,0,0,1,1,7,76,7
3600,C1,20,2,4,0,0,0,0,0,0,0,0,0,0,0,1,2,4,17,4
3610,A1,3,20,0,1,0,0,0,0,0,0,0,0,0,0,1,2,4,38,21
3610,B0,0,1,18,1,0,0,0,0,0,0,0,0,0,0,1,1,5,82,23
3610,B1,3,1,1,1,0,0,0,0,0,0,0,0,0,0,1,2,41,272,62
3610,B2,2,0,2,18,0,0,0,0,0,0,0,0,0,0,1,1,7,76,7
3610,C1,20,3,3,0,0,0,0,0,0,0,0,0,0,0,1,2,4,17,4
3620,A1,1,20,0,1,0,0,0,0,0,0,0,0,0,1,0,2,5,51,40
3620,B0,0,1,19,1,0,0,0,0,0,0,0,0,0,1,0,1,5,82,23
3620,B1,1,2,1,1,0,0,0,0,0,0,0,0,0,1,0,2,41,272,62
3620,B2,1,0,3,18,0,0,0,0,0,0,0,0,0,1,0,1,7,76,7
3620,C1,20,1,3,0,0,0,0,0,0,0,0,0,0,1,0,2,4,17,4
3630,A1,1,18,0,2,0,0,0,0,0,0,0,0,0,1,0,2,5,51,40
3630,B0,0,2,20,1,0,0,0,0,0,0,0,0,0,1,0,1,5,82,23
3630,B1,2,1,1,1,0,0,0,0,0,0,0,0,0,1,0,2,41,272,62
3630,B2,1,0,3,19,0,0,0,0,0,0,0,0,0,1,0,1,7,76,7
3630,C1,19,1,3,0,0,0,0,0,0,0,0,0,0,1,0,2,4,17,4
3640,A1,1,19,0,2,0,0,0,0,0,0,0,0,0,0,1,2,5,51,40
3640,B0,0,1,20,2,0,0,0,0,0,0,0,0,0,0,1,1,5,82,23
3640,B1,1,2,1,3,0,0,0,0,0,0,0,0,0,0,1,1,41,272,62
3640,B2,1,0,3,20,0,0,0,0,0,0,0,0,0,0,1,1,7,76,7
3640,C1,19,2,4,0,0,0,0,0,0,0,0,0,0,0,1,2,4,17,4
3650,A1,4,20,0,1,0,0,0,0,0,0,0,0,0,0,1,2,5,51,40
3650,B0,0,2,19,2,0,0,0,0,0,0,0,0,0,0,1,1,5,82,23
3650,B1,1,2,2,5,0,0,0,0,0,0,0,0,0,0,1,1,41,272,62
3650,B2,1,0,2,20,0,0,0,0,0,0,0,0,0,0,1,1,7,76,7
3650,C1,19,1,2,0,0,0,0,0,0,0,0,0,0,0,1,2,4,17,4
3660,A1,1,20,0,1,0,0,0,0,0,0,0,0,0,1,0,2,5,51,40
3660,B0,0,2,19,2,0,0,0,0,0,0,0,0,0,1,0,1,5,82,23
3660,B1,1,2,1,2,0,0,0,0,0,0,0,0,0,1,0,1,41,272,62
3660,B2,1,0,1,19,0,0,0,0,0,0,0,0,0,1,0,1,7,76,7
3660,C1,20,2,1,0,0,0,0,0,0,0,0,0,0,1,0,2,4,17,4
3670,A1,2,18,0,1,0,0,0,0,0,0,0,0,0,1,0,2,5,51,40
3670,B0,0,1,20,4,0,0,0,0,0,0,0,0,0,1,0,1,5,82,23
3670,B1,2,2,1,2,0,0,0,0,0,0,0,0,0,1,0,2,41,272,62
3670,B2,1,0,1,19,0,0,0,0,0,0,0,0,0,1,0,1,7,76,7
3670,C1,20,2,1,0,0,0,0,0,0,0,0,0,0,1,0,2,4,17,4
3680,A1,2,18,0,2,0,0,0,0,0,0,0,0,1,0,1,2,5,51,40
3680,B0,0,1,20,6,0,0,0,0,0,0,0,0,0,0,1,1,5,82,23
3680,B1,1,2,3,2,0,0,0,1,0,0,0,0,0,0,1,1,42,274,62
3680,B2,1,0,3,19,0,0,0,0,0,0,0,0,0,0,1,1,7,76,7
3680,C1,18,1,2,0,0,0,0,0,0,0,0,0,0,0,1,2,4,17,4
3690,A1,4,18,0,1,0,0,0,0,0,0,0,0,0,0,1,2,5,51,40
3690,B0,0,2,20,3,0,0,0,0,0,0,0,0,0,0,1,1,5,82,23
3690,B1,1,2,2,1,0,0,0,0,0,0,0,0,0,0,1,1,42,278,63
3690,B2,1,0,2,19,0,0,0,0,0,0,0,0,0,0,1,1,7,76,7
3690,C1,19,1,1,0,0,0,0,0,0,0,0,0,0,0,1,2,4,17,4
3700,A1,2,20,0,2,0,0,0,0,0,0,0,0,0,0,1,2,5,51,40
3700,B0,0,3,20,1,0,0,0,0,0,0,0,0,0,0,1,1,5,82,23
3700,B1,1,2,2,2,0,0,0,0,0,0,0,0,0,0,1,1,42,278,63
3700,B2,1,0,4,18,0,0,0,0,0,0,0,0,0,0,1,1,7,76,7
3700,C1,20,2,1,0,0,0,0,0,0,0,0,0,0,0,1,2,4,17,4
3710,A1,2,20,0,4,0,0,0,0,0,0,0,0,0,1,0,2,5,51,40
3710,B0,0,1,20,2,0,0,0,0,0,0,0,0,0,1,0,1,5,82,23
3710,B1,1,1,1,2,0,0,0,0,0,0,0,0,0,1,0,1,43,286,65
3710,B2,1,0,1,20,0,0,0,0,0,0,0,0,0,1,0,1,7,76,7
3710,C1,20,3,1,0,0,0,0,0,0,0,0,0,0,1,0,2,4,17,4
3720,A1,1,16,0,4,0,0,0,0,0,0,0,0,0,1,0,2,5,51,40
3720,B0,0,1,20,3,0,0,0,0,0,0,0,0,0,1,0,1,5,82,23
3720,B1,2,2,1,2,0,0,0,0,0,0,0,0,0,1,0,2,43,286,65
3720,B2,1,0,1,20,0,0,0,0,0,0,0,0,0,1,0,1,7,76,7
3720,C1,19,2,1,0,0,0,0,0,0,0,0,0,0,1,0,2,4,17,4
3730,A1,2,16,0,5,0,0,0,0,0,0,0,0,0,0,1,2,5,51,40
3730,B0,0,1,20,2,0,0,0,0,0,0,0,0,0,0,1,1,5,82,23
3730,B1,1,1,1,1,0,0,0,0,0,0,0,0,0,0,1,1,43,286,65
3730,B2,1,0,1,20,0,0,0,0,0,0,0,0,0,0,1,1,7,76,7
3730,C1,19,1,1,0,0,0,0,0,0,0,0,0,0,0,1,2,4,17,4
3740,A1,2,17,0,2,0,0,0,0,0,0,0,0,0,0,1,2,5,51,40
3740,B0,0,1,19,3,0,0,0,0,0,0,0,0,0,0,1,1,5,82,23
3740,B1,1,1,3,1,0,0,0,0,0,0,0,0,0,0,1,1,43,286,65
3740,B2,1,0,4,18,0,0,0,0,0,0,0,0,0,0,1,1,7,76,7
3740,C1,20,1,1,0,0,0,0,0,0,0,0,0,0,0,1,2,4,17,4
3750,A1,4,20,0,1,0,0,0,0,0,0,0,0,0,1,0,2,5,51,40
3750,B0,0,1,18,1,0,0,0,0,0,0,0,0,0,1,0,1,5,82,23
3750,B1,1,2,3,2,0,0,0,0,0,0,1,0,0,1,0,1,43,286,65
3750,B2,1,0,5,18,0,1,0,0,0,0,0,0,0,1,0,2,8,80,7
3750,C1,20,2,1,0,0,0,0,0,0,0,0,0,0,1,0,2,4,17,4
3760,A1,3,20,0,3,0,0,0,0,0,0,0,0,0,1,0,2,5,51,40
3760,B0,0,1,18,1,0,0,0,0,0,0,0,0,0,1,0,1,5,82,23
3760,B1,2,3,3,2,0,0,0,0,0,0,0,0,0,1,0,1,43,286,65
3760,B2,2,0,1,18,0,0,0,0,0,0,0,0,0,1,0,1,8,81,8
3760,C1,20,1,1,0,0,0,0,0,0,0,0,0,0,1,0,2,4,17,4
3770,A1,1,20,0,3,0,0,0,0,0,0,0,0,0,1,0,2,5,51,40
3770,B0,0,1,20,1,0,0,0,0,0,0,0,0,0,1,0,1,5,82,23
3770,B1,3,3,3,2,0,0,0,0,0,0,0,0,0,1,0,2,43,286,65
3770,B2,1,0,2,20,0,0,0,0,0,0,0,0,0,1,0,1,8,81,8
3770,C1,19,1,1,0,0,0,0,0,0,0,0,0,0,1,0,2,4,17,4
3780,A1,1,20,0,1,0,0,0,0,0,0,0,0,0,0,1,2,5,51,40
3780,B0,0,2,20,1,0,0,0,0,0,0,0,0,0,0,1,1,5,82,23
3780,B1,3,3,2,2,0,0,0,0,0,0,0,0,0,0,1,2,44,295,67
3780,B2,4,0,3,20,0,0,0,0,0,0,0,0,0,0,1,1,8,81,8
3780,C1,20,1,1,0,0,0,0,0,0,0,0,0,0,0,1,2,4,17,4
3790,A1,2,20,0,1,0,0,0,0,0,0,0,0,0,0,1,2,5,51,40
3790,B0,0,3,19,2,0,0,0,0,0,0,0,0,0,0,1,1,5,82,23
3790,B1,3,3,4,2,0,0,0,0,0,0,0,0,0,0,1,1,44,295,67
3790,B2,3,0,1,17,0,0,0,0,0,0,0,0,0,0,1,1,8,81,8
3790,C1,20,1,1,0,0,0,0,0,0,0,0,0,0,0,1,2,4,17,4
3800,A1,2,20,0,1,0,0,0,0,0,0,0,0,0,1,0,2,5,51,40
3800,B0,0,1,19,1,0,0,0,0,0,0,0,0,0,1,0,1,5,82,23
3800,B1,4,1,4,1,0,0,0,0,0,0,0,0,0,1,0,1,44,295,67
3800,B2,4,0,1,16,0,0,0,0,0,0,0,0,0,1,0,1,8,81,8
3800,C1,20,3,2,0,0,0,0,0,0,0,0,0,0,1,0,2,4,17,4
3810,A1,1,20,0,2,0,0,0,0,0,0,0,0,0,1,0,2,5,51,40
3810,B0,0,1,19,2,0,0,0,0,0,0,0,0,0,1,0,1,5,82,23
3810,B1,4,3,3,1,0,0,0,0,0,0,0,0,0,1,0,2,44,295,67
3810,B2,3,0,3,17,0,0,0,0,0,0,0,0,0,1,0,1,8,81,8
3810,C1,20,1,2,0,0,0,0,0,0,0,0,0,0,1,0,2,4,17,4
3820,A1,1,20,0,1,0,0,0,0,0,0,0,0,0,0,1,2,5,51,40
3820,B0,0,2,20,1,0,0,0,0,0,0,0,0,0,0,1,1,5,82,23
3820,B1,4,3,2,1,0,0,0,0,0,0,0,0,0,0,1,2,44,295,67
3820,B2,3,0,3,20,0,0,0,0,0,0,0,0,0,0,1,1,8,81,8
3820,C1,18,1,1,0,0,0,0,0,0,0,0,0,0,0,1,2,4,17,4
3830,A1,1,20,0,1,0,0,0,0,0,0,0,0,0,0,1,2,5,51,40
3830,B0,0,3,19,2,0,0,0,0,0,0,0,0,0,0,1,1,5,82,23
3830,B1,4,3,3,1,0,0,0,0,0,0,0,0,0,0,1,2,44,295,67
3830,B2,3,0,2,19,0,0,0,0,0,0,0,0,0,0,1,1,8,81,8
3830,C1,19,2,2,0,0,0,0,0,0,0,0,0,0,0,1,2,4,17,4
3840,A1,1,20,0,1,0,0,0,0,0,0,0,0,0,0,1,2,5,51,40
3840,B0,0,4,18,1,0,0,0,0,0,0,0,0,0,0,1,1,5,82,23
3840,B1,4,3,2,1,0,0,0,0,0,0,0,0,0,0,1,2,44,295,67
3840,B2,5,0,3,18,0,0,0,0,0,0,0,0,0,0,1,1,8,81,8
3840,C1,20,4,2,0,0,0,0,0,0,0,0,0,0,0,1,2,4,17,4
3850,A1,1,18,0,2,0,0,0,0,0,0,0,0,0,1,0,2,5,51,40
3850,B0,0,1,19,2,0,0,0,0,0,0,0,0,0,1,0,1,5,82,23
3850,B1,6,2,1,1,0,0,0,0,0,0,0,0,0,1,0,2,44,295,67
3850,B2,2,0,3,19,0,0,0,0,0,0,0,0,0,1,0,1,8,81,8
3850,C1,18,1,2,0,0,0,0,0,0,0,0,0,0,1,0,2,4,17,4
3860,A1,1,17,0,2,0,0,0,0,0,0,0,0,0,1,0,2,5,51,40
3860,B0,0,1,20,3,0,0,0,0,0,0,0,0,0,1,0,1,5,82,23
3860,B1,3,1,1,1,0,0,0,0,0,0,0,0,0,1,0,2,44,295,67
3860,B2,1,0,4,20,0,0,0,0,0,0,0,0,0,1,0,1,8,81,8
3860,C1,16,2,3,0,0,0,0,0,0,0,0,0,0,1,0,2,4,17,4
3870,A1,1,18,0,1,0,0,0,0,0,0,0,0,0,0,1,2,5,51,40
3870,B0,0,3,20,1,0,0,0,0,0,0,0,0,0,0,1,1,5,82,23
3870,B1,2,2,2,1,0,0,0,0,0,0,0,0,0,0,1,2,44,295,67
3870,B2,1,0,2,20,0,0,0,0,0,0,0,0,0,0,1,1,8,81,8
3870,C1,16,3,1,0,0,0,0,0,0,0,0,0,0,0,1,2,4,17,4
3880,A1,1,20,0,3,0,0,0,0,0,0,0,0,0,0,1,2,5,51,40
3880,B0,0,4,19,1,0,0,0,0,0,0,0,0,0,0,1,1,5,82,23
3880,B1,2,2,2,2,0,0,0,0,0,0,0,0,0,0,1,1,44,295,67
3880,B2,1,0,1,20,0,0,0,0,0,0,0,0,0,0,1,1,8,81,8
3880,C1,19,1,1,0,0,0,0,0,0,0,0,0,0,0,1,2,4,17,4
3890,A1,2,20,0,3,0,0,0,0,0,0,0,0,0,1,0,2,5,51,40
3890,B0,0,3,19,1,0,0,0,0,0,0,0,0,0,1,0,1,5,82,23
3890,B1,2,3,1,2,0,0,0,0,0,0,0,0,0,1,0,2,44,295,67
3890,B2,2,0,1,20,0,0,0,0,0,0,0,0,0,1,0,1,8,81,8
3890,C1,20,4,2,0,0,0,0,0,0,0,0,0,0,1,0,2,4,17,4
3900,A1,1,20,0,3,0,0,0,0,0,0,0,0,0,1,0,2,5,51,40
3900,B0,0,2,20,2,0,0,0,0,0,0,0,0,0,1,0,1,5,82,23
3900,B1,3,1,1,3,0,0,0,0,0,0,0,0,0,1,0,1,44,295,67
3900,B2,2,0,3,20,0,0,0,0,0,0,0,0,0,1,0,1,8,81,8
3900,C1,16,2,2,0,0,0,0,0,0,0,0,0,0,1,0,2,4,17,4
3910,A1,1,19,0,3,0,0,0,0,0,0,0,0,1,0,1,2,5,51,40
3910,B0,0,1,20,2,0,0,0,0,0,0,0,0,0,0,1,1,5,82,23
3910,B1,3,1,1,3,0,0,0,1,0,0,0,0,0,0,1,1,45,297,67
3910,B2,2,0,1,20,0,0,0,0,0,0,0,0,0,0,1,1,8,81,8
3910,C1,15,3,3,0,0,0,0,0,0,0,0,0,0,0,1,2,4,17,4
3920,A1,1,20,0,2,0,0,0,0,0,0,0,0,1,0,1,2,5,51,40
3920,B0,0,3,18,2,0,0,0,0,0,0,0,0,0,0,1,1,5,82,23
3920,B1,3,1,1,4,0,0,0,1,0,0,0,0,0,0,1,1,45,317,67
3920,B2,2,0,2,19,0,0,0,0,0,0,0,0,0,0,1,1,8,81,8
3920,C1,18,4,1,0,0,0,0,0,0,0,0,0,0,0,1,2,4,17,4
3930,A1,3,20,0,3,0,0,0,0,0,0,0,0,0,0,1,2,5,51,40
3930,B0,0,3,18,1,0,0,0,0,0,0,0,0,0,0,1,1,5,82,23
3930,B1,3,1,1,2,0,0,0,0,0,0,0,0,0,0,1,2,45,333,68
3930,B2,2,0,1,17,0,0,0,0,0,0,0,0,0,0,1,1,8,81,8
3930,C1,20,5,1,0,0,0,0,0,0,0,0,0,0,0,1,2,4,17,4
3940,A1,1,20,0,6,0,0,0,0,0,0,0,0,0,1,0,2,5,51,40
3940,B0,0,1,18,1,0,0,0,0,0,0,0,0,0,1,0,1,5,82,23
3940,B1,2,2,1,2,0,0,0,0,0,0,0,0,0,1,0,2,46,344,71
3940,B2,1,0,1,17,0,0,0,0,0,0,0,0,0,1,0,1,8,81,8
3940,C1,20,3,1,0,0,0,0,0,0,0,0,0,0,1,0,2,4,17,4
3950,A1,1,20,0,8,0,0,0,0,0,0,0,0,0,1,0,2,5,51,40
3950,B0,0,1,20,2,0,0,0,0,0,0,0,0,0,1,0,1,5,82,23
3950,B1,2,2,1,2,0,0,0,0,0,0,0,0,0,1,0,2,46,344,71
3950,B2,1,0,4,19,0,0,0,0,0,0,0,0,0,1,0,1,8,81,8
3950,C1,20,1,1,0,0,0,0,0,0,0,0,0,0,1,0,2,4,17,4
3960,A1,1,20,0,6,0,0,0,0,0,0,0,0,0,0,1,2,5,51,40
3960,B0,0,2,19,1,0,0,0,0,0,0,0,0,0,0,1,1,5,82,23
3960,B1,1,2,1,3,0,0,0,0,0,0,0,0,0,0,1,1,47,348,72
3960,B2,1,0,2,20,0,0,0,0,0,0,0,0,0,0,1,1,8,81,8
3960,C1,20,1,2,0,0,0,0,0,0,0,0,0,0,0,1,2,4,17,4
3970,A1,1,20,0,2,0,0,0,0,0,0,0,0,0,0,1,2,5,51,40
3970,B0,0,2,16,3,0,0,0,0,0,0,0,0,0,0,1,1,5,82,23
3970,B1,2,2,1,3,0,0,0,0,0,0,0,0,0,0,1,1,47,348,72
3970,B2,1,0,3,20,0,0,0,0,0,0,0,0,0,0,1,1,8,81,8
3970,C1,20,2,3,0,0,0,0,0,0,0,0,0,0,0,1,2,4,17,4
3980,A1,3,20,0,1,0,0,0,0,0,0,0,0,0,1,0,2,5,51,40
3980,B0,0,2,15,4,0,0,1,0,0,0,0,0,0,1,0,2,6,85,23
3980,B1,2,2,1,2,0,0,0,0,0,1,1,0,0,1,0,1,47,348,72
3980,B2,1,0,3,18,0,1,0,0,0,0,0,0,0,1,0,2,9,85,8
3980,C1,20,3,4,0,0,0,0,0,0,0,0,0,0,1,0,2,4,17,4
3990,A1,1,20,0,1,0,0,0,0,0,0,0,0,0,1,0,2,5,51,40
3990,B0,0,1,16,2,0,0,0,0,0,0,0,0,0,1,0,1,6,88,24
3990,B1,2,1,2,2,0,0,0,0,0,0,1,0,0,1,0,1,47,348,72
3990,B2,1,0,2,18,0,1,0,0,0,0,0,0,0,1,0,2,9,105,8
3990,C1,19,3,5,0,0,0,0,0,0,0,0,0,0,1,0,2,4,17,4
4000,A1,4,19,0,1,0,0,0,0,0,0,0,0,0,1,0,2,5,51,40
4000,B0,0,2,17,4,0,0,0,0,0,0,0,0,0,1,0,1,6,88,24
4000,B1,1,2,2,2,0,0,0,0,0,0,0,0,0,1,0,1,47,348,72
4000,B2,1,0,4,20,0,0,0,0,0,0,0,0,0,1,0,1,9,121,9
4000,C1,18,1,6,0,0,0,0,0,0,0,0,0,0,1,0,2,4,17,4
4010,A1,1,20,0,1,0,0,0,0,0,0,0,0,0,0,1,2,5,51,40
4010,B0,0,2,19,2,0,0,0,0,0,0,0,0,0,0,1,1,6,88,24
4010,B1,2,2,1,1,0,0,0,0,0,0,0,0,0,0,1,2,47,348,72
4010,B2,2,0,1,20,0,0,0,0,0,0,0,0,0,0,1,1,9,121,9
4010,C1,18,2,4,0,0,0,0,0,0,0,0,0,0,0,1,2,4,17,4
4020,A1,2,20,0,1,0,0,0,0,0,0,0,0,0,0,1,2,5,51,40
4020,B0,0,4,18,3,0,0,0,0,0,0,0,0,0,0,1,1,6,88,24
4020,B1,2,2,3,2,0,0,0,0,0,0,0,0,0,0,1,1,47,348,72
4020,B2,2,0,2,17,0,0,0,0,0,0,0,0,0,0,1,1,9,121,9
4020,C1,19,3,1,0,0,0,0,0,0,0,0,0,0,0,1,2,4,17,4
4030,A1,2,20,0,1,0,0,0,0,0,0,0,0,0,1,0,2,5,51,40
4030,B0,0,4,17,3,0,0,0,0,0,0,0,0,0,1,0,1,6,88,24
4030,B1,2,1,2,1,0,0,0,0,0,0,0,0,0,1,0,1,47,348,72
4030,B2,2,0,2,18,0,0,0,0,0,0,0,0,0,1,0,1,9,121,9
4030,C1,20,1,1,0,0,0,0,0,0,0,0,0,0,1,0,2,4,17,4
4040,A1,1,17,0,1,0,0,0,0,0,0,0,0,0,1,0,2,5,51,40
4040,B0,0,1,19,2,0,0,0,0,0,0,0,0,0,1,0,1,6,88,24
4040,B1,6,2,2,1,0,0,0,0,0,0,0,0,0,1,0,2,47,348,72
4040,B2,2,0,4,18,0,0,0,0,0,0,0,0,0,1,0,1,9,121,9
4040,C1,19,2,2,0,0,0,0,0,0,0,0,0,0,1,0,2,4,17,4
4050,A1,1,17,0,1,0,0,0,0,0,0,0,0,0,0,1,2,5,51,40
4050,B0,0,2,18,2,0,0,0,0,0,0,0,0,0,0,1,1,6,88,24
4050,B1,5,2,3,1,0,0,0,0,0,0,0,0,0,0,1,2,47,348,72
4050,B2,4,0,4,20,0,0,0,0,0,0,0,0,0,0,1,1,9,121,9
4050,C1,19,1,2,0,0,0,0,0,0,0,0,0,0,0,1,2,4,17,4
4060,A1,1,18,0,1,0,0,0,0,0,0,0,0,0,0,1,2,5,51,40
4060,B0,0,2,16,3,0,0,0,0,0,0,0,0,0,0,1,1,6,88,24
4060,B1,4,3,4,2,0,0,0,0,0,0,0,0,0,0,1,2,47,348,72
4060,B2,3,0,4,20,0,0,0,0,0,0,0,0,0,0,1,1,9,121,9
4060,C1,19,4,1,0,0,0,0,0,0,0,0,0,0,0,1,2,4,17,4
4070,A1,1,20,0,1,0,0,0,0,0,0,0,0,0,0,1,2,5,51,40
4070,B0,0,3,13,1,0,0,0,0,0,0,0,0,0,0,1,1,6,88,24
4070,B1,4,3,2,1,0,0,0,0,0,0,0,0,0,0,1,2,47,348,72
4070,B2,3,0,1,18,0,0,0,0,0,0,0,0,0,0,1,1,9,121,9
4070,C1,20,2,1,0,0,0,0,0,0,0,0,0,0,0,1,2,4,17,4
4080,A1,1,20,0,1,0,0,0,0,0,0,0,0,0,1,0,2,5,51,40
4080,B0,0,2,13,1,0,0,0,0,0,0,0,0,0,1,0,1,6,88,24
4080,B1,7,2,2,2,0,0,0,0,0,0,0,0,0,1,0,2,47,348,72
4080,B2,1,0,1,19,0,0,0,0,0,0,0,0,0,1,0,1,9,121,9
4080,C1,19,1,2,0,0,0,0,0,0,0,0,0,0,1,0,2,4,17,4
4090,A1,1,16,0,1,0,0,0,0,0,0,0,0,0,1,0,2,5,51,40
4090,B0,0,1,15,1,0,0,0,0,0,0,0,0,0,1,0,1,6,88,24
4090,B1,8,4,2,2,0,0,0,0,0,0,0,0,0,1,0,2,47,348,72
4090,B2,1,0,1,20,0,0,0,0,0,0,0,0,0,1,0,1,9,121,9
4090,C1,19,1,2,0,0,0,0,0,0,0,0,0,0,1,0,2,4,17,4
4100,A1,1,17,0,2,0,0,0,0,0,0,0,0,0,0,1,2,5,51,40
4100,B0,0,1,14,4,0,0,0,0,0,0,0,0,0,0,1,1,6,88,24
4100,B1,8,2,2,3,0,0,0,0,0,0,0,0,0,0,1,2,47,348,72
4100,B2,1,0,3,20,0,0,0,0,0,0,0,0,0,0,1,1,9,121,9
4100,C1,19,2,1,0,0,0,0,0,0,0,0,0,0,0,1,2,4,17,4
4110,A1,4,19,0,1,0,0,0,0,0,0,0,0,0,0,1,2,5,51,40
4110,B0,0,1,13,1,0,0,0,0,0,0,0,0,0,0,1,1,6,88,24
4110,B1,7,2,2,1,0,0,0,0,0,0,0,0,0,0,1,2,47,348,72
4110,B2,3,0,1,20,0,0,0,0,0,0,0,0,0,0,1,1,9,121,9
4110,C1,20,1,1,0,0,0,0,0,0,0,0,0,0,0,1,2,4,17,4
4120,A1,2,20,0,1,0,0,0,0,0,0,0,0,0,1,0,2,5,51,40
4120,B0,0,1,12,2,0,0,0,0,0,0,0,0,0,1,0,1,6,88,24
4120,B1,7,2,1,1,0,0,0,0,0,0,0,0,0,1,0,2,47,348,72
4120,B2,3,0,1,20,0,0,0,0,0,0,0,0,0,1,0,1,9,121,9
4120,C1,20,3,2,0,0,0,0,0,0,0,0,0,0,1,0,2,4,17,4
4130,A1,4,16,0,2,0,0,0,0,0,0,0,0,0,1,0,2,5,51,40
4130,B0,0,3,12,2,0,0,0,0,0,0,0,0,0,1,0,1,6,88,24
4130,B1,7,1,1,1,0,0,0,0,0,0,0,0,0,1,0,2,47,348,72
4130,B2,3,0,2,20,0,0,0,0,0,0,0,0,0,1,0,1,9,121,9
4130,C1,20,2,3,0,0,0,0,0,0,0,0,0,0,1,0,2,4,17,4
4140,A1,4,13,0,2,0,0,0,0,0,0,0,0,0,0,1,2,5,51,40
4140,B0,0,1,15,4,0,0,0,0,0,0,0,0,0,0,1,1,6,88,24
4140,B1,6,1,1,3,0,0,0,0,0,0,0,0,0,0,1,2,47,348,72
4140,B2,4,0,1,20,0,0,0,0,0,0,0,0,0,0,1,1,9,121,9
4140,C1,19,1,3,0,0,0,0,0,0,0,0,0,0,0,1,2,4,17,4
4150,A1,1,16,0,1,0,0,0,0,0,0,0,0,0,0,1,2,5,51,40
4150,B0,0,2,14,1,0,0,0,0,0,0,0,0,0,0,1,1,6,88,24
4150,B1,5,1,4,1,0,0,0,0,0,0,0,0,0,0,1,2,47,348,72
4150,B2,4,0,1,18,0,0,0,0,0,0,0,0,0,0,1,1,9,121,9
4150,C1,20,1,3,0,0,0,0,0,0,0,0,0,0,0,1,2,4,17,4
4160,A1,3,19,0,1,0,0,0,0,0,0,0,0,0,0,1,2,5,51,40
4160,B0,0,3,11,2,0,0,0,0,0,0,0,0,0,0,1,1,6,88,24
4160,B1,5,1,5,2,0,0,0,0,0,0,0,0,0,0,1,1,47,348,72
4160,B2,5,0,2,13,0,0,0,0,0,0,0,0,0,0,1,1,9,121,9
4160,C1,20,1,3,0,0,0,0,0,0,0,0,0,0,0,1,2,4,17,4
4170,A1,3,20,0,1,0,0,0,0,0,0,0,0,0,1,0,2,5,51,40
4170,B0,0,2,11,1,0,0,0,0,0,0,0,0,0,1,0,1,6,88,24
4170,B1,6,1,4,1,0,0,0,0,0,0,0,0,0,1,0,2,48,353,73
4170,B2,3,0,2,14,0,0,0,0,0,0,0,0,0,1,0,1,9,121,9
4170,C1,18,1,2,0,0,0,0,0,0,0,0,0,0,1,0,2,4,17,4
4180,A1,1,20,0,1,0,0,0,0,0,0,0,0,0,1,0,2,5,51,40
4180,B0,0,2,13,2,0,0,0,0,0,0,0,0,0,1,0,1,6,88,24
4180,B1,4,3,4,1,0,0,0,0,0,0,0,0,0,1,0,2,48,353,73
4180,B2,1,0,2,18,0,0,0,0,0,0,0,0,0,1,0,1,9,121,9
4180,C1,17,1,2,0,0,0,0,0,0,0,0,0,0,1,0,2,4,17,4
4190,A1,1,20,0,1,0,0,0,0,0,0,0,0,0,0,1,2,5,51,40
4190,B0,0,2,12,2,0,0,0,0,0,0,0,0,0,0,1,1,6,88,24
4190,B1,2,3,4,2,0,0,0,0,0,0,0,0,0,0,1,1,48,353,73
4190,B2,4,0,2,20,0,0,0,0,0,0,0,0,0,0,1,1,9,121,9
4190,C1,17,2,2,0,0,0,0,0,0,0,0,0,0,0,1,2,4,17,4
4200,A1,1,20,0,1,0,0,0,0,0,0,0,0,0,0,1,2,5,51,40
4200,B0,0,2,14,1,0,0,0,0,0,0,0,0,0,0,1,1,6,88,24
4200,B1,2,3,2,3,0,0,0,0,0,0,0,0,0,0,1,1,48,353,73
4200,B2,2,0,1,19,0,0,0,0,0,0,0,0,0,0,1,1,9,121,9
4200,C1,19,3,1,0,0,0,0,0,0,0,0,0,0,0,1,2,4,17,4
4210,A1,1,20,0,1,0,0,0,0,0,0,0,0,0,1,0,2,5,51,40
4210,B0,0,1,12,1,0,0,0,0,0,0,0,0,0,1,0,1,6,88,24
4210,B1,2,3,1,3,0,0,0,0,0,0,0,0,0,1,0,2,48,353,73
4210,B2,2,0,2,18,0,0,0,0,0,0,0,0,0,1,0,1,9,121,9
4210,C1,20,4,1,0,0,0,0,0,0,0,0,0,0,1,0,2,4,17,4
4220,A1,3,19,0,1,0,0,0,0,0,0,0,0,0,1,0,2,5,51,40
4220,B0,0,1,12,1,0,0,0,0,0,0,0,0,0,1,0,1,6,88,24
4220,B1,3,2,1,2,0,0,0,0,0,0,0,0,0,1,0,2,48,353,73
4220,B2,2,0,5,19,0,0,0,0,0,0,0,0,0,1,0,1,9,121,9
4220,C1,20,4,2,0,0,0,0,0,0,0,0,0,0,1,0,2,4,17,4
4230,A1,2,18,0,1,0,0,0,0,0,0,0,0,0,1,0,2,5,51,40
4230,B0,0,1,13,1,0,0,0,0,0,0,0,0,0,1,0,1,6,88,24
4230,B1,2,1,1,2,0,0,0,0,0,0,0,0,0,1,0,1,48,353,73
4230,B2,2,0,2,19,0,0,0,0,0,0,0,0,0,1,0,1,9,121,9
4230,C1,19,2,3,0,0,0,0,0,0,0,0,0,0,1,0,2,4,17,4
4240,A1,2,19,0,2,0,0,0,0,0,0,0,0,0,0,1,2,5,51,40
4240,B0,0,3,11,1,0,0,0,0,0,0,0,0,0,0,1,1,6,88,24
4240,B1,2,1,1,1,0,0,0,0,0,0,0,0,0,0,1,2,48,353,73
4240,B2,3,0,1,20,0,0,0,0,0,0,0,0,0,0,1,1,9,121,9
4240,C1,19,1,4,0,0,0,0,0,0,0,0,0,0,0,1,2,4,17,4
4250,A1,4,20,0,1,0,0,0,0,0,0,0,0,0,0,1,2,5,51,40
4250,B0,0,4,10,2,0,0,0,0,0,0,0,0,0,0,1,1,6,88,24
4250,B1,2,1,1,5,0,0,0,0,0,0,0,0,0,0,1,1,48,353,73
4250,B2,3,0,1,19,0,0,0,0,0,0,0,0,0,0,1,1,9,121,9
4250,C1,20,2,1,0,0,0,0,0,0,0,0,0,0,0,1,2,4,17,4
4260,A1,2,20,0,2,0,0,0,0,0,0,0,0,0,1,0,2,5,51,40
4260,B0,0,3,10,5,0,0,0,0,0,0,0,0,0,1,0,1,6,88,24
4260,B1,1,1,1,6,0,0,0,0,0,0,0,0,0,1,0,1,48,353,73
4260,B2,2,0,1,20,0,0,0,0,0,0,0,0,0,1,0,1,9,121,9
4260,C1,20,1,2,0,0,0,0,0,0,0,0,0,0,1,0,2,4,17,4
4270,A1,2,19,0,3,0,0,0,0,0,0,0,0,0,1,0,2,5,51,40
4270,B0,0,1,11,3,0,0,0,0,0,0,0,0,0,1,0,1,6,88,24
4270,B1,2,1,1,6,0,0,0,0,0,0,0,0,0,1,0,1,48,353,73
4270,B2,1,0,2,20,0,0,0,0,0,0,0,0,0,1,0,1,9,121,9
4270,C1,20,3,2,0,0,0,0,0,0,0,0,0,0,1,0,2,4,17,4
4280,A1,1,19,0,6,0,0,0,0,0,0,0,0,0,0,1,2,5,51,40
4280,B0,0,1,11,3,0,0,0,0,0,0,0,0,0,0,1,1,6,88,24
4280,B1,2,1,2,7,0,0,0,0,5,0,0,0,0,0,1,1,49,359,73
4280,B2,2,0,2,20,0,0,0,0,0,0,0,0,0,0,1,1,9,121,9
4280,C1,20,3,2,0,0,0,0,0,0,0,0,1,0,0,1,2,4,17,4
4290,A1,1,19,0,1,0,0,0,0,0,0,0,0,0,0,1,2,5,51,40
4290,B0,0,1,11,1,0,0,0,0,0,0,0,0,0,0,1,1,6,88,24
4290,B1,2,1,1,1,0,0,0,0,0,0,0,0,0,0,1,2,49,372,79
4290,B2,2,0,1,18,0,0,0,0,0,0,0,0,0,0,1,1,9,121,9
4290,C1,20,4,1,0,0,0,0,0,0,0,0,0,0,0,1,2,4,17,4
4300,A1,1,20,0,1,0,0,0,0,0,0,0,0,0,0,1,2,5,51,40
4300,B0,0,2,12,1,0,0,0,0,0,0,0,0,0,0,1,1,6,88,24
4300,B1,1,2,3,1,0,0,0,0,0,0,0,0,0,0,1,1,49,372,79
4300,B2,3,0,1,16,0,0,0,0,0,0,0,0,0,0,1,1,9,121,9
4300,C1,20,6,1,0,0,0,0,0,0,0,0,0,0,0,1,2,4,17,4
4310,A1,2,20,0,1,0,0,0,0,0,0,0,0,0,1,0,2,5,51,40
4310,B0,0,1,11,2,0,0,0,0,0,0,0,0,0,1,0,1,6,88,24
4310,B1,2,1,1,1,0,0,0,0,0,0,0,0,0,1,0,2,50,376,80
4310,B2,3,0,1,17,0,0,0,0,0,0,0,0,0,1,0,1,9,121,9
4310,C1,20,4,1,0,0,0,0,0,0,0,0,0,0,1,0,2,4,17,4
4320,A1,1,20,0,1,0,0,0,0,0,0,0,0,0,1,0,2,5,51,40
4320,B0,0,1,13,4,0,0,0,0,0,0,0,0,0,1,0,1,6,88,24
4320,B1,1,4,1,1,0,0,0,0,0,0,0,0,0,1,0,2,50,376,80
4320,B2,2,0,3,19,0,0,0,0,0,0,0,0,0,1,0,1,9,121,9
4320,C1,20,2,1,0,0,0,0,0,0,0,0,0,0,1,0,2,4,17,4
4330,A1,1,20,0,1,0,0,0,0,0,0,0,0,0,0,1,2,5,51,40
4330,B0,0,1,13,3,0,0,0,0,0,0,0,0,0,0,1,1,6,88,24
4330,B1,1,3,3,1,0,0,0,0,0,0,0,0,0,0,1,1,50,376,80
4330,B2,3,0,3,20,0,0,0,0,0,0,0,0,0,0,1,1,9,121,9
4330,C1,20,2,1,0,0,0,0,0,0,0,0,0,0,0,1,2,4,17,4
4340,A1,1,20,0,1,0,0,0,0,0,0,0,0,0,0,1,2,5,51,40
4340,B0,0,1,14,3,0,0,0,0,0,0,0,0,0,0,1,1,6,88,24
4340,B1,1,3,2,2,0,0,0,0,0,0,0,0,0,0,1,1,50,376,80
4340,B2,4,0,4,19,0,0,0,0,0,0,0,0,0,0,1,1,9,121,9
4340,C1,20,3,1,0,0,0,0,0,0,0,0,0,0,0,1,2,4,17,4
4350,A1,1,20,0,2,0,0,0,0,0,0,0,0,0,1,0,2,5,51,40
4350,B0,0,1,14,1,0,0,0,0,0,0,0,0,0,1,0,1,6,88,24
4350,B1,1,3,2,1,0,0,0,0,0,0,0,0,0,1,0,2,50,376,80
4350,B2,4,0,1,19,0,0,0,0,0,0,0,0,0,1,0,1,9,121,9
4350,C1,20,3,1,0,0,0,0,0,0,0,0,0,0,1,0,2,4,17,4
4360,A1,2,18,0,2,0,0,0,0,0,0,0,0,0,1,0,2,5,51,40
4360,B0,0,1,14,2,0,0,0,0,0,0,0,0,0,1,0,1,6,88,24
4360,B1,1,1,1,1,0,0,0,0,0,0,0,0,0,1,0,1,50,376,80
4360,B2,1,0,2,20,0,0,0,0,0,0,0,0,0,1,0,1,9,121,9
4360,C1,20,1,2,0,0,0,0,0,0,0,0,0,0,1,0,2,4,17,4
4370,A1,1,15,0,3,0,0,0,0,0,0,0,0,0,0,1,2,5,51,40
4370,B0,0,2,14,5,0,0,0,0,0,0,0,0,0,0,1,1,6,88,24
4370,B1,2,1,2,1,0,0,0,0,0,0,0,0,0,0,1,1,50,376,80
4370,B2,1,0,4,20,0,0,0,0,0,0,0,0,0,0,1,1,9,121,9
4370,C1,18,1,3,0,0,0,0,0,0,0,0,0,0,0,1,2,4,17,4
4380,A1,2,16,0,1,0,0,0,0,0,0,0,0,0,0,1,2,5,51,40
4380,B0,0,3,14,3,0,0,0,0,0,0,0,0,0,0,1,1,6,88,24
4380,B1,2,1,2,1,0,0,0,0,0,0,0,0,0,0,1,1,50,376,80
4380,B2,1,0,3,20,0,0,0,0,0,0,0,0,0,0,1,1,9,121,9
4380,C1,18,1,1,0,0,0,0,0,0,0,0,0,0,0,1,2,4,17,4
4390,A1,4,19,0,1,0,0,0,0,0,0,0,0,0,0,1,2,5,51,40
4390,B0,0,3,14,2,0,0,0,0,0,0,0,0,0,0,1,1,6,88,24
4390,B1,3,2,4,2,0,0,0,0,0,0,0,0,0,0,1,1,50,376,80
4390,B2,1,0,1,19,0,0,0,0,0,0,0,0,0,0,1,1,9,121,9
4390,C1,19,2,2,0,0,0,0,0,0,0,0,0,0,0,1,2,4,17,4
4400,A1,2,20,0,1,0,0,0,0,0,0,0,0,0,1,0,2,5,51,40
4400,B0,0,1,14,1,0,0,0,0,0,0,0,0,0,1,0,1,6,88,24
4400,B1,2,1,4,2,0,0,0,0,0,0,0,0,0,1,0,1,50,376,80
4400,B2,1,0,2,20,0,0,0,0,0,0,0,0,0,1,0,1,9,121,9
4400,C1,20,1,1,0,0,0,0,0,0,0,0,0,0,1,0,2,4,17,4
4410,A1,2,19,0,1,0,0,0,0,0,0,0,0,0,1,0,2,5,51,40
4410,B0,0,1,16,3,0,0,0,0,0,0,0,0,0,1,0,1,6,88,24
4410,B1,3,3,4,2,0,0,0,0,0,0,0,0,0,1,0,1,50,376,80
4410,B2,1,0,3,20,0,0,0,0,0,0,0,0,0,1,0,1,9,121,9
4410,C1,18,2,1,0,0,0,0,0,0,0,0,0,0,1,0,2,4,17,4
4420,A1,1,19,0,1,0,0,0,0,1,0,0,0,0,0,1,2,6,61,40
4420,B0,0,2,17,2,0,0,0,0,0,0,0,0,0,0,1,1,6,88,24
4420,B1,2,3,2,3,0,0,0,0,0,0,0,1,0,0,1,2,50,376,80
4420,B2,1,0,1,20,0,0,0,0,0,0,0,0,0,0,1,1,9,121,9
4420,C1,18,2,1,0,0,0,0,0,0,0,0,0,0,0,1,2,4,17,4
4430,A1,2,19,0,1,0,0,0,0,1,0,0,0,0,0,1,2,6,81,40
4430,B0,0,3,15,4,0,0,0,0,0,0,0,0,0,0,1,1,6,88,24
4430,B1,2,2,3,3,0,0,0,0,0,0,0,1,0,0,1,1,50,376,80
4430,B2,1,0,2,19,0,0,0,0,0,0,0,0,0,0,1,1,9,121,9
4430,C1,19,3,1,0,0,0,0,0,0,0,0,0,0,0,1,2,4,17,4
4440,A1,5,20,0,1,0,0,0,0,0,0,0,0,0,1,0,2,6,83,41
4440,B0,0,2,14,1,0,0,0,0,0,0,0,0,0,1,0,1,6,88,24
4440,B1,2,1,3,2,0,0,0,0,0,0,0,0,0,1,0,1,50,376,80
4440,B2,1,0,1,19,0,0,0,0,0,0,0,0,0,1,0,1,9,121,9
4440,C1,20,3,1,0,0,0,0,0,0,0,0,0,0,1,0,2,4,17,4
4450,A1,3,20,0,1,0,0,0,0,0,0,0,0,0,1,0,2,6,83,41
4450,B0,0,1,15,3,0,0,0,0,0,0,0,0,0,1,0,1,6,88,24
4450,B1,3,1,3,3,0,0,0,0,0,0,0,0,0,1,0,1,50,376,80
4450,B2,2,0,3,19,0,0,0,0,0,0,0,0,0,1,0,1,9,121,9
4450,C1,19,2,3,0,0,0,0,0,0,0,0,0,0,1,0,2,4,17,4
4460,A1,1,20,0,1,0,0,0,0,0,0,0,0,0,1,0,2,6,83,41
4460,B0,0,2,17,3,0,0,0,0,0,0,0,0,0,1,0,1,6,88,24
4460,B1,2,1,3,3,0,0,0,0,0,0,0,0,0,1,0,1,50,376,80
4460,B2,1,0,3,20,0,0,0,0,0,0,0,0,0,1,0,1,9,121,9
4460,C1,18,2,3,0,0,0,0,0,0,0,0,0,0,1,0,2,4,17,4
4470,A1,2,20,0,1,0,0,0,0,0,0,0,0,0,0,1,2,6,83,41
4470,B0,0,3,16,1,0,0,0,0,0,0,0,0,0,0,1,1,6,88,24
4470,B1,2,1,2,3,0,0,0,0,0,0,0,0,0,0,1,1,50,376,80
4470,B2,1,0,3,20,0,0,0,0,0,0,0,0,0,0,1,1,9,121,9
4470,C1,19,1,2,0,0,0,0,0,0,0,0,0,0,0,1,2,4,17,4
4480,A1,3,20,0,1,0,0,0,0,0,0,0,0,0,0,1,2,6,83,41
4480,B0,0,3,14,2,0,0,0,0,0,0,0,0,0,0,1,1,6,88,24
4480,B1,2,1,2,1,0,0,0,0,0,0,0,0,0,0,1,1,50,376,80
4480,B2,3,0,1,20,0,0,0,0,0,0,0,0,0,0,1,1,9,121,9
4480,C1,20,2,1,0,0,0,0,0,0,0,0,0,0,0,1,2,4,17,4
4490,A1,2,20,0,2,0,0,0,0,0,0,0,0,0,1,0,2,6,83,41
4490,B0,0,1,13,2,0,0,0,0,0,0,0,0,0,1,0,1,6,88,24
4490,B1,1,1,1,1,0,0,0,0,0,0,0,0,0,1,0,1,50,376,80
4490,B2,2,0,1,20,0,0,0,0,0,0,0,0,0,1,0,1,9,121,9
4490,C1,20,1,2,0,0,0,0,0,0,0,0,0,0,1,0,2,4,17,4
4500,A1,4,19,0,3,0,0,0,0,0,0,0,0,0,1,0,2,6,83,41
4500,B0,0,1,13,3,0,0,0,0,0,0,0,0,0,1,0,1,6,88,24
4500,B1,1,2,1,1,0,0,0,0,0,0,0,0,0,1,0,2,50,376,80
4500,B2,1,0,1,20,0,0,0,0,0,0,0,0,0,1,0,1,9,121,9
4500,C1,20,1,2,0,0,0,0,0,0,0,0,0,0,1,0,2,4,17,4
4510,A1,1,19,0,5,0,0,0,0,0,0,0,0,0,0,1,2,6,83,41
4510,B0,0,1,13,3,0,0,0,0,0,0,0,0,0,0,1,1,6,88,24
4510,B1,2,1,2,1,0,0,0,0,0,0,0,0,0,0,1,1,50,376,80
4510,B2,2,0,3,20,0,0,0,0,0,0,0,0,0,0,1,1,9,121,9
4510,C1,19,2,1,0,0,0,0,0,0,0,0,0,0,0,1,2,4,17,4
4520,A1,2,19,0,2,0,0,0,0,0,0,0,0,0,0,1,2,6,83,41
4520,B0,0,1,13,2,0,0,0,0,0,0,0,0,0,0,1,1,6,88,24
4520,B1,2,1,4,2,0,0,0,0,0,0,0,0,0,0,1,1,50,376,80
4520,B2,1,0,3,20,0,0,0,0,0,0,0,0,0,0,1,1,9,121,9
4520,C1,19,3,1,0,0,0,0,0,0,0,0,0,0,0,1,2,4,17,4
4530,A1,4,20,0,1,0,0,0,0,0,0,0,0,0,0,1,2,6,83,41
4530,B0,0,1,12,2,0,0,0,0,0,0,0,0,0,0,1,1,6,88,24
4530,B1,2,1,3,2,0,0,0,0,0,0,0,0,0,0,1,1,50,376,80
4530,B2,1,0,3,19,0,0,0,0,0,0,0,0,0,0,1,1,9,121,9
4530,C1,20,2,1,0,0,0,0,0,0,0,0,0,0,0,1,2,4,17,4
4540,A1,1,20,0,1,0,0,0,0,0,0,0,0,0,1,0,2,6,83,41
4540,B0,0,1,13,3,0,0,0,0,0,0,0,0,0,1,0,1,6,88,24
4540,B1,2,2,3,2,0,0,0,0,0,0,0,0,0,1,0,1,50,376,80
4540,B2,1,0,4,20,0,0,0,0,0,0,0,0,0,1,0,1,9,121,9
4540,C1,19,3,1,0,0,0,0,0,0,0,0,0,0,1,0,2,4,17,4
4550,A1,1,20,0,1,0,0,0,0,0,0,0,0,0,1,0,2,6,83,41
4550,B0,0,1,14,5,0,0,0,0,0,0,0,0,0,1,0,1,6,88,24
4550,B1,2,4,3,2,0,0,0,0,0,0,0,0,0,1,0,2,50,376,80
4550,B2,2,0,6,20,0,0,0,0,0,0,0,0,0,1,0,1,9,121,9
4550,C1,18,1,1,0,0,0,0,0,0,0,0,0,0,1,0,2,4,17,4
4560,A1,1,20,0,1,0,0,0,0,0,0,0,0,0,0,1,2,6,83,41
4560,B0,0,1,14,3,0,0,0,0,0,0,0,0,0,0,1,1,6,88,24
4560,B1,1,2,3,5,0,0,0,0,0,0,0,0,0,0,1,1,50,376,80
4560,B2,2,0,4,20,0,0,0,0,0,0,0,0,0,0,1,1,9,121,9
4560,C1,20,1,1,0,0,0,0,0,0,0,0,0,0,0,1,2,4,17,4
4570,A1,2,20,0,2,0,0,0,0,0,0,0,0,0,0,1,2,6,83,41
4570,B0,0,1,14,1,0,0,0,0,0,0,0,0,0,0,1,1,6,88,24
4570,B1,1,2,2,3,0,0,0,0,0,0,0,0,0,0,1,1,50,376,80
4570,B2,2,0,2,20,0,0,0,0,0,0,0,0,0,0,1,1,9,121,9
4570,C1,20,3,1,0,0,0,0,0,0,0,0,0,0,0,1,2,4,17,4
4580,A1,3,20,0,1,0,0,0,0,0,0,0,0,0,1,0,2,6,83,41
4580,B0,0,1,14,1,0,0,0,0,0,0,0,0,0,1,0,1,6,88,24
4580,B1,2,2,1,2,0,0,0,0,0,0,0,0,0,1,0,2,50,376,80
4580,B2,3,0,1,20,0,0,0,0,0,0,0,0,0,1,0,1,9,121,9
4580,C1,20,3,3,0,0,0,0,0,0,0,0,0,0,1,0,2,4,17,4
4590,A1,1,20,0,3,0,0,0,0,0,0,0,0,0,1,0,2,6,83,41
4590,B0,0,1,16,2,0,0,0,0,0,0,0,0,0,1,0,1,6,88,24
4590,B1,1,1,2,2,0,0,0,0,0,0,0,0,0,1,0,1,50,376,80
4590,B2,1,0,3,20,0,0,0,0,0,0,0,0,0,1,0,1,9,121,9
4590,C1,19,2,1,0,0,0,0,0,0,0,0,0,0,1,0,2,4,17,4
4600,A1,1,19,0,4,0,0,0,0,0,0,0,0,0,0,1,2,6,83,41
4600,B0,0,1,15,1,0,0,0,0,0,0,0,0,0,0,1,1,6,88,24
4600,B1,1,1,2,2,0,0,0,0,0,0,0,0,0,0,1,1,50,376,80
4600,B2,2,0,4,20,0,0,0,0,0,0,0,0,0,0,1,1,9,121,9
4600,C1,18,1,3,0,0,0,0,0,0,0,0,0,0,0,1,2,4,17,4
4610,A1,1,20,0,1,0,0,0,0,0,0,0,0,0,0,1,2,6,83,41
4610,B0,0,3,14,1,0,0,0,0,0,0,0,0,0,0,1,1,6,88,24
4610,B1,1,1,2,1,0,0,0,0,0,0,0,0,0,0,1,1,50,376,80
4610,B2,5,0,2,20,0,0,0,0,0,0,0,0,0,0,1,1,9,121,9
4610,C1,19,2,1,0,0,0,0,0,0,0,0,0,0,0,1,2,4,17,4
4620,A1,3,20,0,1,0,0,0,0,0,0,0,0,0,0,1,2,6,83,41
4620,B0,0,3,10,1,0,0,0,0,0,0,0,0,0,0,1,1,6,88,24
4620,B1,1,1,3,3,0,0,0,0,0,0,0,0,0,0,1,1,50,376,80
4620,B2,5,0,1,20,0,0,0,0,0,0,0,0,0,0,1,1,9,121,9
4620,C1,20,2,1,0,0,0,0,0,0,0,0,0,0,0,1,2,4,17,4
4630,A1,2,20,0,1,0,0,0,0,0,0,0,0,0,1,0,2,6,83,41
4630,B0,0,1,10,1,0,0,0,0,0,0,0,0,0,1,0,1,6,88,24
4630,B1,1,1,3,3,0,0,0,0,0,0,0,0,0,1,0,1,51,380,81
4630,B2,4,0,1,20,0,0,0,0,0,0,0,0,0,1,0,1,9,121,9
4630,C1,20,4,1,0,0,0,0,0,0,0,0,0,0,1,0,2,5,18,22
4640,A1,1,20,0,1,0,0,0,0,0,0,0,0,0,1,0,2,6,83,41
4640,B0,0,1,10,3,0,0,0,0,0,0,0,0,0,1,0,1,6,88,24
4640,B1,1,2,3,3,0,0,0,0,0,0,0,0,0,1,0,1,51,380,81
4640,B2,1,0,1,20,0,0,0,0,0,0,0,0,0,1,0,1,9,121,9
4640,C1,20,2,3,0,0,0,0,0,0,0,0,0,0,1,0,2,5,18,22
4650,A1,3,20,0,1,0,0,0,0,0,0,0,0,0,0,1,2,6,83,41
4650,B0,0,1,12,2,0,0,0,0,0,0,0,0,0,0,1,1,6,88,24
4650,B1,1,1,4,4,0,0,0,0,0,0,0,0,0,0,1,1,51,380,81
4650,B2,1,0,5,20,0,0,0,0,0,0,0,0,0,0,1,1,9,121,9
4650,C1,20,2,1,0,0,0,0,0,0,0,0,0,0,0,1,2,5,18,22
4660,A1,1,20,0,1,0,0,0,0,0,0,0,0,0,0,1,2,6,83,41
4660,B0,0,1,12,1,0,0,0,0,0,0,0,0,0,0,1,1,6,88,24
4660,B1,1,1,1,5,0,0,0,0,0,0,0,0,0,0,1,1,51,380,81
4660,B2,1,0,1,19,0,0,0,0,0,0,0,0,0,0,1,1,9,121,9
4660,C1,20,6,1,0,0,0,0,0,0,0,0,0,0,0,1,2,5,18,22
4670,A1,2,20,0,1,0,0,0,0,0,0,0,0,0,1,0,2,6,83,41
4670,B0,0,2,10,1,0,0,0,0,0,0,0,0,0,1,0,1,6,88,24
4670,B1,1,1,4,5,0,0,0,0,0,0,0,0,0,1,0,1,51,380,81
4670,B2,1,0,1,17,0,0,0,0,0,0,0,0,0,1,0,1,9,121,9
4670,C1,20,5,2,0,0,0,0,0,0,0,0,0,0,1,0,2,5,18,22
4680,A1,1,19,0,2,0,0,0,0,0,0,0,0,0,1,0,2,6,83,41
4680,B0,0,2,11,2,0,0,0,0,0,0,0,0,0,1,0,1,6,88,24
4680,B1,1,3,1,5,0,0,0,0,0,0,0,0,0,1,0,1,51,380,81
4680,B2,1,0,3,18,0,0,0,0,0,0,0,0,0,1,0,1,9,121,9
4680,C1,20,2,4,0,0,0,0,0,0,0,0,0,0,1,0,2,5,18,22
4690,A1,2,18,0,3,0,0,0,0,0,0,0,0,0,1,0,2,6,83,41
4690,B0,0,1,13,3,0,0,0,0,0,0,0,0,0,1,0,1,6,88,24
4690,B1,1,1,1,5,0,0,0,0,0,0,0,0,0,1,0,1,51,380,81
4690,B2,1,0,3,19,0,0,0,0,0,0,0,0,0,1,0,1,9,121,9
4690,C1,19,3,5,0,0,0,0,0,0,0,0,0,0,1,0,2,5,18,22
4700,A1,2,19,0,1,0,0,0,0,0,0,0,0,0,0,1,2,6,83,41
4700,B0,0,2,14,1,0,0,0,0,0,0,0,0,0,0,1,1,6,88,24
4700,B1,1,2,1,5,0,0,0,0,0,0,0,0,0,0,1,1,51,380,81
4700,B2,1,0,2,20,0,0,0,0,0,0,0,0,0,0,1,1,9,121,9
4700,C1,20,1,3,0,0,0,0,0,0,0,0,0,0,0,1,2,5,18,22
4710,A1,3,20,0,1,0,0,0,0,0,0,0,0,0,0,1,2,6,83,41
4710,B0,0,3,14,3,0,0,0,0,0,0,0,0,0,0,1,1,6,88,24
4710,B1,1,2,1,5,0,0,0,0,0,0,0,0,0,0,1,1,51,380,81
4710,B2,1,0,2,18,0,0,0,0,0,0,0,0,0,0,1,1,9,121,9
4710,C1,20,2,1,0,0,0,0,0,0,0,0,0,0,0,1,2,5,18,22
4720,A1,2,20,0,1,0,0,0,0,0,0,0,0,0,1,0,2,6,83,41
4720,B0,0,2,13,3,0,0,0,0,0,0,0,0,0,1,0,1,6,88,24
4720,B1,1,1,1,4,0,0,0,0,0,0,0,0,0,1,0,1,51,380,81
4720,B2,1,0,1,17,0,0,0,0,0,0,0,0,0,1,0,1,9,121,9
4720,C1,20,3,1,0,0,0,0,0,0,0,0,0,0,1,0,2,5,18,22
4730,A1,1,20,0,1,0,0,0,0,0,0,0,0,0,1,0,2,6,83,41
4730,B0,0,1,15,5,0,0,0,0,0,0,0,0,0,1,0,1,6,88,24
4730,B1,2,2,1,4,0,0,0,0,0,0,0,0,0,1,0,1,51,380,81
4730,B2,2,0,1,19,0,0,0,0,0,0,0,0,0,1,0,1,9,121,9
4730,C1,18,2,1,0,0,0,0,0,0,0,0,0,0,1,0,2,5,18,22
4740,A1,1,20,0,1,0,0,0,0,0,0,0,0,0,0,1,2,7,84,42
4740,B0,0,3,14,6,0,0,0,0,0,0,0,0,0,0,1,1,6,88,24
4740,B1,2,2,1,4,0,0,0,0,0,0,0,0,0,0,1,1,52,384,82
4740,B2,2,0,1,20,0,0,0,0,0,0,0,0,0,0,1,1,9,121,9
4740,C1,18,1,1,0,0,0,0,0,0,0,0,0,0,0,1,2,5,18,22
4750,A1,4,20,0,1,0,0,0,0,0,0,0,0,0,0,1,2,7,84,42
4750,B0,0,3,15,4,0,0,0,0,0,0,0,0,0,0,1,1,6,88,24
4750,B1,2,2,3,2,0,0,0,0,0,0,0,0,0,0,1,1,52,384,82
4750,B2,2,0,2,20,0,0,0,0,0,0,0,0,0,0,1,1,9,121,9
4750,C1,18,5,1,0,0,0,0,0,0,0,0,0,0,0,1,2,5,18,22
4760,A1,1,20,0,1,0,0,0,0,0,0,0,0,0,0,1,2,7,84,42
4760,B0,0,3,13,3,0,0,0,0,0,0,0,0,0,0,1,1,6,88,24
4760,B1,2,2,1,1,0,0,0,0,0,0,0,0,0,0,1,2,52,384,82
4760,B2,3,0,1,19,0,0,0,0,0,0,0,0,0,0,1,1,9,121,9
4760,C1,20,1,1,0,0,0,0,0,0,0,0,0,0,0,1,2,5,18,22
4770,A1,2,19,0,1,0,0,0,0,0,0,0,0,0,1,0,2,7,84,42
4770,B0,0,3,14,5,0,0,0,0,0,0,0,0,0,1,0,1,6,88,24
4770,B1,2,2,1,1,0,0,0,0,0,0,0,0,0,1,0,2,52,384,82
4770,B2,1,0,1,20,0,0,0,0,0,0,0,0,0,1,0,1,9,121,9
4770,C1,17,4,1,0,0,0,0,0,0,0,0,0,0,1,0,2,5,18,22
4780,A1,1,15,0,2,0,0,0,0,0,0,0,0,0,1,0,2,7,84,42
4780,B0,0,2,15,6,0,0,0,0,0,0,0,0,0,1,0,1,6,88,24
4780,B1,2,1,1,1,0,0,0,0,0,0,0,0,0,1,0,2,52,384,82
4780,B2,1,0,4,20,0,0,0,0,0,0,0,0,0,1,0,1,9,121,9
4780,C1,14,1,1,0,0,0,0,0,0,0,0,0,0,1,0,2,5,18,22
4790,A1,2,15,0,2,0,0,0,0,0,0,0,0,0,0,1,2,7,84,42
4790,B0,0,2,15,3,0,0,0,0,0,0,0,0,0,0,1,1,6,88,24
4790,B1,2,1,1,4,0,0,0,0,0,0,0,0,0,0,1,1,52,384,82
4790,B2,2,0,4,20,0,0,0,0,0,0,0,0,0,0,1,1,9,121,9
4790,C1,15,2,1,0,0,0,0,0,0,0,0,0,0,0,1,2,5,18,22
4800,A1,3,18,0,2,0,0,0,0,0,0,0,0,0,0,1,2,7,84,42
4800,B0,0,2,15,4,0,0,0,0,0,0,0,0,0,0,1,1,6,88,24
4800,B1,2,1,3,5,0,0,0,0,0,0,0,0,0,0,1,1,52,384,82
4800,B2,2,0,1,20,0,0,0,0,0,0,0,0,0,0,1,1,9,121,9
4800,C1,18,2,1,0,0,0,0,0,0,0,0,0,0,0,1,2,5,18,22
4810,A1,5,20,0,1,0,0,0,0,0,0,0,0,0,1,0,2,7,84,42
4810,B0,0,2,14,1,0,0,0,0,0,0,0,0,0,1,0,1,6,88,24
4810,B1,2,1,4,5,0,0,0,0,0,0,0,0,0,1,0,1,53,390,83
4810,B2,3,0,1,19,0,0,0,0,0,0,0,0,0,1,0,1,9,121,9
4810,C1,20,2,1,0,0,0,0,0,0,0,0,0,0,1,0,2,5,18,22
4820,A1,3,20,0,1,0,0,0,0,0,0,0,0,0,1,0,2,7,84,42
4820,B0,0,1,17,2,0,0,0,0,0,0,0,0,0,1,0,1,6,88,24
4820,B1,3,1,4,4,0,0,0,0,0,0,0,0,0,1,0,1,53,390,83
4820,B2,1,0,3,19,0,0,0,0,0,0,0,0,0,1,0,1,9,121,9
4820,C1,18,1,3,0,0,0,0,0,0,0,0,0,0,1,0,2,5,18,22
4830,A1,1,19,0,2,0,0,0,0,0,0,0,0,0,0,1,2,7,84,42
4830,B0,0,2,17,2,0,0,0,0,0,0,0,0,0,0,1,1,6,88,24
4830,B1,2,1,4,4,0,0,0,0,0,0,0,0,0,0,1,1,53,390,83
4830,B2,1,0,3,20,0,0,0,0,0,0,0,0,0,0,1,1,9,121,9
4830,C1,18,1,2,0,0,0,0,0,0,0,0,0,0,0,1,2,5,18,22
4840,A1,2,20,0,1,0,0,0,0,0,0,0,0,0,0,1,2,7,84,42
4840,B0,0,2,17,1,0,0,0,0,0,0,0,0,0,0,1,1,6,88,24
4840,B1,2,1,2,4,0,0,0,0,0,0,0,0,0,0,1,1,53,390,83
4840,B2,4,0,1,17,0,0,0,0,0,0,0,0,0,0,1,1,9,121,9
4840,C1,19,3,1,0,0,0,0,0,0,0,0,0,0,0,1,2,5,18,22
4850,A1,4,20,0,3,0,0,0,0,0,0,0,0,0,0,1,2,7,84,42
4850,B0,0,2,15,2,0,0,0,0,0,0,0,0,0,0,1,1,6,88,24
4850,B1,2,2,1,1,0,0,0,0,0,0,0,0,0,0,1,2,53,390,83
4850,B2,3,0,1,17,0,0,0,0,0,0,0,0,0,0,1,1,9,121,9
4850,C1,20,4,1,0,0,0,0,0,0,0,0,0,0,0,1,2,5,18,22
4860,A1,3,20,0,4,0,0,0,0,0,0,0,0,0,1,0,2,7,84,42
4860,B0,0,1,15,2,0,0,0,0,0,0,0,0,0,1,0,1,6,88,24
4860,B1,2,2,2,2,0,0,0,0,0,0,0,0,0,1,0,1,53,390,83
4860,B2,1,0,2,18,0,0,0,0,0,0,0,0,0,1,0,1,9,121,9
4860,C1,20,3,4,0,0,0,0,0,0,0,0,0,0,1,0,2,5,18,22
4870,A1,2,20,0,5,0,0,0,0,0,0,0,0,0,1,0,2,7,84,42
4870,B0,0,1,17,1,0,0,0,0,0,0,0,0,0,1,0,1,6,88,24
4870,B1,4,3,2,2,0,0,0,0,0,0,0,0,0,1,0,2,53,390,83
4870,B2,1,0,6,20,0,0,0,0,0,0,0,0,0,1,0,1,9,121,9
4870,C1,20,1,4,0,0,0,0,0,0,0,0,0,0,1,0,2,5,18,22
4880,A1,2,20,0,3,0,0,0,0,0,0,0,0,0,0,1,2,7,84,42
4880,B0,0,3,18,3,0,0,0,0,0,0,0,0,0,0,1,1,6,88,24
4880,B1,1,3,1,2,0,0,0,0,0,0,0,0,0,0,1,2,53,390,83
4880,B2,2,0,2,20,0,0,0,0,0,0,0,0,0,0,1,1,9,121,9
4880,C1,20,1,3,0,0,0,0,0,0,0,0,0,0,0,1,2,5,18,22
4890,A1,2,20,0,1,0,0,0,0,0,0,0,0,0,0,1,2,7,84,42
4890,B0,0,6,19,3,0,0,0,0,0,0,0,0,0,0,1,1,6,88,24
4890,B1,1,3,3,2,0,0,0,0,0,0,0,0,0,0,1,1,53,390,83
4890,B2,4,0,2,20,0,0,0,0,0,0,0,0,0,0,1,1,9,121,9
4890,C1,20,1,1,0,0,0,0,0,0,0,0,0,0,0,1,2,5,18,22
4900,A1,4,20,0,2,0,0,0,0,0,0,0,0,0,1,0,2,7,84,42
4900,B0,0,7,18,2,0,0,0,0,0,0,0,0,0,1,0,1,6,88,24
4900,B1,1,1,3,2,0,0,0,0,0,0,0,0,0,1,0,1,54,391,86
4900,B2,4,0,3,19,0,0,0,0,0,0,0,0,0,1,0,1,9,121,9
4900,C1,20,1,1,0,0,0,0,0,0,0,0,0,0,1,0,2,6,20,23
4910,A1,3,20,0,2,0,0,0,0,0,0,0,0,0,1,0,2,7,84,42
4910,B0,0,3,20,1,0,0,0,0,0,0,0,0,0,1,0,1,6,88,24
4910,B1,3,3,1,1,0,0,0,0,0,0,0,0,0,1,0,2,54,391,86
4910,B2,1,0,2,20,0,0,0,0,0,0,0,0,0,1,0,1,9,121,9
4910,C1,20,1,1,0,0,0,0,0,0,0,0,0,0,1,0,2,6,20,23
4920,A1,1,19,0,2,0,0,0,0,0,0,0,0,0,1,0,2,7,84,42
4920,B0,0,1,20,3,0,0,0,0,0,0,0,0,0,1,0,1,6,88,24
4920,B1,3,1,2,1,0,0,0,0,0,0,0,0,0,1,0,2,54,391,86
4920,B2,1,0,3,20,0,0,0,0,0,0,0,0,0,1,0,1,9,121,9
4920,C1,19,1,1,0,0,0,0,0,0,0,0,0,0,1,0,2,6,20,23
4930,A1,1,20,0,1,0,0,0,0,0,0,0,0,0,0,1,2,7,84,42
4930,B0,0,1,19,4,0,0,0,0,0,0,0,0,0,0,1,1,6,88,24
4930,B1,3,1,1,1,0,0,0,0,0,0,0,0,0,0,1,2,54,391,86
4930,B2,1,0,1,20,0,0,0,0,0,0,0,0,0,0,1,1,9,121,9
4930,C1,20,1,1,0,0,0,0,0,0,0,0,0,0,0,1,2,6,20,23
4940,A1,2,20,0,1,0,0,0,0,0,0,0,0,0,0,1,2,7,84,42
4940,B0,0,1,20,1,0,0,0,0,0,0,0,0,0,0,1,1,6,88,24
4940,B1,3,1,1,2,0,0,0,0,0,0,0,0,0,0,1,2,54,391,86
4940,B2,2,0,3,20,0,0,0,0,0,0,0,0,0,0,1,1,9,121,9
4940,C1,20,3,1,0,0,0,0,0,0,0,0,0,0,0,1,2,6,20,23
4950,A1,3,20,0,1,0,0,0,0,0,0,0,0,0,1,0,2,7,84,42
4950,B0,0,2,20,1,0,0,0,0,0,0,0,0,0,1,0,1,6,88,24
4950,B1,1,2,2,2,0,0,0,0,0,0,0,0,0,1,0,1,55,398,89
4950,B2,1,0,1,19,0,0,0,0,0,0,0,0,0,1,0,1,9,121,9
4950,C1,20,3,1,0,0,0,0,0,0,0,0,0,0,1,0,2,6,20,23
4960,A1,2,20,0,1,0,0,0,0,0,0,0,0,0,1,0,2,7,84,42
4960,B0,0,1,20,1,0,0,0,0,0,0,0,0,0,1,0,1,6,88,24
4960,B1,4,3,2,2,0,0,0,0,0,0,0,0,0,1,0,2,55,398,89
4960,B2,1,0,1,19,0,0,0,0,0,0,0,0,0,1,0,1,9,121,9
4960,C1,20,6,1,0,0,0,0,0,0,0,0,0,0,1,0,2,6,20,23
4970,A1,1,20,0,1,0,0,0,0,0,0,0,0,0,0,1,2,7,84,42
4970,B0,0,1,20,1,0,0,0,0,0,0,0,0,0,0,1,1,6,88,24
4970,B1,2,4,1,1,0,0,0,0,0,0,0,0,0,0,1,2,55,398,89
4970,B2,1,0,2,19,0,0,0,0,0,0,0,0,0,0,1,1,9,121,9
4970,C1,20,1,2,0,0,0,0,0,0,0,0,0,0,0,1,2,6,20,23
4980,A1,3,20,0,1,0,0,0,0,0,0,0,0,0,0,1,2,7,84,42
4980,B0,0,2,18,1,0,0,0,0,0,0,0,0,0,0,1,1,6,88,24
4980,B1,2,4,1,1,0,0,0,0,0,0,0,0,0,0,1,2,55,398,89
4980,B2,1,0,1,17,0,0,0,0,0,0,0,0,0,0,1,1,9,121,9
4980,C1,20,3,1,0,0,0,0,0,0,0,0,0,0,0,1,2,6,20,23
4990,A1,4,20,0,1,0,0,0,0,0,0,0,0,0,0,1,2,7,84,42
4990,B0,0,2,17,1,0,0,0,0,0,0,0,0,0,0,1,1,6,88,24
4990,B1,2,5,1,1,0,0,0,0,0,0,0,0,0,0,1,2,55,398,89
4990,B2,2,0,1,17,0,0,0,0,0,0,0,0,0,0,1,1,9,121,9
4990,C1,20,3,1,0,0,0,0,0,0,0,0,0,0,0,1,2,6,20,23
5000,A1,2,20,0,1,0,0,0,0,0,0,0,0,0,1,0,2,7,84,42
5000,B0,0,2,18,2,0,0,0,0,0,0,0,0,0,1,0,1,6,88,24
5000,B1,1,6,1,1,0,0,0,0,0,0,0,0,0,1,0,2,55,398,89
5000,B2,1,0,1,18,0,0,0,0,0,0,0,0,0,1,0,1,9,121,9
5000,C1,19,1,1,0,0,0,0,0,0,0,0,0,0,1,0,2,6,20,23
5010,A1,2,20,0,1,0,0,0,0,0,0,0,0,0,1,0,2,7,84,42
5010,B0,0,2,20,3,0,0,0,0,0,0,0,0,0,1,0,1,6,88,24
5010,B1,3,6,1,1,0,0,0,0,0,0,0,0,0,1,0,2,55,398,89
5010,B2,2,0,3,19,0,0,0,0,0,0,0,0,0,1,0,1,9,121,9
5010,C1,18,1,2,0,0,0,0,0,0,0,0,0,0,1,0,2,6,20,23
5020,A1,1,20,0,1,0,0,0,0,0,0,0,0,0,0,1,2,7,84,42
5020,B0,0,2,20,1,0,0,0,0,0,0,0,0,0,0,1,1,6,88,24
5020,B1,1,5,1,2,0,0,0,0,0,0,0,0,0,0,1,2,56,399,90
5020,B2,4,0,2,20,0,0,0,0,0,0,0,0,0,0,1,1,9,121,9
5020,C1,18,1,1,0,0,0,0,0,0,0,0,0,0,0,1,2,6,20,23
5030,A1,2,20,0,1,0,0,0,0,0,0,0,0,0,0,1,2,7,84,42
5030,B0,0,2,18,2,0,0,0,0,0,0,0,0,0,0,1,1,6,88,24
5030,B1,1,5,3,2,0,0,0,0,0,0,0,0,0,0,1,1,56,399,90
5030,B2,4,0,1,20,0,0,0,0,0,0,0,0,0,0,1,1,9,121,9
5030,C1,19,1,1,0,0,0,0,0,0,0,0,0,0,0,1,2,6,20,23
5040,A1,2,20,0,1,0,0,0,0,0,0,0,0,0,1,0,2,7,84,42
5040,B0,0,3,17,2,0,0,0,0,0,0,0,0,0,1,0,1,6,88,24
5040,B1,2,5,1,2,0,0,0,0,0,0,0,0,0,1,0,2,56,399,90
5040,B2,3,0,1,20,0,0,0,0,0,0,0,0,0,1,0,1,9,121,9
5040,C1,20,2,2,0,0,0,0,0,0,0,0,0,0,1,0,2,6,20,23
5050,A1,2,20,0,2,0,0,0,0,0,0,0,0,0,1,0,2,7,84,42
5050,B0,0,2,17,2,0,0,0,0,0,0,0,0,0,1,0,1,6,88,24
5050,B1,1,3,2,3,0,0,0,0,0,0,0,0,0,1,0,1,56,399,90
5050,B2,1,0,1,20,0,0,0,0,0,0,0,0,0,1,0,1,9,121,9
5050,C1,17,1,3,0,0,0,0,0,0,0,0,0,0,1,0,2,6,20,23
5060,A1,1,19,0,2,0,0,0,0,0,0,0,0,0,0,1,2,7,84,42
5060,B0,0,1,20,2,0,0,0,0,0,0,0,0,0,0,1,1,6,88,24
5060,B1,3,2,2,3,0,0,0,0,0,0,0,0,0,0,1,1,56,399,90
5060,B2,1,0,3,20,0,0,0,0,0,0,0,0,0,0,1,1,9,121,9
5060,C1,14,1,4,0,0,0,0,0,0,0,0,0,0,0,1,2,6,20,23
5070,A1,1,20,0,2,0,0,0,0,0,0,0,0,0,0,1,2,7,84,42
5070,B0,0,1,19,2,0,0,0,0,0,0,0,0,0,0,1,1,6,88,24
5070,B1,3,2,1,3,0,0,0,0,0,0,0,0,0,0,1,2,56,399,90
5070,B2,1,0,1,20,0,0,0,0,0,0,0,0,0,0,1,1,9,121,9
5070,C1,16,1,1,0,0,0,0,0,0,0,0,0,0,0,1,2,6,20,23
5080,A1,2,20,0,1,0,0,0,0,0,0,0,0,0,0,1,2,7,84,42
5080,B0,0,2,19,3,0,0,0,0,0,0,0,0,0,0,1,1,6,88,24
5080,B1,2,2,2,4,0,0,0,0,0,0,0,0,0,0,1,1,56,399,90
5080,B2,1,0,2,18,0,0,0,0,0,0,0,0,0,0,1,1,9,121,9
5080,C1,19,3,1,0,0,0,0,0,0,0,0,0,0,0,1,2,6,20,23
5090,A1,1,20,0,4,0,0,0,0,0,0,0,0,0,1,0,2,7,84,42
5090,B0,0,1,19,1,0,0,0,0,0,0,0,0,0,1,0,1,6,88,24
5090,B1,1,2,1,4,0,0,0,0,0,0,0,0,0,1,0,1,56,399,90
5090,B2,1,0,2,19,0,0,0,0,0,0,0,0,0,1,0,1,9,121,9
5090,C1,20,2,2,0,0,0,0,0,0,0,0,0,0,1,0,2,6,20,23
5100,A1,1,18,0,5,0,0,0,0,0,0,0,0,0,1,0,2,7,84,42
5100,B0,0,1,20,2,0,0,0,0,0,0,0,0,0,1,0,1,6,88,24
5100,B1,2,2,1,3,0,0,0,0,0,0,0,0,0,1,0,1,56,399,90
5100,B2,2,0,2,19,0,0,0,0,0,0,0,0,0,1,0,1,9,121,9
5100,C1,19,1,3,0,0,0,0,0,0,0,0,0,0,1,0,2,6,20,23
5110,A1,2,18,0,4,0,0,0,0,0,0,0,0,0,0,1,2,7,84,42
5110,B0,0,1,20,2,0,0,0,0,0,0,0,0,0,0,1,1,6,88,24
5110,B1,1,1,1,2,0,0,0,0,0,0,0,0,0,0,1,1,56,399,90
5110,B2,3,0,3,20,0,0,0,0,0,0,0,0,0,0,1,1,9,121,9
5110,C1,19,2,2,0,0,0,0,0,0,0,0,0,0,0,1,2,6,20,23
5120,A1,3,18,0,2,0,0,0,0,0,0,0,0,0,0,1,2,7,84,42
5120,B0,0,2,19,2,0,0,0,0,0,0,0,0,0,0,1,1,6,88,24
5120,B1,1,1,1,1,0,0,0,0,0,0,0,0,0,0,1,1,56,399,90
5120,B2,4,0,1,20,0,0,0,0,0,0,0,0,0,0,1,1,9,121,9
5120,C1,20,1,1,0,0,0,0,0,0,0,0,0,0,0,1,2,6,20,23
5130,A1,4,20,0,1,0,0,0,0,0,0,0,0,0,1,0,2,7,84,42
5130,B0,0,1,18,1,0,0,0,0,0,0,0,0,0,1,0,1,6,88,24
5130,B1,2,2,2,2,0,0,0,0,0,0,0,0,0,1,0,1,56,399,90
5130,B2,5,0,1,19,0,0,0,0,0,0,0,0,0,1,0,1,9,121,9
5130,C1,20,2,1,0,0,0,0,0,0,0,0,0,0,1,0,2,6,20,23
5140,A1,2,20,0,5,0,0,0,0,0,0,0,0,0,1,0,2,7,84,42
5140,B0,0,1,19,1,0,0,0,0,0,0,0,0,0,1,0,1,6,88,24
5140,B1,1,2,2,2,0,0,0,0,0,0,0,0,0,1,0,1,56,399,90
5140,B2,1,0,1,19,0,0,0,0,0,0,0,0,0,1,0,1,9,121,9
5140,C1,19,1,2,0,0,0,0,0,0,0,0,0,0,1,0,2,6,20,23
5150,A1,1,19,0,5,0,0,0,0,0,0,0,0,0,1,0,2,7,84,42
5150,B0,0,1,20,2,0,0,0,0,0,0,0,0,0,1,0,1,6,88,24
5150,B1,1,1,2,2,0,0,0,0,0,0,0,0,0,1,0,1,56,399,90
5150,B2,2,0,2,20,0,0,0,0,0,0,0,0,0,1,0,1,9,121,9
5150,C1,15,1,2,0,0,0,0,0,0,0,0,0,0,1,0,2,6,20,23
5160,A1,1,20,0,2,0,0,0,0,0,0,0,0,0,0,1,2,7,84,42
5160,B0,0,1,19,7,0,0,0,0,0,0,0,0,0,0,1,1,6,88,24
5160,B1,1,1,1,4,0,0,0,0,0,0,0,0,0,0,1,1,57,410,92
5160,B2,3,0,4,20,0,0,0,0,0,0,0,0,0,0,1,1,9,121,9
5160,C1,16,1,1,0,0,0,0,0,0,0,0,0,0,0,1,2,6,20,23
5170,A1,1,20,0,1,0,0,0,0,0,0,0,0,0,0,1,2,7,84,42
5170,B0,0,2,17,3,0,0,0,0,0,0,0,0,0,0,1,1,6,88,24
5170,B1,1,1,1,3,0,0,0,0,0,0,0,0,0,0,1,1,57,410,92
5170,B2,3,0,1,20,0,0,0,0,0,0,0,0,0,0,1,1,9,121,9
5170,C1,18,3,1,0,0,0,0,0,0,0,0,0,0,0,1,2,6,20,23
5180,A1,4,19,0,1,0,0,0,0,0,0,0,0,0,1,0,2,7,84,42
5180,B0,0,1,17,2,0,0,0,0,0,0,0,0,0,1,0,1,6,88,24
5180,B1,1,1,2,3,0,0,0,0,0,0,0,0,0,1,0,1,57,410,92
5180,B2,2,0,1,20,0,0,0,0,0,0,0,0,0,1,0,1,9,121,9
5180,C1,20,2,1,0,0,0,0,0,0,0,0,0,0,1,0,2,6,20,23
5190,A1,1,15,0,1,0,0,0,0,0,0,0,0,0,1,0,2,7,84,42
5190,B0,0,1,19,3,0,0,0,0,0,0,0,0,0,1,0,1,6,88,24
5190,B1,5,1,2,3,0,0,0,0,0,0,0,0,0,1,0,2,57,410,92
5190,B2,1,0,2,20,0,0,0,0,0,0,0,0,0,1,0,1,9,121,9
5190,C1,20,2,2,0,0,0,0,0,0,0,0,0,0,1,0,2,6,20,23
5200,A1,1,14,0,1,0,0,0,0,0,0,0,0,0,0,1,2,7,84,42
5200,B0,0,3,20,3,0,0,0,0,0,0,0,0,0,0,1,1,6,88,24
5200,B1,4,1,4,3,0,0,0,0,0,0,0,0,0,0,1,1,57,410,92
5200,B2,1,0,3,20,0,0,0,0,0,0,0,0,0,0,1,1,9,121,9
5200,C1,20,1,2,0,0,0,0,0,0,0,0,0,0,0,1,2,6,20,23
5210,A1,2,16,0,1,0,0,0,0,0,0,0,0,0,0,1,2,7,84,42
5210,B0,0,3,19,1,0,0,0,0,0,0,0,0,0,0,1,1,6,88,24
5210,B1,3,1,6,1,0,0,0,0,0,0,0,0,0,0,1,1,57,410,92
5210,B2,2,0,2,20,0,0,0,0,0,0,0,0,0,0,1,1,9,121,9
5210,C1,20,2,1,0,0,0,0,0,0,0,0,0,0,0,1,2,6,20,23
5220,A1,3,19,0,1,0,0,0,0,0,0,0,0,0,0,1,2,7,84,42
5220,B0,0,4,16,1,0,0,0,0,0,0,0,0,0,0,1,1,6,88,24
5220,B1,3,2,4,1,0,0,0,0,0,0,0,0,0,0,1,1,57,410,92
5220,B2,4,0,1,19,0,0,0,0,0,0,0,0,0,0,1,1,9,121,9
5220,C1,20,3,1,0,0,0,0,0,0,0,0,0,0,0,1,2,6,20,23
5230,A1,3,20,0,1,0,0,0,0,0,0,0,0,0,1,0,2,7,84,42
5230,B0,0,1,17,1,0,0,0,0,0,0,0,0,0,1,0,1,6,88,24
5230,B1,2,3,4,1,0,0,0,0,0,0,0,0,0,1,0,1,57,410,92
5230,B2,2,0,1,19,0,0,0,0,0,0,0,0,0,1,0,1,9,121,9
5230,C1,20,2,3,0,0,0,0,0,0,0,0,0,0,1,0,2,6,20,23
5240,A1,1,19,0,1,0,0,0,0,0,0,0,0,0,1,0,2,7,84,42
5240,B0,0,1,19,2,0,0,0,0,0,0,0,0,0,1,0,1,6,88,24
5240,B1,3,3,4,1,0,0,0,0,0,0,0,0,0,1,0,2,57,410,92
5240,B2,2,0,2,19,0,0,0,0,0,0,0,0,0,1,0,1,9,121,9
5240,C1,20,3,1,0,0,0,0,0,0,0,0,0,0,1,0,2,6,20,23
5250,A1,1,19,0,2,0,0,0,0,0,0,0,0,0,0,1,2,7,84,42
5250,B0,0,1,20,2,0,0,0,0,0,0,0,0,0,0,1,1,6,88,24
5250,B1,2,2,4,1,0,0,0,0,0,0,0,0,0,0,1,1,58,413,93
5250,B2,3,0,1,20,0,0,0,0,0,0,0,0,0,0,1,1,9,121,9
5250,C1,20,2,1,0,0,0,0,0,0,0,0,0,0,0,1,2,6,20,23
5260,A1,2,19,0,1,0,0,0,0,0,0,0,0,0,0,1,2,7,84,42
5260,B0,0,2,18,1,0,0,0,0,0,0,0,0,0,0,1,1,6,88,24
5260,B1,2,2,3,1,0,0,0,0,0,0,0,0,0,0,1,1,58,413,93
5260,B2,5,0,1,16,0,0,0,0,0,0,0,0,0,0,1,1,9,121,9
5260,C1,20,1,1,0,0,0,0,0,0,0,0,0,0,0,1,2,6,20,23
5270,A1,3,20,0,2,0,0,0,0,0,0,0,0,0,1,0,2,7,84,42
5270,B0,0,1,18,1,0,0,0,0,0,0,0,0,0,1,0,1,6,88,24
5270,B1,1,2,2,3,0,0,0,0,0,0,0,0,0,1,0,1,58,413,93
5270,B2,4,0,1,14,0,0,0,0,0,0,0,0,0,1,0,1,9,121,9
5270,C1,20,2,1,0,0,0,0,0,0,0,0,0,0,1,0,2,6,20,23
5280,A1,3,20,0,1,0,0,0,0,0,0,0,0,0,1,0,2,7,84,42
5280,B0,0,1,19,1,0,0,0,0,0,0,0,0,0,1,0,1,6,88,24
5280,B1,1,2,2,3,0,0,0,0,0,0,0,0,0,1,0,1,58,413,93
5280,B2,1,0,3,16,0,0,0,0,0,0,0,0,0,1,0,1,9,121,9
5280,C1,20,2,3,0,0,0,0,0,0,0,0,0,0,1,0,2,6,20,23
5290,A1,1,19,0,2,0,0,0,0,0,0,0,0,0,0,1,2,7,84,42
5290,B0,0,1,20,2,0,0,0,0,0,0,0,0,0,0,1,1,6,88,24
5290,B1,1,2,2,4,0,0,0,0,0,0,0,0,0,0,1,1,58,413,93
5290,B2,1,0,1,20,0,0,0,0,0,0,0,0,0,0,1,1,9,121,9
5290,C1,18,2,3,0,0,0,0,0,0,0,0,0,0,0,1,2,6,20,23
5300,A1,2,20,0,1,0,0,0,0,0,0,0,0,0,0,1,2,7,84,42
5300,B0,0,1,19,3,0,0,0,0,0,0,0,0,0,0,1,1,6,88,24
5300,B1,2,2,1,2,0,0,0,0,0,0,0,0,0,0,1,2,58,413,93
5300,B2,2,0,2,20,0,0,0,0,0,0,0,0,0,0,1,1,9,121,9
5300,C1,19,3,2,0,0,0,0,0,0,0,0,0,0,0,1,2,6,20,23
5310,A1,3,20,0,1,0,0,0,0,0,0,0,0,0,0,1,2,7,84,42
5310,B0,0,2,19,3,0,0,0,0,0,0,0,0,0,0,1,1,6,88,24
5310,B1,1,2,1,1,0,0,0,0,0,0,0,0,0,0,1,2,58,413,93
5310,B2,3,0,2,19,0,0,0,0,0,0,0,0,0,0,1,1,9,121,9
5310,C1,20,3,3,0,0,0,0,0,0,0,0,0,0,0,1,2,6,20,23
5320,A1,2,20,0,2,0,0,0,0,0,0,0,0,0,1,0,2,7,84,42
5320,B0,0,1,18,5,0,0,0,0,0,0,0,0,0,1,0,1,6,88,24
5320,B1,4,1,2,1,0,0,0,0,0,0,0,0,0,1,0,2,58,413,93
5320,B2,1,0,2,20,0,0,0,0,0,0,0,0,0,1,0,1,9,121,9
5320,C1,20,1,5,0,0,0,0,0,0,0,0,0,0,1,0,2,6,20,23
5330,A1,3,19,0,3,0,0,0,0,0,0,0,0,0,1,0,2,7,84,42
5330,B0,0,1,18,2,0,0,0,0,0,0,0,0,0,1,0,1,6,88,24
5330,B1,2,1,1,1,0,0,0,0,0,0,0,0,0,1,0,2,58,413,93
5330,B2,2,0,3,20,0,0,0,0,0,0,0,0,0,1,0,1,9,121,9
5330,C1,20,3,5,0,0,0,0,0,0,0,0,0,0,1,0,2,6,20,23
5340,A1,3,19,0,1,0,0,0,0,0,0,0,0,0,0,1,2,7,84,42
5340,B0,0,3,18,2,0,0,0,0,0,0,0,0,0,0,1,1,6,88,24
5340,B1,2,1,1,2,0,0,0,0,0,0,0,0,0,0,1,1,58,413,93
5340,B2,2,0,4,20,0,0,0,0,0,0,0,0,0,0,1,1,9,121,9
5340,C1,20,3,3,0,0,0,0,0,0,0,0,0,0,0,1,2,7,21,27
5350,A1,3,19,0,1,0,0,0,0,0,0,0,0,0,0,1,2,7,84,42
5350,B0,0,4,18,3,0,0,0,0,0,0,0,0,0,0,1,1,6,88,24
5350,B1,2,1,3,1,0,0,0,0,0,0,0,0,0,0,1,1,58,413,93
5350,B2,4,0,4,20,0,0,0,0,0,0,0,0,0,0,1,1,9,121,9
5350,C1,20,3,1,0,0,0,0,0,0,0,0,0,0,0,1,2,7,21,27
5360,A1,4,20,0,1,0,0,0,0,0,0,0,0,0,1,0,2,7,84,42
5360,B0,0,4,16,2,0,0,0,0,0,0,0,0,0,1,0,1,6,88,24
5360,B1,1,1,2,1,0,0,1,0,0,0,0,0,0,1,0,2,60,420,95
5360,B2,5,0,2,19,0,0,0,0,0,1,0,0,0,1,0,1,9,121,9
5360,C1,20,4,1,0,0,0,0,0,0,0,0,0,0,1,0,2,7,21,27
5370,A1,2,20,0,1,0,0,0,0,0,0,0,0,0,1,0,2,7,84,42
5370,B0,0,2,17,4,0,0,0,0,0,0,0,0,0,1,0,1,6,88,24
5370,B1,1,1,2,1,0,0,0,0,0,0,0,0,0,1,0,1,60,436,96
5370,B2,2,0,3,20,0,0,0,0,0,0,0,0,0,1,0,1,9,121,9
5370,C1,20,1,2,0,0,0,0,0,0,0,0,0,0,1,0,2,7,21,27
5380,A1,1,20,0,1,0,0,0,0,0,0,0,0,0,1,0,2,7,84,42
5380,B0,0,2,18,4,0,0,0,0,0,0,0,0,0,1,0,1,6,88,24
5380,B1,1,2,2,1,0,0,0,0,0,0,0,0,0,1,0,1,60,436,96
5380,B2,1,0,5,20,0,0,0,0,0,0,0,0,0,1,0,1,9,121,9
5380,C1,18,2,2,0,0,0,0,0,0,0,0,0,0,1,0,2,7,21,27
5390,A1,2,20,0,1,0,0,0,0,0,0,0,0,0,0,1,2,7,84,42
5390,B0,0,1,19,3,0,0,0,0,0,0,0,0,0,0,1,1,6,88,24
5390,B1,2,2,1,2,0,0,0,0,0,0,0,0,0,0,1,2,61,440,97
5390,B2,1,0,2,20,0,0,0,0,0,0,0,0,0,0,1,1,9,121,9
5390,C1,19,4,1,0,0,0,0,0,0,0,0,0,0,0,1,2,7,21,27
5400,A1,2,20,0,1,0,0,0,0,0,0,0,0,0,0,1,2,7,84,42
5400,B0,0,1,19,1,0,0,0,0,0,0,0,0,0,0,1,1,6,88,24
5400,B1,2,2,1,3,0,0,0,0,0,0,0,0,0,0,1,1,61,440,97
5400,B2,1,0,1,19,0,0,0,0,0,0,0,0,0,0,1,1,9,121,9
5400,C1,19,7,1,0,0,0,0,0,0,0,0,0,0,0,1,2,7,21,27
5410,A1,1,20,0,1,0,0,0,0,0,0,0,0,0,1,0,2,7,84,42
5410,B0,0,1,18,1,0,0,0,0,0,0,0,0,0,1,0,1,6,88,24
5410,B1,1,1,1,2,0,0,0,0,0,0,0,0,0,1,0,1,61,440,97
5410,B2,1,0,2,19,0,0,0,0,0,0,0,0,0,1,0,1,10,123,10
5410,C1,20,7,1,0,0,0,0,0,0,0,0,0,0,1,0,2,7,21,27
5420,A1,2,18,0,1,0,0,0,0,0,0,0,0,0,1,0,2,7,84,42
5420,B0,0,1,19,3,0,0,0,0,0,0,0,0,0,1,0,1,6,88,24
5420,B1,1,1,1,2,0,0,0,0,0,0,0,0,0,1,0,1,61,440,97
5420,B2,1,0,3,19,0,0,0,0,0,0,0,0,0,1,0,1,10,123,10
5420,C1,20,4,1,0,0,0,0,0,0,0,0,0,0,1,0,2,7,21,27
5430,A1,2,18,0,1,0,0,0,0,0,0,0,0,1,0,1,2,7,84,42
5430,B0,0,1,20,4,0,0,0,0,0,0,0,0,0,0,1,1,6,88,24
5430,B1,1,2,1,2,0,0,0,1,0,0,0,0,0,0,1,1,62,445,97
5430,B2,1,0,3,20,0,0,0,0,0,0,0,0,0,0,1,1,10,123,10
5430,C1,20,3,1,0,0,0,0,0,0,0,0,0,0,0,1,2,7,21,27
5440,A1,4,18,0,1,0,0,0,0,0,0,0,0,0,0,1,2,7,84,42
5440,B0,0,1,20,1,0,0,0,0,0,0,0,0,0,0,1,1,6,88,24
5440,B1,1,2,2,3,0,0,0,0,0,0,0,0,0,0,1,1,62,455,98
5440,B2,2,0,1,20,0,0,0,0,0,0,0,0,0,0,1,1,10,123,10
5440,C1,20,6,1,0,0,0,0,0,0,0,0,0,0,0,1,2,7,21,27
5450,A1,7,20,0,1,0,0,0,0,0,0,0,0,0,0,1,2,7,84,42
5450,B0,0,2,17,1,0,0,0,0,0,0,0,0,0,0,1,1,6,88,24
5450,B1,1,2,2,2,0,0,0,0,0,0,0,0,0,0,1,1,62,455,98
5450,B2,3,0,1,18,0,0,0,0,0,0,0,0,0,0,1,1,10,123,10
5450,C1,20,7,1,0,0,0,0,0,0,0,0,0,0,0,1,2,7,21,27
5460,A1,3,20,0,1,0,0,0,0,0,0,0,0,0,1,0,2,7,84,42
5460,B0,0,2,18,1,0,0,0,0,0,0,0,0,0,1,0,1,6,88,24
5460,B1,2,3,2,2,0,0,0,0,0,0,0,0,0,1,0,2,62,455,98
5460,B2,1,0,1,19,0,0,0,0,0,0,0,0,0,1,0,1,10,123,10
5460,C1,20,5,1,0,0,0,0,0,0,0,0,0,0,1,0,2,7,21,27
5470,A1,4,20,0,1,0,0,0,0,0,0,0,0,0,1,0,2,7,84,42
5470,B0,0,2,18,3,0,0,0,0,0,0,0,0,0,1,0,1,6,88,24
5470,B1,1,3,2,2,0,0,0,0,0,0,0,0,0,1,0,1,62,455,98
5470,B2,1,0,2,20,0,0,0,0,0,0,0,0,0,1,0,1,10,123,10
5470,C1,20,1,1,0,0,0,0,0,0,0,0,0,0,1,0,2,7,21,27
5480,A1,1,20,0,1,0,0,0,0,0,0,0,0,0,0,1,2,7,84,42
5480,B0,0,2,19,2,0,0,0,0,0,0,0,0,0,0,1,1,6,88,24
5480,B1,1,2,1,2,0,0,0,0,0,0,0,0,1,0,1,2,62,455,98
5480,B2,2,0,2,20,0,0,0,0,18,0,0,0,0,0,1,1,11,136,10
5480,C1,20,2,2,0,0,0,0,1,0,0,0,0,0,0,1,1,8,34,27
5490,A1,2,20,0,2,0,0,0,0,0,0,0,0,0,0,1,2,7,84,42
5490,B0,0,3,19,1,0,0,0,0,0,0,0,0,0,0,1,1,6,88,24
5490,B1,1,2,2,1,0,0,0,0,0,0,0,0,1,0,1,2,62,455,98
5490,B2,3,0,1,18,0,0,0,0,0,0,0,0,0,0,1,1,11,150,28
5490,C1,20,2,2,0,0,0,0,1,0,0,0,0,0,0,1,1,8,54,27
5500,A1,3,20,0,1,0,0,0,0,0,0,0,0,0,1,0,2,7,84,42
5500,B0,0,2,18,1,0,0,0,0,0,0,0,0,0,1,0,1,6,88,24
5500,B1,4,2,3,1,0,0,0,0,0,0,0,0,0,1,0,2,62,455,98
5500,B2,3,0,1,18,0,0,0,0,0,0,0,0,0,1,0,1,11,150,28
5500,C1,20,2,2,0,0,0,0,0,0,0,0,0,0,1,0,2,8,54,28
5510,A1,2,20,0,3,0,0,0,0,0,0,0,0,0,1,0,2,7,84,42
5510,B0,0,1,18,2,0,0,0,0,0,0,0,0,0,1,0,1,6,88,24
5510,B1,1,1,3,1,0,0,0,0,0,0,0,0,0,1,0,1,62,455,98
5510,B2,2,0,1,19,0,0,0,0,0,0,0,0,0,1,0,1,11,150,28
5510,C1,18,1,3,0,0,0,0,0,0,0,0,0,0,1,0,2,8,54,28
5520,A1,1,19,0,4,0,0,0,0,0,0,0,0,1,0,1,2,7,84,42
5520,B0,0,1,20,5,0,0,0,0,0,0,0,0,0,0,1,1,6,88,24
5520,B1,1,2,4,1,0,0,0,3,0,0,0,0,0,0,1,1,63,457,98
5520,B2,2,0,3,20,0,0,0,0,0,0,0,0,0,0,1,1,11,150,28
5520,C1,17,1,4,0,0,0,0,0,0,0,0,0,0,0,1,2,8,54,28
5530,A1,1,20,0,1,0,0,0,0,0,0,0,0,0,0,1,2,7,84,42
5530,B0,0,1,20,1,0,0,0,0,0,0,0,0,0,0,1,1,6,88,24
5530,B1,1,2,1,2,0,0,0,0,0,0,0,0,0,0,1,1,63,466,101
5530,B2,2,0,3,20,0,0,0,0,0,0,0,0,0,0,1,1,11,150,28
5530,C1,18,2,4,0,0,0,0,0,0,0,0,0,0,0,1,2,8,54,28
5540,A1,4,20,0,1,0,0,0,0,0,0,0,0,0,0,1,2,7,84,42
5540,B0,0,1,17,2,0,0,0,0,0,0,0,0,0,0,1,1,6,88,24
5540,B1,1,1,2,4,0,0,0,0,0,0,0,0,0,0,1,1,63,466,101
5540,B2,2,0,3,20,0,0,0,0,0,0,0,0,0,0,1,1,11,150,28
5540,C1,20,3,3,0,0,0,0,0,0,0,0,0,0,0,1,2,8,54,28
5550,A1,3,20,0,2,0,0,0,0,0,0,0,0,0,1,0,2,7,84,42
5550,B0,0,1,17,1,0,0,0,0,0,0,0,0,0,1,0,1,6,88,24
5550,B1,1,1,1,3,0,0,0,0,0,0,0,0,0,1,0,1,64,470,102
5550,B2,1,0,1,19,0,0,0,0,0,0,0,0,0,1,0,1,11,150,28
5550,C1,20,2,3,0,0,0,0,0,0,0,0,0,0,1,0,2,8,54,28
5560,A1,3,20,0,1,0,0,0,0,0,0,0,0,0,1,0,2,7,84,42
5560,B0,0,2,17,2,0,0,0,0,0,0,0,0,0,1,0,1,6,88,24
5560,B1,3,1,1,3,0,0,0,0,0,0,0,0,0,1,0,1,64,470,102
5560,B2,1,0,1,20,0,0,0,0,0,0,0,0,0,1,0,1,11,150,28
5560,C1,16,1,3,0,0,0,0,0,0,0,0,0,0,1,0,2,8,54,28
5570,A1,1,20,0,1,0,0,0,0,0,0,0,0,0,0,1,2,7,84,42
5570,B0,0,2,18,1,0,0,0,0,0,0,0,0,0,0,1,1,6,88,24
5570,B1,2,1,1,2,0,0,0,0,0,0,0,0,0,0,1,1,64,470,102
5570,B2,2,0,6,20,0,0,0,0,0,0,0,0,0,0,1,1,11,150,28
5570,C1,16,1,2,0,0,0,0,0,0,0,0,0,0,0,1,2,8,54,28
5580,A1,3,20,0,1,0,0,0,0,0,0,0,0,0,0,1,2,7,84,42
5580,B0,0,3,17,2,0,0,0,0,0,0,0,0,0,0,1,1,6,88,24
5580,B1,2,1,2,4,0,0,0,0,0,0,0,0,0,0,1,1,64,470,102
5580,B2,3,0,3,19,0,0,0,0,0,0,0,0,0,0,1,1,11,150,28
5580,C1,17,2,1,0,0,0,0,0,0,0,0,0,0,0,1,2,8,54,28
5590,A1,4,20,0,1,0,0,0,0,0,0,0,0,0,1,0,2,7,84,42
5590,B0,0,2,15,2,0,0,0,0,0,0,0,0,0,1,0,1,6,88,24
5590,B1,2,1,2,2,0,0,0,0,0,0,0,0,0,1,0,1,64,470,102
5590,B2,4,0,2,19,0,0,0,0,0,0,0,0,0,1,0,1,11,150,28
5590,C1,20,4,1,0,0,0,0,0,0,0,0,0,0,1,0,2,8,54,28
5600,A1,2,20,0,2,0,0,0,0,0,0,0,0,0,1,0,2,7,84,42
5600,B0,0,1,16,2,0,0,0,0,0,0,0,0,0,1,0,1,6,88,24
5600,B1,1,2,2,2,0,0,0,0,0,0,0,0,0,1,0,1,64,470,102
5600,B2,1,0,3,19,0,0,0,0,0,0,0,0,0,1,0,1,11,150,28
5600,C1,20,1,1,0,0,0,0,0,0,0,0,0,0,1,0,2,8,54,28
5610,A1,3,16,0,4,0,0,0,0,0,0,0,0,0,1,0,2,7,84,42
5610,B0,0,2,16,5,0,0,0,0,0,0,0,0,0,1,0,1,6,88,24
5610,B1,2,1,3,2,0,0,0,0,0,0,0,0,0,1,0,1,64,470,102
5610,B2,1,0,5,19,0,0,0,0,0,0,0,0,0,1,0,1,11,150,28
5610,C1,18,1,1,0,0,0,0,0,0,0,0,0,0,1,0,2,8,54,28
5620,A1,1,17,0,2,0,0,0,0,0,0,0,0,0,0,1,2,7,84,42
5620,B0,0,1,16,2,0,0,0,0,0,0,0,0,0,0,1,1,6,88,24
5620,B1,2,1,1,2,0,0,0,0,0,0,0,0,0,0,1,1,64,470,102
5620,B2,1,0,3,20,0,0,0,0,0,0,0,0,0,0,1,1,11,150,28
5620,C1,19,1,1,0,0,0,0,0,0,0,0,0,0,0,1,2,8,54,28
5630,A1,4,18,0,1,0,0,0,0,0,0,0,0,0,0,1,2,7,84,42
5630,B0,0,2,15,1,0,0,0,0,0,0,0,0,0,0,1,1,6,88,24
5630,B1,2,1,3,3,0,0,0,0,0,0,0,0,0,0,1,1,64,470,102
5630,B2,1,0,1,20,0,0,0,0,0,0,0,0,0,0,1,1,11,150,28
5630,C1,19,2,1,0,0,0,0,0,0,0,0,0,0,0,1,2,8,54,28
5640,A1,2,20,0,3,0,0,0,0,0,0,0,0,0,1,0,2,7,84,42
5640,B0,0,2,15,1,0,0,0,0,0,0,0,0,0,1,0,1,6,88,24
5640,B1,1,1,3,3,0,0,0,0,0,0,0,0,0,1,0,1,64,470,102
5640,B2,1,0,1,19,0,0,0,0,0,0,0,0,0,1,0,1,11,150,28
5640,C1,20,1,2,0,0,0,0,0,0,0,0,0,0,1,0,2,8,54,28
5650,A1,3,20,0,4,0,0,0,0,0,0,0,0,0,1,0,2,7,84,42
5650,B0,0,1,16,1,0,0,0,0,0,0,0,0,0,1,0,1,6,88,24
5650,B1,1,1,3,3,0,0,0,0,0,0,0,0,0,1,0,1,64,470,102
5650,B2,1,0,1,19,0,0,0,0,0,0,0,0,0,1,0,1,11,150,28
5650,C1,20,1,2,0,0,0,0,0,0,0,0,0,0,1,0,2,8,54,28
5660,A1,1,20,0,3,0,0,0,0,0,0,0,0,0,0,1,2,7,84,42
5660,B0,0,2,20,3,0,0,0,0,0,0,0,0,0,0,1,1,6,88,24
5660,B1,1,1,2,4,0,0,0,0,0,0,0,0,0,0,1,1,64,470,102
5660,B2,3,0,2,19,0,0,0,0,0,0,0,0,0,0,1,1,11,150,28
5660,C1,20,1,1,0,0,0,0,0,0,0,0,0,0,0,1,2,8,54,28
5670,A1,2,20,0,3,0,0,0,0,0,0,0,0,0,0,1,2,7,84,42
5670,B0,0,1,19,3,0,0,0,0,0,0,0,0,0,0,1,1,6,88,24
5670,B1,1,1,2,4,0,0,0,0,0,0,0,0,0,0,1,1,64,470,102
5670,B2,4,0,2,19,0,0,0,0,0,0,0,0,0,0,1,1,11,150,28
5670,C1,20,3,1,0,0,0,0,0,0,0,0,0,0,0,1,2,8,54,28
5680,A1,5,20,0,3,0,0,0,0,0,0,0,0,0,0,1,2,7,84,42
5680,B0,0,1,19,1,0,0,0,0,0,0,0,0,0,0,1,1,6,88,24
5680,B1,1,1,1,1,0,0,0,0,0,0,0,0,0,0,1,1,64,470,102
5680,B2,4,0,2,17,0,0,0,0,0,0,0,0,0,0,1,1,11,150,28
5680,C1,20,4,1,0,0,0,0,0,0,0,0,0,0,0,1,2,8,54,28
5690,A1,3,20,0,4,0,0,0,0,0,0,0,0,0,1,0,2,7,84,42
5690,B0,0,1,20,1,0,0,0,0,0,0,0,0,0,1,0,1,6,88,24
5690,B1,1,3,1,1,0,0,0,0,0,0,0,0,0,1,0,2,64,470,102
5690,B2,1,0,2,18,0,0,0,0,0,0,0,0,0,1,0,1,11,150,28
5690,C1,20,4,3,0,0,0,0,0,0,0,0,0,0,1,0,2,8,54,28
5700,A1,1,20,0,4,0,0,0,0,0,0,0,0,0,1,0,2,7,84,42
5700,B0,0,1,20,3,0,0,0,0,0,0,0,0,0,1,0,1,6,88,24
5700,B1,1,1,1,1,0,0,0,0,0,0,0,0,0,1,0,1,64,470,102
5700,B2,1,0,3,19,0,0,0,0,0,0,0,0,0,1,0,1,11,150,28
5700,C1,20,1,3,0,0,0,0,0,0,0,0,0,0,1,0,2,8,54,28
5710,A1,2,20,0,2,0,0,0,0,0,0,0,0,0,0,1,2,7,84,42
5710,B0,0,1,20,1,0,0,0,0,0,0,0,0,0,0,1,1,6,88,24
5710,B1,1,2,3,2,0,0,0,0,0,0,0,0,0,0,1,1,64,470,102
5710,B2,1,0,2,20,0,0,0,0,0,0,0,0,0,0,1,1,11,150,28
5710,C1,20,1,2,0,0,0,0,0,0,0,0,0,0,0,1,2,8,54,28
5720,A1,1,20,0,1,0,0,0,0,0,0,0,0,0,0,1,2,7,84,42
5720,B0,0,1,19,1,0,0,0,0,0,0,0,0,0,0,1,1,6,88,24
5720,B1,1,2,2,1,0,0,0,0,0,0,0,0,0,0,1,1,64,470,102
5720,B2,3,0,1,19,0,0,0,0,0,0,0,0,0,0,1,1,11,150,28
5720,C1,20,2,1,0,0,0,0,0,0,0,0,0,0,0,1,2,8,54,28
5730,A1,2,20,0,2,0,0,0,0,0,0,0,0,0,1,0,2,7,84,42
5730,B0,0,1,19,2,0,0,0,0,0,0,0,0,0,1,0,1,6,88,24
5730,B1,1,2,1,4,0,0,0,0,0,0,0,0,0,1,0,1,65,472,103
5730,B2,2,0,3,19,0,0,0,0,0,0,0,0,0,1,0,1,11,150,28
5730,C1,20,2,1,0,0,0,0,0,0,0,0,0,0,1,0,2,8,54,28
5740,A1,1,19,0,2,0,0,0,0,0,0,0,0,0,1,0,2,7,84,42
5740,B0,0,1,19,3,0,0,0,0,0,0,0,0,0,1,0,1,6,88,24
5740,B1,1,1,1,1,0,0,0,0,0,0,0,0,0,1,0,1,65,472,103
5740,B2,1,0,1,19,0,0,0,0,0,0,0,0,0,1,0,1,11,150,28
5740,C1,18,1,1,0,0,0,0,0,0,0,0,0,0,1,0,2,8,54,28
5750,A1,1,18,0,3,0,0,0,0,0,0,0,0,1,0,1,2,7,84,42
5750,B0,0,2,20,1,0,0,0,0,0,0,0,0,0,0,1,1,6,88,24
5750,B1,1,3,2,1,0,0,0,1,0,0,0,0,0,0,1,1,66,474,103
5750,B2,1,0,4,20,0,0,0,0,0,0,0,0,0,0,1,1,11,150,28
5750,C1,15,2,1,0,0,0,0,0,0,0,0,0,0,0,1,2,8,54,28
5760,A1,2,19,0,1,0,0,0,0,0,0,0,0,0,0,1,2,7,84,42
5760,B0,0,3,18,1,0,0,0,0,0,0,0,0,0,0,1,1,6,88,24
5760,B1,1,1,2,1,0,0,0,0,0,0,0,0,0,0,1,1,66,476,104
5760,B2,1,0,3,20,0,0,0,0,0,0,0,0,0,0,1,1,11,150,28
5760,C1,16,2,1,0,0,0,0,0,0,0,0,0,0,0,1,2,8,54,28
5770,A1,3,20,0,1,0,0,0,0,0,0,0,0,0,0,1,2,7,84,42
5770,B0,0,3,18,1,0,0,0,0,0,0,0,0,0,0,1,1,6,88,24
5770,B1,2,1,2,3,0,0,0,0,0,0,0,0,0,0,1,1,66,476,104
5770,B2,1,0,3,19,0,0,0,0,0,0,0,0,0,0,1,1,11,150,28
5770,C1,19,3,2,0,0,0,0,0,0,0,0,0,0,0,1,2,8,54,28
5780,A1,2,20,0,2,0,0,0,0,0,0,0,0,0,1,0,2,7,84,42
5780,B0,0,1,19,1,0,0,0,0,0,0,0,0,0,1,0,1,6,88,24
5780,B1,4,1,2,2,0,0,0,0,0,0,0,0,0,1,0,2,66,476,104
5780,B2,2,0,3,19,0,0,0,0,0,0,0,0,0,1,0,1,11,150,28
5780,C1,20,1,2,0,0,0,0,0,0,0,0,0,0,1,0,2,8,54,28
5790,A1,5,19,0,2,0,0,0,0,0,0,0,0,0,1,0,2,7,84,42
5790,B0,0,2,18,2,0,0,0,0,0,0,0,0,0,1,0,1,6,88,24
5790,B1,2,3,2,2,0,0,0,0,0,0,0,0,0,1,0,2,66,476,104
5790,B2,2,0,3,19,0,0,0,0,0,0,0,0,0,1,0,1,11,150,28
5790,C1,18,1,2,0,0,0,0,0,0,0,0,0,0,1,0,2,8,54,28
5800,A1,1,19,0,1,0,0,0,0,0,0,0,0,0,0,1,2,7,84,42
5800,B0,0,1,18,2,0,0,0,0,0,0,0,0,0,0,1,1,6,88,24
5800,B1,2,2,2,1,0,0,0,0,0,0,0,0,0,0,1,2,66,476,104
5800,B2,3,0,2,19,0,0,0,0,0,0,0,0,0,0,1,1,11,150,28
5800,C1,18,2,2,0,0,0,0,0,0,0,0,0,0,0,1,2,8,54,28
5810,A1,1,19,0,1,0,0,0,0,0,0,0,0,0,0,1,2,7,84,42
5810,B0,0,3,17,1,0,0,0,0,0,0,0,0,0,0,1,1,6,88,24
5810,B1,2,2,2,2,0,0,0,0,0,0,0,0,0,0,1,1,66,476,104
5810,B2,4,0,2,20,0,0,0,0,0,0,0,0,0,0,1,1,11,150,28
5810,C1,18,3,1,0,0,0,0,0,0,0,0,0,0,0,1,2,8,54,28
5820,A1,4,20,0,2,0,0,0,0,0,0,0,0,0,1,0,2,7,84,42
5820,B0,0,5,14,1,0,0,0,0,0,0,0,0,0,1,0,1,6,88,24
5820,B1,2,2,1,5,0,0,0,0,0,0,0,0,0,1,0,1,66,476,104
5820,B2,3,0,1,20,0,0,0,0,0,0,0,0,0,1,0,1,11,150,28
5820,C1,20,3,1,0,0,0,0,0,0,0,0,0,0,1,0,2,8,54,28
5830,A1,1,19,0,3,0,0,0,0,0,0,0,0,0,1,0,2,7,84,42
5830,B0,0,2,15,3,0,0,0,0,0,0,0,0,0,1,0,1,6,88,24
5830,B1,2,1,1,4,0,0,0,0,0,0,0,0,0,1,0,1,66,476,104
5830,B2,2,0,2,20,0,0,0,0,0,0,0,0,0,1,0,1,11,150,28
5830,C1,20,1,2,0,0,0,0,0,0,0,0,0,0,1,0,2,8,54,28
5840,A1,2,18,0,3,0,0,0,0,0,0,0,0,0,1,0,2,7,84,42
5840,B0,0,1,16,2,0,0,0,0,0,0,0,0,0,1,0,1,6,88,24
5840,B1,3,2,1,4,0,0,0,0,0,0,0,0,0,1,0,1,66,476,104
5840,B2,2,0,2,20,0,0,0,0,0,0,0,0,0,1,0,1,11,150,28
5840,C1,18,1,2,0,0,0,0,0,0,0,0,0,0,1,0,2,8,54,28
5850,A1,2,19,0,2,0,0,0,0,0,0,0,0,0,0,1,2,7,84,42
5850,B0,0,1,18,2,0,0,0,0,0,0,0,0,0,0,1,1,6,88,24
5850,B1,4,2,3,2,0,0,0,0,0,0,0,0,0,0,1,2,67,483,105
5850,B2,2,0,3,19,0,0,0,0,0,0,0,0,0,0,1,1,11,150,28
5850,C1,19,1,2,0,0,0,0,0,0,0,0,0,0,0,1,2,8,54,28
5860,A1,3,20,0,4,0,0,0,0,0,0,0,0,0,0,1,2,7,84,42
5860,B0,0,1,18,1,0,0,0,0,0,0,0,0,0,0,1,1,6,88,24
5860,B1,4,2,4,1,0,0,0,0,0,0,0,0,0,0,1,2,67,483,105
5860,B2,3,0,2,19,0,0,0,0,0,0,0,0,0,0,1,1,11,150,28
5860,C1,19,2,1,0,0,0,0,0,0,0,0,0,0,0,1,2,8,54,28
5870,A1,1,20,0,4,0,0,18,0,0,0,0,0,0,1,0,2,8,95,42
5870,B0,0,2,17,1,0,0,0,0,0,0,0,0,0,1,0,1,6,88,24
5870,B1,2,1,2,2,0,0,0,0,0,0,0,0,0,1,0,1,67,483,105
5870,B2,1,0,1,19,0,0,0,0,0,0,0,0,0,1,0,1,11,150,28
5870,C1,20,2,1,0,0,0,0,0,0,0,0,0,0,1,0,2,8,54,28
5880,A1,3,17,0,5,0,0,0,0,0,0,0,0,0,1,0,2,8,101,60
5880,B0,0,1,17,3,0,0,0,0,0,0,0,0,0,1,0,1,6,88,24
5880,B1,2,2,2,2,0,0,0,0,0,0,0,0,0,1,0,1,67,483,105
5880,B2,1,0,1,20,0,0,0,0,0,0,0,0,0,1,0,1,11,150,28
5880,C1,18,2,1,0,0,0,0,0,0,0,0,0,0,1,0,2,8,54,28
5890,A1,1,17,0,5,0,0,0,0,0,0,0,0,0,0,1,2,8,101,60
5890,B0,0,4,17,4,0,0,0,0,0,0,0,0,0,0,1,1,6,88,24
5890,B1,2,2,2,2,0,0,0,0,0,0,0,0,0,0,1,1,67,483,105
5890,B2,3,0,1,20,0,0,0,0,0,0,0,0,0,0,1,1,11,150,28
5890,C1,17,4,1,0,0,0,0,0,0,0,0,0,0,0,1,2,8,54,28
5900,A1,2,17,0,3,0,0,0,0,0,0,0,0,0,0,1,2,8,101,60
5900,B0,0,2,16,2,0,0,0,0,0,0,0,0,0,0,1,1,6,88,24
5900,B1,2,1,3,3,0,0,0,0,0,0,0,0,0,0,1,1,67,483,105
5900,B2,4,0,1,20,0,0,0,0,0,0,0,0,0,0,1,1,11,150,28
5900,C1,17,1,2,0,0,0,0,0,0,0,0,0,0,0,1,2,8,54,28
5910,A1,2,20,0,3,0,0,0,0,0,0,0,0,0,0,1,2,8,101,60
5910,B0,0,2,15,2,0,0,0,0,0,0,0,0,0,0,1,1,6,88,24
5910,B1,3,1,1,4,0,0,0,0,0,0,0,0,0,0,1,1,67,483,105
5910,B2,4,0,1,19,0,0,0,0,0,0,0,0,0,0,1,1,11,150,28
5910,C1,19,2,1,0,0,0,0,0,0,0,0,0,0,0,1,2,8,54,28
5920,A1,1,19,0,3,0,0,0,0,0,0,0,0,0,1,0,2,8,101,60
5920,B0,0,1,15,2,0,0,0,0,0,0,0,0,0,1,0,1,6,88,24
5920,B1,2,1,1,3,0,0,0,0,0,0,0,0,0,1,0,1,67,483,105
5920,B2,3,0,1,19,0,0,0,0,0,0,0,0,0,1,0,1,11,150,28
5920,C1,19,3,4,0,0,0,0,0,0,0,0,0,0,1,0,2,8,54,28
5930,A1,1,19,0,3,0,0,0,0,0,0,0,0,0,1,0,2,8,101,60
5930,B0,0,1,15,3,0,0,0,0,0,0,0,0,0,1,0,1,6,88,24
5930,B1,4,1,1,3,0,0,0,0,0,0,0,0,0,1,0,2,67,483,105
5930,B2,1,0,1,19,0,0,0,0,0,0,0,0,0,1,0,1,11,150,28
5930,C1,16,1,7,0,0,0,0,0,0,0,0,0,0,1,0,2,8,54,28
5940,A1,1,19,0,2,0,0,0,0,0,0,0,0,0,0,1,2,9,106,63
5940,B0,0,2,16,3,0,0,0,0,0,0,0,0,0,0,1,1,6,88,24
5940,B1,3,2,1,4,0,0,0,0,0,0,0,0,0,0,1,1,67,483,105
5940,B2,3,0,1,20,0,0,0,0,0,0,0,0,0,0,1,1,11,150,28
5940,C1,16,2,5,0,0,0,0,0,0,0,0,0,0,0,1,2,8,54,28
5950,A1,2,20,0,2,0,0,0,0,0,0,0,0,0,0,1,2,9,106,63
5950,B0,0,2,17,1,0,0,0,0,0,0,0,0,0,0,1,1,6,88,24
5950,B1,3,1,2,2,0,0,0,0,0,0,0,0,0,0,1,1,67,483,105
5950,B2,4,0,1,18,0,0,0,0,0,0,0,0,0,0,1,1,11,150,28
5950,C1,18,2,2,0,0,0,0,0,0,0,0,0,0,0,1,2,8,54,28
5960,A1,2,20,0,2,0,0,0,0,0,0,0,0,0,1,0,2,9,106,63
5960,B0,0,2,15,1,0,0,0,0,0,0,0,0,0,1,0,1,6,88,24
5960,B1,3,1,2,1,0,0,0,0,0,0,0,0,0,1,0,2,67,483,105
5960,B2,2,0,2,19,0,0,0,0,0,0,0,0,0,1,0,1,11,150,28
5960,C1,20,1,3,0,0,0,0,0,0,0,0,0,0,1,0,2,8,54,28
5970,A1,1,19,0,4,0,0,0,0,0,0,0,0,0,1,0,2,9,106,63
5970,B0,0,1,15,1,0,0,0,0,0,0,0,0,0,1,0,1,6,88,24
5970,B1,2,2,2,2,0,0,0,0,0,0,0,0,0,1,0,1,67,483,105
5970,B2,1,0,4,19,0,0,0,0,0,0,0,0,0,1,0,1,11,150,28
5970,C1,18,4,3,0,0,0,0,0,0,0,0,0,0,1,0,2,8,54,28
5980,A1,2,16,0,4,0,0,0,0,0,0,0,0,0,0,1,2,9,106,63
5980,B0,0,1,15,2,0,0,0,0,0,0,0,0,0,0,1,1,6,88,24
5980,B1,2,3,3,2,0,0,0,0,0,0,0,0,0,0,1,1,67,483,105
5980,B2,1,0,4,20,0,0,0,0,0,0,0,0,0,0,1,1,11,150,28
5980,C1,15,4,6,0,0,0,0,0,0,0,0,0,0,0,1,2,8,54,28
5990,A1,3,17,0,2,0,0,0,0,0,0,0,0,0,0,1,2,9,106,63
5990,B0,0,1,14,1,0,0,0,0,0,0,0,0,0,0,1,1,6,88,24
5990,B1,2,3,4,3,0,0,0,0,0,0,0,0,0,0,1,1,67,483,105
5990,B2,1,0,1,20,0,0,0,0,0,0,0,0,0,0,1,1,11,150,28
5990,C1,16,1,5,0,0,0,0,0,0,0,0,0,0,0,1,2,8,54,28
6000,A1,4,20,0,2,0,0,0,0,0,0,0,0,0,0,1,2,9,106,63
6000,B0,0,1,10,3,0,0,0,0,0,0,0,0,0,0,1,1,6,88,24
6000,B1,2,4,3,3,0,0,0,0,0,0,0,0,0,0,1,1,67,483,105
6000,B2,1,0,1,17,0,0,0,0,0,0,0,0,0,0,1,1,11,150,28
6000,C1,19,2,6,0,0,0,0,0,0,0,0,0,0,0,1,2,8,54,28
6010,A1,2,20,0,2,0,0,0,0,0,0,0,0,0,1,0,2,9,106,63
6010,B0,0,1,10,1,0,0,0,0,0,0,0,0,0,1,0,1,6,88,24
6010,B1,2,3,3,4,0,0,0,0,0,0,0,0,0,1,0,1,67,483,105
6010,B2,2,0,1,18,0,0,0,0,0,0,0,0,0,1,0,1,11,150,28
6010,C1,19,1,8,0,0,0,0,0,0,0,0,0,0,1,0,2,8,54,28
6020,A1,1,20,0,2,0,0,0,0,0,0,0,0,0,1,0,2,9,106,63
6020,B0,0,1,12,2,0,0,0,0,0,0,0,0,0,1,0,1,6,88,24
6020,B1,2,5,3,4,0,0,0,0,0,0,0,0,0,1,0,1,67,483,105
6020,B2,2,0,1,19,0,0,0,0,0,0,0,0,0,1,0,1,11,150,28
6020,C1,19,1,9,0,0,0,0,0,0,0,0,0,0,1,0,2,8,54,28
6030,A1,1,20,0,1,0,0,0,0,0,0,0,0,0,0,1,2,9,106,63
6030,B0,0,3,12,1,0,0,0,0,0,0,0,0,0,0,1,1,6,88,24
6030,B1,2,4,3,4,0,0,0,0,0,0,0,0,0,0,1,1,67,483,105
6030,B2,3,0,1,20,0,0,0,0,0,0,0,0,0,0,1,1,11,150,28
6030,C1,19,1,10,0,0,0,0,0,0,0,0,0,0,0,1,2,8,54,28
6040,A1,2,20,0,1,0,0,0,0,0,0,0,0,0,0,1,2,9,106,63
6040,B0,0,3,10,3,0,0,0,0,0,0,0,0,0,0,1,1,6,88,24
6040,B1,2,4,3,4,0,0,0,0,0,0,0,0,0,0,1,1,67,483,105
6040,B2,4,0,3,18,0,0,0,0,0,0,0,0,0,0,1,1,11,150,28
6040,C1,20,2,11,0,0,0,0,0,0,0,0,0,0,0,1,2,8,54,28
6050,A1,1,20,0,1,0,0,0,0,0,0,0,0,0,1,0,2,9,106,63
6050,B0,0,3,9,1,0,0,0,0,0,0,0,0,0,1,0,1,6,88,24
6050,B1,2,4,2,1,0,0,0,0,0,0,0,0,0,1,0,2,67,483,105
6050,B2,3,0,1,18,0,0,0,0,0,0,0,0,0,1,0,1,11,150,28
6050,C1,20,4,13,0,0,0,0,0,0,0,0,0,0,1,0,2,8,54,28
6060,A1,1,18,0,4,0,0,0,0,0,0,0,0,0,1,0,2,9,106,63
6060,B0,0,1,13,2,0,0,0,0,0,0,0,0,0,1,0,1,6,88,24
6060,B1,1,5,2,1,0,0,0,0,0,0,0,0,0,1,0,2,67,483,105
6060,B2,1,0,2,18,0,0,0,0,0,0,0,0,0,1,0,1,11,150,28
6060,C1,20,1,14,0,0,0,0,0,0,0,0,0,0,1,0,2,8,54,28
6070,A1,1,14,0,5,0,0,0,0,0,0,0,0,0,1,0,2,9,106,63
6070,B0,0,2,13,3,0,0,0,0,0,0,0,0,0,1,0,1,6,88,24
6070,B1,1,4,2,2,0,0,0,0,0,0,0,0,0,1,0,2,67,483,105
6070,B2,2,0,6,20,0,0,0,0,0,0,0,0,0,1,0,1,11,150,28
6070,C1,18,1,14,0,0,0,0,0,0,0,0,0,0,1,0,2,8,54,28
6080,A1,2,15,0,2,0,0,0,0,0,0,0,0,0,0,1,2,9,106,63
6080,B0,0,3,13,1,0,0,0,0,0,0,0,0,0,0,1,1,6,88,24
6080,B1,1,3,3,2,0,0,0,0,0,0,0,0,0,0,1,1,67,483,105
6080,B2,4,0,5,20,0,0,0,0,0,0,0,0,0,0,1,1,11,150,28
6080,C1,19,1,15,0,0,0,0,0,0,0,0,0,0,0,1,2,8,54,28
6090,A1,4,15,0,1,0,0,0,0,0,0,0,0,0,0,1,2,9,106,63
6090,B0,0,3,10,1,0,0,0,0,0,0,0,0,0,0,1,1,6,88,24
6090,B1,1,3,3,2,0,0,0,0,0,0,0,0,0,0,1,1,67,483,105
6090,B2,4,0,2,20,0,0,0,0,0,0,0,0,0,0,1,1,11,150,28
6090,C1,19,2,17,0,0,0,0,0,0,0,0,0,0,0,1,2,8,54,28
6100,A1,3,15,0,3,0,0,0,0,0,0,0,0,0,1,0,2,9,106,63
6100,B0,0,2,9,1,0,0,0,0,0,0,0,0,0,1,0,1,6,88,24
6100,B1,1,2,2,1,0,0,0,0,0,0,0,0,0,1,0,1,67,483,105
6100,B2,3,0,2,20,0,0,0,0,0,0,0,0,0,1,0,1,11,150,28
6100,C1,20,1,16,0,0,0,0,0,0,0,0,0,0,1,0,2,8,54,28
6110,A1,1,14,0,2,0,0,0,0,0,0,0,0,0,1,0,2,9,106,63
6110,B0,0,1,12,5,0,0,0,0,0,0,0,0,0,1,0,1,6,88,24
6110,B1,2,2,2,1,0,0,0,0,0,0,0,0,0,1,0,2,67,483,105
6110,B2,2,0,2,20,0,0,0,0,0,0,0,0,0,1,0,1,11,150,28
6110,C1,18,3,16,0,0,0,0,0,0,0,0,0,0,1,0,2,8,54,28
6120,A1,1,15,0,2,0,0,0,0,0,0,0,0,0,0,1,2,9,106,63
6120,B0,0,2,12,1,0,0,0,0,0,0,0,0,0,0,1,1,6,88,24
6120,B1,2,1,3,1,0,0,0,0,0,0,0,0,0,0,1,1,67,483,105
6120,B2,3,0,2,20,0,0,0,0,0,0,0,0,0,0,1,1,11,150,28
6120,C1,17,3,15,0,0,0,0,0,0,0,0,0,0,0,1,2,8,54,28
6130,A1,2,16,0,1,0,0,0,0,0,0,0,0,0,0,1,2,9,106,63
6130,B0,0,1,13,1,0,0,0,0,0,0,0,0,0,0,1,1,6,88,24
6130,B1,3,1,2,1,0,0,0,0,0,0,0,0,0,0,1,2,67,483,105
6130,B2,3,0,4,19,0,0,0,0,0,0,0,0,0,0,1,1,11,150,28
6130,C1,18,3,12,0,0,0,0,0,0,0,0,0,0,0,1,2,8,54,28
6140,A1,2,17,0,1,0,0,0,0,0,0,0,0,0,0,1,2,9,106,63
6140,B0,0,2,11,1,0,0,0,0,0,0,0,0,0,0,1,1,6,88,24
6140,B1,4,1,1,2,0,0,0,0,0,0,0,0,0,0,1,2,67,483,105
6140,B2,3,0,2,18,0,0,0,0,0,0,0,0,0,0,1,1,11,150,28
6140,C1,20,5,9,0,0,0,0,0,0,0,0,0,0,0,1,2,8,54,28
6150,A1,2,16,0,2,0,0,0,0,0,0,0,0,0,1,0,2,9,106,63
6150,B0,0,1,11,2,0,0,0,0,0,0,0,0,0,1,0,1,6,88,24
6150,B1,3,1,1,2,0,0,0,0,0,0,0,0,0,1,0,2,67,483,105
6150,B2,1,0,3,19,0,0,0,0,0,0,0,0,0,1,0,1,11,150,28
6150,C1,20,3,10,0,0,0,0,0,0,0,0,0,0,1,0,2,8,54,28
6160,A1,1,13,0,2,0,0,0,0,0,0,0,0,0,1,0,2,9,106,63
6160,B0,0,1,14,2,0,0,0,0,0,0,0,0,0,1,0,1,6,88,24
6160,B1,3,1,1,3,0,0,0,0,0,0,0,0,0,1,0,1,67,483,105
6160,B2,1,0,3,20,0,0,0,0,0,0,0,0,0,1,0,1,11,150,28
6160,C1,19,2,11,0,0,0,0,0,0,0,0,0,0,1,0,2,8,54,28
6170,A1,2,13,0,2,0,0,0,0,0,0,0,0,0,0,1,2,9,106,63
6170,B0,0,3,16,1,0,0,0,0,0,0,0,0,0,0,1,1,6,88,24
6170,B1,2,1,2,2,0,0,0,0,0,0,0,0,0,0,1,1,67,483,105
6170,B2,4,0,2,20,0,0,0,0,0,0,0,0,0,0,1,1,11,150,28
6170,C1,20,2,11,0,0,0,0,0,0,0,0,0,0,0,1,2,8,54,28
6180,A1,1,16,0,1,0,0,0,0,0,0,0,0,0,0,1,2,9,106,63
6180,B0,0,3,16,1,0,0,0,0,0,0,0,0,0,0,1,1,6,88,24
6180,B1,2,2,4,2,0,0,0,0,0,0,0,0,0,0,1,1,67,483,105
6180,B2,4,0,1,20,0,0,0,0,0,0,0,0,0,0,1,1,11,150,28
6180,C1,20,5,11,0,0,0,0,0,0,0,0,0,0,0,1,2,8,54,28
6190,A1,3,15,0,1,0,0,0,0,0,0,0,0,0,1,0,2,9,106,63
6190,B0,0,3,15,1,0,0,0,0,0,0,0,0,0,1,0,1,6,88,24
6190,B1,2,1,4,1,0,0,0,0,0,0,0,0,0,1,0,1,67,483,105
6190,B2,5,0,1,20,0,0,0,0,0,0,0,0,0,1,0,1,11,150,28
6190,C1,20,4,10,0,0,0,0,0,0,0,0,0,0,1,0,2,8,54,28
6200,A1,3,12,0,1,0,0,0,0,0,0,0,0,0,1,0,2,9,106,63
6200,B0,0,1,15,2,0,0,0,0,0,0,0,0,0,1,0,1,6,88,24
6200,B1,1,1,4,1,0,0,0,0,0,0,0,0,0,1,0,1,67,483,105
6200,B2,1,0,2,20,0,0,0,0,0,0,0,0,0,1,0,1,11,150,28
6200,C1,20,1,10,0,0,0,0,0,0,0,0,0,0,1,0,2,8,54,28
6210,A1,1,11,0,1,0,0,0,0,0,0,0,0,0,0,1,2,9,106,63
6210,B0,0,1,18,5,0,0,0,0,0,0,0,0,0,0,1,1,6,88,24
6210,B1,1,2,5,2,0,0,0,0,1,0,0,0,0,0,1,1,68,484,105
6210,B2,1,0,3,20,0,0,0,0,0,0,0,0,0,0,1,1,11,150,28
6210,C1,17,1,11,0,0,0,0,0,0,0,0,1,0,0,1,2,8,54,28
6220,A1,1,13,0,1,0,0,0,0,0,0,0,0,0,0,1,2,9,106,63
6220,B0,0,2,16,5,0,0,0,0,0,0,0,0,0,0,1,1,6,88,24
6220,B1,1,2,3,2,0,0,0,0,0,0,0,0,0,0,1,1,68,484,106
6220,B2,2,0,3,20,0,0,0,0,0,0,0,0,0,0,1,1,11,150,28
6220,C1,18,3,9,0,0,0,0,0,0,0,0,0,0,0,1,2,8,54,28
6230,A1,3,14,0,2,0,0,0,0,0,0,0,0,0,0,1,2,9,106,63
6230,B0,0,2,16,1,0,0,0,0,0,0,0,0,0,0,1,1,6,88,24
6230,B1,1,2,2,3,0,0,0,0,0,0,0,0,0,0,1,1,68,484,106
6230,B2,2,0,3,20,0,0,0,0,0,0,0,0,0,0,1,1,11,150,28
6230,C1,19,3,7,0,0,0,0,0,0,0,0,0,0,0,1,2,8,54,28
6240,A1,2,14,0,2,0,0,0,0,0,0,0,0,0,1,0,2,9,106,63
6240,B0,0,2,16,3,0,0,0,0,0,0,0,0,0,1,0,1,6,88,24
6240,B1,1,1,3,3,0,0,0,0,0,0,0,0,0,1,0,1,69,496,107
6240,B2,1,0,1,20,0,0,0,0,0,0,0,0,0,1,0,1,11,150,28
6240,C1,20,2,10,0,0,0,0,0,0,0,0,0,0,1,0,2,8,54,28
6250,A1,2,12,0,2,0,0,0,0,0,0,0,0,0,1,0,2,9,106,63
6250,B0,0,1,17,4,0,0,0,0,0,0,0,0,0,1,0,1,6,88,24
6250,B1,2,1,3,3,0,0,0,0,0,0,0,0,0,1,0,1,69,496,107
6250,B2,1,0,2,20,0,0,0,0,0,0,0,0,0,1,0,1,11,150,28
6250,C1,20,1,11,0,0,0,0,0,0,0,0,0,0,1,0,2,8,54,28
6260,A1,1,13,0,1,0,0,0,0,0,0,0,0,0,0,1,2,9,106,63
6260,B0,0,3,17,4,0,0,0,0,0,0,0,0,0,0,1,1,6,88,24
6260,B1,2,1,2,4,0,0,0,0,0,0,0,0,0,0,1,1,69,496,107
6260,B2,1,0,2,20,0,0,0,0,0,0,0,0,0,0,1,1,11,150,28
6260,C1,20,1,13,0,0,0,0,0,0,0,0,0,0,0,1,2,8,54,28
6270,A1,2,14,0,1,0,0,0,0,0,0,0,0,0,0,1,2,9,106,63
6270,B0,0,3,17,1,0,0,0,0,0,0,0,0,0,0,1,1,6,88,24
6270,B1,2,1,3,1,0,0,0,0,0,0,0,0,0,0,1,1,69,496,107
6270,B2,1,0,1,20,0,0,0,0,0,0,0,0,0,0,1,1,11,150,28
6270,C1,20,2,13,0,0,0,0,0,0,0,0,0,0,0,1,2,8,54,28
6280,A1,4,15,0,1,0,0,0,0,0,0,0,0,0,1,0,2,9,106,63
6280,B0,0,3,16,2,0,0,0,0,0,0,0,0,0,1,0,1,6,88,24
6280,B1,2,2,3,1,0,0,1,0,0,0,0,0,0,1,0,2,70,500,107
6280,B2,2,0,1,20,0,0,0,0,0,1,0,0,0,1,0,1,11,150,28
6280,C1,20,3,14,0,0,0,0,0,0,0,0,0,0,1,0,2,8,54,28
6290,A1,3,14,0,2,0,0,0,0,0,0,0,0,0,1,0,2,9,106,63
6290,B0,0,2,17,3,0,0,0,0,0,0,0,0,0,1,0,1,6,88,24
6290,B1,2,1,3,1,0,0,0,0,0,0,0,0,0,1,0,1,70,500,108
6290,B2,1,0,1,20,0,0,0,0,0,0,0,0,0,1,0,1,11,150,28
6290,C1,20,1,14,0,0,0,0,0,0,0,0,0,0,1,0,2,8,54,28
6300,A1,1,14,0,3,0,0,0,0,0,0,0,0,0,1,0,2,9,106,63
6300,B0,0,1,18,2,0,0,0,0,0,0,0,0,0,1,0,1,6,88,24
6300,B1,1,1,3,1,0,0,0,0,0,0,0,0,0,1,0,1,70,500,108
6300,B2,1,0,2,20,0,0,0,0,0,0,0,0,0,1,0,1,11,150,28
6300,C1,19,1,15,0,0,0,0,0,0,0,0,0,0,1,0,2,8,54,28
6310,A1,2,15,0,2,0,0,0,0,0,0,0,0,0,0,1,2,9,106,63
6310,B0,0,1,18,1,0,0,0,0,0,0,0,0,0,0,1,1,6,88,24
6310,B1,1,1,2,3,0,0,0,0,0,0,0,0,0,0,1,1,71,504,109
6310,B2,2,0,5,19,0,0,0,0,0,0,0,0,0,0,1,1,11,150,28
6310,C1,20,1,15,0,0,0,0,0,0,0,0,0,0,0,1,2,8,54,28
6320,A1,4,18,0,1,0,0,0,0,0,0,0,0,0,0,1,2,9,106,63
6320,B0,0,1,15,2,0,0,0,0,0,0,0,0,0,0,1,1,6,88,24
6320,B1,1,1,3,1,0,0,0,0,0,0,0,0,0,0,1,1,71,504,109
6320,B2,2,0,1,19,0,0,0,0,0,0,0,0,0,0,1,1,11,150,28
6320,C1,20,1,15,0,0,0,0,0,0,0,0,0,0,0,1,2,8,54,28
6330,A1,3,16,0,1,0,0,0,0,0,0,0,0,0,1,0,2,9,106,63
6330,B0,0,1,14,4,0,0,0,0,0,0,0,0,0,1,0,1,6,88,24
6330,B1,3,3,2,1,0,0,0,0,0,0,0,0,0,1,0,2,71,504,109
6330,B2,2,0,1,19,0,0,0,0,0,0,0,0,0,1,0,1,11,150,28
6330,C1,20,2,16,0,0,0,0,0,0,0,0,0,0,1,0,2,8,54,28
6340,A1,1,17,0,2,0,0,0,0,0,0,0,0,0,1,0,2,9,106,63
6340,B0,0,1,15,2,0,0,0,0,0,0,0,0,0,1,0,1,6,88,24
6340,B1,5,2,2,1,0,0,0,0,0,0,0,0,0,1,0,2,71,504,109
6340,B2,1,0,3,19,0,0,0,0,0,0,0,0,0,1,0,1,11,150,28
6340,C1,18,2,16,0,0,0,0,0,0,0,0,0,0,1,0,2,8,54,28
6350,A1,1,15,0,2,0,0,0,0,0,0,0,0,0,0,1,2,9,106,63
6350,B0,0,2,19,2,0,0,0,0,0,0,0,0,0,0,1,1,6,88,24
6350,B1,1,2,2,1,0,0,0,0,0,0,0,0,0,0,1,1,72,505,110
6350,B2,1,0,2,19,0,0,0,0,0,0,0,0,0,0,1,1,11,150,28
6350,C1,16,2,16,0,0,0,0,0,0,0,0,0,0,0,1,2,8,54,28
6360,A1,1,16,0,1,0,0,0,0,0,0,0,0,0,0,1,2,9,106,63
6360,B0,0,3,18,1,0,0,0,0,0,0,0,0,0,0,1,1,6,88,24
6360,B1,1,2,3,4,0,0,0,0,0,0,0,0,0,0,1,1,72,505,110
6360,B2,2,0,1,20,0,0,0,0,0,0,0,0,0,0,1,1,11,150,28
6360,C1,17,4,12,0,0,0,0,0,0,0,0,0,0,0,1,2,8,54,28
6370,A1,1,16,0,1,0,0,0,0,0,0,0,0,0,0,1,2,9,106,63
6370,B0,0,4,17,1,0,0,0,0,0,0,0,0,0,0,1,1,6,88,24
6370,B1,1,3,3,3,0,0,0,0,0,0,0,0,0,0,1,1,72,505,110
6370,B2,2,0,1,19,0,0,0,0,0,0,0,0,0,0,1,1,11,150,28
6370,C1,20,2,9,0,0,0,0,0,0,0,0,0,0,0,1,2,8,54,28
6380,A1,1,15,0,1,0,0,0,0,0,0,0,0,0,1,0,2,9,106,63
6380,B0,0,1,18,2,0,0,0,0,0,0,0,0,0,1,0,1,6,88,24
6380,B1,2,3,3,3,0,0,0,0,0,0,0,0,0,1,0,1,72,505,110
6380,B2,2,0,2,20,0,0,0,0,0,0,0,0,0,1,0,1,11,150,28
6380,C1,20,1,9,0,0,0,0,0,0,0,0,0,0,1,0,2,8,54,28
6390,A1,2,13,0,1,0,0,0,0,0,0,0,0,0,1,0,2,9,106,63
6390,B0,0,1,20,2,0,0,0,0,0,0,0,0,0,1,0,1,6,88,24
6390,B1,2,1,3,3,0,0,0,0,0,0,0,0,0,1,0,1,72,505,110
6390,B2,1,0,1,20,0,0,0,0,0,0,0,0,0,1,0,1,11,150,28
6390,C1,19,2,10,0,0,0,0,0,0,0,0,0,0,1,0,2,8,54,28
6400,A1,4,13,0,1,0,0,0,0,0,0,0,0,0,0,1,2,9,106,63
6400,B0,0,1,19,1,0,0,0,0,0,0,0,0,0,0,1,1,6,88,24
6400,B1,2,1,2,2,0,0,0,0,0,0,0,0,0,0,1,1,72,505,110
6400,B2,3,0,2,20,0,0,0,0,0,0,0,0,0,0,1,1,11,150,28
6400,C1,19,3,10,0,0,0,0,0,0,0,0,0,0,0,1,2,8,54,28
6410,A1,4,16,0,2,0,0,0,0,0,0,0,0,0,0,1,2,9,106,63
6410,B0,0,2,19,2,0,0,0,0,0,0,0,0,0,0,1,1,6,88,24
6410,B1,2,1,3,3,0,0,0,0,0,0,0,0,0,0,1,1,72,505,110
6410,B2,3,0,1,20,0,0,0,0,0,0,0,0,0,0,1,1,11,150,28
6410,C1,18,1,6,0,0,0,0,0,0,0,0,0,0,0,1,2,8,54,28
6420,A1,3,16,0,2,0,0,0,0,0,0,0,0,0,1,0,2,9,106,63
6420,B0,0,1,18,1,0,0,0,0,0,0,0,0,0,1,0,1,6,88,24
6420,B1,2,2,3,2,0,0,0,0,0,0,0,0,0,1,0,1,72,505,110
6420,B2,3,0,1,20,0,0,0,0,0,0,0,0,0,1,0,1,11,150,28
6420,C1,20,2,7,0,0,0,0,0,0,0,0,0,0,1,0,2,8,54,28
6430,A1,1,16,0,3,0,0,0,0,0,0,0,0,0,1,0,2,9,106,63
6430,B0,0,1,19,2,0,0,0,0,0,0,0,0,0,1,0,1,6,88,24
6430,B1,1,1,3,2,0,0,0,0,0,0,0,0,0,1,0,1,72,505,110
6430,B2,2,0,1,20,0,0,0,0,0,0,0,0,0,1,0,1,11,150,28
6430,C1,20,1,8,0,0,0,0,0,0,0,0,0,0,1,0,2,8,54,28
6440,A1,1,14,0,4,0,0,0,0,0,0,0,0,0,0,1,2,9,106,63
6440,B0,0,3,20,2,0,0,0,0,0,0,0,0,0,0,1,1,6,88,24
6440,B1,1,1,3,2,0,0,0,0,0,0,0,0,0,0,1,1,72,505,110
6440,B2,2,0,2,20,0,0,0,0,0,0,0,0,0,0,1,1,11,150,28
6440,C1,19,1,8,0,0,0,0,0,0,0,0,0,0,0,1,2,8,54,28
6450,A1,1,14,0,1,0,0,0,0,0,0,0,0,0,0,1,2,9,106,63
6450,B0,0,1,19,1,0,0,0,0,0,0,0,0,0,0,1,1,6,88,24
6450,B1,1,1,3,2,0,0,0,0,0,0,0,0,0,0,1,1,72,505,110
6450,B2,2,0,2,18,0,0,0,0,0,0,0,0,0,0,1,1,11,150,28
6450,C1,20,1,5,0,0,0,0,0,0,0,0,0,0,0,1,2,8,54,28
6460,A1,1,14,0,1,0,0,0,0,0,0,0,0,0,0,1,2,9,106,63
6460,B0,0,2,19,1,0,0,0,0,0,0,0,0,0,0,1,1,6,88,24
6460,B1,1,2,2,2,0,0,0,0,0,0,0,0,0,0,1,1,72,505,110
6460,B2,4,0,1,18,0,0,0,0,0,0,0,0,0,0,1,1,11,150,28
6460,C1,20,3,4,0,0,0,0,0,0,0,0,0,0,0,1,2,8,54,28
6470,A1,1,15,0,1,0,0,0,0,0,0,0,0,0,1,0,2,9,106,63
6470,B0,0,3,19,2,0,0,0,0,0,0,0,0,0,1,0,1,6,88,24
6470,B1,2,4,2,2,0,0,0,0,0,0,0,0,0,1,0,2,72,505,110
6470,B2,1,0,2,18,0,0,0,0,0,0,0,0,0,1,0,1,11,150,28
6470,C1,19,2,6,0,0,0,0,0,0,0,0,0,0,1,0,2,8,54,28
6480,A1,3,14,0,1,0,0,0,0,0,0,0,0,0,1,0,2,9,106,63
6480,B0,0,2,20,3,0,0,0,0,0,0,0,0,0,1,0,1,6,88,24
6480,B1,1,2,2,2,0,0,0,0,0,0,0,0,0,1,0,1,72,505,110
6480,B2,1,0,2,20,0,0,0,0,0,0,0,0,0,1,0,1,11,150,28
6480,C1,19,1,6,0,0,0,0,0,0,0,0,0,0,1,0,2,8,54,28
6490,A1,1,13,0,1,0,0,0,0,0,0,0,0,0,0,1,2,9,106,63
6490,B0,0,4,20,1,0,0,0,0,0,0,0,0,0,0,1,1,6,88,24
6490,B1,2,2,1,2,0,0,0,0,0,0,0,0,0,0,1,2,72,505,110
6490,B2,2,0,1,20,0,0,0,0,0,0,0,0,0,0,1,1,11,150,28
6490,C1,19,1,5,0,0,0,0,0,0,0,0,0,0,0,1,2,8,54,28
6500,A1,2,13,0,1,0,0,0,0,0,0,0,0,0,0,1,2,9,106,63
6500,B0,0,4,18,2,0,0,0,0,0,0,0,0,0,0,1,1,6,88,24
6500,B1,1,2,2,1,0,0,0,0,0,0,0,0,0,0,1,1,72,505,110
6500,B2,2,0,3,17,0,0,0,0,0,0,0,0,0,0,1,1,11,150,28
6500,C1,20,1,5,0,0,0,0,0,0,0,0,0,0,0,1,2,8,54,28
6510,A1,3,15,0,1,0,0,0,0,0,0,0,0,0,1,0,2,9,106,63
6510,B0,0,4,16,3,0,0,0,0,0,0,0,0,0,1,0,1,6,88,24
6510,B1,2,5,1,2,0,0,0,0,0,0,0,0,0,1,0,2,72,505,110
6510,B2,1,0,2,16,0,0,0,0,0,0,0,0,0,1,0,1,11,150,28
6510,C1,20,2,6,0,0,0,0,0,0,0,0,0,0,1,0,2,8,54,28
6520,A1,2,16,0,1,0,0,0,0,0,0,0,0,0,1,0,2,9,106,63
6520,B0,0,3,16,5,0,0,0,0,0,0,0,0,0,1,0,1,6,88,24
6520,B1,4,1,2,2,0,0,0,0,0,0,0,0,0,1,0,2,72,505,110
6520,B2,1,0,4,17,0,0,0,0,0,0,0,0,0,1,0,1,11,150,28
6520,C1,20,1,6,0,0,0,0,0,0,0,0,0,0,1,0,2,8,54,28
6530,A1,1,14,0,1,0,0,0,0,0,0,0,0,0,1,0,2,9,106,63
6530,B0,0,1,16,5,0,0,0,0,0,0,0,0,0,1,0,1,6,88,24
6530,B1,4,3,2,2,0,0,0,0,0,0,0,0,0,1,0,2,72,505,110
6530,B2,1,0,3,19,0,0,0,0,0,0,0,0,0,1,0,1,11,150,28
6530,C1,19,2,6,0,0,0,0,0,0,0,0,0,0,1,0,2,8,54,28
6540,A1,2,15,0,2,0,0,0,0,0,0,0,0,0,0,1,2,9,106,63
6540,B0,0,2,13,2,0,0,0,0,0,0,0,0,0,0,1,1,7,91,27
6540,B1,3,4,1,1,0,0,0,0,0,0,0,0,0,0,1,2,72,505,110
6540,B2,2,0,2,20,0,0,0,0,0,0,0,0,0,0,1,1,11,150,28
6540,C1,20,3,6,0,0,0,0,0,0,0,0,0,0,0,1,2,8,54,28
6550,A1,3,16,0,1,0,0,0,0,0,0,0,0,0,0,1,2,9,106,63
6550,B0,0,4,12,2,0,0,0,0,0,0,0,0,0,0,1,1,7,91,27
6550,B1,3,4,1,1,0,0,0,0,0,0,0,0,0,0,1,2,72,505,110
6550,B2,2,0,1,19,0,0,0,0,0,0,0,0,0,0,1,1,11,150,28
6550,C1,20,1,7,0,0,0,0,0,0,0,0,0,0,0,1,2,8,54,28
6560,A1,1,15,0,2,0,0,0,0,0,0,0,0,0,1,0,2,9,106,63
6560,B0,0,1,11,1,0,0,0,0,0,0,0,0,0,1,0,1,7,91,27
6560,B1,6,4,2,1,0,0,0,0,0,0,0,0,0,1,0,2,72,505,110
6560,B2,1,0,2,19,0,0,0,0,0,0,0,0,0,1,0,1,11,150,28
6560,C1,19,2,8,0,0,0,0,0,0,0,0,0,0,1,0,2,8,54,28
6570,A1,1,15,0,2,0,0,0,0,0,0,0,0,0,1,0,2,9,106,63
6570,B0,0,1,12,4,0,0,0,0,0,0,0,0,0,1,0,1,7,91,27
6570,B1,6,4,2,1,0,0,0,0,0,0,0,0,0,1,0,2,72,505,110
6570,B2,1,0,2,19,0,0,0,0,0,0,0,0,0,1,0,1,11,150,28
6570,C1,15,2,8,0,0,0,0,0,0,0,0,0,0,1,0,2,8,54,28
6580,A1,3,15,0,1,0,0,0,0,0,0,0,0,1,0,1,2,9,106,63
6580,B0,0,1,14,3,0,0,0,0,0,0,0,0,0,0,1,1,7,91,27
6580,B1,5,2,3,2,0,0,0,1,0,0,0,0,0,0,1,1,74,512,111
6580,B2,3,0,1,20,0,0,0,0,0,0,0,0,0,0,1,1,11,150,28
6580,C1,14,1,8,0,0,0,0,0,0,0,0,0,0,0,1,2,8,54,28
6590,A1,3,16,0,3,0,0,0,0,0,0,0,0,0,0,1,2,9,106,63
6590,B0,0,2,10,1,0,0,0,0,0,0,0,0,0,0,1,1,7,91,27
6590,B1,5,2,2,2,0,0,0,0,0,0,0,0,0,0,1,2,74,514,113
6590,B2,4,0,1,20,0,0,0,0,0,0,0,0,0,0,1,1,11,150,28
6590,C1,16,1,5,0,0,0,0,0,0,0,0,0,0,0,1,2,8,54,28
6600,A1,3,17,0,3,0,0,0,0,0,0,0,0,0,0,1,2,9,106,63
6600,B0,0,2,10,1,0,0,0,0,0,0,0,0,0,0,1,1,7,91,27
6600,B1,6,2,4,2,0,0,0,0,0,0,0,0,0,0,1,2,74,514,113
6600,B2,4,0,1,19,0,0,0,0,0,0,0,0,0,0,1,1,11,150,28
6600,C1,20,1,3,0,0,0,0,0,0,0,0,0,0,0,1,2,8,54,28
6610,A1,5,17,0,1,0,0,0,0,0,0,0,0,0,1,0,2,9,106,63
6610,B0,0,2,9,2,0,0,0,0,0,0,0,0,0,1,0,1,7,91,27
6610,B1,8,2,1,2,0,0,0,0,0,0,0,0,0,1,0,2,74,514,113
6610,B2,1,0,1,19,0,0,0,0,0,0,0,0,0,1,0,1,11,150,28
6610,C1,18,3,3,0,0,0,0,0,0,0,0,0,0,1,0,2,8,54,28
6620,A1,3,16,0,3,0,0,0,0,0,0,0,0,0,1,0,2,9,106,63
6620,B0,0,1,12,2,0,0,0,0,0,0,0,0,0,1,0,1,7,91,27
6620,B1,7,4,1,2,0,0,0,0,0,0,0,0,0,1,0,2,74,514,113
6620,B2,1,0,2,20,0,0,0,0,0,0,0,0,0,1,0,1,11,150,28
6620,C1,14,4,3,0,0,0,0,0,0,0,0,0,0,1,0,2,8,54,28
6630,A1,1,15,0,1,0,0,0,0,0,0,0,0,0,0,1,2,9,106,63
6630,B0,0,4,12,1,0,0,0,0,0,0,0,0,0,0,1,1,7,91,27
6630,B1,6,3,1,3,0,0,0,0,0,0,0,0,0,0,1,2,74,514,113
6630,B2,1,0,2,20,0,0,0,0,0,0,0,0,0,0,1,1,11,150,28
6630,C1,15,1,1,0,0,0,0,0,0,0,0,0,0,0,1,2,8,54,28
6640,A1,2,17,0,1,0,0,0,0,0,0,0,0,0,0,1,2,9,106,63
6640,B0,0,5,7,1,0,0,0,0,0,0,0,0,0,0,1,1,7,91,27
6640,B1,6,3,1,3,0,0,0,0,0,0,0,0,0,0,1,2,74,514,113
6640,B2,1,0,1,19,0,0,0,0,0,0,0,0,0,0,1,1,11,150,28
6640,C1,18,2,1,0,0,0,0,0,0,0,0,0,0,0,1,2,8,54,28
6650,A1,2,18,0,4,0,0,0,0,0,0,0,0,0,1,0,2,9,106,63
6650,B0,0,5,5,2,0,0,0,0,0,0,0,0,0,1,0,1,7,91,27
6650,B1,8,3,1,2,0,0,0,0,0,0,0,0,0,1,0,2,74,514,113
6650,B2,2,0,3,19,0,0,0,0,0,0,0,0,0,1,0,1,11,150,28
6650,C1,20,2,1,0,0,0,0,0,0,0,0,0,0,1,0,2,8,54,28
6660,A1,3,19,0,5,0,0,0,0,0,0,0,0,0,1,0,2,9,106,63
6660,B0,0,2,5,1,0,0,0,0,0,0,0,0,0,1,0,1,7,91,27
6660,B1,6,2,2,2,0,0,0,0,0,0,0,0,0,1,0,2,74,514,113
6660,B2,2,0,3,19,0,0,0,0,0,0,0,0,0,1,0,1,11,150,28
6660,C1,19,1,2,0,0,0,0,0,0,0,0,0,0,1,0,2,8,54,28
6670,A1,3,16,0,5,0,0,0,0,3,0,0,0,0,0,1,1,10,107,63
6670,B0,0,2,8,1,0,0,0,0,0,0,0,0,0,0,1,1,7,91,27
6670,B1,5,2,3,2,0,0,0,0,0,0,0,1,0,0,1,2,74,514,113
6670,B2,1,0,3,19,0,0,0,0,0,0,0,0,0,0,1,1,11,150,28
6670,C1,17,1,2,0,0,0,0,0,0,0,0,0,0,0,1,2,8,54,28
6680,A1,1,16,0,3,0,0,0,0,0,0,0,0,0,0,1,2,10,107,66
6680,B0,0,2,5,1,0,0,0,0,0,0,0,0,0,0,1,1,7,91,27
6680,B1,5,2,2,3,0,0,0,0,0,0,0,0,0,0,1,2,74,514,113
6680,B2,3,0,1,20,0,0,0,0,0,0,0,0,0,0,1,1,11,150,28
6680,C1,18,3,1,0,0,0,0,0,0,0,0,0,0,0,1,2,8,54,28
6690,A1,2,16,0,1,0,0,0,0,0,0,0,0,0,0,1,2,10,107,66
6690,B0,0,2,2,1,0,0,0,0,0,0,0,0,0,0,1,1,7,91,27
6690,B1,5,2,2,2,0,0,0,0,0,0,0,0,0,0,1,2,74,514,113
6690,B2,4,0,1,19,0,0,0,0,0,0,0,0,0,0,1,1,11,150,28
6690,C1,19,2,3,0,0,0,0,0,0,0,0,0,0,0,1,2,8,54,28
6700,A1,1,16,0,2,0,0,0,0,0,0,0,0,0,1,0,2,10,107,66
6700,B0,0,1,1,2,0,0,0,0,0,0,0,0,0,1,0,1,7,91,27
6700,B1,4,3,1,2,0,0,0,0,0,0,0,0,0,1,0,2,74,514,113
6700,B2,1,0,1,20,0,0,0,0,0,0,0,0,0,1,0,1,11,150,28
6700,C1,19,3,1,0,0,0,0,0,0,0,0,0,0,1,0,2,8,54,28
6710,A1,1,13,0,2,0,0,0,0,0,0,0,0,0,1,0,2,10,107,66
6710,B0,0,1,2,2,0,0,0,0,0,0,0,0,0,1,0,1,7,91,27
6710,B1,6,4,1,2,0,0,0,0,0,0,0,0,0,1,0,2,74,514,113
6710,B2,2,0,3,20,0,0,0,0,0,0,0,0,0,1,0,1,11,150,28
6710,C1,17,1,3,0,0,0,0,0,0,0,0,0,0,1,0,2,8,54,28
6720,A1,4,13,0,2,0,0,0,0,0,0,0,0,0,0,1,2,10,107,66
6720,B0,0,2,4,1,0,0,0,0,0,0,0,0,0,0,1,1,7,91,27
6720,B1,4,2,2,1,0,0,0,0,0,0,0,0,0,0,1,2,74,514,113
6720,B2,1,0,2,20,0,0,0,0,0,0,0,0,0,0,1,1,11,150,28
6720,C1,18,2,2,0,0,0,0,0,0,0,0,0,0,0,1,2,8,54,28
6730,A1,4,12,0,2,0,0,0,0,0,0,0,0,0,0,1,2,10,107,66
6730,B0,0,1,4,1,0,0,0,0,0,0,0,0,0,0,1,1,7,91,27
6730,B1,4,2,3,2,0,0,0,0,0,0,0,0,0,0,1,2,74,514,113
6730,B2,1,0,3,19,0,0,0,0,0,0,0,0,0,0,1,1,11,150,28
6730,C1,20,1,4,0,0,0,0,0,0,0,0,0,0,0,1,2,8,54,28
6740,A1,3,13,0,2,0,0,0,0,0,0,0,0,0,1,0,2,10,107,66
6740,B0,0,1,4,1,0,0,0,0,0,0,0,0,0,1,0,1,7,91,27
6740,B1,5,3,2,1,0,0,0,0,0,0,0,0,0,1,0,2,74,514,113
6740,B2,2,0,1,16,0,0,0,0,0,0,0,0,0,1,0,1,11,150,28
6740,C1,19,2,5,0,0,0,0,0,0,0,0,0,0,1,0,2,8,54,28
6750,A1,1,14,0,4,0,0,0,0,0,0,0,0,0,1,0,2,10,107,66
6750,B0,0,1,5,2,0,0,0,0,0,0,0,0,0,1,0,1,7,91,27
6750,B1,6,3,2,1,0,0,0,0,0,0,0,0,0,1,0,2,74,514,113
6750,B2,3,0,2,17,0,0,0,0,0,0,0,0,0,1,0,1,11,150,28
6750,C1,19,3,5,0,0,0,0,0,0,0,0,0,0,1,0,2,8,54,28
6760,A1,2,13,0,4,0,0,0,0,0,0,0,0,0,1,0,2,10,107,66
6760,B0,0,1,6,2,0,0,0,0,0,0,0,0,0,1,0,1,7,91,27
6760,B1,6,3,2,1,0,0,0,0,0,0,0,0,0,1,0,2,74,514,113
6760,B2,1,0,1,20,0,0,0,0,0,0,0,0,0,1,0,1,11,150,28
6760,C1,19,1,5,0,0,0,0,0,0,0,0,0,0,1,0,2,8,54,28
6770,A1,2,12,0,2,0,0,0,0,0,0,0,0,0,0,1,2,10,107,66
6770,B0,0,3,6,1,0,0,0,0,0,0,0,0,0,0,1,1,7,91,27
6770,B1,5,3,1,1,0,0,0,0,0,0,0,0,0,0,1,2,74,514,113
6770,B2,2,0,3,18,0,0,0,0,0,0,0,0,0,0,1,1,11,150,28
6770,C1,20,2,6,0,0,0,0,0,0,0,0,0,0,0,1,2,8,54,28
6780,A1,3,14,0,1,0,0,0,0,0,0,0,0,0,0,1,2,10,107,66
6780,B0,0,4,3,4,0,0,0,0,0,0,0,0,0,0,1,1,7,91,27
6780,B1,5,3,2,1,0,0,0,0,0,0,0,0,0,0,1,2,74,514,113
6780,B2,2,0,3,17,0,0,0,0,0,0,0,0,0,0,1,1,11,150,28
6780,C1,20,2,8,0,0,0,0,0,0,0,0,0,0,0,1,2,8,54,28
6790,A1,2,15,0,1,0,0,0,0,0,0,0,0,0,1,0,2,10,107,66
6790,B0,0,2,3,1,0,0,0,0,0,0,0,0,0,1,0,1,7,91,27
6790,B1,6,2,1,1,0,0,0,0,0,0,0,0,0,1,0,2,74,514,113
6790,B2,2,0,1,17,0,0,0,0,0,0,0,0,0,1,0,1,11,150,28
6790,C1,20,1,9,0,0,0,0,0,0,0,0,0,0,1,0,2,8,54,28
6800,A1,1,14,0,3,0,0,0,0,0,0,0,0,0,1,0,2,10,107,66
6800,B0,0,1,4,3,0,0,0,0,0,0,0,0,0,1,0,1,7,91,27
6800,B1,6,1,1,1,0,0,0,0,0,0,0,0,0,1,0,2,74,514,113
6800,B2,2,0,3,19,0,0,0,0,0,0,0,0,0,1,0,1,11,150,28
6800,C1,20,1,10,0,0,0,0,0,0,0,0,0,0,1,0,2,8,54,28
6810,A1,1,13,0,3,0,0,0,0,0,0,0,0,0,0,1,2,10,107,66
6810,B0,0,2,5,3,0,0,0,0,0,0,0,0,0,0,1,1,7,91,27
6810,B1,5,1,2,1,0,0,0,0,0,0,0,0,0,0,1,2,75,518,114
6810,B2,3,0,4,20,0,0,0,0,0,0,0,0,0,0,1,1,11,150,28
6810,C1,20,2,10,0,0,0,0,0,0,0,0,0,0,0,1,2,8,54,28
6820,A1,2,14,0,2,0,0,0,0,0,0,0,0,0,0,1,2,10,107,66
6820,B0,0,4,6,1,0,0,0,0,0,0,0,0,0,0,1,1,7,91,27
6820,B1,4,1,3,1,0,0,0,0,0,0,0,0,0,0,1,2,75,518,114
6820,B2,4,0,1,20,0,0,0,0,0,0,0,0,0,0,1,1,11,150,28
6820,C1,20,2,10,0,0,0,0,0,0,0,0,0,0,0,1,2,8,54,28
6830,A1,3,16,0,2,0,0,0,0,0,0,0,0,0,0,1,2,10,107,66
6830,B0,0,3,3,1,0,0,0,0,0,0,0,0,0,0,1,1,7,91,27
6830,B1,4,1,2,1,0,0,0,0,0,0,0,0,0,0,1,2,75,518,114
6830,B2,5,0,1,20,0,0,0,0,0,0,0,0,0,0,1,1,11,150,28
6830,C1,20,3,10,0,0,0,0,0,0,0,0,0,0,0,1,2,8,54,28
6840,A1,3,15,0,2,0,0,0,0,0,0,0,0,0,1,0,2,10,107,66
6840,B0,0,1,4,1,0,0,0,0,0,0,0,0,0,1,0,1,7,91,27
6840,B1,4,1,1,1,0,0,0,0,0,0,0,0,0,1,0,2,75,518,114
6840,B2,1,0,1,20,0,0,0,0,0,0,0,0,0,1,0,1,11,150,28
6840,C1,18,3,10,0,0,0,0,0,0,0,0,0,0,1,0,2,8,54,28
6850,A1,1,13,0,2,0,0,0,0,0,0,0,0,0,1,0,2,10,107,66
6850,B0,0,1,6,2,0,0,0,0,0,0,0,0,0,1,0,1,7,91,27
6850,B1,4,1,1,1,0,0,0,0,0,0,0,0,0,1,0,2,75,518,114
6850,B2,1,0,2,20,0,0,0,0,0,0,0,0,0,1,0,1,11,150,28
6850,C1,16,2,10,0,0,0,0,0,0,0,0,0,0,1,0,2,8,54,28
6860,A1,1,12,0,2,0,0,0,0,0,0,0,0,0,0,1,2,10,107,66
6860,B0,0,2,7,2,0,0,0,0,0,0,0,0,0,0,1,1,7,91,27
6860,B1,4,1,2,1,0,0,0,0,0,0,0,0,0,0,1,2,75,518,114
6860,B2,1,0,1,20,0,0,0,0,0,0,0,0,0,0,1,1,11,150,28
6860,C1,16,3,8,0,0,0,0,0,0,0,0,0,0,0,1,2,8,54,28
6870,A1,3,12,0,1,0,0,0,0,0,0,0,0,0,0,1,2,10,107,66
6870,B0,0,3,6,1,0,0,0,0,0,0,0,0,0,0,1,1,7,91,27
6870,B1,4,1,1,1,0,0,0,0,0,0,0,0,0,0,1,2,75,518,114
6870,B2,2,0,1,20,0,0,0,0,0,0,0,0,0,0,1,1,11,150,28
6870,C1,19,5,4,0,0,0,0,0,0,0,0,0,0,0,1,2,8,54,28
6880,A1,3,12,0,1,0,0,0,0,0,0,0,0,0,1,0,2,10,107,66
6880,B0,0,3,4,1,0,0,0,0,0,0,0,0,0,1,0,1,7,91,27
6880,B1,5,1,2,1,0,0,0,0,0,0,0,0,0,1,0,2,75,518,114
6880,B2,1,0,2,20,0,0,0,0,0,0,0,0,0,1,0,1,11,150,28
6880,C1,19,5,3,0,0,0,0,0,0,0,0,0,0,1,0,2,8,54,28
6890,A1,1,13,0,1,0,0,0,0,0,0,0,0,0,1,0,2,10,107,66
6890,B0,0,1,6,4,0,0,0,0,0,0,0,0,0,1,0,1,7,91,27
6890,B1,4,1,2,1,0,0,0,0,0,0,0,0,0,1,0,2,75,518,114
6890,B2,1,0,2,20,0,0,0,0,0,0,0,0,0,1,0,1,11,150,28
6890,C1,18,2,5,0,0,0,0,0,0,0,0,0,0,1,0,2,8,54,28
6900,A1,1,14,0,1,0,0,0,0,0,0,0,0,0,0,1,2,10,107,66
6900,B0,0,3,7,4,0,0,0,0,0,0,0,0,0,0,1,1,7,91,27
6900,B1,3,1,1,1,0,0,0,0,1,0,0,0,0,0,1,1,76,520,114
6900,B2,1,0,5,20,0,0,0,0,0,0,0,0,0,0,1,1,11,150,28
6900,C1,17,1,6,0,0,0,0,0,0,0,0,1,0,0,1,2,8,54,28
6910,A1,2,13,0,3,0,0,0,0,0,0,0,0,0,0,1,2,10,107,66
6910,B0,0,1,8,2,0,0,0,0,0,0,0,0,0,0,1,1,7,91,27
6910,B1,3,1,3,1,0,0,0,0,0,0,0,0,0,0,1,1,76,539,115
6910,B2,1,0,1,20,0,0,0,0,0,0,0,0,0,0,1,1,11,150,28
6910,C1,20,1,2,0,0,0,0,0,0,0,0,0,0,0,1,2,8,54,28
6920,A1,2,13,0,3,0,0,0,0,0,0,0,0,0,0,1,2,10,107,66
6920,B0,0,3,3,2,0,0,0,0,0,0,0,0,0,0,1,1,7,91,27
6920,B1,3,1,1,2,0,0,0,0,0,0,0,0,0,0,1,2,76,539,115
6920,B2,1,0,1,19,0,0,0,0,0,0,0,0,0,0,1,1,11,150,28
6920,C1,20,4,1,0,0,0,0,0,0,0,0,0,0,0,1,2,8,54,28
6930,A1,1,13,0,3,0,0,0,0,0,0,0,0,0,1,0,2,10,107,66
6930,B0,0,2,3,2,0,0,0,0,0,0,0,0,0,1,0,1,7,91,27
6930,B1,2,2,1,2,0,0,0,0,0,0,0,0,0,1,0,2,76,539,115
6930,B2,1,0,2,19,0,0,0,0,0,0,0,0,0,1,0,1,11,150,28
6930,C1,18,1,1,0,0,0,0,0,0,0,0,0,0,1,0,2,8,54,28
6940,A1,3,13,0,3,0,0,0,0,0,0,0,0,0,1,0,2,10,107,66
6940,B0,0,1,4,3,0,0,0,0,0,0,0,0,0,1,0,1,7,91,27
6940,B1,3,1,1,2,0,0,0,0,0,0,0,0,0,1,0,2,76,539,115
6940,B2,1,0,2,19,0,0,0,0,0,0,0,0,0,1,0,1,11,150,28
6940,C1,16,2,1,0,0,0,0,0,0,0,0,0,0,1,0,2,8,54,28
6950,A1,4,11,0,2,0,0,0,0,0,0,0,0,0,0,1,2,10,107,66
6950,B0,0,3,5,4,0,0,0,0,0,0,0,0,0,0,1,1,7,91,27
6950,B1,2,1,2,1,0,0,0,0,0,0,0,0,0,0,1,1,77,543,116
6950,B2,1,0,2,20,0,0,0,0,0,0,0,0,0,0,1,1,11,150,28
6950,C1,16,2,3,0,0,0,0,0,0,0,0,0,0,0,1,2,8,54,28
6960,A1,2,11,0,3,0,0,0,0,0,0,0,0,0,0,1,2,10,107,66
6960,B0,0,1,3,2,0,0,0,0,0,0,0,0,0,0,1,1,7,91,27
6960,B1,2,1,1,2,0,0,0,0,0,0,0,0,0,0,1,1,77,543,116
6960,B2,2,0,2,20,0,0,0,0,0,0,0,0,0,0,1,1,11,150,28
6960,C1,19,3,2,0,0,0,0,0,0,0,0,0,0,0,1,2,8,54,28
6970,A1,3,12,0,3,0,0,0,0,0,0,0,0,0,1,0,2,10,107,66
6970,B0,0,2,1,2,0,0,0,0,0,0,0,0,0,1,0,1,7,91,27
6970,B1,1,3,1,2,0,0,0,0,0,0,0,0,0,1,0,2,77,543,116
6970,B2,2,0,2,19,0,0,0,0,0,0,0,0,0,1,0,1,11,150,28
6970,C1,20,4,1,0,0,0,0,0,0,0,0,0,0,1,0,2,8,54,28
6980,A1,1,12,0,3,0,0,0,0,0,0,0,0,0,1,0,2,10,107,66
6980,B0,0,2,2,2,0,0,0,0,0,0,0,0,0,1,0,1,7,91,27
6980,B1,1,1,2,2,0,0,0,0,0,0,0,0,0,1,0,1,77,543,116
6980,B2,1,0,1,20,0,0,0,0,0,0,0,0,0,1,0,1,11,150,28
6980,C1,19,2,1,0,0,0,0,0,0,0,0,0,0,1,0,2,8,54,28
6990,A1,2,11,0,3,0,0,0,0,0,0,0,0,0,1,0,2,10,107,66
6990,B0,0,3,4,2,0,0,0,0,0,0,0,0,0,1,0,1,7,91,27
6990,B1,1,2,2,3,0,0,0,0,0,0,0,0,0,1,0,1,77,543,116
6990,B2,1,0,2,20,0,0,0,0,0,0,0,0,0,1,0,1,11,150,28
6990,C1,17,1,1,0,0,0,0,0,0,0,0,0,0,1,0,2,8,54,28
7000,A1,1,11,0,2,0,0,0,0,0,0,0,0,0,0,1,2,10,107,66
7000,B0,0,3,4,2,0,0,0,0,0,0,0,0,0,0,1,1,7,91,27
7000,B1,1,1,3,2,0,0,0,0,0,0,0,0,0,0,1,1,77,543,116
7000,B2,2,0,2,20,0,0,0,0,0,0,0,0,0,0,1,1,11,150,28
7000,C1,19,1,3,0,0,0,0,0,0,0,0,0,0,0,1,2,9,55,29
7010,A1,3,11,0,2,0,0,0,0,0,0,0,0,0,0,1,2,10,107,66
7010,B0,0,3,3,2,0,0,0,0,0,0,0,0,0,0,1,1,7,91,27
7010,B1,1,1,1,3,0,0,0,0,0,0,0,0,0,0,1,1,77,543,116
7010,B2,2,0,2,17,0,0,0,0,0,0,0,0,0,0,1,1,11,150,28
7010,C1,19,2,1,0,0,0,0,0,0,0,0,0,0,0,1,2,9,55,29
7020,A1,3,11,0,2,0,0,0,0,0,0,0,0,0,1,0,2,10,107,66
7020,B0,0,1,2,1,0,0,0,0,0,0,0,0,0,1,0,1,7,91,27
7020,B1,1,1,2,2,0,0,0,0,0,0,0,0,0,1,0,1,77,543,116
7020,B2,2,0,1,18,0,0,0,0,0,0,0,0,0,1,0,1,11,150,28
7020,C1,20,1,3,0,0,0,0,0,0,0,0,0,0,1,0,2,9,55,29
7030,A1,1,12,0,3,0,0,0,0,0,0,0,0,0,1,0,2,10,107,66
7030,B0,0,3,4,2,0,0,0,0,0,0,0,0,0,1,0,1,7,91,27
7030,B1,1,3,1,2,0,0,0,0,0,0,0,0,0,1,0,2,77,543,116
7030,B2,2,0,3,20,0,0,0,0,0,0,0,0,0,1,0,1,11,150,28
7030,C1,20,3,3,0,0,0,0,0,0,0,0,0,0,1,0,2,9,55,29
7040,A1,2,11,0,4,0,0,0,0,0,0,0,0,0,0,1,2,10,107,66
7040,B0,0,2,4,3,0,0,0,0,0,0,0,0,0,0,1,1,7,91,27
7040,B1,3,2,1,1,0,0,0,0,0,0,0,0,0,0,1,2,77,543,116
7040,B2,2,0,2,20,0,0,0,0,0,0,0,0,0,0,1,1,11,150,28
7040,C1,20,2,3,0,0,0,0,0,0,0,0,0,0,0,1,2,9,55,29
7050,A1,3,11,0,2,0,0,0,0,0,0,0,0,0,0,1,2,10,107,66
7050,B0,0,2,4,1,0,0,0,0,0,0,0,0,0,0,1,1,7,91,27
7050,B1,1,3,1,1,0,0,0,0,0,0,0,0,0,0,1,2,77,543,116
7050,B2,3,0,1,20,0,0,0,0,0,0,0,0,0,0,1,1,11,150,28
7050,C1,20,1,3,0,0,0,0,0,0,0,0,0,0,0,1,2,9,55,29
7060,A1,3,11,0,1,0,0,0,0,0,0,0,0,0,0,1,2,10,107,66
7060,B0,0,2,2,1,0,0,0,0,0,0,0,0,0,0,1,1,7,91,27
7060,B1,1,3,1,1,0,0,0,0,0,0,0,0,0,0,1,2,77,543,116
7060,B2,4,0,2,18,0,0,0,0,0,0,0,0,0,0,1,1,11,150,28
7060,C1,20,2,4,0,0,0,0,0,0,0,0,0,0,0,1,2,9,55,29
7070,A1,1,11,0,1,0,0,0,0,0,0,0,0,0,1,0,2,10,107,66
7070,B0,0,1,3,1,0,0,0,0,0,0,0,0,0,1,0,1,7,91,27
7070,B1,1,1,1,1,0,0,0,0,0,0,0,0,0,1,0,1,77,543,116
7070,B2,1,0,1,18,0,0,0,0,0,0,0,0,0,1,0,1,11,150,28
7070,C1,20,1,4,0,0,0,0,0,0,0,0,0,0,1,0,2,9,55,29
7080,A1,1,8,0,1,0,0,0,0,0,0,0,0,0,1,0,2,10,107,66
7080,B0,0,1,4,3,0,0,0,0,0,0,0,0,0,1,0,1,7,91,27
7080,B1,3,1,1,1,0,0,0,0,0,0,0,0,0,1,0,2,77,543,116
7080,B2,1,0,3,19,0,0,0,0,0,0,0,0,0,1,0,1,11,150,28
7080,C1,20,1,5,0,0,0,0,0,0,0,0,0,0,1,0,2,9,55,29
7090,A1,2,9,0,1,0,0,0,0,0,0,0,0,0,0,1,2,10,107,66
7090,B0,0,2,4,2,0,0,0,0,0,0,0,0,0,0,1,1,7,91,27
7090,B1,1,1,2,1,0,0,0,0,0,0,0,0,0,0,1,1,77,543,116
7090,B2,1,0,2,20,0,0,0,0,0,0,0,0,0,0,1,1,11,150,28
7090,C1,20,2,3,0,0,0,0,0,0,0,0,0,0,0,1,2,9,55,29
7100,A1,4,9,0,1,0,0,0,0,0,0,0,0,0,0,1,2,10,107,66
7100,B0,0,3,3,1,0,0,0,0,0,0,0,0,0,0,1,1,7,91,27
7100,B1,1,1,1,1,0,0,0,0,0,0,0,0,0,0,1,1,77,543,116
7100,B2,2,0,1,20,0,0,0,0,0,0,0,0,0,0,1,1,11,150,28
7100,C1,20,2,3,0,0,0,0,0,0,0,0,0,0,0,1,2,9,55,29
7110,A1,4,9,0,1,0,0,0,0,0,0,0,0,0,1,0,2,10,107,66
7110,B0,0,2,2,1,0,0,0,0,0,0,0,0,0,1,0,1,7,91,27
7110,B1,3,1,1,1,0,0,0,0,0,0,0,0,0,1,0,2,77,543,116
7110,B2,2,0,1,19,0,0,0,0,0,0,0,0,0,1,0,1,11,150,28
7110,C1,19,3,3,0,0,0,0,0,0,0,0,0,0,1,0,2,9,55,29
7120,A1,2,9,0,1,0,0,0,0,0,0,0,0,0,1,0,2,10,107,66
7120,B0,0,1,4,2,0,0,0,0,0,0,0,0,0,1,0,1,7,91,27
7120,B1,1,1,1,1,0,0,0,0,0,0,0,0,0,1,0,1,77,543,116
7120,B2,1,0,1,19,0,0,0,0,0,0,0,0,0,1,0,1,11,150,28
7120,C1,19,1,3,0,0,0,0,0,0,0,0,0,0,1,0,2,9,55,29
7130,A1,2,9,0,2,0,0,0,0,0,0,0,0,0,0,1,2,10,107,66
7130,B0,0,3,5,2,0,0,0,0,0,0,0,0,0,0,1,1,7,91,27
7130,B1,2,1,1,1,0,0,0,0,0,0,0,0,0,0,1,2,77,543,116
7130,B2,3,0,1,19,0,0,0,0,0,0,0,0,0,0,1,1,11,150,28
7130,C1,20,2,3,0,0,0,0,0,0,0,0,0,0,0,1,2,9,55,29
7140,A1,1,9,0,1,0,0,0,0,0,0,0,0,0,0,1,2,10,107,66
7140,B0,0,4,1,1,0,0,0,0,0,0,0,0,0,0,1,2,7,91,27
7140,B1,2,1,3,1,0,0,0,0,0,0,0,0,0,0,1,1,77,543,116
7140,B2,1,0,1,19,0,0,0,0,0,0,0,0,0,0,1,1,11,150,28
7140,C1,20,1,3,0,0,0,0,0,0,0,0,0,0,0,1,2,9,55,29
7150,A1,2,11,0,1,0,0,0,0,0,0,0,0,0,0,1,2,10,107,66
7150,B0,0,5,1,1,0,0,0,0,0,0,0,0,0,0,1,2,7,91,27
7150,B1,2,1,1,1,0,0,0,0,0,0,0,0,0,0,1,2,77,543,116
7150,B2,2,0,2,18,0,0,0,0,0,0,0,0,0,0,1,1,11,150,28
7150,C1,20,2,4,0,0,0,0,0,0,0,0,0,0,0,1,2,9,55,29
7160,A1,1,9,0,1,0,0,0,0,0,0,0,0,0,1,0,2,10,107,66
7160,B0,0,2,1,2,0,0,0,0,0,0,0,0,0,1,0,1,7,91,27
7160,B1,3,1,1,1,0,0,0,0,0,0,0,0,0,1,0,2,77,543,116
7160,B2,1,0,2,19,0,0,0,0,0,0,0,0,0,1,0,1,11,150,28
7160,C1,20,1,4,0,0,0,0,0,0,0,0,0,0,1,0,2,9,55,29
7170,A1,3,9,0,1,0,0,0,0,0,0,0,0,0,1,0,2,10,107,66
7170,B0,0,1,2,3,0,0,0,0,0,0,0,0,0,1,0,1,7,91,27
7170,B1,1,2,1,1,0,0,0,0,0,0,0,0,0,1,0,2,77,543,116
7170,B2,1,0,4,19,0,0,0,0,0,0,0,0,0,1,0,1,11,150,28
7170,C1,20,1,5,0,0,0,0,0,0,0,0,0,0,1,0,2,9,55,29
7180,A1,2,7,0,2,0,0,0,0,0,0,0,0,0,0,1,2,10,107,66
7180,B0,0,1,1,2,0,0,0,0,0,0,0,0,0,0,1,1,7,91,27
7180,B1,1,1,1,1,0,0,0,0,0,0,0,0,0,0,1,1,77,543,116
7180,B2,1,0,4,19,0,0,0,0,0,0,0,0,0,0,1,1,11,150,28
7180,C1,20,4,6,0,0,0,0,0,0,0,0,0,0,0,1,2,9,55,29
7190,A1,2,6,0,1,0,0,0,0,0,0,0,0,0,0,1,2,10,107,66
7190,B0,0,1,1,2,0,0,0,0,0,0,0,0,0,0,1,1,7,91,27
7190,B1,1,1,3,2,0,0,0,0,0,0,0,0,0,0,1,1,77,543,116
7190,B2,3,0,1,20,0,0,0,0,0,0,0,0,0,0,1,1,11,150,28
7190,C1,20,2,3,0,0,0,0,0,0,0,0,0,0,0,1,2,9,55,29
7200,A1,3,7,0,1,0,0,0,0,0,0,0,0,0,1,0,2,10,107,66
7200,B0,0,1,1,1,0,0,0,0,0,0,0,0,0,1,0,1,7,91,27
7200,B1,2,1,1,1,0,0,0,0,0,0,0,0,0,1,0,2,77,543,116
7200,B2,2,0,3,20,0,0,0,0,0,0,0,0,0,1,0,1,11,150,28
7200,C1,19,3,3,0,0,0,0,0,0,0,0,0,0,1,0,2,9,55,29
7210,A1,1,7,0,1,0,0,0,0,0,0,0,0,0,1,0,2,10,107,66
7210,B0,0,1,1,2,0,0,0,0,0,0,0,0,0,1,0,1,7,91,27
7210,B1,1,2,1,1,0,0,0,0,0,0,0,0,0,1,0,2,77,543,116
7210,B2,1,0,1,20,0,0,0,0,0,0,0,0,0,1,0,1,11,150,28
7210,C1,19,1,3,0,0,0,0,0,0,0,0,0,0,1,0,2,9,55,29
7220,A1,2,6,0,1,0,0,0,0,0,0,0,0,0,1,0,2,10,107,66
7220,B0,0,1,4,4,0,0,0,0,0,0,0,0,0,1,0,1,7,91,27
7220,B1,1,3,1,1,0,0,0,0,0,0,0,0,0,1,0,2,77,543,116
7220,B2,1,0,3,20,0,0,0,0,0,0,0,0,0,1,0,1,11,150,28
7220,C1,19,2,3,0,0,0,0,0,0,0,0,0,0,1,0,2,9,55,29
7230,A1,1,7,0,1,0,0,0,0,0,0,0,0,0,0,1,2,10,107,66
7230,B0,0,1,2,1,0,0,0,0,0,0,0,0,0,0,1,1,7,91,27
7230,B1,1,1,4,2,0,0,0,0,0,0,0,0,0,0,1,1,77,543,116
7230,B2,1,0,1,21,0,0,0,0,0,0,0,0,0,0,1,1,11,150,28
7230,C1,20,2,3,0,0,0,0,0,0,0,0,0,0,0,1,2,9,55,29
7240,A1,4,7,0,1,0,0,0,0,0,0,0,0,0,0,1,2,10,107,66
7240,B0,0,1,2,1,0,0,0,0,0,0,0,0,0,0,1,1,7,91,27
7240,B1,1,1,2,1,0,0,0,0,0,0,0,0,0,0,1,1,77,543,116
7240,B2,1,0,2,19,0,0,0,0,0,0,0,0,0,0,1,1,11,150,28
7240,C1,20,1,3,0,0,0,0,0,0,0,0,0,0,0,1,2,9,55,29
7250,A1,2,7,0,1,0,0,0,0,0,0,0,0,0,1,0,2,11,116,72
7250,B0,0,2,2,2,0,0,0,0,0,0,0,0,0,1,0,1,7,91,27
7250,B1,1,3,1,2,0,0,0,0,0,0,0,0,0,1,0,2,77,543,116
7250,B2,1,0,1,19,0,0,0,0,0,0,0,0,0,1,0,1,11,150,28
7250,C1,20,2,3,0,0,0,0,0,0,0,0,0,0,1,0,2,9,55,29
7260,A1,3,8,0,1,0,0,0,0,0,0,0,0,0,1,0,2,11,116,72
7260,B0,0,1,3,1,0,0,0,0,0,0,0,0,0,1,0,1,7,91,27
7260,B1,1,2,1,1,0,0,0,0,0,0,0,0,0,1,0,2,77,543,116
7260,B2,1,0,2,19,0,0,0,0,0,0,0,0,0,1,0,1,11,150,28
7260,C1,20,5,4,0,0,0,0,0,0,0,0,0,0,1,0,2,9,55,29
7270,A1,2,6,0,2,0,0,0,0,0,0,0,0,0,0,1,2,11,116,72
7270,B0,0,1,4,1,0,0,0,0,0,0,0,0,0,0,1,1,7,91,27
7270,B1,2,1,2,1,0,0,0,0,0,0,0,0,0,0,1,1,77,543,116
7270,B2,1,0,2,20,0,0,0,0,0,0,0,0,0,0,1,1,11,150,28
7270,C1,19,2,4,0,0,0,0,0,0,0,0,0,0,0,1,2,9,55,29
7280,A1,2,6,0,3,0,0,0,0,0,0,0,0,0,0,1,2,11,116,72
7280,B0,0,1,3,4,0,0,0,0,0,0,0,0,0,0,1,1,7,91,27
7280,B1,2,1,2,2,0,0,0,0,0,0,0,0,0,0,1,1,77,543,116
7280,B2,1,0,1,20,0,0,0,0,0,0,0,0,0,0,1,1,11,150,28
7280,C1,19,3,3,0,0,0,0,0,0,0,0,0,0,0,1,2,9,55,29
7290,A1,3,6,0,1,0,0,0,0,0,0,0,0,0,0,1,2,11,116,72
7290,B0,0,1,1,1,0,0,0,0,0,0,0,0,0,0,1,1,7,91,27
7290,B1,2,2,3,1,0,0,0,0,0,0,0,0,0,0,1,1,77,543,116
7290,B2,1,0,1,19,0,0,0,0,0,0,0,0,0,0,1,1,11,150,28
7290,C1,20,5,2,0,0,0,0,0,0,0,0,0,0,0,1,2,9,55,29
7300,A1,3,6,0,2,0,0,6,0,0,0,0,0,0,1,0,2,12,135,72
7300,B0,0,2,1,1,0,0,0,0,0,0,0,0,0,1,0,1,7,91,27
7300,B1,1,1,3,1,0,0,0,0,0,0,0,0,0,1,0,1,77,543,116
7300,B2,1,0,1,20,0,0,0,0,0,0,0,0,0,1,0,1,11,150,28
7300,C1,20,2,3,0,0,0,0,0,0,0,0,0,0,1,0,2,9,55,29
7310,A1,1,5,0,2,0,0,5,0,0,0,0,0,0,1,0,2,12,155,72
7310,B0,0,1,1,2,0,0,0,0,0,0,0,0,0,1,0,1,7,91,27
7310,B1,1,1,3,1,0,0,0,0,0,0,0,0,0,1,0,1,77,543,116
7310,B2,1,0,2,20,0,0,0,0,0,0,0,0,0,1,0,1,11,150,28
7310,C1,19,1,3,0,0,0,0,0,0,0,0,0,0,1,0,2,9,55,29
7320,A1,2,5,0,1,0,0,5,0,0,0,0,0,0,0,1,2,12,175,72
7320,B0,0,1,1,3,0,0,0,0,0,0,0,0,0,0,1,1,7,91,27
7320,B1,1,1,3,1,0,0,0,0,0,0,0,0,0,0,1,1,77,543,116
7320,B2,1,0,3,20,0,0,0,0,0,0,0,0,0,0,1,1,11,150,28
7320,C1,19,3,1,0,0,0,0,0,0,0,0,0,0,0,1,2,9,55,29
7330,A1,3,7,0,3,0,0,0,0,0,0,0,0,0,0,1,2,12,179,78
7330,B0,0,1,1,2,0,0,0,0,0,0,0,0,0,0,1,1,7,91,27
7330,B1,2,1,2,2,0,0,0,0,0,0,0,0,0,0,1,1,77,543,116
7330,B2,1,0,1,19,0,0,0,0,0,0,0,0,0,0,1,1,11,150,28
7330,C1,19,2,2,0,0,0,0,0,0,0,0,0,0,0,1,2,9,55,29
7340,A1,2,7,0,2,0,0,0,0,0,0,0,0,0,1,0,2,12,179,78
7340,B0,0,1,1,1,0,0,0,0,0,0,0,0,0,1,0,1,7,91,27
7340,B1,2,1,1,1,0,0,0,0,0,0,0,0,0,1,0,2,77,543,116
7340,B2,2,0,1,19,0,0,0,0,0,0,0,0,0,1,0,1,11,150,28
7340,C1,20,4,2,0,0,0,0,0,0,0,0,0,0,1,0,2,9,55,29
7350,A1,1,5,0,2,0,0,0,0,0,0,0,0,0,1,0,2,12,179,78
7350,B0,0,1,1,1,0,0,0,0,0,0,0,0,0,1,0,1,7,91,27
7350,B1,1,2,1,1,0,0,0,0,0,0,0,0,0,1,0,2,77,543,116
7350,B2,3,0,1,19,0,0,0,0,0,0,0,0,0,1,0,1,11,150,28
7350,C1,20,1,2,0,0,0,0,0,0,0,0,0,0,1,0,2,9,55,29
7360,A1,1,3,0,2,0,0,0,0,0,0,0,0,0,0,1,2,12,179,78
7360,B0,0,2,1,2,0,0,0,0,0,0,0,0,0,0,1,1,7,91,27
7360,B1,1,1,1,1,0,0,0,0,0,0,0,0,0,0,1,1,77,543,116
7360,B2,2,0,1,20,0,0,0,0,0,0,0,0,0,0,1,1,11,150,28
7360,C1,18,1,2,0,0,0,0,0,0,0,0,0,0,0,1,2,9,55,29
7370,A1,3,4,0,1,0,0,0,0,0,0,0,0,0,0,1,2,12,179,78
7370,B0,0,2,1,2,0,0,0,0,0,0,0,0,0,0,1,1,7,91,27
7370,B1,1,1,1,1,0,0,0,0,0,0,0,0,0,0,1,1,77,543,116
7370,B2,4,0,1,19,0,0,0,0,0,0,0,0,0,0,1,1,11,150,28
7370,C1,19,1,1,0,0,0,0,0,0,0,0,0,0,0,1,2,9,55,29
7380,A1,1,7,0,1,0,0,0,0,0,0,0,0,0,0,1,2,12,179,78
7380,B0,0,3,1,6,0,0,0,0,0,0,0,0,0,0,1,1,7,91,27
7380,B1,1,1,3,2,0,0,0,0,0,0,0,0,0,0,1,1,77,543,116
7380,B2,4,0,1,16,0,0,0,0,0,0,0,0,0,0,1,1,11,150,28
7380,C1,20,2,1,0,0,0,0,0,0,0,0,0,0,0,1,2,9,55,29
7390,A1,2,7,0,2,0,0,0,0,0,0,0,0,0,1,0,2,12,179,78
7390,B0,0,1,1,2,0,0,0,0,0,0,1,0,0,1,0,1,7,91,27
7390,B1,1,3,3,2,0,1,0,0,0,0,0,0,0,1,0,2,78,559,116
7390,B2,1,0,3,17,0,0,0,0,0,0,0,0,0,1,0,1,11,150,28
7390,C1,18,2,2,0,0,0,0,0,0,0,0,0,0,1,0,2,9,55,29
7400,A1,1,5,0,2,0,0,0,0,0,0,0,0,0,1,0,2,12,179,78
7400,B0,0,1,2,4,0,0,0,0,0,0,1,0,0,1,0,1,7,91,27
7400,B1,1,2,3,1,0,1,0,0,0,0,0,0,0,1,0,2,78,579,116
7400,B2,1,0,4,19,0,0,0,0,0,0,0,0,0,1,0,1,11,150,28
7400,C1,18,3,1,0,0,0,0,0,0,0,0,0,0,1,0,2,9,55,29
7410,A1,1,4,0,1,0,0,0,0,0,0,0,0,1,0,1,2,12,179,78
7410,B0,0,1,2,3,0,0,0,0,0,0,0,0,0,0,1,1,7,91,27
7410,B1,1,2,2,2,0,0,0,1,0,0,0,0,0,0,1,1,79,589,117
7410,B2,1,0,3,20,0,0,0,0,0,0,0,0,0,0,1,1,11,150,28
7410,C1,19,1,2,0,0,0,0,0,0,0,0,0,0,0,1,2,9,55,29
7420,A1,3,4,0,1,0,0,0,0,0,0,0,0,0,0,1,2,12,179,78
7420,B0,0,2,2,1,0,0,0,0,0,0,0,0,0,0,1,1,7,91,27
7420,B1,1,2,1,2,0,0,0,0,0,0,0,0,0,0,1,1,79,591,120
7420,B2,1,0,3,20,0,0,0,0,0,0,0,0,0,0,1,1,11,150,28
7420,C1,20,3,2,0,0,0,0,0,0,0,0,0,0,0,1,2,9,55,29
7430,A1,2,5,0,1,0,0,0,0,0,0,0,0,0,1,0,2,12,179,78
7430,B0,0,3,1,1,0,0,0,0,0,0,0,0,0,1,0,2,7,91,27
7430,B1,1,1,1,1,0,0,0,0,0,0,0,0,0,1,0,1,80,592,121
7430,B2,1,0,1,20,0,0,0,0,0,0,0,0,0,1,0,1,11,150,28
7430,C1,20,3,2,0,0,0,0,0,0,0,0,0,0,1,0,2,9,55,29
7440,A1,1,7,0,1,0,0,0,0,0,0,0,0,0,1,0,2,12,179,78
7440,B0,0,2,1,2,0,0,0,0,0,0,0,0,0,1,0,1,7,91,27
7440,B1,2,1,1,1,0,0,0,0,0,0,0,0,0,1,0,2,80,592,121
7440,B2,1,0,2,20,0,0,0,0,0,0,0,0,0,1,0,1,11,150,28
7440,C1,19,1,2,0,0,0,0,0,0,0,0,0,0,1,0,2,9,55,29
7450,A1,1,5,0,1,0,0,0,0,0,0,0,0,0,1,0,2,12,179,78
7450,B0,0,1,3,3,0,0,0,0,0,0,0,0,0,1,0,1,7,91,27
7450,B1,2,2,1,1,0,0,0,0,0,0,0,0,0,1,0,2,80,592,121
7450,B2,2,0,3,20,0,0,0,0,0,0,0,0,0,1,0,1,11,150,28
7450,C1,19,2,2,0,0,0,0,0,0,0,0,0,0,1,0,2,9,55,29
7460,A1,2,6,0,2,0,0,0,0,0,0,0,0,0,0,1,2,12,179,78
7460,B0,0,1,3,3,0,0,0,0,0,0,0,0,0,0,1,1,7,91,27
7460,B1,3,2,1,2,0,0,0,0,0,0,0,0,0,0,1,2,80,592,121
7460,B2,1,0,1,20,0,0,0,0,0,0,0,0,0,0,1,1,11,150,28
7460,C1,20,2,2,0,0,0,0,0,0,0,0,0,0,0,1,2,9,55,29
7470,A1,2,6,0,2,0,0,0,0,0,0,0,0,0,0,1,2,12,179,78
7470,B0,0,2,2,3,0,0,0,0,0,0,0,0,0,0,1,1,7,91,27
7470,B1,3,2,2,1,0,0,0,0,0,0,0,0,0,0,1,2,80,592,121
7470,B2,2,0,1,18,0,0,0,0,0,0,0,0,0,0,1,1,11,150,28
7470,C1,20,3,3,0,0,0,0,0,0,0,0,0,0,0,1,2,9,55,29
7480,A1,1,7,0,2,0,0,0,0,0,0,0,0,0,1,0,2,12,179,78
7480,B0,0,1,1,1,0,0,0,0,0,0,0,0,0,1,0,1,7,91,27
7480,B1,2,1,1,1,0,0,0,0,0,0,0,0,0,1,0,2,81,597,123
7480,B2,1,0,1,18,0,0,0,0,0,0,0,0,0,1,0,1,11,150,28
7480,C1,19,3,2,0,0,0,0,0,0,0,0,0,0,1,0,2,9,55,29
7490,A1,1,7,0,2,0,0,0,0,0,0,0,0,0,1,0,2,12,179,78
7490,B0,0,1,3,2,0,0,0,0,0,0,0,0,0,1,0,1,7,91,27
7490,B1,4,1,1,1,0,0,0,0,0,0,0,0,0,1,0,2,81,597,123
7490,B2,1,0,1,18,0,0,0,0,0,0,0,0,0,1,0,1,11,150,28
7490,C1,19,2,2,0,0,0,0,0,0,0,0,0,0,1,0,2,9,55,29
7500,A1,1,5,0,2,0,0,0,0,0,0,0,0,0,0,1,2,12,179,78
7500,B0,0,1,3,2,0,0,0,0,0,0,0,0,0,0,1,1,7,91,27
7500,B1,2,2,3,1,0,0,0,0,0,0,0,0,0,0,1,1,81,597,123
7500,B2,4,0,1,20,0,0,0,0,0,0,0,0,0,0,1,1,11,150,28
7500,C1,19,1,2,0,0,0,0,0,0,0,0,0,0,0,1,2,9,55,29
7510,A1,3,5,0,1,0,0,0,0,0,0,0,0,0,0,1,2,12,179,78
7510,B0,0,2,3,2,0,0,0,0,0,0,0,0,0,0,1,1,7,91,27
7510,B1,2,2,2,3,0,0,0,0,0,0,0,0,0,0,1,1,81,597,123
7510,B2,5,0,4,20,0,0,0,0,0,0,0,0,0,0,1,1,11,150,28
7510,C1,20,2,1,0,0,0,0,0,0,0,0,0,0,0,1,2,9,55,29
7520,A1,1,5,0,2,0,0,0,0,0,0,0,0,0,0,1,2,12,179,78
7520,B0,0,2,1,2,0,0,0,0,0,0,0,0,0,0,1,1,7,91,27
7520,B1,2,2,1,2,0,0,0,0,0,0,0,0,0,0,1,2,81,597,123
7520,B2,6,0,3,18,0,0,0,0,0,0,0,0,0,0,1,1,11,150,28
7520,C1,20,2,1,0,0,0,0,0,0,0,0,0,0,0,1,2,9,55,29
7530,A1,1,6,0,2,0,0,0,0,0,0,0,0,0,1,0,2,12,179,78
7530,B0,0,2,1,4,0,0,0,0,0,0,0,0,0,1,0,1,7,91,27
7530,B1,2,1,1,1,0,0,0,0,0,0,0,0,0,1,0,2,81,597,123
7530,B2,3,0,1,19,0,0,0,0,0,0,0,0,0,1,0,1,11,150,28
7530,C1,20,4,2,0,0,0,0,0,0,0,0,0,0,1,0,2,9,55,29
7540,A1,1,3,0,2,0,0,0,0,0,0,0,0,0,1,0,2,12,179,78
7540,B0,0,1,4,2,0,0,0,0,0,0,0,0,0,1,0,1,7,91,27
7540,B1,2,2,1,1,0,0,0,0,0,0,0,0,0,1,0,2,81,597,123
7540,B2,1,0,3,19,0,0,0,0,0,0,0,0,0,1,0,1,11,150,28
7540,C1,19,2,3,0,0,0,0,0,0,0,0,0,0,1,0,2,9,55,29
7550,A1,2,3,0,1,0,0,0,0,0,0,0,0,0,0,1,2,12,179,78
7550,B0,0,1,5,1,0,0,0,0,0,0,0,0,0,0,1,1,7,91,27
7550,B1,1,2,2,1,0,0,0,0,0,0,0,0,0,0,1,1,82,606,124
7550,B2,3,0,2,20,0,0,0,0,0,0,0,0,0,0,1,1,11,150,28
7550,C1,19,1,2,0,0,0,0,0,0,0,0,0,0,0,1,2,9,55,29
7560,A1,2,6,0,1,0,0,0,0,0,0,0,0,0,0,1,2,12,179,78
7560,B0,0,1,2,2,0,0,0,0,0,0,0,0,0,0,1,1,7,91,27
7560,B1,1,2,2,1,0,0,0,0,0,0,0,0,0,0,1,1,82,606,124
7560,B2,3,0,2,18,0,0,0,0,0,0,0,0,0,0,1,1,11,150,28
7560,C1,20,2,1,0,0,0,0,0,0,0,0,0,0,0,1,2,9,55,29
7570,A1,1,5,0,1,0,0,0,0,0,0,0,0,0,1,0,2,12,179,78
7570,B0,0,2,1,2,0,0,0,0,0,0,0,0,0,1,0,1,7,91,27
7570,B1,2,4,1,2,0,0,0,0,0,0,0,0,0,1,0,2,82,606,124
7570,B2,2,0,1,18,0,0,0,0,0,0,0,0,0,1,0,1,11,150,28
7570,C1,20,1,1,0,0,0,0,0,0,0,0,0,0,1,0,2,9,55,29
7580,A1,1,5,0,1,0,0,0,0,0,0,0,0,0,1,0,2,12,179,78
7580,B0,0,1,2,2,0,0,0,0,0,0,0,0,0,1,0,1,7,91,27
7580,B1,2,4,1,2,0,0,0,0,0,0,0,0,0,1,0,2,82,606,124
7580,B2,1,0,1,19,0,0,0,0,0,0,0,0,0,1,0,1,11,150,28
7580,C1,18,1,2,0,0,0,0,0,0,0,0,0,0,1,0,2,9,55,29
7590,A1,1,3,0,1,0,0,0,0,0,0,0,0,0,0,1,2,12,179,78
7590,B0,0,1,2,3,0,0,0,0,0,0,0,0,0,0,1,1,7,91,27
7590,B1,3,2,1,3,0,0,0,0,0,0,0,0,0,0,1,2,82,606,124
7590,B2,1,0,2,20,0,0,0,0,0,0,0,0,0,0,1,1,11,150,28
7590,C1,17,2,2,0,0,0,0,0,0,0,0,0,0,0,1,2,9,55,29
7600,A1,2,5,0,1,0,0,0,0,0,0,0,0,0,0,1,2,12,179,78
7600,B0,0,1,2,3,0,0,0,0,0,0,0,0,0,0,1,1,7,91,27
7600,B1,3,2,3,3,0,0,0,0,0,0,0,0,0,0,1,1,82,606,124
7600,B2,2,0,1,18,0,0,0,0,0,0,0,0,0,0,1,1,11,150,28
7600,C1,18,4,2,0,0,0,0,0,0,0,0,0,0,0,1,2,9,55,29
7610,A1,2,8,0,2,0,0,0,0,0,0,0,0,0,0,1,2,12,179,78
7610,B0,0,1,2,2,0,0,0,0,0,0,0,0,0,0,1,1,7,91,27
7610,B1,3,2,2,2,0,0,0,0,0,0,0,0,0,0,1,2,82,606,124
7610,B2,2,0,1,14,0,0,0,0,0,0,0,0,0,0,1,1,11,150,28
7610,C1,20,4,2,0,0,0,0,0,0,0,0,0,0,0,1,2,9,55,29
7620,A1,2,7,0,2,0,0,0,0,0,0,0,0,0,1,0,2,12,179,78
7620,B0,0,2,3,2,0,0,0,0,0,0,0,0,0,1,0,1,7,91,27
7620,B1,1,2,2,1,0,0,0,0,0,0,0,0,0,1,0,1,83,607,127
7620,B2,1,0,3,15,0,0,0,0,0,0,0,0,0,1,0,1,11,150,28
7620,C1,20,1,2,0,0,0,0,0,0,0,0,0,0,1,0,2,9,55,29
7630,A1,1,5,0,2,0,0,0,0,0,0,0,0,0,1,0,2,12,179,78
7630,B0,0,3,6,2,0,0,0,0,0,0,0,0,0,1,0,1,7,91,27
7630,B1,1,1,2,1,0,0,0,0,0,0,0,0,0,1,0,1,83,607,127
7630,B2,1,0,1,18,0,0,0,0,0,0,0,0,0,1,0,1,11,150,28
7630,C1,19,5,3,0,0,0,0,0,0,0,0,0,0,1,0,2,9,55,29
7640,A1,1,2,0,1,0,0,0,0,0,0,0,0,0,0,1,2,12,179,78
7640,B0,0,6,5,1,0,0,0,0,0,0,0,0,0,0,1,1,7,91,27
7640,B1,1,2,1,1,0,0,0,0,0,0,0,0,0,0,1,2,84,614,128
7640,B2,2,0,2,20,0,0,0,0,0,0,0,0,0,0,1,1,11,150,28
7640,C1,18,2,1,0,0,0,0,0,0,0,0,0,0,0,1,2,9,55,29
7650,A1,2,3,0,1,0,0,0,0,0,0,0,0,0,0,1,2,12,179,78
7650,B0,0,6,1,1,0,0,0,0,0,0,0,0,0,0,1,2,7,91,27
7650,B1,1,2,2,2,0,0,0,0,0,0,0,0,0,0,1,1,84,614,128
7650,B2,2,0,1,16,0,0,0,0,0,0,0,0,0,0,1,1,11,150,28
7650,C1,18,2,2,0,0,0,0,0,0,0,0,0,0,0,1,2,9,55,29
7660,A1,2,5,0,2,0,0,0,0,0,0,0,0,0,1,0,2,12,179,78
7660,B0,0,6,1,3,0,0,0,0,0,0,0,0,0,1,0,2,7,91,27
7660,B1,2,2,2,1,0,0,0,0,0,0,0,0,0,1,0,2,84,614,128
7660,B2,2,0,2,13,0,0,0,0,0,0,0,0,0,1,0,1,11,150,28
7660,C1,20,2,5,0,0,0,0,0,0,0,0,0,0,1,0,2,9,55,29
7670,A1,1,5,0,2,0,0,0,0,0,0,0,0,0,1,0,2,12,179,78
7670,B0,0,2,1,3,0,0,0,0,0,0,0,0,0,1,0,1,7,91,27
7670,B1,3,1,2,1,0,0,0,0,0,0,0,0,0,1,0,2,84,614,128
7670,B2,1,0,4,16,0,0,0,0,0,0,0,0,0,1,0,1,11,150,28
7670,C1,20,2,5,0,0,0,0,0,0,0,0,0,0,1,0,2,9,55,29
7680,A1,1,1,0,2,0,0,0,0,0,0,0,0,0,1,0,1,12,179,78
7680,B0,0,1,3,5,0,0,0,0,0,0,0,0,0,1,0,1,7,91,27
7680,B1,2,3,2,1,0,0,0,0,0,0,0,0,0,1,0,2,84,614,128
7680,B2,1,0,2,19,0,0,0,0,0,0,0,0,0,1,0,1,11,150,28
7680,C1,19,1,6,0,0,0,0,0,0,0,0,0,0,1,0,2,9,55,29
7690,A1,1,3,0,1,0,0,0,0,0,0,0,0,0,0,1,2,13,187,80
7690,B0,0,4,5,3,0,0,0,0,0,0,0,0,0,0,1,1,7,91,27
7690,B1,2,3,2,1,0,0,0,0,0,0,0,0,0,0,1,2,84,614,128
7690,B2,2,0,1,20,0,0,0,0,0,0,0,0,0,0,1,1,11,150,28
7690,C1,20,2,4,0,0,0,0,0,0,0,0,0,0,0,1,2,9,55,29
7700,A1,4,3,0,1,0,0,0,0,0,0,0,0,0,0,1,2,13,187,80
7700,B0,0,5,4,1,0,0,0,0,0,0,0,0,0,0,1,1,7,91,27
7700,B1,2,3,1,2,0,0,0,0,0,0,0,0,0,0,1,2,84,614,128
7700,B2,2,0,1,18,0,0,0,0,0,0,0,0,0,0,1,1,11,150,28
7700,C1,20,1,1,0,0,0,0,0,0,0,0,0,0,0,1,2,9,55,29
7710,A1,3,2,0,4,0,0,0,0,0,0,0,0,0,1,0,2,13,187,80
7710,B0,0,3,3,1,0,0,0,0,0,0,0,0,0,1,0,1,7,91,27
7710,B1,1,3,1,1,0,0,0,0,0,0,0,0,0,1,0,2,84,614,128
7710,B2,1,0,1,18,0,0,0,0,0,0,0,0,0,1,0,1,11,150,28
7710,C1,19,1,2,0,0,0,0,0,0,0,0,0,0,1,0,2,9,55,29
7720,A1,1,1,0,4,0,0,0,0,0,0,0,0,0,1,0,1,13,187,80
7720,B0,0,1,4,1,0,0,0,0,0,0,0,0,0,1,0,1,7,91,27
7720,B1,1,4,1,1,0,0,0,0,0,0,0,0,0,1,0,2,84,614,128
7720,B2,1,0,1,18,0,0,0,0,0,0,0,0,0,1,0,1,11,150,28
7720,C1,16,2,4,0,0,0,0,0,0,0,0,0,0,1,0,2,9,55,29
7730,A1,1,1,0,3,0,0,0,0,0,0,0,0,0,0,1,1,13,187,80
7730,B0,0,2,8,2,0,0,0,0,0,0,0,0,0,0,1,1,7,91,27
7730,B1,1,3,1,1,0,0,0,0,0,0,0,0,0,0,1,2,84,614,128
7730,B2,3,0,2,19,0,0,0,0,0,0,0,0,0,0,1,1,11,150,28
7730,C1,15,1,4,0,0,0,0,0,0,0,0,0,0,0,1,2,9,55,29
7740,A1,3,2,0,1,0,0,0,0,0,0,0,0,0,0,1,2,13,187,80
7740,B0,0,4,7,2,0,0,0,0,0,0,0,0,0,0,1,1,7,91,27
7740,B1,1,3,2,1,0,0,0,0,0,0,0,0,0,0,1,2,84,614,128
7740,B2,4,0,1,19,0,0,0,0,0,0,0,0,0,0,1,1,11,150,28
7740,C1,17,2,1,0,0,0,0,0,0,0,0,0,0,0,1,2,9,55,29
7750,A1,5,2,0,1,0,0,0,0,0,0,0,0,0,0,1,2,13,187,80
7750,B0,0,4,5,1,0,0,0,0,0,0,0,0,0,0,1,1,7,91,27
7750,B1,1,3,1,3,0,0,0,0,0,0,0,0,0,0,1,1,84,614,128
7750,B2,4,0,1,16,0,0,0,0,0,0,0,0,0,0,1,1,11,150,28
7750,C1,20,2,2,0,0,0,0,0,0,0,0,0,0,0,1,2,9,55,29
7760,A1,3,1,0,1,0,0,0,0,0,0,0,0,0,1,0,2,13,187,80
7760,B0,0,1,6,1,0,0,0,0,0,0,0,0,0,1,0,1,7,91,27
7760,B1,1,2,1,1,0,0,0,0,0,0,0,0,0,1,0,2,85,618,129
7760,B2,2,0,2,18,0,0,0,0,0,0,0,0,0,1,0,1,11,150,28
7760,C1,20,1,2,0,0,0,0,0,0,0,0,0,0,1,0,2,9,55,29
7770,A1,6,2,0,2,0,0,0,0,0,0,0,0,0,1,0,2,13,187,80
7770,B0,0,1,9,2,0,0,0,0,0,0,0,0,0,1,0,1,7,91,27
7770,B1,1,3,1,1,0,0,0,0,0,0,0,0,0,1,0,2,85,618,129
7770,B2,1,0,1,19,0,0,0,0,0,0,0,0,0,1,0,1,11,150,28
7770,C1,16,1,3,0,0,0,0,0,0,0,0,0,0,1,0,2,9,55,29
7780,A1,1,1,0,1,0,0,0,0,0,0,0,0,0,0,1,2,13,187,80
7780,B0,0,1,10,4,0,0,0,0,0,0,0,0,0,0,1,1,7,91,27
7780,B1,1,2,1,1,0,0,0,0,0,0,0,0,0,0,1,2,85,618,129
7780,B2,1,0,3,20,0,0,0,0,0,0,0,0,0,0,1,1,11,150,28
7780,C1,17,1,3,0,0,0,0,0,0,0,0,0,0,0,1,2,9,55,29
7790,A1,3,3,0,1,0,0,0,0,0,0,0,0,0,0,1,2,13,187,80
7790,B0,0,1,6,1,0,0,0,0,0,0,0,0,0,0,1,1,7,91,27
7790,B1,1,2,1,1,0,0,0,0,0,0,0,0,0,0,1,2,85,618,129
7790,B2,2,0,1,20,0,0,0,0,0,0,0,0,0,0,1,1,11,150,28
7790,C1,19,1,1,0,0,0,0,0,0,0,0,0,0,0,1,2,9,55,29
7800,A1,3,4,0,1,0,0,0,0,0,0,0,0,0,1,0,2,13,187,80
7800,B0,0,1,7,2,0,0,0,0,0,0,0,0,0,1,0,1,7,91,27
7800,B1,2,2,2,1,0,0,0,0,0,0,0,0,0,1,0,2,85,618,129
7800,B2,2,0,1,20,0,0,0,0,0,0,0,0,0,1,0,1,11,150,28
7800,C1,19,2,1,0,0,0,0,0,0,0,0,0,0,1,0,2,10,57,30
7810,A1,3,3,0,4,0,0,0,0,0,0,0,0,0,1,0,2,13,187,80
7810,B0,0,1,7,3,0,0,0,0,0,0,0,0,0,1,0,1,7,91,27
7810,B1,4,1,2,1,0,0,0,0,0,0,0,0,0,1,0,2,85,618,129
7810,B2,1,0,2,20,0,0,0,0,0,0,0,0,0,1,0,1,11,150,28
7810,C1,18,3,1,0,0,0,0,0,0,0,0,0,0,1,0,2,10,57,30
7820,A1,2,1,0,5,0,0,0,0,0,0,0,0,0,0,1,1,13,187,80
7820,B0,0,2,6,3,0,0,0,0,0,0,0,0,0,0,1,1,7,91,27
7820,B1,3,1,2,2,0,0,0,0,0,0,0,0,0,0,1,1,85,618,129
7820,B2,1,0,3,20,0,0,0,0,0,0,0,0,0,0,1,1,11,150,28
7820,C1,15,2,2,0,0,0,0,0,0,0,0,0,0,0,1,2,10,57,30
7830,A1,3,2,0,2,0,0,0,0,0,0,0,0,0,0,1,2,13,187,80
7830,B0,0,4,7,2,0,0,0,0,0,0,0,0,0,0,1,1,7,91,27
7830,B1,4,1,2,2,0,0,0,0,0,0,0,0,0,0,1,2,85,618,129
7830,B2,1,0,2,19,0,0,0,0,0,0,0,0,0,0,1,1,11,150,28
7830,C1,17,2,2,0,0,0,0,0,0,0,0,0,0,0,1,2,10,57,30
7840,A1,4,4,0,1,0,0,0,0,0,0,0,0,0,0,1,2,13,187,80
7840,B0,0,4,4,1,0,0,0,0,0,0,0,0,0,0,1,1,7,91,27
7840,B1,4,1,3,4,0,0,0,0,0,0,0,0,0,0,1,1,85,618,129
7840,B2,1,0,1,18,0,0,0,0,0,0,0,0,0,0,1,1,11,150,28
7840,C1,20,2,1,0,0,0,0,0,0,0,0,0,0,0,1,2,10,57,30
7850,A1,1,3,0,1,0,0,0,0,0,0,0,0,0,1,0,2,14,188,82
7850,B0,0,1,6,1,0,0,0,0,0,0,0,0,0,1,0,1,8,92,28
7850,B1,2,4,3,3,0,0,0,0,0,0,0,0,0,1,0,1,85,618,129
7850,B2,1,0,2,19,0,0,0,0,0,0,0,0,0,1,0,1,11,150,28
7850,C1,20,4,2,0,0,0,0,0,0,0,0,0,0,1,0,2,10,57,30
7860,A1,1,1,0,2,0,0,0,0,0,0,0,0,0,1,0,1,14,188,82
7860,B0,0,1,8,1,0,0,0,0,0,0,0,0,0,1,0,1,8,92,28
7860,B1,1,3,3,3,0,0,0,0,0,0,0,0,0,1,0,1,85,618,129
7860,B2,1,0,3,20,0,0,0,0,0,0,0,0,0,1,0,1,11,150,28
7860,C1,18,1,3,0,0,0,0,0,0,0,0,0,0,1,0,2,10,57,30
7870,A1,1,2,0,1,0,0,0,0,0,0,0,0,0,0,1,2,14,188,82
7870,B0,0,1,10,1,0,0,0,0,0,0,0,0,0,0,1,1,8,92,28
7870,B1,1,3,3,4,0,0,0,0,0,0,0,0,0,0,1,1,85,618,129
7870,B2,2,0,3,20,0,0,0,0,0,0,0,0,0,0,1,1,11,150,28
7870,C1,18,1,2,0,0,0,0,0,0,0,0,0,0,0,1,2,10,57,30
7880,A1,1,2,0,2,0,0,0,0,0,0,0,0,0,0,1,2,14,188,82
7880,B0,0,2,5,1,0,0,0,0,0,0,0,0,0,0,1,1,8,92,28
7880,B1,1,1,2,5,0,0,0,0,0,0,0,0,0,0,1,1,85,618,129
7880,B2,2,0,1,20,0,0,0,0,0,0,0,0,0,0,1,1,11,150,28
7880,C1,19,3,1,0,0,0,0,0,0,0,0,0,0,0,1,2,10,57,30
7890,A1,2,5,0,2,0,0,0,0,0,0,0,0,0,1,0,2,14,188,82
7890,B0,0,1,3,1,0,0,0,0,0,0,0,0,0,1,0,1,8,92,28
7890,B1,1,1,1,5,0,0,0,0,0,0,0,0,0,1,0,1,85,618,129
7890,B2,3,0,1,20,0,0,0,0,0,0,0,0,0,1,0,1,11,150,28
7890,C1,20,2,1,0,0,0,0,0,0,0,0,0,0,1,0,2,10,57,30
7900,A1,1,1,0,3,0,0,0,0,0,0,0,0,0,1,0,1,14,188,82
7900,B0,0,1,3,1,0,0,0,0,0,0,0,0,0,1,0,1,8,92,28
7900,B1,3,2,1,4,0,0,0,0,0,0,0,0,0,1,0,1,85,618,129
7900,B2,2,0,1,20,0,0,0,0,0,0,0,0,0,1,0,1,11,150,28
7900,C1,19,1,2,0,0,0,0,0,0,0,0,0,0,1,0,2,10,57,30
7910,A1,1,1,0,3,0,0,0,0,0,0,0,0,0,1,0,1,14,188,82
7910,B0,0,1,5,2,0,0,0,0,0,0,0,0,0,1,0,1,8,92,28
7910,B1,1,2,1,4,0,0,0,0,0,0,0,0,0,1,0,1,85,618,129
7910,B2,2,0,2,20,0,0,0,0,0,0,0,0,0,1,0,1,11,150,28
7910,C1,15,2,3,0,0,0,0,0,0,0,0,0,0,1,0,2,10,57,30
7920,A1,1,1,0,1,0,0,0,0,0,0,0,0,0,0,1,2,14,188,82
7920,B0,0,2,5,2,0,0,0,0,0,0,0,0,0,0,1,1,8,92,28
7920,B1,1,1,2,4,0,0,0,0,0,0,0,0,0,0,1,1,85,618,129
7920,B2,3,0,1,18,0,0,0,0,0,0,0,0,0,0,1,1,12,152,29
7920,C1,16,3,1,0,0,0,0,0,0,0,0,0,0,0,1,2,10,57,30
7930,A1,1,4,0,1,0,0,0,0,0,0,0,0,0,0,1,2,14,188,82
7930,B0,0,3,4,1,0,0,0,0,0,0,0,0,0,0,1,1,8,92,28
7930,B1,1,1,1,5,0,0,0,0,0,0,0,0,0,0,1,1,85,618,129
7930,B2,3,0,2,16,0,0,0,0,0,0,0,0,0,0,1,1,12,152,29
7930,C1,19,6,1,0,0,0,0,0,0,0,0,0,0,0,1,2,10,57,30
7940,A1,1,3,0,2,0,0,0,0,0,0,0,0,0,1,0,2,14,188,82
7940,B0,0,1,3,3,0,0,0,0,0,0,0,0,0,1,0,1,8,92,28
7940,B1,3,2,1,3,0,0,0,0,0,0,0,0,0,1,0,2,85,618,129
7940,B2,1,0,3,16,0,0,0,0,0,0,0,0,0,1,0,1,12,152,29
7940,C1,20,4,2,0,0,0,0,0,0,0,0,0,0,1,0,2,10,57,30
7950,A1,1,1,0,2,0,0,0,0,0,0,0,0,0,1,0,1,14,188,82
7950,B0,0,1,5,3,0,0,0,0,0,0,0,0,0,1,0,1,8,92,28
7950,B1,2,2,1,3,0,0,0,0,0,0,0,0,0,1,0,1,85,618,129
7950,B2,1,0,2,19,0,0,0,0,0,0,0,0,0,1,0,1,12,152,29
7950,C1,20,2,3,0,0,0,0,0,0,0,0,0,0,1,0,2,10,57,30
7960,A1,1,2,0,1,0,0,0,0,0,0,0,0,0,0,1,2,14,188,82
7960,B0,0,1,8,2,0,0,0,0,0,0,0,0,0,0,1,1,8,92,28
7960,B1,1,2,2,3,0,0,0,0,0,0,0,0,0,0,1,1,85,618,129
7960,B2,2,0,2,20,0,0,0,0,0,0,0,0,0,0,1,1,12,152,29
7960,C1,18,2,3,0,0,0,0,0,0,0,0,0,0,0,1,2,10,57,30
7970,A1,1,2,0,1,0,0,0,0,0,0,0,0,0,0,1,2,14,188,82
7970,B0,0,2,7,1,0,0,0,0,0,0,0,0,0,0,1,1,8,92,28
7970,B1,2,2,5,3,0,0,0,0,0,0,0,0,0,0,1,1,85,618,129
7970,B2,2,0,1,18,0,0,0,0,0,0,0,0,0,0,1,1,12,152,29
7970,C1,19,2,1,0,0,0,0,0,0,0,0,0,0,0,1,2,10,57,30
7980,A1,1,4,0,1,0,0,0,0,0,0,0,0,0,0,1,2,14,188,82
7980,B0,0,2,5,3,0,0,0,0,0,0,0,0,0,0,1,1,8,92,28
7980,B1,3,3,2,2,0,0,0,0,0,0,0,0,0,0,1,2,85,618,129
7980,B2,3,0,1,15,0,0,0,0,0,0,0,0,0,0,1,1,12,152,29
7980,C1,20,2,2,0,0,0,0,0,0,0,0,0,0,0,1,2,10,57,30
7990,A1,2,5,0,1,0,0,0,0,0,0,0,0,0,1,0,2,14,188,82
7990,B0,0,1,7,1,0,0,0,0,0,0,0,0,0,1,0,1,8,92,28
7990,B1,1,2,2,2,0,0,0,0,0,0,0,0,0,1,0,1,85,618,129
7990,B2,1,0,1,16,0,0,0,0,0,0,0,0,0,1,0,1,12,152,29
7990,C1,19,1,2,0,0,0,0,0,0,0,0,0,0,1,0,2,10,57,30
8000,A1,1,5,0,2,0,0,0,0,0,0,0,0,0,1,0,2,14,188,82
8000,B0,0,1,6,2,0,0,0,0,0,0,0,0,0,1,0,1,8,92,28
8000,B1,1,2,2,2,0,0,0,0,0,0,0,0,0,1,0,1,85,618,129
8000,B2,1,0,1,19,0,0,0,0,0,0,0,0,0,1,0,1,12,152,29
8000,C1,18,1,2,0,0,0,0,0,0,0,0,0,0,1,0,2,10,57,30
8010,A1,2,5,0,1,0,0,0,0,0,0,0,0,0,0,1,2,14,188,82
8010,B0,0,2,6,5,0,0,0,0,0,0,0,0,0,0,1,1,8,92,28
8010,B1,1,2,2,2,0,0,0,0,0,0,0,0,0,0,1,1,85,618,129
8010,B2,3,0,1,20,0,0,0,0,0,0,0,0,0,0,1,1,12,152,29
8010,C1,18,1,1,0,0,0,0,0,0,0,0,0,0,0,1,2,10,57,30
8020,A1,3,7,0,1,0,0,0,0,0,0,0,0,0,0,1,2,14,188,82
8020,B0,0,2,7,3,0,0,0,0,0,0,0,0,0,0,1,1,8,92,28
8020,B1,1,2,2,2,0,0,0,0,0,0,0,0,0,0,1,1,85,618,129
8020,B2,3,0,2,16,0,0,0,0,0,0,0,0,0,0,1,1,12,152,29
8020,C1,19,3,2,0,0,0,0,0,0,0,0,0,0,0,1,2,10,57,30
8030,A1,4,6,0,1,0,0,0,0,0,0,0,0,0,1,0,2,14,188,82
8030,B0,0,1,6,2,0,0,0,0,0,0,0,0,0,1,0,1,8,92,28
8030,B1,1,1,1,2,0,0,0,0,0,0,0,0,0,1,0,1,85,618,129
8030,B2,2,0,2,15,0,0,0,0,0,0,0,0,0,1,0,1,12,152,29
8030,C1,20,2,3,0,0,0,0,0,0,0,0,0,0,1,0,2,10,57,30
8040,A1,1,6,0,1,0,0,0,0,0,0,0,0,0,1,0,2,14,188,82
8040,B0,0,1,6,4,0,0,0,0,0,0,0,0,0,1,0,1,8,92,28
8040,B1,1,2,1,2,0,0,0,0,0,0,0,0,0,1,0,1,85,618,129
8040,B2,1,0,4,16,0,0,0,0,0,0,0,0,0,1,0,1,12,152,29
8040,C1,18,1,4,0,0,0,0,0,0,0,0,0,0,1,0,2,10,57,30
8050,A1,1,3,0,2,0,0,0,0,0,0,0,0,0,0,1,2,14,188,82
8050,B0,0,1,10,5,0,0,0,0,0,0,0,0,0,0,1,1,8,92,28
8050,B1,4,3,1,2,0,0,0,0,0,0,0,0,0,0,1,2,85,618,129
8050,B2,1,0,2,20,0,0,0,0,0,0,0,0,0,0,1,1,12,152,29
8050,C1,17,1,5,0,0,0,0,0,0,0,0,0,0,0,1,2,10,57,30
8060,A1,1,5,0,1,0,0,0,0,0,0,0,0,0,0,1,2,14,188,82
8060,B0,0,1,9,3,0,0,0,0,0,0,0,0,0,0,1,1,8,92,28
8060,B1,4,3,1,3,0,0,0,0,0,0,0,0,0,0,1,2,85,618,129
8060,B2,1,0,2,19,0,0,0,0,0,0,0,0,0,0,1,1,12,152,29
8060,C1,18,2,1,0,0,0,0,0,0,0,0,0,0,0,1,2,10,57,30
8070,A1,2,6,0,1,0,0,0,0,0,0,0,0,0,0,1,2,14,188,82
8070,B0,0,3,8,3,0,0,0,0,0,0,0,0,0,0,1,1,8,92,28
8070,B1,5,3,1,1,0,0,0,0,0,0,0,0,0,0,1,2,85,618,129
8070,B2,3,0,2,19,0,0,0,0,0,0,0,0,0,0,1,1,12,152,29
8070,C1,20,1,1,0,0,0,0,0,0,0,0,0,0,0,1,2,10,57,30
8080,A1,3,8,0,2,0,0,0,0,0,0,0,0,0,1,0,2,14,188,82
8080,B0,0,1,9,3,0,0,0,0,0,0,0,0,0,1,0,1,8,92,28
8080,B1,1,3,1,1,0,0,0,0,0,0,0,0,0,1,0,2,86,623,133
8080,B2,1,0,1,20,0,0,0,0,0,0,0,0,0,1,0,1,12,152,29
8080,C1,20,1,2,0,0,0,0,0,0,0,0,0,0,1,0,2,10,57,30
8090,A1,2,6,0,2,0,0,0,0,0,0,0,0,0,1,0,2,14,188,82
8090,B0,0,2,12,3,0,0,0,0,0,0,0,0,0,1,0,1,8,92,28
8090,B1,3,2,1,1,0,0,0,0,0,0,0,0,0,1,0,2,86,623,133
8090,B2,1,0,3,20,0,0,0,0,0,0,0,0,0,1,0,1,12,152,29
8090,C1,17,2,1,0,0,0,0,0,0,0,0,0,0,1,0,2,10,57,30
8100,A1,4,5,0,2,0,0,0,0,0,0,0,0,0,0,1,2,14,188,82
8100,B0,0,2,11,3,0,0,0,0,0,0,0,0,0,0,1,1,8,92,28
8100,B1,3,2,1,1,0,0,0,0,0,0,0,0,0,0,1,2,86,623,133
8100,B2,1,0,2,18,0,0,0,0,0,0,0,0,0,0,1,1,12,152,29
8100,C1,17,1,3,0,0,0,0,0,0,0,0,0,0,0,1,2,10,57,30
8110,A1,5,6,0,1,0,0,0,0,0,0,0,0,0,0,1,2,14,188,82
8110,B0,0,2,9,2,0,0,0,0,0,0,0,0,0,0,1,1,8,92,28
8110,B1,1,2,1,1,0,0,0,0,0,0,0,0,0,0,1,2,86,623,133
8110,B2,1,0,2,17,0,0,0,0,0,0,0,0,0,0,1,1,12,152,29
8110,C1,18,1,3,0,0,0,0,0,0,0,0,0,0,0,1,2,10,57,30
8120,A1,5,8,0,1,0,0,0,0,0,0,0,0,0,1,0,2,14,188,82
8120,B0,0,2,7,3,0,0,0,0,0,0,0,0,0,1,0,1,8,92,28
8120,B1,1,2,2,2,0,0,2,0,0,0,0,0,0,1,0,2,87,626,133
8120,B2,1,0,1,15,0,0,0,0,0,1,0,0,0,1,0,1,12,152,29
8120,C1,20,1,3,0,0,0,0,0,0,0,0,0,0,1,0,2,10,57,30
8130,A1,4,8,0,2,0,0,0,0,0,0,0,0,0,1,0,2,14,188,82
8130,B0,0,1,8,4,0,0,0,0,0,0,0,0,0,1,0,1,8,92,28
8130,B1,2,2,1,2,0,0,0,0,0,0,0,0,0,1,0,2,87,628,135
8130,B2,2,0,2,17,0,0,0,0,0,0,0,0,0,1,0,1,12,152,29
8130,C1,18,5,4,0,0,0,0,0,0,0,0,0,0,1,0,2,10,57,30
8140,A1,2,7,0,1,0,0,0,0,0,0,0,0,0,1,0,2,14,188,82
8140,B0,0,1,8,5,0,0,0,0,0,0,0,0,0,1,0,1,8,92,28
8140,B1,1,1,1,2,0,0,0,0,0,0,0,0,0,1,0,1,87,628,135
8140,B2,2,0,3,19,0,0,0,0,0,0,0,0,0,1,0,1,12,152,29
8140,C1,15,1,4,0,0,0,0,0,0,0,0,0,0,1,0,2,10,57,30
8150,A1,3,8,0,1,0,0,0,0,0,0,0,0,0,0,1,2,14,188,82
8150,B0,0,1,9,2,0,0,0,0,0,0,0,0,0,0,1,1,8,92,28
8150,B1,1,1,3,3,0,0,0,0,0,0,0,0,0,0,1,1,87,628,135
8150,B2,2,0,1,18,0,0,0,0,0,0,0,0,0,0,1,1,12,152,29
8150,C1,16,1,2,0,0,0,0,0,0,0,0,0,0,0,1,2,10,57,30
8160,A1,2,11,0,1,0,0,0,0,0,0,0,0,0,0,1,2,14,188,82
8160,B0,0,1,9,1,0,0,0,0,0,0,0,0,0,0,1,1,8,92,28
8160,B1,1,1,2,4,0,0,0,0,0,0,0,0,0,0,1,1,87,628,135
8160,B2,4,0,1,16,0,0,0,0,0,0,0,0,0,0,1,1,12,152,29
8160,C1,19,4,1,0,0,0,0,0,0,0,0,0,0,0,1,2,10,57,30
8170,A1,4,9,0,1,0,0,0,0,0,0,0,0,0,1,0,2,14,188,82
8170,B0,0,1,9,1,0,0,0,0,0,0,0,0,0,1,0,1,8,92,28
8170,B1,2,1,1,3,0,0,0,0,0,0,0,0,0,1,0,1,87,628,135
8170,B2,2,0,1,17,0,0,0,0,0,0,0,0,0,1,0,1,12,152,29
8170,C1,20,3,2,0,0,0,0,0,0,0,0,0,0,1,0,2,10,57,30
8180,A1,1,6,0,2,0,0,0,0,0,0,0,0,0,1,0,2,14,188,82
8180,B0,0,1,10,4,0,0,0,0,0,0,0,0,0,1,0,1,8,92,28
8180,B1,1,2,1,3,0,0,0,0,0,0,0,0,0,1,0,1,87,628,135
8180,B2,1,0,1,18,0,0,0,0,0,0,0,0,0,1,0,1,12,152,29
8180,C1,20,1,2,0,0,0,0,0,0,0,0,0,0,1,0,2,10,57,30
8190,A1,1,4,0,3,0,0,0,0,0,0,0,0,0,0,1,2,14,188,82
8190,B0,0,2,12,1,0,0,0,0,0,0,0,0,0,0,1,1,8,92,28
8190,B1,2,2,1,2,0,0,0,0,0,0,0,0,0,0,1,2,87,628,135
8190,B2,1,0,3,20,0,0,0,0,0,0,0,0,0,0,1,1,12,152,29
8190,C1,20,3,3,0,0,0,0,0,0,0,0,0,0,0,1,2,10,57,30
8200,A1,3,7,0,1,0,0,0,0,0,0,0,0,0,0,1,2,14,188,82
8200,B0,0,2,10,3,0,0,0,0,0,0,0,0,0,0,1,1,8,92,28
8200,B1,1,2,2,2,0,0,0,0,0,0,0,0,0,0,1,1,87,628,135
8200,B2,1,0,2,20,0,0,0,0,0,0,0,0,0,0,1,1,12,152,29
8200,C1,20,2,1,0,0,0,0,0,0,0,0,0,0,0,1,2,10,57,30
8210,A1,5,7,0,1,0,0,0,0,0,0,0,0,0,0,1,2,14,188,82
8210,B0,0,4,9,1,0,0,0,0,0,0,0,0,0,0,1,1,8,92,28
8210,B1,1,2,3,1,0,0,0,0,0,0,0,0,0,0,1,1,87,628,135
8210,B2,1,0,1,19,0,0,0,0,0,0,0,0,0,0,1,1,12,152,29
8210,C1,20,4,1,0,0,0,0,0,0,0,0,0,0,0,1,2,10,57,30
8220,A1,2,10,0,2,0,0,0,0,0,0,0,0,0,1,0,2,14,188,82
8220,B0,0,2,10,2,0,0,0,0,0,0,0,0,0,1,0,1,8,92,28
8220,B1,2,1,3,1,0,0,0,0,0,0,0,0,0,1,0,1,87,628,135
8220,B2,1,0,1,20,0,0,0,0,0,0,0,0,0,1,0,1,12,152,29
8220,C1,20,1,1,0,0,0,0,0,0,0,0,0,0,1,0,2,10,57,30
8230,A1,1,7,0,2,0,0,0,0,0,0,0,0,0,1,0,2,14,188,82
8230,B0,0,1,13,2,0,0,0,0,0,0,0,0,0,1,0,1,8,92,28
8230,B1,1,2,3,1,0,0,0,0,0,0,0,0,0,1,0,1,87,628,135
8230,B2,1,0,2,20,0,0,0,0,0,0,0,0,0,1,0,1,12,152,29
8230,C1,18,1,2,0,0,0,0,0,0,0,0,0,0,1,0,2,10,57,30
8240,A1,2,6,0,1,0,0,0,0,0,0,0,0,0,0,1,2,14,188,82
8240,B0,0,1,14,3,0,0,0,0,0,0,0,0,0,0,1,1,8,92,28
8240,B1,1,3,3,2,0,0,0,0,0,0,0,0,0,0,1,1,87,628,135
8240,B2,2,0,4,20,0,0,0,0,0,0,0,0,0,0,1,1,12,152,29
8240,C1,19,1,1,0,0,0,0,0,0,0,0,0,0,0,1,2,10,57,30
8250,A1,1,6,0,1,0,0,0,0,0,0,0,0,0,0,1,2,14,188,82
8250,B0,0,3,14,2,0,0,0,0,0,0,0,0,0,0,1,1,8,92,28
8250,B1,1,3,3,4,0,0,0,0,0,0,0,0,0,0,1,1,87,628,135
8250,B2,1,0,4,16,0,0,0,0,0,0,0,0,0,0,1,1,12,152,29
8250,C1,19,2,1,0,0,0,0,0,0,0,0,0,0,0,1,2,10,57,30
8260,A1,1,10,0,1,0,0,0,0,0,0,0,0,0,1,0,2,14,188,82
8260,B0,0,3,13,1,0,0,0,0,0,0,1,0,0,1,0,1,8,92,28
8260,B1,1,3,1,3,0,1,0,0,0,0,0,0,0,1,0,2,88,636,135
8260,B2,3,0,1,15,0,0,0,0,0,0,0,0,0,1,0,1,12,152,29
8260,C1,20,3,2,0,0,0,0,0,0,0,0,0,0,1,0,2,10,57,30
8270,A1,3,6,0,1,0,0,0,0,0,0,0,0,0,1,0,2,14,188,82
8270,B0,0,1,16,1,0,0,0,0,0,0,0,0,0,1,0,1,8,92,28
8270,B1,1,5,1,2,0,0,0,0,0,0,0,0,0,1,0,2,88,652,136
8270,B2,2,0,3,17,0,0,0,0,0,0,0,0,0,1,0,1,12,152,29
8270,C1,20,1,1,0,0,0,0,0,0,0,0,0,0,1,0,2,10,57,30
8280,A1,1,4,0,1,0,0,0,0,0,0,0,0,0,0,1,2,14,188,82
8280,B0,0,2,15,2,0,0,0,0,0,0,0,0,0,0,1,1,8,92,28
8280,B1,1,5,1,2,0,0,0,0,0,0,0,0,0,0,1,2,88,652,136
8280,B2,2,0,4,20,0,0,0,0,0,0,0,0,0,0,1,1,12,152,29
8280,C1,20,1,3,0,0,0,0,0,0,0,0,0,0,0,1,2,10,57,30
8290,A1,1,5,0,1,0,0,0,0,0,0,0,0,0,0,1,2,14,188,82
8290,B0,0,5,16,2,0,0,0,0,0,0,0,0,0,0,1,1,8,92,28
8290,B1,1,4,3,3,0,0,0,0,0,0,0,0,0,0,1,1,88,652,136
8290,B2,2,0,2,20,0,0,0,0,0,0,0,0,0,0,1,1,12,152,29
8290,C1,20,2,1,0,0,0,0,0,0,0,0,0,0,0,1,2,10,57,30
8300,A1,3,8,0,1,0,0,0,0,0,0,0,0,0,0,1,2,14,188,82
8300,B0,0,6,14,1,0,0,0,0,0,0,0,0,0,0,1,1,8,92,28
8300,B1,1,4,2,4,0,0,0,0,0,0,0,0,0,0,1,1,88,652,136
8300,B2,2,0,1,18,0,0,0,0,0,0,0,0,0,0,1,1,12,152,29
8300,C1,20,2,1,0,0,0,0,0,0,0,0,0,0,0,1,2,10,57,30
8310,A1,2,10,0,1,0,0,0,0,0,0,0,0,0,1,0,2,14,188,82
8310,B0,0,3,15,1,0,0,0,0,0,0,0,0,0,1,0,1,8,92,28
8310,B1,1,4,3,3,0,0,0,0,0,0,0,0,0,1,0,1,88,652,136
8310,B2,1,0,1,19,0,0,0,0,0,0,0,0,0,1,0,1,12,152,29
8310,C1,19,2,2,0,0,0,0,0,0,0,0,0,0,1,0,2,10,57,30
8320,A1,2,9,0,1,0,0,0,0,0,0,0,0,0,1,0,2,14,188,82
8320,B0,0,1,15,1,0,0,0,0,0,0,0,0,0,1,0,1,8,92,28
8320,B1,1,4,3,3,0,0,0,0,0,0,0,0,0,1,0,1,88,652,136
8320,B2,1,0,2,19,0,0,0,0,0,0,0,0,0,1,0,1,12,152,29
8320,C1,15,1,4,0,0,0,0,0,0,0,0,0,0,1,0,2,10,57,30
8330,A1,3,8,0,1,0,0,0,0,0,0,0,0,0,0,1,2,14,188,82
8330,B0,0,1,16,3,0,0,0,0,0,0,0,0,0,0,1,1,8,92,28
8330,B1,1,3,3,1,0,0,0,0,0,0,0,0,0,0,1,1,88,652,136
8330,B2,1,0,2,20,0,0,0,0,0,0,0,0,0,0,1,1,12,152,29
8330,C1,15,1,3,0,0,0,0,0,0,0,0,0,0,0,1,2,10,57,30
8340,A1,3,9,0,1,0,0,0,0,0,0,0,0,0,0,1,2,14,188,82
8340,B0,0,5,15,2,0,0,0,0,0,0,0,0,0,0,1,1,8,92,28
8340,B1,1,3,2,2,0,0,0,0,0,0,0,0,0,0,1,1,88,652,136
8340,B2,1,0,2,18,0,0,0,0,0,0,0,0,0,0,1,1,12,152,29
8340,C1,17,1,1,0,0,0,0,0,0,0,0,0,0,0,1,2,10,57,30
8350,A1,3,10,0,2,0,0,0,0,0,0,0,0,0,1,0,2,14,188,82
8350,B0,0,6,14,1,0,0,0,0,0,0,1,0,0,1,0,1,8,92,28
8350,B1,2,2,2,1,0,1,0,0,0,0,0,0,0,1,0,2,89,656,136
8350,B2,2,0,2,16,0,0,0,0,0,0,0,0,0,1,0,1,12,152,29
8350,C1,20,3,1,0,0,0,0,0,0,0,0,0,0,1,0,2,10,57,30
8360,A1,4,9,0,4,0,0,0,0,0,0,0,0,0,1,0,2,14,188,82
8360,B0,0,4,15,1,0,0,0,0,0,0,0,0,0,1,0,1,8,92,28
8360,B1,3,1,2,2,0,0,0,0,0,0,0,0,0,1,0,1,89,656,137
8360,B2,1,0,2,16,0,0,0,0,0,0,0,0,0,1,0,1,12,152,29
8360,C1,20,2,2,0,0,0,0,0,0,0,0,0,0,1,0,2,10,57,30
8370,A1,1,8,0,5,0,0,0,0,0,0,0,0,0,1,0,2,14,188,82
8370,B0,0,1,17,1,0,0,0,0,0,0,0,0,0,1,0,1,8,92,28
8370,B1,1,1,3,2,0,0,0,0,0,0,0,0,0,1,0,1,89,656,137
8370,B2,1,0,4,19,0,0,0,0,0,0,0,0,0,1,0,1,12,152,29
8370,C1,17,2,4,0,0,0,0,0,0,0,0,0,0,1,0,2,10,57,30
8380,A1,3,8,0,2,0,0,0,0,0,0,0,0,0,0,1,2,14,188,82
8380,B0,0,3,16,3,0,0,0,0,0,0,0,0,0,0,1,1,8,92,28
8380,B1,1,1,1,2,0,0,0,0,0,0,0,0,0,0,1,1,90,657,139
8380,B2,1,0,1,19,0,0,0,0,0,0,0,0,0,0,1,1,12,152,29
8380,C1,18,1,1,0,0,0,0,0,0,0,0,0,0,0,1,2,10,57,30
8390,A1,5,9,0,1,0,0,0,0,0,0,0,0,0,0,1,2,14,188,82
8390,B0,0,3,12,2,0,0,0,0,0,0,0,0,0,0,1,1,8,92,28
8390,B1,1,1,2,1,0,0,0,0,0,0,0,0,0,0,1,1,90,657,139
8390,B2,1,0,4,17,0,0,0,0,0,0,0,0,0,0,1,1,12,152,29
8390,C1,19,1,2,0,0,0,0,0,0,0,0,0,0,0,1,2,10,57,30
8400,A1,4,10,0,2,0,0,0,0,0,0,0,0,0,1,0,2,14,188,82
8400,B0,0,2,11,3,0,0,0,0,0,0,0,0,0,1,0,1,8,92,28
8400,B1,1,4,1,1,0,0,0,0,0,0,0,0,0,1,0,2,90,657,139
8400,B2,2,0,1,18,0,0,0,0,0,0,0,0,0,1,0,1,13,154,30
8400,C1,20,1,2,0,0,0,0,0,0,0,0,0,0,1,0,2,10,57,30
8410,A1,1,10,0,4,0,0,0,0,0,0,0,0,0,1,0,2,14,188,82
8410,B0,0,2,15,5,0,0,0,0,0,0,0,0,0,1,0,1,8,92,28
8410,B1,1,1,1,1,0,0,0,0,0,0,0,0,0,1,0,1,90,657,139
8410,B2,1,0,2,19,0,0,0,0,0,0,0,0,0,1,0,1,13,154,30
8410,C1,19,1,2,0,0,0,0,0,0,0,0,0,0,1,0,2,10,57,30
8420,A1,2,9,0,3,0,0,0,0,0,0,0,0,0,0,1,2,14,188,82
8420,B0,0,1,14,4,0,0,0,0,0,0,0,0,0,0,1,1,8,92,28
8420,B1,2,2,2,3,0,0,0,0,0,0,0,0,0,0,1,1,90,657,139
8420,B2,2,0,2,20,0,0,0,0,0,0,0,0,0,0,1,1,13,154,30
8420,C1,18,1,1,0,0,0,0,0,0,0,0,0,0,0,1,2,10,57,30
8430,A1,1,9,0,1,0,0,0,0,0,0,0,0,0,0,1,2,14,188,82
8430,B0,0,2,13,2,0,0,0,0,0,0,0,0,0,0,1,1,8,92,28
8430,B1,2,2,1,1,0,0,0,0,0,0,0,0,0,0,1,2,90,657,139
8430,B2,3,0,3,20,0,0,0,0,0,0,0,0,0,0,1,1,13,154,30
8430,C1,19,1,2,0,0,0,0,0,0,0,0,0,0,0,1,2,10,57,30
8440,A1,1,13,0,2,0,0,0,0,0,0,0,0,0,0,1,2,14,188,82
8440,B0,0,2,12,4,0,0,0,0,0,0,0,0,0,0,1,1,8,92,28
8440,B1,2,2,1,1,0,0,0,0,0,0,0,0,0,0,1,2,90,657,139
8440,B2,3,0,2,19,0,0,0,0,0,0,0,0,0,0,1,1,13,154,30
8440,C1,20,2,1,0,0,0,0,0,0,0,0,0,0,0,1,2,10,57,30
8450,A1,1,9,0,2,0,0,0,0,0,0,0,0,0,1,0,2,14,188,82
8450,B0,0,1,12,1,0,0,0,0,0,0,0,0,0,1,0,1,8,92,28
8450,B1,1,3,1,1,0,0,0,0,0,0,0,0,0,1,0,2,90,657,139
8450,B2,2,0,3,20,0,0,0,0,0,0,0,0,0,1,0,1,13,154,30
8450,C1,20,1,2,0,0,0,0,0,0,0,0,0,0,1,0,2,10,57,30
8460,A1,2,8,0,2,0,0,0,0,0,0,0,0,0,1,0,2,14,188,82
8460,B0,0,1,14,3,0,0,0,0,0,0,0,0,0,1,0,1,8,92,28
8460,B1,2,2,1,1,0,0,0,0,0,0,0,0,0,1,0,2,90,657,139
8460,B2,2,0,5,20,0,0,0,0,0,0,0,0,0,1,0,1,13,154,30
8460,C1,18,2,2,0,0,0,0,0,0,0,0,0,0,1,0,2,10,57,30
8470,A1,2,8,0,1,0,0,0,0,0,0,0,0,0,0,1,2,14,188,82
8470,B0,0,1,15,4,0,0,0,0,0,0,0,0,0,0,1,1,8,92,28
8470,B1,1,1,2,1,0,0,0,0,0,0,0,0,0,0,1,1,90,657,139
8470,B2,2,0,5,20,0,0,0,0,0,0,0,0,0,0,1,1,13,154,30
8470,C1,18,1,1,0,0,0,0,0,0,0,0,0,0,0,1,2,10,57,30
8480,A1,1,11,0,1,0,0,0,0,0,0,0,0,0,0,1,2,14,188,82
8480,B0,0,2,11,1,0,0,0,0,0,0,0,0,0,0,1,1,8,92,28
8480,B1,1,1,2,1,0,0,0,0,0,0,0,0,0,0,1,1,90,657,139
8480,B2,2,0,3,20,0,0,0,0,0,0,0,0,0,0,1,1,13,154,30
8480,C1,18,2,2,0,0,0,0,0,0,0,0,0,0,0,1,2,10,57,30
8490,A1,3,12,0,2,0,0,0,0,0,0,0,0,0,1,0,2,14,188,82
8490,B0,0,1,9,1,0,0,0,0,0,0,0,0,0,1,0,1,8,92,28
8490,B1,1,2,2,1,0,0,0,0,0,0,0,0,0,1,0,1,90,657,139
8490,B2,1,0,3,20,0,0,0,0,0,0,0,0,0,1,0,1,13,154,30
8490,C1,20,3,3,0,0,0,0,0,0,0,0,0,0,1,0,2,10,57,30
8500,A1,4,12,0,3,0,0,0,0,0,0,0,0,0,1,0,2,14,188,82
8500,B0,0,1,9,2,0,0,0,0,0,0,0,0,0,1,0,1,8,92,28
8500,B1,3,1,2,1,0,0,0,0,0,0,0,0,0,1,0,2,90,657,139
8500,B2,1,0,3,20,0,0,0,0,0,0,0,0,0,1,0,1,13,154,30
8500,C1,20,1,4,0,0,0,0,0,0,0,0,0,0,1,0,2,10,57,30
8510,A1,1,11,0,3,0,0,0,0,0,0,0,0,0,0,1,2,14,188,82
8510,B0,0,2,12,3,0,0,0,0,0,0,0,0,0,0,1,1,8,92,28
8510,B1,4,1,3,2,0,0,0,0,0,0,0,0,0,0,1,1,90,657,139
8510,B2,1,0,3,20,0,0,0,0,0,0,0,0,0,0,1,1,13,154,30
8510,C1,19,3,5,0,0,0,0,0,0,0,0,0,0,0,1,2,10,57,30
8520,A1,1,13,0,1,0,0,0,0,0,0,0,0,0,0,1,2,14,188,82
8520,B0,0,2,12,1,0,0,0,0,0,0,0,0,0,0,1,1,8,92,28
8520,B1,4,1,3,2,0,0,0,0,0,0,0,0,0,0,1,1,90,657,139
8520,B2,1,0,2,20,0,0,0,0,0,0,0,0,0,0,1,1,13,154,30
8520,C1,20,3,2,0,0,0,0,0,0,0,0,0,0,0,1,2,10,57,30
8530,A1,2,13,0,1,0,0,0,0,0,0,0,0,0,0,1,2,14,188,82
8530,B0,0,3,9,3,0,0,0,0,0,0,0,0,0,0,1,1,8,92,28
8530,B1,4,1,3,2,0,0,0,0,0,0,0,0,0,0,1,1,90,657,139
8530,B2,4,0,5,19,0,0,0,0,0,0,0,0,0,0,1,1,13,154,30
8530,C1,20,4,1,0,0,0,0,0,0,0,0,0,0,0,1,2,10,57,30
8540,A1,1,14,0,3,0,0,0,0,0,0,0,0,0,1,0,2,14,188,82
8540,B0,0,1,9,1,0,0,0,0,0,0,0,0,0,1,0,1,8,92,28
8540,B1,3,2,1,1,0,0,0,0,0,0,0,0,0,1,0,2,90,657,139
8540,B2,1,0,2,20,0,0,0,0,0,0,0,0,0,1,0,1,13,154,30
8540,C1,19,3,4,0,0,0,0,0,0,0,0,0,0,1,0,2,10,57,30
8550,A1,3,11,0,1,0,0,0,0,0,0,0,0,0,1,0,2,14,188,82
8550,B0,0,1,11,3,0,0,0,0,0,0,0,0,0,1,0,1,8,92,28
8550,B1,1,5,1,1,0,0,0,0,0,0,0,0,0,1,0,2,90,657,139
8550,B2,1,0,4,20,0,0,0,0,0,0,0,0,0,1,0,1,13,154,30
8550,C1,19,3,5,0,0,0,0,0,0,0,0,0,0,1,0,2,10,57,30
8560,A1,1,10,0,2,0,0,0,0,0,0,0,0,0,0,1,2,14,188,82
8560,B0,0,1,11,2,0,0,0,0,0,0,0,0,0,0,1,1,8,92,28
8560,B1,1,4,1,1,0,0,0,0,0,0,0,0,0,0,1,2,90,657,139
8560,B2,1,0,2,20,0,0,0,0,0,0,0,0,0,0,1,1,13,154,30
8560,C1,19,1,5,0,0,0,0,0,0,0,0,0,0,0,1,2,10,57,30
8570,A1,2,13,0,5,0,0,0,0,0,0,0,0,0,0,1,2,14,188,82
8570,B0,0,2,11,2,0,0,0,0,0,0,0,0,0,0,1,1,8,92,28
8570,B1,1,4,1,1,0,0,0,0,0,0,0,0,0,0,1,2,90,657,139
8570,B2,1,0,1,19,0,0,0,0,0,0,0,0,0,0,1,1,13,154,30
8570,C1,20,1,1,0,0,0,0,0,0,0,0,0,0,0,1,2,10,57,30
8580,A1,3,13,0,3,0,0,0,0,0,0,0,0,0,1,0,2,14,188,82
8580,B0,0,2,11,2,0,0,0,0,0,0,0,0,0,1,0,1,8,92,28
8580,B1,3,5,3,2,0,0,0,0,0,0,0,0,0,1,0,2,90,657,139
8580,B2,2,0,1,18,0,0,0,0,0,0,0,0,0,1,0,1,13,154,30
8580,C1,20,2,2,0,0,0,0,0,0,0,0,0,0,1,0,2,10,57,30
8590,A1,4,15,0,3,0,0,0,0,0,0,0,0,0,1,0,2,14,188,82
8590,B0,0,1,11,2,0,0,0,0,0,0,0,0,0,1,0,1,8,92,28
8590,B1,1,4,3,1,0,0,0,0,0,0,0,0,0,1,0,2,90,657,139
8590,B2,2,0,1,19,0,0,0,0,0,0,0,0,0,1,0,1,13,154,30
8590,C1,20,1,2,0,0,0,0,0,0,0,0,0,0,1,0,2,10,57,30
8600,A1,1,13,0,3,0,0,0,0,0,0,0,0,0,1,0,2,14,188,82
8600,B0,0,1,13,5,0,0,0,0,0,0,0,0,0,1,0,1,8,92,28
8600,B1,1,2,3,1,0,0,0,0,0,0,0,0,0,1,0,1,90,657,139
8600,B2,1,0,1,20,0,0,0,0,0,0,0,0,0,1,0,1,13,154,30
8600,C1,17,3,2,0,0,0,0,0,0,0,0,0,0,1,0,2,10,57,30
8610,A1,2,13,0,1,0,0,0,0,0,0,0,0,0,0,1,2,14,188,82
8610,B0,0,3,12,1,0,0,0,0,0,0,0,0,0,0,1,1,8,92,28
8610,B1,1,1,2,2,0,0,0,0,0,0,0,0,0,0,1,1,90,657,139
8610,B2,1,0,1,20,0,0,0,0,0,0,0,0,0,0,1,1,13,154,30
8610,C1,18,3,2,0,0,0,0,0,0,0,0,0,0,0,1,2,10,57,30
8620,A1,5,13,0,2,0,0,0,0,0,0,0,0,0,0,1,2,14,188,82
8620,B0,0,4,12,1,0,0,0,0,0,0,0,0,0,0,1,1,8,92,28
8620,B1,1,1,2,2,0,0,0,0,0,0,0,0,0,0,1,1,90,657,139
8620,B2,1,0,1,18,0,0,0,0,0,0,0,0,0,0,1,1,13,154,30
8620,C1,19,4,4,0,0,0,0,0,0,0,0,0,0,0,1,2,10,57,30
8630,A1,4,15,0,2,0,0,0,0,0,0,0,0,0,1,0,2,14,188,82
8630,B0,0,2,11,2,0,0,0,0,0,0,0,0,0,1,0,1,8,92,28
8630,B1,2,1,1,1,0,0,0,0,0,0,0,0,0,1,0,2,91,661,140
8630,B2,1,0,1,18,0,0,0,0,0,0,0,0,0,1,0,1,13,154,30
8630,C1,20,3,4,0,0,0,0,0,0,0,0,0,0,1,0,2,10,57,30
8640,A1,2,14,0,2,0,0,0,0,0,0,0,0,0,1,0,2,14,188,82
8640,B0,0,1,14,3,0,0,0,0,0,0,0,0,0,1,0,1,8,92,28
8640,B1,2,3,1,1,0,0,0,0,0,0,0,0,0,1,0,2,91,661,140
8640,B2,1,0,3,18,0,0,0,0,0,0,0,0,0,1,0,1,13,154,30
8640,C1,19,2,5,0,0,0,0,0,0,0,0,0,0,1,0,2,10,57,30
8650,A1,1,14,0,2,0,0,0,0,0,0,0,0,0,0,1,2,14,188,82
8650,B0,0,2,14,3,0,0,0,0,0,0,0,0,0,0,1,1,8,92,28
8650,B1,2,2,3,1,0,0,0,0,0,0,0,0,0,0,1,1,91,661,140
8650,B2,1,0,3,20,0,0,0,0,0,0,0,0,0,0,1,1,13,154,30
8650,C1,19,3,5,0,0,0,0,0,0,0,0,0,0,0,1,2,10,57,30
8660,A1,1,13,0,1,0,0,0,0,0,0,0,0,0,0,1,2,14,188,82
8660,B0,0,1,14,1,0,0,0,0,0,0,0,0,0,0,1,1,8,92,28
8660,B1,2,2,2,4,0,0,0,0,0,0,0,0,0,0,1,1,91,661,140
8660,B2,1,0,3,20,0,0,0,0,0,0,0,0,0,0,1,1,13,154,30
8660,C1,19,3,1,0,0,0,0,0,0,0,0,0,0,0,1,2,10,57,30
8670,A1,4,15,0,1,0,0,0,0,0,0,0,0,0,0,1,2,14,188,82
8670,B0,0,3,13,2,0,0,0,0,0,0,0,0,0,0,1,1,8,92,28
8670,B1,2,2,1,3,0,0,0,0,0,0,0,0,0,0,1,1,91,661,140
8670,B2,1,0,2,19,0,0,0,0,0,0,0,0,0,0,1,1,13,154,30
8670,C1,20,4,1,0,0,0,0,0,0,0,0,0,0,0,1,2,10,57,30
8680,A1,1,14,0,1,0,0,0,0,0,0,0,0,0,1,0,2,14,188,82
8680,B0,0,1,13,1,0,0,0,0,0,0,0,0,0,1,0,1,8,92,28
8680,B1,2,1,2,3,0,0,0,0,0,0,0,0,0,1,0,1,92,670,142
8680,B2,1,0,3,20,0,0,0,0,0,0,0,0,0,1,0,1,13,154,30
8680,C1,20,2,1,0,0,0,0,0,0,0,0,0,0,1,0,2,10,57,30
8690,A1,1,14,0,1,0,0,0,0,0,0,0,0,0,1,0,2,14,188,82
8690,B0,0,1,13,3,0,0,0,0,0,0,0,0,0,1,0,1,8,92,28
8690,B1,4,1,2,3,0,0,0,0,0,0,0,0,0,1,0,1,92,670,142
8690,B2,1,0,5,20,0,0,0,0,0,0,0,0,0,1,0,1,13,154,30
8690,C1,18,1,1,0,0,0,0,0,0,0,0,0,0,1,0,2,10,57,30
8700,A1,1,14,0,1,0,0,0,0,0,0,0,0,0,0,1,2,14,188,82
8700,B0,0,2,13,2,0,0,0,0,0,0,0,0,0,0,1,1,8,92,28
8700,B1,3,1,3,3,0,0,0,0,0,0,0,0,0,0,1,1,92,670,142
8700,B2,1,0,4,20,0,0,0,0,0,0,0,0,0,0,1,1,13,154,30
8700,C1,19,1,2,0,0,0,0,0,0,0,0,0,0,0,1,2,10,57,30
8710,A1,2,15,0,1,0,0,0,0,0,0,0,0,0,0,1,2,14,188,82
8710,B0,0,1,13,3,0,0,0,0,0,0,0,0,0,0,1,1,8,92,28
8710,B1,3,1,2,2,0,0,0,0,0,0,0,0,0,0,1,1,92,670,142
8710,B2,1,0,4,20,0,0,0,0,0,0,0,0,0,0,1,1,13,154,30
8710,C1,19,1,1,0,0,0,0,0,0,0,0,0,0,0,1,2,10,57,30
8720,A1,2,16,0,2,0,0,0,0,0,0,0,0,0,1,0,2,14,188,82
8720,B0,0,2,13,3,0,0,0,0,0,0,0,0,0,1,0,1,8,92,28
8720,B1,3,1,2,1,0,0,0,0,0,0,0,0,0,1,0,2,93,674,143
8720,B2,1,0,1,19,0,0,0,0,0,0,0,0,0,1,0,1,14,158,31
8720,C1,20,1,3,0,0,0,0,0,0,0,0,0,0,1,0,2,10,57,30
8730,A1,3,16,0,2,0,0,0,0,0,0,0,0,0,1,0,2,14,188,82
8730,B0,0,2,13,2,0,0,0,0,0,0,0,0,0,1,0,1,8,92,28
8730,B1,1,2,2,1,0,0,0,0,0,0,0,0,0,1,0,1,93,674,143
8730,B2,1,0,3,19,0,0,0,0,0,0,0,0,0,1,0,1,14,158,31
8730,C1,18,2,2,0,0,0,0,0,0,0,0,0,0,1,0,2,10,57,30
8740,A1,1,14,0,3,0,0,0,0,0,0,0,0,0,0,1,2,14,188,82
8740,B0,0,1,15,2,0,0,0,0,0,0,0,0,0,0,1,1,8,92,28
8740,B1,2,2,2,1,0,0,0,0,0,0,0,0,0,0,1,2,93,674,143
8740,B2,1,0,3,20,0,0,0,0,0,0,0,0,0,0,1,1,14,158,31
8740,C1,16,2,2,0,0,0,0,0,0,0,0,0,0,0,1,2,10,57,30
8750,A1,2,15,0,4,0,0,0,0,0,0,0,0,0,0,1,2,14,188,82
8750,B0,0,1,16,1,0,0,0,0,0,0,0,0,0,0,1,1,8,92,28
8750,B1,2,2,2,3,0,0,0,0,0,0,0,0,0,0,1,1,93,674,143
8750,B2,1,0,2,20,0,0,0,0,0,0,0,0,0,0,1,1,14,158,31
8750,C1,17,3,1,0,0,0,0,0,0,0,0,0,0,0,1,2,10,57,30
8760,A1,3,16,0,2,0,0,0,0,0,0,0,0,0,0,1,2,14,188,82
8760,B0,0,1,15,1,0,0,0,0,0,0,0,0,0,0,1,1,8,92,28
8760,B1,2,3,1,3,0,0,0,0,0,0,0,0,0,0,1,2,93,674,143
8760,B2,1,0,1,16,0,0,0,0,0,0,0,0,0,0,1,1,14,158,31
8760,C1,20,5,1,0,0,0,0,0,0,0,0,0,0,0,1,2,10,57,30
8770,A1,2,17,0,3,0,0,0,0,0,0,0,0,0,1,0,2,14,188,82
8770,B0,0,1,15,1,0,0,0,0,0,0,0,0,0,1,0,1,8,92,28
8770,B1,1,2,1,3,0,0,0,0,0,0,0,0,0,1,0,1,93,674,143
8770,B2,1,0,2,17,0,0,0,0,0,0,0,0,0,1,0,1,14,158,31
8770,C1,20,3,3,0,0,0,0,0,0,0,0,0,0,1,0,2,10,57,30
8780,A1,2,15,0,3,0,0,0,0,0,0,0,0,0,1,0,2,14,188,82
8780,B0,0,1,16,1,0,0,0,0,0,0,0,0,0,1,0,1,8,92,28
8780,B1,1,2,1,3,0,0,0,0,0,0,0,0,0,1,0,1,93,674,143
8780,B2,1,0,3,18,0,0,0,0,0,0,0,0,0,1,0,1,14,158,31
8780,C1,20,1,3,0,0,0,0,0,0,0,0,0,0,1,0,2,10,57,30
8790,A1,3,15,0,3,0,0,0,0,0,0,0,0,0,0,1,2,14,188,82
8790,B0,0,3,17,1,0,0,0,0,0,0,0,0,0,0,1,1,8,92,28
8790,B1,1,1,1,1,0,0,0,0,0,0,0,0,0,0,1,1,93,674,143
8790,B2,2,0,2,19,0,0,0,0,0,0,0,0,0,0,1,1,14,158,31
8790,C1,20,2,2,0,0,0,0,0,0,0,0,0,0,0,1,2,10,57,30
8800,A1,3,16,0,2,0,0,0,0,0,0,0,0,0,0,1,2,14,188,82
8800,B0,0,4,14,1,0,0,0,0,0,0,0,0,0,0,1,1,8,92,28
8800,B1,1,1,3,2,0,0,0,0,0,0,0,0,0,0,1,1,93,674,143
8800,B2,2,0,1,18,0,0,0,0,0,0,0,0,0,0,1,1,14,158,31
8800,C1,20,1,1,0,0,0,0,0,0,0,0,0,0,0,1,2,10,57,30
8810,A1,4,19,0,3,0,0,0,0,0,0,0,0,0,1,0,2,14,188,82
8810,B0,0,4,13,2,0,0,0,0,0,0,0,0,0,1,0,1,8,92,28
8810,B1,1,3,4,2,0,0,0,0,0,0,0,0,0,1,0,1,94,676,144
8810,B2,2,0,2,18,0,0,0,0,0,0,0,0,0,1,0,1,14,158,31
8810,C1,20,2,1,0,0,0,0,0,0,0,0,0,0,1,0,2,10,57,30
8820,A1,1,18,0,4,0,0,0,0,0,0,0,0,0,1,0,2,14,188,82
8820,B0,0,1,14,3,0,0,0,0,0,0,0,0,0,1,0,1,8,92,28
8820,B1,3,2,4,2,0,0,0,0,0,0,0,0,0,1,0,1,94,676,144
8820,B2,1,0,3,19,0,0,0,0,0,0,0,0,0,1,0,1,14,158,31
8820,C1,19,2,2,0,0,0,0,0,0,0,0,0,0,1,0,2,10,57,30
8830,A1,1,17,0,4,0,0,0,0,0,0,0,0,0,1,0,2,14,188,82
8830,B0,0,1,14,4,0,0,0,0,0,0,0,0,0,1,0,1,8,92,28
8830,B1,3,2,3,2,0,0,0,0,0,0,0,0,0,1,0,1,94,676,144
8830,B2,1,0,4,20,0,0,0,0,0,0,0,0,0,1,0,1,14,158,31
8830,C1,18,1,3,0,0,0,0,0,0,0,0,0,0,1,0,2,10,57,30
8840,A1,1,18,0,2,0,0,0,0,0,0,0,0,0,0,1,2,14,188,82
8840,B0,0,1,15,4,0,0,0,0,0,0,0,0,0,0,1,1,8,92,28
8840,B1,3,2,1,1,0,0,0,0,0,0,0,0,0,0,1,2,94,676,144
8840,B2,1,0,1,19,0,0,0,0,0,0,0,0,0,0,1,1,14,158,31
8840,C1,18,1,1,0,0,0,0,0,0,0,0,0,0,0,1,2,10,57,30
8850,A1,2,19,0,1,0,0,0,0,0,0,0,0,0,0,1,2,14,188,82
8850,B0,0,2,15,1,0,0,0,0,0,0,0,0,0,0,1,1,8,92,28
8850,B1,3,2,1,2,0,0,0,0,0,0,0,0,0,0,1,2,94,676,144
8850,B2,1,0,1,17,0,0,0,0,0,0,0,0,0,0,1,1,14,158,31
8850,C1,20,3,1,0,0,0,0,0,0,0,0,0,0,0,1,2,10,57,30
8860,A1,2,19,0,2,0,0,0,0,0,0,0,0,0,1,0,2,14,188,82
8860,B0,0,1,13,2,0,0,0,0,0,0,0,0,0,1,0,1,8,92,28
8860,B1,2,2,1,1,0,0,0,0,0,0,0,0,0,1,0,2,95,684,146
8860,B2,1,0,1,17,0,0,0,0,0,0,0,0,0,1,0,1,14,158,31
8860,C1,20,2,3,0,0,0,0,0,0,0,0,0,0,1,0,2,10,57,30
8870,A1,2,16,0,2,0,0,0,0,0,0,0,0,0,1,0,2,14,188,82
8870,B0,0,1,14,2,0,0,0,0,0,0,0,0,0,1,0,1,8,92,28
8870,B1,3,3,1,1,0,0,0,0,0,0,0,0,0,1,0,2,95,684,146
8870,B2,1,0,3,18,0,0,0,0,0,0,0,0,0,1,0,1,14,158,31
8870,C1,19,1,4,0,0,0,0,0,0,0,0,0,0,1,0,2,10,57,30
8880,A1,1,15,0,3,0,0,0,0,0,0,0,0,0,0,1,2,14,188,82
8880,B0,0,1,15,2,0,0,0,0,0,0,0,0,0,0,1,1,8,92,28
8880,B1,2,2,1,1,0,0,0,0,0,0,0,0,0,0,1,2,95,684,146
8880,B2,2,0,4,20,0,0,0,0,0,0,0,0,0,0,1,1,14,158,31
8880,C1,18,1,2,0,0,0,0,0,0,0,0,0,0,0,1,2,10,57,30
8890,A1,2,17,0,4,0,0,0,0,0,0,0,0,0,0,1,2,14,188,82
8890,B0,0,1,15,4,0,0,0,0,0,0,0,0,0,0,1,1,8,92,28
8890,B1,2,2,2,4,0,0,0,0,0,0,0,0,0,0,1,1,95,684,146
8890,B2,1,0,1,20,0,0,0,0,0,0,0,0,0,0,1,1,14,158,31
8890,C1,18,2,1,0,0,0,0,0,0,0,0,0,0,0,1,2,10,57,30
8900,A1,2,20,0,3,0,0,0,0,0,0,0,0,0,0,1,2,14,188,82
8900,B0,0,2,15,4,0,0,0,0,0,0,0,0,0,0,1,1,8,92,28
8900,B1,2,2,1,2,0,0,0,0,0,0,0,0,0,0,1,2,95,684,146
8900,B2,1,0,1,18,0,0,0,0,0,0,0,0,0,0,1,1,14,158,31
8900,C1,20,3,1,0,0,0,0,0,0,0,0,0,0,0,1,2,10,57,30
8910,A1,2,18,0,3,0,0,0,0,0,0,0,0,0,1,0,2,14,188,82
8910,B0,0,1,15,1,0,0,0,0,0,0,0,0,0,1,0,1,8,92,28
8910,B1,3,2,1,2,0,0,0,0,0,0,0,0,0,1,0,2,96,697,148
8910,B2,1,0,1,19,0,0,0,0,0,0,0,0,0,1,0,1,14,158,31
8910,C1,19,3,1,0,0,0,0,0,0,0,0,0,0,1,0,2,10,57,30
8920,A1,3,17,0,3,0,0,0,0,0,0,0,0,0,1,0,2,14,188,82
8920,B0,0,1,16,2,0,0,0,0,0,0,0,0,0,1,0,1,8,92,28
8920,B1,1,5,1,2,0,0,0,0,0,0,0,0,0,1,0,2,96,697,148
8920,B2,2,0,2,19,0,0,0,0,0,0,0,0,0,1,0,1,14,158,31
8920,C1,16,1,2,0,0,0,0,0,0,0,0,0,0,1,0,2,10,57,30
8930,A1,2,17,0,2,0,0,0,0,0,0,0,0,0,0,1,2,14,188,82
8930,B0,0,1,15,7,0,0,0,0,0,0,0,0,0,0,1,1,8,92,28
8930,B1,1,3,1,1,0,0,0,0,0,0,0,0,0,0,1,2,96,697,148
8930,B2,2,0,1,20,0,0,0,0,0,0,0,0,0,0,1,1,14,158,31
8930,C1,16,1,1,0,0,0,0,0,0,0,0,0,0,0,1,2,10,57,30
8940,A1,3,19,0,1,0,0,0,0,0,0,0,0,0,0,1,2,14,188,82
8940,B0,0,1,15,1,0,0,0,0,0,0,0,0,0,0,1,1,8,92,28
8940,B1,1,3,2,2,0,0,0,0,0,0,0,0,0,0,1,1,96,697,148
8940,B2,3,0,1,19,0,0,0,0,0,0,0,0,0,0,1,1,14,158,31
8940,C1,19,1,1,0,0,0,0,0,0,0,0,0,0,0,1,2,10,57,30
8950,A1,3,20,0,1,0,0,0,0,0,0,0,0,0,1,0,2,14,188,82
8950,B0,0,2,14,1,0,0,0,0,0,0,0,0,0,1,0,1,8,92,28
8950,B1,1,3,1,2,0,0,0,0,0,0,0,0,0,1,0,2,96,697,148
8950,B2,3,0,1,19,0,0,0,0,0,0,0,0,0,1,0,1,14,158,31
8950,C1,20,1,1,0,0,0,0,0,0,0,0,0,0,1,0,2,10,57,30
8960,A1,2,19,0,1,0,0,0,0,0,0,0,0,0,1,0,2,14,188,82
8960,B0,0,1,15,2,0,0,0,0,0,0,0,0,0,1,0,1,8,92,28
8960,B1,3,4,1,2,0,0,0,0,0,0,0,0,0,1,0,2,96,697,148
8960,B2,1,0,3,19,0,0,0,0,0,0,0,0,0,1,0,1,14,158,31
8960,C1,18,3,3,0,0,0,0,0,0,0,0,0,0,1,0,2,10,57,30
8970,A1,2,17,0,1,0,0,0,0,0,0,0,0,0,0,1,2,14,188,82
8970,B0,0,3,15,2,0,0,0,0,0,0,0,0,0,0,1,1,8,92,28
8970,B1,1,5,1,2,0,0,0,0,0,0,0,0,0,0,1,2,96,697,148
8970,B2,2,0,4,20,0,0,0,0,0,0,0,0,0,0,1,1,14,158,31
8970,C1,15,1,3,0,0,0,0,0,0,0,0,0,0,0,1,2,10,57,30
8980,A1,5,18,0,1,0,0,0,0,0,0,0,0,0,0,1,2,14,188,82
8980,B0,0,4,12,2,0,0,0,0,0,0,0,0,0,0,1,1,8,92,28
8980,B1,1,4,1,1,0,0,0,0,0,0,0,0,0,0,1,2,96,697,148
8980,B2,5,0,1,20,0,0,0,0,0,0,0,0,0,0,1,1,14,158,31
8980,C1,16,2,1,0,0,0,0,0,0,0,0,0,0,0,1,2,10,57,30
8990,A1,1,18,0,1,0,0,0,0,0,0,0,0,0,0,1,2,14,188,82
8990,B0,0,4,12,2,0,0,0,0,0,0,0,0,0,0,1,1,8,92,28
8990,B1,1,4,2,4,0,0,0,0,0,0,0,0,0,0,1,1,96,697,148
8990,B2,6,0,2,20,0,0,0,0,0,0,0,0,0,0,1,1,14,158,31
8990,C1,19,3,1,0,0,0,0,0,0,0,0,0,0,0,1,2,10,57,30
9000,A1,3,20,0,2,0,0,0,0,0,0,0,0,0,1,0,2,14,188,82
9000,B0,0,2,13,1,0,0,0,0,0,0,0,0,0,1,0,1,8,92,28
9000,B1,2,2,2,4,0,0,0,0,0,0,0,0,0,1,0,1,96,697,148
9000,B2,5,0,1,20,0,0,0,0,0,0,0,0,0,1,0,1,14,158,31
9000,C1,20,1,1,0,0,0,0,0,0,0,0,0,0,1,0,2,10,57,30
9010,A1,1,19,0,3,0,0,0,0,0,0,0,0,0,1,0,2,14,188,82
9010,B0,0,2,13,2,0,0,0,0,0,0,0,0,0,1,0,1,8,92,28
9010,B1,3,4,1,4,0,0,0,0,0,0,0,0,0,1,0,2,96,697,148
9010,B2,1,0,4,20,0,0,0,0,0,0,0,0,0,1,0,1,14,158,31
9010,C1,18,1,2,0,0,0,0,0,0,0,0,0,0,1,0,2,10,57,30
9020,A1,2,19,0,3,0,0,0,0,0,0,0,0,0,0,1,2,14,188,82
9020,B0,0,3,14,1,0,0,0,0,0,0,0,0,0,0,1,1,8,92,28
9020,B1,2,1,3,3,0,0,0,0,0,0,0,0,0,0,1,1,96,697,148
9020,B2,1,0,4,20,0,0,0,0,0,0,0,0,0,0,1,1,14,158,31
9020,C1,16,1,2,0,0,0,0,0,0,0,0,0,0,0,1,2,10,57,30
9030,A1,3,19,0,1,0,0,0,0,0,0,0,0,0,0,1,2,14,188,82
9030,B0,0,3,13,1,0,0,0,0,0,0,0,0,0,0,1,1,8,92,28
9030,B1,2,1,1,4,0,0,0,0,0,0,0,0,0,0,1,1,96,697,148
9030,B2,1,0,4,20,0,0,0,0,0,0,0,0,0,0,1,1,14,158,31
9030,C1,17,3,3,0,0,0,0,0,0,0,0,0,0,0,1,2,10,57,30
9040,A1,3,20,0,1,0,0,0,0,0,0,0,0,0,1,0,2,14,188,82
9040,B0,0,2,10,1,0,0,0,0,0,0,0,0,0,1,0,1,8,92,28
9040,B1,1,4,2,3,0,0,0,0,0,0,0,0,0,1,0,1,96,697,148
9040,B2,1,0,2,18,0,0,0,0,0,0,0,0,0,1,0,1,14,158,31
9040,C1,20,3,2,0,0,0,0,0,0,0,0,0,0,1,0,2,10,57,30
9050,A1,1,20,0,2,0,0,0,0,0,0,0,0,0,1,0,2,14,188,82
9050,B0,0,1,11,1,0,0,0,0,0,0,0,0,0,1,0,1,8,92,28
9050,B1,2,3,2,3,0,0,0,0,0,0,0,0,0,1,0,1,96,697,148
9050,B2,2,0,3,19,0,0,0,0,0,0,0,0,0,1,0,1,14,158,31
9050,C1,20,1,5,0,0,0,0,0,0,0,0,0,0,1,0,2,10,57,30
9060,A1,1,17,0,2,0,0,0,0,0,0,0,0,0,1,0,2,14,188,82
9060,B0,0,1,11,1,0,0,0,0,0,0,0,0,0,1,0,1,8,92,28
9060,B1,2,1,3,3,0,0,0,0,0,0,0,0,0,1,0,1,96,697,148
9060,B2,2,0,1,20,0,0,0,0,0,0,0,0,0,1,0,1,14,158,31
9060,C1,19,4,4,0,0,0,0,0,0,0,0,0,0,1,0,2,10,57,30
9070,A1,3,18,0,1,0,0,0,0,0,0,0,0,0,0,1,2,14,188,82
9070,B0,0,1,10,3,0,0,0,0,0,0,0,0,0,0,1,1,8,92,28
9070,B1,2,1,4,1,0,0,0,0,0,0,0,0,0,0,1,1,96,697,148
9070,B2,3,0,2,20,0,0,0,0,0,0,0,0,0,0,1,1,14,158,31
9070,C1,19,2,1,0,0,0,0,0,0,0,0,0,0,0,1,2,10,57,30
9080,A1,1,19,0,1,0,0,0,0,0,0,0,0,0,0,1,2,14,188,82
9080,B0,0,1,11,1,0,0,0,0,0,0,0,0,0,0,1,1,8,92,28
9080,B1,2,1,6,1,0,0,0,0,0,0,0,0,0,0,1,1,96,697,148
9080,B2,4,0,1,17,0,0,0,0,0,0,0,0,0,0,1,1,14,158,31
9080,C1,20,5,1,0,0,0,0,0,0,0,0,0,0,0,1,2,10,57,30
9090,A1,2,20,0,1,0,0,0,0,0,0,0,0,0,1,0,2,14,188,82
9090,B0,0,2,9,2,0,0,0,0,0,0,0,0,0,1,0,1,8,92,28
9090,B1,3,2,4,1,0,0,0,0,0,0,0,0,0,1,0,1,96,697,148
9090,B2,3,0,2,17,0,0,0,0,0,0,0,0,0,1,0,1,14,158,31
9090,C1,20,3,1,0,0,0,0,0,0,0,0,0,0,1,0,2,10,57,30
9100,A1,1,19,0,3,0,0,0,0,0,0,0,0,0,1,0,2,14,188,82
9100,B0,0,1,9,5,0,0,0,0,0,0,0,0,0,1,0,1,8,92,28
9100,B1,2,1,4,1,0,0,0,0,0,0,0,0,0,1,0,1,96,697,148
9100,B2,1,0,2,18,0,0,0,0,0,0,0,0,0,1,0,1,14,158,31
9100,C1,19,1,1,0,0,0,0,0,0,0,0,0,0,1,0,2,10,57,30
9110,A1,2,19,0,3,0,0,0,0,0,0,0,0,0,0,1,2,14,188,82
9110,B0,0,1,12,4,0,0,0,0,0,0,0,0,0,0,1,1,8,92,28
9110,B1,2,1,4,2,0,0,0,0,0,0,0,0,0,0,1,1,96,697,148
9110,B2,1,0,3,20,0,0,0,0,0,0,0,0,0,0,1,1,14,158,31
9110,C1,18,1,1,0,0,0,0,0,0,0,0,0,0,0,1,2,10,57,30
9120,A1,1,20,0,2,0,0,0,0,0,0,0,0,0,0,1,2,14,188,82
9120,B0,0,1,10,2,0,0,0,0,0,0,0,0,0,0,1,1,8,92,28
9120,B1,2,1,3,3,0,0,0,0,0,0,0,0,0,0,1,1,96,697,148
9120,B2,2,0,2,19,0,0,0,0,0,0,0,0,0,0,1,1,14,158,31
9120,C1,18,1,1,0,0,0,0,0,0,0,0,0,0,0,1,2,10,57,30
9130,A1,1,20,0,2,0,0,0,0,0,0,0,0,0,0,1,2,14,188,82
9130,B0,0,1,8,3,0,0,0,0,0,0,0,0,0,0,1,1,8,92,28
9130,B1,2,1,2,3,0,0,0,0,0,0,0,0,0,0,1,1,96,697,148
9130,B2,2,0,2,17,0,0,0,0,0,0,0,0,0,0,1,1,14,158,31
9130,C1,20,1,1,0,0,0,0,0,0,0,0,0,0,0,1,2,10,57,30
9140,A1,3,20,0,3,0,0,0,0,0,0,0,0,0,1,0,2,14,188,82
9140,B0,0,1,8,3,0,0,0,0,0,0,0,0,0,1,0,1,8,92,28
9140,B1,1,1,2,3,0,0,0,0,0,0,0,0,0,1,0,1,96,697,148
9140,B2,1,0,3,18,0,0,0,0,0,0,0,0,0,1,0,1,14,158,31
9140,C1,19,1,1,0,0,0,0,0,0,0,0,0,0,1,0,2,10,57,30
9150,A1,1,20,0,3,0,0,0,0,0,0,0,0,0,1,0,2,14,188,82
9150,B0,0,2,12,5,0,0,0,0,0,0,0,0,0,1,0,1,8,92,28
9150,B1,1,2,2,3,0,0,0,0,0,0,0,0,0,1,0,1,96,697,148
9150,B2,1,0,4,20,0,0,0,0,0,0,0,0,0,1,0,1,14,158,31
9150,C1,19,1,1,0,0,0,0,0,0,0,0,0,0,1,0,2,10,57,30
9160,A1,2,20,0,2,0,0,0,0,0,0,0,0,0,0,1,2,14,188,82
9160,B0,0,5,13,3,0,0,0,0,0,0,0,0,0,0,1,1,8,92,28
9160,B1,1,2,2,2,0,0,0,0,0,0,0,0,0,0,1,1,96,697,148
9160,B2,1,0,3,19,0,0,0,0,0,0,0,0,0,0,1,1,14,158,31
9160,C1,19,1,1,0,0,0,0,0,0,0,0,0,0,0,1,2,10,57,30
9170,A1,2,20,0,2,0,0,0,0,0,0,0,0,0,0,1,2,14,188,82
9170,B0,0,6,14,1,0,0,0,0,0,0,0,0,0,0,1,1,8,92,28
9170,B1,1,2,1,1,0,0,0,0,0,0,0,0,0,0,1,2,96,697,148
9170,B2,2,0,1,19,0,0,0,0,0,0,0,0,0,0,1,1,14,158,31
9170,C1,20,2,1,0,0,0,0,0,0,0,0,0,0,0,1,2,10,57,30
9180,A1,3,20,0,3,0,0,0,0,0,0,0,0,0,1,0,2,14,188,82
9180,B0,0,5,13,1,0,0,0,0,0,0,0,0,0,1,0,1,8,92,28
9180,B1,2,2,1,1,0,0,0,0,0,0,0,0,0,1,0,2,96,697,148
9180,B2,1,0,1,19,0,0,0,0,0,0,0,0,0,1,0,1,14,158,31
9180,C1,20,1,2,0,0,0,0,0,0,0,0,0,0,1,0,2,10,57,30
9190,A1,2,19,0,5,0,0,0,0,0,0,0,0,0,1,0,2,14,188,82
9190,B0,0,3,13,1,0,0,0,0,0,0,0,0,0,1,0,1,8,92,28
9190,B1,1,1,1,1,0,0,0,0,0,0,0,0,0,1,0,1,96,697,148
9190,B2,2,0,2,20,0,0,0,0,0,0,0,0,0,1,0,1,14,158,31
9190,C1,19,1,1,0,0,0,0,0,0,0,0,0,0,1,0,2,10,57,30
9200,A1,1,16,0,6,0,0,0,0,0,0,0,0,0,0,1,2,14,188,82
9200,B0,0,2,15,3,0,0,0,0,0,0,0,0,0,0,1,1,8,92,28
9200,B1,1,4,1,1,0,0,0,0,1,0,0,0,0,0,1,1,97,699,148
9200,B2,1,0,4,20,0,0,0,0,0,0,0,0,0,0,1,1,14,158,31
9200,C1,19,1,1,0,0,0,0,0,0,0,0,1,0,0,1,2,10,57,30
9210,A1,1,17,0,2,0,0,0,0,0,0,0,0,0,0,1,2,14,188,82
9210,B0,0,4,14,2,0,0,0,0,0,0,0,0,0,0,1,1,8,92,28
9210,B1,2,1,4,1,0,0,0,0,0,0,0,0,0,0,1,1,97,701,149
9210,B2,1,0,1,20,0,0,0,0,0,0,0,0,0,0,1,1,14,158,31
9210,C1,20,1,1,0,0,0,0,0,0,0,0,0,0,0,1,2,10,57,30
9220,A1,2,19,0,1,0,0,0,0,0,0,0,0,0,0,1,2,14,188,82
9220,B0,0,3,11,1,0,0,0,0,0,0,0,0,0,0,1,1,8,92,28
9220,B1,2,1,3,1,0,0,0,0,0,0,0,0,0,0,1,1,97,701,149
9220,B2,2,0,2,18,0,0,0,0,0,0,0,0,0,0,1,1,14,158,31
9220,C1,20,4,1,0,0,0,0,0,0,0,0,0,0,0,1,2,10,57,30
9230,A1,3,19,0,1,0,0,0,0,0,0,0,0,0,1,0,2,14,188,82
9230,B0,0,1,11,1,0,0,0,0,0,0,0,0,0,1,0,1,8,92,28
9230,B1,2,1,3,3,0,0,0,0,0,0,0,0,0,1,0,1,97,701,149
9230,B2,1,0,1,18,0,0,0,0,0,0,0,0,0,1,0,1,14,158,31
9230,C1,20,3,2,0,0,0,0,0,0,0,0,0,0,1,0,2,10,57,30
9240,A1,1,19,0,2,0,0,0,0,0,0,0,0,0,1,0,2,14,188,82
9240,B0,0,1,13,3,0,0,0,0,0,0,0,0,0,1,0,1,8,92,28
9240,B1,1,1,3,1,0,0,0,0,0,0,0,0,0,1,0,1,97,701,149
9240,B2,2,0,3,19,0,0,0,0,0,0,0,0,0,1,0,1,14,158,31
9240,C1,19,3,3,0,0,0,0,0,0,0,0,0,0,1,0,2,10,57,30
9250,A1,1,19,0,1,0,0,0,0,0,0,0,0,0,0,1,2,14,188,82
9250,B0,0,3,12,2,0,0,0,0,0,0,0,0,0,0,1,1,8,92,28
9250,B1,3,1,3,2,0,0,0,0,0,0,0,0,0,0,1,1,97,701,149
9250,B2,5,0,2,20,0,0,0,0,0,0,0,0,0,0,1,1,14,158,31
9250,C1,19,1,3,0,0,0,0,0,0,0,0,0,0,0,1,2,10,57,30
9260,A1,1,20,0,1,0,0,0,0,0,0,0,0,0,0,1,2,14,188,82
9260,B0,0,3,10,3,0,0,0,0,0,0,0,0,0,0,1,1,8,92,28
9260,B1,3,1,2,2,0,0,0,0,0,0,0,0,0,0,1,1,97,701,149
9260,B2,6,0,4,20,0,0,0,0,0,0,0,0,0,0,1,1,14,158,31
9260,C1,19,2,2,0,0,0,0,0,0,0,0,0,0,0,1,2,10,57,30
9270,A1,1,20,0,1,0,0,0,0,0,0,0,0,0,1,0,2,14,188,82
9270,B0,0,3,11,1,0,0,0,0,0,0,0,0,0,1,0,1,8,92,28
9270,B1,3,1,2,2,0,0,0,0,0,0,0,0,0,1,0,1,97,701,149
9270,B2,6,0,1,19,0,0,0,0,0,0,0,0,0,1,0,1,14,158,31
9270,C1,20,4,2,0,0,0,0,0,0,0,0,0,0,1,0,2,10,57,30
9280,A1,1,20,0,1,0,0,0,0,0,0,0,0,0,1,0,2,14,188,82
9280,B0,0,1,12,2,0,0,0,0,0,0,0,0,0,1,0,1,8,92,28
9280,B1,1,1,2,2,0,0,0,0,0,0,0,0,0,1,0,1,97,701,149
9280,B2,5,0,2,20,0,0,0,0,0,0,0,0,0,1,0,1,14,158,31
9280,C1,20,1,2,0,0,0,0,0,0,0,0,0,0,1,0,2,10,57,30
9290,A1,1,17,0,1,0,0,0,0,0,0,0,0,0,1,0,2,14,188,82
9290,B0,0,2,14,4,0,0,0,0,0,0,0,0,0,1,0,1,8,92,28
9290,B1,1,3,2,2,0,0,0,0,0,0,0,0,0,1,0,1,97,701,149
9290,B2,1,0,2,20,0,0,0,0,0,0,0,0,0,1,0,1,14,158,31
9290,C1,18,1,5,0,0,0,0,0,0,0,0,0,0,1,0,2,10,57,30
9300,A1,2,18,0,2,0,0,0,0,0,0,0,0,0,0,1,2,14,188,82
9300,B0,0,2,13,2,0,0,0,0,0,0,0,0,0,0,1,1,8,92,28
9300,B1,1,1,2,2,0,0,0,0,0,0,0,0,0,0,1,1,97,701,149
9300,B2,2,0,1,20,0,0,0,0,0,0,0,0,0,0,1,1,14,158,31
9300,C1,19,2,4,0,0,0,0,0,0,0,0,0,0,0,1,2,10,57,30
9310,A1,3,19,0,1,0,0,0,0,0,0,0,0,0,0,1,2,14,188,82
9310,B0,0,2,13,2,0,0,0,0,0,0,0,0,0,0,1,1,8,92,28
9310,B1,1,1,1,3,0,0,0,0,0,0,0,0,0,0,1,1,97,701,149
9310,B2,4,0,4,19,0,0,0,0,0,0,0,0,0,0,1,1,14,158,31
9310,C1,19,3,1,0,0,0,0,0,0,0,0,0,0,0,1,2,10,57,30
9320,A1,1,20,0,2,0,0,0,0,0,0,0,0,0,1,0,2,14,188,82
9320,B0,0,2,13,2,0,0,0,0,0,0,0,0,0,1,0,1,8,92,28
9320,B1,1,1,1,2,0,0,0,0,0,0,0,0,0,1,0,1,97,701,149
9320,B2,2,0,2,18,0,0,0,0,0,0,0,0,0,1,0,1,14,158,31
9320,C1,20,3,3,0,0,0,0,0,0,0,0,0,0,1,0,2,10,57,30
9330,A1,1,19,0,2,0,0,0,0,0,0,0,0,0,1,0,2,14,188,82
9330,B0,0,1,13,1,0,0,0,0,0,0,0,0,0,1,0,1,8,92,28
9330,B1,1,2,1,2,0,0,0,0,0,0,0,0,0,1,0,1,97,701,149
9330,B2,1,0,4,19,0,0,0,0,0,0,0,0,0,1,0,1,14,158,31
9330,C1,19,1,1,0,0,0,0,0,0,0,0,0,0,1,0,2,10,57,30
9340,A1,1,19,0,2,0,0,0,0,0,0,0,0,0,0,1,2,14,188,82
9340,B0,0,2,14,2,0,0,0,0,0,0,0,0,0,0,1,1,8,92,28
9340,B1,1,1,1,2,0,0,0,0,0,0,0,0,0,0,1,1,97,701,149
9340,B2,1,0,3,20,0,0,0,0,0,0,0,0,0,0,1,1,14,158,31
9340,C1,18,1,1,0,0,0,0,0,0,0,0,0,0,0,1,2,10,57,30
9350,A1,1,19,0,1,0,0,0,0,0,0,0,0,0,0,1,2,14,188,82
9350,B0,0,3,12,2,0,0,0,0,0,0,0,0,0,0,1,1,8,92,28
9350,B1,2,1,1,1,0,0,0,0,0,0,0,0,0,0,1,2,97,701,149
9350,B2,2,0,1,20,0,0,0,0,0,0,0,0,0,0,1,1,14,158,31
9350,C1,19,2,1,0,0,0,0,0,0,0,0,0,0,0,1,2,10,57,30
9360,A1,4,20,0,1,0,0,0,0,0,0,0,0,0,0,1,2,14,188,82
9360,B0,0,4,12,1,0,0,0,0,0,0,0,0,0,0,1,1,8,92,28
9360,B1,3,2,1,1,0,0,0,0,0,0,0,0,0,0,1,2,97,701,149
9360,B2,3,0,1,17,0,0,0,0,0,0,0,0,0,0,1,1,14,158,31
9360,C1,20,2,2,0,0,0,0,0,0,0,0,0,0,0,1,2,10,57,30
9370,A1,1,20,0,1,0,0,0,0,0,0,0,0,0,1,0,2,14,188,82
9370,B0,0,3,12,1,0,0,0,0,0,0,0,0,0,1,0,1,8,92,28
9370,B1,2,1,1,1,0,0,0,0,0,0,0,0,0,1,0,2,97,701,149
9370,B2,1,0,1,18,0,0,0,0,0,0,0,0,0,1,0,1,14,158,31
9370,C1,20,1,3,0,0,0,0,0,0,0,0,0,0,1,0,2,10,57,30
9380,A1,1,20,0,1,0,0,0,0,0,0,0,0,0,1,0,2,14,188,82
9380,B0,0,1,12,3,0,0,0,0,0,0,0,0,0,1,0,1,8,92,28
9380,B1,2,1,1,1,0,0,0,0,0,0,0,0,0,1,0,2,97,701,149
9380,B2,1,0,4,19,0,0,0,0,0,0,0,0,0,1,0,1,14,158,31
9380,C1,18,1,3,0,0,0,0,0,0,0,0,0,0,1,0,2,10,57,30
9390,A1,1,20,0,2,0,0,0,0,0,0,0,0,0,0,1,2,14,188,82
9390,B0,0,1,12,4,0,0,0,0,0,0,0,0,0,0,1,1,8,92,28
9390,B1,2,1,2,2,0,0,0,0,0,0,0,0,0,0,1,1,98,705,150
9390,B2,3,0,4,19,0,0,0,0,0,0,0,0,0,0,1,1,14,158,31
9390,C1,19,2,1,0,0,0,0,0,0,0,0,0,0,0,1,2,10,57,30
9400,A1,2,20,0,1,0,0,0,0,0,0,0,0,0,0,1,2,14,188,82
9400,B0,0,1,12,1,0,0,0,0,0,0,0,0,0,0,1,1,8,92,28
9400,B1,2,1,1,1,0,0,0,0,0,0,0,0,0,0,1,2,98,705,150
9400,B2,4,0,1,19,0,0,0,0,0,0,0,0,0,0,1,1,14,158,31
9400,C1,19,4,2,0,0,0,0,0,0,0,0,0,0,0,1,2,10,57,30
9410,A1,1,20,0,2,0,0,0,0,0,0,0,0,0,1,0,2,14,188,82
9410,B0,0,1,10,1,0,0,0,0,0,0,0,0,0,1,0,1,8,92,28
9410,B1,1,3,2,1,0,0,0,0,0,0,0,0,0,1,0,2,98,705,150
9410,B2,4,0,1,19,0,0,0,0,0,0,0,0,0,1,0,1,14,158,31
9410,C1,20,4,1,0,0,0,0,0,0,0,0,0,0,1,0,2,10,57,30
9420,A1,3,19,0,1,0,0,0,0,0,0,0,0,0,1,0,2,14,188,82
9420,B0,0,1,12,2,0,0,0,0,0,0,0,0,0,1,0,1,8,92,28
9420,B1,1,3,1,1,0,0,0,0,0,0,0,0,0,1,0,2,98,705,150
9420,B2,1,0,3,20,0,0,0,0,0,0,0,0,0,1,0,1,14,158,31
9420,C1,20,4,2,0,0,0,0,0,0,0,0,0,0,1,0,2,10,57,30
9430,A1,1,18,0,1,0,0,0,0,0,0,0,0,0,0,1,2,14,188,82
9430,B0,0,3,11,4,0,0,0,0,0,0,0,0,0,0,1,1,8,92,28
9430,B1,1,1,1,1,0,0,0,0,0,0,0,0,0,0,1,1,98,705,150
9430,B2,1,0,4,20,0,0,0,0,0,0,0,0,0,0,1,1,14,158,31
9430,C1,18,1,2,0,0,0,0,0,0,0,0,0,0,0,1,2,10,57,30
9440,A1,2,19,0,1,0,0,0,0,0,0,0,0,0,0,1,2,14,188,82
9440,B0,0,3,10,3,0,0,0,0,0,0,0,0,0,0,1,1,8,92,28
9440,B1,1,1,1,2,0,0,0,0,0,0,0,0,0,0,1,1,98,705,150
9440,B2,1,0,1,20,0,0,0,0,0,0,0,0,0,0,1,1,14,158,31
9440,C1,19,1,1,0,0,0,0,0,0,0,0,0,0,0,1,2,10,57,30
9450,A1,4,20,0,1,0,0,0,0,0,0,0,0,0,0,1,2,14,188,82
9450,B0,0,3,6,1,0,0,0,0,0,0,0,0,0,0,1,1,8,92,28
9450,B1,1,1,1,2,0,0,0,0,0,0,0,0,0,0,1,1,98,705,150
9450,B2,2,0,1,18,0,0,0,0,0,0,0,0,0,0,1,1,14,158,31
9450,C1,20,4,1,0,0,0,0,0,0,0,0,0,0,0,1,2,10,57,30
9460,A1,2,20,0,1,0,0,0,0,0,0,0,0,0,1,0,2,14,188,82
9460,B0,0,2,7,1,0,0,0,0,0,0,0,0,0,1,0,1,8,92,28
9460,B1,1,2,1,3,0,0,0,0,0,0,0,0,0,1,0,1,98,705,150
9460,B2,1,0,1,19,0,0,0,0,0,0,0,0,0,1,0,1,14,158,31
9460,C1,19,1,1,0,0,0,0,0,0,0,0,0,0,1,0,2,10,57,30
9470,A1,2,20,0,2,0,0,0,0,0,0,0,0,0,1,0,2,14,188,82
9470,B0,0,1,9,2,0,0,0,0,0,0,0,0,0,1,0,1,8,92,28
9470,B1,4,4,1,3,0,0,0,0,0,0,0,0,0,1,0,2,98,705,150
9470,B2,1,0,4,19,0,0,0,0,0,0,0,0,0,1,0,1,14,158,31
9470,C1,16,3,1,0,0,0,0,0,0,0,0,0,0,1,0,2,10,57,30
9480,A1,3,20,0,1,0,0,0,0,0,0,0,0,0,0,1,2,14,188,82
9480,B0,0,1,8,4,0,0,0,0,0,0,0,0,0,0,1,1,8,92,28
9480,B1,3,3,1,6,0,0,0,0,0,0,0,0,0,0,1,2,98,705,150
9480,B2,1,0,3,20,0,0,0,0,0,0,0,0,0,0,1,1,14,158,31
9480,C1,16,2,1,0,0,0,0,0,0,0,0,0,0,0,1,2,10,57,30
9490,A1,2,20,0,1,0,0,0,0,0,0,0,0,0,0,1,2,14,188,82
9490,B0,0,3,7,2,0,0,0,0,0,0,0,0,0,0,1,1,8,92,28
9490,B1,3,3,1,4,0,0,0,0,0,0,0,0,0,0,1,2,98,705,150
9490,B2,2,0,2,19,0,0,0,0,0,0,0,0,0,0,1,1,14,158,31
9490,C1,19,2,1,0,0,0,0,0,0,0,0,0,0,0,1,2,10,57,30
9500,A1,2,20,0,1,0,0,0,0,0,0,0,0,0,1,0,2,14,188,82
9500,B0,0,1,6,1,0,0,0,0,0,0,0,0,0,1,0,1,8,92,28
9500,B1,3,3,1,2,0,0,0,0,0,0,0,0,0,1,0,2,98,705,150
9500,B2,4,0,2,16,0,0,0,0,0,0,0,0,0,1,0,1,14,158,31
9500,C1,20,3,2,0,0,0,0,0,0,0,0,0,0,1,0,2,10,57,30
9510,A1,1,19,0,2,0,0,0,0,0,0,0,0,0,1,0,2,14,188,82
9510,B0,0,2,6,1,0,0,0,0,0,0,0,0,0,1,0,1,8,92,28
9510,B1,3,2,1,2,0,0,0,0,0,0,0,0,0,1,0,2,98,705,150
9510,B2,2,0,2,17,0,0,0,0,0,0,0,0,0,1,0,1,14,158,31
9510,C1,20,2,3,0,0,0,0,0,0,0,0,0,0,1,0,2,10,57,30
9520,A1,1,16,0,1,0,0,0,0,0,0,0,0,0,1,0,2,14,188,82
9520,B0,0,2,9,1,0,0,0,0,0,0,0,0,0,1,0,1,8,92,28
9520,B1,1,2,1,2,0,0,0,0,0,0,0,0,0,1,0,1,98,705,150
9520,B2,1,0,4,19,0,0,0,0,0,0,0,0,0,1,0,1,14,158,31
9520,C1,19,1,3,0,0,0,0,0,0,0,0,0,0,1,0,2,10,57,30
9530,A1,2,17,0,1,0,0,0,0,0,0,0,0,0,0,1,2,14,188,82
9530,B0,0,4,7,1,0,0,0,0,0,0,0,0,0,0,1,1,8,92,28
9530,B1,2,3,2,1,0,0,0,0,0,0,0,0,0,0,1,2,99,711,151
9530,B2,2,0,1,20,0,0,0,0,0,0,0,0,0,0,1,1,14,158,31
9530,C1,19,2,2,0,0,0,0,0,0,0,0,0,0,0,1,2,10,57,30
9540,A1,1,19,0,1,0,0,0,0,0,0,0,0,0,0,1,2,14,188,82
9540,B0,0,5,3,1,0,0,0,0,0,0,0,0,0,0,1,1,8,92,28
9540,B1,2,3,2,1,0,0,0,0,0,0,0,0,0,0,1,2,99,711,151
9540,B2,2,0,1,18,0,0,0,0,0,0,0,0,0,0,1,1,14,158,31
9540,C1,19,3,1,0,0,0,0,0,0,0,0,0,0,0,1,2,10,57,30
9550,A1,2,19,0,1,0,0,0,0,0,0,0,0,0,1,0,2,14,188,82
9550,B0,0,3,2,3,0,0,0,0,0,0,0,0,0,1,0,1,8,92,28
9550,B1,1,3,1,1,0,0,0,0,0,0,0,0,0,1,0,2,99,711,151
9550,B2,1,0,1,18,0,0,0,0,0,0,0,0,0,1,0,1,14,158,31
9550,C1,19,2,1,0,0,0,0,0,0,0,0,0,0,1,0,2,10,57,30
9560,A1,1,18,0,1,0,0,0,0,0,0,0,0,0,1,0,2,14,188,82
9560,B0,0,1,4,3,0,0,0,0,0,0,0,0,0,1,0,1,8,92,28
9560,B1,2,1,1,1,0,0,0,0,0,0,0,0,0,1,0,2,99,711,151
9560,B2,2,0,2,18,0,0,0,0,0,0,0,0,0,1,0,1,14,158,31
9560,C1,19,1,1,0,0,0,0,0,0,0,0,0,0,1,0,2,10,57,30
9570,A1,1,18,0,1,0,0,0,0,0,0,0,0,0,0,1,2,14,188,82
9570,B0,0,2,4,2,0,0,0,0,0,0,0,0,0,0,1,1,8,92,28
9570,B1,1,1,2,1,0,0,0,0,0,0,0,0,0,0,1,1,99,711,151
9570,B2,3,0,2,20,0,0,0,0,0,0,0,0,0,0,1,1,14,158,31
9570,C1,19,1,1,0,0,0,0,0,0,0,0,0,0,0,1,2,10,57,30
9580,A1,1,19,0,1,0,0,0,0,0,0,0,0,0,0,1,2,14,188,82
9580,B0,0,2,2,3,0,0,0,0,0,0,0,0,0,0,1,1,8,92,28
9580,B1,1,1,1,4,0,0,0,0,0,0,0,0,0,0,1,1,99,711,151
9580,B2,4,0,3,19,0,0,0,0,0,0,0,0,0,0,1,1,14,158,31
9580,C1,20,2,1,0,0,0,0,0,0,0,0,0,0,0,1,2,10,57,30
9590,A1,1,20,0,2,0,0,0,0,0,0,0,0,0,0,1,2,14,188,82
9590,B0,0,4,1,1,0,0,0,0,0,0,0,0,0,0,1,2,8,92,28
9590,B1,1,1,3,6,0,0,0,0,0,0,0,0,0,0,1,1,99,711,151
9590,B2,5,0,1,15,0,0,0,0,0,0,0,0,0,0,1,1,14,158,31
9590,C1,20,4,1,0,0,0,0,0,0,0,0,0,0,0,1,2,10,57,30
9600,A1,1,18,0,1,0,0,0,0,0,0,0,0,0,1,0,2,14,188,82
9600,B0,0,2,1,1,0,0,0,0,0,0,0,0,0,1,0,1,8,92,28
9600,B1,1,1,1,5,0,0,0,0,0,0,0,0,0,1,0,1,99,711,151
9600,B2,2,0,1,16,0,0,0,0,0,0,0,0,0,1,0,1,14,158,31
9600,C1,20,2,2,0,0,0,0,0,0,0,0,0,0,1,0,2,10,57,30
9610,A1,2,16,0,1,0,0,0,0,0,0,0,0,0,1,0,2,14,188,82
9610,B0,0,1,3,3,0,0,0,0,0,0,0,0,0,1,0,1,8,92,28
9610,B1,2,2,1,5,0,0,0,0,0,0,0,0,0,1,0,1,99,711,151
9610,B2,1,0,2,18,0,0,0,0,0,0,0,0,0,1,0,1,14,158,31
9610,C1,19,1,3,0,0,0,0,0,0,0,0,0,0,1,0,2,10,57,30
9620,A1,2,16,0,2,0,0,0,0,0,0,0,0,0,0,1,2,14,188,82
9620,B0,0,1,4,1,0,0,0,0,0,0,0,0,0,0,1,1,8,92,28
9620,B1,2,3,1,3,0,0,0,0,0,0,0,0,0,0,1,2,99,711,151
9620,B2,1,0,1,20,0,0,0,0,0,0,0,0,0,0,1,1,14,158,31
9620,C1,19,2,3,0,0,0,0,0,0,0,0,0,0,0,1,2,10,57,30
9630,A1,3,19,0,1,0,0,0,0,0,0,0,0,0,0,1,2,14,188,82
9630,B0,0,1,1,1,0,0,0,0,0,0,0,0,0,0,1,1,8,92,28
9630,B1,2,3,2,2,0,0,0,0,0,0,0,0,0,0,1,2,99,711,151
9630,B2,1,0,3,19,0,0,0,0,0,0,0,0,0,0,1,1,14,158,31
9630,C1,20,3,1,0,0,0,0,0,0,0,0,0,0,0,1,2,10,57,30
9640,A1,3,20,0,2,0,0,0,0,0,0,0,0,0,1,0,2,14,188,82
9640,B0,0,2,1,1,0,0,0,0,0,0,0,0,0,1,0,1,8,92,28
9640,B1,2,6,1,1,0,0,0,0,0,0,0,0,0,1,0,2,99,711,151
9640,B2,1,0,2,19,0,0,0,0,0,0,0,0,0,1,0,1,14,158,31
9640,C1,20,3,1,0,0,0,0,0,0,0,0,0,0,1,0,2,10,57,30
9650,A1,2,20,0,2,0,0,0,0,0,0,0,0,0,1,0,2,14,188,82
9650,B0,0,3,3,4,0,0,0,0,0,0,0,0,0,1,0,1,8,92,28
9650,B1,4,3,2,1,0,0,0,0,0,0,0,0,0,1,0,2,99,711,151
9650,B2,1,0,2,19,0,0,0,0,0,0,0,0,0,1,0,1,14,158,31
9650,C1,20,1,1,0,0,0,0,0,0,0,0,0,0,1,0,2,10,57,30
9660,A1,2,19,0,2,0,0,0,0,0,0,0,0,0,0,1,2,14,188,82
9660,B0,0,1,4,2,0,0,0,0,0,0,0,0,0,0,1,1,8,92,28
9660,B1,3,2,3,2,0,0,0,0,0,0,0,0,0,0,1,1,99,711,151
9660,B2,2,0,2,20,0,0,0,0,0,0,0,0,0,0,1,1,14,158,31
9660,C1,19,3,1,0,0,0,0,0,0,0,0,0,0,0,1,2,10,57,30
9670,A1,3,20,0,1,0,0,0,0,0,0,0,0,0,0,1,2,14,188,82
9670,B0,0,2,1,1,0,0,0,0,0,0,0,0,0,0,1,1,8,92,28
9670,B1,3,2,2,2,0,0,0,0,0,0,0,0,0,0,1,2,99,711,151
9670,B2,2,0,3,19,0,0,0,0,0,0,0,0,0,0,1,1,14,158,31
9670,C1,20,1,2,0,0,0,0,0,0,0,0,0,0,0,1,2,10,57,30
9680,A1,6,20,0,1,0,0,0,0,0,0,0,0,0,0,1,2,14,188,82
9680,B0,0,3,1,4,0,0,0,0,0,0,0,0,0,0,1,1,8,92,28
9680,B1,3,2,1,2,0,0,0,0,0,0,0,0,0,0,1,2,99,711,151
9680,B2,2,0,2,15,0,0,0,0,0,0,0,0,0,0,1,1,14,158,31
9680,C1,20,2,5,0,0,0,0,0,0,0,0,0,0,0,1,2,10,57,30
9690,A1,3,20,0,1,0,0,0,0,0,0,0,0,0,1,0,2,14,188,82
9690,B0,0,1,2,1,0,0,0,0,0,0,0,0,0,1,0,1,8,92,28
9690,B1,1,1,2,2,0,0,0,0,0,0,0,0,0,1,0,1,99,711,151
9690,B2,1,0,2,16,0,0,0,0,0,0,0,0,0,1,0,1,14,158,31
9690,C1,19,2,6,0,0,0,0,0,0,0,0,0,0,1,0,2,10,57,30
9700,A1,3,19,0,3,0,0,0,0,0,0,0,0,0,1,0,2,14,188,82
9700,B0,0,1,4,2,0,0,0,0,0,0,0,0,0,1,0,1,8,92,28
9700,B1,1,2,2,2,0,0,0,0,0,0,0,0,0,1,0,1,99,711,151
9700,B2,1,0,2,18,0,0,0,0,0,0,0,0,0,1,0,1,14,158,31
9700,C1,17,1,6,0,0,0,0,0,0,0,0,0,0,1,0,2,10,57,30
9710,A1,4,19,0,2,0,0,0,0,0,0,0,0,0,0,1,2,14,188,82
9710,B0,0,1,4,2,0,0,0,0,0,0,0,0,0,0,1,1,8,92,28
9710,B1,1,2,1,3,0,0,0,0,0,0,0,0,0,0,1,1,99,711,151
9710,B2,2,0,2,20,0,0,0,0,0,0,0,0,0,0,1,1,14,158,31
9710,C1,16,1,6,0,0,0,0,0,0,0,0,0,0,0,1,2,10,57,30
9720,A1,1,19,0,1,0,0,0,0,0,0,0,0,0,0,1,2,14,188,82
9720,B0,0,1,3,4,0,0,0,0,0,0,0,0,0,0,1,1,8,92,28
9720,B1,1,2,2,3,0,0,0,0,0,0,0,0,0,0,1,1,99,711,151
9720,B2,2,0,1,20,0,0,0,0,0,0,0,0,0,0,1,1,14,158,31
9720,C1,17,2,3,0,0,0,0,0,0,0,0,0,0,0,1,2,10,57,30
9730,A1,1,20,0,4,0,0,0,0,0,0,0,0,0,1,0,2,14,188,82
9730,B0,0,2,1,2,0,0,0,0,0,0,0,0,0,1,0,1,8,92,28
9730,B1,2,1,1,2,0,0,0,0,0,0,0,0,0,1,0,1,99,711,151
9730,B2,1,0,2,20,0,0,0,0,0,0,0,0,0,1,0,1,14,158,31
9730,C1,20,2,3,0,0,0,0,0,0,0,0,0,0,1,0,2,10,57,30
9740,A1,2,19,0,6,0,0,0,0,0,0,0,0,0,1,0,2,14,188,82
9740,B0,0,1,2,2,0,0,0,0,0,0,0,0,0,1,0,1,8,92,28
9740,B1,2,1,2,2,0,0,0,0,0,0,0,0,0,1,0,1,99,711,151
9740,B2,2,0,3,20,0,0,0,0,0,0,0,0,0,1,0,1,14,158,31
9740,C1,19,1,3,0,0,0,0,0,0,0,0,0,0,1,0,2,10,57,30
9750,A1,2,16,0,6,0,0,0,0,0,0,0,0,0,1,0,2,14,188,82
9750,B0,0,1,6,2,0,0,0,0,0,0,0,0,0,1,0,1,8,92,28
9750,B1,3,3,2,2,0,0,0,0,0,0,0,0,0,1,0,2,99,711,151
9750,B2,2,0,5,20,0,0,0,0,0,0,0,0,0,1,0,1,14,158,31
9750,C1,16,1,3,0,0,0,0,0,0,0,0,0,0,1,0,2,10,57,30
9760,A1,4,17,0,4,0,0,0,0,0,0,0,0,0,0,1,2,14,188,82
9760,B0,0,1,6,2,0,0,0,0,0,0,0,0,0,0,1,1,8,92,28
9760,B1,2,1,2,3,0,0,0,0,0,0,0,0,0,0,1,1,99,711,151
9760,B2,2,0,3,20,0,0,0,0,0,0,0,0,0,0,1,1,14,158,31
9760,C1,18,2,1,0,0,0,0,0,0,0,0,0,0,0,1,2,10,57,30
9770,A1,5,19,0,2,0,0,0,0,0,0,0,0,0,0,1,2,14,188,82
9770,B0,0,2,3,1,0,0,0,0,0,0,0,0,0,0,1,1,8,92,28
9770,B1,2,1,2,3,0,0,0,0,0,0,0,0,0,0,1,1,99,711,151
9770,B2,2,0,1,19,0,0,0,0,0,0,0,0,0,0,1,1,14,158,31
9770,C1,20,2,2,0,0,0,0,0,0,0,0,0,0,0,1,2,10,57,30
9780,A1,3,20,0,2,0,0,0,0,0,0,0,0,0,1,0,2,14,188,82
9780,B0,0,3,2,3,0,0,0,0,0,0,0,0,0,1,0,1,8,92,28
9780,B1,1,2,2,2,0,0,0,0,0,0,0,0,0,1,0,1,99,711,151
9780,B2,1,0,2,20,0,0,0,0,0,0,0,0,0,1,0,1,14,158,31
9780,C1,20,1,3,0,0,0,0,0,0,0,0,0,0,1,0,2,10,57,30
9790,A1,1,20,0,3,0,0,0,0,0,0,0,0,0,1,0,2,14,188,82
9790,B0,0,1,4,1,0,0,0,0,0,0,0,0,0,1,0,1,8,92,28
9790,B1,3,2,2,2,0,0,0,0,0,0,0,0,0,1,0,2,99,711,151
9790,B2,1,0,2,20,0,0,0,0,0,0,0,0,0,1,0,1,14,158,31
9790,C1,18,1,4,0,0,0,0,0,0,0,0,0,0,1,0,2,10,57,30
9800,A1,1,19,0,2,0,0,0,0,0,0,0,0,0,0,1,2,14,188,82
9800,B0,0,1,5,1,0,0,0,0,0,0,0,0,0,0,1,1,8,92,28
9800,B1,1,2,2,2,0,0,0,0,0,0,0,0,0,0,1,1,99,711,151
9800,B2,2,0,1,20,0,0,0,0,0,0,0,0,0,0,1,1,14,158,31
9800,C1,18,2,4,0,0,0,0,0,0,0,0,0,0,0,1,2,10,57,30
9810,A1,2,19,0,1,0,0,0,0,0,0,0,0,0,0,1,2,14,188,82
9810,B0,0,2,3,1,0,0,0,0,0,0,0,0,0,0,1,1,8,92,28
9810,B1,2,2,1,3,0,0,0,0,0,0,0,0,0,0,1,1,99,711,151
9810,B2,2,0,1,20,0,0,0,0,0,0,0,0,0,0,1,1,14,158,31
9810,C1,18,2,1,0,0,0,0,0,0,0,0,0,0,0,1,2,10,57,30
9820,A1,1,20,0,1,0,0,0,0,0,0,0,0,0,0,1,2,14,188,82
9820,B0,0,3,5,1,0,0,0,0,0,0,0,0,0,0,1,1,8,92,28
9820,B1,2,2,1,2,0,0,0,0,0,0,0,0,0,0,1,2,99,711,151
9820,B2,2,0,2,18,0,0,0,0,0,0,0,0,0,0,1,1,14,158,31
9820,C1,20,3,2,0,0,0,0,0,0,0,0,0,0,0,1,2,10,57,30
9830,A1,1,19,0,2,0,0,0,0,0,0,0,0,0,1,0,2,14,188,82
9830,B0,0,1,5,1,0,0,0,0,0,0,0,0,0,1,0,1,8,92,28
9830,B1,3,3,1,2,0,0,0,0,0,0,0,0,0,1,0,2,99,711,151
9830,B2,1,0,1,19,0,0,0,0,0,0,0,0,0,1,0,1,14,158,31
9830,C1,20,3,4,0,0,0,0,0,0,0,0,0,0,1,0,2,10,57,30
9840,A1,1,18,0,3,0,0,0,0,0,0,0,0,0,1,0,2,14,188,82
9840,B0,0,2,6,3,0,0,0,0,0,0,0,0,0,1,0,1,8,92,28
9840,B1,2,4,1,2,0,0,0,0,0,0,0,0,0,1,0,2,99,711,151
9840,B2,1,0,2,20,0,0,0,0,0,0,0,0,0,1,0,1,14,158,31
9840,C1,20,2,5,0,0,0,0,0,0,0,0,0,0,1,0,2,10,57,30
9850,A1,2,19,0,1,0,0,0,0,0,0,0,0,0,0,1,2,14,188,82
9850,B0,0,2,5,1,0,0,0,0,0,0,0,0,0,0,1,1,8,92,28
9850,B1,2,1,2,2,0,0,0,0,0,0,0,0,0,0,1,1,99,711,151
9850,B2,2,0,3,19,0,0,0,0,0,0,0,0,0,0,1,1,14,158,31
9850,C1,20,2,3,0,0,0,0,0,0,0,0,0,0,0,1,2,10,57,30
9860,A1,2,19,0,2,0,0,0,0,0,0,0,0,0,0,1,2,14,188,82
9860,B0,0,2,4,3,0,0,0,0,0,0,0,0,0,0,1,1,8,92,28
9860,B1,2,1,5,1,0,0,0,0,0,0,0,0,0,0,1,1,99,711,151
9860,B2,2,0,2,19,0,0,0,0,0,0,0,0,0,0,1,1,14,158,31
9860,C1,20,1,1,0,0,0,0,0,0,0,0,0,0,0,1,2,10,57,30
9870,A1,2,20,0,3,0,0,0,0,0,0,0,0,0,1,0,2,14,188,82
9870,B0,0,2,3,1,0,0,0,0,0,0,0,0,0,1,0,1,8,92,28
9870,B1,1,4,1,1,0,0,0,0,0,0,0,0,0,1,0,2,99,711,151
9870,B2,2,0,1,19,0,0,0,0,0,0,0,0,0,1,0,1,14,158,31
9870,C1,20,1,2,0,0,0,0,0,0,0,0,0,0,1,0,2,10,57,30
9880,A1,2,19,0,3,0,0,0,0,0,0,0,0,0,1,0,2,14,188,82
9880,B0,0,1,3,3,0,0,0,0,0,0,0,0,0,1,0,1,8,92,28
9880,B1,1,1,2,1,0,0,0,0,0,0,0,0,0,1,0,1,99,711,151
9880,B2,3,0,2,20,0,0,0,0,0,0,0,0,0,1,0,1,14,158,31
9880,C1,18,2,3,0,0,0,0,0,0,0,0,0,0,1,0,2,10,57,30
9890,A1,2,18,0,4,0,0,0,0,0,0,0,0,0,0,1,2,14,188,82
9890,B0,0,1,7,6,0,0,0,0,0,0,0,0,0,0,1,1,8,92,28
9890,B1,1,1,2,1,0,0,0,0,0,0,0,0,0,0,1,1,99,711,151
9890,B2,3,0,2,20,0,0,0,0,0,0,0,0,0,0,1,1,14,158,31
9890,C1,16,1,3,0,0,0,0,0,0,0,0,0,0,0,1,2,10,57,30
9900,A1,1,19,0,1,0,0,0,0,0,0,0,0,0,0,1,2,14,188,82
9900,B0,0,2,6,4,0,0,0,0,0,0,0,0,0,0,1,1,8,92,28
9900,B1,1,1,1,4,0,0,0,0,0,0,0,0,0,0,1,1,99,711,151
9900,B2,3,0,1,19,0,0,0,0,0,0,0,0,0,0,1,1,14,158,31
9900,C1,17,2,2,0,0,0,0,0,0,0,0,0,0,0,1,2,10,57,30
9910,A1,3,20,0,1,0,0,0,0,0,0,0,0,0,0,1,2,14,188,82
9910,B0,0,2,4,1,0,0,0,0,0,0,0,0,0,0,1,1,8,92,28
9910,B1,1,1,2,4,0,0,0,0,0,0,0,0,0,0,1,1,99,711,151
9910,B2,4,0,1,18,0,0,0,0,0,0,0,0,0,0,1,1,14,158,31
9910,C1,20,3,1,0,0,0,0,0,0,0,0,0,0,0,1,2,10,57,30
9920,A1,1,20,0,1,0,0,0,0,0,0,0,0,0,1,0,2,14,188,82
9920,B0,0,1,3,3,0,0,0,0,0,0,0,0,0,1,0,1,8,92,28
9920,B1,1,1,1,4,0,0,0,0,0,0,0,0,0,1,0,1,100,725,152
9920,B2,1,0,2,19,0,0,0,0,0,0,0,0,0,1,0,1,14,158,31
9920,C1,20,2,2,0,0,0,0,0,0,0,0,0,0,1,0,2,10,57,30
9930,A1,2,18,0,2,0,0,0,0,0,0,0,0,0,1,0,2,14,188,82
9930,B0,0,1,5,3,0,0,0,0,0,0,0,0,0,1,0,1,8,92,28
9930,B1,2,1,1,4,0,0,0,0,0,0,0,0,0,1,0,1,100,725,152
9930,B2,1,0,4,20,0,0,0,0,0,0,0,0,0,1,0,1,14,158,31
9930,C1,19,2,2,0,0,0,0,0,0,0,0,0,0,1,0,2,10,57,30
9940,A1,2,17,0,1,0,0,0,0,0,0,0,0,0,0,1,2,14,188,82
9940,B0,0,2,8,2,0,0,0,0,0,0,0,0,0,0,1,1,8,92,28
9940,B1,3,1,2,3,0,0,0,0,0,0,0,0,0,0,1,1,100,725,152
9940,B2,1,0,3,20,0,0,0,0,0,0,0,0,0,0,1,1,14,158,31
9940,C1,19,1,1,0,0,0,0,0,0,0,0,0,0,0,1,2,10,57,30
9950,A1,4,17,0,1,0,0,0,0,0,0,0,0,0,0,1,2,14,188,82
9950,B0,0,1,6,1,0,0,0,0,0,0,0,0,0,0,1,1,8,92,28
9950,B1,1,1,1,1,0,0,0,0,0,0,0,0,0,0,1,1,100,725,152
9950,B2,2,0,1,20,0,0,0,0,0,0,0,0,0,0,1,1,14,158,31
9950,C1,19,1,1,0,0,0,0,0,0,0,0,0,0,0,1,2,10,57,30
9960,A1,5,20,0,1,0,0,0,0,0,0,0,0,0,1,0,2,14,188,82
9960,B0,0,2,5,1,0,0,0,0,0,0,0,0,0,1,0,1,8,92,28
9960,B1,1,2,1,2,0,0,0,0,0,0,0,0,0,1,0,1,100,725,152
9960,B2,2,0,1,19,0,0,0,0,0,0,0,0,0,1,0,1,14,158,31
9960,C1,20,1,2,0,0,0,0,0,0,0,0,0,0,1,0,2,10,57,30
9970,A1,4,20,0,1,0,0,0,0,0,0,0,0,0,1,0,2,14,188,82
9970,B0,0,3,7,1,0,0,0,0,0,0,0,0,0,1,0,1,8,92,28
9970,B1,2,1,2,2,0,0,0,0,0,0,0,0,0,1,0,1,100,725,152
9970,B2,2,0,1,19,0,0,0,0,0,0,0,0,0,1,0,1,14,158,31
9970,C1,19,1,2,0,0,0,0,0,0,0,0,0,0,1,0,2,10,57,30
9980,A1,2,19,0,1,0,0,0,0,0,0,0,0,0,1,0,2,14,188,82
9980,B0,0,2,8,4,0,0,0,0,0,0,0,0,0,1,0,1,8,92,28
9980,B1,2,1,2,2,0,0,0,0,0,0,0,0,0,1,0,1,100,725,152
9980,B2,1,0,3,20,0,0,0,0,0,0,0,0,0,1,0,1,14,158,31
9980,C1,17,1,2,0,0,0,0,0,0,0,0,0,0,1,0,2,10,57,30
9990,A1,4,20,0,1,0,0,0,0,0,0,0,0,0,0,1,2,14,188,82
9990,B0,0,3,9,1,0,0,0,0,0,0,0,0,0,0,1,1,8,92,28
9990,B1,3,1,3,1,0,0,0,0,0,0,0,0,0,0,1,1,100,725,152
9990,B2,2,0,1,20,0,0,0,0,0,0,0,0,0,0,1,1,14,158,31
9990,C1,18,2,1,0,0,0,0,0,0,0,0,0,0,0,1,2,10,57,30
10000,A1,4,20,0,1,0,0,0,0,0,0,0,0,0,0,1,2,14,188,82
10000,B0,0,3,6,3,0,0,0,0,0,0,0,0,0,0,1,1,8,92,28
10000,B1,3,1,1,2,0,0,0,0,0,0,0,0,0,0,1,2,100,725,152
10000,B2,2,0,1,20,0,0,0,0,0,0,0,0,0,0,1,1,14,158,31
10000,C1,20,4,1,0,0,0,0,0,0,0,0,0,0,0,1,2,10,57,30
