time_of_info,tls_id,count_to_r,count_to_l,count_to_b,count_to_t,count_stuck_middle,count_stuck_to_r,count_stuck_to_l,count_stuck_to_b,count_stuck_to_t,is_jam_next_l,is_jam_next_r,is_jam_next_t,is_jam_next_b,is_green_horizontal,is_green_vertical,y,jams_count,jams_time,jams_car_count
10,A1,0,0,0,0,0,0,0,0,0,0,0,0,0,1,0,1,0,0,0
10,B0,0,0,0,0,0,0,0,0,0,0,0,0,0,1,0,1,0,0,0
10,B1,0,0,0,0,0,0,0,0,0,0,0,0,0,1,0,1,0,0,0
10,B2,0,0,0,0,0,0,0,0,0,0,0,0,0,1,0,1,0,0,0
10,C1,0,0,0,0,0,0,0,0,0,0,0,0,0,1,0,1,0,0,0
20,A1,0,0,0,0,0,0,0,0,0,0,0,0,0,1,0,1,0,0,0
20,B0,0,0,0,0,0,0,0,0,0,0,0,0,0,1,0,1,0,0,0
20,B1,1,0,0,0,0,0,0,0,0,0,0,0,0,1,0,1,0,0,0
20,B2,0,0,0,1,0,0,0,0,0,0,0,0,0,1,0,1,0,0,0
20,C1,0,0,0,0,0,0,0,0,0,0,0,0,0,1,0,1,0,0,0
30,A1,4,1,0,2,0,0,0,0,0,0,0,0,0,1,0,2,0,0,0
30,B0,0,1,3,1,0,0,0,0,0,0,0,0,0,1,0,1,0,0,0
30,B1,2,2,1,2,0,0,0,0,0,0,0,0,0,1,0,2,0,0,0
30,B2,2,0,4,3,0,0,0,0,0,0,0,0,0,1,0,1,0,0,0
30,C1,2,3,2,0,0,0,0,0,0,0,0,0,0,1,0,2,0,0,0
40,A1,2,2,0,3,0,0,0,0,0,0,0,0,0,1,0,2,0,0,0
40,B0,0,3,4,2,0,0,0,0,0,0,0,0,0,1,0,1,0,0,0
40,B1,2,1,1,3,0,0,0,0,0,0,0,0,0,1,0,1,0,0,0
40,B2,3,0,2,3,0,0,0,0,0,0,0,0,0,1,0,1,0,0,0
40,C1,3,1,4,0,0,0,0,0,0,0,0,0,0,1,0,1,0,0,0
50,A1,2,3,0,3,0,0,0,0,0,0,0,0,0,0,1,2,0,0,0
50,B0,0,3,6,3,0,0,0,0,0,0,0,0,0,0,1,1,0,0,0
50,B1,3,4,4,3,0,0,0,0,0,0,0,0,0,0,1,1,0,0,0
50,B2,6,0,2,6,0,0,0,0,0,0,0,0,0,0,1,1,0,0,0
50,C1,4,3,3,0,0,0,0,0,0,0,0,0,0,0,1,2,0,0,0
60,A1,3,5,0,2,0,0,0,0,0,0,0,0,0,0,1,2,0,0,0
60,B0,0,5,6,3,0,0,0,0,0,0,0,0,0,0,1,1,0,0,0
60,B1,4,4,4,2,0,0,0,0,0,0,0,0,0,0,1,2,0,0,0
60,B2,7,0,1,7,0,0,0,0,0,0,0,0,0,0,1,1,0,0,0
60,C1,5,4,3,0,0,0,0,0,0,0,0,0,0,0,1,2,0,0,0
70,A1,5,9,0,3,0,0,0,0,0,0,0,0,0,1,0,2,0,0,0
70,B0,0,6,8,3,0,0,0,0,0,0,0,0,0,1,0,1,0,0,0
70,B1,5,5,5,3,0,0,0,0,0,0,0,0,0,1,0,2,0,0,0
70,B2,9,0,1,9,0,0,0,0,0,0,0,0,0,1,0,1,0,0,0
70,C1,9,5,4,0,0,0,0,0,0,0,0,0,0,1,0,2,0,0,0
80,A1,4,14,0,7,0,0,0,0,0,0,0,0,0,1,0,2,0,0,0
80,B0,0,6,10,6,0,0,0,0,0,0,0,0,0,1,0,1,0,0,0
80,B1,7,6,6,3,0,0,0,0,0,0,0,0,0,1,0,2,0,0,0
80,B2,8,0,3,11,0,0,0,0,0,0,0,0,0,1,0,1,0,0,0
80,C1,11,1,7,0,0,0,0,0,0,0,0,0,0,1,0,2,0,0,0
90,A1,2,15,0,8,0,0,0,0,0,0,0,0,0,1,0,2,0,0,0
90,B0,0,6,13,6,0,0,0,0,0,0,0,0,0,1,0,1,0,0,0
90,B1,7,6,8,6,0,0,0,0,0,0,0,0,0,1,0,2,0,0,0
90,B2,5,0,5,13,0,0,0,0,0,0,0,0,0,1,0,1,0,0,0
90,C1,14,1,9,0,0,0,0,0,0,0,0,0,0,1,0,2,0,0,0
100,A1,4,15,0,9,0,0,0,0,0,0,0,0,0,0,1,2,0,0,0
100,B0,0,8,17,5,0,0,0,0,0,0,0,0,0,0,1,1,0,0,0
100,B1,7,7,8,6,0,0,0,0,0,0,0,0,0,0,1,2,0,0,0
100,B2,9,0,6,14,0,0,0,0,0,0,0,0,0,0,1,1,0,0,0
100,C1,15,4,8,0,0,0,0,0,0,0,0,0,0,0,1,2,0,0,0
110,A1,6,19,0,9,0,0,0,0,0,0,0,0,0,0,1,2,0,0,0
110,B0,0,10,17,5,0,0,0,0,0,0,0,0,0,0,1,1,0,0,0
110,B1,7,8,8,4,0,0,0,0,0,0,0,0,0,0,1,2,0,0,0
110,B2,11,0,6,18,0,0,0,0,0,0,0,0,0,0,1,1,0,0,0
110,C1,18,8,6,0,0,0,0,0,0,0,0,0,0,0,1,2,0,0,0
120,A1,8,19,0,10,0,0,0,0,0,0,0,0,0,1,0,2,0,0,0
120,B0,0,9,19,7,0,0,0,0,0,0,0,0,0,1,0,1,0,0,0
120,B1,8,9,9,6,0,0,0,0,0,0,0,0,0,1,0,2,0,0,0
120,B2,10,0,7,19,0,0,0,0,0,0,0,0,0,1,0,1,0,0,0
120,C1,20,11,8,0,0,0,0,0,0,0,0,0,0,1,0,2,0,0,0
130,A1,9,19,0,12,0,0,0,0,0,0,0,0,0,1,0,2,0,0,0
130,B0,0,8,20,10,0,0,0,0,0,0,0,0,0,1,0,1,0,0,0
130,B1,11,9,9,8,0,0,0,0,0,0,0,0,0,1,0,2,0,0,0
130,B2,9,0,9,19,0,0,0,0,0,0,0,0,0,1,0,1,0,0,0
130,C1,20,8,9,0,0,0,0,0,0,0,0,0,0,1,0,2,0,0,0
140,A1,10,19,0,16,0,0,0,0,0,0,0,0,0,0,1,2,0,0,0
140,B0,0,8,20,12,0,0,0,0,0,0,0,0,0,0,1,1,0,0,0
140,B1,11,11,9,9,0,0,0,0,0,0,0,0,0,0,1,2,0,0,0
140,B2,10,0,12,20,0,0,0,0,0,0,0,0,0,0,1,1,0,0,0
140,C1,20,8,11,0,0,0,0,0,0,0,0,0,0,0,1,2,0,0,0
150,A1,12,20,0,15,0,0,0,0,0,0,0,0,0,0,1,2,0,0,0
150,B0,0,10,20,11,0,0,0,0,0,0,0,0,0,0,1,1,0,0,0
150,B1,11,12,9,9,0,0,0,0,0,0,0,0,0,0,1,2,0,0,0
150,B2,12,0,12,20,0,0,0,0,0,0,0,0,0,0,1,1,0,0,0
150,C1,20,10,8,0,0,0,0,0,0,0,0,0,0,0,1,2,0,0,0
160,A1,16,20,0,14,0,0,0,0,0,0,0,0,0,0,1,2,0,0,0
160,B0,0,10,19,10,0,0,0,0,0,0,0,0,0,0,1,1,0,0,0
160,B1,13,12,9,8,0,0,0,0,0,0,0,0,0,0,1,2,0,0,0
160,B2,13,0,12,19,0,0,0,0,0,0,0,0,0,0,1,1,0,0,0
160,C1,20,12,6,0,0,0,0,0,0,0,0,0,0,0,1,2,0,0,0
170,A1,15,18,0,16,0,0,0,0,0,0,0,0,0,1,0,2,0,0,0
170,B0,0,7,20,13,0,0,0,0,0,0,0,0,0,1,0,1,0,0,0
170,B1,15,11,7,9,0,0,0,0,0,0,0,0,0,1,0,2,0,0,0
170,B2,10,0,14,20,0,0,0,0,0,0,0,0,0,1,0,1,0,0,0
170,C1,18,12,7,0,0,0,0,0,0,0,0,0,0,1,0,2,0,0,0
180,A1,12,18,0,19,0,0,0,0,0,0,0,0,0,1,0,2,0,0,0
180,B0,0,5,20,15,0,0,0,0,0,0,0,0,0,1,0,1,0,0,0
180,B1,16,8,7,9,0,0,0,0,0,0,0,0,0,1,0,2,0,0,0
180,B2,7,0,18,20,0,0,0,0,0,0,0,0,0,1,0,1,0,0,0
180,C1,18,12,8,0,0,0,0,0,0,0,0,0,0,1,0,2,0,0,0
190,A1,14,19,0,19,0,0,0,0,0,0,0,0,0,0,1,2,0,0,0
190,B0,0,5,20,16,0,0,0,0,0,0,0,0,0,0,1,1,0,0,0
190,B1,15,8,6,10,0,0,0,0,0,0,0,0,0,0,1,2,0,0,0
190,B2,8,0,17,20,0,0,0,0,0,0,0,0,0,0,1,1,0,0,0
190,C1,19,15,9,0,0,0,0,0,0,0,0,0,0,0,1,2,0,0,0
200,A1,18,20,0,15,0,0,0,0,0,0,0,0,0,0,1,2,0,0,0
200,B0,0,7,20,14,0,0,0,0,0,0,0,0,0,0,1,1,0,0,0
200,B1,14,8,6,9,0,0,0,0,0,0,0,0,0,0,1,2,0,0,0
200,B2,8,0,14,20,0,0,0,0,0,0,0,0,0,0,1,1,0,0,0
200,C1,20,18,9,0,0,0,0,0,0,0,0,0,0,0,1,2,0,0,0
210,A1,19,19,0,13,0,0,0,0,0,0,0,0,0,1,0,2,0,0,0
210,B0,0,7,20,13,0,0,0,0,0,0,0,0,0,1,0,1,0,0,0
210,B1,13,9,5,8,0,0,0,0,0,0,0,0,0,1,0,2,0,0,0
210,B2,9,0,13,20,0,0,0,0,0,0,0,0,0,1,0,1,0,0,0
210,C1,20,19,9,0,0,0,0,0,0,0,0,0,0,1,0,2,0,0,0
220,A1,15,19,0,17,0,0,0,0,0,0,0,0,0,1,0,2,0,0,0
220,B0,0,5,20,16,0,0,0,0,0,0,0,0,0,1,0,1,0,0,0
220,B1,13,11,5,8,0,0,0,0,0,0,0,0,0,1,0,2,0,0,0
220,B2,7,0,17,20,0,0,0,0,0,0,0,0,0,1,0,1,0,0,0
220,C1,20,14,11,0,0,0,0,0,0,0,0,0,0,1,0,2,0,0,0
230,A1,12,18,0,17,0,0,0,0,0,0,0,0,0,0,1,2,0,0,0
230,B0,0,3,20,20,0,0,0,0,0,0,0,0,0,0,1,1,0,0,0
230,B1,11,11,5,8,0,0,0,0,0,0,0,0,0,0,1,2,0,0,0
230,B2,5,0,20,20,0,0,0,0,0,0,0,0,0,0,1,1,0,0,0
230,C1,19,12,12,0,0,0,0,0,0,0,0,0,0,0,1,2,0,0,0
240,A1,15,20,0,15,0,0,0,0,0,0,0,0,0,0,1,2,0,0,0
240,B0,0,4,20,15,0,0,0,0,0,0,0,0,0,0,1,1,0,0,0
240,B1,11,10,3,8,0,0,0,0,0,0,0,0,0,0,1,2,0,0,0
240,B2,6,0,16,20,0,0,0,0,0,0,0,0,0,0,1,1,0,0,0
240,C1,20,16,8,0,0,0,0,0,0,0,0,0,0,0,1,2,0,0,0
250,A1,19,20,0,13,0,0,0,0,0,0,0,0,0,0,1,2,0,0,0
250,B0,0,5,20,12,0,0,0,0,0,0,0,0,0,0,1,1,0,0,0
250,B1,11,9,2,7,0,0,0,0,0,0,0,0,0,0,1,2,0,0,0
250,B2,8,0,12,20,0,0,0,0,0,0,0,0,0,0,1,1,0,0,0
250,C1,20,19,4,0,0,0,0,0,0,0,0,0,0,0,1,2,0,0,0
260,A1,17,20,0,13,0,0,0,0,0,0,0,0,0,1,0,2,0,0,0
260,B0,0,4,20,14,0,0,0,0,0,0,0,0,0,1,0,1,0,0,0
260,B1,9,10,2,6,0,0,0,0,0,0,0,0,0,1,0,2,0,0,0
260,B2,7,0,14,20,0,0,0,0,0,0,0,0,0,1,0,1,0,0,0
260,C1,20,17,5,0,0,0,0,0,0,0,0,0,0,1,0,2,0,0,0
270,A1,13,20,0,14,0,0,0,0,0,0,0,0,0,1,0,2,0,0,0
270,B0,0,2,20,19,0,0,0,0,0,0,0,0,0,1,0,1,0,0,0
270,B1,8,12,2,6,0,0,0,0,0,0,0,0,0,1,0,2,0,0,0
270,B2,5,0,18,20,0,0,0,0,0,0,0,0,0,1,0,1,0,0,0
270,C1,20,12,7,0,0,0,0,0,0,0,0,0,0,1,0,2,0,0,0
280,A1,13,20,0,14,0,0,0,0,0,0,0,0,0,0,1,2,0,0,0
280,B0,0,2,20,19,0,0,0,0,0,0,0,0,0,0,1,1,0,0,0
280,B1,7,10,2,4,0,0,0,0,0,0,0,0,0,0,1,2,0,0,0
280,B2,8,0,18,19,0,0,0,0,0,0,0,0,0,0,1,1,0,0,0
280,C1,20,13,5,0,0,0,0,0,0,0,0,0,0,0,1,2,0,0,0
290,A1,17,20,0,12,0,0,0,0,0,0,0,0,0,0,1,2,0,0,0
290,B0,0,3,20,15,0,0,0,0,0,0,0,0,0,0,1,1,0,0,0
290,B1,7,10,2,5,0,0,0,0,0,0,0,0,0,0,1,2,0,0,0
290,B2,10,0,14,19,0,0,0,0,0,0,0,0,0,0,1,1,0,0,0
290,C1,20,18,2,0,0,0,0,0,0,0,0,0,0,0,1,2,0,0,0
300,A1,20,20,0,13,0,0,0,0,0,0,0,0,0,1,0,2,0,0,0
300,B0,0,2,19,13,0,0,0,0,0,0,0,0,0,1,0,1,0,0,0
300,B1,8,9,1,4,0,0,0,0,0,0,0,0,0,1,0,2,0,0,0
300,B2,10,0,13,19,0,0,0,0,0,0,0,0,0,1,0,1,0,0,0
300,C1,20,19,1,0,0,0,0,0,0,0,0,0,0,1,0,2,0,0,0
310,A1,16,20,0,15,0,0,0,0,0,0,0,0,0,1,0,2,0,0,0
310,B0,0,1,20,16,0,0,0,0,0,0,0,0,0,1,0,1,0,0,0
310,B1,8,9,1,4,0,0,0,0,0,0,0,0,0,1,0,2,0,0,0
310,B2,7,0,17,20,0,0,0,0,0,0,0,0,0,1,0,1,0,0,0
310,C1,20,16,3,0,0,0,0,0,0,0,0,0,0,1,0,2,0,0,0
320,A1,12,20,0,15,0,0,0,0,0,0,0,0,0,1,0,2,0,0,0
320,B0,0,2,20,19,0,0,0,0,0,0,0,0,0,1,0,1,0,0,0
320,B1,9,7,1,4,0,0,0,0,0,0,0,0,0,1,0,2,0,0,0
320,B2,5,0,20,20,0,0,0,0,0,0,0,0,0,1,0,1,0,0,0
320,C1,20,12,5,0,0,0,0,0,0,0,0,0,0,1,0,2,0,0,0
330,A1,15,20,0,12,0,0,0,0,0,0,0,0,0,0,1,2,0,0,0
330,B0,0,3,20,17,0,0,0,0,0,0,0,0,0,0,1,1,0,0,0
330,B1,7,7,1,3,0,0,0,0,0,0,0,0,0,0,1,2,0,0,0
330,B2,6,0,17,20,0,0,0,0,0,0,0,0,0,0,1,1,0,0,0
330,C1,20,15,4,0,0,0,0,0,0,0,0,0,0,0,1,2,0,0,0
340,A1,18,20,0,8,0,0,0,0,0,0,0,0,0,0,1,2,0,0,0
340,B0,0,5,20,13,0,0,0,0,0,0,0,0,0,0,1,1,0,0,0
340,B1,7,7,1,3,0,0,0,0,0,0,0,0,0,0,1,2,0,0,0
340,B2,9,0,13,20,0,0,0,0,0,0,0,0,0,0,1,1,0,0,0
340,C1,20,19,1,0,0,0,0,0,0,0,0,0,0,0,1,2,0,0,0
350,A1,18,19,0,9,0,0,0,0,0,0,0,0,0,1,0,2,0,0,0
350,B0,0,3,20,15,0,0,0,0,0,0,0,0,0,1,0,1,0,0,0
350,B1,7,5,1,2,0,0,0,0,0,0,0,0,0,1,0,2,0,0,0
350,B2,7,0,13,20,0,0,0,0,0,0,0,0,0,1,0,1,0,0,0
350,C1,20,18,2,0,0,0,0,0,0,0,0,0,0,1,0,2,0,0,0
360,A1,13,19,0,9,0,0,0,0,0,0,0,0,0,1,0,2,0,0,0
360,B0,0,1,20,18,0,0,0,0,0,0,0,0,0,1,0,1,0,0,0
360,B1,8,5,1,2,0,0,0,0,0,0,0,0,0,1,0,2,0,0,0
360,B2,3,0,17,20,0,0,0,0,0,0,0,0,0,1,0,1,0,0,0
360,C1,20,14,3,0,0,0,0,0,0,0,0,0,0,1,0,2,0,0,0
370,A1,13,19,0,8,0,0,0,0,0,0,0,0,0,0,1,2,0,0,0
370,B0,0,3,20,19,0,0,0,0,0,0,0,0,0,0,1,1,0,0,0
370,B1,8,4,2,2,0,0,0,0,0,0,0,0,0,0,1,2,0,0,0
370,B2,1,0,19,19,0,0,0,0,0,0,0,0,0,0,1,1,0,0,0
370,C1,20,13,3,0,0,0,0,0,0,0,0,0,0,0,1,2,0,0,0
380,A1,17,20,0,5,0,0,0,0,0,0,0,0,0,0,1,2,0,0,0
380,B0,0,7,20,15,0,0,0,0,0,0,0,0,0,0,1,1,0,0,0
380,B1,7,4,1,3,0,0,0,0,0,0,0,0,0,0,1,2,0,0,0
380,B2,2,0,15,19,0,0,0,0,0,0,0,0,0,0,1,1,0,0,0
380,C1,20,16,2,0,0,0,0,0,0,0,0,0,0,0,1,2,0,0,0
390,A1,20,20,0,4,0,0,0,0,0,0,0,0,0,0,1,2,0,0,0
390,B0,0,7,19,12,0,0,0,0,0,0,0,0,0,0,1,1,0,0,0
390,B1,7,5,1,2,0,0,0,0,0,0,0,0,0,0,1,2,0,0,0
390,B2,4,0,12,18,0,0,0,0,0,0,0,0,0,0,1,1,0,0,0
390,C1,20,20,1,0,0,0,0,0,0,0,0,0,0,0,1,2,0,0,0
400,A1,16,20,0,4,0,0,0,0,0,0,0,0,0,1,0,2,0,0,0
400,B0,0,5,20,15,0,0,0,0,0,0,0,0,0,1,0,1,0,0,0
400,B1,7,6,1,2,0,0,0,0,0,0,0,0,0,1,0,2,0,0,0
400,B2,1,0,15,20,0,0,0,0,0,0,0,0,0,1,0,1,0,0,0
400,C1,20,16,2,0,0,0,0,0,0,0,0,0,0,1,0,2,0,0,0
410,A1,12,20,0,4,0,0,0,0,0,0,0,0,0,1,0,2,0,0,0
410,B0,0,2,20,19,0,0,0,0,0,0,0,0,0,1,0,1,0,0,0
410,B1,7,4,1,2,0,0,0,0,0,0,0,0,0,1,0,2,0,0,0
410,B2,1,0,19,20,0,0,0,0,0,0,0,0,0,1,0,1,0,0,0
410,C1,20,12,2,0,0,0,0,0,0,0,0,0,0,1,0,2,0,0,0
420,A1,14,20,0,4,0,0,0,0,0,0,0,0,0,0,1,2,0,0,0
420,B0,0,2,20,18,0,0,0,0,0,0,0,0,0,0,1,1,0,0,0
420,B1,7,3,1,2,0,0,0,0,0,0,0,0,0,0,1,2,0,0,0
420,B2,1,0,18,20,0,0,0,0,0,0,0,0,0,0,1,1,0,0,0
420,C1,20,14,1,0,0,0,0,0,0,0,0,0,0,0,1,2,0,0,0
430,A1,18,20,0,2,0,0,0,0,0,0,0,0,0,0,1,2,0,0,0
430,B0,0,2,20,13,0,0,0,0,0,0,0,0,0,0,1,1,0,0,0
430,B1,7,3,3,1,0,0,0,0,0,0,0,0,0,0,1,2,0,0,0
430,B2,2,0,13,20,0,0,0,0,0,0,0,0,0,0,1,1,0,0,0
430,C1,20,18,2,0,0,0,0,0,0,0,0,0,0,0,1,2,0,0,0
440,A1,19,20,0,1,0,0,0,0,0,0,0,0,0,1,0,2,0,0,0
440,B0,0,3,20,13,0,0,0,0,0,0,0,0,0,1,0,1,0,0,0
440,B1,7,4,3,1,0,0,0,0,0,0,0,0,0,1,0,2,0,0,0
440,B2,2,0,13,20,0,0,0,0,0,0,0,0,0,1,0,1,0,0,0
440,C1,20,19,4,0,0,0,0,0,0,0,0,0,0,1,0,2,0,0,0
450,A1,15,20,0,2,0,0,0,0,0,0,0,0,0,1,0,2,0,0,0
450,B0,0,2,20,17,0,0,0,0,0,0,0,0,0,1,0,1,0,0,0
450,B1,7,2,3,1,0,0,0,0,0,0,0,0,0,1,0,2,0,0,0
450,B2,1,0,17,20,0,0,0,0,0,0,0,0,0,1,0,1,0,0,0
450,C1,20,15,5,0,0,0,0,0,0,0,0,0,0,1,0,2,0,0,0
460,A1,12,19,0,4,0,0,0,0,0,0,0,0,0,0,1,2,0,0,0
460,B0,0,1,20,20,0,0,0,0,0,0,0,0,0,0,1,1,0,0,0
460,B1,6,3,4,2,0,0,0,0,0,0,0,0,0,0,1,2,0,0,0
460,B2,1,0,20,20,0,0,0,0,0,0,0,0,0,0,1,1,0,0,0
460,C1,19,12,7,0,0,0,0,0,0,0,0,0,0,0,1,2,0,0,0
470,A1,15,19,0,3,0,0,0,0,0,0,0,0,0,0,1,2,0,0,0
470,B0,0,2,20,16,0,0,0,0,0,0,0,0,0,0,1,1,0,0,0
470,B1,5,2,2,2,0,0,0,0,0,0,0,0,0,0,1,2,0,0,0
470,B2,1,0,16,20,0,0,0,0,0,0,0,0,0,0,1,1,0,0,0
470,C1,20,16,5,0,0,0,0,0,0,0,0,0,0,0,1,2,0,0,0
480,A1,17,20,0,1,0,0,0,0,0,0,0,0,0,0,1,2,0,0,0
480,B0,0,2,20,12,0,0,0,0,0,0,0,0,0,0,1,1,0,0,0
480,B1,5,2,1,2,0,0,0,0,0,0,0,0,0,0,1,2,0,0,0
480,B2,1,0,12,20,0,0,0,0,0,0,0,0,0,0,1,1,0,0,0
480,C1,20,19,2,0,0,0,0,0,0,0,0,0,0,0,1,2,0,0,0
490,A1,17,20,0,1,0,0,0,0,0,0,0,0,0,1,0,2,0,0,0
490,B0,0,1,20,14,0,0,0,0,0,0,0,0,0,1,0,1,0,0,0
490,B1,4,1,1,2,0,0,0,0,0,0,0,0,0,1,0,2,0,0,0
490,B2,2,0,14,20,0,0,0,0,0,0,0,0,0,1,0,1,0,0,0
490,C1,20,17,3,0,0,0,0,0,0,0,0,0,0,1,0,2,0,0,0
500,A1,13,20,0,2,0,0,0,0,0,0,0,0,0,1,0,2,0,0,0
500,B0,0,1,19,18,0,0,0,0,0,0,0,0,0,1,0,1,0,0,0
500,B1,5,2,1,2,0,0,0,0,0,0,0,0,0,1,0,2,0,0,0
500,B2,1,0,19,20,0,0,0,0,0,0,0,0,0,1,0,1,0,0,0
500,C1,20,13,5,0,0,0,0,0,0,0,0,0,0,1,0,2,0,0,0
510,A1,13,20,0,1,0,0,0,0,0,0,0,0,1,0,1,2,0,0,0
510,B0,0,4,20,18,0,0,0,0,0,0,0,0,0,0,1,1,0,0,0
510,B1,3,2,1,1,0,0,0,1,0,0,0,0,0,0,1,1,1,10,0
510,B2,2,0,19,19,0,0,0,0,0,0,0,0,0,0,1,1,0,0,0
510,C1,20,14,4,0,0,0,0,0,0,0,0,0,0,0,1,2,0,0,0
520,A1,17,20,0,1,0,0,0,0,0,0,0,0,0,0,1,2,0,0,0
520,B0,0,4,20,14,0,0,0,0,0,0,0,0,0,0,1,1,0,0,0
520,B1,3,2,2,1,0,0,0,0,0,0,0,0,0,0,1,2,1,13,1
520,B2,3,0,14,19,0,0,0,0,0,0,0,0,0,0,1,1,0,0,0
520,C1,20,17,1,0,0,0,0,0,0,0,0,0,0,0,1,2,0,0,0
530,A1,19,20,0,1,0,0,0,0,0,0,0,0,0,1,0,2,0,0,0
530,B0,0,6,19,13,0,0,0,0,0,0,0,0,0,1,0,1,0,0,0
530,B1,4,2,3,2,0,0,0,0,0,0,0,0,0,1,0,2,1,13,1
530,B2,3,0,12,19,0,0,0,0,0,0,0,0,0,1,0,1,0,0,0
530,C1,20,20,1,0,0,0,0,0,0,0,0,0,0,1,0,2,0,0,0
540,A1,15,20,0,1,0,0,0,0,0,0,0,0,0,1,0,2,0,0,0
540,B0,0,2,20,15,0,0,0,0,0,0,0,0,0,1,0,1,0,0,0
540,B1,4,1,3,1,0,0,0,0,0,0,0,0,0,1,0,2,1,13,1
540,B2,1,0,16,20,0,0,0,0,0,0,0,0,0,1,0,1,0,0,0
540,C1,20,16,1,0,0,0,0,0,0,0,0,0,0,1,0,2,0,0,0
550,A1,12,19,0,2,0,0,0,0,0,0,0,0,0,1,0,2,0,0,0
550,B0,0,1,20,18,0,0,0,0,0,0,0,0,0,1,0,1,0,0,0
550,B1,2,3,3,1,0,0,0,0,0,0,0,0,0,1,0,2,1,13,1
550,B2,1,0,20,20,0,0,0,0,0,0,0,0,0,1,0,1,0,0,0
550,C1,20,12,1,0,0,0,0,0,0,0,0,0,0,1,0,2,0,0,0
560,A1,15,20,0,3,0,0,0,0,0,0,0,0,0,0,1,2,0,0,0
560,B0,0,2,19,17,0,0,0,0,0,0,0,0,0,0,1,1,0,0,0
560,B1,2,1,4,3,0,0,0,0,0,0,0,0,0,0,1,1,1,13,1
560,B2,2,0,17,18,0,0,0,0,0,0,0,0,0,0,1,1,0,0,0
560,C1,20,15,1,0,0,0,0,0,0,0,0,0,0,0,1,2,1,8,1
570,A1,17,20,0,2,0,0,0,0,0,0,0,0,0,0,1,2,0,0,0
570,B0,0,3,19,13,0,0,0,0,0,0,0,0,0,0,1,1,0,0,0
570,B1,2,1,5,2,0,0,0,0,0,0,0,0,0,0,1,1,1,13,1
570,B2,2,0,12,18,0,0,0,0,0,0,0,0,0,0,1,1,0,0,0
570,C1,20,19,1,0,0,0,0,0,0,0,0,0,0,0,1,2,1,8,1
580,A1,18,20,0,2,0,0,0,0,0,0,0,0,0,1,0,2,0,0,0
580,B0,0,1,17,14,0,0,0,0,0,0,0,0,0,1,0,1,0,0,0
580,B1,3,2,4,1,0,0,0,0,0,0,0,0,0,1,0,1,1,13,1
580,B2,1,0,14,19,0,0,0,0,0,0,0,0,0,1,0,1,0,0,0
580,C1,18,18,1,0,0,0,0,0,0,0,0,0,0,1,0,2,1,8,1
590,A1,13,20,0,2,0,0,0,0,0,0,0,0,0,1,0,2,0,0,0
590,B0,0,1,19,17,0,0,0,0,0,0,0,0,0,1,0,1,0,0,0
590,B1,2,2,4,1,0,0,0,0,0,0,0,0,0,1,0,1,1,13,1
590,B2,1,0,18,20,0,0,0,0,0,0,0,0,0,1,0,1,0,0,0
590,C1,15,14,3,0,0,0,0,0,0,0,0,0,0,1,0,2,1,8,1
600,A1,13,20,0,4,0,0,0,0,0,0,0,0,0,0,1,2,0,0,0
600,B0,0,1,20,19,0,0,0,0,0,0,0,0,0,0,1,1,0,0,0
600,B1,2,1,5,2,0,0,0,0,0,0,0,0,0,0,1,1,1,13,1
600,B2,2,0,19,19,0,0,0,0,0,0,0,0,0,0,1,1,0,0,0
600,C1,15,13,4,0,0,0,0,0,0,0,0,0,0,0,1,2,1,8,1
610,A1,16,20,0,1,0,0,0,0,0,0,0,0,0,0,1,2,0,0,0
610,B0,0,2,19,15,0,0,0,0,0,0,0,0,0,0,1,1,0,0,0
610,B1,2,2,2,3,0,0,0,0,0,0,0,0,0,0,1,1,1,13,1
610,B2,2,0,15,19,0,0,0,0,0,0,0,0,0,0,1,1,0,0,0
610,C1,18,16,1,0,0,0,0,0,0,0,0,0,0,0,1,2,1,8,1
620,A1,17,20,0,1,0,0,0,0,0,0,0,0,0,0,1,2,0,0,0
620,B0,0,3,18,13,0,0,0,0,0,0,0,0,0,0,1,1,0,0,0
620,B1,2,2,2,3,0,0,0,0,0,0,0,0,0,0,1,1,1,13,1
620,B2,3,0,12,18,0,0,0,0,0,0,0,0,0,0,1,1,0,0,0
620,C1,20,20,1,0,0,0,0,0,0,0,0,0,0,0,1,2,1,8,1
630,A1,17,20,0,1,0,0,0,0,0,0,0,0,0,1,0,2,0,0,0
630,B0,0,3,19,16,0,0,0,0,0,0,0,0,0,1,0,1,0,0,0
630,B1,3,3,2,3,0,0,0,0,0,0,0,0,0,1,0,2,1,13,1
630,B2,1,0,15,20,0,0,0,0,0,0,0,0,0,1,0,1,0,0,0
630,C1,20,16,1,0,0,0,0,0,0,0,0,0,0,1,0,2,1,8,1
640,A1,13,20,0,1,0,0,0,0,0,0,0,0,0,1,0,2,0,0,0
640,B0,0,1,20,18,0,0,0,0,0,0,0,0,0,1,0,1,0,0,0
640,B1,2,3,2,3,0,0,0,0,0,0,0,0,0,1,0,1,1,13,1
640,B2,1,0,19,20,0,0,0,0,0,0,0,0,0,1,0,1,0,0,0
640,C1,20,12,3,0,0,0,0,0,0,0,0,0,0,1,0,2,1,8,1
650,A1,14,20,0,1,0,0,0,0,0,0,0,0,0,0,1,2,0,0,0
650,B0,0,1,20,18,0,0,0,0,0,0,0,0,0,0,1,1,0,0,0
650,B1,1,1,4,5,0,0,0,0,0,0,0,0,0,0,1,1,1,13,1
650,B2,1,0,17,20,0,0,0,0,0,0,0,0,0,0,1,1,0,0,0
650,C1,20,14,2,0,0,0,0,0,0,0,0,0,0,0,1,2,1,8,1
660,A1,16,20,0,1,0,0,0,0,0,0,0,0,0,0,1,2,0,0,0
660,B0,0,3,20,14,0,0,0,0,0,0,0,0,0,0,1,1,0,0,0
660,B1,1,1,2,5,0,0,0,0,0,0,0,0,0,0,1,1,1,13,1
660,B2,2,0,13,20,0,0,0,0,0,0,0,0,0,0,1,1,0,0,0
660,C1,20,16,1,0,0,0,0,0,0,0,0,0,0,0,1,2,1,8,1
670,A1,17,19,0,3,0,0,0,0,0,0,0,0,0,1,0,2,0,0,0
670,B0,0,2,20,13,0,0,0,0,0,0,0,0,0,1,0,1,0,0,0
670,B1,1,1,1,3,0,0,0,0,0,0,0,0,0,1,0,1,1,13,1
670,B2,1,0,13,20,0,0,0,0,0,0,0,0,0,1,0,1,0,0,0
670,C1,19,19,1,0,0,0,0,0,0,0,0,0,0,1,0,2,1,8,1
680,A1,15,19,0,4,0,0,0,0,0,0,0,0,0,1,0,2,0,0,0
680,B0,0,1,20,16,0,0,0,0,0,0,0,0,0,1,0,1,0,0,0
680,B1,1,4,1,3,0,0,0,0,0,0,0,0,0,1,0,2,1,13,1
680,B2,2,0,17,20,0,0,0,0,0,0,0,0,0,1,0,1,0,0,0
680,C1,18,15,2,0,0,0,0,0,0,0,0,0,0,1,0,2,1,8,1
690,A1,12,18,0,5,0,0,0,0,0,0,0,0,0,0,1,2,0,0,0
690,B0,0,2,20,20,0,0,0,0,0,0,0,0,0,0,1,1,0,0,0
690,B1,5,4,2,4,0,0,0,0,0,0,0,0,0,0,1,2,1,13,1
690,B2,3,0,20,20,0,0,0,0,0,0,0,0,0,0,1,1,0,0,0
690,C1,17,14,3,0,0,0,0,0,0,0,0,0,0,0,1,2,1,8,1
700,A1,14,20,0,1,0,0,0,0,0,0,0,0,0,0,1,2,0,0,0
700,B0,0,2,20,16,0,0,0,0,0,0,0,0,0,0,1,1,0,0,0
700,B1,1,3,3,2,0,0,0,0,0,0,0,0,0,0,1,1,1,13,1
700,B2,5,0,16,19,0,0,0,0,0,0,0,0,0,0,1,1,0,0,0
700,C1,20,17,1,0,0,0,0,0,0,0,0,0,0,0,1,2,1,8,1
710,A1,15,20,0,2,0,0,0,0,0,0,0,0,0,0,1,2,0,0,0
710,B0,0,2,20,12,0,0,0,0,0,0,0,0,0,0,1,1,0,0,0
710,B1,1,3,3,2,0,0,0,0,0,0,0,0,0,0,1,1,1,13,1
710,B2,7,0,12,19,0,0,0,0,0,0,0,0,0,0,1,1,0,0,0
710,C1,20,20,1,0,0,0,0,0,0,0,0,0,0,0,1,2,1,8,1
720,A1,12,20,0,3,0,0,0,0,0,0,0,0,0,1,0,2,0,0,0
720,B0,0,3,19,14,0,0,0,0,0,0,0,0,0,1,0,1,0,0,0
720,B1,2,3,3,1,0,0,0,0,0,0,0,0,0,1,0,2,1,13,1
720,B2,4,0,14,20,0,0,0,0,0,0,0,0,0,1,0,1,0,0,0
720,C1,18,17,1,0,0,0,0,0,0,0,0,0,0,1,0,2,1,8,1
730,A1,8,20,0,4,0,0,0,0,0,0,0,0,0,1,0,2,0,0,0
730,B0,0,1,19,19,0,0,0,0,0,0,0,0,0,1,0,1,0,0,0
730,B1,1,1,3,1,0,0,0,0,0,0,0,0,0,1,0,1,1,13,1
730,B2,1,0,18,20,0,0,0,0,0,0,0,0,0,1,0,1,0,0,0
730,C1,18,13,2,0,0,0,0,0,0,0,0,0,0,1,0,2,1,8,1
740,A1,10,20,0,2,0,0,0,0,0,0,0,0,0,0,1,2,0,0,0
740,B0,0,1,19,18,0,0,0,0,0,0,0,0,0,0,1,1,0,0,0
740,B1,2,2,2,3,0,0,0,0,0,0,0,0,0,0,1,1,1,13,1
740,B2,1,0,18,19,0,0,0,0,0,0,0,0,0,0,1,1,0,0,0
740,C1,18,13,1,0,0,0,0,0,0,0,0,0,0,0,1,2,1,8,1
750,A1,12,20,0,1,0,0,0,0,0,0,0,0,0,0,1,2,0,0,0
750,B0,0,2,20,15,0,0,0,0,0,0,0,0,0,0,1,1,0,0,0
750,B1,2,2,1,2,0,0,0,0,0,0,0,0,0,0,1,2,1,13,1
750,B2,2,0,14,16,0,0,0,0,0,0,0,0,0,0,1,1,0,0,0
750,C1,20,17,3,0,0,0,0,0,0,0,0,0,0,0,1,2,1,8,1
760,A1,12,20,0,2,0,0,0,0,0,0,0,0,0,1,0,2,0,0,0
760,B0,0,3,18,13,0,0,0,0,0,0,0,0,0,1,0,1,0,0,0
760,B1,2,2,1,2,0,0,0,0,0,0,0,0,0,1,0,2,1,13,1
760,B2,2,0,12,15,0,0,0,0,0,0,0,0,0,1,0,1,0,0,0
760,C1,20,20,3,0,0,0,0,0,0,0,0,0,0,1,0,2,1,8,1
770,A1,11,19,0,3,0,0,0,0,0,0,0,0,0,1,0,2,0,0,0
770,B0,0,1,19,16,0,0,0,0,0,0,0,0,0,1,0,1,0,0,0
770,B1,1,1,1,2,0,0,0,0,0,0,0,0,0,1,0,1,1,13,1
770,B2,2,0,15,19,0,0,0,0,0,0,0,0,0,1,0,1,0,0,0
770,C1,20,15,4,0,0,0,0,0,0,0,0,0,0,1,0,2,1,8,1
780,A1,8,18,0,3,0,0,0,0,0,0,0,0,0,1,0,2,0,0,0
780,B0,0,2,20,19,0,0,0,0,0,0,0,0,0,1,0,1,0,0,0
780,B1,1,1,1,2,0,0,0,0,0,0,0,0,0,1,0,1,1,13,1
780,B2,1,0,19,20,0,0,0,0,0,0,0,0,0,1,0,1,0,0,0
780,C1,19,12,4,0,0,0,0,0,0,0,0,0,0,1,0,2,1,8,1
790,A1,9,20,0,1,0,0,0,0,0,0,0,0,0,0,1,2,0,0,0
790,B0,0,2,20,16,0,0,0,0,0,0,0,0,0,0,1,1,0,0,0
790,B1,2,2,2,2,0,0,0,0,0,0,0,0,0,0,1,1,1,13,1
790,B2,2,0,17,20,0,0,0,0,0,0,0,0,0,0,1,1,0,0,0
790,C1,20,15,2,0,0,0,0,0,0,0,0,0,0,0,1,2,1,8,1
800,A1,11,19,0,1,0,0,0,0,0,0,0,0,0,0,1,2,0,0,0
800,B0,0,4,20,12,0,0,0,0,0,0,0,0,0,0,1,1,0,0,0
800,B1,2,2,1,3,0,0,0,0,0,0,0,0,0,0,1,1,1,13,1
800,B2,3,0,13,20,0,0,0,0,0,0,0,0,0,0,1,1,0,0,0
800,C1,20,19,1,0,0,0,0,0,0,0,0,0,0,0,1,2,1,8,1
810,A1,11,20,0,3,0,0,0,0,0,0,0,0,0,1,0,2,0,0,0
810,B0,0,4,20,13,0,0,0,0,0,0,0,0,0,1,0,1,0,0,0
810,B1,2,4,1,2,0,0,0,0,0,0,0,0,0,1,0,2,1,13,1
810,B2,2,0,15,20,0,0,0,0,0,0,0,0,0,1,0,1,0,0,0
810,C1,20,18,2,0,0,0,0,0,0,0,0,0,0,1,0,2,1,8,1
820,A1,10,20,0,5,0,0,0,0,0,0,0,0,0,1,0,2,0,0,0
820,B0,0,1,20,17,0,0,0,0,0,0,0,0,0,1,0,1,0,0,0
820,B1,2,4,1,2,0,0,0,0,0,0,0,0,0,1,0,2,1,13,1
820,B2,1,0,18,20,0,0,0,0,0,0,0,0,0,1,0,1,0,0,0
820,C1,20,14,4,0,0,0,0,0,0,0,0,0,0,1,0,2,1,8,1
830,A1,9,19,0,4,0,0,0,0,0,0,0,0,0,0,1,2,0,0,0
830,B0,0,2,20,19,0,0,0,0,0,0,0,0,0,0,1,1,0,0,0
830,B1,2,3,1,3,0,0,0,0,0,0,0,0,0,0,1,2,1,13,1
830,B2,2,0,19,20,0,0,0,0,0,0,0,0,0,0,1,1,0,0,0
830,C1,19,13,3,0,0,0,0,0,0,0,0,0,0,0,1,2,1,8,1
840,A1,9,19,0,2,0,0,0,0,0,0,0,0,0,0,1,2,0,0,0
840,B0,0,3,20,15,0,0,0,0,0,0,0,0,0,0,1,1,0,0,0
840,B1,2,2,2,2,0,0,0,0,0,0,0,0,0,0,1,1,1,13,1
840,B2,3,0,15,20,0,0,0,0,0,0,0,0,0,0,1,1,0,0,0
840,C1,19,17,2,0,0,0,0,0,0,0,0,0,0,0,1,2,1,8,1
850,A1,11,19,0,2,0,0,0,0,0,0,0,0,0,0,1,2,0,0,0
850,B0,0,5,19,12,0,0,0,0,0,0,0,0,0,0,1,1,0,0,0
850,B1,3,2,2,2,0,0,0,0,0,0,0,0,0,0,1,2,1,13,1
850,B2,4,0,12,19,0,0,0,0,0,0,0,0,0,0,1,1,0,0,0
850,C1,20,20,1,0,0,0,0,0,0,0,0,0,0,0,1,2,1,8,1
860,A1,8,20,0,2,0,0,0,0,0,0,0,0,0,1,0,2,0,0,0
860,B0,0,2,20,15,0,0,0,0,0,0,0,0,0,1,0,1,0,0,0
860,B1,4,4,2,2,0,0,0,0,0,0,0,0,0,1,0,2,1,13,1
860,B2,1,0,15,20,0,0,0,0,0,0,0,0,0,1,0,1,0,0,0
860,C1,20,17,1,0,0,0,0,0,0,0,0,0,0,1,0,2,1,8,1
870,A1,6,20,0,2,0,0,0,0,0,0,0,0,0,1,0,2,0,0,0
870,B0,0,1,20,19,0,0,0,0,0,0,0,0,0,1,0,1,0,0,0
870,B1,4,1,2,2,0,0,0,0,0,0,0,0,0,1,0,2,1,13,1
870,B2,1,0,19,20,0,0,0,0,0,0,0,0,0,1,0,1,0,0,0
870,C1,18,13,1,0,0,0,0,0,0,0,0,0,0,1,0,2,1,8,1
880,A1,7,20,0,2,0,0,0,0,0,0,0,0,0,0,1,2,0,0,0
880,B0,0,4,20,18,0,0,0,0,0,0,0,0,0,0,1,1,0,0,0
880,B1,3,2,1,2,0,0,0,0,0,0,0,0,0,0,1,2,1,13,1
880,B2,1,0,18,20,0,0,0,0,0,0,0,0,0,0,1,1,0,0,0
880,C1,17,15,2,0,0,0,0,0,0,0,0,0,0,0,1,2,1,8,1
890,A1,8,20,0,1,0,0,0,0,0,0,0,0,0,0,1,2,0,0,0
890,B0,0,5,20,14,0,0,0,0,0,0,0,0,0,0,1,1,0,0,0
890,B1,3,2,1,1,0,0,0,0,0,0,0,0,0,0,1,2,1,13,1
890,B2,3,0,14,20,0,0,0,0,0,0,0,0,0,0,1,1,0,0,0
890,C1,19,19,1,0,0,0,0,0,0,0,0,0,0,0,1,2,1,8,1
900,A1,10,20,0,1,0,0,0,0,0,0,0,0,0,1,0,2,0,0,0
900,B0,0,4,20,13,0,0,0,0,0,0,0,0,0,1,0,1,0,0,0
900,B1,4,2,3,1,0,0,0,0,0,0,0,0,0,1,0,2,1,13,1
900,B2,2,0,14,20,0,0,0,0,0,0,0,0,0,1,0,1,0,0,0
900,C1,20,19,3,0,0,0,0,0,0,0,0,0,0,1,0,2,1,8,1
910,A1,8,20,0,1,0,0,0,0,0,0,0,0,0,1,0,2,0,0,0
910,B0,0,1,20,17,0,0,0,0,0,0,0,0,0,1,0,1,0,0,0
910,B1,2,3,3,1,0,0,0,0,0,0,0,0,0,1,0,2,1,13,1
910,B2,1,0,17,20,0,0,0,0,0,0,0,0,0,1,0,1,0,0,0
910,C1,20,15,3,0,0,0,0,0,0,0,0,0,0,1,0,2,1,8,1
920,A1,6,19,0,3,0,0,0,0,0,0,0,0,0,0,1,2,0,0,0
920,B0,0,3,20,20,0,0,0,0,0,0,0,0,0,0,1,1,0,0,0
920,B1,2,2,3,2,0,0,0,0,0,0,0,0,0,0,1,1,1,13,1
920,B2,1,0,20,20,0,0,0,0,0,0,0,0,0,0,1,1,0,0,0
920,C1,19,13,3,0,0,0,0,0,0,0,0,0,0,0,1,2,1,8,1
930,A1,7,19,0,2,0,0,0,0,0,0,0,0,0,0,1,2,0,0,0
930,B0,0,3,20,16,0,0,0,0,0,0,0,0,0,0,1,1,0,0,0
930,B1,2,2,2,2,0,0,0,0,0,0,0,0,0,0,1,1,1,13,1
930,B2,3,0,16,20,0,0,0,0,0,0,0,0,0,0,1,1,0,0,0
930,C1,20,16,1,0,0,0,0,0,0,0,0,0,0,0,1,2,1,8,1
940,A1,9,19,0,2,0,0,0,0,0,0,0,0,0,0,1,2,0,0,0
940,B0,0,3,21,12,0,0,0,0,0,0,0,0,0,0,1,1,0,0,0
940,B1,2,2,2,1,0,0,0,0,0,0,0,0,0,0,1,2,1,13,1
940,B2,3,0,12,20,0,0,0,0,0,0,0,0,0,0,1,1,0,0,0
940,C1,20,19,1,0,0,0,0,0,0,0,0,0,0,0,1,2,1,8,1
950,A1,7,20,0,3,0,0,0,0,0,0,0,0,0,1,0,2,0,0,0
950,B0,0,1,20,14,0,0,0,0,0,0,0,0,0,1,0,1,0,0,0
950,B1,3,2,2,3,0,0,0,0,0,0,0,0,0,1,0,1,1,13,1
950,B2,1,0,15,20,0,0,0,0,0,0,0,0,0,1,0,1,0,0,0
950,C1,20,17,1,0,0,0,0,0,0,0,0,0,0,1,0,2,1,8,1
960,A1,6,20,0,4,0,0,0,0,0,0,0,0,0,1,0,2,0,0,0
960,B0,0,1,20,18,0,0,0,0,0,0,0,0,0,1,0,1,0,0,0
960,B1,2,1,2,3,0,0,0,0,0,0,0,0,0,1,0,1,1,13,1
960,B2,2,0,19,20,0,0,0,0,0,0,0,0,0,1,0,1,0,0,0
960,C1,20,13,1,0,0,0,0,0,0,0,0,0,0,1,0,2,1,8,1
970,A1,6,20,0,3,0,0,0,0,0,0,0,0,0,0,1,2,0,0,0
970,B0,0,1,20,19,0,0,0,0,0,0,0,0,0,0,1,1,0,0,0
970,B1,1,2,3,4,0,0,0,0,0,0,0,0,0,0,1,1,1,13,1
970,B2,3,0,18,20,0,0,0,0,0,0,0,0,0,0,1,1,0,0,0
970,C1,20,14,1,0,0,0,0,0,0,0,0,0,0,0,1,2,1,8,1
980,A1,7,20,0,2,0,0,0,0,0,0,0,0,0,0,1,2,0,0,0
980,B0,0,2,20,14,0,0,0,0,0,0,0,0,0,0,1,1,0,0,0
980,B1,2,2,3,5,0,0,0,0,0,0,0,0,0,0,1,1,1,13,1
980,B2,3,0,15,20,0,0,0,0,0,0,0,0,0,0,1,1,0,0,0
980,C1,20,17,2,0,0,0,0,0,0,0,0,0,0,0,1,2,1,8,1
990,A1,7,20,0,2,0,0,0,0,0,0,0,0,0,1,0,2,0,0,0
990,B0,0,3,19,13,0,0,0,0,0,0,0,0,0,1,0,1,0,0,0
990,B1,2,1,3,5,0,0,0,0,0,0,0,0,0,1,0,1,1,13,1
990,B2,2,0,14,20,0,0,0,0,0,0,0,0,0,1,0,1,0,0,0
990,C1,20,19,1,0,0,0,0,0,0,0,0,0,0,1,0,2,1,8,1
1000,A1,6,20,0,2,0,0,0,0,0,0,0,0,0,1,0,2,0,0,0
1000,B0,0,1,20,16,0,0,0,0,0,0,0,0,0,1,0,1,0,0,0
1000,B1,4,2,3,5,0,0,0,0,0,0,0,0,0,1,0,1,1,13,1
1000,B2,2,0,17,20,0,0,0,0,0,0,0,0,0,1,0,1,0,0,0
1000,C1,20,15,2,0,0,0,0,0,0,0,0,0,0,1,0,2,1,8,1
1010,A1,5,19,0,2,0,0,0,0,0,0,0,0,0,1,0,2,0,0,0
1010,B0,0,3,20,20,0,0,0,0,0,0,0,0,0,1,0,1,0,0,0
1010,B1,2,1,3,5,0,0,0,0,0,0,0,0,0,1,0,1,1,13,1
1010,B2,1,0,20,20,0,0,0,0,0,0,0,0,0,1,0,1,0,0,0
1010,C1,19,12,3,0,0,0,0,0,0,0,0,0,0,1,0,2,1,8,1
1020,A1,5,20,0,1,0,0,0,0,0,0,0,0,0,0,1,2,0,0,0
1020,B0,0,5,20,16,0,0,0,0,0,0,0,0,0,0,1,1,0,0,0
1020,B1,2,1,4,4,0,0,0,0,0,0,0,0,0,0,1,1,1,13,1
1020,B2,2,0,17,20,0,0,0,0,0,0,0,0,0,0,1,1,0,0,0
1020,C1,19,15,2,0,0,0,0,0,0,0,0,0,0,0,1,2,1,8,1
1030,A1,7,20,0,1,0,0,0,0,0,0,0,0,0,0,1,2,0,0,0
1030,B0,0,6,20,13,0,0,0,0,0,0,0,0,0,0,1,1,0,0,0
1030,B1,2,1,4,4,0,0,0,0,0,0,0,0,0,0,1,1,1,13,1
1030,B2,3,0,13,20,0,0,0,0,0,0,0,0,0,0,1,1,0,0,0
1030,C1,19,19,1,0,0,0,0,0,0,0,0,0,0,0,1,2,1,8,1
1040,A1,7,20,0,2,0,0,0,0,0,0,0,0,0,1,0,2,0,0,0
1040,B0,0,4,20,13,0,0,0,0,0,0,0,0,0,1,0,1,0,0,0
1040,B1,2,2,3,3,0,0,0,0,0,0,0,0,0,1,0,1,1,13,1
1040,B2,1,0,14,20,0,0,0,0,0,0,0,0,0,1,0,1,0,0,0
1040,C1,18,18,2,0,0,0,0,0,0,0,0,0,0,1,0,2,1,8,1
1050,A1,4,20,0,4,0,0,0,0,0,0,0,0,0,1,0,2,0,0,0
1050,B0,0,1,20,18,0,0,0,0,0,0,0,0,0,1,0,1,0,0,0
1050,B1,2,2,3,3,0,0,0,0,0,0,0,0,0,1,0,1,1,13,1
1050,B2,1,0,18,20,0,0,0,0,0,0,0,0,0,1,0,1,0,0,0
1050,C1,19,14,2,0,0,0,0,0,0,0,0,0,0,1,0,2,1,8,1
1060,A1,2,19,0,5,0,0,0,0,0,0,0,0,0,0,1,2,0,0,0
1060,B0,0,1,20,19,0,0,0,0,0,0,0,0,0,0,1,1,0,0,0
1060,B1,2,2,3,5,0,0,0,0,0,0,0,0,0,0,1,1,1,13,1
1060,B2,1,0,19,20,0,0,0,0,0,0,0,0,0,0,1,1,0,0,0
1060,C1,19,13,2,0,0,0,0,0,0,0,0,0,0,0,1,2,1,8,1
1070,A1,5,19,0,2,0,0,0,0,0,0,0,0,0,0,1,2,0,0,0
1070,B0,0,1,20,15,0,0,0,0,0,0,0,0,0,0,1,1,0,0,0
1070,B1,2,2,2,5,0,0,0,0,0,0,0,0,0,0,1,1,1,13,1
1070,B2,2,0,15,20,0,0,0,0,0,0,0,0,0,0,1,1,0,0,0
1070,C1,20,17,2,0,0,0,0,0,0,0,0,0,0,0,1,2,1,8,1
1080,A1,5,19,0,2,0,0,0,0,0,0,0,0,0,0,1,2,0,0,0
1080,B0,0,1,19,12,0,0,0,0,0,0,0,0,0,0,1,1,0,0,0
1080,B1,2,2,1,5,0,0,0,0,0,0,0,0,0,0,1,1,1,13,1
1080,B2,2,0,12,19,0,0,0,0,0,0,0,0,0,0,1,1,0,0,0
1080,C1,20,20,1,0,0,0,0,0,0,0,0,0,0,0,1,2,1,8,1
1090,A1,4,20,0,2,0,0,0,0,0,0,0,0,0,1,0,2,0,0,0
1090,B0,0,1,20,16,0,0,0,0,0,0,0,0,0,1,0,1,0,0,0
1090,B1,4,3,1,4,0,0,0,0,0,0,0,0,0,1,0,2,1,13,1
1090,B2,1,0,15,20,0,0,0,0,0,0,0,0,0,1,0,1,0,0,0
1090,C1,20,16,3,0,0,0,0,0,0,0,0,0,0,1,0,2,1,8,1
1100,A1,2,20,0,3,0,0,0,0,0,0,0,0,0,1,0,2,0,0,0
1100,B0,0,1,20,19,0,0,0,0,0,0,0,0,0,1,0,1,0,0,0
1100,B1,5,4,1,4,0,0,0,0,0,0,0,0,0,1,0,2,1,13,1
1100,B2,1,0,19,20,0,0,0,0,0,0,0,0,0,1,0,1,0,0,0
1100,C1,20,12,3,0,0,0,0,0,0,0,0,0,0,1,0,2,1,8,1
1110,A1,4,20,0,1,0,0,0,0,0,0,0,0,0,0,1,2,0,0,0
1110,B0,0,2,20,17,0,0,0,0,0,0,0,0,0,0,1,1,0,0,0
1110,B1,3,1,4,3,0,0,0,0,0,0,0,0,0,0,1,1,1,13,1
1110,B2,1,0,18,20,0,0,0,0,0,0,0,0,0,0,1,1,0,0,0
1110,C1,20,14,1,0,0,0,0,0,0,0,0,0,0,0,1,2,1,8,1
1120,A1,6,20,0,1,0,0,0,0,0,0,0,0,0,0,1,2,0,0,0
1120,B0,0,5,20,14,0,0,0,0,0,0,0,0,0,0,1,1,0,0,0
1120,B1,3,1,2,3,0,0,0,0,0,0,0,0,0,0,1,1,1,13,1
1120,B2,1,0,13,20,0,0,0,0,0,0,0,0,0,0,1,1,0,0,0
1120,C1,20,18,1,0,0,0,0,0,0,0,0,0,0,0,1,2,1,8,1
1130,A1,6,20,0,1,0,0,0,0,0,0,0,0,0,1,0,2,0,0,0
1130,B0,0,6,20,13,0,0,0,0,0,0,0,0,0,1,0,1,0,0,0
1130,B1,4,3,2,3,0,0,0,0,0,0,0,0,0,1,0,2,1,13,1
1130,B2,2,0,13,20,0,0,0,0,0,0,0,0,0,1,0,1,0,0,0
1130,C1,20,19,2,0,0,0,0,0,0,0,0,0,0,1,0,2,1,8,1
1140,A1,3,21,0,3,0,0,0,0,0,0,0,0,0,1,0,2,0,0,0
1140,B0,0,2,20,17,0,0,0,0,0,0,0,0,0,1,0,1,0,0,0
1140,B1,7,2,2,3,0,0,0,0,0,0,0,0,0,1,0,2,1,13,1
1140,B2,2,0,17,20,0,0,0,0,0,0,0,0,0,1,0,1,0,0,0
1140,C1,20,15,1,0,0,0,0,0,0,0,0,0,0,1,0,2,1,8,1
1150,A1,1,20,0,3,0,0,0,0,0,0,0,0,0,0,1,2,0,0,0
1150,B0,0,2,20,20,0,0,0,0,0,0,0,0,0,0,1,1,0,0,0
1150,B1,5,2,2,3,0,0,0,0,0,0,0,0,0,0,1,2,1,13,1
1150,B2,3,0,20,20,0,0,0,0,0,0,0,0,0,0,1,1,0,0,0
1150,C1,19,12,2,0,0,0,0,0,0,0,0,0,0,0,1,2,1,8,1
1160,A1,2,20,0,1,0,0,0,0,0,0,0,0,0,0,1,2,0,0,0
1160,B0,0,3,20,16,0,0,0,0,0,0,0,0,0,0,1,1,0,0,0
1160,B1,5,2,1,2,0,0,0,0,0,0,0,0,0,0,1,2,1,13,1
1160,B2,2,0,16,20,0,0,0,0,0,0,0,0,0,0,1,1,0,0,0
1160,C1,19,16,1,0,0,0,0,0,0,0,0,0,0,0,1,2,1,8,1
1170,A1,4,20,0,1,0,0,0,0,0,0,0,0,0,0,1,2,0,0,0
1170,B0,0,4,20,12,0,0,0,0,0,0,0,0,0,0,1,1,0,0,0
1170,B1,5,2,2,2,0,0,0,0,0,0,0,0,0,0,1,2,1,13,1
1170,B2,2,0,12,20,0,0,0,0,0,0,0,0,0,0,1,1,0,0,0
1170,C1,19,19,1,0,0,0,0,0,0,0,0,0,0,0,1,2,1,8,1
1180,A1,3,20,0,2,0,0,0,0,0,0,0,0,0,1,0,2,0,0,0
1180,B0,0,2,20,14,0,0,0,0,0,0,0,0,0,1,0,1,0,0,0
1180,B1,5,1,2,2,0,0,0,0,0,0,0,0,0,1,0,2,1,13,1
1180,B2,2,0,15,20,0,0,0,0,0,0,0,0,0,1,0,1,0,0,0
1180,C1,20,17,1,0,0,0,0,0,0,0,0,0,0,1,0,2,1,8,1
1190,A1,2,20,0,1,0,0,0,0,0,0,0,0,0,1,0,2,0,0,0
1190,B0,0,1,20,19,0,0,0,0,0,0,0,0,0,1,0,1,0,0,0
1190,B1,5,2,2,2,0,0,0,0,0,0,0,0,0,1,0,2,1,13,1
1190,B2,2,0,18,20,0,0,0,0,0,0,0,0,0,1,0,1,0,0,0
1190,C1,20,13,2,0,0,0,0,0,0,0,0,0,0,1,0,2,1,8,1
1200,A1,3,20,0,1,0,0,0,0,0,0,0,0,0,0,1,2,0,0,0
1200,B0,0,3,20,18,0,0,0,0,0,0,0,0,0,0,1,1,0,0,0
1200,B1,4,2,3,2,0,0,0,0,0,0,0,0,0,0,1,2,1,13,1
1200,B2,1,0,18,20,0,0,0,0,0,0,0,0,0,0,1,1,0,0,0
1200,C1,20,14,2,0,0,0,0,0,0,0,0,0,0,0,1,2,1,8,1
1210,A1,5,20,0,2,0,0,0,0,0,0,0,0,0,0,1,2,0,0,0
1210,B0,0,3,20,14,0,0,0,0,0,0,0,0,0,0,1,1,0,0,0
1210,B1,4,2,1,2,0,0,0,0,0,0,0,0,0,0,1,2,1,13,1
1210,B2,1,0,14,20,0,0,0,0,0,0,0,0,0,0,1,1,0,0,0
1210,C1,20,17,1,0,0,0,0,0,0,0,0,0,0,0,1,2,1,8,1
1220,A1,5,20,0,3,0,0,0,0,0,0,0,0,0,1,0,2,0,0,0
1220,B0,0,3,19,13,0,0,0,0,0,0,0,0,0,1,0,1,0,0,0
1220,B1,4,2,1,2,0,0,0,0,0,0,0,0,0,1,0,2,1,13,1
1220,B2,2,0,13,18,0,0,0,0,0,0,0,0,0,1,0,1,0,0,0
1220,C1,20,19,2,0,0,0,0,0,0,0,0,0,0,1,0,2,1,8,1
1230,A1,3,20,0,2,0,0,0,0,0,0,0,0,0,1,0,2,0,0,0
1230,B0,0,1,20,16,0,0,0,0,0,0,0,0,0,1,0,1,0,0,0
1230,B1,3,1,2,1,0,0,0,0,0,0,0,0,0,1,0,2,1,13,1
1230,B2,1,0,16,19,0,0,0,0,0,0,0,0,0,1,0,1,0,0,0
1230,C1,20,16,2,0,0,0,0,0,0,0,0,0,0,1,0,2,1,8,1
1240,A1,2,19,0,3,0,0,0,0,0,0,0,0,0,1,0,2,0,0,0
1240,B0,0,3,20,20,0,0,0,0,0,0,0,0,0,1,0,1,0,0,0
1240,B1,3,1,2,1,0,0,0,0,0,0,0,0,0,1,0,2,1,13,1
1240,B2,1,0,20,20,0,0,0,0,0,0,0,0,0,1,0,1,0,0,0
1240,C1,20,12,2,0,0,0,0,0,0,0,0,0,0,1,0,2,1,8,1
1250,A1,3,20,0,1,0,0,0,0,0,0,0,0,0,0,1,2,0,0,0
1250,B0,0,3,20,17,0,0,0,0,0,0,0,0,0,0,1,1,0,0,0
1250,B1,2,1,1,1,0,0,0,0,0,0,0,0,0,0,1,2,1,13,1
1250,B2,2,0,17,20,0,0,0,0,0,0,0,0,0,0,1,1,0,0,0
1250,C1,20,15,1,0,0,0,0,0,0,0,0,0,0,0,1,2,1,8,1
1260,A1,5,20,0,1,0,0,0,0,0,0,0,0,0,0,1,2,0,0,0
1260,B0,0,3,20,13,0,0,0,0,0,0,0,0,0,0,1,1,0,0,0
1260,B1,2,1,2,3,0,0,0,0,0,0,0,0,0,0,1,1,1,13,1
1260,B2,2,0,13,20,0,0,0,0,0,0,0,0,0,0,1,1,0,0,0
1260,C1,20,19,2,0,0,0,0,0,0,0,0,0,0,0,1,2,1,8,1
1270,A1,5,20,0,3,0,0,0,0,0,0,0,0,0,1,0,2,0,0,0
1270,B0,0,4,20,14,0,0,0,0,0,0,0,0,0,1,0,1,0,0,0
1270,B1,2,1,2,2,0,0,0,0,0,0,0,0,0,1,0,1,1,13,1
1270,B2,1,0,14,19,0,0,0,0,0,0,0,0,0,1,0,1,0,0,0
1270,C1,20,18,3,0,0,0,0,0,0,0,0,0,0,1,0,2,1,8,1
1280,A1,3,20,0,1,0,0,0,0,0,0,0,0,0,1,0,2,0,0,0
1280,B0,0,1,20,18,0,0,0,0,0,0,0,0,0,1,0,1,0,0,0
1280,B1,1,2,2,2,0,0,0,0,0,0,0,0,0,1,0,1,1,13,1
1280,B2,1,0,18,20,0,0,0,0,0,0,0,0,0,1,0,1,0,0,0
1280,C1,20,14,4,0,0,0,0,0,0,0,0,0,0,1,0,2,1,8,1
1290,A1,2,20,0,1,0,0,0,0,0,0,0,0,0,0,1,2,0,0,0
1290,B0,0,4,20,19,0,0,0,0,0,0,0,0,0,0,1,1,0,0,0
1290,B1,1,2,2,3,0,0,0,0,0,0,0,0,0,0,1,1,1,13,1
1290,B2,1,0,19,21,0,0,0,0,0,0,0,0,0,0,1,1,0,0,0
1290,C1,20,13,4,0,0,0,0,0,0,0,0,0,0,0,1,2,1,8,1
1300,A1,2,20,0,3,0,0,0,0,0,0,0,0,0,0,1,2,0,0,0
1300,B0,0,4,20,15,0,0,0,0,0,0,0,0,0,0,1,1,0,0,0
1300,B1,1,3,1,2,0,0,0,0,0,0,0,0,0,0,1,2,1,13,1
1300,B2,2,0,15,21,0,0,0,0,0,0,0,0,0,0,1,1,0,0,0
1300,C1,20,17,1,0,0,0,0,0,0,0,0,0,0,0,1,2,1,8,1
1310,A1,6,20,0,1,0,0,0,0,0,0,0,0,0,0,1,2,0,0,0
1310,B0,0,4,19,12,0,0,0,0,0,0,0,0,0,0,1,1,0,0,0
1310,B1,1,4,1,3,0,0,0,0,0,0,0,0,0,0,1,2,1,13,1
1310,B2,2,0,13,20,0,0,0,0,0,0,0,0,0,0,1,1,0,0,0
1310,C1,20,20,2,0,0,0,0,0,0,0,0,0,0,0,1,2,1,8,1
1320,A1,3,20,0,1,0,0,0,0,0,0,0,0,0,1,0,2,0,0,0
1320,B0,0,4,20,15,0,0,0,0,0,0,0,0,0,1,0,1,0,0,0
1320,B1,1,3,1,4,0,0,0,0,0,0,0,0,0,1,0,1,1,13,1
1320,B2,1,0,16,20,0,0,0,0,0,0,0,0,0,1,0,1,0,0,0
1320,C1,20,16,3,0,0,0,0,0,0,0,0,0,0,1,0,2,1,8,1
1330,A1,3,20,0,1,0,0,0,0,0,0,0,0,0,1,0,2,0,0,0
1330,B0,0,2,20,19,0,0,0,0,0,0,0,0,0,1,0,1,0,0,0
1330,B1,2,4,1,1,0,0,0,0,0,0,0,0,0,1,0,2,1,13,1
1330,B2,1,0,19,20,0,0,0,0,0,0,0,0,0,1,0,1,0,0,0
1330,C1,20,13,3,0,0,0,0,0,0,0,0,0,0,1,0,2,1,8,1
1340,A1,1,19,0,1,0,0,0,0,0,0,0,0,0,0,1,2,0,0,0
1340,B0,0,4,20,18,0,0,0,0,0,0,0,0,0,0,1,1,0,0,0
1340,B1,3,3,1,1,0,0,0,0,0,0,0,0,0,0,1,2,1,13,1
1340,B2,2,0,18,20,0,0,0,0,0,0,0,0,0,0,1,1,0,0,0
1340,C1,20,14,2,0,0,0,0,0,0,0,0,0,0,0,1,2,1,8,1
1350,A1,3,20,0,1,0,0,0,0,0,0,0,0,0,0,1,2,0,0,0
1350,B0,0,4,20,14,0,0,0,0,0,0,0,0,0,0,1,1,0,0,0
1350,B1,2,3,2,2,0,0,0,0,0,0,0,0,0,0,1,2,1,13,1
1350,B2,2,0,14,20,0,0,0,0,0,0,0,0,0,0,1,1,0,0,0
1350,C1,20,18,1,0,0,0,0,0,0,0,0,0,0,0,1,2,1,8,1
1360,A1,4,20,0,1,0,0,0,0,0,0,0,0,0,1,0,2,0,0,0
1360,B0,0,3,20,13,0,0,0,0,0,0,0,0,0,1,0,1,0,0,0
1360,B1,1,2,3,3,0,0,0,0,0,0,0,0,0,1,0,1,1,13,1
1360,B2,2,0,13,20,0,0,0,0,0,0,0,0,0,1,0,1,0,0,0
1360,C1,20,19,2,0,0,0,0,0,0,0,0,0,0,1,0,2,1,8,1
1370,A1,1,20,0,2,0,0,0,0,0,0,0,0,0,1,0,2,0,0,0
1370,B0,0,1,20,17,0,0,0,0,0,0,0,0,0,1,0,1,0,0,0
1370,B1,1,3,3,2,0,0,0,0,0,0,0,0,0,1,0,1,1,13,1
1370,B2,2,0,17,20,0,0,0,0,0,0,0,0,0,1,0,1,0,0,0
1370,C1,20,15,2,0,0,0,0,0,0,0,0,0,0,1,0,2,1,8,1
1380,A1,1,19,0,4,0,0,0,0,0,0,0,0,1,0,1,2,0,0,0
1380,B0,0,2,20,20,0,0,0,0,0,0,0,0,0,0,1,1,0,0,0
1380,B1,2,2,3,2,0,0,0,3,0,0,0,0,0,0,1,1,2,15,1
1380,B2,3,0,20,20,0,0,0,0,0,0,0,0,0,0,1,1,0,0,0
1380,C1,19,13,2,0,0,0,0,0,0,0,0,0,0,0,1,2,1,8,1
1390,A1,2,20,0,2,0,0,0,0,0,0,0,0,0,0,1,2,0,0,0
1390,B0,0,2,20,16,0,0,0,0,0,0,0,0,0,0,1,1,0,0,0
1390,B1,1,3,1,1,0,0,0,0,0,0,0,0,0,0,1,2,2,27,4
1390,B2,3,0,16,21,0,0,0,0,0,0,0,0,0,0,1,1,0,0,0
1390,C1,20,16,1,0,0,0,0,0,0,0,0,0,0,0,1,2,1,8,1
1400,A1,2,20,0,1,0,0,0,0,0,0,0,0,0,0,1,2,0,0,0
1400,B0,0,2,20,12,0,0,0,0,0,0,0,0,0,0,1,1,0,0,0
1400,B1,1,3,1,1,0,0,0,0,0,0,0,0,0,0,1,2,2,27,4
1400,B2,3,0,12,21,0,0,0,0,0,0,0,0,0,0,1,1,0,0,0
1400,C1,20,19,1,0,0,0,0,0,0,0,0,0,0,0,1,2,1,8,1
1410,A1,3,20,0,2,0,0,0,0,0,0,0,0,0,1,0,2,0,0,0
1410,B0,0,2,20,14,0,0,0,0,0,0,0,0,0,1,0,1,0,0,0
1410,B1,2,3,1,1,0,0,0,0,0,0,0,0,0,1,0,2,2,27,4
1410,B2,1,0,14,20,0,0,0,0,0,0,0,0,0,1,0,1,0,0,0
1410,C1,20,17,1,0,0,0,0,0,0,0,0,0,0,1,0,2,1,8,1
1420,A1,5,20,0,3,0,0,0,0,0,0,0,0,0,1,0,2,0,0,0
1420,B0,0,1,20,18,0,0,0,0,0,0,0,0,0,1,0,1,0,0,0
1420,B1,1,2,1,2,0,0,0,0,0,0,0,0,0,1,0,1,2,27,4
1420,B2,1,0,19,20,0,0,0,0,0,0,0,0,0,1,0,1,0,0,0
1420,C1,20,13,1,0,0,0,0,0,0,0,0,0,0,1,0,2,1,8,1
1430,A1,6,20,0,1,0,0,0,0,0,0,0,0,0,0,1,2,0,0,0
1430,B0,0,3,20,18,0,0,0,0,0,0,0,0,0,0,1,1,0,0,0
1430,B1,1,1,4,3,0,0,0,0,0,0,0,0,0,0,1,1,2,27,4
1430,B2,1,0,18,20,0,0,0,0,0,0,0,0,0,0,1,1,0,0,0
1430,C1,20,13,1,0,0,0,0,0,0,0,0,0,0,0,1,2,1,8,1
1440,A1,7,20,0,1,0,0,0,0,0,0,0,0,0,0,1,2,0,0,0
1440,B0,0,4,20,14,0,0,0,0,0,0,0,0,0,0,1,1,0,0,0
1440,B1,2,2,1,2,0,0,0,0,0,0,0,0,0,0,1,2,2,27,4
1440,B2,2,0,14,20,0,0,0,0,0,0,0,0,0,0,1,1,0,0,0
1440,C1,20,15,2,0,0,0,0,0,0,0,0,0,0,0,1,2,1,8,1
1450,A1,9,20,0,2,0,0,0,0,0,0,0,0,0,1,0,2,0,0,0
1450,B0,0,4,19,13,0,0,0,0,0,0,0,0,0,1,0,1,0,0,0
1450,B1,3,1,1,1,0,0,0,0,0,0,0,0,0,1,0,2,2,27,4
1450,B2,1,0,13,19,0,0,0,0,0,0,0,0,0,1,0,1,0,0,0
1450,C1,20,18,3,0,0,0,0,0,0,0,0,0,0,1,0,2,1,8,1
1460,A1,8,20,0,5,0,0,0,0,0,0,0,0,0,1,0,2,0,0,0
1460,B0,0,1,19,16,0,0,0,0,0,0,0,0,0,1,0,1,0,0,0
1460,B1,3,2,1,1,0,0,0,0,0,0,0,0,0,1,0,2,2,27,4
1460,B2,1,0,16,19,0,0,0,0,0,0,0,0,0,1,0,1,0,0,0
1460,C1,20,15,3,0,0,0,0,0,0,0,0,0,0,1,0,2,1,8,1
1470,A1,6,20,0,5,0,0,0,0,0,0,0,0,0,1,0,2,0,0,0
1470,B0,0,3,19,18,0,0,0,0,0,0,0,0,0,1,0,1,0,0,0
1470,B1,2,1,1,1,0,0,0,0,0,0,0,0,0,1,0,2,2,27,4
1470,B2,2,0,20,19,0,0,0,0,0,0,0,0,0,1,0,1,0,0,0
1470,C1,20,12,3,0,0,0,0,0,0,0,0,0,0,1,0,2,1,8,1
1480,A1,7,20,0,6,0,0,0,0,0,0,0,0,0,0,1,2,0,0,0
1480,B0,0,4,19,16,0,0,0,0,0,0,0,0,0,0,1,1,0,0,0
1480,B1,2,2,1,2,0,0,0,0,0,0,0,0,0,0,1,2,2,27,4
1480,B2,3,0,17,20,0,0,0,0,0,0,0,0,0,0,1,1,0,0,0
1480,C1,19,14,1,0,0,0,0,0,0,0,0,0,0,0,1,2,1,8,1
1490,A1,7,20,0,2,0,0,0,0,0,0,0,0,0,0,1,2,0,0,0
1490,B0,0,7,20,13,0,0,0,0,0,0,0,0,0,0,1,1,0,0,0
1490,B1,2,2,1,2,0,0,0,0,0,0,0,0,0,0,1,2,2,27,4
1490,B2,4,0,12,20,0,0,0,0,0,0,0,0,0,0,1,1,0,0,0
1490,C1,20,16,1,0,0,0,0,0,0,0,0,0,0,0,1,2,1,8,1
1500,A1,7,20,0,2,0,0,0,0,0,0,0,0,0,1,0,2,0,0,0
1500,B0,0,6,20,14,0,0,0,0,0,0,0,0,0,1,0,1,0,0,0
1500,B1,2,3,1,3,0,0,0,0,0,0,0,0,0,1,0,2,2,27,4
1500,B2,2,0,14,20,0,0,0,0,0,0,0,0,0,1,0,1,0,0,0
1500,C1,20,15,1,0,0,0,0,0,0,0,0,0,0,1,0,2,1,8,1
1510,A1,4,20,0,3,0,0,0,0,0,0,0,0,0,1,0,2,0,0,0
1510,B0,0,4,20,17,0,0,0,0,0,0,0,0,0,1,0,1,0,0,0
1510,B1,1,3,1,3,0,0,0,0,0,0,0,0,0,1,0,1,2,27,4
1510,B2,1,0,18,20,0,0,0,0,0,0,0,0,0,1,0,1,0,0,0
1510,C1,20,13,1,0,0,0,0,0,0,0,0,0,0,1,0,2,1,8,1
1520,A1,3,20,0,4,0,0,0,0,0,0,0,0,0,0,1,2,0,0,0
1520,B0,0,4,20,17,0,0,0,0,0,0,0,0,0,0,1,1,0,0,0
1520,B1,2,2,2,2,0,0,0,0,0,0,0,0,0,0,1,1,2,27,4
1520,B2,2,0,19,20,0,0,0,0,0,0,0,0,0,0,1,1,0,0,0
1520,C1,20,12,2,0,0,0,0,0,0,0,0,0,0,0,1,2,1,8,1
1530,A1,4,20,0,3,0,0,0,0,0,0,0,0,0,0,1,2,0,0,0
1530,B0,0,5,20,14,0,0,0,0,0,0,0,0,0,0,1,1,0,0,0
1530,B1,3,2,4,3,0,0,0,0,0,0,0,0,0,0,1,1,2,27,4
1530,B2,3,0,15,20,0,0,0,0,0,0,0,0,0,0,1,1,0,0,0
1530,C1,20,13,1,0,0,0,0,0,0,0,0,0,0,0,1,2,1,8,1
1540,A1,6,20,0,3,0,0,0,0,0,0,0,0,0,0,1,2,0,0,0
1540,B0,0,6,19,12,0,0,0,0,0,0,0,0,0,0,1,1,0,0,0
1540,B1,4,2,3,2,0,0,0,0,0,0,0,0,0,0,1,2,2,27,4
1540,B2,3,0,12,19,0,0,0,0,0,0,0,0,0,0,1,1,0,0,0
1540,C1,20,15,1,0,0,0,0,0,0,0,0,0,0,0,1,2,1,8,1
1550,A1,5,21,0,4,0,0,0,0,0,0,0,0,0,1,0,2,0,0,0
1550,B0,0,3,19,13,0,0,0,0,0,0,0,0,0,1,0,1,0,0,0
1550,B1,2,1,3,2,0,0,0,0,0,0,0,0,0,1,0,1,2,27,4
1550,B2,2,0,15,20,0,0,0,0,0,0,0,0,0,1,0,1,0,0,0
1550,C1,21,15,3,0,0,0,0,0,0,0,0,0,0,1,0,2,1,8,1
1560,A1,1,21,0,5,0,0,0,0,0,0,0,0,0,1,0,2,0,0,0
1560,B0,0,1,19,16,0,0,0,0,0,0,0,0,0,1,0,1,0,0,0
1560,B1,1,1,3,2,0,0,0,0,0,0,0,0,0,1,0,1,2,27,4
1560,B2,1,0,19,20,0,0,0,0,0,0,0,0,0,1,0,1,0,0,0
1560,C1,21,12,3,0,0,0,0,0,0,0,0,0,0,1,0,2,1,8,1
1570,A1,3,20,0,2,0,0,0,0,0,0,0,0,0,0,1,2,0,0,0
1570,B0,0,2,20,14,0,0,0,0,0,0,0,0,0,0,1,1,0,0,0
1570,B1,2,2,4,2,0,0,0,0,0,0,0,0,0,0,1,1,2,27,4
1570,B2,2,0,18,20,0,0,0,0,0,0,0,0,0,0,1,1,0,0,0
1570,C1,20,14,1,0,0,0,0,0,0,0,0,0,0,0,1,2,1,8,1
1580,A1,5,20,0,2,0,0,0,0,0,0,0,0,0,0,1,2,0,0,0
1580,B0,0,3,21,11,0,0,0,0,0,0,0,0,0,0,1,1,0,0,0
1580,B1,2,1,3,3,0,0,0,0,0,0,0,0,0,0,1,1,2,27,4
1580,B2,3,0,14,20,0,0,0,0,0,0,0,0,0,0,1,1,0,0,0
1580,C1,20,17,1,0,0,0,0,0,0,0,0,0,0,0,1,2,1,8,1
1590,A1,6,20,0,2,0,0,0,0,0,0,0,0,0,1,0,2,0,0,0
1590,B0,0,3,20,11,0,0,0,0,0,0,0,0,0,1,0,1,0,0,0
1590,B1,1,1,2,2,0,0,0,0,0,0,0,0,0,1,0,1,2,27,4
1590,B2,4,0,13,20,0,0,0,0,0,0,0,0,0,1,0,1,0,0,0
1590,C1,20,18,1,0,0,0,0,0,0,0,0,0,0,1,0,2,1,8,1
1600,A1,3,20,0,2,0,0,0,0,0,0,0,0,0,1,0,2,0,0,0
1600,B0,0,2,20,11,0,0,0,0,0,0,0,0,0,1,0,1,0,0,0
1600,B1,2,3,3,2,0,0,0,0,0,0,0,0,0,1,0,1,2,27,4
1600,B2,1,0,17,20,0,0,0,0,0,0,0,0,0,1,0,1,0,0,0
1600,C1,20,13,2,0,0,0,0,0,0,0,0,0,0,1,0,2,1,8,1
1610,A1,3,19,0,3,0,0,0,0,0,0,0,0,0,0,1,2,0,0,0
1610,B0,0,1,20,14,0,0,0,0,0,0,0,0,0,0,1,1,0,0,0
1610,B1,2,1,3,2,0,0,0,0,0,0,0,0,0,0,1,1,2,27,4
1610,B2,3,0,20,20,0,0,0,0,0,0,0,0,0,0,1,1,0,0,0
1610,C1,19,13,2,0,0,0,0,0,0,0,0,0,0,0,1,2,1,8,1
1620,A1,5,20,0,1,0,0,0,0,0,0,0,0,0,0,1,2,0,0,0
1620,B0,0,2,20,12,0,0,0,0,0,0,0,0,0,0,1,1,0,0,0
1620,B1,3,2,3,1,0,0,0,0,0,0,0,0,0,0,1,2,2,27,4
1620,B2,5,0,16,20,0,0,0,0,0,0,0,0,0,0,1,1,0,0,0
1620,C1,19,15,1,0,0,0,0,0,0,0,0,0,0,0,1,2,1,8,1
1630,A1,2,20,0,1,0,0,0,0,0,0,0,0,0,0,1,2,0,0,0
1630,B0,0,3,20,11,0,0,0,0,0,0,0,0,0,0,1,1,0,0,0
1630,B1,3,2,2,2,0,0,0,0,0,0,0,0,0,0,1,2,2,27,4
1630,B2,5,0,12,20,0,0,0,0,0,0,0,0,0,0,1,1,0,0,0
1630,C1,19,15,1,0,0,0,0,0,0,0,0,0,0,0,1,2,1,8,1
1640,A1,1,20,0,3,0,0,0,0,0,0,0,0,0,1,0,2,0,0,0
1640,B0,0,3,19,11,0,0,0,0,0,0,0,0,0,1,0,1,0,0,0
1640,B1,1,1,1,2,0,0,0,0,0,0,0,0,0,1,0,1,2,27,4
1640,B2,2,0,15,19,0,0,0,0,0,0,0,0,0,1,0,1,0,0,0
1640,C1,19,13,1,0,0,0,0,0,0,0,0,0,0,1,0,2,1,8,1
1650,A1,3,20,0,3,0,0,0,0,0,0,0,0,0,1,0,2,0,0,0
1650,B0,0,1,19,11,0,0,0,0,0,0,0,0,0,1,0,1,0,0,0
1650,B1,1,2,1,3,0,0,0,0,0,0,0,0,0,1,0,1,2,27,4
1650,B2,2,0,18,19,0,0,0,0,0,0,0,0,0,1,0,1,0,0,0
1650,C1,19,10,3,0,0,0,0,0,0,0,0,0,0,1,0,2,1,8,1
1660,A1,1,20,0,1,0,0,0,0,0,0,0,0,0,0,1,2,0,0,0
1660,B0,0,3,20,12,0,0,0,0,0,0,0,0,0,0,1,1,0,0,0
1660,B1,2,1,2,3,0,0,0,0,0,0,0,0,0,0,1,1,2,27,4
1660,B2,3,0,18,20,0,0,0,0,0,0,0,0,0,0,1,1,0,0,0
1660,C1,20,9,3,0,0,0,0,0,0,0,0,0,0,0,1,2,1,8,1
1670,A1,3,20,0,1,0,0,0,0,0,0,0,0,0,0,1,2,0,0,0
1670,B0,0,3,20,9,0,0,0,0,0,0,0,0,0,0,1,1,0,0,0
1670,B1,2,1,1,3,0,0,0,0,0,0,0,0,0,0,1,1,2,27,4
1670,B2,5,0,14,20,0,0,0,0,0,0,0,0,0,0,1,1,0,0,0
1670,C1,20,10,2,0,0,0,0,0,0,0,0,0,0,0,1,2,1,8,1
1680,A1,4,20,0,2,0,0,0,0,0,0,0,0,0,1,0,2,0,0,0
1680,B0,0,3,19,8,0,0,0,0,0,0,0,0,0,1,0,1,0,0,0
1680,B1,1,1,1,2,0,0,0,0,0,0,0,0,0,1,0,1,2,27,4
1680,B2,4,0,13,19,0,0,0,0,0,0,0,0,0,1,0,1,0,0,0
1680,C1,20,12,1,0,0,0,0,0,0,0,0,0,0,1,0,2,1,8,1
1690,A1,4,20,0,4,0,0,0,0,0,0,0,0,0,1,0,2,0,0,0
1690,B0,0,1,19,9,0,0,0,0,0,0,0,0,0,1,0,1,0,0,0
1690,B1,2,2,1,3,0,0,0,0,0,0,0,0,0,1,0,1,2,27,4
1690,B2,2,0,16,19,0,0,0,0,0,0,0,0,0,1,0,1,0,0,0
1690,C1,20,11,2,0,0,0,0,0,0,0,0,0,0,1,0,2,1,8,1
1700,A1,2,19,0,4,0,0,0,0,0,0,0,0,0,1,0,2,0,0,0
1700,B0,0,3,19,9,0,0,0,0,0,0,0,0,0,1,0,1,0,0,0
1700,B1,2,2,1,3,0,0,0,0,0,0,0,0,0,1,0,1,2,27,4
1700,B2,2,0,18,20,0,0,0,0,0,0,0,0,0,1,0,1,0,0,0
1700,C1,19,9,2,0,0,0,0,0,0,0,0,0,0,1,0,2,1,8,1
1710,A1,3,19,0,1,0,0,0,0,0,0,0,0,0,0,1,2,0,0,0
1710,B0,0,4,20,9,0,0,0,0,0,0,0,0,0,0,1,1,0,0,0
1710,B1,1,2,2,1,0,0,0,0,0,0,0,0,0,0,1,1,2,27,4
1710,B2,3,0,14,20,0,0,0,0,0,0,0,0,0,0,1,1,0,0,0
1710,C1,19,12,1,0,0,0,0,0,0,0,0,0,0,0,1,2,1,8,1
1720,A1,7,19,0,1,0,0,0,0,0,0,0,0,0,0,1,2,0,0,0
1720,B0,0,4,21,5,0,0,0,0,0,0,0,0,0,0,1,1,0,0,0
1720,B1,1,2,2,2,0,0,0,0,0,0,0,0,0,0,1,1,2,27,4
1720,B2,3,0,12,20,0,0,0,0,0,0,0,0,0,0,1,1,0,0,0
1720,C1,19,14,1,0,0,0,0,0,0,0,0,0,0,0,1,2,1,8,1
1730,A1,6,19,0,2,0,0,0,0,0,0,0,0,0,1,0,2,0,0,0
1730,B0,0,4,20,5,0,0,0,0,0,0,0,0,0,1,0,1,0,0,0
1730,B1,2,2,1,3,0,0,0,0,0,0,0,0,0,1,0,1,3,35,6
1730,B2,2,0,11,19,0,0,0,0,0,0,0,0,0,1,0,1,0,0,0
1730,C1,19,15,1,0,0,0,0,0,0,0,0,0,0,1,0,2,1,8,1
1740,A1,5,20,0,2,0,0,0,0,0,0,0,0,0,1,0,2,0,0,0
1740,B0,0,1,20,6,0,0,0,0,0,0,0,0,0,1,0,1,0,0,0
1740,B1,1,1,1,2,0,0,0,0,0,0,0,0,0,1,0,1,3,35,6
1740,B2,1,0,11,19,0,0,0,0,0,0,0,0,0,1,0,1,0,0,0
1740,C1,19,13,1,0,0,0,0,0,0,0,0,0,0,1,0,2,1,8,1
1750,A1,3,19,0,2,0,0,0,0,0,0,0,0,0,0,1,2,0,0,0
1750,B0,0,1,20,6,0,0,0,0,0,0,0,0,0,0,1,1,0,0,0
1750,B1,3,4,1,3,0,0,0,0,0,0,0,0,0,0,1,2,3,35,6
1750,B2,1,0,15,20,0,0,0,0,0,0,0,0,0,0,1,1,0,0,0
1750,C1,20,13,1,0,0,0,0,0,0,0,0,0,0,0,1,2,1,8,1
1760,A1,4,20,0,2,0,0,0,0,0,0,0,0,0,0,1,2,0,0,0
1760,B0,0,1,20,5,0,0,0,0,0,0,0,0,0,0,1,1,0,0,0
1760,B1,1,1,1,3,0,0,0,0,0,0,0,0,0,0,1,1,3,35,6
1760,B2,2,0,14,21,0,0,0,0,0,0,0,0,0,0,1,1,0,0,0
1760,C1,20,15,1,0,0,0,0,0,0,0,0,0,0,0,1,2,1,8,1
1770,A1,6,20,0,1,0,0,0,0,0,0,0,0,0,0,1,2,0,0,0
1770,B0,0,1,19,3,0,0,0,0,0,0,0,0,0,0,1,1,0,0,0
1770,B1,1,1,2,2,0,0,0,0,0,0,0,0,0,0,1,1,3,35,6
1770,B2,2,0,12,20,0,0,0,0,0,0,0,0,0,0,1,1,0,0,0
1770,C1,20,19,2,0,0,0,0,0,0,0,0,0,0,0,1,2,1,8,1
1780,A1,5,21,0,2,0,0,0,0,0,0,0,0,0,1,0,2,0,0,0
1780,B0,0,1,19,4,0,0,0,0,0,0,0,0,0,1,0,1,0,0,0
1780,B1,2,1,2,2,0,0,0,0,0,0,0,0,0,1,0,1,3,35,6
1780,B2,1,0,12,20,0,0,0,0,0,0,0,0,0,1,0,1,1,6,1
1780,C1,20,16,3,0,0,0,0,0,0,0,0,0,0,1,0,2,1,8,1
1790,A1,4,21,0,3,0,0,0,0,0,0,0,0,0,1,0,2,0,0,0
1790,B0,0,1,19,6,0,0,0,0,0,0,0,0,0,1,0,1,0,0,0
1790,B1,1,3,3,2,0,0,0,0,0,0,0,0,0,1,0,1,3,35,6
1790,B2,1,0,14,20,0,0,0,0,0,0,0,0,0,1,0,1,1,6,1
1790,C1,20,12,4,0,0,0,0,0,0,0,0,0,0,1,0,2,1,8,1
1800,A1,5,20,0,2,0,0,0,0,0,0,0,0,0,0,1,2,0,0,0
1800,B0,0,2,19,5,0,0,0,0,0,0,0,0,0,0,1,1,0,0,0
1800,B1,2,1,1,1,0,0,0,0,0,0,0,0,0,0,1,2,4,42,8
1800,B2,2,0,11,20,0,0,0,0,0,0,0,0,0,0,1,1,1,6,1
1800,C1,20,13,2,0,0,0,0,0,0,0,0,0,0,0,1,2,1,8,1
1810,A1,6,20,0,2,0,0,0,0,0,0,0,0,0,0,1,2,0,0,0
1810,B0,0,2,20,4,0,0,0,0,0,0,0,0,0,0,1,1,0,0,0
1810,B1,2,2,2,2,0,0,0,0,0,0,0,0,0,0,1,1,4,42,8
1810,B2,3,0,9,20,0,0,0,0,0,0,0,0,0,0,1,1,1,6,1
1810,C1,20,15,1,0,0,0,0,0,0,0,0,0,0,0,1,2,1,8,1
1820,A1,6,20,0,2,0,0,0,0,0,0,0,0,0,1,0,2,0,0,0
1820,B0,0,1,20,3,0,0,0,0,0,0,0,0,0,1,0,1,0,0,0
1820,B1,2,1,2,2,0,0,0,0,0,0,0,0,0,1,0,1,4,42,8
1820,B2,2,0,10,19,0,0,0,0,0,0,0,0,0,1,0,1,1,6,1
1820,C1,20,17,2,0,0,0,0,0,0,0,0,0,0,1,0,2,1,8,1
1830,A1,3,20,0,2,0,0,0,0,0,0,0,0,0,1,0,2,0,0,0
1830,B0,0,1,20,4,0,0,0,0,0,0,0,0,0,1,0,1,0,0,0
1830,B1,2,2,2,2,0,0,0,0,0,0,0,0,0,1,0,1,4,42,8
1830,B2,1,0,15,19,0,0,0,0,0,0,0,0,0,1,0,1,1,6,1
1830,C1,20,13,2,0,0,0,0,0,0,0,0,0,0,1,0,2,1,8,1
1840,A1,2,19,0,2,0,0,0,0,0,0,0,0,0,0,1,2,0,0,0
1840,B0,0,1,20,5,0,0,0,0,0,0,0,0,0,0,1,1,0,0,0
1840,B1,2,2,3,2,0,0,0,0,0,0,0,0,0,0,1,1,4,42,8
1840,B2,1,0,16,19,0,0,0,0,0,0,0,0,0,0,1,1,1,6,1
1840,C1,19,11,3,0,0,0,0,0,0,0,0,0,0,0,1,2,1,8,1
1850,A1,2,20,0,1,0,0,0,0,0,0,0,0,0,0,1,2,0,0,0
1850,B0,0,3,20,2,0,0,0,0,0,0,0,0,0,0,1,1,0,0,0
1850,B1,2,2,2,3,0,0,0,0,0,0,0,0,0,0,1,1,4,42,8
1850,B2,1,0,12,20,0,0,0,0,0,0,0,0,0,0,1,1,1,6,1
1850,C1,19,12,1,0,0,0,0,0,0,0,0,0,0,0,1,2,1,8,1
1860,A1,3,20,0,3,0,0,0,0,0,0,0,0,0,0,1,2,0,0,0
1860,B0,0,3,19,1,0,0,0,0,0,0,0,0,0,0,1,1,0,0,0
1860,B1,2,2,1,1,0,0,0,0,0,0,0,0,0,0,1,2,4,42,8
1860,B2,2,0,10,19,0,0,0,0,0,0,0,0,0,0,1,1,1,6,1
1860,C1,19,13,1,0,0,0,0,0,0,0,0,0,0,0,1,2,1,8,1
1870,A1,3,20,0,4,0,0,0,0,0,0,0,0,0,1,0,2,0,0,0
1870,B0,0,1,19,2,0,0,0,0,0,0,0,0,0,1,0,1,0,0,0
1870,B1,2,1,1,1,0,0,0,0,0,0,0,0,0,1,0,2,4,42,8
1870,B2,2,0,12,19,0,0,0,0,0,0,0,0,0,1,0,1,1,6,1
1870,C1,19,12,3,0,0,0,0,0,0,0,0,0,0,1,0,2,1,8,1
1880,A1,1,20,0,6,0,0,0,0,0,0,0,0,0,1,0,2,0,0,0
1880,B0,0,1,19,6,0,0,0,0,0,0,0,0,0,1,0,1,0,0,0
1880,B1,1,3,1,1,0,0,0,0,0,0,0,0,0,1,0,2,4,42,8
1880,B2,1,0,14,20,0,0,0,0,0,0,0,0,0,1,0,1,1,6,1
1880,C1,20,11,5,0,0,0,0,0,0,0,0,0,0,1,0,2,1,8,1
1890,A1,2,20,0,3,0,0,0,0,0,0,0,0,0,0,1,2,0,0,0
1890,B0,0,3,20,2,0,0,0,0,0,0,0,0,0,0,1,1,0,0,0
1890,B1,1,2,2,1,0,0,0,0,0,0,0,0,0,0,1,1,5,46,9
1890,B2,2,0,14,21,0,0,0,0,0,0,0,0,0,0,1,1,1,6,1
1890,C1,20,9,5,0,0,0,0,0,0,0,0,0,0,0,1,2,1,8,1
1900,A1,5,20,0,1,0,0,0,0,0,0,0,0,0,0,1,2,0,0,0
1900,B0,0,3,20,3,0,0,0,0,0,0,0,0,0,0,1,1,0,0,0
1900,B1,1,2,2,3,0,0,0,0,0,0,0,0,0,0,1,1,5,46,9
1900,B2,2,0,13,21,0,0,0,0,0,0,0,0,0,0,1,1,1,6,1
1900,C1,20,10,1,0,0,0,0,0,0,0,0,0,0,0,1,2,1,8,1
1910,A1,6,20,0,2,0,0,0,0,0,0,0,0,0,1,0,2,0,0,0
1910,B0,0,2,20,1,0,0,0,0,0,0,0,0,0,1,0,1,0,0,0
1910,B1,2,3,3,1,0,0,0,0,0,0,0,0,0,1,0,2,5,46,9
1910,B2,2,0,12,20,0,0,0,0,0,0,0,0,0,1,0,1,1,6,1
1910,C1,20,9,1,0,0,0,0,0,0,0,0,0,0,1,0,2,1,8,1
1920,A1,3,20,0,2,0,0,0,0,0,0,0,0,0,1,0,2,0,0,0
1920,B0,0,1,20,4,0,0,0,0,0,0,0,0,0,1,0,1,0,0,0
1920,B1,3,3,3,1,0,0,0,0,0,0,0,0,0,1,0,2,5,46,9
1920,B2,1,0,13,20,0,0,0,0,0,0,0,0,0,1,0,1,1,6,1
1920,C1,20,10,1,0,0,0,0,0,0,0,0,0,0,1,0,2,1,8,1
1930,A1,2,20,0,2,0,0,0,0,0,0,0,0,0,1,0,2,0,0,0
1930,B0,0,1,20,7,0,0,0,0,0,0,0,0,0,1,0,1,0,0,0
1930,B1,1,4,3,1,0,0,0,0,0,0,0,0,0,1,0,2,5,46,9
1930,B2,1,0,15,20,0,0,0,0,0,0,0,0,0,1,0,1,1,6,1
1930,C1,20,7,1,0,0,0,0,0,0,0,0,0,0,1,0,2,1,8,1
1940,A1,1,19,0,1,0,0,0,0,0,0,0,0,0,0,1,2,0,0,0
1940,B0,0,1,20,4,0,0,0,0,0,0,0,0,0,0,1,1,0,0,0
1940,B1,1,3,3,2,0,0,0,0,0,0,0,0,0,0,1,1,5,46,9
1940,B2,2,0,14,20,0,0,0,0,0,0,0,0,0,0,1,1,1,6,1
1940,C1,20,9,1,0,0,0,0,0,0,0,0,0,0,0,1,2,1,8,1
1950,A1,2,19,0,3,0,0,0,0,0,0,0,0,0,0,1,2,0,0,0
1950,B0,0,2,20,1,0,0,0,0,0,0,0,0,0,0,1,1,0,0,0
1950,B1,1,3,1,3,0,0,0,0,0,0,0,0,0,0,1,1,5,46,9
1950,B2,2,0,10,20,0,0,0,0,0,0,0,0,0,0,1,1,1,6,1
1950,C1,20,12,2,0,0,0,0,0,0,0,0,0,0,0,1,2,1,8,1
1960,A1,1,20,0,3,0,0,0,0,0,0,0,0,0,1,0,2,0,0,0
1960,B0,0,3,19,4,0,0,0,0,0,0,0,0,0,1,0,1,0,0,0
1960,B1,2,2,2,2,0,0,0,0,0,0,0,0,0,1,0,1,5,46,9
1960,B2,2,0,10,20,0,0,0,0,0,0,0,0,0,1,0,1,1,6,1
1960,C1,20,11,4,0,0,0,0,0,0,0,0,0,0,1,0,2,1,8,1
1970,A1,3,20,0,5,0,0,0,0,0,0,0,0,0,1,0,2,0,0,0
1970,B0,0,1,19,2,0,0,0,0,0,0,0,0,0,1,0,1,0,0,0
1970,B1,1,3,2,2,0,0,0,0,0,0,0,0,0,1,0,1,5,46,9
1970,B2,1,0,12,20,0,0,0,0,0,0,0,0,0,1,0,1,1,6,1
1970,C1,20,9,5,0,0,0,0,0,0,0,0,0,0,1,0,2,1,8,1
1980,A1,1,20,0,4,0,0,0,0,0,0,0,0,0,0,1,2,0,0,0
1980,B0,0,2,20,2,0,0,0,0,0,0,0,0,0,0,1,1,0,0,0
1980,B1,1,3,3,1,0,0,0,0,0,0,0,0,0,0,1,1,5,46,9
1980,B2,2,0,14,20,0,0,0,0,0,0,0,0,0,0,1,1,1,6,1
1980,C1,19,9,4,0,0,0,0,0,0,0,0,0,0,0,1,2,1,8,1
1990,A1,1,20,0,2,0,0,0,0,0,0,0,0,0,0,1,2,0,0,0
1990,B0,0,5,21,1,0,0,0,0,0,0,0,0,0,0,1,1,0,0,0
1990,B1,1,3,2,5,0,0,0,0,0,0,0,0,0,0,1,1,5,46,9
1990,B2,3,0,12,20,0,0,0,0,0,0,0,0,0,0,1,1,1,6,1
1990,C1,19,9,1,0,0,0,0,0,0,0,0,0,0,0,1,2,1,8,1
2000,A1,2,20,0,1,0,0,0,0,0,0,0,0,0,0,1,2,0,0,0
2000,B0,0,5,20,4,0,0,0,0,0,0,0,0,0,0,1,1,0,0,0
2000,B1,2,3,1,4,0,0,0,0,0,0,0,0,0,0,1,1,5,46,9
2000,B2,2,0,9,19,0,0,0,0,0,0,0,0,0,0,1,1,1,6,1
2000,C1,19,13,1,0,0,0,0,0,0,0,0,0,0,0,1,2,1,8,1
2010,A1,4,21,0,3,0,0,0,0,0,0,0,0,0,1,0,2,0,0,0
2010,B0,0,1,20,1,0,0,0,0,0,0,0,0,0,1,0,1,0,0,0
2010,B1,2,1,1,1,0,0,0,0,0,0,0,0,0,1,0,2,7,48,13
2010,B2,1,0,9,20,0,0,0,0,0,0,0,0,0,1,0,1,1,6,1
2010,C1,20,11,2,0,0,0,0,0,0,0,0,0,0,1,0,2,1,8,1
2020,A1,2,21,0,4,0,0,0,0,0,0,0,0,0,1,0,2,0,0,0
2020,B0,0,1,20,3,0,0,0,0,0,0,0,0,0,1,0,1,0,0,0
2020,B1,3,1,1,1,0,0,0,0,0,0,0,0,0,1,0,2,7,48,13
2020,B2,3,0,11,20,0,0,0,0,0,0,0,0,0,1,0,1,1,6,1
2020,C1,20,8,2,0,0,0,0,0,0,0,0,0,0,1,0,2,1,8,1
2030,A1,4,20,0,5,0,0,0,0,0,0,0,0,0,0,1,2,0,0,0
2030,B0,0,1,20,2,0,0,0,0,0,0,0,0,0,0,1,1,0,0,0
2030,B1,2,2,2,1,0,0,0,0,0,0,0,0,0,0,1,2,8,52,14
2030,B2,3,0,9,20,0,0,0,0,0,0,0,0,0,0,1,1,1,6,1
2030,C1,20,10,2,0,0,0,0,0,0,0,0,0,0,0,1,2,1,8,1
2040,A1,5,20,0,4,0,0,0,0,0,0,0,0,0,0,1,2,0,0,0
2040,B0,0,1,20,1,0,0,0,0,0,0,0,0,0,0,1,1,0,0,0
2040,B1,2,2,3,3,0,0,0,0,0,0,0,0,0,0,1,1,8,52,14
2040,B2,3,0,6,20,0,0,0,0,0,0,0,0,0,0,1,1,1,6,1
2040,C1,20,12,1,0,0,0,0,0,0,0,0,0,0,0,1,2,1,8,1
2050,A1,5,20,0,5,0,0,0,0,0,0,0,0,0,1,0,2,0,0,0
2050,B0,0,2,20,1,0,0,0,0,0,0,0,0,0,1,0,1,0,0,0
2050,B1,2,2,2,2,0,0,0,0,0,0,0,0,0,1,0,1,8,52,14
2050,B2,4,0,4,19,0,0,0,0,0,0,0,0,0,1,0,1,1,6,1
2050,C1,21,13,1,0,0,0,0,0,0,0,0,0,0,1,0,2,1,8,1
2060,A1,4,20,0,5,0,0,0,0,0,0,0,0,0,1,0,2,0,0,0
2060,B0,0,1,20,2,0,0,0,0,0,0,0,0,0,1,0,1,0,0,0
2060,B1,1,1,2,2,0,0,0,0,0,0,0,0,0,1,0,1,8,52,14
2060,B2,3,0,5,19,0,0,0,0,0,0,0,0,0,1,0,1,1,6,1
2060,C1,21,10,2,0,0,0,0,0,0,0,0,0,0,1,0,2,1,8,1
2070,A1,2,19,0,5,0,0,0,0,0,0,0,0,0,0,1,2,0,0,0
2070,B0,0,3,20,3,0,0,0,0,0,0,0,0,0,0,1,1,0,0,0
2070,B1,1,3,2,2,0,0,0,0,0,0,0,0,0,0,1,1,8,52,14
2070,B2,2,0,8,19,0,0,0,0,0,0,0,0,0,0,1,1,1,6,1
2070,C1,20,8,3,0,0,0,0,0,0,0,0,0,0,0,1,2,1,8,1
2080,A1,2,19,0,6,0,0,0,0,0,0,0,0,0,0,1,2,0,0,0
2080,B0,0,4,20,2,0,0,0,0,0,0,0,0,0,0,1,1,0,0,0
2080,B1,1,1,2,2,0,0,0,0,0,0,0,0,0,0,1,1,8,52,14
2080,B2,3,0,5,20,0,0,0,0,0,0,0,0,0,0,1,1,1,6,1
2080,C1,20,8,1,0,0,0,0,0,0,0,0,0,0,0,1,2,1,8,1
2090,A1,3,19,0,4,0,0,0,0,0,0,0,0,0,0,1,2,0,0,0
2090,B0,0,5,20,1,0,0,0,0,0,0,0,0,0,0,1,1,0,0,0
2090,B1,1,1,2,1,0,0,0,0,0,0,0,0,0,0,1,1,8,52,14
2090,B2,3,0,2,20,0,0,0,0,0,0,0,0,0,0,1,1,1,6,1
2090,C1,20,9,1,0,0,0,0,0,0,0,0,0,0,0,1,2,1,8,1
2100,A1,2,20,0,6,0,0,0,0,0,0,0,0,0,1,0,2,0,0,0
2100,B0,0,4,20,1,0,0,0,0,0,0,0,0,0,1,0,1,0,0,0
2100,B1,2,2,3,2,0,0,0,0,0,0,0,0,0,1,0,1,8,52,14
2100,B2,3,0,3,20,0,0,0,0,0,0,0,0,0,1,0,1,1,6,1
2100,C1,20,8,2,0,0,0,0,0,0,0,0,0,0,1,0,2,1,8,1
2110,A1,1,19,0,7,0,0,0,0,0,0,0,0,0,1,0,2,0,0,0
2110,B0,0,1,20,2,0,0,0,0,0,0,0,0,0,1,0,1,0,0,0
2110,B1,2,1,3,2,0,0,0,0,0,0,0,0,0,1,0,1,8,52,14
2110,B2,1,0,4,20,0,0,0,0,0,0,0,0,0,1,0,1,1,6,1
2110,C1,20,6,2,0,0,0,0,0,0,0,0,0,0,1,0,2,1,8,1
2120,A1,1,19,0,8,0,0,0,0,0,0,0,0,0,0,1,2,0,0,0
2120,B0,0,1,20,4,0,0,0,0,0,0,0,0,0,0,1,1,0,0,0
2120,B1,2,2,3,1,0,0,0,0,0,0,0,0,0,0,1,1,8,52,14
2120,B2,2,0,2,20,0,0,0,0,0,0,0,0,0,0,1,1,1,6,1
2120,C1,19,5,1,0,0,0,0,0,0,0,0,0,0,0,1,2,1,8,1
2130,A1,2,19,0,8,0,0,0,0,0,0,0,0,0,0,1,2,0,0,0
2130,B0,0,1,20,2,0,0,0,0,0,0,0,0,0,0,1,1,0,0,0
2130,B1,2,2,2,1,0,0,0,0,0,0,0,0,0,0,1,2,8,52,14
2130,B2,1,0,1,20,0,0,0,0,0,0,0,0,0,0,1,1,1,6,1
2130,C1,19,7,1,0,0,0,0,0,0,0,0,0,0,0,1,2,1,8,1
2140,A1,2,19,0,9,0,0,0,0,0,0,0,0,0,1,0,2,0,0,0
2140,B0,0,1,20,1,0,0,0,0,0,0,0,0,0,1,0,1,0,0,0
2140,B1,1,2,2,2,0,0,0,0,0,0,0,0,0,1,0,1,8,52,14
2140,B2,2,0,1,19,0,0,0,0,0,0,0,0,0,1,0,1,1,6,1
2140,C1,19,9,1,0,0,0,0,0,0,0,0,0,0,1,0,2,1,8,1
2150,A1,1,18,0,9,0,0,0,0,0,0,0,0,0,1,0,2,0,0,0
2150,B0,0,1,20,1,0,0,0,0,0,0,0,0,0,1,0,1,0,0,0
2150,B1,1,1,2,2,0,0,0,0,0,0,0,0,0,1,0,1,8,52,14
2150,B2,1,0,2,20,0,0,0,0,0,0,0,0,0,1,0,1,1,6,1
2150,C1,20,8,3,0,0,0,0,0,0,0,0,0,0,1,0,2,1,8,1
2160,A1,1,17,0,9,0,0,0,0,0,0,0,0,0,1,0,2,0,0,0
2160,B0,0,1,20,3,0,0,0,0,0,0,0,0,0,1,0,1,0,0,0
2160,B1,2,1,2,2,0,0,0,0,0,0,0,0,0,1,0,1,8,52,14
2160,B2,1,0,4,20,0,0,0,0,0,0,0,0,0,1,0,1,1,6,1
2160,C1,19,5,3,0,0,0,0,0,0,0,0,0,0,1,0,2,1,8,1
2170,A1,1,19,0,9,0,0,0,0,0,0,0,0,0,0,1,2,0,0,0
2170,B0,0,3,20,3,0,0,0,0,0,0,0,0,0,0,1,1,0,0,0
2170,B1,2,1,2,2,0,0,0,0,0,0,0,0,0,0,1,1,9,53,15
2170,B2,1,0,3,20,0,0,0,0,0,0,0,0,0,0,1,1,1,6,1
2170,C1,20,10,1,0,0,0,0,0,0,0,0,0,0,0,1,2,1,8,1
2180,A1,1,20,0,10,0,0,0,0,0,0,0,0,0,0,1,2,0,0,0
2180,B0,0,2,20,3,0,0,0,0,0,0,0,0,0,0,1,1,0,0,0
2180,B1,2,1,3,4,0,0,0,0,0,0,0,0,0,0,1,1,9,53,15
2180,B2,2,0,1,20,0,0,0,0,0,0,0,0,0,0,1,1,1,6,1
2180,C1,20,12,1,0,0,0,0,0,0,0,0,0,0,0,1,2,1,8,1
2190,A1,3,20,0,10,0,0,0,0,0,0,0,0,0,1,0,2,0,0,0
2190,B0,0,3,19,2,0,0,0,0,0,0,0,0,0,1,0,1,0,0,0
2190,B1,2,1,3,3,0,0,0,0,0,0,0,0,0,1,0,1,9,53,15
2190,B2,1,0,1,20,0,0,0,0,0,0,0,0,0,1,0,1,1,6,1
2190,C1,20,11,2,0,0,0,0,0,0,0,0,0,0,1,0,2,1,8,1
2200,A1,2,20,0,11,0,0,0,0,0,0,0,0,0,1,0,2,0,0,0
2200,B0,0,2,19,3,0,0,0,0,0,0,0,0,0,1,0,1,0,0,0
2200,B1,1,1,3,2,0,0,0,0,0,0,0,0,0,1,0,1,9,53,15
2200,B2,1,0,1,20,0,0,0,0,0,0,0,0,0,1,0,1,1,6,1
2200,C1,20,9,1,0,0,0,0,0,0,0,0,0,0,1,0,2,1,8,1
2210,A1,2,19,0,12,0,0,0,0,10,0,0,0,0,0,1,1,1,5,0
2210,B0,0,1,19,4,0,0,0,0,0,0,0,0,0,0,1,1,0,0,0
2210,B1,1,1,3,3,0,0,0,0,0,0,0,1,0,0,1,1,9,53,15
2210,B2,5,0,1,20,0,0,0,0,0,0,0,0,0,0,1,1,1,6,1
2210,C1,19,9,1,0,0,0,0,0,0,0,0,0,0,0,1,2,1,8,1
2220,A1,5,19,0,12,0,0,0,0,0,0,0,0,0,0,1,2,1,7,10
2220,B0,0,1,20,3,0,0,0,0,0,0,0,0,0,0,1,1,0,0,0
2220,B1,2,1,3,4,0,0,0,0,0,0,0,0,0,0,1,1,9,53,15
2220,B2,3,0,1,19,0,0,0,0,0,0,0,0,0,0,1,1,1,6,1
2220,C1,19,10,1,0,0,0,0,0,0,0,0,0,0,0,1,2,1,8,1
2230,A1,3,20,0,13,0,0,0,0,0,0,0,0,0,0,1,2,1,7,10
2230,B0,0,1,19,2,0,0,0,0,0,0,0,0,0,0,1,1,0,0,0
2230,B1,3,1,2,3,0,0,0,0,0,0,0,0,0,0,1,1,9,53,15
2230,B2,3,0,1,16,0,0,0,0,0,0,0,0,0,0,1,1,1,6,1
2230,C1,20,12,2,0,0,0,0,0,0,0,0,0,0,0,1,2,1,8,1
2240,A1,2,20,0,14,0,0,0,0,0,0,0,0,0,1,0,2,1,7,10
2240,B0,0,1,20,5,0,0,0,0,0,0,0,0,0,1,0,1,0,0,0
2240,B1,2,1,2,3,0,0,0,0,0,0,0,0,0,1,0,1,9,53,15
2240,B2,1,0,2,18,0,0,0,0,0,0,0,0,0,1,0,1,1,6,1
2240,C1,20,9,3,0,0,0,0,0,0,0,0,0,0,1,0,2,1,8,1
2250,A1,2,20,0,14,0,0,0,0,0,0,0,0,0,1,0,2,1,7,10
2250,B0,0,2,20,2,0,0,0,0,0,0,0,0,0,1,0,1,0,0,0
2250,B1,1,3,2,3,0,0,0,0,0,0,0,0,0,1,0,1,9,53,15
2250,B2,1,0,3,19,0,0,0,0,0,0,0,0,0,1,0,1,1,6,1
2250,C1,20,8,3,0,0,0,0,0,0,0,0,0,0,1,0,2,1,8,1
2260,A1,2,20,0,12,0,0,0,0,0,0,0,0,0,0,1,2,1,7,10
2260,B0,0,5,21,1,0,0,0,0,0,0,0,0,0,0,1,1,0,0,0
2260,B1,2,3,1,4,0,0,0,0,0,0,0,0,0,0,1,1,9,53,15
2260,B2,1,0,3,20,0,0,0,0,0,0,0,0,0,0,1,1,1,6,1
2260,C1,19,8,3,0,0,0,0,0,0,0,0,0,0,0,1,2,1,8,1
2270,A1,2,20,0,11,0,0,0,0,0,0,0,0,0,0,1,2,1,7,10
2270,B0,0,5,21,2,0,0,0,0,0,0,0,0,0,0,1,1,0,0,0
2270,B1,2,3,1,2,0,0,0,0,0,0,0,0,0,0,1,2,9,53,15
2270,B2,1,0,1,20,0,0,0,0,0,0,0,0,0,0,1,1,1,6,1
2270,C1,19,9,1,0,0,0,0,0,0,0,0,0,0,0,1,2,1,8,1
2280,A1,3,20,0,11,0,0,0,0,0,0,0,0,0,1,0,2,1,7,10
2280,B0,0,6,20,1,0,0,0,0,0,0,0,0,0,1,0,1,0,0,0
2280,B1,2,3,1,3,0,0,0,0,0,0,0,0,0,1,0,2,9,53,15
2280,B2,3,0,1,20,0,0,0,0,0,0,0,0,0,1,0,1,1,6,1
2280,C1,20,8,1,0,0,0,0,0,0,0,0,0,0,1,0,2,1,8,1
2290,A1,1,20,0,12,0,0,0,0,0,0,0,0,0,1,0,2,1,7,10
2290,B0,0,4,20,2,0,0,0,0,0,0,0,0,0,1,0,1,0,0,0
2290,B1,2,1,1,3,0,0,0,0,0,0,0,0,0,1,0,1,9,53,15
2290,B2,1,0,2,20,0,0,0,0,0,0,0,0,0,1,0,1,1,6,1
2290,C1,20,5,1,0,0,0,0,0,0,0,0,0,0,1,0,2,1,8,1
2300,A1,2,19,0,13,0,0,0,0,0,0,0,0,0,0,1,2,1,7,10
2300,B0,0,2,20,5,0,0,0,0,0,0,0,0,0,0,1,1,0,0,0
2300,B1,2,1,1,3,0,0,0,0,0,0,0,0,0,0,1,1,9,53,15
2300,B2,3,0,2,20,0,0,0,0,0,0,0,0,0,0,1,1,1,6,1
2300,C1,20,5,1,0,0,0,0,0,0,0,0,0,0,0,1,2,1,8,1
2310,A1,2,20,0,15,0,0,0,0,0,0,0,0,0,0,1,2,1,7,10
2310,B0,0,3,20,2,0,0,0,0,0,0,0,0,0,0,1,1,0,0,0
2310,B1,2,1,1,3,0,0,0,0,0,0,0,0,0,0,1,1,9,53,15
2310,B2,2,0,2,20,0,0,0,0,0,0,0,0,0,0,1,1,1,6,1
2310,C1,20,6,2,0,0,0,0,0,0,0,0,0,0,0,1,2,1,8,1
2320,A1,3,20,0,14,0,0,0,0,0,0,0,0,0,0,1,2,1,7,10
2320,B0,0,3,20,1,0,0,0,0,0,0,0,0,0,0,1,1,0,0,0
2320,B1,2,1,2,3,0,0,0,0,0,0,0,0,0,0,1,1,9,53,15
2320,B2,2,0,2,18,0,0,0,0,0,0,0,0,0,0,1,1,1,6,1
2320,C1,20,6,1,0,0,0,0,0,0,0,0,0,0,0,1,2,1,8,1
2330,A1,3,20,0,15,0,0,0,0,0,0,0,0,0,1,0,2,1,7,10
2330,B0,0,2,20,1,0,0,0,0,0,0,0,0,0,1,0,1,0,0,0
2330,B1,3,2,1,2,0,0,0,0,0,0,0,0,0,1,0,2,9,53,15
2330,B2,2,0,3,19,0,0,0,0,0,0,0,0,0,1,0,1,1,6,1
2330,C1,20,7,1,0,0,0,0,0,0,0,0,0,0,1,0,2,1,8,1
2340,A1,1,20,0,16,0,0,0,0,0,0,0,0,0,1,0,2,1,7,10
2340,B0,0,2,20,3,0,0,0,0,0,0,0,0,0,1,0,1,0,0,0
2340,B1,3,2,1,2,0,0,0,0,0,0,0,0,0,1,0,2,9,53,15
2340,B2,2,0,4,19,0,0,0,0,0,0,0,0,0,1,0,1,1,6,1
2340,C1,20,4,1,0,0,0,0,0,0,0,0,0,0,1,0,2,1,8,1
2350,A1,1,20,0,16,0,0,0,0,0,0,0,0,0,0,1,2,1,7,10
2350,B0,0,3,20,3,0,0,0,0,0,0,0,0,0,0,1,1,0,0,0
2350,B1,3,2,1,2,0,0,0,0,0,0,0,0,0,0,1,2,9,53,15
2350,B2,3,0,2,20,0,0,0,0,0,0,0,0,0,0,1,1,1,6,1
2350,C1,19,3,1,0,0,0,0,0,0,0,0,0,0,0,1,2,1,8,1
2360,A1,4,20,0,15,0,0,0,0,0,0,0,0,0,0,1,2,1,7,10
2360,B0,0,3,20,3,0,0,0,0,0,0,0,0,0,0,1,1,0,0,0
2360,B1,3,1,3,2,0,0,0,0,0,0,0,0,0,0,1,1,9,53,15
2360,B2,4,0,4,20,0,0,0,0,0,0,0,0,0,0,1,1,1,6,1
2360,C1,19,5,1,0,0,0,0,0,0,0,0,0,0,0,1,2,1,8,1
2370,A1,3,20,0,15,0,0,0,0,0,0,0,0,0,1,0,2,1,7,10
2370,B0,0,5,19,1,0,0,0,0,0,0,0,0,0,1,0,1,0,0,0
2370,B1,3,2,2,1,0,0,0,0,0,0,0,0,0,1,0,2,9,53,15
2370,B2,4,0,4,18,0,0,0,0,0,0,0,0,0,1,0,1,1,6,1
2370,C1,20,5,1,0,0,0,0,0,0,0,0,0,0,1,0,2,1,8,1
2380,A1,2,20,0,16,0,0,0,0,0,0,0,0,0,1,0,2,1,7,10
2380,B0,0,2,20,2,0,0,0,0,0,0,0,0,0,1,0,1,0,0,0
2380,B1,2,1,1,1,0,0,0,0,0,0,0,0,0,1,0,2,9,53,15
2380,B2,4,0,2,19,0,0,0,0,0,0,0,0,0,1,0,1,1,6,1
2380,C1,20,4,1,0,0,0,0,0,0,0,0,0,0,1,0,2,1,8,1
2390,A1,1,19,0,16,0,0,0,0,0,0,0,0,0,1,0,2,1,7,10
2390,B0,0,1,20,4,0,0,0,0,0,0,0,0,0,1,0,1,0,0,0
2390,B1,3,1,1,1,0,0,0,0,0,0,0,0,0,1,0,2,9,53,15
2390,B2,4,0,2,20,0,0,0,0,0,0,0,0,0,1,0,1,1,6,1
2390,C1,19,1,1,0,0,0,0,0,0,0,0,0,0,1,0,2,1,8,1
2400,A1,2,20,0,17,0,0,0,0,0,0,0,0,0,0,1,2,1,7,10
2400,B0,0,3,20,3,0,0,0,0,0,0,0,0,0,0,1,1,0,0,0
2400,B1,3,1,1,3,0,0,0,0,0,0,0,0,1,0,1,2,9,53,15
2400,B2,4,0,2,20,0,0,0,0,0,0,0,0,0,0,1,1,1,6,1
2400,C1,19,1,1,0,0,0,0,1,0,0,0,0,0,0,1,1,2,26,1
2410,A1,5,20,0,18,0,0,0,0,0,0,0,0,0,0,1,2,1,7,10
2410,B0,0,3,20,1,0,0,0,0,0,0,0,0,0,0,1,1,0,0,0
2410,B1,3,1,1,1,0,0,0,0,0,0,0,0,1,0,1,2,9,53,15
2410,B2,4,0,2,20,0,0,0,0,0,0,0,0,0,0,1,1,1,6,1
2410,C1,20,4,1,0,0,0,0,1,0,0,0,0,0,0,1,2,2,46,1
2420,A1,4,20,0,19,0,0,0,0,0,0,0,0,0,1,0,2,1,7,10
2420,B0,0,2,20,1,0,0,0,0,0,0,0,0,0,1,0,1,0,0,0
2420,B1,3,4,1,1,0,0,0,0,0,0,0,0,0,1,0,2,9,53,15
2420,B2,5,0,1,19,0,0,0,0,0,0,0,0,0,1,0,1,1,6,1
2420,C1,20,4,1,0,0,0,0,0,0,0,0,0,0,1,0,2,2,49,2
2430,A1,1,20,0,20,0,0,0,0,0,0,0,0,0,1,0,2,1,7,10
2430,B0,0,1,20,2,0,0,0,0,0,0,0,0,0,1,0,1,0,0,0
2430,B1,3,2,1,1,0,0,0,0,0,0,0,0,0,1,0,2,9,53,15
2430,B2,5,0,2,19,0,0,0,0,0,0,0,0,0,1,0,1,1,6,1
2430,C1,20,1,1,0,0,0,0,0,0,0,0,0,0,1,0,2,2,49,2
2440,A1,1,20,0,20,0,0,0,0,0,0,0,0,0,0,1,2,1,7,10
2440,B0,0,1,21,2,0,0,0,0,0,0,0,0,0,0,1,1,0,0,0
2440,B1,3,2,1,1,0,0,0,0,0,0,0,0,0,0,1,2,9,53,15
2440,B2,6,0,2,19,0,0,0,0,0,0,0,0,0,0,1,1,1,6,1
2440,C1,20,1,1,0,0,0,0,0,0,0,0,0,0,0,1,2,2,49,2
2450,A1,2,20,0,20,0,0,0,0,0,0,0,0,0,0,1,2,1,7,10
2450,B0,0,1,21,2,0,0,0,0,0,0,0,0,0,0,1,1,0,0,0
2450,B1,3,2,1,2,0,0,0,0,0,0,0,0,0,0,1,2,9,53,15
2450,B2,6,0,1,20,0,0,0,0,0,0,0,0,0,0,1,1,1,6,1
2450,C1,20,1,1,0,0,0,0,0,0,0,0,0,0,0,1,2,2,49,2
2460,A1,6,20,0,20,0,0,0,0,0,0,0,0,0,0,1,2,1,7,10
2460,B0,0,3,20,1,0,0,0,0,0,0,0,0,0,0,1,1,0,0,0
2460,B1,3,3,4,2,0,0,0,0,0,0,0,0,0,0,1,1,9,53,15
2460,B2,7,0,4,18,0,0,0,0,0,0,0,0,0,0,1,1,1,6,1
2460,C1,20,4,1,0,0,0,0,0,0,0,0,0,0,0,1,2,2,49,2
2470,A1,2,20,0,20,0,0,0,0,0,0,0,0,0,1,0,2,1,7,10
2470,B0,0,1,20,1,0,0,0,0,0,0,0,0,0,1,0,1,0,0,0
2470,B1,1,4,1,1,0,0,0,0,0,0,0,0,0,1,0,2,9,53,15
2470,B2,7,0,1,18,0,0,0,0,0,0,0,0,0,1,0,1,1,6,1
2470,C1,19,1,1,0,0,0,0,0,0,0,0,0,0,1,0,2,2,49,2
2480,A1,4,19,0,20,0,0,0,0,0,0,0,0,0,1,0,2,1,7,10
2480,B0,0,2,20,3,0,0,0,0,0,0,0,0,0,1,0,1,0,0,0
2480,B1,2,5,1,1,0,0,0,0,0,0,0,0,0,1,0,2,9,53,15
2480,B2,7,0,4,18,0,0,0,0,0,0,0,0,0,1,0,1,1,6,1
2480,C1,16,2,1,0,0,0,0,0,0,0,0,0,0,1,0,2,2,49,2
2490,A1,2,19,0,20,0,0,0,0,0,0,0,0,0,0,1,2,1,7,10
2490,B0,0,2,20,3,0,0,0,0,0,0,0,0,0,0,1,1,0,0,0
2490,B1,2,4,3,3,0,0,0,0,0,0,0,0,0,0,1,1,9,53,15
2490,B2,10,0,2,18,0,0,0,0,0,0,0,0,0,0,1,1,1,6,1
2490,C1,17,1,1,0,0,0,0,0,0,0,0,0,0,0,1,2,2,49,2
2500,A1,2,19,0,20,0,0,0,0,0,0,0,0,0,0,1,2,1,7,10
2500,B0,0,2,20,1,0,0,0,0,0,0,0,0,0,0,1,1,0,0,0
2500,B1,2,4,1,3,0,0,0,0,0,0,0,0,0,0,1,2,9,53,15
2500,B2,9,0,1,20,0,0,0,0,0,0,0,0,0,0,1,1,1,6,1
2500,C1,19,2,1,0,0,0,0,0,0,0,0,0,0,0,1,2,2,49,2
2510,A1,3,20,0,20,0,0,0,0,0,0,0,0,0,1,0,2,1,7,10
2510,B0,0,2,19,1,0,0,0,0,0,0,0,0,0,1,0,1,0,0,0
2510,B1,1,4,1,2,0,0,0,0,0,0,0,0,0,1,0,2,9,53,15
2510,B2,8,0,1,19,0,0,0,0,0,0,0,0,0,1,0,1,1,6,1
2510,C1,20,3,2,0,0,0,0,0,0,0,0,0,0,1,0,2,2,49,2
2520,A1,4,19,0,20,0,0,0,0,0,0,0,0,0,1,0,2,1,7,10
2520,B0,0,1,19,1,0,0,0,0,0,0,0,0,0,1,0,1,0,0,0
2520,B1,1,2,1,2,0,0,0,0,0,0,0,0,0,1,0,1,9,53,15
2520,B2,4,0,3,19,0,0,0,0,0,0,0,0,0,1,0,1,1,6,1
2520,C1,20,2,3,0,0,0,0,0,0,0,0,0,0,1,0,2,2,49,2
2530,A1,2,18,0,20,0,0,0,0,0,0,0,0,0,0,1,2,1,7,10
2530,B0,0,2,19,2,0,0,0,0,1,0,0,0,0,0,1,1,1,2,0
2530,B1,1,2,1,2,0,0,0,0,0,0,0,0,0,0,1,1,9,53,15
2530,B2,3,0,4,19,0,0,0,0,0,0,0,0,0,0,1,1,1,6,1
2530,C1,17,1,4,0,0,0,0,0,0,0,0,0,0,0,1,2,2,49,2
2540,A1,2,19,0,19,0,0,0,0,0,0,0,0,0,0,1,2,1,7,10
2540,B0,0,5,18,2,0,0,0,0,0,0,0,0,0,0,1,1,1,4,1
2540,B1,1,2,1,2,0,0,0,0,0,0,0,0,0,0,1,1,9,53,15
2540,B2,4,0,2,20,0,0,0,0,0,0,0,0,0,0,1,1,1,6,1
2540,C1,18,2,1,0,0,0,0,0,0,0,0,0,0,0,1,2,2,49,2
2550,A1,6,20,0,17,0,0,0,0,0,0,0,0,0,0,1,2,1,7,10
2550,B0,0,5,17,1,0,0,0,0,0,0,0,0,0,0,1,1,1,4,1
2550,B1,1,2,1,2,0,0,0,0,0,0,0,0,0,0,1,1,9,53,15
2550,B2,5,0,1,19,0,0,0,0,0,0,0,0,0,0,1,1,1,6,1
2550,C1,19,4,2,0,0,0,0,0,0,0,0,0,0,0,1,2,2,49,2
2560,A1,3,20,0,18,0,0,0,0,0,0,0,0,0,1,0,2,1,7,10
2560,B0,0,3,18,1,0,0,0,0,0,0,0,0,0,1,0,1,1,4,1
2560,B1,2,1,1,2,0,0,0,0,0,0,0,0,0,1,0,1,10,57,16
2560,B2,3,0,2,19,0,0,0,0,0,0,0,0,0,1,0,1,1,6,1
2560,C1,20,1,2,0,0,0,0,0,0,0,0,0,0,1,0,2,2,49,2
2570,A1,1,20,0,19,0,0,0,0,0,0,0,0,0,1,0,2,1,7,10
2570,B0,0,3,20,1,0,0,0,0,0,0,0,0,0,1,0,1,1,4,1
2570,B1,2,2,1,2,0,0,0,0,0,0,0,0,0,1,0,2,10,57,16
2570,B2,1,0,1,19,0,0,0,0,0,0,0,0,0,1,0,1,1,6,1
2570,C1,19,4,2,0,0,0,0,0,0,0,0,0,0,1,0,2,2,49,2
2580,A1,2,20,0,18,0,0,0,0,0,0,0,0,0,0,1,2,1,7,10
2580,B0,0,2,20,1,0,0,0,0,0,0,0,0,0,0,1,1,1,4,1
2580,B1,1,2,1,1,0,0,0,0,0,0,0,0,0,0,1,2,10,57,16
2580,B2,1,0,1,20,0,0,0,0,0,0,0,0,0,0,1,1,1,6,1
2580,C1,19,1,2,0,0,0,0,0,0,0,0,0,0,0,1,2,2,49,2
2590,A1,2,20,0,15,0,0,0,0,0,0,0,0,0,0,1,2,1,7,10
2590,B0,0,3,18,1,0,0,0,0,0,0,0,0,0,0,1,1,1,4,1
2590,B1,1,2,1,2,0,0,0,0,0,0,0,0,0,0,1,1,10,57,16
2590,B2,1,0,2,16,0,0,0,0,0,0,0,0,0,0,1,1,1,6,1
2590,C1,19,5,2,0,0,0,0,0,0,0,0,0,0,0,1,2,2,49,2
2600,A1,2,20,0,13,0,0,0,0,0,0,0,0,0,1,0,2,1,7,10
2600,B0,0,5,18,2,0,0,0,0,0,0,0,0,0,1,0,1,1,4,1
2600,B1,1,1,1,1,0,0,0,0,0,0,0,0,0,1,0,1,10,57,16
2600,B2,3,0,1,16,0,0,0,0,0,0,0,0,0,1,0,1,2,7,2
2600,C1,20,5,1,0,0,0,0,0,0,0,0,0,0,1,0,2,2,49,2
2610,A1,1,19,0,16,0,0,0,0,0,0,0,0,0,1,0,2,1,7,10
2610,B0,0,3,19,3,0,0,0,0,0,0,0,0,0,1,0,1,1,4,1
2610,B1,2,1,1,1,0,0,0,0,0,0,0,0,0,1,0,2,10,57,16
2610,B2,2,0,2,18,0,0,0,0,0,0,0,0,0,1,0,1,2,7,2
2610,C1,20,3,1,0,0,0,0,0,0,0,0,0,0,1,0,2,2,49,2
2620,A1,1,18,0,18,0,0,0,0,0,0,0,0,0,1,0,2,1,7,10
2620,B0,0,1,20,5,0,0,0,0,0,0,0,0,0,1,0,1,1,4,1
2620,B1,1,1,2,1,0,0,0,0,0,0,0,0,0,1,0,1,10,57,16
2620,B2,1,0,4,20,0,0,0,0,0,0,0,0,0,1,0,1,2,7,2
2620,C1,19,2,1,0,0,0,0,0,0,0,0,0,0,1,0,2,2,49,2
2630,A1,2,19,0,16,0,0,0,0,0,0,0,0,0,0,1,2,1,7,10
2630,B0,0,3,20,2,0,0,0,0,0,0,0,0,0,0,1,1,1,4,1
2630,B1,1,1,1,1,0,0,0,0,0,0,0,0,0,0,1,1,11,61,17
2630,B2,1,0,4,20,0,0,0,0,0,0,0,0,0,0,1,1,2,7,2
2630,C1,20,1,1,0,0,0,0,0,0,0,0,0,0,0,1,2,2,49,2
2640,A1,3,20,0,15,0,0,0,0,0,0,0,0,0,0,1,2,1,7,10
2640,B0,0,3,18,3,0,0,0,0,0,0,0,0,0,0,1,1,1,4,1
2640,B1,1,2,1,1,0,0,0,0,0,0,0,0,0,0,1,2,11,61,17
2640,B2,1,0,1,20,0,0,0,0,0,0,0,0,0,0,1,1,2,7,2
2640,C1,20,1,1,0,0,0,0,0,0,0,0,0,0,0,1,2,2,49,2
2650,A1,1,20,0,15,0,0,0,0,0,0,0,0,0,1,0,2,1,7,10
2650,B0,0,1,19,5,0,0,0,0,0,0,0,0,0,1,0,1,1,4,1
2650,B1,1,2,1,1,0,0,0,0,0,0,0,0,0,1,0,2,11,61,17
2650,B2,1,0,1,20,0,0,0,0,0,0,0,0,0,1,0,1,2,7,2
2650,C1,20,1,2,0,0,0,0,0,0,0,0,0,0,1,0,2,2,49,2
2660,A1,3,18,0,15,0,0,0,0,0,0,0,0,0,1,0,2,1,7,10
2660,B0,0,2,19,4,0,0,0,0,0,0,0,0,0,1,0,1,1,4,1
2660,B1,3,2,1,1,0,0,0,0,0,0,0,0,0,1,0,2,11,61,17
2660,B2,2,0,3,20,0,0,0,0,0,0,0,0,0,1,0,1,2,7,2
2660,C1,17,1,3,0,0,0,0,0,0,0,0,0,0,1,0,2,2,49,2
2670,A1,4,18,0,14,0,0,0,0,0,0,0,0,0,0,1,2,1,7,10
2670,B0,0,2,20,5,0,0,0,0,0,0,0,0,0,0,1,1,1,4,1
2670,B1,3,2,1,2,0,0,0,0,0,0,0,0,0,0,1,2,12,63,18
2670,B2,4,0,4,20,0,0,0,0,0,0,0,0,0,0,1,1,2,7,2
2670,C1,15,1,2,0,0,0,0,0,0,0,0,0,0,0,1,2,2,49,2
2680,A1,4,18,0,10,0,0,0,0,0,0,0,0,0,0,1,2,1,7,10
2680,B0,0,4,20,2,0,0,0,0,0,0,0,0,0,0,1,1,1,4,1
2680,B1,3,2,3,1,0,0,0,0,0,0,0,0,0,0,1,2,12,63,18
2680,B2,4,0,1,20,0,0,0,0,0,0,0,0,0,0,1,1,2,7,2
2680,C1,16,3,1,0,0,0,0,0,0,0,0,0,0,0,1,2,2,49,2
2690,A1,7,20,0,9,0,0,0,0,0,0,0,0,0,0,1,2,1,7,10
2690,B0,0,4,19,1,0,0,0,0,0,0,0,0,0,0,1,1,1,4,1
2690,B1,3,2,1,3,0,0,0,0,0,0,0,0,0,0,1,2,12,63,18
2690,B2,5,0,1,18,0,0,0,0,0,0,0,0,0,0,1,1,2,7,2
2690,C1,20,3,1,0,0,0,0,0,0,0,0,0,0,0,1,2,2,49,2
2700,A1,3,20,0,9,0,0,0,0,0,0,0,0,0,1,0,2,1,7,10
2700,B0,0,1,20,1,0,0,0,0,0,0,0,0,0,1,0,1,1,4,1
2700,B1,3,2,1,3,0,0,0,0,0,0,0,0,0,1,0,2,12,63,18
2700,B2,5,0,1,19,0,0,0,0,0,0,0,0,0,1,0,1,2,7,2
2700,C1,20,1,2,0,0,0,0,0,0,0,0,0,0,1,0,2,2,49,2
2710,A1,1,20,0,10,0,0,0,0,0,0,0,0,0,1,0,2,1,7,10
2710,B0,0,1,20,2,0,0,0,0,0,0,0,0,0,1,0,1,1,4,1
2710,B1,4,2,1,3,0,0,0,0,0,0,0,0,0,1,0,2,12,63,18
2710,B2,5,0,2,19,0,0,0,0,0,0,0,0,0,1,0,1,2,7,2
2710,C1,19,2,1,0,0,0,0,0,0,0,0,0,0,1,0,2,2,49,2
2720,A1,1,19,0,11,0,0,0,0,0,0,0,0,0,0,1,2,1,7,10
2720,B0,0,1,20,2,0,0,0,0,0,0,0,0,0,0,1,1,1,4,1
2720,B1,3,1,2,2,0,0,0,0,0,0,0,0,0,0,1,1,12,63,18
2720,B2,8,0,5,20,0,0,0,0,0,0,0,0,0,0,1,1,2,7,2
2720,C1,19,2,1,0,0,0,0,0,0,0,0,0,0,0,1,2,2,49,2
2730,A1,4,19,0,10,0,0,0,0,0,0,0,0,0,0,1,2,1,7,10
2730,B0,0,2,16,1,0,0,0,0,0,0,0,0,0,0,1,1,1,4,1
2730,B1,3,1,1,3,0,0,0,0,0,0,0,0,0,0,1,1,12,63,18
2730,B2,9,0,1,16,0,0,0,0,0,0,0,0,0,0,1,1,2,7,2
2730,C1,19,3,2,0,0,0,0,0,0,0,0,0,0,0,1,2,2,49,2
2740,A1,4,19,0,11,0,0,0,0,0,0,0,0,0,1,0,2,1,7,10
2740,B0,0,4,16,1,0,0,0,0,0,0,0,0,0,1,0,1,1,4,1
2740,B1,4,3,2,3,0,0,0,0,0,0,0,0,0,1,0,2,12,63,18
2740,B2,8,0,1,16,0,0,0,0,0,0,0,0,0,1,0,1,3,8,8
2740,C1,19,3,3,0,0,0,0,0,0,0,0,0,0,1,0,2,2,49,2
2750,A1,1,20,0,11,0,0,0,0,0,0,0,0,0,1,0,2,1,7,10
2750,B0,0,2,18,2,0,0,0,0,0,0,0,0,0,1,0,1,1,4,1
2750,B1,3,3,2,3,0,0,0,0,0,0,0,0,0,1,0,2,12,63,18
2750,B2,6,0,1,18,0,0,0,0,0,0,0,0,0,1,0,1,3,8,8
2750,C1,19,1,3,0,0,0,0,0,0,0,0,0,0,1,0,2,2,49,2
2760,A1,2,18,0,11,0,0,0,0,0,0,0,0,0,0,1,2,1,7,10
2760,B0,0,2,20,2,0,0,0,0,0,0,0,0,0,0,1,1,1,4,1
2760,B1,3,4,2,3,0,0,0,0,0,0,0,0,0,0,1,2,12,63,18
2760,B2,4,0,2,20,0,0,0,0,0,0,0,0,0,0,1,1,3,8,8
2760,C1,18,1,3,0,0,0,0,0,0,0,0,0,0,0,1,2,2,49,2
2770,A1,3,19,0,8,0,0,0,0,0,0,0,0,0,0,1,2,1,7,10
2770,B0,0,2,19,2,0,0,0,0,0,0,0,0,0,0,1,1,1,4,1
2770,B1,3,4,2,3,0,0,0,0,0,0,0,0,0,0,1,2,12,63,18
2770,B2,3,0,3,20,0,0,0,0,0,0,0,0,0,0,1,1,3,8,8
2770,C1,18,1,4,0,0,0,0,0,0,0,0,0,0,0,1,2,2,49,2
2780,A1,3,19,0,9,0,0,0,0,0,0,0,0,0,0,1,2,1,7,10
2780,B0,0,3,15,2,0,0,0,0,0,0,0,0,0,0,1,1,1,4,1
2780,B1,3,4,3,2,0,0,0,0,0,0,0,0,0,0,1,2,12,63,18
2780,B2,3,0,3,19,0,0,0,0,0,0,0,0,0,0,1,1,3,8,8
2780,C1,18,2,3,0,0,0,0,0,0,0,0,0,0,0,1,2,2,49,2
2790,A1,3,19,0,10,0,0,0,0,0,0,0,0,0,1,0,2,1,7,10
2790,B0,0,1,16,2,0,0,0,0,0,0,0,0,0,1,0,1,1,4,1
2790,B1,1,2,3,2,0,0,0,0,0,0,0,0,0,1,0,1,12,63,18
2790,B2,2,0,3,20,0,0,0,0,0,0,0,0,0,1,0,1,3,8,8
2790,C1,19,1,3,0,0,0,0,0,0,0,0,0,0,1,0,2,2,49,2
2800,A1,1,18,0,10,0,0,0,0,0,0,0,0,0,1,0,2,1,7,10
2800,B0,0,2,19,2,0,0,0,0,0,0,0,0,0,1,0,1,1,4,1
2800,B1,3,1,3,2,0,0,0,0,0,0,0,0,0,1,0,1,12,63,18
2800,B2,2,0,5,20,0,0,0,0,0,0,0,0,0,1,0,1,3,8,8
2800,C1,17,1,4,0,0,0,0,0,0,0,0,0,0,1,0,2,2,49,2
2810,A1,1,18,0,10,0,0,0,0,0,0,0,0,1,0,1,2,1,7,10
2810,B0,0,4,20,3,0,0,0,0,0,0,0,0,0,0,1,1,1,4,1
2810,B1,2,2,3,3,0,0,0,2,0,0,0,0,0,0,1,1,13,73,18
2810,B2,1,0,4,20,0,0,0,0,0,0,0,0,0,0,1,1,3,8,8
2810,C1,16,1,3,0,0,0,0,0,0,0,0,0,0,0,1,2,2,49,2
2820,A1,2,19,0,7,0,0,0,0,0,0,0,0,0,0,1,2,1,7,10
2820,B0,0,8,20,2,0,0,0,0,0,0,0,0,0,0,1,1,1,4,1
2820,B1,2,2,4,1,0,0,0,0,0,0,0,0,0,0,1,1,13,77,21
2820,B2,3,0,2,20,0,0,0,0,0,0,0,0,0,0,1,1,3,8,8
2820,C1,17,1,1,0,0,0,0,0,0,0,0,0,0,0,1,2,2,49,2
2830,A1,3,20,0,6,0,0,0,0,0,0,0,0,0,1,0,2,1,7,10
2830,B0,0,9,18,1,0,0,0,0,0,0,0,0,0,1,0,1,1,4,1
2830,B1,2,2,5,1,0,0,0,0,0,0,0,0,0,1,0,1,13,77,21
2830,B2,4,0,1,19,0,0,0,0,0,0,0,0,0,1,0,1,3,8,8
2830,C1,20,1,1,0,0,0,0,0,0,0,0,0,0,1,0,2,2,49,2
2840,A1,1,19,0,5,0,0,0,0,0,0,0,0,0,1,0,2,1,7,10
2840,B0,0,5,19,1,0,0,0,0,0,0,0,0,0,1,0,1,1,4,1
2840,B1,1,2,1,2,0,0,0,0,0,0,0,0,0,1,0,1,13,77,21
2840,B2,3,0,4,20,0,0,0,0,0,0,0,0,0,1,0,1,3,8,8
2840,C1,18,1,1,0,0,0,0,0,0,0,0,0,0,1,0,2,2,49,2
2850,A1,4,18,0,5,0,0,0,0,0,0,0,0,0,1,0,2,1,7,10
2850,B0,0,3,20,2,0,0,0,0,0,0,0,0,0,1,0,1,1,4,1
2850,B1,1,1,1,2,0,0,0,0,0,0,0,0,0,1,0,1,13,77,21
2850,B2,1,0,2,20,0,0,0,0,0,0,0,0,0,1,0,1,3,8,8
2850,C1,17,1,2,0,0,0,0,0,0,0,0,0,0,1,0,2,2,49,2
2860,A1,2,18,0,5,0,0,0,0,0,0,0,0,0,0,1,2,1,7,10
2860,B0,0,3,19,1,0,0,0,0,0,0,0,0,0,0,1,1,1,4,1
2860,B1,1,2,2,1,0,0,0,0,0,0,0,0,0,0,1,1,13,77,21
2860,B2,3,0,1,20,0,0,0,0,0,0,0,0,0,0,1,1,3,8,8
2860,C1,18,1,2,0,0,0,0,0,0,0,0,0,0,0,1,2,3,51,3
2870,A1,3,20,0,5,0,0,0,0,0,0,0,0,0,0,1,2,1,7,10
2870,B0,0,3,16,1,0,0,0,0,0,0,0,0,0,0,1,1,1,4,1
2870,B1,1,2,2,1,0,0,0,0,0,0,0,0,0,0,1,1,13,77,21
2870,B2,3,0,1,19,0,0,0,0,0,0,0,0,0,0,1,1,3,8,8
2870,C1,19,1,1,0,0,0,0,0,0,0,0,0,0,0,1,2,3,51,3
2880,A1,2,20,0,6,0,0,0,0,0,0,0,0,0,1,0,2,1,7,10
2880,B0,0,5,16,4,0,0,0,0,0,0,0,0,0,1,0,1,1,4,1
2880,B1,3,2,1,1,0,0,0,0,0,0,0,0,0,1,0,2,13,77,21
2880,B2,1,0,1,19,0,0,0,0,0,0,0,0,0,1,0,1,3,8,8
2880,C1,20,4,2,0,0,0,0,0,0,0,0,0,0,1,0,2,3,51,3
2890,A1,2,20,0,7,0,0,0,0,0,0,0,0,0,1,0,2,1,7,10
2890,B0,0,5,18,4,0,0,0,0,0,0,0,0,0,1,0,1,1,4,1
2890,B1,1,2,1,1,0,0,0,0,0,0,0,0,0,1,0,2,13,77,21
2890,B2,1,0,2,19,0,0,0,0,0,0,0,0,0,1,0,1,3,8,8
2890,C1,20,4,4,0,0,0,0,0,0,0,0,0,0,1,0,2,3,51,3
2900,A1,1,20,0,6,0,0,0,0,0,0,0,0,0,0,1,2,1,7,10
2900,B0,0,5,20,3,0,0,0,0,0,0,0,0,0,0,1,1,1,4,1
2900,B1,2,1,2,3,0,0,0,0,0,0,0,0,0,0,1,1,13,77,21
2900,B2,1,0,1,20,0,0,0,0,0,0,0,0,0,0,1,1,3,8,8
2900,C1,20,4,4,0,0,0,0,0,0,0,0,0,0,0,1,2,3,51,3
2910,A1,1,20,0,2,0,0,0,0,0,0,0,0,0,0,1,2,1,7,10
2910,B0,0,4,20,1,0,0,0,0,0,0,0,0,0,0,1,1,1,4,1
2910,B1,2,1,1,1,0,0,0,0,0,0,0,0,0,0,1,2,13,77,21
2910,B2,1,0,2,18,0,0,0,0,0,0,0,0,0,0,1,1,3,8,8
2910,C1,20,4,2,0,0,0,0,0,0,0,0,0,0,0,1,2,3,51,3
2920,A1,2,20,0,1,0,0,0,0,0,0,0,0,0,0,1,2,1,7,10
2920,B0,0,4,17,1,0,0,0,0,0,0,0,0,0,0,1,1,1,4,1
2920,B1,2,1,2,1,0,0,0,0,0,0,0,0,0,0,1,1,13,77,21
2920,B2,3,0,1,16,0,0,0,0,0,0,0,0,0,0,1,1,3,8,8
2920,C1,20,4,1,0,0,0,0,0,0,0,0,0,0,0,1,2,3,51,3
2930,A1,2,19,0,1,0,0,0,0,0,0,0,0,0,1,0,2,1,7,10
2930,B0,0,2,18,1,0,0,0,0,0,0,0,0,0,1,0,1,1,4,1
2930,B1,2,4,1,2,0,0,0,0,0,0,0,0,0,1,0,2,13,77,21
2930,B2,2,0,1,17,0,0,0,0,0,0,0,0,0,1,0,1,3,8,8
2930,C1,20,1,1,0,0,0,0,0,0,0,0,0,0,1,0,2,3,51,3
2940,A1,2,16,0,1,0,0,0,0,0,0,0,0,0,1,0,2,1,7,10
2940,B0,0,1,19,1,0,0,0,0,0,0,0,0,0,1,0,1,1,4,1
2940,B1,1,4,1,2,0,0,0,0,0,0,0,0,0,1,0,2,13,77,21
2940,B2,3,0,3,20,0,0,0,0,0,0,0,0,0,1,0,1,3,8,8
2940,C1,18,1,1,0,0,0,0,0,0,0,0,0,0,1,0,2,3,51,3
2950,A1,2,16,0,2,0,0,0,0,0,0,0,0,0,0,1,2,2,13,11
2950,B0,0,2,20,1,0,0,0,0,0,0,0,0,0,0,1,1,1,4,1
2950,B1,1,3,2,1,0,0,0,0,0,0,0,0,0,0,1,2,13,77,21
2950,B2,4,0,3,20,0,0,0,0,0,0,0,0,0,0,1,1,3,8,8
2950,C1,18,1,2,0,0,0,0,0,0,0,0,0,0,0,1,2,3,51,3
2960,A1,4,18,0,3,0,0,0,0,0,0,0,0,0,0,1,2,2,13,11
2960,B0,0,2,20,2,0,0,0,0,0,0,0,0,0,0,1,1,1,4,1
2960,B1,1,3,4,3,0,0,0,0,0,0,0,0,0,0,1,1,13,77,21
2960,B2,4,0,2,20,0,0,0,0,0,0,0,0,0,0,1,1,3,8,8
2960,C1,18,2,1,0,0,0,0,0,0,0,0,0,0,0,1,2,3,51,3
2970,A1,4,20,0,3,0,0,0,0,0,0,0,0,0,1,0,2,2,13,11
2970,B0,0,1,20,5,0,0,0,0,0,0,0,0,0,1,0,1,1,4,1
2970,B1,3,3,3,3,0,0,0,0,0,0,0,0,0,1,0,1,13,77,21
2970,B2,3,0,2,20,0,0,0,0,0,0,0,0,0,1,0,1,3,8,8
2970,C1,20,2,2,0,0,0,0,0,0,0,0,0,0,1,0,2,3,51,3
2980,A1,1,20,0,3,0,0,0,0,0,0,0,0,0,1,0,2,2,13,11
2980,B0,0,1,20,1,0,0,0,0,0,0,0,0,0,1,0,1,1,4,1
2980,B1,2,2,3,3,0,0,0,0,0,0,0,0,0,1,0,1,13,77,21
2980,B2,2,0,3,20,0,0,0,0,0,0,0,0,0,1,0,1,3,8,8
2980,C1,20,2,2,0,0,0,0,0,0,0,0,0,0,1,0,2,3,51,3
2990,A1,1,19,0,3,0,0,0,0,3,0,0,0,0,0,1,1,3,14,11
2990,B0,0,2,20,2,0,0,0,0,0,0,0,0,0,0,1,1,1,4,1
2990,B1,1,2,3,3,0,0,0,0,0,0,0,1,0,0,1,1,13,77,21
2990,B2,2,0,4,20,0,0,0,1,0,0,0,0,0,0,1,1,4,10,8
2990,C1,19,3,5,0,0,0,0,0,0,0,0,0,0,0,1,2,3,51,3
3000,A1,2,20,0,2,0,0,0,0,2,0,0,0,0,0,1,1,3,34,11
3000,B0,0,2,19,1,0,0,0,0,0,0,0,0,0,0,1,1,1,4,1
3000,B1,1,1,1,1,0,0,0,0,0,0,0,1,0,0,1,1,13,77,21
3000,B2,2,0,1,19,0,0,0,0,0,0,0,0,0,0,1,1,4,10,9
3000,C1,20,2,5,0,0,0,0,0,0,0,0,0,0,0,1,2,3,51,3
3010,A1,5,20,0,1,0,0,0,0,0,0,0,0,0,0,1,2,3,51,14
3010,B0,0,2,18,3,0,0,0,0,0,0,0,0,0,0,1,1,1,4,1
3010,B1,1,1,1,1,0,0,0,0,0,0,0,0,0,0,1,1,13,77,21
3010,B2,2,0,1,15,0,0,0,0,0,0,0,0,0,0,1,1,4,10,9
3010,C1,20,3,2,0,0,0,0,0,0,0,0,0,0,0,1,2,3,51,3
3020,A1,2,20,0,4,0,0,0,0,0,0,0,0,0,1,0,2,3,51,14
3020,B0,0,1,19,4,0,0,0,0,0,0,0,0,0,1,0,1,1,4,1
3020,B1,2,2,1,1,0,0,0,0,0,0,0,0,0,1,0,2,13,77,21
3020,B2,2,0,3,16,0,0,0,0,0,0,0,0,0,1,0,1,4,10,9
3020,C1,20,1,5,0,0,0,0,0,0,0,0,0,0,1,0,2,3,51,3
3030,A1,3,18,0,4,0,0,0,0,0,0,0,0,0,1,0,2,3,51,14
3030,B0,0,1,20,1,0,0,0,0,0,0,0,0,0,1,0,1,1,4,1
3030,B1,3,3,1,1,0,0,0,0,0,0,0,0,0,1,0,2,13,77,21
3030,B2,1,0,7,19,0,0,0,0,0,0,0,0,0,1,0,1,4,10,9
3030,C1,18,5,6,0,0,0,0,0,0,0,0,0,0,1,0,2,3,51,3
3040,A1,1,18,0,3,0,0,0,0,0,0,0,0,0,0,1,2,3,51,14
3040,B0,0,1,20,2,0,0,0,0,0,0,0,0,0,0,1,1,1,4,1
3040,B1,2,2,2,1,0,0,0,0,0,0,0,0,0,0,1,2,13,77,21
3040,B2,1,0,2,20,0,0,0,0,0,0,0,0,0,0,1,1,4,10,9
3040,C1,18,2,4,0,0,0,0,0,0,0,0,0,0,0,1,2,3,51,3
3050,A1,1,18,0,2,0,0,0,0,0,0,0,0,0,0,1,2,3,51,14
3050,B0,0,1,20,1,0,0,0,0,0,0,0,0,0,0,1,1,1,4,1
3050,B1,2,2,1,2,0,0,0,0,0,0,0,0,0,0,1,2,13,77,21
3050,B2,2,0,3,19,0,0,0,0,0,0,0,0,0,0,1,1,4,10,9
3050,C1,18,2,1,0,0,0,0,0,0,0,0,0,0,0,1,2,3,51,3
3060,A1,2,20,0,2,0,0,0,0,0,0,0,0,0,1,0,2,3,51,14
3060,B0,0,2,19,3,0,0,0,0,0,0,0,0,0,1,0,1,1,4,1
3060,B1,2,4,2,1,0,0,0,0,0,0,0,0,0,1,0,2,13,77,21
3060,B2,3,0,1,17,0,0,0,0,0,0,0,0,0,1,0,1,4,10,9
3060,C1,20,3,1,0,0,0,0,0,0,0,0,0,0,1,0,2,3,51,3
3070,A1,3,19,0,2,0,0,0,0,0,0,0,0,0,1,0,2,3,51,14
3070,B0,0,2,20,1,0,0,0,0,0,0,0,0,0,1,0,1,1,4,1
3070,B1,1,3,2,1,0,0,0,0,0,0,0,0,0,1,0,2,13,77,21
3070,B2,2,0,1,18,0,0,0,0,0,0,0,0,0,1,0,1,4,10,9
3070,C1,20,1,2,0,0,0,0,0,0,0,0,0,0,1,0,2,3,51,3
3080,A1,3,15,0,3,0,0,0,0,0,0,0,0,0,1,0,2,3,51,14
3080,B0,0,1,20,2,0,0,0,0,0,0,0,0,0,1,0,1,1,4,1
3080,B1,2,3,3,2,0,0,0,0,0,0,0,0,0,1,0,1,13,77,21
3080,B2,1,0,3,20,0,0,0,0,0,0,0,0,0,1,0,1,4,10,9
3080,C1,18,1,1,0,0,0,0,0,0,0,0,0,0,1,0,2,3,51,3
3090,A1,1,16,0,2,0,0,0,0,0,0,0,0,0,0,1,2,3,51,14
3090,B0,0,1,20,1,0,0,0,0,0,0,0,0,0,0,1,1,1,4,1
3090,B1,2,3,1,1,0,0,0,0,0,0,0,0,0,0,1,2,13,77,21
3090,B2,2,0,2,20,0,0,0,0,0,0,0,0,0,0,1,1,4,10,9
3090,C1,20,1,1,0,0,0,0,0,0,0,0,0,0,0,1,2,3,51,3
3100,A1,1,18,0,3,0,0,0,0,0,0,0,0,0,0,1,2,3,51,14
3100,B0,0,2,20,1,0,0,0,0,0,0,0,0,0,0,1,1,1,4,1
3100,B1,2,3,1,2,0,0,0,0,0,0,0,0,0,0,1,2,13,77,21
3100,B2,3,0,1,17,0,0,0,0,0,0,0,0,0,0,1,1,4,10,9
3100,C1,20,2,1,0,0,0,0,0,0,0,0,0,0,0,1,2,3,51,3
3110,A1,2,20,0,5,0,0,0,0,0,0,0,0,0,1,0,2,3,51,14
3110,B0,0,2,20,1,0,0,0,0,0,0,0,0,0,1,0,1,1,4,1
3110,B1,1,2,3,2,0,0,0,0,0,0,0,0,0,1,0,1,13,77,21
3110,B2,2,0,1,17,0,0,0,0,0,0,0,0,0,1,0,1,4,10,9
3110,C1,20,1,3,0,0,0,0,0,0,0,0,0,0,1,0,2,3,51,3
3120,A1,1,19,0,5,0,0,0,0,0,0,0,0,0,1,0,2,3,51,14
3120,B0,0,1,20,1,0,0,0,0,0,0,0,0,0,1,0,1,1,4,1
3120,B1,3,2,3,2,0,0,0,0,0,0,0,0,0,1,0,1,13,77,21
3120,B2,3,0,1,18,0,0,0,0,0,0,0,0,0,1,0,1,4,10,9
3120,C1,19,4,4,0,0,0,0,0,0,0,0,0,0,1,0,2,3,51,3
3130,A1,2,19,0,5,0,0,0,0,0,0,0,0,0,0,1,2,3,51,14
3130,B0,0,2,19,1,0,0,0,0,0,0,0,0,0,0,1,1,1,4,1
3130,B1,1,2,3,1,0,0,0,0,0,0,0,0,0,0,1,1,13,77,21
3130,B2,2,0,1,20,0,0,0,0,0,0,0,0,0,0,1,1,4,10,9
3130,C1,20,2,4,0,0,0,0,0,0,0,0,0,0,0,1,2,3,51,3
3140,A1,1,20,0,5,0,0,0,0,0,0,0,0,0,0,1,2,3,51,14
3140,B0,0,2,20,1,0,0,0,0,0,0,0,0,0,0,1,1,1,4,1
3140,B1,1,2,1,1,0,0,0,0,0,0,0,0,0,0,1,2,13,77,21
3140,B2,2,0,1,19,0,0,0,0,0,0,0,0,0,0,1,1,4,10,9
3140,C1,20,3,1,0,0,0,0,0,0,0,0,0,0,0,1,2,3,51,3
3150,A1,2,20,0,6,0,0,0,0,0,0,0,0,0,0,1,2,3,51,14
3150,B0,0,3,18,1,0,0,0,0,0,0,0,0,0,0,1,1,1,4,1
3150,B1,1,2,1,1,0,0,0,0,0,0,0,0,0,0,1,2,13,77,21
3150,B2,2,0,1,18,0,0,0,0,0,0,0,0,0,0,1,1,4,10,9
3150,C1,20,5,1,0,0,0,0,0,0,0,0,0,0,0,1,2,3,51,3
3160,A1,2,20,0,6,0,0,0,0,0,0,0,0,0,1,0,2,3,51,14
3160,B0,0,2,19,2,0,0,0,0,0,0,0,0,0,1,0,1,1,4,1
3160,B1,1,3,1,1,0,0,0,0,0,0,0,0,0,1,0,2,13,77,21
3160,B2,2,0,1,19,0,0,0,0,0,0,0,0,0,1,0,1,4,10,9
3160,C1,20,1,4,0,0,0,0,0,0,0,0,0,0,1,0,2,3,51,3
3170,A1,1,20,0,6,0,0,0,0,0,0,0,0,0,1,0,2,3,51,14
3170,B0,0,2,19,2,0,0,0,0,0,0,0,0,0,1,0,1,1,4,1
3170,B1,3,3,1,1,0,0,0,0,0,0,0,0,0,1,0,2,13,77,21
3170,B2,3,0,3,20,0,0,0,0,0,0,0,0,0,1,0,1,4,10,9
3170,C1,18,1,4,0,0,0,0,0,0,0,0,0,0,1,0,2,3,51,3
3180,A1,1,20,0,4,0,0,0,0,0,0,0,0,0,0,1,2,3,51,14
3180,B0,0,4,20,1,0,0,0,0,0,0,0,0,0,0,1,1,1,4,1
3180,B1,2,2,1,1,0,0,0,0,0,0,0,0,0,0,1,2,13,77,21
3180,B2,4,0,2,18,0,0,0,0,0,0,0,0,0,0,1,1,5,11,10
3180,C1,18,2,3,0,0,0,0,0,0,0,0,0,0,0,1,2,3,51,3
3190,A1,2,20,0,1,0,0,0,0,0,0,0,0,0,0,1,2,3,51,14
3190,B0,0,4,18,3,0,0,0,0,0,0,0,0,0,0,1,1,1,4,1
3190,B1,2,2,1,1,0,0,0,0,0,0,0,0,0,0,1,2,13,77,21
3190,B2,4,0,2,17,0,0,0,0,0,0,0,0,0,0,1,1,5,11,10
3190,C1,18,3,1,0,0,0,0,0,0,0,0,0,0,0,1,2,3,51,3
3200,A1,2,20,0,2,0,0,0,0,0,0,0,0,0,1,0,2,3,51,14
3200,B0,0,4,18,1,0,0,0,0,0,0,0,0,0,1,0,1,1,4,1
3200,B1,2,6,2,1,0,0,0,0,0,0,0,0,0,1,0,2,13,77,21
3200,B2,3,0,2,17,0,0,0,0,0,0,0,0,0,1,0,1,5,11,10
3200,C1,20,3,2,0,0,0,0,0,0,0,0,0,0,1,0,2,3,51,3
3210,A1,1,20,0,3,0,0,0,0,0,0,0,0,0,1,0,2,3,51,14
3210,B0,0,1,18,2,0,0,0,0,0,0,0,0,0,1,0,1,1,4,1
3210,B1,4,3,2,2,0,0,0,0,0,0,0,0,0,1,0,2,13,77,21
3210,B2,1,0,3,20,0,0,0,0,0,0,0,0,0,1,0,1,5,11,10
3210,C1,20,1,2,0,0,0,0,0,0,0,0,0,0,1,0,2,3,51,3
3220,A1,3,19,0,3,0,0,0,0,2,0,0,0,0,0,1,2,4,52,14
3220,B0,0,1,20,5,0,0,0,0,0,0,0,0,0,0,1,1,1,4,1
3220,B1,4,2,2,3,0,0,0,0,0,0,0,1,0,0,1,2,13,77,21
3220,B2,1,0,5,20,0,0,0,0,0,0,0,0,0,0,1,1,5,11,10
3220,C1,18,1,2,0,0,0,0,0,0,0,0,0,0,0,1,2,3,51,3
3230,A1,6,20,0,1,0,0,0,0,0,0,0,0,0,0,1,2,4,59,16
3230,B0,0,2,20,1,0,0,0,0,0,0,0,0,0,0,1,1,1,4,1
3230,B1,3,2,1,1,0,0,0,0,0,0,0,0,0,0,1,2,13,77,21
3230,B2,1,0,2,20,0,0,0,0,0,0,0,0,0,0,1,1,5,11,10
3230,C1,19,1,1,0,0,0,0,0,0,0,0,0,0,0,1,2,3,51,3
3240,A1,2,20,0,2,0,0,0,0,0,0,0,0,0,0,1,2,4,59,16
3240,B0,0,2,18,2,0,0,0,0,0,0,0,0,0,0,1,1,1,4,1
3240,B1,3,2,1,2,0,0,0,0,0,0,0,0,0,0,1,2,13,77,21
3240,B2,3,0,3,18,0,0,0,0,0,0,0,0,0,0,1,1,5,11,10
3240,C1,19,2,2,0,0,0,0,0,0,0,0,0,0,0,1,2,3,51,3
3250,A1,4,19,0,3,0,0,0,0,0,0,0,0,0,1,0,2,4,59,16
3250,B0,0,1,19,1,0,0,0,0,0,0,0,0,0,1,0,1,1,4,1
3250,B1,2,3,1,2,0,0,0,0,0,0,0,0,0,1,0,2,13,77,21
3250,B2,2,0,2,19,0,0,0,0,0,0,0,0,0,1,0,1,5,11,10
3250,C1,19,2,3,0,0,0,0,0,0,0,0,0,0,1,0,2,3,51,3
3260,A1,1,16,0,3,0,0,0,0,0,0,0,0,0,1,0,2,4,59,16
3260,B0,0,1,19,3,0,0,0,0,0,0,0,0,0,1,0,1,1,4,1
3260,B1,2,4,1,2,0,0,0,0,0,0,0,0,0,1,0,2,13,77,21
3260,B2,2,0,4,19,0,0,0,0,0,0,0,0,0,1,0,1,5,11,10
3260,C1,19,3,3,0,0,0,0,0,0,0,0,0,0,1,0,2,3,51,3
3270,A1,1,15,0,4,0,0,0,0,1,0,0,0,0,0,1,1,5,68,16
3270,B0,0,1,20,3,0,0,0,0,0,0,0,0,0,0,1,1,1,4,1
3270,B1,2,1,2,2,0,0,0,0,0,0,0,1,0,0,1,1,15,90,24
3270,B2,2,0,3,20,0,0,0,0,0,0,0,0,0,0,1,1,5,11,10
3270,C1,19,1,1,0,0,0,0,0,0,0,0,0,0,0,1,2,3,51,3
3280,A1,3,17,0,3,0,0,0,0,0,0,0,0,0,0,1,2,5,69,18
3280,B0,0,1,20,3,0,0,0,0,0,0,0,0,0,0,1,1,1,4,1
3280,B1,3,2,6,1,0,0,0,0,0,0,0,0,0,0,1,1,15,90,24
3280,B2,4,0,1,19,0,0,0,0,0,0,0,0,0,0,1,1,5,11,10
3280,C1,20,3,1,0,0,0,0,0,0,0,0,0,0,0,1,2,3,51,3
3290,A1,4,20,0,3,0,0,0,0,0,0,0,0,0,1,0,2,5,69,18
3290,B0,0,1,18,1,0,0,0,0,0,0,0,0,0,1,0,1,1,4,1
3290,B1,3,2,4,1,0,0,0,0,0,0,0,0,0,1,0,1,15,90,24
3290,B2,4,0,1,17,0,0,0,0,0,0,0,0,0,1,0,1,5,11,10
3290,C1,20,3,1,0,0,0,0,0,0,0,0,0,0,1,0,2,3,51,3
3300,A1,1,20,0,3,0,0,0,0,0,0,0,0,0,1,0,2,5,69,18
3300,B0,0,1,18,1,0,0,0,0,0,0,0,0,0,1,0,1,1,4,1
3300,B1,1,1,4,1,0,0,0,0,0,0,0,0,0,1,0,1,15,90,24
3300,B2,6,0,3,18,0,0,0,0,0,0,0,0,0,1,0,1,5,11,10
3300,C1,20,1,1,0,0,0,0,0,0,0,0,0,0,1,0,2,3,51,3
3310,A1,1,19,0,3,0,0,0,0,0,0,0,0,0,1,0,2,5,69,18
3310,B0,0,2,20,2,0,0,0,0,0,0,0,0,0,1,0,1,1,4,1
3310,B1,2,2,4,1,0,0,0,0,0,0,0,0,0,1,0,1,15,90,24
3310,B2,6,0,1,19,0,0,0,0,0,0,0,0,0,1,0,1,5,11,10
3310,C1,19,1,1,0,0,0,0,0,0,0,0,0,0,1,0,2,3,51,3
3320,A1,2,19,0,3,0,0,0,0,0,0,0,0,0,0,1,2,6,74,21
3320,B0,0,2,20,2,0,0,0,0,0,0,0,0,0,0,1,1,1,4,1
3320,B1,2,2,1,2,0,0,0,0,0,0,0,0,0,0,1,2,15,90,24
3320,B2,7,0,1,19,0,0,0,0,0,0,0,0,0,0,1,1,5,11,10
3320,C1,20,1,2,0,0,0,0,0,0,0,0,0,0,0,1,2,3,51,3
3330,A1,2,19,0,2,0,0,0,0,0,0,0,0,0,0,1,2,6,74,21
3330,B0,0,3,19,1,0,0,0,0,0,0,0,0,0,0,1,1,1,4,1
3330,B1,2,2,2,2,0,0,0,0,0,0,0,0,0,0,1,1,15,90,24
3330,B2,10,0,1,16,0,0,0,0,0,0,0,0,0,0,1,1,5,11,10
3330,C1,20,3,1,0,0,0,0,0,0,0,0,0,0,0,1,2,3,51,3
3340,A1,2,20,0,3,0,0,0,0,0,0,0,0,0,1,0,2,6,74,21
3340,B0,0,1,19,1,0,0,0,0,0,0,0,0,0,1,0,1,1,4,1
3340,B1,2,1,2,1,0,0,0,0,0,0,0,0,0,1,0,1,15,90,24
3340,B2,8,0,1,16,0,0,0,0,0,0,0,0,0,1,0,1,5,11,10
3340,C1,20,1,3,0,0,0,0,0,0,0,0,0,0,1,0,2,3,51,3
3350,A1,1,20,0,4,0,0,0,0,0,0,0,0,0,1,0,2,6,74,21
3350,B0,0,1,20,1,0,0,0,0,0,0,0,0,0,1,0,1,1,4,1
3350,B1,1,4,2,1,0,0,0,0,0,0,0,0,0,1,0,2,15,90,24
3350,B2,6,0,1,18,0,0,0,0,0,0,0,0,0,1,0,1,5,11,10
3350,C1,20,2,4,0,0,0,0,0,0,0,0,0,0,1,0,2,3,51,3
3360,A1,1,19,0,4,0,0,0,0,0,0,0,0,0,0,1,2,6,74,21
3360,B0,0,2,20,1,0,0,0,0,0,0,0,0,0,0,1,1,1,4,1
3360,B1,1,2,1,1,0,0,0,0,0,0,0,0,0,0,1,2,15,90,24
3360,B2,7,0,5,20,0,0,0,0,0,0,0,0,0,0,1,1,5,11,10
3360,C1,20,4,5,0,0,0,0,0,0,0,0,0,0,0,1,2,3,51,3
3370,A1,3,19,0,1,0,0,0,0,0,0,0,0,0,0,1,2,6,74,21
3370,B0,0,3,18,1,0,0,0,0,0,0,0,0,0,0,1,1,1,4,1
3370,B1,1,2,1,1,0,0,0,0,0,0,0,0,0,0,1,2,15,90,24
3370,B2,6,0,3,20,0,0,0,0,0,0,0,0,0,0,1,1,5,11,10
3370,C1,20,1,2,0,0,0,0,0,0,0,0,0,0,0,1,2,3,51,3
3380,A1,1,20,0,1,0,0,0,0,0,0,0,0,0,0,1,2,6,74,21
3380,B0,0,4,18,1,0,0,0,0,0,0,0,0,0,0,1,1,1,4,1
3380,B1,1,2,3,1,0,0,0,0,0,0,0,0,0,0,1,1,15,90,24
3380,B2,7,0,1,17,0,0,0,0,0,0,0,0,0,0,1,1,5,11,10
3380,C1,20,2,1,0,0,0,0,0,0,0,0,0,0,0,1,2,3,51,3
3390,A1,3,18,0,1,0,0,0,0,0,0,0,0,0,1,0,2,6,74,21
3390,B0,0,2,19,2,0,0,0,0,0,0,0,0,0,1,0,1,1,4,1
3390,B1,2,1,1,2,0,0,0,0,0,0,0,0,0,1,0,1,15,90,24
3390,B2,3,0,1,18,0,0,0,0,0,0,0,0,0,1,0,1,5,11,10
3390,C1,19,2,1,0,0,0,0,0,0,0,0,0,0,1,0,2,3,51,3
3400,A1,3,15,0,2,0,0,0,0,0,0,0,0,0,1,0,2,6,74,21
3400,B0,0,1,20,2,0,0,0,0,0,0,0,0,0,1,0,1,1,4,1
3400,B1,1,1,1,2,0,0,0,0,0,0,0,0,0,1,0,1,15,90,24
3400,B2,2,0,2,19,0,0,0,0,0,0,0,0,0,1,0,1,5,11,10
3400,C1,15,1,2,0,0,0,0,0,0,0,0,0,0,1,0,2,3,51,3
3410,A1,1,15,0,2,0,0,0,0,0,0,0,0,0,0,1,2,6,74,21
3410,B0,0,2,20,1,0,0,0,0,0,0,0,0,0,0,1,1,1,4,1
3410,B1,1,1,2,2,0,0,0,0,0,0,0,0,0,0,1,1,15,90,24
3410,B2,2,0,1,20,0,0,0,0,0,0,0,0,0,0,1,1,5,11,10
3410,C1,15,1,1,0,0,0,0,0,0,0,0,0,0,0,1,2,3,51,3
3420,A1,2,18,0,1,0,0,0,0,0,0,0,0,0,0,1,2,6,74,21
3420,B0,0,2,20,2,0,0,0,0,0,0,0,0,0,0,1,1,1,4,1
3420,B1,1,1,5,5,0,0,0,0,0,0,0,0,0,0,1,1,15,90,24
3420,B2,3,0,1,19,0,0,0,0,0,0,0,0,0,0,1,1,5,11,10
3420,C1,18,1,1,0,0,0,0,0,0,0,0,0,0,0,1,2,3,51,3
3430,A1,3,20,0,2,0,0,0,0,0,0,0,0,0,1,0,2,6,74,21
3430,B0,0,2,19,2,0,0,0,0,0,0,0,0,0,1,0,1,1,4,1
3430,B1,2,1,5,4,0,0,0,0,0,0,1,0,0,1,0,1,15,90,24
3430,B2,4,0,1,19,0,1,0,0,0,0,0,0,0,1,0,2,6,18,10
3430,C1,20,2,1,0,0,0,0,0,0,0,0,0,0,1,0,2,3,51,3
3440,A1,1,20,0,4,0,0,0,0,0,0,0,0,0,1,0,2,6,74,21
3440,B0,0,2,19,4,0,0,0,0,0,0,0,0,0,1,0,1,1,4,1
3440,B1,2,2,4,3,0,0,0,0,0,0,0,0,0,1,0,1,15,90,24
3440,B2,3,0,2,19,0,0,0,0,0,0,0,0,0,1,0,1,6,30,12
3440,C1,17,4,1,0,0,0,0,0,0,0,0,0,0,1,0,2,3,51,3
3450,A1,1,19,0,3,0,0,0,0,0,0,0,0,0,0,1,2,6,74,21
3450,B0,0,2,20,5,0,0,0,0,0,0,0,0,0,0,1,1,1,4,1
3450,B1,2,2,4,3,0,0,0,0,0,0,0,0,0,0,1,1,15,90,24
3450,B2,4,0,2,20,0,0,0,1,0,0,0,0,0,0,1,1,7,32,12
3450,C1,14,5,1,0,0,0,0,0,0,0,0,0,0,0,1,2,3,51,3
3460,A1,4,20,0,2,0,0,0,0,0,0,0,0,0,0,1,2,6,74,21
3460,B0,0,2,20,2,0,0,0,0,0,0,0,0,0,0,1,1,1,4,1
3460,B1,2,2,3,4,0,0,0,0,0,0,0,0,0,0,1,1,15,90,24
3460,B2,4,0,2,19,0,0,0,0,0,0,0,0,0,0,1,1,7,34,13
3460,C1,16,1,1,0,0,0,0,0,0,0,0,0,0,0,1,2,3,51,3
3470,A1,5,20,0,3,0,0,0,0,0,0,0,0,0,0,1,2,6,74,21
3470,B0,0,3,19,1,0,0,0,0,0,0,0,0,0,0,1,1,1,4,1
3470,B1,2,2,2,2,0,0,0,0,0,0,0,0,0,0,1,1,15,90,24
3470,B2,4,0,2,17,0,0,0,0,0,0,0,0,0,0,1,1,7,34,13
3470,C1,19,2,1,0,0,0,0,0,0,0,0,0,0,0,1,2,3,51,3
3480,A1,2,20,0,5,0,0,0,0,0,0,0,0,0,1,0,2,6,74,21
3480,B0,0,1,20,1,0,0,0,0,0,0,0,0,0,1,0,1,1,4,1
3480,B1,3,2,1,2,0,0,0,0,0,0,0,0,0,1,0,2,15,90,24
3480,B2,2,0,1,18,0,0,0,0,0,0,0,0,0,1,0,1,7,34,13
3480,C1,19,5,5,0,0,0,0,0,0,0,0,0,0,1,0,2,3,51,3
3490,A1,3,19,0,6,0,0,0,0,0,0,0,0,0,1,0,2,6,74,21
3490,B0,0,2,20,2,0,0,0,0,0,0,0,0,0,1,0,1,1,4,1
3490,B1,6,1,1,2,0,0,0,0,0,0,0,0,0,1,0,2,15,90,24
3490,B2,2,0,2,19,0,0,0,0,0,0,0,0,0,1,0,1,7,34,13
3490,C1,16,2,5,0,0,0,0,0,0,0,0,0,0,1,0,2,3,51,3
3500,A1,1,19,0,5,0,0,0,0,0,0,0,0,0,0,1,2,6,74,21
3500,B0,0,1,20,2,0,0,0,0,0,0,0,0,0,0,1,1,1,4,1
3500,B1,5,1,2,3,0,0,0,0,0,0,0,0,0,0,1,2,15,90,24
3500,B2,3,0,2,20,0,0,0,0,0,0,0,0,0,0,1,1,7,34,13
3500,C1,15,1,3,0,0,0,0,0,0,0,0,0,0,0,1,2,3,51,3
3510,A1,2,19,0,2,0,0,0,0,0,0,0,0,0,0,1,2,6,74,21
3510,B0,0,2,17,1,0,0,0,0,0,0,0,0,0,0,1,1,1,4,1
3510,B1,5,1,1,6,0,0,0,0,0,0,0,0,0,0,1,1,15,90,24
3510,B2,3,0,3,19,0,0,0,0,0,0,0,0,0,0,1,1,7,34,13
3510,C1,17,1,1,0,0,0,0,0,0,0,0,0,0,0,1,2,3,51,3
3520,A1,3,20,0,2,0,0,0,0,0,0,0,0,0,1,0,2,6,74,21
3520,B0,0,3,17,2,0,0,0,0,0,0,0,0,0,1,0,1,1,4,1
3520,B1,6,1,1,4,0,0,0,0,0,0,0,0,0,1,0,1,15,90,24
3520,B2,3,0,4,18,0,0,0,0,0,0,0,0,0,1,0,1,7,34,13
3520,C1,20,1,2,0,0,0,0,0,0,0,0,0,0,1,0,2,3,51,3
3530,A1,3,20,0,2,0,0,0,0,0,0,0,0,0,1,0,2,6,74,21
3530,B0,0,2,18,1,0,0,0,0,0,0,0,0,0,1,0,1,1,4,1
3530,B1,5,1,1,4,0,0,0,0,0,0,0,0,0,1,0,1,15,90,24
3530,B2,1,0,1,18,0,0,0,0,0,0,0,0,0,1,0,1,7,34,13
3530,C1,18,3,2,0,0,0,0,0,0,0,0,0,0,1,0,2,3,51,3
3540,A1,1,20,0,5,0,0,0,0,0,0,0,0,0,1,0,2,6,74,21
3540,B0,0,2,20,1,0,0,0,0,0,0,0,0,0,1,0,1,1,4,1
3540,B1,3,2,1,4,0,0,0,0,0,0,0,0,0,1,0,1,15,90,24
3540,B2,1,0,4,20,0,0,0,0,0,0,0,0,0,1,0,1,7,34,13
3540,C1,15,1,2,0,0,0,0,0,0,0,0,0,0,1,0,2,3,51,3
3550,A1,1,20,0,5,0,0,0,0,0,0,0,0,0,0,1,2,6,74,21
3550,B0,0,2,20,1,0,0,0,0,0,0,0,0,0,0,1,1,1,4,1
3550,B1,3,2,3,3,0,0,0,0,0,0,0,0,0,0,1,1,15,90,24
3550,B2,3,0,2,20,0,0,0,0,0,0,0,0,0,0,1,1,7,34,13
3550,C1,16,2,2,0,0,0,0,0,0,0,0,0,0,0,1,2,3,51,3
3560,A1,1,20,0,6,0,0,0,0,0,0,0,0,0,0,1,2,6,74,21
3560,B0,0,3,17,1,0,0,0,0,0,0,0,0,0,0,1,1,1,4,1
3560,B1,3,2,2,3,0,0,0,0,0,0,0,0,0,0,1,1,15,90,24
3560,B2,4,0,2,18,0,0,0,0,0,0,0,0,0,0,1,1,7,34,13
3560,C1,19,4,1,0,0,0,0,0,0,0,0,0,0,0,1,2,3,51,3
3570,A1,2,20,0,9,0,0,0,0,0,0,0,0,0,1,0,2,6,74,21
3570,B0,0,2,16,3,0,0,0,0,0,0,0,0,0,1,0,1,1,4,1
3570,B1,1,1,1,2,0,0,0,0,0,0,0,0,0,1,0,1,15,90,24
3570,B2,2,0,4,19,0,0,0,0,0,0,0,0,0,1,0,1,7,34,13
3570,C1,20,3,1,0,0,0,0,0,0,0,0,0,0,1,0,2,3,51,3
3580,A1,1,17,0,10,0,0,0,0,0,0,0,0,0,1,0,2,6,74,21
3580,B0,0,1,18,3,0,0,0,0,0,0,0,0,0,1,0,1,1,4,1
3580,B1,3,3,1,2,0,0,0,0,0,0,0,0,0,1,0,2,15,90,24
3580,B2,1,0,6,19,0,0,0,0,0,0,0,0,0,1,0,1,7,34,13
3580,C1,20,1,2,0,0,0,0,0,0,0,0,0,0,1,0,2,3,51,3
3590,A1,1,16,0,9,0,0,0,0,0,0,0,0,0,0,1,2,6,74,21
3590,B0,0,2,20,2,0,0,0,0,0,0,0,0,0,0,1,1,1,4,1
3590,B1,2,1,1,2,0,0,0,0,0,0,0,0,0,0,1,1,15,90,24
3590,B2,2,0,5,20,0,0,0,0,0,0,0,0,0,0,1,1,7,34,13
3590,C1,20,1,1,0,0,0,0,0,0,0,0,0,0,0,1,2,3,51,3
3600,A1,2,18,0,10,0,0,0,0,0,0,0,0,0,0,1,2,6,74,21
3600,B0,0,4,18,3,0,0,0,0,0,0,0,0,0,0,1,1,1,4,1
3600,B1,2,1,3,1,0,0,0,0,0,0,0,0,0,0,1,1,15,90,24
3600,B2,2,0,2,20,0,0,0,0,0,0,0,0,0,0,1,1,7,34,13
3600,C1,20,3,1,0,0,0,0,0,0,0,0,0,0,0,1,2,3,51,3
3610,A1,2,20,0,11,0,0,0,0,0,0,0,0,0,0,1,2,6,74,21
3610,B0,0,3,15,1,0,0,0,0,0,0,0,0,0,0,1,1,1,4,1
3610,B1,3,1,3,1,0,0,0,0,0,0,0,0,0,0,1,1,15,90,24
3610,B2,2,0,2,19,0,0,0,0,0,0,0,0,0,0,1,1,7,34,13
3610,C1,20,2,2,0,0,0,0,0,0,0,0,0,0,0,1,2,3,51,3
3620,A1,4,19,0,12,0,0,0,0,0,0,0,0,0,1,0,2,6,74,21
3620,B0,0,2,16,1,0,0,0,0,0,0,0,0,0,1,0,1,1,4,1
3620,B1,3,1,3,1,0,0,0,0,0,0,0,0,0,1,0,1,15,90,24
3620,B2,1,0,3,20,0,0,0,0,0,0,0,0,0,1,0,1,7,34,13
3620,C1,20,4,2,0,0,0,0,0,0,0,0,0,0,1,0,2,3,51,3
3630,A1,1,15,0,12,0,0,0,0,0,0,0,0,0,1,0,2,6,74,21
3630,B0,0,1,19,2,0,0,0,0,0,0,0,0,0,1,0,1,1,4,1
3630,B1,7,1,2,1,0,0,0,0,0,0,0,0,0,1,0,2,15,90,24
3630,B2,1,0,4,20,0,0,0,0,0,0,0,0,0,1,0,1,7,34,13
3630,C1,19,1,3,0,0,0,0,0,0,0,0,0,0,1,0,2,3,51,3
3640,A1,1,15,0,10,0,0,0,0,0,0,0,0,0,0,1,2,6,74,21
3640,B0,0,1,20,3,0,0,0,0,0,0,0,0,0,0,1,1,1,4,1
3640,B1,6,2,4,1,0,0,0,0,0,0,0,0,0,0,1,2,15,90,24
3640,B2,2,0,3,20,0,0,0,0,0,0,0,0,0,0,1,1,7,34,13
3640,C1,19,1,2,0,0,0,0,0,0,0,0,0,0,0,1,2,3,51,3
3650,A1,1,17,0,8,0,0,0,0,0,0,0,0,0,0,1,2,6,74,21
3650,B0,0,1,20,2,0,0,0,0,0,0,0,0,0,0,1,1,1,4,1
3650,B1,6,1,4,3,0,0,0,0,0,0,0,0,0,0,1,1,15,90,24
3650,B2,2,0,1,19,0,0,0,0,0,0,0,0,0,0,1,1,7,34,13
3650,C1,19,3,1,0,0,0,0,0,0,0,0,0,0,0,1,2,3,51,3
3660,A1,2,20,0,8,0,0,0,0,0,0,0,0,0,1,0,2,6,74,21
3660,B0,0,1,20,1,0,0,0,0,0,0,0,0,0,1,0,1,1,4,1
3660,B1,9,1,3,2,0,0,0,0,0,0,0,0,0,1,0,2,15,90,24
3660,B2,3,0,2,19,0,0,0,0,0,0,0,0,0,1,0,1,7,34,13
3660,C1,20,5,2,0,0,0,0,0,0,0,0,0,0,1,0,2,3,51,3
3670,A1,1,20,0,9,0,0,0,0,0,0,0,0,0,1,0,2,6,74,21
3670,B0,0,1,20,1,0,0,0,0,0,0,0,0,0,1,0,1,1,4,1
3670,B1,5,4,3,2,0,0,0,0,0,0,0,0,0,1,0,2,15,90,24
3670,B2,3,0,2,19,0,0,0,0,0,0,0,0,0,1,0,1,7,34,13
3670,C1,20,3,3,0,0,0,0,0,0,0,0,0,0,1,0,2,3,51,3
3680,A1,1,18,0,9,0,0,0,0,0,0,0,0,0,0,1,2,6,74,21
3680,B0,0,1,20,2,0,0,0,0,0,0,0,0,0,0,1,1,1,4,1
3680,B1,2,2,3,2,0,0,0,0,0,0,0,0,0,0,1,1,15,90,24
3680,B2,5,0,3,20,0,0,0,0,0,0,0,0,0,0,1,1,7,34,13
3680,C1,19,1,4,0,0,0,0,0,0,0,0,0,0,0,1,2,3,51,3
3690,A1,1,19,0,6,0,0,0,0,0,0,0,0,0,0,1,2,6,74,21
3690,B0,0,1,19,2,0,0,0,0,0,0,0,0,0,0,1,1,1,4,1
3690,B1,2,2,3,1,0,0,0,0,0,0,0,0,0,0,1,1,15,90,24
3690,B2,5,0,1,20,0,0,0,0,0,0,0,0,0,0,1,1,7,34,13
3690,C1,20,2,2,0,0,0,0,0,0,0,0,0,0,0,1,2,3,51,3
3700,A1,2,19,0,2,0,0,0,0,0,0,0,0,0,0,1,2,6,74,21
3700,B0,0,1,18,1,0,0,0,0,0,0,0,0,0,0,1,1,1,4,1
3700,B1,2,2,2,1,0,0,0,0,0,0,0,0,0,0,1,2,15,90,24
3700,B2,5,0,2,18,0,0,0,0,0,0,0,0,0,0,1,1,7,34,13
3700,C1,20,4,1,0,0,0,0,0,0,0,0,0,0,0,1,2,3,51,3
3710,A1,1,20,0,3,0,0,0,0,0,0,0,0,0,1,0,2,6,74,21
3710,B0,0,3,18,1,0,0,0,0,0,0,0,0,0,1,0,1,1,4,1
3710,B1,1,1,2,1,0,0,0,0,0,0,0,0,0,1,0,1,15,90,24
3710,B2,4,0,1,19,0,0,0,0,0,0,0,0,0,1,0,1,7,34,13
3710,C1,20,2,2,0,0,0,0,0,0,0,0,0,0,1,0,2,3,51,3
3720,A1,2,17,0,4,0,0,0,0,0,0,0,0,0,1,0,2,6,74,21
3720,B0,0,1,20,1,0,0,0,0,0,0,0,0,0,1,0,1,1,4,1
3720,B1,3,1,2,1,0,0,0,0,0,0,0,0,0,1,0,2,15,90,24
3720,B2,5,0,2,19,0,0,0,0,0,0,0,0,0,1,0,1,7,34,13
3720,C1,20,1,3,0,0,0,0,0,0,0,0,0,0,1,0,2,3,51,3
3730,A1,3,17,0,2,0,0,0,0,0,0,0,0,0,0,1,2,6,74,21
3730,B0,0,2,20,2,0,0,0,0,0,0,0,0,0,0,1,1,1,4,1
3730,B1,1,1,3,2,0,0,0,0,0,0,0,0,0,0,1,1,15,90,24
3730,B2,5,0,1,20,0,0,0,0,0,0,0,0,0,0,1,1,7,34,13
3730,C1,20,3,3,0,0,0,0,0,0,0,0,0,0,0,1,2,3,51,3
3740,A1,4,18,0,1,0,0,0,0,0,0,0,0,0,0,1,2,6,74,21
3740,B0,0,2,20,1,0,0,0,0,0,0,0,0,0,0,1,1,1,4,1
3740,B1,1,1,1,2,0,0,0,0,0,0,0,0,0,0,1,1,15,90,24
3740,B2,5,0,1,19,0,0,0,0,0,0,0,0,0,0,1,1,7,34,13
3740,C1,20,1,1,0,0,0,0,0,0,0,0,0,0,0,1,2,3,51,3
3750,A1,2,20,0,1,0,0,0,0,0,0,0,0,0,1,0,2,6,74,21
3750,B0,0,2,20,5,0,0,0,0,0,0,0,0,0,1,0,1,1,4,1
3750,B1,3,1,3,1,0,0,0,0,0,0,0,0,0,1,0,1,15,90,24
3750,B2,4,0,1,16,0,0,0,0,0,0,0,0,0,1,0,1,8,35,18
3750,C1,20,3,3,0,0,0,0,0,0,0,0,0,0,1,0,2,3,51,3
3760,A1,1,20,0,1,0,0,0,0,0,0,0,0,0,1,0,2,6,74,21
3760,B0,0,1,20,3,0,0,0,0,0,0,0,0,0,1,0,1,1,4,1
3760,B1,2,1,3,1,0,0,0,0,0,0,0,0,0,1,0,1,15,90,24
3760,B2,1,0,2,17,0,0,0,0,0,0,0,0,0,1,0,1,8,35,18
3760,C1,20,3,3,0,0,0,0,0,0,0,0,0,0,1,0,2,3,51,3
3770,A1,1,18,0,3,0,0,0,0,0,0,0,0,0,1,0,2,6,74,21
3770,B0,0,2,20,5,0,0,0,0,0,0,0,0,0,1,0,1,1,4,1
3770,B1,1,2,3,1,0,0,0,0,0,0,0,0,0,1,0,1,15,90,24
3770,B2,1,0,4,19,0,0,0,0,0,0,0,0,0,1,0,1,8,35,18
3770,C1,16,1,3,0,0,0,0,0,0,0,0,0,0,1,0,2,3,51,3
3780,A1,1,19,0,1,0,0,0,0,0,0,0,0,0,0,1,2,6,74,21
3780,B0,0,2,20,3,0,0,0,0,0,0,0,0,0,0,1,1,1,4,1
3780,B1,1,2,3,3,0,0,0,0,0,0,0,0,0,0,1,1,15,90,24
3780,B2,1,0,2,20,0,0,0,0,0,0,0,0,0,0,1,1,8,35,18
3780,C1,17,5,2,0,0,0,0,0,0,0,0,0,0,0,1,2,3,51,3
3790,A1,5,19,0,1,0,0,0,0,0,0,0,0,0,0,1,2,6,74,21
3790,B0,0,2,19,1,0,0,0,0,0,0,0,0,0,0,1,1,1,4,1
3790,B1,1,2,1,3,0,0,0,0,0,0,0,0,0,0,1,1,15,90,24
3790,B2,2,0,4,19,0,0,0,0,0,0,0,0,0,0,1,1,8,35,18
3790,C1,18,6,1,0,0,0,0,0,0,0,0,0,0,0,1,2,3,51,3
3800,A1,3,20,0,2,0,0,0,0,0,0,0,0,0,1,0,2,6,74,21
3800,B0,0,1,19,2,0,0,0,0,0,0,0,0,0,1,0,1,1,4,1
3800,B1,1,3,1,3,0,0,0,0,0,0,0,0,0,1,0,1,15,90,24
3800,B2,1,0,2,19,0,0,0,0,0,0,0,0,0,1,0,1,8,35,18
3800,C1,20,4,3,0,0,0,0,0,0,0,0,0,0,1,0,2,3,51,3
3810,A1,1,20,0,1,0,0,0,0,0,0,0,0,0,1,0,2,6,74,21
3810,B0,0,1,19,3,0,0,0,0,0,0,0,0,0,1,0,1,1,4,1
3810,B1,3,1,1,4,0,0,0,0,0,0,0,0,0,1,0,1,15,90,24
3810,B2,1,0,3,19,0,0,0,0,0,0,0,0,0,1,0,1,8,35,18
3810,C1,20,1,2,0,0,0,0,0,0,0,0,0,0,1,0,2,3,51,3
3820,A1,4,20,0,1,0,0,0,0,0,0,0,0,0,0,1,2,6,74,21
3820,B0,0,2,20,5,0,0,0,0,0,0,0,0,0,0,1,1,1,4,1
3820,B1,4,1,1,4,0,0,0,0,0,0,0,0,0,0,1,1,15,90,24
3820,B2,1,0,2,20,0,0,0,0,0,0,0,0,0,0,1,1,8,35,18
3820,C1,19,1,2,0,0,0,0,0,0,0,0,0,0,0,1,2,3,51,3
3830,A1,3,20,0,1,0,0,0,0,0,0,0,0,0,0,1,2,6,74,21
3830,B0,0,2,20,2,0,0,0,0,0,0,0,0,0,0,1,1,1,4,1
3830,B1,4,1,2,1,0,0,0,0,0,0,0,0,0,0,1,2,15,90,24
3830,B2,1,0,1,20,0,0,0,0,0,0,0,0,0,0,1,1,8,35,18
3830,C1,19,2,2,0,0,0,0,0,0,0,0,0,0,0,1,2,3,51,3
3840,A1,4,20,0,2,0,0,0,0,0,0,0,0,0,0,1,2,6,74,21
3840,B0,0,2,19,1,0,0,0,0,0,0,0,0,0,0,1,1,1,4,1
3840,B1,4,1,1,1,0,0,0,0,0,0,0,0,0,0,1,2,15,90,24
3840,B2,1,0,1,18,0,0,0,0,0,0,0,0,0,0,1,1,8,35,18
3840,C1,20,4,1,0,0,0,0,0,0,0,0,0,0,0,1,2,3,51,3
3850,A1,1,20,0,2,0,0,0,0,0,0,0,0,0,1,0,2,6,74,21
3850,B0,0,2,19,1,0,0,0,0,0,0,0,0,0,1,0,1,1,4,1
3850,B1,1,2,1,2,0,0,0,0,0,0,0,0,0,1,0,1,15,90,24
3850,B2,1,0,1,19,0,0,0,0,0,0,0,0,0,1,0,1,8,35,18
3850,C1,20,2,1,0,0,0,0,0,0,0,0,0,0,1,0,2,3,51,3
3860,A1,2,18,0,3,0,0,0,0,0,0,0,0,0,1,0,2,6,74,21
3860,B0,0,2,20,3,0,0,0,0,0,0,0,0,0,1,0,1,1,4,1
3860,B1,2,3,1,2,0,0,0,0,0,0,0,0,0,1,0,2,15,90,24
3860,B2,1,0,5,19,0,0,0,0,0,0,0,0,0,1,0,1,8,35,18
3860,C1,18,2,2,0,0,0,0,0,0,0,0,0,0,1,0,2,3,51,3
3870,A1,1,19,0,5,0,0,0,0,0,0,0,0,0,0,1,2,6,74,21
3870,B0,0,2,20,1,0,0,0,0,0,0,0,0,0,0,1,1,1,4,1
3870,B1,1,3,3,1,0,0,0,0,0,0,0,0,0,0,1,1,15,90,24
3870,B2,2,0,3,20,0,0,0,0,0,0,0,0,0,0,1,1,8,35,18
3870,C1,19,1,1,0,0,0,0,0,0,0,0,0,0,0,1,2,3,51,3
3880,A1,2,19,0,2,0,0,0,0,0,0,0,0,0,0,1,2,6,74,21
3880,B0,0,3,18,2,0,0,0,0,0,0,0,0,0,0,1,1,1,4,1
3880,B1,1,3,3,2,0,0,0,0,0,0,0,0,0,0,1,1,15,90,24
3880,B2,3,0,1,19,0,0,0,0,0,0,0,0,0,0,1,1,8,35,18
3880,C1,19,2,1,0,0,0,0,0,0,0,0,0,0,0,1,2,3,51,3
3890,A1,2,20,0,2,0,0,0,0,0,0,0,0,0,1,0,2,6,74,21
3890,B0,0,3,19,3,0,0,0,0,0,0,0,0,0,1,0,1,1,4,1
3890,B1,1,4,2,2,0,0,3,0,0,0,0,0,0,1,0,2,16,97,24
3890,B2,3,0,1,18,0,0,0,0,0,1,0,0,0,1,0,1,8,35,18
3890,C1,20,2,1,0,0,0,0,0,0,0,0,0,0,1,0,2,3,51,3
3900,A1,2,20,0,2,0,0,0,0,0,0,0,0,0,1,0,2,6,74,21
3900,B0,0,1,20,5,0,0,0,0,0,0,0,0,0,1,0,1,1,4,1
3900,B1,1,4,2,2,0,0,0,0,0,0,0,0,0,1,0,2,16,105,27
3900,B2,1,0,2,18,0,0,0,0,0,0,0,0,0,1,0,1,8,35,18
3900,C1,19,1,1,0,0,0,0,0,0,0,0,0,0,1,0,2,3,51,3
3910,A1,1,19,0,3,0,0,0,0,0,0,0,0,0,0,1,2,6,74,21
3910,B0,0,1,20,6,0,0,0,0,0,0,0,0,0,0,1,1,1,4,1
3910,B1,2,2,2,2,0,0,0,0,0,0,0,0,0,0,1,1,16,105,27
3910,B2,2,0,5,20,0,0,0,0,0,0,0,0,0,0,1,1,8,35,18
3910,C1,18,1,1,0,0,0,0,0,0,0,0,0,0,0,1,2,3,51,3
3920,A1,1,20,0,1,0,0,0,0,0,0,0,0,0,0,1,2,6,74,21
3920,B0,0,1,20,2,0,0,0,0,0,0,0,0,0,0,1,1,1,4,1
3920,B1,2,2,2,1,0,0,0,0,0,0,0,0,0,0,1,2,16,105,27
3920,B2,2,0,1,20,0,0,0,0,0,0,0,0,0,0,1,1,8,35,18
3920,C1,19,1,1,0,0,0,0,0,0,0,0,0,0,0,1,2,3,51,3
3930,A1,3,20,0,1,0,0,0,0,0,0,0,0,0,0,1,2,6,74,21
3930,B0,0,1,18,4,0,0,0,0,0,0,0,0,0,0,1,1,1,4,1
3930,B1,2,2,2,1,0,0,0,0,0,0,0,0,0,0,1,2,16,105,27
3930,B2,2,0,2,18,0,0,0,0,0,0,0,0,0,0,1,1,8,35,18
3930,C1,20,4,1,0,0,0,0,0,0,0,0,0,0,0,1,2,3,51,3
3940,A1,1,20,0,1,0,0,0,0,0,0,0,0,0,1,0,2,6,74,21
3940,B0,0,2,19,1,0,0,0,0,0,0,0,0,0,1,0,1,1,4,1
3940,B1,1,1,2,1,0,0,0,0,0,0,0,0,0,1,0,1,16,105,27
3940,B2,1,0,3,19,0,0,0,0,0,0,0,0,0,1,0,1,8,35,18
3940,C1,20,3,3,0,0,0,0,0,0,0,0,0,0,1,0,2,3,51,3
3950,A1,1,18,0,3,0,0,0,0,0,0,0,0,0,1,0,2,6,74,21
3950,B0,0,1,19,3,0,0,0,0,0,0,0,0,0,1,0,1,1,4,1
3950,B1,3,5,2,1,0,0,0,0,0,0,0,0,0,1,0,2,16,105,27
3950,B2,1,0,3,19,0,0,0,0,0,0,0,0,0,1,0,1,8,35,18
3950,C1,20,4,3,0,0,0,0,0,0,0,0,0,0,1,0,2,3,51,3
3960,A1,1,17,0,2,0,0,0,0,0,0,0,0,0,0,1,2,6,74,21
3960,B0,0,1,20,1,0,0,0,0,0,0,0,0,0,0,1,1,1,4,1
3960,B1,3,2,3,1,0,0,0,0,0,0,0,0,0,0,1,2,17,113,28
3960,B2,1,0,3,20,0,0,0,0,0,0,0,0,0,0,1,1,8,35,18
3960,C1,20,2,2,0,0,0,0,0,0,0,0,0,0,0,1,2,3,51,3
3970,A1,2,17,0,1,0,0,0,0,0,0,0,0,0,0,1,2,6,74,21
3970,B0,0,2,18,1,0,0,0,0,0,0,0,0,0,0,1,1,1,4,1
3970,B1,3,2,3,1,0,0,0,0,0,0,0,0,0,0,1,2,17,113,28
3970,B2,1,0,1,20,0,0,0,0,0,0,0,0,0,0,1,1,8,35,18
3970,C1,20,3,1,0,0,0,0,0,0,0,0,0,0,0,1,2,3,51,3
3980,A1,3,20,0,2,0,0,0,0,0,0,0,0,0,1,0,2,6,74,21
3980,B0,0,3,15,1,0,0,0,0,0,0,0,0,0,1,0,1,1,4,1
3980,B1,4,3,2,1,0,0,0,0,0,0,0,0,0,1,0,2,17,113,28
3980,B2,1,0,7,18,0,0,0,0,0,0,0,0,0,1,0,1,8,35,18
3980,C1,20,5,1,0,0,0,0,0,0,0,0,0,0,1,0,2,3,51,3
3990,A1,1,20,0,2,0,0,0,0,0,0,0,0,0,1,0,2,6,74,21
3990,B0,0,1,16,3,0,0,0,0,0,0,0,0,0,1,0,1,1,4,1
3990,B1,1,1,2,1,0,0,0,0,0,0,0,0,0,1,0,1,17,113,28
3990,B2,1,0,1,19,0,0,0,0,0,0,0,0,0,1,0,1,8,35,18
3990,C1,20,2,1,0,0,0,0,0,0,0,0,0,0,1,0,2,3,51,3
4000,A1,1,19,0,3,0,0,0,0,0,0,0,0,0,1,0,2,6,74,21
4000,B0,0,1,19,4,0,0,0,0,0,0,0,0,0,1,0,1,1,4,1
4000,B1,5,2,2,1,0,0,0,0,0,0,0,0,0,1,0,2,17,113,28
4000,B2,1,0,3,20,0,0,0,0,0,0,0,0,0,1,0,1,8,35,18
4000,C1,19,1,1,0,0,0,0,0,0,0,0,0,0,1,0,2,3,51,3
4010,A1,1,20,0,2,0,0,0,0,0,0,0,0,0,0,1,2,6,74,21
4010,B0,0,2,20,2,0,0,0,0,0,0,0,0,0,0,1,1,1,4,1
4010,B1,5,2,1,2,0,0,0,0,0,0,0,0,0,0,1,2,17,113,28
4010,B2,2,0,2,20,0,0,0,0,0,0,0,0,0,0,1,1,8,35,18
4010,C1,20,1,2,0,0,0,0,0,0,0,0,0,0,0,1,2,3,51,3
4020,A1,2,19,0,1,0,0,0,0,0,0,0,0,0,0,1,2,6,74,21
4020,B0,0,2,20,1,0,0,0,0,0,0,0,0,0,0,1,1,1,4,1
4020,B1,5,2,1,3,0,0,0,0,0,0,0,0,0,0,1,2,17,113,28
4020,B2,3,0,3,19,0,0,0,0,0,0,0,0,0,0,1,1,8,35,18
4020,C1,20,2,1,0,0,0,0,0,0,0,0,0,0,0,1,2,3,51,3
4030,A1,4,20,0,2,0,0,0,0,0,0,0,0,0,1,0,2,6,74,21
4030,B0,0,2,20,1,0,0,0,0,0,0,0,0,0,1,0,1,1,4,1
4030,B1,3,1,1,2,0,0,0,0,0,0,0,0,0,1,0,2,17,113,28
4030,B2,2,0,1,20,0,0,0,0,0,0,0,0,0,1,0,1,8,35,18
4030,C1,20,1,1,0,0,0,0,0,0,0,0,0,0,1,0,2,3,51,3
4040,A1,1,19,0,3,0,0,0,0,0,0,0,0,0,1,0,2,6,74,21
4040,B0,0,2,20,4,0,0,0,0,0,0,0,0,0,1,0,1,1,4,1
4040,B1,3,2,1,2,0,0,0,0,0,0,0,0,0,1,0,2,17,113,28
4040,B2,1,0,3,20,0,0,0,0,0,0,0,0,0,1,0,1,8,35,18
4040,C1,19,1,3,0,0,0,0,0,0,0,0,0,0,1,0,2,3,51,3
4050,A1,1,19,0,4,0,0,0,0,0,0,0,0,1,0,1,2,6,74,21
4050,B0,0,2,20,4,0,0,0,0,0,0,0,0,0,0,1,1,1,4,1
4050,B1,2,3,1,2,0,0,0,1,0,0,0,0,0,0,1,1,18,119,28
4050,B2,2,0,3,20,0,0,0,0,0,0,0,0,0,0,1,1,8,35,18
4050,C1,19,1,3,0,0,0,0,0,0,0,0,0,0,0,1,2,3,51,3
4060,A1,1,20,0,5,0,0,0,0,0,0,0,0,0,0,1,2,6,74,21
4060,B0,0,2,20,1,0,0,0,0,0,0,0,0,0,0,1,1,1,4,1
4060,B1,2,3,1,1,0,0,0,0,0,0,0,0,0,0,1,2,18,123,29
4060,B2,5,0,2,19,0,0,0,0,0,0,0,0,0,0,1,1,8,35,18
4060,C1,19,2,1,0,0,0,0,0,0,0,0,0,0,0,1,2,3,51,3
4070,A1,2,20,0,6,0,0,0,0,0,0,0,0,0,0,1,2,6,74,21
4070,B0,0,2,17,1,0,0,0,0,0,0,0,0,0,0,1,1,1,4,1
4070,B1,2,3,2,2,0,0,0,0,0,0,0,0,0,0,1,2,18,123,29
4070,B2,5,0,3,17,0,0,0,0,0,0,0,0,0,0,1,1,8,35,18
4070,C1,20,4,1,0,0,0,0,0,0,0,0,0,0,0,1,2,3,51,3
4080,A1,2,20,0,6,0,0,0,0,0,0,0,0,0,1,0,2,6,74,21
4080,B0,0,1,18,2,0,0,0,0,0,0,0,0,0,1,0,1,1,4,1
4080,B1,1,3,2,1,0,0,0,0,0,0,0,0,0,1,0,2,18,123,29
4080,B2,1,0,3,17,0,0,0,0,0,0,0,0,0,1,0,1,8,35,18
4080,C1,20,1,2,0,0,0,0,0,0,0,0,0,0,1,0,2,3,51,3
4090,A1,1,19,0,6,0,0,0,0,0,0,0,0,0,1,0,2,6,74,21
4090,B0,0,1,19,2,0,0,0,0,0,0,0,0,0,1,0,1,1,4,1
4090,B1,2,3,2,1,0,0,0,0,0,0,0,0,0,1,0,2,18,123,29
4090,B2,1,0,4,19,0,0,0,0,0,0,0,0,0,1,0,1,8,35,18
4090,C1,18,2,1,0,0,0,0,0,0,0,0,0,0,1,0,2,3,51,3
4100,A1,3,19,0,5,0,0,0,0,0,0,0,0,0,0,1,2,6,74,21
4100,B0,0,1,20,5,0,0,0,0,0,0,0,0,0,0,1,1,1,4,1
4100,B1,2,2,1,1,0,0,0,0,0,0,0,0,0,0,1,2,19,131,31
4100,B2,2,0,3,18,0,0,0,0,0,0,0,0,0,0,1,1,8,35,18
4100,C1,18,2,2,0,0,0,0,0,0,0,0,0,0,0,1,2,3,51,3
4110,A1,4,19,0,1,0,0,0,0,0,0,0,0,0,0,1,2,6,74,21
4110,B0,0,2,17,6,0,0,0,0,0,0,0,0,0,0,1,1,1,4,1
4110,B1,2,2,1,3,0,0,0,0,0,0,0,0,0,0,1,1,19,131,31
4110,B2,3,0,2,17,0,0,0,0,0,0,0,0,0,0,1,1,8,35,18
4110,C1,19,4,1,0,0,0,0,0,0,0,0,0,0,0,1,2,3,51,3
4120,A1,4,20,0,2,0,0,0,0,0,0,0,0,0,1,0,2,6,74,21
4120,B0,0,1,16,2,0,0,0,0,0,0,0,0,0,1,0,1,1,4,1
4120,B1,2,2,1,2,0,0,0,0,0,0,0,0,0,1,0,2,19,131,31
4120,B2,2,0,3,16,0,0,0,0,0,0,0,0,0,1,0,1,8,35,18
4120,C1,20,4,3,0,0,0,0,0,0,0,0,0,0,1,0,2,3,51,3
4130,A1,1,20,0,3,0,0,0,0,0,0,0,0,0,1,0,2,6,74,21
4130,B0,0,2,17,3,0,0,0,0,0,0,0,0,0,1,0,1,1,4,1
4130,B1,2,2,1,2,0,0,0,0,0,0,0,0,0,1,0,2,19,131,31
4130,B2,1,0,3,18,0,0,0,0,0,0,0,0,0,1,0,1,8,35,18
4130,C1,20,2,1,0,0,0,0,0,0,0,0,0,0,1,0,2,3,51,3
4140,A1,2,19,0,4,0,0,0,0,0,0,0,0,0,0,1,2,6,74,21
4140,B0,0,1,20,5,0,0,0,0,0,0,0,0,0,0,1,1,1,4,1
4140,B1,2,1,1,2,0,0,0,0,0,0,0,0,0,0,1,1,19,131,31
4140,B2,1,0,5,20,0,0,0,0,0,0,0,0,0,0,1,1,8,35,18
4140,C1,19,1,1,0,0,0,0,0,0,0,0,0,0,0,1,2,3,51,3
4150,A1,1,20,0,2,0,0,0,0,0,0,0,0,0,0,1,2,6,74,21
4150,B0,0,1,20,2,0,0,0,0,0,0,0,0,0,0,1,1,1,4,1
4150,B1,2,1,1,4,0,0,0,0,0,0,0,0,0,0,1,1,19,131,31
4150,B2,2,0,2,20,0,0,0,0,0,0,0,0,0,0,1,1,8,35,18
4150,C1,20,2,1,0,0,0,0,0,0,0,0,0,0,0,1,2,3,51,3
4160,A1,2,20,0,1,0,0,0,0,0,0,0,0,0,0,1,2,6,74,21
4160,B0,0,1,18,2,0,0,0,0,0,0,0,0,0,0,1,1,1,4,1
4160,B1,2,1,1,4,0,0,0,0,0,0,0,0,0,0,1,1,19,131,31
4160,B2,3,0,2,20,0,0,0,0,0,0,0,0,0,0,1,1,8,35,18
4160,C1,20,4,1,0,0,0,0,0,0,0,0,0,0,0,1,2,3,51,3
4170,A1,1,19,0,1,0,0,0,0,0,0,0,0,0,1,0,2,6,74,21
4170,B0,0,1,19,4,0,0,0,0,0,0,0,0,0,1,0,1,1,4,1
4170,B1,3,1,1,3,0,0,0,0,0,0,0,0,0,1,0,1,19,131,31
4170,B2,2,0,1,20,0,0,0,0,0,0,0,0,0,1,0,1,8,35,18
4170,C1,20,2,2,0,0,0,0,0,0,0,0,0,0,1,0,2,3,51,3
4180,A1,2,15,0,2,0,0,0,0,0,0,0,0,0,1,0,2,6,74,21
4180,B0,0,1,19,2,0,0,0,0,0,0,0,0,0,1,0,1,1,4,1
4180,B1,2,1,1,3,0,0,0,0,0,0,0,0,0,1,0,1,19,131,31
4180,B2,1,0,4,20,0,0,0,0,0,0,0,0,0,1,0,1,8,35,18
4180,C1,18,1,3,0,0,0,0,0,0,0,0,0,0,1,0,2,3,51,3
4190,A1,1,15,0,1,0,0,0,0,0,0,0,0,0,0,1,2,6,74,21
4190,B0,0,1,20,3,0,0,0,0,0,0,0,0,0,0,1,1,1,4,1
4190,B1,2,1,3,4,0,0,0,0,0,0,0,0,0,0,1,1,20,135,32
4190,B2,2,0,4,19,0,0,0,0,0,0,0,0,0,0,1,1,8,35,18
4190,C1,18,1,3,0,0,0,0,0,0,0,0,0,0,0,1,2,3,51,3
4200,A1,2,17,0,1,0,0,0,0,0,0,0,0,0,0,1,2,6,74,21
4200,B0,0,2,20,1,0,0,0,0,0,0,0,0,0,0,1,1,1,4,1
4200,B1,2,1,3,6,0,0,0,0,0,0,0,0,0,0,1,1,20,135,32
4200,B2,4,0,2,19,0,0,0,0,0,0,0,0,0,0,1,1,8,35,18
4200,C1,18,3,1,0,0,0,0,0,0,0,0,0,0,0,1,2,3,51,3
4210,A1,2,19,0,2,0,0,0,0,0,0,0,0,0,1,0,2,6,74,21
4210,B0,0,2,20,1,0,0,0,0,0,0,0,0,0,1,0,1,1,4,1
4210,B1,1,1,2,5,0,0,1,0,0,0,0,0,0,1,0,2,21,139,32
4210,B2,4,0,1,19,0,0,0,0,0,1,0,0,0,1,0,1,8,35,18
4210,C1,20,4,1,0,0,0,0,0,0,0,0,0,0,1,0,2,3,51,3
4220,A1,1,19,0,3,0,0,0,0,0,0,0,0,0,1,0,2,6,74,21
4220,B0,0,2,20,4,0,0,0,0,0,0,0,0,0,1,0,1,1,4,1
4220,B1,2,3,2,5,0,0,0,0,0,0,0,0,0,1,0,1,21,140,33
4220,B2,3,0,1,20,0,0,0,0,0,0,0,0,0,1,0,1,8,35,18
4220,C1,20,1,2,0,0,0,0,0,0,0,0,0,0,1,0,2,3,51,3
4230,A1,1,18,0,4,0,0,0,0,0,0,0,0,0,1,0,2,6,74,21
4230,B0,0,2,20,5,0,0,0,0,0,0,0,0,0,1,0,1,1,4,1
4230,B1,2,2,2,5,0,0,0,0,0,0,0,0,0,1,0,1,21,140,33
4230,B2,4,0,2,20,0,0,0,0,0,0,0,0,0,1,0,1,8,35,18
4230,C1,19,2,2,0,0,0,0,0,0,0,0,0,0,1,0,2,3,51,3
4240,A1,1,20,0,1,0,0,0,0,0,0,0,0,0,0,1,2,6,74,21
4240,B0,0,2,20,2,0,0,0,0,0,0,0,0,0,0,1,1,1,4,1
4240,B1,2,2,3,5,0,0,0,0,0,0,0,0,0,0,1,1,21,140,33
4240,B2,5,0,3,19,0,0,0,0,0,0,0,0,0,0,1,1,8,35,18
4240,C1,20,2,1,0,0,0,0,0,0,0,0,0,0,0,1,2,3,51,3
4250,A1,1,20,0,1,0,0,0,0,0,0,0,0,0,0,1,2,6,74,21
4250,B0,0,2,20,1,0,0,0,0,0,0,0,0,0,0,1,1,1,4,1
4250,B1,2,2,1,4,0,0,0,0,0,0,0,0,0,0,1,1,21,140,33
4250,B2,5,0,1,18,0,0,0,0,0,0,0,0,0,0,1,1,8,35,18
4250,C1,20,7,3,0,0,0,0,0,0,0,0,0,0,0,1,2,3,51,3
4260,A1,4,20,0,2,0,0,0,0,0,0,0,0,0,1,0,2,6,74,21
4260,B0,0,1,19,2,0,0,0,0,0,0,0,0,0,1,0,1,2,5,3
4260,B1,1,2,1,4,0,0,0,0,0,0,0,0,0,1,0,1,22,145,35
4260,B2,4,0,1,18,0,0,0,0,0,0,0,0,0,1,0,1,8,35,18
4260,C1,20,5,4,0,0,0,0,0,0,0,0,0,0,1,0,2,3,51,3
4270,A1,2,19,0,2,0,0,0,0,0,0,0,0,0,1,0,2,6,74,21
4270,B0,0,1,19,3,0,0,0,0,0,0,0,0,0,1,0,1,2,5,3
4270,B1,3,3,1,4,0,0,0,0,0,0,0,0,0,1,0,2,22,145,35
4270,B2,3,0,1,19,0,0,0,0,0,0,0,0,0,1,0,1,8,35,18
4270,C1,20,1,4,0,0,0,0,0,0,0,0,0,0,1,0,2,3,51,3
4280,A1,1,19,0,1,0,0,0,0,0,0,0,0,0,0,1,2,6,74,21
4280,B0,0,1,19,4,0,0,0,0,0,0,0,0,0,0,1,1,2,5,3
4280,B1,2,1,1,4,0,0,0,0,0,0,0,0,0,0,1,1,22,145,35
4280,B2,3,0,3,20,0,0,0,0,0,0,0,0,0,0,1,1,8,35,18
4280,C1,20,3,4,0,0,0,0,0,0,0,0,0,0,0,1,2,3,51,3
4290,A1,2,19,0,1,0,0,0,0,0,0,0,0,0,0,1,2,6,74,21
4290,B0,0,2,19,1,0,0,0,0,0,0,0,0,0,0,1,1,2,5,3
4290,B1,2,1,1,1,0,0,0,0,0,0,0,0,0,0,1,2,22,145,35
4290,B2,4,0,1,20,0,0,0,0,0,0,0,0,0,0,1,1,8,35,18
4290,C1,20,4,2,0,0,0,0,0,0,0,0,0,0,0,1,2,3,51,3
4300,A1,2,20,0,1,0,0,0,0,0,0,0,0,0,0,1,2,6,74,21
4300,B0,0,2,19,2,0,0,0,0,0,0,0,0,0,0,1,1,2,5,3
4300,B1,2,1,2,1,0,0,0,0,0,0,0,0,0,0,1,1,22,145,35
4300,B2,4,0,1,19,0,0,0,0,0,0,0,0,0,0,1,1,8,35,18
4300,C1,20,2,1,0,0,0,0,0,0,0,0,0,0,0,1,2,3,51,3
4310,A1,2,20,0,1,0,0,0,0,0,0,0,0,0,1,0,2,6,74,21
4310,B0,0,1,20,4,0,0,0,0,0,0,0,0,0,1,0,1,2,5,3
4310,B1,1,2,1,1,0,0,0,0,0,0,0,0,0,1,0,2,22,145,35
4310,B2,2,0,2,20,0,0,0,0,0,0,0,0,0,1,0,1,8,35,18
4310,C1,19,1,2,0,0,0,0,0,0,0,0,0,0,1,0,2,3,51,3
4320,A1,2,19,0,2,0,0,0,0,0,0,0,0,0,1,0,2,6,74,21
4320,B0,0,2,20,2,0,0,0,0,0,0,0,0,0,1,0,1,2,5,3
4320,B1,1,2,1,1,0,0,0,0,0,0,0,0,0,1,0,2,22,145,35
4320,B2,2,0,1,20,0,0,0,0,0,0,0,0,0,1,0,1,8,35,18
4320,C1,16,2,2,0,0,0,0,0,0,0,0,0,0,1,0,2,3,51,3
4330,A1,1,18,0,1,0,0,0,0,0,0,0,0,0,0,1,2,6,74,21
4330,B0,0,3,20,3,0,0,0,0,0,0,0,0,0,0,1,1,2,5,3
4330,B1,2,2,1,3,0,0,0,0,0,0,0,0,0,0,1,1,22,145,35
4330,B2,3,0,2,20,0,0,0,0,0,0,0,0,0,0,1,1,8,35,18
4330,C1,16,1,1,0,0,0,0,0,0,0,0,0,0,0,1,2,3,51,3
4340,A1,3,19,0,1,0,0,0,0,0,0,0,0,0,0,1,2,6,74,21
4340,B0,0,3,20,2,0,0,0,0,0,0,0,0,0,0,1,1,2,5,3
4340,B1,2,2,1,2,0,0,0,0,0,0,0,0,0,0,1,2,22,145,35
4340,B2,5,0,2,17,0,0,0,0,0,0,0,0,0,0,1,1,8,35,18
4340,C1,18,2,2,0,0,0,0,0,0,0,0,0,0,0,1,2,3,51,3
4350,A1,2,20,0,1,0,0,0,0,0,0,0,0,0,1,0,2,6,74,21
4350,B0,0,3,19,4,0,0,0,0,0,0,0,0,0,1,0,1,2,5,3
4350,B1,1,2,1,1,0,0,0,0,0,0,0,0,0,1,0,2,22,145,35
4350,B2,4,0,1,16,0,0,0,0,0,0,0,0,0,1,0,1,8,35,18
4350,C1,20,3,1,0,0,0,0,0,0,0,0,0,0,1,0,2,3,51,3
4360,A1,2,20,0,2,0,0,0,0,0,0,0,0,0,1,0,2,6,74,21
4360,B0,0,1,19,4,0,0,0,0,0,0,0,0,0,1,0,1,2,5,3
4360,B1,1,4,1,2,0,0,0,0,0,0,0,0,0,1,0,2,22,145,35
4360,B2,2,0,3,17,0,0,0,0,0,0,0,0,0,1,0,1,8,35,18
4360,C1,20,1,2,0,0,0,0,0,0,0,0,0,0,1,0,2,3,51,3
4370,A1,1,19,0,2,0,0,0,0,0,0,0,0,1,0,1,2,6,74,21
4370,B0,0,2,19,5,0,0,0,0,0,0,0,0,0,0,1,1,2,5,3
4370,B1,2,3,1,2,0,0,0,1,0,0,0,0,0,0,1,1,23,147,35
4370,B2,3,0,1,20,0,0,0,0,0,0,0,0,0,0,1,1,8,35,18
4370,C1,19,3,3,0,0,0,0,0,0,0,0,0,0,0,1,2,3,51,3
4380,A1,1,20,0,1,0,0,0,0,0,0,0,0,0,0,1,2,6,74,21
4380,B0,0,2,19,1,0,0,0,0,0,0,0,0,0,0,1,1,2,5,3
4380,B1,2,3,1,2,0,0,0,0,0,0,0,0,0,0,1,2,23,147,36
4380,B2,3,0,1,19,0,0,0,0,0,0,0,0,0,0,1,1,8,35,18
4380,C1,20,4,1,0,0,0,0,0,0,0,0,0,0,0,1,2,3,51,3
4390,A1,3,20,0,1,0,0,0,0,0,0,0,0,0,0,1,2,6,74,21
4390,B0,0,2,18,3,0,0,0,0,0,0,0,0,0,0,1,1,2,5,3
4390,B1,2,3,1,2,0,0,0,0,0,0,0,0,0,0,1,2,23,147,36
4390,B2,4,0,2,17,0,0,0,0,0,0,0,0,0,0,1,1,8,35,18
4390,C1,20,5,1,0,0,0,0,0,0,0,0,0,0,0,1,2,3,51,3
4400,A1,1,21,0,3,0,0,0,0,0,0,0,0,0,1,0,2,6,74,21
4400,B0,0,2,19,2,0,0,0,0,0,0,0,0,0,1,0,1,2,5,3
4400,B1,2,4,1,1,0,0,0,0,0,0,0,0,0,1,0,2,23,147,36
4400,B2,3,0,3,18,0,0,0,0,0,0,0,0,0,1,0,1,8,35,18
4400,C1,19,2,1,0,0,0,0,0,0,0,0,0,0,1,0,2,3,51,3
4410,A1,1,19,0,4,0,0,0,0,0,0,0,0,0,1,0,2,6,74,21
4410,B0,0,1,19,3,0,0,0,0,0,0,0,0,0,1,0,1,2,5,3
4410,B1,3,4,1,1,0,0,0,0,0,0,0,0,0,1,0,2,23,147,36
4410,B2,1,0,4,19,0,0,0,0,0,0,0,0,0,1,0,1,8,35,18
4410,C1,18,1,1,0,0,0,0,0,0,0,0,0,0,1,0,2,3,51,3
4420,A1,2,18,0,4,0,0,0,0,0,0,0,0,0,0,1,2,6,74,21
4420,B0,0,1,20,2,0,0,0,0,0,0,0,0,0,0,1,1,2,5,3
4420,B1,1,3,1,1,0,0,0,0,0,0,0,0,1,0,1,2,24,151,37
4420,B2,4,0,3,20,0,0,0,0,0,0,0,0,0,0,1,1,8,35,18
4420,C1,19,1,1,0,0,0,0,1,0,0,0,0,0,0,1,1,4,61,3
4430,A1,2,18,0,5,0,0,0,0,0,0,0,0,0,0,1,2,6,74,21
4430,B0,0,1,20,1,0,0,0,0,0,0,0,0,0,0,1,1,2,5,3
4430,B1,1,3,1,2,0,0,0,0,0,0,0,0,1,0,1,2,24,151,37
4430,B2,5,0,1,20,0,0,0,0,0,0,0,0,0,0,1,1,8,35,18
4430,C1,20,1,1,0,0,0,0,1,0,0,0,0,0,0,1,1,4,81,3
4440,A1,4,20,0,6,0,0,0,0,0,0,0,0,0,1,0,2,6,74,21
4440,B0,0,1,19,1,0,0,0,0,0,0,0,0,0,1,0,1,2,5,3
4440,B1,2,3,1,2,0,0,0,0,0,0,0,0,0,1,0,2,24,151,37
4440,B2,5,0,1,19,0,0,0,0,0,0,0,0,0,1,0,1,8,35,18
4440,C1,19,5,2,0,0,0,0,0,0,0,0,0,0,1,0,2,4,83,4
4450,A1,1,20,0,7,0,0,0,0,0,0,0,0,0,1,0,2,6,74,21
4450,B0,0,1,20,3,0,0,0,0,0,0,0,0,0,1,0,1,2,5,3
4450,B1,2,3,2,2,0,0,0,0,0,0,0,0,0,1,0,2,24,151,37
4450,B2,2,0,3,19,0,0,0,0,0,0,0,0,0,1,0,1,8,35,18
4450,C1,16,3,2,0,0,0,0,0,0,0,0,0,0,1,0,2,4,83,4
4460,A1,1,18,0,7,0,0,0,0,0,0,0,0,0,1,0,2,6,74,21
4460,B0,0,1,20,4,0,0,0,0,0,0,0,0,0,1,0,1,2,5,3
4460,B1,2,2,2,3,0,0,0,0,0,0,0,0,0,1,0,1,24,151,37
4460,B2,2,0,1,20,0,0,0,0,0,0,0,0,0,1,0,1,8,35,18
4460,C1,14,1,2,0,0,0,0,0,0,0,0,0,0,1,0,2,4,83,4
4470,A1,3,19,0,3,0,0,0,0,0,0,0,0,0,0,1,2,6,74,21
4470,B0,0,1,20,1,0,0,0,0,0,0,0,0,0,0,1,1,2,5,3
4470,B1,1,2,1,4,0,0,0,0,0,0,0,0,0,0,1,1,24,151,37
4470,B2,2,0,3,20,0,0,0,0,0,0,0,0,0,0,1,1,8,35,18
4470,C1,16,2,1,0,0,0,0,0,0,0,0,0,0,0,1,2,4,83,4
4480,A1,4,19,0,1,0,0,0,0,0,0,0,0,0,0,1,2,6,74,21
4480,B0,0,1,18,1,0,0,0,0,0,0,0,0,0,0,1,1,2,5,3
4480,B1,1,2,1,2,0,0,0,0,0,0,0,0,0,0,1,1,24,151,37
4480,B2,2,0,2,18,0,0,0,0,0,0,0,0,0,0,1,1,8,35,18
4480,C1,19,3,3,0,0,0,0,0,0,0,0,0,0,0,1,2,4,83,4
4490,A1,2,20,0,1,0,0,0,0,0,0,0,0,0,1,0,2,6,74,21
4490,B0,0,2,19,2,0,0,0,0,0,0,0,0,0,1,0,1,2,5,3
4490,B1,2,3,1,1,0,0,0,0,0,0,0,0,0,1,0,2,24,151,37
4490,B2,1,0,1,18,0,0,0,0,0,0,0,0,0,1,0,1,8,35,18
4490,C1,20,2,4,0,0,0,0,0,0,0,0,0,0,1,0,2,4,83,4
4500,A1,3,19,0,1,0,0,0,0,0,0,0,0,0,1,0,2,6,74,21
4500,B0,0,1,19,1,0,0,0,0,0,0,0,0,0,1,0,1,2,5,3
4500,B1,2,5,1,1,0,0,0,0,0,0,0,0,0,1,0,2,24,151,37
4500,B2,1,0,2,19,0,0,0,0,0,0,0,0,0,1,0,1,8,35,18
4500,C1,20,1,4,0,0,0,0,0,0,0,0,0,0,1,0,2,4,83,4
4510,A1,2,18,0,3,0,0,0,0,0,0,0,0,0,0,1,2,6,74,21
4510,B0,0,2,20,1,0,0,0,0,0,0,0,0,0,0,1,1,2,5,3
4510,B1,2,3,2,2,0,0,0,0,0,0,0,0,0,0,1,2,24,151,37
4510,B2,2,0,3,20,0,0,0,0,0,0,0,0,0,0,1,1,8,35,18
4510,C1,20,2,4,0,0,0,0,0,0,0,0,0,0,0,1,2,4,83,4
4520,A1,3,18,0,1,0,0,0,0,0,0,0,0,0,0,1,2,6,74,21
4520,B0,0,2,19,2,0,0,0,0,0,0,0,0,0,0,1,1,2,5,3
4520,B1,2,3,1,2,0,0,0,0,0,0,0,0,0,0,1,2,24,151,37
4520,B2,2,0,1,20,0,0,0,0,0,0,0,0,0,0,1,1,8,35,18
4520,C1,20,2,3,0,0,0,0,0,0,0,0,0,0,0,1,2,4,83,4
4530,A1,4,19,0,1,0,0,0,0,0,0,0,0,0,0,1,2,6,74,21
4530,B0,0,2,18,2,0,0,0,0,0,0,0,0,0,0,1,1,2,5,3
4530,B1,2,3,2,2,0,0,0,0,0,0,0,0,0,0,1,2,24,151,37
4530,B2,2,0,2,19,0,0,0,0,0,0,0,0,0,0,1,1,8,35,18
4530,C1,20,2,3,0,0,0,0,0,0,0,0,0,0,0,1,2,4,83,4
4540,A1,1,20,0,2,0,0,0,0,0,0,0,0,0,1,0,2,6,74,21
4540,B0,0,1,18,2,0,0,0,0,0,0,0,0,0,1,0,1,2,5,3
4540,B1,2,4,2,2,0,0,0,0,0,0,0,0,0,1,0,2,24,151,37
4540,B2,1,0,2,20,0,0,0,0,0,0,0,0,0,1,0,1,8,35,18
4540,C1,19,3,2,0,0,0,0,0,0,0,0,0,0,1,0,2,4,83,4
4550,A1,3,17,0,3,0,0,0,0,0,0,0,0,0,1,0,2,6,74,21
4550,B0,0,1,20,2,0,0,0,0,0,0,0,0,0,1,0,1,2,5,3
4550,B1,1,2,2,2,0,0,0,0,0,0,0,0,0,1,0,1,24,151,37
4550,B2,2,0,3,20,0,0,0,0,0,0,0,0,0,1,0,1,8,35,18
4550,C1,17,1,3,0,0,0,0,0,0,0,0,0,0,1,0,2,4,83,4
4560,A1,1,17,0,3,0,0,0,0,0,0,0,0,0,0,1,2,6,74,21
4560,B0,0,1,20,2,0,0,0,0,0,0,0,0,0,0,1,1,2,5,3
4560,B1,3,2,1,1,0,0,0,0,0,0,0,0,0,0,1,2,24,151,37
4560,B2,4,0,1,20,0,0,0,0,0,0,0,0,0,0,1,1,8,35,18
4560,C1,17,1,2,0,0,0,0,0,0,0,0,0,0,0,1,2,4,83,4
4570,A1,1,18,0,2,0,0,0,0,0,0,0,0,0,0,1,2,6,74,21
4570,B0,0,2,19,2,0,0,0,0,0,0,0,0,0,0,1,1,2,5,3
4570,B1,1,2,1,2,0,0,0,0,0,0,0,0,0,0,1,1,24,151,37
4570,B2,3,0,2,20,0,0,0,0,0,0,0,0,0,0,1,1,8,35,18
4570,C1,19,2,3,0,0,0,0,0,0,0,0,0,0,0,1,2,4,83,4
4580,A1,1,20,0,3,0,0,0,0,0,0,0,0,0,1,0,2,6,74,21
4580,B0,0,3,19,1,0,0,0,0,0,0,0,0,0,1,0,1,2,5,3
4580,B1,1,1,1,2,0,0,0,0,0,0,0,0,0,1,0,1,24,151,37
4580,B2,4,0,1,20,0,0,0,0,0,0,0,0,0,1,0,1,8,35,18
4580,C1,20,2,3,0,0,0,0,0,0,0,0,0,0,1,0,2,4,83,4
4590,A1,2,18,0,3,0,0,0,0,0,0,0,0,0,1,0,2,6,74,21
4590,B0,0,3,19,1,0,0,0,0,0,0,0,0,0,1,0,1,2,5,3
4590,B1,1,1,1,3,0,0,0,0,0,0,0,0,0,1,0,1,24,151,37
4590,B2,5,0,2,20,0,0,0,0,0,0,0,0,0,1,0,1,8,35,18
4590,C1,18,3,3,0,0,0,0,0,0,0,0,0,0,1,0,2,4,83,4
4600,A1,2,16,0,4,0,0,0,0,0,0,0,0,0,0,1,2,6,74,21
4600,B0,0,2,20,3,0,0,0,0,0,0,0,0,0,0,1,1,2,5,3
4600,B1,1,1,1,3,0,0,0,0,0,0,0,0,0,0,1,1,24,151,37
4600,B2,4,0,4,20,0,0,0,0,0,0,0,0,0,0,1,1,8,35,18
4600,C1,15,1,4,0,0,0,0,0,0,0,0,0,0,0,1,2,4,83,4
4610,A1,3,17,0,3,0,0,0,0,0,0,0,0,0,0,1,2,6,74,21
4610,B0,0,3,20,2,0,0,0,0,0,0,0,0,0,0,1,1,2,5,3
4610,B1,1,1,3,2,0,0,0,0,0,0,0,0,0,0,1,1,24,151,37
4610,B2,4,0,1,19,0,0,0,0,0,0,0,0,0,0,1,1,8,35,18
4610,C1,16,2,1,0,0,0,0,0,0,0,0,0,0,0,1,2,4,83,4
4620,A1,5,20,0,3,0,0,0,0,0,0,0,0,0,0,1,2,6,74,21
4620,B0,0,3,19,1,0,0,0,0,0,0,0,0,0,0,1,1,2,5,3
4620,B1,1,1,4,2,0,0,0,0,0,0,0,0,0,0,1,1,24,151,37
4620,B2,4,0,1,17,0,0,0,0,0,0,0,0,0,0,1,1,8,35,18
4620,C1,19,4,1,0,0,0,0,0,0,0,0,0,0,0,1,2,4,83,4
4630,A1,2,20,0,5,0,0,0,0,0,0,0,0,0,1,0,2,6,74,21
4630,B0,0,2,20,1,0,0,0,0,0,0,0,0,0,1,0,1,2,5,3
4630,B1,1,1,3,2,0,0,0,0,0,0,0,0,0,1,0,1,24,151,37
4630,B2,3,0,1,19,0,0,0,0,0,0,0,0,0,1,0,1,8,35,18
4630,C1,20,2,1,0,0,0,0,0,0,0,0,0,0,1,0,2,4,83,4
4640,A1,1,20,0,5,0,0,0,0,0,0,0,0,0,1,0,2,6,74,21
4640,B0,0,1,20,2,0,0,0,0,0,0,0,0,0,1,0,1,2,5,3
4640,B1,1,4,3,2,0,0,0,0,0,0,0,0,0,1,0,1,24,151,37
4640,B2,2,0,1,19,0,0,0,0,0,0,0,0,0,1,0,1,8,35,18
4640,C1,19,3,1,0,0,0,0,0,0,0,0,0,0,1,0,2,4,83,4
4650,A1,2,20,0,6,0,0,0,0,0,0,0,0,0,0,1,2,6,74,21
4650,B0,0,2,20,1,0,0,0,0,0,0,0,0,0,0,1,1,2,5,3
4650,B1,1,3,3,2,0,0,0,0,0,0,0,0,0,0,1,1,24,151,37
4650,B2,2,0,2,20,0,0,0,0,0,0,0,0,0,0,1,1,8,35,18
4650,C1,19,4,1,0,0,0,0,0,0,0,0,0,0,0,1,2,4,83,4
4660,A1,3,20,0,5,0,0,0,0,0,0,0,0,0,0,1,2,6,74,21
4660,B0,0,3,18,1,0,0,0,0,0,0,0,0,0,0,1,1,2,5,3
4660,B1,1,3,2,2,0,0,0,0,0,0,0,0,0,0,1,1,24,151,37
4660,B2,2,0,2,20,0,0,0,0,0,0,0,0,0,0,1,1,8,35,18
4660,C1,19,2,1,0,0,0,0,0,0,0,0,0,0,0,1,2,4,83,4
4670,A1,3,20,0,5,0,0,0,0,0,0,0,0,0,1,0,2,6,74,21
4670,B0,0,3,16,3,0,0,0,0,0,0,0,0,0,1,0,1,2,5,3
4670,B1,1,3,1,1,0,0,0,0,0,0,0,0,0,1,0,2,24,151,37
4670,B2,3,0,4,19,0,0,0,0,0,0,0,0,0,1,0,1,8,35,18
4670,C1,20,3,1,0,0,0,0,0,0,0,0,0,0,1,0,2,4,83,4
4680,A1,1,19,0,7,0,0,0,0,0,0,0,0,0,1,0,2,6,74,21
4680,B0,0,1,16,1,0,0,0,0,0,0,0,0,0,1,0,1,2,5,3
4680,B1,1,1,1,1,0,0,0,0,0,0,0,0,0,1,0,1,24,151,37
4680,B2,3,0,1,19,0,0,0,0,0,0,0,0,0,1,0,1,8,35,18
4680,C1,20,1,3,0,0,0,0,0,0,0,0,0,0,1,0,2,4,83,4
4690,A1,2,16,0,6,0,0,0,0,0,0,0,0,0,1,0,2,6,74,21
4690,B0,0,2,19,3,0,0,0,0,0,0,0,0,0,1,0,1,2,5,3
4690,B1,2,2,1,1,0,0,0,0,0,0,0,0,0,1,0,2,24,151,37
4690,B2,3,0,2,20,0,0,0,0,0,0,0,0,0,1,0,1,8,35,18
4690,C1,18,2,4,0,0,0,0,0,0,0,0,0,0,1,0,2,4,83,4
4700,A1,3,17,0,6,0,0,0,0,0,0,0,0,0,0,1,2,6,74,21
4700,B0,0,3,20,2,0,0,0,0,0,0,0,0,0,0,1,1,2,5,3
4700,B1,2,2,2,1,0,0,0,0,0,0,0,0,0,0,1,2,25,153,38
4700,B2,3,0,3,20,0,0,0,0,0,0,0,0,0,0,1,1,8,35,18
4700,C1,19,3,1,0,0,0,0,0,0,0,0,0,0,0,1,2,4,83,4
4710,A1,5,19,0,5,0,0,0,0,0,0,0,0,0,0,1,2,6,74,21
4710,B0,0,3,20,1,0,0,0,0,0,0,0,0,0,0,1,1,2,5,3
4710,B1,2,2,5,2,0,0,0,0,0,0,0,0,0,0,1,1,25,153,38
4710,B2,3,0,2,20,0,0,0,0,0,0,0,0,0,0,1,1,8,35,18
4710,C1,19,1,1,0,0,0,0,0,0,0,0,0,0,0,1,2,4,83,4
4720,A1,4,20,0,4,0,0,0,0,0,0,0,0,0,1,0,2,6,74,21
4720,B0,0,1,19,2,0,0,0,0,0,0,0,0,0,1,0,1,2,5,3
4720,B1,2,3,4,1,0,0,0,0,0,0,0,0,0,1,0,1,26,161,40
4720,B2,2,0,1,20,0,0,0,0,0,0,0,0,0,1,0,1,8,35,18
4720,C1,19,2,1,0,0,0,0,0,0,0,0,0,0,1,0,2,4,83,4
4730,A1,2,20,0,4,0,0,0,0,0,0,0,0,0,1,0,2,6,74,21
4730,B0,0,1,19,3,0,0,0,0,0,0,0,0,0,1,0,1,2,5,3
4730,B1,1,2,4,1,0,0,0,0,0,0,0,0,0,1,0,1,26,161,40
4730,B2,1,0,3,20,0,0,0,0,0,0,0,0,0,1,0,1,8,35,18
4730,C1,16,1,3,0,0,0,0,0,0,0,0,0,0,1,0,2,4,83,4
4740,A1,2,20,0,4,0,0,0,0,0,0,0,0,0,0,1,2,6,74,21
4740,B0,0,1,19,2,0,0,0,0,0,0,0,0,0,0,1,1,2,5,3
4740,B1,1,2,4,1,0,0,0,0,0,0,0,0,0,0,1,1,26,161,40
4740,B2,2,0,2,20,0,0,0,0,0,0,0,0,0,0,1,1,8,35,18
4740,C1,15,1,3,0,0,0,0,0,0,0,0,0,0,0,1,2,4,83,4
4750,A1,4,20,0,2,0,0,0,0,0,0,0,0,0,0,1,2,6,74,21
4750,B0,0,1,19,1,0,0,0,0,0,0,0,0,0,0,1,1,2,5,3
4750,B1,1,2,3,3,0,0,0,0,0,0,0,0,0,0,1,1,26,161,40
4750,B2,4,0,3,19,0,0,0,0,0,0,0,0,0,0,1,1,8,35,18
4750,C1,17,1,1,0,0,0,0,0,0,0,0,0,0,0,1,2,4,83,4
4760,A1,5,20,0,1,0,0,0,0,0,0,0,0,0,0,1,2,6,74,21
4760,B0,0,1,19,1,0,0,0,0,0,0,0,0,0,0,1,1,2,5,3
4760,B1,2,2,3,2,0,0,0,0,0,0,0,0,0,0,1,1,26,161,40
4760,B2,5,0,1,16,0,0,0,0,0,0,0,0,0,0,1,1,8,35,18
4760,C1,20,3,1,0,0,0,0,0,0,0,0,0,0,0,1,2,4,83,4
4770,A1,3,20,0,1,0,0,0,0,0,0,0,0,0,1,0,2,6,74,21
4770,B0,0,1,20,1,0,0,0,0,0,0,0,0,0,1,0,1,2,5,3
4770,B1,2,1,2,3,0,0,0,0,0,0,0,0,0,1,0,1,26,161,40
4770,B2,6,0,2,17,0,0,0,0,0,0,0,0,0,1,0,1,8,35,18
4770,C1,19,1,2,0,0,0,0,0,0,0,0,0,0,1,0,2,4,83,4
4780,A1,3,20,0,2,0,0,0,0,0,0,0,0,0,1,0,2,6,74,21
4780,B0,0,1,20,1,0,0,0,0,0,0,0,0,0,1,0,1,2,5,3
4780,B1,1,1,2,3,0,0,0,0,0,0,0,0,0,1,0,1,26,161,40
4780,B2,6,0,5,18,0,0,0,0,0,0,0,0,0,1,0,1,8,35,18
4780,C1,19,1,2,0,0,0,0,0,0,0,0,0,0,1,0,2,4,83,4
4790,A1,3,20,0,2,0,0,0,0,0,0,0,0,0,0,1,2,6,74,21
4790,B0,0,1,19,1,0,0,0,0,0,0,0,0,0,0,1,1,2,5,3
4790,B1,2,2,2,2,0,0,0,0,0,0,0,0,0,0,1,1,26,161,40
4790,B2,7,0,4,20,0,0,0,0,0,0,0,0,0,0,1,1,8,35,18
4790,C1,19,3,2,0,0,0,0,0,0,0,0,0,0,0,1,2,4,83,4
4800,A1,5,20,0,1,0,0,0,0,0,0,0,0,0,0,1,2,6,74,21
4800,B0,0,3,18,2,0,0,0,0,0,0,0,0,0,0,1,1,2,5,3
4800,B1,1,2,1,1,0,0,0,0,0,0,0,0,0,0,1,2,26,161,40
4800,B2,8,0,1,19,0,0,0,0,0,0,0,0,0,0,1,1,8,35,18
4800,C1,20,3,2,0,0,0,0,0,0,0,0,0,0,0,1,2,4,83,4
4810,A1,5,20,0,3,0,0,0,0,0,0,0,0,0,1,0,2,6,74,21
4810,B0,0,2,17,1,0,0,0,0,0,0,0,0,0,1,0,1,2,5,3
4810,B1,1,2,2,1,0,0,0,0,0,0,0,0,0,1,0,1,26,161,40
4810,B2,8,0,1,19,0,0,0,0,0,0,0,0,0,1,0,1,8,35,18
4810,C1,20,3,3,0,0,0,0,0,0,0,0,0,0,1,0,2,4,83,4
4820,A1,2,20,0,4,0,0,0,0,0,0,0,0,0,1,0,2,6,74,21
4820,B0,0,1,19,2,0,0,0,0,0,0,0,0,0,1,0,1,2,5,3
4820,B1,1,1,2,1,0,0,0,0,0,0,0,0,0,1,0,1,26,161,40
4820,B2,9,0,4,19,0,0,0,0,0,0,0,0,0,1,0,1,8,35,18
4820,C1,19,1,3,0,0,0,0,0,0,0,0,0,0,1,0,2,4,83,4
4830,A1,1,19,0,5,0,0,0,0,0,0,0,0,0,0,1,2,6,74,21
4830,B0,0,1,20,3,0,0,0,0,0,0,0,0,0,0,1,1,2,5,3
4830,B1,1,1,3,1,0,0,0,0,0,0,0,0,0,0,1,1,26,161,40
4830,B2,8,0,5,20,0,0,0,0,0,0,0,0,0,0,1,1,8,35,18
4830,C1,18,1,4,0,0,0,0,0,0,0,0,0,0,0,1,2,4,83,4
4840,A1,2,20,0,3,0,0,0,0,0,0,0,0,0,0,1,2,6,74,21
4840,B0,0,1,19,1,0,0,0,0,0,0,0,0,0,0,1,1,2,5,3
4840,B1,1,1,3,3,0,0,0,0,0,0,0,0,0,0,1,1,26,161,40
4840,B2,11,0,2,19,0,0,0,0,0,0,0,0,0,0,1,1,8,35,18
4840,C1,19,1,1,0,0,0,0,0,0,0,0,0,0,0,1,2,4,83,4
4850,A1,2,20,0,2,0,0,0,0,0,0,0,0,0,0,1,2,6,74,21
4850,B0,0,2,18,2,0,0,0,0,0,0,0,0,0,0,1,1,2,5,3
4850,B1,1,1,1,2,0,0,0,0,0,0,0,0,0,0,1,1,26,161,40
4850,B2,10,0,1,19,0,0,0,0,0,0,0,0,0,0,1,1,8,35,18
4850,C1,20,3,1,0,0,0,0,0,0,0,0,0,0,0,1,2,4,83,4
4860,A1,1,20,0,3,0,0,0,0,0,0,0,0,0,1,0,2,6,74,21
4860,B0,0,1,18,1,0,0,0,0,0,0,0,0,0,1,0,1,2,5,3
4860,B1,4,1,3,1,0,0,0,0,0,0,0,0,0,1,0,2,26,161,40
4860,B2,8,0,1,19,0,0,0,0,0,0,0,0,0,1,0,1,8,35,18
4860,C1,20,5,2,0,0,0,0,0,0,0,0,0,0,1,0,2,4,83,4
4870,A1,3,18,0,4,0,0,0,0,0,0,0,0,0,1,0,2,6,74,21
4870,B0,0,1,19,2,0,0,0,0,0,0,0,0,0,1,0,1,2,5,3
4870,B1,3,1,3,1,0,0,0,0,0,0,0,0,0,1,0,1,26,161,40
4870,B2,6,0,3,20,0,0,0,0,0,0,0,0,0,1,0,1,8,35,18
4870,C1,17,2,2,0,0,0,0,0,0,0,0,0,0,1,0,2,4,83,4
4880,A1,2,18,0,3,0,0,0,0,0,0,0,0,0,0,1,2,6,74,21
4880,B0,0,3,20,1,0,0,0,0,0,0,0,0,0,0,1,1,2,5,3
4880,B1,1,3,1,1,0,0,0,0,0,0,0,0,0,0,1,2,27,164,43
4880,B2,7,0,3,19,0,0,0,0,0,0,0,0,0,0,1,1,8,35,18
4880,C1,17,2,2,0,0,0,0,0,0,0,0,0,0,0,1,2,4,83,4
4890,A1,4,19,0,4,0,0,0,0,0,0,0,0,0,0,1,2,6,74,21
4890,B0,0,3,20,1,0,0,0,0,0,0,0,0,0,0,1,1,2,5,3
4890,B1,2,3,2,3,0,0,0,0,0,0,0,0,0,0,1,1,27,164,43
4890,B2,7,0,1,19,0,0,0,0,0,0,0,0,0,0,1,1,8,35,18
4890,C1,18,3,2,0,0,0,0,0,0,0,0,0,0,0,1,2,4,83,4
4900,A1,3,20,0,4,0,0,0,0,0,0,0,0,0,1,0,2,6,74,21
4900,B0,0,3,18,3,0,0,0,0,0,0,0,0,0,1,0,1,2,5,3
4900,B1,2,2,2,3,0,0,0,0,0,0,0,0,0,1,0,1,27,164,43
4900,B2,6,0,2,19,0,0,0,0,0,0,0,0,0,1,0,1,8,35,18
4900,C1,20,4,2,0,0,0,0,0,0,0,0,0,0,1,0,2,4,83,4
4910,A1,2,19,0,4,0,0,0,0,0,0,0,0,0,1,0,2,6,74,21
4910,B0,0,2,18,3,0,0,0,0,0,0,0,0,0,1,0,1,2,5,3
4910,B1,3,2,2,3,0,0,0,0,0,0,0,0,0,1,0,1,27,164,43
4910,B2,3,0,2,20,0,0,0,0,0,0,0,0,0,1,0,1,8,35,18
4910,C1,20,2,2,0,0,0,0,0,0,0,0,0,0,1,0,2,4,83,4
4920,A1,3,16,0,4,0,0,0,0,0,0,0,0,0,1,0,2,6,74,21
4920,B0,0,2,20,5,0,0,0,0,0,0,0,0,0,1,0,1,2,5,3
4920,B1,5,1,2,3,0,0,0,0,0,0,0,0,0,1,0,2,27,164,43
4920,B2,2,0,1,20,0,0,0,0,0,0,0,0,0,1,0,1,8,35,18
4920,C1,19,1,2,0,0,0,0,0,0,0,0,0,0,1,0,2,4,83,4
4930,A1,4,17,0,2,0,0,0,0,0,0,0,0,0,0,1,2,6,74,21
4930,B0,0,4,20,3,0,0,0,0,0,0,0,0,0,0,1,1,2,5,3
4930,B1,1,1,1,1,0,0,0,0,0,0,0,0,0,0,1,1,27,164,43
4930,B2,2,0,1,19,0,0,0,0,0,0,0,0,0,0,1,1,8,35,18
4930,C1,20,2,1,0,0,0,0,0,0,0,0,0,0,0,1,2,4,83,4
4940,A1,2,19,0,1,0,0,0,0,0,0,0,0,0,0,1,2,6,74,21
4940,B0,0,4,19,3,0,0,0,0,0,0,0,0,0,0,1,1,2,5,3
4940,B1,1,1,2,2,0,0,0,0,0,0,0,0,0,0,1,1,27,164,43
4940,B2,2,0,1,17,0,0,0,0,0,0,0,0,0,0,1,1,8,35,18
4940,C1,20,2,2,0,0,0,0,0,0,0,0,0,0,0,1,2,4,83,4
4950,A1,1,19,0,2,0,0,0,0,0,0,0,0,0,1,0,2,6,74,21
4950,B0,0,2,18,1,0,0,0,0,0,0,0,0,0,1,0,1,2,5,3
4950,B1,4,2,1,1,0,0,0,0,0,0,0,0,0,1,0,2,27,164,43
4950,B2,3,0,1,17,0,0,0,0,0,0,0,0,0,1,0,1,8,35,18
4950,C1,19,2,2,0,0,0,0,0,0,0,0,0,0,1,0,2,4,83,4
4960,A1,1,17,0,4,0,0,0,0,0,0,0,0,0,1,0,2,6,74,21
4960,B0,0,1,19,4,0,0,0,0,0,0,0,0,0,1,0,1,2,5,3
4960,B1,3,1,1,1,0,0,0,0,0,0,0,0,0,1,0,2,27,164,43
4960,B2,1,0,2,19,0,0,0,0,0,0,0,0,0,1,0,1,8,35,18
4960,C1,19,1,2,0,0,0,0,0,0,0,0,0,0,1,0,2,4,83,4
4970,A1,3,16,0,3,0,0,0,0,0,0,0,0,0,0,1,2,6,74,21
4970,B0,0,2,20,5,0,0,0,0,0,0,0,0,0,0,1,1,2,5,3
4970,B1,3,2,3,1,0,0,0,0,0,0,0,0,0,0,1,2,27,164,43
4970,B2,2,0,3,20,0,0,0,0,0,0,0,0,0,0,1,1,8,35,18
4970,C1,20,1,2,0,0,0,0,0,0,0,0,0,0,0,1,2,4,83,4
4980,A1,1,17,0,2,0,0,0,0,0,0,0,0,0,0,1,2,6,74,21
4980,B0,0,2,20,3,0,0,0,0,0,0,0,0,0,0,1,1,2,5,3
4980,B1,3,2,3,1,0,0,0,0,0,0,0,0,0,0,1,2,27,164,43
4980,B2,3,0,1,20,0,0,0,0,0,0,0,0,0,0,1,1,8,35,18
4980,C1,20,1,4,0,0,0,0,0,0,0,0,0,0,0,1,2,4,83,4
4990,A1,3,20,0,1,0,0,0,0,0,0,0,0,0,0,1,2,6,74,21
4990,B0,0,2,19,1,0,0,0,0,0,0,0,0,0,0,1,1,2,5,3
4990,B1,3,2,3,1,0,0,0,0,0,0,0,0,0,0,1,2,27,164,43
4990,B2,2,0,2,18,0,0,0,0,0,0,0,0,0,0,1,1,8,35,18
4990,C1,20,1,3,0,0,0,0,0,0,0,0,0,0,0,1,2,4,83,4
5000,A1,3,20,0,2,0,0,0,0,0,0,0,0,0,1,0,2,6,74,21
5000,B0,0,1,20,1,0,0,0,0,0,0,0,0,0,1,0,1,2,5,3
5000,B1,3,2,3,1,0,0,0,0,0,0,0,0,0,1,0,2,28,174,45
5000,B2,1,0,2,19,0,0,0,0,0,0,0,0,0,1,0,1,8,35,18
5000,C1,18,1,3,0,0,0,0,0,0,0,0,0,0,1,0,2,4,83,4
5010,A1,1,19,0,3,0,0,0,0,0,0,0,0,0,1,0,2,6,74,21
5010,B0,0,2,20,2,0,0,0,0,0,0,0,0,0,1,0,1,2,5,3
5010,B1,2,1,3,1,0,0,0,0,0,0,0,0,0,1,0,1,28,174,45
5010,B2,1,0,3,20,0,0,0,0,0,0,0,0,0,1,0,1,8,35,18
5010,C1,17,1,3,0,0,0,0,0,0,0,0,0,0,1,0,2,4,83,4
5020,A1,3,19,0,3,0,0,0,0,0,0,0,0,0,0,1,2,6,74,21
5020,B0,0,2,20,4,0,0,0,0,0,0,0,0,0,0,1,1,2,5,3
5020,B1,3,1,2,1,0,0,0,0,0,0,0,0,0,0,1,2,28,174,45
5020,B2,2,0,1,18,0,0,0,0,0,0,0,0,0,0,1,1,8,35,18
5020,C1,18,1,2,0,0,0,0,0,0,0,0,0,0,0,1,2,4,83,4
5030,A1,4,19,0,2,0,0,0,0,0,0,0,0,0,0,1,2,6,74,21
5030,B0,0,3,19,2,0,0,0,0,0,0,0,0,0,0,1,1,2,5,3
5030,B1,3,1,3,1,0,0,0,0,0,0,0,0,0,0,1,1,28,174,45
5030,B2,2,0,3,15,0,0,0,0,0,0,0,0,0,0,1,1,8,35,18
5030,C1,20,2,2,0,0,0,0,0,0,0,0,0,0,0,1,2,4,83,4
5040,A1,5,20,0,1,0,0,0,0,0,0,0,0,0,1,0,2,6,74,21
5040,B0,0,3,19,2,0,0,0,0,0,0,1,0,0,1,0,1,2,5,3
5040,B1,3,2,3,1,0,3,0,0,0,0,0,0,0,1,0,2,29,181,45
5040,B2,1,0,3,14,0,0,0,0,0,0,0,0,0,1,0,1,8,35,18
5040,C1,20,3,3,0,0,0,0,0,0,0,0,0,0,1,0,2,4,83,4
5050,A1,4,20,0,2,0,0,0,0,0,0,0,0,0,1,0,2,6,74,21
5050,B0,0,1,19,2,0,0,0,0,0,0,0,0,0,1,0,1,2,5,3
5050,B1,2,2,3,1,0,0,0,0,0,0,0,0,0,1,0,1,29,183,48
5050,B2,3,0,3,17,0,0,0,0,0,0,0,0,0,1,0,1,8,35,18
5050,C1,20,2,4,0,0,0,0,0,0,0,0,0,0,1,0,2,4,83,4
5060,A1,2,19,0,3,0,0,0,0,0,0,0,0,0,0,1,2,6,74,21
5060,B0,0,3,20,2,0,0,0,0,0,0,0,0,0,0,1,1,2,5,3
5060,B1,3,1,4,2,0,0,0,0,1,0,0,0,0,0,1,1,30,185,48
5060,B2,1,0,4,20,0,0,0,0,0,0,0,0,0,0,1,1,8,35,18
5060,C1,18,3,4,0,0,0,0,0,0,0,0,1,0,0,1,2,4,83,4
5070,A1,1,20,0,2,0,0,0,0,0,0,0,0,0,0,1,2,6,74,21
5070,B0,0,4,18,2,0,0,0,0,0,0,0,0,0,0,1,1,2,5,3
5070,B1,2,1,1,2,0,0,0,0,0,0,0,0,0,0,1,1,30,185,49
5070,B2,1,0,2,20,0,0,0,0,0,0,0,0,0,0,1,1,8,35,18
5070,C1,19,1,3,0,0,0,0,0,0,0,0,0,0,0,1,2,4,83,4
5080,A1,2,20,0,1,0,0,0,0,0,0,0,0,0,0,1,2,6,74,21
5080,B0,0,6,18,1,0,0,0,0,0,0,0,0,0,0,1,1,2,5,3
5080,B1,2,1,1,1,0,0,0,0,0,0,0,0,0,0,1,2,30,185,49
5080,B2,1,0,4,19,0,0,0,0,0,0,0,0,0,0,1,1,8,35,18
5080,C1,20,2,2,0,0,0,0,0,0,0,0,0,0,0,1,2,4,83,4
5090,A1,2,20,0,1,0,0,0,0,0,0,0,0,0,1,0,2,6,74,21
5090,B0,0,4,18,1,0,0,0,0,0,0,0,0,0,1,0,1,2,5,3
5090,B1,1,1,1,1,0,0,0,0,0,0,0,0,0,1,0,1,30,185,49
5090,B2,1,0,1,20,0,0,0,0,0,0,0,0,0,1,0,1,8,35,18
5090,C1,19,3,2,0,0,0,0,0,0,0,0,0,0,1,0,2,4,83,4
5100,A1,5,17,0,2,0,0,0,0,0,0,0,0,0,1,0,2,6,74,21
5100,B0,0,1,20,3,0,0,0,0,0,0,0,0,0,1,0,1,2,5,3
5100,B1,1,2,1,1,0,0,0,0,0,0,0,0,0,1,0,2,30,185,49
5100,B2,2,0,4,20,0,0,0,0,0,0,0,0,0,1,0,1,8,35,18
5100,C1,19,1,2,0,0,0,0,0,0,0,0,0,0,1,0,2,4,83,4
5110,A1,1,17,0,1,0,0,0,0,0,0,0,0,0,0,1,2,6,74,21
5110,B0,0,2,20,1,0,0,0,0,0,0,0,0,0,0,1,1,2,5,3
5110,B1,1,2,1,1,0,0,0,0,0,0,0,0,0,0,1,2,30,185,49
5110,B2,2,0,4,20,0,0,0,0,0,0,0,0,0,0,1,1,8,35,18
5110,C1,18,2,2,0,0,0,0,0,0,0,0,0,0,0,1,2,4,83,4
5120,A1,1,18,0,2,0,0,0,0,0,0,0,0,0,0,1,2,6,74,21
5120,B0,0,3,20,3,0,0,0,0,0,0,0,0,0,0,1,1,2,5,3
5120,B1,1,1,1,2,0,0,0,0,0,0,0,0,0,0,1,1,30,185,49
5120,B2,2,0,1,20,0,0,0,0,0,0,0,0,0,0,1,1,8,35,18
5120,C1,20,5,2,0,0,0,0,0,0,0,0,0,0,0,1,2,4,83,4
5130,A1,2,20,0,1,0,0,0,0,0,0,0,0,0,1,0,2,6,74,21
5130,B0,0,3,19,1,0,0,0,0,0,0,0,0,0,1,0,1,2,5,3
5130,B1,3,1,2,1,0,0,0,0,0,0,0,0,0,1,0,2,30,185,49
5130,B2,3,0,1,20,0,0,0,0,0,0,0,0,0,1,0,1,8,35,18
5130,C1,20,7,1,0,0,0,0,0,0,0,0,0,0,1,0,2,4,83,4
5140,A1,1,20,0,1,0,0,0,0,0,0,0,0,0,1,0,2,6,74,21
5140,B0,0,1,20,1,0,0,0,0,0,0,0,0,0,1,0,1,2,5,3
5140,B1,2,1,2,1,0,0,0,0,0,0,0,0,0,1,0,1,30,185,49
5140,B2,1,0,1,20,0,0,0,0,0,0,0,0,0,1,0,1,8,35,18
5140,C1,20,6,2,0,0,0,0,0,0,0,0,0,0,1,0,2,4,83,4
5150,A1,1,18,0,2,0,0,0,0,0,0,0,0,0,1,0,2,6,74,21
5150,B0,0,2,20,3,0,0,0,0,0,0,0,0,0,1,0,1,2,5,3
5150,B1,1,1,2,1,0,0,0,0,0,0,0,0,0,1,0,1,30,185,49
5150,B2,1,0,1,20,0,0,0,0,0,0,0,0,0,1,0,1,8,35,18
5150,C1,20,1,3,0,0,0,0,0,0,0,0,0,0,1,0,2,4,83,4
5160,A1,1,19,0,2,0,0,0,0,0,0,0,0,0,0,1,2,6,74,21
5160,B0,0,2,20,1,0,0,0,0,0,0,0,0,0,0,1,1,3,6,4
5160,B1,1,1,2,1,0,0,0,0,0,0,0,0,0,0,1,1,30,185,49
5160,B2,1,0,1,19,0,0,0,0,0,0,0,0,0,0,1,1,8,35,18
5160,C1,20,1,1,0,0,0,0,0,0,0,0,0,0,0,1,2,4,83,4
5170,A1,3,19,0,2,0,0,0,0,0,0,0,0,0,0,1,2,6,74,21
5170,B0,0,3,20,3,0,0,0,0,0,0,0,0,0,0,1,1,3,6,4
5170,B1,1,1,2,1,0,0,0,0,0,0,0,0,0,0,1,1,30,185,49
5170,B2,2,0,1,17,0,0,0,0,0,0,0,0,0,0,1,1,8,35,18
5170,C1,20,2,1,0,0,0,0,0,0,0,0,0,0,0,1,2,4,83,4
5180,A1,1,20,0,3,0,0,0,0,0,0,0,0,0,1,0,2,6,74,21
5180,B0,0,2,19,1,0,0,0,0,0,0,0,0,0,1,0,1,3,6,4
5180,B1,1,2,1,1,0,0,0,0,0,0,0,0,0,1,0,2,30,185,49
5180,B2,2,0,1,17,0,0,0,0,0,0,0,0,0,1,0,1,8,35,18
5180,C1,20,1,1,0,0,0,0,0,0,0,0,0,0,1,0,2,4,83,4
5190,A1,1,18,0,3,0,0,0,0,0,0,0,0,0,1,0,2,6,74,21
5190,B0,0,1,19,2,0,0,0,0,0,0,0,0,0,1,0,1,3,6,4
5190,B1,1,2,1,1,0,0,0,0,0,0,0,0,0,1,0,2,30,185,49
5190,B2,2,0,1,19,0,0,0,0,0,0,0,0,0,1,0,1,8,35,18
5190,C1,20,3,2,0,0,0,0,0,0,0,0,0,0,1,0,2,4,83,4
5200,A1,1,17,0,2,0,0,0,0,0,0,0,0,0,0,1,2,6,74,21
5200,B0,0,1,19,3,0,0,0,0,0,0,0,0,0,0,1,1,3,6,4
5200,B1,1,4,1,1,0,0,0,0,1,0,0,0,0,0,1,1,31,191,49
5200,B2,3,0,2,20,0,0,0,0,0,0,0,0,0,0,1,1,8,35,18
5200,C1,20,2,1,0,0,0,0,0,0,0,0,1,0,0,1,2,4,83,4
5210,A1,1,17,0,2,0,0,0,0,0,0,0,0,0,0,1,2,6,74,21
5210,B0,0,1,19,3,0,0,0,0,0,0,0,0,0,0,1,1,3,6,4
5210,B1,1,4,1,2,0,0,0,0,0,0,0,0,0,0,1,2,31,195,50
5210,B2,3,0,2,19,0,0,0,0,0,0,0,0,0,0,1,1,8,35,18
5210,C1,20,2,1,0,0,0,0,0,0,0,0,0,0,0,1,2,4,83,4
5220,A1,2,20,0,1,0,0,0,0,0,0,0,0,0,0,1,2,6,74,21
5220,B0,0,2,18,1,0,0,0,0,0,0,0,0,0,0,1,1,3,6,4
5220,B1,1,4,3,1,0,0,0,0,0,0,0,0,0,0,1,2,31,195,50
5220,B2,3,0,3,16,0,0,0,0,0,0,0,0,0,0,1,1,8,35,18
5220,C1,20,2,2,0,0,0,0,0,0,0,0,0,0,0,1,2,4,83,4
5230,A1,4,19,0,1,0,0,0,0,0,0,0,0,0,1,0,2,6,74,21
5230,B0,0,1,19,3,0,0,0,0,0,0,0,0,0,1,0,1,3,6,4
5230,B1,2,2,3,1,0,0,0,0,0,0,0,0,0,1,0,1,31,195,50
5230,B2,2,0,1,17,0,0,0,0,0,0,0,0,0,1,0,1,8,35,18
5230,C1,18,1,1,0,0,0,0,0,0,0,0,0,0,1,0,2,4,83,4
5240,A1,2,18,0,1,0,0,0,0,0,0,0,0,0,1,0,2,6,74,21
5240,B0,0,1,19,4,0,0,0,0,0,0,0,0,0,1,0,1,3,6,4
5240,B1,4,4,3,1,0,0,0,0,0,0,0,0,0,1,0,2,31,195,50
5240,B2,1,0,2,19,0,0,0,0,0,0,0,0,0,1,0,1,8,35,18
5240,C1,14,2,1,0,0,0,0,0,0,0,0,0,0,1,0,2,4,83,4
5250,A1,2,18,0,2,0,0,0,0,0,0,0,0,0,0,1,2,6,74,21
5250,B0,0,1,19,4,0,0,0,0,0,0,0,0,0,0,1,1,3,6,4
5250,B1,3,3,3,1,0,0,0,0,0,0,0,0,0,0,1,2,31,195,50
5250,B2,1,0,1,19,0,0,0,0,0,0,0,0,0,0,1,1,8,35,18
5250,C1,15,3,1,0,0,0,0,0,0,0,0,0,0,0,1,2,4,83,4
5260,A1,2,20,0,1,0,0,0,0,0,0,0,0,0,0,1,2,6,74,21
5260,B0,0,2,19,2,0,0,0,0,0,0,0,0,0,0,1,1,3,6,4
5260,B1,3,3,4,1,0,0,0,0,0,0,0,0,0,0,1,2,31,195,50
5260,B2,1,0,1,18,0,0,0,0,0,0,0,0,0,0,1,1,8,35,18
5260,C1,18,1,1,0,0,0,0,0,0,0,0,0,0,0,1,2,4,83,4
5270,A1,4,20,0,2,0,0,0,0,0,0,0,0,0,1,0,2,6,74,21
5270,B0,0,3,18,1,0,0,0,0,0,0,0,0,0,1,0,1,3,6,4
5270,B1,4,2,2,1,0,0,0,0,0,0,1,0,0,1,0,2,31,195,50
5270,B2,2,0,3,18,0,1,0,0,0,0,0,0,0,1,0,2,9,42,18
5270,C1,20,1,2,0,0,0,0,0,0,0,0,0,0,1,0,2,4,83,4
5280,A1,1,20,0,3,0,0,0,0,0,0,0,0,0,1,0,2,6,74,21
5280,B0,0,3,19,2,0,0,0,0,0,0,0,0,0,1,0,1,3,6,4
5280,B1,2,5,2,1,0,0,0,0,0,0,0,0,0,1,0,2,31,195,50
5280,B2,2,0,1,19,0,0,0,0,0,0,0,0,0,1,0,1,9,43,19
5280,C1,19,1,2,0,0,0,0,0,0,0,0,0,0,1,0,2,4,83,4
5290,A1,1,19,0,4,0,0,0,0,0,0,0,0,0,0,1,2,6,74,21
5290,B0,0,3,19,2,0,0,0,0,0,0,0,0,0,0,1,1,3,6,4
5290,B1,1,5,2,1,0,0,0,0,0,0,0,0,0,0,1,2,31,195,50
5290,B2,2,0,2,20,0,0,0,0,0,0,0,0,0,0,1,1,9,43,19
5290,C1,17,1,2,0,0,0,0,0,0,0,0,0,0,0,1,2,4,83,4
5300,A1,3,20,0,2,0,0,0,0,0,0,0,0,0,0,1,2,6,74,21
5300,B0,0,3,19,2,0,0,0,0,0,0,0,0,0,0,1,1,3,6,4
5300,B1,1,4,2,2,0,0,0,0,0,0,0,0,0,0,1,2,31,195,50
5300,B2,3,0,1,20,0,0,0,0,0,0,0,0,0,0,1,1,9,43,19
5300,C1,18,1,1,0,0,0,0,0,0,0,0,0,0,0,1,2,4,83,4
5310,A1,1,20,0,2,0,0,0,0,0,0,0,0,0,0,1,2,6,74,21
5310,B0,0,4,20,1,0,0,0,0,0,0,0,0,0,0,1,1,3,6,4
5310,B1,1,4,2,2,0,0,0,0,0,0,0,0,0,0,1,2,31,195,50
5310,B2,5,0,2,17,0,0,0,0,0,0,0,0,0,0,1,1,9,43,19
5310,C1,20,1,2,0,0,0,0,0,0,0,0,0,0,0,1,2,4,83,4
5320,A1,1,20,0,2,0,0,0,0,0,0,0,0,0,1,0,2,6,74,21
5320,B0,0,2,19,1,0,0,0,0,0,0,0,0,0,1,0,1,3,6,4
5320,B1,3,3,2,2,0,0,0,0,0,0,0,0,0,1,0,2,31,195,50
5320,B2,4,0,1,18,0,0,0,0,0,0,0,0,0,1,0,1,9,43,19
5320,C1,20,1,4,0,0,0,0,0,0,0,0,0,0,1,0,2,4,83,4
5330,A1,6,18,0,2,0,0,0,0,0,0,0,0,0,1,0,2,6,74,21
5330,B0,0,1,19,3,0,0,0,0,0,0,0,0,0,1,0,1,3,6,4
5330,B1,2,1,2,2,0,0,0,0,0,0,0,0,0,1,0,1,31,195,50
5330,B2,4,0,4,19,0,0,0,0,0,0,0,0,0,1,0,1,9,43,19
5330,C1,20,1,5,0,0,0,0,0,0,0,0,0,0,1,0,2,4,83,4
5340,A1,2,18,0,1,0,0,0,0,0,0,0,0,0,0,1,2,6,74,21
5340,B0,0,2,17,2,0,0,0,0,0,0,0,0,0,0,1,1,3,6,4
5340,B1,1,2,2,1,0,0,0,0,0,0,0,0,0,0,1,1,31,195,50
5340,B2,3,0,4,20,0,0,0,0,0,0,0,0,0,0,1,1,9,43,19
5340,C1,20,1,3,0,0,0,0,0,0,0,0,0,0,0,1,2,4,83,4
5350,A1,3,18,0,1,0,0,0,0,0,0,0,0,0,0,1,2,6,74,21
5350,B0,0,6,19,1,0,0,0,0,0,0,0,0,0,0,1,1,3,6,4
5350,B1,1,2,2,1,0,0,0,0,0,0,0,0,0,0,1,1,31,195,50
5350,B2,3,0,1,20,0,0,0,0,0,0,0,0,0,0,1,1,9,43,19
5350,C1,20,2,1,0,0,0,0,0,0,0,0,0,0,0,1,2,4,83,4
5360,A1,6,20,0,2,0,0,0,0,0,0,0,0,0,1,0,2,6,74,21
5360,B0,0,6,19,2,0,0,0,0,0,0,0,0,0,1,0,1,3,6,4
5360,B1,2,2,2,1,0,0,0,0,0,0,0,0,0,1,0,2,31,195,50
5360,B2,3,0,1,19,0,0,0,0,0,0,0,0,0,1,0,1,9,43,19
5360,C1,20,3,1,0,0,0,0,0,0,0,0,0,0,1,0,2,4,83,4
5370,A1,3,20,0,3,0,0,0,0,0,0,0,0,0,1,0,2,6,74,21
5370,B0,0,4,19,3,0,0,0,0,0,0,0,0,0,1,0,1,3,6,4
5370,B1,3,2,3,1,0,0,0,0,0,0,0,0,0,1,0,2,31,195,50
5370,B2,1,0,1,20,0,0,0,0,0,0,0,0,0,1,0,1,9,43,19
5370,C1,19,1,1,0,0,0,0,0,0,0,0,0,0,1,0,2,4,83,4
5380,A1,2,19,0,3,0,0,0,0,0,0,0,0,0,1,0,2,6,74,21
5380,B0,0,1,20,1,0,0,0,0,0,0,0,0,0,1,0,1,3,6,4
5380,B1,2,1,3,1,0,0,0,0,0,0,0,0,0,1,0,1,31,195,50
5380,B2,2,0,1,20,0,0,0,0,0,0,0,0,0,1,0,1,9,43,19
5380,C1,18,3,2,0,0,0,0,0,0,0,0,0,0,1,0,2,4,83,4
5390,A1,2,20,0,2,0,0,0,0,0,0,0,0,0,0,1,2,6,74,21
5390,B0,0,1,20,2,0,0,0,0,0,0,0,0,0,0,1,1,3,6,4
5390,B1,2,2,1,2,0,0,0,0,0,0,0,0,0,0,1,2,32,199,51
5390,B2,2,0,1,20,0,0,0,0,0,0,0,0,0,0,1,1,9,43,19
5390,C1,19,1,2,0,0,0,0,0,0,0,0,0,0,0,1,2,4,83,4
5400,A1,2,20,0,2,0,0,0,0,0,0,0,0,0,0,1,2,6,74,21
5400,B0,0,1,18,3,0,0,0,0,0,0,0,0,0,0,1,1,3,6,4
5400,B1,2,2,1,2,0,0,0,0,0,0,0,0,0,0,1,2,32,199,51
5400,B2,2,0,2,19,0,0,0,0,0,0,0,0,0,0,1,1,9,43,19
5400,C1,20,5,2,0,0,0,0,0,0,0,0,0,0,0,1,2,4,83,4
5410,A1,2,20,0,2,0,0,0,0,0,0,0,0,0,1,0,2,6,74,21
5410,B0,0,1,18,2,0,0,0,0,0,0,0,0,0,1,0,1,3,6,4
5410,B1,3,1,2,1,0,0,0,0,0,0,0,0,0,1,0,2,33,204,53
5410,B2,1,0,1,19,0,0,0,0,0,0,0,0,0,1,0,1,9,43,19
5410,C1,20,4,5,0,0,0,0,0,0,0,0,0,0,1,0,2,4,83,4
5420,A1,2,20,0,3,0,0,0,0,0,0,0,0,0,1,0,2,6,74,21
5420,B0,0,1,19,3,0,0,0,0,0,0,0,0,0,1,0,1,3,6,4
5420,B1,5,2,2,1,0,0,0,0,0,0,0,0,0,1,0,2,33,204,53
5420,B2,1,0,1,19,0,0,0,0,0,0,0,0,0,1,0,1,9,43,19
5420,C1,20,1,5,0,0,0,0,0,0,0,0,0,0,1,0,2,4,83,4
5430,A1,1,19,0,5,0,0,0,0,0,0,0,0,1,0,1,2,6,74,21
5430,B0,0,2,20,3,0,0,0,0,0,0,0,0,0,0,1,1,3,6,4
5430,B1,3,2,1,1,0,0,0,1,0,0,0,0,0,0,1,1,34,210,53
5430,B2,1,0,7,20,0,0,0,0,0,0,0,0,0,0,1,1,9,43,19
5430,C1,20,2,4,0,0,0,0,0,0,0,0,0,0,0,1,2,4,83,4
5440,A1,2,19,0,4,0,0,0,0,0,0,0,0,1,0,1,2,6,74,21
5440,B0,0,3,20,2,0,0,0,0,0,0,0,0,0,0,1,1,3,6,4
5440,B1,3,2,1,1,0,0,0,1,0,0,0,0,0,0,1,1,34,230,53
5440,B2,1,0,2,20,0,0,0,0,0,0,0,0,0,0,1,1,9,43,19
5440,C1,20,2,1,0,0,0,0,0,0,0,0,0,0,0,1,2,4,83,4
5450,A1,2,20,0,6,0,0,0,0,0,0,0,0,0,0,1,2,6,74,21
5450,B0,0,4,19,1,0,0,0,0,0,0,0,0,0,0,1,1,3,6,4
5450,B1,3,3,2,1,0,0,0,0,0,0,0,0,0,0,1,2,34,234,55
5450,B2,1,0,1,19,0,0,0,0,0,0,0,0,0,0,1,1,9,43,19
5450,C1,20,2,1,0,0,0,0,0,0,0,0,0,0,0,1,2,4,83,4
5460,A1,1,19,0,6,0,0,0,0,0,0,0,0,0,1,0,2,6,74,21
5460,B0,0,1,20,1,0,0,0,0,0,0,0,0,0,1,0,1,3,6,4
5460,B1,1,2,1,1,0,0,0,0,0,0,0,0,0,1,0,2,35,241,57
5460,B2,1,0,2,20,0,0,0,0,0,0,0,0,0,1,0,1,9,43,19
5460,C1,20,1,1,0,0,0,0,0,0,0,0,0,0,1,0,2,4,83,4
5470,A1,2,16,0,7,0,0,0,0,0,0,0,0,0,1,0,2,6,74,21
5470,B0,0,1,20,2,0,0,0,0,0,0,0,0,0,1,0,1,3,6,4
5470,B1,1,1,1,1,0,0,0,0,0,0,0,0,0,1,0,1,35,241,57
5470,B2,1,0,4,20,0,0,0,0,0,0,0,0,0,1,0,1,9,43,19
5470,C1,20,1,1,0,0,0,0,0,0,0,0,0,0,1,0,2,4,83,4
5480,A1,1,16,0,7,0,0,0,0,0,0,0,0,0,0,1,2,6,74,21
5480,B0,0,1,20,3,0,0,0,0,0,0,0,0,0,0,1,1,3,6,4
5480,B1,1,1,2,1,0,0,0,0,0,0,0,0,1,0,1,1,36,250,58
5480,B2,2,0,3,20,0,0,0,0,0,0,0,0,0,0,1,1,9,43,19
5480,C1,20,2,1,0,0,0,0,1,0,0,0,0,0,0,1,1,5,96,4
5490,A1,3,18,0,6,0,0,0,0,0,0,0,0,0,0,1,2,6,74,21
5490,B0,0,1,20,1,0,0,0,0,0,0,0,0,0,0,1,1,3,6,4
5490,B1,1,1,2,1,0,0,0,0,0,0,0,0,0,0,1,1,36,250,58
5490,B2,2,0,3,20,0,0,0,0,0,0,0,0,0,0,1,1,9,43,19
5490,C1,20,2,2,0,0,0,0,0,0,0,0,0,0,0,1,2,5,104,5
5500,A1,3,20,0,6,0,0,0,0,0,0,0,0,0,1,0,2,6,74,21
5500,B0,0,1,20,1,0,0,0,0,0,0,0,0,0,1,0,1,3,6,4
5500,B1,1,4,1,1,0,0,0,0,0,0,0,0,0,1,0,2,37,256,59
5500,B2,1,0,3,20,0,0,0,0,0,0,0,0,0,1,0,1,9,43,19
5500,C1,20,1,2,0,0,0,0,0,0,0,0,0,0,1,0,2,5,104,5
5510,A1,2,20,0,6,0,0,0,0,0,0,0,0,0,1,0,2,6,74,21
5510,B0,0,3,20,2,0,0,0,0,0,0,0,0,0,1,0,1,3,6,4
5510,B1,1,1,1,1,0,0,0,0,0,0,0,0,0,1,0,1,37,256,59
5510,B2,1,0,1,20,0,0,0,0,0,0,0,0,0,1,0,1,9,43,19
5510,C1,19,1,2,0,0,0,0,0,0,0,0,0,0,1,0,2,5,104,5
5520,A1,2,19,0,6,0,0,0,0,0,0,0,0,0,0,1,2,6,74,21
5520,B0,0,3,20,6,0,0,0,0,0,0,0,0,0,0,1,1,3,6,4
5520,B1,2,1,1,1,0,0,0,0,0,0,0,0,0,0,1,2,37,256,59
5520,B2,1,0,2,20,0,0,0,0,0,0,0,0,0,0,1,1,9,43,19
5520,C1,18,1,4,0,0,0,0,0,0,0,0,0,0,0,1,2,5,104,5
5530,A1,3,20,0,7,0,0,0,0,0,0,0,0,0,0,1,2,6,74,21
5530,B0,0,3,20,3,0,0,0,0,0,0,0,0,0,0,1,1,3,6,4
5530,B1,2,1,2,1,0,0,0,0,0,0,0,0,0,0,1,1,37,256,59
5530,B2,1,0,2,20,0,0,0,0,0,0,0,0,0,0,1,1,9,43,19
5530,C1,19,1,1,0,0,0,0,0,0,0,0,0,0,0,1,2,5,104,5
5540,A1,4,20,0,8,0,0,0,0,0,0,0,0,0,0,1,2,6,74,21
5540,B0,0,6,19,1,0,0,0,0,0,0,0,0,0,0,1,1,3,6,4
5540,B1,2,1,1,1,0,0,0,0,0,0,0,0,0,0,1,2,37,256,59
5540,B2,2,0,2,17,0,0,0,0,0,0,0,0,0,0,1,1,9,43,19
5540,C1,20,2,1,0,0,0,0,0,0,0,0,0,0,0,1,2,5,104,5
5550,A1,3,20,0,9,0,0,0,0,0,0,0,0,0,1,0,2,6,74,21
5550,B0,0,3,20,1,0,0,0,0,0,0,0,0,0,1,0,1,4,18,7
5550,B1,2,1,2,1,0,0,0,0,0,0,0,0,0,1,0,1,37,256,59
5550,B2,1,0,2,18,0,0,0,0,0,0,0,0,0,1,0,1,10,47,20
5550,C1,19,4,2,0,0,0,0,0,0,0,0,0,0,1,0,2,5,104,5
5560,A1,1,20,0,9,0,0,0,0,0,0,0,0,0,1,0,2,6,74,21
5560,B0,0,1,20,1,0,0,0,0,0,0,0,0,0,1,0,1,4,18,7
5560,B1,3,2,1,1,0,0,0,0,0,0,0,0,0,1,0,2,37,256,59
5560,B2,1,0,3,19,0,0,0,0,0,0,0,0,0,1,0,1,10,47,20
5560,C1,18,1,2,0,0,0,0,0,0,0,0,0,0,1,0,2,5,104,5
5570,A1,1,20,0,8,0,0,0,0,0,0,0,0,0,0,1,2,6,74,21
5570,B0,0,2,20,1,0,0,0,0,0,0,0,0,0,0,1,1,4,18,7
5570,B1,2,1,1,1,0,0,0,0,0,0,0,0,0,0,1,2,37,256,59
5570,B2,3,0,2,20,0,0,0,0,0,0,0,0,0,0,1,1,10,47,20
5570,C1,19,1,1,0,0,0,0,0,0,0,0,0,0,0,1,2,5,104,5
5580,A1,3,20,0,4,0,0,0,0,0,0,0,0,0,0,1,2,6,74,21
5580,B0,0,2,18,4,0,0,0,0,0,0,0,0,0,0,1,1,4,18,7
5580,B1,2,1,1,1,0,0,0,0,0,0,0,0,0,0,1,2,37,256,59
5580,B2,3,0,1,20,0,0,0,0,0,0,0,0,0,0,1,1,10,47,20
5580,C1,20,1,1,0,0,0,0,0,0,0,0,0,0,0,1,2,5,104,5
5590,A1,2,20,0,2,0,0,0,0,0,0,0,0,0,1,0,2,6,74,21
5590,B0,0,2,18,1,0,0,0,0,0,0,0,0,0,1,0,1,4,18,7
5590,B1,2,1,2,2,0,0,0,0,0,0,0,0,0,1,0,1,37,256,59
5590,B2,3,0,1,19,0,0,0,0,0,0,0,0,0,1,0,1,10,47,20
5590,C1,19,2,2,0,0,0,0,0,0,0,0,0,0,1,0,2,5,104,5
5600,A1,2,20,0,2,0,0,0,0,0,0,0,0,0,1,0,2,6,74,21
5600,B0,0,1,18,2,0,0,0,0,0,0,0,0,0,1,0,1,4,18,7
5600,B1,1,1,2,2,0,0,0,0,0,0,0,0,0,1,0,1,37,256,59
5600,B2,2,0,4,20,0,0,0,0,0,0,0,0,0,1,0,1,10,47,20
5600,C1,19,2,3,0,0,0,0,0,0,0,0,0,0,1,0,2,5,104,5
5610,A1,1,19,0,2,0,0,0,0,0,0,0,0,0,1,0,2,6,74,21
5610,B0,0,1,19,2,0,0,0,0,0,0,0,0,0,1,0,1,4,18,7
5610,B1,2,2,2,2,0,0,0,0,0,0,0,0,0,1,0,1,37,256,59
5610,B2,1,0,4,20,0,0,0,0,0,0,0,0,0,1,0,1,10,47,20
5610,C1,19,1,4,0,0,0,0,0,0,0,0,0,0,1,0,2,5,104,5
5620,A1,1,20,0,1,0,0,0,0,0,0,0,0,0,0,1,2,6,74,21
5620,B0,0,1,19,2,0,0,0,0,0,0,0,0,0,0,1,1,4,18,7
5620,B1,2,1,1,1,0,0,0,0,0,0,0,0,0,0,1,2,37,256,59
5620,B2,3,0,3,20,0,0,0,0,0,0,0,0,0,0,1,1,10,47,20
5620,C1,20,4,2,0,0,0,0,0,0,0,0,0,0,0,1,2,5,104,5
5630,A1,3,20,0,1,0,0,0,0,0,0,0,0,0,0,1,2,6,74,21
5630,B0,0,1,18,1,0,0,0,0,0,0,0,0,0,0,1,1,4,18,7
5630,B1,2,1,2,1,0,0,0,0,0,0,0,0,0,0,1,1,37,256,59
5630,B2,1,0,1,20,0,0,0,0,0,0,0,0,0,0,1,1,10,47,20
5630,C1,20,4,1,0,0,0,0,0,0,0,0,0,0,0,1,2,5,104,5
5640,A1,1,20,0,1,0,0,0,0,0,0,0,0,0,1,0,2,6,74,21
5640,B0,0,1,19,3,0,0,0,0,0,0,0,0,0,1,0,1,4,18,7
5640,B1,2,2,1,1,0,0,0,0,0,0,0,0,0,1,0,2,37,256,59
5640,B2,1,0,1,20,0,0,0,0,0,0,0,0,0,1,0,1,10,47,20
5640,C1,19,3,1,0,0,0,0,0,0,0,0,0,0,1,0,2,5,104,5
5650,A1,1,16,0,2,0,0,0,0,0,0,0,0,0,1,0,2,6,74,21
5650,B0,0,2,20,1,0,0,0,0,0,0,0,0,0,1,0,1,4,18,7
5650,B1,5,3,1,1,0,0,0,0,0,0,0,0,0,1,0,2,37,256,59
5650,B2,1,0,2,20,0,0,0,0,0,0,0,0,0,1,0,1,10,47,20
5650,C1,19,3,1,0,0,0,0,0,0,0,0,0,0,1,0,2,5,104,5
5660,A1,1,15,0,1,0,0,0,0,0,0,0,0,0,0,1,2,6,74,21
5660,B0,0,1,20,1,0,0,0,0,0,0,0,0,0,0,1,1,4,18,7
5660,B1,2,2,1,2,0,0,0,0,0,0,0,0,0,0,1,2,37,256,59
5660,B2,2,0,2,19,0,0,0,0,0,0,0,0,0,0,1,1,10,47,20
5660,C1,20,3,2,0,0,0,0,0,0,0,0,0,0,0,1,2,5,104,5
5670,A1,2,16,0,2,0,0,0,0,0,0,0,0,0,0,1,2,6,74,21
5670,B0,0,1,18,1,0,0,0,0,0,0,0,0,0,0,1,1,4,18,7
5670,B1,2,2,2,1,0,0,0,0,0,0,0,0,0,0,1,2,37,256,59
5670,B2,3,0,1,19,0,0,0,0,0,0,0,0,0,0,1,1,10,47,20
5670,C1,20,4,1,0,0,0,0,0,0,0,0,0,0,0,1,2,5,104,5
5680,A1,2,20,0,2,0,0,0,0,0,0,0,0,0,0,1,2,6,74,21
5680,B0,0,2,16,1,0,0,0,0,0,0,0,0,0,0,1,1,4,18,7
5680,B1,2,2,1,1,0,0,0,0,0,0,0,0,0,0,1,2,37,256,59
5680,B2,5,0,2,18,0,0,0,0,0,0,0,0,0,0,1,1,10,47,20
5680,C1,20,7,2,0,0,0,0,0,0,0,0,0,0,0,1,2,5,104,5
5690,A1,1,18,0,2,0,0,0,0,0,0,0,0,0,1,0,2,6,74,21
5690,B0,0,1,17,1,0,0,0,0,0,0,0,0,0,1,0,1,4,18,7
5690,B1,4,2,1,1,0,0,0,0,0,0,0,0,0,1,0,2,37,256,59
5690,B2,3,0,1,20,0,0,0,0,0,0,0,0,0,1,0,1,10,47,20
5690,C1,19,4,3,0,0,0,0,0,0,0,0,0,0,1,0,2,5,104,5
5700,A1,1,17,0,2,0,0,0,0,0,0,0,0,0,1,0,2,6,74,21
5700,B0,0,1,20,3,0,0,0,0,0,0,0,0,0,1,0,1,4,18,7
5700,B1,1,2,1,1,0,0,0,0,0,0,0,0,0,1,0,2,37,256,59
5700,B2,1,0,1,20,0,0,0,0,0,0,0,0,0,1,0,1,10,47,20
5700,C1,19,3,2,0,0,0,0,0,0,0,0,0,0,1,0,2,5,104,5
5710,A1,1,17,0,2,0,0,0,0,0,0,0,0,0,0,1,2,6,74,21
5710,B0,0,2,20,1,0,0,0,0,0,0,0,0,0,0,1,1,4,18,7
5710,B1,1,1,1,1,0,0,0,0,0,0,0,0,0,0,1,1,37,256,59
5710,B2,2,0,1,18,0,0,0,0,0,0,0,0,0,0,1,1,10,47,20
5710,C1,19,2,1,0,0,0,0,0,0,0,0,0,0,0,1,2,5,104,5
5720,A1,3,19,0,1,0,0,0,0,0,0,0,0,0,0,1,2,6,74,21
5720,B0,0,2,19,3,0,0,0,0,0,0,0,0,0,0,1,1,4,18,7
5720,B1,1,1,2,1,0,0,0,0,0,0,0,0,0,0,1,1,37,256,59
5720,B2,5,0,3,14,0,0,0,0,0,0,0,0,0,0,1,1,10,47,20
5720,C1,20,3,1,0,0,0,0,0,0,0,0,0,0,0,1,2,5,104,5
5730,A1,2,20,0,1,0,0,0,0,0,0,0,0,0,1,0,2,6,74,21
5730,B0,0,2,18,4,0,0,0,0,0,0,0,0,0,1,0,1,4,18,7
5730,B1,1,2,1,2,0,0,0,0,0,0,0,0,0,1,0,1,37,256,59
5730,B2,4,0,1,13,0,0,0,0,0,0,0,0,0,1,0,1,10,47,20
5730,C1,20,2,1,0,0,0,0,0,0,0,0,0,0,1,0,2,5,104,5
5740,A1,1,18,0,2,0,0,0,0,0,0,0,0,0,1,0,2,6,74,21
5740,B0,0,1,18,2,0,0,0,0,0,0,0,0,0,1,0,1,4,18,7
5740,B1,2,3,1,1,0,0,0,0,0,0,0,0,0,1,0,2,37,256,59
5740,B2,2,0,3,17,0,0,0,0,0,0,0,0,0,1,0,1,10,47,20
5740,C1,18,1,2,0,0,0,0,0,0,0,0,0,0,1,0,2,5,104,5
5750,A1,1,16,0,2,0,0,0,0,1,0,0,0,0,0,1,1,7,76,21
5750,B0,0,2,19,5,0,0,0,0,0,0,0,0,0,0,1,1,4,18,7
5750,B1,2,2,1,1,0,0,0,0,0,0,0,1,0,0,1,2,37,256,59
5750,B2,1,0,3,20,0,0,0,0,0,0,0,0,0,0,1,1,10,47,20
5750,C1,15,2,2,0,0,0,0,0,0,0,0,0,0,0,1,2,5,104,5
5760,A1,3,17,0,1,0,0,0,0,0,0,0,0,0,0,1,2,7,77,22
5760,B0,0,3,20,3,0,0,0,0,0,0,0,0,0,0,1,1,4,18,7
5760,B1,2,2,1,2,0,0,0,0,0,0,0,0,0,0,1,2,37,256,59
5760,B2,2,0,2,19,0,0,0,0,0,0,0,0,0,0,1,1,10,47,20
5760,C1,16,2,1,0,0,0,0,0,0,0,0,0,0,0,1,2,5,104,5
5770,A1,3,20,0,1,0,0,0,0,0,0,0,0,0,0,1,2,7,77,22
5770,B0,0,3,19,2,0,0,0,0,0,0,0,0,0,0,1,1,4,18,7
5770,B1,2,2,2,5,0,0,0,0,0,0,0,0,0,0,1,1,37,256,59
5770,B2,2,0,1,18,0,0,0,0,0,0,0,0,0,0,1,1,10,47,20
5770,C1,19,4,2,0,0,0,0,0,0,0,0,0,0,0,1,2,5,104,5
5780,A1,1,20,0,1,0,0,0,0,0,0,0,0,0,1,0,2,7,77,22
5780,B0,0,1,19,2,0,0,0,0,0,0,0,0,0,1,0,1,4,18,7
5780,B1,2,2,1,5,0,0,0,0,0,0,0,0,0,1,0,1,37,256,59
5780,B2,1,0,2,20,0,0,0,0,0,0,0,0,0,1,0,1,10,47,20
5780,C1,20,1,2,0,0,0,0,0,0,0,0,0,0,1,0,2,5,104,5
5790,A1,2,20,0,1,0,0,0,0,0,0,0,0,0,1,0,2,7,77,22
5790,B0,0,1,19,5,0,0,0,0,0,0,0,0,0,1,0,1,4,18,7
5790,B1,3,1,1,5,0,0,0,0,0,0,0,0,0,1,0,1,37,256,59
5790,B2,1,0,2,20,0,0,0,0,0,0,0,0,0,1,0,1,10,47,20
5790,C1,19,2,2,0,0,0,0,0,0,0,0,0,0,1,0,2,5,104,5
5800,A1,1,20,0,1,0,0,0,0,0,0,0,0,0,0,1,2,7,77,22
5800,B0,0,1,20,3,0,0,0,0,0,0,0,0,0,0,1,1,4,18,7
5800,B1,2,1,1,4,0,0,0,0,0,0,0,0,0,0,1,1,37,256,59
5800,B2,1,0,2,20,0,0,0,0,0,0,0,0,0,0,1,1,10,47,20
5800,C1,19,2,3,0,0,0,0,0,0,0,0,0,0,0,1,2,5,104,5
5810,A1,1,20,0,1,0,0,0,0,0,0,0,0,0,0,1,2,7,77,22
5810,B0,0,3,20,4,0,0,0,0,0,0,0,0,0,0,1,1,4,18,7
5810,B1,2,1,2,2,0,0,0,0,0,0,0,0,0,0,1,1,37,256,59
5810,B2,1,0,1,18,0,0,0,0,0,0,0,0,0,0,1,1,10,47,20
5810,C1,19,4,3,0,0,0,0,0,0,0,0,0,0,0,1,2,5,104,5
5820,A1,2,20,0,2,0,0,0,0,0,0,0,0,0,1,0,2,7,77,22
5820,B0,0,4,19,1,0,0,0,0,0,0,0,0,0,1,0,1,4,18,7
5820,B1,2,1,1,1,0,0,0,0,0,0,0,0,0,1,0,2,38,258,60
5820,B2,2,0,2,18,0,0,0,0,0,0,0,0,0,1,0,1,10,47,20
5820,C1,20,5,4,0,0,0,0,0,0,0,0,0,0,1,0,2,5,104,5
5830,A1,1,20,0,2,0,0,0,0,0,0,0,0,0,1,0,2,7,77,22
5830,B0,0,2,19,2,0,0,0,0,0,0,0,0,0,1,0,1,4,18,7
5830,B1,2,2,2,2,0,0,0,0,0,0,0,0,0,1,0,1,38,258,60
5830,B2,2,0,3,19,0,0,0,0,0,0,0,0,0,1,0,1,10,47,20
5830,C1,20,3,4,0,0,0,0,0,0,0,0,0,0,1,0,2,5,104,5
5840,A1,1,19,0,3,0,0,0,0,0,0,0,0,0,1,0,2,7,77,22
5840,B0,0,1,20,2,0,0,0,0,0,0,0,0,0,1,0,1,4,18,7
5840,B1,2,1,2,2,0,0,0,0,0,0,0,0,0,1,0,1,38,258,60
5840,B2,2,0,3,20,0,0,0,0,0,0,0,0,0,1,0,1,10,47,20
5840,C1,19,1,5,0,0,0,0,0,0,0,0,0,0,1,0,2,5,104,5
5850,A1,1,20,0,1,0,0,0,0,0,0,0,0,0,0,1,2,7,77,22
5850,B0,0,1,20,1,0,0,0,0,0,0,0,0,0,0,1,1,4,18,7
5850,B1,3,1,1,1,0,0,0,0,0,0,0,0,0,0,1,2,38,258,60
5850,B2,3,0,2,19,0,0,0,0,0,0,0,0,0,0,1,1,10,47,20
5850,C1,20,1,2,0,0,0,0,0,0,0,0,0,0,0,1,2,5,104,5
5860,A1,2,20,0,1,0,0,0,0,0,0,0,0,0,0,1,2,7,77,22
5860,B0,0,2,18,2,0,0,0,0,0,0,0,0,0,0,1,1,4,18,7
5860,B1,3,1,2,1,0,0,0,0,0,0,0,0,0,0,1,2,38,258,60
5860,B2,3,0,1,18,0,0,0,0,0,0,0,0,0,0,1,1,10,47,20
5860,C1,20,2,1,0,0,0,0,0,0,0,0,0,0,0,1,2,5,104,5
5870,A1,3,20,0,1,0,0,0,0,0,0,0,0,0,1,0,2,7,77,22
5870,B0,0,1,18,1,0,0,0,0,0,0,0,0,0,1,0,1,4,18,7
5870,B1,2,1,1,1,0,0,0,0,0,0,0,0,0,1,0,2,39,260,61
5870,B2,4,0,1,18,0,0,0,0,0,0,0,0,0,1,0,1,10,47,20
5870,C1,20,3,2,0,0,0,0,0,0,0,0,0,0,1,0,2,5,104,5
5880,A1,1,20,0,1,0,0,0,0,0,0,0,0,0,1,0,2,7,77,22
5880,B0,0,1,19,1,0,0,0,0,0,0,0,0,0,1,0,1,4,18,7
5880,B1,4,1,1,1,0,0,0,0,0,0,0,0,0,1,0,2,39,260,61
5880,B2,2,0,3,19,0,0,0,0,0,0,0,0,0,1,0,1,10,47,20
5880,C1,20,1,2,0,0,0,0,0,0,0,0,0,0,1,0,2,5,104,5
5890,A1,1,20,0,1,0,0,0,0,0,0,0,0,1,0,1,2,7,77,22
5890,B0,0,1,20,2,0,0,0,0,0,0,0,0,0,0,1,1,4,18,7
5890,B1,2,2,1,1,0,0,0,1,0,0,0,0,0,0,1,1,41,267,62
5890,B2,2,0,4,20,0,0,0,0,0,0,0,0,0,0,1,1,10,47,20
5890,C1,19,2,2,0,0,0,0,0,0,0,0,0,0,0,1,2,5,104,5
5900,A1,2,20,0,1,0,0,0,0,0,0,0,0,0,0,1,2,7,77,22
5900,B0,0,1,20,3,0,0,0,0,0,0,0,0,0,0,1,1,4,18,7
5900,B1,2,2,3,1,0,0,0,0,0,0,0,0,0,0,1,1,41,271,63
5900,B2,2,0,1,20,0,0,0,0,0,0,0,0,0,0,1,1,10,47,20
5900,C1,19,1,2,0,0,0,0,0,0,0,0,0,0,0,1,2,5,104,5
5910,A1,3,20,0,1,0,0,0,0,0,0,0,0,0,0,1,2,7,77,22
5910,B0,0,1,19,1,0,0,0,0,0,0,0,0,0,0,1,1,4,18,7
5910,B1,2,1,1,1,0,0,0,0,0,0,0,0,0,0,1,2,41,271,63
5910,B2,4,0,1,19,0,0,0,0,0,0,0,0,0,0,1,1,10,47,20
5910,C1,20,4,1,0,0,0,0,0,0,0,0,0,0,0,1,2,5,104,5
5920,A1,3,20,0,1,0,0,0,0,0,0,0,0,0,1,0,2,7,77,22
5920,B0,0,1,19,2,0,0,0,0,0,0,0,0,0,1,0,1,4,18,7
5920,B1,4,1,2,1,0,0,0,0,0,0,0,0,0,1,0,2,41,271,63
5920,B2,1,0,1,20,0,0,0,0,0,0,0,0,0,1,0,1,10,47,20
5920,C1,20,1,1,0,0,0,0,0,0,0,0,0,0,1,0,2,5,104,5
5930,A1,1,19,0,2,0,0,0,0,0,0,0,0,0,1,0,2,7,77,22
5930,B0,0,1,19,4,0,0,0,0,0,0,0,0,0,1,0,1,4,18,7
5930,B1,3,2,2,1,0,0,0,0,0,0,0,0,0,1,0,2,41,271,63
5930,B2,1,0,2,20,0,0,0,0,0,0,0,0,0,1,0,1,10,47,20
5930,C1,18,1,1,0,0,0,0,0,0,0,0,0,0,1,0,2,5,104,5
5940,A1,1,20,0,2,0,0,0,0,0,0,0,0,0,0,1,2,7,77,22
5940,B0,0,1,19,4,0,0,0,0,0,0,0,0,0,0,1,1,4,18,7
5940,B1,2,1,1,3,0,0,0,0,0,0,0,0,0,0,1,1,41,271,63
5940,B2,3,0,2,20,0,0,0,0,0,0,0,0,0,0,1,1,10,47,20
5940,C1,19,1,1,0,0,0,0,0,0,0,0,0,0,0,1,2,5,104,5
5950,A1,4,20,0,1,0,0,0,0,0,0,0,0,0,0,1,2,7,77,22
5950,B0,0,1,20,2,0,0,0,0,0,0,0,0,0,0,1,1,4,18,7
5950,B1,2,1,2,1,0,0,0,0,0,0,0,0,0,0,1,1,41,271,63
5950,B2,4,0,1,18,0,0,0,0,0,0,0,0,0,0,1,1,10,47,20
5950,C1,19,2,1,0,0,0,0,0,0,0,0,0,0,0,1,2,5,104,5
5960,A1,1,19,0,1,0,0,0,0,0,0,0,0,0,1,0,2,8,80,23
5960,B0,0,2,19,2,0,0,0,0,0,0,0,0,0,1,0,1,4,18,7
5960,B1,1,1,2,1,0,0,0,0,0,0,0,0,0,1,0,1,41,271,63
5960,B2,3,0,2,18,0,0,0,0,0,0,0,0,0,1,0,1,10,47,20
5960,C1,20,1,4,0,0,0,0,0,0,0,0,0,0,1,0,2,5,104,5
5970,A1,2,17,0,1,0,0,0,0,0,0,0,0,0,1,0,2,8,80,23
5970,B0,0,1,19,2,0,0,0,0,0,0,0,0,0,1,0,1,4,18,7
5970,B1,2,2,2,1,0,0,0,0,0,0,0,0,0,1,0,2,41,271,63
5970,B2,1,0,1,18,0,0,0,0,0,0,0,0,0,1,0,1,10,47,20
5970,C1,19,2,4,0,0,0,0,0,0,0,0,0,0,1,0,2,5,104,5
5980,A1,1,16,0,2,0,0,0,0,0,0,0,0,0,0,1,2,8,80,23
5980,B0,0,1,19,5,0,0,0,0,0,0,0,0,0,0,1,1,4,18,7
5980,B1,2,1,2,1,0,0,0,0,0,0,0,0,0,0,1,1,41,271,63
5980,B2,1,0,3,20,0,0,0,0,0,0,0,0,0,0,1,1,10,47,20
5980,C1,16,1,4,0,0,0,0,0,0,0,0,0,0,0,1,2,5,104,5
5990,A1,1,18,0,2,0,0,0,0,0,0,0,0,0,0,1,2,8,80,23
5990,B0,0,1,19,1,0,0,0,0,0,0,0,0,0,0,1,1,4,18,7
5990,B1,2,1,1,1,0,0,0,0,0,0,0,0,0,0,1,2,41,271,63
5990,B2,2,0,1,20,0,0,0,0,0,0,0,0,0,0,1,1,10,47,20
5990,C1,17,1,2,0,0,0,0,0,0,0,0,0,0,0,1,2,5,104,5
6000,A1,3,20,0,1,0,0,0,0,0,0,0,0,0,0,1,2,8,80,23
6000,B0,0,2,20,2,0,0,0,0,0,0,0,0,0,0,1,1,4,18,7
6000,B1,2,1,2,2,0,0,0,0,0,0,0,0,0,0,1,1,41,271,63
6000,B2,3,0,2,17,0,0,0,0,0,0,0,0,0,0,1,1,10,47,20
6000,C1,19,4,3,0,0,0,0,0,0,0,0,0,0,0,1,2,5,104,5
6010,A1,4,20,0,1,0,0,0,0,0,0,0,0,0,1,0,2,8,80,23
6010,B0,0,1,20,1,0,0,0,0,0,0,0,0,0,1,0,1,4,18,7
6010,B1,1,2,2,3,0,0,0,0,0,0,0,0,0,1,0,1,41,271,63
6010,B2,1,0,3,18,0,0,0,0,0,0,0,0,0,1,0,1,10,47,20
6010,C1,20,2,4,0,0,0,0,0,0,0,0,0,0,1,0,2,5,104,5
6020,A1,3,17,0,1,0,0,0,0,0,0,0,0,0,1,0,2,8,80,23
6020,B0,0,1,20,2,0,0,0,0,0,0,0,0,0,1,0,1,4,18,7
6020,B1,2,2,2,3,0,0,0,0,0,0,0,0,0,1,0,1,41,271,63
6020,B2,1,0,2,18,0,0,0,0,0,0,0,0,0,1,0,1,10,47,20
6020,C1,19,1,5,0,0,0,0,0,0,0,0,0,0,1,0,2,5,104,5
6030,A1,2,17,0,2,0,0,0,0,0,0,0,0,0,0,1,2,8,80,23
6030,B0,0,1,20,2,0,0,0,0,0,0,0,0,0,0,1,1,4,18,7
6030,B1,2,1,1,1,0,0,0,0,0,0,0,0,0,0,1,2,41,271,63
6030,B2,2,0,1,20,0,0,0,0,0,0,0,0,0,0,1,1,10,47,20
6030,C1,19,1,6,0,0,0,0,0,0,0,0,0,0,0,1,2,5,104,5
6040,A1,2,18,0,1,0,0,0,0,0,0,0,0,0,0,1,2,8,80,23
6040,B0,0,2,20,1,0,0,0,0,0,0,0,0,0,0,1,1,4,18,7
6040,B1,2,1,3,2,0,0,0,0,0,0,0,0,0,0,1,1,41,271,63
6040,B2,2,0,1,20,0,0,0,0,0,0,0,0,0,0,1,1,10,47,20
6040,C1,19,1,5,0,0,0,0,0,0,0,0,0,0,0,1,2,5,104,5
6050,A1,3,20,0,1,0,0,0,0,0,0,0,0,0,1,0,2,8,80,23
6050,B0,0,2,19,1,0,0,0,0,0,0,0,0,0,1,0,1,4,18,7
6050,B1,4,2,4,1,0,0,0,0,0,0,0,0,0,1,0,2,41,271,63
6050,B2,2,0,2,20,0,0,0,0,0,0,0,0,0,1,0,1,10,47,20
6050,C1,20,1,5,0,0,0,0,0,0,0,0,0,0,1,0,2,5,104,5
6060,A1,1,20,0,1,0,0,0,0,0,0,0,0,0,1,0,2,8,80,23
6060,B0,0,1,19,3,0,0,0,0,0,0,0,0,0,1,0,1,4,18,7
6060,B1,2,1,4,1,0,0,0,0,0,0,0,0,0,1,0,1,41,271,63
6060,B2,1,0,4,20,0,0,0,0,0,0,0,0,0,1,0,1,10,47,20
6060,C1,18,2,5,0,0,0,0,0,0,0,0,0,0,1,0,2,5,104,5
6070,A1,4,18,0,1,0,0,0,0,0,0,0,0,0,1,0,2,8,80,23
6070,B0,0,1,20,1,0,0,0,0,0,0,0,0,0,1,0,1,4,18,7
6070,B1,1,1,4,1,0,0,0,0,0,0,0,0,0,1,0,1,41,271,63
6070,B2,2,0,3,20,0,0,0,0,0,0,0,0,0,1,0,1,10,47,20
6070,C1,17,1,5,0,0,0,0,0,0,0,0,0,0,1,0,2,5,104,5
6080,A1,1,19,0,1,0,0,0,0,0,0,0,0,0,0,1,2,8,80,23
6080,B0,0,2,20,1,0,0,0,0,0,0,0,0,0,0,1,1,4,18,7
6080,B1,1,1,1,1,0,0,0,0,0,0,0,0,0,0,1,1,42,276,64
6080,B2,3,0,2,20,0,0,0,0,0,0,0,0,0,0,1,1,10,47,20
6080,C1,19,4,2,0,0,0,0,0,0,0,0,0,0,0,1,2,5,104,5
6090,A1,3,20,0,1,0,0,0,0,0,0,0,0,0,0,1,2,8,80,23
6090,B0,0,2,19,1,0,0,0,0,0,0,0,0,0,0,1,1,4,18,7
6090,B1,1,1,1,1,0,0,0,0,0,0,0,0,0,0,1,1,42,276,64
6090,B2,5,0,1,19,0,0,0,0,0,0,0,0,0,0,1,1,10,47,20
6090,C1,20,4,1,0,0,0,0,0,0,0,0,0,0,0,1,2,5,104,5
6100,A1,2,20,0,1,0,0,0,0,0,0,0,0,0,1,0,2,8,80,23
6100,B0,0,1,19,2,0,0,0,0,0,0,0,0,0,1,0,1,4,18,7
6100,B1,2,1,3,1,0,0,0,0,0,0,0,0,0,1,0,1,43,278,65
6100,B2,2,0,1,19,0,0,0,0,0,0,0,0,0,1,0,1,10,47,20
6100,C1,20,4,1,0,0,0,0,0,0,0,0,0,0,1,0,2,5,104,5
6110,A1,1,19,0,1,0,0,0,0,0,0,0,0,0,1,0,2,8,80,23
6110,B0,0,1,19,1,0,0,0,0,0,0,0,0,0,1,0,1,4,18,7
6110,B1,1,1,3,1,0,0,0,0,0,0,0,0,0,1,0,1,43,278,65
6110,B2,1,0,3,19,0,0,0,0,0,0,0,0,0,1,0,1,10,47,20
6110,C1,20,1,5,0,0,0,0,0,0,0,0,0,0,1,0,2,5,104,5
6120,A1,2,18,0,1,0,0,0,0,0,0,0,0,0,0,1,2,8,80,23
6120,B0,0,1,20,2,0,0,0,0,0,0,0,0,0,0,1,1,4,18,7
6120,B1,1,1,2,1,0,0,0,0,1,0,0,0,0,0,1,1,44,284,65
6120,B2,2,0,3,20,0,0,0,0,0,0,0,0,0,0,1,1,10,47,20
6120,C1,19,2,5,0,0,0,0,0,0,0,0,1,0,0,1,2,5,104,5
6130,A1,1,19,0,1,0,0,0,0,0,0,0,0,0,0,1,2,8,80,23
6130,B0,0,1,21,1,0,0,0,0,0,0,0,0,0,0,1,1,4,18,7
6130,B1,2,1,2,1,0,0,0,0,0,0,0,0,0,0,1,1,44,290,66
6130,B2,1,0,1,19,0,0,0,0,0,0,0,0,0,0,1,1,10,47,20
6130,C1,19,1,1,0,0,0,0,0,0,0,0,0,0,0,1,2,5,104,5
6140,A1,3,20,0,1,0,0,0,0,0,0,0,0,0,0,1,2,8,80,23
6140,B0,0,1,20,2,0,0,0,0,0,0,0,0,0,0,1,1,4,18,7
6140,B1,2,1,2,1,0,0,0,0,0,0,0,0,0,0,1,1,44,290,66
6140,B2,2,0,1,17,0,0,0,0,0,0,0,0,0,0,1,1,10,47,20
6140,C1,20,3,1,0,0,0,0,0,0,0,0,0,0,0,1,2,5,104,5
6150,A1,1,20,0,1,0,0,0,0,0,0,0,0,0,1,0,2,8,80,23
6150,B0,0,2,20,3,0,0,0,0,0,0,0,0,0,1,0,1,4,18,7
6150,B1,1,1,2,2,0,0,0,0,0,0,0,0,0,1,0,1,44,290,66
6150,B2,1,0,1,18,0,0,0,0,0,0,0,0,0,1,0,1,10,47,20
6150,C1,20,1,3,0,0,0,0,0,0,0,0,0,0,1,0,2,5,104,5
6160,A1,1,18,0,1,0,0,0,0,0,0,0,0,0,1,0,2,8,80,23
6160,B0,0,1,20,3,0,0,0,0,0,0,0,0,0,1,0,1,4,18,7
6160,B1,1,2,2,2,0,0,0,0,0,0,0,0,0,1,0,1,44,290,66
6160,B2,1,0,2,19,0,0,0,0,0,0,0,0,0,1,0,1,10,47,20
6160,C1,19,1,3,0,0,0,0,0,0,0,0,0,0,1,0,2,5,104,5
6170,A1,1,18,0,1,0,0,0,0,0,0,0,0,0,0,1,2,8,80,23
6170,B0,0,2,20,2,0,0,0,0,0,0,0,0,0,0,1,1,4,18,7
6170,B1,2,2,2,1,0,0,0,0,0,0,0,0,0,0,1,2,44,290,66
6170,B2,3,0,2,20,0,0,0,0,0,0,0,0,0,0,1,1,10,47,20
6170,C1,20,3,2,0,0,0,0,0,0,0,0,0,0,0,1,2,5,104,5
6180,A1,2,18,0,1,0,0,0,0,0,0,0,0,0,0,1,2,8,80,23
6180,B0,0,2,20,1,0,0,0,0,0,0,0,0,0,0,1,1,4,18,7
6180,B1,2,2,3,2,0,0,0,0,0,0,0,0,0,0,1,1,44,290,66
6180,B2,4,0,2,20,0,0,0,0,0,0,0,0,0,0,1,1,10,47,20
6180,C1,20,2,1,0,0,0,0,0,0,0,0,0,0,0,1,2,5,104,5
6190,A1,2,20,0,1,0,0,0,0,0,0,0,0,0,1,0,2,8,80,23
6190,B0,0,1,20,2,0,0,0,0,0,0,0,0,0,1,0,1,4,18,7
6190,B1,1,1,2,1,0,0,0,0,0,0,0,0,0,1,0,1,45,297,68
6190,B2,2,0,1,20,0,0,0,0,0,0,0,0,0,1,0,1,10,47,20
6190,C1,20,2,1,0,0,0,0,0,0,0,0,0,0,1,0,2,5,104,5
6200,A1,2,19,0,1,0,0,0,0,0,0,0,0,0,1,0,2,8,80,23
6200,B0,0,1,20,3,0,0,0,0,0,0,0,0,0,1,0,1,4,18,7
6200,B1,3,5,2,1,0,0,0,0,0,0,0,0,0,1,0,2,45,297,68
6200,B2,2,0,1,20,0,0,0,0,0,0,0,0,0,1,0,1,10,47,20
6200,C1,20,1,2,0,0,0,0,0,0,0,0,0,0,1,0,2,5,104,5
6210,A1,2,16,0,1,0,0,0,0,0,0,0,0,0,0,1,2,8,80,23
6210,B0,0,2,20,5,0,0,0,0,0,0,0,0,0,0,1,1,4,18,7
6210,B1,3,1,2,2,0,0,0,0,0,0,0,0,0,0,1,1,45,297,68
6210,B2,3,0,1,20,0,0,0,0,0,0,0,0,0,0,1,1,10,47,20
6210,C1,18,2,3,0,0,0,0,0,0,0,0,0,0,0,1,2,5,104,5
6220,A1,1,17,0,2,0,0,0,0,0,0,0,0,0,0,1,2,8,80,23
6220,B0,0,7,20,2,0,0,0,0,0,0,0,0,0,0,1,1,4,18,7
6220,B1,3,2,2,1,0,0,0,0,0,0,0,0,0,0,1,2,45,297,68
6220,B2,3,0,1,19,0,0,0,0,0,0,0,0,0,0,1,1,10,47,20
6220,C1,19,2,1,0,0,0,0,0,0,0,0,0,0,0,1,2,5,104,5
6230,A1,3,19,0,4,0,0,0,0,0,0,0,0,0,0,1,2,8,80,23
6230,B0,0,7,20,1,0,0,0,0,0,0,0,0,0,0,1,1,4,18,7
6230,B1,3,2,4,1,0,0,0,0,0,0,0,0,0,0,1,1,45,297,68
6230,B2,3,0,1,15,0,0,0,0,0,0,0,0,0,0,1,1,10,47,20
6230,C1,20,3,1,0,0,0,0,0,0,0,0,0,0,0,1,2,5,104,5
6240,A1,2,20,0,5,0,0,0,0,0,0,0,0,0,1,0,2,8,80,23
6240,B0,0,4,20,2,0,0,0,0,0,0,0,0,0,1,0,1,4,18,7
6240,B1,3,1,4,2,0,0,0,0,0,0,0,0,0,1,0,1,45,297,68
6240,B2,1,0,2,16,0,0,0,0,0,0,0,0,0,1,0,1,10,47,20
6240,C1,20,1,1,0,0,0,0,0,0,0,0,0,0,1,0,2,5,104,5
6250,A1,1,20,0,6,0,0,0,0,0,0,0,0,0,1,0,2,8,80,23
6250,B0,0,1,20,3,0,0,0,0,0,0,0,0,0,1,0,1,4,18,7
6250,B1,1,4,4,1,0,0,0,0,0,0,0,0,0,1,0,1,45,297,68
6250,B2,1,0,4,19,0,0,0,0,0,0,0,0,0,1,0,1,10,47,20
6250,C1,19,1,2,0,0,0,0,0,0,0,0,0,0,1,0,2,5,104,5
6260,A1,1,20,0,7,0,0,0,0,0,0,0,0,0,0,1,2,8,80,23
6260,B0,0,1,20,2,0,0,0,0,0,0,0,0,0,0,1,1,4,18,7
6260,B1,2,4,5,2,0,0,0,0,0,0,0,0,0,0,1,1,45,297,68
6260,B2,2,0,2,20,0,0,0,0,0,0,0,0,0,0,1,1,10,47,20
6260,C1,19,1,1,0,0,0,0,0,0,0,0,0,0,0,1,2,5,104,5
6270,A1,1,20,0,10,0,0,0,0,0,0,0,0,0,0,1,2,8,80,23
6270,B0,0,2,18,1,0,0,0,0,0,0,0,0,0,0,1,1,4,18,7
6270,B1,2,4,1,1,0,0,0,0,0,0,0,0,0,0,1,2,45,297,68
6270,B2,1,0,2,19,0,0,0,0,0,0,0,0,0,0,1,1,10,47,20
6270,C1,19,1,1,0,0,0,0,0,0,0,0,0,0,0,1,2,5,104,5
6280,A1,1,20,0,10,0,0,0,0,0,0,0,0,0,1,0,2,8,80,23
6280,B0,0,2,17,1,0,0,0,0,0,0,1,0,0,1,0,1,4,18,7
6280,B1,2,5,2,2,0,2,0,0,0,0,0,0,0,1,0,2,46,301,68
6280,B2,2,0,1,17,0,0,0,0,0,0,0,0,0,1,0,1,10,47,20
6280,C1,20,4,1,0,0,0,0,0,0,0,0,0,0,1,0,2,5,104,5
6290,A1,2,19,0,9,0,0,0,0,0,0,0,0,0,1,0,2,8,80,23
6290,B0,0,1,18,2,0,0,0,0,0,0,0,0,0,1,0,1,4,18,7
6290,B1,1,1,1,2,0,0,0,0,0,0,0,0,0,1,0,1,46,309,70
6290,B2,3,0,1,17,0,0,0,0,0,0,0,0,0,1,0,1,10,47,20
6290,C1,19,2,1,0,0,0,0,0,0,0,0,0,0,1,0,2,5,104,5
6300,A1,2,18,0,9,0,0,0,0,0,0,0,0,0,1,0,2,8,80,23
6300,B0,0,1,20,3,0,0,0,0,0,0,0,0,0,1,0,1,4,18,7
6300,B1,2,2,1,2,0,0,0,0,0,0,0,0,0,1,0,2,46,309,70
6300,B2,4,0,2,19,0,0,0,0,0,0,0,0,0,1,0,1,10,47,20
6300,C1,17,2,2,0,0,0,0,0,0,0,0,0,0,1,0,2,5,104,5
6310,A1,2,19,0,7,0,0,0,0,0,0,0,0,0,0,1,2,8,80,23
6310,B0,0,4,20,1,0,0,0,0,0,0,0,0,0,0,1,1,4,18,7
6310,B1,2,2,1,1,0,0,0,0,0,0,0,0,0,0,1,2,47,316,72
6310,B2,4,0,1,19,0,0,0,0,0,0,0,0,0,0,1,1,10,47,20
6310,C1,18,3,2,0,0,0,0,0,0,0,0,0,0,0,1,2,5,104,5
6320,A1,5,20,0,6,0,0,0,0,0,0,0,0,0,0,1,2,8,80,23
6320,B0,0,4,18,1,0,0,0,0,0,0,0,0,0,0,1,1,4,18,7
6320,B1,2,2,3,4,0,0,0,0,0,0,0,0,0,0,1,1,47,316,72
6320,B2,5,0,1,19,0,0,0,0,0,0,0,0,0,0,1,1,10,47,20
6320,C1,19,4,1,0,0,0,0,0,0,0,0,0,0,0,1,2,5,104,5
6330,A1,3,20,0,6,0,0,0,0,0,0,0,0,0,1,0,2,8,80,23
6330,B0,0,3,19,1,0,0,0,0,0,0,0,0,0,1,0,1,4,18,7
6330,B1,2,2,3,1,0,0,0,0,0,0,0,0,0,1,0,1,47,316,72
6330,B2,3,0,3,19,0,0,0,0,0,0,0,0,0,1,0,1,10,47,20
6330,C1,20,2,1,0,0,0,0,0,0,0,0,0,0,1,0,2,5,104,5
6340,A1,1,19,0,6,0,0,0,0,0,0,0,0,0,1,0,2,8,80,23
6340,B0,0,1,19,2,0,0,0,0,0,0,0,0,0,1,0,1,4,18,7
6340,B1,2,1,3,1,0,0,0,0,0,0,0,0,0,1,0,1,47,316,72
6340,B2,1,0,2,20,0,0,0,0,0,0,0,0,0,1,0,1,10,47,20
6340,C1,20,3,1,0,0,0,0,0,0,0,0,0,0,1,0,2,5,104,5
6350,A1,1,18,0,6,0,0,0,0,0,0,0,0,0,0,1,2,8,80,23
6350,B0,0,3,20,1,0,0,0,0,0,0,0,0,0,0,1,1,4,18,7
6350,B1,2,1,3,3,0,0,0,0,0,0,0,0,0,0,1,1,47,316,72
6350,B2,1,0,2,20,0,0,0,0,0,0,0,0,0,0,1,1,10,47,20
6350,C1,20,1,1,0,0,0,0,0,0,0,0,0,0,0,1,2,5,104,5
6360,A1,3,18,0,7,0,0,0,0,0,0,0,0,0,0,1,2,8,80,23
6360,B0,0,1,20,1,0,0,0,0,0,0,0,0,0,0,1,1,4,18,7
6360,B1,3,1,1,1,0,0,0,0,0,0,0,0,0,0,1,2,47,316,72
6360,B2,1,0,3,20,0,0,0,0,0,0,0,0,0,0,1,1,10,47,20
6360,C1,20,3,1,0,0,0,0,0,0,0,0,0,0,0,1,2,5,104,5
6370,A1,4,20,0,9,0,0,0,0,0,0,0,0,0,0,1,2,8,80,23
6370,B0,0,2,18,1,0,0,0,0,0,0,0,0,0,0,1,1,4,18,7
6370,B1,3,2,2,1,0,0,0,0,0,0,0,0,0,0,1,2,47,316,72
6370,B2,2,0,2,19,0,0,0,0,0,0,0,0,0,0,1,1,10,47,20
6370,C1,20,3,1,0,0,0,0,0,0,0,0,0,0,0,1,2,5,104,5
6380,A1,1,20,0,9,0,0,0,0,0,0,0,0,0,1,0,2,8,80,23
6380,B0,0,1,19,2,0,0,0,0,0,0,0,0,0,1,0,1,4,18,7
6380,B1,1,1,2,1,0,0,0,0,0,0,0,0,0,1,0,1,48,320,73
6380,B2,4,0,1,20,0,0,0,0,0,0,0,0,0,1,0,1,10,47,20
6380,C1,20,4,1,0,0,0,0,0,0,0,0,0,0,1,0,2,5,104,5
6390,A1,1,18,0,9,0,0,0,0,0,0,0,0,0,1,0,2,8,80,23
6390,B0,0,1,20,6,0,0,0,0,0,0,0,0,0,1,0,1,4,18,7
6390,B1,2,1,2,1,0,0,0,0,0,0,0,0,0,1,0,1,48,320,73
6390,B2,3,0,3,20,0,0,0,0,0,0,0,0,0,1,0,1,10,47,20
6390,C1,19,1,1,0,0,0,0,0,0,0,0,0,0,1,0,2,5,104,5
6400,A1,2,18,0,9,0,0,0,0,0,0,0,0,0,0,1,2,8,80,23
6400,B0,0,1,20,4,0,0,0,0,0,0,0,0,0,0,1,1,4,18,7
6400,B1,1,1,2,2,0,0,0,0,0,0,0,0,0,0,1,1,48,320,73
6400,B2,4,0,4,20,0,0,0,0,0,0,0,0,0,0,1,1,10,47,20
6400,C1,19,1,1,0,0,0,0,0,0,0,0,0,0,0,1,2,5,104,5
6410,A1,2,18,0,9,0,0,0,0,0,0,0,0,0,0,1,2,8,80,23
6410,B0,0,1,20,3,0,0,0,0,0,0,0,0,0,0,1,1,4,18,7
6410,B1,1,1,2,3,0,0,0,0,0,0,0,0,0,0,1,1,48,320,73
6410,B2,6,0,1,20,0,0,0,0,0,0,0,0,0,0,1,1,10,47,20
6410,C1,20,2,1,0,0,0,0,0,0,0,0,0,0,0,1,2,5,104,5
6420,A1,2,20,0,9,0,0,0,0,0,0,0,0,0,1,0,2,8,80,23
6420,B0,0,1,19,3,0,0,0,0,0,0,0,0,0,1,0,1,4,18,7
6420,B1,1,1,1,2,0,0,0,0,0,0,0,0,0,1,0,1,48,320,73
6420,B2,5,0,1,20,0,0,0,0,0,0,0,0,0,1,0,1,10,47,20
6420,C1,20,2,1,0,0,0,0,0,0,0,0,0,0,1,0,2,5,104,5
6430,A1,3,20,0,10,0,0,0,0,0,0,0,0,0,1,0,2,8,80,23
6430,B0,0,1,19,1,0,0,0,0,0,0,0,0,0,1,0,1,4,18,7
6430,B1,1,3,1,2,0,0,0,0,0,0,0,0,0,1,0,2,48,320,73
6430,B2,3,0,3,20,0,0,0,0,0,0,0,0,0,1,0,1,10,47,20
6430,C1,19,1,1,0,0,0,0,0,0,0,0,0,0,1,0,2,5,104,5
6440,A1,4,19,0,10,0,0,0,0,0,0,0,0,0,0,1,2,8,80,23
6440,B0,0,1,19,2,0,0,0,0,0,0,0,0,0,0,1,1,4,18,7
6440,B1,1,2,1,2,0,0,0,0,0,0,0,0,0,0,1,1,48,320,73
6440,B2,5,0,4,20,0,0,0,0,0,0,0,0,0,0,1,1,10,47,20
6440,C1,16,1,1,0,0,0,0,0,0,0,0,0,0,0,1,2,5,104,5
6450,A1,3,20,0,7,0,0,0,0,0,0,0,0,0,0,1,2,8,80,23
6450,B0,0,2,18,2,0,0,0,0,0,0,0,0,0,0,1,1,4,18,7
6450,B1,1,2,2,1,0,0,0,0,0,0,0,0,0,0,1,1,48,320,73
6450,B2,6,0,1,20,0,0,0,0,0,0,0,0,0,0,1,1,10,47,20
6450,C1,17,1,1,0,0,0,0,0,0,0,0,0,0,0,1,2,5,104,5
6460,A1,4,20,0,4,0,0,0,0,0,0,0,0,0,0,1,2,8,80,23
6460,B0,0,2,14,1,0,0,0,0,0,0,0,0,0,0,1,1,4,18,7
6460,B1,1,2,1,2,0,0,0,0,0,0,0,0,0,0,1,1,48,320,73
6460,B2,6,0,1,17,0,0,0,0,0,0,0,0,0,0,1,1,10,47,20
6460,C1,19,2,1,0,0,0,0,0,0,0,0,0,0,0,1,2,5,104,5
6470,A1,3,20,0,4,0,0,0,0,0,0,0,0,0,1,0,2,8,80,23
6470,B0,0,1,16,2,0,0,0,0,0,0,0,0,0,1,0,1,4,18,7
6470,B1,2,3,1,2,0,0,0,0,0,0,0,0,0,1,0,2,48,320,73
6470,B2,8,0,1,18,0,0,0,0,0,0,0,0,0,1,0,1,10,47,20
6470,C1,20,3,2,0,0,0,0,0,0,0,0,0,0,1,0,2,5,104,5
6480,A1,1,20,0,4,0,0,0,0,0,0,0,0,0,1,0,2,8,80,23
6480,B0,0,1,18,3,0,0,0,0,0,0,0,0,0,1,0,1,4,18,7
6480,B1,3,2,1,2,0,0,0,0,0,0,0,0,0,1,0,2,48,320,73
6480,B2,8,0,2,19,0,0,0,0,0,0,0,0,0,1,0,1,10,47,20
6480,C1,20,2,2,0,0,0,0,0,0,0,0,0,0,1,0,2,5,104,5
6490,A1,2,20,0,3,0,0,0,0,0,0,0,0,0,0,1,2,8,80,23
6490,B0,0,2,20,2,0,0,0,0,0,0,0,0,0,0,1,1,4,18,7
6490,B1,3,2,1,2,0,0,0,0,0,0,0,0,0,0,1,2,49,323,74
6490,B2,9,0,2,20,0,0,0,0,0,0,0,0,0,0,1,1,10,47,20
6490,C1,20,2,1,0,0,0,0,0,0,0,0,0,0,0,1,2,5,104,5
6500,A1,3,20,0,1,0,0,0,0,0,0,0,0,0,0,1,2,8,80,23
6500,B0,0,2,19,1,0,0,0,0,0,0,0,0,0,0,1,1,4,18,7
6500,B1,3,2,1,2,0,0,0,0,0,0,0,0,0,0,1,2,49,323,74
6500,B2,10,0,1,19,0,0,0,0,0,0,0,0,0,0,1,1,10,47,20
6500,C1,20,4,1,0,0,0,0,0,0,0,0,0,0,0,1,2,5,104,5
6510,A1,2,20,0,1,0,0,0,0,0,0,0,0,0,1,0,2,8,80,23
6510,B0,0,4,19,1,0,0,0,0,0,0,0,0,0,1,0,1,4,18,7
6510,B1,2,2,3,4,0,0,0,0,0,0,0,0,0,1,0,1,49,323,74
6510,B2,11,0,1,17,0,0,0,0,0,0,0,0,0,1,0,1,10,47,20
6510,C1,20,4,1,0,0,0,0,0,0,0,0,0,0,1,0,2,5,104,5
6520,A1,3,19,0,1,0,0,0,0,0,0,0,0,0,1,0,2,8,80,23
6520,B0,0,3,19,4,0,0,0,0,0,0,0,0,0,1,0,1,4,18,7
6520,B1,1,1,3,4,0,0,0,0,0,0,0,0,0,1,0,1,49,323,74
6520,B2,10,0,1,18,0,0,0,0,0,0,0,0,0,1,0,1,10,47,20
6520,C1,20,2,2,0,0,0,0,0,0,0,0,0,0,1,0,2,5,104,5
6530,A1,1,18,0,1,0,0,0,0,0,0,0,0,0,1,0,2,8,80,23
6530,B0,0,3,20,3,0,0,0,0,0,0,0,0,0,1,0,1,4,18,7
6530,B1,2,2,3,4,0,0,0,0,0,0,0,0,0,1,0,1,49,323,74
6530,B2,8,0,1,20,0,0,0,0,0,0,0,0,0,1,0,1,10,47,20
6530,C1,17,1,2,0,0,0,0,0,0,0,0,0,0,1,0,2,5,104,5
6540,A1,1,19,0,2,0,0,0,0,0,0,0,0,0,0,1,2,8,80,23
6540,B0,0,5,20,2,0,0,0,0,0,0,0,0,0,0,1,1,4,18,7
6540,B1,1,2,1,1,0,0,0,0,0,0,0,0,0,0,1,2,51,343,81
6540,B2,10,0,2,19,0,0,0,0,0,0,0,0,0,0,1,1,10,47,20
6540,C1,18,1,1,0,0,0,0,0,0,0,0,0,0,0,1,2,5,104,5
6550,A1,3,20,0,1,0,0,0,0,0,0,0,0,0,0,1,2,8,80,23
6550,B0,0,5,20,1,0,0,0,0,0,0,0,0,0,0,1,1,4,18,7
6550,B1,1,2,2,1,0,0,0,0,0,0,0,0,0,0,1,1,51,343,81
6550,B2,10,0,3,19,0,0,0,0,0,0,0,0,0,0,1,1,10,47,20
6550,C1,19,2,1,0,0,0,0,0,0,0,0,0,0,0,1,2,5,104,5
6560,A1,3,20,0,2,0,0,0,0,0,0,0,0,0,1,0,2,8,80,23
6560,B0,0,3,20,1,0,0,0,0,0,0,0,0,0,1,0,1,4,18,7
6560,B1,1,2,2,1,0,0,0,0,0,0,0,0,0,1,0,1,51,343,81
6560,B2,12,0,1,20,0,0,0,0,0,0,0,0,0,1,0,1,10,47,20
6560,C1,20,1,1,0,0,0,0,0,0,0,0,0,0,1,0,2,5,104,5
6570,A1,2,20,0,2,0,0,0,0,0,0,0,0,0,1,0,2,8,80,23
6570,B0,0,1,20,4,0,0,0,0,0,0,0,0,0,1,0,1,4,18,7
6570,B1,1,1,1,1,0,0,0,0,0,0,0,0,0,1,0,1,51,343,81
6570,B2,11,0,4,20,0,0,0,0,0,0,0,0,0,1,0,1,10,47,20
6570,C1,18,3,1,0,0,0,0,0,0,0,0,0,0,1,0,2,5,104,5
6580,A1,2,19,0,1,0,0,0,0,0,0,0,0,0,0,1,2,8,80,23
6580,B0,0,2,20,4,0,0,0,0,0,0,0,0,0,0,1,1,4,18,7
6580,B1,1,1,1,3,0,0,0,0,0,0,0,0,0,0,1,1,51,343,81
6580,B2,12,0,4,20,0,0,0,0,0,0,0,0,0,0,1,1,10,47,20
6580,C1,16,3,1,0,0,0,0,0,0,0,0,0,0,0,1,2,5,104,5
6590,A1,3,19,0,1,0,0,0,0,0,0,0,0,0,0,1,2,8,80,23
6590,B0,0,3,20,1,0,0,0,0,0,0,0,0,0,0,1,1,4,18,7
6590,B1,1,1,1,2,0,0,0,0,0,0,0,0,0,0,1,1,51,343,81
6590,B2,11,0,2,20,0,0,0,0,0,0,0,0,0,0,1,1,10,47,20
6590,C1,16,2,1,0,0,0,0,0,0,0,0,0,0,0,1,2,5,104,5
6600,A1,5,20,0,1,0,0,0,0,0,0,0,0,0,0,1,2,8,80,23
6600,B0,0,3,18,1,0,0,0,0,0,0,0,0,0,0,1,1,4,18,7
6600,B1,1,2,3,2,0,0,0,0,0,0,0,0,0,0,1,1,51,343,81
6600,B2,11,0,2,20,0,0,0,0,0,0,0,0,0,0,1,1,10,47,20
6600,C1,19,3,1,0,0,0,0,0,0,0,0,0,0,0,1,2,5,104,5
6610,A1,3,20,0,1,0,0,0,0,0,0,0,0,0,1,0,2,8,80,23
6610,B0,0,1,19,2,0,0,0,0,0,0,0,0,0,1,0,1,4,18,7
6610,B1,3,4,2,3,0,0,0,0,0,0,0,0,0,1,0,2,52,347,82
6610,B2,10,0,1,20,0,0,0,0,0,0,0,0,0,1,0,1,10,47,20
6610,C1,20,3,1,0,0,0,0,0,0,0,0,0,0,1,0,2,5,104,5
6620,A1,1,19,0,1,0,0,0,0,0,0,0,0,0,1,0,2,8,80,23
6620,B0,0,1,19,6,0,0,0,0,0,0,0,0,0,1,0,1,4,18,7
6620,B1,2,1,2,3,0,0,0,0,0,0,0,0,0,1,0,1,52,347,82
6620,B2,10,0,3,20,0,0,0,0,0,0,0,0,0,1,0,1,10,47,20
6620,C1,18,1,2,0,0,0,0,0,0,0,0,0,0,1,0,2,5,104,5
6630,A1,1,19,0,1,0,0,0,0,0,0,0,0,0,0,1,2,8,80,23
6630,B0,0,1,20,2,0,0,0,0,0,0,0,0,0,0,1,1,4,18,7
6630,B1,2,1,3,4,0,0,0,0,0,0,0,0,0,0,1,1,52,347,82
6630,B2,9,0,3,20,0,0,0,0,0,0,0,0,0,0,1,1,10,47,20
6630,C1,18,2,1,0,0,0,0,0,0,0,0,0,0,0,1,2,5,104,5
6640,A1,3,19,0,1,0,0,0,0,0,0,0,0,0,0,1,2,8,80,23
6640,B0,0,1,17,1,0,0,0,0,0,0,0,0,0,0,1,1,4,18,7
6640,B1,2,1,3,4,0,0,0,0,0,0,0,0,0,0,1,1,52,347,82
6640,B2,10,0,3,18,0,0,0,0,0,0,0,0,0,0,1,1,10,47,20
6640,C1,19,3,1,0,0,0,0,0,0,0,0,0,0,0,1,2,5,104,5
6650,A1,2,20,0,1,0,0,0,0,0,0,0,0,0,1,0,2,8,80,23
6650,B0,0,1,16,1,0,0,0,0,0,0,0,0,0,1,0,1,4,18,7
6650,B1,1,2,2,2,0,0,0,0,0,0,0,0,0,1,0,1,52,347,82
6650,B2,11,0,3,17,0,0,0,0,0,0,0,0,0,1,0,1,10,47,20
6650,C1,20,3,2,0,0,0,0,0,0,0,0,0,0,1,0,2,5,104,5
6660,A1,2,19,0,3,0,0,0,0,0,0,0,0,0,1,0,2,8,80,23
6660,B0,0,1,17,2,0,0,0,0,0,0,0,0,0,1,0,1,4,18,7
6660,B1,3,1,2,2,0,0,0,0,0,0,0,0,0,1,0,1,52,347,82
6660,B2,11,0,2,18,0,0,0,0,0,0,0,0,0,1,0,1,10,47,20
6660,C1,20,1,3,0,0,0,0,0,0,0,0,0,0,1,0,2,5,104,5
6670,A1,2,17,0,4,0,0,0,0,0,0,0,0,0,0,1,2,8,80,23
6670,B0,0,2,20,2,0,0,0,0,0,0,0,0,0,0,1,1,4,18,7
6670,B1,2,1,2,2,0,0,0,0,0,0,0,0,0,0,1,1,52,347,82
6670,B2,11,0,3,20,0,0,0,0,0,0,0,0,0,0,1,1,10,47,20
6670,C1,18,1,4,0,0,0,0,0,0,0,0,0,0,0,1,2,5,104,5
6680,A1,2,18,0,1,0,0,0,0,0,0,0,0,0,0,1,2,8,80,23
6680,B0,0,2,19,1,0,0,0,0,0,0,0,0,0,0,1,1,4,18,7
6680,B1,3,1,1,1,0,0,0,0,0,0,0,0,0,0,1,2,52,347,82
6680,B2,11,0,2,20,0,0,0,0,0,0,0,0,0,0,1,1,10,47,20
6680,C1,19,2,2,0,0,0,0,0,0,0,0,0,0,0,1,2,5,104,5
6690,A1,3,19,0,2,0,0,0,0,0,0,0,0,0,0,1,2,8,80,23
6690,B0,0,3,17,1,0,0,0,0,0,0,0,0,0,0,1,1,4,18,7
6690,B1,3,1,2,4,0,0,0,0,0,0,0,0,0,0,1,1,52,347,82
6690,B2,11,0,1,19,0,0,0,0,0,0,0,0,0,0,1,1,10,47,20
6690,C1,20,3,2,0,0,0,0,0,0,0,0,0,0,0,1,2,5,104,5
6700,A1,1,20,0,2,0,0,0,0,0,0,0,0,0,1,0,2,8,80,23
6700,B0,0,1,18,1,0,0,0,0,0,0,0,0,0,1,0,1,4,18,7
6700,B1,1,2,2,2,0,0,0,0,0,0,0,0,0,1,0,1,52,347,82
6700,B2,9,0,1,20,0,0,0,0,0,0,0,0,0,1,0,1,11,58,31
6700,C1,20,1,2,0,0,0,0,0,0,0,0,0,0,1,0,2,5,104,5
6710,A1,1,16,0,3,0,0,0,0,0,0,0,0,0,1,0,2,8,80,23
6710,B0,0,1,19,1,0,0,0,0,0,0,0,0,0,1,0,1,4,18,7
6710,B1,1,1,2,2,0,0,0,0,0,0,0,0,0,1,0,1,52,347,82
6710,B2,8,0,2,20,0,0,0,0,0,0,0,0,0,1,0,1,11,58,31
6710,C1,19,3,2,0,0,0,0,0,0,0,0,0,0,1,0,2,5,104,5
6720,A1,2,16,0,2,0,0,0,0,0,0,0,0,0,0,1,2,8,80,23
6720,B0,0,1,20,1,0,0,0,0,0,0,0,0,0,0,1,1,4,18,7
6720,B1,2,1,1,1,0,0,0,0,0,0,0,0,0,0,1,2,52,347,82
6720,B2,10,0,1,20,0,0,0,0,0,0,0,0,0,0,1,1,11,58,31
6720,C1,19,4,2,0,0,0,0,0,0,0,0,0,0,0,1,2,5,104,5
6730,A1,1,17,0,1,0,0,0,0,0,0,0,0,0,0,1,2,8,80,23
6730,B0,0,1,20,2,0,0,0,0,0,0,0,0,0,0,1,1,4,18,7
6730,B1,2,1,2,4,0,0,0,0,0,0,0,0,0,0,1,1,52,347,82
6730,B2,10,0,1,18,0,0,0,0,0,0,0,0,0,0,1,1,11,58,31
6730,C1,19,3,1,0,0,0,0,0,0,0,0,0,0,0,1,2,5,104,5
6740,A1,1,20,0,2,0,0,0,0,0,0,0,0,0,1,0,2,8,80,23
6740,B0,0,2,20,2,0,0,0,0,0,0,0,0,0,1,0,1,4,18,7
6740,B1,2,1,3,3,0,0,0,0,0,0,0,0,0,1,0,1,52,347,82
6740,B2,11,0,2,17,0,0,0,0,0,0,0,0,0,1,0,1,11,58,31
6740,C1,19,3,1,0,0,0,0,0,0,0,0,0,0,1,0,2,5,104,5
6750,A1,3,18,0,2,0,0,0,0,0,0,0,0,0,1,0,2,8,80,23
6750,B0,0,1,20,2,0,0,0,0,0,0,0,0,0,1,0,1,4,18,7
6750,B1,1,1,3,3,0,0,0,0,0,0,0,0,0,1,0,1,52,347,82
6750,B2,10,0,2,18,0,0,0,0,0,0,0,0,0,1,0,1,11,58,31
6750,C1,19,1,1,0,0,0,0,0,0,0,0,0,0,1,0,2,5,104,5
6760,A1,2,16,0,2,0,0,0,0,0,0,0,0,0,1,0,2,8,80,23
6760,B0,0,1,20,4,0,0,0,0,0,0,0,0,0,1,0,1,4,18,7
6760,B1,2,2,3,3,0,0,0,0,0,0,0,0,0,1,0,1,52,347,82
6760,B2,8,0,4,20,0,0,0,0,0,0,0,0,0,1,0,1,11,58,31
6760,C1,18,1,1,0,0,0,0,0,0,0,0,0,0,1,0,2,5,104,5
6770,A1,2,17,0,1,0,0,0,0,0,0,0,0,0,0,1,2,8,80,23
6770,B0,0,2,20,1,0,0,0,0,0,0,0,0,0,0,1,1,4,18,7
6770,B1,1,2,3,2,0,0,0,0,0,0,0,0,0,0,1,1,52,347,82
6770,B2,9,0,2,20,0,0,0,0,0,0,0,0,0,0,1,1,11,58,31
6770,C1,19,1,1,0,0,0,0,0,0,0,0,0,0,0,1,2,5,104,5
6780,A1,5,20,0,2,0,0,0,0,0,0,0,0,0,0,1,2,8,80,23
6780,B0,0,2,20,3,0,0,0,0,0,0,0,0,0,0,1,1,4,18,7
6780,B1,1,2,2,3,0,0,0,0,0,0,0,0,0,0,1,1,52,347,82
6780,B2,8,0,3,19,0,0,0,0,0,0,0,0,0,0,1,1,11,58,31
6780,C1,19,1,1,0,0,0,0,0,0,0,0,0,0,0,1,2,5,104,5
6790,A1,3,20,0,1,0,0,0,0,0,0,0,0,0,1,0,2,8,80,23
6790,B0,0,3,20,1,0,0,0,0,0,0,0,0,0,1,0,1,4,18,7
6790,B1,1,2,1,2,0,0,0,0,0,0,0,0,0,1,0,1,52,347,82
6790,B2,7,0,1,19,0,0,0,0,0,0,0,0,0,1,0,1,11,58,31
6790,C1,20,3,1,0,0,0,0,0,0,0,0,0,0,1,0,2,5,104,5
6800,A1,4,20,0,2,0,0,0,0,0,0,0,0,0,1,0,2,8,80,23
6800,B0,0,3,20,2,0,0,0,0,0,0,0,0,0,1,0,1,4,18,7
6800,B1,1,2,2,2,0,0,0,0,0,0,0,0,0,1,0,1,52,347,82
6800,B2,6,0,2,19,0,0,0,0,0,0,0,0,0,1,0,1,11,58,31
6800,C1,19,1,2,0,0,0,0,0,0,0,0,0,0,1,0,2,5,104,5
6810,A1,2,20,0,1,0,0,0,0,0,0,0,0,0,0,1,2,8,80,23
6810,B0,0,3,21,3,0,0,0,0,0,0,0,0,0,0,1,1,4,18,7
6810,B1,1,1,1,2,0,0,0,0,0,0,0,0,0,0,1,1,52,347,82
6810,B2,6,0,2,20,0,0,0,0,0,0,0,0,0,0,1,1,11,58,31
6810,C1,18,1,3,0,0,0,0,0,0,0,0,0,0,0,1,2,5,104,5
6820,A1,3,20,0,1,0,0,0,0,0,0,0,0,0,0,1,2,8,80,23
6820,B0,0,3,21,3,0,0,0,0,0,0,0,0,0,0,1,1,4,18,7
6820,B1,1,1,1,3,0,0,0,0,0,0,0,0,0,0,1,1,52,347,82
6820,B2,6,0,2,18,0,0,0,0,0,0,0,0,0,0,1,1,11,58,31
6820,C1,19,2,1,0,0,0,0,0,0,0,0,0,0,0,1,2,5,104,5
6830,A1,4,20,0,2,0,0,0,0,0,0,0,0,0,0,1,2,8,80,23
6830,B0,0,3,19,1,0,0,0,0,0,0,0,0,0,0,1,1,4,18,7
6830,B1,1,2,1,3,0,0,0,0,0,0,0,0,0,0,1,1,52,347,82
6830,B2,7,0,1,16,0,0,0,0,0,0,0,0,0,0,1,1,11,58,31
6830,C1,20,3,2,0,0,0,0,0,0,0,0,0,0,0,1,2,5,104,5
6840,A1,3,20,0,2,0,0,0,0,0,0,0,0,0,1,0,2,8,80,23
6840,B0,0,2,20,5,0,0,0,0,0,0,0,0,0,1,0,1,4,18,7
6840,B1,1,2,1,1,0,0,0,0,0,0,0,0,0,1,0,2,52,347,82
6840,B2,3,0,2,17,0,0,0,0,0,0,0,0,0,1,0,1,11,58,31
6840,C1,20,1,3,0,0,0,0,0,0,0,0,0,0,1,0,2,5,104,5
6850,A1,1,20,0,2,0,0,0,0,0,0,0,0,0,1,0,2,8,80,23
6850,B0,0,1,20,2,0,0,0,0,0,0,0,0,0,1,0,1,4,18,7
6850,B1,2,2,2,1,0,0,0,0,0,0,0,0,0,1,0,2,52,347,82
6850,B2,1,0,3,19,0,0,0,0,0,0,0,0,0,1,0,1,11,58,31
6850,C1,19,1,3,0,0,0,0,0,0,0,0,0,0,1,0,2,5,104,5
6860,A1,2,20,0,3,0,0,0,0,0,0,0,0,0,0,1,2,8,80,23
6860,B0,0,3,19,3,0,0,0,0,0,0,0,0,0,0,1,1,4,18,7
6860,B1,2,2,1,3,0,0,0,0,0,0,0,0,0,0,1,1,52,347,82
6860,B2,2,0,5,20,0,0,0,0,0,0,0,0,0,0,1,1,11,58,31
6860,C1,19,2,2,0,0,0,0,0,0,0,0,0,0,0,1,2,5,104,5
6870,A1,2,20,0,1,0,0,0,0,0,0,0,0,0,0,1,2,8,80,23
6870,B0,0,2,16,1,0,0,0,0,0,0,0,0,0,0,1,1,4,18,7
6870,B1,2,2,5,1,0,0,0,0,0,0,0,0,0,0,1,1,52,347,82
6870,B2,2,0,3,20,0,0,0,0,0,0,0,0,0,0,1,1,11,58,31
6870,C1,20,3,1,0,0,0,0,0,0,0,0,0,0,0,1,2,5,104,5
6880,A1,3,20,0,1,0,0,0,0,0,0,0,0,0,1,0,2,8,80,23
6880,B0,0,2,15,2,0,0,0,0,0,0,0,0,0,1,0,1,4,18,7
6880,B1,3,3,2,1,0,0,0,0,0,0,0,0,0,1,0,2,52,347,82
6880,B2,3,0,1,20,0,0,0,0,0,0,0,0,0,1,0,1,11,58,31
6880,C1,20,2,1,0,0,0,0,0,0,0,0,0,0,1,0,2,5,104,5
6890,A1,2,20,0,3,0,0,0,0,0,0,0,0,0,1,0,2,8,80,23
6890,B0,0,1,18,1,0,0,0,0,0,0,0,0,0,1,0,1,4,18,7
6890,B1,3,2,2,1,0,0,0,0,0,0,0,0,0,1,0,2,52,347,82
6890,B2,2,0,2,20,0,0,0,0,0,0,0,0,0,1,0,1,11,58,31
6890,C1,19,1,1,0,0,0,0,0,0,0,0,0,0,1,0,2,5,104,5
6900,A1,1,19,0,3,0,0,0,0,0,0,0,0,0,0,1,2,8,80,23
6900,B0,0,1,20,1,0,0,0,0,0,0,0,0,0,0,1,1,4,18,7
6900,B1,2,1,2,1,0,0,0,0,0,0,0,0,0,0,1,1,52,347,82
6900,B2,1,0,3,20,0,0,0,0,0,0,0,0,0,0,1,1,11,58,31
6900,C1,18,2,1,0,0,0,0,0,0,0,0,0,0,0,1,2,5,104,5
6910,A1,3,20,0,3,0,0,0,0,0,0,0,0,0,0,1,2,8,80,23
6910,B0,0,1,18,4,0,0,0,0,0,0,0,0,0,0,1,1,4,18,7
6910,B1,2,1,1,2,0,0,0,0,0,0,0,0,0,0,1,1,52,347,82
6910,B2,1,0,1,20,0,0,0,0,0,0,0,0,0,0,1,1,11,58,31
6910,C1,19,3,2,0,0,0,0,0,0,0,0,0,0,0,1,2,5,104,5
6920,A1,3,20,0,1,0,0,0,0,0,0,0,0,0,0,1,2,8,80,23
6920,B0,0,1,15,1,0,0,0,0,0,0,0,0,0,0,1,1,4,18,7
6920,B1,2,1,2,2,0,0,0,0,0,0,0,0,0,0,1,1,52,347,82
6920,B2,4,0,2,19,0,0,0,0,0,0,0,0,0,0,1,1,11,58,31
6920,C1,20,3,1,0,0,0,0,0,0,0,0,0,0,0,1,2,5,104,5
6930,A1,1,20,0,1,0,0,0,0,0,0,0,0,0,1,0,2,8,80,23
6930,B0,0,1,17,2,0,0,0,0,0,0,0,0,0,1,0,1,5,21,8
6930,B1,3,2,2,2,0,0,0,0,0,0,0,0,0,1,0,2,52,347,82
6930,B2,2,0,2,20,0,0,0,0,0,0,0,0,0,1,0,1,11,58,31
6930,C1,20,1,3,0,0,0,0,0,0,0,0,0,0,1,0,2,5,104,5
6940,A1,1,19,0,1,0,0,0,0,0,0,0,0,0,1,0,2,8,80,23
6940,B0,0,2,18,1,0,0,0,0,0,0,0,0,0,1,0,1,5,21,8
6940,B1,4,1,2,2,0,0,0,0,0,0,0,0,0,1,0,2,52,347,82
6940,B2,1,0,4,20,0,0,0,0,0,0,0,0,0,1,0,1,11,58,31
6940,C1,18,2,3,0,0,0,0,0,0,0,0,0,0,1,0,2,5,104,5
6950,A1,1,19,0,2,0,0,0,0,0,0,0,0,0,0,1,2,8,80,23
6950,B0,0,2,20,1,0,0,0,0,0,0,0,0,0,0,1,1,5,21,8
6950,B1,3,1,2,1,0,0,0,0,0,0,0,0,0,0,1,2,52,347,82
6950,B2,1,0,3,20,0,0,0,0,0,0,0,0,0,0,1,1,11,58,31
6950,C1,17,4,2,0,0,0,0,0,0,0,0,0,0,0,1,2,5,104,5
6960,A1,1,19,0,1,0,0,0,0,0,0,0,0,0,0,1,2,8,80,23
6960,B0,0,2,18,1,0,0,0,0,0,0,0,0,0,0,1,1,5,21,8
6960,B1,4,1,1,1,0,0,0,0,0,0,0,0,0,0,1,2,52,347,82
6960,B2,2,0,2,20,0,0,0,0,0,0,0,0,0,0,1,1,11,58,31
6960,C1,17,1,1,0,0,0,0,0,0,0,0,0,0,0,1,2,5,104,5
6970,A1,2,20,0,1,0,0,0,0,0,0,0,0,0,1,0,2,8,80,23
6970,B0,0,1,16,1,0,0,0,0,0,0,0,0,0,1,0,1,5,21,8
6970,B1,4,3,1,2,0,0,0,0,0,0,0,0,0,1,0,2,52,347,82
6970,B2,2,0,1,19,0,0,0,0,0,0,0,0,0,1,0,1,11,58,31
6970,C1,20,8,1,0,0,0,0,0,0,0,0,0,0,1,0,2,5,104,5
6980,A1,1,19,0,1,0,0,0,0,0,0,0,0,0,1,0,2,8,80,23
6980,B0,0,1,16,3,0,0,0,0,0,0,0,0,0,1,0,1,5,21,8
6980,B1,4,1,1,3,0,0,0,0,0,0,0,0,0,1,0,2,52,347,82
6980,B2,3,0,2,20,0,0,0,0,0,0,0,0,0,1,0,1,11,58,31
6980,C1,17,2,1,0,0,0,0,0,0,0,0,0,0,1,0,2,5,104,5
6990,A1,1,18,0,2,0,0,0,0,0,0,0,0,0,1,0,2,8,80,23
6990,B0,0,1,20,4,0,0,0,0,0,0,0,0,0,1,0,1,5,21,8
6990,B1,2,1,1,3,0,0,0,0,0,0,0,0,0,1,0,1,52,347,82
6990,B2,4,0,4,20,0,0,0,0,0,0,0,0,0,1,0,1,11,58,31
6990,C1,16,3,2,0,0,0,0,0,0,0,0,0,0,1,0,2,5,104,5
7000,A1,1,19,0,1,0,0,0,0,0,0,0,0,0,0,1,2,8,80,23
7000,B0,0,1,20,1,0,0,0,0,0,0,0,0,0,0,1,1,5,21,8
7000,B1,3,1,2,3,0,0,0,0,0,0,0,0,0,0,1,1,52,347,82
7000,B2,5,0,4,20,0,0,0,0,0,0,0,0,0,0,1,1,11,58,31
7000,C1,18,4,3,0,0,0,0,0,0,0,0,0,0,0,1,2,5,104,5
7010,A1,1,20,0,1,0,0,0,0,0,0,0,0,0,0,1,2,8,80,23
7010,B0,0,2,17,3,0,0,0,0,0,0,0,0,0,0,1,1,5,21,8
7010,B1,3,1,2,2,0,0,0,0,0,0,0,0,0,0,1,1,52,347,82
7010,B2,6,0,1,20,0,0,0,0,0,0,0,0,0,0,1,1,11,58,31
7010,C1,20,6,1,0,0,0,0,0,0,0,0,0,0,0,1,2,5,104,5
7020,A1,2,20,0,2,0,0,0,0,0,0,0,0,0,1,0,2,8,80,23
7020,B0,0,1,16,1,0,0,0,0,0,0,0,0,0,1,0,1,5,21,8
7020,B1,1,1,1,1,0,0,0,0,0,0,0,0,0,1,0,1,52,347,82
7020,B2,4,0,2,20,0,0,0,0,0,0,0,0,0,1,0,1,11,58,31
7020,C1,20,5,1,0,0,0,0,0,0,0,0,0,0,1,0,2,5,104,5
7030,A1,1,17,0,6,0,0,0,0,0,0,0,0,0,1,0,2,8,80,23
7030,B0,0,1,18,1,0,0,0,0,0,0,0,0,0,1,0,1,5,21,8
7030,B1,2,2,1,1,0,0,0,0,0,0,0,0,0,1,0,2,52,347,82
7030,B2,1,0,1,20,0,0,0,0,0,0,0,0,0,1,0,1,11,58,31
7030,C1,20,4,1,0,0,0,0,0,0,0,0,0,0,1,0,2,5,104,5
7040,A1,2,15,0,4,0,0,0,0,0,0,0,0,0,0,1,2,8,80,23
7040,B0,0,2,20,4,0,0,0,0,0,0,0,0,0,0,1,1,5,21,8
7040,B1,1,1,1,6,0,0,0,0,0,0,0,0,0,0,1,1,52,347,82
7040,B2,2,0,1,20,0,0,0,0,0,0,0,0,0,0,1,1,11,58,31
7040,C1,20,2,2,0,0,0,0,0,0,0,0,0,0,0,1,2,5,104,5
7050,A1,2,17,0,1,0,0,0,0,0,0,0,0,0,0,1,2,8,80,23
7050,B0,0,2,17,2,0,0,0,0,0,0,0,0,0,0,1,1,5,21,8
7050,B1,2,2,4,1,0,0,0,0,0,0,0,0,0,0,1,1,52,347,82
7050,B2,3,0,3,19,0,0,0,0,0,0,0,0,0,0,1,1,11,58,31
7050,C1,20,4,1,0,0,0,0,0,0,0,0,0,0,0,1,2,5,104,5
7060,A1,5,20,0,1,0,0,0,0,0,0,0,0,0,0,1,2,8,80,23
7060,B0,0,2,14,1,0,0,0,0,0,0,0,0,0,0,1,1,5,21,8
7060,B1,3,2,1,1,0,0,0,0,0,0,0,0,0,0,1,2,52,347,82
7060,B2,3,0,1,18,0,0,0,0,0,0,0,0,0,0,1,1,11,58,31
7060,C1,20,6,1,0,0,0,0,0,0,0,0,0,0,0,1,2,5,104,5
7070,A1,1,20,0,2,0,0,0,0,0,0,0,0,0,1,0,2,8,80,23
7070,B0,0,1,16,1,0,0,0,0,0,0,0,0,0,1,0,1,5,21,8
7070,B1,7,2,2,2,0,0,0,0,0,0,0,0,0,1,0,2,52,347,82
7070,B2,3,0,2,19,0,0,0,0,0,0,0,0,0,1,0,1,11,58,31
7070,C1,20,3,1,0,0,0,0,0,0,0,0,0,0,1,0,2,5,104,5
7080,A1,1,18,0,3,0,0,0,0,0,0,0,0,0,1,0,2,8,80,23
7080,B0,0,2,20,3,0,0,0,0,0,0,0,0,0,1,0,1,5,21,8
7080,B1,5,2,2,2,0,0,0,0,0,0,0,0,0,1,0,2,52,347,82
7080,B2,2,0,2,20,0,0,0,0,0,0,0,0,0,1,0,1,11,58,31
7080,C1,20,1,1,0,0,0,0,0,0,0,0,0,0,1,0,2,5,104,5
7090,A1,1,18,0,1,0,0,0,0,0,0,0,0,0,0,1,2,8,80,23
7090,B0,0,3,20,5,0,0,0,0,0,0,0,0,0,0,1,1,5,21,8
7090,B1,3,2,1,2,0,0,0,0,0,0,0,0,0,0,1,2,53,349,83
7090,B2,2,0,2,20,0,0,0,0,0,0,0,0,0,0,1,1,11,58,31
7090,C1,20,1,2,0,0,0,0,0,0,0,0,0,0,0,1,2,5,104,5
7100,A1,2,18,0,3,0,0,0,0,0,0,0,0,0,0,1,2,8,80,23
7100,B0,0,3,20,2,0,0,0,0,0,0,0,0,0,0,1,1,5,21,8
7100,B1,3,2,2,1,0,0,0,0,0,0,0,0,0,0,1,2,53,349,83
7100,B2,4,0,1,18,0,0,0,0,0,0,0,0,0,0,1,1,11,58,31
7100,C1,20,3,1,0,0,0,0,0,0,0,0,0,0,0,1,2,5,104,5
7110,A1,1,19,0,3,0,0,0,0,0,0,0,0,0,1,0,2,9,84,24
7110,B0,0,3,20,2,0,0,0,0,0,0,0,0,0,1,0,1,5,21,8
7110,B1,2,1,2,2,0,0,0,0,0,0,0,0,0,1,0,1,53,349,83
7110,B2,5,0,1,18,0,0,0,0,0,0,0,0,0,1,0,1,11,58,31
7110,C1,20,3,2,0,0,0,0,0,0,0,0,0,0,1,0,2,5,104,5
7120,A1,1,15,0,4,0,0,0,0,0,0,0,0,0,1,0,2,9,84,24
7120,B0,0,1,20,3,0,0,0,0,0,0,0,0,0,1,0,1,5,21,8
7120,B1,3,2,2,2,0,0,0,0,0,0,0,0,0,1,0,2,53,349,83
7120,B2,3,0,5,19,0,0,0,0,0,0,0,0,0,1,0,1,11,58,31
7120,C1,19,2,2,0,0,0,0,0,0,0,0,0,0,1,0,2,5,104,5
7130,A1,1,14,0,4,0,0,0,0,0,0,0,0,0,0,1,2,9,84,24
7130,B0,0,3,20,4,0,0,0,0,0,0,0,0,0,0,1,1,5,21,8
7130,B1,1,1,2,1,0,0,0,0,0,0,0,0,0,0,1,1,53,349,83
7130,B2,2,0,6,20,0,0,0,0,0,0,0,0,0,0,1,1,11,58,31
7130,C1,17,3,2,0,0,0,0,0,0,0,0,0,0,0,1,2,5,104,5
7140,A1,2,17,0,1,0,0,0,0,0,0,0,0,0,0,1,2,9,84,24
7140,B0,0,3,20,1,0,0,0,0,0,0,0,0,0,0,1,1,5,21,8
7140,B1,1,1,2,2,0,0,0,0,0,0,0,0,0,0,1,1,53,349,83
7140,B2,5,0,2,20,0,0,0,0,0,0,0,0,0,0,1,1,11,58,31
7140,C1,18,3,1,0,0,0,0,0,0,0,0,0,0,0,1,2,5,104,5
7150,A1,5,20,0,1,0,0,0,0,0,0,0,0,0,0,1,2,9,84,24
7150,B0,0,3,18,1,0,0,0,0,0,0,0,0,0,0,1,1,5,21,8
7150,B1,1,2,1,5,0,0,0,0,0,0,0,0,0,0,1,1,53,349,83
7150,B2,5,0,3,19,0,0,0,0,0,0,0,0,0,0,1,1,11,58,31
7150,C1,20,4,2,0,0,0,0,0,0,0,0,0,0,0,1,2,5,104,5
7160,A1,3,20,0,1,0,0,0,0,0,0,0,0,0,1,0,2,9,84,24
7160,B0,0,1,19,1,0,0,0,0,0,0,0,0,0,1,0,1,5,21,8
7160,B1,2,3,1,4,0,0,0,0,0,0,0,0,0,1,0,1,53,349,83
7160,B2,4,0,4,20,0,0,0,0,0,0,0,0,0,1,0,1,11,58,31
7160,C1,20,2,4,0,0,0,0,0,0,0,0,0,0,1,0,2,5,104,5
7170,A1,3,20,0,1,0,0,0,0,0,0,0,0,0,1,0,2,9,84,24
7170,B0,0,1,20,2,0,0,0,0,0,0,0,0,0,1,0,1,5,21,8
7170,B1,3,4,1,3,0,0,0,0,0,0,0,0,0,1,0,2,53,349,83
7170,B2,2,0,4,20,0,0,0,0,0,0,0,0,0,1,0,1,11,58,31
7170,C1,20,2,7,0,0,0,0,0,0,0,0,0,0,1,0,2,5,104,5
7180,A1,1,20,0,1,0,0,0,0,0,0,0,0,0,0,1,2,9,84,24
7180,B0,0,3,20,2,0,0,0,0,0,0,0,0,0,0,1,1,5,21,8
7180,B1,3,3,2,3,0,0,0,0,0,0,0,0,0,0,1,2,53,349,83
7180,B2,3,0,3,18,0,0,0,1,0,0,0,0,0,0,1,1,12,68,31
7180,C1,20,2,8,0,0,0,0,0,0,0,0,0,0,0,1,2,5,104,5
7190,A1,4,20,0,1,0,0,0,0,0,0,0,0,0,0,1,2,9,84,24
7190,B0,0,1,19,2,0,0,0,0,0,0,0,0,0,0,1,1,5,21,8
7190,B1,3,3,2,1,0,0,0,0,0,0,0,0,0,0,1,2,53,349,83
7190,B2,5,0,1,17,0,0,0,0,0,0,0,0,0,0,1,1,12,70,34
7190,C1,20,3,8,0,0,0,0,0,0,0,0,0,0,0,1,2,5,104,5
7200,A1,3,20,0,1,0,0,0,0,0,0,0,0,0,1,0,2,9,84,24
7200,B0,0,1,16,1,0,0,0,0,0,0,0,0,0,1,0,1,5,21,8
7200,B1,2,3,2,1,0,0,0,0,0,0,1,0,0,1,0,2,53,349,83
7200,B2,5,0,1,16,0,3,0,0,0,0,0,0,0,1,0,2,13,73,34
7200,C1,20,4,8,0,0,0,0,0,0,0,0,0,0,1,0,2,5,104,5
7210,A1,2,20,0,2,0,0,0,0,0,0,0,0,0,1,0,2,9,84,24
7210,B0,0,2,17,2,0,0,0,0,0,0,0,0,0,1,0,1,5,21,8
7210,B1,4,4,2,1,0,0,0,0,0,0,0,0,0,1,0,2,53,349,83
7210,B2,3,0,2,18,0,0,0,0,0,0,0,0,0,1,0,1,13,79,37
7210,C1,20,2,10,0,0,0,0,0,0,0,0,0,0,1,0,2,5,104,5
7220,A1,1,16,0,2,0,0,0,0,0,0,0,0,0,1,0,2,9,84,24
7220,B0,0,1,19,5,0,0,0,0,0,0,0,0,0,1,0,1,5,21,8
7220,B1,2,2,3,1,0,0,0,0,0,0,0,0,0,1,0,1,53,349,83
7220,B2,1,0,3,19,0,0,0,0,0,0,0,0,0,1,0,1,13,79,37
7220,C1,19,2,10,0,0,0,0,0,0,0,0,0,0,1,0,2,5,104,5
7230,A1,1,17,0,1,0,0,0,0,0,0,0,0,0,0,1,2,9,84,24
7230,B0,0,1,20,3,0,0,0,0,0,0,0,0,0,0,1,1,5,21,8
7230,B1,2,2,1,3,0,0,0,0,0,0,0,0,0,0,1,1,53,349,83
7230,B2,2,0,2,20,0,0,0,0,0,0,0,0,0,0,1,1,13,79,37
7230,C1,20,2,9,0,0,0,0,0,0,0,0,0,0,0,1,2,5,104,5
7240,A1,1,18,0,1,0,0,0,0,0,0,0,0,0,0,1,2,9,84,24
7240,B0,0,1,20,1,0,0,0,0,0,0,0,0,0,0,1,1,5,21,8
7240,B1,2,2,3,1,0,0,0,0,0,0,0,0,0,0,1,1,53,349,83
7240,B2,3,0,1,20,0,0,0,0,0,0,0,0,0,0,1,1,13,79,37
7240,C1,20,2,8,0,0,0,0,0,0,0,0,0,0,0,1,2,5,104,5
7250,A1,2,20,0,1,0,0,0,0,0,0,0,0,0,1,0,2,9,84,24
7250,B0,0,2,20,3,0,0,0,0,0,0,0,0,0,1,0,1,5,21,8
7250,B1,1,2,3,1,0,0,0,0,0,0,0,0,0,1,0,1,53,349,83
7250,B2,3,0,1,20,0,0,0,0,0,0,0,0,0,1,0,1,13,79,37
7250,C1,20,2,9,0,0,0,0,0,0,0,0,0,0,1,0,2,5,104,5
7260,A1,3,19,0,1,0,0,0,0,0,0,0,0,0,1,0,2,9,84,24
7260,B0,0,1,20,2,0,0,0,0,0,0,0,0,0,1,0,1,5,21,8
7260,B1,1,1,3,1,0,0,0,0,0,0,0,0,0,1,0,1,53,349,83
7260,B2,1,0,1,20,0,0,0,0,0,0,0,0,0,1,0,1,13,79,37
7260,C1,17,1,9,0,0,0,0,0,0,0,0,0,0,1,0,2,5,104,5
7270,A1,1,18,0,1,0,0,0,0,0,0,0,0,0,0,1,2,9,84,24
7270,B0,0,2,20,2,0,0,0,0,0,0,0,0,0,0,1,1,5,21,8
7270,B1,2,3,2,2,0,0,0,0,0,0,0,0,0,0,1,2,53,349,83
7270,B2,2,0,2,20,0,0,0,0,0,0,0,0,0,0,1,1,13,79,37
7270,C1,16,1,9,0,0,0,0,0,0,0,0,0,0,0,1,2,5,104,5
7280,A1,1,18,0,3,0,0,0,0,0,0,0,0,0,0,1,2,9,84,24
7280,B0,0,3,20,2,0,0,0,0,0,0,0,0,0,0,1,1,5,21,8
7280,B1,2,3,2,1,0,0,0,0,0,0,0,0,0,0,1,2,53,349,83
7280,B2,2,0,1,18,0,0,0,0,0,0,0,0,0,0,1,1,13,79,37
7280,C1,17,1,11,0,0,0,0,0,0,0,0,0,0,0,1,2,5,104,5
7290,A1,4,20,0,3,0,0,0,0,0,0,0,0,0,0,1,2,9,84,24
7290,B0,0,4,19,2,0,0,0,0,0,0,0,0,0,0,1,1,5,21,8
7290,B1,1,3,2,2,0,0,0,0,0,0,0,0,0,0,1,1,53,349,83
7290,B2,2,0,1,15,0,0,0,0,0,0,0,0,0,0,1,1,13,79,37
7290,C1,20,2,14,0,0,0,0,0,0,0,0,0,0,0,1,2,5,104,5
7300,A1,2,20,0,3,0,0,0,0,0,0,0,0,0,1,0,2,9,84,24
7300,B0,0,1,20,5,0,0,0,0,0,0,0,0,0,1,0,1,5,21,8
7300,B1,1,2,2,2,0,0,0,0,0,0,0,0,0,1,0,1,53,349,83
7300,B2,2,0,1,16,0,0,0,0,0,0,0,0,0,1,0,1,13,79,37
7300,C1,20,1,17,0,0,0,0,0,0,0,0,0,0,1,0,2,5,104,5
7310,A1,3,19,0,3,0,0,0,0,0,0,0,0,0,1,0,2,9,84,24
7310,B0,0,2,20,6,0,0,0,0,0,0,0,0,0,1,0,1,5,21,8
7310,B1,1,2,2,2,0,0,0,0,0,0,0,0,0,1,0,1,53,349,83
7310,B2,1,0,2,19,0,0,0,0,0,0,0,0,0,1,0,1,13,79,37
7310,C1,19,3,17,0,0,0,0,0,0,0,0,0,0,1,0,2,5,104,5
7320,A1,3,19,0,1,0,0,0,0,0,0,0,0,0,0,1,2,9,84,24
7320,B0,0,3,19,5,0,0,0,0,0,0,0,0,0,0,1,1,6,29,10
7320,B1,1,2,2,1,0,0,0,0,0,0,0,0,0,0,1,1,53,349,83
7320,B2,1,0,3,19,0,0,0,0,0,0,0,0,0,0,1,1,13,79,37
7320,C1,19,3,17,0,0,0,0,0,0,0,0,0,0,0,1,2,5,104,5
7330,A1,3,19,0,1,0,0,0,0,0,0,0,0,0,0,1,2,9,84,24
7330,B0,0,3,17,2,0,0,0,0,0,0,0,0,0,0,1,1,6,29,10
7330,B1,1,2,3,1,0,0,0,0,0,0,0,0,0,0,1,1,53,349,83
7330,B2,1,0,2,19,0,0,0,0,0,0,0,0,0,0,1,1,13,79,37
7330,C1,20,3,12,0,0,0,0,0,0,0,0,0,0,0,1,2,5,104,5
7340,A1,3,20,0,1,0,0,0,0,0,0,0,0,0,1,0,2,9,84,24
7340,B0,0,3,17,1,0,0,0,0,0,0,0,0,0,1,0,1,6,29,10
7340,B1,1,2,3,1,0,0,0,0,0,0,0,0,0,1,0,1,54,353,84
7340,B2,2,0,1,19,0,0,0,0,0,0,0,0,0,1,0,1,13,79,37
7340,C1,20,3,12,0,0,0,0,0,0,0,0,0,0,1,0,2,5,104,5
7350,A1,1,19,0,1,0,0,0,0,0,0,0,0,0,1,0,2,9,84,24
7350,B0,0,3,19,1,0,0,0,0,0,0,0,0,0,1,0,1,6,29,10
7350,B1,2,1,3,1,0,0,0,0,0,0,0,0,0,1,0,1,54,353,84
7350,B2,2,0,1,20,0,0,0,0,0,0,0,0,0,1,0,1,13,79,37
7350,C1,19,2,12,0,0,0,0,0,0,0,0,0,0,1,0,2,5,104,5
7360,A1,3,18,0,3,0,0,0,0,0,0,0,0,0,0,1,2,9,84,24
7360,B0,0,2,20,2,0,0,0,0,0,0,0,0,0,0,1,1,6,29,10
7360,B1,2,2,3,1,0,0,0,0,0,0,0,0,0,0,1,1,54,353,84
7360,B2,1,0,2,20,0,0,0,0,0,0,0,0,0,0,1,1,13,79,37
7360,C1,16,1,12,0,0,0,0,0,0,0,0,0,0,0,1,2,5,104,5
7370,A1,3,19,0,1,0,0,0,0,0,0,0,0,0,0,1,2,9,84,24
7370,B0,0,2,20,2,0,0,0,0,0,0,0,0,0,0,1,1,6,29,10
7370,B1,2,2,4,1,0,0,0,0,0,0,0,0,0,0,1,1,54,353,84
7370,B2,1,0,1,19,0,0,0,0,0,0,0,0,0,0,1,1,13,79,37
7370,C1,17,1,14,0,0,0,0,0,0,0,0,0,0,0,1,2,5,104,5
7380,A1,3,20,0,2,0,0,0,0,0,0,0,0,0,0,1,2,9,84,24
7380,B0,0,2,19,1,0,0,0,0,0,0,0,0,0,0,1,1,6,29,10
7380,B1,2,2,2,2,0,0,0,0,0,0,0,0,0,0,1,1,54,353,84
7380,B2,2,0,1,17,0,0,0,0,0,0,0,0,0,0,1,1,13,79,37
7380,C1,19,3,13,0,0,0,0,0,0,0,0,0,0,0,1,2,5,104,5
7390,A1,1,20,0,2,0,0,0,0,0,0,0,0,0,1,0,2,9,84,24
7390,B0,0,1,20,1,0,0,0,0,0,0,0,0,0,1,0,1,7,37,12
7390,B1,1,1,2,2,0,0,0,0,0,0,0,0,0,1,0,1,54,353,84
7390,B2,1,0,1,19,0,0,0,0,0,0,0,0,0,1,0,1,13,79,37
7390,C1,20,1,14,0,0,0,0,0,0,0,0,0,0,1,0,2,5,104,5
7400,A1,1,18,0,2,0,0,0,0,0,0,0,0,0,1,0,2,9,84,24
7400,B0,0,1,20,2,0,0,0,0,0,0,0,0,0,1,0,1,7,37,12
7400,B1,1,1,2,2,0,0,0,0,0,0,0,0,0,1,0,1,54,353,84
7400,B2,1,0,1,19,0,0,0,0,0,0,0,0,0,1,0,1,13,79,37
7400,C1,16,2,14,0,0,0,0,0,0,0,0,0,0,1,0,2,5,104,5
7410,A1,1,18,0,1,0,0,0,0,0,0,0,0,0,0,1,2,9,84,24
7410,B0,0,1,20,1,0,0,0,0,0,0,0,0,0,0,1,1,7,37,12
7410,B1,1,1,2,2,0,0,0,0,0,0,0,0,0,0,1,1,54,353,84
7410,B2,1,0,1,20,0,0,0,0,0,0,0,0,0,0,1,1,13,79,37
7410,C1,16,1,14,0,0,0,0,0,0,0,0,0,0,0,1,2,5,104,5
7420,A1,3,19,0,1,0,0,0,0,0,0,0,0,0,0,1,2,9,84,24
7420,B0,0,2,18,1,0,0,0,0,0,0,0,0,0,0,1,1,7,37,12
7420,B1,1,1,1,3,0,0,0,0,0,0,0,0,0,0,1,1,54,353,84
7420,B2,1,0,1,19,0,0,0,0,0,0,0,0,0,0,1,1,13,79,37
7420,C1,17,1,12,0,0,0,0,0,0,0,0,0,0,0,1,2,5,104,5
7430,A1,2,20,0,2,0,0,0,0,0,0,0,0,0,1,0,2,9,84,24
7430,B0,0,3,18,1,0,0,0,0,0,0,1,0,0,1,0,1,7,37,12
7430,B1,3,1,1,3,0,1,0,0,0,0,0,0,0,1,0,2,55,357,84
7430,B2,3,0,1,18,0,0,0,0,0,0,0,0,0,1,0,1,13,79,37
7430,C1,20,3,10,0,0,0,0,0,0,0,0,0,0,1,0,2,5,104,5
7440,A1,1,20,0,2,0,0,0,0,0,0,0,0,0,1,0,2,9,84,24
7440,B0,0,1,18,1,0,0,0,0,0,0,0,0,0,1,0,1,7,37,12
7440,B1,2,1,1,3,0,0,0,0,0,0,0,0,0,1,0,1,55,357,85
7440,B2,2,0,1,19,0,0,0,0,0,0,0,0,0,1,0,1,13,79,37
7440,C1,19,1,10,0,0,0,0,0,0,0,0,0,0,1,0,2,5,104,5
7450,A1,1,19,0,4,0,0,0,0,0,0,0,0,0,1,0,2,9,84,24
7450,B0,0,1,20,2,0,0,0,0,0,0,0,0,0,1,0,1,7,37,12
7450,B1,2,1,1,3,0,0,0,0,0,0,0,0,0,1,0,1,55,357,85
7450,B2,1,0,2,20,0,0,0,0,0,0,0,0,0,1,0,1,13,79,37
7450,C1,17,4,10,0,0,0,0,0,0,0,0,0,0,1,0,2,5,104,5
7460,A1,1,20,0,1,0,0,0,0,0,0,0,0,0,0,1,2,9,84,24
7460,B0,0,2,19,3,0,0,0,0,0,0,0,0,0,0,1,1,7,37,12
7460,B1,2,2,2,1,0,0,0,0,0,0,0,0,0,0,1,2,55,357,85
7460,B2,2,0,2,17,0,0,0,0,0,0,0,0,0,0,1,1,13,79,37
7460,C1,18,2,10,0,0,0,0,0,0,0,0,0,0,0,1,2,5,104,5
7470,A1,1,20,0,1,0,0,0,0,0,0,0,0,0,0,1,2,9,84,24
7470,B0,0,3,17,2,0,0,0,0,0,0,0,0,0,0,1,1,7,37,12
7470,B1,3,1,2,2,0,0,0,0,0,0,0,0,0,0,1,1,55,357,85
7470,B2,2,0,1,14,0,0,0,0,0,0,0,0,0,0,1,1,13,79,37
7470,C1,20,2,9,0,0,0,0,0,0,0,0,0,0,0,1,2,5,104,5
7480,A1,1,20,0,1,0,0,0,0,0,0,0,0,0,1,0,2,9,84,24
7480,B0,0,2,16,2,0,0,0,0,0,0,0,0,0,1,0,1,7,37,12
7480,B1,2,2,1,1,0,0,0,0,0,0,0,0,0,1,0,2,55,357,85
7480,B2,1,0,2,14,0,0,0,0,0,0,0,0,0,1,0,1,13,79,37
7480,C1,20,1,11,0,0,0,0,0,0,0,0,0,0,1,0,2,5,104,5
7490,A1,2,19,0,2,0,0,0,0,0,0,0,0,0,1,0,2,9,84,24
7490,B0,0,1,18,3,0,0,0,0,0,0,0,0,0,1,0,1,7,37,12
7490,B1,4,2,1,2,0,0,0,0,0,0,0,0,0,1,0,2,55,357,85
7490,B2,1,0,4,17,0,0,0,0,0,0,0,0,0,1,0,1,13,79,37
7490,C1,20,2,10,0,0,0,0,0,0,0,0,0,0,1,0,2,5,104,5
7500,A1,2,18,0,1,0,0,0,0,0,0,0,0,0,0,1,2,9,84,24
7500,B0,0,1,20,3,0,0,0,0,0,0,0,0,0,0,1,1,7,37,12
7500,B1,3,3,1,3,0,0,0,0,0,0,0,0,0,0,1,2,56,359,86
7500,B2,1,0,3,20,0,0,0,0,0,0,0,0,0,0,1,1,13,79,37
7500,C1,20,1,11,0,0,0,0,0,0,0,0,0,0,0,1,2,5,104,5
7510,A1,1,18,0,1,0,0,0,0,0,0,0,0,0,0,1,2,9,84,24
7510,B0,0,5,20,1,0,0,0,0,0,0,0,0,0,0,1,1,7,37,12
7510,B1,3,3,1,2,0,0,0,0,0,0,0,0,0,0,1,2,56,359,86
7510,B2,2,0,1,20,0,0,0,0,0,0,0,0,0,0,1,1,13,79,37
7510,C1,20,2,12,0,0,0,0,0,0,0,0,0,0,0,1,2,5,104,5
7520,A1,1,20,0,1,0,0,0,0,0,0,0,0,0,0,1,2,9,84,24
7520,B0,0,5,19,1,0,0,0,0,0,0,0,0,0,0,1,1,7,37,12
7520,B1,3,3,1,1,0,0,0,0,0,0,0,0,0,0,1,2,56,359,86
7520,B2,4,0,2,19,0,0,0,0,0,0,0,0,0,0,1,1,13,79,37
7520,C1,20,3,12,0,0,0,0,0,0,0,0,0,0,0,1,2,5,104,5
7530,A1,1,18,0,2,0,0,0,0,0,0,0,0,0,1,0,2,9,84,24
7530,B0,0,5,20,1,0,0,0,0,0,0,0,0,0,1,0,1,7,37,12
7530,B1,3,1,1,1,0,0,0,0,0,0,0,0,0,1,0,2,56,359,86
7530,B2,2,0,1,19,0,0,0,0,0,0,0,0,0,1,0,1,13,79,37
7530,C1,20,2,12,0,0,0,0,0,0,0,0,0,0,1,0,2,5,104,5
7540,A1,1,15,0,2,0,0,0,0,0,0,0,0,0,1,0,2,9,84,24
7540,B0,0,1,20,3,0,0,0,0,0,0,0,0,0,1,0,1,7,37,12
7540,B1,1,2,1,1,0,0,0,0,0,0,0,0,0,1,0,2,56,359,86
7540,B2,2,0,2,20,0,0,0,0,0,0,0,0,0,1,0,1,13,79,37
7540,C1,17,3,12,0,0,0,0,0,0,0,0,0,0,1,0,2,5,104,5
7550,A1,3,14,0,1,0,0,0,0,0,0,0,0,0,0,1,2,9,84,24
7550,B0,0,1,20,1,0,0,0,0,0,0,0,0,0,0,1,1,7,37,12
7550,B1,1,1,4,1,0,0,0,0,0,0,0,0,0,0,1,1,56,359,86
7550,B2,4,0,3,20,0,0,0,0,0,0,0,0,0,0,1,1,13,79,37
7550,C1,17,1,9,0,0,0,0,0,0,0,0,0,0,0,1,2,5,104,5
7560,A1,2,18,0,2,0,0,0,0,0,0,0,0,0,0,1,2,9,84,24
7560,B0,0,3,19,2,0,0,0,0,0,0,0,0,0,0,1,1,7,37,12
7560,B1,1,1,5,4,0,0,0,0,0,0,0,0,0,0,1,1,56,359,86
7560,B2,4,0,1,18,0,0,0,0,0,0,0,0,0,0,1,1,13,79,37
7560,C1,18,3,9,0,0,0,0,0,0,0,0,0,0,0,1,2,5,104,5
7570,A1,3,20,0,3,0,0,0,0,0,0,0,0,0,1,0,2,9,84,24
7570,B0,0,2,18,4,0,0,0,0,0,0,0,0,0,1,0,1,7,37,12
7570,B1,1,1,3,2,0,0,0,0,0,0,0,0,0,1,0,1,56,359,86
7570,B2,4,0,1,18,0,0,0,0,0,0,0,0,0,1,0,1,13,79,37
7570,C1,20,4,8,0,0,0,0,0,0,0,0,0,0,1,0,2,5,104,5
7580,A1,1,20,0,3,0,0,0,0,0,0,0,0,0,1,0,2,9,84,24
7580,B0,0,1,18,2,0,0,0,0,0,0,0,0,0,1,0,1,7,37,12
7580,B1,1,2,3,2,0,0,0,0,0,0,0,0,0,1,0,1,56,359,86
7580,B2,5,0,1,19,0,0,0,0,0,0,0,0,0,1,0,1,13,79,37
7580,C1,20,1,8,0,0,0,0,0,0,0,0,0,0,1,0,2,5,104,5
7590,A1,1,17,0,3,0,0,0,0,0,0,0,0,0,0,1,2,9,84,24
7590,B0,0,1,20,4,0,0,0,0,0,0,0,0,0,0,1,1,7,37,12
7590,B1,1,1,4,2,0,0,0,0,0,0,0,0,0,0,1,1,56,359,86
7590,B2,4,0,1,20,0,0,0,0,0,0,0,0,0,0,1,1,13,79,37
7590,C1,19,1,10,0,0,0,0,0,0,0,0,0,0,0,1,2,5,104,5
7600,A1,2,18,0,1,0,0,0,0,0,0,0,0,0,0,1,2,9,84,24
7600,B0,0,1,20,1,0,0,0,0,0,0,0,0,0,0,1,1,7,37,12
7600,B1,1,1,4,1,0,0,0,0,0,0,0,0,0,0,1,1,56,359,86
7600,B2,3,0,1,18,0,0,0,0,0,0,0,0,0,0,1,1,13,79,37
7600,C1,20,1,6,0,0,0,0,0,0,0,0,0,0,0,1,2,5,104,5
7610,A1,4,19,0,1,0,0,0,0,0,0,0,0,0,0,1,2,9,84,24
7610,B0,0,4,19,1,0,0,0,0,0,0,0,0,0,0,1,1,7,37,12
7610,B1,1,1,5,2,0,0,0,0,0,0,0,0,0,0,1,1,56,359,86
7610,B2,3,0,1,14,0,0,0,0,0,0,0,0,0,0,1,1,13,79,37
7610,C1,20,2,1,0,0,0,0,0,0,0,0,0,0,0,1,2,5,104,5
7620,A1,3,20,0,3,0,0,0,0,0,0,0,0,0,1,0,2,9,84,24
7620,B0,0,1,20,1,0,0,0,0,0,0,0,0,0,1,0,1,7,37,12
7620,B1,3,2,4,2,0,0,0,0,0,0,0,0,0,1,0,1,56,359,86
7620,B2,2,0,2,15,0,0,0,0,0,0,0,0,0,1,0,1,13,79,37
7620,C1,20,1,2,0,0,0,0,0,0,0,0,0,0,1,0,2,5,104,5
7630,A1,1,20,0,4,0,0,0,0,0,0,0,0,0,1,0,2,9,84,24
7630,B0,0,2,20,2,0,0,0,0,0,0,0,0,0,1,0,1,7,37,12
7630,B1,2,4,4,2,0,0,0,0,0,0,0,0,0,1,0,1,56,359,86
7630,B2,1,0,2,18,0,0,0,0,0,0,0,0,0,1,0,1,13,79,37
7630,C1,17,1,3,0,0,0,0,0,0,0,0,0,0,1,0,2,5,104,5
7640,A1,1,20,0,2,0,0,0,0,0,0,0,0,0,0,1,2,9,84,24
7640,B0,0,2,20,6,0,0,0,0,0,0,0,0,0,0,1,1,7,37,12
7640,B1,3,1,2,2,0,0,0,0,0,0,0,0,0,0,1,1,56,359,86
7640,B2,1,0,1,20,0,0,0,0,0,0,0,0,0,0,1,1,13,79,37
7640,C1,16,1,4,0,0,0,0,0,0,0,0,0,0,0,1,2,5,104,5
7650,A1,4,20,0,1,0,0,0,0,0,0,0,0,0,0,1,2,9,84,24
7650,B0,0,2,18,5,0,0,0,0,0,0,0,0,0,0,1,1,7,37,12
7650,B1,3,2,2,1,0,0,0,0,0,0,0,0,0,0,1,2,56,359,86
7650,B2,2,0,1,19,0,0,0,0,0,0,0,0,0,0,1,1,13,79,37
7650,C1,17,1,2,0,0,0,0,0,0,0,0,0,0,0,1,2,5,104,5
7660,A1,4,20,0,1,0,0,0,0,0,0,0,0,0,1,0,2,9,84,24
7660,B0,0,1,16,2,0,0,0,0,0,0,0,0,0,1,0,1,7,37,12
7660,B1,2,2,1,3,0,0,0,0,0,0,0,0,0,1,0,1,56,359,86
7660,B2,3,0,1,16,0,0,0,0,0,0,0,0,0,1,0,1,13,79,37
7660,C1,20,1,3,0,0,0,0,0,0,0,0,0,0,1,0,2,5,104,5
7670,A1,1,20,0,1,0,0,0,0,0,0,0,0,0,1,0,2,9,84,24
7670,B0,0,2,17,3,0,0,0,0,0,0,0,0,0,1,0,1,7,37,12
7670,B1,2,1,1,3,0,0,0,0,0,0,0,0,0,1,0,1,56,359,86
7670,B2,3,0,1,17,0,0,0,0,0,0,0,0,0,1,0,1,13,79,37
7670,C1,17,3,3,0,0,0,0,0,0,0,0,0,0,1,0,2,5,104,5
7680,A1,4,19,0,1,0,0,0,0,0,0,0,0,0,1,0,2,9,84,24
7680,B0,0,2,20,4,0,0,0,0,0,0,0,0,0,1,0,1,7,37,12
7680,B1,5,4,1,3,0,0,0,0,0,0,0,0,0,1,0,2,56,359,86
7680,B2,2,0,4,19,0,0,0,0,0,0,0,0,0,1,0,1,13,79,37
7680,C1,15,1,3,0,0,0,0,0,0,0,0,0,0,1,0,2,5,104,5
7690,A1,2,20,0,1,0,0,0,0,0,0,0,0,0,0,1,2,9,84,24
7690,B0,0,2,20,2,0,0,0,0,0,0,0,0,0,0,1,1,7,37,12
7690,B1,4,1,1,4,0,0,0,0,0,0,0,0,0,0,1,1,56,359,86
7690,B2,2,0,1,20,0,0,0,0,0,0,0,0,0,0,1,1,13,79,37
7690,C1,17,3,2,0,0,0,0,0,0,0,0,0,0,0,1,2,5,104,5
7700,A1,3,20,0,1,0,0,0,0,0,0,0,0,0,0,1,2,9,84,24
7700,B0,0,4,20,1,0,0,0,0,0,0,0,0,0,0,1,1,7,37,12
7700,B1,4,1,1,4,0,0,0,0,0,0,0,0,0,0,1,1,56,359,86
7700,B2,2,0,1,18,0,0,0,0,0,0,0,0,0,0,1,1,13,79,37
7700,C1,20,3,2,0,0,0,0,0,0,0,0,0,0,0,1,2,5,104,5
7710,A1,1,20,0,1,0,0,0,0,0,0,0,0,0,1,0,2,9,84,24
7710,B0,0,1,20,3,0,0,0,0,0,0,0,0,0,1,0,1,7,37,12
7710,B1,2,3,1,4,0,0,0,0,0,0,0,0,0,1,0,1,56,359,86
7710,B2,1,0,2,18,0,0,0,0,0,0,0,0,0,1,0,1,13,79,37
7710,C1,20,2,2,0,0,0,0,0,0,0,0,0,0,1,0,2,5,104,5
7720,A1,1,17,0,1,0,0,0,0,0,0,0,0,0,1,0,2,9,84,24
7720,B0,0,1,20,3,0,0,0,0,0,0,0,0,0,1,0,1,7,37,12
7720,B1,2,2,1,4,0,0,0,0,0,0,0,0,0,1,0,1,56,359,86
7720,B2,1,0,5,18,0,0,0,0,0,0,0,0,0,1,0,1,13,79,37
7720,C1,19,2,3,0,0,0,0,0,0,0,0,0,0,1,0,2,5,104,5
7730,A1,1,16,0,1,0,0,0,0,0,0,0,0,0,0,1,2,9,84,24
7730,B0,0,3,20,2,0,0,0,0,0,0,0,0,0,0,1,1,7,37,12
7730,B1,1,1,1,4,0,0,0,0,0,0,0,0,0,0,1,1,56,359,86
7730,B2,2,0,3,20,0,0,0,0,0,0,0,0,0,0,1,1,13,79,37
7730,C1,19,1,5,0,0,0,0,0,0,0,0,0,0,0,1,2,5,104,5
7740,A1,3,16,0,3,0,0,0,0,0,0,0,0,0,0,1,2,9,84,24
7740,B0,0,3,19,2,0,0,0,0,0,0,0,0,0,0,1,1,7,37,12
7740,B1,1,1,3,2,0,0,0,0,0,0,0,0,0,0,1,1,56,359,86
7740,B2,3,0,2,20,0,0,0,0,0,0,0,0,0,0,1,1,13,79,37
7740,C1,19,2,2,0,0,0,0,0,0,0,0,0,0,0,1,2,5,104,5
7750,A1,5,20,0,1,0,0,0,0,0,0,0,0,0,0,1,2,9,84,24
7750,B0,0,3,18,1,0,0,0,0,0,0,0,0,0,0,1,1,7,37,12
7750,B1,1,1,5,1,0,0,0,0,0,0,0,0,0,0,1,1,56,359,86
7750,B2,4,0,1,19,0,0,0,0,0,0,0,0,0,0,1,1,13,79,37
7750,C1,20,5,1,0,0,0,0,0,0,0,0,0,0,0,1,2,5,104,5
7760,A1,2,20,0,1,0,0,0,0,0,0,0,0,0,1,0,2,9,84,24
7760,B0,0,2,19,4,0,0,0,0,0,0,0,0,0,1,0,1,7,37,12
7760,B1,1,1,4,2,0,0,0,0,0,0,0,0,0,1,0,1,56,359,86
7760,B2,1,0,4,20,0,0,0,0,0,0,0,0,0,1,0,1,13,79,37
7760,C1,20,3,2,0,0,0,0,0,0,0,0,0,0,1,0,2,5,104,5
7770,A1,1,19,0,1,0,0,0,0,0,0,0,0,0,1,0,2,9,84,24
7770,B0,0,1,20,5,0,0,0,0,0,0,0,0,0,1,0,1,7,37,12
7770,B1,1,2,4,2,0,0,0,0,0,0,0,0,0,1,0,1,56,359,86
7770,B2,1,0,1,20,0,0,0,0,0,0,0,0,0,1,0,1,13,79,37
7770,C1,20,2,3,0,0,0,0,0,0,0,0,0,0,1,0,2,5,104,5
7780,A1,1,19,0,1,0,0,0,0,0,0,0,0,0,0,1,2,9,84,24
7780,B0,0,2,20,4,0,0,0,0,0,0,0,0,0,0,1,1,7,37,12
7780,B1,1,2,4,1,0,0,0,0,0,0,0,0,0,0,1,1,56,359,86
7780,B2,3,0,1,19,0,0,0,0,0,0,0,0,0,0,1,1,13,79,37
7780,C1,20,2,1,0,0,0,0,0,0,0,0,0,0,0,1,2,5,104,5
7790,A1,4,19,0,1,0,0,0,0,0,0,0,0,0,0,1,2,9,84,24
7790,B0,0,2,19,1,0,0,0,0,0,0,0,0,0,0,1,1,7,37,12
7790,B1,1,2,3,2,0,0,0,0,0,0,0,0,0,0,1,1,56,359,86
7790,B2,3,0,1,15,0,0,0,0,0,0,0,0,0,0,1,1,13,79,37
7790,C1,20,3,2,0,0,0,0,0,0,0,0,0,0,0,1,2,5,104,5
7800,A1,4,20,0,1,0,0,0,0,0,0,0,0,0,1,0,2,9,84,24
7800,B0,0,3,19,2,0,0,0,0,0,0,0,0,0,1,0,1,7,37,12
7800,B1,1,2,2,1,0,0,0,0,0,0,0,0,0,1,0,1,56,359,86
7800,B2,2,0,2,14,0,0,0,0,0,0,0,0,0,1,0,1,13,79,37
7800,C1,20,3,3,0,0,0,0,0,0,0,0,0,0,1,0,2,5,104,5
7810,A1,1,20,0,3,0,0,0,0,0,0,0,0,0,1,0,2,9,84,24
7810,B0,0,1,19,4,0,0,0,0,0,0,0,0,0,1,0,1,7,37,12
7810,B1,1,3,2,1,0,0,0,0,0,0,0,0,0,1,0,2,56,359,86
7810,B2,1,0,2,17,0,0,0,0,0,0,0,0,0,1,0,1,13,79,37
7810,C1,19,2,4,0,0,0,0,0,0,0,0,0,0,1,0,2,5,104,5
7820,A1,1,18,0,2,0,0,0,0,0,0,0,0,0,0,1,2,9,84,24
7820,B0,0,2,20,6,0,0,0,0,0,0,0,0,0,0,1,1,7,37,12
7820,B1,2,2,2,2,0,0,0,0,0,0,0,0,0,0,1,1,56,359,86
7820,B2,1,0,5,20,0,0,0,0,0,0,0,0,0,0,1,1,13,79,37
7820,C1,17,1,6,0,0,0,0,0,0,0,0,0,0,0,1,2,5,104,5
7830,A1,3,19,0,4,0,0,0,0,0,0,0,0,0,0,1,2,9,84,24
7830,B0,0,4,20,3,0,0,0,0,0,0,0,0,0,0,1,1,7,37,12
7830,B1,2,2,1,1,0,0,0,0,0,0,0,0,0,0,1,2,56,359,86
7830,B2,2,0,1,20,0,0,0,0,0,0,0,0,0,0,1,1,13,79,37
7830,C1,18,3,3,0,0,0,0,0,0,0,0,0,0,0,1,2,5,104,5
7840,A1,6,20,0,1,0,0,0,0,0,0,0,0,0,0,1,2,9,84,24
7840,B0,0,6,19,1,0,0,0,0,0,0,0,0,0,0,1,1,7,37,12
7840,B1,2,2,1,2,0,0,0,0,0,0,0,0,0,0,1,2,56,359,86
7840,B2,4,0,1,18,0,0,0,0,0,0,0,0,0,0,1,1,13,79,37
7840,C1,20,3,1,0,0,0,0,0,0,0,0,0,0,0,1,2,5,104,5
7850,A1,4,20,0,2,0,0,0,0,0,0,0,0,0,1,0,2,9,84,24
7850,B0,0,3,20,2,0,0,0,0,0,0,0,0,0,1,0,1,7,37,12
7850,B1,1,3,1,2,0,0,0,0,0,0,0,0,0,1,0,2,56,359,86
7850,B2,3,0,3,19,0,0,0,0,0,0,0,0,0,1,0,1,13,79,37
7850,C1,19,1,1,0,0,0,0,0,0,0,0,0,0,1,0,2,6,108,6
7860,A1,2,20,0,2,0,0,0,0,0,0,0,0,0,1,0,2,9,84,24
7860,B0,0,1,20,2,0,0,0,0,0,0,0,0,0,1,0,1,7,37,12
7860,B1,1,7,1,2,0,0,0,0,0,0,0,0,0,1,0,2,56,359,86
7860,B2,2,0,1,19,0,0,0,0,0,0,0,0,0,1,0,1,13,79,37
7860,C1,15,2,3,0,0,0,0,0,0,0,0,0,0,1,0,2,6,108,6
7870,A1,1,20,0,3,0,0,0,0,0,0,0,0,0,0,1,2,9,84,24
7870,B0,0,1,20,2,0,0,0,0,0,0,0,0,0,0,1,1,7,37,12
7870,B1,3,4,1,1,0,0,0,0,0,0,0,0,0,0,1,2,56,359,86
7870,B2,2,0,4,20,0,0,0,0,0,0,0,0,0,0,1,1,13,79,37
7870,C1,15,1,1,0,0,0,0,0,0,0,0,0,0,0,1,2,6,108,6
7880,A1,4,20,0,3,0,0,0,0,0,0,0,0,0,0,1,2,9,84,24
7880,B0,0,1,19,1,0,0,0,0,0,0,0,0,0,0,1,1,7,37,12
7880,B1,3,4,2,2,0,0,0,0,0,0,0,0,0,0,1,2,56,359,86
7880,B2,3,0,1,20,0,0,0,0,0,0,0,0,0,0,1,1,13,79,37
7880,C1,18,1,1,0,0,0,0,0,0,0,0,0,0,0,1,2,6,108,6
7890,A1,2,20,0,1,0,0,0,0,0,0,0,0,0,1,0,2,9,84,24
7890,B0,0,3,18,1,0,0,0,0,0,0,1,0,0,1,0,1,7,37,12
7890,B1,3,3,1,3,0,2,0,0,0,0,0,0,0,1,0,2,57,363,86
7890,B2,3,0,1,19,0,0,0,0,0,0,0,0,0,1,0,1,13,79,37
7890,C1,20,3,1,0,0,0,0,0,0,0,0,0,0,1,0,2,6,108,6
7900,A1,3,20,0,2,0,0,0,0,0,0,0,0,0,1,0,2,9,84,24
7900,B0,0,1,19,1,0,0,0,0,0,0,0,0,0,1,0,1,7,37,12
7900,B1,1,2,2,3,0,0,0,0,0,0,0,0,0,1,0,1,57,372,89
7900,B2,2,0,1,19,0,0,0,0,0,0,0,0,0,1,0,1,13,79,37
7900,C1,19,3,1,0,0,0,0,0,0,0,0,0,0,1,0,2,6,108,6
7910,A1,1,19,0,3,0,0,0,0,0,0,0,0,0,1,0,2,9,84,24
7910,B0,0,1,20,1,0,0,0,0,0,0,0,0,0,1,0,1,7,37,12
7910,B1,1,4,2,4,0,0,0,0,0,0,0,0,0,1,0,1,57,372,89
7910,B2,1,0,2,20,0,0,0,0,0,0,0,0,0,1,0,1,13,79,37
7910,C1,18,2,1,0,0,0,0,0,0,0,0,0,0,1,0,2,6,108,6
7920,A1,1,20,0,1,0,0,0,0,0,0,0,0,0,0,1,2,9,84,24
7920,B0,0,4,19,1,0,0,0,0,0,0,0,0,0,0,1,1,7,37,12
7920,B1,2,3,1,2,0,0,0,0,0,0,0,0,0,0,1,2,58,381,92
7920,B2,2,0,3,20,0,0,0,0,0,0,0,0,0,0,1,1,13,79,37
7920,C1,19,1,2,0,0,0,0,0,0,0,0,0,0,0,1,2,6,108,6
7930,A1,3,20,0,1,0,0,0,0,0,0,0,0,0,0,1,2,9,84,24
7930,B0,0,4,16,2,0,0,0,0,0,0,0,0,0,0,1,1,7,37,12
7930,B1,1,3,1,2,0,0,0,0,0,0,0,0,0,0,1,2,58,381,92
7930,B2,2,0,2,20,0,0,0,0,0,0,0,0,0,0,1,1,13,79,37
7930,C1,20,3,2,0,0,0,0,0,0,0,0,0,0,0,1,2,6,108,6
7940,A1,2,20,0,1,0,0,0,0,0,0,0,0,0,1,0,2,9,84,24
7940,B0,0,2,16,2,0,0,0,0,0,0,0,0,0,1,0,1,7,37,12
7940,B1,1,1,1,2,0,0,0,0,0,0,0,0,0,1,0,1,58,381,92
7940,B2,3,0,4,20,0,0,0,0,0,0,0,0,0,1,0,1,13,79,37
7940,C1,20,1,5,0,0,0,0,0,0,0,0,0,0,1,0,2,6,108,6
7950,A1,3,19,0,2,0,0,0,0,0,0,0,0,0,1,0,2,9,84,24
7950,B0,0,1,19,2,0,0,0,0,0,0,0,0,0,1,0,1,7,37,12
7950,B1,3,1,1,2,0,0,0,0,0,0,0,0,0,1,0,2,58,381,92
7950,B2,2,0,2,20,0,0,0,0,0,0,0,0,0,1,0,1,13,79,37
7950,C1,18,1,5,0,0,0,0,0,0,0,0,0,0,1,0,2,6,108,6
7960,A1,4,19,0,1,0,0,0,0,0,0,0,0,0,0,1,2,9,84,24
7960,B0,0,3,20,1,0,0,0,0,0,0,0,0,0,0,1,1,7,37,12
7960,B1,2,1,2,1,0,0,0,0,0,0,0,0,0,0,1,1,58,381,92
7960,B2,1,0,2,20,0,0,0,0,0,0,0,0,0,0,1,1,13,79,37
7960,C1,17,1,4,0,0,0,0,0,0,0,0,0,0,0,1,2,6,108,6
7970,A1,1,19,0,1,0,0,0,0,0,0,0,0,0,0,1,2,9,84,24
7970,B0,0,3,19,1,0,0,0,0,0,0,0,0,0,0,1,1,7,37,12
7970,B1,2,1,1,1,0,0,0,0,0,0,0,0,0,0,1,2,58,381,92
7970,B2,1,0,1,20,0,0,0,0,0,0,0,0,0,0,1,1,13,79,37
7970,C1,17,4,3,0,0,0,0,0,0,0,0,0,0,0,1,2,6,108,6
7980,A1,1,20,0,1,0,0,0,0,0,0,0,0,0,0,1,2,9,84,24
7980,B0,0,5,16,1,0,0,0,0,0,0,0,0,0,0,1,1,7,37,12
7980,B1,2,1,1,1,0,0,0,0,0,0,0,0,0,0,1,2,58,381,92
7980,B2,2,0,1,18,0,0,0,0,0,0,0,0,0,0,1,1,13,79,37
7980,C1,20,4,2,0,0,0,0,0,0,0,0,0,0,0,1,2,6,108,6
7990,A1,1,18,0,2,0,0,0,0,0,0,0,0,0,1,0,2,9,84,24
7990,B0,0,2,17,1,0,0,0,0,0,0,0,0,0,1,0,1,7,37,12
7990,B1,3,3,1,2,0,0,0,0,0,0,0,0,0,1,0,2,58,381,92
7990,B2,2,0,2,19,0,0,0,0,0,0,0,0,0,1,0,1,13,79,37
7990,C1,20,2,3,0,0,0,0,0,0,0,0,0,0,1,0,2,6,108,6
8000,A1,1,17,0,2,0,0,0,0,0,0,0,0,0,1,0,2,9,84,24
8000,B0,0,2,19,3,0,0,0,0,0,0,0,0,0,1,0,1,7,37,12
8000,B1,3,4,1,2,0,0,0,0,0,0,0,0,0,1,0,2,58,381,92
8000,B2,4,0,3,19,0,0,0,0,0,0,0,0,0,1,0,1,13,79,37
8000,C1,19,1,3,0,0,0,0,0,0,0,0,0,0,1,0,2,6,108,6
8010,A1,1,17,0,1,0,0,0,0,0,0,0,0,0,0,1,2,9,84,24
8010,B0,0,2,20,1,0,0,0,0,0,0,0,0,0,0,1,1,7,37,12
8010,B1,2,4,3,3,0,0,0,0,0,0,0,0,0,0,1,1,58,381,92
8010,B2,3,0,2,20,0,0,0,0,0,0,0,0,0,0,1,1,13,79,37
8010,C1,19,1,1,0,0,0,0,0,0,0,0,0,0,0,1,2,6,108,6
8020,A1,2,19,0,1,0,0,0,0,0,0,0,0,0,0,1,2,9,84,24
8020,B0,0,3,18,1,0,0,0,0,0,0,0,0,0,0,1,1,7,37,12
8020,B1,2,4,3,1,0,0,0,0,0,0,0,0,0,0,1,2,58,381,92
8020,B2,4,0,1,20,0,0,0,0,0,0,0,0,0,0,1,1,13,79,37
8020,C1,19,2,2,0,0,0,0,0,0,0,0,0,0,0,1,2,6,108,6
8030,A1,1,20,0,4,0,0,0,0,0,0,0,0,0,1,0,2,9,84,24
8030,B0,0,3,17,1,0,0,0,0,0,0,0,0,0,1,0,1,7,37,12
8030,B1,1,5,3,2,0,0,0,0,0,0,0,0,0,1,0,1,58,381,92
8030,B2,3,0,1,19,0,0,0,0,0,0,0,0,0,1,0,1,13,79,37
8030,C1,20,2,1,0,0,0,0,0,0,0,0,0,0,1,0,2,6,108,6
8040,A1,1,18,0,4,0,0,0,0,0,0,0,0,0,1,0,2,9,84,24
8040,B0,0,3,17,1,0,0,0,0,0,0,0,0,0,1,0,1,7,37,12
8040,B1,1,3,3,2,0,0,0,0,0,0,0,0,0,1,0,1,58,381,92
8040,B2,3,0,1,19,0,0,0,0,0,0,0,0,0,1,0,1,13,79,37
8040,C1,20,2,1,0,0,0,0,0,0,0,0,0,0,1,0,2,6,108,6
8050,A1,2,17,0,6,0,0,0,0,0,0,0,0,0,0,1,2,9,84,24
8050,B0,0,1,20,4,0,0,0,0,0,0,0,0,0,0,1,1,7,37,12
8050,B1,2,3,3,2,0,0,0,0,0,0,0,0,0,0,1,1,58,381,92
8050,B2,3,0,2,20,0,0,0,0,0,0,0,0,0,0,1,1,13,79,37
8050,C1,17,1,1,0,0,0,0,0,0,0,0,0,0,0,1,2,6,108,6
8060,A1,2,18,0,5,0,0,0,0,0,0,0,0,0,0,1,2,9,84,24
8060,B0,0,1,20,2,0,0,0,0,0,0,0,0,0,0,1,1,7,37,12
8060,B1,2,1,3,2,0,0,0,0,0,0,0,0,0,0,1,1,58,381,92
8060,B2,5,0,3,20,0,0,0,0,0,0,0,0,0,0,1,1,13,79,37
8060,C1,18,5,1,0,0,0,0,0,0,0,0,0,0,0,1,2,6,108,6
8070,A1,3,20,0,4,0,0,0,0,0,0,0,0,0,0,1,2,9,84,24
8070,B0,0,2,20,1,0,0,0,0,0,0,0,0,0,0,1,1,7,37,12
8070,B1,2,1,2,1,0,0,0,0,0,0,0,0,0,0,1,1,58,381,92
8070,B2,6,0,3,19,0,0,0,0,0,0,0,0,0,0,1,1,13,79,37
8070,C1,19,2,3,0,0,0,0,0,0,0,0,0,0,0,1,2,6,108,6
8080,A1,1,20,0,6,0,0,0,0,0,0,0,0,0,1,0,2,9,84,24
8080,B0,0,1,20,3,0,0,0,0,0,0,0,0,0,1,0,1,8,43,13
8080,B1,2,1,1,1,0,0,0,0,0,0,0,0,0,1,0,2,58,381,92
8080,B2,4,0,1,20,0,0,0,0,0,0,0,0,0,1,0,1,13,79,37
8080,C1,20,2,4,0,0,0,0,0,0,0,0,0,0,1,0,2,6,108,6
8090,A1,1,18,0,5,0,0,0,0,0,0,0,0,0,1,0,2,9,84,24
8090,B0,0,1,20,2,0,0,0,0,0,0,0,0,0,1,0,1,8,43,13
8090,B1,2,2,1,1,0,0,0,0,0,0,0,0,0,1,0,2,58,381,92
8090,B2,3,0,2,20,0,0,0,0,0,0,0,0,0,1,0,1,13,79,37
8090,C1,18,2,5,0,0,0,0,0,0,0,0,0,0,1,0,2,6,108,6
8100,A1,1,17,0,5,0,0,0,0,0,0,0,0,0,0,1,2,9,84,24
8100,B0,0,2,20,1,0,0,0,0,0,0,0,0,0,0,1,1,8,43,13
8100,B1,1,1,2,3,0,0,0,0,0,0,0,0,0,0,1,1,58,381,92
8100,B2,5,0,1,20,0,0,0,0,0,0,0,0,0,0,1,1,13,79,37
8100,C1,18,1,4,0,0,0,0,0,0,0,0,0,0,0,1,2,6,108,6
8110,A1,2,17,0,1,0,0,0,0,0,0,0,0,0,0,1,2,9,84,24
8110,B0,0,2,19,3,0,0,0,0,0,0,0,0,0,0,1,1,8,43,13
8110,B1,1,1,3,3,0,0,0,0,0,0,0,0,0,0,1,1,58,381,92
8110,B2,6,0,2,19,0,0,0,0,0,0,0,0,0,0,1,1,13,79,37
8110,C1,18,2,1,0,0,0,0,0,0,0,0,0,0,0,1,2,6,108,6
8120,A1,1,20,0,1,0,0,0,0,0,0,0,0,0,1,0,2,9,84,24
8120,B0,0,2,18,3,0,0,0,0,0,0,0,0,0,1,0,1,8,43,13
8120,B1,1,1,2,2,0,0,0,0,0,0,0,0,0,1,0,1,58,381,92
8120,B2,7,0,1,18,0,0,0,0,0,0,0,0,0,1,0,1,13,79,37
8120,C1,20,3,1,0,0,0,0,0,0,0,0,0,0,1,0,2,6,108,6
8130,A1,1,17,0,1,0,0,0,0,0,0,0,0,0,1,0,2,9,84,24
8130,B0,0,1,19,1,0,0,0,0,0,0,0,0,0,1,0,1,8,43,13
8130,B1,2,2,2,2,0,0,0,0,0,0,0,0,0,1,0,1,58,381,92
8130,B2,3,0,3,19,0,0,0,0,0,0,0,0,0,1,0,1,13,79,37
8130,C1,17,2,1,0,0,0,0,0,0,0,0,0,0,1,0,2,6,108,6
8140,A1,1,15,0,1,0,0,0,0,0,0,0,0,0,1,0,2,9,84,24
8140,B0,0,3,20,1,0,0,0,0,0,0,0,0,0,1,0,1,8,43,13
8140,B1,5,1,2,2,0,0,0,0,0,0,0,0,0,1,0,2,58,381,92
8140,B2,1,0,3,20,0,0,0,0,0,0,0,0,0,1,0,1,13,79,37
8140,C1,13,1,1,0,0,0,0,0,0,0,0,0,0,1,0,2,6,108,6
8150,A1,1,17,0,2,0,0,0,0,0,0,0,0,0,0,1,2,9,84,24
8150,B0,0,3,18,1,0,0,0,0,0,0,0,0,0,0,1,1,8,43,13
8150,B1,3,2,3,3,0,0,0,0,0,0,0,0,0,0,1,1,58,381,92
8150,B2,1,0,5,17,0,0,0,0,0,0,0,0,0,0,1,1,13,79,37
8150,C1,15,1,1,0,0,0,0,0,0,0,0,0,0,0,1,2,6,108,6
8160,A1,3,19,0,1,0,0,0,0,0,0,0,0,0,0,1,2,9,84,24
8160,B0,0,3,16,4,0,0,0,0,0,0,0,0,0,0,1,1,8,43,13
8160,B1,3,1,2,5,0,0,0,0,0,0,0,0,0,0,1,1,58,381,92
8160,B2,1,0,1,13,0,0,0,0,0,0,0,0,0,0,1,1,13,79,37
8160,C1,19,1,1,0,0,0,0,0,0,0,0,0,0,0,1,2,6,108,6
8170,A1,1,19,0,1,0,0,0,0,0,0,0,0,0,1,0,2,9,84,24
8170,B0,0,3,16,2,0,0,0,0,0,0,0,0,0,1,0,1,8,43,13
8170,B1,3,1,1,4,0,0,0,0,0,0,0,0,0,1,0,1,58,381,92
8170,B2,2,0,4,14,0,0,0,0,0,0,0,0,0,1,0,1,13,79,37
8170,C1,18,3,1,0,0,0,0,0,0,0,0,0,0,1,0,2,6,108,6
8180,A1,1,15,0,1,0,0,0,0,0,0,0,0,0,1,0,2,9,84,24
8180,B0,0,1,18,5,0,0,0,0,0,0,0,0,0,1,0,1,8,43,13
8180,B1,3,5,1,4,0,0,0,0,0,0,0,0,0,1,0,2,58,381,92
8180,B2,1,0,5,18,0,0,0,0,0,0,0,0,0,1,0,1,13,79,37
8180,C1,14,1,4,0,0,0,0,0,0,0,0,0,0,1,0,2,6,108,6
8190,A1,1,14,0,1,0,0,0,0,0,0,0,0,0,0,1,2,10,88,25
8190,B0,0,1,20,4,0,0,0,0,0,0,0,0,0,0,1,1,8,43,13
8190,B1,2,4,1,4,0,0,0,0,0,0,0,0,0,0,1,2,58,381,92
8190,B2,1,0,4,20,0,0,0,0,0,0,0,0,0,0,1,1,13,79,37
8190,C1,13,3,3,0,0,0,0,0,0,0,0,0,0,0,1,2,6,108,6
8200,A1,1,16,0,1,0,0,0,0,0,0,0,0,0,0,1,2,10,88,25
8200,B0,0,1,20,1,0,0,0,0,0,0,0,0,0,0,1,1,8,43,13
8200,B1,3,5,2,7,0,0,0,0,0,0,0,0,0,0,1,2,58,381,92
8200,B2,4,0,3,20,0,0,0,0,0,0,0,0,0,0,1,1,13,79,37
8200,C1,17,2,1,0,0,0,0,0,0,0,0,0,0,0,1,2,6,108,6
8210,A1,1,20,0,1,0,0,0,0,0,0,0,0,0,0,1,2,10,88,25
8210,B0,0,1,18,2,0,0,0,0,0,0,0,0,0,0,1,1,8,43,13
8210,B1,3,5,2,5,0,0,0,0,0,0,0,0,0,0,1,2,58,381,92
8210,B2,5,0,2,19,0,0,0,0,0,0,0,0,0,0,1,1,13,79,37
8210,C1,20,2,1,0,0,0,0,0,0,0,0,0,0,0,1,2,6,108,6
8220,A1,1,18,0,2,0,0,0,0,0,0,0,0,0,1,0,2,10,88,25
8220,B0,0,1,19,4,0,0,0,0,0,0,0,0,0,1,0,1,8,43,13
8220,B1,5,2,2,4,0,0,0,0,0,0,0,0,0,1,0,1,58,381,92
8220,B2,4,0,1,20,0,0,0,0,0,0,0,0,0,1,0,1,13,79,37
8220,C1,19,2,3,0,0,0,0,0,0,0,0,0,0,1,0,2,6,108,6
8230,A1,2,16,0,2,0,0,0,0,0,0,0,0,0,1,0,2,10,88,25
8230,B0,0,1,20,2,0,0,0,0,0,0,0,0,0,1,0,1,8,43,13
8230,B1,5,1,2,4,0,0,0,0,0,0,0,0,0,1,0,1,58,381,92
8230,B2,5,0,2,20,0,0,0,0,0,0,0,0,0,1,0,1,13,79,37
8230,C1,15,1,3,0,0,0,0,0,0,0,0,0,0,1,0,2,6,108,6
8240,A1,3,16,0,1,0,0,0,0,0,0,0,0,0,0,1,2,10,88,25
8240,B0,0,3,20,1,0,0,0,0,0,0,0,0,0,0,1,1,8,43,13
8240,B1,4,1,2,4,0,0,0,0,0,0,0,0,0,0,1,1,58,381,92
8240,B2,4,0,1,20,0,0,0,0,0,0,0,0,0,0,1,1,13,79,37
8240,C1,15,2,4,0,0,0,0,0,0,0,0,0,0,0,1,2,6,108,6
8250,A1,4,19,0,3,0,0,0,0,0,0,0,0,0,0,1,2,10,88,25
8250,B0,0,5,17,4,0,0,0,0,0,0,0,0,0,0,1,1,8,43,13
8250,B1,4,1,3,3,0,0,0,0,0,0,0,0,0,0,1,1,58,381,92
8250,B2,5,0,1,16,0,0,0,0,0,0,0,0,0,0,1,1,13,79,37
8250,C1,18,2,2,0,0,0,0,0,0,0,0,0,0,0,1,2,6,108,6
8260,A1,4,20,0,3,0,0,0,0,0,0,0,0,0,1,0,2,10,88,25
8260,B0,0,5,17,1,0,0,0,0,0,0,0,0,0,1,0,1,8,43,13
8260,B1,3,1,2,3,0,0,0,0,0,0,0,0,0,1,0,1,58,381,92
8260,B2,4,0,1,16,0,0,0,0,0,0,0,0,0,1,0,1,13,79,37
8260,C1,20,4,3,0,0,0,0,0,0,0,0,0,0,1,0,2,6,108,6
8270,A1,1,20,0,5,0,0,0,0,0,0,0,0,0,1,0,2,10,88,25
8270,B0,0,1,19,4,0,0,0,0,0,0,0,0,0,1,0,1,8,43,13
8270,B1,1,2,2,3,0,0,0,0,0,0,0,0,0,1,0,1,58,381,92
8270,B2,1,0,2,17,0,0,0,0,0,0,0,0,0,1,0,1,13,79,37
8270,C1,20,4,2,0,0,0,0,0,0,0,0,0,0,1,0,2,6,108,6
8280,A1,1,19,0,7,0,0,0,0,0,0,0,0,0,0,1,2,10,88,25
8280,B0,0,1,20,4,0,0,0,0,0,0,0,0,0,0,1,1,8,43,13
8280,B1,1,1,2,4,0,0,0,0,0,0,0,0,0,0,1,1,58,381,92
8280,B2,2,0,4,20,0,0,0,0,0,0,0,0,0,0,1,1,13,79,37
8280,C1,18,2,2,0,0,0,0,0,0,0,0,0,0,0,1,2,6,108,6
8290,A1,1,19,0,5,0,0,0,0,0,0,0,0,0,0,1,2,10,88,25
8290,B0,0,1,20,2,0,0,0,0,0,0,0,0,0,0,1,1,8,43,13
8290,B1,1,1,3,2,0,0,0,0,0,0,0,0,0,0,1,1,58,381,92
8290,B2,3,0,2,19,0,0,0,0,0,0,0,0,0,0,1,1,13,79,37
8290,C1,19,3,2,0,0,0,0,0,0,0,0,0,0,0,1,2,6,108,6
8300,A1,2,19,0,2,0,0,0,0,0,0,0,0,0,0,1,2,10,88,25
8300,B0,0,1,17,1,0,0,0,0,0,0,0,0,0,0,1,1,8,43,13
8300,B1,2,1,3,3,0,0,0,0,0,0,0,0,0,0,1,1,58,381,92
8300,B2,4,0,1,17,0,0,0,0,0,0,0,0,0,0,1,1,13,79,37
8300,C1,20,3,1,0,0,0,0,0,0,0,0,0,0,0,1,2,6,108,6
8310,A1,2,19,0,6,0,0,0,0,0,0,0,0,0,1,0,2,10,88,25
8310,B0,0,2,18,3,0,0,0,0,0,0,0,0,0,1,0,1,8,43,13
8310,B1,1,1,2,1,0,0,0,0,0,0,0,0,0,1,0,1,58,381,92
8310,B2,3,0,1,19,0,0,0,0,0,0,0,0,0,1,0,1,13,79,37
8310,C1,20,5,1,0,0,0,0,0,0,0,0,0,0,1,0,2,6,108,6
8320,A1,2,18,0,6,0,0,0,0,0,0,0,0,0,1,0,2,10,88,25
8320,B0,0,1,19,3,0,0,0,0,0,0,0,0,0,1,0,1,8,43,13
8320,B1,3,2,2,1,0,0,0,0,0,0,0,0,0,1,0,2,58,381,92
8320,B2,1,0,2,19,0,0,0,0,0,0,0,0,0,1,0,1,13,79,37
8320,C1,19,2,1,0,0,0,0,0,0,0,0,0,0,1,0,2,6,108,6
8330,A1,4,18,0,6,0,0,0,0,0,0,0,0,0,0,1,2,10,88,25
8330,B0,0,1,19,1,0,0,0,0,0,0,0,0,0,0,1,1,8,43,13
8330,B1,2,1,3,2,0,0,0,0,0,0,0,0,0,0,1,1,58,381,92
8330,B2,3,0,2,20,0,0,0,0,0,0,0,0,0,0,1,1,13,79,37
8330,C1,19,1,1,0,0,0,0,0,0,0,0,0,0,0,1,2,6,108,6
8340,A1,4,19,0,2,0,0,0,0,0,0,0,0,0,0,1,2,10,88,25
8340,B0,0,1,19,1,0,0,0,0,0,0,0,0,0,0,1,1,8,43,13
8340,B1,2,1,2,5,0,0,0,0,0,0,0,0,0,0,1,1,58,381,92
8340,B2,3,0,2,20,0,0,0,0,0,0,0,0,0,0,1,1,13,79,37
8340,C1,20,2,1,0,0,0,0,0,0,0,0,0,0,0,1,2,6,108,6
8350,A1,7,20,0,1,0,0,0,0,0,0,0,0,0,1,0,2,10,88,25
8350,B0,0,1,19,1,0,0,0,0,0,0,0,0,0,1,0,1,8,43,13
8350,B1,1,3,2,2,0,0,1,0,0,0,0,0,0,1,0,2,59,385,92
8350,B2,3,0,1,19,0,0,0,0,0,1,0,0,0,1,0,1,13,79,37
8350,C1,20,3,2,0,0,0,1,0,0,0,0,0,0,1,0,2,7,112,6
8360,A1,3,20,0,3,0,0,0,0,0,0,0,0,0,1,0,2,10,88,25
8360,B0,0,1,20,1,0,0,0,0,0,0,0,0,0,1,0,1,8,43,13
8360,B1,1,1,2,2,0,0,0,0,0,0,0,0,0,1,0,1,59,385,93
8360,B2,2,0,4,20,0,0,0,0,0,0,0,0,0,1,0,1,13,79,37
8360,C1,19,1,3,0,0,0,0,0,0,0,0,0,0,1,0,2,7,112,7
8370,A1,3,19,0,3,0,0,0,0,0,0,0,0,0,1,0,2,10,88,25
8370,B0,0,1,20,2,0,0,0,0,0,0,0,0,0,1,0,1,8,43,13
8370,B1,1,1,2,2,0,0,0,0,0,0,0,0,0,1,0,1,59,385,93
8370,B2,2,0,6,20,0,0,0,0,0,0,0,0,0,1,0,1,13,79,37
8370,C1,15,1,2,0,0,0,0,0,0,0,0,0,0,1,0,2,7,112,7
8380,A1,2,20,0,1,0,0,0,0,0,0,0,0,0,0,1,2,10,88,25
8380,B0,0,3,20,4,0,0,0,0,0,0,0,0,0,0,1,1,8,43,13
8380,B1,1,1,3,2,0,0,0,0,0,0,0,0,0,0,1,1,59,385,93
8380,B2,3,0,4,20,0,0,0,0,0,0,0,0,0,0,1,1,13,79,37
8380,C1,16,1,1,0,0,0,0,0,0,0,0,0,0,0,1,2,7,112,7
8390,A1,3,20,0,1,0,0,0,0,0,0,0,0,0,0,1,2,10,88,25
8390,B0,0,3,20,2,0,0,0,0,0,0,0,0,0,0,1,1,8,43,13
8390,B1,1,1,2,1,0,0,0,0,0,0,0,0,0,0,1,1,59,385,93
8390,B2,3,0,1,20,0,0,0,0,0,0,0,0,0,0,1,1,13,79,37
8390,C1,19,2,1,0,0,0,0,0,0,0,0,0,0,0,1,2,7,112,7
8400,A1,3,20,0,3,0,0,0,0,0,0,0,0,0,1,0,2,10,88,25
8400,B0,0,1,19,3,0,0,0,0,0,0,0,0,0,1,0,1,9,51,15
8400,B1,3,1,2,3,0,0,0,0,0,0,0,0,0,1,0,1,61,393,95
8400,B2,1,0,3,20,0,0,0,0,0,0,0,0,0,1,0,1,13,79,37
8400,C1,20,1,2,0,0,0,0,0,0,0,0,0,0,1,0,2,7,112,7
8410,A1,2,20,0,2,0,0,0,0,0,0,0,0,0,1,0,2,10,88,25
8410,B0,0,2,20,1,0,0,0,0,0,0,0,0,0,1,0,1,9,51,15
8410,B1,2,2,2,3,0,0,0,0,0,0,0,0,0,1,0,1,61,393,95
8410,B2,2,0,4,20,0,0,0,0,0,0,0,0,0,1,0,1,13,79,37
8410,C1,18,1,3,0,0,0,0,0,0,0,0,0,0,1,0,2,7,112,7
8420,A1,1,20,0,1,0,0,0,0,0,0,0,0,0,0,1,2,10,88,25
8420,B0,0,2,20,1,0,0,0,0,0,0,0,0,0,0,1,1,9,51,15
8420,B1,1,1,3,3,0,0,0,0,0,0,0,0,0,0,1,1,61,393,95
8420,B2,2,0,6,20,0,0,0,0,0,0,0,0,0,0,1,1,13,79,37
8420,C1,18,2,2,0,0,0,0,0,0,0,0,0,0,0,1,2,7,112,7
8430,A1,1,20,0,1,0,0,0,0,0,0,0,0,0,0,1,2,10,88,25
8430,B0,0,3,19,1,0,0,0,0,0,0,0,0,0,0,1,1,9,51,15
8430,B1,2,1,1,4,0,0,0,0,0,0,0,0,0,0,1,1,61,393,95
8430,B2,3,0,6,20,0,0,0,0,0,0,0,0,0,0,1,1,13,79,37
8430,C1,19,3,1,0,0,0,0,0,0,0,0,0,0,0,1,2,7,112,7
8440,A1,2,20,0,2,0,0,0,0,0,0,0,0,0,0,1,2,10,88,25
8440,B0,0,4,18,1,0,0,0,0,0,0,0,0,0,0,1,1,9,51,15
8440,B1,3,2,1,4,0,0,0,0,0,0,0,0,0,0,1,1,61,393,95
8440,B2,4,0,3,19,0,0,0,0,0,0,0,0,0,0,1,1,13,79,37
8440,C1,20,4,1,0,0,0,0,0,0,0,0,0,0,0,1,2,7,112,7
8450,A1,1,20,0,2,0,0,0,0,0,0,0,0,0,1,0,2,10,88,25
8450,B0,0,2,19,3,0,0,0,0,0,0,0,0,0,1,0,1,9,51,15
8450,B1,1,2,1,4,0,0,0,0,0,0,0,0,0,1,0,1,61,393,95
8450,B2,3,0,3,20,0,0,0,0,0,0,0,0,0,1,0,1,13,79,37
8450,C1,20,2,3,0,0,0,0,0,0,0,0,0,0,1,0,2,7,112,7
8460,A1,1,16,0,2,0,0,0,0,0,0,0,0,0,1,0,2,10,88,25
8460,B0,0,1,20,1,0,0,0,0,0,0,0,0,0,1,0,1,9,51,15
8460,B1,1,1,1,4,0,0,0,0,0,0,0,0,0,1,0,1,61,393,95
8460,B2,2,0,6,20,0,0,0,0,0,0,0,0,0,1,0,1,13,79,37
8460,C1,20,3,3,0,0,0,0,0,0,0,0,0,0,1,0,2,7,112,7
8470,A1,1,17,0,1,0,0,0,0,0,0,0,0,0,0,1,2,10,88,25
8470,B0,0,2,19,1,0,0,0,0,0,0,0,0,0,0,1,1,9,51,15
8470,B1,1,1,2,4,0,0,0,0,0,0,0,0,0,0,1,1,61,393,95
8470,B2,3,0,5,20,0,0,0,0,0,0,0,0,0,0,1,1,13,79,37
8470,C1,20,3,3,0,0,0,0,0,0,0,0,0,0,0,1,2,7,112,7
8480,A1,1,18,0,4,0,0,0,0,0,0,0,0,0,0,1,2,10,88,25
8480,B0,0,3,16,1,0,0,0,0,0,0,0,0,0,0,1,1,9,51,15
8480,B1,1,1,3,3,0,0,0,0,0,0,0,0,0,0,1,1,61,393,95
8480,B2,3,0,2,20,0,0,0,0,0,0,0,0,0,0,1,1,13,79,37
8480,C1,20,2,1,0,0,0,0,0,0,0,0,0,0,0,1,2,7,112,7
8490,A1,2,20,0,6,0,0,0,0,0,0,0,0,0,1,0,2,10,88,25
8490,B0,0,2,15,2,0,0,0,0,0,0,0,0,0,1,0,1,9,51,15
8490,B1,2,1,1,3,0,0,0,0,0,0,0,0,0,1,0,1,61,393,95
8490,B2,2,0,1,20,0,0,0,0,0,0,0,0,0,1,0,1,13,79,37
8490,C1,20,4,2,0,0,0,0,0,0,0,0,0,0,1,0,2,7,112,7
8500,A1,1,20,0,7,0,0,0,0,0,0,0,0,0,1,0,2,10,88,25
8500,B0,0,1,17,3,0,0,0,0,0,0,0,0,0,1,0,1,9,51,15
8500,B1,4,1,2,3,0,0,0,0,0,0,0,0,0,1,0,1,61,393,95
8500,B2,1,0,2,20,0,0,0,0,0,0,0,0,0,1,0,1,13,79,37
8500,C1,20,1,2,0,0,0,0,0,0,0,0,0,0,1,0,2,7,112,7
8510,A1,2,19,0,6,0,0,0,0,0,0,0,0,0,0,1,2,10,88,25
8510,B0,0,2,20,4,0,0,0,0,0,0,0,0,0,0,1,1,9,51,15
8510,B1,3,1,2,4,0,0,0,0,0,0,0,0,1,0,1,1,61,393,95
8510,B2,1,0,3,20,0,0,0,0,0,0,0,0,0,0,1,1,13,79,37
8510,C1,19,1,3,0,0,0,0,2,0,0,0,0,0,0,1,1,8,113,7
8520,A1,1,20,0,4,0,0,0,0,0,0,0,0,0,0,1,2,10,88,25
8520,B0,0,2,20,3,0,0,0,0,0,0,0,0,0,0,1,1,9,51,15
8520,B1,3,1,1,3,0,0,0,0,0,0,0,0,0,0,1,1,61,393,95
8520,B2,1,0,2,20,0,0,0,0,0,0,0,0,0,0,1,1,13,79,37
8520,C1,20,3,1,0,0,0,0,0,0,0,0,0,0,0,1,2,8,120,9
8530,A1,1,20,0,1,0,0,0,0,0,0,0,0,0,0,1,2,10,88,25
8530,B0,0,2,20,1,0,0,0,0,0,0,0,0,0,0,1,1,9,51,15
8530,B1,3,1,1,1,0,0,0,0,0,0,0,0,0,0,1,2,61,393,95
8530,B2,1,0,2,19,0,0,0,0,0,0,0,0,0,0,1,1,13,79,37
8530,C1,20,2,2,0,0,0,0,0,0,0,0,0,0,0,1,2,8,120,9
8540,A1,1,20,0,4,0,0,0,0,0,0,0,0,0,1,0,2,10,88,25
8540,B0,0,1,20,1,0,0,0,0,0,0,0,0,0,1,0,1,9,51,15
8540,B1,1,1,1,1,0,0,0,0,0,0,0,0,0,1,0,1,62,408,96
8540,B2,1,0,2,20,0,0,0,0,0,0,0,0,0,1,0,1,13,79,37
8540,C1,20,3,3,0,0,0,0,0,0,0,0,0,0,1,0,2,8,120,9
8550,A1,1,17,0,4,0,0,0,0,0,0,0,0,0,1,0,2,10,88,25
8550,B0,0,1,20,3,0,0,0,0,0,0,0,0,0,1,0,1,9,51,15
8550,B1,1,2,1,1,0,0,0,0,0,0,0,0,0,1,0,2,62,408,96
8550,B2,1,0,3,20,0,0,0,0,0,0,0,0,0,1,0,1,13,79,37
8550,C1,20,2,3,0,0,0,0,0,0,0,0,0,0,1,0,2,8,120,9
8560,A1,1,16,0,2,0,0,0,0,0,0,0,0,0,0,1,2,10,88,25
8560,B0,0,1,20,2,0,0,0,0,0,0,0,0,0,0,1,1,9,51,15
8560,B1,2,1,1,2,0,0,0,0,0,0,0,0,0,0,1,1,63,410,97
8560,B2,2,0,2,20,0,0,0,0,0,0,0,0,0,0,1,1,13,79,37
8560,C1,20,2,1,0,0,0,0,0,0,0,0,0,0,0,1,2,8,120,9
8570,A1,4,17,0,1,0,0,0,0,0,0,0,0,0,0,1,2,10,88,25
8570,B0,0,1,18,1,0,0,0,0,0,0,0,0,0,0,1,1,9,51,15
8570,B1,1,1,1,1,0,0,0,0,0,0,0,0,0,0,1,1,63,410,97
8570,B2,2,0,1,19,0,0,0,0,0,0,0,0,0,0,1,1,13,79,37
8570,C1,20,4,1,0,0,0,0,0,0,0,0,0,0,0,1,2,8,120,9
8580,A1,6,20,0,1,0,0,0,0,0,0,0,0,0,1,0,2,10,88,25
8580,B0,0,1,16,1,0,0,1,0,0,0,0,0,0,1,0,2,10,55,15
8580,B1,1,1,3,2,0,0,0,0,0,1,0,0,0,1,0,1,63,410,97
8580,B2,2,0,3,17,0,0,0,0,0,0,0,0,0,1,0,1,13,79,37
8580,C1,20,4,2,0,0,0,0,0,0,0,0,0,0,1,0,2,8,120,9
8590,A1,3,20,0,1,0,0,0,0,0,0,0,0,0,1,0,2,10,88,25
8590,B0,0,1,17,2,0,0,1,0,0,0,0,0,0,1,0,2,10,75,15
8590,B1,1,1,1,2,0,0,0,0,0,1,0,0,0,1,0,1,63,410,97
8590,B2,1,0,4,18,0,0,0,0,0,0,0,0,0,1,0,1,13,79,37
8590,C1,20,2,2,0,0,0,0,0,0,0,0,0,0,1,0,2,8,120,9
8600,A1,1,19,0,2,0,0,0,0,0,0,0,0,0,1,0,2,10,88,25
8600,B0,0,1,20,2,0,0,0,0,0,0,0,0,0,1,0,1,10,77,16
8600,B1,3,3,1,2,0,0,0,0,0,0,0,0,0,1,0,2,63,410,97
8600,B2,1,0,5,20,0,0,0,0,0,0,0,0,0,1,0,1,13,79,37
8600,C1,18,1,3,0,0,0,0,0,0,0,0,0,0,1,0,2,8,120,9
8610,A1,3,20,0,1,0,0,0,0,0,0,0,0,0,0,1,2,10,88,25
8610,B0,0,1,20,1,0,0,0,0,0,0,0,0,0,0,1,1,10,77,16
8610,B1,3,3,1,1,0,0,0,0,0,0,0,0,0,0,1,2,63,410,97
8610,B2,3,0,2,20,0,0,0,0,0,0,0,0,0,0,1,1,13,79,37
8610,C1,19,2,3,0,0,0,0,0,0,0,0,0,0,0,1,2,8,120,9
8620,A1,5,20,0,1,0,0,0,0,0,0,0,0,0,0,1,2,10,88,25
8620,B0,0,1,19,2,0,0,0,0,0,0,0,0,0,0,1,1,10,77,16
8620,B1,3,3,2,2,0,0,0,0,0,0,0,0,0,0,1,2,63,410,97
8620,B2,3,0,3,18,0,0,0,0,0,0,0,0,0,0,1,1,13,79,37
8620,C1,19,1,3,0,0,0,0,0,0,0,0,0,0,0,1,2,8,120,9
8630,A1,3,20,0,3,0,0,0,0,0,0,0,0,0,1,0,2,10,88,25
8630,B0,0,1,19,1,0,0,0,0,0,0,0,0,0,1,0,1,10,77,16
8630,B1,2,3,2,2,0,0,0,0,0,0,0,0,0,1,0,2,63,410,97
8630,B2,2,0,1,18,0,0,0,0,0,0,0,0,0,1,0,1,13,79,37
8630,C1,20,1,5,0,0,0,0,0,0,0,0,0,0,1,0,2,8,120,9
8640,A1,1,20,0,1,0,0,0,0,0,0,0,0,0,1,0,2,10,88,25
8640,B0,0,1,20,4,0,0,0,0,0,0,0,0,0,1,0,1,10,77,16
8640,B1,2,2,2,2,0,0,0,0,0,0,0,0,0,1,0,1,63,410,97
8640,B2,2,0,3,18,0,0,0,0,0,0,0,0,0,1,0,1,13,79,37
8640,C1,20,2,5,0,0,0,0,0,0,0,0,0,0,1,0,2,8,120,9
8650,A1,2,19,0,1,0,0,0,0,0,0,0,0,0,0,1,2,10,88,25
8650,B0,0,1,20,6,0,0,0,0,0,0,0,0,0,0,1,1,10,77,16
8650,B1,4,2,2,3,0,0,0,0,0,0,0,0,0,0,1,2,63,410,97
8650,B2,2,0,3,20,0,0,0,0,0,0,0,0,0,0,1,1,13,79,37
8650,C1,20,1,5,0,0,0,0,0,0,0,0,0,0,0,1,2,8,120,9
8660,A1,4,19,0,1,0,0,0,0,0,0,0,0,0,0,1,2,10,88,25
8660,B0,0,1,20,2,0,0,0,0,0,0,0,0,0,0,1,1,10,77,16
8660,B1,3,2,1,2,0,0,0,0,0,0,0,0,0,0,1,2,63,410,97
8660,B2,4,0,5,20,0,0,0,0,0,0,0,0,0,0,1,1,13,79,37
8660,C1,20,2,6,0,0,0,0,0,0,0,0,0,0,0,1,2,8,120,9
8670,A1,2,20,0,1,0,0,0,0,0,0,0,0,0,0,1,2,10,88,25
8670,B0,0,1,19,1,0,0,0,0,0,0,0,0,0,0,1,1,10,77,16
8670,B1,3,2,1,3,0,0,0,0,0,0,0,0,0,0,1,2,63,410,97
8670,B2,4,0,1,17,0,0,0,0,0,0,0,0,0,0,1,1,13,79,37
8670,C1,20,4,5,0,0,0,0,0,0,0,0,0,0,0,1,2,8,120,9
8680,A1,1,19,0,1,0,0,0,0,0,0,0,0,0,1,0,2,10,88,25
8680,B0,0,1,20,3,0,0,0,0,0,0,0,0,0,1,0,1,10,77,16
8680,B1,2,2,1,1,0,0,0,0,0,0,0,0,0,1,0,2,63,410,97
8680,B2,5,0,1,18,0,0,0,0,0,0,0,0,0,1,0,1,14,94,39
8680,C1,20,1,6,0,0,0,0,0,0,0,0,0,0,1,0,2,8,120,9
8690,A1,1,17,0,1,0,0,0,0,0,0,0,0,0,1,0,2,10,88,25
8690,B0,0,1,20,2,0,0,0,0,0,0,0,0,0,1,0,1,10,77,16
8690,B1,2,4,1,1,0,0,0,0,0,0,0,0,0,1,0,2,63,410,97
8690,B2,5,0,4,19,0,0,0,0,0,0,0,0,0,1,0,1,14,94,39
8690,C1,18,3,6,0,0,0,0,0,0,0,0,0,0,1,0,2,8,120,9
8700,A1,1,18,0,1,0,0,0,0,0,0,0,0,0,0,1,2,10,88,25
8700,B0,0,1,19,3,0,0,0,0,0,0,0,0,0,0,1,1,10,77,16
8700,B1,1,5,1,2,0,0,0,0,0,0,0,0,0,0,1,2,63,410,97
8700,B2,7,0,5,20,0,0,0,0,0,0,0,0,0,0,1,1,14,94,39
8700,C1,17,1,5,0,0,0,0,0,0,0,0,0,0,0,1,2,8,120,9
8710,A1,1,19,0,1,0,0,0,0,0,0,0,0,0,0,1,2,10,88,25
8710,B0,0,2,18,1,0,0,0,0,0,0,0,0,0,0,1,1,10,77,16
8710,B1,1,5,1,1,0,0,0,0,0,0,0,0,0,0,1,2,63,410,97
8710,B2,8,0,3,20,0,0,0,0,0,0,0,0,0,0,1,1,14,94,39
8710,C1,18,4,1,0,0,0,0,0,0,0,0,0,0,0,1,2,8,120,9
8720,A1,3,20,0,2,0,0,0,0,0,0,0,0,0,1,0,2,10,88,25
8720,B0,0,1,17,2,0,0,0,0,0,0,0,0,0,1,0,1,10,77,16
8720,B1,2,6,1,1,0,0,0,0,0,0,0,0,0,1,0,2,63,410,97
8720,B2,8,0,1,20,0,0,0,0,0,0,0,0,0,1,0,1,14,94,39
8720,C1,19,3,1,0,0,0,0,0,0,0,0,0,0,1,0,2,8,120,9
8730,A1,1,20,0,2,0,0,0,0,0,0,0,0,0,1,0,2,10,88,25
8730,B0,0,1,20,1,0,0,0,0,0,0,0,0,0,1,0,1,10,77,16
8730,B1,2,7,1,1,0,0,0,0,0,0,0,0,0,1,0,2,63,410,97
8730,B2,4,0,1,20,0,0,0,0,0,0,0,0,0,1,0,1,14,94,39
8730,C1,18,1,3,0,0,0,0,0,0,0,0,0,0,1,0,2,8,120,9
8740,A1,5,19,0,3,0,0,0,0,0,0,0,0,1,0,1,2,10,88,25
8740,B0,0,1,20,3,0,0,0,0,0,0,0,0,0,0,1,1,10,77,16
8740,B1,1,5,1,2,0,0,0,1,1,0,0,0,0,0,1,1,65,413,97
8740,B2,5,0,4,20,0,0,0,0,0,0,0,0,0,0,1,1,14,94,39
8740,C1,15,1,3,0,0,0,0,0,0,0,0,1,0,0,1,2,8,120,9
8750,A1,1,19,0,1,0,0,0,0,0,0,0,0,0,0,1,2,10,88,25
8750,B0,0,1,20,4,0,0,0,0,0,0,0,0,0,0,1,1,10,77,16
8750,B1,1,5,2,2,0,0,0,0,0,0,0,0,0,0,1,2,65,423,99
8750,B2,6,0,1,20,0,0,0,0,0,0,0,0,0,0,1,1,14,94,39
8750,C1,17,1,1,0,0,0,0,0,0,0,0,0,0,0,1,2,8,120,9
8760,A1,3,19,0,1,0,0,0,0,0,0,0,0,0,0,1,2,10,88,25
8760,B0,0,1,17,2,0,0,0,0,0,0,0,0,0,0,1,1,10,77,16
8760,B1,1,6,3,2,0,0,0,0,0,0,0,0,0,0,1,1,65,423,99
8760,B2,7,0,3,18,0,0,0,0,0,0,0,0,0,0,1,1,14,94,39
8760,C1,19,3,1,0,0,0,0,0,0,0,0,0,0,0,1,2,8,120,9
8770,A1,1,20,0,2,0,0,0,0,0,0,0,0,0,1,0,2,10,88,25
8770,B0,0,1,18,1,0,0,1,0,0,0,0,0,0,1,0,2,11,93,16
8770,B1,2,4,2,2,0,0,0,0,0,1,0,0,0,1,0,1,65,423,99
8770,B2,7,0,1,18,0,0,0,0,0,0,0,0,0,1,0,1,14,94,39
8770,C1,20,2,1,0,0,0,0,0,0,0,0,0,0,1,0,2,8,120,9
8780,A1,2,17,0,1,0,0,0,0,0,0,0,0,0,1,0,2,10,88,25
8780,B0,0,1,19,1,0,0,0,0,0,0,0,0,0,1,0,1,11,112,17
8780,B1,3,4,2,2,0,0,0,0,0,0,0,0,0,1,0,2,65,423,99
8780,B2,7,0,3,20,0,0,0,0,0,0,0,0,0,1,0,1,14,94,39
8780,C1,20,2,2,0,0,0,0,0,0,0,0,0,0,1,0,2,8,120,9
8790,A1,2,16,0,2,0,0,0,0,0,0,0,0,0,0,1,2,10,88,25
8790,B0,0,2,20,1,0,0,0,0,0,0,0,0,0,0,1,1,11,112,17
8790,B1,3,3,2,2,0,0,0,0,0,0,0,0,0,0,1,2,65,423,99
8790,B2,7,0,2,20,0,0,0,0,0,0,0,0,0,0,1,1,14,94,39
8790,C1,20,1,1,0,0,0,0,0,0,0,0,0,0,0,1,2,8,120,9
8800,A1,3,17,0,1,0,0,0,0,0,0,0,0,0,0,1,2,10,88,25
8800,B0,0,3,17,4,0,0,0,0,0,0,0,0,0,0,1,1,11,112,17
8800,B1,3,3,4,2,0,0,0,0,0,0,0,0,0,0,1,1,65,423,99
8800,B2,7,0,1,19,0,0,0,0,0,0,0,0,0,0,1,1,14,94,39
8800,C1,20,2,1,0,0,0,0,0,0,0,0,0,0,0,1,2,8,120,9
8810,A1,2,20,0,1,0,0,0,0,0,0,0,0,0,1,0,2,10,88,25
8810,B0,0,3,15,1,0,0,0,0,0,0,0,0,0,1,0,1,11,112,17
8810,B1,3,2,2,3,0,0,0,0,0,0,0,0,0,1,0,1,65,423,99
8810,B2,8,0,1,18,0,0,0,0,0,0,0,0,0,1,0,1,14,94,39
8810,C1,20,3,1,0,0,0,0,0,0,0,0,0,0,1,0,2,8,120,9
8820,A1,2,20,0,1,0,0,0,0,0,0,0,0,0,1,0,2,10,88,25
8820,B0,0,1,16,3,0,0,0,0,0,0,0,0,0,1,0,1,11,112,17
8820,B1,6,3,2,3,0,0,0,0,0,0,0,0,0,1,0,2,65,423,99
8820,B2,4,0,3,19,0,0,0,0,0,0,0,0,0,1,0,1,14,94,39
8820,C1,17,2,4,0,0,0,0,0,0,0,0,0,0,1,0,2,8,120,9
8830,A1,1,19,0,1,0,0,0,0,0,0,0,0,0,1,0,2,10,88,25
8830,B0,0,1,19,3,0,0,0,0,0,0,0,0,0,1,0,1,11,112,17
8830,B1,5,2,2,3,0,0,0,0,0,0,0,0,0,1,0,2,65,423,99
8830,B2,2,0,4,20,0,0,0,0,0,0,0,0,0,1,0,1,14,94,39
8830,C1,17,1,4,0,0,0,0,0,0,0,0,0,0,1,0,2,8,120,9
8840,A1,1,20,0,1,0,0,0,0,0,0,0,0,0,0,1,2,10,88,25
8840,B0,0,1,20,1,0,0,0,0,0,0,0,0,0,0,1,1,11,112,17
8840,B1,5,2,1,3,0,0,0,0,0,0,0,0,0,0,1,2,65,423,99
8840,B2,2,0,2,20,0,0,0,0,0,0,0,0,0,0,1,1,14,94,39
8840,C1,19,2,5,0,0,0,0,0,0,0,0,0,0,0,1,2,8,120,9
8850,A1,2,20,0,1,0,0,0,0,0,0,0,0,0,0,1,2,10,88,25
8850,B0,0,3,18,1,0,0,0,0,0,0,0,0,0,0,1,1,11,112,17
8850,B1,5,2,1,1,0,0,0,0,0,0,0,0,0,0,1,2,65,423,99
8850,B2,3,0,1,20,0,0,0,0,0,0,0,0,0,0,1,1,14,94,39
8850,C1,20,2,4,0,0,0,0,0,0,0,0,0,0,0,1,2,8,120,9
8860,A1,1,19,0,3,0,0,0,0,0,0,0,0,0,1,0,2,10,88,25
8860,B0,0,1,17,1,0,0,0,0,0,0,0,0,0,1,0,1,11,112,17
8860,B1,3,2,1,1,0,0,0,0,0,0,0,0,0,1,0,2,66,426,101
8860,B2,3,0,1,20,0,0,0,0,0,0,0,0,0,1,0,1,14,94,39
8860,C1,20,3,4,0,0,0,0,0,0,0,0,0,0,1,0,2,8,120,9
8870,A1,1,15,0,2,0,0,0,0,0,0,0,0,0,1,0,2,10,88,25
8870,B0,0,3,18,1,0,0,0,0,0,0,0,0,0,1,0,1,11,112,17
8870,B1,1,2,1,1,0,0,0,0,0,0,0,0,0,1,0,2,66,426,101
8870,B2,4,0,2,20,0,0,0,0,0,0,0,0,0,1,0,1,14,94,39
8870,C1,20,2,5,0,0,0,0,0,0,0,0,0,0,1,0,2,8,120,9
8880,A1,1,15,0,2,0,0,0,0,0,0,0,0,0,0,1,2,10,88,25
8880,B0,0,3,20,1,0,0,0,0,0,0,0,0,0,0,1,1,11,112,17
8880,B1,1,2,1,1,0,0,0,0,1,0,0,0,0,0,1,1,67,432,101
8880,B2,4,0,4,20,0,0,0,0,0,0,0,0,0,0,1,1,14,94,39
8880,C1,20,1,6,0,0,0,0,0,0,0,0,1,0,0,1,2,8,120,9
8890,A1,1,17,0,2,0,0,0,0,0,0,0,0,0,0,1,2,10,88,25
8890,B0,0,3,19,4,0,0,0,0,0,0,0,0,0,0,1,1,11,112,17
8890,B1,1,2,3,2,0,0,0,0,0,0,0,0,0,0,1,1,67,436,102
8890,B2,5,0,1,20,0,0,0,0,0,0,0,0,0,0,1,1,14,94,39
8890,C1,20,4,6,0,0,0,0,0,0,0,0,0,0,0,1,2,8,120,9
8900,A1,2,20,0,3,0,0,0,0,0,0,0,0,0,0,1,2,10,88,25
8900,B0,0,4,18,1,0,0,0,0,0,0,0,0,0,0,1,1,11,112,17
8900,B1,1,2,2,1,0,0,0,0,0,0,0,0,0,0,1,1,67,436,102
8900,B2,5,0,2,19,0,0,0,0,0,0,0,0,0,0,1,1,14,94,39
8900,C1,20,3,3,0,0,0,0,0,0,0,0,0,0,0,1,2,8,120,9
8910,A1,1,20,0,3,0,0,0,0,0,0,0,0,0,1,0,2,10,88,25
8910,B0,0,1,19,3,0,0,0,0,0,0,0,0,0,1,0,1,11,112,17
8910,B1,1,2,2,1,0,0,0,0,0,0,0,0,0,1,0,1,67,436,102
8910,B2,4,0,4,20,0,0,0,0,0,0,0,0,0,1,0,1,14,94,39
8910,C1,18,1,3,0,0,0,0,0,0,0,0,0,0,1,0,2,8,120,9
8920,A1,1,20,0,3,0,0,0,0,0,0,0,0,0,1,0,2,10,88,25
8920,B0,0,1,19,4,0,0,0,0,0,0,0,0,0,1,0,1,11,112,17
8920,B1,2,1,2,1,0,0,0,0,0,0,0,0,0,1,0,1,67,436,102
8920,B2,4,0,4,20,0,0,0,0,0,0,0,0,0,1,0,1,14,94,39
8920,C1,15,2,4,0,0,0,0,0,0,0,0,0,0,1,0,2,8,120,9
8930,A1,1,20,0,2,0,0,0,0,0,0,0,0,0,0,1,2,10,88,25
8930,B0,0,3,19,3,0,0,0,0,0,0,0,0,0,0,1,1,11,112,17
8930,B1,1,1,2,2,0,0,0,0,0,0,0,0,0,0,1,1,68,442,103
8930,B2,5,0,3,19,0,0,0,0,0,0,0,0,0,0,1,1,15,102,41
8930,C1,16,2,3,0,0,0,0,0,0,0,0,0,0,0,1,2,8,120,9
8940,A1,3,20,0,1,0,0,0,0,0,0,0,0,0,0,1,2,10,88,25
8940,B0,0,4,19,2,0,0,0,0,0,0,0,0,0,0,1,1,11,112,17
8940,B1,1,1,2,2,0,0,0,0,0,0,0,0,0,0,1,1,68,442,103
8940,B2,6,0,3,15,0,0,0,0,0,0,0,0,0,0,1,1,15,102,41
8940,C1,18,5,1,0,0,0,0,0,0,0,0,0,0,0,1,2,8,120,9
8950,A1,4,20,0,2,0,0,0,0,0,0,0,0,0,1,0,2,10,88,25
8950,B0,0,4,19,1,0,0,0,0,0,0,0,0,0,1,0,1,11,112,17
8950,B1,2,2,2,2,0,0,0,0,0,0,0,0,0,1,0,1,68,442,103
8950,B2,7,0,3,14,0,0,0,0,0,0,0,0,0,1,0,1,15,102,41
8950,C1,20,5,1,0,0,0,0,0,0,0,0,0,0,1,0,2,8,120,9
8960,A1,3,20,0,2,0,0,0,0,0,0,0,0,0,1,0,2,10,88,25
8960,B0,0,1,19,3,0,0,0,0,0,0,0,0,0,1,0,1,11,112,17
8960,B1,5,4,1,2,0,0,0,0,0,0,0,0,0,1,0,2,68,442,103
8960,B2,7,0,5,17,0,0,0,0,0,0,0,0,0,1,0,1,15,102,41
8960,C1,20,4,1,0,0,0,0,0,0,0,0,0,0,1,0,2,8,120,9
8970,A1,1,19,0,2,0,0,0,0,1,0,0,0,0,0,1,1,11,89,25
8970,B0,0,1,20,5,0,0,0,0,0,0,0,0,0,0,1,1,11,112,17
8970,B1,1,3,1,2,0,0,0,0,0,0,0,1,0,0,1,2,68,442,103
8970,B2,6,0,1,20,0,0,0,0,0,0,0,0,0,0,1,1,15,102,41
8970,C1,19,2,1,0,0,0,0,0,0,0,0,0,0,0,1,2,8,120,9
8980,A1,1,19,0,1,0,0,0,0,0,0,0,0,0,0,1,2,11,92,26
8980,B0,0,1,20,2,0,0,0,0,0,0,0,0,0,0,1,1,11,112,17
8980,B1,1,3,4,1,0,0,0,0,0,0,0,0,0,0,1,1,68,442,103
8980,B2,6,0,1,20,0,0,0,0,0,0,0,0,0,0,1,1,15,102,41
8980,C1,20,3,1,0,0,0,0,0,0,0,0,0,0,0,1,2,8,120,9
8990,A1,3,19,0,1,0,0,0,0,0,0,0,0,0,0,1,2,11,92,26
8990,B0,0,2,18,2,0,0,0,0,0,0,0,0,0,0,1,1,11,112,17
8990,B1,1,3,1,2,0,0,0,0,0,0,0,0,0,0,1,2,68,442,103
8990,B2,6,0,1,19,0,0,0,0,0,0,0,0,0,0,1,1,15,102,41
8990,C1,20,4,2,0,0,0,0,0,0,0,0,0,0,0,1,2,8,120,9
9000,A1,1,21,0,1,0,0,0,0,0,0,0,0,0,1,0,2,11,92,26
9000,B0,0,1,19,2,0,0,0,0,0,0,0,0,0,1,0,1,11,112,17
9000,B1,1,4,2,1,0,0,0,0,0,0,0,0,0,1,0,2,68,442,103
9000,B2,3,0,1,20,0,0,0,0,0,0,0,0,0,1,0,1,15,102,41
9000,C1,20,1,1,0,0,0,0,0,0,0,0,0,0,1,0,2,8,120,9
9010,A1,1,20,0,3,0,0,0,0,0,0,0,0,0,1,0,2,11,92,26
9010,B0,0,1,20,3,0,0,0,0,0,0,0,0,0,1,0,1,11,112,17
9010,B1,2,1,2,1,0,0,0,0,0,0,0,0,0,1,0,1,68,442,103
9010,B2,1,0,2,20,0,0,0,0,0,0,0,0,0,1,0,1,15,102,41
9010,C1,19,1,3,0,0,0,0,0,0,0,0,0,0,1,0,2,8,120,9
9020,A1,1,19,0,2,0,0,0,0,0,0,0,0,0,0,1,2,11,92,26
9020,B0,0,1,20,5,0,0,0,0,0,0,0,0,0,0,1,1,11,112,17
9020,B1,2,1,1,1,0,0,0,0,0,0,0,0,0,0,1,2,68,442,103
9020,B2,2,0,4,20,0,0,0,0,0,0,0,0,0,0,1,1,15,102,41
9020,C1,20,2,4,0,0,0,0,0,0,0,0,0,0,0,1,2,8,120,9
9030,A1,1,20,0,1,0,0,0,0,0,0,0,0,0,0,1,2,11,92,26
9030,B0,0,3,20,1,0,0,0,0,0,0,0,0,0,0,1,1,11,112,17
9030,B1,2,1,2,1,0,0,0,0,0,0,0,0,0,0,1,1,68,442,103
9030,B2,2,0,1,19,0,0,0,0,0,0,0,0,0,0,1,1,15,102,41
9030,C1,20,1,3,0,0,0,0,0,0,0,0,0,0,0,1,2,8,120,9
9040,A1,2,20,0,2,0,0,0,0,0,0,0,0,0,1,0,2,11,92,26
9040,B0,0,4,19,1,0,0,0,0,0,0,0,0,0,1,0,1,11,112,17
9040,B1,1,1,2,2,0,0,0,0,0,0,0,0,0,1,0,1,69,444,104
9040,B2,1,0,1,17,0,0,0,0,0,0,0,0,0,1,0,1,15,102,41
9040,C1,20,2,4,0,0,0,0,0,0,0,0,0,0,1,0,2,8,120,9
9050,A1,2,20,0,2,0,0,0,0,0,0,0,0,0,1,0,2,11,92,26
9050,B0,0,2,20,3,0,0,0,0,0,0,0,0,0,1,0,1,11,112,17
9050,B1,4,2,1,2,0,0,0,0,0,0,0,0,0,1,0,2,69,444,104
9050,B2,1,0,1,18,0,0,0,0,0,0,0,0,0,1,0,1,15,102,41
9050,C1,18,5,4,0,0,0,0,0,0,0,0,0,0,1,0,2,8,120,9
9060,A1,2,19,0,3,0,0,0,0,0,0,0,0,0,1,0,2,11,92,26
9060,B0,0,2,20,1,0,0,0,0,0,0,0,0,0,1,0,1,11,112,17
9060,B1,1,3,1,2,0,0,0,0,0,0,0,0,0,1,0,2,69,444,104
9060,B2,1,0,2,20,0,0,0,0,0,0,0,0,0,1,0,1,15,102,41
9060,C1,18,1,5,0,0,0,0,0,0,0,0,0,0,1,0,2,8,120,9
9070,A1,3,19,0,2,0,0,0,0,0,0,0,0,0,0,1,2,11,92,26
9070,B0,0,2,19,1,0,0,0,0,0,0,0,0,0,0,1,1,11,112,17
9070,B1,1,3,1,1,0,0,0,0,0,0,0,0,0,0,1,2,70,452,106
9070,B2,2,0,2,20,0,0,0,0,0,0,0,0,0,0,1,1,15,102,41
9070,C1,20,2,6,0,0,0,0,0,0,0,0,0,0,0,1,2,8,120,9
9080,A1,5,20,0,2,0,0,0,0,0,0,0,0,0,0,1,2,11,92,26
9080,B0,0,2,20,2,0,0,0,0,0,0,0,0,0,0,1,1,11,112,17
9080,B1,1,3,2,2,0,0,0,0,0,0,0,0,0,0,1,1,70,452,106
9080,B2,2,0,3,17,0,0,0,0,0,0,0,0,0,0,1,1,15,102,41
9080,C1,20,4,7,0,0,0,0,0,0,0,0,0,0,0,1,2,8,120,9
9090,A1,4,20,0,2,0,0,0,0,0,0,0,0,0,1,0,2,11,92,26
9090,B0,0,2,19,2,0,0,1,0,0,0,0,0,0,1,0,2,12,123,17
9090,B1,4,1,2,1,0,0,0,0,0,1,0,0,0,1,0,2,70,452,106
9090,B2,1,0,2,16,0,0,0,0,0,0,0,0,0,1,0,1,15,102,41
9090,C1,20,2,7,0,0,0,0,0,0,0,0,0,0,1,0,2,8,120,9
9100,A1,2,20,0,3,0,0,0,0,0,0,0,0,0,1,0,2,11,92,26
9100,B0,0,1,20,4,0,0,0,0,0,0,0,0,0,1,0,1,12,126,19
9100,B1,2,1,2,1,0,0,0,0,0,0,0,0,0,1,0,1,70,452,106
9100,B2,1,0,4,18,0,0,0,0,0,0,0,0,0,1,0,1,15,102,41
9100,C1,20,1,7,0,0,0,0,0,0,0,0,0,0,1,0,2,8,120,9
9110,A1,1,20,0,2,0,0,0,0,0,0,0,0,0,0,1,2,11,92,26
9110,B0,0,2,20,3,0,0,0,0,0,0,0,0,0,0,1,1,12,126,19
9110,B1,1,2,3,1,0,0,0,0,0,0,0,0,0,0,1,1,70,452,106
9110,B2,1,0,4,20,0,0,0,0,0,0,0,0,0,0,1,1,15,102,41
9110,C1,20,1,7,0,0,0,0,0,0,0,0,0,0,0,1,2,8,120,9
9120,A1,2,20,0,1,0,0,0,0,0,0,0,0,0,0,1,2,11,92,26
9120,B0,0,2,20,1,0,0,0,0,0,0,0,0,0,0,1,1,12,126,19
9120,B1,1,2,1,3,0,0,0,0,0,0,0,0,0,0,1,1,70,452,106
9120,B2,2,0,1,20,0,0,0,0,0,0,0,0,0,0,1,1,15,102,41
9120,C1,20,1,7,0,0,0,0,0,0,0,0,0,0,0,1,2,8,120,9
9130,A1,1,20,0,1,0,0,0,0,0,0,0,0,0,0,1,2,11,92,26
9130,B0,0,3,19,2,0,0,0,0,0,0,0,0,0,0,1,1,12,126,19
9130,B1,1,2,1,1,0,0,0,0,0,0,0,0,0,0,1,2,70,452,106
9130,B2,2,0,2,19,0,0,0,0,0,0,0,0,0,0,1,1,15,102,41
9130,C1,20,3,6,0,0,0,0,0,0,0,0,0,0,0,1,2,8,120,9
9140,A1,1,19,0,1,0,0,0,0,0,0,0,0,0,1,0,2,11,92,26
9140,B0,0,3,19,3,0,0,0,0,0,0,0,0,0,1,0,1,12,126,19
9140,B1,1,1,1,1,0,0,0,0,0,0,0,0,0,1,0,1,70,452,106
9140,B2,3,0,3,20,0,0,0,0,0,0,0,0,0,1,0,1,15,102,41
9140,C1,18,2,7,0,0,0,0,0,0,0,0,0,0,1,0,2,8,120,9
9150,A1,1,16,0,1,0,0,0,0,0,0,0,0,0,1,0,2,11,92,26
9150,B0,0,1,19,1,0,0,0,0,0,0,0,0,0,1,0,1,12,126,19
9150,B1,1,1,1,1,0,0,0,0,0,0,0,0,0,1,0,1,70,452,106
9150,B2,1,0,3,20,0,0,0,0,0,0,0,0,0,1,0,1,15,102,41
9150,C1,16,2,7,0,0,0,0,0,0,0,0,0,0,1,0,2,8,120,9
9160,A1,1,16,0,1,0,0,0,0,0,0,0,0,0,0,1,2,11,92,26
9160,B0,0,1,19,1,0,0,0,0,0,0,0,0,0,0,1,1,12,126,19
9160,B1,2,1,3,2,0,0,0,0,0,0,0,0,0,0,1,1,70,452,106
9160,B2,2,0,4,20,0,0,0,0,0,0,0,0,0,0,1,1,15,102,41
9160,C1,17,1,6,0,0,0,0,0,0,0,0,0,0,0,1,2,8,120,9
9170,A1,1,18,0,1,0,0,0,0,0,0,0,0,0,0,1,2,11,92,26
9170,B0,0,2,20,1,0,0,0,0,0,0,0,0,0,0,1,1,12,126,19
9170,B1,2,1,2,2,0,0,0,0,0,0,0,0,0,0,1,1,70,452,106
9170,B2,4,0,1,20,0,0,0,0,0,0,0,0,0,0,1,1,15,102,41
9170,C1,19,2,4,0,0,0,0,0,0,0,0,0,0,0,1,2,8,120,9
9180,A1,4,20,0,2,0,0,0,0,0,0,0,0,0,1,0,2,11,92,26
9180,B0,0,1,19,2,0,0,0,0,0,0,0,0,0,1,0,1,12,126,19
9180,B1,2,1,1,3,0,0,0,0,0,0,0,0,0,1,0,1,71,458,107
9180,B2,4,0,1,20,0,0,0,0,0,0,0,0,0,1,0,1,15,102,41
9180,C1,20,2,4,0,0,0,0,0,0,0,0,0,0,1,0,2,8,120,9
9190,A1,1,18,0,2,0,0,0,0,0,0,0,0,0,1,0,2,11,92,26
9190,B0,0,1,19,2,0,0,0,0,0,0,0,0,0,1,0,1,12,126,19
9190,B1,2,1,1,3,0,0,0,0,0,0,0,0,0,1,0,1,71,458,107
9190,B2,3,0,1,20,0,0,0,0,0,0,0,0,0,1,0,1,15,102,41
9190,C1,20,1,4,0,0,0,0,0,0,0,0,0,0,1,0,2,8,120,9
9200,A1,1,16,0,2,0,0,0,0,0,0,0,0,0,0,1,2,11,92,26
9200,B0,0,2,20,2,0,0,0,0,0,0,0,0,0,0,1,1,12,126,19
9200,B1,2,1,1,3,0,0,0,0,0,0,0,0,0,0,1,1,71,458,107
9200,B2,3,0,1,20,0,0,0,0,0,0,0,0,0,0,1,1,15,102,41
9200,C1,19,1,5,0,0,0,0,0,0,0,0,0,0,0,1,2,8,120,9
9210,A1,1,16,0,1,0,0,0,0,0,0,0,0,0,0,1,2,11,92,26
9210,B0,0,1,19,3,0,0,0,0,0,0,0,0,0,0,1,1,12,126,19
9210,B1,2,1,4,1,0,0,0,0,0,0,0,0,0,0,1,1,71,458,107
9210,B2,4,0,2,16,0,0,0,0,0,0,0,0,0,0,1,1,15,102,41
9210,C1,20,3,1,0,0,0,0,0,0,0,0,0,0,0,1,2,8,120,9
9220,A1,3,19,0,2,0,0,0,0,0,0,0,0,0,0,1,2,11,92,26
9220,B0,0,1,16,2,0,0,0,0,0,0,0,0,0,0,1,1,12,126,19
9220,B1,2,2,3,1,0,0,0,0,0,0,0,0,0,0,1,1,71,458,107
9220,B2,4,0,2,12,0,0,0,0,0,0,0,0,0,0,1,1,15,102,41
9220,C1,20,4,1,0,0,0,0,0,0,0,0,0,0,0,1,2,8,120,9
9230,A1,2,20,0,5,0,0,0,0,0,0,0,0,0,1,0,2,11,92,26
9230,B0,0,3,18,3,0,0,0,0,0,0,0,0,0,1,0,1,12,126,19
9230,B1,3,3,3,1,0,0,0,0,0,0,0,0,0,1,0,2,72,468,109
9230,B2,4,0,1,15,0,0,0,0,0,0,0,0,0,1,0,1,15,102,41
9230,C1,20,3,1,0,0,0,0,0,0,0,0,0,0,1,0,2,8,120,9
9240,A1,4,16,0,5,0,0,0,0,0,0,0,0,0,1,0,2,11,92,26
9240,B0,0,2,18,2,0,0,0,0,0,0,0,0,0,1,0,1,12,126,19
9240,B1,2,3,3,1,0,0,0,0,0,0,0,0,0,1,0,2,72,468,109
9240,B2,5,0,2,18,0,0,0,0,0,0,0,0,0,1,0,1,15,102,41
9240,C1,20,5,3,0,0,0,0,0,0,0,0,0,0,1,0,2,8,120,9
9250,A1,2,17,0,4,0,0,0,0,0,0,0,0,0,0,1,2,11,92,26
9250,B0,0,3,20,2,0,0,0,0,0,0,0,0,0,0,1,1,12,126,19
9250,B1,3,2,1,1,0,0,0,0,0,0,0,0,0,0,1,2,73,469,110
9250,B2,5,0,1,20,0,0,0,0,0,0,0,0,0,0,1,1,15,102,41
9250,C1,20,1,3,0,0,0,0,0,0,0,0,0,0,0,1,2,8,120,9
9260,A1,3,18,0,2,0,0,0,0,0,0,0,0,0,0,1,2,11,92,26
9260,B0,0,1,20,3,0,0,0,0,0,0,0,0,0,0,1,1,12,126,19
9260,B1,3,3,2,2,0,0,0,0,0,0,0,0,0,0,1,2,73,469,110
9260,B2,5,0,2,18,0,0,0,0,0,0,0,0,0,0,1,1,15,102,41
9260,C1,20,2,1,0,0,0,0,0,0,0,0,0,0,0,1,2,8,120,9
9270,A1,3,20,0,1,0,0,0,0,0,0,0,0,0,1,0,2,11,92,26
9270,B0,0,2,20,1,0,0,0,0,0,0,0,0,0,1,0,1,12,126,19
9270,B1,2,3,3,1,0,0,0,0,0,0,1,0,0,1,0,1,73,469,110
9270,B2,5,0,3,15,0,4,0,0,0,0,0,0,0,1,0,2,16,105,41
9270,C1,20,2,2,0,0,0,0,0,0,0,0,0,0,1,0,2,8,120,9
9280,A1,1,20,0,1,0,0,0,0,0,0,0,0,0,1,0,2,11,92,26
9280,B0,0,1,20,1,0,0,0,0,0,0,0,0,0,1,0,1,12,126,19
9280,B1,3,2,3,1,0,0,0,0,0,0,0,0,0,1,0,2,73,469,110
9280,B2,5,0,5,16,0,0,0,0,0,0,0,0,0,1,0,1,16,111,46
9280,C1,18,1,3,0,0,0,0,0,0,0,0,0,0,1,0,2,8,120,9
9290,A1,2,18,0,1,0,0,0,0,0,0,0,0,0,1,0,2,11,92,26
9290,B0,0,1,20,3,0,0,0,0,0,0,0,0,0,1,0,1,12,126,19
9290,B1,1,3,3,1,0,0,0,0,0,0,0,0,0,1,0,1,73,469,110
9290,B2,3,0,3,19,0,0,0,0,0,0,0,0,0,1,0,1,16,111,46
9290,C1,16,1,4,0,0,0,0,0,0,0,0,0,0,1,0,2,8,120,9
9300,A1,2,19,0,1,0,0,0,0,0,0,0,0,0,0,1,2,11,92,26
9300,B0,0,2,20,1,0,0,0,0,0,0,0,0,0,0,1,1,12,126,19
9300,B1,1,3,3,1,0,0,0,0,0,0,0,0,0,0,1,1,73,469,110
9300,B2,3,0,1,20,0,0,0,0,0,0,0,0,0,0,1,1,16,111,46
9300,C1,17,1,3,0,0,0,0,0,0,0,0,0,0,0,1,2,8,120,9
9310,A1,2,19,0,2,0,0,0,0,0,0,0,0,0,0,1,2,11,92,26
9310,B0,0,2,18,2,0,0,0,0,0,0,0,0,0,0,1,1,12,126,19
9310,B1,1,3,3,2,0,0,0,0,0,0,0,0,0,0,1,1,73,469,110
9310,B2,2,0,2,19,0,0,0,0,0,0,0,0,0,0,1,1,16,111,46
9310,C1,19,1,3,0,0,0,0,0,0,0,0,0,0,0,1,2,8,120,9
9320,A1,1,19,0,3,0,0,0,0,0,0,0,0,0,1,0,2,11,92,26
9320,B0,0,3,18,2,0,0,0,0,0,0,0,0,0,1,0,1,12,126,19
9320,B1,2,1,2,1,0,0,0,0,0,0,0,0,0,1,0,1,73,469,110
9320,B2,1,0,1,19,0,0,0,0,0,0,0,0,0,1,0,1,16,111,46
9320,C1,20,2,4,0,0,0,0,0,0,0,0,0,0,1,0,2,8,120,9
9330,A1,1,20,0,3,0,0,0,0,0,0,0,0,0,1,0,2,11,92,26
9330,B0,0,1,18,2,0,0,0,0,0,0,0,0,0,1,0,1,12,126,19
9330,B1,2,1,2,1,0,0,0,0,0,0,0,0,0,1,0,1,73,469,110
9330,B2,1,0,5,19,0,0,0,0,0,0,0,0,0,1,0,1,16,111,46
9330,C1,16,1,4,0,0,0,0,0,0,0,0,0,0,1,0,2,8,120,9
9340,A1,2,20,0,3,0,0,0,0,0,0,0,0,0,0,1,2,11,92,26
9340,B0,0,1,20,3,0,0,0,0,0,0,0,0,0,0,1,1,12,126,19
9340,B1,1,1,1,1,0,0,0,0,0,0,0,0,0,0,1,1,73,469,110
9340,B2,4,0,1,20,0,0,0,0,0,0,0,0,0,0,1,1,16,111,46
9340,C1,15,1,4,0,0,0,0,0,0,0,0,0,0,0,1,2,8,120,9
9350,A1,2,20,0,1,0,0,0,0,0,0,0,0,0,0,1,2,11,92,26
9350,B0,0,1,20,3,0,0,0,0,0,0,0,0,0,0,1,1,12,126,19
9350,B1,1,1,1,5,0,0,0,0,0,0,0,0,0,0,1,1,73,469,110
9350,B2,5,0,1,20,0,0,0,0,0,0,0,0,0,0,1,1,16,111,46
9350,C1,17,4,3,0,0,0,0,0,0,0,0,0,0,0,1,2,8,120,9
9360,A1,2,20,0,1,0,0,0,0,0,0,0,0,0,0,1,2,11,92,26
9360,B0,0,1,19,1,0,0,0,0,0,0,0,0,0,0,1,1,12,126,19
9360,B1,1,2,1,4,0,0,0,0,0,0,0,0,0,0,1,1,73,469,110
9360,B2,5,0,1,18,0,0,0,0,0,0,0,0,0,0,1,1,16,111,46
9360,C1,20,2,4,0,0,0,0,0,0,0,0,0,0,0,1,2,8,120,9
9370,A1,3,20,0,1,0,0,0,0,0,0,0,0,0,1,0,2,11,92,26
9370,B0,0,2,20,2,0,0,0,0,0,0,0,0,0,1,0,1,12,126,19
9370,B1,2,1,1,4,0,0,0,0,0,0,0,0,0,1,0,1,73,469,110
9370,B2,3,0,1,19,0,0,0,0,0,0,0,0,0,1,0,1,16,111,46
9370,C1,19,2,4,0,0,0,0,0,0,0,0,0,0,1,0,2,8,120,9
9380,A1,1,20,0,2,0,0,0,0,0,0,0,0,0,1,0,2,11,92,26
9380,B0,0,1,20,3,0,0,0,0,0,0,0,0,0,1,0,1,12,126,19
9380,B1,2,1,1,4,0,0,0,0,0,0,0,0,0,1,0,1,73,469,110
9380,B2,1,0,3,20,0,0,0,0,0,0,0,0,0,1,0,1,16,111,46
9380,C1,19,1,4,0,0,0,0,0,0,0,0,0,0,1,0,2,8,120,9
9390,A1,2,20,0,1,0,0,0,0,0,0,0,0,0,0,1,2,11,92,26
9390,B0,0,2,20,2,0,0,0,0,0,0,0,0,0,0,1,1,12,126,19
9390,B1,1,1,1,3,0,0,0,0,0,0,0,0,0,0,1,1,74,471,111
9390,B2,2,0,1,20,0,0,0,0,0,0,0,0,0,0,1,1,16,111,46
9390,C1,20,1,2,0,0,0,0,0,0,0,0,0,0,0,1,2,8,120,9
9400,A1,3,20,0,1,0,0,0,0,0,0,0,0,0,0,1,2,11,92,26
9400,B0,0,2,19,1,0,0,0,0,0,0,0,0,0,0,1,1,12,126,19
9400,B1,1,1,2,3,0,0,0,0,0,0,0,0,0,0,1,1,74,471,111
9400,B2,3,0,2,20,0,0,0,0,0,0,0,0,0,0,1,1,16,111,46
9400,C1,20,3,3,0,0,0,0,0,0,0,0,0,0,0,1,2,8,120,9
9410,A1,3,20,0,2,0,0,0,0,0,0,0,0,0,1,0,2,11,92,26
9410,B0,0,4,19,1,0,0,0,0,0,0,0,0,0,1,0,1,12,126,19
9410,B1,1,1,1,2,0,0,0,0,0,0,0,0,0,1,0,1,74,471,111
9410,B2,2,0,2,20,0,0,0,0,0,0,0,0,0,1,0,1,16,111,46
9410,C1,19,2,2,0,0,0,0,0,0,0,0,0,0,1,0,2,8,120,9
9420,A1,4,20,0,1,0,0,0,0,0,0,0,0,0,1,0,2,11,92,26
9420,B0,0,2,19,2,0,0,0,0,0,0,0,0,0,1,0,1,12,126,19
9420,B1,1,3,2,2,0,0,0,0,0,0,0,0,0,1,0,1,74,471,111
9420,B2,2,0,2,20,0,0,0,0,0,0,0,0,0,1,0,1,16,111,46
9420,C1,19,1,3,0,0,0,0,0,0,0,0,0,0,1,0,2,8,120,9
9430,A1,1,20,0,2,0,0,0,0,0,0,0,0,0,0,1,2,11,92,26
9430,B0,0,2,20,3,0,0,0,0,0,0,0,0,0,0,1,1,12,126,19
9430,B1,1,3,2,2,0,0,0,0,0,0,0,0,0,0,1,1,74,471,111
9430,B2,2,0,4,20,0,0,0,0,0,0,0,0,0,0,1,1,16,111,46
9430,C1,20,1,3,0,0,0,0,0,0,0,0,0,0,0,1,2,8,120,9
9440,A1,2,20,0,1,0,0,0,0,0,0,0,0,0,0,1,2,11,92,26
9440,B0,0,3,20,2,0,0,0,0,0,0,0,0,0,0,1,1,12,126,19
9440,B1,1,1,1,1,0,0,0,0,0,0,0,0,0,0,1,1,74,471,111
9440,B2,2,0,1,20,0,0,0,0,0,0,0,0,0,0,1,1,16,111,46
9440,C1,20,1,4,0,0,0,0,0,0,0,0,0,0,0,1,2,8,120,9
9450,A1,4,20,0,1,0,0,0,0,0,0,0,0,0,0,1,2,11,92,26
9450,B0,0,4,19,1,0,0,0,0,0,0,0,0,0,0,1,1,12,126,19
9450,B1,1,1,2,1,0,0,0,0,0,0,0,0,0,0,1,1,74,471,111
9450,B2,2,0,1,19,0,0,0,0,0,0,0,0,0,0,1,1,16,111,46
9450,C1,20,3,4,0,0,0,0,0,0,0,0,0,0,0,1,2,8,120,9
9460,A1,2,20,0,1,0,0,0,0,0,0,0,0,0,1,0,2,11,92,26
9460,B0,0,1,20,2,0,0,0,0,0,0,0,0,0,1,0,1,12,126,19
9460,B1,1,1,2,1,0,0,0,0,0,0,0,0,0,1,0,1,74,471,111
9460,B2,1,0,1,20,0,0,0,0,0,0,0,0,0,1,0,1,16,111,46
9460,C1,20,1,6,0,0,0,0,0,0,0,0,0,0,1,0,2,8,120,9
9470,A1,2,18,0,1,0,0,0,0,0,0,0,0,0,1,0,2,11,92,26
9470,B0,0,2,20,2,0,0,0,0,0,0,0,0,0,1,0,1,12,126,19
9470,B1,1,1,2,1,0,0,0,0,0,0,0,0,0,1,0,1,74,471,111
9470,B2,2,0,3,20,0,0,0,0,0,0,0,0,0,1,0,1,16,111,46
9470,C1,20,1,6,0,0,0,0,0,0,0,0,0,0,1,0,2,8,120,9
9480,A1,2,18,0,1,0,0,0,0,0,0,0,0,0,0,1,2,12,93,27
9480,B0,0,2,20,2,0,0,0,0,0,0,0,0,0,0,1,1,12,126,19
9480,B1,1,2,2,1,0,0,0,0,0,0,0,0,0,0,1,1,74,471,111
9480,B2,2,0,4,20,0,0,0,0,0,0,0,0,0,0,1,1,16,111,46
9480,C1,20,1,4,0,0,0,0,0,0,0,0,0,0,0,1,2,8,120,9
9490,A1,5,18,0,1,0,0,0,0,0,0,0,0,0,0,1,2,12,93,27
9490,B0,0,2,20,1,0,0,0,0,0,0,0,0,0,0,1,1,12,126,19
9490,B1,1,2,3,1,0,0,0,0,0,0,0,0,0,0,1,1,74,471,111
9490,B2,1,0,4,20,0,0,0,0,0,0,0,0,0,0,1,1,16,111,46
9490,C1,20,3,1,0,0,0,0,0,0,0,0,0,0,0,1,2,8,120,9
9500,A1,3,20,0,1,0,0,0,0,0,0,0,0,0,1,0,2,12,93,27
9500,B0,0,2,19,1,0,0,0,0,0,0,0,0,0,1,0,1,12,126,19
9500,B1,1,2,3,1,0,0,1,0,0,0,0,0,0,1,0,2,75,475,111
9500,B2,2,0,1,19,0,0,0,0,0,1,0,0,0,1,0,1,16,111,46
9500,C1,19,4,1,0,0,0,0,0,0,0,0,0,0,1,0,2,8,120,9
9510,A1,1,20,0,1,0,0,0,0,0,0,0,0,0,1,0,2,12,93,27
9510,B0,0,1,20,2,0,0,0,0,0,0,0,0,0,1,0,1,12,126,19
9510,B1,1,1,3,1,0,0,0,0,0,0,0,0,0,1,0,1,75,479,113
9510,B2,1,0,1,18,0,0,0,0,0,0,0,0,0,1,0,1,16,111,46
9510,C1,17,1,2,0,0,0,0,0,0,0,0,0,0,1,0,2,8,120,9
9520,A1,1,17,0,1,0,0,0,0,0,0,0,0,0,1,0,2,12,93,27
9520,B0,0,1,20,4,0,0,0,0,0,0,0,0,0,1,0,1,12,126,19
9520,B1,1,1,3,1,0,0,0,0,0,0,0,0,0,1,0,1,75,479,113
9520,B2,1,0,2,19,0,0,0,0,0,0,0,0,0,1,0,1,16,111,46
9520,C1,16,1,2,0,0,0,0,0,0,0,0,0,0,1,0,2,8,120,9
9530,A1,1,18,0,1,0,0,0,0,0,0,0,0,0,0,1,2,12,93,27
9530,B0,0,1,20,2,0,0,0,0,0,0,0,0,0,0,1,1,12,126,19
9530,B1,1,1,5,3,0,0,0,0,0,0,0,0,0,0,1,1,75,479,113
9530,B2,1,0,2,20,0,0,0,0,0,0,0,0,0,0,1,1,16,111,46
9530,C1,19,1,1,0,0,0,0,0,0,0,0,0,0,0,1,2,8,120,9
9540,A1,3,19,0,1,0,0,0,0,0,0,0,0,0,0,1,2,12,93,27
9540,B0,0,2,18,1,0,0,0,0,0,0,0,0,0,0,1,1,12,126,19
9540,B1,1,1,1,3,0,0,0,0,0,0,0,0,0,0,1,1,75,479,113
9540,B2,1,0,1,19,0,0,0,0,0,0,0,0,0,0,1,1,16,111,46
9540,C1,20,2,1,0,0,0,0,0,0,0,0,0,0,0,1,2,8,120,9
9550,A1,2,20,0,1,0,0,0,0,0,0,0,0,0,1,0,2,12,93,27
9550,B0,0,2,18,1,0,0,0,0,0,0,0,0,0,1,0,1,12,126,19
9550,B1,1,1,1,2,0,0,0,0,0,0,0,0,0,1,0,1,75,479,113
9550,B2,2,0,1,18,0,0,0,0,0,0,0,0,0,1,0,1,16,111,46
9550,C1,20,1,2,0,0,0,0,0,0,0,0,0,0,1,0,2,8,120,9
9560,A1,2,18,0,1,0,0,0,0,0,0,0,0,0,1,0,2,12,93,27
9560,B0,0,2,18,1,0,0,0,0,0,0,0,0,0,1,0,1,12,126,19
9560,B1,2,1,1,2,0,0,0,0,0,0,0,0,0,1,0,1,75,479,113
9560,B2,3,0,1,20,0,0,0,0,0,0,0,0,0,1,0,1,16,111,46
9560,C1,19,3,3,0,0,0,0,0,0,0,0,0,0,1,0,2,8,120,9
9570,A1,1,17,0,1,0,0,0,0,0,0,0,0,0,0,1,2,12,93,27
9570,B0,0,2,20,2,0,0,0,0,0,0,0,0,0,0,1,1,12,126,19
9570,B1,2,2,1,2,0,0,0,0,0,0,0,0,0,0,1,2,75,479,113
9570,B2,2,0,1,20,0,0,0,0,0,0,0,0,0,0,1,1,16,111,46
9570,C1,20,1,4,0,0,0,0,0,0,0,0,0,0,0,1,2,8,120,9
9580,A1,3,17,0,1,0,0,0,0,0,0,0,0,0,0,1,2,12,93,27
9580,B0,0,3,19,2,0,0,0,0,0,0,0,0,0,0,1,1,12,126,19
9580,B1,2,1,1,3,0,0,0,0,0,0,0,0,0,0,1,1,75,479,113
9580,B2,2,0,1,20,0,0,0,0,0,0,0,0,0,0,1,1,16,111,46
9580,C1,20,2,4,0,0,0,0,0,0,0,0,0,0,0,1,2,8,120,9
9590,A1,4,20,0,1,0,0,0,0,0,0,0,0,0,0,1,2,12,93,27
9590,B0,0,3,18,2,0,0,0,0,0,0,0,0,0,0,1,1,12,126,19
9590,B1,3,1,2,2,0,0,0,0,0,0,0,0,0,0,1,1,75,479,113
9590,B2,2,0,1,18,0,0,0,0,0,0,0,0,0,0,1,1,16,111,46
9590,C1,20,2,5,0,0,0,0,0,0,0,0,0,0,0,1,2,8,120,9
9600,A1,2,20,0,1,0,0,0,0,0,0,0,0,0,1,0,2,12,93,27
9600,B0,0,2,19,2,0,0,0,0,0,0,0,0,0,1,0,1,12,126,19
9600,B1,2,1,3,2,0,0,0,0,0,0,0,0,0,1,0,1,75,479,113
9600,B2,2,0,1,18,0,0,0,0,0,0,0,0,0,1,0,1,16,111,46
9600,C1,20,2,5,0,0,0,0,0,0,0,0,0,0,1,0,2,8,120,9
9610,A1,1,18,0,2,0,0,0,0,0,0,0,0,0,1,0,2,12,93,27
9610,B0,0,2,19,4,0,0,0,0,0,0,0,0,0,1,0,1,12,126,19
9610,B1,1,3,3,1,0,0,0,0,0,0,0,0,0,1,0,1,75,479,113
9610,B2,1,0,3,19,0,0,0,0,0,0,0,0,0,1,0,1,16,111,46
9610,C1,20,2,5,0,0,0,0,0,0,0,0,0,0,1,0,2,8,120,9
9620,A1,3,18,0,1,0,0,0,0,0,0,0,0,0,0,1,2,13,97,28
9620,B0,0,3,19,2,0,0,0,0,0,0,0,0,0,0,1,1,12,126,19
9620,B1,1,1,4,2,0,0,0,0,0,0,0,0,0,0,1,1,75,479,113
9620,B2,2,0,2,20,0,0,0,0,0,0,0,0,0,0,1,1,16,111,46
9620,C1,20,4,5,0,0,0,0,0,0,0,0,0,0,0,1,2,8,120,9
9630,A1,1,19,0,1,0,0,0,0,0,0,0,0,0,0,1,2,13,97,28
9630,B0,0,3,20,2,0,0,0,0,0,0,0,0,0,0,1,1,12,126,19
9630,B1,1,1,4,3,0,0,0,0,0,0,0,0,0,0,1,1,75,479,113
9630,B2,2,0,1,19,0,0,0,0,0,0,0,0,0,0,1,1,16,111,46
9630,C1,20,1,3,0,0,0,0,0,0,0,0,0,0,0,1,2,8,120,9
9640,A1,1,20,0,3,0,0,0,0,0,0,0,0,0,1,0,2,13,97,28
9640,B0,0,3,18,2,0,0,0,0,0,0,0,0,0,1,0,1,12,126,19
9640,B1,1,2,3,2,0,0,0,0,0,0,0,0,0,1,0,1,75,479,113
9640,B2,1,0,2,17,0,0,0,0,0,0,0,0,0,1,0,1,16,111,46
9640,C1,19,3,4,0,0,0,0,0,0,0,0,0,0,1,0,2,8,120,9
9650,A1,1,19,0,3,0,0,0,0,0,0,0,0,0,1,0,2,13,97,28
9650,B0,0,1,19,2,0,0,0,0,0,0,0,0,0,1,0,1,12,126,19
9650,B1,1,1,2,2,0,0,0,0,0,0,0,0,0,1,0,1,75,479,113
9650,B2,1,0,1,18,0,0,0,0,0,0,0,0,0,1,0,1,16,111,46
9650,C1,16,1,5,0,0,0,0,0,0,0,0,0,0,1,0,2,8,120,9
9660,A1,1,18,0,4,0,0,0,0,0,0,0,0,0,0,1,2,13,97,28
9660,B0,0,1,20,4,0,0,0,0,0,0,0,0,0,0,1,1,12,126,19
9660,B1,2,4,2,2,0,0,0,0,0,0,0,0,0,0,1,2,75,479,113
9660,B2,1,0,2,20,0,0,0,0,0,0,0,0,0,0,1,1,16,111,46
9660,C1,15,1,6,0,0,0,0,0,0,0,0,0,0,0,1,2,8,120,9
9670,A1,2,19,0,1,0,0,0,0,0,0,0,0,0,0,1,2,13,97,28
9670,B0,0,1,20,2,0,0,0,0,0,0,0,0,0,0,1,1,12,126,19
9670,B1,1,1,3,3,0,0,0,0,0,0,0,0,0,0,1,1,75,479,113
9670,B2,1,0,1,20,0,0,0,0,0,0,0,0,0,0,1,1,16,111,46
9670,C1,17,2,3,0,0,0,0,0,0,0,0,0,0,0,1,2,8,120,9
9680,A1,5,20,0,1,0,0,0,0,0,0,0,0,0,0,1,2,13,97,28
9680,B0,0,2,18,1,0,0,0,0,0,0,0,0,0,0,1,1,12,126,19
9680,B1,1,1,3,2,0,0,0,0,0,0,0,0,0,0,1,1,75,479,113
9680,B2,2,0,1,18,0,0,0,0,0,0,0,0,0,0,1,1,16,111,46
9680,C1,20,3,1,0,0,0,0,0,0,0,0,0,0,0,1,2,8,120,9
9690,A1,3,20,0,1,0,0,0,0,0,0,0,0,0,1,0,2,13,97,28
9690,B0,0,1,18,2,0,0,0,0,0,0,0,0,0,1,0,1,12,126,19
9690,B1,1,2,3,2,0,0,0,0,0,0,0,0,0,1,0,1,75,479,113
9690,B2,2,0,2,19,0,0,0,0,0,0,0,0,0,1,0,1,16,111,46
9690,C1,20,1,2,0,0,0,0,0,0,0,0,0,0,1,0,2,8,120,9
9700,A1,1,20,0,2,0,0,0,0,0,0,0,0,0,1,0,2,13,97,28
9700,B0,0,1,19,4,0,0,0,0,0,0,0,0,0,1,0,1,12,126,19
9700,B1,1,2,3,2,0,0,0,0,0,0,0,0,0,1,0,1,75,479,113
9700,B2,1,0,2,19,0,0,0,0,0,0,0,0,0,1,0,1,16,111,46
9700,C1,19,1,2,0,0,0,0,0,0,0,0,0,0,1,0,2,8,120,9
9710,A1,1,20,0,3,0,0,0,0,0,0,0,0,0,0,1,2,13,97,28
9710,B0,0,1,20,2,0,0,0,0,0,0,0,0,0,0,1,1,12,126,19
9710,B1,1,1,2,1,0,0,0,0,0,0,0,0,0,0,1,1,75,479,113
9710,B2,1,0,1,20,0,0,0,0,0,0,0,0,0,0,1,1,16,111,46
9710,C1,19,1,2,0,0,0,0,0,0,0,0,0,0,0,1,2,8,120,9
9720,A1,3,20,0,1,0,0,0,0,0,0,0,0,0,0,1,2,13,97,28
9720,B0,0,2,20,1,0,0,0,0,0,0,0,0,0,0,1,1,12,126,19
9720,B1,1,1,2,1,0,0,0,0,0,0,0,0,0,0,1,1,75,479,113
9720,B2,1,0,2,17,0,0,0,0,0,0,0,0,0,0,1,1,16,111,46
9720,C1,19,1,3,0,0,0,0,0,0,0,0,0,0,0,1,2,8,120,9
9730,A1,1,19,0,3,0,0,0,0,0,0,0,0,0,1,0,2,13,97,28
9730,B0,0,1,18,1,0,0,0,0,0,0,0,0,0,1,0,1,12,126,19
9730,B1,3,1,1,2,0,0,0,0,0,0,1,0,0,1,0,1,75,479,113
9730,B2,1,0,2,15,0,1,0,0,0,0,0,0,0,1,0,2,17,115,46
9730,C1,20,4,3,0,0,0,0,0,0,0,0,0,0,1,0,2,8,120,9
9740,A1,1,19,0,3,0,0,0,0,0,0,0,0,0,1,0,2,13,97,28
9740,B0,0,1,19,2,0,0,0,0,0,0,0,0,0,1,0,1,12,126,19
9740,B1,1,2,1,2,0,0,0,0,0,0,0,0,0,1,0,1,75,479,113
9740,B2,1,0,3,17,0,0,0,0,0,0,0,0,0,1,0,1,17,131,47
9740,C1,18,2,3,0,0,0,0,0,0,0,0,0,0,1,0,2,8,120,9
9750,A1,2,17,0,3,0,0,0,0,0,0,0,0,0,1,0,2,13,97,28
9750,B0,0,2,19,4,0,0,0,0,0,0,0,0,0,1,0,1,12,126,19
9750,B1,1,2,1,2,0,0,0,0,0,0,0,0,0,1,0,1,75,479,113
9750,B2,2,0,3,20,0,0,0,0,0,0,0,0,0,1,0,1,17,131,47
9750,C1,18,1,4,0,0,0,0,0,0,0,0,0,0,1,0,2,8,120,9
9760,A1,1,19,0,1,0,0,0,0,0,0,0,0,0,0,1,2,13,97,28
9760,B0,0,1,19,1,0,0,0,0,0,0,0,0,0,0,1,1,12,126,19
9760,B1,2,2,2,1,0,0,0,0,0,0,0,0,0,0,1,2,75,479,113
9760,B2,3,0,3,20,0,0,0,0,0,0,0,0,0,0,1,1,17,131,47
9760,C1,19,2,4,0,0,0,0,0,0,0,0,0,0,0,1,2,8,120,9
9770,A1,3,20,0,1,0,0,0,0,0,0,0,0,0,0,1,2,13,97,28
9770,B0,0,2,20,2,0,0,0,0,0,0,0,0,0,0,1,1,12,126,19
9770,B1,1,2,2,1,0,0,0,0,0,0,0,0,0,0,1,1,75,479,113
9770,B2,4,0,4,19,0,0,0,0,0,0,0,0,0,0,1,1,17,131,47
9770,C1,20,4,3,0,0,0,0,0,0,0,0,0,0,0,1,2,8,120,9
9780,A1,2,20,0,1,0,0,0,0,0,0,0,0,0,1,0,2,13,97,28
9780,B0,0,1,20,1,0,0,0,0,0,0,0,0,0,1,0,1,12,126,19
9780,B1,2,1,2,1,0,0,0,0,0,0,0,0,0,1,0,1,75,479,113
9780,B2,3,0,3,19,0,0,0,0,0,0,0,0,0,1,0,1,17,131,47
9780,C1,19,2,2,0,0,0,0,0,0,0,0,0,0,1,0,2,8,120,9
9790,A1,3,19,0,2,0,0,0,0,0,0,0,0,0,1,0,2,13,97,28
9790,B0,0,2,20,1,0,0,0,0,0,0,0,0,0,1,0,1,12,126,19
9790,B1,1,3,2,1,0,0,0,0,0,0,0,0,0,1,0,2,75,479,113
9790,B2,2,0,4,19,0,0,0,0,0,0,0,0,0,1,0,1,17,131,47
9790,C1,17,1,2,0,0,0,0,0,0,0,0,0,0,1,0,2,8,120,9
9800,A1,1,19,0,1,0,0,0,0,0,0,0,0,0,0,1,2,13,97,28
9800,B0,0,2,20,1,0,0,0,0,0,0,0,0,0,0,1,1,12,126,19
9800,B1,2,3,2,3,0,0,0,0,0,0,0,0,0,0,1,1,75,479,113
9800,B2,1,0,1,20,0,0,0,0,0,0,0,0,0,0,1,1,17,131,47
9800,C1,16,1,1,0,0,0,0,0,0,0,0,0,0,0,1,2,8,120,9
9810,A1,3,19,0,1,0,0,0,0,0,0,0,0,0,0,1,2,13,97,28
9810,B0,0,3,18,3,0,0,0,0,0,0,0,0,0,0,1,1,12,126,19
9810,B1,2,3,5,2,0,0,0,0,0,0,0,0,0,0,1,1,75,479,113
9810,B2,3,0,1,20,0,0,0,0,0,0,0,0,0,0,1,1,17,131,47
9810,C1,17,1,1,0,0,0,0,0,0,0,0,0,0,0,1,2,8,120,9
9820,A1,2,19,0,1,0,0,0,0,0,0,0,0,0,0,1,2,13,97,28
9820,B0,0,3,17,1,0,0,0,0,0,0,0,0,0,0,1,1,12,126,19
9820,B1,2,3,2,2,0,0,0,0,0,0,0,0,0,0,1,2,75,479,113
9820,B2,4,0,2,17,0,0,0,0,0,0,0,0,0,0,1,1,17,131,47
9820,C1,20,5,1,0,0,0,0,0,0,0,0,0,0,0,1,2,8,120,9
9830,A1,1,19,0,2,0,0,0,0,0,0,0,0,0,1,0,2,13,97,28
9830,B0,0,1,18,1,0,0,0,0,0,0,0,0,0,1,0,1,12,126,19
9830,B1,1,3,2,2,0,0,0,0,0,0,0,0,0,1,0,1,76,490,115
9830,B2,2,0,3,18,0,0,0,0,0,0,0,0,0,1,0,1,17,131,47
9830,C1,20,1,1,0,0,0,0,0,0,0,0,0,0,1,0,2,8,120,9
9840,A1,1,19,0,3,0,0,0,0,0,0,0,0,0,1,0,2,13,97,28
9840,B0,0,1,20,3,0,0,0,0,0,0,0,0,0,1,0,1,12,126,19
9840,B1,2,3,2,2,0,0,0,0,0,0,0,0,0,1,0,2,76,490,115
9840,B2,3,0,2,19,0,0,0,0,0,0,0,0,0,1,0,1,17,131,47
9840,C1,18,3,2,0,0,0,0,0,0,0,0,0,0,1,0,2,8,120,9
9850,A1,1,19,0,2,0,0,0,0,0,0,0,0,0,0,1,2,13,97,28
9850,B0,0,2,20,1,0,0,0,0,0,0,0,0,0,0,1,1,12,126,19
9850,B1,1,1,2,1,0,0,0,0,0,0,0,0,0,0,1,1,76,490,115
9850,B2,3,0,1,20,0,0,0,0,0,0,0,0,0,0,1,1,17,131,47
9850,C1,18,2,2,0,0,0,0,0,0,0,0,0,0,0,1,2,8,120,9
9860,A1,3,19,0,3,0,0,0,0,0,0,0,0,0,0,1,2,13,97,28
9860,B0,0,1,17,2,0,0,0,0,0,0,0,0,0,0,1,1,12,126,19
9860,B1,1,1,3,2,0,0,0,0,0,0,0,0,0,0,1,1,76,490,115
9860,B2,3,0,2,18,0,0,0,0,0,0,0,0,0,0,1,1,17,131,47
9860,C1,18,2,2,0,0,0,0,0,0,0,0,0,0,0,1,2,8,120,9
9870,A1,2,20,0,3,0,0,0,0,0,0,0,0,0,1,0,2,13,97,28
9870,B0,0,1,16,2,0,0,0,0,0,0,0,0,0,1,0,1,12,126,19
9870,B1,2,2,2,1,0,0,0,0,0,0,0,0,0,1,0,2,76,490,115
9870,B2,3,0,1,17,0,0,0,0,0,0,0,0,0,1,0,1,17,131,47
9870,C1,20,1,3,0,0,0,0,0,0,0,0,0,0,1,0,2,8,120,9
9880,A1,2,19,0,3,0,0,0,0,0,0,0,0,0,1,0,2,13,97,28
9880,B0,0,1,17,1,0,0,0,0,0,0,0,0,0,1,0,1,12,126,19
9880,B1,3,3,2,1,0,0,0,0,0,0,0,0,0,1,0,2,76,490,115
9880,B2,1,0,1,18,0,0,0,0,0,0,0,0,0,1,0,1,17,131,47
9880,C1,17,1,4,0,0,0,0,0,0,0,0,0,0,1,0,2,8,120,9
9890,A1,2,17,0,4,0,0,0,0,0,0,0,0,0,0,1,2,13,97,28
9890,B0,0,1,20,4,0,0,0,0,0,0,0,0,0,0,1,1,12,126,19
9890,B1,2,3,2,1,0,0,0,0,0,0,0,0,0,0,1,2,76,490,115
9890,B2,1,0,2,20,0,0,0,0,0,0,0,0,0,0,1,1,17,131,47
9890,C1,16,1,4,0,0,0,0,0,0,0,0,0,0,0,1,2,8,120,9
9900,A1,1,17,0,4,0,0,0,0,0,0,0,0,0,0,1,2,13,97,28
9900,B0,0,3,20,2,0,0,0,0,0,0,0,0,0,0,1,1,12,126,19
9900,B1,2,3,1,2,0,0,0,0,0,0,0,0,0,0,1,2,76,490,115
9900,B2,1,0,3,18,0,0,0,0,0,0,0,0,0,0,1,1,17,131,47
9900,C1,18,2,3,0,0,0,0,0,0,0,0,0,0,0,1,2,8,120,9
9910,A1,2,19,0,2,0,0,0,0,0,0,0,0,0,0,1,2,13,97,28
9910,B0,0,3,17,2,0,0,0,0,0,0,0,0,0,0,1,1,12,126,19
9910,B1,2,3,2,1,0,0,0,0,0,0,0,0,0,0,1,2,76,490,115
9910,B2,3,0,1,15,0,0,0,0,0,0,0,0,0,0,1,1,17,131,47
9910,C1,20,2,1,0,0,0,0,0,0,0,0,0,0,0,1,2,8,120,9
9920,A1,2,20,0,2,0,0,0,0,0,0,0,0,0,1,0,2,13,97,28
9920,B0,0,2,18,3,0,0,0,0,0,0,0,0,0,1,0,1,12,126,19
9920,B1,1,5,2,1,0,0,0,0,0,0,0,0,0,1,0,2,76,490,115
9920,B2,2,0,1,16,0,0,0,0,0,0,0,0,0,1,0,1,17,131,47
9920,C1,19,1,1,0,0,0,0,0,0,0,0,0,0,1,0,2,8,120,9
9930,A1,2,16,0,4,0,0,0,0,0,0,0,0,0,1,0,2,13,97,28
9930,B0,0,1,18,3,0,0,0,0,0,0,0,0,0,1,0,1,12,126,19
9930,B1,1,5,2,1,0,0,0,0,0,0,0,0,0,1,0,2,76,490,115
9930,B2,1,0,3,18,0,0,0,0,0,0,0,0,0,1,0,1,17,131,47
9930,C1,19,1,2,0,0,0,0,0,0,0,0,0,0,1,0,2,8,120,9
9940,A1,1,16,0,6,0,0,0,0,0,0,0,0,0,0,1,2,13,97,28
9940,B0,0,1,20,1,0,0,0,0,0,0,0,0,0,0,1,1,12,126,19
9940,B1,1,4,3,1,0,0,0,0,0,0,0,0,0,0,1,2,76,490,115
9940,B2,3,0,2,20,0,0,0,0,0,0,0,0,0,0,1,1,17,131,47
9940,C1,19,2,1,0,0,0,0,0,0,0,0,0,0,0,1,2,8,120,9
9950,A1,1,18,0,4,0,0,0,0,0,0,0,0,0,0,1,2,13,97,28
9950,B0,0,3,20,1,0,0,0,0,0,0,0,0,0,0,1,1,12,126,19
9950,B1,1,4,2,1,0,0,0,0,0,0,0,0,0,0,1,2,76,490,115
9950,B2,4,0,1,19,0,0,0,0,0,0,0,0,0,0,1,1,17,131,47
9950,C1,20,2,1,0,0,0,0,0,0,0,0,0,0,0,1,2,8,120,9
9960,A1,1,20,0,4,0,0,0,0,0,0,0,0,0,1,0,2,13,97,28
9960,B0,0,3,18,3,0,0,0,0,0,0,0,0,0,1,0,1,12,126,19
9960,B1,1,3,3,1,0,0,0,0,0,0,0,0,0,1,0,1,76,490,115
9960,B2,5,0,1,17,0,0,0,0,0,0,0,0,0,1,0,1,17,131,47
9960,C1,20,3,3,0,0,0,0,0,0,0,0,0,0,1,0,2,8,120,9
9970,A1,1,20,0,5,0,0,0,0,0,0,0,0,0,1,0,2,13,97,28
9970,B0,0,1,19,1,0,0,0,0,0,0,0,0,0,1,0,1,12,126,19
9970,B1,2,2,3,1,0,0,0,0,0,0,0,0,0,1,0,1,76,490,115
9970,B2,4,0,2,18,0,0,0,0,0,0,0,0,0,1,0,1,17,131,47
9970,C1,20,4,4,0,0,0,0,0,0,0,0,0,0,1,0,2,8,120,9
9980,A1,5,17,0,5,0,0,0,0,0,0,0,0,0,1,0,2,13,97,28
9980,B0,0,2,20,3,0,0,0,0,0,0,0,0,0,1,0,1,12,126,19
9980,B1,1,1,3,2,0,0,0,0,0,0,0,0,0,1,0,1,76,490,115
9980,B2,3,0,2,19,0,0,0,0,0,0,0,0,0,1,0,1,17,131,47
9980,C1,16,1,4,0,0,0,0,0,0,0,0,0,0,1,0,2,8,120,9
9990,A1,3,18,0,3,0,0,0,0,0,0,0,0,0,0,1,2,14,102,32
9990,B0,0,4,20,1,0,0,0,0,0,0,0,0,0,0,1,1,12,126,19
9990,B1,1,1,3,2,0,0,0,0,0,0,0,0,0,0,1,1,77,492,116
9990,B2,4,0,2,19,0,0,0,0,0,0,0,0,0,0,1,1,17,131,47
9990,C1,17,2,2,0,0,0,0,0,0,0,0,0,0,0,1,2,8,120,9
10000,A1,6,19,0,1,0,0,0,0,0,0,0,0,0,0,1,2,14,102,32
10000,B0,0,4,18,1,0,0,0,0,0,0,0,0,0,0,1,1,12,126,19
10000,B1,1,1,1,3,0,0,0,0,0,0,0,0,0,0,1,1,77,492,116
10000,B2,4,0,1,18,0,0,0,0,0,0,0,0,0,0,1,1,17,131,47
10000,C1,18,4,1,0,0,0,0,0,0,0,0,0,0,0,1,2,8,120,9
