time_of_info,tls_id,count_to_r,count_to_l,count_to_b,count_to_t,count_stuck_middle,count_stuck_to_r,count_stuck_to_l,count_stuck_to_b,count_stuck_to_t,is_jam_next_l,is_jam_next_r,is_jam_next_t,is_jam_next_b,is_green_horizontal,is_green_vertical,y,jams_count,jams_time,jams_car_count
10,A1,0,0,0,0,0,0,0,0,0,0,0,0,0,1,0,1,0,0,0
10,B0,0,0,0,0,0,0,0,0,0,0,0,0,0,1,0,1,0,0,0
10,B1,0,0,0,0,0,0,0,0,0,0,0,0,0,1,0,1,0,0,0
10,B2,0,0,0,0,0,0,0,0,0,0,0,0,0,1,0,1,0,0,0
10,C1,0,0,0,0,0,0,0,0,0,0,0,0,0,1,0,1,0,0,0
20,A1,0,0,0,0,0,0,0,0,0,0,0,0,0,1,0,1,0,0,0
20,B0,0,0,0,0,0,0,0,0,0,0,0,0,0,1,0,1,0,0,0
20,B1,1,0,0,0,0,0,0,0,0,0,0,0,0,1,0,1,0,0,0
20,B2,0,0,0,1,0,0,0,0,0,0,0,0,0,1,0,1,0,0,0
20,C1,0,0,0,0,0,0,0,0,0,0,0,0,0,1,0,1,0,0,0
30,A1,4,1,0,2,0,0,0,0,0,0,0,0,0,1,0,2,0,0,0
30,B0,0,1,3,1,0,0,0,0,0,0,0,0,0,1,0,1,0,0,0
30,B1,2,2,1,2,0,0,0,0,0,0,0,0,0,1,0,2,0,0,0
30,B2,2,0,4,3,0,0,0,0,0,0,0,0,0,1,0,1,0,0,0
30,C1,2,3,2,0,0,0,0,0,0,0,0,0,0,1,0,2,0,0,0
40,A1,2,2,0,3,0,0,0,0,0,0,0,0,0,1,0,2,0,0,0
40,B0,0,3,4,2,0,0,0,0,0,0,0,0,0,1,0,1,0,0,0
40,B1,2,1,1,3,0,0,0,0,0,0,0,0,0,1,0,1,0,0,0
40,B2,3,0,2,3,0,0,0,0,0,0,0,0,0,1,0,1,0,0,0
40,C1,3,1,4,0,0,0,0,0,0,0,0,0,0,1,0,1,0,0,0
50,A1,2,3,0,3,0,0,0,0,0,0,0,0,0,0,1,2,0,0,0
50,B0,0,3,6,3,0,0,0,0,0,0,0,0,0,0,1,1,0,0,0
50,B1,3,4,4,3,0,0,0,0,0,0,0,0,0,0,1,1,0,0,0
50,B2,6,0,2,6,0,0,0,0,0,0,0,0,0,0,1,1,0,0,0
50,C1,4,3,3,0,0,0,0,0,0,0,0,0,0,0,1,2,0,0,0
60,A1,3,5,0,2,0,0,0,0,0,0,0,0,0,0,1,2,0,0,0
60,B0,0,5,6,3,0,0,0,0,0,0,0,0,0,0,1,1,0,0,0
60,B1,4,4,4,2,0,0,0,0,0,0,0,0,0,0,1,2,0,0,0
60,B2,7,0,1,7,0,0,0,0,0,0,0,0,0,0,1,1,0,0,0
60,C1,5,4,3,0,0,0,0,0,0,0,0,0,0,0,1,2,0,0,0
70,A1,5,9,0,3,0,0,0,0,0,0,0,0,0,1,0,2,0,0,0
70,B0,0,6,8,3,0,0,0,0,0,0,0,0,0,1,0,1,0,0,0
70,B1,5,5,5,3,0,0,0,0,0,0,0,0,0,1,0,2,0,0,0
70,B2,9,0,1,9,0,0,0,0,0,0,0,0,0,1,0,1,0,0,0
70,C1,9,5,4,0,0,0,0,0,0,0,0,0,0,1,0,2,0,0,0
80,A1,4,14,0,7,0,0,0,0,0,0,0,0,0,1,0,2,0,0,0
80,B0,0,6,10,6,0,0,0,0,0,0,0,0,0,1,0,1,0,0,0
80,B1,7,6,6,3,0,0,0,0,0,0,0,0,0,1,0,2,0,0,0
80,B2,8,0,3,11,0,0,0,0,0,0,0,0,0,1,0,1,0,0,0
80,C1,11,1,7,0,0,0,0,0,0,0,0,0,0,1,0,2,0,0,0
90,A1,2,14,0,8,0,0,0,0,0,0,0,0,0,1,0,2,0,0,0
90,B0,0,6,13,6,0,0,0,0,0,0,0,0,0,1,0,1,0,0,0
90,B1,7,6,8,6,0,0,0,0,0,0,0,0,0,1,0,2,0,0,0
90,B2,5,0,5,13,0,0,0,0,0,0,0,0,0,1,0,1,0,0,0
90,C1,14,1,9,0,0,0,0,0,0,0,0,0,0,1,0,2,0,0,0
100,A1,4,15,0,8,0,0,0,0,0,0,0,0,0,0,1,2,0,0,0
100,B0,0,8,17,5,0,0,0,0,0,0,0,0,0,0,1,1,0,0,0
100,B1,7,7,8,5,0,0,0,0,0,0,0,0,0,0,1,2,0,0,0
100,B2,9,0,6,14,0,0,0,0,0,0,0,0,0,0,1,1,0,0,0
100,C1,15,4,8,0,0,0,0,0,0,0,0,0,0,0,1,2,0,0,0
110,A1,7,20,0,8,0,0,0,0,0,0,0,0,0,0,1,2,0,0,0
110,B0,0,10,18,5,0,0,0,0,0,0,0,0,0,0,1,1,0,0,0
110,B1,7,9,7,6,0,0,0,0,0,0,0,0,0,0,1,2,0,0,0
110,B2,11,0,4,18,0,0,0,0,0,0,0,0,0,0,1,1,0,0,0
110,C1,17,7,7,0,0,0,0,0,0,0,0,0,0,0,1,2,0,0,0
120,A1,10,19,0,11,0,0,0,0,0,0,0,0,0,1,0,2,0,0,0
120,B0,0,12,19,5,0,0,0,0,0,0,0,0,0,1,0,1,0,0,0
120,B1,8,8,7,7,0,0,0,0,0,0,0,0,0,1,0,2,0,0,0
120,B2,11,0,6,19,0,0,0,0,0,0,0,0,0,1,0,1,0,0,0
120,C1,20,9,8,0,0,0,0,0,0,0,0,0,0,1,0,2,0,0,0
130,A1,9,19,0,13,0,0,0,0,0,0,0,0,0,1,0,2,0,0,0
130,B0,0,12,20,8,0,0,0,0,0,0,0,0,0,1,0,1,0,0,0
130,B1,9,10,8,9,0,0,0,0,0,0,0,0,0,1,0,2,0,0,0
130,B2,9,0,10,20,0,0,0,0,0,0,0,0,0,1,0,1,0,0,0
130,C1,20,8,9,0,0,0,0,0,0,0,0,0,0,1,0,2,0,0,0
140,A1,9,19,0,13,0,0,0,0,0,0,0,0,0,0,1,2,0,0,0
140,B0,0,12,20,11,0,0,0,0,0,0,0,0,0,0,1,1,0,0,0
140,B1,12,10,11,9,0,0,0,0,0,0,0,0,0,0,1,2,0,0,0
140,B2,11,0,13,20,0,0,0,0,0,0,0,0,0,0,1,1,0,0,0
140,C1,20,7,13,0,0,0,0,0,0,0,0,0,0,0,1,2,0,0,0
150,A1,11,20,0,12,0,0,0,0,0,0,0,0,0,0,1,2,0,0,0
150,B0,0,14,20,12,0,0,0,0,0,0,0,0,0,0,1,1,0,0,0
150,B1,12,12,10,11,0,0,0,0,0,0,0,0,0,0,1,2,0,0,0
150,B2,15,0,11,20,0,0,0,0,0,0,0,0,0,0,1,1,0,0,0
150,C1,20,10,11,0,0,0,0,0,0,0,0,0,0,0,1,2,0,0,0
160,A1,13,20,0,13,0,0,0,0,0,0,0,0,0,0,1,2,0,0,0
160,B0,0,13,19,12,0,0,0,0,0,0,0,0,0,0,1,1,0,0,0
160,B1,14,13,8,13,0,0,0,0,0,0,0,0,0,0,1,2,0,0,0
160,B2,17,0,12,19,0,0,0,0,0,0,0,0,0,0,1,1,0,0,0
160,C1,20,13,10,0,0,0,0,0,0,0,0,0,0,0,1,2,0,0,0
170,A1,11,18,0,15,0,0,0,0,0,0,0,0,0,1,0,2,0,0,0
170,B0,0,10,20,15,0,0,0,0,0,0,0,0,0,1,0,1,0,0,0
170,B1,13,14,8,14,0,0,0,0,0,0,0,0,0,1,0,2,0,0,0
170,B2,14,0,14,20,0,0,0,0,0,0,0,0,0,1,0,1,0,0,0
170,C1,18,11,10,0,0,0,0,0,0,0,0,0,0,1,0,2,0,0,0
180,A1,11,18,0,16,0,0,0,0,0,0,0,0,0,1,0,2,0,0,0
180,B0,0,7,20,17,0,0,0,0,0,0,0,0,0,1,0,1,0,0,0
180,B1,15,16,8,15,0,0,0,0,0,0,0,0,0,1,0,2,0,0,0
180,B2,12,0,19,20,0,0,0,0,0,0,0,0,0,1,0,1,0,0,0
180,C1,18,12,12,0,0,0,0,0,0,0,0,0,0,1,0,2,0,0,0
190,A1,12,19,0,18,0,0,0,0,0,0,0,0,0,0,1,2,0,0,0
190,B0,0,8,20,17,0,0,0,0,0,0,0,0,0,0,1,1,0,0,0
190,B1,14,15,5,14,0,0,0,0,0,0,0,0,0,0,1,2,0,0,0
190,B2,13,0,18,20,0,0,0,0,0,0,0,0,0,0,1,1,0,0,0
190,C1,19,14,11,0,0,0,0,0,0,0,0,0,0,0,1,2,0,0,0
200,A1,16,20,0,14,0,0,0,0,0,0,0,0,0,0,1,2,0,0,0
200,B0,0,8,20,13,0,0,0,0,0,0,0,0,0,0,1,1,0,0,0
200,B1,14,18,6,13,0,0,0,0,0,0,0,0,0,0,1,2,0,0,0
200,B2,17,0,15,20,0,0,0,0,0,0,0,0,0,0,1,1,0,0,0
200,C1,20,18,10,0,0,0,0,0,0,0,0,0,0,0,1,2,0,0,0
210,A1,19,19,0,14,0,0,0,0,0,0,0,0,0,1,0,2,0,0,0
210,B0,0,8,20,13,0,0,0,0,0,0,0,0,0,1,0,1,0,0,0
210,B1,14,17,5,12,0,0,0,0,0,0,0,0,0,1,0,2,0,0,0
210,B2,17,0,14,20,0,0,0,0,0,0,0,0,0,1,0,1,0,0,0
210,C1,20,19,13,0,0,0,0,0,0,0,0,0,0,1,0,2,0,0,0
220,A1,14,19,0,17,0,0,0,0,0,0,0,0,0,1,0,2,0,0,0
220,B0,0,6,20,17,0,0,0,0,0,0,0,0,0,1,0,1,0,0,0
220,B1,12,18,5,12,0,0,0,0,0,0,0,0,0,1,0,2,0,0,0
220,B2,13,0,17,20,0,0,0,0,0,0,0,0,0,1,0,1,0,0,0
220,C1,20,14,11,0,0,0,0,0,0,0,0,0,0,1,0,2,0,0,0
230,A1,11,18,0,20,0,0,0,0,0,0,0,0,0,0,1,2,0,0,0
230,B0,0,7,20,20,0,0,0,0,0,0,0,0,0,0,1,1,0,0,0
230,B1,12,18,6,13,0,0,0,0,0,0,0,0,0,0,1,2,0,0,0
230,B2,13,0,20,20,0,0,0,0,0,0,0,0,0,0,1,1,0,0,0
230,C1,19,12,12,0,0,0,0,0,0,0,0,0,0,0,1,2,0,0,0
240,A1,15,20,0,16,0,0,0,0,0,0,0,0,0,0,1,2,0,0,0
240,B0,0,8,20,16,0,0,0,0,0,0,0,0,0,0,1,1,0,0,0
240,B1,12,18,6,11,0,0,0,0,0,0,0,0,0,0,1,2,0,0,0
240,B2,16,0,16,20,0,0,0,0,0,0,0,0,0,0,1,1,0,0,0
240,C1,20,16,9,0,0,0,0,0,0,0,0,0,0,0,1,2,0,0,0
250,A1,19,20,0,12,0,0,0,0,0,0,0,0,0,0,1,2,0,0,0
250,B0,0,11,20,12,0,0,0,0,0,0,0,0,0,0,1,1,0,0,0
250,B1,12,16,6,12,0,0,0,0,0,0,0,0,0,0,1,2,0,0,0
250,B2,17,0,12,20,0,0,0,0,0,0,0,0,0,0,1,1,0,0,0
250,C1,20,20,6,0,0,0,0,0,0,0,0,0,0,0,1,2,0,0,0
260,A1,17,20,0,14,0,0,0,0,0,0,0,0,0,1,0,2,0,0,0
260,B0,0,10,20,15,0,0,0,0,0,0,0,0,0,1,0,1,0,0,0
260,B1,10,17,5,10,0,0,0,0,0,0,0,0,0,1,0,2,0,0,0
260,B2,16,0,15,20,0,0,0,0,0,0,0,0,0,1,0,1,0,0,0
260,C1,20,17,5,0,0,0,0,0,0,0,0,0,0,1,0,2,0,0,0
270,A1,13,20,0,17,0,0,0,0,0,0,0,0,0,1,0,2,0,0,0
270,B0,0,6,20,18,0,0,0,0,0,0,0,0,0,1,0,1,0,0,0
270,B1,12,17,5,10,0,0,0,0,0,0,0,0,0,1,0,2,0,0,0
270,B2,12,0,18,20,0,0,0,0,0,0,0,0,0,1,0,1,0,0,0
270,C1,20,13,6,0,0,0,0,0,0,0,0,0,0,1,0,2,0,0,0
280,A1,14,20,0,18,0,0,0,0,0,0,0,0,0,0,1,2,0,0,0
280,B0,0,6,20,19,0,0,0,0,0,0,0,0,0,0,1,1,0,0,0
280,B1,10,16,5,11,0,0,0,0,0,0,0,0,0,0,1,2,0,0,0
280,B2,13,0,18,19,0,0,0,0,0,0,0,0,0,0,1,1,0,0,0
280,C1,20,13,6,0,0,0,0,0,0,0,0,0,0,0,1,2,0,0,0
290,A1,17,20,0,15,0,0,0,0,0,0,0,0,0,0,1,2,0,0,0
290,B0,0,8,20,15,0,0,0,0,0,0,0,0,0,0,1,1,0,0,0
290,B1,10,15,5,9,0,0,0,0,0,0,0,0,0,0,1,2,0,0,0
290,B2,14,0,14,19,0,0,0,0,0,0,0,0,0,0,1,1,0,0,0
290,C1,20,18,6,0,0,0,0,0,0,0,0,0,0,0,1,2,0,0,0
300,A1,19,20,0,12,0,0,0,0,0,0,0,0,0,1,0,2,0,0,0
300,B0,0,8,19,13,0,0,0,0,0,0,0,0,0,1,0,1,0,0,0
300,B1,10,16,5,6,0,0,0,0,0,0,0,0,0,1,0,2,0,0,0
300,B2,14,0,13,19,0,0,0,0,0,0,0,0,0,1,0,1,0,0,0
300,C1,20,19,3,0,0,0,0,0,0,0,0,0,0,1,0,2,0,0,0
310,A1,16,20,0,16,0,0,0,0,0,0,0,0,0,1,0,2,0,0,0
310,B0,0,7,20,16,0,0,0,0,0,0,0,0,0,1,0,1,0,0,0
310,B1,11,14,4,6,0,0,0,0,0,0,0,0,0,1,0,2,0,0,0
310,B2,10,0,16,20,0,0,0,0,0,0,0,0,0,1,0,1,0,0,0
310,C1,20,16,3,0,0,0,0,0,0,0,0,0,0,1,0,2,0,0,0
320,A1,12,20,0,17,0,0,0,0,0,0,0,0,0,1,0,2,0,0,0
320,B0,0,7,20,20,0,0,0,0,0,0,0,0,0,1,0,1,0,0,0
320,B1,13,15,5,7,0,0,0,0,0,0,0,0,0,1,0,2,0,0,0
320,B2,9,0,20,20,0,0,0,0,0,0,0,0,0,1,0,1,0,0,0
320,C1,20,12,4,0,0,0,0,0,0,0,0,0,0,1,0,2,0,0,0
330,A1,15,20,0,16,0,0,0,0,0,0,0,0,0,0,1,2,0,0,0
330,B0,0,8,20,17,0,0,0,0,0,0,0,0,0,0,1,1,0,0,0
330,B1,11,13,5,6,0,0,0,0,0,0,0,0,0,0,1,2,0,0,0
330,B2,8,0,17,20,0,0,0,0,0,0,0,0,0,0,1,1,0,0,0
330,C1,20,15,1,0,0,0,0,0,0,0,0,0,0,0,1,2,0,0,0
340,A1,19,20,0,13,0,0,0,0,0,0,0,0,0,0,1,2,0,0,0
340,B0,0,11,20,13,0,0,0,0,0,0,0,0,0,0,1,1,0,0,0
340,B1,11,12,4,7,0,0,0,0,0,0,0,0,0,0,1,2,0,0,0
340,B2,9,0,13,20,0,0,0,0,0,0,0,0,0,0,1,1,0,0,0
340,C1,20,19,1,0,0,0,0,0,0,0,0,0,0,0,1,2,0,0,0
350,A1,18,19,0,14,0,0,0,0,0,0,0,0,0,1,0,2,0,0,0
350,B0,0,11,20,14,0,0,0,0,0,0,0,0,0,1,0,1,0,0,0
350,B1,12,12,4,7,0,0,0,0,0,0,0,0,0,1,0,2,0,0,0
350,B2,8,0,14,20,0,0,0,0,0,0,0,0,0,1,0,1,0,0,0
350,C1,20,18,3,0,0,0,0,0,0,0,0,0,0,1,0,2,0,0,0
360,A1,14,19,0,16,0,0,0,0,0,0,0,0,0,1,0,2,0,0,0
360,B0,0,6,20,17,0,0,0,0,0,0,0,0,0,1,0,1,0,0,0
360,B1,9,15,4,7,0,0,0,0,0,0,0,0,0,1,0,2,0,0,0
360,B2,4,0,17,20,0,0,0,0,0,0,0,0,0,1,0,1,0,0,0
360,C1,20,14,4,0,0,0,0,0,0,0,0,0,0,1,0,2,0,0,0
370,A1,13,19,0,15,0,0,0,0,0,0,0,0,0,0,1,2,0,0,0
370,B0,0,5,20,19,0,0,0,0,0,0,0,0,0,0,1,1,0,0,0
370,B1,7,14,4,8,0,0,0,0,0,0,0,0,0,0,1,2,0,0,0
370,B2,3,0,19,19,0,0,0,0,0,0,0,0,0,0,1,1,0,0,0
370,C1,20,13,5,0,0,0,0,0,0,0,0,0,0,0,1,2,0,0,0
380,A1,17,20,0,12,0,0,0,0,0,0,0,0,0,0,1,2,0,0,0
380,B0,0,5,20,15,0,0,0,0,0,0,0,0,0,0,1,1,0,0,0
380,B1,7,12,4,7,0,0,0,0,0,0,0,0,0,0,1,2,0,0,0
380,B2,7,0,15,19,0,0,0,0,0,0,0,0,0,0,1,1,0,0,0
380,C1,20,17,2,0,0,0,0,0,0,0,0,0,0,0,1,2,0,0,0
390,A1,20,20,0,12,0,0,0,0,0,0,0,0,0,0,1,2,0,0,0
390,B0,0,6,19,12,0,0,0,0,0,0,0,0,0,0,1,1,0,0,0
390,B1,7,12,5,5,0,0,0,0,0,0,0,0,0,0,1,2,0,0,0
390,B2,7,0,12,18,0,0,0,0,0,0,0,0,0,0,1,1,0,0,0
390,C1,20,20,2,0,0,0,0,0,0,0,0,0,0,0,1,2,0,0,0
400,A1,17,20,0,12,0,0,0,0,0,0,0,0,0,1,0,2,0,0,0
400,B0,0,4,20,15,0,0,0,0,0,0,0,0,0,1,0,1,0,0,0
400,B1,8,9,5,5,0,0,0,0,0,0,0,0,0,1,0,2,0,0,0
400,B2,4,0,15,20,0,0,0,0,0,0,0,0,0,1,0,1,0,0,0
400,C1,20,17,3,0,0,0,0,0,0,0,0,0,0,1,0,2,0,0,0
410,A1,13,20,0,13,0,0,0,0,0,0,0,0,0,1,0,2,0,0,0
410,B0,0,1,20,19,0,0,0,0,0,0,0,0,0,1,0,1,0,0,0
410,B1,8,10,5,5,0,0,0,0,0,0,0,0,0,1,0,2,0,0,0
410,B2,1,0,19,20,0,0,0,0,0,0,0,0,0,1,0,1,0,0,0
410,C1,20,13,3,0,0,0,0,0,0,0,0,0,0,1,0,2,0,0,0
420,A1,15,20,0,11,0,0,0,0,0,0,0,0,0,0,1,2,0,0,0
420,B0,0,3,20,17,0,0,0,0,0,0,0,0,0,0,1,1,0,0,0
420,B1,7,9,4,5,0,0,0,0,0,0,0,0,0,0,1,2,0,0,0
420,B2,1,0,18,20,0,0,0,0,0,0,0,0,0,0,1,1,0,0,0
420,C1,20,14,3,0,0,0,0,0,0,0,0,0,0,0,1,2,0,0,0
430,A1,19,20,0,7,0,0,0,0,0,0,0,0,0,0,1,2,0,0,0
430,B0,0,5,20,13,0,0,0,0,0,0,0,0,0,0,1,1,0,0,0
430,B1,7,9,3,6,0,0,0,0,0,0,0,0,0,0,1,2,0,0,0
430,B2,2,0,14,20,0,0,0,0,0,0,0,0,0,0,1,1,0,0,0
430,C1,20,18,2,0,0,0,0,0,0,0,0,0,0,0,1,2,0,0,0
440,A1,19,20,0,6,0,0,0,0,0,0,0,0,0,1,0,2,0,0,0
440,B0,0,4,20,13,0,0,0,0,0,0,0,0,0,1,0,1,0,0,0
440,B1,8,8,2,5,0,0,0,0,0,0,0,0,0,1,0,2,0,0,0
440,B2,2,0,13,20,0,0,0,0,0,0,0,0,0,1,0,1,0,0,0
440,C1,20,19,2,0,0,0,0,0,0,0,0,0,0,1,0,2,0,0,0
450,A1,14,20,0,6,0,0,0,0,0,0,0,0,0,1,0,2,0,0,0
450,B0,0,2,20,17,0,0,0,0,0,0,0,0,0,1,0,1,0,0,0
450,B1,8,9,2,5,0,0,0,0,0,0,0,0,0,1,0,2,0,0,0
450,B2,2,0,17,20,0,0,0,0,0,0,0,0,0,1,0,1,0,0,0
450,C1,20,15,4,0,0,0,0,0,0,0,0,0,0,1,0,2,0,0,0
460,A1,12,19,0,7,0,0,0,0,0,0,0,0,0,0,1,2,0,0,0
460,B0,0,2,20,20,0,0,0,0,0,0,0,0,0,0,1,1,0,0,0
460,B1,7,9,2,5,0,0,0,0,0,0,0,0,0,0,1,2,0,0,0
460,B2,2,0,20,20,0,0,0,0,0,0,0,0,0,0,1,1,0,0,0
460,C1,20,12,5,0,0,0,0,0,0,0,0,0,0,0,1,2,0,0,0
470,A1,15,20,0,4,0,0,0,0,0,0,0,0,0,0,1,2,0,0,0
470,B0,0,3,20,16,0,0,0,0,0,0,0,0,0,0,1,1,0,0,0
470,B1,7,8,1,5,0,0,0,0,0,0,0,0,0,0,1,2,0,0,0
470,B2,1,0,16,20,0,0,0,0,0,0,0,0,0,0,1,1,0,0,0
470,C1,19,16,2,0,0,0,0,0,0,0,0,0,0,0,1,2,0,0,0
480,A1,20,20,0,4,0,0,0,0,0,0,0,0,0,0,1,2,0,0,0
480,B0,0,3,20,12,0,0,0,0,0,0,0,0,0,0,1,1,0,0,0
480,B1,7,8,1,4,0,0,0,0,0,0,0,0,0,0,1,2,0,0,0
480,B2,3,0,12,20,0,0,0,0,0,0,0,0,0,0,1,1,0,0,0
480,C1,20,19,1,0,0,0,0,0,0,0,0,0,0,0,1,2,0,0,0
490,A1,17,20,0,5,0,0,0,0,0,0,0,0,0,1,0,2,0,0,0
490,B0,0,1,20,15,0,0,0,0,0,0,0,0,0,1,0,1,0,0,0
490,B1,7,6,2,4,0,0,0,0,0,0,0,0,0,1,0,2,0,0,0
490,B2,2,0,14,20,0,0,0,0,0,0,0,0,0,1,0,1,0,0,0
490,C1,20,17,3,0,0,0,0,0,0,0,0,0,0,1,0,2,0,0,0
500,A1,13,20,0,6,0,0,0,0,0,0,0,0,0,1,0,2,0,0,0
500,B0,0,1,20,19,0,0,0,0,0,0,0,0,0,1,0,1,0,0,0
500,B1,8,6,2,4,0,0,0,0,0,0,0,0,0,1,0,2,0,0,0
500,B2,1,0,18,20,0,0,0,0,0,0,0,0,0,1,0,1,0,0,0
500,C1,20,13,3,0,0,0,0,0,0,0,0,0,0,1,0,2,0,0,0
510,A1,13,20,0,4,0,0,0,0,0,0,0,0,0,0,1,2,0,0,0
510,B0,0,3,20,18,0,0,0,0,0,0,0,0,0,0,1,1,0,0,0
510,B1,6,5,1,5,0,0,0,0,0,0,0,0,0,0,1,2,0,0,0
510,B2,2,0,18,19,0,0,0,0,0,0,0,0,0,0,1,1,0,0,0
510,C1,18,13,3,0,0,0,0,0,0,0,0,0,0,0,1,2,0,0,0
520,A1,18,20,0,2,0,0,0,0,0,0,0,0,0,0,1,2,0,0,0
520,B0,0,4,20,15,0,0,0,0,0,0,0,0,0,0,1,1,0,0,0
520,B1,6,5,4,4,0,0,0,0,0,0,0,0,0,0,1,2,0,0,0
520,B2,1,0,14,19,0,0,0,0,0,0,0,0,0,0,1,1,0,0,0
520,C1,19,17,2,0,0,0,0,0,0,0,0,0,0,0,1,2,0,0,0
530,A1,19,20,0,2,0,0,0,0,0,0,0,0,0,1,0,2,0,0,0
530,B0,0,5,20,13,0,0,0,0,0,0,0,0,0,1,0,1,0,0,0
530,B1,6,6,4,1,0,0,0,0,0,0,0,0,0,1,0,2,0,0,0
530,B2,1,0,13,19,0,0,0,0,0,0,0,0,0,1,0,1,0,0,0
530,C1,20,20,2,0,0,0,0,0,0,0,0,0,0,1,0,2,0,0,0
540,A1,15,20,0,2,0,0,0,0,0,0,0,0,0,1,0,2,0,0,0
540,B0,0,1,20,16,0,0,0,0,0,0,0,0,0,1,0,1,0,0,0
540,B1,8,7,3,1,0,0,0,0,0,0,0,0,0,1,0,2,0,0,0
540,B2,5,0,16,20,0,0,0,0,0,0,0,0,0,1,0,1,0,0,0
540,C1,20,15,4,0,0,0,0,0,0,0,0,0,0,1,0,2,0,0,0
550,A1,11,20,0,2,0,0,0,0,0,0,0,0,0,1,0,2,0,0,0
550,B0,0,2,20,20,0,0,0,0,0,0,0,0,0,1,0,1,0,0,0
550,B1,7,4,3,1,0,0,0,0,0,0,0,0,0,1,0,2,0,0,0
550,B2,2,0,20,20,0,0,0,0,0,0,0,0,0,1,0,1,0,0,0
550,C1,19,12,4,0,0,0,0,0,0,0,0,0,0,1,0,2,0,0,0
560,A1,14,20,0,1,0,0,0,0,0,0,0,0,0,0,1,2,1,7,2
560,B0,0,3,19,16,0,0,0,0,0,0,0,0,0,0,1,1,0,0,0
560,B1,6,4,4,1,0,0,0,0,0,0,0,0,0,0,1,2,0,0,0
560,B2,4,0,17,19,0,0,0,0,0,0,0,0,0,0,1,1,0,0,0
560,C1,19,15,1,0,0,0,0,0,0,0,0,0,0,0,1,2,0,0,0
570,A1,18,20,0,1,0,0,0,0,0,0,0,0,0,0,1,2,1,7,2
570,B0,0,4,19,13,0,0,0,0,0,0,0,0,0,0,1,1,0,0,0
570,B1,7,4,1,1,0,0,0,0,0,0,0,0,0,0,1,2,0,0,0
570,B2,4,0,12,19,0,0,0,0,0,0,0,0,0,0,1,1,0,0,0
570,C1,19,19,2,0,0,0,0,0,0,0,0,0,0,0,1,2,0,0,0
580,A1,18,20,0,2,0,0,0,0,0,0,0,0,0,1,0,2,1,7,2
580,B0,0,2,19,14,0,0,0,0,0,0,0,0,0,1,0,1,0,0,0
580,B1,8,4,1,2,0,0,0,0,0,0,0,0,0,1,0,2,0,0,0
580,B2,2,0,14,19,0,0,0,0,0,0,0,0,0,1,0,1,0,0,0
580,C1,17,18,4,0,0,0,0,0,0,0,0,0,0,1,0,2,0,0,0
590,A1,14,20,0,2,0,0,0,0,0,0,0,0,0,1,0,2,1,7,2
590,B0,0,2,20,18,0,0,0,0,0,0,0,0,0,1,0,1,0,0,0
590,B1,9,5,1,1,0,0,0,0,0,0,0,0,0,1,0,2,0,0,0
590,B2,2,0,18,20,0,0,0,0,0,0,0,0,0,1,0,1,0,0,0
590,C1,19,14,4,0,0,0,0,0,0,0,0,0,0,1,0,2,0,0,0
600,A1,13,20,0,2,0,0,0,0,0,0,0,0,0,0,1,2,1,7,2
600,B0,0,2,20,19,0,0,0,0,0,0,0,0,0,0,1,1,0,0,0
600,B1,7,3,1,1,0,0,0,0,0,0,0,0,0,0,1,2,0,0,0
600,B2,3,0,19,20,0,0,0,0,0,0,0,0,0,0,1,1,0,0,0
600,C1,18,13,3,0,0,0,0,0,0,0,0,0,0,0,1,2,0,0,0
610,A1,16,20,0,1,0,0,0,0,0,0,0,0,0,0,1,2,1,7,2
610,B0,0,2,20,16,0,0,0,0,0,0,0,0,0,0,1,1,0,0,0
610,B1,7,3,2,1,0,0,0,0,0,0,0,0,0,0,1,2,0,0,0
610,B2,4,0,15,20,0,0,0,0,0,0,0,0,0,0,1,1,0,0,0
610,C1,19,17,3,0,0,0,0,0,0,0,0,0,0,0,1,2,0,0,0
620,A1,20,20,0,1,0,0,0,0,0,0,0,0,0,0,1,2,1,7,2
620,B0,0,3,19,13,0,0,0,0,0,0,0,0,0,0,1,1,0,0,0
620,B1,8,3,3,2,0,0,0,0,0,0,0,0,0,0,1,2,0,0,0
620,B2,4,0,12,19,0,0,0,0,0,0,0,0,0,0,1,1,0,0,0
620,C1,20,20,1,0,0,0,0,0,0,0,0,0,0,0,1,2,0,0,0
630,A1,17,20,0,2,0,0,0,0,0,0,0,0,0,1,0,2,1,7,2
630,B0,0,1,20,16,0,0,0,0,0,0,0,0,0,1,0,1,0,0,0
630,B1,8,4,3,2,0,0,0,0,0,0,0,0,0,1,0,2,0,0,0
630,B2,2,0,15,20,0,0,0,0,0,0,0,0,0,1,0,1,0,0,0
630,C1,20,16,2,0,0,0,0,0,0,0,0,0,0,1,0,2,0,0,0
640,A1,13,20,0,2,0,0,0,0,0,0,0,0,0,1,0,2,1,7,2
640,B0,0,1,20,19,0,0,0,0,0,0,0,0,0,1,0,1,0,0,0
640,B1,8,3,3,2,0,0,0,0,0,0,0,0,0,1,0,2,0,0,0
640,B2,1,0,19,20,0,0,0,0,0,0,0,0,0,1,0,1,0,0,0
640,C1,20,12,2,0,0,0,0,0,0,0,0,0,0,1,0,2,0,0,0
650,A1,15,20,0,1,0,0,0,0,0,0,0,0,0,0,1,2,1,7,2
650,B0,0,2,20,18,0,0,0,0,0,0,0,0,0,0,1,1,0,0,0
650,B1,6,2,2,1,0,0,0,0,0,0,0,0,0,0,1,2,0,0,0
650,B2,2,0,18,20,0,0,0,0,0,0,0,0,0,0,1,1,0,0,0
650,C1,20,14,1,0,0,0,0,0,0,0,0,0,0,0,1,2,0,0,0
660,A1,19,20,0,2,0,0,0,0,0,0,0,0,0,0,1,2,1,7,2
660,B0,0,3,20,14,0,0,0,0,0,0,0,0,0,0,1,1,0,0,0
660,B1,6,2,1,1,0,0,0,0,0,0,0,0,0,0,1,2,0,0,0
660,B2,4,0,13,20,0,0,0,0,0,0,0,0,0,0,1,1,0,0,0
660,C1,20,18,1,0,0,0,0,0,0,0,0,0,0,0,1,2,0,0,0
670,A1,19,19,0,2,0,0,0,0,0,0,0,0,0,1,0,2,1,7,2
670,B0,0,3,20,13,0,0,0,0,0,0,0,0,0,1,0,1,0,0,0
670,B1,7,2,2,1,0,0,0,0,0,0,0,0,0,1,0,2,0,0,0
670,B2,3,0,13,20,0,0,0,0,0,0,0,0,0,1,0,1,0,0,0
670,C1,20,19,2,0,0,0,0,0,0,0,0,0,0,1,0,2,0,0,0
680,A1,15,18,0,2,0,0,0,0,0,0,0,0,0,1,0,2,1,7,2
680,B0,0,1,20,17,0,0,0,0,0,0,0,0,0,1,0,1,0,0,0
680,B1,8,3,2,1,0,0,0,0,0,0,0,0,0,1,0,2,0,0,0
680,B2,2,0,17,20,0,0,0,0,0,0,0,0,0,1,0,1,0,0,0
680,C1,20,15,4,0,0,0,0,0,0,0,0,0,0,1,0,2,0,0,0
690,A1,12,17,0,2,0,0,0,0,0,0,0,0,0,0,1,2,1,7,2
690,B0,0,1,19,20,0,0,0,0,0,0,0,0,0,0,1,1,0,0,0
690,B1,8,2,3,2,0,0,0,0,0,0,0,0,0,0,1,2,0,0,0
690,B2,1,0,20,20,0,0,0,0,0,0,0,0,0,0,1,1,0,0,0
690,C1,19,12,6,0,0,0,0,0,0,0,0,0,0,0,1,2,0,0,0
700,A1,15,19,0,1,0,0,0,0,0,0,0,0,0,0,1,2,1,7,2
700,B0,0,3,20,16,0,0,0,0,0,0,0,0,0,0,1,1,0,0,0
700,B1,7,2,2,3,0,0,0,0,0,0,0,0,0,0,1,2,0,0,0
700,B2,2,0,16,19,0,0,0,0,0,0,0,0,0,0,1,1,0,0,0
700,C1,20,15,2,0,0,0,0,0,0,0,0,0,0,0,1,2,0,0,0
710,A1,19,20,0,1,0,0,0,0,0,0,0,0,0,0,1,2,1,7,2
710,B0,0,3,19,13,0,0,0,0,0,0,0,0,0,0,1,1,0,0,0
710,B1,7,2,2,2,0,0,0,0,0,0,0,0,0,0,1,2,0,0,0
710,B2,3,0,12,19,0,0,0,0,0,0,0,0,0,0,1,1,0,0,0
710,C1,20,19,1,0,0,0,0,0,0,0,0,0,0,0,1,2,0,0,0
720,A1,17,20,0,2,0,0,0,0,0,0,0,0,0,1,0,2,1,7,2
720,B0,0,1,19,16,0,0,0,0,0,0,0,0,0,1,0,1,0,0,0
720,B1,9,2,3,3,0,0,0,0,0,0,0,0,0,1,0,2,0,0,0
720,B2,2,0,15,20,0,0,0,0,0,0,0,0,0,1,0,1,0,0,0
720,C1,20,17,3,0,0,0,0,0,0,0,0,0,0,1,0,2,0,0,0
730,A1,14,19,0,3,0,0,0,0,0,0,0,0,0,1,0,2,1,7,2
730,B0,0,2,19,19,0,0,0,0,0,0,0,0,0,1,0,1,0,0,0
730,B1,9,2,1,3,0,0,0,0,0,0,0,0,0,1,0,2,0,0,0
730,B2,1,0,17,20,0,0,0,0,0,0,0,0,0,1,0,1,0,0,0
730,C1,20,13,3,0,0,0,0,0,0,0,0,0,0,1,0,2,0,0,0
740,A1,14,19,0,1,0,0,0,0,0,0,0,0,0,0,1,2,1,7,2
740,B0,0,4,20,18,0,0,0,0,0,0,0,0,0,0,1,1,0,0,0
740,B1,8,2,2,3,0,0,0,0,0,0,0,0,0,0,1,2,0,0,0
740,B2,2,0,15,19,0,0,0,0,0,0,0,0,0,0,1,1,0,0,0
740,C1,20,13,3,0,0,0,0,0,0,0,0,0,0,0,1,2,0,0,0
750,A1,18,19,0,2,0,0,0,0,0,0,0,0,0,0,1,2,1,7,2
750,B0,0,6,19,14,0,0,0,0,0,0,0,0,0,0,1,1,0,0,0
750,B1,8,2,3,1,0,0,0,0,0,0,0,0,0,0,1,2,0,0,0
750,B2,2,0,14,19,0,0,0,0,0,0,0,0,0,0,1,1,0,0,0
750,C1,20,17,1,0,0,0,0,0,0,0,0,0,0,0,1,2,0,0,0
760,A1,20,18,0,2,0,0,0,0,0,0,0,0,0,1,0,2,1,7,2
760,B0,0,8,18,13,0,0,0,0,0,0,0,0,0,1,0,1,0,0,0
760,B1,9,3,1,2,0,0,0,0,0,0,0,0,0,1,0,2,0,0,0
760,B2,2,0,13,19,0,0,0,0,0,0,0,0,0,1,0,1,0,0,0
760,C1,20,19,1,0,0,0,0,0,0,0,0,0,0,1,0,2,0,0,0
770,A1,16,18,0,3,0,0,0,0,0,0,0,0,0,1,0,2,1,7,2
770,B0,0,6,19,16,0,0,0,0,0,0,0,0,0,1,0,1,0,0,0
770,B1,7,4,1,1,0,0,0,0,0,0,0,0,0,1,0,2,0,0,0
770,B2,1,0,16,20,0,0,0,0,0,0,0,0,0,1,0,1,0,0,0
770,C1,20,16,1,0,0,0,0,0,0,0,0,0,0,1,0,2,0,0,0
780,A1,13,18,0,3,0,0,0,0,0,0,0,0,0,1,0,2,1,7,2
780,B0,0,2,19,19,0,0,0,0,0,0,0,0,0,1,0,1,0,0,0
780,B1,6,3,1,1,0,0,0,0,0,0,0,0,0,1,0,2,0,0,0
780,B2,1,0,19,20,0,0,0,0,0,0,0,0,0,1,0,1,0,0,0
780,C1,19,12,2,0,0,0,0,0,0,0,0,0,0,1,0,2,0,0,0
790,A1,16,19,0,1,0,0,0,0,0,0,0,0,0,0,1,2,1,7,2
790,B0,0,4,19,17,0,0,0,0,0,0,0,0,0,0,1,1,0,0,0
790,B1,6,3,1,3,0,0,0,0,0,0,0,0,0,0,1,2,0,0,0
790,B2,1,0,16,20,0,0,0,0,0,0,0,0,0,0,1,1,0,0,0
790,C1,20,15,2,0,0,0,0,0,0,0,0,0,0,0,1,2,0,0,0
800,A1,19,20,0,3,0,0,0,0,0,0,0,0,0,0,1,2,1,7,2
800,B0,0,5,19,13,0,0,0,0,0,0,0,0,0,0,1,1,0,0,0
800,B1,6,2,1,2,0,0,0,0,0,0,0,0,0,0,1,2,0,0,0
800,B2,1,0,13,20,0,0,0,0,0,0,0,0,0,0,1,1,0,0,0
800,C1,20,19,2,0,0,0,0,0,0,0,0,0,0,0,1,2,0,0,0
810,A1,18,21,0,3,0,0,0,0,0,0,0,0,0,1,0,2,1,7,2
810,B0,0,5,19,15,0,0,0,0,0,0,0,0,0,1,0,1,0,0,0
810,B1,8,1,2,2,0,0,0,0,0,0,0,0,0,1,0,2,0,0,0
810,B2,1,0,14,20,0,0,0,0,0,0,0,0,0,1,0,1,0,0,0
810,C1,20,18,3,0,0,0,0,0,0,0,0,0,0,1,0,2,0,0,0
820,A1,14,21,0,3,0,0,0,0,0,0,0,0,0,1,0,2,1,7,2
820,B0,0,2,20,18,0,0,0,0,0,0,0,0,0,1,0,1,0,0,0
820,B1,8,2,2,2,0,0,0,0,0,0,0,0,0,1,0,2,0,0,0
820,B2,1,0,18,20,0,0,0,0,0,0,0,0,0,1,0,1,0,0,0
820,C1,20,13,3,0,0,0,0,0,0,0,0,0,0,1,0,2,0,0,0
830,A1,13,20,0,2,0,0,0,0,0,0,0,0,0,0,1,2,1,7,2
830,B0,0,2,20,19,0,0,0,0,0,0,0,0,0,0,1,1,0,0,0
830,B1,7,1,2,1,0,0,0,0,0,0,0,0,0,0,1,2,0,0,0
830,B2,3,0,19,20,0,0,0,0,0,0,0,0,0,0,1,1,0,0,0
830,C1,20,13,5,0,0,0,0,0,0,0,0,0,0,0,1,2,0,0,0
840,A1,17,20,0,1,0,0,0,0,0,0,0,0,0,0,1,2,1,7,2
840,B0,0,2,20,15,0,0,0,0,0,0,0,0,0,0,1,1,0,0,0
840,B1,7,2,1,2,0,0,0,0,0,0,0,0,0,0,1,2,0,0,0
840,B2,3,0,15,20,0,0,0,0,0,0,0,0,0,0,1,1,0,0,0
840,C1,20,17,2,0,0,0,0,0,0,0,0,0,0,0,1,2,0,0,0
850,A1,20,20,0,1,0,0,0,0,0,0,0,0,0,0,1,2,1,7,2
850,B0,0,4,19,12,0,0,0,0,0,0,0,0,0,0,1,1,0,0,0
850,B1,7,2,2,1,0,0,0,0,0,0,0,0,0,0,1,2,0,0,0
850,B2,3,0,13,19,0,0,0,0,0,0,0,0,0,0,1,1,0,0,0
850,C1,20,20,3,0,0,0,0,0,0,0,0,0,0,0,1,2,0,0,0
860,A1,17,20,0,1,0,0,0,0,0,0,0,0,0,1,0,2,1,7,2
860,B0,0,1,20,15,0,0,0,0,0,0,0,0,0,1,0,1,0,0,0
860,B1,6,2,2,1,0,0,0,0,0,0,0,0,0,1,0,2,0,0,0
860,B2,1,0,16,20,0,0,0,0,0,0,0,0,0,1,0,1,0,0,0
860,C1,20,16,3,0,0,0,0,0,0,0,0,0,0,1,0,2,0,0,0
870,A1,12,20,0,2,0,0,0,0,0,0,0,0,0,1,0,2,1,7,2
870,B0,0,3,20,19,0,0,0,0,0,0,0,0,0,1,0,1,0,0,0
870,B1,9,2,2,1,0,0,0,0,0,0,0,0,0,1,0,2,0,0,0
870,B2,1,0,20,20,0,0,0,0,0,0,0,0,0,1,0,1,0,0,0
870,C1,20,13,3,0,0,0,0,0,0,0,0,0,0,1,0,2,0,0,0
880,A1,14,20,0,2,0,0,0,0,0,0,0,0,0,0,1,2,1,7,2
880,B0,0,5,20,17,0,0,0,0,0,0,0,0,0,0,1,1,0,0,0
880,B1,8,2,1,3,0,0,0,0,0,0,0,0,0,0,1,2,0,0,0
880,B2,1,0,18,20,0,0,0,0,0,0,0,0,0,0,1,1,0,0,0
880,C1,20,14,2,0,0,0,0,0,0,0,0,0,0,0,1,2,0,0,0
890,A1,18,20,0,1,0,0,0,0,0,0,0,0,0,0,1,2,1,7,2
890,B0,0,6,20,13,0,0,0,0,0,0,0,0,0,0,1,1,0,0,0
890,B1,8,2,1,1,0,0,0,0,0,0,0,0,0,0,1,2,0,0,0
890,B2,2,0,14,20,0,0,0,0,0,0,0,0,0,0,1,1,0,0,0
890,C1,20,18,1,0,0,0,0,0,0,0,0,0,0,0,1,2,0,0,0
900,A1,19,20,0,2,0,0,0,0,0,0,0,0,0,1,0,2,1,7,2
900,B0,0,6,20,13,0,0,0,0,0,0,0,0,0,1,0,1,0,0,0
900,B1,8,3,1,2,0,0,0,0,0,0,0,0,0,1,0,2,0,0,0
900,B2,2,0,14,19,0,0,0,0,0,0,0,0,0,1,0,1,1,4,1
900,C1,20,19,1,0,0,0,0,0,0,0,0,0,0,1,0,2,0,0,0
910,A1,15,20,0,2,0,0,0,0,0,0,0,0,0,1,0,2,1,7,2
910,B0,0,3,20,17,0,0,0,0,0,0,0,0,0,1,0,1,0,0,0
910,B1,8,3,2,2,0,0,0,0,0,0,0,0,0,1,0,2,0,0,0
910,B2,1,0,18,19,0,0,0,0,0,0,0,0,0,1,0,1,1,4,1
910,C1,20,15,1,0,0,0,0,0,0,0,0,0,0,1,0,2,0,0,0
920,A1,13,19,0,3,0,0,0,0,0,0,0,0,0,0,1,2,1,7,2
920,B0,0,2,20,20,0,0,0,19,0,0,0,0,0,0,1,1,1,1,0
920,B1,6,1,2,2,0,0,0,0,0,0,0,0,0,0,1,2,0,0,0
920,B2,1,0,20,20,0,0,0,0,0,0,0,0,0,0,1,1,1,4,1
920,C1,19,12,1,0,0,0,0,0,0,0,0,0,0,0,1,2,0,0,0
930,A1,16,19,0,1,0,0,0,0,0,0,0,0,0,0,1,2,1,7,2
930,B0,0,2,20,16,0,0,0,0,0,0,0,0,0,0,1,1,1,11,19
930,B1,6,1,1,2,0,0,0,0,0,0,0,0,0,0,1,2,0,0,0
930,B2,1,0,16,20,0,0,0,0,0,0,0,0,0,0,1,1,1,4,1
930,C1,20,16,2,0,0,0,0,0,0,0,0,0,0,0,1,2,0,0,0
940,A1,19,20,0,3,0,0,0,0,0,0,0,0,0,0,1,2,1,7,2
940,B0,0,3,20,12,0,0,0,0,0,0,0,0,0,0,1,1,1,11,19
940,B1,6,1,1,1,0,0,0,0,0,0,0,0,0,0,1,2,0,0,0
940,B2,3,0,12,19,0,0,0,0,0,0,0,0,0,0,1,1,1,4,1
940,C1,20,19,3,0,0,0,0,0,0,0,0,0,0,0,1,2,0,0,0
950,A1,17,20,0,2,0,0,0,0,0,0,0,0,0,1,0,2,1,7,2
950,B0,0,3,20,15,0,0,0,0,0,0,0,0,0,1,0,1,1,11,19
950,B1,4,2,2,3,0,0,0,0,0,0,0,0,0,1,0,2,0,0,0
950,B2,1,0,15,19,0,0,0,0,0,0,0,0,0,1,0,1,1,4,1
950,C1,20,17,6,0,0,0,0,0,0,0,0,0,0,1,0,2,0,0,0
960,A1,13,20,0,3,0,0,0,0,0,0,0,0,0,1,0,2,1,7,2
960,B0,0,1,20,19,0,0,0,0,0,0,0,0,0,1,0,1,1,11,19
960,B1,3,4,2,3,0,0,0,0,0,0,0,0,0,1,0,2,0,0,0
960,B2,2,0,18,20,0,0,0,0,0,0,0,0,0,1,0,1,1,4,1
960,C1,20,13,7,0,0,0,0,0,0,0,0,0,0,1,0,2,0,0,0
970,A1,14,20,0,5,0,0,0,0,0,0,0,0,0,0,1,2,1,7,2
970,B0,0,1,20,18,0,0,0,0,0,0,0,0,0,0,1,1,1,11,19
970,B1,3,2,1,3,0,0,0,0,0,0,0,0,0,0,1,2,0,0,0
970,B2,3,0,18,20,0,0,0,0,0,0,0,0,0,0,1,1,1,4,1
970,C1,20,13,7,0,0,0,0,0,0,0,0,0,0,0,1,2,0,0,0
980,A1,18,20,0,3,0,0,0,0,0,0,0,0,0,0,1,2,1,7,2
980,B0,0,1,20,14,0,0,0,0,0,0,0,0,0,0,1,1,1,11,19
980,B1,3,3,3,1,0,0,0,0,0,0,0,0,0,0,1,2,0,0,0
980,B2,3,0,14,20,0,0,0,0,0,0,0,0,0,0,1,1,1,4,1
980,C1,20,17,3,0,0,0,0,0,0,0,0,0,0,0,1,2,0,0,0
990,A1,19,20,0,3,0,0,0,0,0,0,0,0,0,1,0,2,1,7,2
990,B0,0,1,19,13,0,0,0,0,0,0,0,0,0,1,0,1,1,11,19
990,B1,4,4,1,2,0,0,0,0,0,0,0,0,0,1,0,2,0,0,0
990,B2,2,0,13,19,0,0,0,0,0,0,0,0,0,1,0,1,1,4,1
990,C1,20,20,3,0,0,0,0,0,0,0,0,0,0,1,0,2,0,0,0
1000,A1,16,20,0,3,0,0,0,0,0,0,0,0,0,1,0,2,1,7,2
1000,B0,0,2,20,16,0,0,0,0,0,0,0,0,0,1,0,1,1,11,19
1000,B1,1,5,1,2,0,0,0,0,0,0,0,0,0,1,0,2,0,0,0
1000,B2,1,0,16,20,0,0,0,0,0,0,0,0,0,1,0,1,1,4,1
1000,C1,20,16,3,0,0,0,0,0,0,0,0,0,0,1,0,2,0,0,0
1010,A1,12,19,0,3,0,0,0,0,0,0,0,0,0,1,0,2,1,7,2
1010,B0,0,3,20,19,0,0,0,0,0,0,0,0,0,1,0,1,1,11,19
1010,B1,1,1,1,2,0,0,0,0,0,0,0,0,0,1,0,1,0,0,0
1010,B2,2,0,20,20,0,0,0,0,0,0,0,0,0,1,0,1,1,4,1
1010,C1,20,12,4,0,0,0,0,0,0,0,0,0,0,1,0,2,0,0,0
1020,A1,15,20,0,1,0,0,0,0,0,0,0,0,0,0,1,2,1,7,2
1020,B0,0,3,20,17,0,0,0,19,0,0,0,0,0,0,1,1,2,28,19
1020,B1,1,1,1,3,0,0,0,0,0,0,0,0,0,0,1,1,0,0,0
1020,B2,3,0,16,19,0,0,0,0,0,0,0,0,0,0,1,1,1,4,1
1020,C1,20,14,3,0,0,0,0,0,0,0,0,0,0,0,1,2,0,0,0
1030,A1,19,20,0,3,0,0,0,0,0,0,0,0,0,0,1,2,1,7,2
1030,B0,0,4,20,13,0,0,0,19,0,0,0,0,0,0,1,1,2,48,19
1030,B1,1,1,2,1,0,0,0,0,0,0,0,0,0,0,1,1,0,0,0
1030,B2,3,0,13,19,0,0,0,0,0,0,0,0,0,0,1,1,1,4,1
1030,C1,20,19,1,0,0,0,0,0,0,0,0,0,0,0,1,2,0,0,0
1040,A1,18,20,0,4,0,0,0,0,0,0,0,0,0,1,0,2,1,7,2
1040,B0,0,4,20,14,0,0,0,0,0,0,0,0,0,1,0,1,2,48,38
1040,B1,3,1,1,2,0,0,0,0,0,0,0,0,0,1,0,2,0,0,0
1040,B2,2,0,14,19,0,0,0,0,0,0,0,0,0,1,0,1,1,4,1
1040,C1,20,18,2,0,0,0,0,0,0,0,0,0,0,1,0,2,0,0,0
1050,A1,14,20,0,4,0,0,0,0,0,0,0,0,0,1,0,2,1,7,2
1050,B0,0,1,20,17,0,0,0,0,0,0,0,0,0,1,0,1,2,48,38
1050,B1,4,1,1,2,0,0,0,0,0,0,0,0,0,1,0,2,0,0,0
1050,B2,2,0,18,20,0,0,0,0,0,0,0,0,0,1,0,1,1,4,1
1050,C1,20,14,2,0,0,0,0,0,0,0,0,0,0,1,0,2,0,0,0
1060,A1,13,20,0,4,0,0,0,0,0,0,0,0,0,0,1,2,1,7,2
1060,B0,0,2,20,19,0,0,0,0,0,0,0,0,0,0,1,1,2,48,38
1060,B1,2,1,1,2,0,0,0,0,0,0,0,0,0,0,1,1,0,0,0
1060,B2,1,0,19,20,0,0,0,0,0,0,0,0,0,0,1,1,1,4,1
1060,C1,20,13,2,0,0,0,0,0,0,0,0,0,0,0,1,2,0,0,0
1070,A1,17,20,0,2,0,0,0,0,0,0,0,0,0,0,1,2,1,7,2
1070,B0,0,3,20,15,0,0,0,0,0,0,0,0,0,0,1,1,2,48,38
1070,B1,2,1,1,1,0,0,0,0,0,0,0,0,0,0,1,2,0,0,0
1070,B2,1,0,15,20,0,0,0,0,0,0,0,0,0,0,1,1,1,4,1
1070,C1,20,17,1,0,0,0,0,0,0,0,0,0,0,0,1,2,0,0,0
1080,A1,20,20,0,2,0,0,0,0,0,0,0,0,0,0,1,2,1,7,2
1080,B0,0,3,19,12,0,0,0,0,0,0,0,0,0,0,1,1,2,48,38
1080,B1,2,1,2,1,0,0,0,0,0,0,0,0,0,0,1,1,0,0,0
1080,B2,1,0,12,19,0,0,0,0,0,0,0,0,0,0,1,1,1,4,1
1080,C1,20,20,1,0,0,0,0,0,0,0,0,0,0,0,1,2,0,0,0
1090,A1,16,21,0,5,0,0,0,0,0,0,0,0,0,1,0,2,1,7,2
1090,B0,0,1,20,15,0,0,0,0,0,0,0,0,0,1,0,1,2,48,38
1090,B1,2,1,2,1,0,0,0,0,0,0,0,0,0,1,0,1,0,0,0
1090,B2,1,0,15,20,0,0,0,0,0,0,0,0,0,1,0,1,1,4,1
1090,C1,20,17,1,0,0,0,0,0,0,0,0,0,0,1,0,2,0,0,0
1100,A1,12,21,0,6,0,0,0,0,0,0,0,0,0,1,0,2,1,7,2
1100,B0,0,1,20,19,0,0,0,0,0,0,0,0,0,1,0,1,2,48,38
1100,B1,2,2,2,1,0,0,0,0,0,0,0,0,0,1,0,2,0,0,0
1100,B2,2,0,19,20,0,0,0,0,0,0,0,0,0,1,0,1,1,4,1
1100,C1,20,13,2,0,0,0,0,0,0,0,0,0,0,1,0,2,0,0,0
1110,A1,14,20,0,4,0,0,0,0,0,0,0,0,0,0,1,2,1,7,2
1110,B0,0,1,20,18,0,0,0,0,0,0,0,0,0,0,1,1,2,48,38
1110,B1,2,1,2,2,0,0,0,0,0,0,0,0,0,0,1,1,0,0,0
1110,B2,2,0,18,20,0,0,0,0,0,0,0,0,0,0,1,1,1,4,1
1110,C1,20,14,1,0,0,0,0,0,0,0,0,0,0,0,1,2,0,0,0
1120,A1,18,20,0,2,0,0,0,0,0,0,0,0,0,0,1,2,1,7,2
1120,B0,0,1,20,14,0,0,0,0,0,0,0,0,0,0,1,1,2,48,38
1120,B1,2,1,2,2,0,0,0,0,0,0,0,0,0,0,1,1,0,0,0
1120,B2,3,0,14,20,0,0,0,0,0,0,0,0,0,0,1,1,1,4,1
1120,C1,20,18,1,0,0,0,0,0,0,0,0,0,0,0,1,2,0,0,0
1130,A1,19,20,0,2,0,0,0,0,0,0,0,0,0,1,0,2,1,7,2
1130,B0,0,2,20,13,0,0,0,0,0,0,0,0,0,1,0,1,2,48,38
1130,B1,2,1,2,2,0,0,0,0,0,0,0,0,0,1,0,1,0,0,0
1130,B2,4,0,13,19,0,0,0,0,0,0,0,0,0,1,0,1,1,4,1
1130,C1,20,19,1,0,0,0,0,0,0,0,0,0,0,1,0,2,0,0,0
1140,A1,15,20,0,2,0,0,0,0,0,0,0,0,0,1,0,2,1,7,2
1140,B0,0,1,20,16,0,0,0,0,0,0,0,0,0,1,0,1,2,48,38
1140,B1,3,1,2,2,0,0,0,0,0,0,0,0,0,1,0,1,0,0,0
1140,B2,3,0,17,19,0,0,0,0,0,0,0,0,0,1,0,1,1,4,1
1140,C1,20,15,2,0,0,0,0,0,0,0,0,0,0,1,0,2,0,0,0
1150,A1,12,19,0,2,0,0,0,0,0,0,0,0,0,0,1,2,1,7,2
1150,B0,0,2,20,20,0,0,0,0,0,0,0,0,0,0,1,1,2,48,38
1150,B1,2,3,2,2,0,0,0,0,0,0,0,0,0,0,1,2,0,0,0
1150,B2,2,0,20,19,0,0,0,0,0,0,0,0,0,0,1,1,1,4,1
1150,C1,19,13,1,0,0,0,0,0,0,0,0,0,0,0,1,2,0,0,0
1160,A1,16,19,0,1,0,0,0,0,0,0,0,0,0,0,1,2,1,7,2
1160,B0,0,2,20,16,0,0,0,0,0,0,0,0,0,0,1,1,2,48,38
1160,B1,2,1,1,2,0,0,0,0,0,0,0,0,0,0,1,1,0,0,0
1160,B2,3,0,16,20,0,0,0,0,0,0,0,0,0,0,1,1,1,4,1
1160,C1,20,16,1,0,0,0,0,0,0,0,0,0,0,0,1,2,0,0,0
1170,A1,19,20,0,2,0,0,0,0,0,0,0,0,0,0,1,2,1,7,2
1170,B0,0,3,20,12,0,0,0,0,0,0,0,0,0,0,1,1,2,48,38
1170,B1,2,2,1,1,0,0,0,0,0,0,0,0,0,0,1,2,0,0,0
1170,B2,4,0,12,20,0,0,0,0,0,0,0,0,0,0,1,1,1,4,1
1170,C1,20,20,1,0,0,0,0,0,0,0,0,0,0,0,1,2,0,0,0
1180,A1,17,20,0,1,0,0,0,0,0,0,0,0,0,1,0,2,1,7,2
1180,B0,0,3,20,14,0,0,0,0,0,0,0,0,0,1,0,1,2,48,38
1180,B1,3,2,2,2,0,0,0,0,0,0,0,0,0,1,0,2,0,0,0
1180,B2,2,0,14,20,0,0,0,0,0,0,0,0,0,1,0,1,1,4,1
1180,C1,20,17,1,0,0,0,0,0,0,0,0,0,0,1,0,2,0,0,0
1190,A1,14,20,0,1,0,0,0,0,0,0,0,0,0,1,0,2,1,7,2
1190,B0,0,2,20,18,0,0,0,0,0,0,0,0,0,1,0,1,2,48,38
1190,B1,4,1,2,2,0,0,0,0,0,0,0,0,0,1,0,2,0,0,0
1190,B2,2,0,18,20,0,0,0,0,0,0,0,0,0,1,0,1,1,4,1
1190,C1,20,13,2,0,0,0,0,0,0,0,0,0,0,1,0,2,0,0,0
1200,A1,15,19,0,1,0,0,0,0,0,0,0,0,0,0,1,2,1,7,2
1200,B0,0,2,21,18,0,0,0,0,0,0,0,0,0,0,1,1,2,48,38
1200,B1,3,3,2,1,0,0,0,0,0,0,0,0,0,0,1,2,0,0,0
1200,B2,2,0,18,20,0,0,0,0,0,0,0,0,0,0,1,1,1,4,1
1200,C1,20,13,3,0,0,0,0,0,0,0,0,0,0,0,1,2,0,0,0
1210,A1,18,19,0,2,0,0,0,0,0,0,0,0,0,0,1,2,1,7,2
1210,B0,0,4,21,15,0,0,0,0,0,0,0,0,0,0,1,1,2,48,38
1210,B1,3,3,2,2,0,0,0,0,0,0,0,0,0,0,1,2,0,0,0
1210,B2,2,0,15,20,0,0,0,0,0,0,0,0,0,0,1,1,1,4,1
1210,C1,20,18,1,0,0,0,0,0,0,0,0,0,0,0,1,2,0,0,0
1220,A1,19,20,0,3,0,0,0,0,0,0,0,0,0,1,0,2,1,7,2
1220,B0,0,4,20,12,0,0,0,0,0,0,0,0,0,1,0,1,2,48,38
1220,B1,4,4,2,2,0,0,3,0,0,0,0,0,0,1,0,2,1,4,0
1220,B2,2,0,13,20,0,0,0,0,0,1,0,0,0,1,0,1,1,4,1
1220,C1,20,19,2,0,0,0,0,0,0,0,0,0,0,1,0,2,0,0,0
1230,A1,15,20,0,6,0,0,0,0,0,0,0,0,0,1,0,2,1,7,2
1230,B0,0,1,20,16,0,0,0,0,0,0,0,0,0,1,0,1,2,48,38
1230,B1,2,1,2,2,0,0,0,0,0,0,0,0,0,1,0,1,1,13,3
1230,B2,1,0,16,20,0,0,0,0,0,0,0,0,0,1,0,1,1,4,1
1230,C1,20,15,3,0,0,0,0,0,0,0,0,0,0,1,0,2,0,0,0
1240,A1,12,19,0,7,0,0,0,0,0,0,0,0,0,1,0,2,1,7,2
1240,B0,0,1,20,19,0,0,0,0,0,0,0,0,0,1,0,1,2,48,38
1240,B1,3,2,2,2,0,0,0,0,0,0,0,0,0,1,0,2,1,13,3
1240,B2,1,0,20,20,0,0,0,0,0,0,0,0,0,1,0,1,1,4,1
1240,C1,19,12,3,0,0,0,0,0,0,0,0,0,0,1,0,2,0,0,0
1250,A1,15,19,0,6,0,0,0,0,0,0,0,0,0,0,1,2,1,7,2
1250,B0,0,2,20,17,0,0,0,0,0,0,0,0,0,0,1,1,2,48,38
1250,B1,2,2,5,2,0,0,0,0,0,0,0,0,0,0,1,1,1,13,3
1250,B2,3,0,17,20,0,0,0,0,0,0,0,0,0,0,1,1,1,4,1
1250,C1,20,15,1,0,0,0,0,0,0,0,0,0,0,0,1,2,0,0,0
1260,A1,19,20,0,1,0,0,0,0,0,0,0,0,0,0,1,2,1,7,2
1260,B0,0,2,20,13,0,0,0,0,0,0,0,0,0,0,1,1,2,48,38
1260,B1,2,2,5,2,0,0,0,0,0,0,0,0,0,0,1,1,1,13,3
1260,B2,3,0,13,20,0,0,0,0,0,0,0,0,0,0,1,1,1,4,1
1260,C1,20,19,1,0,0,0,0,0,0,0,0,0,0,0,1,2,0,0,0
1270,A1,18,20,0,3,0,0,0,0,0,0,0,0,0,1,0,2,1,7,2
1270,B0,0,2,20,14,0,0,0,0,0,0,0,0,0,1,0,1,2,48,38
1270,B1,3,2,3,2,0,0,0,0,0,0,0,0,0,1,0,1,1,13,3
1270,B2,1,0,13,20,0,0,0,0,0,0,0,0,0,1,0,1,1,4,1
1270,C1,20,18,2,0,0,0,0,0,0,0,0,0,0,1,0,2,0,0,0
1280,A1,14,20,0,5,0,0,0,0,0,0,0,0,0,1,0,2,1,7,2
1280,B0,0,1,20,17,0,0,0,0,0,0,0,0,0,1,0,1,2,48,38
1280,B1,2,2,3,2,0,0,0,0,0,0,0,0,0,1,0,1,1,13,3
1280,B2,1,0,17,20,0,0,0,0,0,0,0,0,0,1,0,1,1,4,1
1280,C1,20,14,4,0,0,0,0,0,0,0,0,0,0,1,0,2,0,0,0
1290,A1,13,20,0,5,0,0,0,0,0,0,0,0,0,0,1,2,1,7,2
1290,B0,0,3,20,19,0,0,0,0,0,0,0,0,0,0,1,1,2,48,38
1290,B1,2,4,3,3,0,0,0,0,0,0,0,0,0,0,1,1,1,13,3
1290,B2,1,0,19,20,0,0,0,0,0,0,0,0,0,0,1,1,1,4,1
1290,C1,19,13,5,0,0,0,0,0,0,0,0,0,0,0,1,2,0,0,0
1300,A1,17,20,0,4,0,0,0,0,0,0,0,0,0,0,1,2,1,7,2
1300,B0,0,3,20,15,0,0,0,0,0,0,0,0,0,0,1,1,2,48,38
1300,B1,2,4,4,3,0,0,0,0,0,0,0,0,0,0,1,1,1,13,3
1300,B2,1,0,15,20,0,0,0,0,0,0,0,0,0,0,1,1,1,4,1
1300,C1,20,17,1,0,0,0,0,0,0,0,0,0,0,0,1,2,0,0,0
1310,A1,20,20,0,3,0,0,0,0,0,0,0,0,0,0,1,2,1,7,2
1310,B0,0,3,19,12,0,0,0,0,0,0,0,0,0,0,1,1,2,48,38
1310,B1,2,4,5,1,0,0,0,0,0,0,0,0,0,0,1,1,1,13,3
1310,B2,2,0,12,19,0,0,0,0,0,0,0,0,0,0,1,1,1,4,1
1310,C1,20,20,2,0,0,0,0,0,0,0,0,0,0,0,1,2,0,0,0
1320,A1,16,20,0,3,0,0,0,0,0,0,0,0,0,1,0,2,1,7,2
1320,B0,0,3,20,15,0,0,0,0,0,0,0,0,0,1,0,1,2,48,38
1320,B1,1,1,4,1,0,0,0,0,0,0,0,0,0,1,0,1,2,22,7
1320,B2,1,0,15,19,0,0,0,0,0,0,0,0,0,1,0,1,1,4,1
1320,C1,20,17,3,0,0,0,0,0,0,0,0,0,0,1,0,2,0,0,0
1330,A1,13,21,0,5,0,0,0,0,0,0,0,0,0,1,0,2,1,7,2
1330,B0,0,4,20,19,0,0,0,0,0,0,0,0,0,1,0,1,2,48,38
1330,B1,2,2,4,1,0,0,0,0,0,0,0,0,0,1,0,1,2,22,7
1330,B2,1,0,19,19,0,0,0,0,0,0,0,0,0,1,0,1,1,4,1
1330,C1,20,12,3,0,0,0,0,0,0,0,0,0,0,1,0,2,0,0,0
1340,A1,14,20,0,7,0,0,0,0,0,0,0,0,0,0,1,2,1,7,2
1340,B0,0,4,20,18,0,0,0,0,0,0,0,0,0,0,1,1,2,48,38
1340,B1,2,3,5,3,0,0,0,0,0,0,0,0,0,0,1,1,2,22,7
1340,B2,2,0,17,20,0,0,0,0,0,0,0,0,0,0,1,1,1,4,1
1340,C1,20,14,1,0,0,0,0,0,0,0,0,0,0,0,1,2,0,0,0
1350,A1,18,20,0,4,0,0,0,0,0,0,0,0,0,0,1,2,1,7,2
1350,B0,0,6,20,14,0,0,0,0,0,0,0,0,0,0,1,1,2,48,38
1350,B1,2,3,4,2,0,0,0,0,0,0,0,0,0,0,1,1,2,22,7
1350,B2,3,0,14,20,0,0,0,0,0,0,0,0,0,0,1,1,1,4,1
1350,C1,20,18,1,0,0,0,0,0,0,0,0,0,0,0,1,2,0,0,0
1360,A1,19,21,0,2,0,0,0,0,0,0,0,0,0,1,0,2,1,7,2
1360,B0,0,5,20,13,0,0,0,0,0,0,0,0,0,1,0,1,2,48,38
1360,B1,1,4,3,1,0,0,2,0,0,0,0,0,0,1,0,2,3,30,7
1360,B2,3,0,13,19,0,0,0,0,0,1,0,0,0,1,0,1,1,4,1
1360,C1,20,19,2,0,0,0,0,0,0,0,0,0,0,1,0,2,0,0,0
1370,A1,15,21,0,3,0,0,0,0,0,0,0,0,0,1,0,2,1,7,2
1370,B0,0,3,20,17,0,0,0,0,0,0,0,0,0,1,0,1,2,48,38
1370,B1,1,5,3,1,0,0,0,0,0,0,0,0,0,1,0,2,3,36,10
1370,B2,2,0,17,19,0,0,0,0,0,0,0,0,0,1,0,1,1,4,1
1370,C1,20,15,1,0,0,0,0,0,0,0,0,0,0,1,0,2,0,0,0
1380,A1,13,20,0,5,0,0,0,0,0,0,0,0,0,0,1,2,1,7,2
1380,B0,0,1,20,20,0,0,0,0,0,0,0,0,0,0,1,1,2,48,38
1380,B1,3,2,3,1,0,0,0,0,0,0,0,0,0,0,1,2,3,36,10
1380,B2,3,0,20,20,0,0,0,0,0,0,0,0,0,0,1,1,1,4,1
1380,C1,20,14,1,0,0,0,0,0,0,0,0,0,0,0,1,2,0,0,0
1390,A1,16,20,0,4,0,0,0,0,0,0,0,0,0,0,1,2,1,7,2
1390,B0,0,1,20,16,0,0,0,0,0,0,0,0,0,0,1,1,2,48,38
1390,B1,1,2,5,2,0,0,0,0,0,0,0,0,0,0,1,1,3,36,10
1390,B2,5,0,16,20,0,0,0,0,0,0,0,0,0,0,1,1,1,4,1
1390,C1,20,16,1,0,0,0,0,0,0,0,0,0,0,0,1,2,0,0,0
1400,A1,20,20,0,1,0,0,0,0,0,0,0,0,0,0,1,2,1,7,2
1400,B0,0,2,20,12,0,0,0,0,0,0,0,0,0,0,1,1,2,48,38
1400,B1,1,2,2,1,0,0,0,0,0,0,0,0,0,0,1,1,3,36,10
1400,B2,7,0,12,20,0,0,0,0,0,0,0,0,0,0,1,1,1,4,1
1400,C1,20,20,1,0,0,0,0,0,0,0,0,0,0,0,1,2,0,0,0
1410,A1,17,20,0,3,0,0,0,0,0,0,0,0,0,1,0,2,1,7,2
1410,B0,0,1,20,14,0,0,0,0,0,0,0,0,0,1,0,1,2,48,38
1410,B1,2,3,2,2,0,0,0,0,0,0,0,0,0,1,0,2,3,36,10
1410,B2,5,0,14,19,0,0,0,0,0,0,0,0,0,1,0,1,1,4,1
1410,C1,20,17,1,0,0,0,0,0,0,0,0,0,0,1,0,2,0,0,0
1420,A1,13,20,0,3,0,0,0,0,0,0,0,0,0,1,0,2,1,7,2
1420,B0,0,1,20,18,0,0,0,0,0,0,0,0,0,1,0,1,2,48,38
1420,B1,2,4,2,2,0,0,0,0,0,0,0,0,0,1,0,2,3,36,10
1420,B2,3,0,19,19,0,0,0,0,0,0,0,0,0,1,0,1,1,4,1
1420,C1,20,14,2,0,0,0,0,0,0,0,0,0,0,1,0,2,0,0,0
1430,A1,13,19,0,3,0,0,0,0,0,0,0,0,0,0,1,2,1,7,2
1430,B0,0,3,20,18,0,0,0,0,0,0,0,0,0,0,1,1,3,51,57
1430,B1,1,4,4,4,0,0,0,0,0,0,0,0,0,0,1,1,3,36,10
1430,B2,3,0,18,20,0,0,0,0,0,0,0,0,0,0,1,1,1,4,1
1430,C1,19,14,2,0,0,0,0,0,0,0,0,0,0,0,1,2,0,0,0
1440,A1,17,19,0,1,0,0,0,0,0,0,0,0,0,0,1,2,1,7,2
1440,B0,0,3,20,14,0,0,0,0,0,0,0,0,0,0,1,1,3,51,57
1440,B1,1,4,5,1,0,0,0,0,0,0,0,0,0,0,1,1,3,36,10
1440,B2,3,0,15,20,0,0,0,0,0,0,0,0,0,0,1,1,1,4,1
1440,C1,19,18,1,0,0,0,0,0,0,0,0,0,0,0,1,2,0,0,0
1450,A1,20,20,0,1,0,0,0,0,0,0,0,0,0,1,0,2,1,7,2
1450,B0,0,4,20,13,0,0,0,0,0,0,0,0,0,1,0,1,3,51,57
1450,B1,1,3,3,1,0,0,0,0,0,0,0,0,0,1,0,1,3,36,10
1450,B2,3,0,13,19,0,0,0,0,0,0,0,0,0,1,0,1,1,4,1
1450,C1,19,19,1,0,0,0,0,0,0,0,0,0,0,1,0,2,0,0,0
1460,A1,16,21,0,3,0,0,0,0,0,0,0,0,0,1,0,2,1,7,2
1460,B0,0,1,20,16,0,0,0,0,0,0,0,0,0,1,0,1,3,51,57
1460,B1,2,4,3,1,0,0,0,0,0,0,0,0,0,1,0,2,3,36,10
1460,B2,1,0,16,19,0,0,0,0,0,0,0,0,0,1,0,1,1,4,1
1460,C1,21,16,1,0,0,0,0,0,0,0,0,0,0,1,0,2,0,0,0
1470,A1,12,21,0,3,0,0,0,0,0,0,0,0,0,1,0,2,1,7,2
1470,B0,0,1,20,19,0,0,0,0,0,0,0,0,0,1,0,1,3,51,57
1470,B1,2,1,3,1,0,0,0,0,0,0,0,0,0,1,0,1,3,36,10
1470,B2,2,0,19,19,0,0,0,0,0,0,0,0,0,1,0,1,1,4,1
1470,C1,21,12,2,0,0,0,0,0,0,0,0,0,0,1,0,2,0,0,0
1480,A1,15,20,0,1,0,0,0,0,0,0,0,0,0,0,1,2,1,7,2
1480,B0,0,2,20,17,0,0,0,0,0,0,0,0,0,0,1,1,4,62,76
1480,B1,2,2,2,1,0,0,0,0,0,0,0,0,0,0,1,2,3,36,10
1480,B2,3,0,17,19,0,0,0,0,0,0,0,0,0,0,1,1,1,4,1
1480,C1,20,15,2,0,0,0,0,0,0,0,0,0,0,0,1,2,0,0,0
1490,A1,19,20,0,1,0,0,0,0,0,0,0,0,0,0,1,2,1,7,2
1490,B0,0,2,20,13,0,0,0,0,0,0,0,0,0,0,1,1,4,62,76
1490,B1,2,2,2,1,0,0,0,0,0,0,0,0,0,0,1,2,3,36,10
1490,B2,3,0,13,20,0,0,0,0,0,0,0,0,0,0,1,1,1,4,1
1490,C1,20,19,1,0,0,0,0,0,0,0,0,0,0,0,1,2,0,0,0
1500,A1,18,20,0,1,0,0,0,0,0,0,0,0,0,1,0,2,1,7,2
1500,B0,0,1,20,13,0,0,0,0,0,0,0,0,0,1,0,1,4,62,76
1500,B1,3,1,3,2,0,0,0,0,0,0,0,0,0,1,0,1,3,36,10
1500,B2,5,0,14,20,0,0,0,0,0,0,0,0,0,1,0,1,1,4,1
1500,C1,20,18,3,0,0,0,0,0,0,0,0,0,0,1,0,2,0,0,0
1510,A1,14,20,0,2,0,0,0,0,0,0,0,0,0,1,0,2,1,7,2
1510,B0,0,1,20,17,0,0,0,0,0,0,0,0,0,1,0,1,4,62,76
1510,B1,4,1,3,1,0,0,0,0,0,0,0,0,0,1,0,2,3,36,10
1510,B2,2,0,18,20,0,0,0,0,0,0,0,0,0,1,0,1,1,4,1
1510,C1,20,14,4,0,0,0,0,0,0,0,0,0,0,1,0,2,0,0,0
1520,A1,13,20,0,3,0,0,0,0,0,0,0,0,0,0,1,2,1,7,2
1520,B0,0,1,20,19,0,0,0,0,0,0,0,0,0,0,1,1,4,62,76
1520,B1,3,2,3,1,0,0,0,0,0,0,0,0,0,0,1,2,3,36,10
1520,B2,1,0,19,21,0,0,0,0,0,0,0,0,0,0,1,1,1,4,1
1520,C1,20,13,4,0,0,0,0,0,0,0,0,0,0,0,1,2,0,0,0
1530,A1,17,20,0,1,0,0,0,0,0,0,0,0,0,0,1,2,1,7,2
1530,B0,0,5,20,15,0,0,0,0,0,0,0,0,0,0,1,1,4,62,76
1530,B1,3,2,1,2,0,0,0,0,0,0,0,0,0,0,1,2,3,36,10
1530,B2,1,0,15,21,0,0,0,0,0,0,0,0,0,0,1,1,1,4,1
1530,C1,20,15,1,0,0,0,0,0,0,0,0,0,0,0,1,2,0,0,0
1540,A1,20,20,0,2,0,0,0,0,0,0,0,0,0,0,1,2,1,7,2
1540,B0,0,5,19,12,0,0,0,0,0,0,0,0,0,0,1,1,4,62,76
1540,B1,3,3,1,3,0,0,0,0,0,0,0,0,0,0,1,2,3,36,10
1540,B2,1,0,11,20,0,0,0,0,0,0,0,0,0,0,1,1,1,4,1
1540,C1,20,17,1,0,0,0,0,0,0,0,0,0,0,0,1,2,0,0,0
1550,A1,16,20,0,2,0,0,0,0,0,0,0,0,0,1,0,2,1,7,2
1550,B0,0,2,20,16,0,0,0,0,0,0,0,0,0,1,0,1,4,62,76
1550,B1,2,3,1,3,0,0,0,0,0,0,0,0,0,1,0,2,3,36,10
1550,B2,2,0,14,20,0,0,0,0,0,0,0,0,0,1,0,1,1,4,1
1550,C1,21,17,3,0,0,0,0,0,0,0,0,0,0,1,0,2,0,0,0
1560,A1,12,20,0,2,0,0,0,0,0,0,0,0,0,1,0,2,1,7,2
1560,B0,0,1,20,19,0,0,0,0,0,0,0,0,0,1,0,1,4,62,76
1560,B1,4,3,1,3,0,0,0,0,0,0,0,0,0,1,0,2,3,36,10
1560,B2,2,0,19,20,0,0,0,0,0,0,0,0,0,1,0,1,1,4,1
1560,C1,21,13,3,0,0,0,0,0,0,0,0,0,0,1,0,2,0,0,0
1570,A1,14,20,0,2,0,0,0,0,0,0,0,0,0,0,1,2,1,7,2
1570,B0,0,1,20,18,0,0,0,0,0,0,0,0,0,0,1,1,4,62,76
1570,B1,3,2,1,4,0,0,0,0,0,0,0,0,0,0,1,1,3,36,10
1570,B2,1,0,17,20,0,0,0,0,0,0,0,0,0,0,1,1,1,4,1
1570,C1,20,14,2,0,0,0,0,0,0,0,0,0,0,0,1,2,0,0,0
1580,A1,18,20,0,1,0,0,0,0,0,0,0,0,0,0,1,2,1,7,2
1580,B0,0,1,20,14,0,0,0,0,0,0,0,0,0,0,1,1,4,62,76
1580,B1,3,2,2,1,0,0,0,0,0,0,0,0,0,0,1,2,3,36,10
1580,B2,2,0,14,20,0,0,0,0,0,0,0,0,0,0,1,1,1,4,1
1580,C1,20,17,1,0,0,0,0,0,0,0,0,0,0,0,1,2,0,0,0
1590,A1,19,20,0,1,0,0,0,0,0,0,0,0,0,1,0,2,1,7,2
1590,B0,0,2,20,14,0,0,0,0,0,0,0,0,0,1,0,1,4,62,76
1590,B1,3,1,2,1,0,0,0,0,0,0,0,0,0,1,0,2,3,36,10
1590,B2,2,0,13,19,0,0,0,0,0,0,0,0,0,1,0,1,1,4,1
1590,C1,20,18,2,0,0,0,0,0,0,0,0,0,0,1,0,2,0,0,0
1600,A1,15,20,0,3,0,0,0,0,0,0,0,0,0,1,0,2,1,7,2
1600,B0,0,2,20,18,0,0,0,0,0,0,0,0,0,1,0,1,4,62,76
1600,B1,4,3,2,1,0,0,0,0,0,0,0,0,0,1,0,2,3,36,10
1600,B2,2,0,17,19,0,0,0,0,0,0,0,0,0,1,0,1,1,4,1
1600,C1,20,15,2,0,0,0,0,0,0,0,0,0,0,1,0,2,0,0,0
1610,A1,13,20,0,3,0,0,0,0,0,0,0,0,0,0,1,2,1,7,2
1610,B0,0,2,20,20,0,0,0,0,0,0,0,0,0,0,1,1,4,62,76
1610,B1,2,3,2,1,0,0,0,0,0,0,0,0,0,0,1,2,4,37,11
1610,B2,3,0,20,19,0,0,0,0,0,0,0,0,0,0,1,1,1,4,1
1610,C1,19,12,2,0,0,0,0,0,0,0,0,0,0,0,1,2,0,0,0
1620,A1,15,20,0,2,0,0,0,0,0,0,0,0,0,0,1,2,1,7,2
1620,B0,0,4,20,16,0,0,0,0,0,0,0,0,0,0,1,1,4,62,76
1620,B1,3,3,1,3,0,0,0,0,0,0,0,0,0,0,1,2,4,37,11
1620,B2,3,0,16,19,0,0,0,0,0,0,0,0,0,0,1,1,1,4,1
1620,C1,19,15,1,0,0,0,0,0,0,0,0,0,0,0,1,2,0,0,0
1630,A1,16,20,0,1,0,0,0,0,0,0,0,0,0,0,1,2,1,7,2
1630,B0,0,4,20,12,0,0,0,0,0,0,0,0,0,0,1,1,4,62,76
1630,B1,3,3,2,2,0,0,0,0,0,0,0,0,0,0,1,2,4,37,11
1630,B2,3,0,12,19,0,0,0,0,0,0,0,0,0,0,1,1,1,4,1
1630,C1,20,17,1,0,0,0,0,0,0,0,0,0,0,0,1,2,0,0,0
1640,A1,14,20,0,3,0,0,0,0,0,0,0,0,0,1,0,2,1,7,2
1640,B0,0,4,20,15,0,0,0,0,0,0,0,0,0,1,0,1,4,62,76
1640,B1,4,2,2,2,0,0,0,0,0,0,0,0,0,1,0,2,4,37,11
1640,B2,1,0,14,19,0,0,0,0,0,0,0,0,0,1,0,1,1,4,1
1640,C1,21,16,2,0,0,0,0,0,0,0,0,0,0,1,0,2,0,0,0
1650,A1,10,20,0,3,0,0,0,0,0,0,0,0,0,1,0,2,1,7,2
1650,B0,0,4,20,18,0,0,0,0,0,0,0,0,0,1,0,1,4,62,76
1650,B1,2,2,2,2,0,0,0,0,0,0,0,0,0,1,0,1,4,37,11
1650,B2,1,0,18,19,0,0,0,0,0,0,0,0,0,1,0,1,1,4,1
1650,C1,21,12,2,0,0,0,0,0,0,0,0,0,0,1,0,2,0,0,0
1660,A1,12,20,0,2,0,0,0,0,0,0,0,0,0,0,1,2,1,7,2
1660,B0,0,5,20,18,0,0,0,0,0,0,0,0,0,0,1,1,4,62,76
1660,B1,2,2,2,3,0,0,0,0,0,0,0,0,0,0,1,1,4,37,11
1660,B2,1,0,18,19,0,0,0,0,0,0,0,0,0,0,1,1,1,4,1
1660,C1,20,12,3,0,0,0,0,0,0,0,0,0,0,0,1,2,0,0,0
1670,A1,14,20,0,1,0,0,0,0,0,0,0,0,0,0,1,2,1,7,2
1670,B0,0,5,20,14,0,0,0,0,0,0,0,0,0,0,1,1,4,62,76
1670,B1,2,2,1,1,0,0,0,0,0,0,0,0,0,0,1,2,4,37,11
1670,B2,2,0,14,20,0,0,0,0,0,0,0,0,0,0,1,1,1,4,1
1670,C1,20,14,1,0,0,0,0,0,0,0,0,0,0,0,1,2,0,0,0
1680,A1,14,21,0,1,0,0,0,0,0,0,0,0,0,1,0,2,1,7,2
1680,B0,0,6,19,13,0,0,0,0,0,0,0,0,0,1,0,1,4,62,76
1680,B1,3,3,3,3,0,0,0,0,0,0,0,0,0,1,0,1,4,37,11
1680,B2,2,0,13,20,0,0,0,0,0,0,0,0,0,1,0,1,1,4,1
1680,C1,20,17,2,0,0,0,0,0,0,0,0,0,0,1,0,2,0,0,0
1690,A1,14,21,0,2,0,0,0,0,0,0,0,0,0,1,0,2,1,7,2
1690,B0,0,6,19,16,0,0,0,0,0,0,0,0,0,1,0,1,4,62,76
1690,B1,2,1,1,3,0,0,0,0,0,0,0,0,0,1,0,1,4,37,11
1690,B2,1,0,16,20,0,0,0,0,0,0,0,0,0,1,0,1,1,4,1
1690,C1,20,16,2,0,0,0,0,0,0,0,0,0,0,1,0,2,0,0,0
1700,A1,11,21,0,3,0,0,0,0,0,0,0,0,0,1,0,2,1,7,2
1700,B0,0,6,19,20,0,0,0,0,0,0,0,0,0,1,0,1,4,62,76
1700,B1,2,2,1,3,0,0,0,0,0,0,0,0,0,1,0,1,4,37,11
1700,B2,2,0,20,20,0,0,0,0,0,0,0,0,0,1,0,1,1,4,1
1700,C1,20,12,3,0,0,0,0,0,0,0,0,0,0,1,0,2,0,0,0
1710,A1,12,20,0,3,0,0,0,0,0,0,0,0,0,0,1,2,1,7,2
1710,B0,0,7,20,17,0,0,0,0,0,0,0,0,0,0,1,1,4,62,76
1710,B1,2,2,2,2,0,0,0,0,0,0,0,0,0,0,1,1,4,37,11
1710,B2,2,0,17,20,0,0,0,0,0,0,0,0,0,0,1,1,1,4,1
1710,C1,19,14,1,0,0,0,0,0,0,0,0,0,0,0,1,2,0,0,0
1720,A1,14,20,0,1,0,0,0,0,0,0,0,0,0,0,1,2,1,7,2
1720,B0,0,7,20,12,0,0,0,0,0,0,0,0,0,0,1,1,4,62,76
1720,B1,2,2,1,2,0,0,0,0,0,0,0,0,0,0,1,2,4,37,11
1720,B2,2,0,13,20,0,0,0,0,0,0,0,0,0,0,1,1,1,4,1
1720,C1,19,17,1,0,0,0,0,0,0,0,0,0,0,0,1,2,0,0,0
1730,A1,14,20,0,3,0,0,0,0,0,0,0,0,0,1,0,2,1,7,2
1730,B0,0,6,19,14,0,0,0,0,0,0,0,0,0,1,0,1,4,62,76
1730,B1,2,4,2,2,0,0,0,0,0,0,0,0,0,1,0,2,4,37,11
1730,B2,1,0,14,19,0,0,0,0,0,0,0,0,0,1,0,1,1,4,1
1730,C1,19,17,2,0,0,0,0,0,0,0,0,0,0,1,0,2,0,0,0
1740,A1,12,20,0,4,0,0,0,0,0,0,0,0,0,1,0,2,1,7,2
1740,B0,0,2,19,17,0,0,0,0,0,0,0,0,0,1,0,1,4,62,76
1740,B1,1,1,2,2,0,0,0,0,0,0,0,0,0,1,0,1,4,37,11
1740,B2,1,0,17,20,0,0,0,0,0,0,0,0,0,1,0,1,1,4,1
1740,C1,19,14,2,0,0,0,0,0,0,0,0,0,0,1,0,2,0,0,0
1750,A1,10,20,0,6,0,0,0,0,0,0,0,0,0,0,1,2,1,7,2
1750,B0,0,2,19,19,0,0,0,0,0,0,0,0,0,0,1,1,4,62,76
1750,B1,2,1,4,2,0,0,0,0,0,0,0,0,0,0,1,1,4,37,11
1750,B2,3,0,19,21,0,0,0,0,0,0,0,0,0,0,1,1,1,4,1
1750,C1,20,14,1,0,0,0,0,0,0,0,0,0,0,0,1,2,0,0,0
1760,A1,11,20,0,1,0,0,0,0,0,0,0,0,0,0,1,2,1,7,2
1760,B0,0,5,20,14,0,0,0,0,0,0,0,0,0,0,1,1,4,62,76
1760,B1,2,2,2,2,0,0,0,0,0,0,0,0,0,0,1,1,4,37,11
1760,B2,3,0,15,21,0,0,0,0,0,0,0,0,0,0,1,1,1,4,1
1760,C1,20,15,1,0,0,0,0,0,0,0,0,0,0,0,1,2,0,0,0
1770,A1,14,20,0,1,0,0,0,0,0,0,0,0,0,0,1,2,1,7,2
1770,B0,0,6,20,12,0,0,0,0,0,0,0,0,0,0,1,1,4,62,76
1770,B1,2,2,2,2,0,0,0,0,0,0,0,0,0,0,1,1,4,37,11
1770,B2,4,0,12,20,0,0,0,0,0,0,0,0,0,0,1,1,1,4,1
1770,C1,20,17,1,0,0,0,0,0,0,0,0,0,0,0,1,2,0,0,0
1780,A1,12,20,0,1,0,0,0,0,0,0,0,0,0,1,0,2,1,7,2
1780,B0,0,1,20,16,0,0,0,0,0,0,0,0,0,1,0,1,4,62,76
1780,B1,2,3,2,2,0,0,0,0,0,0,0,0,0,1,0,2,4,37,11
1780,B2,3,0,15,20,0,0,0,0,0,0,0,0,0,1,0,1,2,10,2
1780,C1,20,16,3,0,0,0,0,0,0,0,0,0,0,1,0,2,0,0,0
1790,A1,9,20,0,2,0,0,0,0,0,0,0,0,0,1,0,2,1,7,2
1790,B0,0,2,20,18,0,0,0,0,0,0,0,0,0,1,0,1,4,62,76
1790,B1,3,1,2,2,0,0,0,0,0,0,0,0,0,1,0,1,4,37,11
1790,B2,1,0,19,20,0,0,0,0,0,0,0,0,0,1,0,1,2,10,2
1790,C1,20,11,3,0,0,0,0,0,0,0,0,0,0,1,0,2,0,0,0
1800,A1,8,19,0,3,0,0,0,0,0,0,0,0,0,0,1,2,1,7,2
1800,B0,0,3,20,17,0,0,0,0,0,0,0,0,0,0,1,1,4,62,76
1800,B1,2,2,2,3,0,0,0,0,0,0,0,0,0,0,1,1,4,37,11
1800,B2,1,0,17,20,0,0,0,0,0,0,0,0,0,0,1,1,2,10,2
1800,C1,19,13,2,0,0,0,0,0,0,0,0,0,0,0,1,2,0,0,0
1810,A1,12,20,0,1,0,0,0,0,0,0,0,0,0,0,1,2,1,7,2
1810,B0,0,5,20,13,0,0,0,0,0,0,0,0,0,0,1,1,4,62,76
1810,B1,2,1,4,4,0,0,0,0,0,0,0,0,0,0,1,1,4,37,11
1810,B2,1,0,14,20,0,0,0,0,0,0,0,0,0,0,1,1,2,10,2
1810,C1,19,14,1,0,0,0,0,0,0,0,0,0,0,0,1,2,0,0,0
1820,A1,14,20,0,1,0,0,0,0,0,0,0,0,0,1,0,2,1,7,2
1820,B0,0,5,19,12,0,0,0,0,0,0,0,0,0,1,0,1,4,62,76
1820,B1,2,2,1,2,0,0,0,0,0,0,0,0,0,1,0,2,4,37,11
1820,B2,3,0,13,20,0,0,0,0,0,0,0,0,0,1,0,1,2,10,2
1820,C1,20,14,2,0,0,0,0,0,0,0,0,0,0,1,0,2,0,0,0
1830,A1,10,20,0,2,0,0,0,0,0,0,0,0,0,1,0,2,1,7,2
1830,B0,0,5,19,14,0,0,0,0,0,0,0,0,0,1,0,1,4,62,76
1830,B1,3,2,2,3,0,0,0,0,0,0,0,0,0,1,0,1,4,37,11
1830,B2,3,0,17,20,0,0,0,0,0,0,0,0,0,1,0,1,2,10,2
1830,C1,20,13,3,0,0,0,0,0,0,0,0,0,0,1,0,2,0,0,0
1840,A1,9,19,0,1,0,0,0,0,0,0,0,0,0,0,1,2,1,7,2
1840,B0,0,5,19,14,0,0,0,0,0,0,0,0,0,0,1,1,4,62,76
1840,B1,1,5,3,3,0,0,0,0,0,0,0,0,0,0,1,1,4,37,11
1840,B2,3,0,20,20,0,0,0,0,0,0,0,0,0,0,1,1,2,10,2
1840,C1,19,11,3,0,0,0,0,0,0,0,0,0,0,0,1,2,0,0,0
1850,A1,10,20,0,1,0,0,0,0,0,0,0,0,0,0,1,2,1,7,2
1850,B0,0,5,19,12,0,0,0,0,0,0,0,0,0,0,1,1,4,62,76
1850,B1,1,1,2,1,0,0,0,0,0,0,0,0,0,0,1,1,4,37,11
1850,B2,5,0,16,20,0,0,0,0,0,0,0,0,0,0,1,1,2,10,2
1850,C1,19,11,1,0,0,0,0,0,0,0,0,0,0,0,1,2,0,0,0
1860,A1,12,20,0,1,0,0,0,0,0,0,0,0,0,0,1,2,1,7,2
1860,B0,0,7,20,10,0,0,0,0,0,0,0,0,0,0,1,1,4,62,76
1860,B1,1,2,2,4,0,0,0,0,0,0,0,0,0,0,1,1,4,37,11
1860,B2,5,0,12,20,0,0,0,0,0,0,0,0,0,0,1,1,2,10,2
1860,C1,20,14,1,0,0,0,0,0,0,0,0,0,0,0,1,2,0,0,0
1870,A1,12,20,0,3,0,0,0,0,0,0,0,0,0,1,0,2,1,7,2
1870,B0,0,7,20,10,0,0,0,0,0,0,0,0,0,1,0,1,4,62,76
1870,B1,2,2,2,1,0,0,0,0,0,0,0,0,0,1,0,2,4,37,11
1870,B2,7,0,14,19,0,0,0,0,0,0,0,0,0,1,0,1,2,10,2
1870,C1,20,13,2,0,0,0,0,0,0,0,0,0,0,1,0,2,0,0,0
1880,A1,8,20,0,4,0,0,0,0,0,0,0,0,0,1,0,2,1,7,2
1880,B0,0,7,20,14,0,0,0,0,0,0,0,0,0,1,0,1,4,62,76
1880,B1,2,2,2,1,0,0,0,0,0,0,0,0,0,1,0,2,4,37,11
1880,B2,6,0,18,19,0,0,0,0,0,0,0,0,0,1,0,1,2,10,2
1880,C1,20,14,2,0,0,0,0,0,0,0,0,0,0,1,0,2,0,0,0
1890,A1,7,19,0,4,0,0,0,0,0,0,0,0,0,0,1,2,1,7,2
1890,B0,0,8,20,13,0,0,0,0,0,0,0,0,0,0,1,1,4,62,76
1890,B1,1,3,2,3,0,0,0,0,0,0,0,0,0,0,1,1,4,37,11
1890,B2,6,0,18,20,0,0,0,0,0,0,0,0,0,0,1,1,2,10,2
1890,C1,19,13,1,0,0,0,0,0,0,0,0,0,0,0,1,2,0,0,0
1900,A1,8,19,0,1,0,0,0,0,0,0,0,0,0,0,1,2,1,7,2
1900,B0,0,8,20,13,0,0,0,0,0,0,0,0,0,0,1,1,4,62,76
1900,B1,1,3,3,2,0,0,0,0,0,0,0,0,0,0,1,1,4,37,11
1900,B2,6,0,15,20,0,0,0,0,0,0,0,0,0,0,1,1,2,10,2
1900,C1,20,15,1,0,0,0,0,0,0,0,0,0,0,0,1,2,0,0,0
1910,A1,11,20,0,1,0,0,0,0,0,0,0,0,0,1,0,2,1,7,2
1910,B0,0,8,19,11,0,0,0,0,0,0,0,0,0,1,0,1,4,62,76
1910,B1,1,3,2,1,0,0,0,0,0,0,0,0,0,1,0,2,4,37,11
1910,B2,8,0,13,19,0,0,0,0,0,0,0,0,0,1,0,1,2,10,2
1910,C1,20,14,2,0,0,0,0,0,0,0,0,0,0,1,0,2,0,0,0
1920,A1,8,20,0,2,0,0,0,0,0,0,0,0,0,1,0,2,1,7,2
1920,B0,0,7,19,13,0,0,0,0,0,0,0,0,0,1,0,1,4,62,76
1920,B1,3,2,2,2,0,0,0,0,0,0,0,0,0,1,0,2,4,37,11
1920,B2,4,0,16,20,0,0,0,0,0,0,0,0,0,1,0,1,2,10,2
1920,C1,20,12,4,0,0,0,0,0,0,0,0,0,0,1,0,2,0,0,0
1930,A1,6,19,0,2,0,0,0,0,0,0,0,0,0,1,0,2,1,7,2
1930,B0,0,5,19,14,0,0,0,0,0,0,0,0,0,1,0,1,4,62,76
1930,B1,1,2,2,2,0,0,0,0,0,0,0,0,0,1,0,1,4,37,11
1930,B2,1,0,19,20,0,0,0,0,0,0,0,0,0,1,0,1,2,10,2
1930,C1,20,9,5,0,0,0,0,0,0,0,0,0,0,1,0,2,0,0,0
1940,A1,7,20,0,2,0,0,0,0,0,0,0,0,0,0,1,2,1,7,2
1940,B0,0,6,20,14,0,0,0,0,0,0,0,0,0,0,1,1,4,62,76
1940,B1,1,1,2,2,0,0,0,0,0,0,0,0,0,0,1,1,4,37,11
1940,B2,3,0,17,20,0,0,0,0,0,0,0,0,0,0,1,1,2,10,2
1940,C1,19,12,3,0,0,0,0,0,0,0,0,0,0,0,1,2,0,0,0
1950,A1,11,20,0,1,0,0,0,0,0,0,0,0,0,0,1,2,1,7,2
1950,B0,0,6,20,11,0,0,0,0,0,0,0,0,0,0,1,1,4,62,76
1950,B1,1,1,2,2,0,0,0,0,0,0,0,0,0,0,1,1,4,37,11
1950,B2,3,0,13,20,0,0,0,0,0,0,0,0,0,0,1,1,2,10,2
1950,C1,19,13,1,0,0,0,0,0,0,0,0,0,0,0,1,2,0,0,0
1960,A1,12,20,0,3,0,0,0,0,0,0,0,0,0,1,0,2,1,7,2
1960,B0,0,5,19,11,0,0,0,0,0,0,0,0,0,1,0,1,4,62,76
1960,B1,2,2,1,3,0,0,0,0,0,0,0,0,0,1,0,1,4,37,11
1960,B2,2,0,14,20,0,0,0,0,0,0,0,0,0,1,0,1,2,10,2
1960,C1,20,13,4,0,0,0,0,0,0,0,0,0,0,1,0,2,0,0,0
1970,A1,11,20,0,4,0,0,0,0,0,0,0,0,0,1,0,2,1,7,2
1970,B0,0,6,19,11,0,0,0,0,0,0,0,0,0,1,0,1,4,62,76
1970,B1,3,1,1,3,0,0,0,0,0,0,0,0,0,1,0,1,4,37,11
1970,B2,1,0,18,20,0,0,0,0,0,0,0,0,0,1,0,1,2,10,2
1970,C1,20,11,5,0,0,0,0,0,0,0,0,0,0,1,0,2,0,0,0
1980,A1,10,20,0,3,0,0,0,0,0,0,0,0,0,0,1,2,1,7,2
1980,B0,0,7,20,11,0,0,0,0,0,0,0,0,0,0,1,1,4,62,76
1980,B1,3,1,2,5,0,0,0,0,0,0,0,0,0,0,1,1,4,37,11
1980,B2,2,0,19,20,0,0,0,0,0,0,0,0,0,0,1,1,2,10,2
1980,C1,19,10,5,0,0,0,0,0,0,0,0,0,0,0,1,2,0,0,0
1990,A1,11,20,0,1,0,0,0,0,0,0,0,0,0,0,1,2,1,7,2
1990,B0,0,6,20,7,0,0,0,0,0,0,0,0,0,0,1,1,4,62,76
1990,B1,3,1,2,5,0,0,0,0,0,0,0,0,0,0,1,1,4,37,11
1990,B2,3,0,15,20,0,0,0,0,0,0,0,0,0,0,1,1,2,10,2
1990,C1,19,11,1,0,0,0,0,0,0,0,0,0,0,0,1,2,0,0,0
2000,A1,13,20,0,1,0,0,0,0,0,0,0,0,0,0,1,2,1,7,2
2000,B0,0,6,19,6,0,0,0,0,0,0,0,0,0,0,1,1,4,62,76
2000,B1,3,1,1,4,0,0,0,0,0,0,0,0,0,0,1,1,4,37,11
2000,B2,4,0,12,19,0,0,0,0,0,0,0,0,0,0,1,1,2,10,2
2000,C1,19,14,2,0,0,0,0,0,0,0,0,0,0,0,1,2,0,0,0
2010,A1,11,20,0,2,0,0,0,0,0,0,0,0,0,1,0,2,1,7,2
2010,B0,0,6,20,6,0,0,0,0,0,0,0,0,0,1,0,1,4,62,76
2010,B1,2,2,2,4,0,0,0,0,0,0,0,0,0,1,0,1,4,37,11
2010,B2,1,0,16,20,0,0,0,0,0,0,0,0,0,1,0,1,2,10,2
2010,C1,20,12,4,0,0,0,0,0,0,0,0,0,0,1,0,2,0,0,0
2020,A1,9,20,0,2,0,0,0,0,0,0,0,0,0,1,0,2,1,7,2
2020,B0,0,7,20,9,0,0,0,0,0,0,0,0,0,1,0,1,4,62,76
2020,B1,3,1,2,4,0,0,0,0,0,0,0,0,0,1,0,1,4,37,11
2020,B2,1,0,19,20,0,0,0,0,0,0,0,0,0,1,0,1,2,10,2
2020,C1,20,10,5,0,0,0,0,0,0,0,0,0,0,1,0,2,0,0,0
2030,A1,10,20,0,1,0,0,0,0,0,0,0,0,0,0,1,2,1,7,2
2030,B0,0,8,20,9,0,0,0,0,0,0,0,0,0,0,1,1,4,62,76
2030,B1,1,2,3,5,0,0,0,0,0,0,0,0,0,0,1,1,4,37,11
2030,B2,2,0,17,20,0,0,0,0,0,0,0,0,0,0,1,1,2,10,2
2030,C1,19,10,4,0,0,0,0,0,0,0,0,0,0,0,1,2,0,0,0
2040,A1,13,20,0,1,0,0,0,0,0,0,0,0,0,0,1,2,1,7,2
2040,B0,0,8,20,7,0,0,0,0,0,0,0,0,0,0,1,1,4,62,76
2040,B1,1,2,2,4,0,0,0,0,0,0,0,0,0,0,1,1,4,37,11
2040,B2,2,0,13,20,0,0,0,0,0,0,0,0,0,0,1,1,2,10,2
2040,C1,19,11,1,0,0,0,0,0,0,0,0,0,0,0,1,2,0,0,0
2050,A1,14,20,0,1,0,0,0,0,0,0,0,0,0,1,0,2,1,7,2
2050,B0,0,8,19,6,0,0,0,0,0,0,0,0,0,1,0,1,4,62,76
2050,B1,1,2,2,4,0,0,0,0,0,0,0,0,0,1,0,1,4,37,11
2050,B2,1,0,13,19,0,0,0,0,0,0,0,0,0,1,0,1,2,10,2
2050,C1,20,14,1,0,0,0,0,0,0,0,0,0,0,1,0,2,0,0,0
2060,A1,13,20,0,1,0,0,0,0,0,0,0,0,0,1,0,2,1,7,2
2060,B0,0,9,19,6,0,0,0,0,0,0,0,0,0,1,0,1,4,62,76
2060,B1,4,2,2,4,0,0,0,0,0,0,0,0,0,1,0,1,4,37,11
2060,B2,1,0,17,20,0,0,0,0,0,0,0,0,0,1,0,1,2,10,2
2060,C1,20,12,1,0,0,0,0,0,0,0,0,0,0,1,0,2,0,0,0
2070,A1,11,19,0,1,0,0,0,0,0,0,0,0,0,0,1,2,1,7,2
2070,B0,0,11,20,10,0,0,0,0,0,0,0,0,0,0,1,1,4,62,76
2070,B1,1,1,2,4,0,0,0,0,0,0,0,0,0,0,1,1,4,37,11
2070,B2,1,0,20,20,0,0,0,0,0,0,0,0,0,0,1,1,2,10,2
2070,C1,20,10,2,0,0,0,0,0,0,0,0,0,0,0,1,2,0,0,0
2080,A1,13,20,0,1,0,0,0,0,0,0,0,0,0,0,1,2,1,7,2
2080,B0,0,11,20,7,0,0,0,0,0,0,0,0,0,0,1,1,4,62,76
2080,B1,1,1,1,4,0,0,0,0,0,0,0,0,0,0,1,1,4,37,11
2080,B2,3,0,16,20,0,0,0,0,0,0,0,0,0,0,1,1,2,10,2
2080,C1,20,11,1,0,0,0,0,0,0,0,0,0,0,0,1,2,0,0,0
2090,A1,15,20,0,1,0,0,0,0,0,0,0,0,0,0,1,2,1,7,2
2090,B0,0,11,20,5,0,0,0,0,0,0,0,0,0,0,1,1,4,62,76
2090,B1,1,1,3,4,0,0,0,0,0,0,0,0,0,0,1,1,4,37,11
2090,B2,2,0,12,20,0,0,0,0,0,0,0,0,0,0,1,1,2,10,2
2090,C1,20,15,3,0,0,0,0,0,0,0,0,0,0,0,1,2,0,0,0
2100,A1,13,20,0,1,0,0,0,0,0,0,0,0,0,1,0,2,1,7,2
2100,B0,0,13,20,5,0,0,0,0,0,0,0,0,0,1,0,1,4,62,76
2100,B1,1,1,4,3,0,0,0,0,0,0,0,0,0,1,0,1,4,37,11
2100,B2,2,0,14,20,0,0,0,0,0,0,0,0,0,1,0,1,2,10,2
2100,C1,20,12,3,0,0,0,0,0,0,0,0,0,0,1,0,2,0,0,0
2110,A1,11,20,0,2,0,0,0,0,0,0,0,0,0,1,0,2,1,7,2
2110,B0,0,13,20,6,0,0,0,0,0,0,0,0,0,1,0,1,4,62,76
2110,B1,1,3,1,3,0,0,0,0,0,0,0,0,0,1,0,1,4,37,11
2110,B2,1,0,19,20,0,0,0,0,0,0,0,0,0,1,0,1,2,10,2
2110,C1,20,12,4,0,0,0,0,0,0,0,0,0,0,1,0,2,0,0,0
2120,A1,11,19,0,1,0,0,0,0,0,0,0,0,0,0,1,2,1,7,2
2120,B0,0,15,20,7,0,0,0,0,0,0,0,0,0,0,1,1,4,62,76
2120,B1,2,3,2,3,0,0,0,0,0,0,0,0,0,0,1,1,4,37,11
2120,B2,3,0,19,21,0,0,0,0,0,0,0,0,0,0,1,1,2,10,2
2120,C1,19,13,3,0,0,0,0,0,0,0,0,0,0,0,1,2,0,0,0
2130,A1,12,19,0,1,0,0,0,0,0,0,0,0,0,0,1,2,1,7,2
2130,B0,0,15,20,6,0,0,0,0,0,0,0,0,0,0,1,1,4,62,76
2130,B1,2,3,3,2,0,0,0,0,0,0,0,0,0,0,1,1,4,37,11
2130,B2,1,0,15,21,0,0,0,0,0,0,0,0,0,0,1,1,2,10,2
2130,C1,19,15,1,0,0,0,0,0,0,0,0,0,0,0,1,2,0,0,0
2140,A1,12,20,0,1,0,0,0,0,0,0,0,0,0,1,0,2,1,7,2
2140,B0,0,17,20,4,0,0,0,0,0,0,0,0,0,1,0,1,4,62,76
2140,B1,2,3,1,1,0,0,0,0,0,0,0,0,0,1,0,2,4,37,11
2140,B2,2,0,13,20,0,0,0,0,0,0,0,0,0,1,0,1,2,10,2
2140,C1,20,18,1,0,0,0,0,0,0,0,0,0,0,1,0,2,0,0,0
2150,A1,12,20,0,3,0,0,0,0,0,0,0,0,0,1,0,2,1,7,2
2150,B0,0,19,20,5,0,0,0,0,0,0,0,0,0,1,0,1,4,62,76
2150,B1,2,2,1,1,0,0,0,0,0,0,0,0,0,1,0,2,4,37,11
2150,B2,1,0,16,20,0,0,0,0,0,0,0,0,0,1,0,1,2,10,2
2150,C1,20,14,2,0,0,0,0,0,0,0,0,0,0,1,0,2,0,0,0
2160,A1,9,20,0,5,0,0,0,0,0,0,0,0,0,1,0,2,1,7,2
2160,B0,0,18,20,7,0,0,0,0,0,0,0,0,0,1,0,1,4,62,76
2160,B1,1,1,1,1,0,0,0,0,0,0,0,0,0,1,0,1,4,37,11
2160,B2,2,0,19,20,0,0,0,0,0,0,0,0,0,1,0,1,2,10,2
2160,C1,19,12,2,0,0,0,0,0,0,0,0,0,0,1,0,2,0,0,0
2170,A1,10,20,0,3,0,0,0,0,0,0,0,0,0,0,1,2,1,7,2
2170,B0,0,18,21,4,0,0,0,0,0,0,0,0,0,0,1,1,4,62,76
2170,B1,2,1,2,4,0,0,0,0,0,0,0,0,0,0,1,1,4,37,11
2170,B2,3,0,17,20,0,0,0,0,0,0,0,0,0,0,1,1,2,10,2
2170,C1,19,15,1,0,0,0,0,0,0,0,0,0,0,0,1,2,0,0,0
2180,A1,11,20,0,2,0,0,0,0,0,0,0,0,0,0,1,2,1,7,2
2180,B0,0,18,21,2,0,0,0,0,0,0,0,0,0,0,1,1,4,62,76
2180,B1,2,1,2,3,0,0,0,0,0,0,0,0,0,0,1,1,4,37,11
2180,B2,2,0,13,20,0,0,0,0,0,0,0,0,0,0,1,1,2,10,2
2180,C1,20,17,1,0,0,0,0,0,0,0,0,0,0,0,1,2,0,0,0
2190,A1,11,20,0,1,0,0,0,0,0,0,0,0,0,1,0,2,1,7,2
2190,B0,0,18,20,2,0,0,0,0,0,0,0,0,0,1,0,1,4,62,76
2190,B1,1,1,1,2,0,0,0,0,0,0,0,0,0,1,0,1,4,37,11
2190,B2,2,0,14,20,0,0,0,0,0,0,0,0,0,1,0,1,2,10,2
2190,C1,21,18,3,0,0,0,0,0,0,0,0,0,0,1,0,2,0,0,0
2200,A1,11,20,0,3,0,0,0,0,0,0,0,0,0,1,0,2,1,7,2
2200,B0,0,16,20,3,0,0,0,0,0,0,0,0,0,1,0,1,4,62,76
2200,B1,1,2,1,2,0,0,0,0,0,0,0,0,0,1,0,1,4,37,11
2200,B2,3,0,18,20,0,0,0,0,0,0,0,0,0,1,0,1,2,10,2
2200,C1,21,14,4,0,0,0,0,0,0,0,0,0,0,1,0,2,0,0,0
2210,A1,9,20,0,4,0,0,0,0,0,0,0,0,0,0,1,2,1,7,2
2210,B0,0,16,20,5,0,0,0,0,0,0,0,0,0,0,1,1,4,62,76
2210,B1,1,1,1,3,0,0,0,0,0,0,0,0,0,0,1,1,4,37,11
2210,B2,3,0,19,20,0,0,0,0,0,0,0,0,0,0,1,1,2,10,2
2210,C1,20,13,3,0,0,0,0,0,0,0,0,0,0,0,1,2,0,0,0
2220,A1,10,20,0,1,0,0,0,0,0,0,0,0,0,0,1,2,1,7,2
2220,B0,0,16,20,2,0,0,0,0,0,0,0,0,0,0,1,1,4,62,76
2220,B1,1,1,3,1,0,0,0,0,0,0,0,0,0,0,1,1,4,37,11
2220,B2,3,0,15,20,0,0,0,0,0,0,0,0,0,0,1,1,2,10,2
2220,C1,20,16,2,0,0,0,0,0,0,0,0,0,0,0,1,2,0,0,0
2230,A1,13,20,0,1,0,0,0,0,0,0,0,0,0,0,1,2,1,7,2
2230,B0,0,16,19,2,0,0,0,0,0,0,0,0,0,0,1,1,4,62,76
2230,B1,1,1,3,2,0,0,0,0,0,0,0,0,0,0,1,1,4,37,11
2230,B2,4,0,13,19,0,0,0,0,0,0,0,0,0,0,1,1,2,10,2
2230,C1,20,19,2,0,0,0,0,0,0,0,0,0,0,0,1,2,0,0,0
2240,A1,12,20,0,1,0,0,0,0,0,0,0,0,0,1,0,2,1,7,2
2240,B0,0,17,20,5,0,0,0,0,0,0,0,0,0,1,0,1,4,62,76
2240,B1,1,2,3,2,0,0,0,0,0,0,0,0,0,1,0,1,4,37,11
2240,B2,5,0,16,20,0,0,0,0,0,0,0,0,0,1,0,1,2,10,2
2240,C1,20,16,2,0,0,0,0,0,0,0,0,0,0,1,0,2,0,0,0
2250,A1,11,20,0,3,0,0,0,0,0,0,0,0,0,1,0,2,1,7,2
2250,B0,0,17,20,6,0,0,0,0,0,0,0,0,0,1,0,1,4,62,76
2250,B1,1,2,3,2,0,0,0,0,0,0,0,0,0,1,0,1,4,37,11
2250,B2,5,0,20,20,0,0,0,0,0,0,0,0,0,1,0,1,2,10,2
2250,C1,20,12,2,0,0,0,0,0,0,0,0,0,0,1,0,2,0,0,0
2260,A1,10,20,0,1,0,0,0,0,0,0,0,0,0,0,1,2,1,7,2
2260,B0,0,18,20,5,0,0,0,0,0,0,0,0,0,0,1,1,4,62,76
2260,B1,1,2,1,1,0,0,0,0,0,0,0,0,1,0,1,2,4,37,11
2260,B2,7,0,18,20,0,0,0,0,0,0,0,0,0,0,1,1,2,10,2
2260,C1,20,14,1,0,0,0,0,1,0,0,0,0,0,0,1,2,1,13,0
2270,A1,12,20,0,1,0,0,0,0,0,0,0,0,0,0,1,2,1,7,2
2270,B0,0,18,20,6,0,0,0,0,0,0,0,0,0,0,1,1,4,62,76
2270,B1,1,2,2,1,0,0,0,0,0,0,0,0,0,0,1,1,4,37,11
2270,B2,8,0,13,20,0,0,0,0,0,0,0,0,0,0,1,1,2,10,2
2270,C1,20,17,1,0,0,0,0,0,0,0,0,0,0,0,1,2,1,13,2
2280,A1,13,21,0,1,0,0,0,0,0,0,0,0,0,1,0,2,1,7,2
2280,B0,0,19,19,4,0,0,0,0,0,0,0,0,0,1,0,1,4,62,76
2280,B1,1,2,3,1,0,0,0,0,0,0,0,0,0,1,0,1,4,37,11
2280,B2,8,0,13,20,0,0,0,0,0,0,0,0,0,1,0,1,2,10,2
2280,C1,20,18,1,0,0,0,0,0,0,0,0,0,0,1,0,2,1,13,2
2290,A1,10,21,0,2,0,0,0,0,0,0,0,0,0,1,0,2,1,7,2
2290,B0,0,19,19,5,0,0,0,0,0,0,0,0,0,1,0,1,4,62,76
2290,B1,1,1,3,1,0,0,0,0,0,0,0,0,0,1,0,1,4,37,11
2290,B2,9,0,17,20,0,0,0,0,0,0,0,0,0,1,0,1,2,10,2
2290,C1,20,15,1,0,0,0,0,0,0,0,0,0,0,1,0,2,1,13,2
2300,A1,8,20,0,2,0,0,0,0,0,0,0,0,0,0,1,2,1,7,2
2300,B0,0,20,19,8,0,0,0,0,0,0,0,0,0,0,1,1,4,62,76
2300,B1,1,2,3,1,0,0,0,0,0,0,0,0,0,0,1,1,4,37,11
2300,B2,8,0,20,20,0,0,0,0,0,0,0,0,0,0,1,1,2,10,2
2300,C1,20,13,1,0,0,0,0,0,0,0,0,0,0,0,1,2,1,13,2
2310,A1,8,20,0,2,0,0,0,0,0,0,0,0,0,0,1,2,1,7,2
2310,B0,0,20,19,5,0,0,0,0,0,0,0,0,0,0,1,1,4,62,76
2310,B1,1,2,3,1,0,0,0,0,0,0,0,0,0,0,1,1,4,37,11
2310,B2,9,0,16,20,0,0,0,0,0,0,0,0,0,0,1,1,2,10,2
2310,C1,20,16,1,0,0,0,0,0,0,0,0,0,0,0,1,2,1,13,2
2320,A1,10,20,0,1,0,0,0,0,0,0,0,0,0,0,1,2,1,7,2
2320,B0,0,20,20,3,0,0,0,0,0,0,0,0,0,0,1,1,4,62,76
2320,B1,1,2,1,1,0,0,0,0,0,0,0,0,0,0,1,2,4,37,11
2320,B2,10,0,12,20,0,0,0,0,0,0,0,0,0,0,1,1,2,10,2
2320,C1,20,16,1,0,0,0,0,0,0,0,0,0,0,0,1,2,1,13,2
2330,A1,9,20,0,3,0,0,0,0,0,0,0,0,0,1,0,2,1,7,2
2330,B0,0,19,20,3,0,0,0,0,0,0,0,0,0,1,0,1,4,62,76
2330,B1,2,2,2,1,0,0,0,0,0,0,0,0,0,1,0,2,5,45,13
2330,B2,9,0,14,20,0,0,0,0,0,0,0,0,0,1,0,1,2,10,2
2330,C1,20,15,3,0,0,0,0,0,0,0,0,0,0,1,0,2,1,13,2
2340,A1,7,20,0,3,0,0,0,0,0,0,0,0,0,1,0,2,1,7,2
2340,B0,0,18,20,6,0,0,0,0,0,0,0,0,0,1,0,1,4,62,76
2340,B1,2,1,2,1,0,0,0,0,0,0,0,0,0,1,0,1,5,45,13
2340,B2,5,0,18,20,0,0,0,0,0,0,0,0,0,1,0,1,2,10,2
2340,C1,20,12,3,0,0,0,0,0,0,0,0,0,0,1,0,2,1,13,2
2350,A1,7,20,0,4,0,0,0,0,0,0,0,0,0,0,1,2,1,7,2
2350,B0,0,18,20,5,0,0,0,0,0,0,0,0,0,0,1,1,4,62,76
2350,B1,1,1,3,3,0,0,0,0,0,0,0,0,0,0,1,1,5,45,13
2350,B2,5,0,18,20,0,0,0,0,0,0,0,0,0,0,1,1,2,10,2
2350,C1,20,11,3,0,0,0,0,0,0,0,0,0,0,0,1,2,1,13,2
2360,A1,9,20,0,5,0,0,0,0,0,0,0,0,0,0,1,2,1,7,2
2360,B0,0,19,20,2,0,0,0,0,0,0,0,0,0,0,1,1,4,62,76
2360,B1,1,1,3,1,0,0,0,0,0,0,0,0,0,0,1,1,5,45,13
2360,B2,5,0,14,20,0,0,0,0,0,0,0,0,0,0,1,1,2,10,2
2360,C1,20,15,2,0,0,0,0,0,0,0,0,0,0,0,1,2,1,13,2
2370,A1,10,20,0,8,0,0,0,0,0,0,0,0,0,1,0,2,1,7,2
2370,B0,0,20,20,1,0,0,0,0,0,0,0,0,0,1,0,1,4,62,76
2370,B1,1,2,2,1,0,0,1,0,0,0,0,0,0,1,0,2,6,49,13
2370,B2,5,0,13,20,0,0,0,0,0,1,0,0,0,1,0,1,2,10,2
2370,C1,20,18,1,0,0,0,0,0,0,0,0,0,0,1,0,2,1,13,2
2380,A1,7,20,0,9,0,0,0,0,0,0,0,0,0,1,0,2,1,7,2
2380,B0,0,18,20,3,0,0,0,0,0,0,0,0,0,1,0,1,4,62,76
2380,B1,2,2,2,2,0,0,0,0,0,0,0,0,0,1,0,1,6,49,14
2380,B2,6,0,16,20,0,0,0,0,0,0,0,0,0,1,0,1,2,10,2
2380,C1,20,16,2,0,0,0,0,0,0,0,0,0,0,1,0,2,1,13,2
2390,A1,6,19,0,9,0,0,0,0,0,0,0,0,0,1,0,2,1,7,2
2390,B0,0,16,20,4,0,0,0,0,0,0,0,0,0,1,0,1,4,62,76
2390,B1,1,1,2,1,0,0,0,0,0,0,0,0,0,1,0,1,6,49,14
2390,B2,6,0,20,20,0,0,0,0,0,0,0,0,0,1,0,1,2,10,2
2390,C1,20,12,2,0,0,0,0,0,0,0,0,0,0,1,0,2,1,13,2
2400,A1,6,19,0,9,0,0,0,0,0,0,0,0,0,0,1,2,1,7,2
2400,B0,0,17,20,7,0,0,0,0,0,0,0,0,0,0,1,1,4,62,76
2400,B1,1,2,1,2,0,0,0,0,0,0,0,0,0,0,1,1,6,49,14
2400,B2,6,0,16,20,0,0,0,0,0,0,0,0,0,0,1,1,2,10,2
2400,C1,20,14,1,0,0,0,0,0,0,0,0,0,0,0,1,2,1,13,2
2410,A1,7,19,0,9,0,0,0,0,0,0,0,0,0,0,1,2,1,7,2
2410,B0,0,19,20,2,0,0,0,0,0,0,0,0,0,0,1,1,4,62,76
2410,B1,1,2,1,2,0,0,0,0,0,0,0,0,0,0,1,1,6,49,14
2410,B2,7,0,13,20,0,0,0,0,0,0,0,0,0,0,1,1,2,10,2
2410,C1,20,17,1,0,0,0,0,0,0,0,0,0,0,0,1,2,1,13,2
2420,A1,7,19,0,8,0,0,0,0,0,0,0,0,0,1,0,2,1,7,2
2420,B0,0,19,20,2,0,0,0,0,0,0,0,0,0,1,0,1,4,62,76
2420,B1,2,1,1,1,0,0,0,0,0,0,0,0,0,1,0,2,6,49,14
2420,B2,8,0,14,20,0,0,0,0,0,0,0,0,0,1,0,1,2,10,2
2420,C1,20,16,1,0,0,0,0,0,0,0,0,0,0,1,0,2,1,13,2
2430,A1,6,20,0,10,0,0,0,0,0,0,0,0,0,1,0,2,1,7,2
2430,B0,0,19,20,3,0,0,0,0,0,0,0,0,0,1,0,1,4,62,76
2430,B1,4,3,2,2,0,0,0,0,0,0,0,0,0,1,0,2,6,49,14
2430,B2,9,0,18,20,0,0,0,0,0,0,0,0,0,1,0,1,2,10,2
2430,C1,20,13,2,0,0,0,0,0,0,0,0,0,0,1,0,2,1,13,2
2440,A1,5,20,0,9,0,0,0,0,0,0,0,0,0,0,1,2,1,7,2
2440,B0,0,20,20,3,0,0,0,0,0,0,0,0,0,0,1,1,4,62,76
2440,B1,3,2,1,4,0,0,0,0,0,0,0,0,0,0,1,1,6,49,14
2440,B2,9,0,19,20,0,0,0,0,0,0,0,0,0,0,1,1,2,10,2
2440,C1,20,11,4,0,0,0,0,0,0,0,0,0,0,0,1,2,1,13,2
2450,A1,8,20,0,9,0,0,0,0,0,0,0,0,0,0,1,2,1,7,2
2450,B0,0,20,20,2,0,0,0,0,0,0,0,0,0,0,1,1,4,62,76
2450,B1,3,2,2,3,0,0,0,0,0,0,0,0,0,0,1,1,6,49,14
2450,B2,9,0,15,20,0,0,0,0,0,0,0,0,0,0,1,1,2,10,2
2450,C1,20,14,1,0,0,0,0,0,0,0,0,0,0,0,1,2,1,13,2
2460,A1,10,20,0,9,0,0,0,0,0,0,0,0,0,0,1,2,1,7,2
2460,B0,0,20,18,3,0,0,0,0,0,0,0,0,0,0,1,1,4,62,76
2460,B1,3,2,1,2,0,0,0,0,0,0,0,0,0,0,1,2,6,49,14
2460,B2,9,0,12,19,0,0,0,0,0,0,0,0,0,0,1,1,2,10,2
2460,C1,20,16,1,0,0,0,0,0,0,0,0,0,0,0,1,2,1,13,2
2470,A1,8,20,0,9,0,0,0,0,0,0,0,0,0,1,0,2,1,7,2
2470,B0,0,20,19,3,0,0,0,0,0,0,0,0,0,1,0,1,4,62,76
2470,B1,1,1,1,3,0,0,0,0,0,0,0,0,0,1,0,1,6,49,14
2470,B2,9,0,16,20,0,0,0,0,0,0,0,0,0,1,0,1,2,10,2
2470,C1,20,12,1,0,0,0,0,0,0,0,0,0,0,1,0,2,1,13,2
2480,A1,5,20,0,10,0,0,0,0,0,0,0,0,0,1,0,2,1,7,2
2480,B0,0,20,19,4,0,0,0,0,0,0,0,0,0,1,0,1,4,62,76
2480,B1,2,2,1,3,0,0,0,0,0,0,0,0,0,1,0,1,6,49,14
2480,B2,9,0,19,20,0,0,0,0,0,0,0,0,0,1,0,1,2,10,2
2480,C1,20,10,2,0,0,0,0,0,0,0,0,0,0,1,0,2,1,13,2
2490,A1,4,19,0,10,0,0,0,0,0,0,0,0,0,0,1,2,1,7,2
2490,B0,0,20,20,3,0,0,0,0,0,0,0,0,0,0,1,1,4,62,76
2490,B1,2,2,2,2,0,0,0,0,0,0,0,0,0,0,1,1,6,49,14
2490,B2,9,0,17,20,0,0,0,0,0,0,0,0,0,0,1,1,2,10,2
2490,C1,20,11,2,0,0,0,0,0,0,0,0,0,0,0,1,2,1,13,2
2500,A1,4,19,0,11,0,0,0,0,0,0,0,0,0,0,1,2,1,7,2
2500,B0,0,20,20,2,0,0,0,0,0,0,0,0,0,0,1,1,4,62,76
2500,B1,2,3,3,1,0,0,0,0,0,0,0,0,0,0,1,2,6,49,14
2500,B2,9,0,14,20,0,0,0,0,0,0,0,0,0,0,1,1,2,10,2
2500,C1,20,13,1,0,0,0,0,0,0,0,0,0,0,0,1,2,1,13,2
2510,A1,5,19,0,11,0,0,0,0,0,0,0,0,0,1,0,2,1,7,2
2510,B0,0,20,20,3,0,0,0,0,0,0,0,0,0,1,0,1,4,62,76
2510,B1,2,2,2,2,0,0,0,0,0,0,0,0,0,1,0,1,6,49,14
2510,B2,9,0,13,20,0,0,0,0,0,0,0,0,0,1,0,1,2,10,2
2510,C1,20,15,1,0,0,0,0,0,0,0,0,0,0,1,0,2,1,13,2
2520,A1,3,19,0,13,0,0,0,0,0,0,0,0,0,1,0,2,1,7,2
2520,B0,0,20,20,1,0,0,0,0,0,0,0,0,0,1,0,1,4,62,76
2520,B1,1,3,2,2,0,0,0,0,0,0,0,0,0,1,0,1,6,49,14
2520,B2,10,0,17,20,0,0,0,0,0,0,0,0,0,1,0,1,2,10,2
2520,C1,20,12,1,0,0,0,0,0,0,0,0,0,0,1,0,2,1,13,2
2530,A1,1,19,0,13,0,0,0,0,0,0,0,0,0,0,1,2,1,7,2
2530,B0,0,20,20,4,0,0,0,0,0,0,0,0,0,0,1,1,4,62,76
2530,B1,1,2,2,2,0,0,0,0,0,0,0,0,0,0,1,1,6,49,14
2530,B2,12,0,20,20,0,0,0,0,0,0,0,0,0,0,1,1,2,10,2
2530,C1,19,10,2,0,0,0,0,0,0,0,0,0,0,0,1,2,1,13,2
2540,A1,3,20,0,13,0,0,0,0,0,0,0,0,0,0,1,2,1,7,2
2540,B0,0,20,20,2,0,0,0,0,0,0,0,0,0,0,1,1,4,62,76
2540,B1,1,2,1,1,0,0,0,0,0,0,0,0,0,0,1,2,6,49,14
2540,B2,12,0,16,20,0,0,0,0,0,0,0,0,0,0,1,1,2,10,2
2540,C1,20,10,1,0,0,0,0,0,0,0,0,0,0,0,1,2,1,13,2
2550,A1,5,20,0,14,0,0,0,0,0,0,0,0,0,0,1,2,1,7,2
2550,B0,0,20,19,2,0,0,0,0,0,0,0,0,0,0,1,1,4,62,76
2550,B1,1,2,2,2,0,0,0,0,0,0,0,0,0,0,1,1,6,49,14
2550,B2,12,0,12,20,0,0,0,0,0,0,0,0,0,0,1,1,2,10,2
2550,C1,20,11,1,0,0,0,0,0,0,0,0,0,0,0,1,2,1,13,2
2560,A1,4,20,0,14,0,0,0,0,0,0,0,0,0,1,0,2,1,7,2
2560,B0,0,20,20,2,0,0,0,0,0,0,0,0,0,1,0,1,4,62,76
2560,B1,2,1,2,2,0,0,0,0,0,0,0,0,0,1,0,1,6,49,14
2560,B2,14,0,15,20,0,0,0,0,0,0,0,0,0,1,0,1,2,10,2
2560,C1,20,11,2,0,0,0,0,0,0,0,0,0,0,1,0,2,1,13,2
2570,A1,1,20,0,14,0,0,0,0,0,0,0,0,0,1,0,2,1,7,2
2570,B0,0,20,20,5,0,0,0,0,0,0,0,0,0,1,0,1,4,62,76
2570,B1,1,3,2,2,0,0,0,0,0,0,0,0,0,1,0,1,6,49,14
2570,B2,14,0,18,20,0,0,0,0,0,0,0,0,0,1,0,1,2,10,2
2570,C1,20,8,3,0,0,0,0,0,0,0,0,0,0,1,0,2,1,13,2
2580,A1,2,20,0,13,0,0,0,0,0,0,0,0,0,0,1,2,1,7,2
2580,B0,0,20,20,5,0,0,0,0,0,0,0,0,0,0,1,1,4,62,76
2580,B1,2,1,1,3,0,0,0,0,0,0,0,0,0,0,1,1,6,49,14
2580,B2,15,0,18,20,0,0,0,0,0,0,0,0,0,0,1,1,2,10,2
2580,C1,20,7,3,0,0,0,0,0,0,0,0,0,0,0,1,2,1,13,2
2590,A1,2,20,0,10,0,0,0,0,0,0,0,0,0,0,1,2,1,7,2
2590,B0,0,20,20,1,0,0,0,0,0,0,0,0,0,0,1,1,4,62,76
2590,B1,1,1,1,3,0,0,0,0,0,0,0,0,0,0,1,1,6,49,14
2590,B2,15,0,14,20,0,0,0,0,0,0,0,0,0,0,1,1,2,10,2
2590,C1,20,9,1,0,0,0,0,0,0,0,0,0,0,0,1,2,1,13,2
2600,A1,4,20,0,12,0,0,0,0,0,0,0,0,0,1,0,2,1,7,2
2600,B0,0,20,19,1,0,0,0,0,0,0,0,0,0,1,0,1,4,62,76
2600,B1,1,4,2,2,0,0,0,0,0,0,0,0,0,1,0,2,6,49,14
2600,B2,15,0,13,20,0,0,0,0,0,0,0,0,0,1,0,1,2,10,2
2600,C1,20,11,2,0,0,0,0,0,0,0,0,0,0,1,0,2,1,13,2
2610,A1,3,20,0,13,0,0,0,0,0,0,0,0,0,1,0,2,1,7,2
2610,B0,0,19,20,2,0,0,0,0,0,0,0,0,0,1,0,1,4,62,76
2610,B1,1,2,2,3,0,0,0,0,0,0,0,0,0,1,0,1,6,49,14
2610,B2,16,0,16,20,0,0,0,0,0,0,0,0,0,1,0,1,2,10,2
2610,C1,20,9,3,0,0,0,0,0,0,0,0,0,0,1,0,2,1,13,2
2620,A1,1,19,0,13,0,0,0,0,0,0,0,0,0,1,0,2,1,7,2
2620,B0,0,19,20,3,0,0,0,0,0,0,0,0,0,1,0,1,4,62,76
2620,B1,1,1,2,3,0,0,0,0,0,0,0,0,0,1,0,1,6,49,14
2620,B2,16,0,19,20,0,0,0,0,0,0,0,0,0,1,0,1,2,10,2
2620,C1,19,8,4,0,0,0,0,0,0,0,0,0,0,1,0,2,1,13,2
2630,A1,2,20,0,12,0,0,0,0,0,0,0,0,0,0,1,2,1,7,2
2630,B0,0,20,20,2,0,0,0,0,0,0,0,0,0,0,1,1,4,62,76
2630,B1,1,1,1,1,0,0,0,0,0,0,0,0,0,0,1,1,7,61,16
2630,B2,16,0,17,20,0,0,0,0,0,0,0,0,0,0,1,1,2,10,2
2630,C1,20,9,1,0,0,0,0,0,0,0,0,0,0,0,1,2,1,13,2
2640,A1,2,20,0,12,0,0,0,0,0,0,0,0,0,0,1,2,1,7,2
2640,B0,0,20,20,2,0,0,0,0,0,0,0,0,0,0,1,1,4,62,76
2640,B1,1,1,1,2,0,0,0,0,0,0,0,0,0,0,1,1,7,61,16
2640,B2,16,0,12,20,0,0,0,0,0,0,0,0,0,0,1,1,2,10,2
2640,C1,20,11,1,0,0,0,0,0,0,0,0,0,0,0,1,2,1,13,2
2650,A1,3,20,0,14,0,0,0,0,0,0,0,0,0,1,0,2,1,7,2
2650,B0,0,20,20,2,0,0,0,0,0,0,0,0,0,1,0,1,4,62,76
2650,B1,2,2,1,2,0,0,0,0,0,0,0,0,0,1,0,2,7,61,16
2650,B2,16,0,14,20,0,0,0,0,0,0,0,0,0,1,0,1,2,10,2
2650,C1,20,13,1,0,0,0,0,0,0,0,0,0,0,1,0,2,1,13,2
2660,A1,1,20,0,14,0,0,0,0,0,0,0,0,0,1,0,2,1,7,2
2660,B0,0,20,20,5,0,0,0,0,0,0,0,0,0,1,0,1,4,62,76
2660,B1,3,2,1,2,0,0,0,0,0,0,0,0,0,1,0,2,7,61,16
2660,B2,13,0,18,20,0,0,0,0,0,0,0,0,0,1,0,1,2,10,2
2660,C1,20,9,1,0,0,0,0,0,0,0,0,0,0,1,0,2,1,13,2
2670,A1,3,20,0,14,0,0,0,0,0,0,0,0,0,0,1,2,1,7,2
2670,B0,0,20,20,7,0,0,0,0,0,0,0,0,0,0,1,1,4,62,76
2670,B1,1,2,2,4,0,0,0,0,0,0,0,0,0,0,1,1,7,61,16
2670,B2,12,0,19,20,0,0,0,0,0,0,0,0,0,0,1,1,2,10,2
2670,C1,19,7,2,0,0,0,0,0,0,0,0,0,0,0,1,2,1,13,2
2680,A1,1,20,0,12,0,0,0,0,0,0,0,0,0,0,1,2,1,7,2
2680,B0,0,20,20,4,0,0,0,0,0,0,0,0,0,0,1,1,4,62,76
2680,B1,1,2,2,4,0,0,0,0,0,0,0,0,0,0,1,1,7,61,16
2680,B2,12,0,15,20,0,0,0,0,0,0,0,0,0,0,1,1,2,10,2
2680,C1,19,7,2,0,0,0,0,0,0,0,0,0,0,0,1,2,1,13,2
2690,A1,2,20,0,12,0,0,0,0,0,0,0,0,0,0,1,2,1,7,2
2690,B0,0,20,19,1,0,0,0,0,0,0,0,0,0,0,1,1,4,62,76
2690,B1,1,3,3,6,0,0,0,0,0,0,0,0,0,0,1,1,7,61,16
2690,B2,14,0,12,19,0,0,0,0,0,0,0,0,0,0,1,1,2,10,2
2690,C1,20,10,1,0,0,0,0,0,0,0,0,0,0,0,1,2,1,13,2
2700,A1,3,19,0,12,0,0,0,0,0,0,0,0,0,1,0,2,1,7,2
2700,B0,0,17,20,1,0,0,0,0,0,0,0,0,0,1,0,1,4,62,76
2700,B1,2,4,3,4,0,0,0,0,0,0,0,0,0,1,0,1,7,61,16
2700,B2,13,0,15,20,0,0,0,0,0,0,0,0,0,1,0,1,2,10,2
2700,C1,20,8,4,0,0,0,0,0,0,0,0,0,0,1,0,2,1,13,2
2710,A1,2,16,0,12,0,0,0,0,0,0,0,0,0,1,0,2,1,7,2
2710,B0,0,14,20,2,0,0,0,0,0,0,0,0,0,1,0,1,4,62,76
2710,B1,1,3,3,5,0,0,0,0,0,0,0,0,0,1,0,1,7,61,16
2710,B2,13,0,17,20,0,0,0,0,0,0,0,0,0,1,0,1,2,10,2
2710,C1,20,6,6,0,0,0,0,0,0,0,0,0,0,1,0,2,1,13,2
2720,A1,4,16,0,12,0,0,0,0,0,0,0,0,0,0,1,2,1,7,2
2720,B0,0,15,20,9,0,0,0,0,0,0,0,0,0,0,1,1,4,62,76
2720,B1,1,3,1,5,0,0,0,0,0,0,0,0,0,0,1,1,8,72,19
2720,B2,15,0,15,20,0,0,0,0,0,0,0,0,0,0,1,1,2,10,2
2720,C1,20,7,3,0,0,0,0,0,0,0,0,0,0,0,1,2,1,13,2
2730,A1,4,18,0,14,0,0,0,0,0,0,0,0,0,0,1,2,1,7,2
2730,B0,0,18,16,7,0,0,0,0,0,0,0,0,0,0,1,1,4,62,76
2730,B1,1,3,2,6,0,0,0,0,0,0,0,0,0,0,1,1,8,72,19
2730,B2,15,0,13,20,0,0,0,0,0,0,0,0,0,0,1,1,2,10,2
2730,C1,20,7,1,0,0,0,0,0,0,0,0,0,0,0,1,2,1,13,2
2740,A1,6,20,0,15,0,0,0,0,0,0,0,0,0,1,0,2,1,7,2
2740,B0,0,19,15,1,0,0,0,0,0,0,0,0,0,1,0,1,4,62,76
2740,B1,1,3,1,5,0,0,0,0,0,0,0,0,0,1,0,1,9,73,20
2740,B2,16,0,12,20,0,0,0,0,0,0,0,0,0,1,0,1,2,10,2
2740,C1,20,7,1,0,0,0,0,0,0,0,0,0,0,1,0,2,1,13,2
2750,A1,3,20,0,15,0,0,0,0,0,0,0,0,0,1,0,2,1,7,2
2750,B0,0,15,17,2,0,0,0,0,0,0,0,0,0,1,0,1,4,62,76
2750,B1,4,3,2,4,0,0,0,0,0,0,0,0,0,1,0,2,9,73,20
2750,B2,16,0,13,20,0,0,0,0,0,0,0,0,0,1,0,1,2,10,2
2750,C1,20,4,2,0,0,0,0,0,0,0,0,0,0,1,0,2,1,13,2
2760,A1,2,19,0,15,0,0,0,0,0,0,0,0,0,0,1,2,1,7,2
2760,B0,0,12,20,4,0,0,0,0,0,0,0,0,0,0,1,1,4,62,76
2760,B1,5,2,2,5,0,0,0,0,0,0,0,0,0,0,1,1,9,73,20
2760,B2,16,0,14,20,0,0,0,0,0,0,0,0,0,0,1,1,2,10,2
2760,C1,19,2,3,0,0,0,0,0,0,0,0,0,0,0,1,2,1,13,2
2770,A1,2,20,0,16,0,0,0,0,0,0,0,0,0,0,1,2,1,7,2
2770,B0,0,15,20,3,0,0,0,0,0,0,0,0,0,0,1,1,4,62,76
2770,B1,5,1,1,4,0,0,0,0,0,0,0,0,0,0,1,1,9,73,20
2770,B2,16,0,11,20,0,0,0,0,0,0,0,0,0,0,1,1,2,10,2
2770,C1,20,3,4,0,0,0,0,0,0,0,0,0,0,0,1,2,1,13,2
2780,A1,3,20,0,16,0,0,0,0,0,0,0,0,0,0,1,2,1,7,2
2780,B0,0,19,20,3,0,0,0,0,0,0,0,0,0,0,1,1,4,62,76
2780,B1,5,1,1,2,0,0,0,0,0,0,0,0,0,0,1,2,9,73,20
2780,B2,17,0,7,20,0,0,0,0,0,0,0,0,0,0,1,1,2,10,2
2780,C1,20,4,1,0,0,0,0,0,0,0,0,0,0,0,1,2,1,13,2
2790,A1,4,20,0,17,0,0,0,0,0,0,0,0,0,1,0,2,1,7,2
2790,B0,0,19,20,5,0,0,0,0,0,0,0,0,0,1,0,1,4,62,76
2790,B1,2,3,1,2,0,0,0,0,0,0,0,0,0,1,0,2,9,73,20
2790,B2,20,0,8,20,0,0,0,0,0,0,0,0,0,1,0,1,2,10,2
2790,C1,20,2,3,0,0,0,0,0,0,0,0,0,0,1,0,2,1,13,2
2800,A1,2,19,0,18,0,0,0,0,0,0,0,0,0,1,0,2,1,7,2
2800,B0,0,19,20,5,0,0,0,0,0,0,0,0,0,1,0,1,4,62,76
2800,B1,3,2,1,2,0,0,0,0,0,0,0,0,0,1,0,2,9,73,20
2800,B2,18,0,9,20,0,0,0,0,0,0,0,0,0,1,0,1,2,10,2
2800,C1,20,3,3,0,0,0,0,0,0,0,0,0,0,1,0,2,1,13,2
2810,A1,1,19,0,18,0,0,0,0,0,0,0,0,0,0,1,2,1,7,2
2810,B0,0,19,20,5,0,0,0,0,0,0,0,0,0,0,1,1,4,62,76
2810,B1,3,3,2,2,0,0,0,0,0,0,0,0,0,0,1,2,9,73,20
2810,B2,18,0,10,20,0,0,0,0,0,0,0,0,0,0,1,1,2,10,2
2810,C1,19,2,3,0,0,0,0,0,0,0,0,0,0,0,1,2,1,13,2
2820,A1,4,19,0,19,0,0,0,0,0,0,0,0,0,0,1,2,1,7,2
2820,B0,0,20,20,4,0,0,0,0,0,0,0,0,0,0,1,1,4,62,76
2820,B1,3,3,3,5,0,0,0,0,0,0,0,0,0,0,1,1,9,73,20
2820,B2,19,0,7,20,0,0,0,0,0,0,0,0,0,0,1,1,2,10,2
2820,C1,19,2,1,0,0,0,0,0,0,0,0,0,0,0,1,2,1,13,2
2830,A1,1,20,0,19,0,0,0,0,0,0,0,0,0,1,0,2,1,7,2
2830,B0,0,20,19,3,0,0,0,0,0,0,0,0,0,1,0,1,4,62,76
2830,B1,4,4,2,4,0,0,0,0,0,0,0,0,0,1,0,2,9,73,20
2830,B2,20,0,7,19,0,0,0,0,0,0,0,0,0,1,0,1,2,10,2
2830,C1,20,3,2,0,0,0,0,0,0,0,0,0,0,1,0,2,1,13,2
2840,A1,2,19,0,19,0,0,0,0,0,0,0,0,0,1,0,2,1,7,2
2840,B0,0,20,20,4,0,0,0,0,0,0,0,0,0,1,0,1,4,62,76
2840,B1,1,1,2,4,0,0,0,0,0,0,0,0,0,1,0,1,9,73,20
2840,B2,19,0,7,20,0,0,0,0,0,0,0,0,0,1,0,1,2,10,2
2840,C1,20,2,5,0,0,0,0,0,0,0,0,0,0,1,0,2,1,13,2
2850,A1,1,16,0,20,0,0,0,0,0,0,0,0,0,1,0,2,1,7,2
2850,B0,0,20,20,5,0,0,0,0,0,0,0,0,0,1,0,1,4,62,76
2850,B1,1,2,2,4,0,0,0,0,0,0,0,0,0,1,0,1,9,73,20
2850,B2,19,0,8,20,0,0,0,0,0,0,0,0,0,1,0,1,2,10,2
2850,C1,19,1,6,0,0,0,0,0,0,0,0,0,0,1,0,2,1,13,2
2860,A1,1,17,0,17,0,0,0,0,0,0,0,0,0,0,1,2,1,7,2
2860,B0,0,20,20,2,0,0,0,0,0,0,0,0,0,0,1,1,4,62,76
2860,B1,2,2,3,3,0,0,0,0,0,0,0,0,0,0,1,1,9,73,20
2860,B2,20,0,5,20,0,0,0,0,0,0,0,0,0,0,1,1,2,10,2
2860,C1,19,2,6,0,0,0,0,0,0,0,0,0,0,0,1,2,1,13,2
2870,A1,2,19,0,13,0,0,0,0,0,0,0,0,0,0,1,2,1,7,2
2870,B0,0,20,20,1,0,0,0,0,0,0,0,0,0,0,1,1,4,62,76
2870,B1,2,2,3,3,0,0,0,0,0,0,0,0,0,0,1,1,9,73,20
2870,B2,20,0,5,20,0,0,0,0,0,0,0,0,0,0,1,1,2,10,2
2870,C1,20,4,6,0,0,0,0,0,0,0,0,0,0,0,1,2,1,13,2
2880,A1,1,20,0,14,0,0,0,0,0,0,0,0,0,1,0,2,1,7,2
2880,B0,0,20,20,2,0,0,0,0,0,0,0,0,0,1,0,1,4,62,76
2880,B1,1,2,3,2,0,0,0,0,0,0,0,0,0,1,0,1,9,73,20
2880,B2,20,0,5,20,0,0,0,0,0,0,0,0,0,1,0,1,2,10,2
2880,C1,20,4,6,0,0,0,0,0,0,0,0,0,0,1,0,2,1,13,2
2890,A1,2,20,0,16,0,0,0,0,0,0,0,0,0,1,0,2,1,7,2
2890,B0,0,20,20,3,0,0,0,0,0,0,0,0,0,1,0,1,4,62,76
2890,B1,2,2,3,2,0,0,0,0,0,0,0,0,0,1,0,1,9,73,20
2890,B2,20,0,5,20,0,0,0,0,0,0,0,0,0,1,0,1,2,10,2
2890,C1,20,2,7,0,0,0,0,0,0,0,0,0,0,1,0,2,1,13,2
2900,A1,1,19,0,16,0,0,0,0,0,0,0,0,0,0,1,2,1,7,2
2900,B0,0,20,20,2,0,0,0,0,0,0,0,0,0,0,1,1,4,62,76
2900,B1,1,1,3,3,0,0,0,0,0,0,0,0,0,0,1,1,9,73,20
2900,B2,20,0,5,20,0,0,0,0,0,0,0,0,0,0,1,1,2,10,2
2900,C1,19,2,7,0,0,0,0,0,0,0,0,0,0,0,1,2,1,13,2
2910,A1,1,19,0,13,0,0,0,0,0,0,0,0,0,0,1,2,1,7,2
2910,B0,0,20,18,1,0,0,0,0,0,0,0,0,0,0,1,1,4,62,76
2910,B1,1,2,3,3,0,0,0,0,0,0,0,0,0,0,1,1,9,73,20
2910,B2,20,0,2,20,0,0,0,0,0,0,0,0,0,0,1,1,2,10,2
2910,C1,19,2,5,0,0,0,0,0,0,0,0,0,0,0,1,2,1,13,2
2920,A1,3,20,0,10,0,0,0,0,0,0,0,0,0,0,1,2,1,7,2
2920,B0,0,20,17,1,0,0,0,0,0,0,0,0,0,0,1,1,4,62,76
2920,B1,1,2,2,3,0,0,0,0,0,0,0,0,0,0,1,1,9,73,20
2920,B2,20,0,1,18,0,0,0,0,0,0,0,0,0,0,1,1,2,10,2
2920,C1,20,3,5,0,0,0,0,0,0,0,0,0,0,0,1,2,1,13,2
2930,A1,1,20,0,10,0,0,0,0,0,0,0,0,0,1,0,2,1,7,2
2930,B0,0,20,18,2,0,0,0,0,0,0,0,0,0,1,0,1,4,62,76
2930,B1,1,1,2,3,0,0,0,0,0,0,0,0,0,1,0,1,9,73,20
2930,B2,19,0,1,19,0,0,0,0,0,0,0,0,0,1,0,1,2,10,2
2930,C1,21,5,4,0,0,0,0,0,0,0,0,0,0,1,0,2,1,13,2
2940,A1,1,18,0,10,0,0,0,0,0,0,0,0,0,1,0,2,1,7,2
2940,B0,0,19,20,5,0,0,0,0,0,0,0,0,0,1,0,1,4,62,76
2940,B1,1,2,3,3,0,0,0,0,0,0,0,0,0,1,0,1,9,73,20
2940,B2,18,0,3,19,0,0,0,0,0,0,0,0,0,1,0,1,2,10,2
2940,C1,21,4,4,0,0,0,0,0,0,0,0,0,0,1,0,2,1,13,2
2950,A1,1,19,0,11,0,0,0,0,0,0,0,0,0,0,1,2,1,7,2
2950,B0,0,19,20,5,0,0,0,0,0,0,0,0,0,0,1,1,4,62,76
2950,B1,1,2,4,3,0,0,0,0,0,0,0,0,0,0,1,1,9,73,20
2950,B2,18,0,2,20,0,0,0,0,0,0,0,0,0,0,1,1,2,10,2
2950,C1,20,5,6,0,0,0,0,0,0,0,0,0,0,0,1,2,1,13,2
2960,A1,1,19,0,11,0,0,0,0,0,0,0,0,0,0,1,2,1,7,2
2960,B0,0,20,20,5,0,0,0,0,0,0,0,0,0,0,1,1,4,62,76
2960,B1,2,2,2,3,0,0,0,0,0,0,0,0,0,0,1,1,9,73,20
2960,B2,19,0,3,19,0,0,0,0,0,0,0,0,0,0,1,1,2,10,2
2960,C1,20,7,6,0,0,0,0,0,0,0,0,0,0,0,1,2,1,13,2
2970,A1,2,20,0,12,0,0,0,0,0,0,0,0,0,1,0,2,1,7,2
2970,B0,0,19,20,1,0,0,0,0,0,0,0,0,0,1,0,1,4,62,76
2970,B1,1,4,2,4,0,0,0,0,0,0,0,0,0,1,0,1,9,73,20
2970,B2,19,0,1,19,0,0,0,0,0,0,0,0,0,1,0,1,2,10,2
2970,C1,20,7,6,0,0,0,0,0,0,0,0,0,0,1,0,2,1,13,2
2980,A1,1,19,0,13,0,0,0,0,0,0,0,0,0,1,0,2,1,7,2
2980,B0,0,16,20,2,0,0,0,0,0,0,0,0,0,1,0,1,4,62,76
2980,B1,1,4,2,4,0,0,0,0,0,0,0,0,0,1,0,1,9,73,20
2980,B2,18,0,2,19,0,0,0,0,0,0,0,0,0,1,0,1,2,10,2
2980,C1,20,4,6,0,0,0,0,0,0,0,0,0,0,1,0,2,1,13,2
2990,A1,1,18,0,13,0,0,0,0,0,0,0,0,0,0,1,2,1,7,2
2990,B0,0,14,20,3,0,0,0,0,0,0,0,0,0,0,1,1,4,62,76
2990,B1,3,4,2,4,0,0,0,0,3,0,0,0,0,0,1,1,10,74,20
2990,B2,16,0,3,20,0,0,0,0,0,0,0,0,0,0,1,1,2,10,2
2990,C1,19,2,6,0,0,0,0,0,0,0,0,1,0,0,1,2,1,13,2
3000,A1,1,19,0,12,0,0,0,0,0,0,0,0,0,0,1,2,1,7,2
3000,B0,0,17,20,2,0,0,0,0,0,0,0,0,0,0,1,1,4,62,76
3000,B1,3,4,1,4,0,0,0,0,0,0,0,0,0,0,1,2,10,74,23
3000,B2,18,0,5,20,0,0,0,0,0,0,0,0,0,0,1,1,2,10,2
3000,C1,19,4,6,0,0,0,0,0,0,0,0,0,0,0,1,2,1,13,2
3010,A1,2,20,0,11,0,0,0,0,0,0,0,0,0,0,1,2,1,7,2
3010,B0,0,19,20,1,0,0,0,0,0,0,0,0,0,0,1,1,4,62,76
3010,B1,4,4,1,5,0,0,0,0,0,0,0,0,0,0,1,2,10,74,23
3010,B2,20,0,1,16,0,0,0,0,0,0,0,0,0,0,1,1,2,10,2
3010,C1,19,5,6,0,0,0,0,0,0,0,0,0,0,0,1,2,1,13,2
3020,A1,2,20,0,11,0,0,0,0,0,0,0,0,0,1,0,2,1,7,2
3020,B0,0,20,20,1,0,0,0,0,0,0,0,0,0,1,0,1,4,62,76
3020,B1,3,3,2,4,0,0,0,0,0,0,0,0,0,1,0,1,10,74,23
3020,B2,18,0,1,17,0,0,0,0,0,0,0,0,0,1,0,1,2,10,2
3020,C1,20,3,6,0,0,0,0,0,0,0,0,0,0,1,0,2,1,13,2
3030,A1,1,20,0,11,0,0,0,0,0,0,0,0,0,1,0,2,1,7,2
3030,B0,0,20,20,3,0,0,0,0,0,0,0,0,0,1,0,1,4,62,76
3030,B1,2,2,1,4,0,0,0,0,0,0,0,0,0,1,0,1,10,74,23
3030,B2,16,0,1,19,0,0,0,0,0,0,0,0,0,1,0,1,2,10,2
3030,C1,20,3,7,0,0,0,0,0,0,0,0,0,0,1,0,2,1,13,2
3040,A1,2,20,0,11,0,0,0,0,0,0,0,0,0,0,1,2,1,7,2
3040,B0,0,20,20,3,0,0,0,0,0,0,0,0,0,0,1,1,4,62,76
3040,B1,1,3,2,4,0,0,0,0,0,0,0,0,0,0,1,1,10,74,23
3040,B2,16,0,3,20,0,0,0,0,0,0,0,0,0,0,1,1,2,10,2
3040,C1,19,2,6,0,0,0,0,0,0,0,0,0,0,0,1,2,1,13,2
3050,A1,3,20,0,13,0,0,0,0,0,0,0,0,0,0,1,2,1,7,2
3050,B0,0,20,20,4,0,0,0,0,0,0,0,0,0,0,1,1,4,62,76
3050,B1,1,4,1,4,0,0,0,0,0,0,0,0,0,0,1,2,10,74,23
3050,B2,19,0,1,20,0,0,0,0,0,0,0,0,0,0,1,1,2,10,2
3050,C1,19,5,6,0,0,0,0,0,0,0,0,0,0,0,1,2,1,13,2
3060,A1,6,20,0,11,0,0,0,0,0,0,0,0,0,1,0,2,1,7,2
3060,B0,0,20,19,3,0,0,0,0,0,0,0,0,0,1,0,1,4,62,76
3060,B1,1,4,1,4,0,0,0,0,0,0,0,0,0,1,0,2,10,74,23
3060,B2,19,0,1,18,0,0,0,0,0,0,0,0,0,1,0,1,2,10,2
3060,C1,19,3,5,0,0,0,0,0,0,0,0,0,0,1,0,2,1,13,2
3070,A1,4,20,0,12,0,0,0,0,0,0,0,0,0,1,0,2,1,7,2
3070,B0,0,18,20,4,0,0,0,0,0,0,0,0,0,1,0,1,4,62,76
3070,B1,1,2,1,4,0,0,0,0,0,0,0,0,0,1,0,1,10,74,23
3070,B2,17,0,2,19,0,0,0,0,0,0,0,0,0,1,0,1,2,10,2
3070,C1,19,2,8,0,0,0,0,0,0,0,0,0,0,1,0,2,1,13,2
3080,A1,1,19,0,12,0,0,0,0,0,0,0,0,0,1,0,2,1,7,2
3080,B0,0,17,20,5,0,0,0,0,0,0,0,0,0,1,0,1,4,62,76
3080,B1,3,1,2,4,0,0,0,0,0,0,0,0,0,1,0,1,10,74,23
3080,B2,16,0,3,20,0,0,0,0,0,0,0,0,0,1,0,1,2,10,2
3080,C1,19,1,9,0,0,0,0,0,0,0,0,0,0,1,0,2,1,13,2
3090,A1,2,20,0,12,0,0,0,0,0,0,0,0,0,0,1,2,1,7,2
3090,B0,0,19,20,3,0,0,0,0,0,0,0,0,0,0,1,1,4,62,76
3090,B1,2,2,2,4,0,0,0,0,0,0,0,0,0,0,1,1,10,74,23
3090,B2,17,0,3,20,0,0,0,0,0,0,0,0,0,0,1,1,2,10,2
3090,C1,19,2,8,0,0,0,0,0,0,0,0,0,0,0,1,2,1,13,2
3100,A1,3,20,0,9,0,0,0,0,0,0,0,0,0,0,1,2,1,7,2
3100,B0,0,20,20,1,0,0,0,0,0,0,0,0,0,0,1,1,4,62,76
3100,B1,2,2,1,3,0,0,0,0,0,0,0,0,0,0,1,1,10,74,23
3100,B2,17,0,1,18,0,0,0,0,0,0,0,0,0,0,1,1,2,10,2
3100,C1,19,3,7,0,0,0,0,0,0,0,0,0,0,0,1,2,1,13,2
3110,A1,2,20,0,9,0,0,0,0,0,0,0,0,0,1,0,2,1,7,2
3110,B0,0,20,19,3,0,0,0,0,0,0,0,0,0,1,0,1,4,62,76
3110,B1,1,3,1,3,0,0,0,0,0,0,0,0,0,1,0,1,10,74,23
3110,B2,19,0,3,18,0,0,0,0,0,0,0,0,0,1,0,1,2,10,2
3110,C1,19,2,8,0,0,0,0,0,0,0,0,0,0,1,0,2,1,13,2
3120,A1,1,18,0,9,0,0,0,0,0,0,0,0,0,1,0,2,1,7,2
3120,B0,0,20,19,4,0,0,0,0,0,0,0,0,0,1,0,1,4,62,76
3120,B1,1,3,1,3,0,0,0,0,0,0,0,0,0,1,0,1,10,74,23
3120,B2,20,0,1,19,0,0,0,0,0,0,0,0,0,1,0,1,2,10,2
3120,C1,19,2,7,0,0,0,0,0,0,0,0,0,0,1,0,2,1,13,2
3130,A1,2,17,0,8,0,0,0,0,0,0,0,0,0,0,1,2,1,7,2
3130,B0,0,20,19,3,0,0,0,0,0,0,0,0,0,0,1,1,4,62,76
3130,B1,1,2,2,3,0,0,0,0,0,0,0,0,0,0,1,1,10,74,23
3130,B2,18,0,3,20,0,0,0,0,0,0,0,0,0,0,1,1,2,10,2
3130,C1,19,1,8,0,0,0,0,0,0,0,0,0,0,0,1,2,1,13,2
3140,A1,4,17,0,9,0,0,0,0,0,0,0,0,0,0,1,2,1,7,2
3140,B0,0,20,18,1,0,0,0,0,0,0,0,0,0,0,1,1,4,62,76
3140,B1,1,2,2,1,0,0,0,0,0,0,0,0,0,0,1,1,10,74,23
3140,B2,19,0,4,20,0,0,0,0,0,0,0,0,0,0,1,1,2,10,2
3140,C1,19,3,3,0,0,0,0,0,0,0,0,0,0,0,1,2,1,13,2
3150,A1,8,20,0,9,0,0,0,0,0,0,0,0,0,0,1,2,1,7,2
3150,B0,0,20,17,3,0,0,0,0,0,0,0,0,0,0,1,1,4,62,76
3150,B1,1,2,3,1,0,0,0,0,0,0,0,0,0,0,1,1,10,74,23
3150,B2,20,0,2,19,0,0,0,0,0,0,0,0,0,0,1,1,2,10,2
3150,C1,19,3,2,0,0,0,0,0,0,0,0,0,0,0,1,2,1,13,2
3160,A1,5,20,0,10,0,0,0,0,0,0,0,0,0,1,0,2,1,7,2
3160,B0,0,20,18,1,0,0,0,0,0,0,0,0,0,1,0,1,4,62,76
3160,B1,3,1,4,1,0,0,0,0,0,0,0,0,0,1,0,1,10,74,23
3160,B2,20,0,3,20,0,0,0,0,0,0,0,0,0,1,0,1,2,10,2
3160,C1,19,1,2,0,0,0,0,0,0,0,0,0,0,1,0,2,1,13,2
3170,A1,3,20,0,9,0,0,0,0,0,0,0,0,0,1,0,2,1,7,2
3170,B0,0,20,19,2,0,0,0,0,0,0,0,0,0,1,0,1,4,62,76
3170,B1,2,2,4,1,0,0,0,0,0,0,0,0,0,1,0,1,10,74,23
3170,B2,20,0,4,20,0,0,0,0,0,0,0,0,0,1,0,1,2,10,2
3170,C1,18,1,3,0,0,0,0,0,0,0,0,0,0,1,0,2,1,13,2
3180,A1,1,20,0,8,0,0,0,0,0,0,0,0,0,0,1,2,1,7,2
3180,B0,0,20,19,1,0,0,0,0,0,0,0,0,0,0,1,1,4,62,76
3180,B1,2,2,2,2,0,0,0,0,0,0,0,0,0,0,1,1,10,74,23
3180,B2,20,0,4,20,0,0,0,0,0,0,0,0,0,0,1,1,2,10,2
3180,C1,17,2,1,0,0,0,0,0,0,0,0,0,0,0,1,2,1,13,2
3190,A1,1,20,0,8,0,0,0,0,0,0,0,0,0,0,1,2,1,7,2
3190,B0,0,20,19,2,0,0,0,0,0,0,0,0,0,0,1,1,4,62,76
3190,B1,2,2,2,2,0,0,0,0,0,0,0,0,0,0,1,1,10,74,23
3190,B2,20,0,1,20,0,0,0,0,0,0,0,0,0,0,1,1,2,10,2
3190,C1,18,4,2,0,0,0,0,0,0,0,0,0,0,0,1,2,1,13,2
3200,A1,2,20,0,8,0,0,0,0,0,0,0,0,0,1,0,2,1,7,2
3200,B0,0,19,19,2,0,0,0,0,0,0,0,0,0,1,0,1,4,62,76
3200,B1,3,3,1,3,0,0,0,0,0,0,0,0,0,1,0,2,10,74,23
3200,B2,19,0,1,20,0,0,0,0,0,0,0,0,0,1,0,1,2,10,2
3200,C1,20,4,2,0,0,0,0,0,0,0,0,0,0,1,0,2,1,13,2
3210,A1,1,20,0,8,0,0,0,0,0,0,0,0,0,1,0,2,1,7,2
3210,B0,0,19,19,2,0,0,0,0,0,0,0,0,0,1,0,1,4,62,76
3210,B1,1,3,2,3,0,0,0,0,0,0,0,0,0,1,0,1,10,74,23
3210,B2,19,0,2,20,0,0,0,0,0,0,0,0,0,1,0,1,2,10,2
3210,C1,20,1,4,0,0,0,0,0,0,0,0,0,0,1,0,2,1,13,2
3220,A1,1,18,0,8,0,0,0,0,0,0,0,0,0,0,1,2,1,7,2
3220,B0,0,20,19,3,0,0,0,0,0,0,0,0,0,0,1,1,4,62,76
3220,B1,2,2,2,4,0,0,0,0,0,0,0,0,0,0,1,1,10,74,23
3220,B2,20,0,3,20,0,0,0,0,0,0,0,0,0,0,1,1,2,10,2
3220,C1,18,5,4,0,0,0,0,0,0,0,0,0,0,0,1,2,1,13,2
3230,A1,1,19,0,9,0,0,0,0,0,0,0,0,0,0,1,2,1,7,2
3230,B0,0,20,19,1,0,0,0,0,0,0,0,0,0,0,1,1,4,62,76
3230,B1,2,2,1,2,0,0,0,0,0,0,0,0,0,0,1,2,10,74,23
3230,B2,20,0,3,20,0,0,0,0,0,0,0,0,0,0,1,1,2,10,2
3230,C1,19,1,2,0,0,0,0,0,0,0,0,0,0,0,1,2,1,13,2
3240,A1,2,20,0,8,0,0,0,0,0,0,0,0,0,0,1,2,1,7,2
3240,B0,0,20,15,2,0,0,0,0,0,0,0,0,0,0,1,1,4,62,76
3240,B1,2,2,4,2,0,0,0,0,0,0,0,0,0,0,1,1,10,74,23
3240,B2,20,0,2,20,0,0,0,0,0,0,0,0,0,0,1,1,2,10,2
3240,C1,19,3,2,0,0,0,0,0,0,0,0,0,0,0,1,2,1,13,2
3250,A1,1,20,0,11,0,0,0,0,0,0,0,0,0,1,0,2,1,7,2
3250,B0,0,20,16,1,0,0,0,0,0,0,0,0,0,1,0,1,4,62,76
3250,B1,2,2,4,2,0,0,0,0,0,0,0,0,0,1,0,1,10,74,23
3250,B2,18,0,2,20,0,0,0,0,0,0,0,0,0,1,0,1,2,10,2
3250,C1,20,3,3,0,0,0,0,0,0,0,0,0,0,1,0,2,1,13,2
3260,A1,1,19,0,12,0,0,0,0,0,0,0,0,0,1,0,2,1,7,2
3260,B0,0,20,17,2,0,0,0,0,0,0,0,0,0,1,0,1,4,62,76
3260,B1,4,4,4,2,0,0,0,0,0,0,0,0,0,1,0,2,10,74,23
3260,B2,15,0,2,20,0,0,0,0,0,0,0,0,0,1,0,1,2,10,2
3260,C1,20,4,3,0,0,0,0,0,0,0,0,0,0,1,0,2,1,13,2
3270,A1,1,19,0,12,0,0,0,0,0,0,0,0,1,0,1,2,1,7,2
3270,B0,0,20,19,1,0,0,0,0,0,0,0,0,0,0,1,1,4,62,76
3270,B1,3,3,2,2,0,0,0,2,0,0,0,0,0,0,1,1,11,84,23
3270,B2,15,0,2,20,0,0,0,0,0,0,0,0,0,0,1,1,2,10,2
3270,C1,20,2,1,0,0,0,0,0,0,0,0,0,0,0,1,2,1,13,2
3280,A1,1,19,0,13,0,0,0,0,0,0,0,0,0,0,1,2,1,7,2
3280,B0,0,20,18,3,0,0,0,0,0,0,0,0,0,0,1,1,4,62,76
3280,B1,3,3,2,2,0,0,0,0,0,0,0,0,0,0,1,2,11,97,27
3280,B2,18,0,1,19,0,0,0,0,0,0,0,0,0,0,1,1,2,10,2
3280,C1,20,3,2,0,0,0,0,0,0,0,0,0,0,0,1,2,1,13,2
3290,A1,1,20,0,14,0,0,0,0,0,0,0,0,0,1,0,2,1,7,2
3290,B0,0,20,17,2,0,0,0,0,0,0,0,0,0,1,0,1,4,62,76
3290,B1,5,2,1,3,0,0,0,0,0,0,0,0,0,1,0,2,11,97,27
3290,B2,18,0,1,18,0,0,0,0,0,0,0,0,0,1,0,1,2,10,2
3290,C1,20,2,2,0,0,0,0,0,0,0,0,0,0,1,0,2,1,13,2
3300,A1,2,20,0,15,0,0,0,0,0,0,0,0,0,1,0,2,1,7,2
3300,B0,0,20,18,3,0,0,0,0,0,0,0,0,0,1,0,1,4,62,76
3300,B1,5,4,1,3,0,0,0,0,0,0,0,0,0,1,0,2,11,97,27
3300,B2,18,0,2,19,0,0,0,0,0,0,0,0,0,1,0,1,2,10,2
3300,C1,20,2,2,0,0,0,0,0,0,0,0,0,0,1,0,2,1,13,2
3310,A1,1,18,0,15,0,0,0,0,0,0,0,0,0,1,0,2,1,7,2
3310,B0,0,20,19,4,0,0,0,0,0,0,0,0,0,1,0,1,4,62,76
3310,B1,4,4,1,3,0,0,0,0,0,0,0,0,0,1,0,2,11,97,27
3310,B2,19,0,2,20,0,0,0,0,0,0,0,0,0,1,0,1,2,10,2
3310,C1,19,2,2,0,0,0,0,0,0,0,0,0,0,1,0,2,1,13,2
3320,A1,2,19,0,15,0,0,0,0,0,0,0,0,0,0,1,2,1,7,2
3320,B0,0,20,19,2,0,0,0,0,0,0,0,0,0,0,1,1,4,62,76
3320,B1,3,3,2,3,0,0,0,0,0,0,0,0,0,0,1,2,11,97,27
3320,B2,19,0,5,19,0,0,0,0,0,0,0,0,0,0,1,1,2,10,2
3320,C1,20,2,1,0,0,0,0,0,0,0,0,0,0,0,1,2,1,13,2
3330,A1,1,19,0,15,0,0,0,0,0,0,0,0,0,0,1,2,1,7,2
3330,B0,0,20,19,2,0,0,0,0,0,0,0,0,0,0,1,1,4,62,76
3330,B1,3,3,1,5,0,0,0,0,0,0,0,0,0,0,1,2,11,97,27
3330,B2,20,0,2,15,0,0,0,0,0,0,0,0,0,0,1,1,2,10,2
3330,C1,20,3,1,0,0,0,0,0,0,0,0,0,0,0,1,2,1,13,2
3340,A1,1,20,0,14,0,0,0,0,0,0,0,0,0,1,0,2,1,7,2
3340,B0,0,18,19,3,0,0,0,0,0,0,0,0,0,1,0,1,4,62,76
3340,B1,4,5,1,4,0,0,0,0,0,0,0,0,0,1,0,2,11,97,27
3340,B2,18,0,2,15,0,0,0,0,0,0,0,0,0,1,0,1,2,10,2
3340,C1,20,2,2,0,0,0,0,0,0,0,0,0,0,1,0,2,1,13,2
3350,A1,1,16,0,15,0,0,0,0,0,0,0,0,0,1,0,2,1,7,2
3350,B0,0,18,19,4,0,0,0,0,0,0,0,0,0,1,0,1,4,62,76
3350,B1,5,8,1,4,0,0,0,0,0,0,0,0,0,1,0,2,11,97,27
3350,B2,18,0,1,17,0,0,0,0,0,0,0,0,0,1,0,1,2,10,2
3350,C1,19,1,2,0,0,0,0,0,0,0,0,0,0,1,0,2,1,13,2
3360,A1,1,16,0,15,0,0,0,0,0,0,0,0,0,0,1,2,1,7,2
3360,B0,0,20,19,4,0,0,0,0,0,0,0,0,0,0,1,1,4,62,76
3360,B1,3,8,1,4,0,0,0,0,0,0,0,0,0,0,1,2,11,97,27
3360,B2,19,0,1,20,0,0,0,0,0,0,0,0,0,0,1,1,2,10,2
3360,C1,19,1,1,0,0,0,0,0,0,0,0,0,0,0,1,2,1,13,2
3370,A1,4,17,0,14,0,0,0,0,0,0,0,0,0,0,1,2,1,7,2
3370,B0,0,20,19,1,0,0,0,0,0,0,0,0,0,0,1,1,4,62,76
3370,B1,3,6,3,4,0,0,0,0,0,0,0,0,0,0,1,2,11,97,27
3370,B2,20,0,1,18,0,0,0,0,0,0,0,0,0,0,1,1,2,10,2
3370,C1,19,1,2,0,0,0,0,0,0,0,0,0,0,0,1,2,1,13,2
3380,A1,2,20,0,16,0,0,0,0,0,0,0,0,0,0,1,2,1,7,2
3380,B0,0,20,18,1,0,0,0,0,0,0,0,0,0,0,1,1,4,62,76
3380,B1,3,6,2,5,0,0,0,0,0,0,0,0,0,0,1,2,11,97,27
3380,B2,20,0,2,17,0,0,0,0,0,0,0,0,0,0,1,1,2,10,2
3380,C1,20,2,1,0,0,0,0,0,0,0,0,0,0,0,1,2,1,13,2
3390,A1,1,20,0,17,0,0,0,0,0,0,0,0,0,1,0,2,1,7,2
3390,B0,0,19,19,1,0,0,0,0,0,0,0,0,0,1,0,1,4,62,76
3390,B1,4,4,2,5,0,0,0,0,0,0,0,0,0,1,0,2,11,97,27
3390,B2,19,0,1,18,0,0,0,0,0,0,0,0,0,1,0,1,2,10,2
3390,C1,19,1,2,0,0,0,0,0,0,0,0,0,0,1,0,2,1,13,2
3400,A1,1,18,0,17,0,0,0,0,0,0,0,0,0,1,0,2,1,7,2
3400,B0,0,19,19,1,0,0,0,0,0,0,0,0,0,1,0,1,4,62,76
3400,B1,3,3,2,5,0,0,0,0,0,0,0,0,0,1,0,1,11,97,27
3400,B2,18,0,2,20,0,0,0,0,0,0,0,0,0,1,0,1,2,10,2
3400,C1,18,2,2,0,0,0,0,0,0,0,0,0,0,1,0,2,1,13,2
3410,A1,2,18,0,16,0,0,0,0,0,0,0,0,0,0,1,2,1,7,2
3410,B0,0,19,19,4,0,0,0,0,0,0,0,0,0,0,1,1,4,62,76
3410,B1,3,3,2,6,0,0,0,0,0,0,0,0,0,0,1,1,11,97,27
3410,B2,19,0,2,20,0,0,0,0,0,0,0,0,0,0,1,1,2,10,2
3410,C1,18,1,3,0,0,0,0,0,0,0,0,0,0,0,1,2,1,13,2
3420,A1,3,19,0,13,0,0,0,0,0,0,0,0,0,0,1,2,1,7,2
3420,B0,0,19,19,2,0,0,0,0,0,0,0,0,0,0,1,1,4,62,76
3420,B1,3,3,2,6,0,0,0,0,0,0,0,0,0,0,1,1,11,97,27
3420,B2,20,0,2,16,0,0,0,0,0,0,0,0,0,0,1,1,2,10,2
3420,C1,20,1,2,0,0,0,0,0,0,0,0,0,0,0,1,2,1,13,2
3430,A1,4,20,0,12,0,0,0,0,0,0,0,0,0,1,0,2,1,7,2
3430,B0,0,19,19,1,0,0,0,0,0,0,0,0,0,1,0,1,4,62,76
3430,B1,2,3,1,5,0,0,0,0,0,0,0,0,0,1,0,1,11,97,27
3430,B2,19,0,1,15,0,0,0,0,0,0,0,0,0,1,0,1,2,10,2
3430,C1,20,1,2,0,0,0,0,0,0,0,0,0,0,1,0,2,1,13,2
3440,A1,2,19,0,13,0,0,0,0,0,0,0,0,0,1,0,2,1,7,2
3440,B0,0,20,19,2,0,0,0,0,0,0,0,0,0,1,0,1,4,62,76
3440,B1,1,5,1,5,0,0,0,0,0,0,0,0,0,1,0,2,11,97,27
3440,B2,17,0,1,17,0,0,0,0,0,0,0,0,0,1,0,1,2,10,2
3440,C1,17,1,3,0,0,0,0,0,0,0,0,0,0,1,0,2,1,13,2
3450,A1,2,18,0,14,0,0,0,0,0,0,0,0,0,0,1,2,1,7,2
3450,B0,0,20,19,2,0,0,0,0,0,0,0,0,0,0,1,1,4,62,76
3450,B1,3,6,1,6,0,0,0,0,0,0,0,0,0,0,1,2,11,97,27
3450,B2,17,0,3,20,0,0,0,0,0,0,0,0,0,0,1,1,2,10,2
3450,C1,15,1,3,0,0,0,0,0,0,0,0,0,0,0,1,2,1,13,2
3460,A1,2,19,0,12,0,0,0,0,0,0,0,0,0,0,1,2,1,7,2
3460,B0,0,20,19,1,0,0,0,0,0,0,0,0,0,0,1,1,4,62,76
3460,B1,2,5,2,7,0,0,0,0,0,0,0,0,0,0,1,1,11,97,27
3460,B2,19,0,2,19,0,0,0,0,0,0,0,0,0,0,1,1,2,10,2
3460,C1,17,1,1,0,0,0,0,0,0,0,0,0,0,0,1,2,1,13,2
3470,A1,3,20,0,10,0,0,0,0,0,0,0,0,0,0,1,2,1,7,2
3470,B0,0,20,16,2,0,0,0,0,0,0,0,0,0,0,1,1,4,62,76
3470,B1,2,5,2,5,0,0,0,0,0,0,0,0,0,0,1,1,11,97,27
3470,B2,20,0,1,15,0,0,0,0,0,0,0,0,0,0,1,1,2,10,2
3470,C1,20,1,1,0,0,0,0,0,0,0,0,0,0,0,1,2,1,13,2
3480,A1,4,20,0,11,0,0,0,0,0,0,0,0,0,1,0,2,1,7,2
3480,B0,0,20,17,5,0,0,0,0,0,0,0,0,0,1,0,1,4,62,76
3480,B1,1,6,2,5,0,0,0,0,0,0,0,0,0,1,0,1,11,97,27
3480,B2,17,0,1,16,0,0,0,0,0,0,0,0,0,1,0,1,2,10,2
3480,C1,20,2,1,0,0,0,0,0,0,0,0,0,0,1,0,2,1,13,2
3490,A1,2,20,0,13,0,0,0,0,0,0,0,0,0,1,0,2,1,7,2
3490,B0,0,20,18,5,0,0,0,0,0,0,0,0,0,1,0,1,4,62,76
3490,B1,3,8,2,5,0,0,0,0,0,0,0,0,0,1,0,2,11,97,27
3490,B2,16,0,1,18,0,0,0,0,0,0,0,0,0,1,0,1,2,10,2
3490,C1,19,1,1,0,0,0,0,0,0,0,0,0,0,1,0,2,1,13,2
3500,A1,1,20,0,12,0,0,0,0,0,0,0,0,0,0,1,2,1,7,2
3500,B0,0,20,19,4,0,0,0,0,0,0,0,0,0,0,1,1,4,62,76
3500,B1,1,8,1,7,0,0,0,0,0,0,0,0,0,0,1,2,11,97,27
3500,B2,17,0,1,20,0,0,0,0,0,0,0,0,0,0,1,1,2,10,2
3500,C1,19,1,1,0,0,0,0,0,0,0,0,0,0,0,1,2,1,13,2
3510,A1,2,20,0,13,0,0,0,0,0,0,0,0,0,0,1,2,1,7,2
3510,B0,0,20,19,1,0,0,0,0,0,0,0,0,0,0,1,1,4,62,76
3510,B1,1,8,2,7,0,0,0,0,0,0,0,0,0,0,1,1,11,97,27
3510,B2,18,0,1,20,0,0,0,0,0,0,0,0,0,0,1,1,2,10,2
3510,C1,19,2,1,0,0,0,0,0,0,0,0,0,0,0,1,2,1,13,2
3520,A1,2,20,0,13,0,0,0,0,0,0,0,0,0,1,0,2,1,7,2
3520,B0,0,19,17,1,0,0,0,0,0,0,0,0,0,1,0,1,4,62,76
3520,B1,2,8,3,8,0,0,0,0,0,0,0,0,0,1,0,1,11,97,27
3520,B2,19,0,2,19,0,0,0,0,0,0,0,0,0,1,0,1,2,10,2
3520,C1,20,2,1,0,0,0,0,0,0,0,0,0,0,1,0,2,1,13,2
3530,A1,1,20,0,13,0,0,0,0,0,0,0,0,0,1,0,2,1,7,2
3530,B0,0,18,18,1,0,0,0,0,0,0,0,0,0,1,0,1,4,62,76
3530,B1,1,9,1,8,0,0,0,0,0,0,0,0,0,1,0,2,11,97,27
3530,B2,16,0,4,20,0,0,0,0,0,0,0,0,0,1,0,1,2,10,2
3530,C1,19,1,2,0,0,0,0,0,0,0,0,0,0,1,0,2,1,13,2
3540,A1,1,19,0,13,0,0,0,0,0,0,0,0,0,1,0,2,1,7,2
3540,B0,0,16,19,2,0,0,0,0,0,0,0,0,0,1,0,1,4,62,76
3540,B1,2,9,1,8,0,0,0,0,0,0,0,0,0,1,0,2,11,97,27
3540,B2,15,0,2,20,0,0,0,0,0,0,0,0,0,1,0,1,2,10,2
3540,C1,16,1,2,0,0,0,0,0,0,0,0,0,0,1,0,2,1,13,2
3550,A1,1,20,0,13,0,0,0,0,0,0,0,0,0,0,1,2,1,7,2
3550,B0,0,17,18,2,0,0,0,0,0,0,0,0,0,0,1,1,4,62,76
3550,B1,2,10,1,7,0,0,0,0,0,0,0,0,0,0,1,2,11,97,27
3550,B2,18,0,3,20,0,0,0,0,0,0,0,0,0,0,1,1,2,10,2
3550,C1,17,1,1,0,0,0,0,0,0,0,0,0,0,0,1,2,1,13,2
3560,A1,1,20,0,13,0,0,0,0,0,0,0,0,0,0,1,2,1,7,2
3560,B0,0,19,16,2,0,0,0,0,0,0,0,0,0,0,1,1,4,62,76
3560,B1,2,10,1,11,0,0,0,0,0,0,0,0,0,0,1,2,11,97,27
3560,B2,18,0,2,20,0,0,0,0,0,0,0,0,0,0,1,1,2,10,2
3560,C1,19,1,2,0,0,0,0,0,0,0,0,0,0,0,1,2,1,13,2
3570,A1,2,20,0,12,0,0,0,0,0,0,0,0,0,1,0,2,1,7,2
3570,B0,0,18,16,1,0,0,0,0,0,0,0,0,0,1,0,1,4,62,76
3570,B1,2,11,1,10,0,0,0,0,0,0,0,0,0,1,0,2,11,97,27
3570,B2,18,0,2,20,0,0,0,0,0,0,0,0,0,1,0,1,2,10,2
3570,C1,20,2,3,0,0,0,0,0,0,0,0,0,0,1,0,2,1,13,2
3580,A1,2,20,0,13,0,0,0,0,0,0,0,0,0,1,0,2,1,7,2
3580,B0,0,16,18,2,0,0,0,0,0,0,0,0,0,1,0,1,4,62,76
3580,B1,1,9,1,10,0,0,0,0,0,0,0,0,0,1,0,2,11,97,27
3580,B2,17,0,5,20,0,0,0,0,0,0,0,0,0,1,0,1,2,10,2
3580,C1,19,2,3,0,0,0,0,0,0,0,0,0,0,1,0,2,1,13,2
3590,A1,2,20,0,13,0,0,0,0,12,0,0,0,1,0,1,1,2,12,2
3590,B0,0,15,20,2,0,0,0,0,0,0,0,0,0,0,1,1,4,62,76
3590,B1,2,8,1,10,0,0,0,1,0,0,0,1,0,0,1,1,12,102,27
3590,B2,17,0,3,20,0,0,0,0,0,0,0,0,0,0,1,1,2,10,2
3590,C1,18,1,4,0,0,0,0,0,0,0,0,0,0,0,1,2,1,13,2
3600,A1,1,20,0,13,0,0,0,0,0,0,0,0,0,0,1,2,2,18,14
3600,B0,0,17,20,1,0,0,0,0,0,0,0,0,0,0,1,1,4,62,76
3600,B1,2,9,1,12,0,0,0,0,0,0,0,0,0,0,1,2,12,105,28
3600,B2,17,0,2,20,0,0,0,0,0,0,0,0,0,0,1,1,2,10,2
3600,C1,18,1,1,0,0,0,0,0,0,0,0,0,0,0,1,2,1,13,2
3610,A1,2,20,0,13,0,0,0,0,0,0,0,0,0,0,1,2,2,18,14
3610,B0,0,20,17,1,0,0,0,0,0,0,0,0,0,0,1,1,4,62,76
3610,B1,2,9,1,12,0,0,0,0,0,0,0,0,0,0,1,2,12,105,28
3610,B2,17,0,2,19,0,0,0,0,0,0,0,0,0,0,1,1,2,10,2
3610,C1,20,3,4,0,0,0,0,0,0,0,0,0,0,0,1,2,1,13,2
3620,A1,2,19,0,14,0,0,0,0,0,0,0,0,0,1,0,2,2,18,14
3620,B0,0,17,18,1,0,0,0,0,0,0,0,0,0,1,0,1,4,62,76
3620,B1,2,7,1,12,0,0,0,0,0,0,0,0,0,1,0,2,12,105,28
3620,B2,17,0,1,20,0,0,0,0,0,0,0,0,0,1,0,1,2,10,2
3620,C1,20,1,4,0,0,0,0,0,0,0,0,0,0,1,0,2,1,13,2
3630,A1,2,17,0,14,0,0,0,0,0,0,0,0,0,1,0,2,2,18,14
3630,B0,0,15,19,1,0,0,0,0,0,0,0,0,0,1,0,1,4,62,76
3630,B1,2,9,2,12,0,0,0,0,0,0,0,0,0,1,0,1,12,105,28
3630,B2,18,0,1,20,0,0,0,0,0,0,0,0,0,1,0,1,2,10,2
3630,C1,19,1,4,0,0,0,0,0,0,0,0,0,0,1,0,2,1,13,2
3640,A1,2,18,0,12,0,0,0,0,0,0,0,0,0,0,1,2,2,18,14
3640,B0,0,16,20,1,0,0,0,0,0,0,0,0,0,0,1,1,4,62,76
3640,B1,1,9,1,12,0,0,0,0,0,0,0,0,0,0,1,2,13,107,29
3640,B2,19,0,1,20,0,0,0,0,0,0,0,0,0,0,1,1,2,10,2
3640,C1,19,1,4,0,0,0,0,0,0,0,0,0,0,0,1,2,1,13,2
3650,A1,3,20,0,10,0,0,0,0,0,0,0,0,0,0,1,2,2,18,14
3650,B0,0,19,19,1,0,0,0,0,0,0,0,0,0,0,1,1,4,62,76
3650,B1,1,9,3,13,0,0,0,0,0,0,0,0,0,0,1,1,13,107,29
3650,B2,19,0,1,19,0,0,0,0,0,0,0,0,0,0,1,1,2,10,2
3650,C1,19,4,4,0,0,0,0,0,0,0,0,0,0,0,1,2,1,13,2
3660,A1,3,20,0,9,0,0,0,0,0,0,0,0,0,1,0,2,2,18,14
3660,B0,0,19,19,1,0,0,0,0,0,0,0,0,0,1,0,1,4,62,76
3660,B1,1,9,2,11,0,0,0,0,0,0,0,0,0,1,0,1,13,107,29
3660,B2,19,0,1,19,0,0,0,0,0,0,0,0,0,1,0,1,2,10,2
3660,C1,20,2,5,0,0,0,0,0,0,0,0,0,0,1,0,2,1,13,2
3670,A1,2,20,0,9,0,0,0,0,0,0,0,0,0,1,0,2,2,18,14
3670,B0,0,17,19,3,0,0,0,0,0,0,0,0,0,1,0,1,4,62,76
3670,B1,1,10,2,11,0,0,0,0,0,0,0,0,0,1,0,1,13,107,29
3670,B2,18,0,1,19,0,0,0,0,0,0,0,0,0,1,0,1,2,10,2
3670,C1,19,4,4,0,0,0,0,0,0,0,0,0,0,1,0,2,1,13,2
3680,A1,1,19,0,9,0,0,0,0,0,0,0,0,0,0,1,2,2,18,14
3680,B0,0,18,20,2,0,0,0,0,0,0,0,0,0,0,1,1,4,62,76
3680,B1,2,9,2,11,0,0,0,0,0,0,0,0,0,0,1,1,13,107,29
3680,B2,18,0,2,20,0,0,0,0,0,0,0,0,0,0,1,1,2,10,2
3680,C1,18,1,4,0,0,0,0,0,0,0,0,0,0,0,1,2,1,13,2
3690,A1,3,20,0,7,0,0,0,0,0,0,0,0,0,0,1,2,2,18,14
3690,B0,0,19,20,3,0,0,0,0,0,0,0,0,0,0,1,1,4,62,76
3690,B1,2,8,1,11,0,0,0,0,0,0,0,0,0,0,1,2,13,107,29
3690,B2,18,0,1,20,0,0,0,0,0,0,0,0,0,0,1,1,2,10,2
3690,C1,20,2,1,0,0,0,0,0,0,0,0,0,0,0,1,2,1,13,2
3700,A1,4,20,0,5,0,0,0,0,0,0,0,0,0,0,1,2,2,18,14
3700,B0,0,20,18,2,0,0,0,0,0,0,0,0,0,0,1,1,4,62,76
3700,B1,2,8,1,11,0,0,0,0,0,0,0,0,0,0,1,2,13,107,29
3700,B2,18,0,2,19,0,0,0,0,0,0,0,0,0,0,1,1,2,10,2
3700,C1,20,3,1,0,0,0,0,0,0,0,0,0,0,0,1,2,1,13,2
3710,A1,3,20,0,6,0,0,0,0,0,0,0,0,0,1,0,2,2,18,14
3710,B0,0,18,19,3,0,0,0,0,0,0,0,0,0,1,0,1,4,62,76
3710,B1,3,5,1,10,0,0,0,0,0,0,0,0,0,1,0,2,14,108,31
3710,B2,18,0,5,19,0,0,0,0,0,0,0,0,0,1,0,1,2,10,2
3710,C1,20,1,2,0,0,0,0,0,0,0,0,0,0,1,0,2,1,13,2
3720,A1,1,20,0,7,0,0,0,0,0,0,0,0,0,1,0,2,2,18,14
3720,B0,0,17,20,5,0,0,0,0,0,0,0,0,0,1,0,1,4,62,76
3720,B1,2,3,1,10,0,0,0,0,0,0,0,0,0,1,0,1,14,108,31
3720,B2,18,0,2,20,0,0,0,0,0,0,0,0,0,1,0,1,2,10,2
3720,C1,18,1,4,0,0,0,0,0,0,0,0,0,0,1,0,2,1,13,2
3730,A1,1,20,0,4,0,0,0,0,0,0,0,0,0,0,1,2,2,18,14
3730,B0,0,18,20,4,0,0,0,0,0,0,0,0,0,0,1,1,4,62,76
3730,B1,2,2,2,11,0,0,0,0,0,0,0,0,0,0,1,1,15,110,32
3730,B2,18,0,1,20,0,0,0,0,0,0,0,0,0,0,1,1,2,10,2
3730,C1,18,2,3,0,0,0,0,0,0,0,0,0,0,0,1,2,1,13,2
3740,A1,2,20,0,3,0,0,0,0,0,0,0,0,0,0,1,2,2,18,14
3740,B0,0,19,20,2,0,0,0,0,0,0,0,0,0,0,1,1,4,62,76
3740,B1,2,2,1,11,0,0,0,0,0,0,0,0,0,0,1,1,15,110,32
3740,B2,18,0,3,18,0,0,0,0,0,0,0,0,0,0,1,1,2,10,2
3740,C1,19,2,3,0,0,0,0,0,0,0,0,0,0,0,1,2,1,13,2
3750,A1,3,20,0,4,0,0,0,0,0,0,0,0,0,1,0,2,2,18,14
3750,B0,0,19,19,2,0,0,0,0,0,0,0,0,0,1,0,1,4,62,76
3750,B1,3,3,2,11,0,0,0,0,0,0,0,0,0,1,0,1,15,110,32
3750,B2,17,0,3,17,0,0,0,0,0,0,0,0,0,1,0,1,2,10,2
3750,C1,20,5,2,0,0,0,0,0,0,0,0,0,0,1,0,2,1,13,2
3760,A1,4,20,0,4,0,0,0,0,0,0,0,0,0,1,0,2,2,18,14
3760,B0,0,16,20,2,0,0,0,0,0,0,0,0,0,1,0,1,4,62,76
3760,B1,2,2,1,11,0,0,0,0,0,0,0,0,0,1,0,1,15,110,32
3760,B2,15,0,3,17,0,0,0,0,0,0,0,0,0,1,0,1,2,10,2
3760,C1,20,2,3,0,0,0,0,0,0,0,0,0,0,1,0,2,1,13,2
3770,A1,3,19,0,4,0,0,0,0,0,0,0,0,0,1,0,2,2,18,14
3770,B0,0,15,20,3,0,0,0,0,0,0,0,0,0,1,0,1,4,62,76
3770,B1,1,3,1,11,0,0,0,0,0,0,0,0,0,1,0,1,15,110,32
3770,B2,15,0,7,20,0,0,0,0,0,0,0,0,0,1,0,1,2,10,2
3770,C1,18,1,3,0,0,0,0,0,0,0,0,0,0,1,0,2,1,13,2
3780,A1,4,20,0,4,0,0,0,0,0,0,0,0,0,0,1,2,2,18,14
3780,B0,0,16,20,1,0,0,0,0,0,0,0,0,0,0,1,1,4,62,76
3780,B1,1,3,2,9,0,0,0,0,0,0,0,0,0,0,1,1,15,110,32
3780,B2,15,0,6,20,0,0,0,0,0,0,0,0,0,0,1,1,2,10,2
3780,C1,19,2,3,0,0,0,0,0,0,0,0,0,0,0,1,2,1,13,2
3790,A1,5,20,0,5,0,0,0,0,0,0,0,0,0,0,1,2,2,18,14
3790,B0,0,19,19,3,0,0,0,0,0,0,0,0,0,0,1,1,4,62,76
3790,B1,1,3,2,10,0,0,0,0,0,0,0,0,0,0,1,1,15,110,32
3790,B2,15,0,3,20,0,0,0,0,0,0,0,0,0,0,1,1,2,10,2
3790,C1,20,3,3,0,0,0,0,0,0,0,0,0,0,0,1,2,1,13,2
3800,A1,4,20,0,6,0,0,0,0,0,0,0,0,0,1,0,2,2,18,14
3800,B0,0,19,19,2,0,0,0,0,0,0,0,0,0,1,0,1,4,62,76
3800,B1,1,2,1,9,0,0,0,0,0,0,0,0,0,1,0,1,15,110,32
3800,B2,14,0,3,20,0,0,0,0,0,0,0,0,0,1,0,1,2,10,2
3800,C1,20,2,5,0,0,0,0,0,0,0,0,0,0,1,0,2,1,13,2
3810,A1,3,20,0,7,0,0,0,0,0,0,0,0,0,1,0,2,2,18,14
3810,B0,0,19,19,3,0,0,0,0,0,0,0,0,0,1,0,1,4,62,76
3810,B1,2,2,1,9,0,0,0,0,0,0,0,0,0,1,0,1,15,110,32
3810,B2,12,0,3,20,0,0,0,0,0,0,0,0,0,1,0,1,2,10,2
3810,C1,19,1,6,0,0,0,0,0,0,0,0,0,0,1,0,2,1,13,2
3820,A1,3,20,0,6,0,0,0,0,0,0,0,0,0,0,1,2,2,18,14
3820,B0,0,18,20,2,0,0,0,0,0,0,0,0,0,0,1,1,4,62,76
3820,B1,2,1,1,11,0,0,0,0,0,0,0,0,0,0,1,1,15,110,32
3820,B2,12,0,5,20,0,0,0,0,0,0,0,0,0,0,1,1,2,10,2
3820,C1,19,1,7,0,0,0,0,0,0,0,0,0,0,0,1,2,1,13,2
3830,A1,4,20,0,6,0,0,0,0,0,0,0,0,0,0,1,2,2,18,14
3830,B0,0,19,19,1,0,0,0,0,0,0,0,0,0,0,1,1,4,62,76
3830,B1,2,1,3,10,0,0,0,0,0,0,0,0,0,0,1,1,15,110,32
3830,B2,12,0,2,20,0,0,0,0,0,0,0,0,0,0,1,1,2,10,2
3830,C1,19,1,8,0,0,0,0,0,0,0,0,0,0,0,1,2,1,13,2
3840,A1,6,20,0,6,0,0,0,0,0,0,0,0,0,0,1,2,2,18,14
3840,B0,0,20,18,1,0,0,0,0,0,0,0,0,0,0,1,1,4,62,76
3840,B1,2,1,4,8,0,0,0,0,0,0,0,0,0,0,1,1,15,110,32
3840,B2,13,0,1,19,0,0,0,0,0,0,0,0,0,0,1,1,2,10,2
3840,C1,20,2,8,0,0,0,0,0,0,0,0,0,0,0,1,2,1,13,2
3850,A1,2,20,0,6,0,0,0,0,0,0,0,0,0,1,0,2,2,18,14
3850,B0,0,18,19,2,0,0,0,0,0,0,0,0,0,1,0,1,4,62,76
3850,B1,3,1,1,8,0,0,0,0,0,0,0,0,0,1,0,1,15,110,32
3850,B2,12,0,1,20,0,0,0,0,0,0,0,0,0,1,0,1,2,10,2
3850,C1,19,4,9,0,0,0,0,0,0,0,0,0,0,1,0,2,1,13,2
3860,A1,1,20,0,6,0,0,0,0,0,0,0,0,0,1,0,2,2,18,14
3860,B0,0,17,20,2,0,0,0,0,0,0,0,0,0,1,0,1,4,62,76
3860,B1,2,1,1,8,0,0,0,0,0,0,0,0,0,1,0,1,15,110,32
3860,B2,12,0,2,20,0,0,0,0,0,0,0,0,0,1,0,1,2,10,2
3860,C1,19,3,9,0,0,0,0,0,0,0,0,0,0,1,0,2,1,13,2
3870,A1,2,20,0,6,0,0,0,0,0,0,0,0,0,0,1,2,2,18,14
3870,B0,0,18,20,1,0,0,0,0,0,0,0,0,0,0,1,1,4,62,76
3870,B1,1,1,1,7,0,0,0,0,0,0,0,0,0,0,1,1,15,110,32
3870,B2,13,0,3,20,0,0,0,0,0,0,0,0,0,0,1,1,2,10,2
3870,C1,19,3,7,0,0,0,0,0,0,0,0,0,0,0,1,2,1,13,2
3880,A1,2,20,0,5,0,0,0,0,0,0,0,0,0,0,1,2,2,18,14
3880,B0,0,19,17,2,0,0,0,0,0,0,0,0,0,0,1,1,4,62,76
3880,B1,1,1,1,4,0,0,0,0,0,0,0,0,0,0,1,1,15,110,32
3880,B2,14,0,2,20,0,0,0,0,0,0,0,0,0,0,1,1,2,10,2
3880,C1,20,3,5,0,0,0,0,0,0,0,0,0,0,0,1,2,1,13,2
3890,A1,3,20,0,6,0,0,0,0,0,0,0,0,0,1,0,2,2,18,14
3890,B0,0,20,18,1,0,0,0,0,0,0,0,0,0,1,0,1,4,62,76
3890,B1,5,1,1,2,0,0,0,0,0,0,0,0,0,1,0,2,16,114,33
3890,B2,13,0,1,20,0,0,0,0,0,0,0,0,0,1,0,1,2,10,2
3890,C1,20,5,5,0,0,0,0,0,0,0,0,0,0,1,0,2,1,13,2
3900,A1,5,19,0,5,0,0,0,0,0,0,0,0,0,1,0,2,2,18,14
3900,B0,0,18,18,1,0,0,0,0,0,0,0,0,0,1,0,1,4,62,76
3900,B1,2,2,1,2,0,0,0,0,0,0,0,0,0,1,0,2,16,114,33
3900,B2,13,0,2,20,0,0,0,0,0,0,0,0,0,1,0,1,2,10,2
3900,C1,20,2,5,0,0,0,0,0,0,0,0,0,0,1,0,2,1,13,2
3910,A1,1,18,0,6,0,0,0,0,0,0,0,0,0,0,1,2,2,18,14
3910,B0,0,17,20,2,0,0,0,0,0,0,0,0,0,0,1,1,4,62,76
3910,B1,1,1,1,2,0,0,0,0,0,0,0,0,0,0,1,1,16,114,33
3910,B2,11,0,5,20,0,0,0,0,0,0,0,0,0,0,1,1,2,10,2
3910,C1,19,4,5,0,0,0,0,0,0,0,0,0,0,0,1,2,1,13,2
3920,A1,2,19,0,6,0,0,0,0,0,0,0,0,0,0,1,2,2,18,14
3920,B0,0,19,19,3,0,0,0,0,0,0,0,0,0,0,1,1,4,62,76
3920,B1,1,2,2,2,0,0,0,0,0,0,0,0,0,0,1,1,16,114,33
3920,B2,11,0,2,20,0,0,0,0,0,0,0,0,0,0,1,1,2,10,2
3920,C1,20,2,7,0,0,0,0,0,0,0,0,0,0,0,1,2,1,13,2
3930,A1,4,20,0,5,0,0,0,0,0,0,0,0,0,0,1,2,2,18,14
3930,B0,0,20,18,2,0,0,0,0,0,0,0,0,0,0,1,1,4,62,76
3930,B1,1,2,1,2,0,0,0,0,0,0,0,0,0,0,1,1,16,114,33
3930,B2,12,0,2,19,0,0,0,0,0,0,0,0,0,0,1,1,2,10,2
3930,C1,20,5,7,0,0,0,0,0,0,0,0,0,0,0,1,2,1,13,2
3940,A1,1,20,0,6,0,0,0,0,0,0,0,0,0,1,0,2,2,18,14
3940,B0,0,18,20,2,0,0,0,0,0,0,0,0,0,1,0,1,4,62,76
3940,B1,1,2,1,1,0,0,0,0,0,0,0,0,0,1,0,2,16,114,33
3940,B2,11,0,1,20,0,0,0,0,0,0,0,0,0,1,0,1,2,10,2
3940,C1,20,3,6,0,0,0,0,0,0,0,0,0,0,1,0,2,1,13,2
3950,A1,1,19,0,6,0,0,0,0,0,0,0,0,0,1,0,2,2,18,14
3950,B0,0,17,20,3,0,0,0,0,0,0,0,0,0,1,0,1,4,62,76
3950,B1,2,2,1,1,0,0,0,0,0,0,0,0,0,1,0,2,16,114,33
3950,B2,10,0,2,20,0,0,0,0,0,0,0,0,0,1,0,1,2,10,2
3950,C1,20,2,7,0,0,0,0,0,0,0,0,0,0,1,0,2,1,13,2
3960,A1,2,19,0,6,0,0,0,0,0,0,0,0,0,0,1,2,2,18,14
3960,B0,0,18,20,3,0,0,0,0,0,0,0,0,0,0,1,1,4,62,76
3960,B1,3,2,2,2,0,0,0,0,0,0,0,0,0,0,1,2,16,114,33
3960,B2,10,0,2,20,0,0,0,0,0,0,0,0,0,0,1,1,2,10,2
3960,C1,20,2,7,0,0,0,0,0,0,0,0,0,0,0,1,2,1,13,2
3970,A1,4,19,0,6,0,0,0,0,0,0,0,0,0,0,1,2,2,18,14
3970,B0,0,20,20,3,0,0,0,0,0,0,0,0,0,0,1,1,4,62,76
3970,B1,1,2,1,1,0,0,0,0,0,0,0,0,0,0,1,2,16,114,33
3970,B2,10,0,1,20,0,0,0,0,0,0,0,0,0,0,1,1,2,10,2
3970,C1,20,1,6,0,0,0,0,0,0,0,0,0,0,0,1,2,1,13,2
3980,A1,4,20,0,6,0,0,0,0,0,0,0,0,0,1,0,2,2,18,14
3980,B0,0,19,19,1,0,0,0,0,0,0,0,0,0,1,0,1,4,62,76
3980,B1,3,2,1,3,0,0,2,0,0,0,0,0,0,1,0,2,17,117,33
3980,B2,10,0,2,19,0,0,0,0,0,1,0,0,0,1,0,1,2,10,2
3980,C1,20,3,6,0,0,0,0,0,0,0,0,0,0,1,0,2,1,13,2
3990,A1,1,20,0,6,0,0,0,0,0,0,0,0,0,1,0,2,2,18,14
3990,B0,0,19,20,1,0,0,0,0,0,0,0,0,0,1,0,1,4,62,76
3990,B1,2,1,1,2,0,0,1,0,0,0,0,0,0,1,0,2,17,137,33
3990,B2,10,0,2,20,0,0,0,0,0,1,0,0,0,1,0,1,2,10,2
3990,C1,20,2,8,0,0,0,0,0,0,0,0,0,0,1,0,2,1,13,2
4000,A1,5,19,0,6,0,0,0,0,0,0,0,0,0,1,0,2,2,18,14
4000,B0,0,19,20,4,0,0,0,0,0,0,0,0,0,1,0,1,4,62,76
4000,B1,3,1,1,2,0,0,0,0,0,0,0,0,0,1,0,2,17,147,35
4000,B2,10,0,2,20,0,0,0,0,0,0,0,0,0,1,0,1,2,10,2
4000,C1,19,1,7,0,0,0,0,0,0,0,0,0,0,1,0,2,1,13,2
4010,A1,2,20,0,4,0,0,0,0,0,0,0,0,0,0,1,2,2,18,14
4010,B0,0,20,20,2,0,0,0,0,0,0,0,0,0,0,1,1,4,62,76
4010,B1,3,1,1,1,0,0,0,0,0,0,0,0,0,0,1,2,17,147,35
4010,B2,11,0,3,20,0,0,0,0,0,0,0,0,0,0,1,1,2,10,2
4010,C1,20,2,6,0,0,0,0,0,0,0,0,0,0,0,1,2,1,13,2
4020,A1,3,20,0,4,0,0,0,0,0,0,0,0,0,0,1,2,2,18,14
4020,B0,0,20,19,1,0,0,0,0,0,0,0,0,0,0,1,1,4,62,76
4020,B1,3,1,1,1,0,0,0,0,0,0,0,0,0,0,1,2,17,147,35
4020,B2,12,0,2,20,0,0,0,0,0,0,0,0,0,0,1,1,2,10,2
4020,C1,20,3,7,0,0,0,0,0,0,0,0,0,0,0,1,2,1,13,2
4030,A1,6,20,0,6,0,0,0,0,0,0,0,0,0,1,0,2,2,18,14
4030,B0,0,19,19,3,0,0,0,0,0,0,0,0,0,1,0,1,4,62,76
4030,B1,4,2,2,2,0,0,0,0,0,0,0,0,0,1,0,2,17,147,35
4030,B2,12,0,1,20,0,0,0,0,0,0,0,0,0,1,0,1,2,10,2
4030,C1,20,4,8,0,0,0,0,0,0,0,0,0,0,1,0,2,1,13,2
4040,A1,3,20,0,6,0,0,0,0,0,0,0,0,0,1,0,2,2,18,14
4040,B0,0,19,19,3,0,0,0,0,0,0,0,0,0,1,0,1,4,62,76
4040,B1,3,2,2,2,0,0,0,0,0,0,0,0,0,1,0,2,17,147,35
4040,B2,11,0,2,20,0,0,0,0,0,0,0,0,0,1,0,1,2,10,2
4040,C1,20,2,9,0,0,0,0,0,0,0,0,0,0,1,0,2,1,13,2
4050,A1,1,20,0,5,0,0,0,0,0,0,0,0,0,0,1,2,2,18,14
4050,B0,0,20,20,3,0,0,0,0,0,0,0,0,0,0,1,1,4,62,76
4050,B1,1,1,1,2,0,0,0,0,1,0,0,0,0,0,1,1,18,153,35
4050,B2,12,0,2,19,0,0,0,0,0,0,0,0,0,0,1,1,2,10,2
4050,C1,20,2,8,0,0,0,0,0,0,0,0,1,0,0,1,2,1,13,2
4060,A1,2,20,0,4,0,0,0,0,0,0,0,0,0,0,1,2,2,18,14
4060,B0,0,20,20,3,0,0,0,0,0,0,0,0,0,0,1,1,4,62,76
4060,B1,1,2,4,1,0,0,0,0,0,0,0,0,0,0,1,1,18,155,37
4060,B2,13,0,2,19,0,0,0,0,0,0,0,0,0,0,1,1,2,10,2
4060,C1,20,1,8,0,0,0,0,0,0,0,0,0,0,0,1,2,1,13,2
4070,A1,4,20,0,5,0,0,0,0,0,0,0,0,0,0,1,2,2,18,14
4070,B0,0,20,19,1,0,0,0,0,0,0,0,0,0,0,1,1,4,62,76
4070,B1,1,1,1,1,0,0,0,0,0,0,0,0,0,0,1,1,18,155,37
4070,B2,13,0,1,17,0,0,0,0,0,0,0,0,0,0,1,1,2,10,2
4070,C1,20,2,9,0,0,0,0,0,0,0,0,0,0,0,1,2,1,13,2
4080,A1,3,20,0,5,0,0,0,0,0,0,0,0,0,1,0,2,2,18,14
4080,B0,0,19,20,1,0,0,0,0,0,0,0,0,0,1,0,1,4,62,76
4080,B1,3,2,1,1,0,0,0,0,0,0,0,0,0,1,0,2,18,155,37
4080,B2,11,0,3,19,0,0,0,0,0,0,0,0,0,1,0,1,2,10,2
4080,C1,19,1,9,0,0,0,0,0,0,0,0,0,0,1,0,2,1,13,2
4090,A1,1,16,0,7,0,0,0,0,0,0,0,0,0,1,0,2,2,18,14
4090,B0,0,19,20,2,0,0,0,0,0,0,0,0,0,1,0,1,4,62,76
4090,B1,2,1,1,1,0,0,0,0,0,0,0,0,0,1,0,2,18,155,37
4090,B2,11,0,3,19,0,0,0,0,0,0,0,0,0,1,0,1,2,10,2
4090,C1,16,1,9,0,0,0,0,0,0,0,0,0,0,1,0,2,1,13,2
4100,A1,3,17,0,7,0,0,0,0,0,0,0,0,0,0,1,2,2,18,14
4100,B0,0,19,20,4,0,0,0,0,0,0,0,0,0,0,1,1,4,62,76
4100,B1,2,2,1,3,0,0,0,0,0,0,0,0,0,0,1,1,19,159,38
4100,B2,11,0,2,20,0,0,0,0,0,0,0,0,0,0,1,1,2,10,2
4100,C1,16,1,9,0,0,0,0,0,0,0,0,0,0,0,1,2,1,13,2
4110,A1,3,18,0,6,0,0,0,0,0,0,0,0,0,0,1,2,2,18,14
4110,B0,0,20,20,1,0,0,0,0,0,0,0,0,0,0,1,1,4,62,76
4110,B1,2,2,3,4,0,0,0,0,0,0,0,0,0,0,1,1,19,159,38
4110,B2,11,0,4,19,0,0,0,0,0,0,0,0,0,0,1,1,2,10,2
4110,C1,18,4,8,0,0,0,0,0,0,0,0,0,0,0,1,2,1,13,2
4120,A1,3,20,0,6,0,0,0,0,0,0,0,0,0,1,0,2,2,18,14
4120,B0,0,20,20,1,0,0,0,0,0,0,0,0,0,1,0,1,4,62,76
4120,B1,1,2,3,2,0,0,0,0,0,0,0,0,0,1,0,1,19,159,38
4120,B2,11,0,1,19,0,0,0,0,0,0,0,0,0,1,0,1,2,10,2
4120,C1,20,3,11,0,0,0,0,0,0,0,0,0,0,1,0,2,1,13,2
4130,A1,2,19,0,7,0,0,0,0,0,0,0,0,0,1,0,2,2,18,14
4130,B0,0,20,20,2,0,0,0,0,0,0,0,0,0,1,0,1,4,62,76
4130,B1,1,1,3,2,0,0,0,0,0,0,0,0,0,1,0,1,19,159,38
4130,B2,12,0,2,19,0,0,0,0,0,0,0,0,0,1,0,1,2,10,2
4130,C1,18,1,12,0,0,0,0,0,0,0,0,0,0,1,0,2,1,13,2
4140,A1,1,17,0,8,0,0,0,0,0,0,0,0,0,0,1,2,2,18,14
4140,B0,0,20,20,3,0,0,0,0,0,0,0,0,0,0,1,1,4,62,76
4140,B1,3,1,4,2,0,0,0,0,0,0,0,0,0,0,1,1,19,159,38
4140,B2,12,0,3,20,0,0,0,0,0,0,0,0,0,0,1,1,2,10,2
4140,C1,17,2,12,0,0,0,0,0,0,0,0,0,0,0,1,2,1,13,2
4150,A1,1,18,0,6,0,0,0,0,0,0,0,0,0,0,1,2,2,18,14
4150,B0,0,20,18,2,0,0,0,0,0,0,0,0,0,0,1,1,4,62,76
4150,B1,3,2,4,3,0,0,0,0,0,0,0,0,0,0,1,1,19,159,38
4150,B2,13,0,3,19,0,0,0,0,0,0,0,0,0,0,1,1,2,10,2
4150,C1,19,1,12,0,0,0,0,0,0,0,0,0,0,0,1,2,1,13,2
4160,A1,3,19,0,6,0,0,0,0,0,0,0,0,0,0,1,2,2,18,14
4160,B0,0,20,16,3,0,0,0,0,0,0,0,0,0,0,1,1,4,62,76
4160,B1,3,2,4,2,0,0,0,0,0,0,0,0,0,0,1,1,19,159,38
4160,B2,13,0,1,19,0,0,0,0,0,0,0,0,0,0,1,1,2,10,2
4160,C1,20,2,11,0,0,0,0,0,0,0,0,0,0,0,1,2,1,13,2
4170,A1,1,20,0,7,0,0,0,0,0,0,0,0,0,1,0,2,2,18,14
4170,B0,0,20,18,1,0,0,0,0,0,0,0,0,0,1,0,1,4,62,76
4170,B1,2,1,2,2,0,0,0,0,0,0,0,0,0,1,0,1,19,159,38
4170,B2,14,0,3,20,0,0,0,0,0,0,0,0,0,1,0,1,2,10,2
4170,C1,19,6,9,0,0,0,0,0,0,0,0,0,0,1,0,2,1,13,2
4180,A1,1,19,0,6,0,0,0,0,0,0,0,0,0,1,0,2,2,18,14
4180,B0,0,20,20,2,0,0,0,0,0,0,0,0,0,1,0,1,4,62,76
4180,B1,1,1,2,2,0,0,0,0,0,0,0,0,0,1,0,1,19,159,38
4180,B2,15,0,5,20,0,0,0,0,0,0,0,0,0,1,0,1,2,10,2
4180,C1,18,3,10,0,0,0,0,0,0,0,0,0,0,1,0,2,1,13,2
4190,A1,1,19,0,6,0,0,0,0,0,0,0,0,0,0,1,2,2,18,14
4190,B0,0,19,20,1,0,0,0,0,0,0,0,0,0,0,1,1,4,62,76
4190,B1,1,1,1,3,0,0,0,0,0,0,0,0,0,0,1,1,19,159,38
4190,B2,17,0,3,19,0,0,0,0,0,0,0,0,0,0,1,1,2,10,2
4190,C1,18,1,10,0,0,0,0,0,0,0,0,0,0,0,1,2,1,13,2
4200,A1,3,19,0,7,0,0,0,0,0,0,0,0,0,0,1,2,2,18,14
4200,B0,0,19,20,2,0,0,0,0,0,0,0,0,0,0,1,1,4,62,76
4200,B1,1,1,2,6,0,0,0,0,0,0,0,0,0,0,1,1,19,159,38
4200,B2,16,0,1,19,0,0,0,0,0,0,0,0,0,0,1,1,2,10,2
4200,C1,20,1,11,0,0,0,0,0,0,0,0,0,0,0,1,2,1,13,2
4210,A1,1,20,0,8,0,0,0,0,0,0,0,0,0,1,0,2,2,18,14
4210,B0,0,20,18,2,0,0,0,0,0,0,0,0,0,1,0,1,4,62,76
4210,B1,2,2,1,6,0,0,0,0,0,0,0,0,0,1,0,1,19,159,38
4210,B2,15,0,2,19,0,0,0,0,0,0,0,0,0,1,0,1,2,10,2
4210,C1,20,1,11,0,0,0,0,0,0,0,0,0,0,1,0,2,1,13,2
4220,A1,1,17,0,8,0,0,0,0,0,0,0,0,0,1,0,2,2,18,14
4220,B0,0,17,18,2,0,0,0,0,0,0,0,0,0,1,0,1,4,62,76
4220,B1,1,1,1,5,0,0,0,0,0,0,0,0,0,1,0,1,19,159,38
4220,B2,13,0,2,20,0,0,0,0,0,0,0,0,0,1,0,1,2,10,2
4220,C1,19,3,11,0,0,0,0,0,0,0,0,0,0,1,0,2,1,13,2
4230,A1,1,17,0,8,0,0,0,0,0,0,0,0,0,1,0,2,2,18,14
4230,B0,0,18,20,2,0,0,0,0,0,0,0,0,0,1,0,1,4,62,76
4230,B1,1,1,1,5,0,0,0,0,0,0,0,0,0,1,0,1,19,159,38
4230,B2,12,0,3,20,0,0,0,0,0,0,0,0,0,1,0,1,2,10,2
4230,C1,15,3,11,0,0,0,0,0,0,0,0,0,0,1,0,2,1,13,2
4240,A1,1,19,0,8,0,0,0,0,0,0,0,0,0,0,1,2,2,18,14
4240,B0,0,17,20,2,0,0,0,0,0,0,0,0,0,0,1,1,4,62,76
4240,B1,1,1,2,7,0,0,0,0,0,0,0,0,0,0,1,1,19,159,38
4240,B2,11,0,4,20,0,0,0,0,0,0,0,0,0,0,1,1,2,10,2
4240,C1,16,1,10,0,0,0,0,0,0,0,0,0,0,0,1,2,1,13,2
4250,A1,1,20,0,7,0,0,0,0,0,0,0,0,0,0,1,2,2,18,14
4250,B0,0,19,20,3,0,0,0,0,0,0,0,0,0,0,1,1,4,62,76
4250,B1,1,1,1,10,0,0,0,0,0,0,0,0,0,0,1,1,19,159,38
4250,B2,12,0,5,20,0,0,0,0,0,0,0,0,0,0,1,1,2,10,2
4250,C1,19,2,9,0,0,0,0,0,0,0,0,0,0,0,1,2,1,13,2
4260,A1,1,19,0,9,0,0,0,0,0,0,0,0,0,1,0,2,2,18,14
4260,B0,0,20,21,4,0,0,0,0,0,0,0,0,0,1,0,1,4,62,76
4260,B1,2,1,1,9,0,0,0,0,0,0,0,0,0,1,0,1,19,159,38
4260,B2,12,0,5,21,0,0,0,0,0,0,0,0,0,1,0,1,2,10,2
4260,C1,20,4,10,0,0,0,0,0,0,0,0,0,0,1,0,2,1,13,2
4270,A1,1,19,0,10,0,0,0,0,0,0,0,0,0,1,0,2,2,18,14
4270,B0,0,19,20,4,0,0,0,0,0,0,0,0,0,1,0,1,4,62,76
4270,B1,1,1,1,9,0,0,0,0,0,0,0,0,0,1,0,1,19,159,38
4270,B2,12,0,4,20,0,0,0,0,0,0,0,0,0,1,0,1,2,10,2
4270,C1,20,3,9,0,0,0,0,0,0,0,0,0,0,1,0,2,1,13,2
4280,A1,2,19,0,10,0,0,0,0,0,0,0,0,0,0,1,2,2,18,14
4280,B0,0,19,20,3,0,0,0,0,0,0,0,0,0,0,1,1,4,62,76
4280,B1,1,1,1,9,0,0,0,0,0,0,0,0,0,0,1,1,19,159,38
4280,B2,11,0,4,20,0,0,0,0,0,0,0,0,0,0,1,1,2,10,2
4280,C1,20,2,10,0,0,0,0,0,0,0,0,0,0,0,1,2,1,13,2
4290,A1,3,19,0,9,0,0,0,0,0,0,0,0,0,0,1,2,2,18,14
4290,B0,0,19,19,4,0,0,0,0,0,0,0,0,0,0,1,1,4,62,76
4290,B1,1,1,1,8,0,0,0,0,0,0,0,0,0,0,1,1,19,159,38
4290,B2,11,0,1,20,0,0,0,0,0,0,0,0,0,0,1,1,2,10,2
4290,C1,20,2,10,0,0,0,0,0,0,0,0,0,0,0,1,2,1,13,2
4300,A1,3,20,0,10,0,0,0,0,0,0,0,0,0,0,1,2,2,18,14
4300,B0,0,20,16,3,0,0,0,0,0,0,0,0,0,0,1,1,4,62,76
4300,B1,1,2,1,7,0,0,0,0,0,0,0,0,0,0,1,1,19,159,38
4300,B2,11,0,1,18,0,0,0,0,0,0,0,0,0,0,1,1,2,10,2
4300,C1,20,2,10,0,0,0,0,0,0,0,0,0,0,0,1,2,1,13,2
4310,A1,1,20,0,10,0,0,0,0,0,0,0,0,0,1,0,2,2,18,14
4310,B0,0,18,17,4,0,0,0,0,0,0,0,0,0,1,0,1,4,62,76
4310,B1,1,3,1,7,0,0,0,0,0,0,0,0,0,1,0,1,19,159,38
4310,B2,11,0,2,18,0,0,0,0,0,0,0,0,0,1,0,1,2,10,2
4310,C1,18,1,11,0,0,0,0,0,0,0,0,0,0,1,0,2,1,13,2
4320,A1,3,20,0,11,0,0,0,0,0,0,0,0,0,1,0,2,2,18,14
4320,B0,0,17,19,5,0,0,0,0,0,0,0,0,0,1,0,1,4,62,76
4320,B1,5,1,1,7,0,0,0,0,0,0,0,0,0,1,0,1,19,159,38
4320,B2,9,0,2,20,0,0,0,0,0,0,0,0,0,1,0,1,2,10,2
4320,C1,14,1,11,0,0,0,0,0,0,0,0,0,0,1,0,2,1,13,2
4330,A1,1,20,0,9,0,0,0,0,0,0,0,0,0,0,1,2,2,18,14
4330,B0,0,19,18,4,0,0,0,0,0,0,0,0,0,0,1,1,4,62,76
4330,B1,4,1,1,8,0,0,0,0,0,0,0,0,0,0,1,1,19,159,38
4330,B2,10,0,1,19,0,0,0,0,0,0,0,0,0,0,1,1,2,10,2
4330,C1,15,1,11,0,0,0,0,0,0,0,0,0,0,0,1,2,1,13,2
4340,A1,3,20,0,9,0,0,0,0,0,0,0,0,0,0,1,2,2,18,14
4340,B0,0,20,18,1,0,0,0,0,0,0,0,0,0,0,1,1,4,62,76
4340,B1,4,1,1,9,0,0,0,0,0,0,0,0,0,0,1,1,19,159,38
4340,B2,10,0,2,19,0,0,0,0,0,0,0,0,0,0,1,1,2,10,2
4340,C1,18,4,10,0,0,0,0,0,0,0,0,0,0,0,1,2,1,13,2
4350,A1,3,20,0,9,0,0,0,0,0,0,0,0,0,1,0,2,2,18,14
4350,B0,0,19,18,1,0,0,0,0,0,0,0,0,0,1,0,1,4,62,76
4350,B1,5,1,1,8,0,0,0,0,0,0,0,0,0,1,0,1,19,159,38
4350,B2,9,0,5,18,0,0,0,0,0,0,0,0,0,1,0,1,2,10,2
4350,C1,20,3,10,0,0,0,0,0,0,0,0,0,0,1,0,2,1,13,2
4360,A1,1,20,0,9,0,0,0,0,0,0,0,0,0,1,0,2,2,18,14
4360,B0,0,18,20,1,0,0,0,0,0,0,0,0,0,1,0,1,4,62,76
4360,B1,4,1,1,8,0,0,0,0,0,0,0,0,0,1,0,1,19,159,38
4360,B2,10,0,1,19,0,0,0,0,0,0,0,0,0,1,0,1,2,10,2
4360,C1,20,3,10,0,0,0,0,0,0,0,0,0,0,1,0,2,1,13,2
4370,A1,1,20,0,9,0,0,0,0,0,0,0,0,0,0,1,2,2,18,14
4370,B0,0,18,20,1,0,0,0,0,0,0,0,0,0,0,1,1,4,62,76
4370,B1,4,3,2,8,0,0,0,0,0,0,0,0,0,0,1,1,19,159,38
4370,B2,10,0,2,20,0,0,0,0,0,0,0,0,0,0,1,1,2,10,2
4370,C1,20,1,10,0,0,0,0,0,0,0,0,0,0,0,1,2,1,13,2
4380,A1,1,20,0,9,0,0,0,0,0,0,0,0,0,0,1,2,2,18,14
4380,B0,0,19,17,2,0,0,0,0,0,0,0,0,0,0,1,1,4,62,76
4380,B1,4,3,2,7,0,0,0,0,0,0,0,0,0,0,1,1,19,159,38
4380,B2,13,0,1,20,0,0,0,0,0,0,0,0,0,0,1,1,2,10,2
4380,C1,20,1,10,0,0,0,0,0,0,0,0,0,0,0,1,2,1,13,2
4390,A1,2,20,0,10,0,0,0,0,0,0,0,0,0,0,1,2,2,18,14
4390,B0,0,20,15,1,0,0,0,0,0,0,0,0,0,0,1,1,4,62,76
4390,B1,4,3,1,7,0,0,0,0,0,0,0,0,0,0,1,2,19,159,38
4390,B2,13,0,1,18,0,0,0,0,0,0,0,0,0,0,1,1,2,10,2
4390,C1,20,2,11,0,0,0,0,0,0,0,0,0,0,0,1,2,1,13,2
4400,A1,5,19,0,11,0,0,0,0,0,0,0,0,0,1,0,2,2,18,14
4400,B0,0,20,17,1,0,0,0,0,0,0,0,0,0,1,0,1,4,62,76
4400,B1,6,2,1,6,0,0,0,0,0,0,0,0,0,1,0,2,20,162,41
4400,B2,12,0,1,18,0,0,0,0,0,0,0,0,0,1,0,1,2,10,2
4400,C1,20,1,10,0,0,0,0,0,0,0,0,0,0,1,0,2,1,13,2
4410,A1,2,17,0,12,0,0,0,0,0,0,0,0,0,1,0,2,2,18,14
4410,B0,0,20,19,2,0,0,0,0,0,0,0,0,0,1,0,1,4,62,76
4410,B1,7,4,1,6,0,0,0,0,0,0,0,0,0,1,0,2,20,162,41
4410,B2,12,0,3,19,0,0,0,0,0,0,0,0,0,1,0,1,2,10,2
4410,C1,18,2,11,0,0,0,0,0,0,0,0,0,0,1,0,2,1,13,2
4420,A1,1,17,0,14,0,0,0,0,0,0,0,0,0,0,1,2,2,18,14
4420,B0,0,19,20,1,0,0,0,0,0,0,0,0,0,0,1,1,4,62,76
4420,B1,5,3,2,4,0,0,0,0,0,0,0,0,0,0,1,2,20,162,41
4420,B2,14,0,2,20,0,0,0,0,0,0,0,0,0,0,1,1,2,10,2
4420,C1,17,1,9,0,0,0,0,0,0,0,0,0,0,0,1,2,1,13,2
4430,A1,2,18,0,12,0,0,0,0,0,0,0,0,0,0,1,2,2,18,14
4430,B0,0,19,19,2,0,0,0,0,0,0,0,0,0,0,1,1,4,62,76
4430,B1,5,3,1,4,0,0,0,0,0,0,0,0,0,0,1,2,20,162,41
4430,B2,13,0,1,20,0,0,0,0,0,0,0,0,0,0,1,1,2,10,2
4430,C1,18,1,9,0,0,0,0,0,0,0,0,0,0,0,1,2,1,13,2
4440,A1,2,20,0,10,0,0,0,0,0,0,0,0,0,1,0,2,2,18,14
4440,B0,0,19,18,2,0,0,0,0,0,0,0,0,0,1,0,1,4,62,76
4440,B1,6,3,2,3,0,0,0,0,0,0,0,0,0,1,0,2,20,162,41
4440,B2,13,0,2,20,0,0,0,0,0,0,0,0,0,1,0,1,2,10,2
4440,C1,19,2,10,0,0,0,0,0,0,0,0,0,0,1,0,2,1,13,2
4450,A1,3,20,0,10,0,0,0,0,0,0,0,0,0,1,0,2,2,18,14
4450,B0,0,17,19,4,0,0,0,0,0,0,0,0,0,1,0,1,4,62,76
4450,B1,3,4,2,3,0,0,0,0,0,0,0,0,0,1,0,2,20,162,41
4450,B2,13,0,3,20,0,0,0,0,0,0,0,0,0,1,0,1,2,10,2
4450,C1,18,2,10,0,0,0,0,0,0,0,0,0,0,1,0,2,1,13,2
4460,A1,2,19,0,10,0,0,0,0,0,0,0,0,0,1,0,2,2,18,14
4460,B0,0,17,20,6,0,0,0,0,0,0,0,0,0,1,0,1,4,62,76
4460,B1,1,3,2,3,0,0,0,0,0,0,0,0,0,1,0,1,20,162,41
4460,B2,12,0,3,20,0,0,0,0,0,0,0,0,0,1,0,1,2,10,2
4460,C1,18,1,10,0,0,0,0,0,0,0,0,0,0,1,0,2,1,13,2
4470,A1,1,19,0,11,0,0,0,0,0,0,0,0,0,0,1,2,2,18,14
4470,B0,0,18,17,4,0,0,0,0,0,0,0,0,0,0,1,1,5,64,77
4470,B1,1,2,2,1,0,0,0,0,0,0,0,0,0,0,1,1,21,163,43
4470,B2,14,0,2,20,0,0,0,0,0,0,0,0,0,0,1,1,2,10,2
4470,C1,19,2,8,0,0,0,0,0,0,0,0,0,0,0,1,2,1,13,2
4480,A1,1,20,0,11,0,0,0,0,0,0,0,0,0,0,1,2,2,18,14
4480,B0,0,20,17,1,0,0,0,0,0,0,0,0,0,0,1,1,5,64,77
4480,B1,1,2,2,1,0,0,0,0,0,0,0,0,0,0,1,1,21,163,43
4480,B2,14,0,1,20,0,0,0,0,0,0,0,0,0,0,1,1,2,10,2
4480,C1,20,1,8,0,0,0,0,0,0,0,0,0,0,0,1,2,1,13,2
4490,A1,3,20,0,13,0,0,0,0,0,0,0,0,0,1,0,2,2,18,14
4490,B0,0,20,19,1,0,0,0,0,0,0,0,0,0,1,0,1,5,64,77
4490,B1,3,1,2,1,0,0,0,0,0,0,0,0,0,1,0,2,21,163,43
4490,B2,14,0,1,20,0,0,0,0,0,0,0,0,0,1,0,1,2,10,2
4490,C1,20,3,8,0,0,0,0,0,0,0,0,0,0,1,0,2,1,13,2
4500,A1,1,16,0,12,0,0,0,0,0,0,0,0,0,1,0,2,2,18,14
4500,B0,0,20,20,2,0,0,0,0,0,0,0,0,0,1,0,1,5,64,77
4500,B1,2,1,2,1,0,0,0,0,0,0,0,0,0,1,0,1,21,163,43
4500,B2,15,0,2,20,0,0,0,0,0,0,0,0,0,1,0,1,2,10,2
4500,C1,19,3,9,0,0,0,0,0,0,0,0,0,0,1,0,2,1,13,2
4510,A1,4,16,0,11,0,0,0,0,0,0,0,0,0,0,1,2,2,18,14
4510,B0,0,20,20,1,0,0,0,0,0,0,0,0,0,0,1,1,5,64,77
4510,B1,1,1,3,1,0,0,0,0,0,0,0,0,0,0,1,1,22,167,44
4510,B2,15,0,2,20,0,0,0,0,0,0,0,0,0,0,1,1,2,10,2
4510,C1,19,3,11,0,0,0,0,0,0,0,0,0,0,0,1,2,1,13,2
4520,A1,1,17,0,12,0,0,0,0,0,0,0,0,0,0,1,2,2,18,14
4520,B0,0,20,19,1,0,0,0,0,0,0,0,0,0,0,1,1,5,64,77
4520,B1,1,1,5,2,0,0,0,0,0,0,0,0,0,0,1,1,22,167,44
4520,B2,15,0,1,20,0,0,0,0,0,0,0,0,0,0,1,1,2,10,2
4520,C1,19,5,8,0,0,0,0,0,0,0,0,0,0,0,1,2,1,13,2
4530,A1,1,20,0,11,0,0,0,0,0,0,0,0,0,0,1,2,2,18,14
4530,B0,0,20,19,1,0,0,0,0,0,0,0,0,0,0,1,1,5,64,77
4530,B1,1,1,4,1,0,0,0,0,0,0,0,0,0,0,1,1,22,167,44
4530,B2,15,0,2,18,0,0,0,0,0,0,0,0,0,0,1,1,2,10,2
4530,C1,20,5,9,0,0,0,0,0,0,0,0,0,0,0,1,2,1,13,2
4540,A1,1,18,0,12,0,0,0,0,0,0,0,0,0,1,0,2,2,18,14
4540,B0,0,18,20,1,0,0,0,0,0,0,0,0,0,1,0,1,5,64,77
4540,B1,1,1,4,1,0,0,0,0,0,0,0,0,0,1,0,1,22,167,44
4540,B2,12,0,1,18,0,0,0,0,0,0,0,0,0,1,0,1,2,10,2
4540,C1,20,3,9,0,0,0,0,0,0,0,0,0,0,1,0,2,1,13,2
4550,A1,1,18,0,12,0,0,0,0,0,0,0,0,0,1,0,2,2,18,14
4550,B0,0,18,20,1,0,0,0,0,0,0,0,0,0,1,0,1,5,64,77
4550,B1,1,1,3,1,0,0,0,0,0,0,0,0,0,1,0,1,22,167,44
4550,B2,12,0,2,19,0,0,0,0,0,0,0,0,0,1,0,1,2,10,2
4550,C1,20,1,10,0,0,0,0,0,0,0,0,0,0,1,0,2,1,13,2
4560,A1,2,19,0,10,0,0,0,0,0,0,0,0,0,0,1,2,2,18,14
4560,B0,0,19,20,2,0,0,0,0,0,0,0,0,0,0,1,1,5,64,77
4560,B1,1,1,3,1,0,0,0,0,0,0,0,0,0,0,1,1,22,167,44
4560,B2,12,0,2,20,0,0,0,0,0,0,0,0,0,0,1,1,2,10,2
4560,C1,20,2,11,0,0,0,0,0,0,0,0,0,0,0,1,2,1,13,2
4570,A1,4,20,0,10,0,0,0,0,0,0,0,0,0,0,1,2,2,18,14
4570,B0,0,19,20,2,0,0,0,0,0,0,0,0,0,0,1,1,5,64,77
4570,B1,1,1,1,5,0,0,0,0,0,0,0,0,0,0,1,1,22,167,44
4570,B2,14,0,1,18,0,0,0,0,0,0,0,0,0,0,1,1,2,10,2
4570,C1,20,3,11,0,0,0,0,0,0,0,0,0,0,0,1,2,1,13,2
4580,A1,1,20,0,10,0,0,0,0,0,0,0,0,0,1,0,2,2,18,14
4580,B0,0,20,20,2,0,0,0,0,0,0,0,0,0,1,0,1,5,64,77
4580,B1,1,1,1,1,0,0,0,0,0,0,0,0,0,1,0,1,23,171,45
4580,B2,14,0,1,17,0,0,0,0,0,0,0,0,0,1,0,1,2,10,2
4580,C1,20,5,11,0,0,0,0,0,0,0,0,0,0,1,0,2,1,13,2
4590,A1,1,18,0,10,0,0,0,0,0,0,0,0,0,1,0,2,2,18,14
4590,B0,0,20,20,2,0,0,0,0,0,0,0,0,0,1,0,1,5,64,77
4590,B1,1,2,1,2,0,0,0,0,0,0,0,0,0,1,0,1,23,171,45
4590,B2,14,0,1,18,0,0,0,0,0,0,0,0,0,1,0,1,2,10,2
4590,C1,20,1,13,0,0,0,0,0,0,0,0,0,0,1,0,2,1,13,2
4600,A1,1,16,0,10,0,0,0,0,0,0,0,0,0,0,1,2,2,18,14
4600,B0,0,20,20,3,0,0,0,0,0,0,0,0,0,0,1,1,5,64,77
4600,B1,1,2,1,3,0,0,0,0,0,0,0,0,0,0,1,1,23,171,45
4600,B2,14,0,1,20,0,0,0,0,0,0,0,0,0,0,1,1,2,10,2
4600,C1,19,6,12,0,0,0,0,0,0,0,0,0,0,0,1,2,1,13,2
4610,A1,2,17,0,9,0,0,0,0,0,0,0,0,0,0,1,2,2,18,14
4610,B0,0,20,20,2,0,0,0,0,0,0,0,0,0,0,1,1,5,64,77
4610,B1,1,2,1,2,0,0,0,0,0,0,0,0,0,0,1,1,23,171,45
4610,B2,15,0,3,20,0,0,0,0,0,0,0,0,0,0,1,1,2,10,2
4610,C1,20,2,12,0,0,0,0,0,0,0,0,0,0,0,1,2,1,13,2
4620,A1,1,19,0,9,0,0,0,0,0,0,0,0,0,0,1,2,2,18,14
4620,B0,0,20,19,2,0,0,0,0,0,0,0,0,0,0,1,1,5,64,77
4620,B1,1,1,1,1,0,0,0,0,0,0,0,0,0,0,1,1,23,171,45
4620,B2,15,0,1,18,0,0,0,0,0,0,0,0,0,0,1,1,2,10,2
4620,C1,20,3,12,0,0,0,0,0,0,0,0,0,0,0,1,2,1,13,2
4630,A1,1,20,0,10,0,0,0,0,0,0,0,0,0,1,0,2,2,18,14
4630,B0,0,19,18,2,0,0,0,0,0,0,0,0,0,1,0,1,5,64,77
4630,B1,1,1,1,1,0,0,0,0,0,0,0,0,0,1,0,1,23,171,45
4630,B2,12,0,2,19,0,0,0,0,0,0,0,0,0,1,0,1,2,10,2
4630,C1,20,4,13,0,0,0,0,0,0,0,0,0,0,1,0,2,1,13,2
4640,A1,2,19,0,10,0,0,0,0,0,0,0,0,0,1,0,2,2,18,14
4640,B0,0,19,19,3,0,0,0,0,0,0,0,0,0,1,0,1,5,64,77
4640,B1,1,2,1,1,0,0,0,0,0,0,0,0,0,1,0,2,23,171,45
4640,B2,11,0,1,19,0,0,0,0,0,0,0,0,0,1,0,1,2,10,2
4640,C1,20,1,13,0,0,0,0,0,0,0,0,0,0,1,0,2,1,13,2
4650,A1,2,18,0,11,0,0,0,0,0,0,0,0,0,0,1,2,2,18,14
4650,B0,0,20,20,3,0,0,0,0,0,0,0,0,0,0,1,1,5,64,77
4650,B1,3,2,1,1,0,0,0,0,0,0,0,0,0,0,1,2,23,171,45
4650,B2,11,0,1,19,0,0,0,0,0,0,0,0,0,0,1,1,2,10,2
4650,C1,20,2,13,0,0,0,0,0,0,0,0,0,0,0,1,2,1,13,2
4660,A1,2,19,0,10,0,0,0,0,0,0,0,0,0,0,1,2,2,18,14
4660,B0,0,20,20,2,0,0,0,0,0,0,0,0,0,0,1,1,5,64,77
4660,B1,1,2,1,1,0,0,0,0,0,0,0,0,0,0,1,2,23,171,45
4660,B2,11,0,2,18,0,0,0,0,0,0,0,0,0,0,1,1,2,10,2
4660,C1,20,1,12,0,0,0,0,0,0,0,0,0,0,0,1,2,1,13,2
4670,A1,3,20,0,11,0,0,0,0,0,0,0,0,0,1,0,2,2,18,14
4670,B0,0,20,20,3,0,0,0,0,0,0,0,0,0,1,0,1,5,64,77
4670,B1,2,2,1,1,0,0,0,0,0,0,0,0,0,1,0,2,23,171,45
4670,B2,11,0,2,17,0,0,0,0,0,0,0,0,0,1,0,1,2,10,2
4670,C1,19,1,12,0,0,0,0,0,0,0,0,0,0,1,0,2,1,13,2
4680,A1,2,20,0,11,0,0,0,0,0,0,0,0,0,1,0,2,2,18,14
4680,B0,0,20,20,4,0,0,0,0,0,0,0,0,0,1,0,1,5,64,77
4680,B1,2,2,1,1,0,0,0,0,0,0,0,0,0,1,0,2,23,171,45
4680,B2,9,0,1,19,0,0,0,0,0,0,0,0,0,1,0,1,2,10,2
4680,C1,19,3,12,0,0,0,0,0,0,0,0,0,0,1,0,2,1,13,2
4690,A1,1,19,0,11,0,0,0,0,0,0,0,0,0,1,0,2,2,18,14
4690,B0,0,20,20,5,0,0,0,0,0,0,0,0,0,1,0,1,5,64,77
4690,B1,2,1,2,1,0,0,0,0,0,0,0,0,0,1,0,1,23,171,45
4690,B2,10,0,1,20,0,0,0,0,0,0,0,0,0,1,0,1,2,10,2
4690,C1,20,1,12,0,0,0,0,0,0,0,0,0,0,1,0,2,1,13,2
4700,A1,2,20,0,11,0,0,0,0,0,0,0,0,0,0,1,2,2,18,14
4700,B0,0,20,20,3,0,0,0,0,0,0,0,0,0,0,1,1,5,64,77
4700,B1,3,1,2,1,0,0,0,0,0,0,0,0,0,0,1,2,24,179,46
4700,B2,11,0,1,20,0,0,0,0,0,0,0,0,0,0,1,1,2,10,2
4700,C1,20,1,9,0,0,0,0,0,0,0,0,0,0,0,1,2,1,13,2
4710,A1,3,20,0,12,0,0,0,0,0,0,0,0,0,0,1,2,2,18,14
4710,B0,0,20,20,1,0,0,0,0,0,0,0,0,0,0,1,1,5,64,77
4710,B1,3,1,1,2,0,0,0,0,0,0,0,0,0,0,1,2,24,179,46
4710,B2,13,0,2,19,0,0,0,0,0,0,0,0,0,0,1,1,2,10,2
4710,C1,20,2,8,0,0,0,0,0,0,0,0,0,0,0,1,2,1,13,2
4720,A1,2,20,0,14,0,0,0,0,0,0,0,0,0,1,0,2,2,18,14
4720,B0,0,20,20,1,0,0,0,0,0,0,0,0,0,1,0,1,5,64,77
4720,B1,4,1,1,1,0,0,0,0,0,0,0,0,0,1,0,2,24,179,46
4720,B2,12,0,2,19,0,0,0,0,0,0,0,0,0,1,0,1,2,10,2
4720,C1,20,2,8,0,0,0,0,0,0,0,0,0,0,1,0,2,1,13,2
4730,A1,1,19,0,14,0,0,0,0,0,0,0,0,0,1,0,2,2,18,14
4730,B0,0,20,20,1,0,0,0,0,0,0,0,0,0,1,0,1,5,64,77
4730,B1,1,1,1,1,0,0,0,0,0,0,0,0,0,1,0,1,24,179,46
4730,B2,11,0,4,19,0,0,0,0,0,0,0,0,0,1,0,1,2,10,2
4730,C1,18,1,8,0,0,0,0,0,0,0,0,0,0,1,0,2,1,13,2
4740,A1,1,20,0,14,0,0,0,0,0,0,0,0,0,0,1,2,2,18,14
4740,B0,0,20,20,2,0,0,0,0,0,0,0,0,0,0,1,1,5,64,77
4740,B1,2,1,2,2,0,0,0,0,0,0,0,0,0,0,1,1,24,179,46
4740,B2,11,0,6,20,0,0,0,0,0,0,0,0,0,0,1,1,2,10,2
4740,C1,17,1,8,0,0,0,0,0,0,0,0,0,0,0,1,2,1,13,2
4750,A1,1,20,0,13,0,0,0,0,0,0,0,0,0,0,1,2,2,18,14
4750,B0,0,20,20,1,0,0,0,0,0,0,0,0,0,0,1,1,5,64,77
4750,B1,2,1,1,1,0,0,0,0,0,0,0,0,0,0,1,2,24,179,46
4750,B2,11,0,3,20,0,0,0,0,0,0,0,0,0,0,1,1,2,10,2
4750,C1,18,1,8,0,0,0,0,0,0,0,0,0,0,0,1,2,1,13,2
4760,A1,1,20,0,12,0,0,0,0,0,0,0,0,0,0,1,2,2,18,14
4760,B0,0,20,20,3,0,0,0,0,0,0,0,0,0,0,1,1,5,64,77
4760,B1,2,1,1,2,0,0,0,0,0,0,0,0,0,0,1,1,24,179,46
4760,B2,11,0,1,20,0,0,0,0,0,0,0,0,0,0,1,1,2,10,2
4760,C1,20,2,8,0,0,0,0,0,0,0,0,0,0,0,1,2,1,13,2
4770,A1,1,20,0,12,0,0,0,0,0,0,0,0,0,1,0,2,2,18,14
4770,B0,0,20,20,1,0,0,0,0,0,0,1,0,0,1,0,1,5,64,77
4770,B1,1,2,1,1,0,1,0,0,0,0,0,0,0,1,0,2,25,199,46
4770,B2,9,0,1,20,0,0,0,0,0,0,0,0,0,1,0,1,2,10,2
4770,C1,20,1,8,0,0,0,0,0,0,0,0,0,0,1,0,2,1,13,2
4780,A1,1,20,0,12,0,0,0,0,0,0,0,0,0,1,0,2,2,18,14
4780,B0,0,20,20,3,0,0,0,0,0,0,1,0,0,1,0,1,5,64,77
4780,B1,1,1,1,1,0,1,0,0,0,0,0,0,0,1,0,2,25,219,46
4780,B2,9,0,1,20,0,0,0,0,0,0,0,0,0,1,0,1,2,10,2
4780,C1,19,1,8,0,0,0,0,0,0,0,0,0,0,1,0,2,1,13,2
4790,A1,1,20,0,12,0,0,0,0,0,0,0,0,0,0,1,2,2,18,14
4790,B0,0,20,20,1,0,0,0,0,0,0,1,0,0,0,1,1,5,64,77
4790,B1,1,1,1,1,0,1,0,0,0,0,0,0,0,0,1,2,25,239,46
4790,B2,10,0,3,20,0,0,0,0,0,0,0,0,0,0,1,1,2,10,2
4790,C1,18,1,9,0,0,0,0,0,0,0,0,0,0,0,1,2,1,13,2
4800,A1,1,20,0,12,0,0,0,0,0,0,0,0,0,0,1,2,2,18,14
4800,B0,0,20,20,1,0,0,0,0,0,0,1,0,0,0,1,1,5,64,77
4800,B1,1,1,1,1,0,1,0,0,0,0,0,0,0,0,1,2,25,259,46
4800,B2,10,0,2,20,0,0,0,0,0,0,0,0,0,0,1,1,2,10,2
4800,C1,19,3,9,0,0,0,0,0,0,0,0,0,0,0,1,2,1,13,2
4810,A1,1,20,0,13,0,0,0,0,0,0,0,0,0,1,0,2,2,18,14
4810,B0,0,20,20,1,0,0,0,0,0,0,1,0,0,1,0,1,5,64,77
4810,B1,1,1,1,1,0,1,0,0,0,0,1,0,0,1,0,1,25,279,46
4810,B2,11,0,3,20,0,10,0,0,0,0,0,0,0,1,0,2,3,17,2
4810,C1,20,3,9,0,0,0,0,0,0,0,0,0,0,1,0,2,1,13,2
4820,A1,1,20,0,13,0,0,0,0,0,0,0,0,0,1,0,2,2,18,14
4820,B0,0,19,20,3,0,0,0,0,0,0,1,0,0,1,0,1,5,64,77
4820,B1,1,1,1,1,0,1,0,0,0,0,1,0,0,1,0,1,25,299,46
4820,B2,13,0,1,20,0,10,0,0,0,0,0,0,0,1,0,2,3,37,2
4820,C1,20,1,9,0,0,0,0,0,0,0,0,0,0,1,0,2,1,13,2
4830,A1,5,20,0,13,0,0,0,0,13,0,0,0,0,0,1,1,3,19,14
4830,B0,0,19,20,1,0,0,0,0,0,0,1,0,0,0,1,1,5,64,77
4830,B1,1,1,1,1,0,1,0,0,0,0,1,1,0,0,1,2,25,319,46
4830,B2,13,0,2,20,0,11,0,0,0,0,0,0,0,0,1,2,3,57,2
4830,C1,19,1,10,0,0,0,0,0,0,0,0,0,0,0,1,2,1,13,2
4840,A1,2,20,0,15,0,0,0,0,13,0,0,0,0,0,1,1,3,39,14
4840,B0,0,20,20,2,0,0,0,0,0,0,1,0,0,0,1,1,5,64,77
4840,B1,1,1,2,3,0,1,0,0,0,0,1,1,0,0,1,1,25,339,46
4840,B2,13,0,3,19,0,11,0,0,0,0,0,0,0,0,1,2,3,77,2
4840,C1,20,2,10,0,0,0,0,0,0,0,0,0,0,0,1,2,1,13,2
4850,A1,6,20,0,15,0,0,0,0,13,0,0,0,0,0,1,1,3,59,14
4850,B0,0,20,20,1,0,0,0,0,0,0,0,0,0,0,1,1,5,64,77
4850,B1,1,1,1,2,0,0,0,0,0,0,1,1,0,0,1,1,25,357,48
4850,B2,13,0,1,18,0,11,0,0,0,0,0,0,0,0,1,2,3,97,2
4850,C1,20,3,9,0,0,0,0,0,0,0,0,0,0,0,1,2,1,13,2
4860,A1,4,20,0,16,0,0,0,0,0,0,0,0,0,1,0,2,3,75,27
4860,B0,0,18,20,2,0,0,0,0,0,0,0,0,0,1,0,1,5,64,77
4860,B1,2,2,1,2,0,0,0,0,0,0,1,0,0,1,0,1,25,357,48
4860,B2,12,0,1,18,0,12,0,0,0,0,0,0,0,1,0,2,3,117,2
4860,C1,20,2,9,0,0,0,0,0,0,0,0,0,0,1,0,2,1,13,2
4870,A1,1,20,0,18,0,0,0,0,0,0,0,0,0,1,0,2,3,75,27
4870,B0,0,19,20,2,0,0,0,0,0,0,0,0,0,1,0,1,5,64,77
4870,B1,1,1,1,2,0,0,0,0,0,0,1,0,0,1,0,1,25,357,48
4870,B2,12,0,1,19,0,12,0,0,0,0,0,0,0,1,0,2,3,137,2
4870,C1,19,1,9,0,0,0,0,0,0,0,0,0,0,1,0,2,1,13,2
4880,A1,2,20,0,18,0,0,0,0,0,0,0,0,0,0,1,2,3,75,27
4880,B0,0,19,20,2,0,0,0,0,0,0,0,0,0,0,1,1,5,64,77
4880,B1,1,1,2,2,0,0,0,0,0,0,1,0,0,0,1,1,25,357,48
4880,B2,12,0,1,20,0,12,0,0,0,0,0,0,0,0,1,2,3,157,2
4880,C1,20,2,9,0,0,0,0,0,0,0,0,0,0,0,1,2,1,13,2
4890,A1,3,20,0,19,0,0,0,0,0,0,0,0,0,0,1,2,3,75,27
4890,B0,0,20,20,2,0,0,0,0,0,0,0,0,0,0,1,1,5,64,77
4890,B1,1,1,3,1,0,0,0,0,0,0,1,0,0,0,1,1,25,357,48
4890,B2,13,0,1,19,0,12,0,0,0,0,0,0,0,0,1,2,3,177,2
4890,C1,20,2,10,0,0,0,0,0,0,0,0,0,0,0,1,2,1,13,2
4900,A1,2,20,0,19,0,0,0,0,0,0,0,0,0,1,0,2,3,75,27
4900,B0,0,20,20,1,0,0,0,0,0,0,1,0,0,1,0,1,5,64,77
4900,B1,1,2,1,1,0,1,0,0,0,0,1,0,0,1,0,2,26,361,48
4900,B2,13,0,1,20,0,12,0,0,0,0,0,0,0,1,0,2,3,197,2
4900,C1,20,2,9,0,0,0,0,0,0,0,0,0,0,1,0,2,1,13,2
4910,A1,1,20,0,20,0,0,0,0,0,0,0,0,0,1,0,2,3,75,27
4910,B0,0,19,20,3,0,0,0,0,0,0,0,0,0,1,0,1,5,64,77
4910,B1,1,2,1,1,0,0,0,0,0,0,1,0,0,1,0,1,26,361,49
4910,B2,14,0,1,20,0,12,0,0,0,0,0,0,0,1,0,2,3,217,2
4910,C1,20,1,9,0,0,0,0,0,0,0,0,0,0,1,0,2,1,13,2
4920,A1,1,20,0,20,0,0,0,0,0,0,0,0,0,1,0,2,3,75,27
4920,B0,0,19,20,2,0,0,0,0,0,0,0,0,0,1,0,1,5,64,77
4920,B1,2,1,1,1,0,0,0,0,0,0,0,0,0,1,0,2,26,361,49
4920,B2,14,0,2,20,0,0,0,0,0,0,0,0,0,1,0,1,3,219,15
4920,C1,20,1,10,0,0,0,0,0,0,0,0,0,0,1,0,2,1,13,2
4930,A1,2,20,0,20,0,0,0,0,0,0,0,0,0,0,1,2,3,75,27
4930,B0,0,19,20,1,0,0,0,0,0,0,0,0,0,0,1,1,5,64,77
4930,B1,2,1,1,1,0,0,0,0,0,0,0,0,0,0,1,2,28,368,51
4930,B2,14,0,2,20,0,0,0,0,0,0,0,0,0,0,1,1,3,219,15
4930,C1,20,2,10,0,0,0,0,0,0,0,0,0,0,0,1,2,1,13,2
4940,A1,3,20,0,20,0,0,0,0,0,0,0,0,0,0,1,2,3,75,27
4940,B0,0,20,20,1,0,0,0,0,0,0,0,0,0,0,1,1,5,64,77
4940,B1,2,1,1,1,0,0,0,0,0,0,0,0,0,0,1,2,28,368,51
4940,B2,14,0,2,20,0,0,0,0,0,0,0,0,0,0,1,1,3,219,15
4940,C1,20,1,10,0,0,0,0,0,0,0,0,0,0,0,1,2,1,13,2
4950,A1,2,20,0,20,0,0,0,0,0,0,0,0,0,1,0,2,3,75,27
4950,B0,0,20,19,2,0,0,0,0,0,0,0,0,0,1,0,1,5,64,77
4950,B1,1,2,1,1,0,0,0,0,0,0,0,0,0,1,0,2,28,368,51
4950,B2,15,0,2,20,0,0,0,0,0,0,0,0,0,1,0,1,3,219,15
4950,C1,20,1,10,0,0,0,0,0,0,0,0,0,0,1,0,2,1,13,2
4960,A1,1,20,0,20,0,0,0,0,0,0,0,0,0,1,0,2,3,75,27
4960,B0,0,20,19,2,0,0,0,0,0,0,0,0,0,1,0,1,5,64,77
4960,B1,2,1,1,1,0,0,0,0,0,0,0,0,0,1,0,2,28,368,51
4960,B2,15,0,1,20,0,0,0,0,0,0,0,0,0,1,0,1,3,219,15
4960,C1,20,1,10,0,0,0,0,0,0,0,0,0,0,1,0,2,1,13,2
4970,A1,1,20,0,20,0,0,0,0,0,0,0,0,0,0,1,2,3,75,27
4970,B0,0,20,20,2,0,0,0,0,0,0,0,0,0,0,1,1,5,64,77
4970,B1,1,1,1,1,0,0,0,0,0,0,0,0,0,0,1,1,29,370,52
4970,B2,17,0,2,20,0,0,0,0,0,0,0,0,0,0,1,1,3,219,15
4970,C1,20,1,11,0,0,0,0,0,0,0,0,0,0,0,1,2,1,13,2
4980,A1,2,20,0,20,0,0,0,0,0,0,0,0,0,0,1,2,3,75,27
4980,B0,0,20,20,1,0,0,0,0,0,0,0,0,0,0,1,1,5,64,77
4980,B1,1,1,1,1,0,0,0,0,0,0,0,0,0,0,1,1,29,370,52
4980,B2,17,0,2,20,0,0,0,0,0,0,0,0,0,0,1,1,3,219,15
4980,C1,20,3,10,0,0,0,0,0,0,0,0,0,0,0,1,2,1,13,2
4990,A1,2,20,0,20,0,0,0,0,0,0,0,0,0,0,1,2,3,75,27
4990,B0,0,20,19,1,0,0,0,0,0,0,0,0,0,0,1,1,5,64,77
4990,B1,1,1,1,1,0,0,0,0,0,0,0,0,0,0,1,1,29,370,52
4990,B2,18,0,2,20,0,0,0,0,0,0,0,0,0,0,1,1,3,219,15
4990,C1,20,2,10,0,0,0,0,0,0,0,0,0,0,0,1,2,1,13,2
5000,A1,3,20,0,20,0,0,0,0,0,0,0,0,0,1,0,2,3,75,27
5000,B0,0,19,19,3,0,0,0,0,0,0,0,0,0,1,0,1,5,64,77
5000,B1,1,2,1,1,0,0,0,0,0,0,0,0,0,1,0,2,29,370,52
5000,B2,18,0,1,20,0,0,0,0,0,0,0,0,0,1,0,1,3,219,15
5000,C1,20,2,10,0,0,0,0,0,0,0,0,0,0,1,0,2,1,13,2
5010,A1,1,20,0,20,0,0,0,0,0,0,0,0,0,1,0,2,3,75,27
5010,B0,0,19,20,1,0,0,0,0,0,0,0,0,0,1,0,1,5,64,77
5010,B1,1,1,1,1,0,0,0,0,0,0,0,0,0,1,0,1,29,370,52
5010,B2,18,0,4,20,0,0,0,0,0,0,0,0,0,1,0,1,3,219,15
5010,C1,19,1,11,0,0,0,0,0,0,0,0,0,0,1,0,2,1,13,2
5020,A1,3,20,0,20,0,0,0,0,20,0,0,0,0,0,1,1,4,88,27
5020,B0,0,20,20,2,0,0,0,0,0,0,0,0,0,0,1,1,5,64,77
5020,B1,1,1,1,1,0,0,0,0,0,0,0,1,0,0,1,1,29,370,52
5020,B2,19,0,2,20,0,0,0,0,0,0,0,0,0,0,1,1,3,219,15
5020,C1,19,1,10,0,0,0,0,0,0,0,0,0,0,0,1,2,1,13,2
5030,A1,2,19,0,20,0,0,0,0,20,0,0,0,0,0,1,1,4,108,27
5030,B0,0,20,20,1,0,0,0,0,0,0,0,0,0,0,1,1,5,64,77
5030,B1,1,1,2,2,0,0,0,0,0,0,0,1,0,0,1,1,29,370,52
5030,B2,19,0,1,20,0,0,0,0,0,0,0,0,0,0,1,1,3,219,15
5030,C1,20,1,10,0,0,0,0,0,0,0,0,0,0,0,1,2,1,13,2
5040,A1,1,19,0,20,0,0,0,0,20,0,0,0,0,1,0,1,4,128,27
5040,B0,0,20,20,1,0,0,0,0,0,0,0,0,0,1,0,1,5,64,77
5040,B1,1,2,1,1,0,0,0,0,0,0,0,1,0,1,0,2,29,370,52
5040,B2,19,0,1,20,0,0,0,0,0,0,0,0,0,1,0,1,3,219,15
5040,C1,20,2,10,0,0,0,0,0,0,0,0,0,0,1,0,2,1,13,2
5050,A1,1,16,0,20,0,0,0,0,20,0,0,0,0,1,0,1,4,148,27
5050,B0,0,20,20,4,0,0,0,0,0,0,0,0,0,1,0,1,5,64,77
5050,B1,2,1,1,1,0,0,0,0,0,0,0,1,0,1,0,2,29,370,52
5050,B2,19,0,3,20,0,0,0,0,0,0,0,0,0,1,0,1,3,219,15
5050,C1,20,1,10,0,0,0,0,0,0,0,0,0,0,1,0,2,1,13,2
5060,A1,2,16,0,19,0,0,0,0,19,0,0,0,1,0,1,1,4,168,27
5060,B0,0,20,20,5,0,0,0,0,0,0,0,0,0,0,1,1,5,64,77
5060,B1,1,1,1,1,0,0,0,1,1,0,0,1,1,0,1,2,31,374,52
5060,B2,20,0,1,20,0,0,0,0,0,0,0,0,0,0,1,1,3,219,15
5060,C1,20,1,10,0,0,0,0,10,0,0,0,1,0,0,1,1,2,14,2
5070,A1,3,18,0,17,0,0,0,0,0,0,0,0,0,0,1,2,4,174,47
5070,B0,0,20,20,2,0,0,0,0,0,0,0,0,0,0,1,1,5,64,77
5070,B1,1,1,2,1,0,0,0,0,0,0,0,0,1,0,1,1,31,378,54
5070,B2,20,0,1,20,0,0,0,0,0,0,0,0,0,0,1,1,3,219,15
5070,C1,20,2,10,0,0,0,0,10,0,0,0,0,0,0,1,1,2,34,2
5080,A1,4,20,0,18,0,0,0,0,0,0,0,0,0,0,1,2,4,174,47
5080,B0,0,20,20,1,0,0,0,0,0,0,0,0,0,0,1,1,5,64,77
5080,B1,1,1,2,1,0,0,0,0,0,0,0,0,0,0,1,1,31,378,54
5080,B2,20,0,1,20,0,0,0,0,0,0,0,0,0,0,1,1,3,219,15
5080,C1,20,2,10,0,0,0,0,0,0,0,0,0,0,0,1,2,2,36,12
5090,A1,1,20,0,20,0,0,0,0,0,0,0,0,0,1,0,2,5,175,49
5090,B0,0,20,20,1,0,0,0,0,0,0,0,0,0,1,0,1,5,64,77
5090,B1,2,1,2,1,0,0,0,0,0,0,0,0,0,1,0,1,32,382,55
5090,B2,20,0,2,20,0,0,0,0,0,0,0,0,0,1,0,1,3,219,15
5090,C1,20,1,10,0,0,0,0,0,0,0,0,0,0,1,0,2,2,36,12
5100,A1,1,20,0,20,0,0,0,0,0,0,0,0,0,1,0,2,5,175,49
5100,B0,0,20,20,3,0,0,0,0,0,0,0,0,0,1,0,1,5,64,77
5100,B1,1,1,2,1,0,0,0,0,0,0,0,0,0,1,0,1,32,382,55
5100,B2,20,0,1,20,0,0,0,0,0,0,0,0,0,1,0,1,3,219,15
5100,C1,20,1,10,0,0,0,0,0,0,0,0,0,0,1,0,2,2,36,12
5110,A1,1,20,0,19,0,0,0,0,17,0,0,0,0,0,1,1,6,184,49
5110,B0,0,20,20,1,0,0,0,0,0,0,0,0,0,0,1,1,5,64,77
5110,B1,1,1,1,1,0,0,0,0,0,0,0,1,0,0,1,1,33,384,56
5110,B2,20,0,3,20,0,0,0,0,0,0,0,0,0,0,1,1,3,219,15
5110,C1,20,1,10,0,0,0,0,0,0,0,0,0,0,0,1,2,2,36,12
5120,A1,2,20,0,19,0,0,0,0,17,0,0,0,0,0,1,1,6,204,49
5120,B0,0,20,20,1,0,0,0,0,0,0,0,0,0,0,1,1,5,64,77
5120,B1,1,1,1,1,0,0,0,0,0,0,0,1,0,0,1,1,33,384,56
5120,B2,20,0,1,20,0,0,0,0,0,0,0,0,0,0,1,1,3,219,15
5120,C1,20,3,10,0,0,0,0,0,0,0,0,0,0,0,1,2,2,36,12
5130,A1,5,20,0,20,0,0,0,0,19,0,0,0,0,1,0,1,6,224,49
5130,B0,0,20,20,1,0,0,0,0,0,0,0,0,0,1,0,1,5,64,77
5130,B1,1,1,1,1,0,0,0,0,0,0,0,1,0,1,0,1,33,384,56
5130,B2,20,0,1,20,0,0,0,0,0,0,0,0,0,1,0,1,3,219,15
5130,C1,20,1,12,0,0,0,0,0,0,0,0,0,0,1,0,2,3,37,13
5140,A1,1,20,0,20,0,0,0,0,0,0,0,0,0,1,0,2,6,230,69
5140,B0,0,20,20,2,0,0,0,0,0,0,0,0,0,1,0,1,5,64,77
5140,B1,1,2,1,1,0,0,0,0,0,0,0,0,0,1,0,2,33,384,56
5140,B2,20,0,2,20,0,0,0,0,0,0,0,0,0,1,0,1,3,219,15
5140,C1,20,1,13,0,0,0,0,0,0,0,0,0,0,1,0,2,3,37,13
5150,A1,1,20,0,20,0,0,0,0,0,0,0,0,0,1,0,2,6,230,69
5150,B0,0,20,20,1,0,0,0,0,0,0,0,0,0,1,0,1,5,64,77
5150,B1,1,1,1,1,0,0,0,0,0,0,0,0,0,1,0,1,33,384,56
5150,B2,20,0,1,20,0,0,0,0,0,0,0,0,0,1,0,1,3,219,15
5150,C1,20,1,13,0,0,0,0,0,0,0,0,0,0,1,0,2,3,37,13
5160,A1,1,20,0,20,0,0,0,0,0,0,0,0,0,0,1,2,6,230,69
5160,B0,0,20,20,1,0,0,0,0,0,0,0,0,0,0,1,1,5,64,77
5160,B1,1,1,1,1,0,0,0,0,0,0,0,0,0,0,1,1,33,384,56
5160,B2,20,0,1,19,0,0,0,0,0,0,0,0,0,0,1,1,3,219,15
5160,C1,20,2,13,0,0,0,0,0,0,0,0,0,0,0,1,2,3,37,13
5170,A1,2,20,0,20,0,0,0,0,0,0,0,0,0,0,1,2,6,230,69
5170,B0,0,20,20,2,0,0,0,0,0,0,0,0,0,0,1,1,5,64,77
5170,B1,1,1,1,1,0,0,0,0,0,0,0,0,0,0,1,1,33,384,56
5170,B2,19,0,1,17,0,0,0,0,0,0,0,0,0,0,1,1,3,219,15
5170,C1,20,1,13,0,0,0,0,0,0,0,0,0,0,0,1,2,3,37,13
5180,A1,1,20,0,20,0,0,0,0,0,0,0,0,0,1,0,2,6,230,69
5180,B0,0,20,20,1,0,0,0,0,0,0,0,0,0,1,0,1,5,64,77
5180,B1,1,1,1,1,0,0,0,0,0,0,0,0,0,1,0,1,35,397,58
5180,B2,17,0,3,17,0,0,0,0,0,0,0,0,0,1,0,1,3,219,15
5180,C1,20,2,13,0,0,0,0,0,0,0,0,0,0,1,0,2,3,37,13
5190,A1,1,20,0,20,0,0,0,0,0,0,0,0,0,1,0,2,6,230,69
5190,B0,0,19,20,1,0,0,0,0,0,0,0,0,0,1,0,1,5,64,77
5190,B1,1,1,1,1,0,0,0,0,0,0,0,0,0,1,0,1,35,397,58
5190,B2,17,0,2,19,0,0,0,0,0,0,0,0,0,1,0,1,3,219,15
5190,C1,20,2,13,0,0,0,0,0,0,0,0,0,0,1,0,2,3,37,13
5200,A1,1,20,0,20,0,0,0,0,20,0,0,0,0,0,1,1,7,235,69
5200,B0,0,19,20,2,0,0,0,0,0,0,0,0,0,0,1,1,5,64,77
5200,B1,1,2,1,1,0,0,0,0,0,0,0,1,0,0,1,2,36,399,59
5200,B2,18,0,2,20,0,0,0,0,0,0,0,0,0,0,1,1,3,219,15
5200,C1,20,1,13,0,0,0,0,0,0,0,0,0,0,0,1,2,4,38,26
5210,A1,1,19,0,20,0,0,0,0,20,0,0,0,0,0,1,1,7,255,69
5210,B0,0,20,20,1,0,0,0,0,0,0,0,0,0,0,1,1,5,64,77
5210,B1,1,2,1,1,0,0,0,0,0,0,0,1,0,0,1,2,36,399,59
5210,B2,20,0,1,20,0,0,0,0,0,0,0,0,0,0,1,1,3,219,15
5210,C1,20,2,13,0,0,0,0,0,0,0,0,0,0,0,1,2,4,38,26
5220,A1,2,19,0,20,0,0,0,0,20,0,0,0,0,0,1,1,7,275,69
5220,B0,0,20,20,1,0,0,0,0,0,0,0,0,0,0,1,1,5,64,77
5220,B1,1,3,1,1,0,0,0,0,0,0,0,1,0,0,1,2,36,399,59
5220,B2,20,0,1,19,0,0,0,0,0,0,0,0,0,0,1,1,3,219,15
5220,C1,20,1,13,0,0,0,0,0,0,0,0,0,0,0,1,2,4,38,26
5230,A1,1,18,0,20,0,0,0,0,20,0,0,0,0,1,0,1,7,295,69
5230,B0,0,20,20,2,0,0,0,0,0,0,0,0,0,1,0,1,5,64,77
5230,B1,1,3,1,1,0,0,0,0,0,0,0,1,0,1,0,2,37,407,61
5230,B2,20,0,1,20,0,0,0,0,0,0,0,0,0,1,0,1,3,219,15
5230,C1,20,2,13,0,0,0,0,0,0,0,0,0,0,1,0,2,4,38,26
5240,A1,1,17,0,20,0,0,0,0,20,0,0,0,0,1,0,1,7,315,69
5240,B0,0,20,20,2,0,0,0,0,0,0,0,0,0,1,0,1,5,64,77
5240,B1,1,2,1,1,0,0,0,0,0,0,0,1,0,1,0,2,37,407,61
5240,B2,20,0,1,20,0,0,0,0,0,0,0,0,0,1,0,1,3,219,15
5240,C1,20,1,13,0,0,0,0,0,0,0,0,0,0,1,0,2,4,38,26
5250,A1,1,19,0,20,0,0,0,0,0,0,0,0,0,0,1,2,7,315,89
5250,B0,0,20,20,1,0,0,0,0,0,0,0,0,0,0,1,1,6,68,78
5250,B1,1,2,3,1,0,0,0,0,1,0,0,0,0,0,1,1,38,421,61
5250,B2,20,0,1,18,0,0,0,0,0,0,0,0,0,0,1,1,3,219,15
5250,C1,20,1,13,0,0,0,0,0,0,0,0,1,0,0,1,2,4,38,26
5260,A1,2,20,0,20,0,0,0,0,0,0,0,0,0,0,1,2,7,315,89
5260,B0,0,20,20,1,0,0,0,0,0,0,0,0,0,0,1,1,6,68,78
5260,B1,1,1,1,1,0,0,0,0,0,0,0,0,0,0,1,1,38,428,62
5260,B2,20,0,1,18,0,0,0,0,0,0,0,0,0,0,1,1,3,219,15
5260,C1,20,2,13,0,0,0,0,0,0,0,0,0,0,0,1,2,4,38,26
5270,A1,1,20,0,20,0,0,0,0,0,0,0,0,0,1,0,2,7,315,89
5270,B0,0,20,20,1,0,0,0,0,0,0,0,0,0,1,0,1,6,68,78
5270,B1,1,2,1,1,0,0,0,0,0,0,0,0,0,1,0,2,38,428,62
5270,B2,20,0,1,19,0,0,0,0,0,0,0,0,0,1,0,1,3,219,15
5270,C1,20,2,13,0,0,0,0,0,0,0,0,0,0,1,0,2,4,38,26
5280,A1,1,20,0,20,0,0,0,0,0,0,0,0,0,1,0,2,7,315,89
5280,B0,0,20,20,1,0,0,0,0,0,0,0,0,0,1,0,1,6,68,78
5280,B1,1,1,1,1,0,0,0,0,0,0,0,0,0,1,0,1,38,428,62
5280,B2,20,0,1,20,0,0,0,0,0,0,0,0,0,1,0,1,3,219,15
5280,C1,20,1,13,0,0,0,0,0,0,0,0,0,0,1,0,2,4,38,26
5290,A1,1,20,0,20,0,0,0,0,0,0,0,0,1,0,1,2,7,315,89
5290,B0,0,20,18,2,0,0,0,0,0,0,0,0,0,0,1,1,6,68,78
5290,B1,1,1,1,1,0,0,0,1,0,0,0,0,0,0,1,1,39,430,62
5290,B2,20,0,1,20,0,0,0,0,0,0,0,0,0,0,1,1,3,219,15
5290,C1,19,1,13,0,0,0,0,0,0,0,0,0,0,0,1,2,4,38,26
5300,A1,1,20,0,20,0,0,0,0,0,0,0,0,1,0,1,2,7,315,89
5300,B0,0,20,18,1,0,0,0,0,0,0,0,0,0,0,1,1,6,68,78
5300,B1,1,1,1,1,0,0,0,1,0,0,0,0,0,0,1,1,39,450,62
5300,B2,20,0,1,20,0,0,0,0,0,0,0,0,0,0,1,1,3,219,15
5300,C1,19,1,12,0,0,0,0,0,0,0,0,0,0,0,1,2,4,38,26
5310,A1,1,20,0,20,0,0,0,0,0,0,0,0,0,0,1,2,7,315,89
5310,B0,0,20,18,2,0,0,0,0,0,0,0,0,0,0,1,1,6,68,78
5310,B1,1,1,1,1,0,0,0,0,0,0,0,0,0,0,1,1,39,456,63
5310,B2,20,0,1,20,0,0,0,0,0,0,0,0,0,0,1,1,3,219,15
5310,C1,20,1,12,0,0,0,0,0,0,0,0,0,0,0,1,2,4,38,26
5320,A1,1,20,0,20,0,0,0,0,0,0,0,0,0,1,0,2,7,315,89
5320,B0,0,20,19,1,0,0,0,0,0,0,0,0,0,1,0,1,6,68,78
5320,B1,1,1,1,1,0,0,0,0,0,0,1,0,0,1,0,1,39,456,63
5320,B2,20,0,1,20,0,20,0,0,0,0,0,0,0,1,0,2,4,234,15
5320,C1,19,1,12,0,0,0,1,0,0,0,0,0,0,1,0,2,5,54,26
5330,A1,1,20,0,20,0,0,0,0,0,0,0,0,0,1,0,2,7,315,89
5330,B0,0,20,19,3,0,0,0,0,0,0,0,0,0,1,0,1,6,68,78
5330,B1,1,1,1,1,0,0,0,0,0,0,0,0,0,1,0,1,39,456,63
5330,B2,19,0,1,20,0,0,0,0,0,0,0,0,0,1,0,1,4,248,35
5330,C1,19,1,12,0,0,0,0,0,0,0,0,0,0,1,0,2,5,66,27
5340,A1,1,20,0,20,0,0,0,0,20,0,0,0,0,0,1,1,8,324,89
5340,B0,0,20,19,1,0,0,0,0,0,0,0,0,0,0,1,1,6,68,78
5340,B1,1,1,1,1,0,0,0,0,0,0,0,1,1,0,1,2,40,458,64
5340,B2,18,0,1,18,0,0,0,0,0,0,0,0,0,0,1,1,4,248,35
5340,C1,20,1,12,0,0,0,0,12,0,0,0,0,0,0,1,1,6,75,27
5350,A1,2,20,0,20,0,0,0,0,20,0,0,0,0,0,1,1,8,344,89
5350,B0,0,20,19,2,0,0,0,0,0,0,0,0,0,0,1,1,6,68,78
5350,B1,1,1,1,1,0,0,0,0,0,0,0,1,1,0,1,2,40,458,64
5350,B2,18,0,1,17,0,0,0,0,0,0,0,0,0,0,1,1,4,248,35
5350,C1,20,1,11,0,0,0,0,11,0,0,0,0,0,0,1,1,6,95,27
5360,A1,3,20,0,20,0,0,0,0,20,0,0,0,0,1,0,1,8,364,89
5360,B0,0,20,19,1,0,0,0,0,0,0,0,0,0,1,0,1,6,68,78
5360,B1,1,1,1,1,0,0,1,0,0,0,0,1,1,1,0,2,41,462,64
5360,B2,17,0,1,17,0,0,0,0,0,1,0,0,0,1,0,1,4,248,35
5360,C1,20,1,11,0,0,0,1,11,0,0,0,0,0,1,0,1,7,119,27
5370,A1,1,20,0,20,0,0,0,0,20,0,0,0,0,1,0,1,8,384,89
5370,B0,0,20,19,1,0,0,0,0,0,0,0,0,0,1,0,1,6,68,78
5370,B1,1,1,1,1,0,0,0,0,0,0,0,1,0,1,0,1,41,470,65
5370,B2,17,0,1,19,0,0,0,0,0,0,0,0,0,1,0,1,4,248,35
5370,C1,20,1,11,0,0,0,1,0,0,0,0,0,0,1,0,2,7,149,39
5380,A1,1,20,0,20,0,0,0,0,20,0,0,0,0,1,0,1,8,404,89
5380,B0,0,20,19,1,0,0,0,0,0,0,0,0,0,1,0,1,6,68,78
5380,B1,1,1,1,1,0,0,0,0,0,0,0,1,0,1,0,1,41,470,65
5380,B2,17,0,1,20,0,0,0,0,0,0,0,0,0,1,0,1,4,248,35
5380,C1,19,1,11,0,0,0,1,0,0,0,0,0,0,1,0,2,7,169,39
5390,A1,1,20,0,20,0,0,0,0,20,0,0,0,0,0,1,1,8,424,89
5390,B0,0,20,19,1,0,0,0,0,1,0,0,0,0,0,1,1,7,86,78
5390,B1,1,1,1,1,0,0,0,0,0,0,0,1,0,0,1,1,41,470,65
5390,B2,17,0,1,20,0,0,0,0,0,0,0,0,0,0,1,1,4,248,35
5390,C1,19,1,10,0,0,0,0,0,0,0,0,0,0,0,1,2,7,183,40
5400,A1,1,20,0,20,0,0,0,0,20,0,0,0,0,0,1,1,8,444,89
5400,B0,0,20,19,1,0,0,0,0,1,0,0,0,0,0,1,1,7,106,78
5400,B1,1,1,1,1,0,0,0,0,0,0,0,1,0,0,1,1,41,470,65
5400,B2,18,0,1,20,0,0,0,0,0,0,0,0,0,0,1,1,4,248,35
5400,C1,20,2,10,0,0,0,0,0,0,0,0,0,0,0,1,2,7,183,40
5410,A1,1,20,0,20,0,0,0,0,20,0,0,0,0,1,0,1,8,464,89
5410,B0,0,20,19,1,0,0,0,0,1,0,0,0,0,1,0,1,7,126,78
5410,B1,1,1,1,1,0,0,0,0,0,0,0,1,0,1,0,1,41,470,65
5410,B2,18,0,1,20,0,0,0,0,0,0,0,0,0,1,0,1,4,248,35
5410,C1,20,1,10,0,0,0,0,0,0,0,0,0,0,1,0,2,7,183,40
5420,A1,1,20,0,19,0,0,0,0,19,0,0,0,0,1,0,1,8,484,89
5420,B0,0,20,19,1,0,0,0,0,0,0,0,0,0,1,0,1,7,128,79
5420,B1,1,1,1,1,0,0,0,0,0,0,0,1,0,1,0,1,41,470,65
5420,B2,18,0,1,20,0,0,0,0,0,0,0,0,0,1,0,1,4,248,35
5420,C1,20,2,11,0,0,0,0,0,0,0,0,0,0,1,0,2,7,183,40
5430,A1,1,20,0,19,0,0,0,0,19,0,0,0,0,0,1,1,8,504,89
5430,B0,0,20,19,1,0,0,0,0,0,0,0,0,0,0,1,1,7,128,79
5430,B1,1,1,1,1,0,0,0,0,0,0,0,1,0,0,1,1,41,470,65
5430,B2,18,0,1,20,0,0,0,0,0,0,0,0,0,0,1,1,4,248,35
5430,C1,20,1,11,0,0,0,0,0,0,0,0,0,0,0,1,2,8,184,50
5440,A1,1,20,0,20,0,0,0,0,0,0,0,0,0,0,1,2,8,512,109
5440,B0,0,20,19,1,0,0,0,0,0,0,0,0,0,0,1,1,7,128,79
5440,B1,1,1,1,1,0,0,0,0,0,0,0,0,0,0,1,1,41,470,65
5440,B2,18,0,1,20,0,0,0,0,0,0,0,0,0,0,1,1,4,248,35
5440,C1,20,1,11,0,0,0,0,0,0,0,0,0,0,0,1,2,8,184,50
5450,A1,1,20,0,20,0,0,0,0,0,0,0,0,0,0,1,2,8,512,109
5450,B0,0,20,19,1,0,0,0,0,0,0,0,0,0,0,1,1,7,128,79
5450,B1,1,1,1,1,0,0,0,0,0,0,0,0,0,0,1,1,41,470,65
5450,B2,18,0,1,20,0,0,0,0,0,0,0,0,0,0,1,1,4,248,35
5450,C1,20,1,11,0,0,0,0,0,0,0,0,0,0,0,1,2,8,184,50
5460,A1,1,18,0,20,0,0,0,0,0,0,0,0,0,1,0,2,8,512,109
5460,B0,0,20,19,2,0,0,0,0,0,0,0,0,0,1,0,1,7,128,79
5460,B1,1,1,1,1,0,0,0,0,0,0,0,0,0,1,0,1,41,470,65
5460,B2,20,0,1,20,0,0,0,0,0,0,0,0,0,1,0,1,4,248,35
5460,C1,20,1,11,0,0,0,0,0,0,0,0,0,0,1,0,2,8,184,50
5470,A1,1,18,0,20,0,0,0,0,0,0,0,0,0,1,0,2,8,512,109
5470,B0,0,20,19,1,0,0,0,0,0,0,0,0,0,1,0,1,7,128,79
5470,B1,1,1,1,1,0,0,0,0,0,0,0,0,0,1,0,1,41,470,65
5470,B2,20,0,3,20,0,0,0,0,0,0,0,0,0,1,0,1,4,248,35
5470,C1,17,1,12,0,0,0,0,0,0,0,0,0,0,1,0,2,8,184,50
5480,A1,1,20,0,20,0,0,0,0,20,0,0,0,0,0,1,1,9,525,109
5480,B0,0,20,19,1,0,0,0,0,0,0,0,0,0,0,1,1,7,128,79
5480,B1,1,1,1,1,0,0,0,0,0,0,0,1,0,0,1,1,41,470,65
5480,B2,20,0,1,20,0,0,0,0,0,0,0,0,0,0,1,1,4,248,35
5480,C1,17,1,11,0,0,0,0,0,0,0,0,0,0,0,1,2,8,184,50
5490,A1,1,20,0,20,0,0,0,0,20,0,0,0,0,0,1,1,9,545,109
5490,B0,0,19,19,1,0,0,0,0,0,0,0,0,0,0,1,1,7,128,79
5490,B1,1,1,1,2,0,0,0,0,0,0,0,1,0,0,1,1,41,470,65
5490,B2,20,0,1,20,0,0,0,0,0,0,0,0,0,0,1,1,4,248,35
5490,C1,19,1,11,0,0,0,0,0,0,0,0,0,0,0,1,2,8,184,50
5500,A1,1,20,0,20,0,0,0,0,20,0,0,0,0,1,0,1,9,565,109
5500,B0,0,19,19,1,0,0,0,0,0,0,0,0,0,1,0,1,7,128,79
5500,B1,2,1,1,2,0,0,0,0,0,0,1,1,0,1,0,1,42,471,66
5500,B2,20,0,1,20,0,20,0,0,0,0,0,0,0,1,0,2,5,255,35
5500,C1,20,1,11,0,0,0,0,0,0,0,0,0,0,1,0,2,8,184,50
5510,A1,1,20,0,20,0,0,0,0,20,0,0,0,0,1,0,1,9,585,109
5510,B0,0,19,19,3,0,0,0,0,0,0,0,0,0,1,0,1,7,128,79
5510,B1,1,1,1,2,0,0,0,0,0,0,1,1,0,1,0,1,42,471,66
5510,B2,20,0,1,20,0,20,0,0,0,0,0,0,0,1,0,2,5,275,35
5510,C1,20,1,11,0,0,0,0,0,0,0,0,0,0,1,0,2,8,184,50
5520,A1,1,20,0,20,0,0,0,0,20,0,0,0,0,0,1,1,9,605,109
5520,B0,0,19,19,3,0,0,0,0,0,0,0,0,0,0,1,1,7,128,79
5520,B1,1,1,1,2,0,0,0,0,0,0,1,1,1,0,1,2,42,471,66
5520,B2,20,0,1,20,0,20,0,0,0,0,0,0,0,0,1,2,5,295,35
5520,C1,20,1,11,0,0,0,0,11,0,0,0,0,0,0,1,1,9,185,50
5530,A1,1,20,0,20,0,0,0,0,20,0,0,0,0,0,1,1,9,625,109
5530,B0,0,20,19,1,0,0,0,0,0,0,0,0,0,0,1,1,7,128,79
5530,B1,1,1,1,2,0,0,0,0,0,0,1,1,0,0,1,1,42,471,66
5530,B2,20,0,1,20,0,20,0,0,0,0,0,0,0,0,1,2,5,315,35
5530,C1,20,2,12,0,0,0,0,0,0,0,0,0,0,0,1,2,9,199,61
5540,A1,3,20,0,20,0,0,0,0,20,0,0,0,0,0,1,1,9,645,109
5540,B0,0,20,19,1,0,0,0,0,0,0,0,0,0,0,1,1,7,128,79
5540,B1,1,1,1,2,0,0,0,0,0,0,1,1,0,0,1,1,42,471,66
5540,B2,20,0,1,20,0,20,0,0,0,0,0,0,0,0,1,2,5,335,35
5540,C1,20,1,11,0,0,0,0,0,0,0,0,0,0,0,1,2,9,199,61
5550,A1,1,20,0,20,0,0,0,0,20,0,0,0,0,1,0,1,9,665,109
5550,B0,0,20,19,2,0,0,0,0,0,0,0,0,0,1,0,1,7,128,79
5550,B1,1,1,1,2,0,0,0,0,0,0,1,1,0,1,0,1,42,471,66
5550,B2,20,0,1,20,0,20,0,0,0,0,0,0,0,1,0,2,5,355,35
5550,C1,20,1,11,0,0,0,0,0,0,0,0,0,0,1,0,2,9,199,61
5560,A1,1,20,0,20,0,0,0,0,20,0,0,0,0,1,0,1,9,685,109
5560,B0,0,20,19,1,0,0,0,0,0,0,0,0,0,1,0,1,7,128,79
5560,B1,1,1,1,2,0,0,0,0,0,0,1,1,0,1,0,1,42,471,66
5560,B2,20,0,1,20,0,20,0,0,0,0,0,0,0,1,0,2,5,375,35
5560,C1,20,1,11,0,0,0,0,0,0,0,0,0,0,1,0,2,9,199,61
5570,A1,2,20,0,20,0,0,0,0,20,0,0,0,0,0,1,1,9,705,109
5570,B0,0,20,19,1,0,0,0,0,0,0,0,0,0,0,1,1,7,128,79
5570,B1,1,1,2,2,0,0,0,0,0,0,1,1,0,0,1,1,42,471,66
5570,B2,20,0,1,20,1,20,0,0,0,0,0,0,0,0,1,0,5,395,35
5570,C1,20,1,11,0,0,0,0,0,0,0,0,0,0,0,1,2,9,199,61
5580,A1,3,20,0,20,0,0,0,0,20,0,0,0,0,0,1,1,9,725,109
5580,B0,0,20,19,1,0,0,0,0,0,0,0,0,0,0,1,1,7,128,79
5580,B1,1,1,1,2,0,0,0,0,0,0,1,1,0,0,1,1,42,471,66
5580,B2,20,0,1,19,0,20,0,0,0,0,0,0,0,0,1,2,5,415,35
5580,C1,20,1,11,0,0,0,0,0,0,0,0,0,0,0,1,2,9,199,61
5590,A1,3,20,0,20,0,0,0,0,20,0,0,0,0,1,0,1,9,745,109
5590,B0,0,20,19,1,0,0,0,0,0,0,0,0,0,1,0,1,7,128,79
5590,B1,1,1,1,2,0,0,0,0,0,0,1,1,0,1,0,1,42,471,66
5590,B2,19,0,1,18,0,19,0,0,0,0,0,0,0,1,0,2,5,435,35
5590,C1,20,1,12,0,0,0,0,0,0,0,0,0,0,1,0,2,9,199,61
5600,A1,1,20,0,20,0,0,0,0,20,0,0,0,0,1,0,1,9,765,109
5600,B0,0,19,19,1,0,0,0,0,0,0,0,0,0,1,0,1,7,128,79
5600,B1,1,1,1,2,0,0,0,0,0,0,0,1,0,1,0,1,42,471,66
5600,B2,19,0,1,18,0,0,0,0,0,0,0,0,0,1,0,1,5,449,55
5600,C1,20,1,13,0,0,0,0,0,0,0,0,0,0,1,0,2,9,199,61
5610,A1,1,20,0,20,0,0,0,0,20,0,0,0,0,1,0,1,9,785,109
5610,B0,0,19,19,1,0,0,0,0,0,0,0,0,0,1,0,1,7,128,79
5610,B1,1,1,1,2,0,0,0,0,0,0,0,1,0,1,0,1,42,471,66
5610,B2,19,0,1,20,0,0,0,0,0,0,0,0,0,1,0,1,5,449,55
5610,C1,20,1,13,0,0,0,0,0,0,0,0,0,0,1,0,2,9,199,61
5620,A1,1,20,0,20,0,0,0,0,20,0,0,0,0,0,1,1,9,805,109
5620,B0,0,20,19,2,0,0,0,0,0,0,0,0,0,0,1,1,7,128,79
5620,B1,1,1,2,2,0,0,0,0,2,0,0,1,1,0,1,2,43,488,66
5620,B2,20,0,1,20,0,0,0,0,0,0,0,0,0,0,1,1,5,449,55
5620,C1,19,1,14,0,1,0,0,12,0,0,0,1,0,0,1,0,10,216,61
5630,A1,2,20,0,20,0,0,0,0,20,0,0,0,0,0,1,1,9,825,109
5630,B0,0,20,19,1,0,0,0,0,0,0,0,0,0,0,1,1,7,128,79
5630,B1,1,1,1,2,0,0,0,0,2,0,0,1,1,0,1,1,43,508,66
5630,B2,20,0,1,20,0,0,0,0,0,0,0,0,0,0,1,1,5,449,55
5630,C1,19,1,14,0,1,0,0,12,0,0,0,1,0,0,1,0,10,236,61
5640,A1,2,20,0,20,0,0,0,0,20,0,0,0,0,1,0,1,9,845,109
5640,B0,0,20,20,1,0,0,0,0,0,0,0,0,0,1,0,1,7,128,79
5640,B1,1,1,1,2,0,0,0,0,2,0,0,1,1,1,0,2,43,528,66
5640,B2,20,0,1,20,0,0,0,0,0,0,0,0,0,1,0,1,5,449,55
5640,C1,20,1,14,0,1,0,0,13,0,0,0,1,0,1,0,0,10,256,61
5650,A1,2,20,0,20,0,0,0,0,20,0,0,0,0,1,0,1,9,865,109
5650,B0,0,20,20,1,0,0,0,0,0,0,0,0,0,1,0,1,7,128,79
5650,B1,1,1,1,2,0,0,0,0,2,0,0,1,1,1,0,2,43,548,66
5650,B2,20,0,1,20,0,0,0,0,0,0,0,0,0,1,0,1,5,449,55
5650,C1,20,1,14,0,1,0,0,13,0,0,0,1,0,1,0,0,10,276,61
5660,A1,2,20,0,20,0,0,0,0,20,0,0,0,0,0,1,1,9,885,109
5660,B0,0,20,20,1,1,0,0,0,0,0,0,0,0,0,1,0,7,128,79
5660,B1,1,1,1,1,0,0,0,0,1,0,0,1,1,0,1,2,44,570,67
5660,B2,20,0,2,20,0,0,0,0,0,0,0,0,0,0,1,1,5,449,55
5660,C1,20,1,14,0,1,0,0,14,0,0,0,1,0,0,1,0,10,296,61
5670,A1,3,20,0,20,0,0,0,0,20,0,0,0,0,0,1,1,9,905,109
5670,B0,0,20,20,1,1,0,0,0,0,0,0,0,0,0,1,0,7,128,79
5670,B1,1,1,1,1,0,0,0,0,1,0,0,1,1,0,1,2,44,590,67
5670,B2,20,0,1,20,0,0,0,0,0,0,0,0,0,0,1,1,5,449,55
5670,C1,20,1,14,0,1,0,0,14,0,0,0,1,0,0,1,0,10,316,61
5680,A1,4,20,0,20,0,0,0,0,20,0,0,0,0,0,1,1,9,925,109
5680,B0,0,20,20,1,1,0,0,0,0,0,0,0,0,0,1,0,7,128,79
5680,B1,1,1,2,1,0,0,0,0,1,0,0,1,1,0,1,2,44,610,67
5680,B2,20,0,1,20,0,0,0,0,0,0,0,0,0,0,1,1,5,449,55
5680,C1,20,1,14,0,1,0,0,14,0,0,0,1,0,0,1,0,10,336,61
5690,A1,1,20,0,20,0,0,0,0,20,0,0,0,0,1,0,1,10,953,111
5690,B0,0,20,20,1,1,0,0,0,0,0,1,0,0,1,0,0,7,128,79
5690,B1,1,1,1,1,0,1,0,0,1,0,0,1,0,1,0,2,45,650,67
5690,B2,20,0,1,20,0,0,0,0,0,0,0,0,0,1,0,1,5,449,55
5690,C1,20,1,15,0,0,0,0,0,0,0,0,1,0,1,0,2,10,354,75
5700,A1,1,20,0,20,0,0,0,0,20,0,0,0,0,1,0,1,10,973,111
5700,B0,0,20,20,1,1,0,0,0,0,0,1,0,0,1,0,0,7,128,79
5700,B1,1,1,1,1,0,1,0,0,1,0,0,1,0,1,0,2,45,690,67
5700,B2,20,0,2,20,0,0,0,0,0,0,0,0,0,1,0,1,5,449,55
5700,C1,20,2,15,0,0,0,0,0,0,0,0,1,0,1,0,2,10,354,75
5710,A1,1,20,0,20,0,0,0,0,20,0,0,0,0,0,1,1,10,993,111
5710,B0,0,20,20,1,1,0,0,0,0,0,1,0,0,0,1,0,7,128,79
5710,B1,1,1,2,1,0,1,0,0,1,0,0,1,0,0,1,2,45,730,67
5710,B2,20,0,1,20,0,0,0,0,0,0,0,0,0,0,1,1,5,449,55
5710,C1,20,4,15,0,0,0,0,0,0,0,0,1,0,0,1,2,10,354,75
5720,A1,1,20,0,20,0,0,0,0,20,0,0,0,0,0,1,1,10,1013,111
5720,B0,0,20,20,1,1,0,0,0,0,0,1,0,0,0,1,0,7,128,79
5720,B1,1,1,1,1,0,1,0,0,1,0,0,1,0,0,1,2,45,770,67
5720,B2,20,0,1,20,0,0,0,0,0,0,0,0,0,0,1,1,5,449,55
5720,C1,20,2,14,0,0,0,0,0,0,0,0,1,0,0,1,2,10,354,75
5730,A1,1,20,0,19,1,0,0,0,19,0,0,0,0,1,0,0,10,1033,111
5730,B0,0,20,20,1,1,0,0,0,0,0,1,0,0,1,0,0,7,128,79
5730,B1,1,1,1,1,0,1,0,0,1,0,1,1,0,1,0,2,45,810,67
5730,B2,20,0,1,20,0,20,0,0,0,0,0,0,0,1,0,2,6,456,55
5730,C1,20,2,15,0,0,0,0,0,0,0,0,1,0,1,0,2,10,354,75
5740,A1,1,20,0,19,0,0,0,0,19,0,0,0,0,1,0,1,10,1053,111
5740,B0,0,20,20,1,1,0,0,0,0,0,1,0,0,1,0,0,7,128,79
5740,B1,1,1,1,1,0,1,0,0,1,0,0,1,0,1,0,2,45,850,67
5740,B2,20,0,1,20,0,0,0,0,0,0,0,0,0,1,0,1,6,470,75
5740,C1,20,2,15,0,0,0,0,0,0,0,0,1,0,1,0,2,10,354,75
5750,A1,1,20,0,19,0,0,0,0,19,0,0,0,0,0,1,1,10,1073,111
5750,B0,0,19,19,1,0,0,0,0,0,0,1,0,0,0,1,1,7,128,79
5750,B1,1,1,1,1,0,1,0,0,1,0,0,1,0,0,1,2,45,890,67
5750,B2,20,0,1,20,0,0,0,0,0,0,0,0,0,0,1,1,6,470,75
5750,C1,20,1,15,0,0,0,0,0,0,0,0,1,0,0,1,2,10,354,75
5760,A1,1,20,0,20,0,0,0,0,19,0,0,0,0,0,1,1,10,1093,111
5760,B0,0,19,15,1,0,0,0,0,0,0,1,0,0,0,1,1,7,128,79
5760,B1,1,1,1,2,0,1,0,0,0,0,0,1,0,0,1,2,45,910,69
5760,B2,20,0,1,20,0,0,0,0,0,0,0,0,0,0,1,1,6,470,75
5760,C1,20,2,15,0,0,0,0,0,0,0,0,0,0,0,1,2,10,354,75
5770,A1,1,19,0,20,0,0,0,0,19,0,0,0,0,0,1,1,10,1113,111
5770,B0,0,20,16,1,0,0,0,0,0,0,1,0,0,0,1,1,7,128,79
5770,B1,1,1,1,1,0,1,0,0,0,0,0,1,0,0,1,2,45,930,69
5770,B2,20,0,1,20,0,0,0,0,0,0,0,0,0,0,1,1,6,470,75
5770,C1,20,3,15,0,0,0,0,0,0,0,0,0,0,0,1,2,10,354,75
5780,A1,1,16,0,20,0,0,0,0,19,0,0,0,0,1,0,1,10,1133,111
5780,B0,0,20,18,3,0,0,0,0,0,0,0,0,0,1,0,1,7,128,79
5780,B1,1,1,1,1,0,0,0,0,0,0,0,1,0,1,0,1,45,936,70
5780,B2,20,0,1,20,0,0,0,0,0,0,0,0,0,1,0,1,6,470,75
5780,C1,20,1,15,0,0,0,0,0,0,0,0,0,0,1,0,2,11,358,76
5790,A1,1,16,0,20,0,0,0,0,19,0,0,0,0,1,0,1,10,1153,111
5790,B0,0,20,20,5,0,0,0,0,0,0,0,0,0,1,0,1,7,128,79
5790,B1,1,1,1,1,0,0,0,0,0,0,0,1,0,1,0,1,45,936,70
5790,B2,20,0,1,20,0,0,0,0,0,0,0,0,0,1,0,1,6,470,75
5790,C1,20,1,15,0,0,0,0,0,0,0,0,0,0,1,0,2,11,358,76
5800,A1,1,18,0,20,0,0,0,0,0,0,0,0,0,0,1,2,10,1167,132
5800,B0,0,20,20,1,0,0,0,0,0,0,0,0,0,0,1,1,7,128,79
5800,B1,1,1,2,1,0,0,0,0,0,0,0,0,1,0,1,1,45,936,70
5800,B2,20,0,1,20,0,0,0,0,0,0,0,0,0,0,1,1,6,470,75
5800,C1,20,1,15,0,0,0,0,15,0,0,0,0,0,0,1,1,12,367,76
5810,A1,1,20,0,20,0,0,0,0,0,0,0,0,0,0,1,2,10,1167,132
5810,B0,0,20,20,1,0,0,0,0,0,0,0,0,0,0,1,1,7,128,79
5810,B1,1,1,1,1,0,0,0,0,0,0,0,0,1,0,1,1,45,936,70
5810,B2,20,0,1,20,0,0,0,0,0,0,0,0,0,0,1,1,6,470,75
5810,C1,20,1,15,0,0,0,0,15,0,0,0,0,0,0,1,1,12,387,76
5820,A1,1,20,0,20,0,0,0,0,0,0,0,0,0,1,0,2,10,1167,132
5820,B0,0,20,20,1,0,0,0,0,0,0,0,0,0,1,0,1,7,128,79
5820,B1,2,1,1,1,0,0,1,0,0,0,0,0,1,1,0,2,46,940,70
5820,B2,20,0,1,20,0,0,0,0,0,1,0,0,0,1,0,1,6,470,75
5820,C1,20,1,15,0,1,0,0,15,0,0,0,0,0,1,0,0,12,407,76
5830,A1,1,20,0,20,0,0,0,0,0,0,0,0,0,1,0,2,10,1167,132
5830,B0,0,20,20,1,0,0,0,0,0,0,0,0,0,1,0,1,7,128,79
5830,B1,1,1,1,1,0,0,1,0,0,0,0,0,1,1,0,2,46,960,70
5830,B2,20,0,1,20,0,0,0,0,0,1,0,0,0,1,0,1,6,470,75
5830,C1,20,1,15,0,1,0,0,15,0,0,0,0,0,1,0,0,12,427,76
5840,A1,1,20,0,20,0,0,0,0,0,0,0,0,0,1,0,2,10,1167,132
5840,B0,0,20,20,3,0,0,0,0,0,0,0,0,0,1,0,1,7,128,79
5840,B1,1,1,1,1,0,0,1,0,0,0,0,0,1,1,0,2,46,980,70
5840,B2,20,0,1,20,0,0,0,0,0,1,0,0,0,1,0,1,6,470,75
5840,C1,20,1,15,0,1,0,0,15,0,0,0,0,0,1,0,0,12,447,76
5850,A1,1,20,0,20,0,0,0,0,0,0,0,0,0,0,1,2,10,1167,132
5850,B0,0,20,20,1,0,0,0,0,0,0,0,0,0,0,1,1,7,128,79
5850,B1,1,1,1,1,0,0,1,0,0,0,0,0,1,0,1,2,46,1000,70
5850,B2,20,0,1,20,0,0,0,0,0,1,0,0,0,0,1,1,6,470,75
5850,C1,20,1,15,0,1,0,0,15,0,0,0,0,0,0,1,0,12,467,76
5860,A1,1,20,0,20,0,0,0,0,0,0,0,0,0,0,1,2,10,1167,132
5860,B0,0,20,20,1,0,0,0,0,0,0,0,0,0,0,1,1,7,128,79
5860,B1,1,1,1,1,0,0,1,0,0,0,0,0,1,0,1,2,46,1020,70
5860,B2,20,0,1,20,0,0,0,0,0,1,0,0,0,0,1,1,6,470,75
5860,C1,20,1,16,0,1,0,0,15,0,0,0,0,0,0,1,0,12,487,76
5870,A1,1,20,0,20,0,0,0,0,0,0,0,0,0,1,0,2,10,1167,132
5870,B0,0,20,20,1,0,0,0,0,0,0,1,0,0,1,0,1,7,128,79
5870,B1,1,1,1,1,0,1,1,0,0,0,0,0,1,1,0,2,47,1052,70
5870,B2,20,0,1,20,0,0,0,0,0,1,0,0,0,1,0,1,6,470,75
5870,C1,20,1,16,0,0,0,0,15,0,0,0,0,0,1,0,1,12,507,76
5880,A1,1,17,0,20,0,0,0,0,0,0,0,0,0,1,0,2,10,1167,132
5880,B0,0,20,20,1,0,0,0,0,0,0,0,0,0,1,0,1,7,128,79
5880,B1,1,1,1,1,0,0,1,0,0,0,0,0,1,1,0,2,47,1080,71
5880,B2,20,0,1,20,0,0,0,0,0,1,0,0,0,1,0,1,6,470,75
5880,C1,20,2,16,0,0,0,0,15,0,0,0,0,0,1,0,1,12,527,76
5890,A1,1,16,0,19,0,0,0,0,0,0,0,0,0,0,1,2,10,1167,132
5890,B0,0,20,20,1,1,0,0,0,0,0,0,0,0,0,1,0,7,128,79
5890,B1,1,1,1,1,0,0,1,0,0,0,0,0,1,0,1,2,47,1100,71
5890,B2,20,0,1,18,0,0,0,1,0,1,0,0,0,0,1,1,7,476,75
5890,C1,20,1,16,0,0,0,0,16,0,0,0,0,0,0,1,1,12,547,76
5900,A1,1,18,0,18,0,0,0,0,0,0,0,0,0,0,1,2,10,1167,132
5900,B0,0,20,20,1,1,0,0,0,0,0,0,0,0,0,1,0,7,128,79
5900,B1,1,1,1,1,0,0,1,0,0,0,0,0,1,0,1,2,47,1120,71
5900,B2,19,0,2,16,0,0,0,0,0,1,0,0,0,0,1,1,7,480,76
5900,C1,20,1,16,0,0,0,0,16,0,0,0,0,0,0,1,1,12,567,76
5910,A1,1,20,0,18,0,0,0,0,0,0,0,0,0,0,1,2,10,1167,132
5910,B0,0,20,20,1,1,0,0,0,0,0,0,0,0,0,1,0,7,128,79
5910,B1,1,1,1,1,0,0,0,0,0,0,0,0,1,0,1,1,47,1128,72
5910,B2,19,0,1,14,0,0,0,0,0,0,0,0,0,0,1,1,7,480,76
5910,C1,20,1,16,0,0,0,0,16,0,0,0,0,0,0,1,1,12,587,76
5920,A1,1,20,0,20,0,0,0,0,0,0,0,0,0,1,0,2,10,1167,132
5920,B0,0,20,20,1,1,0,0,0,0,0,1,0,0,1,0,0,7,128,79
5920,B1,1,1,1,1,0,1,0,0,0,0,0,0,1,1,0,2,48,1148,72
5920,B2,18,0,2,16,0,0,0,0,0,0,0,0,0,1,0,1,7,480,76
5920,C1,20,2,16,0,0,0,0,16,0,0,0,0,0,1,0,1,12,607,76
5930,A1,1,20,0,20,0,0,0,0,0,0,0,0,0,1,0,2,10,1167,132
5930,B0,0,20,20,1,1,0,0,0,0,0,1,0,0,1,0,0,7,128,79
5930,B1,1,2,1,1,0,1,0,0,0,0,0,0,1,1,0,2,48,1168,72
5930,B2,18,0,1,19,0,0,0,0,0,0,0,0,0,1,0,1,7,480,76
5930,C1,20,1,16,0,0,0,0,16,0,0,0,0,0,1,0,1,12,627,76
5940,A1,1,20,0,20,0,0,0,0,18,0,0,0,0,0,1,1,11,1180,132
5940,B0,0,20,20,1,0,0,0,0,0,0,1,0,0,0,1,1,7,128,79
5940,B1,1,1,1,1,0,1,0,0,0,0,0,1,1,0,1,2,48,1188,72
5940,B2,20,0,1,20,0,0,0,0,0,0,0,0,0,0,1,1,7,480,76
5940,C1,19,2,16,0,0,0,0,16,0,0,0,0,0,0,1,1,12,647,76
5950,A1,1,20,0,20,0,0,0,0,0,0,0,0,0,0,1,2,11,1184,150
5950,B0,0,20,20,1,0,0,0,0,0,0,1,0,0,0,1,1,7,128,79
5950,B1,1,1,1,1,0,1,0,0,0,0,0,0,1,0,1,2,48,1208,72
5950,B2,20,0,2,20,0,0,0,0,0,0,0,0,0,0,1,1,7,480,76
5950,C1,19,1,16,0,0,0,0,16,0,0,0,0,0,0,1,1,12,667,76
5960,A1,1,20,0,20,0,1,0,0,0,0,0,0,0,1,0,2,12,1192,150
5960,B0,0,20,20,1,0,0,0,0,0,0,0,0,0,1,0,1,7,128,79
5960,B1,1,1,1,1,0,0,0,0,0,0,0,0,1,1,0,1,48,1216,73
5960,B2,20,0,2,20,0,0,0,0,0,0,0,0,0,1,0,1,7,480,76
5960,C1,19,1,17,0,0,0,0,16,0,0,0,0,0,1,0,1,12,687,76
5970,A1,1,20,0,20,0,1,0,0,0,0,0,0,0,1,0,2,12,1212,150
5970,B0,0,20,20,2,0,0,0,0,0,0,0,0,0,1,0,1,7,128,79
5970,B1,1,1,1,1,0,0,0,0,0,0,0,0,1,1,0,1,48,1216,73
5970,B2,20,0,3,20,0,0,0,0,0,0,0,0,0,1,0,1,7,480,76
5970,C1,19,2,17,0,0,0,0,16,0,0,0,0,0,1,0,1,12,707,76
5980,A1,1,20,0,20,0,1,0,0,20,0,0,0,0,0,1,1,13,1233,150
5980,B0,0,20,20,1,0,0,0,0,0,0,0,0,0,0,1,1,7,128,79
5980,B1,1,1,1,1,0,0,0,0,0,0,0,1,1,0,1,2,48,1216,73
5980,B2,20,0,3,20,0,0,0,2,0,0,0,0,0,0,1,1,8,482,76
5980,C1,20,1,17,0,0,0,0,17,0,0,0,0,0,0,1,1,12,727,76
5990,A1,1,20,0,20,0,0,0,0,20,0,0,0,0,0,1,1,13,1269,151
5990,B0,0,20,20,1,0,0,0,0,0,0,0,0,0,0,1,1,7,128,79
5990,B1,1,1,1,1,0,0,0,0,0,0,0,1,1,0,1,2,48,1216,73
5990,B2,20,0,1,20,0,0,0,0,0,0,0,0,0,0,1,1,8,488,78
5990,C1,20,3,18,0,0,0,0,17,0,0,0,0,0,0,1,1,12,747,76
6000,A1,1,20,0,20,0,0,0,0,20,0,0,0,0,0,1,1,13,1289,151
6000,B0,0,20,20,1,0,0,0,0,0,0,0,0,0,0,1,1,7,128,79
6000,B1,1,1,1,1,0,0,0,0,0,0,0,1,1,0,1,2,48,1216,73
6000,B2,20,0,1,19,0,0,0,0,0,0,0,0,0,0,1,1,8,488,78
6000,C1,20,1,18,0,0,0,0,17,0,0,0,0,0,0,1,1,12,767,76
6010,A1,1,20,0,20,0,0,0,0,20,0,0,0,0,1,0,1,13,1309,151
6010,B0,0,20,20,1,0,0,0,0,0,0,0,0,0,1,0,1,7,128,79
6010,B1,1,1,1,1,0,0,0,0,0,0,1,1,1,1,0,2,48,1216,73
6010,B2,18,0,1,19,0,18,0,0,0,0,0,0,0,1,0,2,9,503,78
6010,C1,20,1,18,0,0,0,0,17,0,0,0,0,0,1,0,1,12,787,76
6020,A1,1,20,0,20,0,0,0,0,20,0,0,0,0,1,0,1,13,1329,151
6020,B0,0,20,20,1,0,0,0,0,0,0,0,0,0,1,0,1,7,128,79
6020,B1,1,1,1,1,0,0,0,0,0,0,1,1,1,1,0,2,48,1216,73
6020,B2,17,0,1,20,0,17,0,0,0,0,0,0,0,1,0,2,9,523,78
6020,C1,17,1,18,0,0,0,0,17,0,0,0,0,0,1,0,1,12,807,76
6030,A1,1,20,0,20,0,0,0,0,20,0,0,0,0,0,1,1,13,1349,151
6030,B0,0,20,20,1,0,0,0,0,0,0,0,0,0,0,1,1,7,128,79
6030,B1,1,1,1,1,0,0,0,0,0,0,1,1,1,0,1,2,48,1216,73
6030,B2,18,0,1,20,0,17,0,1,0,0,0,0,0,0,1,2,10,553,78
6030,C1,16,1,15,0,0,0,0,15,0,0,0,0,0,0,1,1,12,827,76
6040,A1,1,20,0,20,0,0,0,0,20,0,0,0,0,0,1,1,13,1369,151
6040,B0,0,20,20,1,0,0,0,0,0,0,0,0,0,0,1,1,7,128,79
6040,B1,1,1,1,1,0,0,0,0,0,0,1,1,1,0,1,2,48,1216,73
6040,B2,20,0,1,20,0,17,0,0,0,0,0,0,0,0,1,2,10,575,79
6040,C1,18,1,13,0,0,0,0,13,0,0,0,0,0,0,1,1,12,847,76
6050,A1,2,20,0,20,0,0,0,0,20,0,0,0,0,1,0,1,13,1389,151
6050,B0,0,20,20,1,0,0,0,0,0,0,0,0,0,1,0,1,7,128,79
6050,B1,1,1,1,1,0,0,0,0,0,0,1,1,1,1,0,2,49,1218,74
6050,B2,20,0,1,20,0,18,0,0,0,0,0,0,0,1,0,2,10,595,79
6050,C1,20,1,13,0,0,0,1,13,0,0,0,0,0,1,0,1,13,871,76
6060,A1,1,20,0,20,0,0,0,0,20,0,0,0,0,1,0,1,13,1409,151
6060,B0,0,20,20,1,0,0,0,0,0,0,0,0,0,1,0,1,7,128,79
6060,B1,1,1,1,1,0,0,0,0,0,0,1,1,1,1,0,2,49,1218,74
6060,B2,20,0,1,20,0,18,0,0,0,0,0,0,0,1,0,2,10,615,79
6060,C1,20,1,13,0,0,0,1,13,0,0,0,0,0,1,0,1,13,911,76
6070,A1,1,20,0,20,0,0,0,0,20,0,0,0,0,1,0,1,13,1429,151
6070,B0,0,20,19,1,0,0,0,0,0,0,0,0,0,1,0,1,7,128,79
6070,B1,1,1,1,1,0,0,0,0,0,0,1,1,1,1,0,2,49,1218,74
6070,B2,20,0,1,20,0,18,0,0,0,0,0,0,0,1,0,2,10,635,79
6070,C1,20,1,13,0,0,0,1,13,0,0,0,0,0,1,0,1,13,951,76
6080,A1,1,20,0,20,0,0,0,0,20,0,0,0,0,0,1,1,13,1449,151
6080,B0,0,19,18,1,0,0,0,0,0,0,0,0,0,0,1,1,7,128,79
6080,B1,1,1,1,1,0,0,0,0,1,0,1,1,1,0,1,2,50,1236,74
6080,B2,20,0,1,20,0,20,0,1,0,0,0,0,0,0,1,2,11,673,79
6080,C1,20,1,13,0,0,0,1,13,0,0,0,1,0,0,1,1,13,991,76
6090,A1,2,20,0,20,0,0,0,0,20,0,0,0,0,0,1,1,13,1469,151
6090,B0,0,19,16,1,0,0,0,0,0,0,0,0,0,0,1,1,7,128,79
6090,B1,1,1,1,1,0,0,0,0,1,0,1,1,1,0,1,2,50,1256,74
6090,B2,20,0,1,20,0,20,0,1,0,0,0,0,0,0,1,2,11,713,79
6090,C1,20,1,13,0,0,0,1,13,0,0,0,1,0,0,1,1,13,1031,76
6100,A1,1,20,0,20,0,0,0,0,0,0,0,0,0,1,0,2,13,1473,171
6100,B0,0,19,17,1,0,0,0,0,0,0,0,0,0,1,0,1,7,128,79
6100,B1,2,1,1,1,0,0,0,0,1,0,1,0,1,1,0,1,50,1276,74
6100,B2,20,0,1,20,0,20,0,1,0,0,0,0,0,1,0,2,11,753,79
6100,C1,20,1,13,0,1,0,1,13,0,0,0,1,0,1,0,0,13,1071,76
6110,A1,1,20,0,20,0,0,0,0,0,0,0,0,0,1,0,2,13,1473,171
6110,B0,0,19,19,1,0,0,0,0,0,0,0,0,0,1,0,1,7,128,79
6110,B1,1,1,1,1,0,0,0,0,1,0,1,0,1,1,0,1,50,1296,74
6110,B2,20,0,2,20,0,20,0,0,0,0,0,0,0,1,0,2,11,781,80
6110,C1,20,1,14,0,1,0,1,13,0,0,0,1,0,1,0,0,13,1111,76
6120,A1,1,20,0,20,0,0,0,0,0,0,0,0,0,0,1,2,13,1473,171
6120,B0,0,19,20,1,1,0,0,0,0,0,0,0,0,0,1,0,7,128,79
6120,B1,1,1,1,1,0,0,0,0,1,0,1,0,1,0,1,1,50,1316,74
6120,B2,20,0,1,20,0,20,0,0,0,0,0,0,0,0,1,2,11,801,80
6120,C1,20,1,14,0,1,0,1,13,0,0,0,1,0,0,1,0,13,1151,76
6130,A1,2,20,0,20,0,0,0,0,0,0,0,0,0,0,1,2,13,1473,171
6130,B0,0,19,20,1,0,0,0,0,0,0,0,0,0,0,1,1,7,128,79
6130,B1,1,1,1,1,0,0,0,0,1,0,0,0,1,0,1,1,50,1336,74
6130,B2,20,0,1,20,0,0,0,0,0,0,0,0,0,0,1,1,11,805,103
6130,C1,20,1,13,0,0,0,1,12,0,0,0,1,0,0,1,1,13,1191,76
6140,A1,2,20,0,20,0,0,0,0,0,0,0,0,0,0,1,2,13,1473,171
6140,B0,0,20,19,1,0,0,0,0,0,0,0,0,0,0,1,1,7,128,79
6140,B1,1,1,1,1,0,0,0,0,1,0,0,0,1,0,1,1,50,1356,74
6140,B2,20,0,1,20,0,0,0,0,0,0,0,0,0,0,1,1,11,805,103
6140,C1,20,1,13,0,0,0,1,12,0,0,0,1,0,0,1,1,13,1231,76
6150,A1,1,20,0,20,0,0,0,0,0,0,0,0,0,1,0,2,13,1473,171
6150,B0,0,19,19,1,0,0,0,0,0,0,1,0,0,1,0,1,7,128,79
6150,B1,1,1,1,1,0,1,0,0,1,0,0,0,1,1,0,2,51,1396,74
6150,B2,20,0,1,20,0,0,0,0,0,0,0,0,0,1,0,1,11,805,103
6150,C1,20,1,13,0,0,0,0,13,0,0,0,1,0,1,0,1,13,1265,77
6160,A1,1,20,0,20,0,0,0,0,0,0,0,0,0,1,0,2,13,1473,171
6160,B0,0,19,20,1,0,0,0,0,0,0,1,0,0,1,0,1,7,128,79
6160,B1,1,1,1,1,0,1,0,0,1,0,0,0,1,1,0,2,51,1436,74
6160,B2,20,0,2,20,0,0,0,0,0,0,0,0,0,1,0,1,11,805,103
6160,C1,20,1,13,0,0,0,0,13,0,0,0,1,0,1,0,1,13,1285,77
6170,A1,1,20,0,20,0,0,0,0,20,0,0,0,0,0,1,1,14,1486,171
6170,B0,0,19,18,1,0,0,0,0,0,0,1,0,0,0,1,1,7,128,79
6170,B1,1,1,1,1,0,1,0,0,1,0,0,1,1,0,1,2,51,1476,74
6170,B2,20,0,1,20,0,0,0,0,0,0,0,0,0,0,1,1,11,805,103
6170,C1,20,1,13,0,1,0,0,13,0,0,0,1,0,0,1,0,13,1305,77
6180,A1,1,20,0,20,0,0,0,0,0,0,0,0,0,0,1,2,14,1488,191
6180,B0,0,19,18,1,0,0,0,0,0,0,1,0,0,0,1,1,7,128,79
6180,B1,1,1,1,1,0,1,0,0,1,0,0,0,1,0,1,2,51,1516,74
6180,B2,20,0,1,20,0,0,0,0,0,0,0,0,0,0,1,1,11,805,103
6180,C1,20,1,13,0,1,0,0,13,0,0,0,1,0,0,1,0,13,1325,77
6190,A1,1,19,0,20,0,0,0,0,0,0,0,0,0,1,0,2,14,1488,191
6190,B0,0,19,19,1,0,0,0,0,0,0,0,0,0,1,0,1,7,128,79
6190,B1,2,1,1,1,0,0,0,0,1,0,0,0,1,1,0,1,51,1542,75
6190,B2,20,0,1,20,0,0,0,0,0,0,0,0,0,1,0,1,11,805,103
6190,C1,20,1,13,0,0,0,1,13,0,0,0,1,0,1,0,1,14,1353,77
6200,A1,2,17,0,20,0,0,0,0,0,0,0,0,0,1,0,2,14,1488,191
6200,B0,0,19,20,1,0,0,0,0,0,0,0,0,0,1,0,1,7,128,79
6200,B1,1,1,1,1,0,0,0,0,1,0,0,0,1,1,0,1,51,1562,75
6200,B2,20,0,1,20,0,0,0,0,0,0,0,0,0,1,0,1,11,805,103
6200,C1,20,1,13,0,0,0,0,13,0,0,0,1,0,1,0,1,14,1377,78
6210,A1,1,14,0,19,0,0,0,0,0,0,0,0,0,0,1,2,14,1488,191
6210,B0,0,20,20,1,1,0,0,0,0,0,0,0,0,0,1,0,7,128,79
6210,B1,1,1,1,1,0,0,0,0,1,0,0,0,1,0,1,1,51,1582,75
6210,B2,20,0,1,20,0,0,0,0,0,0,0,0,0,0,1,1,11,805,103
6210,C1,20,1,13,0,0,0,0,13,0,0,0,1,0,0,1,1,14,1397,78
6220,A1,1,17,0,17,0,0,0,0,0,0,0,0,0,0,1,2,14,1488,191
6220,B0,0,20,20,1,1,0,0,0,0,0,0,0,0,0,1,0,7,128,79
6220,B1,1,1,1,1,0,0,0,0,0,0,0,0,1,0,1,1,51,1594,76
6220,B2,20,0,1,20,0,0,0,0,0,0,0,0,0,0,1,1,11,805,103
6220,C1,20,2,14,0,0,0,0,13,0,0,0,0,0,0,1,1,14,1417,78
6230,A1,1,19,0,18,0,0,0,0,0,0,0,0,0,0,1,2,14,1488,191
6230,B0,0,20,20,1,1,0,0,0,0,0,0,0,0,0,1,0,7,128,79
6230,B1,1,1,2,1,0,0,0,0,0,0,0,0,1,0,1,1,51,1594,76
6230,B2,20,0,1,20,0,0,0,0,0,0,0,0,0,0,1,1,11,805,103
6230,C1,20,2,14,0,0,0,0,13,0,0,0,0,0,0,1,1,14,1437,78
6240,A1,1,20,0,20,0,0,0,0,0,0,0,0,0,1,0,2,14,1488,191
6240,B0,0,20,20,1,1,0,0,0,0,0,0,0,0,1,0,0,7,128,79
6240,B1,1,1,2,1,0,0,0,0,0,0,1,0,1,1,0,1,51,1594,76
6240,B2,20,0,1,20,0,20,0,0,0,0,0,0,0,1,0,2,12,820,103
6240,C1,20,2,14,0,0,0,0,13,0,0,0,0,0,1,0,1,15,1461,79
6250,A1,1,20,0,20,0,0,0,0,0,0,0,0,0,1,0,2,14,1488,191
6250,B0,0,20,20,1,1,0,0,0,0,0,0,0,0,1,0,0,7,128,79
6250,B1,1,1,2,2,0,0,0,0,0,0,1,0,1,1,0,1,51,1594,76
6250,B2,20,0,1,20,0,20,0,0,0,0,0,0,0,1,0,2,12,840,103
6250,C1,20,1,14,0,0,0,0,13,0,0,0,0,0,1,0,1,15,1481,79
6260,A1,1,20,0,20,0,0,0,0,18,0,0,0,1,0,1,1,15,1497,191
6260,B0,0,20,20,1,1,0,0,0,0,0,0,0,0,0,1,0,7,128,79
6260,B1,1,1,2,1,0,0,0,1,0,0,1,1,1,0,1,1,53,1607,77
6260,B2,20,0,1,20,1,20,0,0,0,0,0,0,0,0,1,0,12,860,103
6260,C1,20,1,14,0,0,0,0,14,0,0,0,0,0,0,1,1,15,1501,79
6270,A1,1,20,0,19,0,0,0,0,17,0,0,0,1,0,1,1,15,1517,191
6270,B0,0,20,20,1,0,0,0,0,0,0,0,0,0,0,1,1,7,128,79
6270,B1,1,1,2,1,0,0,0,1,0,0,1,1,1,0,1,1,53,1627,77
6270,B2,20,0,1,20,1,20,0,0,0,0,0,0,0,0,1,0,12,880,103
6270,C1,19,1,14,0,0,0,0,14,0,0,0,0,0,0,1,1,15,1521,79
6280,A1,1,20,0,19,0,0,0,0,0,0,0,0,0,1,0,2,15,1527,209
6280,B0,0,20,20,1,0,0,0,0,0,0,0,0,0,1,0,1,7,128,79
6280,B1,1,1,1,1,0,0,0,0,0,0,1,0,1,1,0,1,53,1628,79
6280,B2,20,0,1,20,1,20,0,0,0,0,0,0,0,1,0,0,12,900,103
6280,C1,19,1,14,0,0,0,0,14,0,0,0,0,0,1,0,1,15,1541,79
6290,A1,1,18,0,20,0,0,0,0,0,0,0,0,0,1,0,2,15,1527,209
6290,B0,0,20,20,1,0,0,0,0,0,0,0,0,0,1,0,1,7,128,79
6290,B1,1,1,1,1,0,0,0,0,0,0,0,0,1,1,0,1,53,1628,79
6290,B2,20,0,1,20,1,0,0,0,0,0,0,0,0,1,0,0,12,902,123
6290,C1,18,1,14,0,0,0,0,14,0,0,0,0,0,1,0,1,15,1561,79
6300,A1,1,16,0,20,0,0,0,0,0,0,0,0,0,1,0,2,15,1527,209
6300,B0,0,20,20,1,0,0,0,0,0,0,0,0,0,1,0,1,7,128,79
6300,B1,1,1,1,1,0,0,0,0,0,0,0,0,1,1,0,1,53,1628,79
6300,B2,20,0,1,20,0,0,0,0,0,0,0,0,0,1,0,1,12,902,123
6300,C1,18,1,14,0,0,0,0,14,0,0,0,0,0,1,0,1,15,1581,79
6310,A1,1,18,0,19,0,0,0,0,0,0,0,0,0,0,1,2,15,1527,209
6310,B0,0,20,20,1,0,0,0,0,0,0,0,0,0,0,1,1,7,128,79
6310,B1,1,1,1,1,0,0,0,0,0,0,0,0,1,0,1,1,53,1628,79
6310,B2,20,0,1,20,0,0,0,0,0,0,0,0,0,0,1,1,12,902,123
6310,C1,20,1,14,0,0,0,0,14,0,0,0,0,0,0,1,1,15,1601,79
6320,A1,1,20,0,19,0,0,0,0,0,0,0,0,0,0,1,2,15,1527,209
6320,B0,0,20,20,1,0,0,0,0,0,0,0,0,0,0,1,1,7,128,79
6320,B1,1,1,1,1,0,0,0,0,0,0,0,0,1,0,1,1,53,1628,79
6320,B2,19,0,1,17,0,0,0,0,0,0,0,0,0,0,1,1,12,902,123
6320,C1,20,1,14,0,0,0,0,14,0,0,0,0,0,0,1,1,15,1621,79
6330,A1,1,18,0,20,0,0,0,0,0,0,0,0,0,1,0,2,15,1527,209
6330,B0,0,20,20,1,0,0,0,0,0,0,0,0,0,1,0,1,7,128,79
6330,B1,1,1,1,1,0,0,0,0,0,0,0,0,1,1,0,1,53,1628,79
6330,B2,17,0,1,17,0,0,0,0,0,0,0,0,0,1,0,1,12,902,123
6330,C1,20,1,14,0,1,0,0,14,0,0,0,0,0,1,0,0,15,1641,79
6340,A1,1,18,0,20,0,0,0,0,0,0,0,0,0,1,0,2,15,1527,209
6340,B0,0,20,20,1,0,0,0,0,0,0,0,0,0,1,0,1,7,128,79
6340,B1,1,1,1,1,0,0,0,0,0,0,0,0,1,1,0,1,53,1628,79
6340,B2,16,0,1,18,0,0,0,0,0,0,0,0,0,1,0,1,12,902,123
6340,C1,20,1,14,0,1,0,0,14,0,0,0,0,0,1,0,0,15,1661,79
6350,A1,1,19,0,20,0,0,0,0,20,0,0,0,0,0,1,1,16,1532,209
6350,B0,0,20,20,1,0,0,0,0,0,0,0,0,0,0,1,1,7,128,79
6350,B1,1,1,1,1,0,0,0,0,0,0,0,1,1,0,1,2,54,1630,80
6350,B2,17,0,1,19,0,0,0,0,0,0,0,0,0,0,1,1,12,902,123
6350,C1,20,1,14,0,1,0,0,14,0,0,0,0,0,0,1,0,15,1681,79
6360,A1,1,20,0,20,0,0,0,0,20,0,0,0,0,0,1,1,16,1552,209
6360,B0,0,20,20,1,0,0,0,0,0,0,0,0,0,0,1,1,7,128,79
6360,B1,1,1,1,1,0,0,0,0,0,0,0,1,1,0,1,2,54,1630,80
6360,B2,19,0,1,18,0,0,0,0,0,0,0,0,0,0,1,1,12,902,123
6360,C1,20,3,14,0,1,0,0,14,0,0,0,0,0,0,1,0,15,1701,79
6370,A1,1,20,0,20,0,0,0,0,0,0,0,0,0,0,1,2,16,1560,229
6370,B0,0,20,20,1,0,0,0,0,0,0,0,0,0,0,1,1,7,128,79
6370,B1,1,1,1,1,0,0,0,0,0,0,0,0,1,0,1,1,54,1630,80
6370,B2,19,0,1,19,0,0,0,0,0,0,0,0,0,0,1,1,12,902,123
6370,C1,20,1,14,0,1,0,0,14,0,0,0,0,0,0,1,0,15,1721,79
6380,A1,1,20,0,20,0,0,0,0,0,0,0,0,0,1,0,2,16,1560,229
6380,B0,0,20,20,1,0,0,0,0,0,0,0,0,0,1,0,1,7,128,79
6380,B1,1,1,1,1,0,0,0,0,0,0,1,0,0,1,0,1,54,1630,80
6380,B2,19,0,1,20,0,16,0,0,0,0,0,0,0,1,0,2,13,921,123
6380,C1,20,1,14,0,0,0,0,0,0,0,0,0,0,1,0,2,15,1721,99
6390,A1,1,20,0,20,0,0,0,0,0,0,0,0,0,1,0,2,16,1560,229
6390,B0,0,20,20,1,0,0,0,0,0,0,0,0,0,1,0,1,7,128,79
6390,B1,1,1,1,1,0,0,0,0,0,0,1,0,0,1,0,1,54,1630,80
6390,B2,19,0,1,20,0,16,0,0,0,0,0,0,0,1,0,2,13,941,123
6390,C1,20,3,14,0,0,0,0,0,0,0,0,0,0,1,0,2,15,1721,99
6400,A1,1,20,0,20,0,0,0,0,0,0,0,0,0,0,1,2,16,1560,229
6400,B0,0,20,20,1,1,0,0,0,0,0,0,0,0,0,1,0,7,128,79
6400,B1,1,1,1,2,0,0,0,0,0,0,1,0,0,0,1,1,54,1630,80
6400,B2,19,0,1,20,1,19,0,0,0,0,0,0,0,0,1,0,13,961,123
6400,C1,20,1,14,0,0,0,0,0,0,0,0,0,0,0,1,2,15,1721,99
6410,A1,1,20,0,20,0,0,0,0,0,0,0,0,0,0,1,2,16,1560,229
6410,B0,0,20,18,1,0,0,0,0,0,0,0,0,0,0,1,1,7,128,79
6410,B1,1,1,1,1,0,0,0,0,0,0,1,0,0,0,1,1,54,1630,80
6410,B2,19,0,1,18,0,19,0,0,0,0,0,0,0,0,1,2,13,981,123
6410,C1,20,1,15,0,0,0,0,0,0,0,0,0,0,0,1,2,15,1721,99
6420,A1,1,20,0,20,0,0,0,0,0,0,0,0,0,1,0,2,16,1560,229
6420,B0,0,19,18,1,0,0,0,0,0,0,0,0,0,1,0,1,7,128,79
6420,B1,1,1,1,1,0,0,0,0,0,0,1,0,0,1,0,1,54,1630,80
6420,B2,18,0,1,18,0,18,0,0,0,0,0,0,0,1,0,2,13,1001,123
6420,C1,20,1,15,0,0,0,0,0,0,0,0,0,0,1,0,2,15,1721,99
6430,A1,1,20,0,20,0,0,0,0,0,0,0,0,0,1,0,2,16,1560,229
6430,B0,0,19,19,1,0,0,0,0,0,0,0,0,0,1,0,1,7,128,79
6430,B1,1,1,1,1,0,0,0,0,0,0,1,0,0,1,0,1,54,1630,80
6430,B2,17,0,1,19,0,17,0,0,0,0,0,0,0,1,0,2,13,1021,123
6430,C1,20,1,15,0,0,0,0,0,0,0,0,0,0,1,0,2,15,1721,99
6440,A1,1,20,0,20,0,0,0,0,0,0,0,0,0,0,1,2,16,1560,229
6440,B0,0,20,20,2,0,0,0,0,0,0,0,0,0,0,1,1,7,128,79
6440,B1,1,1,1,1,0,0,0,0,0,0,0,0,1,0,1,1,54,1630,80
6440,B2,17,0,1,20,0,0,0,0,0,0,0,0,0,0,1,1,13,1021,142
6440,C1,20,1,14,0,0,0,0,14,0,0,0,0,0,0,1,1,16,1722,99
6450,A1,1,20,0,20,0,0,0,0,0,0,0,0,0,0,1,2,16,1560,229
6450,B0,0,20,20,1,0,0,0,0,0,0,0,0,0,0,1,1,7,128,79
6450,B1,1,1,1,1,0,0,0,0,0,0,0,0,1,0,1,1,54,1630,80
6450,B2,17,0,1,18,0,0,0,0,0,0,0,0,0,0,1,1,13,1021,142
6450,C1,20,1,11,0,0,0,0,11,0,0,0,0,0,0,1,1,16,1742,99
6460,A1,1,20,0,20,0,0,0,0,0,0,0,0,0,0,1,2,16,1560,229
6460,B0,0,20,20,2,0,0,0,0,0,0,0,0,0,0,1,1,7,128,79
6460,B1,1,1,1,1,0,0,0,0,0,0,0,0,1,0,1,1,54,1630,80
6460,B2,17,0,1,17,0,0,0,0,0,0,0,0,0,0,1,1,13,1021,142
6460,C1,20,1,10,0,0,0,0,10,0,0,0,0,0,0,1,1,16,1762,99
6470,A1,1,20,0,20,0,0,0,0,0,0,0,0,0,1,0,2,16,1560,229
6470,B0,0,20,20,3,0,0,0,0,0,0,0,0,0,1,0,1,7,128,79
6470,B1,1,1,1,1,0,0,0,0,0,0,0,0,1,1,0,1,55,1639,81
6470,B2,16,0,1,18,0,0,0,0,0,0,0,0,0,1,0,1,13,1021,142
6470,C1,20,1,10,0,0,0,0,9,0,0,0,0,0,1,0,1,16,1782,99
6480,A1,1,20,0,20,0,0,0,0,0,0,0,0,0,1,0,2,16,1560,229
6480,B0,0,20,20,1,0,0,0,0,0,0,0,0,0,1,0,1,7,128,79
6480,B1,1,1,1,1,0,0,0,0,0,0,0,0,1,1,0,1,55,1639,81
6480,B2,16,0,1,20,0,0,0,0,0,0,0,0,0,1,0,1,13,1021,142
6480,C1,19,1,10,0,0,0,0,9,0,0,0,0,0,1,0,1,16,1802,99
6490,A1,1,20,0,20,0,0,0,0,0,0,0,0,0,0,1,2,16,1560,229
6490,B0,0,20,20,1,0,0,0,0,0,0,0,0,0,0,1,1,7,128,79
6490,B1,1,1,1,1,0,0,0,0,0,0,0,0,1,0,1,1,55,1639,81
6490,B2,16,0,1,20,0,0,0,0,0,0,0,0,0,0,1,1,13,1021,142
6490,C1,19,1,11,0,0,0,0,9,0,0,0,0,0,0,1,1,16,1822,99
6500,A1,1,20,0,20,0,0,0,0,0,0,0,0,0,0,1,2,16,1560,229
6500,B0,0,20,20,1,0,0,0,0,0,0,0,0,0,0,1,1,7,128,79
6500,B1,1,1,1,1,0,0,0,0,0,0,0,0,1,0,1,1,55,1639,81
6500,B2,16,0,1,20,0,0,0,0,0,0,0,0,0,0,1,1,13,1021,142
6500,C1,19,1,11,0,0,0,0,9,0,0,0,0,0,0,1,1,16,1842,99
6510,A1,2,20,0,20,0,0,0,0,0,0,0,0,0,1,0,2,16,1560,229
6510,B0,0,20,20,1,0,0,0,0,0,0,0,0,0,1,0,1,7,128,79
6510,B1,1,1,1,1,0,0,0,0,0,0,1,0,1,1,0,1,55,1639,81
6510,B2,16,0,1,20,0,16,0,0,0,0,0,0,0,1,0,2,14,1024,142
6510,C1,20,2,11,0,0,0,0,11,0,0,0,0,0,1,0,1,16,1862,99
6520,A1,2,20,0,20,0,0,0,0,0,0,0,0,0,1,0,2,16,1560,229
6520,B0,0,20,20,1,0,0,0,0,0,0,0,0,0,1,0,1,7,128,79
6520,B1,3,1,1,1,0,0,0,0,0,0,1,0,1,1,0,2,55,1639,81
6520,B2,16,0,1,20,0,16,0,0,0,0,0,0,0,1,0,2,14,1044,142
6520,C1,18,1,11,0,0,0,0,11,0,0,0,0,0,1,0,1,16,1882,99
6530,A1,1,20,0,20,0,0,0,0,0,0,0,0,0,1,0,2,16,1560,229
6530,B0,0,20,20,1,0,0,0,0,0,0,0,0,0,1,0,1,7,128,79
6530,B1,1,1,1,1,0,0,0,0,0,0,1,0,1,1,0,1,55,1639,81
6530,B2,16,0,1,20,0,16,0,0,0,0,0,0,0,1,0,2,14,1064,142
6530,C1,16,1,11,0,0,0,0,11,0,0,0,0,0,1,0,1,16,1902,99
6540,A1,2,20,0,20,0,0,0,0,20,0,0,0,0,0,1,1,17,1577,229
6540,B0,0,20,20,1,0,0,0,0,1,0,0,0,0,0,1,1,8,146,79
6540,B1,1,1,1,2,0,0,0,0,0,0,1,1,1,0,1,2,55,1639,81
6540,B2,16,0,1,20,0,16,0,0,0,0,0,0,0,0,1,2,15,1090,143
6540,C1,18,1,9,0,0,0,0,9,0,0,0,0,0,0,1,1,16,1922,99
6550,A1,1,20,0,20,0,0,0,0,20,0,0,0,0,0,1,1,17,1597,229
6550,B0,0,20,20,1,0,0,0,0,1,0,0,0,0,0,1,1,8,166,79
6550,B1,1,1,1,1,0,0,0,0,0,0,0,1,1,0,1,2,55,1639,81
6550,B2,16,0,1,20,0,0,0,0,0,0,0,0,0,0,1,1,15,1094,159
6550,C1,19,1,10,0,0,0,0,9,0,0,0,0,0,0,1,1,16,1942,99
6560,A1,1,20,0,20,0,0,0,0,20,0,0,0,0,1,0,1,17,1617,229
6560,B0,0,20,20,1,0,0,0,0,1,0,0,0,0,1,0,1,8,186,79
6560,B1,2,1,1,1,0,0,0,0,0,0,0,1,1,1,0,2,55,1639,81
6560,B2,16,0,1,20,0,0,0,0,0,0,0,0,0,1,0,1,15,1094,159
6560,C1,20,1,10,0,0,0,0,9,0,0,0,0,0,1,0,1,16,1962,99
6570,A1,1,20,0,20,0,0,0,0,20,0,0,0,0,1,0,1,17,1637,229
6570,B0,0,20,20,1,0,0,0,0,0,0,0,0,0,1,0,1,8,190,80
6570,B1,1,1,1,1,0,0,0,0,0,0,0,1,1,1,0,2,55,1639,81
6570,B2,16,0,1,20,0,0,0,0,0,0,0,0,0,1,0,1,15,1094,159
6570,C1,20,1,10,0,0,0,0,9,0,0,0,0,0,1,0,1,16,1982,99
6580,A1,1,20,0,20,0,0,0,0,20,0,0,0,1,0,1,1,17,1657,229
6580,B0,0,20,20,1,0,0,0,0,0,0,0,0,0,0,1,1,8,190,80
6580,B1,1,1,1,1,0,0,0,1,0,0,0,1,1,0,1,2,56,1644,81
6580,B2,17,0,1,20,0,0,0,0,0,0,0,0,0,0,1,1,15,1094,159
6580,C1,18,1,9,0,0,0,0,9,0,0,0,0,0,0,1,1,16,2002,99
6590,A1,1,20,0,19,0,0,0,0,19,0,0,0,1,0,1,1,17,1677,229
6590,B0,0,20,20,1,0,0,0,0,0,0,0,0,0,0,1,1,8,190,80
6590,B1,1,1,1,1,0,0,0,1,0,0,0,1,1,0,1,2,56,1664,81
6590,B2,17,0,1,20,0,0,0,0,0,0,0,0,0,0,1,1,15,1094,159
6590,C1,18,1,8,0,0,0,0,8,0,0,0,0,0,0,1,1,16,2022,99
6600,A1,1,20,0,19,0,0,0,0,0,0,0,0,1,0,1,2,17,1691,249
6600,B0,0,20,20,1,0,0,0,0,0,0,0,0,0,0,1,1,8,190,80
6600,B1,1,1,1,1,0,0,0,1,0,0,0,0,0,0,1,1,56,1684,81
6600,B2,18,0,1,20,0,0,0,0,0,0,0,0,0,0,1,1,15,1094,159
6600,C1,20,1,8,0,0,0,0,0,0,0,0,0,0,0,1,2,16,2028,116
6610,A1,1,20,0,19,0,0,0,0,0,0,0,0,1,1,0,2,17,1691,249
6610,B0,0,19,20,1,0,0,0,0,0,0,0,0,0,1,0,1,8,190,80
6610,B1,1,1,1,1,0,0,0,1,0,0,0,0,0,1,0,1,56,1704,81
6610,B2,18,0,1,20,0,0,0,0,0,0,0,0,0,1,0,1,15,1094,159
6610,C1,20,1,8,0,0,0,0,0,0,0,0,0,0,1,0,2,16,2028,116
6620,A1,1,20,0,20,0,0,0,0,0,0,0,0,1,1,0,2,17,1691,249
6620,B0,0,19,20,1,0,0,0,0,0,0,0,0,0,1,0,1,8,190,80
6620,B1,1,1,1,1,0,0,0,1,0,0,0,0,0,1,0,1,56,1724,81
6620,B2,18,0,3,20,0,0,0,0,0,0,0,0,0,1,0,1,15,1094,159
6620,C1,20,2,8,0,0,0,0,0,0,0,0,0,0,1,0,2,16,2028,116
6630,A1,2,20,0,20,0,0,0,0,0,0,0,0,1,0,1,2,17,1691,249
6630,B0,0,19,20,1,0,0,0,0,0,0,0,0,0,0,1,1,8,190,80
6630,B1,1,1,1,1,0,0,0,1,1,0,0,0,0,0,1,1,57,1757,81
6630,B2,18,0,1,20,0,0,0,0,0,0,0,0,0,0,1,1,15,1094,159
6630,C1,20,2,8,0,0,0,0,0,0,0,0,1,0,0,1,2,16,2028,116
6640,A1,1,19,0,20,0,0,0,0,0,0,0,0,1,0,1,2,17,1691,249
6640,B0,0,19,19,1,0,0,0,0,0,0,0,0,0,0,1,1,8,190,80
6640,B1,1,1,1,1,0,0,0,1,1,0,0,0,0,0,1,1,57,1797,81
6640,B2,18,0,1,20,0,0,0,0,0,0,0,0,0,0,1,1,15,1094,159
6640,C1,20,2,9,0,0,0,0,0,0,0,0,1,0,0,1,2,16,2028,116
6650,A1,1,19,0,20,0,0,0,0,0,0,0,0,1,1,0,2,17,1691,249
6650,B0,0,18,18,1,0,0,0,0,0,0,0,0,0,1,0,1,8,190,80
6650,B1,1,1,1,1,0,0,0,1,1,0,1,0,0,1,0,1,57,1837,81
6650,B2,18,0,1,20,0,18,0,0,0,0,0,0,0,1,0,2,16,1101,159
6650,C1,20,1,9,0,0,0,1,0,0,0,0,1,0,1,0,2,17,2036,116
6660,A1,1,19,0,20,0,0,0,0,0,0,0,0,1,1,0,2,17,1691,249
6660,B0,0,19,18,1,0,0,0,0,0,0,0,0,0,1,0,1,8,190,80
6660,B1,1,1,1,1,0,0,0,1,1,0,1,0,0,1,0,1,57,1877,81
6660,B2,18,0,1,20,0,18,0,0,0,0,0,0,0,1,0,2,16,1121,159
6660,C1,20,1,9,0,0,0,0,0,0,0,0,1,0,1,0,2,17,2042,118
6670,A1,1,20,0,20,0,0,0,0,20,0,0,0,1,0,1,1,18,1692,249
6670,B0,0,20,20,1,0,0,0,0,0,0,0,0,0,0,1,1,8,190,80
6670,B1,1,1,1,1,0,0,0,1,0,0,1,1,1,0,1,2,57,1911,82
6670,B2,18,0,1,20,0,18,0,0,0,0,0,0,0,0,1,2,16,1141,159
6670,C1,20,1,9,0,0,0,0,9,0,0,0,0,0,0,1,1,18,2043,118
6680,A1,1,19,0,20,0,0,0,0,20,0,0,0,0,0,1,1,18,1712,249
6680,B0,0,20,20,1,0,0,0,0,0,0,0,0,0,0,1,1,8,190,80
6680,B1,1,1,3,1,0,0,0,0,0,0,1,1,1,0,1,2,57,1911,83
6680,B2,18,0,1,20,0,18,0,0,0,0,0,0,0,0,1,2,16,1161,159
6680,C1,20,1,9,0,0,0,0,9,0,0,0,0,0,0,1,1,18,2063,118
6690,A1,2,19,0,20,0,0,0,0,20,0,0,0,0,0,1,1,18,1732,249
6690,B0,0,20,20,1,0,0,0,0,0,0,0,0,0,0,1,1,8,190,80
6690,B1,1,1,2,1,0,0,0,0,0,0,1,1,1,0,1,2,57,1911,83
6690,B2,18,0,1,20,0,18,0,0,0,0,0,0,0,0,1,2,16,1181,159
6690,C1,20,1,9,0,0,0,0,9,0,0,0,0,0,0,1,1,18,2083,118
6700,A1,1,19,0,20,0,0,0,0,20,0,0,0,0,1,0,1,18,1752,249
6700,B0,0,19,20,1,0,0,0,0,0,0,0,0,0,1,0,1,8,190,80
6700,B1,1,1,2,1,0,0,0,0,0,0,1,1,1,1,0,2,57,1911,83
6700,B2,18,0,1,20,0,18,0,0,0,0,0,0,0,1,0,2,16,1201,159
6700,C1,20,1,9,0,0,0,0,9,0,0,0,0,0,1,0,1,18,2103,118
6710,A1,1,19,0,20,0,0,0,0,20,0,0,0,0,1,0,1,18,1772,249
6710,B0,0,19,20,1,0,0,0,0,0,0,0,0,0,1,0,1,8,190,80
6710,B1,1,1,2,1,0,0,0,0,0,0,0,1,0,1,0,1,57,1911,83
6710,B2,18,0,1,20,0,0,0,0,0,0,0,0,0,1,0,1,16,1213,177
6710,C1,20,1,9,0,0,0,0,0,0,0,0,0,0,1,0,2,18,2105,127
6720,A1,2,20,0,20,0,0,0,0,20,0,0,0,0,0,1,1,18,1792,249
6720,B0,0,20,20,1,0,0,0,0,0,0,0,0,0,0,1,1,9,194,81
6720,B1,1,1,1,1,0,0,0,0,0,0,0,1,0,0,1,1,58,1920,85
6720,B2,19,0,1,20,0,0,0,1,0,0,0,0,0,0,1,1,17,1223,177
6720,C1,20,1,9,0,0,0,0,0,0,0,0,0,0,0,1,2,18,2105,127
6730,A1,1,20,0,20,0,0,0,0,20,0,0,0,0,0,1,1,18,1812,249
6730,B0,0,20,20,1,0,0,0,0,0,0,0,0,0,0,1,1,9,194,81
6730,B1,1,1,1,1,0,0,0,0,0,0,0,1,0,0,1,1,58,1920,85
6730,B2,19,0,1,20,0,0,0,1,0,0,0,0,0,0,1,1,17,1243,177
6730,C1,20,1,9,0,0,0,0,0,0,0,0,0,0,0,1,2,18,2105,127
6740,A1,1,20,0,20,0,0,0,0,20,0,0,0,0,1,0,1,18,1832,249
6740,B0,0,20,20,1,0,0,0,0,0,0,0,0,0,1,0,1,9,194,81
6740,B1,1,1,1,1,0,0,0,0,0,0,0,1,0,1,0,1,58,1920,85
6740,B2,19,0,1,20,0,0,0,1,0,0,0,0,0,1,0,1,17,1263,177
6740,C1,20,1,9,0,0,0,0,0,0,0,0,0,0,1,0,2,18,2105,127
6750,A1,1,20,0,20,0,0,0,0,20,0,0,0,0,1,0,1,18,1852,249
6750,B0,0,20,20,1,0,0,0,0,0,0,0,0,0,1,0,1,9,194,81
6750,B1,1,1,1,1,0,0,0,0,0,0,0,1,0,1,0,1,58,1920,85
6750,B2,19,0,1,20,0,0,0,0,0,0,0,0,0,1,0,1,17,1277,178
6750,C1,20,1,9,0,0,0,0,0,0,0,0,0,0,1,0,2,18,2105,127
6760,A1,1,20,0,20,0,0,0,0,20,0,0,0,0,1,0,1,18,1872,249
6760,B0,0,20,20,1,0,0,0,0,0,0,0,0,0,1,0,1,9,194,81
6760,B1,1,1,1,1,0,0,0,0,0,0,0,1,0,1,0,1,58,1920,85
6760,B2,19,0,1,20,0,0,0,0,0,0,0,0,0,1,0,1,17,1277,178
6760,C1,20,1,9,0,0,0,0,0,0,0,0,0,0,1,0,2,18,2105,127
6770,A1,1,20,0,20,0,0,0,0,20,0,0,0,1,0,1,1,18,1892,249
6770,B0,0,20,20,2,0,0,0,0,0,0,0,0,0,0,1,1,9,194,81
6770,B1,1,1,1,1,0,0,0,1,0,0,0,1,0,0,1,1,59,1938,85
6770,B2,18,0,1,20,0,0,0,0,0,0,0,0,0,0,1,1,17,1277,178
6770,C1,19,1,9,0,0,0,0,0,0,0,0,0,0,0,1,2,18,2105,127
6780,A1,1,20,0,19,0,0,0,0,19,0,0,0,1,0,1,1,18,1912,249
6780,B0,0,20,20,2,0,0,0,0,0,0,0,0,0,0,1,1,9,194,81
6780,B1,1,1,1,1,0,0,0,1,0,0,0,1,0,0,1,1,59,1958,85
6780,B2,18,0,1,19,0,0,0,0,0,0,0,0,0,0,1,1,17,1277,178
6780,C1,19,1,9,0,0,0,0,0,0,0,0,0,0,0,1,2,18,2105,127
6790,A1,1,20,0,19,0,0,0,0,19,0,0,0,1,1,0,1,18,1932,249
6790,B0,0,20,20,1,0,0,0,0,0,0,0,0,0,1,0,1,9,194,81
6790,B1,1,1,1,1,0,0,0,1,0,0,0,1,0,1,0,1,59,1978,85
6790,B2,18,0,1,19,0,0,0,0,0,0,0,0,0,1,0,1,17,1277,178
6790,C1,19,1,9,0,0,0,0,0,0,0,0,0,0,1,0,2,18,2105,127
6800,A1,1,20,0,20,0,0,0,0,19,0,0,0,1,1,0,1,18,1952,249
6800,B0,0,20,20,1,0,0,0,0,0,0,0,0,0,1,0,1,9,194,81
6800,B1,1,1,1,1,0,0,0,1,0,0,0,1,0,1,0,1,59,1998,85
6800,B2,18,0,2,20,0,0,0,0,0,0,0,0,0,1,0,1,17,1277,178
6800,C1,19,1,9,0,0,0,0,0,0,0,0,0,0,1,0,2,18,2105,127
6810,A1,1,20,0,20,0,0,0,0,19,0,0,0,0,0,1,1,18,1972,249
6810,B0,0,20,20,1,0,0,0,0,1,0,0,0,0,0,1,1,10,200,81
6810,B1,1,1,1,1,0,0,0,0,0,0,0,1,1,0,1,2,59,2008,86
6810,B2,18,0,1,20,0,0,0,0,0,0,0,0,0,0,1,1,17,1277,178
6810,C1,20,1,9,0,0,0,0,9,0,0,0,0,0,0,1,1,19,2110,127
6820,A1,1,20,0,20,0,0,0,0,0,0,0,0,0,0,1,2,18,1982,269
6820,B0,0,20,20,1,0,0,0,0,0,0,0,0,0,0,1,1,10,210,82
6820,B1,1,1,1,1,0,0,0,0,0,0,0,0,1,0,1,1,59,2008,86
6820,B2,18,0,1,20,0,0,0,0,0,0,0,0,0,0,1,1,17,1277,178
6820,C1,20,2,9,0,0,0,0,9,0,0,0,0,0,0,1,1,19,2130,127
6830,A1,1,20,0,20,0,0,0,0,0,0,0,0,0,0,1,2,18,1982,269
6830,B0,0,20,20,1,0,0,0,0,0,0,0,0,0,0,1,1,10,210,82
6830,B1,1,2,1,1,0,0,0,0,0,0,0,0,1,0,1,2,59,2008,86
6830,B2,18,0,1,19,0,0,0,0,0,0,0,0,0,0,1,1,17,1277,178
6830,C1,20,3,9,0,0,0,0,9,0,0,0,0,0,0,1,1,19,2150,127
6840,A1,1,20,0,20,0,0,0,0,0,0,0,0,0,1,0,2,18,1982,269
6840,B0,0,20,20,1,0,0,0,0,0,0,0,0,0,1,0,1,10,210,82
6840,B1,1,1,1,1,0,0,0,0,0,0,1,0,0,1,0,1,61,2012,88
6840,B2,18,0,1,19,0,18,0,0,0,0,0,0,0,1,0,2,18,1296,178
6840,C1,20,2,9,0,0,0,0,0,0,0,0,0,0,1,0,2,20,2168,137
6850,A1,1,20,0,20,0,0,0,0,0,0,0,0,0,1,0,2,18,1982,269
6850,B0,0,20,20,2,0,0,0,0,0,0,0,0,0,1,0,1,10,210,82
6850,B1,1,1,1,1,0,0,0,0,0,0,1,0,0,1,0,1,61,2012,88
6850,B2,18,0,1,20,0,18,0,0,0,0,0,0,0,1,0,2,18,1316,178
6850,C1,20,1,9,0,0,0,0,0,0,0,0,0,0,1,0,2,20,2168,137
6860,A1,1,20,0,20,0,0,0,0,0,0,0,0,0,0,1,2,18,1982,269
6860,B0,0,20,20,1,0,0,0,0,0,0,0,0,0,0,1,1,11,212,83
6860,B1,1,1,1,1,0,0,0,0,0,0,1,0,0,0,1,1,61,2012,88
6860,B2,18,0,1,20,0,18,0,0,0,0,0,0,0,0,1,2,18,1336,178
6860,C1,20,1,10,0,0,0,0,0,0,0,0,0,0,0,1,2,20,2168,137
6870,A1,1,20,0,20,0,0,0,0,0,0,0,0,0,0,1,2,18,1982,269
6870,B0,0,20,20,1,0,0,0,0,0,0,0,0,0,0,1,1,11,212,83
6870,B1,1,1,1,1,0,0,0,0,0,0,1,0,0,0,1,1,61,2012,88
6870,B2,19,0,1,20,0,18,0,0,0,0,0,0,0,0,1,2,18,1356,178
6870,C1,20,2,10,0,0,0,0,0,0,0,0,0,0,0,1,2,20,2168,137
6880,A1,1,20,0,20,0,0,0,0,0,0,0,0,0,1,0,2,18,1982,269
6880,B0,0,20,20,1,0,0,0,0,0,0,0,0,0,1,0,1,11,212,83
6880,B1,1,1,1,1,0,0,0,0,0,0,1,0,0,1,0,1,61,2012,88
6880,B2,19,0,1,20,0,18,0,0,0,0,0,0,0,1,0,2,18,1376,178
6880,C1,20,1,10,0,0,0,0,0,0,0,0,0,0,1,0,2,21,2170,138
6890,A1,1,20,0,20,0,0,0,0,0,0,0,0,0,1,0,2,18,1982,269
6890,B0,0,20,20,1,0,0,0,0,0,0,0,0,0,1,0,1,11,212,83
6890,B1,1,1,1,1,0,0,0,0,0,0,1,0,0,1,0,1,61,2012,88
6890,B2,19,0,1,20,0,18,0,0,0,0,0,0,0,1,0,2,18,1396,178
6890,C1,20,1,10,0,0,0,0,0,0,0,0,0,0,1,0,2,21,2170,138
6900,A1,1,20,0,20,1,0,0,0,0,0,0,0,0,0,1,0,18,1982,269
6900,B0,0,20,20,1,1,0,0,0,0,0,0,0,0,0,1,0,11,212,83
6900,B1,1,1,1,1,0,0,0,0,0,0,1,0,1,0,1,1,61,2012,88
6900,B2,19,0,1,20,1,19,0,0,0,0,0,0,0,0,1,0,18,1416,178
6900,C1,20,1,9,0,0,0,0,9,0,0,0,0,0,0,1,1,22,2171,138
6910,A1,1,20,0,20,0,0,0,0,0,0,0,0,0,0,1,2,18,1982,269
6910,B0,0,20,20,1,1,0,0,0,0,0,0,0,0,0,1,0,11,212,83
6910,B1,1,1,1,1,0,0,0,0,0,0,1,0,1,0,1,1,61,2012,88
6910,B2,19,0,1,20,0,19,0,0,0,0,0,0,0,0,1,2,18,1436,178
6910,C1,20,1,9,0,0,0,0,9,0,0,0,0,0,0,1,1,22,2191,138
6920,A1,1,20,0,20,0,0,0,0,0,0,0,0,0,0,1,2,18,1982,269
6920,B0,0,20,18,1,0,0,0,0,0,0,0,0,0,0,1,1,11,212,83
6920,B1,1,1,1,1,0,0,0,0,0,0,1,0,1,0,1,1,61,2012,88
6920,B2,19,0,1,20,0,19,0,0,0,0,0,0,0,0,1,2,18,1456,178
6920,C1,20,1,9,0,0,0,0,9,0,0,0,0,0,0,1,1,22,2211,138
6930,A1,1,20,0,20,0,0,0,0,0,0,0,0,0,1,0,2,18,1982,269
6930,B0,0,20,18,1,0,0,0,0,0,0,1,0,0,1,0,1,11,212,83
6930,B1,1,1,1,1,0,1,0,0,0,0,1,0,1,1,0,2,62,2028,88
6930,B2,19,0,2,20,0,19,0,0,0,0,0,0,0,1,0,2,18,1476,178
6930,C1,20,1,9,0,0,0,0,9,0,0,0,0,0,1,0,1,22,2231,138
6940,A1,1,20,0,20,0,0,0,0,0,0,0,0,0,1,0,2,18,1982,269
6940,B0,0,20,19,2,0,0,0,0,0,0,1,0,0,1,0,1,11,212,83
6940,B1,1,1,1,1,0,1,0,0,0,0,1,0,1,1,0,2,62,2048,88
6940,B2,19,0,1,20,0,19,0,0,0,0,0,0,0,1,0,2,18,1496,178
6940,C1,20,1,9,0,0,0,0,9,0,0,0,0,0,1,0,1,22,2251,138
6950,A1,1,20,0,20,0,0,0,0,0,0,0,0,0,0,1,2,18,1982,269
6950,B0,0,20,20,1,0,0,0,0,0,0,0,0,0,0,1,1,12,216,84
6950,B1,1,1,1,1,0,0,0,0,0,0,1,0,1,0,1,1,62,2050,89
6950,B2,19,0,1,20,0,19,0,0,0,0,0,0,0,0,1,2,18,1516,178
6950,C1,20,1,9,0,0,0,0,9,0,0,0,0,0,0,1,1,22,2271,138
6960,A1,1,19,0,20,0,0,0,0,0,0,0,0,0,0,1,2,18,1982,269
6960,B0,0,20,20,1,0,0,0,0,0,0,0,0,0,0,1,1,12,216,84
6960,B1,1,1,1,1,0,0,0,0,0,0,1,0,1,0,1,1,62,2050,89
6960,B2,20,0,1,20,0,19,0,0,0,0,0,0,0,0,1,2,18,1536,178
6960,C1,20,1,9,0,0,0,0,9,0,0,0,0,0,0,1,1,22,2291,138
6970,A1,1,19,0,20,0,0,0,0,0,0,0,0,0,1,0,2,18,1982,269
6970,B0,0,20,20,1,0,0,0,0,0,0,1,0,0,1,0,1,12,216,84
6970,B1,1,1,1,1,0,1,0,0,0,0,1,0,1,1,0,2,63,2054,89
6970,B2,20,0,2,20,0,19,0,0,0,0,0,0,0,1,0,2,18,1556,178
6970,C1,20,1,9,0,1,0,0,9,0,0,0,0,0,1,0,0,22,2311,138
6980,A1,1,19,0,20,0,0,0,0,0,0,0,0,0,1,0,2,18,1982,269
6980,B0,0,20,20,1,0,0,0,0,0,0,0,0,0,1,0,1,12,216,84
6980,B1,1,1,1,1,0,0,0,0,0,0,1,0,1,1,0,1,63,2063,90
6980,B2,20,0,1,20,0,19,0,0,0,0,0,0,0,1,0,2,18,1576,178
6980,C1,20,1,9,0,0,0,0,9,0,0,0,0,0,1,0,1,22,2331,138
6990,A1,1,20,0,20,0,0,0,0,0,0,0,0,0,1,0,2,18,1982,269
6990,B0,0,20,20,1,0,0,0,0,0,0,0,0,0,1,0,1,12,216,84
6990,B1,1,1,1,1,0,0,0,0,0,0,1,0,1,1,0,1,63,2063,90
6990,B2,20,0,1,20,0,19,0,0,0,0,0,0,0,1,0,2,18,1596,178
6990,C1,20,1,9,0,0,0,0,9,0,0,0,0,0,1,0,1,22,2351,138
7000,A1,1,20,0,20,0,0,0,0,20,0,0,0,0,0,1,1,19,1999,269
7000,B0,0,19,20,1,0,0,0,0,0,0,0,0,0,0,1,1,12,216,84
7000,B1,1,1,1,1,0,0,0,0,0,0,0,1,1,0,1,2,63,2063,90
7000,B2,20,0,1,20,0,0,0,0,0,0,0,0,0,0,1,1,18,1606,198
7000,C1,20,1,9,0,0,0,0,9,0,0,0,0,0,0,1,1,22,2371,138
7010,A1,1,20,0,20,0,0,0,0,20,0,0,0,0,0,1,1,19,2019,269
7010,B0,0,19,20,1,0,0,0,0,0,0,0,0,0,0,1,1,12,216,84
7010,B1,1,1,1,1,0,0,0,0,0,0,0,1,1,0,1,2,63,2063,90
7010,B2,20,0,1,20,0,0,0,0,0,0,0,0,0,0,1,1,18,1606,198
7010,C1,20,2,9,0,0,0,0,9,0,0,0,0,0,0,1,1,22,2391,138
7020,A1,1,20,0,20,0,0,0,0,20,0,0,0,0,1,0,1,19,2039,269
7020,B0,0,19,20,1,0,0,0,0,0,0,0,0,0,1,0,1,12,216,84
7020,B1,1,1,1,1,0,0,0,0,0,0,0,1,1,1,0,2,63,2063,90
7020,B2,20,0,1,20,0,0,0,0,0,0,0,0,0,1,0,1,18,1606,198
7020,C1,20,1,9,0,0,0,0,9,0,0,0,0,0,1,0,1,22,2411,138
7030,A1,1,20,0,20,0,0,0,0,20,0,0,0,0,1,0,1,19,2059,269
7030,B0,0,19,20,1,0,0,0,0,0,0,0,0,0,1,0,1,12,216,84
7030,B1,1,1,1,1,0,0,0,0,0,0,0,1,1,1,0,2,63,2063,90
7030,B2,20,0,1,20,0,0,0,0,0,0,0,0,0,1,0,1,18,1606,198
7030,C1,20,1,9,0,0,0,0,9,0,0,0,0,0,1,0,1,22,2431,138
7040,A1,1,20,0,20,0,0,0,0,20,0,0,0,0,0,1,1,19,2079,269
7040,B0,0,19,20,1,0,0,0,0,0,0,0,0,0,0,1,1,12,216,84
7040,B1,1,1,1,1,0,0,0,0,0,0,0,1,1,0,1,2,63,2063,90
7040,B2,20,0,1,20,0,0,0,1,0,0,0,0,0,0,1,1,19,1612,198
7040,C1,20,1,9,0,0,0,0,9,0,0,0,0,0,0,1,1,22,2451,138
7050,A1,1,20,0,20,0,0,0,0,20,0,0,0,0,0,1,1,19,2099,269
7050,B0,0,19,20,1,0,0,0,0,0,0,0,0,0,0,1,1,12,216,84
7050,B1,1,1,1,1,0,0,0,0,0,0,0,1,1,0,1,2,63,2063,90
7050,B2,20,0,1,20,0,0,0,1,0,0,0,0,0,0,1,1,19,1632,198
7050,C1,20,1,9,0,0,0,0,9,0,0,0,0,0,0,1,1,22,2471,138
7060,A1,1,20,0,20,0,0,0,0,20,0,0,0,0,0,1,1,19,2119,269
7060,B0,0,19,20,1,0,0,0,0,0,0,0,0,0,0,1,1,12,216,84
7060,B1,1,1,1,1,0,0,0,0,0,0,0,1,1,0,1,2,63,2063,90
7060,B2,20,0,1,20,0,0,0,1,0,0,0,0,0,0,1,1,19,1652,198
7060,C1,20,1,9,0,0,0,0,9,0,0,0,0,0,0,1,1,22,2491,138
7070,A1,2,20,0,20,0,0,0,0,20,0,0,0,0,1,0,1,19,2139,269
7070,B0,0,20,20,1,0,0,0,0,0,0,0,0,0,1,0,1,12,216,84
7070,B1,1,1,1,1,0,0,0,0,0,0,1,1,1,1,0,2,63,2063,90
7070,B2,20,0,1,20,0,20,0,1,0,0,0,0,0,1,0,2,20,1691,198
7070,C1,20,1,9,0,0,0,0,9,0,0,0,0,0,1,0,1,22,2511,138
7080,A1,1,20,0,19,0,0,0,0,19,0,0,0,0,1,0,1,19,2159,269
7080,B0,0,20,20,1,0,0,0,0,0,0,0,0,0,1,0,1,12,216,84
7080,B1,1,1,1,1,0,0,0,0,0,0,1,1,1,1,0,2,63,2063,90
7080,B2,20,0,1,20,0,20,0,0,0,0,0,0,0,1,0,2,20,1711,199
7080,C1,20,1,9,0,0,0,0,9,0,0,0,0,0,1,0,1,22,2531,138
7090,A1,1,20,0,19,0,0,0,0,19,0,0,0,0,0,1,1,19,2179,269
7090,B0,0,20,20,1,0,0,0,0,0,0,0,0,0,0,1,1,12,216,84
7090,B1,1,1,1,1,0,0,0,0,0,0,1,1,1,0,1,2,63,2063,90
7090,B2,19,0,1,20,0,19,0,0,0,0,0,0,0,0,1,2,20,1731,199
7090,C1,20,1,9,0,0,0,0,9,0,0,0,0,0,0,1,1,22,2551,138
7100,A1,1,20,0,20,0,0,0,0,19,0,0,0,0,0,1,1,19,2199,269
7100,B0,0,20,20,1,0,0,0,0,0,0,0,0,0,0,1,1,12,216,84
7100,B1,1,1,2,1,0,0,0,0,0,0,1,1,1,0,1,2,63,2063,90
7100,B2,19,0,1,20,0,19,0,0,0,0,0,0,0,0,1,2,20,1751,199
7100,C1,20,2,9,0,0,0,0,9,0,0,0,0,0,0,1,1,22,2571,138
7110,A1,1,20,0,20,0,0,0,0,19,0,0,0,0,1,0,1,19,2219,269
7110,B0,0,20,20,1,0,0,0,0,0,0,1,0,0,1,0,1,12,216,84
7110,B1,1,1,1,1,0,1,0,0,0,0,1,1,1,1,0,2,64,2071,90
7110,B2,19,0,1,20,0,19,0,0,0,0,0,0,0,1,0,2,20,1771,199
7110,C1,20,1,9,0,0,0,0,9,0,0,0,0,0,1,0,1,22,2591,138
7120,A1,1,20,0,20,0,0,0,0,19,0,0,0,0,1,0,1,19,2239,269
7120,B0,0,20,20,1,0,0,0,0,0,0,0,0,0,1,0,1,12,216,84
7120,B1,1,1,2,1,0,0,0,0,0,0,1,1,0,1,0,1,64,2085,91
7120,B2,19,0,1,20,0,19,0,0,0,0,0,0,0,1,0,2,20,1791,199
7120,C1,20,1,9,0,0,0,0,0,0,0,0,0,0,1,0,2,22,2607,147
7130,A1,1,20,0,20,0,0,0,0,20,0,0,0,1,0,1,1,19,2259,269
7130,B0,0,20,20,1,0,0,0,0,0,0,0,0,0,0,1,1,12,216,84
7130,B1,1,1,2,1,0,0,0,1,0,0,0,1,0,0,1,1,65,2087,91
7130,B2,19,0,1,19,0,0,0,0,0,0,0,0,0,0,1,1,20,1809,219
7130,C1,20,1,9,0,0,0,0,0,0,0,0,0,0,0,1,2,22,2607,147
7140,A1,1,20,0,19,0,0,0,0,19,0,0,0,0,0,1,1,19,2279,269
7140,B0,0,20,20,1,0,0,0,0,0,0,0,0,0,0,1,1,12,216,84
7140,B1,1,1,1,1,0,0,0,0,0,0,0,1,0,0,1,1,65,2087,92
7140,B2,19,0,1,18,0,0,0,0,0,0,0,0,0,0,1,1,20,1809,219
7140,C1,20,1,9,0,0,0,0,0,0,0,0,0,0,0,1,2,22,2607,147
7150,A1,1,20,0,19,0,0,0,0,19,0,0,0,0,0,1,1,19,2299,269
7150,B0,0,20,20,1,0,0,0,0,0,0,0,0,0,0,1,1,12,216,84
7150,B1,1,1,1,1,0,0,0,0,0,0,0,1,0,0,1,1,65,2087,92
7150,B2,19,0,1,19,0,0,0,0,0,0,0,0,0,0,1,1,20,1809,219
7150,C1,20,1,9,0,0,0,0,0,0,0,0,0,0,0,1,2,22,2607,147
7160,A1,1,20,0,20,0,0,0,0,19,0,0,0,0,1,0,1,19,2319,269
7160,B0,0,20,20,1,0,0,0,0,0,0,1,0,0,1,0,1,12,216,84
7160,B1,1,1,1,1,0,1,0,0,0,0,0,1,0,1,0,2,66,2103,92
7160,B2,19,0,1,20,0,0,0,0,0,0,0,0,0,1,0,1,20,1809,219
7160,C1,20,1,9,0,0,0,0,0,0,0,0,0,0,1,0,2,22,2607,147
7170,A1,1,20,0,20,0,0,0,0,19,0,0,0,0,1,0,1,19,2339,269
7170,B0,0,20,20,1,0,0,0,0,0,0,1,0,0,1,0,1,12,216,84
7170,B1,1,1,1,1,0,1,0,0,0,0,0,1,0,1,0,2,66,2123,92
7170,B2,19,0,1,20,0,0,0,0,0,0,0,0,0,1,0,1,20,1809,219
7170,C1,20,1,9,0,0,0,0,0,0,0,0,0,0,1,0,2,22,2607,147
7180,A1,1,20,0,20,0,0,0,0,20,0,0,0,0,0,1,1,19,2359,269
7180,B0,0,20,20,1,0,0,0,0,0,0,1,0,0,0,1,1,12,216,84
7180,B1,1,1,1,1,0,1,0,0,0,0,0,1,0,0,1,2,66,2143,92
7180,B2,19,0,1,20,0,0,0,0,0,0,0,0,0,0,1,1,20,1809,219
7180,C1,20,1,9,0,0,0,0,0,0,0,0,0,0,0,1,2,22,2607,147
7190,A1,1,20,0,20,0,0,0,0,20,0,0,0,0,0,1,1,19,2379,269
7190,B0,0,20,20,1,0,0,0,0,0,0,1,0,0,0,1,1,12,216,84
7190,B1,1,1,1,1,0,1,0,0,0,0,0,1,0,0,1,2,66,2163,92
7190,B2,19,0,1,20,0,0,0,0,0,0,0,0,0,0,1,1,20,1809,219
7190,C1,20,1,10,0,0,0,0,0,0,0,0,0,0,0,1,2,22,2607,147
7200,A1,1,20,0,20,0,0,0,0,20,0,0,0,0,1,0,1,19,2399,269
7200,B0,0,20,20,1,0,0,0,0,0,0,0,0,0,1,0,1,12,216,84
7200,B1,1,1,1,1,0,0,0,0,0,0,1,1,0,1,0,1,66,2176,93
7200,B2,19,0,1,20,1,19,0,0,0,0,0,0,0,1,0,0,21,1812,219
7200,C1,20,1,10,0,0,0,0,0,0,0,0,0,0,1,0,2,22,2607,147
7210,A1,1,20,0,20,0,0,0,0,20,0,0,0,0,1,0,1,19,2419,269
7210,B0,0,20,20,1,0,0,0,0,0,0,0,0,0,1,0,1,12,216,84
7210,B1,1,1,1,1,0,0,0,0,0,0,1,1,0,1,0,1,66,2176,93
7210,B2,19,0,1,20,1,19,0,0,0,0,0,0,0,1,0,0,21,1832,219
7210,C1,20,1,9,0,0,0,0,0,0,0,0,0,0,1,0,2,22,2607,147
7220,A1,1,20,0,20,0,0,0,0,20,0,0,0,0,1,0,1,19,2439,269
7220,B0,0,20,19,1,0,0,0,0,0,0,0,0,0,1,0,1,12,216,84
7220,B1,1,1,1,1,0,0,0,0,0,0,1,1,0,1,0,1,66,2176,93
7220,B2,19,0,1,20,1,19,0,0,0,0,0,0,0,1,0,0,21,1852,219
7220,C1,20,1,9,0,0,0,0,0,0,0,0,0,0,1,0,2,22,2607,147
7230,A1,1,20,0,20,0,0,0,0,20,0,0,0,0,0,1,1,19,2459,269
7230,B0,0,20,18,1,0,0,0,0,0,0,0,0,0,0,1,1,12,216,84
7230,B1,1,1,1,1,0,0,0,0,0,0,1,1,1,0,1,2,66,2176,93
7230,B2,19,0,1,20,0,19,0,0,0,0,0,0,0,0,1,2,21,1872,219
7230,C1,20,1,8,0,0,0,0,8,0,0,0,0,0,0,1,1,23,2624,147
7240,A1,1,20,0,20,0,0,0,0,20,0,0,0,0,0,1,1,19,2479,269
7240,B0,0,20,18,1,0,0,0,0,0,0,0,0,0,0,1,1,12,216,84
7240,B1,1,1,1,1,0,0,0,0,0,0,1,1,0,0,1,1,66,2176,93
7240,B2,19,0,1,20,0,19,0,0,0,0,0,0,0,0,1,2,21,1892,219
7240,C1,20,1,8,0,0,0,0,0,0,0,0,0,0,0,1,2,23,2624,156
7250,A1,1,20,0,20,1,0,0,0,20,0,0,0,0,1,0,0,19,2499,269
7250,B0,0,20,18,1,0,0,0,0,0,0,0,0,0,1,0,1,12,216,84
7250,B1,1,1,1,1,0,0,0,0,0,0,1,1,0,1,0,1,66,2176,93
7250,B2,19,0,1,20,0,19,0,0,0,0,0,0,0,1,0,2,21,1912,219
7250,C1,20,1,8,0,0,0,1,0,0,0,0,0,0,1,0,2,24,2636,156
7260,A1,1,20,0,20,1,0,0,0,20,0,0,0,0,1,0,0,19,2519,269
7260,B0,0,20,20,1,0,0,0,0,0,0,0,0,0,1,0,1,12,216,84
7260,B1,1,1,1,1,0,0,0,0,0,0,1,1,0,1,0,1,66,2176,93
7260,B2,19,0,1,20,0,19,0,0,0,0,0,0,0,1,0,2,21,1932,219
7260,C1,17,1,8,0,0,0,1,0,0,0,0,0,0,1,0,2,24,2656,156
7270,A1,1,20,0,20,1,0,0,0,20,0,0,0,0,0,1,0,19,2539,269
7270,B0,0,20,20,1,0,0,0,0,0,0,0,0,0,0,1,1,12,216,84
7270,B1,1,1,1,1,0,0,0,0,0,0,1,1,0,0,1,1,66,2176,93
7270,B2,19,0,1,20,0,19,0,0,0,0,0,0,0,0,1,2,21,1952,219
7270,C1,17,1,7,0,0,0,1,0,0,0,0,0,0,0,1,2,24,2676,156
7280,A1,1,19,0,20,1,0,0,0,20,0,0,0,0,0,1,0,19,2559,269
7280,B0,0,20,20,1,0,0,0,0,0,0,0,0,0,0,1,1,12,216,84
7280,B1,1,1,1,1,0,0,0,0,0,0,1,1,0,0,1,1,66,2176,93
7280,B2,19,0,1,20,0,19,0,0,0,0,0,0,0,0,1,2,21,1972,219
7280,C1,19,1,7,0,0,0,1,0,0,0,0,0,0,0,1,2,24,2696,156
7290,A1,1,19,0,20,1,0,0,0,20,0,0,0,0,0,1,0,19,2579,269
7290,B0,0,20,20,1,0,0,0,0,0,0,0,0,0,0,1,1,12,216,84
7290,B1,1,1,1,1,0,0,0,0,0,0,1,1,0,0,1,1,66,2176,93
7290,B2,19,0,1,20,0,19,0,0,0,0,0,0,0,0,1,2,21,1992,219
7290,C1,20,1,7,0,0,0,1,0,0,0,0,0,0,0,1,2,24,2716,156
7300,A1,1,18,0,20,0,0,0,0,20,0,0,0,0,1,0,1,19,2599,269
7300,B0,0,20,20,1,0,0,0,0,0,0,1,0,0,1,0,1,12,216,84
7300,B1,1,1,1,1,0,1,0,0,0,0,1,1,0,1,0,2,67,2196,93
7300,B2,19,0,1,20,0,19,0,0,0,0,0,0,0,1,0,2,21,2012,219
7300,C1,20,1,7,0,0,0,1,0,0,0,0,0,0,1,0,2,24,2736,156
7310,A1,1,18,0,20,0,0,0,0,20,0,0,0,0,1,0,1,19,2619,269
7310,B0,0,20,20,1,0,0,0,0,0,0,1,0,0,1,0,1,12,216,84
7310,B1,1,1,1,1,0,1,0,0,0,0,1,1,0,1,0,2,67,2216,93
7310,B2,19,0,1,20,0,19,0,0,0,0,0,0,0,1,0,2,21,2032,219
7310,C1,20,1,7,0,0,0,1,0,0,0,0,0,0,1,0,2,24,2756,156
7320,A1,1,19,0,20,0,0,0,0,20,0,0,0,0,0,1,1,19,2639,269
7320,B0,0,19,20,1,0,0,0,0,0,0,1,0,0,0,1,1,12,216,84
7320,B1,1,1,1,1,0,1,0,0,0,0,1,1,1,0,1,2,67,2236,93
7320,B2,20,0,1,20,1,19,0,0,0,0,0,0,0,0,1,0,21,2052,219
7320,C1,20,1,7,0,1,0,1,7,0,0,0,0,0,0,1,0,25,2789,156
7330,A1,1,19,0,20,0,0,0,0,0,0,0,0,0,0,1,2,19,2641,291
7330,B0,0,19,20,1,0,0,0,0,0,0,1,0,0,0,1,1,12,216,84
7330,B1,1,1,1,1,0,1,0,0,0,0,1,0,1,0,1,2,67,2256,93
7330,B2,20,0,1,20,1,19,0,0,0,0,0,0,0,0,1,0,21,2072,219
7330,C1,20,1,7,0,1,0,1,7,0,0,0,0,0,0,1,0,25,2829,156
7340,A1,1,19,0,20,1,0,0,0,0,0,0,0,0,1,0,0,19,2641,291
7340,B0,0,20,20,1,0,0,0,0,0,0,1,0,0,1,0,1,12,216,84
7340,B1,1,1,1,1,0,1,0,0,0,0,1,0,1,1,0,2,67,2276,93
7340,B2,20,0,1,20,1,20,0,0,0,0,0,0,0,1,0,0,21,2092,219
7340,C1,20,1,7,0,1,0,1,7,0,0,0,0,0,1,0,0,25,2869,156
7350,A1,1,19,0,20,0,0,0,0,0,0,0,0,0,1,0,2,19,2641,291
7350,B0,0,20,20,1,0,0,0,0,0,0,1,0,0,1,0,1,12,216,84
7350,B1,1,1,1,1,0,1,0,0,0,0,0,0,1,1,0,2,67,2296,93
7350,B2,20,0,1,20,1,0,0,0,0,0,0,0,0,1,0,0,21,2104,239
7350,C1,20,1,7,0,1,0,1,7,0,0,0,0,0,1,0,0,25,2909,156
7360,A1,1,17,0,20,0,0,0,0,0,0,0,0,0,0,1,2,19,2641,291
7360,B0,0,20,20,1,1,0,0,0,0,0,1,0,0,0,1,0,12,216,84
7360,B1,1,1,1,1,0,1,0,0,0,0,0,0,1,0,1,2,67,2316,93
7360,B2,20,0,1,20,1,0,0,0,0,0,0,0,0,0,1,0,21,2104,239
7360,C1,20,1,7,0,1,0,1,7,0,0,0,0,0,0,1,0,25,2949,156
7370,A1,1,17,0,18,0,0,0,0,0,0,0,0,0,0,1,2,19,2641,291
7370,B0,0,20,20,1,1,0,0,0,0,0,1,0,0,0,1,0,12,216,84
7370,B1,1,1,1,1,0,1,0,0,0,0,0,0,1,0,1,2,67,2336,93
7370,B2,20,0,1,20,0,0,0,0,0,0,0,0,0,0,1,1,21,2104,239
7370,C1,20,1,7,0,1,0,1,7,0,0,0,0,0,0,1,0,25,2989,156
7380,A1,2,19,0,18,0,0,0,0,0,0,0,0,0,0,1,2,19,2641,291
7380,B0,0,20,19,1,0,0,0,0,0,0,1,0,0,0,1,1,12,216,84
7380,B1,1,1,1,1,0,1,0,0,0,0,0,0,1,0,1,2,67,2356,93
7380,B2,20,0,1,20,0,0,0,0,0,0,0,0,0,0,1,1,21,2104,239
7380,C1,20,1,7,0,1,0,1,7,0,0,0,0,0,0,1,0,25,3029,156
7390,A1,1,20,0,20,0,0,0,0,0,0,0,0,0,1,0,2,19,2641,291
7390,B0,0,19,19,1,0,0,0,0,0,0,1,0,0,1,0,1,12,216,84
7390,B1,1,1,1,1,0,1,0,0,0,0,0,0,1,1,0,2,67,2376,93
7390,B2,20,0,1,20,0,0,0,0,0,0,0,0,0,1,0,1,21,2104,239
7390,C1,20,1,7,0,1,0,1,7,0,0,0,0,0,1,0,0,25,3069,156
7400,A1,1,20,0,20,0,0,0,0,0,0,0,0,0,1,0,2,19,2641,291
7400,B0,0,19,20,1,0,0,0,0,0,0,1,0,0,1,0,1,12,216,84
7400,B1,1,1,1,1,0,1,0,0,0,0,0,0,1,1,0,2,67,2396,93
7400,B2,20,0,1,20,0,0,0,0,0,0,0,0,0,1,0,1,21,2104,239
7400,C1,20,1,7,0,1,0,1,7,0,0,0,0,0,1,0,0,25,3109,156
7410,A1,1,20,0,20,0,0,0,0,19,0,0,0,0,0,1,1,20,2650,291
7410,B0,0,19,19,1,0,0,0,0,0,0,1,0,0,0,1,1,12,216,84
7410,B1,1,1,1,1,0,1,0,0,0,0,0,1,1,0,1,2,68,2425,94
7410,B2,19,0,1,20,0,0,0,0,0,0,0,0,0,0,1,1,21,2104,239
7410,C1,20,1,7,0,1,0,1,7,0,0,0,0,0,0,1,0,25,3149,156
7420,A1,1,20,0,20,0,0,0,0,19,0,0,0,0,0,1,1,20,2670,291
7420,B0,0,19,19,1,0,0,0,0,0,0,1,0,0,0,1,1,12,216,84
7420,B1,1,1,1,1,0,1,0,0,0,0,0,1,1,0,1,2,68,2445,94
7420,B2,19,0,1,17,0,0,0,0,0,0,0,0,0,0,1,1,21,2104,239
7420,C1,20,1,7,0,1,0,0,7,0,0,0,0,0,0,1,0,25,3181,157
7430,A1,1,20,0,20,1,0,0,0,20,0,0,0,0,1,0,0,20,2690,291
7430,B0,0,19,19,1,0,0,0,0,0,0,1,0,0,1,0,1,12,216,84
7430,B1,1,1,1,1,0,1,0,0,0,0,1,1,1,1,0,2,68,2465,94
7430,B2,19,0,1,15,0,19,0,0,0,0,0,0,0,1,0,2,22,2107,239
7430,C1,20,1,7,0,0,0,0,7,0,0,0,0,0,1,0,1,25,3201,157
7440,A1,1,20,0,20,1,0,0,0,20,0,0,0,0,1,0,0,20,2710,291
7440,B0,0,19,20,1,0,0,0,0,0,0,0,0,0,1,0,1,12,216,84
7440,B1,1,3,1,1,0,0,0,0,0,0,1,1,1,1,0,2,68,2465,95
7440,B2,19,0,2,16,0,19,0,0,0,0,0,0,0,1,0,2,22,2127,239
7440,C1,20,1,7,0,0,0,0,7,0,0,0,0,0,1,0,1,25,3221,157
7450,A1,1,20,0,20,1,0,0,0,20,0,0,0,0,1,0,0,20,2730,291
7450,B0,0,19,20,1,0,0,0,0,0,0,0,0,0,1,0,1,12,216,84
7450,B1,1,1,1,1,0,0,0,0,0,0,0,1,1,1,0,2,68,2465,95
7450,B2,19,0,2,20,0,0,0,0,0,0,0,0,0,1,0,1,22,2135,258
7450,C1,20,1,7,0,0,0,0,7,0,0,0,0,0,1,0,1,25,3241,157
7460,A1,1,20,0,20,1,0,0,0,20,0,0,0,0,0,1,0,20,2750,291
7460,B0,0,19,20,1,1,0,0,0,0,0,0,0,0,0,1,0,12,216,84
7460,B1,1,1,1,1,0,0,0,0,0,0,0,1,1,0,1,2,68,2465,95
7460,B2,19,0,1,20,0,0,0,0,0,0,0,0,0,0,1,1,22,2135,258
7460,C1,20,1,7,0,0,0,0,7,0,0,0,0,0,0,1,1,25,3261,157
7470,A1,1,20,0,20,1,0,0,0,20,0,0,0,0,0,1,0,20,2770,291
7470,B0,0,19,20,1,1,0,0,0,0,0,0,0,0,0,1,0,12,216,84
7470,B1,1,1,1,1,0,0,0,0,0,0,0,1,0,0,1,1,68,2465,95
7470,B2,19,0,1,20,0,0,0,0,0,0,0,0,0,0,1,1,22,2135,258
7470,C1,20,1,7,0,0,0,0,0,0,0,0,0,0,0,1,2,25,3277,164
7480,A1,1,20,0,20,1,0,0,0,20,0,0,0,0,1,0,0,20,2790,291
7480,B0,0,19,20,1,1,0,0,0,0,0,0,0,0,1,0,0,12,216,84
7480,B1,1,2,1,1,0,0,0,0,0,0,0,1,0,1,0,2,68,2465,95
7480,B2,18,0,1,20,0,0,0,0,0,0,0,0,0,1,0,1,22,2135,258
7480,C1,20,1,7,0,0,0,1,0,0,0,0,0,0,1,0,2,26,3289,164
7490,A1,1,20,0,20,1,0,0,0,20,0,0,0,0,1,0,0,20,2810,291
7490,B0,0,19,20,1,1,0,0,0,0,0,0,0,0,1,0,0,12,216,84
7490,B1,1,1,1,1,0,0,0,0,0,0,0,1,0,1,0,1,68,2465,95
7490,B2,16,0,1,20,0,0,0,0,0,0,0,0,0,1,0,1,22,2135,258
7490,C1,20,1,7,0,0,0,1,0,0,0,0,0,0,1,0,2,26,3309,164
7500,A1,1,20,0,20,1,0,0,0,0,0,0,0,0,0,1,0,20,2820,311
7500,B0,0,19,20,1,0,0,0,0,0,0,0,0,0,0,1,1,12,216,84
7500,B1,1,1,1,1,0,0,0,0,0,0,0,0,0,0,1,1,68,2465,95
7500,B2,16,0,1,19,0,0,0,0,0,0,0,0,0,0,1,1,22,2135,258
7500,C1,20,1,7,0,0,0,1,0,0,0,0,0,0,0,1,2,26,3329,164
7510,A1,1,20,0,20,0,0,0,0,0,0,0,0,0,0,1,2,20,2820,311
7510,B0,0,19,20,1,0,0,0,0,0,0,0,0,0,0,1,1,12,216,84
7510,B1,1,1,1,1,0,0,0,0,0,0,0,0,0,0,1,1,68,2465,95
7510,B2,16,0,1,19,0,0,0,0,0,0,0,0,0,0,1,1,22,2135,258
7510,C1,20,1,7,0,0,0,0,0,0,0,0,0,0,0,1,2,26,3341,165
7520,A1,1,20,0,20,0,0,0,0,0,0,0,0,0,0,1,2,20,2820,311
7520,B0,0,19,20,1,0,0,0,0,0,0,0,0,0,0,1,1,12,216,84
7520,B1,1,1,1,1,0,0,0,0,0,0,0,0,0,0,1,1,68,2465,95
7520,B2,16,0,1,20,0,0,0,0,0,0,0,0,0,0,1,1,22,2135,258
7520,C1,20,1,7,0,0,0,0,0,0,0,0,0,0,0,1,2,26,3341,165
7530,A1,1,20,0,20,0,0,0,0,0,0,0,0,0,1,0,2,20,2820,311
7530,B0,0,19,20,1,0,0,0,0,0,0,0,0,0,1,0,1,12,216,84
7530,B1,1,1,1,1,0,0,0,0,0,0,1,0,0,1,0,1,68,2465,95
7530,B2,16,0,1,20,0,16,0,0,0,0,0,0,0,1,0,2,23,2154,258
7530,C1,20,1,7,0,0,0,0,0,0,0,0,0,0,1,0,2,26,3341,165
7540,A1,1,19,0,20,0,0,0,0,0,0,0,0,0,1,0,2,20,2820,311
7540,B0,0,19,20,1,0,0,0,0,0,0,0,0,0,1,0,1,12,216,84
7540,B1,1,1,1,1,0,0,0,0,0,0,1,0,0,1,0,1,68,2465,95
7540,B2,16,0,1,20,0,16,0,0,0,0,0,0,0,1,0,2,23,2174,258
7540,C1,19,1,7,0,0,0,0,0,0,0,0,0,0,1,0,2,26,3341,165
7550,A1,1,19,0,20,0,0,0,0,0,0,0,0,0,0,1,2,20,2820,311
7550,B0,0,19,20,1,0,0,0,0,0,0,0,0,0,0,1,1,12,216,84
7550,B1,1,1,1,1,0,0,0,0,0,0,1,0,1,0,1,1,68,2465,95
7550,B2,16,0,1,20,1,16,0,0,0,0,0,0,0,0,1,0,23,2194,258
7550,C1,18,1,7,0,0,0,0,6,0,0,0,0,0,0,1,1,27,3354,165
7560,A1,1,20,0,20,0,0,0,0,0,0,0,0,0,0,1,2,20,2820,311
7560,B0,0,19,20,1,0,0,0,0,0,0,0,0,0,0,1,1,12,216,84
7560,B1,1,1,1,1,0,0,0,0,0,0,1,0,1,0,1,1,68,2465,95
7560,B2,16,0,1,20,1,16,0,0,0,0,0,0,0,0,1,0,23,2214,258
7560,C1,19,1,6,0,0,0,0,5,0,0,0,0,0,0,1,1,27,3374,165
7570,A1,1,20,0,20,0,0,0,0,0,0,0,0,0,1,0,2,20,2820,311
7570,B0,0,19,20,1,0,0,0,0,0,0,0,0,0,1,0,1,12,216,84
7570,B1,1,1,1,1,0,0,0,0,0,0,1,0,1,1,0,1,68,2465,95
7570,B2,16,0,1,20,1,16,0,0,0,0,0,0,0,1,0,0,23,2234,258
7570,C1,20,1,6,0,0,0,1,5,0,0,0,0,0,1,0,2,28,3402,165
7580,A1,1,20,0,20,0,0,0,0,0,0,0,0,0,1,0,2,20,2820,311
7580,B0,0,19,20,1,0,0,0,0,0,0,0,0,0,1,0,1,12,216,84
7580,B1,1,1,1,1,0,0,0,0,0,0,1,0,1,1,0,1,68,2465,95
7580,B2,16,0,1,20,1,16,0,0,0,0,0,0,0,1,0,0,23,2254,258
7580,C1,20,1,6,0,0,0,1,5,0,0,0,0,0,1,0,2,28,3442,165
7590,A1,1,20,0,20,1,0,0,0,20,0,0,0,0,0,1,0,21,2821,311
7590,B0,0,19,20,1,0,0,0,0,0,0,0,0,0,0,1,1,12,216,84
7590,B1,1,1,1,1,0,0,0,0,0,0,1,1,1,0,1,2,68,2465,95
7590,B2,16,0,1,20,0,16,0,0,0,0,0,0,0,0,1,2,23,2274,258
7590,C1,20,1,6,0,0,0,1,6,0,0,0,0,0,0,1,2,28,3482,165
7600,A1,1,20,0,20,1,0,0,0,20,0,0,0,0,0,1,0,21,2841,311
7600,B0,0,19,20,1,0,0,0,0,0,0,0,0,0,0,1,1,12,216,84
7600,B1,1,1,1,1,0,0,0,0,0,0,1,1,1,0,1,2,68,2465,95
7600,B2,16,0,1,20,0,16,0,0,0,0,0,0,0,0,1,2,23,2294,258
7600,C1,20,1,6,0,0,0,1,6,0,0,0,0,0,0,1,2,28,3522,165
7610,A1,1,20,0,20,1,0,0,0,20,0,0,0,0,0,1,0,21,2861,311
7610,B0,0,19,20,1,0,0,0,0,0,0,0,0,0,0,1,1,12,216,84
7610,B1,1,1,1,1,0,0,0,0,0,0,1,1,1,0,1,2,68,2465,95
7610,B2,16,0,1,20,0,16,0,0,0,0,0,0,0,0,1,2,23,2314,258
7610,C1,20,1,6,0,0,0,1,6,0,0,0,0,0,0,1,2,28,3562,165
7620,A1,1,20,0,20,0,0,0,0,20,0,0,0,0,1,0,1,21,2881,311
7620,B0,0,19,20,1,0,0,0,0,0,0,0,0,0,1,0,1,12,216,84
7620,B1,1,1,1,1,0,0,0,0,0,0,1,1,1,1,0,2,68,2465,95
7620,B2,16,0,1,20,0,16,0,0,0,0,0,0,0,1,0,2,23,2334,258
7620,C1,20,1,6,0,1,0,1,6,0,0,0,0,0,1,0,0,28,3602,165
7630,A1,1,20,0,20,0,0,0,0,20,0,0,0,0,1,0,1,21,2901,311
7630,B0,0,19,20,1,0,0,0,0,0,0,0,0,0,1,0,1,12,216,84
7630,B1,1,1,1,1,0,0,0,0,0,0,1,1,1,1,0,2,68,2465,95
7630,B2,16,0,1,20,0,16,0,0,0,0,0,0,0,1,0,2,23,2354,258
7630,C1,19,1,6,0,0,0,1,6,0,0,0,0,0,1,0,2,28,3642,165
7640,A1,1,20,0,20,0,0,0,0,20,0,0,0,0,0,1,1,21,2921,311
7640,B0,0,19,20,1,0,0,0,0,0,0,0,0,0,0,1,1,12,216,84
7640,B1,1,1,1,1,0,0,0,0,0,0,1,1,1,0,1,2,68,2465,95
7640,B2,16,0,1,20,0,16,0,1,0,0,0,0,0,0,1,2,24,2384,258
7640,C1,18,1,6,0,0,0,0,6,0,0,0,0,0,0,1,1,28,3680,166
7650,A1,1,20,0,20,0,0,0,0,20,0,0,0,0,0,1,1,21,2941,311
7650,B0,0,19,20,1,0,0,0,0,0,0,0,0,0,0,1,1,12,216,84
7650,B1,1,1,1,1,0,0,0,0,0,0,1,1,0,0,1,1,68,2465,95
7650,B2,16,0,1,20,0,16,0,1,0,0,0,0,0,0,1,2,24,2424,258
7650,C1,19,3,6,0,0,0,0,0,0,0,0,0,0,0,1,2,28,3696,174
7660,A1,1,20,0,20,0,0,0,0,20,0,0,0,0,1,0,1,21,2961,311
7660,B0,0,19,20,1,0,0,0,0,0,0,0,0,0,1,0,1,12,216,84
7660,B1,1,1,1,1,0,0,0,0,0,0,1,1,0,1,0,1,68,2465,95
7660,B2,16,0,1,20,0,16,0,1,0,0,0,0,0,1,0,2,24,2464,258
7660,C1,20,1,6,0,0,0,0,0,0,0,0,0,0,1,0,2,28,3696,174
7670,A1,1,20,0,20,0,0,0,0,20,0,0,0,0,1,0,1,21,2981,311
7670,B0,0,18,20,1,0,0,0,0,0,0,0,0,0,1,0,1,12,216,84
7670,B1,1,1,1,1,0,0,0,0,0,0,1,1,0,1,0,1,68,2465,95
7670,B2,15,0,1,20,0,15,0,1,0,0,0,0,0,1,0,2,24,2504,258
7670,C1,18,1,6,0,0,0,0,0,0,0,0,0,0,1,0,2,28,3696,174
7680,A1,1,20,0,19,0,0,0,0,19,0,0,0,0,1,0,1,21,3001,311
7680,B0,0,19,20,1,0,0,0,0,0,0,0,0,0,1,0,1,12,216,84
7680,B1,1,1,1,1,0,0,0,0,0,0,1,1,0,1,0,1,68,2465,95
7680,B2,15,0,1,20,0,15,0,1,0,0,0,0,0,1,0,2,24,2544,258
7680,C1,14,1,6,0,0,0,0,0,0,0,0,0,0,1,0,2,28,3696,174
7690,A1,1,20,0,19,0,0,0,0,19,0,0,0,0,0,1,1,21,3021,311
7690,B0,0,19,20,1,0,0,0,0,0,0,0,0,0,0,1,1,12,216,84
7690,B1,1,1,1,2,0,0,0,0,0,0,1,1,0,0,1,1,68,2465,95
7690,B2,15,0,1,20,0,15,0,1,0,0,0,0,0,0,1,2,24,2584,258
7690,C1,16,1,6,0,0,0,0,0,0,0,0,0,0,0,1,2,28,3696,174
7700,A1,1,20,0,20,0,0,0,0,19,0,0,0,0,0,1,1,21,3041,311
7700,B0,0,19,20,1,0,0,0,0,0,0,0,0,0,0,1,1,12,216,84
7700,B1,1,1,1,3,0,0,0,0,0,0,1,1,0,0,1,1,68,2465,95
7700,B2,15,0,1,20,0,15,0,1,0,0,0,0,0,0,1,2,24,2624,258
7700,C1,19,1,6,0,0,0,0,0,0,0,0,0,0,0,1,2,28,3696,174
7710,A1,1,20,0,20,0,0,0,0,19,0,0,0,0,1,0,1,21,3061,311
7710,B0,0,19,20,1,1,0,0,0,0,0,0,0,0,1,0,0,12,216,84
7710,B1,1,1,1,2,0,0,0,0,0,0,1,1,0,1,0,1,68,2465,95
7710,B2,15,0,1,20,1,15,0,1,0,0,0,0,0,1,0,0,24,2664,258
7710,C1,19,1,6,0,0,0,0,0,0,0,0,0,0,1,0,2,28,3696,174
7720,A1,2,20,0,20,0,0,0,0,0,0,0,0,0,1,0,2,21,3077,331
7720,B0,0,19,19,3,1,0,0,0,0,0,0,0,0,1,0,0,12,216,84
7720,B1,1,1,1,2,0,0,0,0,0,0,1,0,0,1,0,1,68,2465,95
7720,B2,15,0,1,20,1,15,0,0,0,0,0,0,0,1,0,0,24,2690,259
7720,C1,19,1,6,0,0,0,0,0,0,0,0,0,0,1,0,2,28,3696,174
7730,A1,1,20,0,20,0,0,0,0,0,0,0,0,0,0,1,2,21,3077,331
7730,B0,0,20,18,2,0,0,0,0,0,0,0,0,0,0,1,1,12,216,84
7730,B1,1,1,1,3,0,0,0,0,0,0,1,0,1,0,1,1,68,2465,95
7730,B2,15,0,1,20,0,15,0,0,0,0,0,0,0,0,1,2,24,2710,259
7730,C1,20,1,6,0,0,0,0,6,0,0,0,0,0,0,1,1,29,3701,174
7740,A1,1,20,0,20,0,0,0,0,0,0,0,0,0,0,1,2,21,3077,331
7740,B0,0,20,18,1,0,0,0,0,0,0,0,0,0,0,1,1,12,216,84
7740,B1,1,1,1,1,0,0,0,0,0,0,1,0,1,0,1,1,68,2465,95
7740,B2,15,0,1,20,0,15,0,0,0,0,0,0,0,0,1,2,24,2730,259
7740,C1,20,1,6,0,0,0,0,6,0,0,0,0,0,0,1,1,29,3721,174
7750,A1,1,20,0,20,0,0,0,0,0,0,0,0,0,0,1,2,21,3077,331
7750,B0,0,20,19,1,0,0,0,0,0,0,0,0,0,0,1,1,12,216,84
7750,B1,2,1,1,1,0,0,0,0,0,0,1,0,1,0,1,2,68,2465,95
7750,B2,15,0,1,20,0,15,0,0,0,0,0,0,0,0,1,2,24,2750,259
7750,C1,20,1,6,0,0,0,0,6,0,0,0,0,0,0,1,1,29,3741,174
7760,A1,1,20,0,20,0,0,0,0,0,0,0,0,0,1,0,2,21,3077,331
7760,B0,0,18,20,1,0,0,0,0,0,0,0,0,0,1,0,1,12,216,84
7760,B1,1,1,1,1,0,0,0,0,0,0,1,0,1,1,0,1,68,2465,95
7760,B2,16,0,1,20,0,15,0,0,0,0,0,0,0,1,0,2,24,2770,259
7760,C1,20,1,6,0,1,0,0,6,0,0,0,0,0,1,0,0,29,3761,174
7770,A1,1,20,0,20,0,0,0,0,0,0,0,0,0,1,0,2,21,3077,331
7770,B0,0,18,20,1,0,0,0,0,0,0,0,0,0,1,0,1,12,216,84
7770,B1,1,1,1,1,0,0,0,0,0,0,1,0,1,1,0,1,68,2465,95
7770,B2,16,0,2,20,0,15,0,0,0,0,0,0,0,1,0,2,24,2790,259
7770,C1,20,1,6,0,1,0,0,6,0,0,0,0,0,1,0,0,29,3781,174
7780,A1,1,20,0,20,0,0,0,0,0,0,0,0,0,0,1,2,21,3077,331
7780,B0,0,20,19,1,0,0,0,0,0,0,0,0,0,0,1,1,12,216,84
7780,B1,1,1,1,1,0,0,0,0,1,0,0,0,1,0,1,1,69,2478,95
7780,B2,16,0,2,20,0,0,0,0,0,0,0,0,0,0,1,1,24,2802,275
7780,C1,20,1,7,0,1,0,0,6,0,0,0,1,0,0,1,0,29,3801,174
7790,A1,1,20,0,20,0,0,0,0,0,0,0,0,0,0,1,2,21,3077,331
7790,B0,0,20,17,1,0,0,0,0,0,0,0,0,0,0,1,1,12,216,84
7790,B1,1,1,1,1,0,0,0,0,1,0,0,0,1,0,1,1,69,2498,95
7790,B2,17,0,1,20,0,0,0,0,0,0,0,0,0,0,1,1,24,2802,275
7790,C1,20,1,7,0,1,0,0,6,0,0,0,1,0,0,1,0,29,3821,174
7800,A1,1,20,0,20,0,0,0,0,0,0,0,0,0,1,0,2,21,3077,331
7800,B0,0,19,17,1,0,0,0,0,0,0,0,0,0,1,0,1,12,216,84
7800,B1,1,1,1,1,0,0,0,0,1,0,0,0,1,1,0,1,69,2518,95
7800,B2,17,0,2,20,0,0,0,0,0,0,0,0,0,1,0,1,24,2802,275
7800,C1,20,1,7,0,0,0,0,6,0,0,0,1,0,1,0,1,29,3841,174
7810,A1,1,20,0,20,0,0,0,0,0,0,0,0,0,1,0,2,21,3077,331
7810,B0,0,18,19,1,0,0,0,0,0,0,0,0,0,1,0,1,12,216,84
7810,B1,1,1,1,1,0,0,0,0,1,0,0,0,1,1,0,1,69,2538,95
7810,B2,17,0,2,19,0,0,0,0,0,0,0,0,0,1,0,1,24,2802,275
7810,C1,20,1,7,0,0,0,0,6,0,0,0,1,0,1,0,1,29,3861,174
7820,A1,2,20,0,20,0,0,0,0,20,0,0,0,0,0,1,1,22,3078,331
7820,B0,0,19,20,1,0,0,0,0,0,0,0,0,0,0,1,1,12,216,84
7820,B1,1,1,1,1,0,0,0,0,1,0,0,1,1,0,1,2,69,2558,95
7820,B2,17,0,2,18,0,0,0,0,0,0,0,0,0,0,1,1,24,2802,275
7820,C1,20,1,7,0,0,0,0,7,0,0,0,1,0,0,1,1,29,3881,174
7830,A1,3,20,0,20,0,0,0,0,0,0,0,0,0,0,1,2,22,3090,351
7830,B0,0,20,19,1,0,0,0,0,0,0,0,0,0,0,1,1,12,216,84
7830,B1,1,1,1,1,0,0,0,0,1,0,0,0,1,0,1,1,69,2578,95
7830,B2,17,0,1,19,0,0,0,0,0,0,0,0,0,0,1,1,24,2802,275
7830,C1,20,1,7,0,0,0,0,7,0,0,0,1,0,0,1,1,29,3901,174
7840,A1,1,19,0,20,0,0,0,0,0,0,0,0,0,0,1,2,22,3090,351
7840,B0,0,20,19,1,0,0,0,0,0,0,0,0,0,0,1,1,12,216,84
7840,B1,1,1,1,1,0,0,0,0,1,0,0,0,1,0,1,1,69,2598,95
7840,B2,17,0,1,20,0,0,0,0,0,0,0,0,0,0,1,1,24,2802,275
7840,C1,20,2,7,0,0,0,0,7,0,0,0,1,0,0,1,1,29,3921,174
7850,A1,1,18,0,20,0,0,0,0,0,0,0,0,0,1,0,2,22,3090,351
7850,B0,0,20,20,1,0,0,0,0,0,0,0,0,0,1,0,1,12,216,84
7850,B1,1,1,1,1,0,0,0,0,1,0,1,0,1,1,0,1,69,2618,95
7850,B2,17,0,1,20,0,17,0,0,0,0,0,0,0,1,0,2,25,2817,275
7850,C1,20,2,7,0,0,0,0,7,0,0,0,1,0,1,0,1,30,3943,175
7860,A1,1,17,0,20,0,0,0,0,0,0,0,0,0,1,0,2,22,3090,351
7860,B0,0,20,20,1,0,0,0,0,0,0,0,0,0,1,0,1,12,216,84
7860,B1,1,1,1,1,0,0,0,0,1,0,0,0,1,1,0,1,69,2638,95
7860,B2,17,0,1,20,0,0,0,0,0,0,0,0,0,1,0,1,25,2835,292
7860,C1,20,1,6,0,0,0,0,6,0,0,0,1,0,1,0,1,30,3963,175
7870,A1,2,17,0,19,0,0,0,0,19,0,0,0,0,0,1,1,23,3099,351
7870,B0,0,20,20,1,0,0,0,0,0,0,0,0,0,0,1,1,12,216,84
7870,B1,1,1,1,1,0,0,0,0,1,0,0,1,0,0,1,1,69,2658,95
7870,B2,17,0,1,20,0,0,0,1,0,0,0,0,0,0,1,1,26,2845,292
7870,C1,20,3,6,0,0,0,0,0,0,0,0,1,0,0,1,2,30,3979,182
7880,A1,1,19,0,19,0,0,0,0,19,0,0,0,0,0,1,1,23,3119,351
7880,B0,0,20,20,1,0,0,0,0,0,0,0,0,0,0,1,1,12,216,84
7880,B1,1,1,3,1,0,0,0,0,1,0,0,1,0,0,1,1,69,2678,95
7880,B2,17,0,1,20,0,0,0,1,0,0,0,0,0,0,1,1,26,2865,292
7880,C1,20,1,6,0,0,0,0,0,0,0,0,1,0,0,1,2,30,3979,182
7890,A1,1,20,0,20,0,0,0,0,19,0,0,0,0,1,0,1,23,3139,351
7890,B0,0,20,20,1,0,0,0,0,0,0,0,0,0,1,0,1,12,216,84
7890,B1,1,1,1,1,0,0,0,0,1,0,0,1,0,1,0,1,69,2698,95
7890,B2,17,0,1,20,0,0,0,0,0,0,0,0,0,1,0,1,26,2869,293
7890,C1,20,1,6,0,0,0,0,0,0,0,0,1,0,1,0,2,30,3979,182
7900,A1,1,19,0,20,0,0,0,0,19,0,0,0,0,1,0,1,23,3159,351
7900,B0,0,20,20,1,0,0,0,0,0,0,0,0,0,1,0,1,12,216,84
7900,B1,1,1,1,1,0,0,0,0,1,0,0,1,0,1,0,1,69,2718,95
7900,B2,18,0,2,20,0,0,0,0,0,0,0,0,0,1,0,1,26,2869,293
7900,C1,20,1,6,0,0,0,0,0,0,0,0,1,0,1,0,2,30,3979,182
7910,A1,1,16,0,20,0,0,0,0,19,0,0,0,0,1,0,1,23,3179,351
7910,B0,0,20,20,1,0,0,0,0,0,0,0,0,0,1,0,1,12,216,84
7910,B1,1,1,1,1,0,0,0,0,1,0,0,1,0,1,0,1,69,2738,95
7910,B2,18,0,2,20,0,0,0,0,0,0,0,0,0,1,0,1,26,2869,293
7910,C1,20,1,6,0,0,0,0,0,0,0,0,1,0,1,0,2,30,3979,182
7920,A1,1,17,0,19,0,0,0,0,19,0,0,0,0,0,1,1,23,3199,351
7920,B0,0,20,20,1,0,0,0,0,0,0,0,0,0,0,1,1,12,216,84
7920,B1,1,1,3,1,0,0,0,0,1,0,0,1,0,0,1,1,69,2758,95
7920,B2,18,0,1,20,0,0,0,0,0,0,0,0,0,0,1,1,26,2869,293
7920,C1,20,1,6,0,0,0,0,0,0,0,0,1,0,0,1,2,30,3979,182
7930,A1,1,19,0,18,0,0,0,0,18,0,0,0,0,0,1,1,23,3219,351
7930,B0,0,20,20,1,0,0,0,0,0,0,0,0,0,0,1,1,12,216,84
7930,B1,1,1,1,1,0,0,0,0,1,0,0,1,0,0,1,1,69,2778,95
7930,B2,18,0,1,20,0,0,0,0,0,0,0,0,0,0,1,1,26,2869,293
7930,C1,20,1,6,0,0,0,0,0,0,0,0,1,0,0,1,2,30,3979,182
7940,A1,1,20,0,19,0,0,0,0,18,0,0,0,0,1,0,1,23,3239,351
7940,B0,0,20,20,1,0,0,0,0,0,0,0,0,0,1,0,1,12,216,84
7940,B1,1,2,1,1,0,0,0,0,1,0,1,1,0,1,0,2,69,2798,95
7940,B2,18,0,1,20,0,18,0,0,0,0,0,0,0,1,0,2,27,2880,293
7940,C1,20,1,6,0,0,0,0,0,0,0,0,1,0,1,0,2,30,3979,182
7950,A1,1,20,0,20,0,0,0,0,18,0,0,0,0,1,0,1,23,3259,351
7950,B0,0,20,20,1,0,0,0,0,0,0,0,0,0,1,0,1,12,216,84
7950,B1,1,1,1,1,0,0,0,0,1,0,0,1,0,1,0,1,69,2818,95
7950,B2,18,0,1,20,0,0,0,0,0,0,0,0,0,1,0,1,27,2898,311
7950,C1,20,1,7,0,0,0,0,0,0,0,0,1,0,1,0,2,30,3979,182
7960,A1,1,19,0,20,0,0,0,0,18,0,0,0,0,0,1,1,23,3279,351
7960,B0,0,20,20,2,0,0,0,0,0,0,0,0,0,0,1,1,12,216,84
7960,B1,1,1,1,1,0,0,0,0,1,0,0,1,0,0,1,1,69,2838,95
7960,B2,18,0,1,20,1,0,0,0,0,0,0,0,0,0,1,0,27,2898,311
7960,C1,20,1,8,0,0,0,0,0,0,0,0,1,0,0,1,2,30,3979,182
7970,A1,2,19,0,20,0,0,0,0,18,0,0,0,0,0,1,1,23,3299,351
7970,B0,0,20,20,1,0,0,0,0,0,0,0,0,0,0,1,1,12,216,84
7970,B1,1,1,1,1,0,0,0,0,1,0,0,1,0,0,1,1,69,2858,95
7970,B2,18,0,1,20,0,0,0,0,0,0,0,0,0,0,1,1,27,2898,311
7970,C1,20,2,8,0,0,0,0,0,0,0,0,1,0,0,1,2,30,3979,182
7980,A1,2,20,0,20,0,0,0,0,18,0,0,0,0,0,1,1,23,3319,351
7980,B0,0,20,20,1,0,0,0,0,0,0,0,0,0,0,1,1,12,216,84
7980,B1,1,1,1,1,0,0,0,0,0,0,0,1,0,0,1,1,69,2862,96
7980,B2,17,0,1,17,0,0,0,0,0,0,0,0,0,0,1,1,27,2898,311
7980,C1,20,1,9,0,0,0,0,0,0,0,0,0,0,0,1,2,30,3979,182
7990,A1,1,20,0,20,0,0,0,0,20,0,0,0,0,1,0,1,23,3339,351
7990,B0,0,20,20,1,0,0,0,0,0,0,0,0,0,1,0,1,12,216,84
7990,B1,2,1,1,1,0,0,0,0,0,0,0,1,0,1,0,2,70,2866,97
7990,B2,15,0,1,17,0,0,0,0,0,0,0,0,0,1,0,1,27,2898,311
7990,C1,20,1,10,0,0,0,0,0,0,0,0,0,0,1,0,2,30,3979,182
8000,A1,1,20,0,20,0,0,0,0,20,0,0,0,0,1,0,1,23,3359,351
8000,B0,0,20,20,2,0,0,0,0,0,0,0,0,0,1,0,1,12,216,84
8000,B1,1,1,1,1,0,0,0,0,0,0,0,1,0,1,0,1,70,2866,97
8000,B2,15,0,1,19,0,0,0,0,0,0,0,0,0,1,0,1,27,2898,311
8000,C1,20,1,10,0,0,0,0,0,0,0,0,0,0,1,0,2,30,3979,182
8010,A1,2,20,0,20,0,0,0,0,20,0,0,0,0,0,1,1,23,3379,351
8010,B0,0,20,20,1,0,0,0,0,0,0,0,0,0,0,1,1,12,216,84
8010,B1,1,1,1,1,0,0,0,0,0,0,0,1,0,0,1,1,71,2870,98
8010,B2,15,0,1,18,0,0,0,0,0,0,0,0,0,0,1,1,27,2898,311
8010,C1,19,1,10,0,0,0,0,0,0,0,0,0,0,0,1,2,30,3979,182
8020,A1,2,20,0,20,0,0,0,0,20,0,0,0,0,0,1,1,23,3399,351
8020,B0,0,20,20,1,0,0,0,0,0,0,0,0,0,0,1,1,12,216,84
8020,B1,1,1,1,1,0,0,0,0,0,0,0,1,0,0,1,1,71,2870,98
8020,B2,15,0,1,14,0,0,0,0,0,0,0,0,0,0,1,1,27,2898,311
8020,C1,19,1,10,0,0,0,0,0,0,0,0,0,0,0,1,2,30,3979,182
8030,A1,1,20,0,20,0,0,0,0,20,0,0,0,0,1,0,1,23,3419,351
8030,B0,0,20,20,1,0,0,0,0,0,0,0,0,0,1,0,1,12,216,84
8030,B1,1,1,1,1,0,0,0,0,0,0,0,1,0,1,0,1,71,2870,98
8030,B2,14,0,1,13,0,0,0,0,0,0,0,0,0,1,0,1,27,2898,311
8030,C1,18,1,10,0,0,0,1,0,0,0,0,0,0,1,0,2,31,3987,182
8040,A1,1,20,0,20,0,0,0,0,20,0,0,0,0,1,0,1,23,3439,351
8040,B0,0,20,20,1,0,0,0,0,0,0,0,0,0,1,0,1,12,216,84
8040,B1,1,2,1,1,0,0,0,0,0,0,0,1,0,1,0,2,71,2870,98
8040,B2,13,0,1,17,0,0,0,0,0,0,0,0,0,1,0,1,27,2898,311
8040,C1,18,1,10,0,0,0,0,0,0,0,0,0,0,1,0,2,31,3989,183
8050,A1,1,20,0,20,0,0,0,0,20,0,0,0,1,0,1,1,23,3459,351
8050,B0,0,20,20,1,0,0,0,0,0,0,0,0,0,0,1,1,12,216,84
8050,B1,1,1,2,2,0,0,0,1,0,0,0,1,0,0,1,1,72,2872,98
8050,B2,13,0,1,20,0,0,0,0,0,0,0,0,0,0,1,1,27,2898,311
8050,C1,19,1,10,0,0,0,0,0,0,0,0,0,0,0,1,2,31,3989,183
8060,A1,1,20,0,20,0,0,0,0,20,0,0,0,0,0,1,1,23,3479,351
8060,B0,0,20,20,1,0,0,0,0,0,0,0,0,0,0,1,1,12,216,84
8060,B1,1,1,1,1,0,0,0,0,0,0,0,1,0,0,1,1,72,2872,99
8060,B2,13,0,1,20,0,0,0,0,0,0,0,0,0,0,1,1,27,2898,311
8060,C1,20,1,11,0,0,0,0,0,0,0,0,0,0,0,1,2,31,3989,183
8070,A1,1,20,0,20,0,0,0,0,20,0,0,0,0,0,1,1,23,3499,351
8070,B0,0,20,20,1,0,0,0,0,0,0,0,0,0,0,1,1,12,216,84
8070,B1,1,1,1,1,0,0,0,0,0,0,0,1,0,0,1,1,72,2872,99
8070,B2,13,0,1,20,0,0,0,0,0,0,0,0,0,0,1,1,27,2898,311
8070,C1,20,1,11,0,0,0,0,0,0,0,0,0,0,0,1,2,31,3989,183
8080,A1,1,20,0,20,0,0,0,0,20,0,0,0,0,1,0,1,23,3519,351
8080,B0,0,20,20,1,0,0,0,0,0,0,0,0,0,1,0,1,12,216,84
8080,B1,1,1,1,1,0,0,0,0,0,0,1,1,0,1,0,1,72,2872,99
8080,B2,12,0,1,20,0,12,0,0,0,0,0,0,0,1,0,2,28,2913,311
8080,C1,20,1,11,0,0,0,0,0,0,0,0,0,0,1,0,2,31,3989,183
8090,A1,1,20,0,20,0,0,0,0,0,0,0,0,0,1,0,2,23,3529,374
8090,B0,0,20,20,1,0,0,0,0,0,0,0,0,0,1,0,1,12,216,84
8090,B1,1,1,1,1,0,0,0,0,0,0,1,0,0,1,0,1,72,2872,99
8090,B2,12,0,1,20,0,12,0,0,0,0,0,0,0,1,0,2,28,2933,311
8090,C1,20,1,11,0,0,0,0,0,0,0,0,0,0,1,0,2,31,3989,183
8100,A1,1,20,0,20,0,0,0,0,0,0,0,0,0,0,1,2,23,3529,374
8100,B0,0,20,20,1,0,0,0,0,0,0,0,0,0,0,1,1,12,216,84
8100,B1,1,1,1,1,0,0,0,0,1,0,1,0,0,0,1,1,73,2882,99
8100,B2,12,0,1,20,0,12,0,0,0,0,0,0,0,0,1,2,28,2953,311
8100,C1,20,2,9,0,0,0,0,0,0,0,0,1,0,0,1,2,31,3989,183
8110,A1,1,20,0,20,0,0,0,0,0,0,0,0,0,0,1,2,23,3529,374
8110,B0,0,20,20,1,0,0,0,0,0,0,0,0,0,0,1,1,12,216,84
8110,B1,1,1,1,1,0,0,0,0,1,0,1,0,0,0,1,1,73,2902,99
8110,B2,12,0,1,20,0,12,0,0,0,0,0,0,0,0,1,2,28,2973,311
8110,C1,20,2,8,0,0,0,0,0,0,0,0,1,0,0,1,2,31,3989,183
8120,A1,1,20,0,20,0,0,0,0,0,0,0,0,0,1,0,2,23,3529,374
8120,B0,0,19,20,1,0,0,0,0,0,0,0,0,0,1,0,1,12,216,84
8120,B1,1,1,1,1,0,0,0,0,1,0,1,0,0,1,0,1,73,2922,99
8120,B2,12,0,1,20,0,12,0,0,0,0,0,0,0,1,0,2,28,2993,311
8120,C1,19,2,7,0,0,0,2,0,0,0,0,1,0,1,0,2,32,3993,183
8130,A1,1,20,0,20,0,0,0,0,0,0,0,0,0,1,0,2,23,3529,374
8130,B0,0,19,19,1,0,0,0,0,0,0,0,0,0,1,0,1,12,216,84
8130,B1,1,1,1,1,0,0,0,0,1,0,1,0,0,1,0,1,73,2942,99
8130,B2,12,0,1,20,0,12,0,0,0,0,0,0,0,1,0,2,28,3013,311
8130,C1,17,1,7,0,0,0,1,0,0,0,0,1,0,1,0,2,32,4013,183
8140,A1,1,20,0,20,0,0,0,0,0,0,0,0,0,1,0,2,23,3529,374
8140,B0,0,20,19,1,0,0,0,0,0,0,0,0,0,1,0,1,12,216,84
8140,B1,1,1,1,1,0,0,0,0,1,0,0,0,0,1,0,1,73,2962,99
8140,B2,12,0,1,20,0,0,0,0,0,0,0,0,0,1,0,1,28,3013,324
8140,C1,14,1,7,0,0,0,1,0,0,0,0,1,0,1,0,2,32,4033,183
8150,A1,1,20,0,20,0,0,0,0,20,0,0,0,0,0,1,1,24,3546,374
8150,B0,0,20,18,1,0,0,0,0,1,0,0,0,0,0,1,1,13,234,84
8150,B1,1,1,1,1,0,0,0,0,0,0,0,1,1,0,1,2,73,2968,100
8150,B2,12,0,1,20,0,0,0,0,0,0,0,0,0,0,1,1,28,3013,324
8150,C1,16,1,4,0,0,0,0,4,0,0,0,0,0,0,1,1,33,4056,185
8160,A1,1,20,0,20,0,0,0,0,20,0,0,0,0,0,1,1,24,3566,374
8160,B0,0,20,18,1,0,0,0,0,0,0,0,0,0,0,1,1,13,238,85
8160,B1,1,1,1,1,0,0,0,0,0,0,0,1,1,0,1,2,73,2968,100
8160,B2,12,0,1,20,0,0,0,0,0,0,0,0,0,0,1,1,28,3013,324
8160,C1,19,1,4,0,0,0,0,4,0,0,0,0,0,0,1,1,33,4076,185
8170,A1,1,20,0,20,0,0,0,0,20,0,0,0,0,1,0,1,24,3586,374
8170,B0,0,20,19,1,0,0,0,0,0,0,0,0,0,1,0,1,13,238,85
8170,B1,1,1,1,1,0,0,0,0,0,0,0,1,1,1,0,2,73,2968,100
8170,B2,12,0,2,20,0,0,0,0,0,0,0,0,0,1,0,1,28,3013,324
8170,C1,18,1,4,0,0,0,0,4,0,0,0,0,0,1,0,1,33,4096,185
8180,A1,1,20,0,20,0,0,0,0,0,0,0,0,0,1,0,2,24,3590,394
8180,B0,0,20,19,2,0,0,0,0,0,0,0,0,0,1,0,1,13,238,85
8180,B1,1,1,1,1,0,0,0,0,0,0,0,0,1,1,0,1,73,2968,100
8180,B2,13,0,1,20,0,0,0,0,0,0,0,0,0,1,0,1,28,3013,324
8180,C1,18,1,4,0,0,0,0,4,0,0,0,0,0,1,0,1,33,4116,185
8190,A1,1,20,0,20,0,0,0,0,0,0,0,0,0,0,1,2,24,3590,394
8190,B0,0,20,19,1,0,0,0,0,0,0,0,0,0,0,1,1,13,238,85
8190,B1,1,1,1,1,0,0,0,0,0,0,0,0,1,0,1,1,73,2968,100
8190,B2,13,0,2,20,0,0,0,0,0,0,0,0,0,0,1,1,28,3013,324
8190,C1,19,1,4,0,0,0,0,4,0,0,0,0,0,0,1,1,33,4136,185
8200,A1,1,20,0,20,0,0,0,0,0,0,0,0,0,0,1,2,24,3590,394
8200,B0,0,20,19,1,0,0,0,0,0,0,0,0,0,0,1,1,13,238,85
8200,B1,1,1,1,1,0,0,0,0,0,0,0,0,1,0,1,1,73,2968,100
8200,B2,13,0,1,20,0,0,0,0,0,0,0,0,0,0,1,1,28,3013,324
8200,C1,20,1,4,0,0,0,0,4,0,0,0,0,0,0,1,1,33,4156,185
8210,A1,1,20,0,20,0,0,0,0,0,0,0,0,0,0,1,2,24,3590,394
8210,B0,0,20,19,1,0,0,0,0,0,0,0,0,0,0,1,1,13,238,85
8210,B1,1,1,1,1,0,0,0,0,0,0,0,0,1,0,1,1,73,2968,100
8210,B2,13,0,1,20,0,0,0,0,0,0,0,0,0,0,1,1,28,3013,324
8210,C1,20,1,4,0,0,0,0,4,0,0,0,0,0,0,1,1,33,4176,185
8220,A1,1,20,0,20,0,0,0,0,0,0,0,0,0,1,0,2,24,3590,394
8220,B0,0,20,19,1,0,0,0,0,0,0,0,0,0,1,0,1,13,238,85
8220,B1,1,1,1,1,0,0,0,0,0,0,1,0,1,1,0,1,73,2968,100
8220,B2,13,0,1,20,0,13,0,0,0,0,0,0,0,1,0,2,29,3032,324
8220,C1,20,1,4,0,1,0,0,4,0,0,0,0,0,1,0,0,33,4196,185
8230,A1,1,20,0,19,0,0,0,0,0,0,0,0,0,1,0,2,24,3590,394
8230,B0,0,20,19,1,0,0,0,0,0,0,0,0,0,1,0,1,13,238,85
8230,B1,1,1,1,1,0,0,0,0,0,0,1,0,0,1,0,1,73,2968,100
8230,B2,13,0,1,20,0,13,0,0,0,0,0,0,0,1,0,2,29,3052,324
8230,C1,20,1,4,0,1,0,0,0,0,0,0,0,0,1,0,0,33,4206,192
8240,A1,1,20,0,19,0,0,0,0,0,0,0,0,0,0,1,2,24,3590,394
8240,B0,0,20,19,1,1,0,0,0,0,0,0,0,0,0,1,0,13,238,85
8240,B1,1,1,1,1,0,0,0,0,0,0,1,0,0,0,1,1,73,2968,100
8240,B2,14,0,1,20,1,13,0,0,0,0,0,0,0,0,1,0,29,3072,324
8240,C1,20,2,4,0,0,0,0,0,0,0,0,0,0,0,1,2,33,4206,192
8250,A1,1,20,0,20,0,0,0,0,0,0,0,0,0,0,1,2,24,3590,394
8250,B0,0,20,17,1,0,0,0,0,0,0,0,0,0,0,1,1,13,238,85
8250,B1,1,1,1,1,0,0,0,0,0,0,1,0,0,0,1,1,73,2968,100
8250,B2,14,0,1,20,0,13,0,0,0,0,0,0,0,0,1,2,29,3092,324
8250,C1,20,1,4,0,0,0,0,0,0,0,0,0,0,0,1,2,33,4206,192
8260,A1,1,18,0,20,0,0,0,0,0,0,0,0,0,1,0,2,24,3590,394
8260,B0,0,20,16,1,0,0,0,0,0,0,0,0,0,1,0,1,13,238,85
8260,B1,1,1,1,1,0,0,0,0,0,0,1,0,0,1,0,1,73,2968,100
8260,B2,14,0,1,20,0,13,0,0,0,0,0,0,0,1,0,2,29,3112,324
8260,C1,20,1,4,0,0,0,0,0,0,0,0,0,0,1,0,2,33,4206,192
8270,A1,1,18,0,20,0,0,0,0,0,0,0,0,0,1,0,2,24,3590,394
8270,B0,0,18,18,1,0,0,0,0,0,0,0,0,0,1,0,1,13,238,85
8270,B1,1,1,1,1,0,0,0,0,0,0,1,0,0,1,0,1,73,2968,100
8270,B2,14,0,1,20,0,13,0,0,0,0,0,0,0,1,0,2,29,3132,324
8270,C1,20,1,4,0,0,0,0,0,0,0,0,0,0,1,0,2,33,4206,192
8280,A1,1,19,0,20,0,0,0,0,20,0,0,0,0,0,1,1,25,3591,394
8280,B0,0,18,20,1,0,0,0,0,0,0,0,0,0,0,1,1,13,238,85
8280,B1,1,1,1,1,0,0,0,0,0,0,1,1,0,0,1,1,73,2968,100
8280,B2,14,0,1,20,0,14,0,0,0,0,0,0,0,0,1,2,29,3152,324
8280,C1,20,1,4,0,0,0,0,0,0,0,0,0,0,0,1,2,33,4206,192
8290,A1,1,20,0,20,0,0,0,0,20,0,0,0,0,0,1,1,25,3611,394
8290,B0,0,19,19,1,0,0,0,0,0,0,0,0,0,0,1,1,13,238,85
8290,B1,1,1,1,2,0,0,0,0,0,0,1,1,0,0,1,1,73,2968,100
8290,B2,14,0,2,20,0,14,0,0,0,0,0,0,0,0,1,2,29,3172,324
8290,C1,20,1,4,0,0,0,0,0,0,0,0,0,0,0,1,2,33,4206,192
8300,A1,1,20,0,20,0,0,0,0,20,0,0,0,0,0,1,1,25,3631,394
8300,B0,0,20,17,1,0,0,0,0,0,0,0,0,0,0,1,1,13,238,85
8300,B1,1,1,1,1,0,0,0,0,0,0,1,1,0,0,1,1,73,2968,100
8300,B2,14,0,1,20,0,14,0,0,0,0,0,0,0,0,1,2,29,3192,324
8300,C1,20,1,4,0,0,0,0,0,0,0,0,0,0,0,1,2,33,4206,192
8310,A1,1,20,0,20,1,0,0,0,20,0,0,0,0,1,0,0,25,3651,394
8310,B0,0,19,18,2,0,0,0,0,0,0,0,0,0,1,0,1,13,238,85
8310,B1,1,1,1,1,0,0,0,0,0,0,1,1,0,1,0,1,73,2968,100
8310,B2,14,0,1,20,0,14,0,0,0,0,0,0,0,1,0,2,29,3212,324
8310,C1,20,1,4,0,0,0,0,0,0,0,0,0,0,1,0,2,33,4206,192
8320,A1,2,20,0,20,1,0,0,0,20,0,0,0,0,1,0,0,25,3671,394
8320,B0,0,19,20,1,0,0,0,0,0,0,0,0,0,1,0,1,13,238,85
8320,B1,1,1,1,1,0,0,0,0,0,0,0,1,0,1,0,1,73,2968,100
8320,B2,14,0,1,20,0,0,0,0,0,0,0,0,0,1,0,1,29,3216,338
8320,C1,20,1,4,0,0,0,0,0,0,0,0,0,0,1,0,2,33,4206,192
8330,A1,1,20,0,20,1,0,0,0,20,0,0,0,0,0,1,0,25,3691,394
8330,B0,0,20,19,1,0,0,0,0,0,0,0,0,0,0,1,1,13,238,85
8330,B1,1,1,1,1,0,0,0,0,0,0,0,1,1,0,1,2,73,2968,100
8330,B2,14,0,1,20,0,0,0,0,0,0,0,0,0,0,1,1,29,3216,338
8330,C1,20,1,4,0,0,0,0,4,0,0,0,0,0,0,1,1,34,4215,192
8340,A1,1,20,0,20,1,0,0,0,20,0,0,0,0,0,1,0,25,3711,394
8340,B0,0,20,19,1,0,0,0,0,0,0,0,0,0,0,1,1,13,238,85
8340,B1,1,1,1,1,0,0,0,0,0,0,0,1,1,0,1,2,73,2968,100
8340,B2,14,0,1,20,0,0,0,0,0,0,0,0,0,0,1,1,29,3216,338
8340,C1,20,1,5,0,0,0,0,4,0,0,0,0,0,0,1,1,34,4235,192
8350,A1,3,20,0,20,0,0,0,0,20,0,0,0,0,1,0,1,25,3731,394
8350,B0,0,20,20,1,0,0,0,0,0,0,0,0,0,1,0,1,13,238,85
8350,B1,1,1,1,1,0,0,0,0,0,0,0,1,1,1,0,2,74,2971,101
8350,B2,14,0,1,20,0,0,0,0,0,0,0,0,0,1,0,1,29,3216,338
8350,C1,20,1,5,0,1,0,0,4,0,0,0,0,0,1,0,0,34,4255,192
8360,A1,1,20,0,20,0,0,0,0,20,0,0,0,0,1,0,1,25,3751,394
8360,B0,0,20,20,1,0,0,0,0,0,0,0,0,0,1,0,1,13,238,85
8360,B1,1,1,1,1,0,0,0,0,0,0,0,1,1,1,0,2,74,2971,101
8360,B2,14,0,1,20,0,0,0,0,0,0,0,0,0,1,0,1,29,3216,338
8360,C1,20,1,5,0,0,0,0,4,0,0,0,0,0,1,0,1,34,4275,192
8370,A1,3,19,0,20,0,0,0,0,0,0,0,0,0,1,0,2,25,3769,414
8370,B0,0,20,20,1,0,0,0,0,0,0,0,0,0,1,0,1,13,238,85
8370,B1,1,1,1,1,0,0,0,0,0,0,0,0,1,1,0,1,74,2971,101
8370,B2,14,0,1,20,0,0,0,0,0,0,0,0,0,1,0,1,29,3216,338
8370,C1,20,1,5,0,0,0,0,4,0,0,0,0,0,1,0,1,34,4295,192
8380,A1,3,19,0,17,0,0,0,0,0,0,0,0,0,0,1,2,25,3769,414
8380,B0,0,20,20,1,0,0,0,0,1,0,0,0,0,0,1,1,14,256,85
8380,B1,1,1,1,1,0,0,0,0,0,0,0,0,1,0,1,1,74,2971,101
8380,B2,14,0,1,20,0,0,0,0,0,0,0,0,0,0,1,1,29,3216,338
8380,C1,20,1,5,0,0,0,0,5,0,0,0,0,0,0,1,1,34,4315,192
8390,A1,3,20,0,17,0,0,0,0,0,0,0,0,0,0,1,2,25,3769,414
8390,B0,0,20,20,1,0,0,0,0,1,0,0,0,0,0,1,1,14,276,85
8390,B1,1,1,1,1,0,0,0,0,0,0,0,0,1,0,1,1,74,2971,101
8390,B2,13,0,1,18,0,0,0,0,0,0,0,0,0,0,1,1,29,3216,338
8390,C1,20,1,6,0,0,0,0,5,0,0,0,0,0,0,1,1,34,4335,192
8400,A1,1,20,0,19,0,0,0,0,0,0,0,0,0,1,0,2,25,3769,414
8400,B0,0,20,20,1,0,0,20,0,1,0,0,0,0,1,0,2,15,307,85
8400,B1,1,1,1,1,0,0,0,0,0,1,1,0,1,1,0,1,74,2971,101
8400,B2,12,0,1,18,0,12,0,0,0,0,0,0,0,1,0,2,30,3227,338
8400,C1,20,1,6,0,0,0,0,5,0,0,0,0,0,1,0,1,34,4355,192
8410,A1,1,20,0,20,0,0,0,0,0,0,0,0,0,1,0,2,25,3769,414
8410,B0,0,20,20,1,0,0,20,0,0,0,0,0,0,1,0,2,15,343,86
8410,B1,1,1,1,1,0,0,0,0,0,1,1,0,1,1,0,1,74,2971,101
8410,B2,12,0,1,19,0,12,0,0,0,0,0,0,0,1,0,2,30,3247,338
8410,C1,20,2,6,0,0,0,0,5,0,0,0,0,0,1,0,1,34,4375,192
8420,A1,1,18,0,19,0,0,0,0,0,0,0,0,0,0,1,2,25,3769,414
8420,B0,0,20,20,1,1,0,20,0,0,0,0,0,0,0,1,0,15,363,86
8420,B1,1,1,1,1,0,0,0,0,0,1,1,0,0,0,1,1,74,2971,101
8420,B2,12,0,1,20,0,12,0,0,0,0,0,0,0,0,1,2,30,3267,338
8420,C1,20,2,6,0,0,0,0,0,0,0,0,0,0,0,1,2,34,4379,197
8430,A1,1,18,0,18,0,0,0,0,0,0,0,0,0,0,1,2,25,3769,414
8430,B0,0,20,20,1,0,0,20,0,0,0,0,0,0,0,1,2,15,383,86
8430,B1,1,1,1,1,0,0,0,0,0,1,1,0,0,0,1,1,74,2971,101
8430,B2,12,0,1,20,0,12,0,0,0,0,0,0,0,0,1,2,30,3287,338
8430,C1,20,2,6,0,0,0,0,0,0,0,0,0,0,0,1,2,34,4379,197
8440,A1,1,20,0,18,0,0,0,0,0,0,0,0,0,0,1,2,25,3769,414
8440,B0,0,20,20,1,0,0,20,0,0,0,0,0,0,0,1,2,15,403,86
8440,B1,1,1,1,1,0,0,0,0,0,1,1,0,0,0,1,1,74,2971,101
8440,B2,12,0,1,20,0,12,0,0,0,0,0,0,0,0,1,2,30,3307,338
8440,C1,20,2,6,0,0,0,0,0,0,0,0,0,0,0,1,2,34,4379,197
8450,A1,1,20,0,20,0,1,0,0,0,0,0,0,0,1,0,2,26,3789,414
8450,B0,0,20,20,1,0,0,20,0,0,0,0,0,0,1,0,2,15,423,86
8450,B1,1,1,1,1,0,0,0,0,0,1,1,0,0,1,0,1,74,2971,101
8450,B2,12,0,3,20,0,12,0,0,0,0,0,0,0,1,0,2,30,3327,338
8450,C1,20,1,6,0,0,0,1,0,0,0,0,0,0,1,0,2,35,4399,197
8460,A1,1,19,0,20,0,1,0,0,0,0,0,0,0,1,0,2,26,3809,414
8460,B0,0,20,20,2,0,0,20,0,0,0,0,0,0,1,0,2,15,443,86
8460,B1,1,1,1,2,0,0,0,0,0,1,1,0,0,1,0,1,74,2971,101
8460,B2,12,0,2,20,0,12,0,0,0,0,0,0,0,1,0,2,30,3347,338
8460,C1,20,1,5,0,0,0,1,0,0,0,0,0,0,1,0,2,35,4419,197
8470,A1,1,19,0,20,0,1,0,0,18,0,0,0,1,0,1,1,27,3842,414
8470,B0,0,20,20,1,0,0,20,0,0,0,0,0,0,0,1,2,15,463,86
8470,B1,1,1,1,2,0,0,0,1,0,1,0,1,0,0,1,1,75,2985,101
8470,B2,12,0,1,20,0,0,0,0,0,0,0,0,0,0,1,1,30,3363,351
8470,C1,20,1,5,0,0,0,1,0,0,0,0,0,0,0,1,2,35,4439,197
8480,A1,1,20,0,20,0,1,0,0,18,0,0,0,1,0,1,1,27,3882,414
8480,B0,0,20,20,1,0,0,20,0,0,0,0,0,0,0,1,2,15,483,86
8480,B1,1,1,1,1,0,0,0,1,0,1,0,1,0,0,1,1,75,3005,101
8480,B2,12,0,1,20,0,0,0,0,0,0,0,0,0,0,1,1,30,3363,351
8480,C1,19,2,6,0,0,0,0,0,0,0,0,0,0,0,1,2,35,4441,199
8490,A1,1,20,0,20,0,1,0,0,0,0,0,0,1,1,0,2,27,3920,434
8490,B0,0,20,20,1,0,0,0,0,0,0,0,0,0,1,0,1,15,499,106
8490,B1,1,1,1,1,0,0,0,1,0,0,0,0,0,1,0,1,75,3025,101
8490,B2,12,0,1,20,0,0,0,0,0,0,0,0,0,1,0,1,30,3363,351
8490,C1,19,1,5,0,0,0,0,0,0,0,0,0,0,1,0,2,35,4441,199
8500,A1,1,20,0,20,0,1,0,0,0,0,0,0,1,1,0,2,27,3940,434
8500,B0,0,20,20,1,0,0,0,0,0,0,0,0,0,1,0,1,15,499,106
8500,B1,1,1,1,1,0,0,0,1,0,0,0,0,0,1,0,1,75,3045,101
8500,B2,12,0,1,20,0,0,0,0,0,0,0,0,0,1,0,1,30,3363,351
8500,C1,20,1,5,0,0,0,0,0,0,0,0,0,0,1,0,2,35,4441,199
8510,A1,1,20,0,20,0,1,0,0,0,0,0,0,1,0,1,2,27,3960,434
8510,B0,0,20,20,1,0,0,0,0,1,0,0,0,0,0,1,1,16,501,106
8510,B1,1,1,1,1,0,0,0,1,0,0,0,0,1,0,1,1,75,3065,101
8510,B2,12,0,1,20,0,0,0,0,0,0,0,0,0,0,1,1,30,3363,351
8510,C1,20,1,5,0,0,0,0,5,0,0,0,0,0,0,1,1,36,4442,199
8520,A1,2,20,0,20,0,0,0,0,0,0,0,0,1,0,1,2,27,3970,435
8520,B0,0,20,20,1,0,0,0,0,0,0,0,0,0,0,1,1,16,511,107
8520,B1,1,1,1,1,0,0,0,1,0,0,0,0,0,0,1,1,75,3085,101
8520,B2,12,0,1,20,0,0,0,0,0,0,0,0,0,0,1,1,30,3363,351
8520,C1,20,3,5,0,0,0,0,0,0,0,0,0,0,0,1,2,36,4454,204
8530,A1,2,20,0,20,0,0,0,0,0,0,0,0,1,0,1,2,27,3970,435
8530,B0,0,20,20,1,0,0,0,0,0,0,0,0,0,0,1,1,16,511,107
8530,B1,1,1,1,1,0,0,0,1,0,0,0,0,0,0,1,1,75,3105,101
8530,B2,12,0,1,20,0,0,0,0,0,0,0,0,0,0,1,1,30,3363,351
8530,C1,20,1,4,0,0,0,0,0,0,0,0,0,0,0,1,2,36,4454,204
8540,A1,1,20,0,20,0,0,0,0,0,0,0,0,1,1,0,2,27,3970,435
8540,B0,0,20,20,1,0,0,0,0,0,0,0,0,0,1,0,1,16,511,107
8540,B1,1,1,1,1,0,0,0,1,0,0,1,0,0,1,0,1,75,3125,101
8540,B2,11,0,1,20,0,11,0,0,0,0,0,0,0,1,0,2,31,3378,351
8540,C1,20,1,4,0,0,0,0,0,0,0,0,0,0,1,0,2,36,4454,204
8550,A1,1,20,0,20,0,0,0,0,0,0,0,0,1,1,0,2,27,3970,435
8550,B0,0,20,20,1,0,0,0,0,0,0,0,0,0,1,0,1,16,511,107
8550,B1,1,1,1,1,0,0,0,1,0,0,1,0,0,1,0,1,75,3145,101
8550,B2,10,0,1,20,0,10,0,0,0,0,0,0,0,1,0,2,31,3398,351
8550,C1,20,1,4,0,0,0,0,0,0,0,0,0,0,1,0,2,36,4454,204
8560,A1,1,20,0,20,0,0,0,0,20,0,0,0,0,0,1,1,28,3979,435
8560,B0,0,20,20,1,0,0,0,0,0,0,0,0,0,0,1,1,16,511,107
8560,B1,1,1,2,3,0,0,0,0,0,0,1,1,1,0,1,2,75,3147,102
8560,B2,10,0,1,20,0,10,0,0,0,0,0,0,0,0,1,2,31,3418,351
8560,C1,20,2,4,0,0,0,0,4,0,0,0,0,0,0,1,1,37,4463,204
8570,A1,1,20,0,20,0,0,0,0,20,0,0,0,0,0,1,1,28,3999,435
8570,B0,0,20,20,1,0,0,0,0,0,0,0,0,0,0,1,1,16,511,107
8570,B1,1,1,1,2,0,0,0,0,0,0,0,1,1,0,1,2,75,3147,102
8570,B2,10,0,1,20,0,0,0,0,0,0,0,0,0,0,1,1,31,3434,363
8570,C1,20,1,4,0,0,0,0,4,0,0,0,0,0,0,1,1,37,4483,204
8580,A1,2,20,0,20,1,0,0,0,20,0,0,0,0,1,0,0,28,4019,435
8580,B0,0,20,20,1,0,0,0,0,0,0,0,0,0,1,0,1,16,511,107
8580,B1,1,1,1,1,0,0,0,0,0,0,0,1,1,1,0,2,75,3147,102
8580,B2,11,0,1,20,0,0,0,0,0,0,0,0,0,1,0,1,31,3434,363
8580,C1,20,1,4,0,0,0,0,4,0,0,0,0,0,1,0,1,37,4503,204
8590,A1,1,20,0,20,0,0,0,0,20,0,0,0,0,1,0,1,28,4039,435
8590,B0,0,20,20,2,0,0,0,0,0,0,0,0,0,1,0,1,16,511,107
8590,B1,1,1,1,1,0,0,0,0,0,0,0,1,1,1,0,2,75,3147,102
8590,B2,11,0,1,20,0,0,0,0,0,0,0,0,0,1,0,1,31,3434,363
8590,C1,20,1,4,0,0,0,0,4,0,0,0,0,0,1,0,1,37,4523,204
8600,A1,2,20,0,20,0,0,0,0,20,0,0,0,0,1,0,1,28,4059,435
8600,B0,0,20,20,2,0,0,0,0,0,0,0,0,0,1,0,1,16,511,107
8600,B1,1,1,1,2,0,0,0,0,0,0,0,1,1,1,0,2,75,3147,102
8600,B2,12,0,1,20,0,0,0,0,0,0,0,0,0,1,0,1,31,3434,363
8600,C1,20,1,4,0,0,0,0,4,0,0,0,0,0,1,0,1,37,4543,204
8610,A1,1,20,0,20,0,0,0,0,20,0,0,0,0,0,1,1,28,4079,435
8610,B0,0,19,20,2,0,0,0,0,0,0,0,0,0,0,1,1,17,513,108
8610,B1,1,1,1,1,0,0,0,0,0,0,0,1,1,0,1,2,76,3149,103
8610,B2,12,0,1,20,0,0,0,1,0,0,0,0,0,0,1,1,32,3452,363
8610,C1,20,1,4,0,0,0,0,4,0,0,0,0,0,0,1,1,37,4563,204
8620,A1,1,20,0,20,0,0,0,0,20,0,0,0,0,0,1,1,28,4099,435
8620,B0,0,19,20,1,0,0,0,0,0,0,0,0,0,0,1,1,17,513,108
8620,B1,1,1,1,1,0,0,0,0,0,0,0,1,1,0,1,2,76,3149,103
8620,B2,12,0,1,20,0,0,0,1,0,0,0,0,0,0,1,1,32,3472,363
8620,C1,20,1,4,0,0,0,0,4,0,0,0,0,0,0,1,1,37,4583,204
8630,A1,1,20,0,20,0,0,0,0,20,0,0,0,0,1,0,1,28,4119,435
8630,B0,0,20,20,2,0,0,0,0,0,0,0,0,0,1,0,1,17,513,108
8630,B1,1,1,1,1,0,0,0,0,0,0,1,1,1,1,0,2,76,3149,103
8630,B2,13,0,1,20,0,12,0,1,0,0,0,0,0,1,0,2,33,3503,363
8630,C1,20,1,4,0,1,0,0,4,0,0,0,0,0,1,0,0,37,4603,204
8640,A1,1,20,0,20,0,0,0,0,20,0,0,0,0,1,0,1,28,4139,435
8640,B0,0,20,19,2,0,0,0,0,0,0,0,0,0,1,0,1,17,513,108
8640,B1,2,1,1,1,0,0,0,0,0,0,1,1,1,1,0,2,76,3149,103
8640,B2,13,0,1,20,0,12,0,0,0,0,0,0,0,1,0,2,33,3539,364
8640,C1,20,1,4,0,0,0,0,4,0,0,0,0,0,1,0,1,37,4623,204
8650,A1,1,20,0,20,0,0,0,0,0,0,0,0,0,0,1,2,28,4157,455
8650,B0,0,20,18,1,0,0,0,0,0,0,0,0,0,0,1,1,18,515,109
8650,B1,2,1,1,1,0,0,0,0,0,0,1,0,1,0,1,2,76,3149,103
8650,B2,13,0,2,20,0,13,0,0,0,0,0,0,0,0,1,2,33,3559,364
8650,C1,20,1,4,0,0,0,0,4,0,0,0,0,0,0,1,1,37,4643,204
8660,A1,1,20,0,20,0,0,0,0,0,0,0,0,0,0,1,2,28,4157,455
8660,B0,0,20,18,1,0,0,0,0,0,0,0,0,0,0,1,1,18,515,109
8660,B1,2,1,1,1,0,0,0,0,0,0,0,0,1,0,1,2,76,3149,103
8660,B2,13,0,1,20,0,0,0,0,0,0,0,0,0,0,1,1,33,3565,377
8660,C1,20,1,4,0,0,0,0,4,0,0,0,0,0,0,1,1,37,4663,204
8670,A1,1,20,0,20,0,0,0,0,0,0,0,0,0,0,1,2,28,4157,455
8670,B0,0,20,19,1,0,0,0,0,0,0,0,0,0,0,1,1,18,515,109
8670,B1,4,2,1,1,0,0,0,0,0,0,0,0,1,0,1,2,76,3149,103
8670,B2,13,0,1,20,0,0,0,0,0,0,0,0,0,0,1,1,33,3565,377
8670,C1,20,1,5,0,0,0,0,4,0,0,0,0,0,0,1,1,37,4683,204
8680,A1,1,20,0,20,0,0,0,0,0,0,0,0,0,1,0,2,28,4157,455
8680,B0,0,20,20,1,0,0,20,0,0,0,0,0,0,1,0,2,19,534,109
8680,B1,1,1,1,1,0,0,0,0,0,1,0,0,1,1,0,1,78,3163,106
8680,B2,13,0,1,20,0,0,0,0,0,0,0,0,0,1,0,1,33,3565,377
8680,C1,20,1,6,0,0,0,1,4,0,0,0,0,0,1,0,2,38,4723,204
8690,A1,1,20,0,20,0,0,0,0,0,0,0,0,0,1,0,2,28,4157,455
8690,B0,0,20,20,1,0,0,20,0,0,0,0,0,0,1,0,2,19,554,109
8690,B1,1,1,1,1,0,0,0,0,0,1,0,0,1,1,0,1,78,3163,106
8690,B2,13,0,1,20,0,0,0,0,0,0,0,0,0,1,0,1,33,3565,377
8690,C1,20,1,6,0,0,0,1,4,0,0,0,0,0,1,0,2,38,4763,204
8700,A1,1,20,0,20,0,0,0,0,0,0,0,0,0,0,1,2,28,4157,455
8700,B0,0,20,20,1,1,0,20,0,0,0,0,0,0,0,1,0,19,574,109
8700,B1,1,1,1,1,0,0,0,0,0,1,0,0,1,0,1,1,78,3163,106
8700,B2,15,0,1,18,0,0,0,0,0,0,0,0,0,0,1,1,33,3565,377
8700,C1,20,1,7,0,0,0,1,5,0,0,0,0,0,0,1,2,38,4803,204
8710,A1,1,20,0,20,0,0,0,0,0,0,0,0,0,0,1,2,28,4157,455
8710,B0,0,20,20,1,1,0,20,0,0,0,0,0,0,0,1,0,19,594,109
8710,B1,1,1,1,1,0,0,0,0,0,1,0,0,0,0,1,1,78,3163,106
8710,B2,15,0,1,18,0,0,0,0,0,0,0,0,0,0,1,1,33,3565,377
8710,C1,20,1,7,0,0,0,1,0,0,0,0,0,0,0,1,2,38,4829,209
8720,A1,1,20,0,20,0,0,0,0,0,0,0,0,0,1,0,2,28,4157,455
8720,B0,0,20,20,1,1,0,20,0,0,0,0,0,0,1,0,0,19,614,109
8720,B1,1,1,1,1,0,0,0,0,0,1,0,0,0,1,0,1,79,3166,107
8720,B2,15,0,2,19,0,0,0,0,0,0,0,0,0,1,0,1,33,3565,377
8720,C1,20,1,7,0,1,0,1,0,0,0,0,0,0,1,0,0,38,4849,209
8730,A1,1,20,0,20,0,0,0,0,0,0,0,0,0,1,0,2,28,4157,455
8730,B0,0,20,20,1,1,0,20,0,0,0,0,0,0,1,0,0,19,634,109
8730,B1,1,1,1,1,0,0,0,0,0,1,0,0,0,1,0,1,79,3166,107
8730,B2,15,0,1,20,0,0,0,0,0,0,0,0,0,1,0,1,33,3565,377
8730,C1,20,1,7,0,1,0,0,0,0,0,0,0,0,1,0,0,38,4855,210
8740,A1,1,20,0,19,0,0,0,0,19,0,0,0,1,0,1,1,29,4158,455
8740,B0,0,20,20,1,1,0,20,0,0,0,0,0,0,0,1,0,19,654,109
8740,B1,1,1,1,1,0,0,0,1,0,1,0,1,0,0,1,1,80,3167,107
8740,B2,15,0,1,20,0,0,0,0,0,0,0,0,0,0,1,1,33,3565,377
8740,C1,20,1,7,0,0,0,0,0,0,0,0,0,0,0,1,2,38,4855,210
8750,A1,1,20,0,19,0,0,0,0,19,0,0,0,0,0,1,1,29,4178,455
8750,B0,0,20,20,1,0,0,0,0,0,0,0,0,0,0,1,1,19,656,129
8750,B1,1,1,1,1,0,0,0,0,0,0,0,1,0,0,1,1,80,3181,108
8750,B2,15,0,1,20,0,0,0,0,0,0,0,0,0,0,1,1,33,3565,377
8750,C1,20,1,7,0,0,0,0,0,0,0,0,0,0,0,1,2,38,4855,210
8760,A1,1,20,0,20,0,0,0,0,19,0,0,0,0,0,1,1,29,4198,455
8760,B0,0,20,20,1,0,0,0,0,0,0,0,0,0,0,1,1,19,656,129
8760,B1,1,1,1,1,0,0,0,0,0,0,0,1,0,0,1,1,80,3181,108
8760,B2,15,0,1,20,0,0,0,0,0,0,0,0,0,0,1,1,33,3565,377
8760,C1,20,1,7,0,0,0,0,0,0,0,0,0,0,0,1,2,38,4855,210
8770,A1,1,20,0,20,1,0,0,0,19,0,0,0,0,1,0,0,29,4218,455
8770,B0,0,20,20,1,0,0,0,0,0,0,0,0,0,1,0,1,19,656,129
8770,B1,1,1,1,1,0,0,0,0,0,0,1,1,0,1,0,1,80,3181,108
8770,B2,16,0,1,20,0,15,0,0,0,0,0,0,0,1,0,2,34,3580,377
8770,C1,20,1,7,0,0,0,0,0,0,0,0,0,0,1,0,2,38,4855,210
8780,A1,1,20,0,20,0,0,0,0,19,0,0,0,0,1,0,1,29,4238,455
8780,B0,0,20,20,1,0,0,0,0,0,0,0,0,0,1,0,1,19,656,129
8780,B1,1,1,1,1,0,0,0,0,0,0,1,1,0,1,0,1,80,3181,108
8780,B2,16,0,1,20,0,15,0,0,0,0,0,0,0,1,0,2,34,3600,377
8780,C1,20,1,7,0,0,0,0,0,0,0,0,0,0,1,0,2,38,4855,210
8790,A1,1,19,0,20,0,0,0,0,20,0,0,0,1,0,1,1,29,4258,455
8790,B0,0,20,20,1,0,0,0,0,0,0,0,0,0,0,1,1,19,656,129
8790,B1,1,1,1,1,0,0,0,1,0,0,1,1,1,0,1,2,81,3191,108
8790,B2,16,0,1,20,0,16,0,1,0,0,0,0,0,0,1,2,35,3630,377
8790,C1,19,2,7,0,0,0,0,7,0,0,0,0,0,0,1,1,39,4864,210
8800,A1,1,19,0,20,0,0,0,0,20,0,0,0,1,0,1,1,29,4278,455
8800,B0,0,20,20,2,0,0,0,0,0,0,0,0,0,0,1,1,19,656,129
8800,B1,1,1,1,1,0,0,0,1,0,0,1,1,1,0,1,2,81,3211,108
8800,B2,16,0,1,20,0,16,0,1,0,0,0,0,0,0,1,2,35,3670,377
8800,C1,19,2,7,0,0,0,0,7,0,0,0,0,0,0,1,1,39,4884,210
8810,A1,1,18,0,19,0,0,0,0,19,0,0,0,1,1,0,1,29,4298,455
8810,B0,0,20,20,1,0,0,0,0,0,0,0,0,0,1,0,1,19,656,129
8810,B1,1,1,1,1,0,0,0,1,0,0,1,1,1,1,0,2,81,3231,108
8810,B2,16,0,1,20,0,16,0,1,0,0,0,0,0,1,0,2,35,3710,377
8810,C1,18,2,7,0,0,0,1,7,0,0,0,0,0,1,0,2,40,4908,210
8820,A1,1,18,0,19,0,0,0,0,19,0,0,0,1,1,0,1,29,4318,455
8820,B0,0,20,20,1,0,0,0,0,0,0,0,0,0,1,0,1,19,656,129
8820,B1,1,1,1,1,0,0,0,1,0,0,1,1,1,1,0,2,81,3251,108
8820,B2,17,0,1,20,0,16,0,1,0,0,0,0,0,1,0,2,35,3750,377
8820,C1,16,1,7,0,0,0,0,7,0,0,0,0,0,1,0,1,40,4928,211
8830,A1,3,19,0,20,0,0,0,0,19,0,0,0,0,1,0,1,29,4338,455
8830,B0,0,20,20,1,0,0,0,0,0,0,0,0,0,1,0,1,19,656,129
8830,B1,1,1,1,1,0,0,0,0,0,0,1,1,1,1,0,2,81,3259,109
8830,B2,17,0,1,20,0,16,0,1,0,0,0,0,0,1,0,2,35,3790,377
8830,C1,17,1,6,0,0,0,0,6,0,0,0,0,0,1,0,1,40,4948,211
8840,A1,1,20,0,20,0,0,0,0,19,0,0,0,0,0,1,1,29,4358,455
8840,B0,0,20,20,1,0,0,0,0,1,0,0,0,0,0,1,1,20,673,129
8840,B1,1,1,1,1,0,0,0,0,0,0,1,1,1,0,1,2,81,3259,109
8840,B2,17,0,1,20,1,16,0,1,0,0,0,0,0,0,1,0,35,3830,377
8840,C1,19,1,5,0,0,0,0,5,0,0,0,0,0,0,1,1,40,4968,211
8850,A1,1,20,0,20,0,0,0,0,19,0,0,0,0,0,1,1,29,4378,455
8850,B0,0,20,20,1,0,0,0,0,1,0,0,0,0,0,1,1,20,693,129
8850,B1,1,1,1,2,0,0,0,0,0,0,1,1,1,0,1,2,81,3259,109
8850,B2,16,0,1,20,1,15,0,1,0,0,0,0,0,0,1,0,35,3870,377
8850,C1,20,1,5,0,0,0,0,5,0,0,0,0,0,0,1,1,40,4988,211
8860,A1,1,20,0,20,0,0,0,0,0,0,0,0,0,1,0,2,29,4380,475
8860,B0,0,20,20,1,0,0,20,0,1,0,0,0,0,1,0,2,21,724,129
8860,B1,1,1,1,1,0,0,0,0,0,1,1,0,1,1,0,1,81,3259,109
8860,B2,16,0,1,20,1,16,0,1,0,0,0,0,0,1,0,0,35,3910,377
8860,C1,20,1,5,0,0,0,0,5,0,0,0,0,0,1,0,1,40,5008,211
8870,A1,1,20,0,20,0,0,0,0,0,0,0,0,0,1,0,2,29,4380,475
8870,B0,0,20,20,1,0,0,20,0,0,0,0,0,0,1,0,2,21,750,130
8870,B1,1,1,1,1,0,0,0,0,0,1,1,0,1,1,0,1,81,3259,109
8870,B2,17,0,1,20,1,16,0,1,0,0,0,0,0,1,0,0,35,3950,377
8870,C1,20,1,5,0,0,0,0,5,0,0,0,0,0,1,0,1,40,5028,211
8880,A1,1,20,0,20,0,0,0,0,0,0,0,0,0,0,1,2,29,4380,475
8880,B0,0,20,20,1,0,0,20,0,0,0,0,0,0,0,1,2,21,770,130
8880,B1,1,1,1,1,0,0,0,0,1,1,0,0,1,0,1,1,82,3265,109
8880,B2,17,0,1,20,1,0,0,0,0,0,0,0,0,0,1,0,35,3954,395
8880,C1,20,1,5,0,0,0,0,5,0,0,0,1,0,0,1,1,40,5048,211
8890,A1,1,20,0,20,0,0,0,0,0,0,0,0,0,0,1,2,29,4380,475
8890,B0,0,20,20,1,0,0,20,0,0,0,0,0,0,0,1,2,21,790,130
8890,B1,1,1,1,1,0,0,0,0,1,1,0,0,1,0,1,1,82,3285,109
8890,B2,17,0,1,20,0,0,0,0,0,0,0,0,0,0,1,1,35,3954,395
8890,C1,19,1,5,0,0,0,0,5,0,0,0,1,0,0,1,1,40,5068,211
8900,A1,1,20,0,20,0,0,0,0,0,0,0,0,0,0,1,2,29,4380,475
8900,B0,0,20,20,1,0,0,20,0,0,0,0,0,0,0,1,2,21,810,130
8900,B1,1,1,1,1,0,0,0,0,1,1,0,0,1,0,1,1,82,3305,109
8900,B2,17,0,1,20,0,0,0,0,0,0,0,0,0,0,1,1,35,3954,395
8900,C1,19,1,5,0,0,0,0,5,0,0,0,1,0,0,1,1,40,5088,211
8910,A1,1,20,0,20,0,0,0,0,0,0,0,0,0,1,0,2,29,4380,475
8910,B0,0,20,20,1,0,0,20,0,0,0,0,0,0,1,0,2,21,830,130
8910,B1,1,1,1,1,0,0,0,0,1,1,0,0,1,1,0,1,82,3325,109
8910,B2,16,0,1,20,0,0,0,0,0,0,0,0,0,1,0,1,35,3954,395
8910,C1,19,1,5,0,0,0,0,5,0,0,0,1,0,1,0,1,40,5108,211
8920,A1,1,20,0,20,0,0,0,0,0,0,0,0,0,1,0,2,29,4380,475
8920,B0,0,20,20,1,0,0,20,0,0,0,0,0,0,1,0,2,21,850,130
8920,B1,1,1,1,1,0,0,0,0,1,1,0,0,1,1,0,1,82,3345,109
8920,B2,16,0,1,19,0,0,0,0,0,0,0,0,0,1,0,1,35,3954,395
8920,C1,19,1,5,0,0,0,0,5,0,0,0,1,0,1,0,1,40,5128,211
8930,A1,1,20,0,20,0,0,0,0,0,0,0,0,1,0,1,2,29,4380,475
8930,B0,0,19,20,1,0,0,19,0,0,0,0,0,0,0,1,2,21,870,130
8930,B1,1,1,1,1,0,0,0,1,1,1,0,0,1,0,1,1,83,3379,109
8930,B2,16,0,3,19,0,0,0,0,0,0,0,0,0,0,1,1,35,3954,395
8930,C1,20,1,5,0,0,0,0,5,0,0,0,1,0,0,1,1,40,5148,211
8940,A1,1,20,0,20,0,0,0,0,0,0,0,0,1,0,1,2,29,4380,475
8940,B0,0,19,17,1,0,0,19,0,0,0,0,0,0,0,1,2,21,890,130
8940,B1,1,1,1,1,0,0,0,1,1,1,0,0,1,0,1,1,83,3419,109
8940,B2,16,0,1,17,0,0,0,0,0,0,0,0,0,0,1,1,35,3954,395
8940,C1,20,1,5,0,0,0,0,5,0,0,0,1,0,0,1,1,40,5168,211
8950,A1,1,20,0,20,0,0,0,0,0,0,0,0,1,1,0,2,29,4380,475
8950,B0,0,19,15,1,0,0,18,0,0,0,0,0,0,1,0,2,21,910,130
8950,B1,1,1,1,1,0,0,0,1,1,1,0,0,0,1,0,1,83,3459,109
8950,B2,15,0,1,18,0,0,0,0,0,0,0,0,0,1,0,1,35,3954,395
8950,C1,20,1,5,0,1,0,0,0,0,0,0,1,0,1,0,0,40,5176,218
8960,A1,1,20,0,20,0,0,0,0,0,0,0,0,1,1,0,2,29,4380,475
8960,B0,0,18,16,1,0,0,17,0,0,0,0,0,0,1,0,2,21,930,130
8960,B1,2,2,1,1,0,0,0,1,1,1,0,0,0,1,0,1,83,3499,109
8960,B2,15,0,1,19,0,0,0,0,0,0,0,0,0,1,0,1,35,3954,395
8960,C1,20,1,5,0,0,0,0,0,0,0,0,1,0,1,0,2,40,5176,218
8970,A1,1,20,0,20,0,0,0,0,20,0,0,0,0,0,1,1,30,4381,475
8970,B0,0,18,20,1,0,0,17,0,0,0,0,0,0,0,1,2,21,950,130
8970,B1,1,1,1,1,0,0,0,0,1,1,0,1,0,0,1,1,83,3533,110
8970,B2,15,0,2,20,0,0,0,0,0,0,0,0,0,0,1,1,35,3954,395
8970,C1,20,1,5,0,0,0,0,0,0,0,0,1,0,0,1,2,40,5176,218
8980,A1,1,20,0,20,0,0,0,0,20,0,0,0,0,0,1,1,30,4401,475
8980,B0,0,20,20,1,0,0,17,0,0,0,0,0,0,0,1,2,21,970,130
8980,B1,1,1,1,1,0,0,0,0,0,1,0,1,0,0,1,1,83,3551,111
8980,B2,15,0,1,20,0,0,0,0,0,0,0,0,0,0,1,1,35,3954,395
8980,C1,20,1,6,0,0,0,0,0,0,0,0,0,0,0,1,2,40,5176,218
8990,A1,1,20,0,20,0,0,0,0,20,0,0,0,0,0,1,1,30,4421,475
8990,B0,0,20,20,1,0,0,17,0,0,0,0,0,0,0,1,2,21,990,130
8990,B1,1,1,1,1,0,0,0,0,0,1,0,1,0,0,1,1,83,3551,111
8990,B2,15,0,1,20,0,0,0,0,0,0,0,0,0,0,1,1,35,3954,395
8990,C1,20,1,7,0,0,0,0,0,0,0,0,0,0,0,1,2,40,5176,218
9000,A1,1,20,0,20,0,0,0,0,20,0,0,0,0,1,0,1,30,4441,475
9000,B0,0,20,20,1,1,0,18,0,0,0,0,0,0,1,0,0,21,1010,130
9000,B1,1,1,1,2,0,0,1,0,0,1,1,1,0,1,0,1,84,3567,111
9000,B2,15,0,1,20,0,15,0,0,0,1,0,0,0,1,0,2,36,3969,395
9000,C1,20,1,7,0,0,0,0,0,0,0,0,0,0,1,0,2,40,5176,218
9010,A1,1,20,0,20,0,0,0,0,20,0,0,0,0,1,0,1,30,4461,475
9010,B0,0,20,20,1,1,0,18,0,0,0,0,0,0,1,0,0,21,1030,130
9010,B1,1,1,1,1,0,0,1,0,0,1,1,1,0,1,0,1,84,3587,111
9010,B2,15,0,1,20,0,15,0,0,0,1,0,0,0,1,0,2,36,3989,395
9010,C1,20,1,7,0,0,0,0,0,0,0,0,0,0,1,0,2,40,5176,218
9020,A1,1,20,0,20,0,0,0,0,20,0,0,0,0,0,1,1,30,4481,475
9020,B0,0,20,20,1,1,0,0,0,0,0,0,0,0,0,1,0,21,1044,153
9020,B1,1,1,1,1,0,0,1,0,0,0,0,1,0,0,1,2,84,3607,111
9020,B2,15,0,1,20,0,0,0,1,0,1,0,0,0,0,1,1,37,4011,410
9020,C1,20,1,8,0,0,0,0,0,0,0,0,0,0,0,1,2,40,5176,218
9030,A1,1,20,0,20,0,0,0,0,20,0,0,0,0,0,1,1,30,4501,475
9030,B0,0,20,20,2,0,0,0,0,0,0,0,0,0,0,1,1,21,1044,153
9030,B1,1,1,1,1,0,0,1,0,0,0,0,1,0,0,1,2,84,3627,111
9030,B2,15,0,1,20,0,0,0,1,0,1,0,0,0,0,1,1,37,4031,410
9030,C1,20,1,8,0,0,0,0,0,0,0,0,0,0,0,1,2,40,5176,218
9040,A1,1,20,0,20,1,0,0,0,0,0,0,0,0,1,0,0,30,4517,495
9040,B0,0,20,18,1,0,0,0,0,0,0,0,0,0,1,0,1,21,1044,153
9040,B1,1,1,1,1,0,0,0,0,0,0,0,0,0,1,0,1,84,3646,112
9040,B2,15,0,1,20,0,0,0,1,0,0,0,0,0,1,0,1,37,4051,410
9040,C1,20,1,8,0,0,0,0,0,0,0,0,0,0,1,0,2,40,5176,218
9050,A1,1,20,0,20,1,0,0,0,0,0,0,0,0,1,0,0,30,4517,495
9050,B0,0,20,18,2,0,0,0,0,0,0,0,0,0,1,0,1,21,1044,153
9050,B1,1,1,1,1,0,0,0,0,0,0,0,0,0,1,0,1,84,3646,112
9050,B2,15,0,1,20,0,0,0,0,0,0,0,0,0,1,0,1,37,4065,411
9050,C1,20,1,8,0,0,0,0,0,0,0,0,0,0,1,0,2,40,5176,218
9060,A1,1,19,0,20,0,0,0,0,0,0,0,0,0,1,0,2,30,4517,495
9060,B0,0,20,20,2,0,0,0,0,0,0,0,0,0,1,0,1,21,1044,153
9060,B1,1,1,1,1,0,0,0,0,0,0,0,0,0,1,0,1,84,3646,112
9060,B2,15,0,1,20,0,0,0,0,0,0,0,0,0,1,0,1,37,4065,411
9060,C1,19,1,8,0,0,0,0,0,0,0,0,0,0,1,0,2,40,5176,218
9070,A1,1,19,0,18,0,0,0,0,0,0,0,0,0,0,1,2,30,4517,495
9070,B0,0,20,19,1,0,0,0,0,0,0,0,0,0,0,1,1,22,1046,154
9070,B1,1,1,1,1,0,0,0,0,0,0,0,0,1,0,1,1,84,3646,112
9070,B2,15,0,1,20,0,0,0,0,0,0,0,0,0,0,1,1,37,4065,411
9070,C1,19,1,8,0,0,0,0,8,0,0,0,0,0,0,1,1,41,5193,218
9080,A1,1,20,0,18,0,0,0,0,0,0,0,0,0,0,1,2,30,4517,495
9080,B0,0,20,19,1,0,0,0,0,0,0,0,0,0,0,1,1,22,1046,154
9080,B1,1,1,1,1,0,0,0,0,0,0,0,0,1,0,1,1,84,3646,112
9080,B2,15,0,1,20,0,0,0,0,0,0,0,0,0,0,1,1,37,4065,411
9080,C1,20,1,8,0,0,0,0,8,0,0,0,0,0,0,1,1,41,5213,218
9090,A1,1,20,0,19,0,0,0,0,0,0,0,0,0,1,0,2,30,4517,495
9090,B0,0,20,20,1,0,0,20,0,0,0,0,0,0,1,0,2,23,1057,154
9090,B1,3,1,1,1,0,0,0,0,0,1,0,0,0,1,0,2,85,3650,113
9090,B2,15,0,1,20,0,0,0,0,0,0,0,0,0,1,0,1,37,4065,411
9090,C1,20,1,8,0,1,0,0,0,0,0,0,0,0,1,0,0,41,5215,226
9100,A1,1,20,0,20,0,0,0,0,0,0,0,0,0,1,0,2,30,4517,495
9100,B0,0,20,20,1,0,0,20,0,0,0,0,0,0,1,0,2,23,1077,154
9100,B1,1,1,1,1,0,0,0,0,0,1,0,0,0,1,0,1,85,3650,113
9100,B2,15,0,1,20,0,0,0,0,0,0,0,0,0,1,0,1,37,4065,411
9100,C1,20,1,8,0,1,0,0,0,0,0,0,0,0,1,0,0,41,5215,226
9110,A1,1,19,0,20,0,0,0,0,0,0,0,0,0,0,1,2,30,4517,495
9110,B0,0,20,20,1,0,0,20,0,1,0,0,0,0,0,1,2,24,1103,154
9110,B1,1,1,1,1,0,0,0,0,1,1,0,0,0,0,1,1,86,3656,113
9110,B2,15,0,1,20,0,0,0,0,0,0,0,0,0,0,1,1,37,4065,411
9110,C1,20,2,8,0,0,0,0,0,0,0,0,1,0,0,1,2,41,5215,226
9120,A1,1,19,0,20,0,0,0,0,0,0,0,0,0,0,1,2,30,4517,495
9120,B0,0,20,20,1,0,0,20,0,1,0,0,0,0,0,1,2,24,1143,154
9120,B1,1,1,1,1,0,0,0,0,1,1,0,0,0,0,1,1,86,3676,113
9120,B2,15,0,2,20,0,0,0,0,0,0,0,0,0,0,1,1,37,4065,411
9120,C1,20,3,7,0,0,0,0,0,0,0,0,1,0,0,1,2,41,5215,226
9130,A1,1,20,0,20,0,0,0,0,0,0,0,0,0,0,1,2,30,4517,495
9130,B0,0,20,20,1,0,0,20,0,1,0,0,0,0,0,1,2,24,1183,154
9130,B1,1,1,1,1,0,0,0,0,1,1,0,0,0,0,1,1,86,3696,113
9130,B2,15,0,1,20,0,0,0,0,0,0,0,0,0,0,1,1,37,4065,411
9130,C1,20,3,8,0,0,0,0,0,0,0,0,1,0,0,1,2,41,5215,226
9140,A1,1,20,0,20,0,1,0,0,0,0,0,0,0,1,0,2,31,4537,495
9140,B0,0,20,20,1,0,0,20,0,1,0,0,0,0,1,0,2,24,1223,154
9140,B1,1,1,1,1,0,0,0,0,1,1,0,0,0,1,0,1,86,3716,113
9140,B2,15,0,1,20,0,0,0,0,0,0,0,0,0,1,0,1,37,4065,411
9140,C1,20,1,8,0,0,0,0,0,0,0,0,1,0,1,0,2,42,5219,227
9150,A1,1,20,0,20,0,1,0,0,0,0,0,0,0,1,0,2,31,4557,495
9150,B0,0,20,20,1,0,0,20,0,1,0,0,0,0,1,0,2,24,1263,154
9150,B1,1,1,1,1,0,0,0,0,0,1,0,0,0,1,0,1,86,3730,114
9150,B2,15,0,1,20,0,0,0,0,0,0,0,0,0,1,0,1,37,4065,411
9150,C1,20,1,9,0,0,0,0,0,0,0,0,0,0,1,0,2,42,5219,227
9160,A1,1,20,0,20,0,1,0,0,0,0,0,0,0,0,1,2,31,4577,495
9160,B0,0,20,20,1,1,0,20,0,1,0,0,0,0,0,1,0,24,1303,154
9160,B1,1,1,1,3,0,0,0,0,0,1,0,0,0,0,1,1,86,3730,114
9160,B2,15,0,1,20,0,0,0,1,0,0,0,0,0,0,1,1,38,4079,411
9160,C1,20,1,9,0,0,0,0,0,0,0,0,0,0,0,1,2,42,5219,227
9170,A1,1,20,0,19,0,0,0,0,0,0,0,0,0,0,1,2,31,4577,496
9170,B0,0,20,20,1,1,0,20,0,0,0,0,0,0,0,1,0,24,1341,155
9170,B1,1,1,1,1,0,0,0,0,0,1,0,0,0,0,1,1,86,3730,114
9170,B2,15,0,1,20,0,0,0,0,0,0,0,0,0,0,1,1,38,4079,412
9170,C1,20,2,9,0,0,0,0,0,0,0,0,0,0,0,1,2,42,5219,227
9180,A1,1,20,0,19,0,0,0,0,0,0,0,0,0,1,0,2,31,4577,496
9180,B0,0,20,20,3,0,0,20,0,0,0,0,0,0,1,0,2,24,1361,155
9180,B1,1,1,1,1,0,0,0,0,0,1,0,0,0,1,0,1,86,3730,114
9180,B2,15,0,1,20,0,0,0,0,0,0,0,0,0,1,0,1,38,4079,412
9180,C1,20,1,9,0,0,0,0,0,0,0,0,0,0,1,0,2,42,5219,227
9190,A1,1,19,0,20,0,0,0,0,0,0,0,0,0,1,0,2,31,4577,496
9190,B0,0,19,20,1,0,0,19,0,0,0,0,0,0,1,0,2,24,1381,155
9190,B1,1,1,1,1,0,0,0,0,0,1,0,0,0,1,0,1,86,3730,114
9190,B2,14,0,1,20,0,0,0,0,0,0,0,0,0,1,0,1,38,4079,412
9190,C1,20,1,9,0,0,0,0,0,0,0,0,0,0,1,0,2,42,5219,227
9200,A1,1,19,0,20,0,0,0,0,19,0,0,0,1,0,1,1,32,4578,496
9200,B0,0,19,20,1,0,0,19,0,0,0,0,0,0,0,1,2,24,1401,155
9200,B1,1,1,2,1,0,0,0,1,0,1,0,1,1,0,1,2,87,3732,114
9200,B2,14,0,2,20,0,0,0,1,0,0,0,0,0,0,1,1,39,4081,412
9200,C1,20,1,9,0,0,0,0,9,0,0,0,0,0,0,1,1,43,5220,227
9210,A1,1,19,0,19,0,0,0,0,18,0,0,0,0,0,1,1,32,4598,496
9210,B0,0,20,20,1,0,0,19,0,0,0,0,0,0,0,1,2,24,1421,155
9210,B1,1,1,1,1,0,0,0,0,0,1,0,1,1,0,1,2,87,3734,115
9210,B2,14,0,1,20,0,0,0,0,0,0,0,0,0,0,1,1,39,4083,413
9210,C1,20,1,9,0,0,0,0,9,0,0,0,0,0,0,1,1,43,5240,227
9220,A1,1,20,0,19,0,0,0,0,18,0,0,0,0,0,1,1,32,4618,496
9220,B0,0,20,20,1,0,0,19,0,0,0,0,0,0,0,1,2,24,1441,155
9220,B1,1,1,1,1,0,0,0,0,0,1,0,1,1,0,1,2,87,3734,115
9220,B2,14,0,1,20,0,0,0,0,0,0,0,0,0,0,1,1,39,4083,413
9220,C1,20,2,10,0,0,0,0,9,0,0,0,0,0,0,1,1,43,5260,227
9230,A1,1,20,0,20,0,0,0,0,19,0,0,0,0,1,0,1,32,4638,496
9230,B0,0,20,20,2,0,0,19,0,0,0,0,0,0,1,0,2,24,1461,155
9230,B1,1,1,1,1,0,0,0,0,0,1,1,1,0,1,0,1,87,3734,115
9230,B2,13,0,1,20,0,13,0,0,0,0,0,0,0,1,0,2,40,4098,413
9230,C1,20,1,10,0,0,0,0,0,0,0,0,0,0,1,0,2,44,5276,237
9240,A1,1,20,0,20,0,0,0,0,19,0,0,0,0,1,0,1,32,4658,496
9240,B0,0,20,20,3,0,0,19,0,0,0,0,0,0,1,0,2,24,1481,155
9240,B1,1,1,1,1,0,0,0,0,0,1,1,1,0,1,0,1,87,3734,115
9240,B2,13,0,1,20,0,13,0,0,0,0,0,0,0,1,0,2,40,4118,413
9240,C1,20,1,10,0,0,0,0,0,0,0,0,0,0,1,0,2,44,5276,237
9250,A1,1,20,0,20,1,0,0,0,20,0,0,0,0,0,1,0,32,4678,496
9250,B0,0,20,20,1,0,0,20,0,0,0,0,0,0,0,1,2,24,1501,155
9250,B1,1,1,1,2,0,0,0,0,0,1,1,1,0,0,1,1,87,3734,115
9250,B2,13,0,1,18,0,13,0,1,0,0,0,0,0,0,1,2,41,4148,413
9250,C1,20,2,10,0,0,0,0,0,0,0,0,0,0,0,1,2,44,5276,237
9260,A1,2,20,0,20,1,0,0,0,20,0,0,0,0,0,1,0,32,4698,496
9260,B0,0,20,20,1,0,0,20,0,0,0,0,0,0,0,1,2,24,1521,155
9260,B1,1,1,1,1,0,0,0,0,0,1,1,1,0,0,1,1,87,3734,115
9260,B2,13,0,1,18,0,13,0,1,0,0,0,0,0,0,1,2,41,4188,413
9260,C1,20,1,10,0,0,0,0,0,0,0,0,0,0,0,1,2,44,5276,237
9270,A1,1,20,0,20,0,0,0,0,20,0,0,0,0,1,0,1,32,4718,496
9270,B0,0,20,20,1,0,0,20,0,0,0,0,0,0,1,0,2,24,1541,155
9270,B1,1,2,1,1,0,0,0,0,0,1,1,1,0,1,0,1,87,3734,115
9270,B2,13,0,1,19,0,13,0,1,0,0,0,0,0,1,0,2,41,4228,413
9270,C1,20,1,10,0,0,0,0,0,0,0,0,0,0,1,0,2,44,5276,237
9280,A1,1,20,0,20,0,0,0,0,0,0,0,0,0,1,0,2,32,4726,517
9280,B0,0,20,20,1,0,0,20,0,0,0,0,0,0,1,0,2,24,1561,155
9280,B1,1,1,1,1,0,0,0,0,0,1,1,0,0,1,0,1,87,3734,115
9280,B2,13,0,1,19,0,13,0,1,0,0,0,0,0,1,0,2,41,4268,413
9280,C1,20,1,10,0,0,0,0,0,0,0,0,0,0,1,0,2,44,5276,237
9290,A1,1,20,0,20,0,0,0,0,0,0,0,0,0,1,0,2,32,4726,517
9290,B0,0,20,20,1,0,0,20,0,0,0,0,0,0,1,0,2,24,1581,155
9290,B1,1,1,1,1,0,0,0,0,0,1,1,0,0,1,0,1,87,3734,115
9290,B2,13,0,1,19,0,13,0,1,0,0,0,0,0,1,0,2,41,4308,413
9290,C1,20,1,10,0,0,0,0,0,0,0,0,0,0,1,0,2,44,5276,237
9300,A1,1,20,0,20,0,0,0,0,0,0,0,0,0,0,1,2,32,4726,517
9300,B0,0,20,20,1,1,0,0,0,0,0,0,0,0,0,1,0,24,1581,176
9300,B1,1,1,1,1,0,0,0,0,0,0,1,0,1,0,1,1,87,3734,115
9300,B2,13,0,1,19,1,13,0,1,0,0,0,0,0,0,1,0,41,4348,413
9300,C1,20,1,11,0,0,0,0,10,0,0,0,0,0,0,1,1,45,5293,237
9310,A1,2,20,0,20,0,0,0,0,0,0,0,0,0,0,1,2,32,4726,517
9310,B0,0,20,20,1,0,0,0,0,0,0,0,0,0,0,1,1,24,1581,176
9310,B1,1,1,1,1,0,0,0,0,0,0,1,0,1,0,1,1,87,3734,115
9310,B2,13,0,1,19,1,13,0,1,0,0,0,0,0,0,1,0,41,4388,413
9310,C1,20,1,11,0,0,0,0,10,0,0,0,0,0,0,1,1,45,5313,237
9320,A1,1,20,0,20,0,0,0,0,0,0,0,0,0,1,0,2,32,4726,517
9320,B0,0,20,20,1,0,0,0,0,0,0,0,0,0,1,0,1,24,1581,176
9320,B1,1,1,1,1,0,0,0,0,0,0,1,0,0,1,0,1,87,3734,115
9320,B2,12,0,1,19,0,12,0,1,0,0,0,0,0,1,0,2,41,4428,413
9320,C1,20,1,11,0,1,0,0,0,0,0,0,0,0,1,0,0,45,5325,247
9330,A1,1,20,0,20,0,0,0,0,0,0,0,0,0,1,0,2,32,4726,517
9330,B0,0,20,20,2,0,0,0,0,0,0,0,0,0,1,0,1,24,1581,176
9330,B1,1,1,1,1,0,0,0,0,0,0,1,0,0,1,0,1,87,3734,115
9330,B2,12,0,1,19,0,12,0,0,0,0,0,0,0,1,0,2,41,4456,414
9330,C1,20,1,11,0,0,0,0,0,0,0,0,0,0,1,0,2,45,5325,247
9340,A1,1,20,0,20,0,0,0,0,20,0,0,0,0,0,1,1,33,4731,517
9340,B0,0,20,20,1,0,0,0,0,0,0,0,0,0,0,1,1,24,1581,176
9340,B1,1,1,1,1,0,0,0,0,0,0,1,1,0,0,1,1,87,3734,115
9340,B2,12,0,1,19,0,12,0,0,0,0,0,0,0,0,1,2,41,4476,414
9340,C1,20,1,11,0,0,0,0,0,0,0,0,0,0,0,1,2,45,5325,247
9350,A1,1,20,0,20,0,0,0,0,20,0,0,0,0,0,1,1,33,4751,517
9350,B0,0,20,20,1,0,0,0,0,0,0,0,0,0,0,1,1,24,1581,176
9350,B1,1,1,1,1,0,0,0,0,0,0,1,1,0,0,1,1,87,3734,115
9350,B2,12,0,1,19,0,12,0,0,0,0,0,0,0,0,1,2,41,4496,414
9350,C1,20,1,11,0,0,0,0,0,0,0,0,0,0,0,1,2,45,5325,247
9360,A1,1,20,0,20,0,0,0,0,20,0,0,0,0,0,1,1,33,4771,517
9360,B0,0,20,20,1,0,0,0,0,0,0,0,0,0,0,1,1,24,1581,176
9360,B1,1,1,1,1,0,0,0,0,0,0,1,1,0,0,1,1,87,3734,115
9360,B2,12,0,1,19,0,12,0,0,0,0,0,0,0,0,1,2,41,4516,414
9360,C1,19,1,11,0,0,0,0,0,0,0,0,0,0,0,1,2,45,5325,247
9370,A1,1,20,0,20,1,0,0,0,20,0,0,0,0,1,0,0,33,4791,517
9370,B0,0,20,19,1,0,0,20,0,0,0,1,0,0,1,0,2,25,1600,176
9370,B1,1,1,1,1,0,1,0,0,0,1,1,1,0,1,0,1,88,3754,115
9370,B2,12,0,2,19,0,12,0,0,0,0,0,0,0,1,0,2,41,4536,414
9370,C1,18,1,11,0,0,0,0,0,0,0,0,0,0,1,0,2,45,5325,247
9380,A1,1,20,0,20,0,0,0,0,20,0,0,0,0,1,0,1,33,4811,517
9380,B0,0,20,19,1,0,0,0,0,0,0,1,0,0,1,0,1,25,1606,196
9380,B1,1,1,1,1,0,1,0,0,0,0,1,1,0,1,0,2,88,3774,115
9380,B2,12,0,2,19,0,12,0,0,0,0,0,0,0,1,0,2,41,4556,414
9380,C1,18,1,11,0,0,0,0,0,0,0,0,0,0,1,0,2,45,5325,247
9390,A1,2,20,0,20,0,0,0,0,20,0,0,0,0,0,1,1,33,4831,517
9390,B0,0,20,18,1,0,0,0,0,0,0,1,0,0,0,1,1,26,1612,197
9390,B1,1,1,1,1,0,1,0,0,0,0,1,1,1,0,1,2,88,3794,115
9390,B2,13,0,1,19,0,12,0,0,0,0,0,0,0,0,1,2,42,4580,415
9390,C1,19,1,11,0,0,0,0,11,0,0,0,0,0,0,1,1,46,5338,247
9400,A1,1,20,0,20,0,0,0,0,20,0,0,0,0,0,1,1,33,4851,517
9400,B0,0,20,17,1,0,0,0,0,0,0,1,0,0,0,1,1,26,1612,197
9400,B1,1,1,1,1,0,1,0,0,0,0,1,1,1,0,1,2,88,3814,115
9400,B2,13,0,1,19,0,12,0,0,0,0,0,0,0,0,1,2,42,4600,415
9400,C1,19,1,12,0,0,0,0,11,0,0,0,0,0,0,1,1,46,5358,247
9410,A1,1,20,0,20,0,0,0,0,20,0,0,0,0,1,0,1,33,4871,517
9410,B0,0,20,18,1,0,0,0,0,0,0,0,0,0,1,0,1,26,1612,197
9410,B1,1,1,1,1,0,0,0,0,0,0,1,1,1,1,0,2,89,3820,117
9410,B2,13,0,1,19,0,13,0,0,0,0,0,0,0,1,0,2,42,4620,415
9410,C1,19,1,12,0,1,0,0,11,0,0,0,0,0,1,0,0,46,5378,247
9420,A1,1,20,0,20,0,0,0,0,20,0,0,0,0,1,0,1,33,4891,517
9420,B0,0,20,20,1,0,0,0,0,0,0,0,0,0,1,0,1,26,1612,197
9420,B1,1,1,1,1,0,0,0,0,0,0,0,1,0,1,0,1,89,3820,117
9420,B2,13,0,1,19,0,0,0,0,0,0,0,0,0,1,0,1,42,4624,430
9420,C1,19,1,11,0,0,0,0,0,0,0,0,0,0,1,0,2,46,5392,258
9430,A1,1,20,0,20,0,0,0,0,20,0,0,0,0,0,1,1,33,4911,517
9430,B0,0,20,20,1,0,0,0,0,0,0,0,0,0,0,1,1,26,1612,197
9430,B1,1,1,1,1,0,0,0,0,0,0,0,1,0,0,1,1,89,3820,117
9430,B2,13,0,1,19,0,0,0,0,0,0,0,0,0,0,1,1,42,4624,430
9430,C1,17,1,11,0,0,0,0,0,0,0,0,0,0,0,1,2,46,5392,258
9440,A1,1,20,0,20,0,0,0,0,0,0,0,0,0,0,1,2,33,4919,537
9440,B0,0,20,20,1,0,0,0,0,0,0,0,0,0,0,1,1,26,1612,197
9440,B1,1,1,1,1,0,0,0,0,0,0,0,0,0,0,1,1,89,3820,117
9440,B2,14,0,1,19,0,0,0,0,0,0,0,0,0,0,1,1,42,4624,430
9440,C1,18,1,11,0,0,0,0,0,0,0,0,0,0,0,1,2,46,5392,258
9450,A1,2,20,0,20,0,0,0,0,0,0,0,0,0,0,1,2,33,4919,537
9450,B0,0,20,20,1,0,0,0,0,0,0,0,0,0,0,1,1,26,1612,197
9450,B1,1,1,1,1,0,0,0,0,0,0,0,0,0,0,1,1,89,3820,117
9450,B2,14,0,1,19,0,0,0,0,0,0,0,0,0,0,1,1,42,4624,430
9450,C1,20,1,11,0,0,0,0,0,0,0,0,0,0,0,1,2,46,5392,258
9460,A1,1,20,0,20,0,0,0,0,0,0,0,0,0,1,0,2,33,4919,537
9460,B0,0,20,20,1,0,0,0,0,0,0,0,0,0,1,0,1,26,1612,197
9460,B1,1,1,1,1,0,0,0,0,0,0,1,0,0,1,0,1,89,3820,117
9460,B2,14,0,1,19,1,13,0,0,0,0,0,0,0,1,0,0,43,4639,430
9460,C1,20,1,11,0,0,0,0,0,0,0,0,0,0,1,0,2,46,5392,258
9470,A1,1,20,0,20,0,0,0,0,0,0,0,0,0,1,0,2,33,4919,537
9470,B0,0,20,20,1,0,0,0,0,0,0,0,0,0,1,0,1,26,1612,197
9470,B1,1,1,1,1,0,0,0,0,0,0,1,0,0,1,0,1,89,3820,117
9470,B2,14,0,2,19,1,13,0,0,0,0,0,0,0,1,0,0,43,4659,430
9470,C1,20,1,11,0,0,0,0,0,0,0,0,0,0,1,0,2,46,5392,258
9480,A1,1,20,0,20,0,0,0,0,20,0,0,0,0,0,1,1,34,4928,537
9480,B0,0,20,20,2,0,0,0,0,0,0,0,0,0,0,1,1,26,1612,197
9480,B1,1,1,1,1,0,0,0,0,0,0,1,1,1,0,1,2,89,3820,117
9480,B2,14,0,1,19,0,14,0,0,0,0,0,0,0,0,1,2,43,4679,430
9480,C1,20,1,11,0,0,0,0,11,0,0,0,0,0,0,1,1,47,5401,258
9490,A1,2,20,0,20,0,0,0,0,20,0,0,0,0,0,1,1,34,4948,537
9490,B0,0,19,19,1,0,0,0,0,0,0,0,0,0,0,1,1,26,1612,197
9490,B1,1,1,1,1,0,0,0,0,0,0,1,1,1,0,1,2,89,3820,117
9490,B2,14,0,1,19,0,14,0,0,0,0,0,0,0,0,1,2,43,4699,430
9490,C1,20,1,11,0,0,0,0,11,0,0,0,0,0,0,1,1,47,5421,258
9500,A1,1,18,0,20,0,0,0,0,20,0,0,0,0,1,0,1,34,4968,537
9500,B0,0,18,18,1,0,0,0,0,0,0,0,0,0,1,0,1,26,1612,197
9500,B1,1,1,1,1,0,0,0,0,0,0,1,1,1,1,0,2,89,3820,117
9500,B2,14,0,1,19,0,14,0,0,0,0,0,0,0,1,0,2,43,4719,430
9500,C1,20,1,11,0,0,0,1,11,0,0,0,0,0,1,0,1,48,5445,258
9510,A1,1,17,0,19,0,0,0,0,19,0,0,0,0,1,0,1,34,4988,537
9510,B0,0,19,19,1,0,0,0,0,0,0,0,0,0,1,0,1,26,1612,197
9510,B1,1,1,1,1,0,0,0,0,0,0,1,1,1,1,0,2,89,3820,117
9510,B2,14,0,2,19,0,14,0,0,0,0,0,0,0,1,0,2,43,4739,430
9510,C1,20,1,11,0,0,0,1,11,0,0,0,0,0,1,0,1,48,5485,258
9520,A1,2,15,0,19,0,0,0,0,19,0,0,0,0,1,0,1,34,5008,537
9520,B0,0,19,20,1,0,0,0,0,0,0,0,0,0,1,0,1,26,1612,197
9520,B1,1,1,1,1,0,0,0,0,0,0,1,1,1,1,0,2,89,3820,117
9520,B2,14,0,1,19,0,14,0,0,0,0,0,0,0,1,0,2,43,4759,430
9520,C1,20,1,11,0,0,0,1,11,0,0,0,0,0,1,0,1,48,5525,258
9530,A1,2,16,0,19,0,0,0,0,18,0,0,0,0,0,1,1,34,5028,537
9530,B0,0,20,20,1,0,0,0,0,0,0,0,0,0,0,1,1,26,1612,197
9530,B1,3,1,1,1,0,0,0,0,0,0,1,1,1,0,1,2,89,3820,117
9530,B2,14,0,1,19,0,14,0,0,0,0,0,0,0,0,1,2,43,4779,430
9530,C1,20,1,11,0,0,0,0,11,0,0,0,0,0,0,1,1,48,5563,259
9540,A1,3,19,0,19,0,0,0,0,18,0,0,0,0,0,1,1,34,5048,537
9540,B0,0,20,20,1,0,0,0,0,0,0,0,0,0,0,1,1,26,1612,197
9540,B1,3,1,1,1,0,0,0,0,0,0,1,1,0,0,1,2,89,3820,117
9540,B2,14,0,1,19,0,14,0,0,0,0,0,0,0,0,1,2,43,4799,430
9540,C1,20,2,11,0,0,0,0,0,0,0,0,0,0,0,1,2,48,5567,270
9550,A1,1,20,0,20,0,0,0,0,18,0,0,0,0,1,0,1,35,5069,539
9550,B0,0,18,20,1,0,0,17,0,0,0,0,0,0,1,0,2,27,1623,197
9550,B1,1,1,1,1,0,0,0,0,0,1,1,1,0,1,0,1,90,3824,118
9550,B2,14,0,1,19,0,14,0,0,0,0,0,0,0,1,0,2,43,4819,430
9550,C1,20,1,11,0,0,0,0,0,0,0,0,0,0,1,0,2,48,5567,270
9560,A1,1,20,0,20,0,0,0,0,18,0,0,0,0,1,0,1,35,5089,539
9560,B0,0,17,20,1,0,0,16,0,0,0,0,0,0,1,0,2,27,1643,197
9560,B1,1,1,1,1,0,0,0,0,0,1,1,1,0,1,0,1,90,3824,118
9560,B2,14,0,1,19,0,14,0,0,0,0,0,0,0,1,0,2,43,4839,430
9560,C1,20,1,12,0,0,0,0,0,0,0,0,0,0,1,0,2,48,5567,270
9570,A1,1,20,0,20,0,0,0,0,19,0,0,0,0,0,1,1,35,5109,539
9570,B0,0,18,20,1,0,0,17,0,0,0,0,0,0,0,1,2,27,1663,197
9570,B1,1,1,1,2,0,0,0,0,0,1,1,1,0,0,1,1,90,3824,118
9570,B2,15,0,1,18,0,14,0,0,0,0,0,0,0,0,1,2,43,4859,430
9570,C1,20,1,12,0,0,0,0,0,0,0,0,0,0,0,1,2,48,5567,270
9580,A1,1,20,0,20,0,0,0,0,19,0,0,0,0,0,1,1,35,5129,539
9580,B0,0,20,20,1,0,0,17,0,0,0,0,0,0,0,1,2,27,1683,197
9580,B1,1,2,1,2,0,0,0,0,0,1,1,1,0,0,1,1,90,3824,118
9580,B2,15,0,1,18,0,14,0,0,0,0,0,0,0,0,1,2,43,4879,430
9580,C1,20,2,12,0,0,0,0,0,0,0,0,0,0,0,1,2,48,5567,270
9590,A1,1,20,0,20,0,0,0,0,19,0,0,0,0,0,1,1,35,5149,539
9590,B0,0,20,20,1,0,0,17,0,0,0,0,0,0,0,1,2,27,1703,197
9590,B1,1,1,1,1,0,0,0,0,0,1,1,1,0,0,1,1,90,3824,118
9590,B2,15,0,1,19,0,14,0,0,0,0,0,0,0,0,1,2,43,4899,430
9590,C1,20,1,12,0,0,0,0,0,0,0,0,0,0,0,1,2,48,5567,270
9600,A1,1,20,0,20,0,1,0,0,20,0,0,0,0,1,0,1,36,5189,539
9600,B0,0,20,20,1,1,0,17,0,0,0,0,0,0,1,0,0,27,1723,197
9600,B1,1,1,1,1,0,0,0,0,0,1,1,1,0,1,0,1,90,3824,118
9600,B2,15,0,1,20,0,15,0,0,0,0,0,0,0,1,0,2,43,4919,430
9600,C1,20,1,12,0,0,0,0,0,0,0,0,0,0,1,0,2,48,5567,270
9610,A1,1,20,0,20,0,1,0,0,20,0,0,0,0,1,0,1,36,5229,539
9610,B0,0,20,20,1,1,0,0,0,0,0,0,0,0,1,0,0,27,1737,217
9610,B1,1,1,1,1,0,0,0,0,0,0,0,1,0,1,0,1,90,3824,118
9610,B2,15,0,1,20,0,0,0,0,0,0,0,0,0,1,0,1,43,4937,445
9610,C1,20,1,12,0,0,0,0,0,0,0,0,0,0,1,0,2,48,5567,270
9620,A1,1,20,0,19,0,1,0,0,19,0,0,0,0,0,1,1,36,5269,539
9620,B0,0,20,20,2,0,0,0,0,0,0,0,0,0,0,1,1,27,1737,217
9620,B1,1,1,1,1,0,0,0,0,0,0,0,1,0,0,1,1,90,3824,118
9620,B2,15,0,1,20,0,0,0,0,0,0,0,0,0,0,1,1,43,4937,445
9620,C1,20,1,12,0,0,0,0,0,0,0,0,0,0,0,1,2,48,5567,270
9630,A1,1,20,0,19,0,1,0,0,19,0,0,0,0,0,1,1,36,5309,539
9630,B0,0,20,20,2,0,0,0,0,0,0,0,0,0,0,1,1,27,1737,217
9630,B1,1,1,1,1,0,0,0,0,0,0,0,1,0,0,1,1,90,3824,118
9630,B2,14,0,1,17,0,0,0,0,0,0,0,0,0,0,1,1,43,4937,445
9630,C1,20,1,12,0,0,0,0,0,0,0,0,0,0,0,1,2,48,5567,270
9640,A1,1,20,0,20,0,1,0,0,19,0,0,0,0,1,0,1,36,5349,539
9640,B0,0,20,20,2,0,0,0,0,0,0,0,0,0,1,0,1,27,1737,217
9640,B1,1,1,1,1,0,0,0,0,0,0,0,1,0,1,0,1,90,3824,118
9640,B2,13,0,1,16,0,0,0,0,0,0,0,0,0,1,0,1,43,4937,445
9640,C1,20,1,12,0,0,0,0,0,0,0,0,0,0,1,0,2,48,5567,270
9650,A1,1,20,0,20,0,1,0,0,19,0,0,0,0,1,0,1,36,5389,539
9650,B0,0,20,20,1,0,0,0,0,0,0,0,0,0,1,0,1,27,1737,217
9650,B1,1,1,1,1,0,0,0,0,0,0,0,1,0,1,0,1,90,3824,118
9650,B2,10,0,1,18,0,0,0,0,0,0,0,0,0,1,0,1,43,4937,445
9650,C1,20,1,12,0,0,0,0,0,0,0,0,0,0,1,0,2,48,5567,270
9660,A1,1,20,0,20,1,1,0,0,20,0,0,0,0,0,1,0,36,5429,539
9660,B0,0,20,20,1,0,0,0,0,0,0,0,0,0,0,1,1,27,1737,217
9660,B1,1,1,1,1,0,0,0,0,0,0,0,1,1,0,1,2,90,3824,118
9660,B2,10,0,1,20,0,0,0,0,0,0,0,0,0,0,1,1,43,4937,445
9660,C1,20,1,12,0,0,0,0,12,0,0,0,0,0,0,1,1,49,5568,270
9670,A1,1,20,0,20,1,1,0,0,20,0,0,0,0,0,1,0,36,5469,539
9670,B0,0,20,20,1,0,0,0,0,0,0,0,0,0,0,1,1,27,1737,217
9670,B1,1,1,1,1,0,0,0,0,0,0,0,1,0,0,1,1,90,3824,118
9670,B2,10,0,1,20,0,0,0,0,0,0,0,0,0,0,1,1,43,4937,445
9670,C1,20,1,12,0,0,0,0,0,0,0,0,0,0,0,1,2,49,5576,282
9680,A1,2,20,0,20,1,0,0,0,20,0,0,0,0,0,1,0,36,5489,540
9680,B0,0,20,20,2,0,0,0,0,0,0,0,0,0,0,1,1,27,1737,217
9680,B1,1,1,1,1,0,0,0,0,0,0,0,1,0,0,1,1,90,3824,118
9680,B2,10,0,1,20,0,0,0,0,0,0,0,0,0,0,1,1,43,4937,445
9680,C1,20,1,12,0,0,0,0,0,0,0,0,0,0,0,1,2,49,5576,282
9690,A1,1,20,0,20,0,0,0,0,20,0,0,0,0,1,0,1,36,5509,540
9690,B0,0,20,20,1,0,0,20,0,0,0,0,0,0,1,0,2,28,1752,217
9690,B1,1,1,1,1,0,0,1,0,0,1,1,1,0,1,0,1,91,3840,118
9690,B2,10,0,1,20,0,10,0,0,0,1,0,0,0,1,0,2,44,4952,445
9690,C1,20,1,12,0,0,0,0,0,0,0,0,0,0,1,0,2,49,5576,282
9700,A1,1,20,0,20,0,0,0,0,20,0,0,0,0,1,0,1,36,5529,540
9700,B0,0,20,20,1,0,0,20,0,0,0,0,0,0,1,0,2,28,1772,217
9700,B1,1,1,1,1,0,0,1,0,0,1,1,1,0,1,0,1,91,3860,118
9700,B2,10,0,1,20,0,10,0,0,0,1,0,0,0,1,0,2,44,4972,445
9700,C1,17,1,12,0,0,0,0,0,0,0,0,0,0,1,0,2,49,5576,282
9710,A1,1,20,0,20,0,0,0,0,20,0,0,0,0,0,1,1,36,5549,540
9710,B0,0,20,20,1,0,0,0,0,0,0,0,0,0,0,1,1,28,1782,237
9710,B1,1,1,1,1,0,0,1,0,0,0,1,1,1,0,1,2,91,3880,118
9710,B2,10,0,1,20,1,10,0,0,0,1,0,0,0,0,1,0,44,4992,445
9710,C1,15,1,11,0,0,0,0,11,0,0,0,0,0,0,1,1,50,5585,282
9720,A1,2,20,0,20,0,0,0,0,0,0,0,0,0,0,1,2,36,5563,563
9720,B0,0,20,20,1,0,0,0,0,0,0,0,0,0,0,1,1,28,1782,237
9720,B1,1,1,1,2,0,0,1,0,0,0,1,0,0,0,1,2,91,3900,118
9720,B2,10,0,1,20,1,10,0,0,0,1,0,0,0,0,1,0,44,5012,445
9720,C1,17,2,11,0,0,0,0,0,0,0,0,0,0,0,1,2,50,5585,294
9730,A1,2,20,0,20,0,0,0,0,0,0,0,0,0,1,0,2,36,5563,563
9730,B0,0,20,20,2,0,0,0,0,0,0,0,0,0,1,0,1,28,1782,237
9730,B1,1,1,1,2,0,0,1,0,0,0,1,0,0,1,0,2,91,3920,118
9730,B2,10,0,1,20,1,10,0,0,0,1,0,0,0,1,0,0,44,5032,445
9730,C1,20,2,11,0,0,0,1,0,0,0,0,0,0,1,0,2,51,5589,294
9740,A1,1,20,0,20,0,0,0,0,0,0,0,0,0,1,0,2,36,5563,563
9740,B0,0,20,20,2,0,0,0,0,0,0,0,0,0,1,0,1,28,1782,237
9740,B1,1,1,1,1,0,0,1,0,0,0,1,0,0,1,0,2,91,3940,118
9740,B2,10,0,2,20,1,10,0,0,0,1,0,0,0,1,0,0,44,5052,445
9740,C1,19,1,11,0,0,0,0,0,0,0,0,0,0,1,0,2,51,5589,295
9750,A1,1,20,0,20,0,0,0,0,0,0,0,0,0,1,0,2,36,5563,563
9750,B0,0,20,20,2,0,0,0,0,0,0,0,0,0,1,0,1,28,1782,237
9750,B1,1,1,1,1,0,0,1,0,0,0,1,0,0,1,0,2,91,3960,118
9750,B2,10,0,1,20,1,10,0,0,0,1,0,0,0,1,0,0,44,5072,445
9750,C1,18,1,11,0,0,0,0,0,0,0,0,0,0,1,0,2,51,5589,295
9760,A1,1,20,0,20,0,0,0,0,0,0,0,0,0,0,1,2,36,5563,563
9760,B0,0,20,20,1,0,0,0,0,0,0,0,0,0,0,1,1,29,1784,238
9760,B1,1,1,1,2,0,0,1,0,0,0,1,0,1,0,1,2,91,3980,118
9760,B2,10,0,1,20,0,10,0,0,0,1,0,0,0,0,1,2,44,5092,445
9760,C1,19,1,9,0,0,0,0,9,0,0,0,0,0,0,1,1,52,5606,295
9770,A1,1,20,0,20,0,0,0,0,0,0,0,0,0,0,1,2,36,5563,563
9770,B0,0,20,20,1,0,0,0,0,0,0,0,0,0,0,1,1,29,1784,238
9770,B1,1,1,1,1,0,0,1,0,0,0,1,0,1,0,1,2,91,4000,118
9770,B2,10,0,1,20,0,10,0,0,0,1,0,0,0,0,1,2,44,5112,445
9770,C1,20,1,9,0,0,0,0,9,0,0,0,0,0,0,1,1,52,5626,295
9780,A1,1,20,0,20,0,0,0,0,0,0,0,0,0,1,0,2,36,5563,563
9780,B0,0,20,20,1,0,0,20,0,0,0,0,0,0,1,0,2,30,1795,238
9780,B1,1,1,1,1,0,0,1,0,0,1,1,0,1,1,0,1,91,4020,118
9780,B2,10,0,1,20,0,10,0,0,0,1,0,0,0,1,0,2,44,5132,445
9780,C1,20,1,9,0,0,0,0,9,0,0,0,0,0,1,0,1,52,5646,295
9790,A1,1,20,0,20,0,0,0,0,0,0,0,0,0,1,0,2,36,5563,563
9790,B0,0,20,20,1,0,0,0,0,0,0,0,0,0,1,0,1,30,1811,258
9790,B1,1,1,1,1,0,0,1,0,0,0,1,0,1,1,0,2,91,4040,118
9790,B2,10,0,1,20,0,10,0,0,0,1,0,0,0,1,0,2,44,5152,445
9790,C1,20,1,10,0,0,0,0,9,0,0,0,0,0,1,0,1,52,5666,295
9800,A1,1,20,0,20,0,0,0,0,0,0,0,0,0,0,1,2,36,5563,563
9800,B0,0,20,20,1,0,0,0,0,1,0,0,0,0,0,1,1,31,1817,258
9800,B1,1,1,1,1,0,0,1,0,0,0,1,0,1,0,1,2,91,4060,118
9800,B2,10,0,2,20,0,10,0,0,0,1,0,0,0,0,1,2,44,5172,445
9800,C1,20,1,10,0,0,0,0,9,0,0,0,0,0,0,1,1,52,5686,295
9810,A1,1,20,0,20,0,0,0,0,0,0,0,0,0,0,1,2,36,5563,563
9810,B0,0,20,20,1,0,0,0,0,1,0,0,0,0,0,1,1,31,1837,258
9810,B1,1,1,1,1,0,0,1,0,0,0,1,0,0,0,1,2,91,4080,118
9810,B2,10,0,1,20,0,10,0,0,0,1,0,0,0,0,1,2,44,5192,445
9810,C1,20,2,10,0,0,0,0,0,0,0,0,0,0,0,1,2,52,5698,306
9820,A1,1,20,0,20,0,0,0,0,0,0,0,0,0,0,1,2,36,5563,563
9820,B0,0,20,18,1,0,0,0,0,1,0,0,0,0,0,1,1,31,1857,258
9820,B1,1,1,1,1,0,0,0,0,0,0,1,0,0,0,1,1,91,4098,119
9820,B2,10,0,1,20,0,10,0,0,0,0,0,0,0,0,1,2,44,5212,445
9820,C1,20,2,9,0,0,0,0,0,0,0,0,0,0,0,1,2,52,5698,306
9830,A1,1,20,0,20,0,1,0,0,0,0,0,0,0,1,0,2,37,5583,563
9830,B0,0,18,18,1,0,0,0,0,1,0,0,0,0,1,0,1,31,1877,258
9830,B1,1,1,1,1,0,0,0,0,0,0,1,0,0,1,0,1,91,4098,119
9830,B2,10,0,3,20,0,10,0,0,0,0,0,0,0,1,0,2,44,5232,445
9830,C1,20,1,9,0,0,0,0,0,0,0,0,0,0,1,0,2,52,5698,306
9840,A1,1,20,0,20,0,1,0,0,0,0,0,0,0,1,0,2,37,5603,563
9840,B0,0,17,19,1,0,0,0,0,1,0,0,0,0,1,0,1,31,1897,258
9840,B1,1,1,1,1,0,0,0,0,0,0,1,0,0,1,0,1,91,4098,119
9840,B2,10,0,1,20,0,10,0,0,0,0,0,0,0,1,0,2,44,5252,445
9840,C1,20,1,9,0,0,0,0,0,0,0,0,0,0,1,0,2,52,5698,306
9850,A1,1,19,0,20,0,1,0,0,20,0,0,0,0,0,1,1,38,5636,563
9850,B0,0,18,19,1,0,0,0,0,1,0,0,0,0,0,1,1,31,1917,258
9850,B1,1,1,1,2,0,0,0,0,0,0,1,1,0,0,1,1,91,4098,119
9850,B2,11,0,1,20,0,10,0,0,0,0,0,0,0,0,1,2,44,5272,445
9850,C1,20,1,9,0,0,0,0,0,0,0,0,0,0,0,1,2,52,5698,306
9860,A1,1,19,0,20,0,1,0,0,20,0,0,0,0,0,1,1,38,5676,563
9860,B0,0,20,19,1,0,0,0,0,1,0,0,0,0,0,1,1,31,1937,258
9860,B1,1,1,1,1,0,0,0,0,0,0,1,1,0,0,1,1,91,4098,119
9860,B2,11,0,2,20,0,10,0,0,0,0,0,0,0,0,1,2,44,5292,445
9860,C1,20,2,9,0,0,0,0,0,0,0,0,0,0,0,1,2,52,5698,306
9870,A1,1,19,0,20,0,1,0,0,20,0,0,0,0,1,0,1,38,5716,563
9870,B0,0,20,20,1,0,0,18,0,1,0,1,0,0,1,0,2,32,1964,258
9870,B1,1,1,1,1,0,1,0,0,0,1,1,1,0,1,0,1,92,4106,119
9870,B2,12,0,2,20,0,10,0,0,0,0,0,0,0,1,0,2,44,5312,445
9870,C1,20,1,9,0,0,0,0,0,0,0,0,0,0,1,0,2,52,5698,306
9880,A1,1,19,0,20,0,0,0,0,0,0,0,0,0,1,0,2,38,5728,584
9880,B0,0,20,20,1,0,0,18,0,1,0,1,0,0,1,0,2,32,2004,258
9880,B1,1,1,1,1,0,1,0,0,0,1,1,0,0,1,0,1,92,4126,119
9880,B2,12,0,2,20,0,10,0,0,0,0,0,0,0,1,0,2,44,5332,445
9880,C1,20,1,9,0,0,0,0,0,0,0,0,0,0,1,0,2,52,5698,306
9890,A1,1,20,0,20,0,0,0,0,0,0,0,0,0,0,1,2,38,5728,584
9890,B0,0,20,20,1,1,0,20,0,1,0,1,0,0,0,1,0,32,2044,258
9890,B1,1,1,1,1,0,1,0,0,0,1,1,0,0,0,1,1,92,4146,119
9890,B2,12,0,3,20,0,11,0,2,0,0,0,0,0,0,1,2,45,5354,445
9890,C1,20,1,10,0,0,0,0,0,0,0,0,0,0,0,1,2,52,5698,306
9900,A1,1,20,0,20,0,0,0,0,0,0,0,0,0,0,1,2,38,5728,584
9900,B0,0,20,20,1,1,0,20,0,0,0,1,0,0,0,1,0,32,2074,259
9900,B1,1,1,1,1,0,1,0,0,0,1,1,0,0,0,1,1,92,4166,119
9900,B2,12,0,1,20,0,11,0,0,0,0,0,0,0,0,1,2,45,5377,447
9900,C1,20,2,10,0,0,0,0,0,0,0,0,0,0,0,1,2,52,5698,306
9910,A1,1,20,0,20,0,0,0,0,0,0,0,0,0,0,1,2,38,5728,584
9910,B0,0,20,20,1,0,0,20,0,0,0,1,0,0,0,1,2,32,2094,259
9910,B1,1,1,1,1,0,1,0,0,0,1,1,0,0,0,1,1,92,4186,119
9910,B2,12,0,1,20,0,11,0,0,0,0,0,0,0,0,1,2,45,5397,447
9910,C1,20,3,10,0,0,0,0,0,0,0,0,0,0,0,1,2,52,5698,306
9920,A1,1,20,0,19,0,1,0,0,0,0,0,0,0,1,0,2,39,5744,584
9920,B0,0,20,20,1,0,0,20,0,0,0,1,0,0,1,0,2,32,2114,259
9920,B1,1,1,1,1,0,1,0,0,0,1,1,0,0,1,0,1,92,4206,119
9920,B2,12,0,1,20,0,12,0,0,0,0,0,0,0,1,0,2,45,5417,447
9920,C1,20,1,10,0,0,0,0,0,0,0,0,0,0,1,0,2,52,5698,306
9930,A1,1,20,0,19,0,1,0,0,0,0,0,0,0,1,0,2,39,5764,584
9930,B0,0,20,20,2,0,0,20,0,0,0,1,0,0,1,0,2,32,2134,259
9930,B1,1,1,1,1,0,1,0,0,0,1,1,0,0,1,0,1,92,4226,119
9930,B2,12,0,1,20,0,12,0,0,0,0,0,0,0,1,0,2,45,5437,447
9930,C1,20,1,10,0,0,0,0,0,0,0,0,0,0,1,0,2,52,5698,306
9940,A1,1,19,0,18,0,1,0,0,18,0,0,0,0,0,1,1,40,5793,584
9940,B0,0,20,20,1,0,0,20,0,0,0,1,0,0,0,1,2,32,2154,259
9940,B1,1,1,1,2,0,1,0,0,0,1,1,1,1,0,1,1,92,4246,119
9940,B2,12,0,1,20,1,12,0,0,0,0,0,0,0,0,1,0,45,5457,447
9940,C1,20,1,10,0,0,0,0,10,0,0,0,0,0,0,1,1,53,5707,306
9950,A1,1,19,0,18,0,1,0,0,17,0,0,0,0,0,1,1,40,5833,584
9950,B0,0,20,20,1,0,0,20,0,0,0,1,0,0,0,1,2,32,2174,259
9950,B1,1,1,1,1,0,1,0,0,0,1,1,1,1,0,1,1,92,4266,119
9950,B2,12,0,1,20,1,12,0,0,0,0,0,0,0,0,1,0,45,5477,447
9950,C1,20,1,10,0,0,0,0,10,0,0,0,0,0,0,1,1,53,5727,306
9960,A1,1,20,0,17,0,0,0,0,0,0,0,0,0,1,0,2,40,5849,604
9960,B0,0,20,20,1,0,0,20,0,0,0,0,0,0,1,0,2,32,2194,259
9960,B1,1,1,1,1,0,0,0,0,0,1,1,0,1,1,0,1,92,4277,120
9960,B2,11,0,1,20,0,11,0,0,0,0,0,0,0,1,0,2,45,5497,447
9960,C1,20,1,10,0,0,0,0,10,0,0,0,0,0,1,0,1,53,5747,306
9970,A1,1,18,0,19,0,0,0,0,0,0,0,0,0,1,0,2,40,5849,604
9970,B0,0,20,20,2,0,0,20,0,0,0,0,0,0,1,0,2,32,2214,259
9970,B1,1,1,1,1,0,0,0,0,0,1,0,0,0,1,0,1,92,4277,120
9970,B2,12,0,1,19,0,0,0,0,0,0,0,0,0,1,0,1,45,5515,459
9970,C1,20,1,10,0,0,0,0,0,0,0,0,0,0,1,0,2,53,5755,316
9980,A1,1,17,0,20,0,0,0,0,0,0,0,0,0,1,0,2,40,5849,604
9980,B0,0,20,20,2,0,0,20,0,0,0,0,0,0,1,0,2,32,2234,259
9980,B1,1,1,1,1,0,0,0,0,0,1,0,0,0,1,0,1,92,4277,120
9980,B2,12,0,1,19,0,0,0,0,0,0,0,0,0,1,0,1,45,5515,459
9980,C1,20,1,10,0,0,0,0,0,0,0,0,0,0,1,0,2,53,5755,316
9990,A1,1,19,0,20,0,0,0,0,0,0,0,0,0,0,1,2,40,5849,604
9990,B0,0,20,20,1,0,0,20,0,0,0,0,0,0,0,1,2,33,2256,260
9990,B1,1,1,1,1,0,0,0,0,0,1,0,0,0,0,1,1,92,4277,120
9990,B2,12,0,1,18,0,0,0,0,0,0,0,0,0,0,1,1,45,5515,459
9990,C1,20,1,10,0,0,0,0,0,0,0,0,0,0,0,1,2,53,5755,316
10000,A1,1,20,0,20,0,0,0,0,0,0,0,0,0,0,1,2,40,5849,604
10000,B0,0,20,20,1,0,0,20,0,0,0,0,0,0,0,1,2,33,2276,260
10000,B1,1,1,1,1,0,0,0,0,0,1,0,0,0,0,1,1,92,4277,120
10000,B2,13,0,1,18,0,0,0,0,0,0,0,0,0,0,1,1,45,5515,459
10000,C1,20,1,10,0,0,0,0,0,0,0,0,0,0,0,1,2,53,5755,316
