time_of_info,tls_id,count_to_r,count_to_l,count_to_b,count_to_t,count_stuck_middle,count_stuck_to_r,count_stuck_to_l,count_stuck_to_b,count_stuck_to_t,is_jam_next_l,is_jam_next_r,is_jam_next_t,is_jam_next_b,is_green_horizontal,is_green_vertical,y,jams_count,jams_time,jams_car_count
21,A1,1,1,0,0,0,0,0,0,0,0,0,0,0,1,0,2,0,0,0
21,B0,0,0,0,0,0,0,0,0,0,0,0,0,0,1,0,1,0,0,0
21,B1,1,1,1,1,0,0,0,0,0,0,0,0,0,1,0,1,0,0,0
21,B2,0,0,0,1,0,0,0,0,0,0,0,0,0,1,0,1,0,0,0
21,C1,0,1,1,0,0,0,0,0,0,0,0,0,0,1,0,1,0,0,0
42,A1,2,2,0,4,0,0,0,0,0,0,0,0,0,1,0,1,0,0,0
42,B0,0,4,5,2,0,0,0,0,0,0,0,0,0,1,0,1,0,0,0
42,B1,2,1,3,3,0,0,0,0,0,0,0,0,0,1,0,1,0,0,0
42,B2,4,0,2,3,0,0,0,0,0,0,0,0,0,1,0,1,0,0,0
42,C1,3,3,4,0,0,0,0,0,0,0,0,0,0,1,0,2,0,0,0
63,A1,4,6,0,2,0,0,0,0,0,0,0,0,0,0,1,2,0,0,0
63,B0,0,7,7,3,0,0,0,0,0,0,0,0,0,0,1,1,0,0,0
63,B1,3,4,4,3,0,0,0,0,0,0,0,0,0,0,1,1,0,0,0
63,B2,5,0,4,8,0,0,0,0,0,0,0,0,0,0,1,1,0,0,0
63,C1,6,5,3,0,0,0,0,0,0,0,0,0,0,0,1,2,0,0,0
84,A1,8,13,0,4,0,0,0,0,0,0,0,0,0,0,1,2,0,0,0
84,B0,0,12,7,1,0,0,0,0,0,0,0,0,0,0,1,1,0,0,0
84,B1,3,7,4,1,0,0,0,0,0,0,0,0,0,0,1,2,0,0,0
84,B2,9,0,1,5,0,0,0,0,0,0,0,0,0,0,1,1,0,0,0
84,C1,11,9,1,0,0,0,0,0,0,0,0,0,0,0,1,2,0,0,0
105,A1,7,17,0,7,0,0,0,0,0,0,0,0,0,1,0,2,0,0,0
105,B0,0,9,9,5,0,0,0,0,0,0,0,0,0,1,0,1,0,0,0
105,B1,2,9,3,1,0,0,0,0,0,0,0,0,0,1,0,2,0,0,0
105,B2,6,0,7,7,0,0,0,0,0,0,0,0,0,1,0,1,0,0,0
105,C1,14,6,3,0,0,0,0,0,0,0,0,0,0,1,0,2,0,0,0
126,A1,3,17,0,13,0,0,0,0,0,0,0,0,0,1,0,2,0,0,0
126,B0,0,1,16,10,0,0,0,0,0,0,0,0,0,1,0,1,0,0,0
126,B1,1,1,3,2,0,0,0,0,0,0,0,0,0,1,0,1,0,0,0
126,B2,2,0,9,9,0,0,0,0,0,0,0,0,0,1,0,1,0,0,0
126,C1,18,7,6,0,0,0,0,0,0,0,0,0,0,1,0,2,0,0,0
147,A1,6,18,0,10,0,0,0,0,0,0,0,0,0,0,1,2,0,0,0
147,B0,0,3,17,8,0,0,0,0,0,0,0,0,0,0,1,1,0,0,0
147,B1,1,1,2,6,0,0,0,0,0,0,0,0,0,0,1,1,0,0,0
147,B2,1,0,9,9,0,0,0,0,0,0,0,0,0,0,1,1,0,0,0
147,C1,14,8,3,0,0,0,0,0,0,0,0,0,0,0,1,2,0,0,0
168,A1,10,20,0,4,0,0,0,0,0,0,0,0,0,0,1,2,0,0,0
168,B0,0,4,19,5,0,0,0,0,0,0,0,0,0,0,1,1,0,0,0
168,B1,1,2,1,1,0,0,0,0,0,0,0,0,0,0,1,2,0,0,0
168,B2,4,0,6,11,0,0,0,0,0,0,0,0,0,0,1,1,0,0,0
168,C1,17,11,2,0,0,0,0,0,0,0,0,0,0,0,1,2,0,0,0
189,A1,10,18,0,2,0,0,0,0,0,0,0,0,0,1,0,2,0,0,0
189,B0,0,3,19,6,0,0,0,0,0,0,0,0,0,1,0,1,0,0,0
189,B1,5,2,1,1,0,0,0,0,0,0,0,0,0,1,0,2,0,0,0
189,B2,3,0,8,11,0,0,0,0,0,0,0,0,0,1,0,1,0,0,0
189,C1,19,12,2,0,0,0,0,0,0,0,0,0,0,1,0,2,0,0,0
210,A1,8,20,0,2,0,0,0,0,0,0,0,0,0,1,0,2,0,0,0
210,B0,0,3,19,8,0,0,0,0,0,0,0,0,0,1,0,1,0,0,0
210,B1,1,1,2,2,0,0,0,0,0,0,0,0,0,1,0,1,0,0,0
210,B2,2,0,12,12,0,0,0,0,0,0,0,0,0,1,0,1,0,0,0
210,C1,21,9,3,0,0,0,0,0,0,0,0,0,0,1,0,2,0,0,0
231,A1,7,20,0,4,0,0,0,0,0,0,0,0,0,0,1,2,0,0,0
231,B0,0,1,20,7,0,0,0,0,0,0,0,0,0,0,1,1,0,0,0
231,B1,1,1,3,4,0,0,0,0,0,0,0,0,0,0,1,1,0,0,0
231,B2,2,0,15,12,0,0,0,0,0,0,0,0,0,0,1,1,0,0,0
231,C1,20,10,5,0,0,0,0,0,0,0,0,0,0,0,1,2,0,0,0
252,A1,10,20,0,1,0,0,0,0,0,0,0,0,0,0,1,2,0,0,0
252,B0,0,1,21,3,0,0,0,0,0,0,0,0,0,0,1,1,0,0,0
252,B1,1,1,3,1,0,0,0,0,0,0,0,0,0,0,1,1,0,0,0
252,B2,3,0,8,15,0,0,0,0,0,0,0,0,0,0,1,1,0,0,0
252,C1,20,12,2,0,0,0,0,0,0,0,0,0,0,0,1,2,0,0,0
273,A1,11,20,0,2,0,0,0,0,0,0,0,0,0,1,0,2,0,0,0
273,B0,0,3,20,6,0,0,0,0,0,0,0,0,0,1,0,1,0,0,0
273,B1,3,2,1,1,0,0,0,0,0,0,0,0,0,1,0,2,0,0,0
273,B2,9,0,8,15,0,0,0,0,0,0,0,0,0,1,0,1,0,0,0
273,C1,19,14,1,0,0,0,0,0,0,0,0,0,0,1,0,2,0,0,0
294,A1,6,20,0,1,0,0,0,0,0,0,0,0,0,1,0,2,0,0,0
294,B0,0,2,20,11,0,0,0,0,0,0,0,0,0,1,0,1,0,0,0
294,B1,1,2,1,1,0,0,0,0,0,0,0,0,0,1,0,2,0,0,0
294,B2,1,0,11,15,0,0,0,0,0,0,0,0,0,1,0,1,0,0,0
294,C1,18,11,2,0,0,0,0,0,0,0,0,0,0,1,0,2,0,0,0
315,A1,3,19,0,4,0,0,0,0,0,0,0,0,0,1,0,2,0,0,0
315,B0,0,1,20,11,0,0,0,0,0,0,0,0,0,1,0,1,0,0,0
315,B1,1,1,3,3,0,0,0,0,0,0,0,0,0,1,0,1,0,0,0
315,B2,1,0,11,15,0,0,0,0,0,0,0,0,0,1,0,1,0,0,0
315,C1,20,8,4,0,0,0,0,0,0,0,0,0,0,1,0,2,0,0,0
336,A1,6,20,0,1,0,0,0,0,0,0,0,0,0,0,1,2,0,0,0
336,B0,0,2,20,8,0,0,0,0,0,0,0,0,0,0,1,1,0,0,0
336,B1,1,1,1,3,0,0,0,0,0,0,0,0,0,0,1,1,0,0,0
336,B2,3,0,8,19,0,0,0,0,0,0,0,0,0,0,1,1,0,0,0
336,C1,20,16,1,0,0,0,0,0,0,0,0,0,0,0,1,2,0,0,0
357,A1,7,20,0,1,0,0,0,0,0,0,0,0,0,0,1,2,0,0,0
357,B0,0,5,21,3,0,0,0,0,0,0,0,0,0,0,1,1,0,0,0
357,B1,4,2,1,1,0,0,0,0,0,0,0,0,0,0,1,2,0,0,0
357,B2,6,0,4,20,0,0,0,0,0,0,0,0,0,0,1,1,0,0,0
357,C1,20,16,1,0,0,0,0,0,0,0,0,0,0,0,1,2,0,0,0
378,A1,3,20,0,2,0,0,0,0,0,0,0,0,0,1,0,2,0,0,0
378,B0,0,2,20,8,0,0,0,0,0,0,0,0,0,1,0,1,0,0,0
378,B1,2,5,1,1,0,0,0,0,0,0,0,0,0,1,0,2,0,0,0
378,B2,1,0,9,18,0,0,0,0,0,0,0,0,0,1,0,1,0,0,0
378,C1,19,11,3,0,0,0,0,0,0,0,0,0,0,1,0,2,0,0,0
399,A1,2,21,0,5,0,0,0,0,0,0,0,0,0,1,0,2,0,0,0
399,B0,0,1,20,10,0,0,0,0,0,0,0,0,0,1,0,1,0,0,0
399,B1,1,1,1,2,0,0,0,0,0,0,0,0,0,1,0,1,0,0,0
399,B2,5,0,9,17,0,0,0,0,0,0,0,0,0,1,0,1,0,0,0
399,C1,21,7,4,0,0,0,0,0,0,0,0,0,0,1,0,2,0,0,0
420,A1,6,20,0,1,0,0,0,0,0,0,0,0,0,0,1,2,0,0,0
420,B0,0,1,20,7,0,0,0,0,0,0,0,0,0,0,1,1,0,0,0
420,B1,1,1,2,2,0,0,0,0,0,0,0,0,0,0,1,1,0,0,0
420,B2,3,0,5,17,0,0,0,0,0,0,0,0,0,0,1,1,0,0,0
420,C1,20,12,3,0,0,0,0,0,0,0,0,0,0,0,1,2,0,0,0
441,A1,7,20,0,1,0,0,0,0,0,0,0,0,0,0,1,2,0,0,0
441,B0,0,4,21,3,0,0,0,0,0,0,0,0,0,0,1,1,0,0,0
441,B1,1,4,1,1,0,0,0,0,0,0,0,0,0,0,1,2,0,0,0
441,B2,4,0,4,20,0,0,0,0,0,0,0,0,0,0,1,1,0,0,0
441,C1,20,13,1,0,0,0,0,0,0,0,0,0,0,0,1,2,0,0,0
462,A1,5,19,0,1,0,0,0,0,0,0,0,0,0,1,0,2,0,0,0
462,B0,0,1,19,7,0,0,0,0,0,0,0,0,0,1,0,1,0,0,0
462,B1,1,1,1,1,0,0,0,0,0,0,0,0,0,1,0,1,0,0,0
462,B2,4,0,5,19,0,0,0,0,0,0,0,0,0,1,0,1,0,0,0
462,C1,20,9,1,0,0,0,0,0,0,0,0,0,0,1,0,2,0,0,0
483,A1,3,21,0,3,0,0,0,0,0,0,0,0,0,1,0,2,0,0,0
483,B0,0,1,20,8,0,0,0,0,0,0,0,0,0,1,0,1,0,0,0
483,B1,1,1,1,1,0,0,0,0,0,0,0,0,0,1,0,1,0,0,0
483,B2,1,0,10,20,0,0,0,0,0,0,0,0,0,1,0,1,0,0,0
483,C1,21,8,1,0,0,0,0,0,0,0,0,0,0,1,0,2,0,0,0
504,A1,6,20,0,2,0,0,0,0,0,0,0,0,0,0,1,2,0,0,0
504,B0,0,1,19,4,0,0,0,0,0,0,0,0,0,0,1,1,0,0,0
504,B1,1,1,1,2,0,0,0,0,0,0,0,0,0,0,1,1,0,0,0
504,B2,2,0,7,20,0,0,0,0,0,0,0,0,0,0,1,1,0,0,0
504,C1,20,6,1,0,0,0,0,0,0,0,0,0,0,0,1,2,0,0,0
525,A1,9,20,0,1,0,0,0,0,0,0,0,0,0,0,1,2,0,0,0
525,B0,0,1,20,1,0,0,0,0,0,0,0,0,0,0,1,1,0,0,0
525,B1,1,1,1,1,0,0,0,0,0,0,0,0,0,0,1,1,0,0,0
525,B2,2,0,5,21,0,0,0,0,0,0,0,0,0,0,1,1,0,0,0
525,C1,20,8,1,0,0,0,0,0,0,0,0,0,0,0,1,2,0,0,0
546,A1,9,20,0,3,0,0,0,0,0,0,0,0,0,1,0,2,0,0,0
546,B0,0,4,20,1,0,0,0,0,0,0,0,0,0,1,0,1,0,0,0
546,B1,3,4,1,1,0,0,0,0,0,0,0,0,0,1,0,2,0,0,0
546,B2,2,0,5,20,0,0,0,0,0,0,0,0,0,1,0,1,0,0,0
546,C1,20,6,1,0,0,0,0,0,0,0,0,0,0,1,0,2,0,0,0
567,A1,5,21,0,3,0,0,0,0,0,0,0,0,0,1,0,2,0,0,0
567,B0,0,1,20,4,0,0,0,0,0,0,0,0,0,1,0,1,0,0,0
567,B1,1,1,1,1,0,0,0,0,0,0,0,0,0,1,0,1,0,0,0
567,B2,1,0,8,20,0,0,0,0,0,0,0,0,0,1,0,1,0,0,0
567,C1,21,2,1,0,0,0,0,0,0,0,0,0,0,1,0,2,0,0,0
588,A1,3,20,0,6,0,0,0,0,0,0,0,0,0,0,1,2,0,0,0
588,B0,0,1,19,3,0,0,0,0,0,0,0,0,0,0,1,1,0,0,0
588,B1,1,1,4,4,0,0,0,0,0,0,0,0,0,0,1,1,0,0,0
588,B2,1,0,7,20,0,0,0,0,0,0,0,0,0,0,1,1,0,0,0
588,C1,18,2,4,0,0,0,0,0,0,0,0,0,0,0,1,2,0,0,0
609,A1,7,20,0,1,0,0,0,0,0,0,0,0,0,0,1,2,0,0,0
609,B0,0,2,16,2,0,0,0,0,0,0,0,0,0,0,1,1,0,0,0
609,B1,1,1,5,3,0,0,0,0,0,0,0,0,0,0,1,1,0,0,0
609,B2,1,0,3,20,0,0,0,0,0,0,0,0,0,0,1,1,0,0,0
609,C1,20,6,1,0,0,0,0,0,0,0,0,0,0,0,1,2,0,0,0
630,A1,8,20,0,2,0,0,0,0,0,0,0,0,0,0,1,2,0,0,0
630,B0,0,4,19,3,0,0,0,0,0,0,0,0,0,0,1,1,0,0,0
630,B1,5,2,1,1,0,0,0,0,0,0,0,0,0,0,1,2,0,0,0
630,B2,1,0,2,19,0,0,0,0,0,0,0,0,0,0,1,1,0,0,0
630,C1,20,7,2,0,0,0,0,0,0,0,0,0,0,0,1,2,0,0,0
651,A1,2,20,0,1,0,0,0,0,0,0,0,0,0,1,0,2,0,0,0
651,B0,0,1,20,4,0,0,0,0,0,0,0,0,0,1,0,1,0,0,0
651,B1,1,2,1,1,0,0,0,0,0,0,0,0,0,1,0,2,0,0,0
651,B2,3,0,7,20,0,0,0,0,0,0,0,0,0,1,0,1,0,0,0
651,C1,20,2,1,0,0,0,0,0,0,0,0,0,0,1,0,2,0,0,0
672,A1,1,19,0,6,0,0,0,0,0,0,0,0,0,1,0,2,0,0,0
672,B0,0,1,20,5,0,0,0,0,0,0,0,0,0,1,0,1,0,0,0
672,B1,1,1,2,1,0,0,0,0,0,0,0,0,0,1,0,1,0,0,0
672,B2,2,0,8,20,0,0,0,0,0,0,0,0,0,1,0,1,0,0,0
672,C1,20,2,3,0,0,0,0,0,0,0,0,0,0,1,0,2,0,0,0
693,A1,3,20,0,1,0,0,0,0,0,0,0,0,0,0,1,2,0,0,0
693,B0,0,1,20,2,0,0,0,0,0,0,0,0,0,0,1,1,0,0,0
693,B1,1,1,2,2,0,0,0,0,0,0,0,0,0,0,1,1,0,0,0
693,B2,2,0,4,20,0,0,0,0,0,0,0,0,0,0,1,1,0,0,0
693,C1,20,5,1,0,0,0,0,0,0,0,0,0,0,0,1,2,0,0,0
714,A1,5,20,0,1,0,0,0,0,0,0,0,0,0,0,1,2,0,0,0
714,B0,0,3,20,1,0,0,0,0,0,0,0,0,0,0,1,1,0,0,0
714,B1,4,1,1,1,0,0,0,0,0,0,0,0,0,0,1,2,0,0,0
714,B2,5,0,1,20,0,0,0,0,0,0,0,0,0,0,1,1,0,0,0
714,C1,20,9,2,0,0,0,0,0,0,0,0,0,0,0,1,2,0,0,0
735,A1,2,20,0,1,0,0,0,0,0,0,0,0,0,1,0,2,0,0,0
735,B0,0,1,20,2,0,0,0,0,0,0,0,0,0,1,0,1,0,0,0
735,B1,3,1,1,1,0,0,0,0,0,0,0,0,0,1,0,2,0,0,0
735,B2,2,0,4,18,0,0,0,0,0,0,0,0,0,1,0,1,0,0,0
735,C1,20,8,1,0,0,0,0,0,0,0,0,0,0,1,0,2,0,0,0
756,A1,1,19,0,3,0,0,0,0,0,0,0,0,0,1,0,2,0,0,0
756,B0,0,1,20,4,0,0,0,0,0,0,0,0,0,1,0,1,0,0,0
756,B1,1,1,3,3,0,0,0,0,0,0,0,0,0,1,0,1,0,0,0
756,B2,2,0,5,20,0,0,0,0,0,0,0,0,0,1,0,1,0,0,0
756,C1,21,6,2,0,0,0,0,0,0,0,0,0,0,1,0,2,0,0,0
777,A1,2,18,0,1,0,0,0,0,0,0,0,0,0,0,1,2,0,0,0
777,B0,0,1,20,1,0,0,0,0,0,0,0,0,0,0,1,1,0,0,0
777,B1,1,1,4,6,0,0,0,0,0,0,0,0,0,0,1,1,0,0,0
777,B2,1,0,3,20,0,0,0,0,0,0,0,0,0,0,1,1,0,0,0
777,C1,20,5,2,0,0,0,0,0,0,0,0,0,0,0,1,2,0,0,0
798,A1,4,20,0,2,0,0,0,0,0,0,0,0,0,0,1,2,0,0,0
798,B0,0,1,19,2,0,0,0,0,0,0,0,0,0,0,1,1,0,0,0
798,B1,2,1,3,4,0,0,0,0,0,0,0,0,0,0,1,1,0,0,0
798,B2,1,0,2,21,0,0,0,0,0,0,0,0,0,0,1,1,0,0,0
798,C1,20,8,3,0,0,0,0,0,0,0,0,0,0,0,1,2,0,0,0
819,A1,2,20,0,3,0,0,0,0,0,0,0,0,0,1,0,2,0,0,0
819,B0,0,2,19,5,0,0,0,0,0,0,0,0,0,1,0,1,0,0,0
819,B1,4,1,1,1,0,0,0,0,0,0,0,0,0,1,0,2,0,0,0
819,B2,2,0,1,19,0,0,0,0,0,0,0,0,0,1,0,1,0,0,0
819,C1,20,8,4,0,0,0,0,0,0,0,0,0,0,1,0,2,0,0,0
840,A1,3,18,0,4,0,0,0,0,0,0,0,0,0,1,0,2,0,0,0
840,B0,0,1,20,9,0,0,0,0,0,0,0,0,0,1,0,1,0,0,0
840,B1,1,1,2,1,0,0,0,0,0,0,0,0,0,1,0,1,0,0,0
840,B2,2,0,4,20,0,0,0,0,0,0,0,0,0,1,0,1,0,0,0
840,C1,21,2,4,0,0,0,0,0,0,0,0,0,0,1,0,2,0,0,0
861,A1,3,18,0,8,0,0,0,0,0,0,0,0,0,0,1,2,0,0,0
861,B0,0,1,20,8,0,0,0,0,0,0,0,0,0,0,1,1,0,0,0
861,B1,1,1,3,3,0,0,0,0,0,0,0,0,0,0,1,1,0,0,0
861,B2,1,0,2,20,0,0,0,0,0,0,0,0,0,0,1,1,0,0,0
861,C1,20,3,3,0,0,0,0,0,0,0,0,0,0,0,1,2,0,0,0
882,A1,2,20,0,1,0,0,0,0,0,0,0,0,0,0,1,2,0,0,0
882,B0,0,1,21,3,0,0,0,0,0,0,0,0,0,0,1,1,0,0,0
882,B1,1,2,1,3,0,0,0,0,0,0,0,0,0,0,1,1,0,0,0
882,B2,3,0,3,17,0,0,0,0,0,0,0,0,0,0,1,1,0,0,0
882,C1,20,5,1,0,0,0,0,0,0,0,0,0,0,0,1,2,0,0,0
903,A1,2,20,0,1,0,0,0,0,0,0,0,0,0,1,0,2,0,0,0
903,B0,0,3,20,4,0,0,0,0,0,0,0,0,0,1,0,1,0,0,0
903,B1,3,3,1,1,0,0,0,0,0,0,0,0,0,1,0,2,0,0,0
903,B2,4,0,1,19,0,0,0,0,0,0,0,0,0,1,0,1,0,0,0
903,C1,20,5,2,0,0,0,0,0,0,0,0,0,0,1,0,2,0,0,0
924,A1,1,19,0,3,0,0,0,0,0,0,0,0,0,1,0,2,0,0,0
924,B0,0,1,20,5,0,0,0,0,0,0,0,0,0,1,0,1,0,0,0
924,B1,1,1,1,1,0,0,0,0,0,0,0,0,0,1,0,1,0,0,0
924,B2,2,0,5,20,0,0,0,0,0,0,0,0,0,1,0,1,0,0,0
924,C1,20,1,1,0,0,0,0,0,0,0,0,0,0,1,0,2,0,0,0
945,A1,3,16,0,7,0,0,0,0,0,0,0,0,0,1,0,2,0,0,0
945,B0,0,2,20,6,0,0,0,0,0,0,0,0,0,1,0,1,0,0,0
945,B1,1,1,3,4,0,0,0,0,0,0,0,0,0,1,0,1,0,0,0
945,B2,1,0,6,20,0,0,0,0,0,0,0,0,0,1,0,1,0,0,0
945,C1,17,2,2,0,0,0,0,0,0,0,0,0,0,1,0,2,0,0,0
966,A1,7,20,0,1,0,0,0,0,0,0,0,0,0,0,1,2,0,0,0
966,B0,0,2,19,2,0,0,0,0,0,0,0,0,0,0,1,1,0,0,0
966,B1,1,1,2,4,0,0,0,0,0,0,0,0,0,0,1,1,0,0,0
966,B2,2,0,3,19,0,0,0,0,0,0,0,0,0,0,1,1,0,0,0
966,C1,19,3,1,0,0,0,0,0,0,0,0,0,0,0,1,2,0,0,0
987,A1,7,20,0,1,0,0,0,0,0,0,0,0,0,0,1,2,0,0,0
987,B0,0,5,20,1,0,0,0,0,0,0,0,0,0,0,1,1,0,0,0
987,B1,3,6,1,1,0,0,0,0,0,0,0,0,0,0,1,2,0,0,0
987,B2,3,0,2,16,0,0,0,0,0,0,0,0,0,0,1,1,0,0,0
987,C1,20,5,1,0,0,0,0,0,0,0,0,0,0,0,1,2,0,0,0
1008,A1,2,20,0,3,0,0,0,0,0,0,0,0,0,1,0,2,0,0,0
1008,B0,0,1,20,2,0,0,0,0,0,0,0,0,0,1,0,1,0,0,0
1008,B1,3,1,1,1,0,0,0,0,0,0,0,0,0,1,0,2,0,0,0
1008,B2,1,0,2,19,0,0,0,0,0,0,0,0,0,1,0,1,0,0,0
1008,C1,18,2,1,0,0,0,0,0,0,0,0,0,0,1,0,2,0,0,0
1029,A1,2,20,0,4,0,0,0,0,0,0,0,0,0,1,0,2,0,0,0
1029,B0,0,1,20,6,0,0,0,0,0,0,0,0,0,1,0,1,0,0,0
1029,B1,1,1,2,4,0,0,0,0,0,0,0,0,0,1,0,1,0,0,0
1029,B2,1,0,3,20,0,0,0,0,0,0,0,0,0,1,0,1,0,0,0
1029,C1,20,2,5,0,0,0,0,0,0,0,0,0,0,1,0,2,0,0,0
1050,A1,3,20,0,3,0,0,0,0,0,0,0,0,0,0,1,2,0,0,0
1050,B0,0,3,20,1,0,0,0,0,0,0,0,0,0,0,1,1,0,0,0
1050,B1,1,1,2,4,0,0,0,0,0,0,0,0,0,0,1,1,0,0,0
1050,B2,1,0,1,20,0,0,0,0,0,0,0,0,0,0,1,1,0,0,0
1050,C1,20,3,2,0,0,0,0,0,0,0,0,0,0,0,1,2,0,0,0
1071,A1,4,20,0,1,0,0,0,0,0,0,0,0,0,0,1,2,0,0,0
1071,B0,0,3,20,2,0,0,0,0,0,0,0,0,0,0,1,1,0,0,0
1071,B1,1,1,1,1,0,0,0,0,0,0,0,0,0,0,1,1,0,0,0
1071,B2,4,0,3,19,0,0,0,0,0,0,0,0,0,0,1,1,0,0,0
1071,C1,20,4,5,0,0,0,0,0,0,0,0,0,0,0,1,2,0,0,0
1092,A1,1,20,0,2,0,0,0,0,0,0,0,0,0,1,0,2,0,0,0
1092,B0,0,1,19,2,0,0,0,0,0,0,0,0,0,1,0,1,0,0,0
1092,B1,3,1,1,1,0,0,0,0,0,0,0,0,0,1,0,2,0,0,0
1092,B2,1,0,4,20,0,0,0,0,0,0,0,0,0,1,0,1,0,0,0
1092,C1,20,1,2,0,0,0,0,0,0,0,0,0,0,1,0,2,0,0,0
1113,A1,2,16,0,3,0,0,0,0,0,0,0,0,0,1,0,2,0,0,0
1113,B0,0,2,20,6,0,0,0,0,0,0,0,0,0,1,0,1,0,0,0
1113,B1,1,1,3,1,0,0,0,0,0,0,0,0,0,1,0,1,0,0,0
1113,B2,2,0,6,20,0,0,0,0,0,0,0,0,0,1,0,1,0,0,0
1113,C1,20,1,4,0,0,0,0,0,0,0,0,0,0,1,0,2,0,0,0
1134,A1,1,19,0,4,0,0,0,0,0,0,0,0,0,0,1,2,0,0,0
1134,B0,0,1,20,5,0,0,0,0,0,0,0,0,0,0,1,1,0,0,0
1134,B1,1,1,3,1,0,0,0,0,0,0,0,0,0,0,1,1,0,0,0
1134,B2,1,0,2,20,0,0,0,0,0,0,0,0,0,0,1,1,0,0,0
1134,C1,18,2,3,0,0,0,0,0,0,0,0,0,0,0,1,2,0,0,0
1155,A1,4,20,0,2,0,0,0,0,0,0,0,0,0,0,1,2,0,0,0
1155,B0,0,2,18,3,0,0,0,0,0,0,0,0,0,0,1,1,0,0,0
1155,B1,1,2,1,1,0,0,0,0,0,0,0,0,0,0,1,2,0,0,0
1155,B2,2,0,2,19,0,0,0,0,0,0,0,0,0,0,1,1,0,0,0
1155,C1,20,4,1,0,0,0,0,0,0,0,0,0,0,0,1,2,0,0,0
1176,A1,3,20,0,2,0,0,0,0,0,0,0,0,0,1,0,2,0,0,0
1176,B0,0,1,18,1,0,0,0,0,0,0,0,0,0,1,0,1,0,0,0
1176,B1,4,4,1,1,0,0,0,0,0,0,0,0,0,1,0,2,0,0,0
1176,B2,1,0,1,19,0,0,0,0,0,0,0,0,0,1,0,1,0,0,0
1176,C1,21,2,1,0,0,0,0,0,0,0,0,0,0,1,0,2,0,0,0
1197,A1,1,20,0,1,0,0,0,0,0,0,0,0,0,1,0,2,0,0,0
1197,B0,0,1,20,5,0,0,0,0,0,0,0,0,0,1,0,1,0,0,0
1197,B1,2,1,1,1,0,0,0,0,0,0,0,0,0,1,0,2,0,0,0
1197,B2,1,0,4,20,0,0,0,0,0,0,0,0,0,1,0,1,0,0,0
1197,C1,21,1,3,0,0,0,0,0,0,0,0,0,0,1,0,2,0,0,0
1218,A1,2,17,0,5,0,0,0,0,0,0,0,0,0,0,1,2,0,0,0
1218,B0,0,2,20,5,0,0,0,0,0,0,0,0,0,0,1,1,0,0,0
1218,B1,1,1,2,1,0,0,0,0,0,0,0,0,0,0,1,1,0,0,0
1218,B2,2,0,4,20,0,0,0,0,0,0,0,0,0,0,1,1,0,0,0
1218,C1,20,1,9,0,0,0,0,0,0,0,0,0,0,0,1,2,0,0,0
1239,A1,1,20,0,1,0,0,0,0,0,0,0,0,0,0,1,2,0,0,0
1239,B0,0,2,20,3,0,0,0,0,0,0,0,0,0,0,1,1,0,0,0
1239,B1,1,1,3,2,0,0,0,0,0,0,0,0,0,0,1,1,0,0,0
1239,B2,3,0,2,20,0,0,0,0,0,0,0,0,0,0,1,1,0,0,0
1239,C1,20,3,2,0,0,0,0,0,0,0,0,0,0,0,1,2,0,0,0
1260,A1,2,20,0,2,0,0,0,0,0,0,0,0,0,0,1,2,0,0,0
1260,B0,0,4,20,1,0,0,0,0,0,0,0,0,0,0,1,1,0,0,0
1260,B1,1,1,1,1,0,0,0,0,0,0,0,0,0,0,1,1,0,0,0
1260,B2,4,0,2,20,0,0,0,0,0,0,0,0,0,0,1,1,0,0,0
1260,C1,20,4,2,0,0,0,0,0,0,0,0,0,0,0,1,2,0,0,0
1281,A1,2,18,0,1,0,0,0,0,0,0,0,0,0,1,0,2,0,0,0
1281,B0,0,1,20,3,0,0,0,0,0,0,0,0,0,1,0,1,0,0,0
1281,B1,1,1,1,1,0,0,0,0,0,0,0,0,0,1,0,1,0,0,0
1281,B2,2,0,1,20,0,0,0,0,0,0,0,0,0,1,0,1,0,0,0
1281,C1,20,2,4,0,0,0,0,0,0,0,0,0,0,1,0,2,0,0,0
1302,A1,3,21,0,3,0,0,0,0,0,0,0,0,0,1,0,2,0,0,0
1302,B0,0,1,20,5,0,0,0,0,0,0,0,0,0,1,0,1,0,0,0
1302,B1,1,1,3,1,0,0,0,0,0,0,0,0,0,1,0,1,0,0,0
1302,B2,1,0,3,20,0,0,0,0,0,0,0,0,0,1,0,1,0,0,0
1302,C1,21,1,5,0,0,0,0,0,0,0,0,0,0,1,0,2,0,0,0
1323,A1,4,20,0,1,0,0,0,0,0,0,0,0,0,0,1,2,0,0,0
1323,B0,0,2,18,5,0,0,0,0,0,0,0,0,0,0,1,1,0,0,0
1323,B1,1,1,3,1,0,0,0,0,0,0,0,0,0,0,1,1,0,0,0
1323,B2,2,0,1,18,0,0,0,0,0,0,0,0,0,0,1,1,0,0,0
1323,C1,20,3,1,0,0,0,0,0,0,0,0,0,0,0,1,2,0,0,0
1344,A1,4,20,0,1,0,0,0,0,0,0,0,0,0,0,1,2,0,0,0
1344,B0,0,2,16,1,0,0,0,0,0,0,0,0,0,0,1,1,0,0,0
1344,B1,3,4,1,1,0,0,0,0,0,0,0,0,0,0,1,2,0,0,0
1344,B2,5,0,1,17,0,0,0,0,0,0,0,0,0,0,1,1,0,0,0
1344,C1,20,4,1,0,0,0,0,0,0,0,0,0,0,0,1,2,0,0,0
1365,A1,5,18,0,1,0,0,0,0,0,0,0,0,0,1,0,2,0,0,0
1365,B0,0,1,20,3,0,0,0,0,0,0,0,0,0,1,0,1,0,0,0
1365,B1,1,5,1,1,0,0,0,0,0,0,0,0,0,1,0,2,0,0,0
1365,B2,1,0,4,20,0,0,0,0,0,0,0,0,0,1,0,1,0,0,0
1365,C1,18,2,1,0,0,0,0,0,0,0,0,0,0,1,0,2,0,0,0
1386,A1,2,18,0,3,0,0,0,0,0,0,0,0,0,1,0,2,0,0,0
1386,B0,0,2,20,5,0,0,0,0,0,0,0,0,0,1,0,1,0,0,0
1386,B1,1,1,2,3,0,0,0,0,0,0,0,0,0,1,0,1,0,0,0
1386,B2,3,0,5,20,0,0,0,0,0,0,0,0,0,1,0,1,0,0,0
1386,C1,15,3,3,0,0,0,0,0,0,0,0,0,0,1,0,2,0,0,0
1407,A1,2,20,0,1,0,0,0,0,0,0,0,0,0,0,1,2,0,0,0
1407,B0,0,3,20,2,0,0,0,0,0,0,0,0,0,0,1,1,0,0,0
1407,B1,1,1,1,2,0,0,0,0,0,0,0,0,0,0,1,1,0,0,0
1407,B2,6,0,1,20,0,0,0,0,0,0,0,0,0,0,1,1,0,0,0
1407,C1,20,1,2,0,0,0,0,0,0,0,0,0,0,0,1,2,0,0,0
1428,A1,4,20,0,4,0,0,0,0,0,0,0,0,0,0,1,2,0,0,0
1428,B0,0,6,19,1,0,0,0,0,0,0,0,0,0,0,1,1,0,0,0
1428,B1,3,1,1,1,0,0,0,0,0,0,0,0,0,0,1,2,0,0,0
1428,B2,7,0,3,18,0,0,0,0,0,0,0,0,0,0,1,1,0,0,0
1428,C1,20,1,2,0,0,0,0,0,0,0,0,0,0,0,1,2,0,0,0
1449,A1,1,20,0,3,0,0,0,0,0,0,0,0,0,1,0,2,0,0,0
1449,B0,0,5,18,1,0,0,0,0,0,0,0,0,0,1,0,1,0,0,0
1449,B1,3,2,1,1,0,0,0,0,0,0,0,0,0,1,0,2,0,0,0
1449,B2,5,0,1,15,0,0,0,0,0,0,0,0,0,1,0,1,0,0,0
1449,C1,19,3,1,0,0,0,0,0,0,0,0,0,0,1,0,2,0,0,0
1470,A1,3,19,0,4,0,0,0,0,0,0,0,0,0,1,0,2,0,0,0
1470,B0,0,1,20,1,0,0,0,0,0,0,0,0,0,1,0,1,0,0,0
1470,B1,1,1,1,1,0,0,0,0,0,0,0,0,0,1,0,1,0,0,0
1470,B2,2,0,2,20,0,0,0,0,0,0,0,0,0,1,0,1,0,0,0
1470,C1,16,2,2,0,0,0,0,0,0,0,0,0,0,1,0,2,0,0,0
1491,A1,1,19,0,6,0,0,0,0,0,0,0,0,0,0,1,2,0,0,0
1491,B0,0,2,20,4,0,0,0,0,0,0,0,0,0,0,1,1,0,0,0
1491,B1,1,1,1,5,0,0,0,0,0,0,0,0,0,0,1,1,0,0,0
1491,B2,2,0,3,20,0,0,0,0,0,0,0,0,0,0,1,1,0,0,0
1491,C1,18,2,4,0,0,0,0,0,0,0,0,0,0,0,1,2,0,0,0
1512,A1,2,20,0,1,0,0,0,0,0,0,0,0,0,0,1,2,0,0,0
1512,B0,0,2,17,1,0,0,0,0,0,0,0,0,0,0,1,1,0,0,0
1512,B1,1,1,1,1,0,0,0,0,0,0,0,0,0,0,1,1,0,0,0
1512,B2,2,0,1,20,0,0,0,0,0,0,0,0,0,0,1,1,0,0,0
1512,C1,20,4,1,0,0,0,0,0,0,0,0,0,0,0,1,2,0,0,0
1533,A1,2,20,0,3,0,0,0,0,0,0,0,0,0,1,0,2,0,0,0
1533,B0,0,2,14,1,0,0,0,0,0,0,0,0,0,1,0,1,0,0,0
1533,B1,3,2,1,1,0,0,0,0,0,0,0,0,0,1,0,2,0,0,0
1533,B2,3,0,2,19,0,0,0,0,0,0,0,0,0,1,0,1,0,0,0
1533,C1,20,3,1,0,0,0,0,0,0,0,0,0,0,1,0,2,0,0,0
1554,A1,1,19,0,3,0,0,0,0,0,0,0,0,0,1,0,2,0,0,0
1554,B0,0,1,20,2,0,0,0,0,0,0,0,0,0,1,0,1,0,0,0
1554,B1,2,3,1,1,0,0,0,0,0,0,0,0,0,1,0,2,0,0,0
1554,B2,1,0,6,19,0,0,0,0,0,0,0,0,0,1,0,1,0,0,0
1554,C1,19,1,1,0,0,0,0,0,0,0,0,0,0,1,0,2,0,0,0
1575,A1,1,17,0,6,0,0,0,0,0,0,0,0,0,1,0,2,0,0,0
1575,B0,0,1,20,4,0,0,0,0,0,0,0,0,0,1,0,1,0,0,0
1575,B1,1,1,2,3,0,0,0,0,0,0,0,0,0,1,0,1,0,0,0
1575,B2,2,0,6,20,0,0,0,0,0,0,0,0,0,1,0,1,0,0,0
1575,C1,19,1,1,0,0,0,0,0,0,0,0,0,0,1,0,2,0,0,0
1596,A1,1,19,0,2,0,0,0,0,0,0,0,0,0,0,1,2,0,0,0
1596,B0,0,1,19,3,0,0,0,0,0,0,0,0,0,0,1,1,0,0,0
1596,B1,1,1,2,2,0,0,0,0,0,0,0,0,0,0,1,1,0,0,0
1596,B2,2,0,1,20,0,0,0,0,0,0,0,0,0,0,1,1,0,0,0
1596,C1,19,4,1,0,0,0,0,0,0,0,0,0,0,0,1,2,0,0,0
1617,A1,2,20,0,2,0,0,0,0,0,0,0,0,0,0,1,2,0,0,0
1617,B0,0,1,15,1,0,0,0,0,0,0,0,0,0,0,1,1,0,0,0
1617,B1,3,2,1,1,0,0,0,0,0,0,0,0,0,0,1,2,0,0,0
1617,B2,3,0,1,17,0,0,0,0,0,0,0,0,0,0,1,1,0,0,0
1617,C1,19,5,1,0,0,0,0,0,0,0,0,0,0,0,1,2,0,0,0
1638,A1,2,16,0,2,0,0,0,0,0,0,0,0,0,1,0,2,0,0,0
1638,B0,0,1,19,3,0,0,0,0,0,0,0,0,0,1,0,1,0,0,0
1638,B1,3,4,1,1,0,0,0,0,0,0,0,0,0,1,0,2,0,0,0
1638,B2,1,0,2,20,0,0,0,0,0,0,0,0,0,1,0,1,0,0,0
1638,C1,19,1,2,0,0,0,0,0,0,0,0,0,0,1,0,2,0,0,0
1659,A1,2,16,0,4,0,0,0,0,0,0,0,0,0,1,0,2,0,0,0
1659,B0,0,1,20,5,0,0,0,0,0,0,0,0,0,1,0,1,0,0,0
1659,B1,1,1,4,3,0,0,0,0,0,0,0,0,0,1,0,1,0,0,0
1659,B2,3,0,5,20,0,0,0,0,0,0,0,0,0,1,0,1,0,0,0
1659,C1,20,1,2,0,0,0,0,0,0,0,0,0,0,1,0,2,0,0,0
1680,A1,1,20,0,1,0,0,0,0,0,0,0,0,0,0,1,2,0,0,0
1680,B0,0,3,20,1,0,0,0,0,0,0,0,0,0,0,1,1,0,0,0
1680,B1,1,1,2,1,0,0,0,0,0,0,0,0,0,0,1,1,0,0,0
1680,B2,6,0,1,20,0,0,0,0,0,0,0,0,0,0,1,1,0,0,0
1680,C1,20,3,3,0,0,0,0,0,0,0,0,0,0,0,1,2,0,0,0
1701,A1,3,20,0,3,0,0,0,0,0,0,0,0,0,0,1,2,0,0,0
1701,B0,0,7,15,1,0,0,0,0,0,0,0,0,0,0,1,1,0,0,0
1701,B1,3,2,1,1,0,0,0,0,0,0,0,0,0,0,1,2,0,0,0
1701,B2,8,0,2,16,0,0,0,0,0,0,0,0,0,0,1,1,0,0,0
1701,C1,20,3,2,0,0,0,0,0,0,0,0,0,0,0,1,2,0,0,0
1722,A1,1,19,0,4,0,0,0,0,0,0,0,0,0,1,0,2,0,0,0
1722,B0,0,5,18,2,0,0,0,0,0,0,0,0,0,1,0,1,0,0,0
1722,B1,7,2,1,1,0,0,0,0,0,0,0,0,0,1,0,2,0,0,0
1722,B2,6,0,3,19,0,0,0,0,0,0,0,0,0,1,0,1,0,0,0
1722,C1,20,1,1,0,0,0,0,0,0,0,0,0,0,1,0,2,0,0,0
1743,A1,2,15,0,4,0,0,0,0,0,0,0,0,0,1,0,2,0,0,0
1743,B0,0,4,20,6,0,0,0,0,0,0,0,0,0,1,0,1,0,0,0
1743,B1,3,1,1,1,0,0,0,0,0,0,0,0,0,1,0,2,0,0,0
1743,B2,2,0,4,20,0,0,0,0,0,0,0,0,0,1,0,1,0,0,0
1743,C1,20,1,2,0,0,0,0,0,0,0,0,0,0,1,0,2,0,0,0
1764,A1,1,18,0,4,0,0,0,0,0,0,0,0,0,0,1,2,0,0,0
1764,B0,0,5,20,3,0,0,0,0,0,0,0,0,0,0,1,1,0,0,0
1764,B1,1,1,1,2,0,0,0,0,0,0,0,0,0,0,1,1,0,0,0
1764,B2,6,0,2,20,0,0,0,0,0,0,0,0,0,0,1,1,0,0,0
1764,C1,19,1,1,0,0,0,0,0,0,0,0,0,0,0,1,2,0,0,0
1785,A1,2,20,0,2,0,0,0,0,0,0,0,0,0,0,1,2,0,0,0
1785,B0,0,6,21,3,0,0,0,0,0,0,0,0,0,0,1,1,0,0,0
1785,B1,1,1,1,1,0,0,0,0,0,0,0,0,0,0,1,1,0,0,0
1785,B2,6,0,2,18,0,0,0,0,0,0,0,0,0,0,1,1,0,0,0
1785,C1,20,4,1,0,0,0,0,0,0,0,0,0,0,0,1,2,0,0,0
1806,A1,4,20,0,1,0,0,0,0,0,0,0,0,0,1,0,2,0,0,0
1806,B0,0,7,20,2,0,0,0,0,0,0,0,0,0,1,0,1,0,0,0
1806,B1,2,2,1,1,0,0,0,0,0,0,0,0,0,1,0,2,0,0,0
1806,B2,5,0,2,20,0,0,0,0,0,0,0,0,0,1,0,1,0,0,0
1806,C1,20,5,1,0,0,0,0,0,0,0,0,0,0,1,0,2,0,0,0
1827,A1,1,19,0,3,0,0,0,0,0,0,0,0,0,1,0,2,0,0,0
1827,B0,0,1,20,2,0,0,0,0,0,0,0,0,0,1,0,1,0,0,0
1827,B1,2,1,2,1,0,0,0,0,0,0,0,0,0,1,0,1,0,0,0
1827,B2,2,0,2,20,0,0,0,0,0,0,0,0,0,1,0,1,0,0,0
1827,C1,21,3,1,0,0,0,0,0,0,0,0,0,0,1,0,2,0,0,0
1848,A1,1,16,0,3,0,0,0,0,0,0,0,0,0,0,1,2,0,0,0
1848,B0,0,1,20,2,0,0,0,0,0,0,0,0,0,0,1,1,0,0,0
1848,B1,1,1,2,4,0,0,0,0,0,0,0,0,0,0,1,1,0,0,0
1848,B2,1,0,3,20,0,0,0,0,0,0,0,0,0,0,1,1,0,0,0
1848,C1,19,4,2,0,0,0,0,0,0,0,0,0,0,0,1,2,0,0,0
1869,A1,3,20,0,1,0,0,0,0,0,0,0,0,0,0,1,2,0,0,0
1869,B0,0,3,19,3,0,0,0,0,0,0,0,0,0,0,1,1,0,0,0
1869,B1,1,1,4,3,0,0,0,0,0,0,0,0,0,0,1,1,0,0,0
1869,B2,2,0,3,20,0,0,0,0,0,0,0,0,0,0,1,1,0,0,0
1869,C1,20,5,2,0,0,0,0,0,0,0,0,0,0,0,1,2,0,0,0
1890,A1,4,20,0,1,0,0,0,0,0,0,0,0,0,0,1,2,0,0,0
1890,B0,0,3,20,1,0,0,0,0,0,0,0,0,0,0,1,1,0,0,0
1890,B1,2,2,1,1,0,0,0,0,0,0,0,0,0,0,1,2,0,0,0
1890,B2,5,0,2,18,0,0,0,0,0,0,0,0,0,0,1,1,0,0,0
1890,C1,20,6,2,0,0,0,0,0,0,0,0,0,0,0,1,2,0,0,0
1911,A1,1,18,0,2,0,0,0,0,0,0,0,0,0,1,0,2,0,0,0
1911,B0,0,3,20,2,0,0,0,0,0,0,0,0,0,1,0,1,0,0,0
1911,B1,2,1,1,1,0,0,0,0,0,0,0,0,0,1,0,2,0,0,0
1911,B2,1,0,4,20,0,0,0,0,0,0,0,0,0,1,0,1,0,0,0
1911,C1,20,4,2,0,0,0,0,0,0,0,0,0,0,1,0,2,0,0,0
1932,A1,1,18,0,3,0,0,0,0,0,0,0,0,0,1,0,2,0,0,0
1932,B0,0,1,20,3,0,0,0,0,0,0,0,0,0,1,0,1,0,0,0
1932,B1,1,1,4,2,0,0,0,0,0,0,0,0,0,1,0,1,0,0,0
1932,B2,1,0,6,20,0,0,0,0,0,0,0,0,0,1,0,1,0,0,0
1932,C1,17,2,2,0,0,0,0,0,0,0,0,0,0,1,0,2,0,0,0
1953,A1,4,17,0,1,0,0,0,0,0,0,0,0,0,0,1,2,0,0,0
1953,B0,0,1,18,2,0,0,0,0,0,0,0,0,0,0,1,1,0,0,0
1953,B1,1,1,4,1,0,0,0,0,0,0,0,0,0,0,1,1,0,0,0
1953,B2,3,0,1,20,0,0,0,0,0,0,0,0,0,0,1,1,0,0,0
1953,C1,19,3,1,0,0,0,0,0,0,0,0,0,0,0,1,2,0,0,0
1974,A1,5,17,0,3,0,0,0,0,0,0,0,0,0,0,1,2,0,0,0
1974,B0,0,4,15,3,0,0,0,0,0,0,0,0,0,0,1,1,0,0,0
1974,B1,3,2,1,1,0,0,0,0,0,0,0,0,0,0,1,2,0,0,0
1974,B2,4,0,1,19,0,0,0,0,0,0,0,0,0,0,1,1,0,0,0
1974,C1,20,4,1,0,0,0,0,0,0,0,0,0,0,0,1,2,0,0,0
1995,A1,2,18,0,4,0,0,0,0,0,0,0,0,0,1,0,2,0,0,0
1995,B0,0,1,18,1,0,0,0,0,0,0,0,0,0,1,0,1,0,0,0
1995,B1,4,1,1,1,0,0,0,0,0,0,0,0,0,1,0,2,0,0,0
1995,B2,4,0,1,20,0,0,0,0,0,0,0,0,0,1,0,1,0,0,0
1995,C1,20,1,2,0,0,0,0,0,0,0,0,0,0,1,0,2,0,0,0
2016,A1,2,18,0,4,0,0,0,0,0,0,0,0,0,1,0,2,0,0,0
2016,B0,0,1,20,1,0,0,0,0,0,0,0,0,0,1,0,1,0,0,0
2016,B1,1,1,1,1,0,0,0,0,0,0,0,0,0,1,0,1,0,0,0
2016,B2,3,0,3,20,0,0,0,0,0,0,0,0,0,1,0,1,0,0,0
2016,C1,21,1,2,0,0,0,0,0,0,0,0,0,0,1,0,2,0,0,0
2037,A1,1,16,0,2,0,0,0,0,0,0,0,0,0,0,1,2,0,0,0
2037,B0,0,1,17,1,0,0,0,0,0,0,0,0,0,0,1,1,0,0,0
2037,B1,1,1,3,1,0,0,0,0,0,0,0,0,0,0,1,1,0,0,0
2037,B2,3,0,2,19,0,0,0,0,0,0,0,0,0,0,1,1,0,0,0
2037,C1,20,2,1,0,0,0,0,0,0,0,0,0,0,0,1,2,0,0,0
2058,A1,1,19,0,2,0,0,0,0,0,0,0,0,0,0,1,2,0,0,0
2058,B0,0,2,18,1,0,0,0,0,0,0,0,0,0,0,1,1,0,0,0
2058,B1,3,2,1,1,0,0,0,0,0,0,0,0,0,0,1,2,0,0,0
2058,B2,5,0,3,20,0,0,0,0,0,0,0,0,0,0,1,1,0,0,0
2058,C1,20,3,1,0,0,0,0,0,0,0,0,0,0,0,1,2,0,0,0
2079,A1,4,18,0,1,0,0,0,0,0,0,0,0,0,1,0,2,0,0,0
2079,B0,0,1,20,3,0,0,0,0,0,0,0,0,0,1,0,1,0,0,0
2079,B1,1,2,1,1,0,0,0,0,0,0,0,0,0,1,0,2,0,0,0
2079,B2,1,0,1,20,0,0,0,0,0,0,0,0,0,1,0,1,0,0,0
2079,C1,21,1,1,0,0,0,0,0,0,0,0,0,0,1,0,2,0,0,0
2100,A1,1,13,0,2,0,0,0,0,0,0,0,0,0,1,0,2,0,0,0
2100,B0,0,1,20,6,0,0,0,0,0,0,0,0,0,1,0,1,0,0,0
2100,B1,1,1,2,2,0,0,0,0,0,0,0,0,0,1,0,1,0,0,0
2100,B2,3,0,1,20,0,0,0,0,0,0,0,0,0,1,0,1,0,0,0
2100,C1,18,1,2,0,0,0,0,0,0,0,0,0,0,1,0,2,0,0,0
2121,A1,2,13,0,1,0,0,0,0,0,0,0,0,0,0,1,2,0,0,0
2121,B0,0,2,20,4,0,0,0,0,0,0,0,0,0,0,1,1,0,0,0
2121,B1,1,1,3,2,0,0,0,0,0,0,0,0,0,0,1,1,0,0,0
2121,B2,1,0,1,20,0,0,0,0,0,0,0,0,0,0,1,1,0,0,0
2121,C1,19,1,4,0,0,0,0,0,0,0,0,0,0,0,1,2,0,0,0
2142,A1,4,14,0,1,0,0,0,0,0,0,0,0,0,0,1,2,0,0,0
2142,B0,0,1,18,3,0,0,0,0,0,0,0,0,0,0,1,1,0,0,0
2142,B1,1,1,1,2,0,0,0,0,0,0,0,0,0,0,1,1,0,0,0
2142,B2,2,0,1,16,0,0,0,0,0,0,0,0,0,0,1,1,0,0,0
2142,C1,20,2,2,0,0,0,0,0,0,0,0,0,0,0,1,2,0,0,0
2163,A1,1,14,0,1,0,0,0,0,0,0,0,0,0,1,0,2,1,3,2
2163,B0,0,4,17,2,0,0,0,0,0,0,0,0,0,1,0,1,0,0,0
2163,B1,2,3,1,1,0,0,0,0,0,0,0,0,0,1,0,2,0,0,0
2163,B2,2,0,3,15,0,0,0,0,0,0,0,0,0,1,0,1,0,0,0
2163,C1,20,2,2,0,0,0,0,0,0,0,0,0,0,1,0,2,0,0,0
2184,A1,3,13,0,3,0,0,0,0,0,0,0,0,0,1,0,2,1,3,2
2184,B0,0,2,20,6,0,0,0,0,0,0,0,0,0,1,0,1,0,0,0
2184,B1,3,3,1,1,0,0,0,0,0,0,0,0,0,1,0,2,0,0,0
2184,B2,1,0,1,20,0,0,0,0,0,0,0,0,0,1,0,1,0,0,0
2184,C1,20,1,3,0,0,0,0,0,0,0,0,0,0,1,0,2,0,0,0
2205,A1,1,10,0,5,0,0,0,0,0,0,0,0,0,1,0,2,1,3,2
2205,B0,0,6,20,6,0,0,0,0,0,0,0,0,0,1,0,1,0,0,0
2205,B1,1,1,3,2,0,0,0,0,0,0,0,0,0,1,0,1,0,0,0
2205,B2,1,0,2,20,0,0,0,0,0,0,0,0,0,1,0,1,0,0,0
2205,C1,20,1,5,0,0,0,0,0,0,0,0,0,0,1,0,2,0,0,0
2226,A1,2,10,0,1,0,0,0,0,0,0,0,0,0,0,1,2,1,3,2
2226,B0,0,6,20,2,0,0,0,0,0,0,0,0,0,0,1,1,0,0,0
2226,B1,1,1,2,1,0,0,0,0,0,0,0,0,0,0,1,1,0,0,0
2226,B2,2,0,1,15,0,0,0,0,0,0,0,0,0,0,1,1,0,0,0
2226,C1,20,4,2,0,0,0,0,0,0,0,0,0,0,0,1,2,0,0,0
2247,A1,3,10,0,1,0,0,0,0,0,0,0,0,0,0,1,2,1,3,2
2247,B0,0,9,19,1,0,0,0,0,0,0,0,0,0,0,1,1,0,0,0
2247,B1,2,6,1,1,0,0,0,0,0,0,0,0,0,0,1,2,0,0,0
2247,B2,3,0,2,15,0,0,0,0,0,0,0,0,0,0,1,1,0,0,0
2247,C1,20,5,2,0,0,0,0,0,0,0,0,0,0,0,1,2,0,0,0
2268,A1,1,11,0,1,0,0,0,0,0,0,0,0,0,1,0,2,1,3,2
2268,B0,0,11,20,3,0,0,0,0,0,0,0,0,0,1,0,1,0,0,0
2268,B1,2,7,1,1,0,0,0,0,0,0,0,0,0,1,0,2,0,0,0
2268,B2,1,0,1,19,0,0,0,0,0,0,0,0,0,1,0,1,0,0,0
2268,C1,19,2,3,0,0,0,0,0,0,0,0,0,0,1,0,2,0,0,0
2289,A1,2,11,0,3,0,0,0,0,0,0,0,0,0,1,0,2,1,3,2
2289,B0,0,12,20,4,0,0,0,0,0,0,0,0,0,1,0,1,0,0,0
2289,B1,1,2,2,3,0,0,0,0,0,0,0,0,0,1,0,1,0,0,0
2289,B2,1,0,4,20,0,0,0,0,0,0,0,0,0,1,0,1,0,0,0
2289,C1,15,1,6,0,0,0,0,0,0,0,0,0,0,1,0,2,0,0,0
2310,A1,2,11,0,1,0,0,0,0,0,0,0,0,0,0,1,2,1,3,2
2310,B0,0,13,18,1,0,0,0,0,0,0,0,0,0,0,1,1,0,0,0
2310,B1,1,1,1,7,0,0,0,0,0,0,0,0,0,0,1,1,0,0,0
2310,B2,3,0,1,20,0,0,0,0,0,0,0,0,0,0,1,1,0,0,0
2310,C1,16,3,5,0,0,0,0,0,0,0,0,0,0,0,1,2,0,0,0
2331,A1,4,10,0,1,0,0,0,0,0,0,0,0,0,0,1,2,1,3,2
2331,B0,0,13,12,1,0,0,0,0,0,0,0,0,0,0,1,1,0,0,0
2331,B1,3,1,1,1,0,0,0,0,0,0,0,0,0,0,1,2,0,0,0
2331,B2,6,0,2,19,0,0,0,0,0,0,0,0,0,0,1,1,0,0,0
2331,C1,20,3,2,0,0,0,0,0,0,0,0,0,0,0,1,2,0,0,0
2352,A1,1,10,0,5,0,0,0,0,0,0,0,0,0,1,0,2,1,3,2
2352,B0,0,13,19,3,0,0,0,0,0,0,0,0,0,1,0,1,0,0,0
2352,B1,3,3,1,1,0,0,0,0,0,0,0,0,0,1,0,2,0,0,0
2352,B2,2,0,3,17,0,0,0,0,0,0,0,0,0,1,0,1,0,0,0
2352,C1,20,1,3,0,0,0,0,0,0,0,0,0,0,1,0,2,0,0,0
2373,A1,1,12,0,10,0,0,0,0,0,0,0,0,0,1,0,2,1,3,2
2373,B0,0,12,20,3,0,0,0,0,0,0,0,0,0,1,0,1,0,0,0
2373,B1,1,2,3,1,0,0,0,0,0,0,0,0,0,1,0,1,0,0,0
2373,B2,3,0,3,20,0,0,0,0,0,0,0,0,0,1,0,1,0,0,0
2373,C1,19,2,3,0,0,0,0,0,0,0,0,0,0,1,0,2,0,0,0
2394,A1,2,10,0,8,0,0,0,0,0,0,0,0,0,0,1,2,1,3,2
2394,B0,0,11,20,1,0,0,0,0,0,0,0,0,0,0,1,1,0,0,0
2394,B1,1,1,5,2,0,0,0,0,0,0,0,0,0,0,1,1,0,0,0
2394,B2,3,0,1,20,0,0,0,0,0,0,0,0,0,0,1,1,0,0,0
2394,C1,20,4,1,0,0,0,0,0,0,0,0,0,0,0,1,2,0,0,0
2415,A1,3,11,0,2,0,0,0,0,0,0,0,0,0,0,1,2,1,3,2
2415,B0,0,12,17,1,0,0,0,0,0,0,0,0,0,0,1,1,0,0,0
2415,B1,3,1,1,1,0,0,0,0,0,0,0,0,0,0,1,2,0,0,0
2415,B2,3,0,1,17,0,0,0,0,0,0,0,0,0,0,1,1,0,0,0
2415,C1,20,3,1,0,0,0,0,0,0,0,0,0,0,0,1,2,0,0,0
2436,A1,1,12,0,1,0,0,0,0,0,0,0,0,0,1,0,2,1,3,2
2436,B0,0,12,18,1,0,0,0,0,0,0,0,0,0,1,0,1,0,0,0
2436,B1,5,3,1,1,0,0,0,0,0,0,0,0,0,1,0,2,0,0,0
2436,B2,3,0,1,14,0,0,0,0,0,0,0,0,0,1,0,1,0,0,0
2436,C1,20,2,2,0,0,0,0,0,0,0,0,0,0,1,0,2,0,0,0
2457,A1,2,13,0,2,0,0,0,0,0,0,0,0,0,1,0,2,1,3,2
2457,B0,0,6,20,2,0,0,0,0,0,0,0,0,0,1,0,1,0,0,0
2457,B1,2,1,1,1,0,0,0,0,0,0,0,0,0,1,0,2,0,0,0
2457,B2,3,0,3,15,0,0,0,0,0,0,0,0,0,1,0,1,0,0,0
2457,C1,21,1,2,0,0,0,0,0,0,0,0,0,0,1,0,2,0,0,0
2478,A1,1,9,0,4,0,0,0,0,0,0,0,0,0,0,1,2,1,3,2
2478,B0,0,1,20,3,0,0,0,0,0,0,0,0,0,0,1,1,0,0,0
2478,B1,1,1,3,4,0,0,0,0,0,0,0,0,0,0,1,1,0,0,0
2478,B2,1,0,2,15,0,0,0,0,0,0,0,0,0,0,1,1,0,0,0
2478,C1,19,1,2,0,0,0,0,0,0,0,0,0,0,0,1,2,0,0,0
2499,A1,1,9,0,1,0,0,0,0,0,0,0,0,0,0,1,2,1,3,2
2499,B0,0,3,20,1,0,0,0,0,0,0,0,0,0,0,1,1,0,0,0
2499,B1,1,1,2,1,0,0,0,0,0,0,0,0,0,0,1,1,0,0,0
2499,B2,2,0,1,14,0,0,0,0,0,0,0,0,0,0,1,1,0,0,0
2499,C1,20,4,1,0,0,0,0,0,0,0,0,0,0,0,1,2,0,0,0
2520,A1,3,10,0,1,0,0,0,0,0,0,0,0,0,0,1,2,1,3,2
2520,B0,0,4,18,1,0,0,0,0,0,0,0,0,0,0,1,1,0,0,0
2520,B1,5,4,1,1,0,0,0,0,0,0,0,0,0,0,1,2,0,0,0
2520,B2,3,0,2,9,0,0,0,0,0,0,0,0,0,0,1,1,0,0,0
2520,C1,20,6,2,0,0,0,0,0,0,0,0,0,0,0,1,2,0,0,0
2541,A1,2,8,0,1,0,0,0,0,0,0,0,0,0,1,0,2,1,3,2
2541,B0,0,1,20,2,0,0,0,0,0,0,0,0,0,1,0,1,0,0,0
2541,B1,3,5,1,1,0,0,0,0,0,0,0,0,0,1,0,2,0,0,0
2541,B2,1,0,4,9,0,0,0,0,0,0,0,0,0,1,0,1,0,0,0
2541,C1,20,2,3,0,0,0,0,0,0,0,0,0,0,1,0,2,0,0,0
2562,A1,1,8,0,2,0,0,0,0,0,0,0,0,0,1,0,2,1,3,2
2562,B0,0,1,20,3,0,0,0,0,0,0,0,0,0,1,0,1,0,0,0
2562,B1,1,1,2,3,0,0,0,0,0,0,0,0,0,1,0,1,0,0,0
2562,B2,1,0,6,9,0,0,0,0,0,0,0,0,0,1,0,1,0,0,0
2562,C1,19,1,4,0,0,0,0,0,0,0,0,0,0,1,0,2,0,0,0
2583,A1,2,8,0,1,0,0,0,0,0,0,0,0,0,0,1,2,1,3,2
2583,B0,0,3,19,2,0,0,0,0,0,0,0,0,0,0,1,1,0,0,0
2583,B1,1,1,1,3,0,0,0,0,0,0,0,0,0,0,1,1,0,0,0
2583,B2,2,0,2,9,0,0,0,0,0,0,0,0,0,0,1,1,0,0,0
2583,C1,19,1,2,0,0,0,0,0,0,0,0,0,0,0,1,2,0,0,0
2604,A1,6,7,0,1,0,0,0,0,0,0,0,0,0,0,1,2,1,3,2
2604,B0,0,6,20,1,0,0,0,0,0,0,0,0,0,0,1,1,0,0,0
2604,B1,2,1,1,1,0,0,0,0,0,0,0,0,0,0,1,2,0,0,0
2604,B2,3,0,2,7,0,0,0,0,0,0,0,0,0,0,1,1,0,0,0
2604,C1,20,2,1,0,0,0,0,0,0,0,0,0,0,0,1,2,0,0,0
2625,A1,1,8,0,1,0,0,0,0,0,0,0,0,0,1,0,2,1,3,2
2625,B0,0,6,18,5,0,0,0,0,0,0,0,0,0,1,0,1,0,0,0
2625,B1,2,3,1,1,0,0,0,0,0,0,0,0,0,1,0,2,0,0,0
2625,B2,1,0,3,4,0,0,0,0,0,0,0,0,0,1,0,1,0,0,0
2625,C1,19,1,1,0,0,0,0,0,0,0,0,0,0,1,0,2,0,0,0
2646,A1,2,7,0,2,0,0,0,0,0,0,0,0,0,1,0,2,1,3,2
2646,B0,0,7,20,5,0,0,0,0,0,0,0,0,0,1,0,1,0,0,0
2646,B1,1,1,2,2,0,0,0,0,0,0,0,0,0,1,0,1,0,0,0
2646,B2,1,0,5,6,0,0,0,0,0,0,0,0,0,1,0,1,0,0,0
2646,C1,20,2,1,0,0,0,0,0,0,0,0,0,0,1,0,2,0,0,0
2667,A1,2,6,0,2,0,0,0,0,0,0,0,0,0,0,1,2,1,3,2
2667,B0,0,7,20,2,0,0,0,0,0,0,0,0,0,0,1,1,0,0,0
2667,B1,1,1,2,3,0,0,0,0,0,0,0,0,0,0,1,1,0,0,0
2667,B2,2,0,2,9,0,0,0,0,0,0,0,0,0,0,1,1,0,0,0
2667,C1,20,4,1,0,0,0,0,0,0,0,0,0,0,0,1,2,0,0,0
2688,A1,4,6,0,2,0,0,0,0,0,0,0,0,0,0,1,2,1,3,2
2688,B0,0,7,18,1,0,0,0,0,0,0,0,0,0,0,1,1,0,0,0
2688,B1,3,2,1,1,0,0,0,0,0,0,0,0,0,0,1,2,0,0,0
2688,B2,3,0,2,10,0,0,0,0,0,0,0,0,0,0,1,1,0,0,0
2688,C1,20,3,2,0,0,0,0,0,0,0,0,0,0,0,1,2,0,0,0
2709,A1,5,6,0,2,0,0,0,0,0,0,0,0,0,1,0,2,1,3,2
2709,B0,0,8,16,1,0,0,0,0,0,0,0,0,0,1,0,1,0,0,0
2709,B1,2,1,1,1,0,0,0,0,0,0,0,0,0,1,0,2,0,0,0
2709,B2,4,0,1,11,0,0,0,0,0,0,0,0,0,1,0,1,0,0,0
2709,C1,20,2,2,0,0,0,0,0,0,0,0,0,0,1,0,2,0,0,0
2730,A1,2,8,0,3,0,0,0,0,0,0,0,0,0,1,0,2,1,3,2
2730,B0,0,5,20,1,0,0,0,0,0,0,0,0,0,1,0,1,0,0,0
2730,B1,1,1,2,2,0,0,0,0,0,0,0,0,0,1,0,1,0,0,0
2730,B2,1,0,1,10,0,0,0,0,0,0,0,0,0,1,0,1,0,0,0
2730,C1,19,3,2,0,0,0,0,0,0,0,0,0,0,1,0,2,0,0,0
2751,A1,2,6,0,2,0,0,0,0,0,0,0,0,0,0,1,2,1,3,2
2751,B0,0,1,19,4,0,0,0,0,0,0,0,0,0,0,1,1,0,0,0
2751,B1,1,1,4,2,0,0,0,0,0,0,0,0,0,0,1,1,0,0,0
2751,B2,3,0,1,9,0,0,0,0,0,0,0,0,0,0,1,1,0,0,0
2751,C1,19,3,1,0,0,0,0,0,0,0,0,0,0,0,1,2,0,0,0
2772,A1,3,7,0,1,0,0,0,0,0,0,0,0,0,0,1,2,1,3,2
2772,B0,0,2,18,2,0,0,0,0,0,0,0,0,0,0,1,1,0,0,0
2772,B1,3,1,4,3,0,0,0,0,0,0,0,0,0,0,1,1,0,0,0
2772,B2,4,0,3,11,0,0,0,0,0,0,0,0,0,0,1,1,0,0,0
2772,C1,20,6,1,0,0,0,0,0,0,0,0,0,0,0,1,2,0,0,0
2793,A1,4,7,0,2,0,0,0,0,0,0,0,0,0,1,0,2,1,3,2
2793,B0,0,3,18,2,0,0,0,0,0,0,0,0,0,1,0,1,0,0,0
2793,B1,3,2,1,1,0,0,0,0,0,0,0,0,0,1,0,2,0,0,0
2793,B2,5,0,1,11,0,0,0,0,0,0,0,0,0,1,0,1,0,0,0
2793,C1,20,7,2,0,0,0,0,0,0,0,0,0,0,1,0,2,0,0,0
2814,A1,1,8,0,2,0,0,0,0,0,0,0,0,0,1,0,2,1,3,2
2814,B0,0,2,20,1,0,0,0,0,0,0,0,0,0,1,0,1,0,0,0
2814,B1,1,1,1,2,0,0,0,0,0,0,0,0,0,1,0,1,0,0,0
2814,B2,2,0,2,11,0,0,0,0,0,0,0,0,0,1,0,1,0,0,0
2814,C1,20,3,2,0,0,0,0,0,0,0,0,0,0,1,0,2,0,0,0
2835,A1,2,6,0,3,0,0,0,0,0,0,0,0,0,1,0,2,1,3,2
2835,B0,0,1,20,4,0,0,0,0,0,0,0,0,0,1,0,1,0,0,0
2835,B1,1,1,3,2,0,0,0,0,0,0,0,0,0,1,0,1,0,0,0
2835,B2,1,0,4,11,0,0,0,0,0,0,0,0,0,1,0,1,0,0,0
2835,C1,19,2,4,0,0,0,0,0,0,0,0,0,0,1,0,2,0,0,0
2856,A1,3,6,0,1,0,0,0,0,0,0,0,0,0,0,1,2,1,3,2
2856,B0,0,2,17,2,0,0,0,0,0,0,0,0,0,0,1,1,0,0,0
2856,B1,1,1,2,1,0,0,0,0,0,0,0,0,0,0,1,1,0,0,0
2856,B2,1,0,1,12,0,0,0,0,0,0,0,0,0,0,1,1,0,0,0
2856,C1,20,3,1,0,0,0,0,0,0,0,0,0,0,0,1,2,0,0,0
2877,A1,4,7,0,1,0,0,0,0,0,0,0,0,0,0,1,2,1,3,2
2877,B0,0,5,20,3,0,0,0,0,0,0,0,0,0,0,1,1,0,0,0
2877,B1,3,1,1,1,0,0,0,0,0,0,0,0,0,0,1,2,0,0,0
2877,B2,3,0,1,7,0,0,0,0,0,0,0,0,0,0,1,1,0,0,0
2877,C1,20,7,1,0,0,0,0,0,0,0,0,0,0,0,1,2,0,0,0
2898,A1,2,8,0,1,0,0,0,0,0,0,0,0,0,1,0,2,1,3,2
2898,B0,0,1,20,2,0,0,0,0,0,0,0,0,0,1,0,1,0,0,0
2898,B1,2,3,1,1,0,0,0,0,0,0,0,0,0,1,0,2,0,0,0
2898,B2,1,0,4,8,0,0,0,0,0,0,0,0,0,1,0,1,0,0,0
2898,C1,21,3,2,0,0,0,0,0,0,0,0,0,0,1,0,2,0,0,0
2919,A1,4,8,0,1,0,0,0,0,0,0,0,0,0,1,0,2,1,3,2
2919,B0,0,3,20,3,0,0,0,0,0,0,0,0,0,1,0,1,0,0,0
2919,B1,1,1,1,2,0,0,0,0,0,0,0,0,0,1,0,1,0,0,0
2919,B2,3,0,4,8,0,0,0,0,0,0,0,0,0,1,0,1,0,0,0
2919,C1,18,1,3,0,0,0,0,0,0,0,0,0,0,1,0,2,0,0,0
2940,A1,3,9,0,1,0,0,0,0,0,0,0,0,0,0,1,2,1,3,2
2940,B0,0,2,19,1,0,0,0,0,0,0,0,0,0,0,1,1,0,0,0
2940,B1,1,1,1,2,0,0,0,0,0,0,0,0,0,0,1,1,0,0,0
2940,B2,3,0,1,8,0,0,0,0,0,0,0,0,0,0,1,1,0,0,0
2940,C1,18,1,1,0,0,0,0,0,0,0,0,0,0,0,1,2,0,0,0
2961,A1,5,9,0,1,0,0,0,0,0,0,0,0,0,0,1,2,1,3,2
2961,B0,0,4,19,1,0,0,0,0,0,0,0,0,0,0,1,1,0,0,0
2961,B1,2,1,1,1,0,0,0,0,0,0,0,0,0,0,1,2,0,0,0
2961,B2,7,0,3,11,0,0,0,0,0,0,0,0,0,0,1,1,0,0,0
2961,C1,20,2,1,0,0,0,0,0,0,0,0,0,0,0,1,2,0,0,0
2982,A1,1,10,0,2,0,0,0,0,0,0,0,0,0,1,0,2,1,3,2
2982,B0,0,2,20,2,0,0,0,0,0,0,0,0,0,1,0,1,0,0,0
2982,B1,3,3,1,1,0,0,0,0,0,0,0,0,0,1,0,2,0,0,0
2982,B2,2,0,2,10,0,0,0,0,0,0,0,0,0,1,0,1,0,0,0
2982,C1,18,2,1,0,0,0,0,0,0,0,0,0,0,1,0,2,0,0,0
3003,A1,1,6,0,4,0,0,0,0,0,0,0,0,0,1,0,2,1,3,2
3003,B0,0,1,20,4,0,0,0,0,0,0,0,0,0,1,0,1,0,0,0
3003,B1,1,1,1,1,0,0,0,0,0,0,0,0,0,1,0,1,0,0,0
3003,B2,3,0,3,10,0,0,0,0,0,0,0,0,0,1,0,1,0,0,0
3003,C1,19,1,2,0,0,0,0,0,0,0,0,0,0,1,0,2,0,0,0
3024,A1,1,6,0,3,0,0,0,0,0,0,0,0,0,0,1,2,1,3,2
3024,B0,0,1,20,2,0,0,0,0,0,0,0,0,0,0,1,1,0,0,0
3024,B1,1,1,2,1,0,0,0,0,0,0,0,0,0,0,1,1,0,0,0
3024,B2,1,0,2,11,0,0,0,0,0,0,0,0,0,0,1,1,0,0,0
3024,C1,18,2,3,0,0,0,0,0,0,0,0,0,0,0,1,2,0,0,0
3045,A1,5,6,0,1,0,0,0,0,0,0,0,0,0,0,1,2,1,3,2
3045,B0,0,3,20,3,0,0,0,0,0,0,0,0,0,0,1,1,0,0,0
3045,B1,1,1,1,1,0,0,0,0,0,0,0,0,0,0,1,1,0,0,0
3045,B2,1,0,3,10,0,0,0,0,0,0,0,0,0,0,1,1,0,0,0
3045,C1,20,3,1,0,0,0,0,0,0,0,0,0,0,0,1,2,0,0,0
3066,A1,3,7,0,1,0,0,0,0,0,0,0,0,0,1,0,2,1,3,2
3066,B0,0,1,18,1,0,0,0,0,0,0,0,0,0,1,0,1,0,0,0
3066,B1,2,2,1,1,0,0,0,0,0,0,0,0,0,1,0,2,0,0,0
3066,B2,3,0,1,8,0,0,0,0,0,0,0,0,0,1,0,1,0,0,0
3066,C1,21,3,2,0,0,0,0,0,0,0,0,0,0,1,0,2,0,0,0
3087,A1,2,7,0,1,0,0,0,0,0,0,0,0,0,1,0,2,1,3,2
3087,B0,0,1,20,4,0,0,0,0,0,0,0,0,0,1,0,1,0,0,0
3087,B1,2,1,1,1,0,0,0,0,0,0,0,0,0,1,0,2,0,0,0
3087,B2,1,0,4,10,0,0,0,0,0,0,0,0,0,1,0,1,0,0,0
3087,C1,21,1,2,0,0,0,0,0,0,0,0,0,0,1,0,2,0,0,0
3108,A1,2,8,0,1,0,0,0,0,0,0,0,0,0,0,1,2,1,3,2
3108,B0,0,1,20,4,0,0,0,0,0,0,0,0,0,0,1,1,0,0,0
3108,B1,1,1,5,2,0,0,0,0,0,0,0,0,0,0,1,1,0,0,0
3108,B2,2,0,4,10,0,0,0,0,0,0,0,0,0,0,1,1,0,0,0
3108,C1,19,1,2,0,0,0,0,0,0,0,0,0,0,0,1,2,0,0,0
3129,A1,2,9,0,1,0,0,0,0,0,0,0,0,0,0,1,2,1,3,2
3129,B0,0,1,19,2,0,0,0,0,0,0,0,0,0,0,1,1,0,0,0
3129,B1,2,1,4,3,0,0,0,0,0,0,0,0,0,0,1,1,0,0,0
3129,B2,2,0,4,11,0,0,0,0,0,0,0,0,0,0,1,1,0,0,0
3129,C1,20,4,1,0,0,0,0,0,0,0,0,0,0,0,1,2,0,0,0
3150,A1,3,9,0,1,0,0,0,0,0,0,0,0,0,0,1,2,1,3,2
3150,B0,0,2,19,3,0,0,0,0,0,0,0,0,0,0,1,1,0,0,0
3150,B1,2,1,1,1,0,0,0,0,0,0,0,0,0,0,1,2,0,0,0
3150,B2,3,0,2,12,0,0,0,0,0,0,0,0,0,0,1,1,0,0,0
3150,C1,20,4,2,0,0,0,0,0,0,0,0,0,0,0,1,2,0,0,0
3171,A1,1,7,0,3,0,0,0,0,0,0,0,0,0,1,0,2,1,3,2
3171,B0,0,1,20,4,0,0,0,0,0,0,0,0,0,1,0,1,0,0,0
3171,B1,2,1,1,1,0,0,0,0,0,0,0,0,0,1,0,2,0,0,0
3171,B2,3,0,2,10,0,0,0,0,0,0,0,0,0,1,0,1,0,0,0
3171,C1,19,2,2,0,0,0,0,0,0,0,0,0,0,1,0,2,0,0,0
3192,A1,2,4,0,5,0,0,0,0,0,0,0,0,0,1,0,2,1,3,2
3192,B0,0,2,20,4,0,0,0,0,0,0,0,0,0,1,0,1,0,0,0
3192,B1,1,1,2,3,0,0,0,0,0,0,0,0,0,1,0,1,0,0,0
3192,B2,1,0,4,11,0,0,0,0,0,0,0,0,0,1,0,1,0,0,0
3192,C1,19,3,4,0,0,0,0,0,0,0,0,0,0,1,0,2,0,0,0
3213,A1,4,4,0,1,0,0,0,0,0,0,0,0,0,0,1,2,1,3,2
3213,B0,0,3,20,1,0,0,0,0,0,0,0,0,0,0,1,1,0,0,0
3213,B1,1,1,3,4,0,0,0,0,0,0,0,0,0,0,1,1,0,0,0
3213,B2,1,0,2,14,0,0,0,0,0,0,0,0,0,0,1,1,0,0,0
3213,C1,19,1,1,0,0,0,0,0,0,0,0,0,0,0,1,2,0,0,0
3234,A1,4,4,0,1,0,0,0,0,0,0,0,0,0,0,1,2,1,3,2
3234,B0,0,4,21,1,0,0,0,0,0,0,0,0,0,0,1,1,0,0,0
3234,B1,2,2,1,1,0,0,0,0,0,0,0,0,0,0,1,2,0,0,0
3234,B2,2,0,1,11,0,0,0,0,0,0,0,0,0,0,1,1,0,0,0
3234,C1,20,2,2,0,0,0,0,0,0,0,0,0,0,0,1,2,0,0,0
3255,A1,4,6,0,2,0,0,0,0,0,0,0,0,0,1,0,2,1,3,2
3255,B0,0,2,20,2,0,0,0,0,0,0,0,0,0,1,0,1,0,0,0
3255,B1,2,1,1,1,0,0,0,0,0,0,0,0,0,1,0,2,0,0,0
3255,B2,2,0,1,11,0,0,0,0,0,0,0,0,0,1,0,1,0,0,0
3255,C1,20,1,2,0,0,0,0,0,0,0,0,0,0,1,0,2,0,0,0
3276,A1,2,6,0,2,0,0,0,0,0,0,0,0,0,1,0,2,1,3,2
3276,B0,0,2,20,3,0,0,0,0,0,0,0,0,0,1,0,1,0,0,0
3276,B1,1,1,3,1,0,0,0,0,0,0,0,0,0,1,0,1,0,0,0
3276,B2,1,0,2,11,0,0,0,0,0,0,0,0,0,1,0,1,0,0,0
3276,C1,20,2,4,0,0,0,0,0,0,0,0,0,0,1,0,2,0,0,0
3297,A1,2,9,0,1,0,0,0,0,0,0,0,0,0,0,1,2,1,3,2
3297,B0,0,3,20,1,0,0,0,0,0,0,0,0,0,0,1,1,0,0,0
3297,B1,1,1,2,3,0,0,0,0,0,0,0,0,0,0,1,1,0,0,0
3297,B2,1,0,1,11,0,0,0,0,0,0,0,0,0,0,1,1,0,0,0
3297,C1,20,1,1,0,0,0,0,0,0,0,0,0,0,0,1,2,0,0,0
3318,A1,2,9,0,2,0,0,0,0,0,0,0,0,0,0,1,2,1,3,2
3318,B0,0,3,19,1,0,0,0,0,0,0,0,0,0,0,1,1,0,0,0
3318,B1,1,1,1,1,0,0,0,0,0,0,0,0,0,0,1,1,0,0,0
3318,B2,3,0,1,11,0,0,0,0,0,0,0,0,0,0,1,1,0,0,0
3318,C1,20,3,2,0,0,0,0,0,0,0,0,0,0,0,1,2,0,0,0
3339,A1,1,10,0,1,0,0,0,0,0,0,0,0,0,1,0,2,1,3,2
3339,B0,0,3,19,3,0,0,0,0,0,0,0,0,0,1,0,1,0,0,0
3339,B1,4,2,1,1,0,0,0,0,0,0,0,0,0,1,0,2,0,0,0
3339,B2,1,0,2,10,0,0,0,0,0,0,0,0,0,1,0,1,0,0,0
3339,C1,20,5,2,0,0,0,0,0,0,0,0,0,0,1,0,2,0,0,0
3360,A1,1,7,0,4,0,0,0,0,0,0,0,0,0,1,0,2,1,3,2
3360,B0,0,4,20,3,0,0,0,0,0,0,0,0,0,1,0,1,0,0,0
3360,B1,1,1,2,1,0,0,0,0,0,0,0,0,0,1,0,1,0,0,0
3360,B2,1,0,4,12,0,0,0,0,0,0,0,0,0,1,0,1,0,0,0
3360,C1,17,1,1,0,0,0,0,0,0,0,0,0,0,1,0,2,0,0,0
3381,A1,3,7,0,3,0,0,0,0,0,0,0,0,0,0,1,2,1,3,2
3381,B0,0,5,20,2,0,0,0,0,0,0,0,0,0,0,1,1,0,0,0
3381,B1,1,1,4,4,0,0,0,0,0,0,0,0,0,0,1,1,0,0,0
3381,B2,2,0,2,13,0,0,0,0,0,0,0,0,0,0,1,1,0,0,0
3381,C1,18,1,1,0,0,0,0,0,0,0,0,0,0,0,1,2,0,0,0
3402,A1,1,8,0,1,0,0,0,0,0,0,0,0,0,0,1,2,1,3,2
3402,B0,0,5,17,1,0,0,0,0,0,0,0,0,0,0,1,1,0,0,0
3402,B1,2,2,1,3,0,0,0,0,0,0,0,0,0,0,1,1,0,0,0
3402,B2,4,0,1,12,0,0,0,0,0,0,0,0,0,0,1,1,0,0,0
3402,C1,20,4,1,0,0,0,0,0,0,0,0,0,0,0,1,2,0,0,0
3423,A1,1,8,0,1,0,0,0,0,0,0,0,0,0,1,0,2,1,3,2
3423,B0,0,5,12,2,0,0,0,0,0,0,0,0,0,1,0,1,0,0,0
3423,B1,5,1,1,1,0,0,0,0,0,0,0,0,0,1,0,2,0,0,0
3423,B2,7,0,1,10,0,0,0,0,0,0,0,0,0,1,0,1,0,0,0
3423,C1,20,3,3,0,0,0,0,0,0,0,0,0,0,1,0,2,0,0,0
3444,A1,1,7,0,1,0,0,0,0,0,0,0,0,0,1,0,2,1,3,2
3444,B0,0,2,20,2,0,0,0,0,0,0,0,0,0,1,0,1,0,0,0
3444,B1,4,3,1,1,0,0,0,0,0,0,0,0,0,1,0,2,0,0,0
3444,B2,1,0,2,11,0,0,0,0,0,0,0,0,0,1,0,1,0,0,0
3444,C1,18,2,3,0,0,0,0,0,0,0,0,0,0,1,0,2,0,0,0
3465,A1,1,7,0,2,0,0,0,0,0,0,0,0,0,1,0,2,1,3,2
3465,B0,0,1,20,4,0,0,0,0,0,0,0,0,0,1,0,1,0,0,0
3465,B1,1,1,1,3,0,0,0,0,0,0,0,0,0,1,0,1,0,0,0
3465,B2,1,0,4,11,0,0,0,0,0,0,0,0,0,1,0,1,0,0,0
3465,C1,18,2,4,0,0,0,0,0,0,0,0,0,0,1,0,2,0,0,0
3486,A1,1,10,0,2,0,0,0,0,0,0,0,0,0,0,1,2,1,3,2
3486,B0,0,1,19,1,0,0,0,0,0,0,0,0,0,0,1,1,0,0,0
3486,B1,1,1,1,1,0,0,0,0,0,0,0,0,0,0,1,1,0,0,0
3486,B2,3,0,1,10,0,0,0,0,0,0,0,0,0,0,1,1,0,0,0
3486,C1,19,3,1,0,0,0,0,0,0,0,0,0,0,0,1,2,0,0,0
3507,A1,4,10,0,1,0,0,0,0,0,0,0,0,0,0,1,2,1,3,2
3507,B0,0,4,20,1,0,0,0,0,0,0,0,0,0,0,1,1,0,0,0
3507,B1,1,5,1,1,0,0,0,0,0,0,0,0,0,0,1,2,0,0,0
3507,B2,6,0,1,7,0,0,0,0,0,0,0,0,0,0,1,1,0,0,0
3507,C1,20,5,1,0,0,0,0,0,0,0,0,0,0,0,1,2,0,0,0
3528,A1,1,12,0,1,0,0,0,0,0,0,0,0,0,1,0,2,1,3,2
3528,B0,0,1,19,2,0,0,0,0,0,0,0,0,0,1,0,1,0,0,0
3528,B1,1,1,1,1,0,0,0,0,0,0,0,0,0,1,0,1,0,0,0
3528,B2,2,0,1,10,0,0,0,0,0,0,0,0,0,1,0,1,0,0,0
3528,C1,20,1,2,0,0,0,0,0,0,0,0,0,0,1,0,2,0,0,0
3549,A1,1,9,0,2,0,0,0,0,0,0,0,0,0,1,0,2,1,3,2
3549,B0,0,3,20,7,0,0,0,0,0,0,0,0,0,1,0,1,0,0,0
3549,B1,1,1,1,2,0,0,0,0,0,0,0,0,0,1,0,1,0,0,0
3549,B2,1,0,3,10,0,0,0,0,0,0,0,0,0,1,0,1,0,0,0
3549,C1,19,2,5,0,0,0,0,0,0,0,0,0,0,1,0,2,0,0,0
3570,A1,3,10,0,1,0,0,0,0,0,0,0,0,0,0,1,2,1,3,2
3570,B0,0,2,20,4,0,0,0,0,0,0,0,0,0,0,1,1,0,0,0
3570,B1,1,1,2,1,0,0,0,0,0,0,0,0,0,0,1,1,0,0,0
3570,B2,1,0,1,11,0,0,0,0,0,0,0,0,0,0,1,1,0,0,0
3570,C1,19,2,2,0,0,0,0,0,0,0,0,0,0,0,1,2,0,0,0
3591,A1,3,13,0,2,0,0,0,0,0,0,0,0,0,0,1,2,1,3,2
3591,B0,0,5,21,2,0,0,0,0,0,0,0,0,0,0,1,1,0,0,0
3591,B1,2,1,1,1,0,0,0,0,0,0,0,0,0,0,1,2,0,0,0
3591,B2,1,0,1,8,0,0,0,0,0,0,0,0,0,0,1,1,0,0,0
3591,C1,20,3,1,0,0,0,0,0,0,0,0,0,0,0,1,2,0,0,0
3612,A1,1,11,0,1,0,0,0,0,0,0,0,0,0,1,0,2,1,3,2
3612,B0,0,3,20,1,0,0,0,0,0,0,0,0,0,1,0,1,0,0,0
3612,B1,2,2,1,1,0,0,0,0,0,0,0,0,0,1,0,2,0,0,0
3612,B2,1,0,1,8,0,0,0,0,0,0,0,0,0,1,0,1,0,0,0
3612,C1,21,1,1,0,0,0,0,0,0,0,0,0,0,1,0,2,0,0,0
3633,A1,1,10,0,2,0,0,0,0,0,0,0,0,0,1,0,2,1,3,2
3633,B0,0,4,20,2,0,0,0,0,0,0,0,0,0,1,0,1,0,0,0
3633,B1,1,1,2,1,0,0,0,0,0,0,0,0,0,1,0,1,0,0,0
3633,B2,3,0,2,8,0,0,0,0,0,0,0,0,0,1,0,1,0,0,0
3633,C1,19,1,2,0,0,0,0,0,0,0,0,0,0,1,0,2,0,0,0
3654,A1,2,8,0,1,0,0,0,0,0,0,0,0,0,0,1,2,1,3,2
3654,B0,0,3,20,1,0,0,0,0,0,0,0,0,0,0,1,1,0,0,0
3654,B1,1,1,3,1,0,0,0,0,0,0,0,0,0,0,1,1,0,0,0
3654,B2,3,0,2,7,0,0,0,0,0,0,0,0,0,0,1,1,0,0,0
3654,C1,20,2,1,0,0,0,0,0,0,0,0,0,0,0,1,2,0,0,0
3675,A1,4,8,0,1,0,0,0,0,0,0,0,0,0,0,1,2,1,3,2
3675,B0,0,4,17,1,0,0,0,0,0,0,0,0,0,0,1,1,0,0,0
3675,B1,1,5,1,1,0,0,0,0,0,0,0,0,0,0,1,2,0,0,0
3675,B2,4,0,1,4,0,0,0,0,0,0,0,0,0,0,1,1,0,0,0
3675,C1,20,2,3,0,0,0,0,0,0,0,0,0,0,0,1,2,0,0,0
3696,A1,2,9,0,2,0,0,0,0,0,0,0,0,0,1,0,2,1,3,2
3696,B0,0,5,18,1,0,0,0,0,0,0,0,0,0,1,0,1,0,0,0
3696,B1,4,5,1,1,0,0,0,0,0,0,0,0,0,1,0,2,0,0,0
3696,B2,3,0,3,1,0,0,0,0,0,0,0,0,0,1,0,1,0,0,0
3696,C1,20,4,4,0,0,0,0,0,0,0,0,0,0,1,0,2,0,0,0
3717,A1,1,5,0,2,0,0,0,0,0,0,0,0,0,1,0,2,1,3,2
3717,B0,0,6,20,4,0,0,0,0,0,0,0,0,0,1,0,1,0,0,0
3717,B1,2,2,1,1,0,0,0,0,0,0,0,0,0,1,0,2,0,0,0
3717,B2,1,0,2,2,0,0,0,0,0,0,0,0,0,1,0,1,0,0,0
3717,C1,21,1,6,0,0,0,0,0,0,0,0,0,0,1,0,2,0,0,0
3738,A1,2,3,0,2,0,0,0,0,0,0,0,0,0,0,1,2,1,3,2
3738,B0,0,7,20,4,0,0,0,0,0,0,0,0,0,0,1,1,0,0,0
3738,B1,1,1,5,1,0,0,0,0,0,0,0,0,0,0,1,1,0,0,0
3738,B2,1,0,2,2,0,0,0,0,0,0,0,0,0,0,1,1,0,0,0
3738,C1,17,1,10,0,0,0,0,0,0,0,0,0,0,0,1,2,0,0,0
3759,A1,3,5,0,1,0,0,0,0,0,0,0,0,0,0,1,2,1,3,2
3759,B0,0,8,20,1,0,0,0,0,0,0,0,0,0,0,1,1,0,0,0
3759,B1,1,1,3,2,0,0,0,0,0,0,0,0,0,0,1,1,0,0,0
3759,B2,3,0,1,1,0,0,0,0,0,0,0,0,0,0,1,2,0,0,0
3759,C1,20,4,4,0,0,0,0,0,0,0,0,0,0,0,1,2,0,0,0
3780,A1,2,5,0,1,0,0,0,0,0,0,0,0,0,0,1,2,1,3,2
3780,B0,0,8,18,1,0,0,0,0,0,0,0,0,0,0,1,1,0,0,0
3780,B1,1,2,1,1,0,0,0,0,0,0,0,0,0,0,1,2,0,0,0
3780,B2,5,0,1,3,0,0,0,0,0,0,0,0,0,0,1,1,0,0,0
3780,C1,20,5,3,0,0,0,0,0,0,0,0,0,0,0,1,2,0,0,0
3801,A1,2,1,0,1,0,0,0,0,0,0,0,0,0,1,0,2,1,3,2
3801,B0,0,9,20,4,0,0,0,0,0,0,0,0,0,1,0,1,0,0,0
3801,B1,2,1,1,1,0,0,0,0,0,0,0,0,0,1,0,2,0,0,0
3801,B2,1,0,2,5,0,0,0,0,0,0,0,0,0,1,0,1,0,0,0
3801,C1,20,2,4,0,0,0,0,0,0,0,0,0,0,1,0,2,0,0,0
3822,A1,1,1,0,2,0,0,0,0,0,0,0,0,0,1,0,1,1,3,2
3822,B0,0,5,20,5,0,0,0,0,0,0,0,0,0,1,0,1,0,0,0
3822,B1,1,1,4,2,0,0,0,0,0,0,0,0,0,1,0,1,0,0,0
3822,B2,1,0,2,8,0,0,0,0,0,0,0,0,0,1,0,1,0,0,0
3822,C1,18,1,6,0,0,0,0,0,0,0,0,0,0,1,0,2,0,0,0
3843,A1,3,1,0,1,0,0,0,0,0,0,0,0,0,0,1,2,1,3,2
3843,B0,0,5,19,2,0,0,0,0,0,0,0,0,0,0,1,1,0,0,0
3843,B1,1,1,1,3,0,0,0,0,0,0,0,0,0,0,1,1,0,0,0
3843,B2,1,0,1,5,0,0,0,0,0,0,0,0,0,0,1,1,0,0,0
3843,C1,20,2,1,0,0,0,0,0,0,0,0,0,0,0,1,2,0,0,0
3864,A1,5,2,0,1,0,0,0,0,0,0,0,0,0,0,1,2,1,3,2
3864,B0,0,6,20,1,0,0,0,0,0,0,0,0,0,0,1,1,0,0,0
3864,B1,2,3,1,1,0,0,0,0,0,0,0,0,0,0,1,2,0,0,0
3864,B2,2,0,2,4,0,0,0,0,0,0,0,0,0,0,1,1,0,0,0
3864,C1,20,2,2,0,0,0,0,0,0,0,0,0,0,0,1,2,0,0,0
3885,A1,1,3,0,2,0,0,0,0,0,0,0,0,0,1,0,2,1,3,2
3885,B0,0,3,20,1,0,0,0,0,0,0,0,0,0,1,0,1,0,0,0
3885,B1,1,3,1,1,0,0,0,0,0,0,0,0,0,1,0,2,0,0,0
3885,B2,1,0,2,6,0,0,0,0,0,0,0,0,0,1,0,1,0,0,0
3885,C1,20,4,1,0,0,0,0,0,0,0,0,0,0,1,0,2,0,0,0
3906,A1,2,3,0,4,0,0,0,0,0,0,0,0,0,1,0,2,1,3,2
3906,B0,0,1,20,3,0,0,0,0,0,0,0,0,0,1,0,1,0,0,0
3906,B1,1,1,3,1,0,0,0,0,0,0,0,0,0,1,0,1,0,0,0
3906,B2,1,0,3,8,0,0,0,0,0,0,0,0,0,1,0,1,0,0,0
3906,C1,19,1,1,0,0,0,0,0,0,0,0,0,0,1,0,2,0,0,0
3927,A1,4,1,0,1,0,0,0,0,0,0,0,0,0,0,1,2,1,3,2
3927,B0,0,1,20,2,0,0,0,0,0,0,0,0,0,0,1,1,0,0,0
3927,B1,1,1,6,2,0,0,0,0,0,0,0,0,0,0,1,1,0,0,0
3927,B2,1,0,2,5,0,0,0,0,0,0,0,0,0,0,1,1,0,0,0
3927,C1,18,3,2,0,0,0,0,0,0,0,0,0,0,0,1,2,0,0,0
3948,A1,4,2,0,4,0,0,0,0,0,0,0,0,0,0,1,2,1,3,2
3948,B0,0,3,17,2,0,0,0,0,0,0,0,0,0,0,1,1,0,0,0
3948,B1,1,1,3,2,0,0,0,0,0,0,0,0,0,0,1,1,0,0,0
3948,B2,1,0,2,7,0,0,0,0,0,0,0,0,0,0,1,1,0,0,0
3948,C1,20,1,3,0,0,0,0,0,0,0,0,0,0,0,1,2,0,0,0
3969,A1,2,2,0,2,0,0,0,0,0,0,0,0,0,1,0,2,1,3,2
3969,B0,0,1,19,2,0,0,0,0,0,0,0,0,0,1,0,1,0,0,0
3969,B1,2,1,1,1,0,0,0,0,0,0,0,0,0,1,0,2,0,0,0
3969,B2,2,0,2,6,0,0,0,0,0,0,0,0,0,1,0,1,0,0,0
3969,C1,20,2,2,0,0,0,0,0,0,0,0,0,0,1,0,2,0,0,0
3990,A1,2,2,0,3,0,0,0,0,0,0,0,0,0,1,0,2,1,3,2
3990,B0,0,1,20,3,0,0,0,0,0,0,0,0,0,1,0,1,0,0,0
3990,B1,1,1,1,1,0,0,0,0,0,0,0,0,0,1,0,1,0,0,0
3990,B2,2,0,3,5,0,0,0,0,0,0,0,0,0,1,0,1,0,0,0
3990,C1,20,1,3,0,0,0,0,0,0,0,0,0,0,1,0,2,0,0,0
4011,A1,2,4,0,4,0,0,0,0,0,0,0,0,0,0,1,2,1,3,2
4011,B0,0,1,20,2,0,0,0,0,0,0,0,0,0,0,1,1,0,0,0
4011,B1,1,1,1,2,0,0,0,0,0,0,0,0,0,0,1,1,0,0,0
4011,B2,1,0,1,4,0,0,0,0,0,0,0,0,0,0,1,1,0,0,0
4011,C1,19,1,5,0,0,0,0,0,0,0,0,0,0,0,1,2,0,0,0
4032,A1,2,5,0,1,0,0,0,0,0,0,0,0,0,0,1,2,1,3,2
4032,B0,0,1,18,2,0,0,0,0,0,0,0,0,0,0,1,1,0,0,0
4032,B1,1,1,1,2,0,0,0,0,0,0,0,0,0,0,1,1,0,0,0
4032,B2,1,0,2,5,0,0,0,0,0,0,0,0,0,0,1,1,0,0,0
4032,C1,20,1,1,0,0,0,0,0,0,0,0,0,0,0,1,2,0,0,0
4053,A1,3,6,0,1,0,0,0,0,0,0,0,0,0,1,0,2,1,3,2
4053,B0,0,1,20,1,0,0,0,0,0,0,0,0,0,1,0,1,0,0,0
4053,B1,3,2,1,1,0,0,0,0,0,0,0,0,0,1,0,2,0,0,0
4053,B2,1,0,2,4,0,0,0,0,0,0,0,0,0,1,0,1,0,0,0
4053,C1,20,2,1,0,0,0,0,0,0,0,0,0,0,1,0,2,0,0,0
4074,A1,1,9,0,1,0,0,0,0,0,0,0,0,0,1,0,2,1,3,2
4074,B0,0,2,20,5,0,0,0,0,0,0,0,0,0,1,0,1,0,0,0
4074,B1,2,3,1,1,0,0,0,0,0,0,0,0,0,1,0,2,0,0,0
4074,B2,2,0,4,5,0,0,0,0,0,0,0,0,0,1,0,1,0,0,0
4074,C1,18,3,1,0,0,0,0,0,0,0,0,0,0,1,0,2,0,0,0
4095,A1,4,9,0,4,0,0,0,0,0,0,0,0,0,1,0,2,1,3,2
4095,B0,0,1,20,6,0,0,0,0,0,0,0,0,0,1,0,1,0,0,0
4095,B1,1,1,3,4,0,0,0,0,0,0,0,0,0,1,0,1,0,0,0
4095,B2,1,0,6,5,0,0,0,0,0,0,0,0,0,1,0,1,0,0,0
4095,C1,16,1,4,0,0,0,0,0,0,0,0,0,0,1,0,2,0,0,0
4116,A1,1,9,0,2,0,0,0,0,0,0,0,0,0,0,1,2,1,3,2
4116,B0,0,2,20,1,0,0,0,0,0,0,0,0,0,0,1,1,0,0,0
4116,B1,1,1,4,4,0,0,0,0,0,0,0,0,0,0,1,1,0,0,0
4116,B2,2,0,1,7,0,0,0,0,0,0,0,0,0,0,1,1,0,0,0
4116,C1,20,2,1,0,0,0,0,0,0,0,0,0,0,0,1,2,0,0,0
4137,A1,1,9,0,3,0,0,0,0,0,0,0,0,0,0,1,2,1,3,2
4137,B0,0,4,20,1,0,0,0,0,0,0,0,0,0,0,1,1,0,0,0
4137,B1,1,1,1,1,0,0,0,0,0,0,0,0,0,0,1,1,0,0,0
4137,B2,5,0,1,8,0,0,0,0,0,0,0,0,0,0,1,1,0,0,0
4137,C1,20,3,1,0,0,0,0,0,0,0,0,0,0,0,1,2,0,0,0
4158,A1,2,8,0,3,0,0,0,0,0,0,0,0,0,1,0,2,1,3,2
4158,B0,0,2,19,2,0,0,0,0,0,0,0,0,0,1,0,1,0,0,0
4158,B1,1,1,1,1,0,0,0,0,0,0,0,0,0,1,0,1,0,0,0
4158,B2,1,0,2,9,0,0,0,0,0,0,0,0,0,1,0,1,0,0,0
4158,C1,20,1,1,0,0,0,0,0,0,0,0,0,0,1,0,2,0,0,0
4179,A1,3,9,0,5,0,0,0,0,0,0,0,0,0,1,0,2,1,3,2
4179,B0,0,2,20,1,0,0,0,0,0,0,0,0,0,1,0,1,0,0,0
4179,B1,1,1,5,2,0,0,0,0,0,0,0,0,0,1,0,1,0,0,0
4179,B2,1,0,3,8,0,0,0,0,0,0,0,0,0,1,0,1,0,0,0
4179,C1,20,2,2,0,0,0,0,0,0,0,0,0,0,1,0,2,0,0,0
4200,A1,3,8,0,1,0,0,0,0,0,0,0,0,0,0,1,2,1,3,2
4200,B0,0,3,16,1,0,0,0,0,0,0,0,0,0,0,1,1,0,0,0
4200,B1,1,1,3,1,0,0,0,0,0,0,0,0,0,0,1,1,0,0,0
4200,B2,1,0,1,8,0,0,0,0,0,0,0,0,0,0,1,1,0,0,0
4200,C1,19,5,2,0,0,0,0,0,0,0,0,0,0,0,1,2,0,0,0
4221,A1,6,9,0,1,0,0,0,0,0,0,0,0,0,0,1,2,1,3,2
4221,B0,0,4,18,3,0,0,0,0,0,0,0,0,0,0,1,1,0,0,0
4221,B1,2,2,1,1,0,0,0,0,0,0,0,0,0,0,1,2,0,0,0
4221,B2,1,0,2,6,0,0,0,0,0,0,0,0,0,0,1,1,0,0,0
4221,C1,20,7,2,0,0,0,0,0,0,0,0,0,0,0,1,2,0,0,0
4242,A1,2,11,0,2,0,0,0,0,0,0,0,0,0,1,0,2,1,3,2
4242,B0,0,2,19,2,0,0,0,0,0,0,0,0,0,1,0,1,0,0,0
4242,B1,3,3,1,1,0,0,0,0,0,0,0,0,0,1,0,2,0,0,0
4242,B2,1,0,2,7,0,0,0,0,0,0,0,0,0,1,0,1,0,0,0
4242,C1,20,5,1,0,0,0,0,0,0,0,0,0,0,1,0,2,0,0,0
4263,A1,3,4,0,5,0,0,0,0,0,0,0,0,0,1,0,2,1,3,2
4263,B0,0,1,20,3,0,0,0,0,0,0,0,0,0,1,0,1,0,0,0
4263,B1,1,1,1,1,0,0,0,0,0,0,0,0,0,1,0,1,0,0,0
4263,B2,2,0,4,7,0,0,0,0,0,0,0,0,0,1,0,1,0,0,0
4263,C1,18,2,3,0,0,0,0,0,0,0,0,0,0,1,0,2,0,0,0
4284,A1,2,5,0,1,0,0,0,0,0,0,0,0,0,0,1,2,1,3,2
4284,B0,0,3,20,1,0,0,0,0,0,0,0,0,0,0,1,1,0,0,0
4284,B1,1,1,6,2,0,0,0,0,0,0,0,0,0,0,1,1,0,0,0
4284,B2,2,0,1,9,0,0,0,0,0,0,0,0,0,0,1,1,0,0,0
4284,C1,19,1,2,0,0,0,0,0,0,0,0,0,0,0,1,2,0,0,0
4305,A1,3,5,0,1,0,0,0,0,0,0,0,0,0,0,1,2,1,3,2
4305,B0,0,4,19,2,0,0,0,0,0,0,0,0,0,0,1,1,0,0,0
4305,B1,1,2,5,1,0,0,0,0,0,0,0,0,0,0,1,1,0,0,0
4305,B2,3,0,4,5,0,0,0,0,0,0,0,0,0,0,1,1,0,0,0
4305,C1,20,2,1,0,0,0,0,0,0,0,0,0,0,0,1,2,0,0,0
4326,A1,3,4,0,1,0,0,0,0,0,0,0,0,0,1,0,2,1,3,2
4326,B0,0,4,20,2,0,0,0,0,0,0,0,0,0,1,0,1,0,0,0
4326,B1,4,5,1,1,0,0,0,0,0,0,0,0,0,1,0,2,0,0,0
4326,B2,2,0,1,6,0,0,0,0,0,0,0,0,0,1,0,1,0,0,0
4326,C1,20,2,5,0,0,0,0,0,0,0,0,0,0,1,0,2,0,0,0
4347,A1,2,7,0,1,0,0,0,0,0,0,0,0,0,1,0,2,1,3,2
4347,B0,0,3,20,3,0,0,0,0,0,0,0,0,0,1,0,1,0,0,0
4347,B1,1,4,1,1,0,0,0,0,0,0,0,0,0,1,0,2,0,0,0
4347,B2,1,0,3,5,0,0,0,0,0,0,0,0,0,1,0,1,0,0,0
4347,C1,18,3,5,0,0,0,0,0,0,0,0,0,0,1,0,2,0,0,0
4368,A1,4,4,0,4,0,0,0,0,0,0,0,0,0,0,1,2,1,3,2
4368,B0,0,1,20,2,0,0,0,0,0,0,0,0,0,0,1,1,0,0,0
4368,B1,1,1,2,2,0,0,0,0,0,0,0,0,0,0,1,1,0,0,0
4368,B2,2,0,3,5,0,0,0,0,0,0,0,0,0,0,1,1,0,0,0
4368,C1,18,4,6,0,0,0,0,0,0,0,0,0,0,0,1,2,0,0,0
4389,A1,1,5,0,1,0,0,0,0,0,0,0,0,0,0,1,2,1,3,2
4389,B0,0,2,18,1,0,0,0,0,0,0,0,0,0,0,1,1,0,0,0
4389,B1,1,1,1,2,0,0,0,0,0,0,0,0,0,0,1,1,0,0,0
4389,B2,2,0,2,5,0,0,0,0,0,0,0,0,0,0,1,1,0,0,0
4389,C1,20,3,2,0,0,0,0,0,0,0,0,0,0,0,1,2,0,0,0
4410,A1,3,7,0,1,0,0,0,0,0,0,0,0,0,0,1,2,1,3,2
4410,B0,0,4,19,2,0,0,0,0,0,0,0,0,0,0,1,1,0,0,0
4410,B1,4,3,1,1,0,0,0,0,0,0,0,0,0,0,1,2,0,0,0
4410,B2,4,0,2,4,0,0,0,0,0,0,0,0,0,0,1,1,0,0,0
4410,C1,20,4,1,0,0,0,0,0,0,0,0,0,0,0,1,2,0,0,0
4431,A1,4,7,0,2,0,0,0,0,0,0,0,0,0,1,0,2,1,3,2
4431,B0,0,1,20,1,0,0,0,0,0,0,0,0,0,1,0,1,0,0,0
4431,B1,2,1,1,1,0,0,0,0,0,0,0,0,0,1,0,2,0,0,0
4431,B2,2,0,3,7,0,0,0,0,0,0,0,0,0,1,0,1,0,0,0
4431,C1,20,1,1,0,0,0,0,0,0,0,0,0,0,1,0,2,0,0,0
4452,A1,2,4,0,3,0,0,0,0,0,0,0,0,0,1,0,2,1,3,2
4452,B0,0,2,20,5,0,0,0,0,0,0,0,0,0,1,0,1,0,0,0
4452,B1,1,1,2,2,0,0,0,0,0,0,0,0,0,1,0,1,0,0,0
4452,B2,1,0,4,8,0,0,0,0,0,0,0,0,0,1,0,1,0,0,0
4452,C1,18,1,5,0,0,0,0,0,0,0,0,0,0,1,0,2,0,0,0
4473,A1,1,4,0,2,0,0,0,0,0,0,0,0,0,0,1,2,1,3,2
4473,B0,0,3,20,1,0,0,0,0,0,0,0,0,0,0,1,1,0,0,0
4473,B1,1,1,3,2,0,0,0,0,0,0,0,0,0,0,1,1,0,0,0
4473,B2,1,0,2,7,0,0,0,0,0,0,0,0,0,0,1,1,0,0,0
4473,C1,19,2,1,0,0,0,0,0,0,0,0,0,0,0,1,2,0,0,0
4494,A1,2,4,0,1,0,0,0,0,0,0,0,0,0,0,1,2,1,3,2
4494,B0,0,4,21,1,0,0,0,0,0,0,0,0,0,0,1,1,0,0,0
4494,B1,4,2,1,1,0,0,0,0,0,0,0,0,0,0,1,2,0,0,0
4494,B2,2,0,1,4,0,0,0,0,0,0,0,0,0,0,1,1,0,0,0
4494,C1,20,5,3,0,0,0,0,0,0,0,0,0,0,0,1,2,0,0,0
4515,A1,4,2,0,3,0,0,0,0,0,0,0,0,0,1,0,2,1,3,2
4515,B0,0,1,20,1,0,0,0,0,0,0,0,0,0,1,0,1,0,0,0
4515,B1,2,1,1,1,0,0,0,0,0,0,0,0,0,1,0,2,0,0,0
4515,B2,1,0,2,2,0,0,0,0,0,0,0,0,0,1,0,1,0,0,0
4515,C1,20,2,5,0,0,0,0,0,0,0,0,0,0,1,0,2,0,0,0
4536,A1,1,4,0,4,0,0,0,0,0,0,0,0,0,1,0,2,1,3,2
4536,B0,0,1,20,3,0,0,0,0,0,0,0,0,0,1,0,1,0,0,0
4536,B1,1,1,3,3,0,0,0,0,0,0,0,0,0,1,0,1,0,0,0
4536,B2,1,0,2,2,0,0,0,0,0,0,0,0,0,1,0,1,0,0,0
4536,C1,21,2,9,0,0,0,0,0,0,0,0,0,0,1,0,2,0,0,0
4557,A1,4,3,0,2,0,0,0,0,0,0,0,0,0,0,1,2,1,3,2
4557,B0,0,2,19,1,0,0,0,0,0,0,0,0,0,0,1,1,0,0,0
4557,B1,1,1,1,2,0,0,0,0,0,0,0,0,0,0,1,1,0,0,0
4557,B2,2,0,1,4,0,0,0,0,0,0,0,0,0,0,1,1,0,0,0
4557,C1,20,3,3,0,0,0,0,0,0,0,0,0,0,0,1,2,0,0,0
4578,A1,5,4,0,1,0,0,0,0,0,0,0,0,0,0,1,2,1,3,2
4578,B0,0,4,14,2,0,0,0,0,0,0,0,0,0,0,1,1,0,0,0
4578,B1,2,1,1,1,0,0,0,0,0,0,0,0,0,0,1,2,0,0,0
4578,B2,4,0,1,7,0,0,0,0,0,0,0,0,0,0,1,1,0,0,0
4578,C1,20,2,3,0,0,0,0,0,0,0,0,0,0,0,1,2,0,0,0
4599,A1,3,4,0,1,0,0,0,0,0,0,0,0,0,1,0,2,1,3,2
4599,B0,0,4,20,3,0,0,0,0,0,0,0,0,0,1,0,1,0,0,0
4599,B1,3,4,1,1,0,0,0,0,0,0,0,0,0,1,0,2,0,0,0
4599,B2,1,0,2,6,0,0,0,0,0,0,0,0,0,1,0,1,0,0,0
4599,C1,20,3,2,0,0,0,0,0,0,0,0,0,0,1,0,2,0,0,0
4620,A1,1,3,0,1,0,0,0,0,0,0,0,0,0,1,0,2,1,3,2
4620,B0,0,1,20,6,0,0,0,0,0,0,0,0,0,1,0,1,0,0,0
4620,B1,1,1,1,1,0,0,0,0,0,0,0,0,0,1,0,1,0,0,0
4620,B2,2,0,3,8,0,0,0,0,0,0,0,0,0,1,0,1,0,0,0
4620,C1,17,2,3,0,0,0,0,0,0,0,0,0,0,1,0,2,0,0,0
4641,A1,4,1,0,1,0,0,0,0,0,0,0,0,0,0,1,2,1,3,2
4641,B0,0,4,20,5,0,0,0,0,0,0,0,0,0,0,1,1,0,0,0
4641,B1,1,1,2,2,0,0,0,0,0,0,0,0,0,0,1,1,0,0,0
4641,B2,1,0,1,8,0,0,0,0,0,0,0,0,0,0,1,1,0,0,0
4641,C1,17,1,4,0,0,0,0,0,0,0,0,0,0,0,1,2,0,0,0
4662,A1,6,3,0,1,0,0,0,0,0,0,0,0,0,0,1,2,1,3,2
4662,B0,0,4,20,2,0,0,0,0,0,0,0,0,0,0,1,1,0,0,0
4662,B1,1,2,1,1,0,0,0,0,0,0,0,0,0,0,1,2,0,0,0
4662,B2,3,0,3,6,0,0,0,0,0,0,0,0,0,0,1,1,0,0,0
4662,C1,20,3,1,0,0,0,0,0,0,0,0,0,0,0,1,2,0,0,0
4683,A1,6,4,0,2,0,0,0,0,0,0,0,0,0,1,0,2,1,3,2
4683,B0,0,5,19,2,0,0,0,0,0,0,0,0,0,1,0,1,0,0,0
4683,B1,2,4,1,1,0,0,0,0,0,0,0,0,0,1,0,2,0,0,0
4683,B2,5,0,1,6,0,0,0,0,0,0,0,0,0,1,0,1,0,0,0
4683,C1,20,2,1,0,0,0,0,0,0,0,0,0,0,1,0,2,0,0,0
4704,A1,2,5,0,2,0,0,0,0,0,0,0,0,0,1,0,2,1,3,2
4704,B0,0,3,20,1,0,0,0,0,0,0,0,0,0,1,0,1,0,0,0
4704,B1,1,2,1,1,0,0,0,0,0,0,0,0,0,1,0,2,0,0,0
4704,B2,1,0,2,7,0,0,0,0,0,0,0,0,0,1,0,1,0,0,0
4704,C1,18,1,2,0,0,0,0,0,0,0,0,0,0,1,0,2,0,0,0
4725,A1,2,3,0,4,0,0,0,0,0,0,0,0,0,1,0,2,1,3,2
4725,B0,0,2,20,4,0,0,0,0,0,0,0,0,0,1,0,1,0,0,0
4725,B1,1,1,2,1,0,0,0,0,0,0,0,0,0,1,0,1,0,0,0
4725,B2,1,0,2,7,0,0,0,0,0,0,0,0,0,1,0,1,0,0,0
4725,C1,16,1,3,0,0,0,0,0,0,0,0,0,0,1,0,2,0,0,0
4746,A1,3,5,0,1,0,0,0,0,0,0,0,0,0,0,1,2,1,3,2
4746,B0,0,3,17,2,0,0,0,0,0,0,0,0,0,0,1,1,0,0,0
4746,B1,1,1,1,2,0,0,0,0,0,0,0,0,0,0,1,1,0,0,0
4746,B2,1,0,4,7,0,0,0,0,0,0,0,0,0,0,1,1,0,0,0
4746,C1,19,2,1,0,0,0,0,0,0,0,0,0,0,0,1,2,0,0,0
4767,A1,4,6,0,1,0,0,0,0,0,0,0,0,0,0,1,2,1,3,2
4767,B0,0,4,19,1,0,0,0,0,0,0,0,0,0,0,1,1,0,0,0
4767,B1,4,3,1,1,0,0,0,0,0,0,0,0,0,0,1,2,0,0,0
4767,B2,2,0,2,7,0,0,0,0,0,0,0,0,0,0,1,1,0,0,0
4767,C1,20,3,1,0,0,0,0,0,0,0,0,0,0,0,1,2,0,0,0
4788,A1,1,1,0,2,0,0,0,0,0,0,0,0,0,1,0,1,1,3,2
4788,B0,0,2,20,2,0,0,0,0,0,0,0,0,0,1,0,1,0,0,0
4788,B1,5,2,1,1,0,0,0,0,0,0,0,0,0,1,0,2,0,0,0
4788,B2,1,0,3,6,0,0,0,0,0,0,0,0,0,1,0,1,0,0,0
4788,C1,17,1,1,0,0,0,0,0,0,0,0,0,0,1,0,2,0,0,0
4809,A1,1,8,0,2,0,0,0,0,0,0,0,0,0,1,0,2,1,3,2
4809,B0,0,1,20,2,0,0,0,0,0,0,0,0,0,1,0,1,0,0,0
4809,B1,1,1,2,4,0,0,0,0,0,0,0,0,0,1,0,1,0,0,0
4809,B2,1,0,5,6,0,0,0,0,0,0,0,0,0,1,0,1,0,0,0
4809,C1,16,1,3,0,0,0,0,0,0,0,0,0,0,1,0,2,0,0,0
4830,A1,3,7,0,1,0,0,0,0,0,0,0,0,0,0,1,2,1,3,2
4830,B0,0,2,18,2,0,0,0,0,0,0,0,0,0,0,1,1,0,0,0
4830,B1,1,1,1,1,0,0,0,0,0,0,0,0,0,0,1,1,0,0,0
4830,B2,3,0,1,6,0,0,0,0,0,0,0,0,0,0,1,1,0,0,0
4830,C1,19,3,1,0,0,0,0,0,0,0,0,0,0,0,1,2,0,0,0
4851,A1,4,8,0,2,0,0,0,0,0,0,0,0,0,0,1,2,1,3,2
4851,B0,0,5,17,1,0,0,0,0,0,0,0,0,0,0,1,1,0,0,0
4851,B1,2,2,1,1,0,0,0,0,0,0,0,0,0,0,1,2,0,0,0
4851,B2,3,0,2,8,0,0,0,0,0,0,0,0,0,0,1,1,0,0,0
4851,C1,20,5,1,0,0,0,0,0,0,0,0,0,0,0,1,2,0,0,0
4872,A1,2,10,0,4,0,0,0,0,0,0,0,0,0,1,0,2,1,3,2
4872,B0,0,2,16,2,0,0,0,0,0,0,0,0,0,1,0,1,0,0,0
4872,B1,3,1,1,1,0,0,0,0,0,0,0,0,0,1,0,2,0,0,0
4872,B2,1,0,2,8,0,0,0,0,0,0,0,0,0,1,0,1,0,0,0
4872,C1,20,2,1,0,0,0,0,0,0,0,0,0,0,1,0,2,0,0,0
4893,A1,1,10,0,4,0,0,0,0,0,0,0,0,0,1,0,2,1,3,2
4893,B0,0,4,20,4,0,0,0,0,0,0,0,0,0,1,0,1,0,0,0
4893,B1,1,1,1,2,0,0,0,0,0,0,0,0,0,1,0,1,0,0,0
4893,B2,1,0,4,9,0,0,0,0,0,0,0,0,0,1,0,1,0,0,0
4893,C1,20,3,1,0,0,0,0,0,0,0,0,0,0,1,0,2,0,0,0
4914,A1,2,10,0,1,0,0,0,0,0,0,0,0,0,0,1,2,1,3,2
4914,B0,0,1,20,1,0,0,0,0,0,0,0,0,0,0,1,1,0,0,0
4914,B1,1,1,4,3,0,0,0,0,0,0,0,0,0,0,1,1,0,0,0
4914,B2,3,0,3,9,0,0,0,0,0,0,0,0,0,0,1,1,0,0,0
4914,C1,20,1,1,0,0,0,0,0,0,0,0,0,0,0,1,2,0,0,0
4935,A1,3,12,0,3,0,0,0,0,0,0,0,0,0,0,1,2,1,3,2
4935,B0,0,2,17,2,0,0,0,0,0,0,0,0,0,0,1,1,0,0,0
4935,B1,1,1,1,1,0,0,0,0,0,0,0,0,0,0,1,1,0,0,0
4935,B2,4,0,1,14,0,0,0,0,0,0,0,0,0,0,1,1,0,0,0
4935,C1,20,4,2,0,0,0,0,0,0,0,0,0,0,0,1,2,0,0,0
4956,A1,3,13,0,1,0,0,0,0,0,0,0,0,0,1,0,2,1,3,2
4956,B0,0,2,19,1,0,0,0,0,0,0,0,0,0,1,0,1,0,0,0
4956,B1,4,1,1,1,0,0,0,0,0,0,0,0,0,1,0,2,0,0,0
4956,B2,3,0,1,14,0,0,0,0,0,0,0,0,0,1,0,1,0,0,0
4956,C1,20,3,2,0,0,0,0,0,0,0,0,0,0,1,0,2,0,0,0
4977,A1,1,14,0,3,0,0,0,0,0,0,0,0,0,1,0,2,1,3,2
4977,B0,0,3,20,3,0,0,0,0,0,0,0,0,0,1,0,1,0,0,0
4977,B1,2,2,3,1,0,0,0,0,0,0,0,0,0,1,0,1,0,0,0
4977,B2,1,0,2,12,0,0,0,0,0,0,0,0,0,1,0,1,0,0,0
4977,C1,21,1,2,0,0,0,0,0,0,0,0,0,0,1,0,2,0,0,0
4998,A1,2,10,0,2,0,0,0,0,0,0,0,0,0,0,1,2,1,3,2
4998,B0,0,2,20,2,0,0,0,0,0,0,0,0,0,0,1,1,0,0,0
4998,B1,1,1,2,3,0,0,0,0,0,0,0,0,0,0,1,1,0,0,0
4998,B2,1,0,1,12,0,0,0,0,0,0,0,0,0,0,1,1,0,0,0
4998,C1,20,1,4,0,0,0,0,0,0,0,0,0,0,0,1,2,0,0,0
5019,A1,3,12,0,1,0,0,0,0,0,0,0,0,0,0,1,2,1,3,2
5019,B0,0,3,15,2,0,0,0,0,0,0,0,0,0,0,1,1,0,0,0
5019,B1,1,1,1,5,0,0,0,0,0,0,0,0,0,0,1,1,0,0,0
5019,B2,2,0,1,11,0,0,0,0,0,0,0,0,0,0,1,1,0,0,0
5019,C1,20,3,1,0,0,0,0,0,0,0,0,0,0,0,1,2,0,0,0
5040,A1,6,13,0,1,0,0,0,0,0,0,0,0,0,0,1,2,1,3,2
5040,B0,0,5,19,1,0,0,0,0,0,0,0,0,0,0,1,1,0,0,0
5040,B1,7,3,1,1,0,0,0,0,0,0,0,0,0,0,1,2,0,0,0
5040,B2,2,0,2,8,0,0,0,0,0,0,0,0,0,0,1,1,0,0,0
5040,C1,20,4,1,0,0,0,0,0,0,0,0,0,0,0,1,2,0,0,0
5061,A1,1,16,0,1,0,0,0,0,0,0,0,0,0,1,0,2,1,3,2
5061,B0,0,7,20,3,0,0,0,0,0,0,0,0,0,1,0,1,0,0,0
5061,B1,4,1,1,1,0,0,0,0,0,0,0,0,0,1,0,2,0,0,0
5061,B2,1,0,2,9,0,0,0,0,0,0,0,0,0,1,0,1,0,0,0
5061,C1,19,1,2,0,0,0,0,0,0,0,0,0,0,1,0,2,0,0,0
5082,A1,1,15,0,3,0,0,0,0,0,0,0,0,0,1,0,2,1,3,2
5082,B0,0,6,20,5,0,0,0,0,0,0,0,0,0,1,0,1,0,0,0
5082,B1,1,1,2,1,0,0,0,0,0,0,0,0,0,1,0,1,0,0,0
5082,B2,1,0,3,10,0,0,0,0,0,0,0,0,0,1,0,1,0,0,0
5082,C1,18,1,5,0,0,0,0,0,0,0,0,0,0,1,0,2,0,0,0
5103,A1,2,14,0,1,0,0,0,0,0,0,0,0,0,0,1,2,1,3,2
5103,B0,0,4,20,2,0,0,0,0,0,0,0,0,0,0,1,1,0,0,0
5103,B1,1,1,3,1,0,0,0,0,0,0,0,0,0,0,1,1,0,0,0
5103,B2,1,0,3,9,0,0,0,0,0,0,0,0,0,0,1,1,0,0,0
5103,C1,19,1,1,0,0,0,0,0,0,0,0,0,0,0,1,2,0,0,0
5124,A1,4,14,0,1,0,0,0,0,0,0,0,0,0,0,1,2,1,3,2
5124,B0,0,5,21,2,0,0,0,0,0,0,0,0,0,0,1,1,0,0,0
5124,B1,1,4,1,1,0,0,0,0,0,0,0,0,0,0,1,2,0,0,0
5124,B2,2,0,3,8,0,0,0,0,0,0,0,0,0,0,1,1,0,0,0
5124,C1,20,2,1,0,0,0,0,0,0,0,0,0,0,0,1,2,0,0,0
5145,A1,1,12,0,1,0,0,0,0,0,0,0,0,0,1,0,2,1,3,2
5145,B0,0,3,20,2,0,0,0,0,0,0,0,0,0,1,0,1,0,0,0
5145,B1,1,3,1,1,0,0,0,0,0,0,0,0,0,1,0,2,0,0,0
5145,B2,2,0,1,7,0,0,0,0,0,0,0,0,0,1,0,1,0,0,0
5145,C1,17,1,2,0,0,0,0,0,0,0,0,0,0,1,0,2,0,0,0
5166,A1,1,12,0,2,0,0,0,0,0,0,0,0,0,1,0,2,1,3,2
5166,B0,0,4,20,5,0,0,0,0,0,0,0,0,0,1,0,1,0,0,0
5166,B1,1,1,3,3,0,0,0,0,0,0,0,0,0,1,0,1,0,0,0
5166,B2,1,0,2,7,0,0,0,0,0,0,0,0,0,1,0,1,0,0,0
5166,C1,13,2,2,0,0,0,0,0,0,0,0,0,0,1,0,2,0,0,0
5187,A1,2,11,0,1,0,0,0,0,0,0,0,0,0,0,1,2,1,3,2
5187,B0,0,4,20,1,0,0,0,0,0,0,0,0,0,0,1,1,0,0,0
5187,B1,1,1,6,1,0,0,0,0,0,0,0,0,0,0,1,1,0,0,0
5187,B2,1,0,3,9,0,0,0,0,0,0,0,0,0,0,1,1,0,0,0
5187,C1,18,2,1,0,0,0,0,0,0,0,0,0,0,0,1,2,0,0,0
5208,A1,4,11,0,2,0,0,0,0,0,0,0,0,0,0,1,2,1,3,2
5208,B0,0,8,19,2,0,0,0,0,0,0,0,0,0,0,1,1,0,0,0
5208,B1,1,1,4,1,0,0,0,0,0,0,0,0,0,0,1,1,0,0,0
5208,B2,2,0,4,11,0,0,0,0,0,0,0,0,0,0,1,1,0,0,0
5208,C1,20,5,1,0,0,0,0,0,0,0,0,0,0,0,1,2,0,0,0
5229,A1,4,13,0,5,0,0,0,0,0,0,0,0,0,1,0,2,1,3,2
5229,B0,0,8,19,1,0,0,0,0,0,0,0,0,0,1,0,1,0,0,0
5229,B1,2,1,1,1,0,0,0,0,0,0,0,0,0,1,0,2,0,0,0
5229,B2,3,0,1,13,0,0,0,0,0,0,0,0,0,1,0,1,0,0,0
5229,C1,20,3,1,0,0,0,0,0,0,0,0,0,0,1,0,2,0,0,0
5250,A1,2,14,0,5,0,0,0,0,0,0,0,0,0,1,0,2,1,3,2
5250,B0,0,9,20,1,0,0,0,0,0,0,0,0,0,1,0,1,0,0,0
5250,B1,2,1,1,1,0,0,0,0,0,0,0,0,0,1,0,2,0,0,0
5250,B2,2,0,2,13,0,0,0,0,0,0,0,0,0,1,0,1,0,0,0
5250,C1,20,5,2,0,0,0,0,0,0,0,0,0,0,1,0,2,0,0,0
5271,A1,2,12,0,7,0,0,0,0,0,0,0,0,0,0,1,2,1,3,2
5271,B0,0,8,20,1,0,0,0,0,0,0,0,0,0,0,1,1,0,0,0
5271,B1,1,1,1,1,0,0,0,0,0,0,0,0,0,0,1,1,0,0,0
5271,B2,1,0,1,13,0,0,0,0,0,0,0,0,0,0,1,1,0,0,0
5271,C1,20,1,1,0,0,0,0,0,0,0,0,0,0,0,1,2,0,0,0
5292,A1,3,12,0,2,0,0,0,0,0,0,0,0,0,0,1,2,1,3,2
5292,B0,0,9,15,2,0,0,0,0,0,0,0,0,0,0,1,1,0,0,0
5292,B1,1,1,2,2,0,0,0,0,0,0,0,0,0,0,1,1,0,0,0
5292,B2,1,0,5,10,0,0,0,0,0,0,0,0,0,0,1,1,0,0,0
5292,C1,20,2,1,0,0,0,0,0,0,0,0,0,0,0,1,2,0,0,0
5313,A1,3,13,0,1,0,0,0,0,0,0,0,0,0,1,0,2,1,3,2
5313,B0,0,10,20,2,0,0,0,0,0,0,0,0,0,1,0,1,0,0,0
5313,B1,4,3,1,1,0,0,0,0,0,0,0,0,0,1,0,2,0,0,0
5313,B2,1,0,3,11,0,0,0,0,0,0,0,0,0,1,0,1,0,0,0
5313,C1,20,2,1,0,0,0,0,0,0,0,0,0,0,1,0,2,0,0,0
5334,A1,1,12,0,1,0,0,0,0,0,0,0,0,0,1,0,2,1,3,2
5334,B0,0,2,20,4,0,0,0,0,0,0,0,0,0,1,0,1,0,0,0
5334,B1,1,1,1,1,0,0,0,0,0,0,0,0,0,1,0,1,0,0,0
5334,B2,1,0,7,11,0,0,0,0,0,0,0,0,0,1,0,1,0,0,0
5334,C1,17,2,3,0,0,0,0,0,0,0,0,0,0,1,0,2,0,0,0
5355,A1,2,5,0,2,0,0,0,0,0,0,0,0,0,1,0,2,1,3,2
5355,B0,0,2,20,4,0,0,0,0,0,0,0,0,0,1,0,1,0,0,0
5355,B1,1,1,1,3,0,0,0,0,0,0,0,0,0,1,0,1,0,0,0
5355,B2,2,0,9,11,0,0,0,0,0,0,0,0,0,1,0,1,0,0,0
5355,C1,17,1,4,0,0,0,0,0,0,0,0,0,0,1,0,2,0,0,0
5376,A1,3,6,0,1,0,0,0,0,0,0,0,0,0,0,1,2,1,3,2
5376,B0,0,4,18,2,0,0,0,0,0,0,0,0,0,0,1,1,0,0,0
5376,B1,1,1,3,2,0,0,0,0,0,0,0,0,0,0,1,1,0,0,0
5376,B2,3,0,3,13,0,0,0,0,0,0,0,0,0,0,1,1,0,0,0
5376,C1,19,2,1,0,0,0,0,0,0,0,0,0,0,0,1,2,0,0,0
5397,A1,5,6,0,1,0,0,0,0,0,0,0,0,0,0,1,2,1,3,2
5397,B0,0,5,17,1,0,0,0,0,0,0,0,0,0,0,1,1,0,0,0
5397,B1,3,1,1,1,0,0,0,0,0,0,0,0,0,0,1,2,0,0,0
5397,B2,4,0,1,14,0,0,0,0,0,0,0,0,0,0,1,1,0,0,0
5397,C1,20,2,1,0,0,0,0,0,0,0,0,0,0,0,1,2,0,0,0
5418,A1,2,5,0,1,0,0,0,0,0,0,0,0,0,1,0,2,1,3,2
5418,B0,0,5,19,3,0,0,0,0,0,0,0,0,0,1,0,1,0,0,0
5418,B1,1,2,1,1,0,0,0,0,0,0,0,0,0,1,0,2,0,0,0
5418,B2,1,0,3,13,0,0,0,0,0,0,0,0,0,1,0,1,0,0,0
5418,C1,19,2,1,0,0,0,0,0,0,0,0,0,0,1,0,2,0,0,0
5439,A1,3,5,0,2,0,0,0,0,0,0,0,0,0,1,0,2,1,3,2
5439,B0,0,6,20,4,0,0,0,0,0,0,0,0,0,1,0,1,0,0,0
5439,B1,1,1,3,3,0,0,0,0,0,0,0,0,0,1,0,1,0,0,0
5439,B2,2,0,3,13,0,0,0,0,0,0,0,0,0,1,0,1,0,0,0
5439,C1,20,2,3,0,0,0,0,0,0,0,0,0,0,1,0,2,0,0,0
5460,A1,2,5,0,1,0,0,0,0,0,0,0,0,0,0,1,2,1,3,2
5460,B0,0,7,19,2,0,0,0,0,0,0,0,0,0,0,1,1,0,0,0
5460,B1,1,1,4,1,0,0,0,0,0,0,0,0,0,0,1,1,0,0,0
5460,B2,1,0,1,12,0,0,0,0,0,0,0,0,0,0,1,1,0,0,0
5460,C1,20,5,1,0,0,0,0,0,0,0,0,0,0,0,1,2,0,0,0
5481,A1,4,5,0,3,0,0,0,0,0,0,0,0,0,0,1,2,1,3,2
5481,B0,0,9,15,1,0,0,0,0,0,0,0,0,0,0,1,1,0,0,0
5481,B1,3,1,1,1,0,0,0,0,0,0,0,0,0,0,1,2,0,0,0
5481,B2,2,0,3,10,0,0,0,0,0,0,0,0,0,0,1,1,0,0,0
5481,C1,20,6,2,0,0,0,0,0,0,0,0,0,0,0,1,2,0,0,0
5502,A1,4,7,0,1,0,0,0,0,0,0,0,0,0,1,0,2,1,3,2
5502,B0,0,6,20,4,0,0,0,0,0,0,0,0,0,1,0,1,0,0,0
5502,B1,3,1,1,1,0,0,0,0,0,0,0,0,0,1,0,2,0,0,0
5502,B2,1,0,4,7,0,0,0,0,0,0,0,0,0,1,0,1,0,0,0
5502,C1,20,2,6,0,0,0,0,0,0,0,0,0,0,1,0,2,0,0,0
5523,A1,3,7,0,3,0,0,0,0,0,0,0,0,0,1,0,2,1,3,2
5523,B0,0,3,20,4,0,0,0,0,0,0,0,0,0,1,0,1,0,0,0
5523,B1,1,1,4,1,0,0,0,0,0,0,0,0,0,1,0,1,0,0,0
5523,B2,3,0,5,8,0,0,0,0,0,0,0,0,0,1,0,1,0,0,0
5523,C1,18,1,7,0,0,0,0,0,0,0,0,0,0,1,0,2,0,0,0
5544,A1,3,6,0,4,0,0,0,0,0,0,0,0,0,0,1,2,1,3,2
5544,B0,0,1,20,2,0,0,0,0,0,0,0,0,0,0,1,1,0,0,0
5544,B1,1,1,1,3,0,0,0,0,0,0,0,0,0,0,1,1,0,0,0
5544,B2,1,0,3,8,0,0,0,0,0,0,0,0,0,0,1,1,0,0,0
5544,C1,17,1,3,0,0,0,0,0,0,0,0,0,0,0,1,2,0,0,0
5565,A1,3,6,0,2,0,0,0,0,0,0,0,0,0,0,1,2,1,3,2
5565,B0,0,2,20,2,0,0,0,0,0,0,0,0,0,0,1,1,0,0,0
5565,B1,1,1,1,1,0,0,0,0,0,0,0,0,0,0,1,1,0,0,0
5565,B2,2,0,1,11,0,0,0,0,0,0,0,0,0,0,1,1,0,0,0
5565,C1,20,3,1,0,0,0,0,0,0,0,0,0,0,0,1,2,0,0,0
5586,A1,4,8,0,3,0,0,0,0,0,0,0,0,0,1,0,2,1,3,2
5586,B0,0,3,20,1,0,0,0,0,0,0,0,0,0,1,0,1,0,0,0
5586,B1,1,1,1,1,0,0,0,0,0,0,0,0,0,1,0,1,0,0,0
5586,B2,2,0,1,11,0,0,0,0,0,0,0,0,0,1,0,1,0,0,0
5586,C1,20,1,1,0,0,0,0,0,0,0,0,0,0,1,0,2,0,0,0
5607,A1,2,12,0,3,0,0,0,0,0,0,0,0,0,1,0,2,1,3,2
5607,B0,0,4,20,2,0,0,0,0,0,0,0,0,0,1,0,1,0,0,0
5607,B1,2,2,1,1,0,0,0,0,0,0,0,0,0,1,0,2,0,0,0
5607,B2,1,0,3,12,0,0,0,0,0,0,0,0,0,1,0,1,0,0,0
5607,C1,18,3,3,0,0,0,0,0,0,0,0,0,0,1,0,2,0,0,0
5628,A1,2,9,0,3,0,0,0,0,0,0,0,0,0,0,1,2,1,3,2
5628,B0,0,4,20,2,0,0,0,0,0,0,0,0,0,0,1,1,0,0,0
5628,B1,1,1,1,1,0,0,0,0,0,0,0,0,0,0,1,1,0,0,0
5628,B2,2,0,3,12,0,0,0,0,0,0,0,0,0,0,1,1,0,0,0
5628,C1,19,3,3,0,0,0,0,0,0,0,0,0,0,0,1,2,0,0,0
5649,A1,4,11,0,2,0,0,0,0,0,0,0,0,0,0,1,2,1,3,2
5649,B0,0,6,18,3,0,0,0,0,0,0,0,0,0,0,1,1,0,0,0
5649,B1,1,1,1,1,0,0,0,0,0,0,0,0,0,0,1,1,0,0,0
5649,B2,3,0,4,9,0,0,0,0,0,0,0,0,0,0,1,1,0,0,0
5649,C1,19,2,1,0,0,0,0,0,0,0,0,0,0,0,1,2,0,0,0
5670,A1,4,11,0,2,0,0,0,0,0,0,0,0,0,0,1,2,1,3,2
5670,B0,0,7,18,2,0,0,0,0,0,0,0,0,0,0,1,1,0,0,0
5670,B1,4,4,1,1,0,0,0,0,0,0,0,0,0,0,1,2,0,0,0
5670,B2,3,0,5,6,0,0,0,0,0,0,0,0,0,0,1,1,0,0,0
5670,C1,19,2,3,0,0,0,0,0,0,0,0,0,0,0,1,2,0,0,0
5691,A1,1,11,0,2,0,0,0,0,0,0,0,0,0,1,0,2,2,16,11
5691,B0,0,1,20,7,0,0,0,0,0,0,0,0,0,1,0,1,0,0,0
5691,B1,2,3,1,1,0,0,0,0,0,0,0,0,0,1,0,2,0,0,0
5691,B2,1,0,3,6,0,0,0,0,0,0,0,0,0,1,0,1,0,0,0
5691,C1,18,2,4,0,0,0,0,0,0,0,0,0,0,1,0,2,0,0,0
5712,A1,2,10,0,3,0,0,0,0,0,0,0,0,0,1,0,2,2,16,11
5712,B0,0,2,20,9,0,0,0,0,0,0,0,0,0,1,0,1,0,0,0
5712,B1,1,1,2,4,0,0,0,0,0,0,0,0,0,1,0,1,0,0,0
5712,B2,1,0,3,6,0,0,0,0,0,0,0,0,0,1,0,1,0,0,0
5712,C1,19,2,5,0,0,0,0,0,0,0,0,0,0,1,0,2,0,0,0
5733,A1,1,9,0,1,0,0,0,0,0,0,0,0,0,0,1,2,2,16,11
5733,B0,0,5,20,3,0,0,0,0,0,0,0,0,0,0,1,1,0,0,0
5733,B1,1,1,1,2,0,0,0,0,0,0,0,0,0,0,1,1,0,0,0
5733,B2,2,0,2,6,0,0,0,0,0,0,0,0,0,0,1,1,0,0,0
5733,C1,20,2,2,0,0,0,0,0,0,0,0,0,0,0,1,2,0,0,0
5754,A1,2,8,0,1,0,0,0,0,0,0,0,0,0,0,1,2,2,16,11
5754,B0,0,10,20,2,0,0,0,0,0,0,0,0,0,0,1,1,0,0,0
5754,B1,1,2,1,1,0,0,0,0,0,0,0,0,0,0,1,2,0,0,0
5754,B2,3,0,3,6,0,0,0,0,0,0,0,0,0,0,1,1,0,0,0
5754,C1,20,3,1,0,0,0,0,0,0,0,0,0,0,0,1,2,0,0,0
5775,A1,2,7,0,1,0,0,0,0,0,0,0,0,0,1,0,2,2,16,11
5775,B0,0,12,20,1,0,0,0,0,0,0,0,0,0,1,0,1,0,0,0
5775,B1,1,1,1,1,0,0,0,0,0,0,0,0,0,1,0,1,0,0,0
5775,B2,1,0,2,5,0,0,0,0,0,0,0,0,0,1,0,1,0,0,0
5775,C1,18,1,1,0,0,0,0,0,0,0,0,0,0,1,0,2,0,0,0
5796,A1,1,6,0,1,0,0,0,0,0,0,0,0,0,1,0,2,2,16,11
5796,B0,0,17,20,2,0,0,0,0,0,0,0,0,0,1,0,1,0,0,0
5796,B1,1,1,3,2,0,0,0,0,0,0,0,0,0,1,0,1,0,0,0
5796,B2,2,0,4,7,0,0,0,0,0,0,0,0,0,1,0,1,0,0,0
5796,C1,17,1,3,0,0,0,0,0,0,0,0,0,0,1,0,2,0,0,0
5817,A1,1,6,0,1,0,0,0,0,0,0,0,0,0,0,1,2,2,16,11
5817,B0,0,17,20,4,0,0,0,0,0,0,0,0,0,0,1,1,0,0,0
5817,B1,1,1,2,1,0,0,0,0,0,0,0,0,0,0,1,1,0,0,0
5817,B2,1,0,2,7,0,0,0,0,0,0,0,0,0,0,1,1,0,0,0
5817,C1,19,5,1,0,0,0,0,0,0,0,0,0,0,0,1,2,0,0,0
5838,A1,3,7,0,2,0,0,0,0,0,0,0,0,0,0,1,2,2,16,11
5838,B0,0,17,14,1,0,0,0,0,0,0,0,0,0,0,1,1,0,0,0
5838,B1,1,1,1,1,0,0,0,0,0,0,0,0,0,0,1,1,0,0,0
5838,B2,2,0,3,7,0,0,0,0,0,0,0,0,0,0,1,1,0,0,0
5838,C1,20,5,3,0,0,0,0,0,0,0,0,0,0,0,1,2,0,0,0
5859,A1,2,8,0,1,0,0,0,0,0,0,0,0,0,1,0,2,2,16,11
5859,B0,0,17,18,1,0,0,0,0,0,0,0,0,0,1,0,1,0,0,0
5859,B1,5,2,1,1,0,0,0,0,0,0,0,0,0,1,0,2,0,0,0
5859,B2,2,0,4,7,0,0,0,0,0,0,0,0,0,1,0,1,0,0,0
5859,C1,20,3,1,0,0,0,0,0,0,0,0,0,0,1,0,2,0,0,0
5880,A1,1,7,0,1,0,0,0,0,0,0,0,0,0,1,0,2,2,16,11
5880,B0,0,17,20,1,0,0,0,0,0,0,0,0,0,1,0,1,0,0,0
5880,B1,3,1,2,2,0,0,0,0,0,0,0,0,0,1,0,1,0,0,0
5880,B2,2,0,5,8,0,0,0,0,0,0,0,0,0,1,0,1,0,0,0
5880,C1,20,3,2,0,0,0,0,0,0,0,0,0,0,1,0,2,0,0,0
5901,A1,1,5,0,3,0,0,0,0,0,0,0,0,0,0,1,2,2,16,11
5901,B0,0,19,20,3,0,0,0,0,0,0,0,0,0,0,1,1,0,0,0
5901,B1,1,1,8,2,0,0,0,0,0,0,0,0,0,0,1,1,0,0,0
5901,B2,2,0,5,11,0,0,0,0,0,0,0,0,0,0,1,1,0,0,0
5901,C1,20,2,2,0,0,0,0,0,0,0,0,0,0,0,1,2,0,0,0
5922,A1,1,6,0,2,0,0,0,0,0,0,0,0,0,0,1,2,2,16,11
5922,B0,0,19,21,1,0,0,0,0,0,0,0,0,0,0,1,1,0,0,0
5922,B1,1,3,5,1,0,0,0,0,0,0,0,0,0,0,1,1,0,0,0
5922,B2,2,0,1,10,0,0,0,0,0,0,0,0,0,0,1,1,0,0,0
5922,C1,20,2,2,0,0,0,0,0,0,0,0,0,0,0,1,2,0,0,0
5943,A1,1,6,0,2,0,0,0,0,0,0,0,0,0,1,0,2,2,16,11
5943,B0,0,19,17,4,0,0,0,0,0,0,0,0,0,1,0,1,0,0,0
5943,B1,1,2,1,1,0,0,0,0,0,0,0,0,0,1,0,2,0,0,0
5943,B2,1,0,1,10,0,0,0,0,0,0,0,0,0,1,0,1,0,0,0
5943,C1,20,2,1,0,0,0,0,0,0,0,0,0,0,1,0,2,0,0,0
5964,A1,1,2,0,3,0,0,0,0,0,0,0,0,0,1,0,1,2,16,11
5964,B0,0,15,20,5,0,0,0,0,0,0,0,0,0,1,0,1,0,0,0
5964,B1,1,2,1,1,0,0,0,0,0,0,0,0,0,1,0,2,0,0,0
5964,B2,1,0,1,10,0,0,0,0,0,0,0,0,0,1,0,1,0,0,0
5964,C1,18,2,3,0,0,0,0,0,0,0,0,0,0,1,0,2,0,0,0
5985,A1,1,7,0,4,0,0,0,0,0,0,0,0,0,1,0,2,2,16,11
5985,B0,0,17,20,7,0,0,0,0,0,0,0,0,0,1,0,1,0,0,0
5985,B1,1,1,3,2,0,0,0,0,0,0,0,0,0,1,0,1,0,0,0
5985,B2,1,0,2,10,0,0,0,0,0,0,0,0,0,1,0,1,0,0,0
5985,C1,17,2,4,0,0,0,0,0,0,0,0,0,0,1,0,2,0,0,0
6006,A1,4,7,0,2,0,0,0,0,0,0,0,0,0,0,1,2,2,16,11
6006,B0,0,17,20,1,0,0,0,0,0,0,0,0,0,0,1,1,0,0,0
6006,B1,1,1,1,4,0,0,0,0,0,0,0,0,0,0,1,1,0,0,0
6006,B2,1,0,1,12,0,0,0,0,0,0,0,0,0,0,1,1,0,0,0
6006,C1,19,4,2,0,0,0,0,0,0,0,0,0,0,0,1,2,0,0,0
6027,A1,5,9,0,1,0,0,0,0,0,0,0,0,0,0,1,2,2,16,11
6027,B0,0,17,18,1,0,0,0,0,0,0,0,0,0,0,1,1,0,0,0
6027,B1,2,2,1,1,0,0,0,0,0,0,0,0,0,0,1,2,0,0,0
6027,B2,3,0,1,7,0,0,0,0,0,0,0,0,0,0,1,1,0,0,0
6027,C1,20,4,1,0,0,0,0,0,0,0,0,0,0,0,1,2,0,0,0
6048,A1,1,9,0,1,0,0,0,0,0,0,0,0,0,1,0,2,2,16,11
6048,B0,0,10,18,2,0,0,0,0,0,0,0,0,0,1,0,1,0,0,0
6048,B1,2,3,1,1,0,0,0,0,0,0,0,0,0,1,0,2,0,0,0
6048,B2,1,0,4,7,0,0,0,0,0,0,0,0,0,1,0,1,0,0,0
6048,C1,20,1,1,0,0,0,0,0,0,0,0,0,0,1,0,2,0,0,0
6069,A1,3,11,0,3,0,0,0,0,0,0,0,0,0,1,0,2,2,16,11
6069,B0,0,5,20,4,0,0,0,0,0,0,0,0,0,1,0,1,0,0,0
6069,B1,1,1,1,2,0,0,0,0,0,0,0,0,0,1,0,1,0,0,0
6069,B2,1,0,4,8,0,0,0,0,0,0,0,0,0,1,0,1,0,0,0
6069,C1,17,1,2,0,0,0,0,0,0,0,0,0,0,1,0,2,0,0,0
6090,A1,3,10,0,2,0,0,0,0,0,0,0,0,0,0,1,2,2,16,11
6090,B0,0,6,20,3,0,0,0,0,0,0,0,0,0,0,1,1,0,0,0
6090,B1,1,1,1,4,0,0,0,0,0,0,0,0,0,0,1,1,0,0,0
6090,B2,1,0,2,9,0,0,0,0,0,0,0,0,0,0,1,1,0,0,0
6090,C1,18,1,1,0,0,0,0,0,0,0,0,0,0,0,1,2,0,0,0
6111,A1,5,9,0,1,0,0,0,0,0,0,0,0,0,0,1,2,2,16,11
6111,B0,0,7,20,2,0,0,0,0,0,0,0,0,0,0,1,1,0,0,0
6111,B1,2,3,1,1,0,0,0,0,0,0,0,0,0,0,1,2,0,0,0
6111,B2,3,0,1,10,0,0,0,0,0,0,0,0,0,0,1,1,0,0,0
6111,C1,20,2,3,0,0,0,0,0,0,0,0,0,0,0,1,2,0,0,0
6132,A1,2,10,0,1,0,0,0,0,0,0,0,0,0,1,0,2,2,16,11
6132,B0,0,3,20,1,0,0,0,0,0,0,0,0,0,1,0,1,0,0,0
6132,B1,1,5,1,1,0,0,0,0,0,0,0,0,0,1,0,2,0,0,0
6132,B2,1,0,4,9,0,0,0,0,0,0,0,0,0,1,0,1,0,0,0
6132,C1,18,1,2,0,0,0,0,0,0,0,0,0,0,1,0,2,0,0,0
6153,A1,1,9,0,2,0,0,0,0,0,0,0,0,0,1,0,2,2,16,11
6153,B0,0,3,20,1,0,0,0,0,0,0,0,0,0,1,0,1,0,0,0
6153,B1,1,1,3,2,0,0,0,0,0,0,0,0,0,1,0,1,0,0,0
6153,B2,2,0,5,9,0,0,0,0,0,0,0,0,0,1,0,1,0,0,0
6153,C1,17,1,3,0,0,0,0,0,0,0,0,0,0,1,0,2,0,0,0
6174,A1,1,7,0,2,0,0,0,0,0,0,0,0,0,0,1,2,2,16,11
6174,B0,0,3,19,1,0,0,0,0,0,0,0,0,0,0,1,1,0,0,0
6174,B1,1,1,2,3,0,0,0,0,0,0,0,0,0,0,1,1,0,0,0
6174,B2,1,0,3,11,0,0,0,0,0,0,0,0,0,0,1,1,0,0,0
6174,C1,16,2,1,0,0,0,0,0,0,0,0,0,0,0,1,2,0,0,0
6195,A1,3,7,0,1,0,0,0,0,0,0,0,0,0,0,1,2,2,16,11
6195,B0,0,3,18,2,0,0,0,0,0,0,0,0,0,0,1,1,0,0,0
6195,B1,1,2,1,2,0,0,0,0,0,0,0,0,0,0,1,1,0,0,0
6195,B2,3,0,4,13,0,0,0,0,0,0,0,0,0,0,1,1,0,0,0
6195,C1,20,3,1,0,0,0,0,0,0,0,0,0,0,0,1,2,0,0,0
6216,A1,1,9,0,2,0,0,0,0,0,0,0,0,0,1,0,2,2,16,11
6216,B0,0,3,17,1,0,0,0,0,0,0,0,0,0,1,0,1,0,0,0
6216,B1,2,1,1,1,0,0,0,0,0,0,0,0,0,1,0,2,0,0,0
6216,B2,1,0,1,12,0,0,0,0,0,0,0,0,0,1,0,1,0,0,0
6216,C1,20,2,1,0,0,0,0,0,0,0,0,0,0,1,0,2,0,0,0
6237,A1,4,7,0,3,0,0,0,0,0,0,0,0,0,1,0,2,2,16,11
6237,B0,0,1,20,2,0,0,0,0,0,0,0,0,0,1,0,1,0,0,0
6237,B1,1,1,1,1,0,0,0,0,0,0,0,0,0,1,0,1,0,0,0
6237,B2,2,0,2,14,0,0,0,0,0,0,0,0,0,1,0,1,0,0,0
6237,C1,20,5,2,0,0,0,0,0,0,0,0,0,0,1,0,2,0,0,0
6258,A1,2,9,0,3,0,0,0,0,0,0,0,0,0,0,1,2,2,16,11
6258,B0,0,1,20,3,0,0,0,0,0,0,0,0,0,0,1,1,0,0,0
6258,B1,1,1,5,3,0,0,0,0,0,0,0,0,0,0,1,1,0,0,0
6258,B2,2,0,3,14,0,0,0,0,0,0,0,0,0,0,1,1,0,0,0
6258,C1,18,3,1,0,0,0,0,0,0,0,0,0,0,0,1,2,0,0,0
6279,A1,2,9,0,1,0,0,0,0,0,0,0,0,0,0,1,2,2,16,11
6279,B0,0,2,19,1,0,0,0,0,0,0,0,0,0,0,1,1,0,0,0
6279,B1,1,1,6,2,0,0,0,0,0,0,0,0,0,0,1,1,0,0,0
6279,B2,1,0,1,13,0,0,0,0,0,0,0,0,0,0,1,1,0,0,0
6279,C1,20,5,1,0,0,0,0,0,0,0,0,0,0,0,1,2,0,0,0
6300,A1,3,8,0,1,0,0,0,0,0,0,0,0,0,0,1,2,2,16,11
6300,B0,0,5,16,2,0,0,0,0,0,0,0,0,0,0,1,1,0,0,0
6300,B1,2,3,1,1,0,0,0,0,0,0,0,0,0,0,1,2,0,0,0
6300,B2,3,0,2,5,0,0,0,0,0,0,0,0,0,0,1,1,0,0,0
6300,C1,20,7,2,0,0,0,0,0,0,0,0,0,0,0,1,2,0,0,0
6321,A1,2,4,0,3,0,0,0,0,0,0,0,0,0,1,0,2,2,16,11
6321,B0,0,1,19,3,0,0,0,0,0,0,0,0,0,1,0,1,0,0,0
6321,B1,1,3,1,1,0,0,0,0,0,0,0,0,0,1,0,2,0,0,0
6321,B2,1,0,5,5,0,0,0,0,0,0,0,0,0,1,0,1,0,0,0
6321,C1,20,1,4,0,0,0,0,0,0,0,0,0,0,1,0,2,0,0,0
6342,A1,1,5,0,3,0,0,0,0,0,0,0,0,0,1,0,2,2,16,11
6342,B0,0,1,20,3,0,0,0,0,0,0,0,0,0,1,0,1,0,0,0
6342,B1,1,1,3,2,0,0,0,0,0,0,0,0,0,1,0,1,0,0,0
6342,B2,1,0,5,5,0,0,0,0,0,0,0,0,0,1,0,1,0,0,0
6342,C1,17,2,7,0,0,0,0,0,0,0,0,0,0,1,0,2,0,0,0
6363,A1,1,5,0,1,0,0,0,0,0,0,0,0,0,0,1,2,2,16,11
6363,B0,0,2,17,5,0,0,0,0,0,0,0,0,0,0,1,1,0,0,0
6363,B1,1,1,5,4,0,0,0,0,0,0,0,0,0,0,1,1,0,0,0
6363,B2,1,0,1,3,0,0,0,0,0,0,0,0,0,0,1,1,1,10,2
6363,C1,18,2,3,0,0,0,0,0,0,0,0,0,0,0,1,2,0,0,0
6384,A1,4,6,0,1,0,0,0,0,0,0,0,0,0,0,1,2,2,16,11
6384,B0,0,3,19,1,0,0,0,0,0,0,0,0,0,0,1,1,0,0,0
6384,B1,2,2,1,1,0,0,0,0,0,0,0,0,0,0,1,2,0,0,0
6384,B2,4,0,1,1,0,0,0,0,0,0,0,0,0,0,1,2,1,10,2
6384,C1,20,4,1,0,0,0,0,0,0,0,0,0,0,0,1,2,0,0,0
6405,A1,5,8,0,2,0,0,0,0,0,0,0,0,0,1,0,2,2,16,11
6405,B0,0,3,20,2,0,0,0,0,0,0,0,0,0,1,0,1,0,0,0
6405,B1,2,2,1,1,0,0,0,0,0,0,0,0,0,1,0,2,0,0,0
6405,B2,2,0,4,3,0,0,0,0,0,0,0,0,0,1,0,1,1,10,2
6405,C1,20,1,1,0,0,0,0,0,0,0,0,0,0,1,0,2,0,0,0
6426,A1,3,6,0,3,0,0,0,0,0,0,0,0,0,1,0,2,2,16,11
6426,B0,0,4,20,4,0,0,0,0,0,0,0,0,0,1,0,1,0,0,0
6426,B1,1,1,1,1,0,0,0,0,0,0,0,0,0,1,0,1,0,0,0
6426,B2,2,0,5,6,0,0,0,0,0,0,0,0,0,1,0,1,1,10,2
6426,C1,17,1,2,0,0,0,0,0,0,0,0,0,0,1,0,2,0,0,0
6447,A1,2,6,0,1,0,0,0,0,0,0,0,0,0,0,1,2,2,16,11
6447,B0,0,4,20,2,0,0,0,0,0,0,0,0,0,0,1,1,0,0,0
6447,B1,1,1,2,1,0,0,0,0,0,0,0,0,0,0,1,1,0,0,0
6447,B2,1,0,2,6,0,0,0,0,0,0,0,0,0,0,1,1,1,10,2
6447,C1,16,1,2,0,0,0,0,0,0,0,0,0,0,0,1,2,0,0,0
6468,A1,5,6,0,2,0,0,0,0,0,0,0,0,0,0,1,2,2,16,11
6468,B0,0,5,19,2,0,0,0,0,0,0,0,0,0,0,1,1,0,0,0
6468,B1,1,2,1,2,0,0,0,0,0,0,0,0,0,0,1,1,0,0,0
6468,B2,2,0,1,8,0,0,0,0,0,0,0,0,0,0,1,1,1,10,2
6468,C1,20,3,1,0,0,0,0,0,0,0,0,0,0,0,1,2,0,0,0
6489,A1,2,6,0,2,0,0,0,0,0,0,0,0,0,1,0,2,2,16,11
6489,B0,0,3,20,1,0,0,0,0,0,0,0,0,0,1,0,1,0,0,0
6489,B1,1,1,1,1,0,0,0,0,0,0,0,0,0,1,0,1,0,0,0
6489,B2,1,0,2,7,0,0,0,0,0,0,0,0,0,1,0,1,1,10,2
6489,C1,20,3,3,0,0,0,0,0,0,0,0,0,0,1,0,2,0,0,0
6510,A1,1,7,0,5,0,0,0,0,0,0,0,0,0,1,0,2,2,16,11
6510,B0,0,2,20,2,0,0,0,0,0,0,0,0,0,1,0,1,0,0,0
6510,B1,1,1,1,2,0,0,0,0,0,0,0,0,0,1,0,1,0,0,0
6510,B2,1,0,3,8,0,0,0,0,0,0,0,0,0,1,0,1,1,10,2
6510,C1,21,3,4,0,0,0,0,0,0,0,0,0,0,1,0,2,0,0,0
6531,A1,1,7,0,4,0,0,0,0,0,0,0,0,0,0,1,2,2,16,11
6531,B0,0,3,20,2,0,0,0,0,0,0,0,0,0,0,1,1,0,0,0
6531,B1,1,1,2,1,0,0,0,0,0,0,0,0,0,0,1,1,0,0,0
6531,B2,1,0,2,9,0,0,0,0,0,0,0,0,0,0,1,1,1,10,2
6531,C1,20,2,2,0,0,0,0,0,0,0,0,0,0,0,1,2,0,0,0
6552,A1,2,7,0,2,0,0,0,0,0,0,0,0,0,0,1,2,2,16,11
6552,B0,0,5,20,2,0,0,0,0,0,0,0,0,0,0,1,1,0,0,0
6552,B1,1,1,1,1,0,0,0,0,0,0,0,0,0,0,1,1,0,0,0
6552,B2,2,0,1,12,0,0,0,0,0,0,0,0,0,0,1,1,1,10,2
6552,C1,20,4,1,0,0,0,0,0,0,0,0,0,0,0,1,2,0,0,0
6573,A1,1,8,0,1,0,0,0,0,0,0,0,0,0,1,0,2,2,16,11
6573,B0,0,5,20,2,0,0,0,0,0,0,0,0,0,1,0,1,0,0,0
6573,B1,1,2,1,1,0,0,0,0,0,0,0,0,0,1,0,2,0,0,0
6573,B2,1,0,1,8,0,0,0,0,0,0,0,0,0,1,0,1,1,10,2
6573,C1,20,3,1,0,0,0,0,0,0,0,0,0,0,1,0,2,0,0,0
6594,A1,2,10,0,1,0,0,0,0,0,0,0,0,0,1,0,2,2,16,11
6594,B0,0,1,20,5,0,0,0,0,0,0,0,0,0,1,0,1,0,0,0
6594,B1,1,3,1,1,0,0,0,0,0,0,0,0,0,1,0,2,0,0,0
6594,B2,1,0,3,10,0,0,0,0,0,0,0,0,0,1,0,1,1,10,2
6594,C1,18,2,1,0,0,0,0,0,0,0,0,0,0,1,0,2,0,0,0
6615,A1,4,6,0,2,0,0,0,0,0,0,0,0,0,1,0,2,2,16,11
6615,B0,0,2,20,6,0,0,0,0,0,0,0,0,0,1,0,1,0,0,0
6615,B1,1,1,4,4,0,0,0,0,0,0,0,0,0,1,0,1,0,0,0
6615,B2,3,0,3,10,0,0,0,0,0,0,0,0,0,1,0,1,1,10,2
6615,C1,18,1,2,0,0,0,0,0,0,0,0,0,0,1,0,2,0,0,0
6636,A1,5,8,0,1,0,0,0,0,0,0,0,0,0,0,1,2,2,16,11
6636,B0,0,3,20,2,0,0,0,0,0,0,0,0,0,0,1,1,0,0,0
6636,B1,1,1,5,4,0,0,0,0,0,0,0,0,0,0,1,1,0,0,0
6636,B2,4,0,4,10,0,0,0,0,0,0,0,0,0,0,1,1,1,10,2
6636,C1,20,2,1,0,0,0,0,0,0,0,0,0,0,0,1,2,0,0,0
6657,A1,7,7,0,1,0,0,0,0,0,0,0,0,0,0,1,2,2,16,11
6657,B0,0,3,21,2,0,0,0,0,0,0,0,0,0,0,1,1,0,0,0
6657,B1,5,2,1,1,0,0,0,0,0,0,0,0,0,0,1,2,0,0,0
6657,B2,6,0,1,10,0,0,0,0,0,0,0,0,0,0,1,1,1,10,2
6657,C1,20,3,1,0,0,0,0,0,0,0,0,0,0,0,1,2,0,0,0
6678,A1,2,9,0,2,0,0,0,0,0,0,0,0,0,1,0,2,2,16,11
6678,B0,0,1,20,1,0,0,0,0,0,0,0,0,0,1,0,1,0,0,0
6678,B1,1,1,1,1,0,0,0,0,0,0,0,0,0,1,0,1,0,0,0
6678,B2,3,0,1,10,0,0,0,0,0,0,0,0,0,1,0,1,1,10,2
6678,C1,19,4,3,0,0,0,0,0,0,0,0,0,0,1,0,2,0,0,0
6699,A1,1,10,0,4,0,0,0,0,0,0,0,0,0,1,0,2,2,16,11
6699,B0,0,1,20,3,0,0,0,0,0,0,0,0,0,1,0,1,0,0,0
6699,B1,1,1,2,1,0,0,0,0,0,0,0,0,0,1,0,1,0,0,0
6699,B2,1,0,2,11,0,0,0,0,0,0,0,0,0,1,0,1,1,10,2
6699,C1,19,1,5,0,0,0,0,0,0,0,0,0,0,1,0,2,0,0,0
6720,A1,2,11,0,1,0,0,0,0,0,0,0,0,0,0,1,2,2,16,11
6720,B0,0,1,18,3,0,0,0,0,0,0,0,0,0,0,1,1,0,0,0
6720,B1,1,1,2,1,0,0,0,0,0,0,0,0,0,0,1,1,0,0,0
6720,B2,1,0,2,11,0,0,0,0,0,0,0,0,0,0,1,1,1,10,2
6720,C1,18,4,1,0,0,0,0,0,0,0,0,0,0,0,1,2,0,0,0
6741,A1,3,15,0,1,0,0,0,0,0,0,0,0,0,0,1,2,2,16,11
6741,B0,0,3,11,2,0,0,0,0,0,0,0,0,0,0,1,1,0,0,0
6741,B1,2,1,1,1,0,0,0,0,0,0,0,0,0,0,1,2,0,0,0
6741,B2,1,0,1,9,0,0,0,0,0,0,0,0,0,0,1,1,1,10,2
6741,C1,20,6,1,0,0,0,0,0,0,0,0,0,0,0,1,2,0,0,0
6762,A1,1,15,0,1,0,0,0,0,0,0,0,0,0,1,0,2,2,16,11
6762,B0,0,1,18,1,0,0,0,0,0,0,0,0,0,1,0,1,0,0,0
6762,B1,8,3,1,1,0,0,0,0,0,0,0,0,0,1,0,2,0,0,0
6762,B2,1,0,4,8,0,0,0,0,0,0,0,0,0,1,0,1,1,10,2
6762,C1,20,3,2,0,0,0,0,0,0,0,0,0,0,1,0,2,0,0,0
6783,A1,1,11,0,2,0,0,0,0,0,0,0,0,0,1,0,2,2,16,11
6783,B0,0,1,20,4,0,0,0,0,0,0,0,0,0,1,0,1,0,0,0
6783,B1,1,1,1,1,0,0,0,0,0,0,0,0,0,1,0,1,0,0,0
6783,B2,1,0,7,9,0,0,0,0,0,0,0,0,0,1,0,1,1,10,2
6783,C1,20,1,2,0,0,0,0,0,0,0,0,0,0,1,0,2,0,0,0
6804,A1,2,8,0,1,0,0,0,0,0,0,0,0,0,0,1,2,2,16,11
6804,B0,0,1,20,2,0,0,0,0,0,0,0,0,0,0,1,1,0,0,0
6804,B1,1,1,3,1,0,0,0,0,0,0,0,0,0,0,1,1,0,0,0
6804,B2,4,0,4,11,0,0,0,0,0,0,0,0,0,0,1,1,1,10,2
6804,C1,19,2,2,0,0,0,0,0,0,0,0,0,0,0,1,2,0,0,0
6825,A1,2,9,0,1,0,0,0,0,0,0,0,0,0,0,1,2,2,16,11
6825,B0,0,3,21,3,0,0,0,0,0,0,0,0,0,0,1,1,0,0,0
6825,B1,1,2,1,1,0,0,0,0,0,0,0,0,0,0,1,2,0,0,0
6825,B2,5,0,1,13,0,0,0,0,0,0,0,0,0,0,1,1,1,10,2
6825,C1,20,3,2,0,0,0,0,0,0,0,0,0,0,0,1,2,0,0,0
6846,A1,2,9,0,1,0,0,0,0,0,0,0,0,0,1,0,2,2,16,11
6846,B0,0,4,20,1,0,0,0,0,0,0,0,0,0,1,0,1,0,0,0
6846,B1,1,2,1,1,0,0,0,0,0,0,0,0,0,1,0,2,0,0,0
6846,B2,7,0,2,9,0,0,0,0,0,0,0,0,0,1,0,1,1,10,2
6846,C1,20,1,3,0,0,0,0,0,0,0,0,0,0,1,0,2,0,0,0
6867,A1,2,8,0,1,0,0,0,0,0,0,0,0,0,1,0,2,2,16,11
6867,B0,0,1,20,5,0,0,0,0,0,0,0,0,0,1,0,1,0,0,0
6867,B1,1,1,1,1,0,0,0,0,0,0,0,0,0,1,0,1,0,0,0
6867,B2,1,0,1,10,0,0,0,0,0,0,0,0,0,1,0,1,1,10,2
6867,C1,17,4,4,0,0,0,0,0,0,0,0,0,0,1,0,2,0,0,0
6888,A1,2,5,0,1,0,0,0,0,0,0,0,0,0,0,1,2,2,16,11
6888,B0,0,1,20,4,0,0,0,0,0,0,0,0,0,0,1,1,0,0,0
6888,B1,1,1,2,3,0,0,0,0,0,0,0,0,0,0,1,1,0,0,0
6888,B2,2,0,3,11,0,0,0,0,0,0,0,0,0,0,1,1,1,10,2
6888,C1,19,5,3,0,0,0,0,0,0,0,0,0,0,0,1,2,0,0,0
6909,A1,6,6,0,2,0,0,0,0,0,0,0,0,0,0,1,2,2,16,11
6909,B0,0,1,19,1,0,0,0,0,0,0,0,0,0,0,1,1,0,0,0
6909,B1,1,1,1,1,0,0,0,0,0,0,0,0,0,0,1,1,0,0,0
6909,B2,2,0,1,6,0,0,0,0,0,0,0,0,0,0,1,1,1,10,2
6909,C1,20,4,1,0,0,0,0,0,0,0,0,0,0,0,1,2,0,0,0
6930,A1,8,9,0,1,0,0,0,0,0,0,0,0,0,0,1,2,2,16,11
6930,B0,0,4,19,2,0,0,0,0,0,0,0,0,0,0,1,1,0,0,0
6930,B1,3,4,1,1,0,0,0,0,0,0,0,0,0,0,1,2,0,0,0
6930,B2,4,0,1,3,0,0,0,0,0,0,0,0,0,0,1,1,1,10,2
6930,C1,20,7,1,0,0,0,0,0,0,0,0,0,0,0,1,2,0,0,0
6951,A1,4,11,0,1,0,0,0,0,0,0,0,0,0,1,0,2,2,16,11
6951,B0,0,1,20,5,0,0,0,0,0,0,0,0,0,1,0,1,0,0,0
6951,B1,3,3,1,1,0,0,0,0,0,0,0,0,0,1,0,2,0,0,0
6951,B2,1,0,2,4,0,0,0,0,0,0,0,0,0,1,0,1,1,10,2
6951,C1,20,1,1,0,0,0,0,0,0,0,0,0,0,1,0,2,0,0,0
6972,A1,1,10,0,2,0,0,0,0,0,0,0,0,0,1,0,2,2,16,11
6972,B0,0,2,20,6,0,0,0,0,0,0,0,0,0,1,0,1,0,0,0
6972,B1,1,1,4,2,0,0,0,0,0,0,0,0,0,1,0,1,0,0,0
6972,B2,1,0,2,5,0,0,0,0,0,0,0,0,0,1,0,1,1,10,2
6972,C1,15,1,5,0,0,0,0,0,0,0,0,0,0,1,0,2,0,0,0
6993,A1,4,11,0,1,0,0,0,0,0,0,0,0,0,0,1,2,2,16,11
6993,B0,0,2,19,1,0,0,0,0,0,0,0,0,0,0,1,1,0,0,0
6993,B1,1,1,3,4,0,0,0,0,0,0,0,0,0,0,1,1,0,0,0
6993,B2,1,0,1,4,0,0,0,0,0,0,0,0,0,0,1,1,1,10,2
6993,C1,18,2,1,0,0,0,0,0,0,0,0,0,0,0,1,2,0,0,0
7014,A1,5,10,0,2,0,0,0,0,0,0,0,0,0,0,1,2,2,16,11
7014,B0,0,5,19,1,0,0,0,0,0,0,0,0,0,0,1,1,0,0,0
7014,B1,2,1,1,1,0,0,0,0,0,0,0,0,0,0,1,2,0,0,0
7014,B2,2,0,2,4,0,0,0,0,0,0,0,0,0,0,1,1,1,10,2
7014,C1,20,2,1,0,0,0,0,0,0,0,0,0,0,0,1,2,0,0,0
7035,A1,3,13,0,2,0,0,0,0,0,0,0,0,0,1,0,2,2,16,11
7035,B0,0,1,20,2,0,0,0,0,0,0,0,0,0,1,0,1,0,0,0
7035,B1,2,2,1,1,0,0,0,0,0,0,0,0,0,1,0,2,0,0,0
7035,B2,3,0,5,5,0,0,0,0,0,0,0,0,0,1,0,1,1,10,2
7035,C1,20,1,1,0,0,0,0,0,0,0,0,0,0,1,0,2,0,0,0
7056,A1,2,13,0,4,0,0,0,0,0,0,0,0,0,1,0,2,2,16,11
7056,B0,0,1,20,2,0,0,0,0,0,0,0,0,0,1,0,1,0,0,0
7056,B1,1,1,1,1,0,0,0,0,0,0,0,0,0,1,0,1,0,0,0
7056,B2,1,0,7,6,0,0,0,0,0,0,0,0,0,1,0,1,1,10,2
7056,C1,18,2,4,0,0,0,0,0,0,0,0,0,0,1,0,2,0,0,0
7077,A1,1,10,0,1,0,0,0,0,0,0,0,0,0,0,1,2,2,16,11
7077,B0,0,2,19,1,0,0,0,0,0,0,0,0,0,0,1,1,0,0,0
7077,B1,1,1,1,3,0,0,0,0,0,0,0,0,0,0,1,1,0,0,0
7077,B2,2,0,4,4,0,0,0,0,0,0,0,0,0,0,1,1,1,10,2
7077,C1,18,1,1,0,0,0,0,0,0,0,0,0,0,0,1,2,0,0,0
7098,A1,6,10,0,1,0,0,0,0,0,0,0,0,0,0,1,2,2,16,11
7098,B0,0,4,17,1,0,0,0,0,0,0,0,0,0,0,1,1,0,0,0
7098,B1,2,1,1,2,0,0,0,0,0,0,0,0,0,0,1,1,0,0,0
7098,B2,3,0,4,9,0,0,0,0,0,0,0,0,0,0,1,1,1,10,2
7098,C1,20,3,1,0,0,0,0,0,0,0,0,0,0,0,1,2,0,0,0
7119,A1,4,11,0,1,0,0,0,0,0,0,0,0,0,1,0,2,2,16,11
7119,B0,0,1,18,2,0,0,0,0,0,0,0,0,0,1,0,1,0,0,0
7119,B1,5,2,1,1,0,0,0,0,0,0,0,0,0,1,0,2,0,0,0
7119,B2,1,0,1,6,0,0,0,0,0,0,0,0,0,1,0,1,1,10,2
7119,C1,20,3,3,0,0,0,0,0,0,0,0,0,0,1,0,2,0,0,0
7140,A1,1,9,0,3,0,0,0,0,0,0,0,0,0,1,0,2,2,16,11
7140,B0,0,2,20,5,0,0,0,0,0,0,0,0,0,1,0,1,0,0,0
7140,B1,1,4,1,1,0,0,0,0,0,0,0,0,0,1,0,2,0,0,0
7140,B2,1,0,4,8,0,0,0,0,0,0,0,0,0,1,0,1,1,10,2
7140,C1,19,3,2,0,0,0,0,0,0,0,0,0,0,1,0,2,0,0,0
7161,A1,1,7,0,1,0,0,0,0,0,0,0,0,0,0,1,2,2,16,11
7161,B0,0,1,20,3,0,0,0,0,0,0,0,0,0,0,1,1,0,0,0
7161,B1,1,1,4,1,0,0,0,0,0,0,0,0,0,0,1,1,0,0,0
7161,B2,6,0,2,8,0,0,0,0,0,0,0,0,0,0,1,1,1,10,2
7161,C1,20,4,1,0,0,0,0,0,0,0,0,0,0,0,1,2,0,0,0
7182,A1,3,7,0,3,0,0,0,0,0,0,0,0,0,0,1,2,2,16,11
7182,B0,0,1,18,2,0,0,0,0,0,0,0,0,0,0,1,1,0,0,0
7182,B1,1,1,1,1,0,0,0,0,0,0,0,0,0,0,1,1,0,0,0
7182,B2,6,0,3,5,0,0,0,0,0,0,0,0,0,0,1,1,1,10,2
7182,C1,20,5,3,0,0,0,0,0,0,0,0,0,0,0,1,2,0,0,0
7203,A1,3,7,0,1,0,0,0,0,0,0,0,0,0,1,0,2,2,16,11
7203,B0,0,1,19,3,0,0,0,0,0,0,0,0,0,1,0,1,0,0,0
7203,B1,6,4,1,1,0,0,0,0,0,0,0,0,0,1,0,2,0,0,0
7203,B2,5,0,1,2,0,0,0,0,0,0,0,0,0,1,0,2,1,10,2
7203,C1,20,5,3,0,0,0,0,0,0,0,0,0,0,1,0,2,0,0,0
7224,A1,1,8,0,2,0,0,0,0,0,0,0,0,0,1,0,2,2,16,11
7224,B0,0,1,20,5,0,0,0,0,0,0,0,0,0,1,0,1,0,0,0
7224,B1,3,1,1,1,0,0,0,0,0,0,0,0,0,1,0,2,0,0,0
7224,B2,2,0,2,4,0,0,0,0,0,0,0,0,0,1,0,1,1,10,2
7224,C1,20,2,4,0,0,0,0,0,0,0,0,0,0,1,0,2,0,0,0
7245,A1,1,7,0,5,0,0,0,0,0,0,0,0,0,1,0,2,2,16,11
7245,B0,0,5,20,7,0,0,0,0,0,0,0,0,0,1,0,1,0,0,0
7245,B1,1,1,3,3,0,0,0,0,0,0,0,0,0,1,0,1,0,0,0
7245,B2,1,0,1,5,0,0,0,0,0,0,0,0,0,1,0,1,1,10,2
7245,C1,18,1,7,0,0,0,0,0,0,0,0,0,0,1,0,2,0,0,0
7266,A1,2,10,0,2,0,0,0,0,0,0,0,0,0,0,1,2,2,16,11
7266,B0,0,7,20,1,0,0,0,0,0,0,0,0,0,0,1,1,0,0,0
7266,B1,1,1,1,2,0,0,0,0,0,0,0,0,0,0,1,1,0,0,0
7266,B2,1,0,2,1,0,0,0,0,0,0,0,0,0,0,1,1,1,10,2
7266,C1,20,2,1,0,0,0,0,0,0,0,0,0,0,0,1,2,0,0,0
7287,A1,2,11,0,1,0,0,0,0,0,0,0,0,0,0,1,2,2,16,11
7287,B0,0,7,20,1,0,0,0,0,0,0,0,0,0,0,1,1,0,0,0
7287,B1,1,1,1,1,0,0,0,0,0,0,0,0,0,0,1,1,0,0,0
7287,B2,5,0,1,1,0,0,0,0,0,0,0,0,0,0,1,2,1,10,2
7287,C1,20,3,1,0,0,0,0,0,0,0,0,0,0,0,1,2,0,0,0
7308,A1,1,10,0,1,0,0,0,0,0,0,0,0,0,1,0,2,2,16,11
7308,B0,0,1,20,2,0,0,0,0,0,0,0,0,0,1,0,1,0,0,0
7308,B1,3,1,1,1,0,0,0,0,0,0,0,0,0,1,0,2,0,0,0
7308,B2,1,0,2,3,0,0,0,0,0,0,0,0,0,1,0,1,1,10,2
7308,C1,20,4,1,0,0,0,0,0,0,0,0,0,0,1,0,2,0,0,0
7329,A1,2,8,0,4,0,0,0,0,0,0,0,0,0,1,0,2,2,16,11
7329,B0,0,1,20,4,0,0,0,0,0,0,0,0,0,1,0,1,0,0,0
7329,B1,1,1,3,2,0,0,0,0,0,0,0,0,0,1,0,1,0,0,0
7329,B2,1,0,3,4,0,0,0,0,0,0,0,0,0,1,0,1,1,10,2
7329,C1,16,3,2,0,0,0,0,0,0,0,0,0,0,1,0,2,0,0,0
7350,A1,4,8,0,1,0,0,0,0,0,0,0,0,0,0,1,2,2,16,11
7350,B0,0,1,19,2,0,0,0,0,0,0,0,0,0,0,1,1,0,0,0
7350,B1,1,1,2,4,0,0,0,0,0,0,0,0,0,0,1,1,0,0,0
7350,B2,1,0,3,3,0,0,0,0,0,0,0,0,0,0,1,1,1,10,2
7350,C1,17,1,1,0,0,0,0,0,0,0,0,0,0,0,1,2,0,0,0
7371,A1,5,8,0,1,0,0,0,0,0,0,0,0,0,0,1,2,2,16,11
7371,B0,0,4,21,1,0,0,0,0,0,0,0,0,0,0,1,1,0,0,0
7371,B1,1,2,1,1,0,0,0,0,0,0,0,0,0,0,1,2,0,0,0
7371,B2,3,0,2,3,0,0,0,0,0,0,0,0,0,0,1,1,1,10,2
7371,C1,20,4,2,0,0,0,0,0,0,0,0,0,0,0,1,2,0,0,0
7392,A1,1,8,0,1,0,0,0,0,0,0,0,0,0,1,0,2,2,16,11
7392,B0,0,1,19,3,0,0,0,0,0,0,0,0,0,1,0,1,0,0,0
7392,B1,1,2,1,1,0,0,0,0,0,0,0,0,0,1,0,2,0,0,0
7392,B2,3,0,4,5,0,0,0,0,0,0,0,0,0,1,0,1,1,10,2
7392,C1,20,2,1,0,0,0,0,0,0,0,0,0,0,1,0,2,0,0,0
7413,A1,4,8,0,2,0,0,0,0,0,0,0,0,0,1,0,2,2,16,11
7413,B0,0,2,20,2,0,0,0,0,0,0,0,0,0,1,0,1,0,0,0
7413,B1,1,1,2,2,0,0,0,0,0,0,0,0,0,1,0,1,0,0,0
7413,B2,2,0,6,5,0,0,0,0,0,0,0,0,0,1,0,1,1,10,2
7413,C1,17,3,1,0,0,0,0,0,0,0,0,0,0,1,0,2,0,0,0
7434,A1,4,9,0,3,0,0,0,0,0,0,0,0,0,0,1,2,2,16,11
7434,B0,0,1,20,3,0,0,0,0,0,0,0,0,0,0,1,1,0,0,0
7434,B1,1,1,1,4,0,0,0,0,0,0,0,0,0,0,1,1,0,0,0
7434,B2,1,0,4,4,0,0,0,0,0,0,0,0,0,0,1,1,1,10,2
7434,C1,18,1,1,0,0,0,0,0,0,0,0,0,0,0,1,2,0,0,0
7455,A1,6,9,0,2,0,0,0,0,0,0,0,0,0,0,1,2,2,16,11
7455,B0,0,3,20,1,0,0,0,0,0,0,0,0,0,0,1,1,0,0,0
7455,B1,2,4,1,1,0,0,0,0,0,0,0,0,0,0,1,2,0,0,0
7455,B2,2,0,1,6,0,0,0,0,0,0,0,0,0,0,1,1,1,10,2
7455,C1,20,3,2,0,0,0,0,0,0,0,0,0,0,0,1,2,0,0,0
7476,A1,5,11,0,2,0,0,0,0,0,0,0,0,0,1,0,2,2,16,11
7476,B0,0,4,19,2,0,0,0,0,0,0,0,0,0,1,0,1,0,0,0
7476,B1,1,1,1,1,0,0,0,0,0,0,0,0,0,1,0,1,0,0,0
7476,B2,1,0,5,5,0,0,0,0,0,0,0,0,0,1,0,1,1,10,2
7476,C1,20,2,1,0,0,0,0,0,0,0,0,0,0,1,0,2,0,0,0
7497,A1,1,13,0,3,0,0,0,0,0,0,0,0,0,1,0,2,2,16,11
7497,B0,0,3,19,2,0,0,0,0,0,0,0,0,0,1,0,1,0,0,0
7497,B1,1,1,1,1,0,0,0,0,0,0,0,0,0,1,0,1,0,0,0
7497,B2,1,0,2,5,0,0,0,0,0,0,0,0,0,1,0,1,1,10,2
7497,C1,17,2,1,0,0,0,0,0,0,0,0,0,0,1,0,2,0,0,0
7518,A1,3,11,0,2,0,0,0,0,0,0,0,0,0,0,1,2,2,16,11
7518,B0,0,1,19,1,0,0,0,0,0,0,0,0,0,0,1,1,0,0,0
7518,B1,1,1,1,2,0,0,0,0,0,0,0,0,0,0,1,1,0,0,0
7518,B2,1,0,2,6,0,0,0,0,0,0,0,0,0,0,1,1,1,10,2
7518,C1,19,2,1,0,0,0,0,0,0,0,0,0,0,0,1,2,0,0,0
7539,A1,4,12,0,1,0,0,0,0,0,0,0,0,0,0,1,2,2,16,11
7539,B0,0,1,20,1,0,0,0,0,0,0,0,0,0,0,1,1,0,0,0
7539,B1,1,1,1,1,0,0,0,0,0,0,0,0,0,0,1,1,0,0,0
7539,B2,1,0,1,8,0,0,0,0,0,0,0,0,0,0,1,1,1,10,2
7539,C1,20,3,1,0,0,0,0,0,0,0,0,0,0,0,1,2,0,0,0
7560,A1,6,12,0,2,0,0,0,0,0,0,0,0,0,0,1,2,2,16,11
7560,B0,0,4,19,3,0,0,0,0,0,0,0,0,0,0,1,1,0,0,0
7560,B1,1,3,1,1,0,0,0,0,0,0,0,0,0,0,1,2,0,0,0
7560,B2,3,0,1,8,0,0,0,0,0,0,0,0,0,0,1,1,1,10,2
7560,C1,20,5,1,0,0,0,0,0,0,0,0,0,0,0,1,2,0,0,0
7581,A1,4,12,0,1,0,0,0,0,0,0,0,0,0,1,0,2,2,16,11
7581,B0,0,1,20,3,0,0,0,0,0,0,0,0,0,1,0,1,0,0,0
7581,B1,1,2,1,1,0,0,0,0,0,0,0,0,0,1,0,2,0,0,0
7581,B2,1,0,4,9,0,0,0,0,0,0,0,0,0,1,0,1,1,10,2
7581,C1,19,1,1,0,0,0,0,0,0,0,0,0,0,1,0,2,0,0,0
7602,A1,1,13,0,2,0,0,0,0,0,0,0,0,0,1,0,2,2,16,11
7602,B0,0,1,20,3,0,0,0,0,0,0,0,0,0,1,0,1,0,0,0
7602,B1,1,1,1,2,0,0,0,0,0,0,0,0,0,1,0,1,0,0,0
7602,B2,1,0,6,9,0,0,0,0,0,0,0,0,0,1,0,1,1,10,2
7602,C1,18,3,2,0,0,0,0,0,0,0,0,0,0,1,0,2,0,0,0
7623,A1,1,12,0,1,0,0,0,0,0,0,0,0,0,0,1,2,2,16,11
7623,B0,0,2,19,1,0,0,0,0,0,0,0,0,0,0,1,1,0,0,0
7623,B1,1,1,1,2,0,0,0,0,0,0,0,0,0,0,1,1,0,0,0
7623,B2,1,0,1,12,0,0,0,0,0,0,0,0,0,0,1,1,1,10,2
7623,C1,19,9,1,0,0,0,0,0,0,0,0,0,0,0,1,2,0,0,0
7644,A1,2,12,0,1,0,0,0,0,0,0,0,0,0,0,1,2,2,16,11
7644,B0,0,4,20,1,0,0,0,0,0,0,0,0,0,0,1,1,0,0,0
7644,B1,2,2,1,1,0,0,0,0,0,0,0,0,0,0,1,2,0,0,0
7644,B2,2,0,1,14,0,0,0,0,0,0,0,0,0,0,1,1,1,10,2
7644,C1,20,1,2,0,0,0,0,0,0,0,0,0,0,0,1,2,0,0,0
7665,A1,2,11,0,1,0,0,0,0,0,0,0,0,0,1,0,2,2,16,11
7665,B0,0,1,19,2,0,0,0,0,0,0,0,0,0,1,0,1,0,0,0
7665,B1,1,2,1,1,0,0,0,0,0,0,0,0,0,1,0,2,0,0,0
7665,B2,1,0,1,16,0,0,0,0,0,0,0,0,0,1,0,1,1,10,2
7665,C1,17,2,1,0,0,0,0,0,0,0,0,0,0,1,0,2,0,0,0
7686,A1,3,10,0,2,0,0,0,0,0,0,0,0,0,1,0,2,2,16,11
7686,B0,0,1,20,4,0,0,0,0,0,0,0,0,0,1,0,1,0,0,0
7686,B1,1,1,3,2,0,0,0,0,0,0,0,0,0,1,0,1,0,0,0
7686,B2,1,0,3,16,0,0,0,0,0,0,0,0,0,1,0,1,1,10,2
7686,C1,16,2,3,0,0,0,0,0,0,0,0,0,0,1,0,2,0,0,0
7707,A1,2,10,0,1,0,0,0,0,0,0,0,0,0,0,1,2,2,16,11
7707,B0,0,1,20,3,0,0,0,0,0,0,0,0,0,0,1,1,0,0,0
7707,B1,1,1,5,5,0,0,0,0,0,0,0,0,0,0,1,1,0,0,0
7707,B2,1,0,1,16,0,0,0,0,0,0,0,0,0,0,1,1,1,10,2
7707,C1,19,2,1,0,0,0,0,0,0,0,0,0,0,0,1,2,0,0,0
7728,A1,5,11,0,3,0,0,0,0,0,0,0,0,0,0,1,2,2,16,11
7728,B0,0,3,19,1,0,0,0,0,0,0,0,0,0,0,1,1,0,0,0
7728,B1,2,2,1,4,0,0,0,0,0,0,0,0,0,0,1,1,0,0,0
7728,B2,4,0,4,18,0,0,0,0,0,0,0,0,0,0,1,1,1,10,2
7728,C1,20,3,1,0,0,0,0,0,0,0,0,0,0,0,1,2,0,0,0
7749,A1,3,13,0,4,0,0,0,0,0,0,0,0,0,1,0,2,2,16,11
7749,B0,0,1,17,1,0,0,0,0,0,0,0,0,0,1,0,1,0,0,0
7749,B1,3,1,1,2,0,0,0,0,0,0,0,0,0,1,0,2,0,0,0
7749,B2,2,0,2,15,0,0,0,0,0,0,0,0,0,1,0,1,1,10,2
7749,C1,20,5,2,0,0,0,0,0,0,0,0,0,0,1,0,2,0,0,0
7770,A1,2,15,0,4,0,0,0,0,0,0,0,0,0,1,0,2,2,16,11
7770,B0,0,2,20,3,0,0,0,0,0,0,0,0,0,1,0,1,0,0,0
7770,B1,1,3,1,2,0,0,0,0,0,0,0,0,0,1,0,2,0,0,0
7770,B2,3,0,3,16,0,0,0,0,0,0,0,0,0,1,0,1,1,10,2
7770,C1,14,2,3,0,0,0,0,0,0,0,0,0,0,1,0,2,0,0,0
7791,A1,1,13,0,3,0,0,0,0,0,0,0,0,0,0,1,2,2,16,11
7791,B0,0,1,20,1,0,0,0,0,0,0,0,0,0,0,1,1,0,0,0
7791,B1,1,1,2,5,0,0,0,0,0,0,0,0,0,0,1,1,0,0,0
7791,B2,4,0,1,16,0,0,0,0,0,0,0,0,0,0,1,1,1,10,2
7791,C1,19,2,2,0,0,0,0,0,0,0,0,0,0,0,1,2,0,0,0
7812,A1,2,13,0,2,0,0,0,0,0,0,0,0,0,0,1,2,2,16,11
7812,B0,0,4,17,1,0,0,0,0,0,0,0,0,0,0,1,1,0,0,0
7812,B1,2,1,1,1,0,0,0,0,0,0,0,0,0,0,1,2,0,0,0
7812,B2,5,0,1,19,0,0,0,0,0,0,0,0,0,0,1,1,1,10,2
7812,C1,20,2,1,0,0,0,0,0,0,0,0,0,0,0,1,2,0,0,0
7833,A1,1,14,0,1,0,0,0,0,0,0,0,0,0,1,0,2,2,16,11
7833,B0,0,5,17,1,0,0,0,0,0,0,0,0,0,1,0,1,0,0,0
7833,B1,2,1,1,1,0,0,0,0,0,0,0,0,0,1,0,2,0,0,0
7833,B2,6,0,2,19,0,0,0,0,0,0,0,0,0,1,0,1,1,10,2
7833,C1,20,2,1,0,0,0,0,0,0,0,0,0,0,1,0,2,0,0,0
7854,A1,1,14,0,1,0,0,0,0,0,0,0,0,0,1,0,2,2,16,11
7854,B0,0,2,20,2,0,0,0,0,0,0,0,0,0,1,0,1,0,0,0
7854,B1,1,1,1,1,0,0,0,0,0,0,0,0,0,1,0,1,0,0,0
7854,B2,1,0,5,20,0,0,0,0,0,0,0,0,0,1,0,1,1,10,2
7854,C1,19,1,2,0,0,0,0,0,0,0,0,0,0,1,0,2,0,0,0
7875,A1,2,9,0,4,0,0,0,0,0,0,0,0,0,1,0,2,2,16,11
7875,B0,0,1,20,3,0,0,0,0,0,0,0,0,0,1,0,1,0,0,0
7875,B1,1,1,2,2,0,0,0,0,0,0,0,0,0,1,0,1,0,0,0
7875,B2,1,0,6,20,0,0,0,0,0,0,0,0,0,1,0,1,1,10,2
7875,C1,18,1,5,0,0,0,0,0,0,0,0,0,0,1,0,2,0,0,0
7896,A1,3,10,0,1,0,0,0,0,0,0,0,0,0,0,1,2,2,16,11
7896,B0,0,1,16,2,0,0,0,0,0,0,0,0,0,0,1,1,0,0,0
7896,B1,1,1,2,3,0,0,0,0,0,0,0,0,0,0,1,1,0,0,0
7896,B2,2,0,3,19,0,0,0,0,0,0,0,0,0,0,1,1,1,10,2
7896,C1,20,4,2,0,0,0,0,0,0,0,0,0,0,0,1,2,0,0,0
7917,A1,3,10,0,1,0,0,0,0,0,0,0,0,0,0,1,2,2,16,11
7917,B0,0,2,18,2,0,0,0,0,0,0,0,0,0,0,1,1,0,0,0
7917,B1,3,3,1,2,0,0,0,0,0,0,0,0,0,0,1,2,0,0,0
7917,B2,3,0,1,17,0,0,0,0,0,0,0,0,0,0,1,1,1,10,2
7917,C1,20,5,2,0,0,0,0,0,0,0,0,0,0,0,1,2,0,0,0
7938,A1,3,11,0,3,0,0,0,0,0,0,0,0,0,1,0,2,2,16,11
7938,B0,0,1,20,3,0,0,0,0,0,0,0,0,0,1,0,1,0,0,0
7938,B1,4,3,1,2,0,0,0,0,0,0,0,0,0,1,0,2,0,0,0
7938,B2,1,0,1,19,0,0,0,0,0,0,0,0,0,1,0,1,1,10,2
7938,C1,19,2,2,0,0,0,0,0,0,0,0,0,0,1,0,2,0,0,0
7959,A1,2,6,0,5,0,0,0,0,0,0,0,0,0,1,0,2,2,16,11
7959,B0,0,2,20,5,0,0,0,0,0,0,0,0,0,1,0,1,0,0,0
7959,B1,1,1,2,2,0,0,0,0,0,0,0,0,0,1,0,1,0,0,0
7959,B2,3,0,3,20,0,0,0,0,0,0,0,0,0,1,0,1,1,10,2
7959,C1,20,1,6,0,0,0,0,0,0,0,0,0,0,1,0,2,0,0,0
7980,A1,2,6,0,1,0,0,0,0,0,0,0,0,0,0,1,2,2,16,11
7980,B0,0,2,20,3,0,0,0,0,0,0,0,0,0,0,1,1,0,0,0
7980,B1,1,1,2,3,0,0,0,0,0,0,0,0,0,0,1,1,0,0,0
7980,B2,3,0,1,18,0,0,0,0,0,0,0,0,0,0,1,1,1,10,2
7980,C1,20,1,2,0,0,0,0,0,0,0,0,0,0,0,1,2,0,0,0
8001,A1,3,6,0,1,0,0,0,0,0,0,0,0,0,0,1,2,2,16,11
8001,B0,0,2,19,2,0,0,0,0,0,0,0,0,0,0,1,1,0,0,0
8001,B1,1,1,1,1,0,0,0,0,0,0,0,0,0,0,1,1,0,0,0
8001,B2,5,0,1,17,0,0,0,0,0,0,0,0,0,0,1,1,1,10,2
8001,C1,20,5,2,0,0,0,0,0,0,0,0,0,0,0,1,2,0,0,0
8022,A1,1,5,0,1,0,0,0,0,0,0,0,0,0,1,0,2,2,16,11
8022,B0,0,3,20,4,0,0,0,0,0,0,0,0,0,1,0,1,0,0,0
8022,B1,2,1,1,1,0,0,0,0,0,0,0,0,0,1,0,2,0,0,0
8022,B2,2,0,1,19,0,0,0,0,0,0,0,0,0,1,0,1,1,10,2
8022,C1,20,2,3,0,0,0,0,0,0,0,0,0,0,1,0,2,0,0,0
8043,A1,2,9,0,3,0,0,0,0,0,0,0,0,0,1,0,2,2,16,11
8043,B0,0,1,20,6,0,0,0,0,0,0,0,0,0,1,0,1,0,0,0
8043,B1,1,1,2,2,0,0,0,0,0,0,0,0,0,1,0,1,0,0,0
8043,B2,1,0,2,20,0,0,0,0,0,0,0,0,0,1,0,1,1,10,2
8043,C1,18,3,3,0,0,0,0,0,0,0,0,0,0,1,0,2,0,0,0
8064,A1,2,8,0,1,0,0,0,0,0,0,0,0,0,0,1,2,2,16,11
8064,B0,0,1,20,4,0,0,0,0,0,0,0,0,0,0,1,1,0,0,0
8064,B1,1,1,3,3,0,0,0,0,0,0,0,0,0,0,1,1,0,0,0
8064,B2,2,0,3,20,0,0,0,0,0,0,0,0,0,0,1,1,1,10,2
8064,C1,18,2,3,0,0,0,0,0,0,0,0,0,0,0,1,2,0,0,0
8085,A1,2,9,0,1,0,0,0,0,0,0,0,0,0,0,1,2,2,16,11
8085,B0,0,1,19,2,0,0,0,0,0,0,0,0,0,0,1,1,0,0,0
8085,B1,1,2,1,2,0,0,0,0,0,0,0,0,0,0,1,1,0,0,0
8085,B2,2,0,3,18,0,0,0,0,0,0,0,0,0,0,1,1,1,10,2
8085,C1,20,6,3,0,0,0,0,0,0,0,0,0,0,0,1,2,0,0,0
8106,A1,2,9,0,2,0,0,0,0,0,0,0,0,0,1,0,2,2,16,11
8106,B0,0,2,19,1,0,0,0,0,0,0,0,0,0,1,0,1,0,0,0
8106,B1,4,3,1,1,0,0,0,0,0,0,0,0,0,1,0,2,0,0,0
8106,B2,3,0,2,19,0,0,0,0,0,0,0,0,0,1,0,1,1,10,2
8106,C1,20,5,2,0,0,0,0,0,0,0,0,0,0,1,0,2,0,0,0
8127,A1,1,10,0,3,0,0,0,0,0,0,0,0,0,1,0,2,2,16,11
8127,B0,0,1,20,3,0,0,0,0,0,0,0,0,0,1,0,1,0,0,0
8127,B1,1,1,1,1,0,0,0,0,0,0,0,0,0,1,0,1,0,0,0
8127,B2,1,0,5,20,0,0,0,0,0,0,0,0,0,1,0,1,1,10,2
8127,C1,19,2,3,0,0,0,0,0,0,0,0,0,0,1,0,2,0,0,0
8148,A1,3,6,0,2,0,0,0,0,0,0,0,0,0,0,1,2,2,16,11
8148,B0,0,1,20,2,0,0,0,0,0,0,0,0,0,0,1,1,0,0,0
8148,B1,1,1,1,2,0,0,0,0,0,0,0,0,0,0,1,1,0,0,0
8148,B2,1,0,4,20,0,0,0,0,0,0,0,0,0,0,1,1,1,10,2
8148,C1,16,3,4,0,0,0,0,0,0,0,0,0,0,0,1,2,0,0,0
8169,A1,3,8,0,2,0,0,0,0,0,0,0,0,0,0,1,2,2,16,11
8169,B0,0,2,20,3,0,0,0,0,0,0,0,0,0,0,1,1,0,0,0
8169,B1,1,1,2,3,0,0,0,0,0,0,0,0,0,0,1,1,0,0,0
8169,B2,2,0,4,20,0,0,0,0,0,0,0,0,0,0,1,1,1,10,2
8169,C1,20,4,1,0,0,0,0,0,0,0,0,0,0,0,1,2,0,0,0
8190,A1,4,8,0,1,0,0,0,0,0,0,0,0,0,0,1,2,2,16,11
8190,B0,0,5,20,3,0,0,0,0,0,0,0,0,0,0,1,1,0,0,0
8190,B1,2,1,1,1,0,0,0,0,0,0,0,0,0,0,1,2,0,0,0
8190,B2,2,0,2,19,0,0,0,0,0,0,0,0,0,0,1,1,1,10,2
8190,C1,20,6,1,0,0,0,0,0,0,0,0,0,0,0,1,2,0,0,0
8211,A1,3,9,0,2,0,0,0,0,0,0,0,0,0,1,0,2,2,16,11
8211,B0,0,4,20,4,0,0,0,0,0,0,0,0,0,1,0,1,0,0,0
8211,B1,5,2,1,1,0,0,0,0,0,0,0,0,0,1,0,2,0,0,0
8211,B2,1,0,1,20,0,0,0,0,0,0,0,0,0,1,0,1,1,10,2
8211,C1,20,2,3,0,0,0,0,0,0,0,0,0,0,1,0,2,0,0,0
8232,A1,2,9,0,4,0,0,0,0,0,0,0,0,0,1,0,2,2,16,11
8232,B0,0,2,20,6,0,0,0,0,0,0,0,0,0,1,0,1,0,0,0
8232,B1,1,1,3,4,0,0,0,0,0,0,0,0,0,1,0,1,0,0,0
8232,B2,1,0,4,20,0,0,0,0,0,0,0,0,0,1,0,1,1,10,2
8232,C1,20,1,4,0,0,0,0,0,0,0,0,0,0,1,0,2,0,0,0
8253,A1,3,7,0,1,0,0,0,0,0,0,0,0,0,0,1,2,2,16,11
8253,B0,0,3,20,4,0,0,0,0,0,0,0,0,0,0,1,1,0,0,0
8253,B1,1,1,3,1,0,0,0,0,0,0,0,0,0,0,1,1,0,0,0
8253,B2,3,0,1,18,0,0,0,0,0,0,0,0,0,0,1,1,1,10,2
8253,C1,20,1,2,0,0,0,0,0,0,0,0,0,0,0,1,2,0,0,0
8274,A1,4,7,0,2,0,0,0,0,0,0,0,0,0,0,1,2,2,16,11
8274,B0,0,6,20,1,0,0,0,0,0,0,0,0,0,0,1,1,0,0,0
8274,B1,2,4,1,1,0,0,0,0,0,0,0,0,0,0,1,2,0,0,0
8274,B2,4,0,1,15,0,0,0,0,0,0,0,0,0,0,1,1,1,10,2
8274,C1,20,2,1,0,0,0,0,0,0,0,0,0,0,0,1,2,0,0,0
8295,A1,3,7,0,1,0,0,0,0,0,0,0,0,0,1,0,2,2,16,11
8295,B0,0,1,20,2,0,0,0,0,0,0,0,0,0,1,0,1,0,0,0
8295,B1,2,2,1,1,0,0,0,0,0,0,0,0,0,1,0,2,0,0,0
8295,B2,1,0,3,19,0,0,0,0,0,0,0,0,0,1,0,1,1,10,2
8295,C1,18,1,1,0,0,0,0,0,0,0,0,0,0,1,0,2,0,0,0
8316,A1,3,8,0,1,0,0,0,0,0,0,0,0,0,1,0,2,2,16,11
8316,B0,0,4,20,3,0,0,0,0,0,0,0,0,0,1,0,1,0,0,0
8316,B1,1,1,1,2,0,0,0,0,0,0,0,0,0,1,0,1,0,0,0
8316,B2,1,0,5,20,0,0,0,0,0,0,0,0,0,1,0,1,1,10,2
8316,C1,16,2,3,0,0,0,0,0,0,0,0,0,0,1,0,2,0,0,0
8337,A1,1,7,0,2,0,0,0,0,0,0,0,0,0,0,1,2,2,16,11
8337,B0,0,4,20,1,0,0,0,0,0,0,0,0,0,0,1,1,0,0,0
8337,B1,1,1,2,4,0,0,0,0,0,0,0,0,0,0,1,1,0,0,0
8337,B2,1,0,3,20,0,0,0,0,0,0,0,0,0,0,1,1,1,10,2
8337,C1,19,1,1,0,0,0,0,0,0,0,0,0,0,0,1,2,0,0,0
8358,A1,2,7,0,1,0,0,0,0,0,0,0,0,0,0,1,2,2,16,11
8358,B0,0,4,15,1,0,0,0,0,0,0,0,0,0,0,1,1,0,0,0
8358,B1,2,2,1,1,0,0,0,0,0,0,0,0,0,0,1,2,0,0,0
8358,B2,3,0,1,21,0,0,0,0,0,0,0,0,0,0,1,1,1,10,2
8358,C1,20,5,2,0,0,0,0,0,0,0,0,0,0,0,1,2,0,0,0
8379,A1,5,7,0,2,0,0,0,0,0,0,0,0,0,1,0,2,2,16,11
8379,B0,0,3,16,1,0,0,0,0,0,0,0,0,0,1,0,1,0,0,0
8379,B1,7,1,1,1,0,0,0,0,0,0,0,0,0,1,0,2,0,0,0
8379,B2,3,0,2,20,0,0,0,0,0,0,0,0,0,1,0,1,1,10,2
8379,C1,20,3,1,0,0,0,0,0,0,0,0,0,0,1,0,2,0,0,0
8400,A1,1,8,0,1,0,0,0,0,0,0,0,0,0,1,0,2,2,16,11
8400,B0,0,1,20,1,0,0,0,0,0,0,0,0,0,1,0,1,0,0,0
8400,B1,2,2,1,1,0,0,0,0,0,0,0,0,0,1,0,2,0,0,0
8400,B2,1,0,4,20,0,0,0,0,0,0,0,0,0,1,0,1,1,10,2
8400,C1,18,4,2,0,0,0,0,0,0,0,0,0,0,1,0,2,0,0,0
8421,A1,1,3,0,2,0,0,0,0,0,0,0,0,0,0,1,2,2,16,11
8421,B0,0,1,20,1,0,0,0,0,0,0,0,0,0,0,1,1,0,0,0
8421,B1,1,1,2,1,0,0,0,0,0,0,0,0,0,0,1,1,0,0,0
8421,B2,4,0,3,20,0,0,0,0,0,0,0,0,0,0,1,1,1,10,2
8421,C1,20,3,2,0,0,0,0,0,0,0,0,0,0,0,1,2,0,0,0
8442,A1,1,5,0,1,0,0,0,0,0,0,0,0,0,0,1,2,2,16,11
8442,B0,0,2,20,1,0,0,0,0,0,0,0,0,0,0,1,1,0,0,0
8442,B1,1,1,1,3,0,0,0,0,0,0,0,0,0,0,1,1,0,0,0
8442,B2,6,0,2,20,0,0,0,0,0,0,0,0,0,0,1,1,1,10,2
8442,C1,20,7,1,0,0,0,0,0,0,0,0,0,0,0,1,2,0,0,0
8463,A1,1,5,0,1,0,0,0,0,0,0,0,0,0,1,0,2,2,16,11
8463,B0,0,3,20,3,0,0,0,0,0,0,0,0,0,1,0,1,0,0,0
8463,B1,1,5,1,1,0,0,0,0,0,0,0,0,0,1,0,2,0,0,0
8463,B2,6,0,1,18,0,0,0,0,0,0,0,0,0,1,0,1,1,10,2
8463,C1,20,6,2,0,0,0,0,0,0,0,0,0,0,1,0,2,0,0,0
8484,A1,2,5,0,1,0,0,0,0,0,0,0,0,0,1,0,2,2,16,11
8484,B0,0,1,20,4,0,0,0,0,0,0,0,0,0,1,0,1,0,0,0
8484,B1,1,1,1,1,0,0,0,0,0,0,0,0,0,1,0,1,0,0,0
8484,B2,1,0,1,20,0,0,0,0,0,0,0,0,0,1,0,1,1,10,2
8484,C1,20,1,3,0,0,0,0,0,0,0,0,0,0,1,0,2,0,0,0
8505,A1,1,6,0,3,0,0,0,0,0,0,0,0,0,1,0,2,2,16,11
8505,B0,0,1,20,5,0,0,0,0,0,0,0,0,0,1,0,1,0,0,0
8505,B1,1,1,2,4,0,0,0,0,0,0,0,0,0,1,0,1,0,0,0
8505,B2,1,0,1,20,0,0,0,0,0,0,0,0,0,1,0,1,1,10,2
8505,C1,19,1,6,0,0,0,0,0,0,0,0,0,0,1,0,2,0,0,0
8526,A1,5,8,0,1,0,0,0,0,0,0,0,0,0,0,1,2,2,16,11
8526,B0,0,3,20,2,0,0,0,0,0,0,0,0,0,0,1,1,0,0,0
8526,B1,1,1,2,3,0,0,0,0,0,0,0,0,0,0,1,1,0,0,0
8526,B2,1,0,2,13,0,0,0,0,0,0,0,0,0,0,1,1,1,10,2
8526,C1,19,4,1,0,0,0,0,0,0,0,0,0,0,0,1,2,0,0,0
8547,A1,6,8,0,1,0,0,0,0,0,0,0,0,0,0,1,2,2,16,11
8547,B0,0,5,21,1,0,0,0,0,0,0,0,0,0,0,1,1,0,0,0
8547,B1,2,6,1,1,0,0,0,0,0,0,0,0,0,0,1,2,0,0,0
8547,B2,3,0,3,17,0,0,0,0,0,0,0,0,0,0,1,1,1,10,2
8547,C1,20,8,2,0,0,0,0,0,0,0,0,0,0,0,1,2,0,0,0
8568,A1,2,11,0,2,0,0,0,0,0,0,0,0,0,1,0,2,2,16,11
8568,B0,0,2,20,1,0,0,0,0,0,0,0,0,0,1,0,1,0,0,0
8568,B1,1,1,1,1,0,0,0,0,0,0,0,0,0,1,0,1,0,0,0
8568,B2,1,0,1,20,0,0,0,0,0,0,0,0,0,1,0,1,1,10,2
8568,C1,21,2,2,0,0,0,0,0,0,0,0,0,0,1,0,2,0,0,0
8589,A1,3,9,0,3,0,0,0,0,0,0,0,0,0,1,0,2,2,16,11
8589,B0,0,5,20,2,0,0,0,0,0,0,0,0,0,1,0,1,0,0,0
8589,B1,1,1,2,2,0,0,0,0,0,0,0,0,0,1,0,1,0,0,0
8589,B2,2,0,2,20,0,0,0,0,0,0,0,0,0,1,0,1,1,10,2
8589,C1,16,1,4,0,0,0,0,0,0,0,0,0,0,1,0,2,0,0,0
8610,A1,5,8,0,1,0,0,0,0,0,0,0,0,0,0,1,2,2,16,11
8610,B0,0,3,19,5,0,0,0,0,0,0,0,0,0,0,1,1,0,0,0
8610,B1,1,1,2,1,0,0,0,0,0,0,0,0,0,0,1,1,0,0,0
8610,B2,3,0,1,20,0,0,0,0,0,0,0,0,0,0,1,1,1,10,2
8610,C1,17,6,1,0,0,0,0,0,0,0,0,0,0,0,1,2,0,0,0
8631,A1,8,8,0,1,0,0,0,0,0,0,0,0,0,0,1,2,2,16,11
8631,B0,0,5,19,4,0,0,0,0,0,0,0,0,0,0,1,1,0,0,0
8631,B1,3,1,1,1,0,0,0,0,0,0,0,0,0,0,1,2,0,0,0
8631,B2,5,0,3,21,0,0,0,0,0,0,0,0,0,0,1,1,1,10,2
8631,C1,20,6,1,0,0,0,0,0,0,0,0,0,0,0,1,2,0,0,0
8652,A1,4,9,0,2,0,0,0,0,0,0,0,0,0,1,0,2,2,16,11
8652,B0,0,2,18,1,0,0,0,0,0,0,0,0,0,1,0,1,0,0,0
8652,B1,3,2,1,1,0,0,0,0,0,0,0,0,0,1,0,2,0,0,0
8652,B2,2,0,1,20,0,0,0,0,0,0,0,0,0,1,0,1,1,10,2
8652,C1,16,2,2,0,0,0,0,0,0,0,0,0,0,1,0,2,1,9,3
8673,A1,1,10,0,3,0,0,0,0,0,0,0,0,0,1,0,2,2,16,11
8673,B0,0,2,20,1,0,0,0,0,0,0,0,0,0,1,0,1,0,0,0
8673,B1,2,1,1,4,0,0,0,0,0,0,0,0,0,1,0,1,0,0,0
8673,B2,2,0,3,20,0,0,0,0,0,0,0,0,0,1,0,1,1,10,2
8673,C1,17,4,3,0,0,0,0,0,0,0,0,0,0,1,0,2,1,9,3
8694,A1,4,8,0,2,0,0,0,0,0,0,0,0,0,0,1,2,2,16,11
8694,B0,0,1,20,2,0,0,0,0,0,0,0,0,0,0,1,1,0,0,0
8694,B1,1,1,2,4,0,0,0,0,0,0,0,0,0,0,1,1,0,0,0
8694,B2,2,0,4,20,0,0,0,0,0,0,0,0,0,0,1,1,1,10,2
8694,C1,19,1,1,0,0,0,0,0,0,0,0,0,0,0,1,2,1,9,3
8715,A1,2,10,0,3,0,0,0,0,0,0,0,0,0,0,1,2,2,16,11
8715,B0,0,2,13,1,0,0,0,0,0,0,0,0,0,0,1,1,0,0,0
8715,B1,1,1,1,2,0,0,0,0,0,0,0,0,0,0,1,1,0,0,0
8715,B2,3,0,3,20,0,0,0,0,0,0,0,0,0,0,1,1,1,10,2
8715,C1,20,4,2,0,0,0,0,0,0,0,0,0,0,0,1,2,1,9,3
8736,A1,3,10,0,1,0,0,0,0,0,0,0,0,0,1,0,2,2,16,11
8736,B0,0,4,13,2,0,0,0,0,0,0,0,0,0,1,0,1,0,0,0
8736,B1,7,1,1,1,0,0,0,0,0,0,0,0,0,1,0,2,0,0,0
8736,B2,5,0,2,20,0,0,0,0,0,0,0,0,0,1,0,1,1,10,2
8736,C1,20,5,2,0,0,0,0,0,0,0,0,0,0,1,0,2,1,9,3
8757,A1,2,9,0,2,0,0,0,0,0,0,0,0,0,1,0,2,2,16,11
8757,B0,0,1,20,2,0,0,0,0,0,0,0,0,0,1,0,1,0,0,0
8757,B1,6,1,3,1,0,0,0,0,0,0,0,0,0,1,0,2,0,0,0
8757,B2,1,0,3,20,0,0,0,0,0,0,0,0,0,1,0,1,1,10,2
8757,C1,21,2,3,0,0,0,0,0,0,0,0,0,0,1,0,2,1,9,3
8778,A1,1,4,0,2,0,0,0,0,0,0,0,0,0,0,1,2,2,16,11
8778,B0,0,2,20,2,0,0,0,0,0,0,0,0,0,0,1,1,0,0,0
8778,B1,1,1,2,5,0,0,0,0,0,0,0,0,0,0,1,1,0,0,0
8778,B2,2,0,5,20,0,0,0,0,0,0,0,0,0,0,1,1,1,10,2
8778,C1,17,2,4,0,0,0,0,0,0,0,0,0,0,0,1,2,1,9,3
8799,A1,1,4,0,3,0,0,0,0,0,0,0,0,0,0,1,2,2,16,11
8799,B0,0,3,19,1,0,0,0,0,0,0,0,0,0,0,1,1,0,0,0
8799,B1,1,1,3,6,0,0,0,0,0,0,0,0,0,0,1,1,0,0,0
8799,B2,5,0,1,20,0,0,0,0,0,0,0,0,0,0,1,1,1,10,2
8799,C1,20,5,1,0,0,0,0,0,0,0,0,0,0,0,1,2,1,9,3
8820,A1,1,6,0,1,0,0,0,0,0,0,0,0,0,0,1,2,2,16,11
8820,B0,0,8,19,1,0,0,0,0,0,0,0,0,0,0,1,1,0,0,0
8820,B1,2,1,1,1,0,0,0,0,0,0,0,0,0,0,1,2,0,0,0
8820,B2,7,0,1,19,0,0,0,0,0,0,0,0,0,0,1,1,1,10,2
8820,C1,20,6,1,0,0,0,0,0,0,0,0,0,0,0,1,2,1,9,3
8841,A1,1,4,0,3,0,0,0,0,0,0,0,0,0,1,0,2,2,16,11
8841,B0,0,5,20,2,0,0,0,0,0,0,0,0,0,1,0,1,0,0,0
8841,B1,2,1,1,1,0,0,0,0,0,0,0,0,0,1,0,2,0,0,0
8841,B2,1,0,2,20,0,0,0,0,0,0,0,0,0,1,0,1,1,10,2
8841,C1,20,3,1,0,0,0,0,0,0,0,0,0,0,1,0,2,1,9,3
8862,A1,1,6,0,6,0,0,0,0,0,0,0,0,0,1,0,2,2,16,11
8862,B0,0,1,20,6,0,0,0,0,0,0,0,0,0,1,0,1,0,0,0
8862,B1,1,1,3,3,0,0,0,0,0,0,0,0,0,1,0,1,0,0,0
8862,B2,1,0,3,20,0,0,0,0,0,0,0,0,0,1,0,1,1,10,2
8862,C1,19,1,2,0,0,0,0,0,0,0,0,0,0,1,0,2,1,9,3
8883,A1,3,8,0,1,0,0,0,0,0,0,0,0,0,0,1,2,2,16,11
8883,B0,0,2,20,2,0,0,0,0,0,0,0,0,0,0,1,1,0,0,0
8883,B1,1,1,1,3,0,0,0,0,0,0,0,0,0,0,1,1,0,0,0
8883,B2,2,0,1,16,0,0,0,0,0,0,0,0,0,0,1,1,1,10,2
8883,C1,20,3,1,0,0,0,0,0,0,0,0,0,0,0,1,2,1,9,3
8904,A1,5,8,0,1,0,0,0,0,0,0,0,0,0,0,1,2,2,16,11
8904,B0,0,3,21,2,0,0,0,0,0,0,0,0,0,0,1,1,0,0,0
8904,B1,1,1,1,1,0,0,0,0,0,0,0,0,0,0,1,1,0,0,0
8904,B2,2,0,1,13,0,0,0,0,0,0,0,0,0,0,1,1,1,10,2
8904,C1,20,4,1,0,0,0,0,0,0,0,0,0,0,0,1,2,1,9,3
8925,A1,4,10,0,1,0,0,0,0,0,0,0,0,0,1,0,2,2,16,11
8925,B0,0,2,19,3,0,0,0,0,0,0,0,0,0,1,0,1,0,0,0
8925,B1,2,5,1,1,0,0,0,0,0,0,0,0,0,1,0,2,0,0,0
8925,B2,1,0,2,16,0,0,0,0,0,0,0,0,0,1,0,1,1,10,2
8925,C1,20,1,2,0,0,0,0,0,0,0,0,0,0,1,0,2,1,9,3
8946,A1,4,11,0,5,0,0,0,0,0,0,0,0,0,1,0,2,2,16,11
8946,B0,0,1,20,5,0,0,0,0,0,0,0,0,0,1,0,1,0,0,0
8946,B1,1,1,1,1,0,0,0,0,0,0,0,0,0,1,0,1,0,0,0
8946,B2,2,0,3,19,0,0,0,0,0,0,0,0,0,1,0,1,1,10,2
8946,C1,18,1,3,0,0,0,0,0,0,0,0,0,0,1,0,2,1,9,3
8967,A1,2,11,0,2,0,0,0,0,0,0,0,0,0,0,1,2,2,16,11
8967,B0,0,4,20,3,0,0,0,0,0,0,0,0,0,0,1,1,0,0,0
8967,B1,1,1,2,2,0,0,0,0,0,0,0,0,0,0,1,1,0,0,0
8967,B2,3,0,4,20,0,0,0,0,0,0,0,0,0,0,1,1,1,10,2
8967,C1,17,1,2,0,0,0,0,0,0,0,0,0,0,0,1,2,1,9,3
8988,A1,4,11,0,2,0,0,0,0,0,0,0,0,0,0,1,2,2,16,11
8988,B0,0,5,20,2,0,0,0,0,0,0,0,0,0,0,1,1,0,0,0
8988,B1,1,2,1,1,0,0,0,0,0,0,0,0,0,0,1,2,0,0,0
8988,B2,3,0,1,20,0,0,0,0,0,0,0,0,0,0,1,1,1,10,2
8988,C1,20,3,1,0,0,0,0,0,0,0,0,0,0,0,1,2,1,9,3
9009,A1,1,12,0,2,0,0,0,0,0,0,0,0,0,1,0,2,2,16,11
9009,B0,0,2,20,1,0,0,0,0,0,0,0,0,0,1,0,1,0,0,0
9009,B1,2,1,1,1,0,0,0,0,0,0,0,0,0,1,0,2,0,0,0
9009,B2,1,0,3,19,0,0,0,0,0,0,0,0,0,1,0,1,1,10,2
9009,C1,20,2,1,0,0,0,0,0,0,0,0,0,0,1,0,2,1,9,3
9030,A1,1,12,0,5,0,0,0,0,0,0,0,0,0,1,0,2,2,16,11
9030,B0,0,1,20,3,0,0,0,0,0,0,0,0,0,1,0,1,0,0,0
9030,B1,2,1,3,2,0,0,0,0,0,0,0,0,0,1,0,1,0,0,0
9030,B2,2,0,6,19,0,0,0,0,0,0,0,0,0,1,0,1,1,10,2
9030,C1,20,1,1,0,0,0,0,0,0,0,0,0,0,1,0,2,1,9,3
9051,A1,1,11,0,4,0,0,0,0,0,0,0,0,0,0,1,2,2,16,11
9051,B0,0,1,20,2,0,0,0,0,0,0,0,0,0,0,1,1,0,0,0
9051,B1,1,1,2,3,0,0,0,0,0,0,0,0,0,0,1,1,0,0,0
9051,B2,2,0,4,20,0,0,0,0,0,0,0,0,0,0,1,1,1,10,2
9051,C1,20,1,1,0,0,0,0,0,0,0,0,0,0,0,1,2,1,9,3
9072,A1,3,13,0,1,0,0,0,0,0,0,0,0,0,0,1,2,2,16,11
9072,B0,0,3,20,2,0,0,0,0,0,0,0,0,0,0,1,1,0,0,0
9072,B1,1,1,1,1,0,0,0,0,0,0,0,0,0,0,1,1,0,0,0
9072,B2,2,0,2,18,0,0,0,0,0,0,0,0,0,0,1,1,1,10,2
9072,C1,20,3,1,0,0,0,0,0,0,0,0,0,0,0,1,2,1,9,3
9093,A1,3,13,0,1,0,0,0,0,0,0,0,0,0,1,0,2,2,16,11
9093,B0,0,4,15,2,0,0,0,0,0,0,0,0,0,1,0,1,0,0,0
9093,B1,3,4,1,1,0,0,0,0,0,0,0,0,0,1,0,2,0,0,0
9093,B2,1,0,1,18,0,0,0,0,0,0,0,0,0,1,0,1,1,10,2
9093,C1,20,2,1,0,0,0,0,0,0,0,0,0,0,1,0,2,1,9,3
9114,A1,2,10,0,1,0,0,0,0,0,0,0,0,0,1,0,2,2,16,11
9114,B0,0,1,20,2,0,0,0,0,0,0,0,0,0,1,0,1,0,0,0
9114,B1,7,1,1,1,0,0,0,0,0,0,0,0,0,1,0,2,0,0,0
9114,B2,2,0,4,20,0,0,0,0,0,0,0,0,0,1,0,1,1,10,2
9114,C1,19,1,2,0,0,0,0,0,0,0,0,0,0,1,0,2,1,9,3
9135,A1,1,11,0,2,0,0,0,0,0,0,0,0,0,1,0,2,2,16,11
9135,B0,0,1,20,2,0,0,0,0,0,0,0,0,0,1,0,1,0,0,0
9135,B1,1,1,3,2,0,0,0,0,0,0,0,0,0,1,0,1,0,0,0
9135,B2,1,0,5,20,0,0,0,0,0,0,0,0,0,1,0,1,1,10,2
9135,C1,18,1,5,0,0,0,0,0,0,0,0,0,0,1,0,2,1,9,3
9156,A1,4,14,0,3,0,0,0,0,0,0,0,0,0,0,1,2,2,16,11
9156,B0,0,2,15,3,0,0,0,0,0,0,0,0,0,0,1,1,0,0,0
9156,B1,1,1,1,1,0,0,0,0,0,0,0,0,0,0,1,1,0,0,0
9156,B2,2,0,4,20,0,0,0,0,0,0,0,0,0,0,1,1,1,10,2
9156,C1,20,2,1,0,0,0,0,0,0,0,0,0,0,0,1,2,1,9,3
9177,A1,4,14,0,1,0,0,0,0,0,0,0,0,0,0,1,2,2,16,11
9177,B0,0,4,18,2,0,0,0,0,0,0,0,0,0,0,1,1,0,0,0
9177,B1,5,4,1,1,0,0,0,0,0,0,0,0,0,0,1,2,0,0,0
9177,B2,2,0,2,20,0,0,0,0,0,0,0,0,0,0,1,1,1,10,2
9177,C1,20,3,1,0,0,0,0,0,0,0,0,0,0,0,1,2,1,9,3
9198,A1,1,17,0,1,0,0,0,0,0,0,0,0,0,1,0,2,2,16,11
9198,B0,0,1,20,2,0,0,0,0,0,0,0,0,0,1,0,1,0,0,0
9198,B1,2,3,1,1,0,0,0,0,0,0,0,0,0,1,0,2,0,0,0
9198,B2,1,0,2,20,0,0,0,0,0,0,0,0,0,1,0,1,1,10,2
9198,C1,18,1,1,0,0,0,0,0,0,0,0,0,0,1,0,2,1,9,3
9219,A1,1,14,0,3,0,0,0,0,0,0,0,0,0,1,0,2,2,16,11
9219,B0,0,1,20,3,0,0,0,0,0,0,0,0,0,1,0,1,0,0,0
9219,B1,1,1,2,2,0,0,0,0,0,0,0,0,0,1,0,1,0,0,0
9219,B2,3,0,3,20,0,0,0,0,0,0,0,0,0,1,0,1,1,10,2
9219,C1,18,2,5,0,0,0,0,0,0,0,0,0,0,1,0,2,1,9,3
9240,A1,2,13,0,1,0,0,0,0,0,0,0,0,0,0,1,2,2,16,11
9240,B0,0,1,20,1,0,0,0,0,0,0,0,0,0,0,1,1,0,0,0
9240,B1,1,1,2,2,0,0,0,0,0,0,0,0,0,0,1,1,0,0,0
9240,B2,1,0,2,20,0,0,0,0,0,0,0,0,0,0,1,1,1,10,2
9240,C1,20,2,1,0,0,0,0,0,0,0,0,0,0,0,1,2,1,9,3
9261,A1,5,13,0,1,0,0,0,0,0,0,0,0,0,0,1,2,2,16,11
9261,B0,0,3,19,1,0,0,0,0,0,0,0,0,0,0,1,1,0,0,0
9261,B1,1,2,1,1,0,0,0,0,0,0,0,0,0,0,1,2,0,0,0
9261,B2,4,0,3,20,0,0,0,0,0,0,0,0,0,0,1,1,1,10,2
9261,C1,20,4,1,0,0,0,0,0,0,0,0,0,0,0,1,2,1,9,3
9282,A1,3,16,0,3,0,0,0,0,0,0,0,0,0,1,0,2,2,16,11
9282,B0,0,1,16,2,0,0,0,0,0,0,0,0,0,1,0,1,0,0,0
9282,B1,2,1,1,1,0,0,0,0,0,0,0,0,0,1,0,2,0,0,0
9282,B2,1,0,2,20,0,0,0,0,0,0,0,0,0,1,0,1,1,10,2
9282,C1,20,1,1,0,0,0,0,0,0,0,0,0,0,1,0,2,1,9,3
9303,A1,1,18,0,4,0,0,0,0,0,0,0,0,0,1,0,2,2,16,11
9303,B0,0,2,20,3,0,0,0,0,0,0,0,0,0,1,0,1,0,0,0
9303,B1,1,1,1,1,0,0,0,0,0,0,0,0,0,1,0,1,0,0,0
9303,B2,1,0,3,20,0,0,0,0,0,0,0,0,0,1,0,1,1,10,2
9303,C1,20,1,3,0,0,0,0,0,0,0,0,0,0,1,0,2,1,9,3
9324,A1,2,18,0,3,0,0,0,0,0,0,0,0,0,0,1,2,2,16,11
9324,B0,0,1,20,2,0,0,0,0,0,0,0,0,0,0,1,1,0,0,0
9324,B1,1,1,3,1,0,0,0,0,0,0,0,0,0,0,1,1,0,0,0
9324,B2,1,0,1,20,0,0,0,0,0,0,0,0,0,0,1,1,1,10,2
9324,C1,19,2,1,0,0,0,0,0,0,0,0,0,0,0,1,2,1,9,3
9345,A1,1,18,0,1,0,0,0,0,0,0,0,0,0,0,1,2,2,16,11
9345,B0,0,2,17,2,0,0,0,0,0,0,0,0,0,0,1,1,0,0,0
9345,B1,2,1,1,1,0,0,0,0,0,0,0,0,0,0,1,2,0,0,0
9345,B2,3,0,5,19,0,0,0,0,0,0,0,0,0,0,1,1,1,10,2
9345,C1,19,3,3,0,0,0,0,0,0,0,0,0,0,0,1,2,1,9,3
9366,A1,1,20,0,1,0,0,0,0,0,0,0,0,0,1,0,2,2,16,11
9366,B0,0,2,20,2,0,0,0,0,0,0,0,0,0,1,0,1,0,0,0
9366,B1,1,2,1,1,0,0,0,0,0,0,0,0,0,1,0,2,0,0,0
9366,B2,4,0,1,18,0,0,0,0,0,0,0,0,0,1,0,1,1,10,2
9366,C1,20,3,1,0,0,0,0,0,0,0,0,0,0,1,0,2,1,9,3
9387,A1,2,19,0,2,0,0,0,0,0,0,0,0,0,1,0,2,2,16,11
9387,B0,0,1,20,2,0,0,0,0,0,0,0,0,0,1,0,1,0,0,0
9387,B1,1,2,1,1,0,0,0,0,0,0,0,0,0,1,0,2,0,0,0
9387,B2,2,0,3,20,0,0,0,0,0,0,0,0,0,1,0,1,1,10,2
9387,C1,20,2,2,0,0,0,0,0,0,0,0,0,0,1,0,2,1,9,3
9408,A1,2,13,0,1,0,0,0,0,0,0,0,0,0,0,1,2,2,16,11
9408,B0,0,1,20,3,0,0,0,0,0,0,0,0,0,0,1,1,0,0,0
9408,B1,1,1,2,5,0,0,0,0,0,0,0,0,0,0,1,1,0,0,0
9408,B2,3,0,3,20,0,0,0,0,0,0,0,0,0,0,1,1,1,10,2
9408,C1,19,4,3,0,0,0,0,0,0,0,0,0,0,0,1,2,1,9,3
9429,A1,3,17,0,1,0,0,0,0,0,0,0,0,0,0,1,2,2,16,11
9429,B0,0,1,19,2,0,0,0,0,0,0,0,0,0,0,1,1,0,0,0
9429,B1,1,2,5,2,0,0,0,0,0,0,0,0,0,0,1,1,0,0,0
9429,B2,3,0,2,18,0,0,0,0,0,0,0,0,0,0,1,1,1,10,2
9429,C1,19,2,2,0,0,0,0,0,0,0,0,0,0,0,1,2,1,9,3
9450,A1,4,17,0,4,0,0,0,0,0,0,0,0,0,0,1,2,2,16,11
9450,B0,0,5,18,1,0,0,0,0,0,0,0,0,0,0,1,1,0,0,0
9450,B1,2,3,1,1,0,0,0,0,0,0,0,0,0,0,1,2,0,0,0
9450,B2,4,0,1,17,0,0,0,0,0,0,0,0,0,0,1,1,1,10,2
9450,C1,20,3,1,0,0,0,0,0,0,0,0,0,0,0,1,2,1,9,3
9471,A1,2,17,0,7,0,0,0,0,0,0,0,0,0,1,0,2,2,16,11
9471,B0,0,1,20,3,0,0,0,0,0,0,0,0,0,1,0,1,0,0,0
9471,B1,1,2,1,1,0,0,0,0,0,0,0,0,0,1,0,2,0,0,0
9471,B2,2,0,1,19,0,0,0,0,0,0,0,0,0,1,0,1,1,10,2
9471,C1,16,2,1,0,0,0,0,0,0,0,0,0,0,1,0,2,1,9,3
9492,A1,1,16,0,11,0,0,0,0,0,0,0,0,0,1,0,2,2,16,11
9492,B0,0,1,20,6,0,0,0,0,0,0,0,0,0,1,0,1,0,0,0
9492,B1,1,1,3,6,0,0,0,0,0,0,0,0,0,1,0,1,0,0,0
9492,B2,1,0,1,20,0,0,0,0,0,0,0,0,0,1,0,1,1,10,2
9492,C1,15,1,5,0,0,0,0,0,0,0,0,0,0,1,0,2,1,9,3
9513,A1,2,17,0,5,0,0,0,0,0,0,0,0,0,0,1,2,2,16,11
9513,B0,0,2,20,1,0,0,0,0,0,0,0,0,0,0,1,1,0,0,0
9513,B1,1,1,2,6,0,0,0,0,0,0,0,0,0,0,1,1,0,0,0
9513,B2,1,0,1,18,0,0,0,0,0,0,0,0,0,0,1,1,1,10,2
9513,C1,19,3,1,0,0,0,0,0,0,0,0,0,0,0,1,2,1,9,3
9534,A1,3,17,0,2,0,0,0,0,0,0,0,0,0,0,1,2,2,16,11
9534,B0,0,5,17,2,0,0,0,0,0,0,0,0,0,0,1,1,0,0,0
9534,B1,4,4,1,1,0,0,0,0,0,0,0,0,0,0,1,2,0,0,0
9534,B2,3,0,1,18,0,0,0,0,0,0,0,0,0,0,1,1,1,10,2
9534,C1,20,4,1,0,0,0,0,0,0,0,0,0,0,0,1,2,1,9,3
9555,A1,1,15,0,4,0,0,0,0,0,0,0,0,0,1,0,2,2,16,11
9555,B0,0,1,18,2,0,0,0,0,0,0,0,0,0,1,0,1,0,0,0
9555,B1,3,2,1,1,0,0,0,0,0,0,0,0,0,1,0,2,0,0,0
9555,B2,1,0,2,19,0,0,0,0,0,0,0,0,0,1,0,1,1,10,2
9555,C1,20,3,1,0,0,0,0,0,0,0,0,0,0,1,0,2,1,9,3
9576,A1,1,17,0,5,0,0,0,0,0,0,0,0,0,1,0,2,2,16,11
9576,B0,0,2,20,4,0,0,0,0,0,0,0,0,0,1,0,1,0,0,0
9576,B1,1,1,1,1,0,0,0,0,0,0,0,0,0,1,0,1,0,0,0
9576,B2,1,0,3,20,0,0,0,0,0,0,0,0,0,1,0,1,1,10,2
9576,C1,20,1,4,0,0,0,0,0,0,0,0,0,0,1,0,2,1,9,3
9597,A1,4,19,0,3,0,0,0,0,0,0,0,0,0,0,1,2,2,16,11
9597,B0,0,1,20,2,0,0,0,0,0,0,0,0,0,0,1,1,0,0,0
9597,B1,1,1,1,1,0,0,0,0,0,0,0,0,0,0,1,1,0,0,0
9597,B2,1,0,1,20,0,0,0,0,0,0,0,0,0,0,1,1,1,10,2
9597,C1,18,1,1,0,0,0,0,0,0,0,0,0,0,0,1,2,1,9,3
9618,A1,2,19,0,1,0,0,0,0,0,0,0,0,0,0,1,2,2,16,11
9618,B0,0,3,19,3,0,0,0,0,0,0,0,0,0,0,1,1,0,0,0
9618,B1,2,1,1,1,0,0,0,0,0,0,0,0,0,0,1,2,0,0,0
9618,B2,3,0,5,19,0,0,0,0,0,0,0,0,0,0,1,1,1,10,2
9618,C1,20,2,2,0,0,0,0,0,0,0,0,0,0,0,1,2,1,9,3
9639,A1,3,20,0,1,0,0,0,0,0,0,0,0,0,1,0,2,2,16,11
9639,B0,0,1,20,1,0,0,0,0,0,0,0,0,0,1,0,1,0,0,0
9639,B1,4,3,1,1,0,0,0,0,0,0,0,0,0,1,0,2,0,0,0
9639,B2,1,0,4,17,0,0,0,0,0,0,0,0,0,1,0,1,1,10,2
9639,C1,20,5,3,0,0,0,0,0,0,0,0,0,0,1,0,2,1,9,3
9660,A1,1,21,0,2,0,0,0,0,0,0,0,0,0,1,0,2,2,16,11
9660,B0,0,1,20,3,0,0,0,0,0,0,0,0,0,1,0,1,0,0,0
9660,B1,3,1,3,2,0,0,0,0,0,0,0,0,0,1,0,1,0,0,0
9660,B2,1,0,6,20,0,0,0,0,0,0,0,0,0,1,0,1,1,10,2
9660,C1,19,2,6,0,0,0,0,0,0,0,0,0,0,1,0,2,1,9,3
9681,A1,3,19,0,1,0,0,0,0,0,0,0,0,0,0,1,2,2,16,11
9681,B0,0,1,20,2,0,0,0,0,0,0,0,0,0,0,1,1,0,0,0
9681,B1,1,1,3,2,0,0,0,0,0,0,0,0,0,0,1,1,0,0,0
9681,B2,2,0,4,20,0,0,0,0,0,0,0,0,0,0,1,1,1,10,2
9681,C1,19,2,5,0,0,0,0,0,0,0,0,0,0,0,1,2,1,9,3
9702,A1,3,20,0,1,0,0,0,0,0,0,0,0,0,0,1,2,2,16,11
9702,B0,0,4,14,1,0,0,0,0,0,0,0,0,0,0,1,1,0,0,0
9702,B1,1,1,1,1,0,0,0,0,0,0,0,0,0,0,1,1,0,0,0
9702,B2,1,0,4,20,0,0,0,0,0,0,0,0,0,0,1,1,1,10,2
9702,C1,20,2,1,0,0,0,0,0,0,0,0,0,0,0,1,2,1,9,3
9723,A1,4,20,0,2,0,0,0,0,0,0,0,0,0,1,0,2,2,16,11
9723,B0,0,5,17,1,0,0,0,0,0,0,0,0,0,1,0,1,0,0,0
9723,B1,4,2,1,1,0,0,0,0,0,0,0,0,0,1,0,2,0,0,0
9723,B2,2,0,2,14,0,0,0,0,0,0,0,0,0,1,0,1,1,10,2
9723,C1,20,2,1,0,0,0,0,0,0,0,0,0,0,1,0,2,1,9,3
9744,A1,3,18,0,3,0,0,0,0,0,0,0,0,0,1,0,2,2,16,11
9744,B0,0,2,20,5,0,0,0,0,0,0,0,0,0,1,0,1,0,0,0
9744,B1,2,4,1,1,0,0,0,0,0,0,0,0,0,1,0,2,0,0,0
9744,B2,1,0,3,20,0,0,0,0,0,0,0,0,0,1,0,1,1,10,2
9744,C1,19,1,1,0,0,0,0,0,0,0,0,0,0,1,0,2,1,9,3
9765,A1,1,17,0,5,0,0,0,0,0,0,0,0,0,1,0,2,2,16,11
9765,B0,0,4,20,6,0,0,0,0,0,0,0,0,0,1,0,1,0,0,0
9765,B1,1,1,5,1,0,0,0,0,0,0,0,0,0,1,0,1,0,0,0
9765,B2,2,0,6,20,0,0,0,0,0,0,0,0,0,1,0,1,1,10,2
9765,C1,18,1,2,0,0,0,0,0,0,0,0,0,0,1,0,2,1,9,3
9786,A1,2,19,0,1,0,0,0,0,0,0,0,0,0,0,1,2,2,16,11
9786,B0,0,6,20,1,0,0,0,0,0,0,0,0,0,0,1,1,0,0,0
9786,B1,1,1,1,1,0,0,0,0,0,0,0,0,0,0,1,1,0,0,0
9786,B2,3,0,2,20,0,0,0,0,0,0,0,0,0,0,1,1,1,10,2
9786,C1,20,2,1,0,0,0,0,0,0,0,0,0,0,0,1,2,1,9,3
9807,A1,5,20,0,1,0,0,0,0,0,0,0,0,0,0,1,2,2,16,11
9807,B0,0,9,18,2,0,0,0,0,0,0,0,0,0,0,1,1,0,0,0
9807,B1,2,2,1,1,0,0,0,0,0,0,0,0,0,0,1,2,0,0,0
9807,B2,6,0,1,20,0,0,0,0,0,0,0,0,0,0,1,1,1,10,2
9807,C1,20,2,1,0,0,0,0,0,0,0,0,0,0,0,1,2,1,9,3
9828,A1,1,20,0,1,0,0,0,0,0,0,0,0,0,1,0,2,2,16,11
9828,B0,0,2,20,3,0,0,0,0,0,0,0,0,0,1,0,1,0,0,0
9828,B1,3,2,1,1,0,0,0,0,0,0,0,0,0,1,0,2,0,0,0
9828,B2,1,0,3,20,0,0,0,0,0,0,0,0,0,1,0,1,1,10,2
9828,C1,19,4,3,0,0,0,0,0,0,0,0,0,0,1,0,2,1,9,3
9849,A1,1,20,0,1,0,0,0,0,0,0,0,0,0,1,0,2,2,16,11
9849,B0,0,3,20,3,0,0,0,0,0,0,0,0,0,1,0,1,0,0,0
9849,B1,1,1,2,2,0,0,0,0,0,0,0,0,0,1,0,1,0,0,0
9849,B2,1,0,3,20,0,0,0,0,0,0,0,0,0,1,0,1,1,10,2
9849,C1,21,1,6,0,0,0,0,0,0,0,0,0,0,1,0,2,1,9,3
9870,A1,3,20,0,1,0,0,0,0,0,0,0,0,0,0,1,2,2,16,11
9870,B0,0,4,18,1,0,0,0,0,0,0,0,0,0,0,1,1,0,0,0
9870,B1,1,1,2,1,0,0,0,0,0,0,0,0,0,0,1,1,0,0,0
9870,B2,2,0,2,19,0,0,0,0,0,0,0,0,0,0,1,1,1,10,2
9870,C1,20,3,1,0,0,0,0,0,0,0,0,0,0,0,1,2,1,9,3
9891,A1,2,20,0,3,0,0,0,0,0,0,0,0,0,0,1,2,2,16,11
9891,B0,0,6,16,3,0,0,0,0,0,0,0,0,0,0,1,1,0,0,0
9891,B1,4,2,1,1,0,0,0,0,0,0,0,0,0,0,1,2,0,0,0
9891,B2,3,0,2,17,0,0,0,0,0,0,0,0,0,0,1,1,1,10,2
9891,C1,20,5,1,0,0,0,0,0,0,0,0,0,0,0,1,2,1,9,3
9912,A1,4,18,0,1,0,0,0,0,0,0,0,0,0,1,0,2,2,16,11
9912,B0,0,2,19,3,0,0,0,0,0,0,0,0,0,1,0,1,0,0,0
9912,B1,3,3,1,1,0,0,0,0,0,0,0,0,0,1,0,2,0,0,0
9912,B2,1,0,3,19,0,0,0,0,0,0,0,0,0,1,0,1,1,10,2
9912,C1,20,3,3,0,0,0,0,0,0,0,0,0,0,1,0,2,1,9,3
9933,A1,1,17,0,2,0,0,0,0,0,0,0,0,0,1,0,2,2,16,11
9933,B0,0,1,20,6,0,0,0,0,0,0,0,0,0,1,0,1,0,0,0
9933,B1,1,1,3,2,0,0,0,0,0,0,0,0,0,1,0,1,0,0,0
9933,B2,1,0,4,20,0,0,0,0,0,0,0,0,0,1,0,1,1,10,2
9933,C1,21,2,4,0,0,0,0,0,0,0,0,0,0,1,0,2,1,9,3
9954,A1,1,19,0,2,0,0,0,0,0,0,0,0,0,0,1,2,2,16,11
9954,B0,0,1,20,4,0,0,0,0,0,0,0,0,0,0,1,1,0,0,0
9954,B1,1,1,4,2,0,0,0,0,0,0,0,0,0,0,1,1,0,0,0
9954,B2,2,0,1,20,0,0,0,0,0,0,0,0,0,0,1,1,1,10,2
9954,C1,19,2,1,0,0,0,0,0,0,0,0,0,0,0,1,2,1,9,3
9975,A1,2,20,0,1,0,0,0,0,0,0,0,0,0,0,1,2,2,16,11
9975,B0,0,4,20,3,0,0,0,0,0,0,0,0,0,0,1,1,0,0,0
9975,B1,1,1,1,2,0,0,0,0,0,0,0,0,0,0,1,1,0,0,0
9975,B2,3,0,1,17,0,0,0,0,0,0,0,0,0,0,1,1,1,10,2
9975,C1,20,2,2,0,0,0,0,0,0,0,0,0,0,0,1,2,1,9,3
9996,A1,4,20,0,1,0,0,0,0,0,0,0,0,0,1,0,2,2,16,11
9996,B0,0,2,20,1,0,0,0,0,0,0,0,0,0,1,0,1,0,0,0
9996,B1,2,2,1,1,0,0,0,0,0,0,0,0,0,1,0,2,0,0,0
9996,B2,3,0,1,16,0,0,0,0,0,0,0,0,0,1,0,1,1,10,2
9996,C1,20,1,2,0,0,0,0,0,0,0,0,0,0,1,0,2,1,9,3
