time_of_info,tls_id,count_to_r,count_to_l,count_to_b,count_to_t,count_stuck_middle,count_stuck_to_r,count_stuck_to_l,count_stuck_to_b,count_stuck_to_t,is_jam_next_l,is_jam_next_r,is_jam_next_t,is_jam_next_b,is_green_horizontal,is_green_vertical,y,jams_count,jams_time,jams_car_count
15,A1,0,0,0,0,0,0,0,0,0,0,0,0,0,1,0,1,0,0,0
15,B0,0,0,0,0,0,0,0,0,0,0,0,0,0,1,0,1,0,0,0
15,B1,0,0,0,0,0,0,0,0,0,0,0,0,0,1,0,1,0,0,0
15,B2,0,0,0,0,0,0,0,0,0,0,0,0,0,1,0,1,0,0,0
15,C1,0,0,0,0,0,0,0,0,0,0,0,0,0,1,0,1,0,0,0
30,A1,4,1,0,2,0,0,0,0,0,0,0,0,0,1,0,2,0,0,0
30,B0,0,1,3,1,0,0,0,0,0,0,0,0,0,1,0,1,0,0,0
30,B1,2,2,1,2,0,0,0,0,0,0,0,0,0,1,0,2,0,0,0
30,B2,2,0,4,3,0,0,0,0,0,0,0,0,0,1,0,1,0,0,0
30,C1,2,3,2,0,0,0,0,0,0,0,0,0,0,1,0,2,0,0,0
45,A1,1,1,0,4,0,0,0,0,0,0,0,0,0,1,0,1,0,0,0
45,B0,0,3,5,2,0,0,0,0,0,0,0,0,0,1,0,1,0,0,0
45,B1,3,1,3,4,0,0,0,0,0,0,0,0,0,1,0,1,0,0,0
45,B2,4,0,2,5,0,0,0,0,0,0,0,0,0,1,0,1,0,0,0
45,C1,3,3,5,0,0,0,0,0,0,0,0,0,0,1,0,2,0,0,0
60,A1,3,5,0,2,0,0,0,0,0,0,0,0,0,0,1,2,0,0,0
60,B0,0,5,6,3,0,0,0,0,0,0,0,0,0,0,1,1,0,0,0
60,B1,4,4,4,2,0,0,0,0,0,0,0,0,0,0,1,2,0,0,0
60,B2,7,0,1,7,0,0,0,0,0,0,0,0,0,0,1,1,0,0,0
60,C1,5,4,3,0,0,0,0,0,0,0,0,0,0,0,1,2,0,0,0
75,A1,8,11,0,3,0,0,0,0,0,0,0,0,0,0,1,2,0,0,0
75,B0,0,8,10,2,0,0,0,0,0,0,0,0,0,0,1,1,0,0,0
75,B1,6,7,5,2,0,0,0,0,0,0,0,0,0,0,1,2,0,0,0
75,B2,11,0,3,8,0,0,0,0,0,0,0,0,0,0,1,1,0,0,0
75,C1,10,5,3,0,0,0,0,0,0,0,0,0,0,0,1,2,0,0,0
90,A1,5,16,0,7,0,0,0,0,0,0,0,0,0,1,0,2,0,0,0
90,B0,0,8,13,4,0,0,0,0,0,0,0,0,0,1,0,1,0,0,0
90,B1,6,7,6,4,0,0,0,0,0,0,0,0,0,1,0,2,0,0,0
90,B2,7,0,3,12,0,0,0,0,0,0,0,0,0,1,0,1,0,0,0
90,C1,15,4,5,0,0,0,0,0,0,0,0,0,0,1,0,2,0,0,0
105,A1,4,18,0,11,0,0,0,0,0,0,0,0,0,1,0,2,0,0,0
105,B0,0,4,17,8,0,0,0,0,0,0,0,0,0,1,0,1,0,0,0
105,B1,4,11,7,8,0,0,0,0,0,0,0,0,0,1,0,2,0,0,0
105,B2,4,0,9,14,0,0,0,0,0,0,0,0,0,1,0,1,0,0,0
105,C1,19,4,10,0,0,0,0,0,0,0,0,0,0,1,0,2,0,0,0
120,A1,7,20,0,14,0,0,0,0,0,0,0,0,0,0,1,2,0,0,0
120,B0,0,7,20,11,0,0,0,0,0,0,0,0,0,0,1,1,0,0,0
120,B1,3,8,12,7,0,0,0,0,0,0,0,0,0,0,1,1,0,0,0
120,B2,7,0,10,19,0,0,0,0,0,0,0,0,0,0,1,1,0,0,0
120,C1,19,7,12,0,0,0,0,0,0,0,0,0,0,0,1,2,0,0,0
135,A1,12,20,0,11,0,0,0,0,0,0,0,0,0,0,1,2,0,0,0
135,B0,0,10,20,10,0,0,0,0,0,0,0,0,0,0,1,1,0,0,0
135,B1,6,12,12,8,0,0,0,0,0,0,0,0,0,0,1,2,0,0,0
135,B2,12,0,6,20,0,0,0,0,0,0,0,0,0,0,1,1,0,0,0
135,C1,20,11,10,0,0,0,0,0,0,0,0,0,0,0,1,2,0,0,0
150,A1,15,18,0,13,0,0,0,0,0,0,0,0,0,1,0,2,0,0,0
150,B0,0,11,20,12,0,0,0,0,0,0,0,0,0,1,0,1,0,0,0
150,B1,10,11,11,8,0,0,0,0,0,0,0,0,0,1,0,2,0,0,0
150,B2,13,0,10,20,0,0,0,0,0,0,0,0,0,1,0,1,0,0,0
150,C1,20,13,9,0,0,0,0,0,0,0,0,0,0,1,0,2,0,0,0
165,A1,11,18,0,16,0,0,0,0,0,0,0,0,0,1,0,2,0,0,0
165,B0,0,8,20,15,0,0,0,0,0,0,0,0,0,1,0,1,0,0,0
165,B1,14,9,10,10,0,0,0,0,0,0,0,0,0,1,0,2,0,0,0
165,B2,11,0,15,20,0,0,0,0,0,0,0,0,0,1,0,1,0,0,0
165,C1,20,10,14,0,0,0,0,0,0,0,0,0,0,1,0,2,0,0,0
180,A1,10,20,0,19,0,0,0,0,0,0,0,0,0,0,1,2,0,0,0
180,B0,0,8,20,18,0,0,0,0,0,0,0,0,0,0,1,1,0,0,0
180,B1,14,8,11,13,0,0,0,0,0,0,0,0,0,0,1,2,0,0,0
180,B2,11,0,19,20,0,0,0,0,0,0,0,0,0,0,1,1,0,0,0
180,C1,20,11,19,0,0,0,0,0,0,0,0,0,0,0,1,2,0,0,0
195,A1,14,20,0,15,0,0,0,0,0,0,0,0,0,0,1,2,0,0,0
195,B0,0,11,20,13,0,0,0,0,0,0,0,0,0,0,1,1,0,0,0
195,B1,13,11,9,14,0,0,0,0,0,0,0,0,0,0,1,2,0,0,0
195,B2,11,0,13,20,0,0,0,0,0,0,0,0,0,0,1,1,0,0,0
195,C1,20,17,13,0,0,0,0,0,0,0,0,0,0,0,1,2,0,0,0
210,A1,20,20,0,12,0,0,0,0,0,0,0,0,0,0,1,2,0,0,0
210,B0,0,12,20,11,0,0,0,0,0,0,0,0,0,0,1,1,0,0,0
210,B1,13,13,4,13,0,0,0,0,0,0,0,0,0,0,1,2,0,0,0
210,B2,12,0,13,20,0,0,0,0,0,0,0,0,0,0,1,1,0,0,0
210,C1,20,20,11,0,0,0,0,0,0,0,0,0,0,0,1,2,0,0,0
225,A1,14,18,0,16,0,0,0,0,0,0,0,0,0,1,0,2,0,0,0
225,B0,0,6,20,17,0,0,0,0,0,0,0,0,0,1,0,1,0,0,0
225,B1,11,14,4,11,0,0,0,0,0,0,0,0,0,1,0,2,0,0,0
225,B2,12,0,18,20,0,0,0,0,0,0,0,0,0,1,0,1,0,0,0
225,C1,18,14,15,0,0,0,0,0,0,0,0,0,0,1,0,2,0,0,0
240,A1,10,20,0,17,0,0,0,0,0,0,0,0,0,1,0,2,0,0,0
240,B0,0,4,20,20,0,0,0,0,0,0,0,0,0,1,0,1,0,0,0
240,B1,7,16,5,11,0,0,0,0,0,0,0,0,0,1,0,2,0,0,0
240,B2,9,0,20,20,0,0,0,0,0,0,0,0,0,1,0,1,0,0,0
240,C1,20,11,16,0,0,0,0,0,0,0,0,0,0,1,0,2,0,0,0
255,A1,16,20,0,16,0,0,0,0,0,0,0,0,0,0,1,2,0,0,0
255,B0,0,3,20,15,0,0,0,0,0,0,0,0,0,0,1,1,0,0,0
255,B1,6,14,4,8,0,0,0,0,0,0,0,0,0,0,1,2,0,0,0
255,B2,12,0,16,20,0,0,0,0,0,0,0,0,0,0,1,1,0,0,0
255,C1,20,16,12,0,0,0,0,0,0,0,0,0,0,0,1,2,0,0,0
270,A1,20,20,0,11,0,0,0,0,0,0,0,0,0,0,1,2,0,0,0
270,B0,0,4,21,10,0,0,0,0,0,0,0,0,0,0,1,1,0,0,0
270,B1,6,13,5,9,0,0,0,0,0,0,0,0,0,0,1,2,0,0,0
270,B2,15,0,11,21,0,0,0,0,0,0,0,0,0,0,1,1,0,0,0
270,C1,20,20,9,0,0,0,0,0,0,0,0,0,0,0,1,2,0,0,0
285,A1,17,19,0,15,0,0,0,0,0,0,0,0,0,1,0,2,0,0,0
285,B0,0,2,20,15,0,0,0,0,0,0,0,0,0,1,0,1,0,0,0
285,B1,8,12,4,5,0,0,0,0,0,0,0,0,0,1,0,2,0,0,0
285,B2,15,0,15,20,0,0,0,0,0,0,0,0,0,1,0,1,0,0,0
285,C1,20,17,10,0,0,0,0,0,0,0,0,0,0,1,0,2,0,0,0
300,A1,11,19,0,17,0,0,0,0,0,0,0,0,0,1,0,2,0,0,0
300,B0,0,2,20,20,0,0,0,0,0,0,0,0,0,1,0,1,0,0,0
300,B1,8,8,5,6,0,0,0,0,0,0,0,0,0,1,0,2,0,0,0
300,B2,11,0,20,20,0,0,0,0,0,0,0,0,0,1,0,1,0,0,0
300,C1,20,11,10,0,0,0,0,0,0,0,0,0,0,1,0,2,0,0,0
315,A1,13,20,0,18,0,0,0,0,0,0,0,0,0,0,1,2,0,0,0
315,B0,0,5,20,18,0,0,0,0,0,0,0,0,0,0,1,1,0,0,0
315,B1,7,6,4,7,0,0,0,0,0,0,0,0,0,0,1,2,0,0,0
315,B2,10,0,18,19,0,0,0,0,0,0,0,0,0,0,1,1,0,0,0
315,C1,20,14,8,0,0,0,0,0,0,0,0,0,0,0,1,2,0,0,0
330,A1,19,20,0,13,0,0,0,0,0,0,0,0,0,0,1,2,0,0,0
330,B0,0,8,20,13,0,0,0,0,0,0,0,0,0,0,1,1,0,0,0
330,B1,7,7,6,6,0,0,0,0,0,0,0,0,0,0,1,2,0,0,0
330,B2,10,0,12,19,0,0,0,0,0,0,0,0,0,0,1,1,0,0,0
330,C1,20,19,4,0,0,0,0,0,0,0,0,0,0,0,1,2,0,0,0
345,A1,19,20,0,13,0,0,0,0,0,0,0,0,0,1,0,2,0,0,0
345,B0,0,8,20,13,0,0,0,0,0,0,0,0,0,1,0,1,0,0,0
345,B1,8,9,4,5,0,0,0,0,0,0,0,0,0,1,0,2,0,0,0
345,B2,13,0,12,20,0,0,0,0,0,0,0,0,0,1,0,1,0,0,0
345,C1,20,19,4,0,0,0,0,0,0,0,0,0,0,1,0,2,0,0,0
360,A1,13,20,0,16,0,0,0,0,0,0,0,0,0,1,0,2,0,0,0
360,B0,0,2,20,19,0,0,0,0,0,0,0,0,0,1,0,1,0,0,0
360,B1,9,6,4,5,0,0,0,0,0,0,0,0,0,1,0,2,0,0,0
360,B2,9,0,18,20,0,0,0,0,0,0,0,0,0,1,0,1,0,0,0
360,C1,20,13,4,0,0,0,0,0,0,0,0,0,0,1,0,2,0,0,0
375,A1,11,20,0,16,0,0,0,0,0,0,0,0,0,1,0,2,0,0,0
375,B0,0,5,20,20,0,0,0,0,0,0,0,0,0,1,0,1,0,0,0
375,B1,9,3,7,6,0,0,0,0,0,0,0,0,0,1,0,1,0,0,0
375,B2,3,0,20,20,0,0,0,0,0,0,0,0,0,1,0,1,0,0,0
375,C1,20,11,5,0,0,0,0,0,0,0,0,0,0,1,0,2,0,0,0
390,A1,17,19,0,13,0,0,0,0,0,0,0,0,0,0,1,2,0,0,0
390,B0,0,6,20,14,0,0,0,0,0,0,0,0,0,0,1,1,0,0,0
390,B1,9,3,8,5,0,0,0,0,0,0,0,0,0,0,1,1,0,0,0
390,B2,3,0,14,20,0,0,0,0,0,0,0,0,0,0,1,1,0,0,0
390,C1,20,18,1,0,0,0,0,0,0,0,0,0,0,0,1,2,0,0,0
405,A1,20,20,0,9,0,0,0,0,0,0,0,0,0,0,1,2,0,0,0
405,B0,0,10,21,10,0,0,0,0,0,0,0,0,0,0,1,1,0,0,0
405,B1,9,5,4,2,0,0,0,0,0,0,0,0,0,0,1,2,0,0,0
405,B2,3,0,10,21,0,0,0,0,0,0,0,0,0,0,1,1,0,0,0
405,C1,20,20,1,0,0,0,0,0,0,0,0,0,0,0,1,2,0,0,0
420,A1,15,20,0,8,0,0,0,0,0,0,0,0,0,1,0,2,0,0,0
420,B0,0,6,20,16,0,0,0,0,0,0,0,0,0,1,0,1,0,0,0
420,B1,10,4,3,1,0,0,0,0,0,0,0,0,0,1,0,2,0,0,0
420,B2,2,0,16,20,0,0,0,0,0,0,0,0,0,1,0,1,0,0,0
420,C1,20,15,2,0,0,0,0,0,0,0,0,0,0,1,0,2,0,0,0
435,A1,9,21,0,8,0,0,0,0,0,0,0,0,0,1,0,2,0,0,0
435,B0,0,4,20,20,0,0,0,0,0,0,0,0,0,1,0,1,0,0,0
435,B1,8,4,3,1,0,0,0,0,0,0,0,0,0,1,0,2,0,0,0
435,B2,2,0,20,20,0,0,0,0,0,0,0,0,0,1,0,1,0,0,0
435,C1,21,10,4,0,0,0,0,0,0,0,0,0,0,1,0,2,0,0,0
450,A1,12,20,0,8,0,0,0,0,0,0,0,0,0,0,1,2,0,0,0
450,B0,0,5,20,17,0,0,0,0,0,0,0,0,0,0,1,1,0,0,0
450,B1,6,2,4,3,0,0,0,0,0,0,0,0,0,0,1,1,0,0,0
450,B2,2,0,17,19,0,0,0,0,0,0,0,0,0,0,1,1,0,0,0
450,C1,20,15,2,0,0,0,0,0,0,0,0,0,0,0,1,2,0,0,0
465,A1,19,20,0,6,0,0,0,0,0,0,0,0,0,0,1,2,0,0,0
465,B0,0,6,20,11,0,0,0,0,0,0,0,0,0,0,1,1,0,0,0
465,B1,6,2,3,2,0,0,0,0,0,0,0,0,0,0,1,2,0,0,0
465,B2,4,0,11,19,0,0,0,0,0,0,0,0,0,0,1,1,0,0,0
465,C1,19,20,1,0,0,0,0,0,0,0,0,0,0,0,1,2,0,0,0
480,A1,18,19,0,5,0,0,0,0,0,0,0,0,0,1,0,2,0,0,0
480,B0,0,6,19,14,0,0,0,0,0,0,0,0,0,1,0,1,0,0,0
480,B1,8,5,2,1,0,0,0,0,0,0,0,0,0,1,0,2,0,0,0
480,B2,5,0,14,20,0,0,0,0,0,0,0,0,0,1,0,1,0,0,0
480,C1,20,18,1,0,0,0,0,0,0,0,0,0,0,1,0,2,0,0,0
495,A1,11,19,0,6,0,0,0,0,0,0,0,0,0,1,0,2,0,0,0
495,B0,0,1,20,20,0,0,0,0,0,0,0,0,0,1,0,1,0,0,0
495,B1,10,4,2,1,0,0,0,0,0,0,0,0,0,1,0,2,0,0,0
495,B2,2,0,19,20,0,0,0,0,0,0,0,0,0,1,0,1,0,0,0
495,C1,20,13,3,0,0,0,0,0,0,0,0,0,0,1,0,2,0,0,0
510,A1,6,19,0,6,0,0,0,0,0,0,0,0,0,0,1,2,0,0,0
510,B0,0,1,20,19,0,0,0,0,0,0,0,0,0,0,1,1,0,0,0
510,B1,7,1,4,2,0,0,0,0,0,0,0,0,0,0,1,2,0,0,0
510,B2,2,0,19,20,0,0,0,0,0,0,0,0,0,0,1,1,0,0,0
510,C1,20,13,2,0,0,0,0,0,0,0,0,0,0,0,1,2,0,0,0
525,A1,11,19,0,1,0,0,0,0,0,0,0,0,0,0,1,2,0,0,0
525,B0,0,3,20,13,0,0,0,0,0,0,0,0,0,0,1,1,0,0,0
525,B1,7,1,4,3,0,0,0,0,0,0,0,0,0,0,1,1,0,0,0
525,B2,2,0,13,20,0,0,0,0,0,0,0,0,0,0,1,1,0,0,0
525,C1,20,19,2,0,0,0,0,0,0,0,0,0,0,0,1,2,0,0,0
540,A1,18,20,0,3,0,0,0,0,0,0,0,0,0,0,1,2,0,0,0
540,B0,0,4,18,11,0,0,0,0,0,0,0,0,0,0,1,1,0,0,0
540,B1,8,1,2,1,0,0,0,0,0,0,0,0,0,0,1,2,0,0,0
540,B2,4,0,11,20,0,0,0,0,0,0,0,0,0,0,1,1,0,0,0
540,C1,20,20,1,0,0,0,0,0,0,0,0,0,0,0,1,2,0,0,0
555,A1,14,20,0,4,0,0,0,0,0,0,0,0,0,1,0,2,0,0,0
555,B0,0,1,19,16,0,0,0,0,0,0,0,0,0,1,0,1,0,0,0
555,B1,5,2,2,1,0,0,0,0,0,0,0,0,0,1,0,2,0,0,0
555,B2,1,0,17,20,0,0,0,0,0,0,0,0,0,1,0,1,0,0,0
555,C1,20,14,2,0,0,0,0,0,0,0,0,0,0,1,0,2,0,0,0
570,A1,7,20,0,6,0,0,0,0,0,0,0,0,0,1,0,2,0,0,0
570,B0,0,2,20,20,0,0,0,0,0,0,0,0,0,1,0,1,0,0,0
570,B1,5,1,5,1,0,0,0,0,0,0,0,0,0,1,0,2,0,0,0
570,B2,1,0,20,20,0,0,0,0,0,0,0,0,0,1,0,1,0,0,0
570,C1,20,10,2,0,0,0,0,0,0,0,0,0,0,1,0,2,0,0,0
585,A1,7,20,0,3,0,0,0,0,0,0,0,0,0,0,1,2,0,0,0
585,B0,0,2,20,16,0,0,0,0,0,0,0,0,0,0,1,1,0,0,0
585,B1,4,1,5,1,0,0,0,0,0,0,0,0,0,0,1,1,0,0,0
585,B2,1,0,15,20,0,0,0,0,0,0,0,0,0,0,1,1,0,0,0
585,C1,19,17,1,0,0,0,0,0,0,0,0,0,0,0,1,2,0,0,0
600,A1,13,20,0,3,0,0,0,0,0,0,0,0,0,0,1,2,0,0,0
600,B0,0,3,20,10,0,0,0,0,0,0,0,0,0,0,1,1,0,0,0
600,B1,4,3,3,2,0,0,0,0,0,0,0,0,0,0,1,2,0,0,0
600,B2,2,0,10,21,0,0,0,0,0,0,0,0,0,0,1,1,0,0,0
600,C1,20,20,1,0,0,0,0,0,0,0,0,0,0,0,1,2,0,0,0
615,A1,15,20,0,4,0,0,0,0,0,0,0,0,0,1,0,2,0,0,0
615,B0,0,1,19,15,0,0,0,0,0,0,0,0,0,1,0,1,0,0,0
615,B1,3,3,2,1,0,0,0,0,0,0,0,0,0,1,0,2,0,0,0
615,B2,1,0,15,20,0,0,0,0,0,0,0,0,0,1,0,1,0,0,0
615,C1,20,17,3,0,0,0,0,0,0,0,0,0,0,1,0,2,0,0,0
630,A1,10,20,0,5,0,0,0,0,0,0,0,0,0,1,0,2,0,0,0
630,B0,0,2,20,20,0,0,0,0,0,0,0,0,0,1,0,1,0,0,0
630,B1,2,1,2,2,0,0,0,0,0,0,0,0,0,1,0,1,0,0,0
630,B2,1,0,20,20,0,0,0,0,0,0,0,0,0,1,0,1,0,0,0
630,C1,20,10,4,0,0,0,0,0,0,0,0,0,0,1,0,2,0,0,0
645,A1,13,20,0,6,0,0,0,0,0,0,0,0,0,0,1,2,0,0,0
645,B0,0,1,20,18,0,0,0,0,0,0,0,0,0,0,1,1,0,0,0
645,B1,1,1,3,1,0,0,0,0,0,0,0,0,0,0,1,1,0,0,0
645,B2,3,0,18,20,0,0,0,0,0,0,0,0,0,0,1,1,0,0,0
645,C1,19,14,4,0,0,0,0,0,0,0,0,0,0,0,1,2,0,0,0
660,A1,19,20,0,3,0,0,0,0,0,0,0,0,0,0,1,2,0,0,0
660,B0,0,1,20,12,0,0,0,0,0,0,0,0,0,0,1,1,0,0,0
660,B1,1,2,3,3,0,0,0,0,0,0,0,0,0,0,1,1,0,0,0
660,B2,4,0,12,20,0,0,0,0,0,0,0,0,0,0,1,1,0,0,0
660,C1,19,19,1,0,0,0,0,0,0,0,0,0,0,0,1,2,0,0,0
675,A1,19,20,0,2,0,0,0,0,0,0,0,0,0,1,0,2,0,0,0
675,B0,0,5,19,13,0,0,0,0,0,0,0,0,0,1,0,1,0,0,0
675,B1,3,3,1,1,0,0,0,0,0,0,0,0,0,1,0,2,0,0,0
675,B2,4,0,13,18,0,0,0,0,0,0,0,0,0,1,0,1,0,0,0
675,C1,19,19,2,0,0,0,0,0,0,0,0,0,0,1,0,2,0,0,0
690,A1,13,20,0,3,0,0,0,0,0,0,0,0,0,1,0,2,0,0,0
690,B0,0,2,19,19,0,0,0,0,0,0,0,0,0,1,0,1,0,0,0
690,B1,3,2,1,1,0,0,0,0,0,0,0,0,0,1,0,2,0,0,0
690,B2,1,0,19,20,0,0,0,0,0,0,0,0,0,1,0,1,0,0,0
690,C1,20,12,4,0,0,0,0,0,0,0,0,0,0,1,0,2,0,0,0
705,A1,11,20,0,5,0,0,0,0,0,0,0,0,0,1,0,2,0,0,0
705,B0,0,2,20,20,0,0,0,0,0,0,0,0,0,1,0,1,0,0,0
705,B1,1,2,2,3,0,0,0,0,0,0,0,0,0,1,0,1,0,0,0
705,B2,1,0,20,20,0,0,0,0,0,0,0,0,0,1,0,1,0,0,0
705,C1,20,10,5,0,0,0,0,0,0,0,0,0,0,1,0,2,0,0,0
720,A1,18,20,0,2,0,0,0,0,0,0,0,0,0,0,1,2,0,0,0
720,B0,0,1,20,14,0,0,0,0,0,0,0,0,0,0,1,1,0,0,0
720,B1,1,2,2,4,0,0,0,0,0,0,0,0,0,0,1,1,0,0,0
720,B2,2,0,15,17,0,0,0,0,0,0,0,0,0,0,1,1,0,0,0
720,C1,20,17,1,0,0,0,0,0,0,0,0,0,0,0,1,2,0,0,0
735,A1,20,20,0,1,0,0,0,0,0,0,0,0,0,0,1,2,0,0,0
735,B0,0,3,21,11,0,0,0,0,0,0,0,0,0,0,1,1,0,0,0
735,B1,3,3,1,2,0,0,0,0,0,0,0,0,0,0,1,2,0,0,0
735,B2,2,0,11,19,0,0,0,0,0,0,0,0,0,0,1,1,0,0,0
735,C1,20,20,1,0,0,0,0,0,0,0,0,0,0,0,1,2,0,0,0
750,A1,16,20,0,3,0,0,0,0,0,0,0,0,0,1,0,2,0,0,0
750,B0,0,1,20,16,0,0,0,0,0,0,0,0,0,1,0,1,0,0,0
750,B1,3,1,1,1,0,0,0,0,0,0,0,0,0,1,0,2,1,4,1
750,B2,3,0,17,20,0,0,0,0,0,0,0,0,0,1,0,1,0,0,0
750,C1,20,16,2,0,0,0,0,0,0,0,0,0,0,1,0,2,0,0,0
765,A1,11,21,0,5,0,0,0,0,0,0,0,0,0,1,0,2,0,0,0
765,B0,0,1,20,20,0,0,0,0,0,0,0,0,0,1,0,1,0,0,0
765,B1,4,3,1,1,0,0,0,0,0,0,0,0,0,1,0,2,1,4,1
765,B2,2,0,20,20,0,0,0,0,0,0,0,0,0,1,0,1,0,0,0
765,C1,20,11,4,0,0,0,0,0,0,0,0,0,0,1,0,2,0,0,0
780,A1,16,20,0,1,0,0,0,0,0,0,0,0,0,0,1,2,0,0,0
780,B0,0,1,21,17,0,0,0,0,0,0,0,0,0,0,1,1,0,0,0
780,B1,3,1,2,4,0,0,0,0,0,0,0,0,0,0,1,1,1,4,1
780,B2,1,0,17,20,0,0,0,0,0,0,0,0,0,0,1,1,0,0,0
780,C1,20,15,5,0,0,0,0,0,0,0,0,0,0,0,1,2,0,0,0
795,A1,20,20,0,2,0,0,0,0,0,0,0,0,0,0,1,2,0,0,0
795,B0,0,2,21,11,0,0,0,0,0,0,0,0,0,0,1,1,0,0,0
795,B1,3,1,2,2,0,0,0,0,0,0,0,0,0,0,1,1,1,4,1
795,B2,1,0,10,19,0,0,0,0,0,0,0,0,0,0,1,1,0,0,0
795,C1,20,20,2,0,0,0,0,0,0,0,0,0,0,0,1,2,0,0,0
810,A1,18,20,0,3,0,0,0,0,0,0,0,0,0,1,0,2,0,0,0
810,B0,0,2,20,14,0,0,0,0,0,0,0,0,0,1,0,1,0,0,0
810,B1,4,1,1,1,0,0,0,0,0,0,0,0,0,1,0,2,1,4,1
810,B2,1,0,14,18,0,0,0,0,0,0,0,0,0,1,0,1,0,0,0
810,C1,20,18,2,0,0,0,0,0,0,0,0,0,0,1,0,2,0,0,0
825,A1,12,20,0,4,0,0,0,0,0,0,0,0,0,1,0,2,0,0,0
825,B0,0,2,20,19,0,0,0,0,0,0,0,0,0,1,0,1,0,0,0
825,B1,3,1,1,1,0,0,0,0,0,0,0,0,0,1,0,2,1,4,1
825,B2,1,0,19,20,0,0,0,0,0,0,0,0,0,1,0,1,0,0,0
825,C1,20,12,4,0,0,0,0,0,0,0,0,0,0,1,0,2,0,0,0
840,A1,13,19,0,6,0,0,0,0,0,0,0,0,0,0,1,2,0,0,0
840,B0,0,2,20,19,0,0,0,0,0,0,0,0,0,0,1,1,0,0,0
840,B1,3,1,3,2,0,0,0,0,0,0,0,0,0,0,1,1,1,4,1
840,B2,2,0,19,19,0,0,0,0,0,0,0,0,0,0,1,1,0,0,0
840,C1,19,13,3,0,0,0,0,0,0,0,0,0,0,0,1,2,0,0,0
855,A1,19,19,0,1,0,0,0,0,0,0,0,0,0,0,1,2,0,0,0
855,B0,0,4,20,13,0,0,0,0,0,0,0,0,0,0,1,1,0,0,0
855,B1,3,1,2,2,0,0,0,0,0,0,0,0,0,0,1,1,1,4,1
855,B2,3,0,14,18,0,0,0,0,0,0,0,0,0,0,1,1,0,0,0
855,C1,20,19,1,0,0,0,0,0,0,0,0,0,0,0,1,2,0,0,0
870,A1,20,20,0,4,0,0,0,0,0,0,0,0,0,0,1,2,0,0,0
870,B0,0,5,20,11,0,0,0,0,0,0,0,0,0,0,1,1,0,0,0
870,B1,4,4,1,2,0,0,0,0,0,0,0,0,0,0,1,2,1,4,1
870,B2,3,0,11,19,0,0,0,0,0,0,0,0,0,0,1,1,0,0,0
870,C1,20,20,3,0,0,0,0,0,0,0,0,0,0,0,1,2,0,0,0
885,A1,15,21,0,4,0,0,0,0,0,0,0,0,0,1,0,2,0,0,0
885,B0,0,1,20,18,0,0,0,0,0,0,0,0,0,1,0,1,0,0,0
885,B1,2,2,1,2,0,0,0,0,0,0,0,0,0,1,0,2,1,4,1
885,B2,1,0,17,20,0,0,0,0,0,0,0,0,0,1,0,1,0,0,0
885,C1,20,15,4,0,0,0,0,0,0,0,0,0,0,1,0,2,0,0,0
900,A1,11,21,0,5,0,0,0,0,0,0,0,0,0,1,0,2,0,0,0
900,B0,0,1,20,20,0,0,0,0,0,0,0,0,0,1,0,1,0,0,0
900,B1,3,1,3,3,0,0,0,0,0,0,0,0,0,1,0,1,1,4,1
900,B2,2,0,20,20,0,0,0,0,0,0,0,0,0,1,0,1,0,0,0
900,C1,20,11,5,0,0,0,0,0,0,0,0,0,0,1,0,2,0,0,0
915,A1,16,20,0,2,0,0,0,0,0,0,0,0,0,0,1,2,0,0,0
915,B0,0,4,21,15,0,0,0,0,0,0,0,0,0,0,1,1,0,0,0
915,B1,2,1,2,5,0,0,0,0,0,0,0,0,0,0,1,1,2,5,2
915,B2,1,0,15,20,0,0,0,0,0,0,0,0,0,0,1,1,0,0,0
915,C1,19,16,3,0,0,0,0,0,0,0,0,0,0,0,1,2,0,0,0
930,A1,20,20,0,1,0,0,0,0,0,0,0,0,0,0,1,2,0,0,0
930,B0,0,5,21,10,0,0,0,0,0,0,0,0,0,0,1,1,0,0,0
930,B1,3,1,1,1,0,0,0,0,0,0,0,0,0,0,1,2,2,5,2
930,B2,1,0,10,20,0,0,0,0,0,0,0,0,0,0,1,1,0,0,0
930,C1,19,20,2,0,0,0,0,0,0,0,0,0,0,0,1,2,0,0,0
945,A1,17,20,0,3,0,0,0,0,0,0,0,0,0,1,0,2,0,0,0
945,B0,0,2,20,15,0,0,0,0,0,0,0,0,0,1,0,1,0,0,0
945,B1,2,1,1,2,0,0,0,0,0,0,0,0,0,1,0,1,2,5,2
945,B2,1,0,15,19,0,0,0,0,0,0,0,0,0,1,0,1,0,0,0
945,C1,20,17,3,0,0,0,0,0,0,0,0,0,0,1,0,2,0,0,0
960,A1,11,21,0,3,0,0,0,0,0,0,0,0,0,1,0,2,0,0,0
960,B0,0,1,20,20,0,0,0,0,0,0,0,0,0,1,0,1,0,0,0
960,B1,1,2,2,1,0,0,0,0,0,0,0,0,0,1,0,1,2,5,2
960,B2,1,0,20,20,0,0,0,0,0,0,0,0,0,1,0,1,0,0,0
960,C1,20,10,4,0,0,0,0,0,0,0,0,0,0,1,0,2,0,0,0
975,A1,14,20,0,3,0,0,0,0,0,0,0,0,0,0,1,2,0,0,0
975,B0,0,1,20,18,0,0,0,0,0,0,0,0,0,0,1,1,0,0,0
975,B1,1,1,1,3,0,0,0,0,0,0,0,0,0,0,1,1,3,9,3
975,B2,2,0,18,20,0,0,0,0,0,0,0,0,0,0,1,1,0,0,0
975,C1,20,14,4,0,0,0,0,0,0,0,0,0,0,0,1,2,0,0,0
990,A1,20,20,0,1,0,0,0,0,0,0,0,0,0,0,1,2,0,0,0
990,B0,0,2,20,11,0,0,0,0,0,0,0,0,0,0,1,1,0,0,0
990,B1,2,1,2,2,0,0,0,0,0,0,0,0,0,0,1,1,3,9,3
990,B2,3,0,12,20,0,0,0,0,0,0,0,0,0,0,1,1,0,0,0
990,C1,20,20,1,0,0,0,0,0,0,0,0,0,0,0,1,2,0,0,0
1005,A1,19,20,0,2,0,0,0,0,0,0,0,0,0,1,0,2,0,0,0
1005,B0,0,2,20,13,0,0,0,0,0,0,0,0,0,1,0,1,0,0,0
1005,B1,1,1,1,1,0,0,0,0,0,0,0,0,0,1,0,1,3,9,3
1005,B2,4,0,13,20,0,0,0,0,0,0,0,0,0,1,0,1,0,0,0
1005,C1,20,19,1,0,0,0,0,0,0,0,0,0,0,1,0,2,0,0,0
1020,A1,13,20,0,3,0,0,0,0,0,0,0,0,0,1,0,2,0,0,0
1020,B0,0,1,20,19,0,0,0,0,0,0,0,0,0,1,0,1,0,0,0
1020,B1,1,1,1,1,0,0,0,0,0,0,0,0,0,1,0,1,3,9,3
1020,B2,1,0,19,20,0,0,0,0,0,0,0,0,0,1,0,1,0,0,0
1020,C1,20,13,1,0,0,0,0,0,0,0,0,0,0,1,0,2,0,0,0
1035,A1,11,20,0,3,0,0,0,0,0,0,0,0,0,1,0,2,0,0,0
1035,B0,0,2,20,20,0,0,0,0,0,0,0,0,0,1,0,1,0,0,0
1035,B1,1,1,2,1,0,0,0,0,0,0,0,0,0,1,0,1,3,9,3
1035,B2,1,0,20,20,0,0,0,0,0,0,0,0,0,1,0,1,0,0,0
1035,C1,19,10,2,0,0,0,0,0,0,0,0,0,0,1,0,2,0,0,0
1050,A1,17,20,0,1,0,0,0,0,0,0,0,0,0,0,1,2,0,0,0
1050,B0,0,3,21,14,0,0,0,0,0,0,0,0,0,0,1,1,0,0,0
1050,B1,1,1,5,2,0,0,0,0,0,0,0,0,0,0,1,1,3,9,3
1050,B2,3,0,14,20,0,0,0,0,0,0,0,0,0,0,1,1,0,0,0
1050,C1,20,17,1,0,0,0,0,0,0,0,0,0,0,0,1,2,0,0,0
1065,A1,20,20,0,1,0,0,0,0,0,0,0,0,0,0,1,2,0,0,0
1065,B0,0,3,21,10,0,0,0,0,0,0,0,0,0,0,1,1,0,0,0
1065,B1,1,2,1,1,0,0,0,0,0,0,0,0,0,0,1,2,3,9,3
1065,B2,4,0,11,20,0,0,0,0,0,0,0,0,0,0,1,1,0,0,0
1065,C1,20,20,2,0,0,0,0,0,0,0,0,0,0,0,1,2,0,0,0
1080,A1,15,20,0,1,0,0,0,0,0,0,0,0,0,1,0,2,0,0,0
1080,B0,0,2,20,16,0,0,0,0,0,0,0,0,0,1,0,1,0,0,0
1080,B1,2,1,1,1,0,0,0,0,0,0,0,0,0,1,0,2,3,9,3
1080,B2,4,0,16,19,0,0,0,0,0,0,0,0,0,1,0,1,0,0,0
1080,C1,20,15,2,0,0,0,0,0,0,0,0,0,0,1,0,2,0,0,0
1095,A1,10,20,0,1,0,0,0,0,0,0,0,0,0,1,0,2,0,0,0
1095,B0,0,3,20,20,0,0,0,0,0,0,0,0,0,1,0,1,0,0,0
1095,B1,1,2,1,1,0,0,0,0,0,0,0,0,0,1,0,2,3,9,3
1095,B2,4,0,20,20,0,0,0,0,0,0,0,0,0,1,0,1,0,0,0
1095,C1,20,10,3,0,0,0,0,0,0,0,0,0,0,1,0,2,0,0,0
1110,A1,15,19,0,2,0,0,0,0,0,0,0,0,0,0,1,2,0,0,0
1110,B0,0,1,20,17,0,0,0,0,0,0,0,0,0,0,1,1,0,0,0
1110,B1,1,1,1,3,0,0,0,0,0,0,0,0,0,0,1,1,3,9,3
1110,B2,6,0,17,21,0,0,0,0,0,0,0,0,0,0,1,1,0,0,0
1110,C1,19,15,1,0,0,0,0,0,0,0,0,0,0,0,1,2,0,0,0
1125,A1,20,19,0,1,0,0,0,0,0,0,0,0,0,0,1,2,0,0,0
1125,B0,0,2,20,12,0,0,0,0,0,0,0,0,0,0,1,1,0,0,0
1125,B1,2,1,1,2,0,0,0,0,0,0,0,0,0,0,1,1,3,9,3
1125,B2,6,0,11,21,0,0,0,0,0,0,0,0,0,0,1,1,0,0,0
1125,C1,19,20,2,0,0,0,0,0,0,0,0,0,0,0,1,2,0,0,0
1140,A1,18,20,0,1,0,0,0,0,0,0,0,0,0,1,0,2,0,0,0
1140,B0,0,1,19,14,0,0,0,0,0,0,0,0,0,1,0,1,0,0,0
1140,B1,1,2,1,1,0,0,0,0,0,0,0,0,0,1,0,2,3,9,3
1140,B2,6,0,14,20,0,0,0,0,0,0,0,0,0,1,0,1,0,0,0
1140,C1,19,18,4,0,0,0,0,0,0,0,0,0,0,1,0,2,0,0,0
1155,A1,12,20,0,3,0,0,0,0,0,0,0,0,0,1,0,2,0,0,0
1155,B0,0,3,19,19,0,0,0,0,0,0,0,0,0,1,0,1,0,0,0
1155,B1,1,1,1,1,0,0,0,0,0,0,0,0,0,1,0,1,3,9,3
1155,B2,7,0,19,20,0,0,0,0,0,0,0,0,0,1,0,1,0,0,0
1155,C1,20,12,6,0,0,0,0,0,0,0,0,0,0,1,0,2,0,0,0
1170,A1,12,19,0,3,0,0,0,0,0,0,0,0,0,0,1,2,0,0,0
1170,B0,0,1,19,19,0,0,0,0,0,0,0,0,0,0,1,1,0,0,0
1170,B1,1,3,1,2,0,0,0,0,0,0,0,0,0,0,1,2,3,9,3
1170,B2,8,0,19,20,0,0,0,0,0,0,0,0,0,0,1,1,0,0,0
1170,C1,19,12,5,0,0,0,0,0,0,0,0,0,0,0,1,2,0,0,0
1185,A1,19,19,0,1,0,0,0,0,0,0,0,0,0,0,1,2,0,0,0
1185,B0,0,1,20,13,0,0,0,0,0,0,0,0,0,0,1,1,0,0,0
1185,B1,1,3,1,4,0,0,0,0,0,0,0,0,0,0,1,1,3,9,3
1185,B2,8,0,13,20,0,0,0,0,0,0,0,0,0,0,1,1,0,0,0
1185,C1,20,18,3,0,0,0,0,0,0,0,0,0,0,0,1,2,0,0,0
1200,A1,20,19,0,2,0,0,0,0,0,0,0,0,0,0,1,2,0,0,0
1200,B0,0,2,20,11,0,0,0,0,0,0,0,0,0,0,1,1,0,0,0
1200,B1,2,1,2,1,0,0,0,0,0,0,0,0,0,0,1,1,3,9,3
1200,B2,8,0,11,19,0,0,0,0,0,0,0,0,0,0,1,1,0,0,0
1200,C1,20,20,1,0,0,0,0,0,0,0,0,0,0,0,1,2,0,0,0
1215,A1,14,21,0,2,0,0,0,0,0,0,0,0,0,1,0,2,0,0,0
1215,B0,0,1,20,17,0,0,0,0,0,0,0,0,0,1,0,1,0,0,0
1215,B1,6,5,2,1,0,0,0,0,0,0,0,0,0,1,0,2,3,9,3
1215,B2,9,0,17,20,0,0,0,0,0,0,0,0,0,1,0,1,0,0,0
1215,C1,21,14,1,0,0,0,0,0,0,0,0,0,0,1,0,2,0,0,0
1230,A1,11,21,0,5,0,0,0,0,0,0,0,0,0,1,0,2,0,0,0
1230,B0,0,2,20,20,0,0,0,0,0,0,0,0,0,1,0,1,0,0,0
1230,B1,4,1,5,1,0,0,0,0,0,0,0,0,0,1,0,1,3,9,3
1230,B2,9,0,20,20,0,0,0,0,0,0,0,0,0,1,0,1,0,0,0
1230,C1,21,11,2,0,0,0,0,0,0,0,0,0,0,1,0,2,0,0,0
1245,A1,16,20,0,5,0,0,0,0,0,0,0,0,0,0,1,2,0,0,0
1245,B0,0,2,21,15,0,0,0,0,0,0,0,0,0,0,1,1,0,0,0
1245,B1,3,1,2,1,0,0,0,0,0,0,0,0,0,0,1,2,4,10,5
1245,B2,9,0,16,20,0,0,0,0,0,0,0,0,0,0,1,1,0,0,0
1245,C1,20,16,1,0,0,0,0,0,0,0,0,0,0,0,1,2,0,0,0
1260,A1,20,20,0,2,0,0,0,0,0,0,0,0,0,0,1,2,0,0,0
1260,B0,0,5,21,10,0,0,0,0,0,0,0,0,0,0,1,1,0,0,0
1260,B1,3,2,1,1,0,0,0,0,0,0,0,0,0,0,1,2,4,10,5
1260,B2,10,0,10,20,0,0,0,0,0,0,0,0,0,0,1,1,0,0,0
1260,C1,20,20,1,0,0,0,0,0,0,0,0,0,0,0,1,2,0,0,0
1275,A1,16,20,0,2,0,0,0,0,0,0,0,0,0,1,0,2,0,0,0
1275,B0,0,3,20,15,0,0,0,0,0,0,0,0,0,1,0,1,0,0,0
1275,B1,4,1,1,1,0,0,0,0,0,0,0,0,0,1,0,2,4,10,5
1275,B2,11,0,15,19,0,0,0,0,0,0,0,0,0,1,0,1,0,0,0
1275,C1,21,17,2,0,0,0,0,0,0,0,0,0,0,1,0,2,0,0,0
1290,A1,10,20,0,3,0,0,0,0,0,0,0,0,0,1,0,2,0,0,0
1290,B0,0,1,20,20,0,0,0,0,0,0,0,0,0,1,0,1,0,0,0
1290,B1,1,3,1,3,0,0,0,0,0,0,0,0,0,1,0,1,4,10,5
1290,B2,11,0,20,19,0,0,0,0,0,0,0,0,0,1,0,1,0,0,0
1290,C1,21,11,2,0,0,0,0,0,0,0,0,0,0,1,0,2,0,0,0
1305,A1,14,20,0,5,0,0,0,0,0,0,0,0,0,0,1,2,0,0,0
1305,B0,0,2,20,18,0,0,0,0,0,0,0,0,0,0,1,1,0,0,0
1305,B1,1,1,2,3,0,0,0,0,0,0,0,0,0,0,1,1,4,10,5
1305,B2,12,0,18,19,0,0,0,0,0,0,0,0,0,0,1,1,0,0,0
1305,C1,20,14,2,0,0,0,0,0,0,0,0,0,0,0,1,2,0,0,0
1320,A1,20,20,0,1,0,0,0,0,0,0,0,0,0,0,1,2,0,0,0
1320,B0,0,2,20,12,0,0,0,0,0,0,0,0,0,0,1,1,0,0,0
1320,B1,1,1,3,2,0,0,0,0,0,0,0,0,0,0,1,1,4,10,5
1320,B2,12,0,12,20,0,0,0,0,0,0,0,0,0,0,1,1,0,0,0
1320,C1,20,20,1,0,0,0,0,0,0,0,0,0,0,0,1,2,0,0,0
1335,A1,19,20,0,2,0,0,0,0,0,0,0,0,0,1,0,2,0,0,0
1335,B0,0,2,19,13,0,0,0,0,0,0,0,0,0,1,0,1,0,0,0
1335,B1,2,1,2,1,0,0,0,0,0,0,0,0,0,1,0,1,4,10,5
1335,B2,12,0,13,19,0,0,0,0,0,0,0,0,0,1,0,1,0,0,0
1335,C1,20,19,1,0,0,0,0,0,0,0,0,0,0,1,0,2,0,0,0
1350,A1,13,20,0,5,0,0,0,0,0,0,0,0,0,1,0,2,0,0,0
1350,B0,0,1,20,19,0,0,0,0,0,0,0,0,0,1,0,1,0,0,0
1350,B1,1,2,2,1,0,0,0,0,0,0,0,0,0,1,0,1,4,10,5
1350,B2,13,0,18,19,0,0,0,0,0,0,0,0,0,1,0,1,0,0,0
1350,C1,20,13,2,0,0,0,0,0,0,0,0,0,0,1,0,2,0,0,0
1365,A1,11,20,0,7,0,0,0,0,0,0,0,0,0,1,0,2,0,0,0
1365,B0,0,1,20,20,0,0,0,0,0,0,0,0,0,1,0,1,0,0,0
1365,B1,2,1,3,2,0,0,0,0,0,0,0,0,0,1,0,1,4,10,5
1365,B2,16,0,20,19,0,0,0,0,0,0,0,0,0,1,0,1,0,0,0
1365,C1,19,12,3,0,0,0,0,0,0,0,0,0,0,1,0,2,0,0,0
1380,A1,17,20,0,2,0,0,0,0,0,0,0,0,0,0,1,2,0,0,0
1380,B0,0,1,21,14,0,0,0,0,0,0,0,0,0,0,1,1,0,0,0
1380,B1,2,1,4,3,0,0,0,0,0,0,0,0,0,0,1,1,4,10,5
1380,B2,16,0,15,20,0,0,0,0,0,0,0,0,0,0,1,1,0,0,0
1380,C1,19,17,3,0,0,0,0,0,0,0,0,0,0,0,1,2,0,0,0
1395,A1,20,20,0,2,0,0,0,0,0,0,0,0,0,0,1,2,0,0,0
1395,B0,0,1,21,10,0,0,0,0,0,0,0,0,0,0,1,1,0,0,0
1395,B1,3,3,4,1,0,0,0,0,0,0,0,0,0,0,1,2,4,10,5
1395,B2,17,0,11,20,0,0,0,0,0,0,0,0,0,0,1,1,0,0,0
1395,C1,19,20,1,0,0,0,0,0,0,0,0,0,0,0,1,2,0,0,0
1410,A1,16,20,0,7,0,0,0,0,0,0,0,0,0,1,0,2,0,0,0
1410,B0,0,1,20,16,0,0,0,0,0,0,0,0,0,1,0,1,0,0,0
1410,B1,5,1,4,1,0,0,0,0,0,0,0,0,0,1,0,2,4,10,5
1410,B2,15,0,16,19,0,0,0,0,0,0,0,0,0,1,0,1,0,0,0
1410,C1,20,16,1,0,0,0,0,0,0,0,0,0,0,1,0,2,0,0,0
1425,A1,11,20,0,5,0,0,0,0,0,0,0,0,0,1,0,2,0,0,0
1425,B0,0,1,20,20,0,0,0,0,0,0,0,0,0,1,0,1,0,0,0
1425,B1,4,2,5,3,0,0,0,0,0,0,0,0,0,1,0,1,4,10,5
1425,B2,16,0,20,20,0,0,0,0,0,0,0,0,0,1,0,1,0,0,0
1425,C1,21,11,2,0,0,0,0,0,0,0,0,0,0,1,0,2,0,0,0
1440,A1,15,19,0,3,0,0,0,0,0,0,0,0,0,0,1,2,0,0,0
1440,B0,0,5,20,17,0,0,0,0,0,0,0,0,0,0,1,1,0,0,0
1440,B1,2,1,5,3,0,0,0,0,0,0,0,0,0,0,1,1,4,10,5
1440,B2,17,0,16,20,0,0,0,0,0,0,0,0,0,0,1,1,0,0,0
1440,C1,20,16,1,0,0,0,0,0,0,0,0,0,0,0,1,2,0,0,0
1455,A1,20,19,0,4,0,0,0,0,0,0,0,0,0,0,1,2,0,0,0
1455,B0,0,5,20,11,0,0,0,0,0,0,0,0,0,0,1,1,0,0,0
1455,B1,2,1,6,5,0,0,0,0,0,0,0,0,0,0,1,1,4,10,5
1455,B2,18,0,10,20,0,0,0,0,0,0,0,0,0,0,1,1,0,0,0
1455,C1,20,20,1,0,0,0,0,0,0,0,0,0,0,0,1,2,0,0,0
1470,A1,18,19,0,4,0,0,0,0,0,0,0,0,0,1,0,2,0,0,0
1470,B0,0,4,19,12,0,0,0,0,0,0,0,0,0,1,0,1,0,0,0
1470,B1,4,4,4,4,0,0,0,0,0,0,0,0,0,1,0,1,4,10,5
1470,B2,19,0,14,20,0,0,0,0,0,0,0,0,0,1,0,1,0,0,0
1470,C1,20,18,2,0,0,0,0,0,0,0,0,0,0,1,0,2,0,0,0
1485,A1,12,20,0,6,0,0,0,0,0,0,0,0,0,1,0,2,0,0,0
1485,B0,0,1,19,16,0,0,0,0,0,0,0,0,0,1,0,1,0,0,0
1485,B1,5,2,4,4,0,0,0,0,0,0,0,0,0,1,0,1,4,10,5
1485,B2,20,0,20,20,0,0,0,0,0,0,0,0,0,1,0,1,0,0,0
1485,C1,20,12,2,0,0,0,0,0,0,0,0,0,0,1,0,2,0,0,0
1500,A1,12,19,0,8,0,0,0,0,0,0,0,0,0,0,1,2,0,0,0
1500,B0,0,2,20,17,0,0,0,0,0,0,0,0,0,0,1,1,0,0,0
1500,B1,3,1,4,5,0,0,0,0,0,0,0,0,0,0,1,1,4,10,5
1500,B2,20,0,19,20,0,0,0,0,0,0,0,0,0,0,1,1,0,0,0
1500,C1,20,12,3,0,0,0,0,0,0,0,0,0,0,0,1,2,0,0,0
1515,A1,18,19,0,4,0,0,0,0,0,0,0,0,0,0,1,2,0,0,0
1515,B0,0,3,20,11,0,0,0,0,0,0,0,0,0,0,1,1,0,0,0
1515,B1,3,1,2,7,0,0,0,0,0,0,0,0,0,0,1,1,4,10,5
1515,B2,20,0,13,20,0,0,0,0,0,0,0,0,0,0,1,1,0,0,0
1515,C1,20,18,3,0,0,0,0,0,0,0,0,0,0,0,1,2,0,0,0
1530,A1,20,19,0,5,0,0,0,0,0,0,0,0,0,0,1,2,0,0,0
1530,B0,0,3,20,9,0,0,0,0,0,0,0,0,0,0,1,1,0,0,0
1530,B1,3,2,1,3,0,0,0,0,0,0,0,0,0,0,1,2,4,10,5
1530,B2,20,0,11,19,0,0,0,0,0,0,0,0,0,0,1,1,0,0,0
1530,C1,20,20,2,0,0,0,0,0,0,0,0,0,0,0,1,2,0,0,0
1545,A1,15,21,0,5,0,0,0,0,0,0,0,0,0,1,0,2,0,0,0
1545,B0,0,2,20,12,0,0,0,0,0,0,0,0,0,1,0,1,0,0,0
1545,B1,2,3,1,3,0,0,0,0,0,0,0,0,0,1,0,2,4,10,5
1545,B2,15,0,17,19,0,0,0,0,0,0,0,0,0,1,0,1,0,0,0
1545,C1,20,14,3,0,0,0,0,0,0,0,0,0,0,1,0,2,0,0,0
1560,A1,11,21,0,5,0,0,0,0,0,0,0,0,0,1,0,2,0,0,0
1560,B0,0,3,20,14,0,0,0,0,0,0,0,0,0,1,0,1,0,0,0
1560,B1,2,1,1,3,0,0,0,0,0,0,0,0,0,1,0,1,4,10,5
1560,B2,15,0,20,19,0,0,0,0,0,0,0,0,0,1,0,1,0,0,0
1560,C1,20,10,3,0,0,0,0,0,0,0,0,0,0,1,0,2,0,0,0
1575,A1,12,20,0,5,0,0,0,0,0,0,0,0,0,0,1,2,0,0,0
1575,B0,0,4,20,13,0,0,0,0,0,0,0,0,0,0,1,1,0,0,0
1575,B1,1,1,2,5,0,0,0,0,0,0,0,0,0,0,1,1,4,10,5
1575,B2,19,0,16,21,0,0,0,0,0,0,0,0,0,0,1,1,0,0,0
1575,C1,19,16,1,0,0,0,0,0,0,0,0,0,0,0,1,2,0,0,0
1590,A1,19,20,0,8,0,0,0,0,0,0,0,0,0,0,1,2,0,0,0
1590,B0,0,4,21,8,0,0,0,0,0,0,0,0,0,0,1,1,0,0,0
1590,B1,3,2,2,1,0,0,0,0,0,0,0,0,0,0,1,2,4,10,5
1590,B2,20,0,11,21,0,0,0,0,0,0,0,0,0,0,1,1,0,0,0
1590,C1,19,20,1,0,0,0,0,0,0,0,0,0,0,0,1,2,0,0,0
1605,A1,17,21,0,8,0,0,0,0,0,0,0,0,0,1,0,2,0,0,0
1605,B0,0,5,20,12,0,0,0,0,0,0,0,0,0,1,0,1,0,0,0
1605,B1,4,3,1,1,0,0,0,0,0,0,0,0,0,1,0,2,4,10,5
1605,B2,20,0,15,20,0,0,0,0,0,0,0,0,0,1,0,1,0,0,0
1605,C1,20,17,1,0,0,0,0,0,0,0,0,0,0,1,0,2,0,0,0
1620,A1,10,21,0,8,0,0,0,0,0,0,0,0,0,1,0,2,0,0,0
1620,B0,0,1,20,15,0,0,0,0,0,0,0,0,0,1,0,1,0,0,0
1620,B1,3,3,1,1,0,0,0,0,0,0,0,0,0,1,0,2,4,10,5
1620,B2,20,0,20,20,0,0,0,0,0,0,0,0,0,1,0,1,0,0,0
1620,C1,21,11,1,0,0,0,0,0,0,0,0,0,0,1,0,2,0,0,0
1635,A1,13,20,0,8,0,0,0,0,0,0,0,0,0,0,1,2,0,0,0
1635,B0,0,2,20,15,0,0,0,0,0,0,0,0,0,0,1,1,0,0,0
1635,B1,1,1,3,5,0,0,0,0,0,0,0,0,0,0,1,1,4,10,5
1635,B2,20,0,18,20,0,0,0,0,0,0,0,0,0,0,1,1,0,0,0
1635,C1,20,14,1,0,0,0,0,0,0,0,0,0,0,0,1,2,0,0,0
1650,A1,16,20,0,11,0,0,0,0,0,0,0,0,0,0,1,2,0,0,0
1650,B0,0,4,20,9,0,0,0,0,0,0,0,0,0,0,1,1,0,0,0
1650,B1,1,1,4,3,0,0,0,0,0,0,0,0,0,0,1,1,4,10,5
1650,B2,20,0,12,20,0,0,0,0,0,0,0,0,0,0,1,1,0,0,0
1650,C1,20,19,1,0,0,0,0,0,0,0,0,0,0,0,1,2,0,0,0
1665,A1,18,20,0,11,0,0,0,0,0,0,0,0,0,1,0,2,0,0,0
1665,B0,0,4,19,9,0,0,0,0,0,0,0,0,0,1,0,1,0,0,0
1665,B1,1,3,4,1,0,0,0,0,0,0,0,0,0,1,0,1,4,10,5
1665,B2,20,0,12,19,0,0,0,0,0,0,0,0,0,1,0,1,0,0,0
1665,C1,20,19,2,0,0,0,0,0,0,0,0,0,0,1,0,2,0,0,0
1680,A1,14,20,0,12,0,0,0,0,0,0,0,0,0,1,0,2,0,0,0
1680,B0,0,1,19,12,0,0,0,0,0,0,0,0,0,1,0,1,0,0,0
1680,B1,3,4,4,1,0,0,0,0,0,0,0,0,0,1,0,2,4,10,5
1680,B2,20,0,19,19,0,0,0,0,0,0,0,0,0,1,0,1,0,0,0
1680,C1,20,13,2,0,0,0,0,0,0,0,0,0,0,1,0,2,0,0,0
1695,A1,11,19,0,12,0,0,0,0,0,0,0,0,0,1,0,2,0,0,0
1695,B0,0,2,19,16,0,0,0,0,0,0,0,0,0,1,0,1,0,0,0
1695,B1,1,2,5,3,0,0,0,0,0,0,0,0,0,1,0,1,4,10,5
1695,B2,20,0,20,19,0,0,0,0,0,0,0,0,0,1,0,1,0,0,0
1695,C1,20,11,3,0,0,0,0,0,0,0,0,0,0,1,0,2,0,0,0
1710,A1,18,19,0,12,0,0,0,0,0,0,0,0,0,0,1,2,0,0,0
1710,B0,0,3,21,10,0,0,0,0,0,0,0,0,0,0,1,1,0,0,0
1710,B1,1,2,5,2,0,0,0,0,0,0,0,0,0,0,1,1,4,10,5
1710,B2,20,0,15,20,0,0,0,0,0,0,0,0,0,0,1,1,0,0,0
1710,C1,20,15,1,0,0,0,0,0,0,0,0,0,0,0,1,2,0,0,0
1725,A1,18,19,0,9,0,0,0,0,0,0,0,0,0,0,1,2,0,0,0
1725,B0,0,4,21,5,0,0,0,0,0,0,0,0,0,0,1,1,0,0,0
1725,B1,2,3,4,2,0,0,0,0,0,0,0,0,0,0,1,1,4,10,5
1725,B2,20,0,11,20,0,0,0,0,0,0,0,0,0,0,1,1,0,0,0
1725,C1,20,18,2,0,0,0,0,0,0,0,0,0,0,0,1,2,0,0,0
1740,A1,14,20,0,10,0,0,0,0,0,0,0,0,0,1,0,2,0,0,0
1740,B0,0,1,20,9,0,0,0,0,0,0,0,0,0,1,0,1,0,0,0
1740,B1,2,4,2,1,0,0,0,0,0,0,0,0,0,1,0,2,4,10,5
1740,B2,19,0,17,19,0,0,0,0,0,0,0,0,0,1,0,1,0,0,0
1740,C1,21,13,3,0,0,0,0,0,0,0,0,0,0,1,0,2,0,0,0
1755,A1,10,21,0,10,0,0,0,0,0,0,0,0,0,1,0,2,0,0,0
1755,B0,0,2,20,12,0,0,0,0,0,0,0,0,0,1,0,1,0,0,0
1755,B1,1,3,4,2,0,0,0,0,0,0,0,0,0,1,0,1,4,10,5
1755,B2,20,0,20,19,0,0,0,0,0,0,0,0,0,1,0,1,0,0,0
1755,C1,21,8,4,0,0,0,0,0,0,0,0,0,0,1,0,2,0,0,0
1770,A1,12,20,0,13,0,0,0,0,0,0,0,0,0,0,1,2,0,0,0
1770,B0,0,3,20,12,0,0,0,0,0,0,0,0,0,0,1,1,0,0,0
1770,B1,1,2,5,3,0,0,0,0,0,0,0,0,0,0,1,1,4,10,5
1770,B2,20,0,17,20,0,0,0,0,0,0,0,0,0,0,1,1,0,0,0
1770,C1,20,11,3,0,0,0,0,0,0,0,0,0,0,0,1,2,0,0,0
1785,A1,13,20,0,14,0,0,0,0,0,0,0,0,0,0,1,2,0,0,0
1785,B0,0,3,20,7,0,0,0,0,0,0,0,0,0,0,1,1,0,0,0
1785,B1,3,2,4,4,0,0,0,0,0,0,0,0,0,0,1,1,4,10,5
1785,B2,20,0,11,20,0,0,0,0,0,0,0,0,0,0,1,1,0,0,0
1785,C1,20,14,1,0,0,0,0,0,0,0,0,0,0,0,1,2,0,0,0
1800,A1,12,20,0,16,0,0,0,0,0,0,0,0,0,1,0,2,0,0,0
1800,B0,0,2,20,8,0,0,0,0,0,0,0,0,0,1,0,1,0,0,0
1800,B1,2,5,1,2,0,0,0,0,0,0,0,0,0,1,0,2,4,10,5
1800,B2,20,0,14,20,0,0,0,0,0,0,0,0,0,1,0,1,0,0,0
1800,C1,20,15,2,0,0,0,0,0,0,0,0,0,0,1,0,2,0,0,0
1815,A1,6,20,0,16,0,0,0,0,0,0,0,0,0,1,0,2,0,0,0
1815,B0,0,1,20,11,0,0,0,0,0,0,0,0,0,1,0,1,0,0,0
1815,B1,2,2,1,2,0,0,0,0,0,0,0,0,0,1,0,2,4,10,5
1815,B2,20,0,19,20,0,0,0,0,0,0,0,0,0,1,0,1,0,0,0
1815,C1,20,11,4,0,0,0,0,0,0,0,0,0,0,1,0,2,0,0,0
1830,A1,4,19,0,18,0,0,0,0,0,0,0,0,0,0,1,2,0,0,0
1830,B0,0,1,20,11,0,0,0,0,0,0,0,0,0,0,1,1,0,0,0
1830,B1,1,1,3,5,0,0,0,0,0,0,0,0,0,0,1,1,4,10,5
1830,B2,19,0,19,20,0,0,0,0,0,0,0,0,0,0,1,1,0,0,0
1830,C1,19,10,4,0,0,0,0,0,0,0,0,0,0,0,1,2,0,0,0
1845,A1,6,19,0,18,0,0,0,0,0,0,0,0,0,0,1,2,0,0,0
1845,B0,0,2,20,6,0,0,0,0,0,0,0,0,0,0,1,1,0,0,0
1845,B1,1,1,1,5,0,0,0,0,0,0,0,0,0,0,1,1,4,10,5
1845,B2,20,0,13,20,0,0,0,0,0,0,0,0,0,0,1,1,0,0,0
1845,C1,19,12,4,0,0,0,0,0,0,0,0,0,0,0,1,2,0,0,0
1860,A1,12,19,0,17,0,0,0,0,0,0,0,0,0,0,1,2,0,0,0
1860,B0,0,3,20,2,0,0,0,0,0,0,0,0,0,0,1,1,0,0,0
1860,B1,1,2,2,1,0,0,0,0,0,0,0,0,0,0,1,1,4,10,5
1860,B2,20,0,11,19,0,0,0,0,0,0,0,0,0,0,1,1,0,0,0
1860,C1,19,15,2,0,0,0,0,0,0,0,0,0,0,0,1,2,0,0,0
1875,A1,7,20,0,17,0,0,0,0,0,0,0,0,0,1,0,2,0,0,0
1875,B0,0,3,20,6,0,0,0,0,0,0,0,0,0,1,0,1,0,0,0
1875,B1,1,4,1,1,0,0,0,0,0,0,0,0,0,1,0,2,4,10,5
1875,B2,17,0,17,20,0,0,0,0,0,0,0,0,0,1,0,1,0,0,0
1875,C1,20,11,3,0,0,0,0,0,0,0,0,0,0,1,0,2,0,0,0
1890,A1,2,20,0,18,0,0,0,0,0,0,0,0,0,1,0,2,0,0,0
1890,B0,0,2,20,11,0,0,0,0,0,0,0,0,0,1,0,1,0,0,0
1890,B1,1,1,3,1,0,0,0,0,0,0,0,0,0,1,0,1,4,10,5
1890,B2,17,0,20,20,0,0,0,0,0,0,0,0,0,1,0,1,0,0,0
1890,C1,20,7,5,0,0,0,0,0,0,0,0,0,0,1,0,2,0,0,0
1905,A1,4,20,0,19,0,0,0,0,0,0,0,0,0,0,1,2,0,0,0
1905,B0,0,2,20,9,0,0,0,0,0,0,0,0,0,0,1,1,0,0,0
1905,B1,1,1,1,3,0,0,0,0,0,0,0,0,0,0,1,1,4,10,5
1905,B2,19,0,15,20,0,0,0,0,0,0,0,0,0,0,1,1,0,0,0
1905,C1,19,9,2,0,0,0,0,0,0,0,0,0,0,0,1,2,0,0,0
1920,A1,8,20,0,20,0,0,0,0,0,0,0,0,0,0,1,2,0,0,0
1920,B0,0,4,21,6,0,0,0,0,0,0,0,0,0,0,1,1,0,0,0
1920,B1,2,1,1,3,0,0,0,0,0,0,0,0,0,0,1,1,4,10,5
1920,B2,20,0,11,20,0,0,0,0,0,0,0,0,0,0,1,1,0,0,0
1920,C1,19,12,2,0,0,0,0,0,0,0,0,0,0,0,1,2,0,0,0
1935,A1,7,20,0,20,0,0,0,0,0,0,0,0,0,1,0,2,0,0,0
1935,B0,0,4,20,8,0,0,0,0,0,0,0,0,0,1,0,1,0,0,0
1935,B1,4,4,1,1,0,0,0,0,0,0,0,0,0,1,0,2,4,10,5
1935,B2,19,0,15,19,0,0,0,0,0,0,0,0,0,1,0,1,0,0,0
1935,C1,20,10,2,0,0,0,0,0,0,0,0,0,0,1,0,2,0,0,0
1950,A1,4,20,0,20,0,0,0,0,0,0,0,0,0,1,0,2,0,0,0
1950,B0,0,2,20,11,0,0,0,0,0,0,0,0,0,1,0,1,0,0,0
1950,B1,2,2,1,1,0,0,0,0,0,0,0,0,0,1,0,2,4,10,5
1950,B2,18,0,19,19,0,0,0,0,0,0,0,0,0,1,0,1,0,0,0
1950,C1,21,5,3,0,0,0,0,0,0,0,0,0,0,1,0,2,0,0,0
1965,A1,4,20,0,19,0,0,0,0,0,0,0,0,0,0,1,2,0,0,0
1965,B0,0,2,20,9,0,0,0,0,0,0,0,0,0,0,1,1,0,0,0
1965,B1,1,1,1,2,0,0,0,0,0,0,0,0,0,0,1,1,4,10,5
1965,B2,18,0,17,19,0,0,0,0,0,0,0,0,0,0,1,1,0,0,0
1965,C1,20,4,1,0,0,0,0,0,0,0,0,0,0,0,1,2,0,0,0
1980,A1,7,20,0,19,0,0,0,0,0,0,0,0,0,0,1,2,0,0,0
1980,B0,0,2,20,4,0,0,0,0,0,0,0,0,0,0,1,1,0,0,0
1980,B1,2,1,1,3,0,0,0,0,0,0,0,0,0,0,1,1,4,10,5
1980,B2,20,0,12,20,0,0,0,0,0,0,0,0,0,0,1,1,0,0,0
1980,C1,20,11,2,0,0,0,0,0,0,0,0,0,0,0,1,2,0,0,0
1995,A1,9,21,0,20,0,0,0,0,0,0,0,0,0,1,0,2,0,0,0
1995,B0,0,3,19,3,0,0,0,0,0,0,0,0,0,1,0,1,0,0,0
1995,B1,2,1,1,1,0,0,0,0,0,0,0,0,0,1,0,2,4,10,5
1995,B2,20,0,12,19,0,0,0,0,0,0,0,0,0,1,0,1,0,0,0
1995,C1,20,11,3,0,0,0,0,0,0,0,0,0,0,1,0,2,0,0,0
2010,A1,4,21,0,20,0,0,0,0,0,0,0,0,0,1,0,2,0,0,0
2010,B0,0,1,20,6,0,0,0,0,0,0,0,0,0,1,0,1,0,0,0
2010,B1,2,2,1,1,0,0,0,0,0,0,0,0,0,1,0,2,4,10,5
2010,B2,20,0,13,19,0,0,0,0,0,0,0,0,0,1,0,1,0,0,0
2010,C1,20,6,3,0,0,0,0,0,0,0,0,0,0,1,0,2,0,0,0
2025,A1,1,20,0,20,0,0,0,0,0,0,0,0,0,1,0,2,0,0,0
2025,B0,0,1,20,7,0,0,0,0,0,0,0,0,0,1,0,1,0,0,0
2025,B1,1,2,1,2,0,0,0,0,0,0,0,0,0,1,0,1,4,10,5
2025,B2,20,0,17,19,0,0,0,0,0,0,0,0,0,1,0,1,0,0,0
2025,C1,20,5,3,0,0,0,0,0,0,0,0,0,0,1,0,2,0,0,0
2040,A1,5,20,0,19,0,0,0,0,0,0,0,0,0,0,1,2,0,0,0
2040,B0,0,1,21,4,0,0,0,0,0,0,0,0,0,0,1,1,0,0,0
2040,B1,1,2,1,2,0,0,0,0,0,0,0,0,0,0,1,1,4,10,5
2040,B2,20,0,12,20,0,0,0,0,0,0,0,0,0,0,1,1,0,0,0
2040,C1,20,9,1,0,0,0,0,0,0,0,0,0,0,0,1,2,0,0,0
2055,A1,9,20,0,18,0,0,0,0,0,0,0,0,0,0,1,2,0,0,0
2055,B0,0,1,19,2,0,0,0,0,0,0,0,0,0,0,1,1,0,0,0
2055,B1,1,2,1,1,0,0,0,0,0,0,0,0,0,0,1,2,4,10,5
2055,B2,20,0,8,20,0,0,0,0,0,0,0,0,0,0,1,1,0,0,0
2055,C1,20,11,3,0,0,0,0,0,0,0,0,0,0,0,1,2,0,0,0
2070,A1,5,20,0,20,0,0,0,0,0,0,0,0,0,1,0,2,0,0,0
2070,B0,0,1,19,5,0,0,0,0,0,0,0,0,0,1,0,1,0,0,0
2070,B1,4,4,1,1,0,0,0,0,0,0,0,0,0,1,0,2,4,10,5
2070,B2,20,0,12,19,0,0,0,0,0,0,0,0,0,1,0,1,0,0,0
2070,C1,20,6,2,0,0,0,0,0,0,0,0,0,0,1,0,2,0,0,0
2085,A1,2,20,0,20,0,0,0,0,0,0,0,0,0,1,0,2,0,0,0
2085,B0,0,3,20,10,0,0,0,0,0,0,0,0,0,1,0,1,0,0,0
2085,B1,1,3,3,1,0,0,0,0,0,0,0,0,0,1,0,1,4,10,5
2085,B2,20,0,15,19,0,0,0,0,0,0,0,0,0,1,0,1,0,0,0
2085,C1,20,5,2,0,0,0,0,0,0,0,0,0,0,1,0,2,0,0,0
2100,A1,2,19,0,19,0,0,0,0,0,0,0,0,0,0,1,2,0,0,0
2100,B0,0,1,20,11,0,0,0,0,0,0,0,0,0,0,1,1,0,0,0
2100,B1,3,2,1,1,0,0,0,0,0,0,0,0,0,0,1,2,4,10,5
2100,B2,20,0,13,19,0,0,0,0,0,0,0,0,0,0,1,1,0,0,0
2100,C1,19,4,1,0,0,0,0,0,0,0,0,0,0,0,1,2,0,0,0
2115,A1,5,20,0,20,0,0,0,0,0,0,0,0,0,0,1,2,0,0,0
2115,B0,0,5,20,6,0,0,0,0,0,0,0,0,0,0,1,1,0,0,0
2115,B1,3,2,2,3,0,0,0,0,0,0,0,0,0,0,1,1,4,10,5
2115,B2,20,0,10,21,0,0,0,0,0,0,0,0,0,0,1,1,0,0,0
2115,C1,19,7,3,0,0,0,0,0,0,0,0,0,0,0,1,2,0,0,0
2130,A1,3,21,0,20,0,0,0,0,0,0,0,0,0,1,0,2,0,0,0
2130,B0,0,5,20,5,0,0,0,0,0,0,0,0,0,1,0,1,0,0,0
2130,B1,2,1,2,1,0,0,0,0,0,0,0,0,0,1,0,1,4,10,5
2130,B2,20,0,10,20,0,0,0,0,0,0,0,0,0,1,0,1,0,0,0
2130,C1,20,5,1,0,0,0,0,0,0,0,0,0,0,1,0,2,0,0,0
2145,A1,1,20,0,20,0,0,0,0,0,0,0,0,0,1,0,2,0,0,0
2145,B0,0,1,20,8,0,0,0,0,0,0,0,0,0,1,0,1,0,0,0
2145,B1,1,1,2,1,0,0,0,0,0,0,0,0,0,1,0,1,4,10,5
2145,B2,20,0,11,20,0,0,0,0,0,0,0,0,0,1,0,1,0,0,0
2145,C1,19,1,2,0,0,0,0,0,0,0,0,0,0,1,0,2,0,0,0
2160,A1,4,19,0,20,0,0,0,0,0,0,0,0,0,0,1,2,0,0,0
2160,B0,0,1,20,10,0,0,0,0,0,0,0,0,0,0,1,1,0,0,0
2160,B1,2,1,3,3,0,0,0,0,0,0,0,0,0,0,1,1,4,10,5
2160,B2,20,0,11,20,0,0,0,0,0,0,0,0,0,0,1,1,0,0,0
2160,C1,17,1,4,0,0,0,0,0,0,0,0,0,0,0,1,2,0,0,0
2175,A1,4,20,0,20,0,0,0,0,0,0,0,0,0,0,1,2,0,0,0
2175,B0,0,2,20,5,0,0,0,0,0,0,0,0,0,0,1,1,0,0,0
2175,B1,1,1,3,2,0,0,0,0,0,0,0,0,0,0,1,1,4,10,5
2175,B2,20,0,5,20,0,0,0,0,0,0,0,0,0,0,1,1,0,0,0
2175,C1,19,6,1,0,0,0,0,0,0,0,0,0,0,0,1,2,0,0,0
2190,A1,8,20,0,18,0,0,0,0,0,0,0,0,0,0,1,2,0,0,0
2190,B0,0,5,20,1,0,0,0,0,0,0,0,0,0,0,1,1,0,0,0
2190,B1,3,3,3,1,0,0,0,0,0,0,0,0,0,0,1,2,4,10,5
2190,B2,20,0,4,20,0,0,0,0,0,0,0,0,0,0,1,1,0,0,0
2190,C1,20,7,2,0,0,0,0,0,0,0,0,0,0,0,1,2,0,0,0
2205,A1,4,20,0,19,0,0,0,0,0,0,0,0,0,1,0,2,0,0,0
2205,B0,0,1,20,3,0,0,0,0,0,0,0,0,0,1,0,1,0,0,0
2205,B1,4,1,3,1,0,0,0,0,0,0,0,0,0,1,0,2,5,11,6
2205,B2,19,0,8,20,0,0,0,0,0,0,0,0,0,1,0,1,0,0,0
2205,C1,20,1,3,0,0,0,0,0,0,0,0,0,0,1,0,2,0,0,0
2220,A1,2,20,0,20,0,0,0,0,0,0,0,0,0,1,0,2,0,0,0
2220,B0,0,1,20,5,0,0,0,0,0,0,0,0,0,1,0,1,0,0,0
2220,B1,3,1,3,1,0,0,0,0,0,0,0,0,0,1,0,1,5,11,6
2220,B2,19,0,9,20,0,0,0,0,0,0,0,0,0,1,0,1,0,0,0
2220,C1,17,4,4,0,0,0,0,0,0,0,0,0,0,1,0,2,0,0,0
2235,A1,4,19,0,18,0,0,0,0,0,0,0,0,0,0,1,2,0,0,0
2235,B0,0,1,20,2,0,0,0,0,0,0,0,0,0,0,1,1,0,0,0
2235,B1,3,1,4,2,0,0,0,0,0,0,0,0,0,0,1,1,5,11,6
2235,B2,20,0,5,20,0,0,0,0,0,0,0,0,0,0,1,1,0,0,0
2235,C1,16,5,2,0,0,0,0,0,0,0,0,0,0,0,1,2,0,0,0
2250,A1,7,20,0,17,0,0,0,0,0,0,0,0,0,0,1,2,0,0,0
2250,B0,0,2,20,2,0,0,0,0,0,0,0,0,0,0,1,1,0,0,0
2250,B1,4,3,4,2,0,0,0,0,0,0,0,0,0,0,1,2,5,11,6
2250,B2,20,0,2,20,0,0,0,0,0,0,0,0,0,0,1,1,0,0,0
2250,C1,20,8,2,0,0,0,0,0,0,0,0,0,0,0,1,2,0,0,0
2265,A1,5,20,0,19,0,0,0,0,0,0,0,0,0,1,0,2,0,0,0
2265,B0,0,1,20,3,0,0,0,0,0,0,0,0,0,1,0,1,0,0,0
2265,B1,5,2,4,2,0,0,0,0,0,0,0,0,0,1,0,2,5,11,6
2265,B2,20,0,3,19,0,0,0,0,0,0,0,0,0,1,0,1,0,0,0
2265,C1,20,7,2,0,0,0,0,0,0,0,0,0,0,1,0,2,0,0,0
2280,A1,1,19,0,20,0,0,0,0,0,0,0,0,0,1,0,2,0,0,0
2280,B0,0,2,20,3,0,0,0,0,0,0,0,0,0,1,0,1,0,0,0
2280,B1,1,1,5,2,0,0,0,0,0,0,0,0,0,1,0,1,5,11,6
2280,B2,20,0,6,20,0,0,0,0,0,0,0,0,0,1,0,1,0,0,0
2280,C1,20,2,5,0,0,0,0,0,0,0,0,0,0,1,0,2,0,0,0
2295,A1,5,19,0,20,0,0,0,0,0,0,0,0,0,0,1,2,0,0,0
2295,B0,0,3,20,2,0,0,0,0,0,0,0,0,0,0,1,1,0,0,0
2295,B1,1,1,5,1,0,0,0,0,0,0,0,0,0,0,1,1,5,11,6
2295,B2,20,0,6,20,0,0,0,0,0,0,0,0,0,0,1,1,0,0,0
2295,C1,20,3,3,0,0,0,0,0,0,0,0,0,0,0,1,2,0,0,0
2310,A1,5,20,0,20,0,0,0,0,0,0,0,0,0,0,1,2,0,0,0
2310,B0,0,4,17,3,0,0,0,0,0,0,0,0,0,0,1,1,0,0,0
2310,B1,1,1,7,2,0,0,0,0,0,0,0,0,0,0,1,1,5,11,6
2310,B2,20,0,4,20,0,0,0,0,0,0,0,0,0,0,1,1,0,0,0
2310,C1,20,3,1,0,0,0,0,0,0,0,0,0,0,0,1,2,0,0,0
2325,A1,4,20,0,20,0,0,0,0,0,0,0,0,0,1,0,2,0,0,0
2325,B0,0,4,16,4,0,0,0,0,0,0,0,0,0,1,0,1,0,0,0
2325,B1,1,3,5,1,0,0,0,0,0,0,0,0,0,1,0,1,6,15,7
2325,B2,19,0,4,20,0,0,0,0,0,0,0,0,0,1,0,1,0,0,0
2325,C1,20,3,1,0,0,0,0,0,0,0,0,0,0,1,0,2,0,0,0
2340,A1,2,19,0,20,0,0,0,0,0,0,0,0,0,1,0,2,0,0,0
2340,B0,0,1,20,7,0,0,0,0,0,0,0,0,0,1,0,1,0,0,0
2340,B1,2,1,5,1,0,0,0,0,0,0,0,0,0,1,0,1,6,15,7
2340,B2,18,0,6,20,0,0,0,0,0,0,0,0,0,1,0,1,0,0,0
2340,C1,18,1,2,0,0,0,0,0,0,0,0,0,0,1,0,2,0,0,0
2355,A1,3,19,0,20,0,0,0,0,0,0,0,0,0,1,0,2,0,0,0
2355,B0,0,1,20,9,0,0,0,0,0,0,0,0,0,1,0,1,0,0,0
2355,B1,1,1,5,1,0,0,0,0,0,0,0,0,0,1,0,1,6,15,7
2355,B2,19,0,7,20,0,0,0,0,0,0,0,0,0,1,0,1,0,0,0
2355,C1,14,1,2,0,0,0,0,0,0,0,0,0,0,1,0,2,0,0,0
2370,A1,3,20,0,20,0,0,0,0,0,0,0,0,0,0,1,2,0,0,0
2370,B0,0,2,20,4,0,0,0,0,0,0,0,0,0,0,1,1,0,0,0
2370,B1,1,1,5,4,0,0,0,0,0,0,0,0,0,0,1,1,6,15,7
2370,B2,19,0,5,20,0,0,0,0,0,0,0,0,0,0,1,1,0,0,0
2370,C1,18,5,2,0,0,0,0,0,0,0,0,0,0,0,1,2,0,0,0
2385,A1,4,20,0,18,0,0,0,0,0,0,0,0,0,0,1,2,0,0,0
2385,B0,0,2,20,2,0,0,0,0,0,0,0,0,0,0,1,1,0,0,0
2385,B1,3,2,5,2,0,0,0,0,0,0,0,0,0,0,1,1,6,15,7
2385,B2,20,0,1,20,0,0,0,0,0,0,0,0,0,0,1,1,0,0,0
2385,C1,20,5,2,0,0,0,0,0,0,0,0,0,0,0,1,2,0,0,0
2400,A1,1,20,0,18,0,0,0,0,0,0,0,0,0,1,0,2,0,0,0
2400,B0,0,2,20,1,0,0,0,0,0,0,0,0,0,1,0,1,0,0,0
2400,B1,3,2,5,3,0,0,0,0,0,0,0,0,0,1,0,1,6,15,7
2400,B2,20,0,5,19,0,0,0,0,0,0,0,0,0,1,0,1,0,0,0
2400,C1,20,2,2,0,0,0,0,0,0,0,0,0,0,1,0,2,0,0,0
2415,A1,2,15,0,20,0,0,0,0,0,0,0,0,0,1,0,2,0,0,0
2415,B0,0,2,20,3,0,0,0,0,0,0,0,0,0,1,0,1,0,0,0
2415,B1,4,1,5,4,0,0,0,0,0,0,0,0,0,1,0,1,6,15,7
2415,B2,19,0,5,19,0,0,0,0,0,0,0,0,0,1,0,1,0,0,0
2415,C1,19,1,2,0,0,0,0,0,0,0,0,0,0,1,0,2,0,0,0
2430,A1,5,15,0,18,0,0,0,0,0,0,0,0,0,0,1,2,0,0,0
2430,B0,0,4,20,1,0,0,0,0,0,0,0,0,0,0,1,1,0,0,0
2430,B1,2,1,7,3,0,0,0,0,0,0,0,0,0,0,1,1,6,15,7
2430,B2,19,0,4,20,0,0,0,0,0,0,0,0,0,0,1,1,0,0,0
2430,C1,18,6,1,0,0,0,0,0,0,0,0,0,0,0,1,2,0,0,0
2445,A1,7,20,0,13,0,0,0,0,0,0,0,0,0,0,1,2,0,0,0
2445,B0,0,4,16,1,0,0,0,0,0,0,0,0,0,0,1,1,0,0,0
2445,B1,2,2,5,2,0,0,0,0,0,0,0,0,0,0,1,1,6,15,7
2445,B2,20,0,3,20,0,0,0,0,0,0,0,0,0,0,1,1,0,0,0
2445,C1,20,7,1,0,0,0,0,0,0,0,0,0,0,0,1,2,0,0,0
2460,A1,6,20,0,15,0,0,0,0,0,0,0,0,0,1,0,2,0,0,0
2460,B0,0,5,15,3,0,0,0,0,0,0,0,0,0,1,0,1,0,0,0
2460,B1,4,2,4,1,0,0,0,0,0,0,0,0,0,1,0,2,6,15,7
2460,B2,19,0,1,19,0,0,0,0,0,0,0,0,0,1,0,1,0,0,0
2460,C1,20,5,1,0,0,0,0,0,0,0,0,0,0,1,0,2,0,0,0
2475,A1,2,20,0,20,0,0,0,0,0,0,0,0,0,1,0,2,0,0,0
2475,B0,0,1,19,3,0,0,0,0,0,0,0,0,0,1,0,1,0,0,0
2475,B1,5,3,4,1,0,0,0,0,0,0,0,0,0,1,0,2,6,15,7
2475,B2,19,0,1,20,0,0,0,0,0,0,0,0,0,1,0,1,0,0,0
2475,C1,19,2,2,0,0,0,0,0,0,0,0,0,0,1,0,2,0,0,0
2490,A1,2,20,0,19,0,0,0,0,0,0,0,0,0,0,1,2,0,0,0
2490,B0,0,2,20,2,0,0,0,0,0,0,0,0,0,0,1,1,0,0,0
2490,B1,3,2,5,2,0,0,0,0,0,0,0,0,0,0,1,1,6,15,7
2490,B2,20,0,2,20,0,0,0,0,0,0,0,0,0,0,1,1,0,0,0
2490,C1,16,2,3,0,0,0,0,0,0,0,0,0,0,0,1,2,0,0,0
2505,A1,3,20,0,19,0,0,0,0,0,0,0,0,0,0,1,2,0,0,0
2505,B0,0,3,17,1,0,0,0,0,0,0,0,0,0,0,1,1,0,0,0
2505,B1,3,1,7,5,0,0,0,0,0,0,0,0,0,0,1,1,6,15,7
2505,B2,20,0,1,19,0,0,0,0,0,0,0,0,0,0,1,1,0,0,0
2505,C1,18,4,4,0,0,0,0,0,0,0,0,0,0,0,1,2,0,0,0
2520,A1,3,20,0,20,0,0,0,0,0,0,0,0,0,0,1,2,0,0,0
2520,B0,0,3,17,2,0,0,0,0,0,0,0,0,0,0,1,1,0,0,0
2520,B1,4,2,6,2,0,0,0,0,0,0,0,0,0,0,1,1,6,15,7
2520,B2,20,0,2,18,0,0,0,0,0,0,0,0,0,0,1,1,0,0,0
2520,C1,20,7,4,0,0,0,0,0,0,0,0,0,0,0,1,2,0,0,0
2535,A1,2,20,0,20,0,0,0,0,0,0,0,0,0,1,0,2,0,0,0
2535,B0,0,1,20,5,0,0,0,0,0,0,0,0,0,1,0,1,0,0,0
2535,B1,5,1,6,2,0,0,0,0,0,0,0,0,0,1,0,1,6,15,7
2535,B2,18,0,4,19,0,0,0,0,0,0,0,0,0,1,0,1,0,0,0
2535,C1,20,3,6,0,0,0,0,0,0,0,0,0,0,1,0,2,0,0,0
2550,A1,1,19,0,20,0,0,0,0,0,0,0,0,0,1,0,2,0,0,0
2550,B0,0,2,20,5,0,0,0,0,0,0,0,0,0,1,0,1,0,0,0
2550,B1,6,1,6,4,0,0,0,0,0,0,0,0,0,1,0,1,6,15,7
2550,B2,16,0,5,20,0,0,0,0,0,0,0,0,0,1,0,1,0,0,0
2550,C1,20,2,6,0,0,0,0,0,0,0,0,0,0,1,0,2,0,0,0
2565,A1,2,18,0,16,0,0,0,0,0,0,0,0,0,0,1,2,0,0,0
2565,B0,0,3,20,2,0,0,0,0,0,0,0,0,0,0,1,1,0,0,0
2565,B1,6,1,6,2,0,0,0,0,0,0,0,0,0,0,1,1,6,15,7
2565,B2,17,0,1,20,0,0,0,0,0,0,0,0,0,0,1,1,0,0,0
2565,C1,19,4,6,0,0,0,0,0,0,0,0,0,0,0,1,2,0,0,0
2580,A1,3,20,0,11,0,0,0,0,0,0,0,0,0,0,1,2,0,0,0
2580,B0,0,3,20,1,0,0,0,0,0,0,0,0,0,0,1,1,0,0,0
2580,B1,6,2,5,3,0,0,0,0,0,0,0,0,0,0,1,1,6,15,7
2580,B2,20,0,1,18,0,0,0,0,0,0,0,0,0,0,1,1,0,0,0
2580,C1,20,4,4,0,0,0,0,0,0,0,0,0,0,0,1,2,0,0,0
2595,A1,3,20,0,15,0,0,0,0,0,0,0,0,0,1,0,2,0,0,0
2595,B0,0,2,19,2,0,0,0,0,0,0,0,0,0,1,0,1,0,0,0
2595,B1,6,4,4,2,0,0,0,0,0,0,0,0,0,1,0,2,6,15,7
2595,B2,19,0,3,17,0,0,0,0,0,0,0,0,0,1,0,1,0,0,0
2595,C1,20,3,3,0,0,0,0,0,0,0,0,0,0,1,0,2,0,0,0
2610,A1,2,15,0,20,0,0,0,0,0,0,0,0,0,1,0,2,0,0,0
2610,B0,0,1,20,2,0,0,0,0,0,0,0,0,0,1,0,1,0,0,0
2610,B1,9,1,5,2,0,0,0,0,0,0,0,0,0,1,0,2,6,15,7
2610,B2,18,0,4,20,0,0,0,0,0,0,0,0,0,1,0,1,0,0,0
2610,C1,19,4,3,0,0,0,0,0,0,0,0,0,0,1,0,2,0,0,0
2625,A1,5,14,0,18,0,0,0,0,0,0,0,0,0,0,1,2,0,0,0
2625,B0,0,2,20,5,0,0,0,0,0,0,0,0,0,0,1,1,0,0,0
2625,B1,7,1,7,4,0,0,0,0,0,0,0,0,0,0,1,1,6,15,7
2625,B2,18,0,3,20,0,0,0,0,0,0,0,0,0,0,1,1,0,0,0
2625,C1,18,3,2,0,0,0,0,0,0,0,0,0,0,0,1,2,0,0,0
2640,A1,6,20,0,14,0,0,0,0,0,0,0,0,0,0,1,2,0,0,0
2640,B0,0,3,20,1,0,0,0,0,0,0,0,0,0,0,1,1,0,0,0
2640,B1,7,1,6,5,0,0,0,0,0,0,0,0,0,0,1,1,6,15,7
2640,B2,19,0,3,19,0,0,0,0,0,0,0,0,0,0,1,1,0,0,0
2640,C1,20,4,1,0,0,0,0,0,0,0,0,0,0,0,1,2,0,0,0
2655,A1,7,20,0,15,0,0,0,0,0,0,0,0,0,1,0,2,0,0,0
2655,B0,0,3,18,1,0,0,0,0,0,0,0,0,0,1,0,1,0,0,0
2655,B1,8,1,6,5,0,0,0,0,0,0,0,0,0,1,0,1,6,15,7
2655,B2,19,0,3,18,0,0,0,0,0,0,0,0,0,1,0,1,0,0,0
2655,C1,20,5,1,0,0,0,0,0,0,0,0,0,0,1,0,2,0,0,0
2670,A1,2,20,0,19,0,0,0,0,0,0,0,0,0,1,0,2,0,0,0
2670,B0,0,1,18,4,0,0,0,0,0,0,0,0,0,1,0,1,0,0,0
2670,B1,10,2,6,5,0,0,0,0,0,0,0,0,0,1,0,1,6,15,7
2670,B2,19,0,3,19,0,0,0,0,0,0,0,0,0,1,0,1,0,0,0
2670,C1,20,2,2,0,0,0,0,0,0,0,0,0,0,1,0,2,0,0,0
2685,A1,1,18,0,20,0,0,0,0,0,0,0,0,0,1,0,2,0,0,0
2685,B0,0,2,20,4,0,0,0,0,0,0,0,0,0,1,0,1,0,0,0
2685,B1,9,1,7,7,0,0,0,0,0,0,0,0,0,1,0,1,6,15,7
2685,B2,17,0,4,20,0,0,0,0,0,0,0,0,0,1,0,1,0,0,0
2685,C1,19,6,3,0,0,0,0,0,0,0,0,0,0,1,0,2,0,0,0
2700,A1,3,18,0,17,0,0,0,0,0,0,0,0,0,0,1,2,0,0,0
2700,B0,0,3,19,1,0,0,0,0,0,0,0,0,0,0,1,1,0,0,0
2700,B1,9,1,9,8,0,0,0,0,0,0,0,0,0,0,1,1,6,15,7
2700,B2,18,0,5,20,0,0,0,0,0,0,0,0,0,0,1,1,0,0,0
2700,C1,19,3,1,0,0,0,0,0,0,0,0,0,0,0,1,2,0,0,0
2715,A1,5,20,0,13,0,0,0,0,0,0,0,0,0,0,1,2,0,0,0
2715,B0,0,4,18,1,0,0,0,0,0,0,0,0,0,0,1,1,0,0,0
2715,B1,11,1,9,8,0,0,0,0,0,0,0,0,0,0,1,1,6,15,7
2715,B2,20,0,2,20,0,0,0,0,0,0,0,0,0,0,1,1,0,0,0
2715,C1,20,5,2,0,0,0,0,0,0,0,0,0,0,0,1,2,0,0,0
2730,A1,4,20,0,17,0,0,0,0,0,0,0,0,0,1,0,2,0,0,0
2730,B0,0,2,18,4,0,0,0,0,0,0,0,0,0,1,0,1,0,0,0
2730,B1,11,5,9,7,0,0,0,0,0,0,0,0,0,1,0,2,6,15,7
2730,B2,17,0,4,19,0,0,0,0,0,0,0,0,0,1,0,1,0,0,0
2730,C1,20,3,5,0,0,0,0,0,0,0,0,0,0,1,0,2,0,0,0
2745,A1,1,21,0,20,0,0,0,0,0,0,0,0,0,1,0,2,0,0,0
2745,B0,0,2,20,6,0,0,0,0,0,0,0,0,0,1,0,1,0,0,0
2745,B1,11,5,9,8,0,0,0,0,0,0,0,0,0,1,0,2,6,15,7
2745,B2,15,0,4,20,0,0,0,0,0,0,0,0,0,1,0,1,0,0,0
2745,C1,16,1,5,0,0,0,0,0,0,0,0,0,0,1,0,2,0,0,0
2760,A1,2,20,0,17,0,0,0,0,0,0,0,0,0,0,1,2,0,0,0
2760,B0,0,3,20,4,0,0,0,0,0,0,0,0,0,0,1,1,0,0,0
2760,B1,11,2,10,13,0,0,0,0,0,0,0,0,0,0,1,1,6,15,7
2760,B2,17,0,3,20,0,0,0,0,0,0,0,0,0,0,1,1,0,0,0
2760,C1,15,2,4,0,0,0,0,0,0,0,0,0,0,0,1,2,0,0,0
2775,A1,3,20,0,13,0,0,0,0,0,0,0,0,0,0,1,2,0,0,0
2775,B0,0,4,18,1,0,0,0,0,0,0,0,0,0,0,1,1,0,0,0
2775,B1,11,2,10,9,0,0,0,0,0,0,0,0,0,0,1,1,6,15,7
2775,B2,20,0,1,17,0,0,0,0,0,0,0,0,0,0,1,1,0,0,0
2775,C1,20,2,5,0,0,0,0,0,0,0,0,0,0,0,1,2,0,0,0
2790,A1,1,20,0,14,0,0,0,0,0,0,0,0,0,1,0,2,0,0,0
2790,B0,0,6,16,1,0,0,0,0,0,0,0,0,0,1,0,1,0,0,0
2790,B1,13,2,9,5,0,0,0,0,0,0,0,0,0,1,0,1,6,15,7
2790,B2,19,0,3,15,0,0,0,0,0,0,0,0,0,1,0,1,0,0,0
2790,C1,20,2,6,0,0,0,0,0,0,0,0,0,0,1,0,2,0,0,0
2805,A1,2,15,0,15,0,0,0,0,0,0,0,0,0,1,0,2,0,0,0
2805,B0,0,9,19,2,0,0,0,0,0,0,0,0,0,1,0,1,0,0,0
2805,B1,15,3,9,5,0,0,0,0,0,0,0,0,0,1,0,2,6,15,7
2805,B2,19,0,4,19,0,0,0,0,0,0,0,0,0,1,0,1,0,0,0
2805,C1,20,2,8,0,0,0,0,0,0,0,0,0,0,1,0,2,0,0,0
2820,A1,3,15,0,16,0,0,0,0,0,0,0,0,0,0,1,2,0,0,0
2820,B0,0,7,20,1,0,0,0,0,0,0,0,0,0,0,1,1,0,0,0
2820,B1,12,1,10,5,0,0,0,0,0,0,0,0,0,0,1,1,6,15,7
2820,B2,19,0,4,20,0,0,0,0,0,0,0,0,0,0,1,1,0,0,0
2820,C1,18,2,8,0,0,0,0,0,0,0,0,0,0,0,1,2,0,0,0
2835,A1,5,20,0,17,0,0,0,0,0,0,0,0,0,0,1,2,0,0,0
2835,B0,0,10,18,1,0,0,0,0,0,0,0,0,0,0,1,1,0,0,0
2835,B1,11,1,11,6,0,0,0,0,0,0,0,0,0,0,1,1,6,15,7
2835,B2,19,0,1,19,0,0,0,0,0,0,0,0,0,0,1,1,0,0,0
2835,C1,19,3,7,0,0,0,0,0,0,0,0,0,0,0,1,2,0,0,0
2850,A1,7,20,0,18,0,0,0,0,0,0,0,0,0,0,1,2,0,0,0
2850,B0,0,10,18,2,0,0,0,0,0,0,0,0,0,0,1,1,0,0,0
2850,B1,12,2,10,2,0,0,0,0,0,0,0,0,0,0,1,1,6,15,7
2850,B2,19,0,2,18,0,0,0,0,0,0,0,0,0,0,1,1,0,0,0
2850,C1,20,3,6,0,0,0,0,0,0,0,0,0,0,0,1,2,0,0,0
2865,A1,3,20,0,19,0,0,0,0,0,0,0,0,0,1,0,2,0,0,0
2865,B0,0,9,20,3,0,0,0,0,0,0,0,0,0,1,0,1,0,0,0
2865,B1,12,1,10,2,0,0,0,0,0,0,0,0,0,1,0,1,6,15,7
2865,B2,18,0,1,20,0,0,0,0,0,0,0,0,0,1,0,1,0,0,0
2865,C1,18,1,6,0,0,0,0,0,0,0,0,0,0,1,0,2,0,0,0
2880,A1,2,19,0,19,0,0,0,0,0,0,0,0,0,1,0,2,0,0,0
2880,B0,0,5,20,3,0,0,0,0,0,0,0,0,0,1,0,1,0,0,0
2880,B1,7,1,10,2,0,0,0,0,0,0,0,0,0,1,0,1,6,15,7
2880,B2,18,0,3,20,0,0,0,0,0,0,0,0,0,1,0,1,0,0,0
2880,C1,13,3,9,0,0,0,0,0,0,0,0,0,0,1,0,2,0,0,0
2895,A1,5,18,0,19,0,0,0,0,0,0,0,0,0,0,1,2,0,0,0
2895,B0,0,6,19,1,0,0,0,0,0,0,0,0,0,0,1,1,0,0,0
2895,B1,7,1,11,2,0,0,0,0,0,0,0,0,0,0,1,1,6,15,7
2895,B2,20,0,3,19,0,0,0,0,0,0,0,0,0,0,1,1,0,0,0
2895,C1,15,4,8,0,0,0,0,0,0,0,0,0,0,0,1,2,0,0,0
2910,A1,2,20,0,18,0,0,0,0,0,0,0,0,0,0,1,2,0,0,0
2910,B0,0,7,18,1,0,0,0,0,0,0,0,0,0,0,1,1,0,0,0
2910,B1,8,1,8,1,0,0,0,0,0,0,0,0,0,0,1,2,6,15,7
2910,B2,20,0,1,14,0,0,0,0,0,0,0,0,0,0,1,1,0,0,0
2910,C1,20,4,6,0,0,0,0,0,0,0,0,0,0,0,1,2,0,0,0
2925,A1,2,20,0,17,0,0,0,0,0,0,0,0,0,1,0,2,0,0,0
2925,B0,0,5,19,3,0,0,0,0,0,0,0,0,0,1,0,1,0,0,0
2925,B1,9,2,8,2,0,0,0,0,0,0,0,0,0,1,0,2,6,15,7
2925,B2,20,0,4,16,0,0,0,0,0,0,0,0,0,1,0,1,0,0,0
2925,C1,20,3,6,0,0,0,0,0,0,0,0,0,0,1,0,2,0,0,0
2940,A1,1,20,0,20,0,0,0,0,0,0,0,0,0,1,0,2,0,0,0
2940,B0,0,1,20,3,0,0,0,0,0,0,0,0,0,1,0,1,0,0,0
2940,B1,9,1,9,2,0,0,0,0,0,0,0,0,0,1,0,1,6,15,7
2940,B2,17,0,6,20,0,0,0,0,0,0,0,0,0,1,0,1,0,0,0
2940,C1,18,1,7,0,0,0,0,0,0,0,0,0,0,1,0,2,0,0,0
2955,A1,3,18,0,18,0,0,0,0,0,0,0,0,0,0,1,2,0,0,0
2955,B0,0,2,20,3,0,0,0,0,0,0,0,0,0,0,1,1,0,0,0
2955,B1,6,1,9,1,0,0,0,0,0,0,0,0,0,0,1,1,6,15,7
2955,B2,17,0,7,20,0,0,0,0,0,0,0,0,0,0,1,1,0,0,0
2955,C1,19,1,5,0,0,0,0,0,0,0,0,0,0,0,1,2,0,0,0
2970,A1,4,19,0,17,0,0,0,0,0,0,0,0,0,0,1,2,0,0,0
2970,B0,0,3,18,2,0,0,0,0,0,0,0,0,0,0,1,1,0,0,0
2970,B1,6,2,9,1,0,0,0,0,0,0,0,0,0,0,1,2,6,15,7
2970,B2,20,0,3,20,0,0,0,0,0,0,0,0,0,0,1,1,0,0,0
2970,C1,20,1,5,0,0,0,0,0,0,0,0,0,0,0,1,2,0,0,0
2985,A1,4,20,0,19,0,0,0,0,0,0,0,0,0,1,0,2,0,0,0
2985,B0,0,3,15,3,0,0,0,0,0,0,0,0,0,1,0,1,0,0,0
2985,B1,7,1,9,1,0,0,0,0,0,0,0,0,0,1,0,2,6,15,7
2985,B2,19,0,2,20,0,0,0,0,0,0,0,0,0,1,0,1,0,0,0
2985,C1,20,2,4,0,0,0,0,0,0,0,0,0,0,1,0,2,0,0,0
3000,A1,2,18,0,19,0,0,0,0,0,0,0,0,0,1,0,2,0,0,0
3000,B0,0,1,19,4,0,0,0,0,0,0,0,0,0,1,0,1,0,0,0
3000,B1,6,3,9,1,0,0,0,0,0,0,0,0,0,1,0,2,6,15,7
3000,B2,15,0,3,20,0,0,0,0,0,0,0,0,0,1,0,1,0,0,0
3000,C1,17,3,4,0,0,0,0,0,0,0,0,0,0,1,0,2,0,0,0
3015,A1,4,14,0,20,0,0,0,0,0,0,0,0,0,1,0,2,0,0,0
3015,B0,0,1,20,4,0,0,0,0,0,0,0,0,0,1,0,1,0,0,0
3015,B1,4,1,11,4,0,0,0,0,0,0,0,0,0,1,0,1,6,15,7
3015,B2,13,0,3,20,0,0,0,0,0,0,0,0,0,1,0,1,0,0,0
3015,C1,16,2,6,0,0,0,0,0,0,0,0,0,0,1,0,2,0,0,0
3030,A1,4,17,0,16,0,0,0,0,0,0,0,0,0,0,1,2,0,0,0
3030,B0,0,2,19,1,0,0,0,0,0,0,0,0,0,0,1,1,0,0,0
3030,B1,4,1,13,3,0,0,0,0,0,0,0,0,0,0,1,1,6,15,7
3030,B2,17,0,1,19,0,0,0,0,0,0,0,0,0,0,1,1,0,0,0
3030,C1,20,5,4,0,0,0,0,0,0,0,0,0,0,0,1,2,0,0,0
3045,A1,5,20,0,14,0,0,0,0,0,0,0,0,0,0,1,2,0,0,0
3045,B0,0,3,17,1,0,0,0,0,0,0,0,0,0,0,1,1,0,0,0
3045,B1,7,1,13,5,0,0,0,0,0,0,0,0,0,0,1,1,6,15,7
3045,B2,20,0,2,19,0,0,0,0,0,0,0,0,0,0,1,1,0,0,0
3045,C1,20,7,3,0,0,0,0,0,0,0,0,0,0,0,1,2,0,0,0
3060,A1,2,20,0,18,0,0,0,0,0,0,0,0,0,1,0,2,0,0,0
3060,B0,0,3,17,1,0,0,0,0,0,0,0,0,0,1,0,1,0,0,0
3060,B1,8,3,13,1,0,0,0,0,0,0,0,0,0,1,0,2,6,15,7
3060,B2,19,0,2,19,0,0,0,0,0,0,0,0,0,1,0,1,0,0,0
3060,C1,17,4,2,0,0,0,0,0,0,0,0,0,0,1,0,2,0,0,0
3075,A1,2,19,0,19,0,0,0,0,0,0,0,0,0,1,0,2,0,0,0
3075,B0,0,2,20,1,0,0,0,0,0,0,0,0,0,1,0,1,0,0,0
3075,B1,5,2,13,2,0,0,0,0,0,0,0,0,0,1,0,1,6,15,7
3075,B2,20,0,4,20,0,0,0,0,0,0,0,0,0,1,0,1,0,0,0
3075,C1,18,3,3,0,0,0,0,0,0,0,0,0,0,1,0,2,0,0,0
3090,A1,1,18,0,15,0,0,0,0,0,0,0,0,0,0,1,2,0,0,0
3090,B0,0,3,20,1,0,0,0,0,0,0,0,0,0,0,1,1,0,0,0
3090,B1,3,1,15,2,0,0,0,0,0,0,0,0,0,0,1,1,6,15,7
3090,B2,20,0,3,20,0,0,0,0,0,0,0,0,0,0,1,1,0,0,0
3090,C1,20,2,3,0,0,0,0,0,0,0,0,0,0,0,1,2,0,0,0
3105,A1,1,20,0,14,0,0,0,0,0,0,0,0,0,0,1,2,0,0,0
3105,B0,0,2,19,1,0,0,0,0,0,0,0,0,0,0,1,1,0,0,0
3105,B1,3,2,12,1,0,0,0,0,0,0,0,0,0,0,1,1,6,15,7
3105,B2,20,0,2,17,0,0,0,0,0,0,0,0,0,0,1,1,0,0,0
3105,C1,20,3,4,0,0,0,0,0,0,0,0,0,0,0,1,2,0,0,0
3120,A1,4,20,0,14,0,0,0,0,0,0,0,0,0,1,0,2,0,0,0
3120,B0,0,1,17,2,0,0,0,0,0,0,0,0,0,1,0,1,0,0,0
3120,B1,3,4,11,1,0,0,0,0,0,0,0,0,0,1,0,2,6,15,7
3120,B2,20,0,3,17,0,0,0,0,0,0,0,0,0,1,0,1,0,0,0
3120,C1,20,1,3,0,0,0,0,0,0,0,0,0,0,1,0,2,0,0,0
3135,A1,1,17,0,15,0,0,0,0,0,0,0,0,0,1,0,2,0,0,0
3135,B0,0,1,19,5,0,0,0,0,0,0,0,0,0,1,0,1,0,0,0
3135,B1,1,2,11,1,0,0,0,0,0,0,0,0,0,1,0,1,6,15,7
3135,B2,19,0,4,20,0,0,0,0,0,0,0,0,0,1,0,1,0,0,0
3135,C1,16,2,3,0,0,0,0,0,0,0,0,0,0,1,0,2,0,0,0
3150,A1,1,17,0,14,0,0,0,0,0,0,0,0,0,0,1,2,0,0,0
3150,B0,0,1,20,6,0,0,0,0,0,0,0,0,0,0,1,1,0,0,0
3150,B1,1,1,11,4,0,0,0,0,0,0,0,0,0,0,1,1,6,15,7
3150,B2,16,0,6,19,0,0,0,0,0,0,0,0,0,0,1,1,0,0,0
3150,C1,17,1,6,0,0,0,0,0,0,0,0,0,0,0,1,2,0,0,0
3165,A1,2,20,0,14,0,0,0,0,0,0,0,0,0,0,1,2,0,0,0
3165,B0,0,2,20,1,0,0,0,0,0,0,0,0,0,0,1,1,0,0,0
3165,B1,1,1,11,3,0,0,0,0,0,0,0,0,0,0,1,1,6,15,7
3165,B2,19,0,2,19,0,0,0,0,0,0,0,0,0,0,1,1,0,0,0
3165,C1,20,2,2,0,0,0,0,0,0,0,0,0,0,0,1,2,0,0,0
3180,A1,2,20,0,12,0,0,0,0,0,0,0,0,0,0,1,2,0,0,0
3180,B0,0,3,18,1,0,0,0,0,0,0,0,0,0,0,1,1,0,0,0
3180,B1,1,1,10,2,0,0,0,0,0,0,0,0,0,0,1,1,6,15,7
3180,B2,20,0,2,20,0,0,0,0,0,0,0,0,0,0,1,1,0,0,0
3180,C1,20,3,1,0,0,0,0,0,0,0,0,0,0,0,1,2,0,0,0
3195,A1,2,19,0,13,0,0,0,0,0,0,0,0,0,1,0,2,0,0,0
3195,B0,0,1,18,1,0,0,0,0,0,0,0,0,0,1,0,1,0,0,0
3195,B1,3,3,10,2,0,0,0,0,0,0,0,0,0,1,0,1,6,15,7
3195,B2,18,0,1,20,0,0,0,0,0,0,0,0,0,1,0,1,0,0,0
3195,C1,19,1,3,0,0,0,0,0,0,0,0,0,0,1,0,2,0,0,0
3210,A1,2,19,0,13,0,0,0,0,0,0,0,0,0,1,0,2,0,0,0
3210,B0,0,1,20,2,0,0,0,0,0,0,0,0,0,1,0,1,0,0,0
3210,B1,2,2,11,2,0,0,0,0,0,0,0,0,0,1,0,1,6,15,7
3210,B2,19,0,4,20,0,0,0,0,0,0,0,0,0,1,0,1,0,0,0
3210,C1,20,2,4,0,0,0,0,0,0,0,0,0,0,1,0,2,0,0,0
3225,A1,4,18,0,12,0,0,0,0,0,0,0,0,0,0,1,2,0,0,0
3225,B0,0,2,19,2,0,0,0,0,0,0,0,0,0,0,1,1,0,0,0
3225,B1,1,2,10,1,0,0,0,0,0,0,0,0,0,0,1,1,6,15,7
3225,B2,20,0,3,20,0,0,0,0,0,0,0,0,0,0,1,1,0,0,0
3225,C1,20,6,1,0,0,0,0,0,0,0,0,0,0,0,1,2,0,0,0
3240,A1,5,20,0,10,0,0,0,0,0,0,0,0,0,0,1,2,0,0,0
3240,B0,0,4,20,2,0,0,0,0,0,0,0,0,0,0,1,1,0,0,0
3240,B1,1,3,10,1,0,0,0,0,0,0,0,0,0,0,1,1,6,15,7
3240,B2,20,0,1,21,0,0,0,0,0,0,0,0,0,0,1,1,0,0,0
3240,C1,20,7,1,0,0,0,0,0,0,0,0,0,0,0,1,2,0,0,0
3255,A1,5,18,0,10,0,0,0,0,0,0,0,0,0,1,0,2,0,0,0
3255,B0,0,4,20,2,0,0,0,0,0,0,0,0,0,1,0,1,0,0,0
3255,B1,2,3,10,1,0,0,0,0,0,0,0,0,0,1,0,1,6,15,7
3255,B2,18,0,2,20,0,0,0,0,0,0,0,0,0,1,0,1,0,0,0
3255,C1,19,7,1,0,0,0,0,0,0,0,0,0,0,1,0,2,0,0,0
3270,A1,1,18,0,10,0,0,0,0,0,0,0,0,0,1,0,2,0,0,0
3270,B0,0,2,20,3,0,0,0,0,0,0,0,0,0,1,0,1,0,0,0
3270,B1,1,1,10,1,0,0,0,0,0,0,0,0,0,1,0,1,6,15,7
3270,B2,17,0,4,20,0,0,0,0,0,0,0,0,0,1,0,1,0,0,0
3270,C1,20,2,1,0,0,0,0,0,0,0,0,0,0,1,0,2,0,0,0
3285,A1,2,20,0,11,0,0,0,0,0,0,0,0,0,0,1,2,0,0,0
3285,B0,0,4,20,5,0,0,0,0,0,0,0,0,0,0,1,1,0,0,0
3285,B1,1,1,11,3,0,0,0,0,0,0,0,0,0,0,1,1,6,15,7
3285,B2,19,0,3,20,0,0,0,0,0,0,0,0,0,0,1,1,0,0,0
3285,C1,19,2,4,0,0,0,0,0,0,0,0,0,0,0,1,2,0,0,0
3300,A1,4,20,0,10,0,0,0,0,0,0,0,0,0,0,1,2,0,0,0
3300,B0,0,5,20,1,0,0,0,0,0,0,0,0,0,0,1,1,0,0,0
3300,B1,1,1,9,1,0,0,0,0,0,0,0,0,0,0,1,1,6,15,7
3300,B2,20,0,1,17,0,0,0,0,0,0,0,0,0,0,1,1,0,0,0
3300,C1,20,4,1,0,0,0,0,0,0,0,0,0,0,0,1,2,0,0,0
3315,A1,5,19,0,8,0,0,0,0,0,0,0,0,0,1,0,2,0,0,0
3315,B0,0,6,20,2,0,0,3,0,0,0,0,0,0,1,0,2,1,5,0
3315,B1,1,2,8,1,0,0,0,0,0,1,0,0,0,1,0,1,6,15,7
3315,B2,20,0,3,18,0,0,0,0,0,0,0,0,0,1,0,1,0,0,0
3315,C1,20,4,2,0,0,0,0,0,0,0,0,0,0,1,0,2,0,0,0
3330,A1,1,19,0,8,0,0,0,0,0,0,0,0,0,1,0,2,0,0,0
3330,B0,0,7,20,5,0,0,3,0,0,0,0,0,0,1,0,2,1,35,0
3330,B1,1,3,8,1,0,0,0,0,0,1,0,0,0,1,0,1,6,15,7
3330,B2,20,0,4,20,0,0,0,0,0,0,0,0,0,1,0,1,0,0,0
3330,C1,20,2,3,0,0,0,0,0,0,0,0,0,0,1,0,2,0,0,0
3345,A1,2,17,0,8,0,0,0,0,0,0,0,0,0,1,0,2,0,0,0
3345,B0,0,7,20,7,0,0,0,0,0,0,0,0,0,1,0,1,1,41,3
3345,B1,1,1,8,1,0,0,0,0,0,0,0,0,0,1,0,1,6,15,7
3345,B2,17,0,5,20,0,0,0,0,0,0,0,0,0,1,0,1,0,0,0
3345,C1,20,2,3,0,0,0,0,0,0,0,0,0,0,1,0,2,0,0,0
3360,A1,2,18,0,6,0,0,0,0,0,0,0,0,0,0,1,2,0,0,0
3360,B0,0,7,20,6,0,0,0,0,0,0,0,0,0,0,1,1,1,41,3
3360,B1,1,1,7,2,0,0,0,0,0,0,0,0,0,0,1,1,6,15,7
3360,B2,18,0,2,18,0,0,0,0,0,0,0,0,0,0,1,1,0,0,0
3360,C1,20,3,2,0,0,0,0,0,0,0,0,0,0,0,1,2,0,0,0
3375,A1,5,20,0,6,0,0,0,0,0,0,0,0,0,0,1,2,0,0,0
3375,B0,0,7,18,4,0,0,0,0,0,0,0,0,0,0,1,1,1,41,3
3375,B1,2,1,3,1,0,0,0,0,0,0,0,0,0,0,1,1,6,15,7
3375,B2,20,0,3,19,0,0,0,0,0,0,0,0,0,0,1,1,0,0,0
3375,C1,20,6,4,0,0,0,0,0,0,0,0,0,0,0,1,2,0,0,0
3390,A1,1,20,0,6,0,0,0,0,0,0,0,0,0,1,0,2,0,0,0
3390,B0,0,7,19,6,0,0,0,0,0,0,0,0,0,1,0,1,1,41,3
3390,B1,3,1,2,1,0,0,0,0,0,0,0,0,0,1,0,2,6,15,7
3390,B2,19,0,3,19,0,0,0,0,0,0,0,0,0,1,0,1,0,0,0
3390,C1,20,3,4,0,0,0,0,0,0,0,0,0,0,1,0,2,0,0,0
3405,A1,1,16,0,6,0,0,0,0,0,0,0,0,0,1,0,2,0,0,0
3405,B0,0,7,20,8,0,0,0,0,0,0,0,0,0,1,0,1,1,41,3
3405,B1,2,1,2,1,0,0,0,0,0,0,0,0,0,1,0,1,6,15,7
3405,B2,20,0,5,20,0,0,0,0,0,0,0,0,0,1,0,1,0,0,0
3405,C1,20,3,4,0,0,0,0,0,0,0,0,0,0,1,0,2,0,0,0
3420,A1,4,15,0,7,0,0,0,0,0,0,0,0,0,0,1,2,0,0,0
3420,B0,0,8,20,5,0,0,0,0,0,0,0,0,0,0,1,1,1,41,3
3420,B1,1,1,3,1,0,0,0,0,0,0,0,0,0,0,1,1,6,15,7
3420,B2,19,0,3,20,0,0,0,0,0,0,0,0,0,0,1,1,0,0,0
3420,C1,20,4,4,0,0,0,0,0,0,0,0,0,0,0,1,2,0,0,0
3435,A1,7,20,0,7,0,0,0,0,0,0,0,0,0,0,1,2,0,0,0
3435,B0,0,8,20,3,0,0,0,0,0,0,0,0,0,0,1,1,1,41,3
3435,B1,1,1,4,2,0,0,0,0,0,0,0,0,0,0,1,1,6,15,7
3435,B2,20,0,1,18,0,0,0,0,0,0,0,0,0,0,1,1,0,0,0
3435,C1,20,6,4,0,0,0,0,0,0,0,0,0,0,0,1,2,0,0,0
3450,A1,7,20,0,6,0,0,0,0,0,0,0,0,0,1,0,2,0,0,0
3450,B0,0,9,20,2,0,0,0,0,0,0,0,0,0,1,0,1,1,41,3
3450,B1,1,1,1,1,0,0,0,0,0,0,0,0,0,1,0,1,6,15,7
3450,B2,19,0,1,19,0,0,0,0,0,0,0,0,0,1,0,1,0,0,0
3450,C1,19,7,4,0,0,0,0,0,0,0,0,0,0,1,0,2,0,0,0
3465,A1,2,20,0,6,0,0,0,0,0,0,0,0,0,1,0,2,0,0,0
3465,B0,0,11,20,5,0,0,0,0,0,0,0,0,0,1,0,1,1,41,3
3465,B1,1,1,1,1,0,0,0,0,0,0,0,0,0,1,0,1,6,15,7
3465,B2,17,0,2,20,0,0,0,0,0,0,0,0,0,1,0,1,0,0,0
3465,C1,19,1,4,0,0,0,0,0,0,0,0,0,0,1,0,2,0,0,0
3480,A1,2,19,0,5,0,0,0,0,0,0,0,0,0,0,1,2,0,0,0
3480,B0,0,10,20,5,0,0,0,0,0,0,0,0,0,0,1,1,1,41,3
3480,B1,1,1,1,2,0,0,0,0,0,0,0,0,0,0,1,1,6,15,7
3480,B2,16,0,3,19,0,0,0,0,0,0,0,0,0,0,1,1,0,0,0
3480,C1,18,2,5,0,0,0,0,0,0,0,0,0,0,0,1,2,0,0,0
3495,A1,6,19,0,5,0,0,0,0,0,0,0,0,0,0,1,2,0,0,0
3495,B0,0,11,18,1,0,0,0,0,0,0,0,0,0,0,1,1,1,41,3
3495,B1,1,1,2,2,0,0,0,0,0,0,0,0,0,0,1,1,6,15,7
3495,B2,19,0,1,18,0,0,0,0,0,0,0,0,0,0,1,1,0,0,0
3495,C1,19,3,5,0,0,0,0,0,0,0,0,0,0,0,1,2,0,0,0
3510,A1,8,20,0,4,0,0,0,0,0,0,0,0,0,0,1,2,0,0,0
3510,B0,0,12,16,3,0,0,0,0,0,0,0,0,0,0,1,1,1,41,3
3510,B1,2,4,1,1,0,0,0,0,0,0,0,0,0,0,1,2,6,15,7
3510,B2,20,0,4,19,0,0,0,0,0,0,0,0,0,0,1,1,0,0,0
3510,C1,20,4,5,0,0,0,0,0,0,0,0,0,0,0,1,2,0,0,0
3525,A1,4,20,0,4,0,0,0,0,0,0,0,0,0,1,0,2,0,0,0
3525,B0,0,12,18,4,0,0,0,0,0,0,0,0,0,1,0,1,1,41,3
3525,B1,3,2,1,1,0,0,0,0,0,0,0,0,0,1,0,2,6,15,7
3525,B2,19,0,5,19,0,0,0,0,0,0,0,0,0,1,0,1,0,0,0
3525,C1,20,3,5,0,0,0,0,0,0,0,0,0,0,1,0,2,0,0,0
3540,A1,1,21,0,5,0,0,0,0,0,0,0,0,0,1,0,2,0,0,0
3540,B0,0,13,20,5,0,0,0,0,0,0,0,0,0,1,0,1,1,41,3
3540,B1,1,1,1,2,0,0,0,0,0,0,0,0,0,1,0,1,6,15,7
3540,B2,19,0,5,20,0,0,0,0,0,0,0,0,0,1,0,1,0,0,0
3540,C1,20,2,5,0,0,0,0,0,0,0,0,0,0,1,0,2,0,0,0
3555,A1,3,20,0,7,0,0,0,0,0,0,0,0,0,0,1,2,0,0,0
3555,B0,0,14,20,2,0,0,0,0,0,0,0,0,0,0,1,1,1,41,3
3555,B1,1,1,2,1,0,0,0,0,0,0,0,0,0,0,1,1,6,15,7
3555,B2,20,0,3,20,0,0,0,0,0,0,0,0,0,0,1,1,0,0,0
3555,C1,20,1,4,0,0,0,0,0,0,0,0,0,0,0,1,2,0,0,0
3570,A1,4,20,0,6,0,0,0,0,0,0,0,0,0,0,1,2,0,0,0
3570,B0,0,14,16,1,0,0,0,0,0,0,0,0,0,0,1,1,1,41,3
3570,B1,1,1,2,1,0,0,0,0,0,0,0,0,0,0,1,1,6,15,7
3570,B2,20,0,1,20,0,0,0,0,0,0,0,0,0,0,1,1,0,0,0
3570,C1,20,1,2,0,0,0,0,0,0,0,0,0,0,0,1,2,0,0,0
3585,A1,2,20,0,7,0,0,0,0,0,0,0,0,0,1,0,2,0,0,0
3585,B0,0,11,15,3,0,0,0,0,0,0,0,0,0,1,0,1,1,41,3
3585,B1,4,1,1,1,0,0,0,0,0,0,0,0,0,1,0,2,6,15,7
3585,B2,20,0,3,20,0,0,0,0,0,0,0,0,0,1,0,1,0,0,0
3585,C1,20,1,2,0,0,0,0,0,0,0,0,0,0,1,0,2,0,0,0
3600,A1,2,17,0,7,0,0,0,0,0,0,0,0,0,1,0,2,0,0,0
3600,B0,0,10,20,5,0,0,0,0,0,0,0,0,0,1,0,1,1,41,3
3600,B1,4,3,1,1,0,0,0,0,0,0,0,0,0,1,0,2,6,15,7
3600,B2,19,0,8,20,0,0,0,0,0,0,0,0,0,1,0,1,0,0,0
3600,C1,20,2,3,0,0,0,0,0,0,0,0,0,0,1,0,2,0,0,0
3615,A1,3,17,0,7,0,0,0,0,0,0,0,0,0,0,1,2,0,0,0
3615,B0,0,11,20,5,0,0,0,0,0,0,0,0,0,0,1,1,1,41,3
3615,B1,1,3,1,1,0,0,0,0,0,0,0,0,0,0,1,2,6,15,7
3615,B2,19,0,7,20,0,0,0,0,0,0,0,0,0,0,1,1,0,0,0
3615,C1,20,1,2,0,0,0,0,0,0,0,0,0,0,0,1,2,0,0,0
3630,A1,3,20,0,7,0,0,0,0,0,0,0,0,0,0,1,2,0,0,0
3630,B0,0,10,20,2,0,0,0,0,0,0,0,0,0,0,1,1,1,41,3
3630,B1,1,1,1,1,0,0,0,0,0,0,0,0,0,0,1,1,6,15,7
3630,B2,20,0,2,20,0,0,0,0,0,0,0,0,0,0,1,1,0,0,0
3630,C1,20,4,1,0,0,0,0,0,0,0,0,0,0,0,1,2,0,0,0
3645,A1,5,19,0,5,0,0,0,0,0,0,0,0,0,1,0,2,0,0,0
3645,B0,0,11,20,3,0,0,0,0,0,0,0,0,0,1,0,1,1,41,3
3645,B1,2,2,1,1,0,0,0,0,0,0,0,0,0,1,0,2,6,15,7
3645,B2,20,0,2,20,0,0,0,0,0,0,0,0,0,1,0,1,0,0,0
3645,C1,19,4,2,0,0,0,0,0,0,0,0,0,0,1,0,2,0,0,0
3660,A1,1,18,0,6,0,0,0,0,0,0,0,0,0,1,0,2,0,0,0
3660,B0,0,11,20,1,0,0,0,0,0,0,0,0,0,1,0,1,1,41,3
3660,B1,1,1,1,1,0,0,0,0,0,0,0,0,0,1,0,1,6,15,7
3660,B2,20,0,3,20,0,0,0,0,0,0,0,0,0,1,0,1,0,0,0
3660,C1,17,1,2,0,0,0,0,0,0,0,0,0,0,1,0,2,0,0,0
3675,A1,2,19,0,8,0,0,0,0,0,0,0,0,0,1,0,2,0,0,0
3675,B0,0,11,20,4,0,0,0,0,0,0,0,0,0,1,0,1,1,41,3
3675,B1,1,1,2,1,0,0,0,0,0,0,0,0,0,1,0,1,6,15,7
3675,B2,20,0,3,20,0,0,0,0,0,0,0,0,0,1,0,1,0,0,0
3675,C1,19,3,4,0,0,0,0,0,0,0,0,0,0,1,0,2,0,0,0
3690,A1,5,20,0,4,0,0,0,0,0,0,0,0,0,0,1,2,0,0,0
3690,B0,0,13,19,2,0,0,0,0,0,0,0,0,0,0,1,1,1,41,3
3690,B1,1,1,4,3,0,0,0,0,0,0,0,0,0,0,1,1,6,15,7
3690,B2,20,0,1,16,0,0,0,0,0,0,0,0,0,0,1,1,0,0,0
3690,C1,20,5,1,0,0,0,0,0,0,0,0,0,0,0,1,2,0,0,0
3705,A1,6,20,0,2,0,0,0,0,0,0,0,0,0,0,1,2,0,0,0
3705,B0,0,13,20,3,0,0,0,0,0,0,0,0,0,0,1,1,1,41,3
3705,B1,2,2,2,1,0,0,0,0,0,0,0,0,0,0,1,2,6,15,7
3705,B2,20,0,2,17,0,0,0,0,0,0,0,0,0,0,1,1,0,0,0
3705,C1,20,6,1,0,0,0,0,0,0,0,0,0,0,0,1,2,0,0,0
3720,A1,2,19,0,3,0,0,0,0,0,0,0,0,0,1,0,2,0,0,0
3720,B0,0,13,20,2,0,0,0,0,0,0,0,0,0,1,0,1,1,41,3
3720,B1,1,2,2,1,0,0,0,0,0,0,0,0,0,1,0,1,6,15,7
3720,B2,18,0,4,20,0,0,0,0,0,0,0,0,0,1,0,1,0,0,0
3720,C1,20,4,2,0,0,0,0,0,0,0,0,0,0,1,0,2,0,0,0
3735,A1,1,19,0,5,0,0,0,0,0,0,0,0,0,1,0,2,0,0,0
3735,B0,0,12,20,5,0,0,0,0,0,0,0,0,0,1,0,1,1,41,3
3735,B1,1,1,2,1,0,0,0,0,0,0,0,0,0,1,0,1,6,15,7
3735,B2,20,0,5,20,0,0,0,0,0,0,0,0,0,1,0,1,0,0,0
3735,C1,20,4,1,0,0,0,0,0,0,0,0,0,0,1,0,2,0,0,0
3750,A1,3,20,0,5,0,0,0,0,0,0,0,0,0,0,1,2,0,0,0
3750,B0,0,16,20,3,0,0,0,0,0,0,0,0,0,0,1,1,1,41,3
3750,B1,1,1,3,1,0,0,0,0,0,0,0,0,0,0,1,1,6,15,7
3750,B2,20,0,2,20,0,0,0,0,0,0,0,0,0,0,1,1,0,0,0
3750,C1,20,1,2,0,0,0,0,0,0,0,0,0,0,0,1,2,0,0,0
3765,A1,3,20,0,5,0,0,0,0,0,0,0,0,0,0,1,2,0,0,0
3765,B0,0,15,20,3,0,0,0,0,0,0,0,0,0,0,1,1,1,41,3
3765,B1,1,1,2,3,0,0,0,0,0,0,0,0,0,0,1,1,6,15,7
3765,B2,20,0,1,20,0,0,0,0,0,0,0,0,0,0,1,1,0,0,0
3765,C1,20,1,2,0,0,0,0,0,0,0,0,0,0,0,1,2,0,0,0
3780,A1,1,20,0,5,0,0,0,0,0,0,0,0,0,1,0,2,0,0,0
3780,B0,0,13,19,2,0,0,0,0,0,0,0,0,0,1,0,1,1,41,3
3780,B1,1,1,2,1,0,0,0,0,0,0,0,0,0,1,0,1,6,15,7
3780,B2,19,0,5,19,0,0,0,0,0,0,0,0,0,1,0,1,0,0,0
3780,C1,20,1,3,0,0,0,0,0,0,0,0,0,0,1,0,2,0,0,0
3795,A1,1,20,0,6,0,0,0,0,0,0,0,0,0,1,0,2,0,0,0
3795,B0,0,14,20,2,0,0,0,0,0,0,0,0,0,1,0,1,1,41,3
3795,B1,1,1,2,2,0,0,0,0,0,0,0,0,0,1,0,1,6,15,7
3795,B2,19,0,6,20,0,0,0,0,0,0,0,0,0,1,0,1,0,0,0
3795,C1,20,1,5,0,0,0,0,0,0,0,0,0,0,1,0,2,0,0,0
3810,A1,2,20,0,5,0,0,0,0,0,0,0,0,0,0,1,2,0,0,0
3810,B0,0,15,20,2,0,0,0,0,0,0,0,0,0,0,1,1,1,41,3
3810,B1,1,1,2,1,0,0,0,0,0,0,0,0,0,0,1,1,6,15,7
3810,B2,20,0,6,20,0,0,0,0,0,0,0,0,0,0,1,1,0,0,0
3810,C1,20,2,4,0,0,0,0,0,0,0,0,0,0,0,1,2,0,0,0
3825,A1,5,20,0,5,0,0,0,0,0,0,0,0,0,0,1,2,0,0,0
3825,B0,0,15,18,1,0,0,0,0,0,0,0,0,0,0,1,1,1,41,3
3825,B1,1,1,1,1,0,0,0,0,0,0,0,0,0,0,1,1,6,15,7
3825,B2,20,0,1,20,0,0,0,0,0,0,0,0,0,0,1,1,0,0,0
3825,C1,20,2,4,0,0,0,0,0,0,0,0,0,0,0,1,2,0,0,0
3840,A1,6,20,0,6,0,0,0,0,0,0,0,0,0,0,1,2,0,0,0
3840,B0,0,15,19,3,0,0,0,0,0,0,0,0,0,0,1,1,1,41,3
3840,B1,3,2,1,1,0,0,0,0,0,0,0,0,0,0,1,2,6,15,7
3840,B2,20,0,1,19,0,0,0,0,0,0,0,0,0,0,1,1,0,0,0
3840,C1,20,3,2,0,0,0,0,0,0,0,0,0,0,0,1,2,0,0,0
3855,A1,1,20,0,6,0,0,0,0,0,0,0,0,0,1,0,2,0,0,0
3855,B0,0,15,20,1,0,0,0,0,0,0,0,0,0,1,0,1,1,41,3
3855,B1,3,1,1,1,0,0,0,0,0,0,0,0,0,1,0,2,6,15,7
3855,B2,19,0,2,19,0,0,0,0,0,0,0,0,0,1,0,1,0,0,0
3855,C1,20,3,2,0,0,0,0,0,0,0,0,0,0,1,0,2,0,0,0
3870,A1,1,20,0,6,0,0,0,0,0,0,0,0,0,1,0,2,0,0,0
3870,B0,0,15,20,3,0,0,0,0,0,0,0,0,0,1,0,1,1,41,3
3870,B1,1,1,2,1,0,0,0,0,0,0,0,0,0,1,0,1,6,15,7
3870,B2,20,0,3,20,0,0,0,0,0,0,0,0,0,1,0,1,0,0,0
3870,C1,20,1,2,0,0,0,0,0,0,0,0,0,0,1,0,2,0,0,0
3885,A1,1,20,0,8,0,0,0,0,0,0,0,0,0,0,1,2,0,0,0
3885,B0,0,17,20,2,0,0,0,0,0,0,0,0,0,0,1,1,1,41,3
3885,B1,1,1,3,1,0,0,0,0,0,0,0,0,0,0,1,1,6,15,7
3885,B2,20,0,1,20,0,0,0,0,0,0,0,0,0,0,1,1,0,0,0
3885,C1,20,4,3,0,0,0,0,0,0,0,0,0,0,0,1,2,0,0,0
3900,A1,1,20,0,6,0,0,0,0,0,0,0,0,0,0,1,2,0,0,0
3900,B0,0,17,20,2,0,0,0,0,0,0,0,0,0,0,1,1,1,41,3
3900,B1,1,2,1,1,0,0,0,0,0,0,0,0,0,0,1,2,6,15,7
3900,B2,20,0,1,20,0,0,0,0,0,0,0,0,0,0,1,1,0,0,0
3900,C1,20,7,3,0,0,0,0,0,0,0,0,0,0,0,1,2,0,0,0
3915,A1,1,20,0,7,0,0,0,0,0,0,0,0,0,1,0,2,0,0,0
3915,B0,0,18,20,3,0,0,0,0,0,0,0,0,0,1,0,1,1,41,3
3915,B1,1,1,1,1,0,0,0,0,0,0,0,0,0,1,0,1,7,19,8
3915,B2,20,0,3,20,0,0,0,0,0,0,0,0,0,1,0,1,0,0,0
3915,C1,20,5,4,0,0,0,0,0,0,0,0,0,0,1,0,2,0,0,0
3930,A1,3,20,0,7,0,0,0,0,0,0,0,0,0,1,0,2,0,0,0
3930,B0,0,19,20,4,0,0,0,0,0,0,0,0,0,1,0,1,1,41,3
3930,B1,1,1,1,1,0,0,0,0,0,0,0,0,0,1,0,1,7,19,8
3930,B2,20,0,3,20,0,0,0,0,0,0,0,0,0,1,0,1,0,0,0
3930,C1,20,2,3,0,0,0,0,0,0,0,0,0,0,1,0,2,0,0,0
3945,A1,1,20,0,6,0,0,0,0,0,0,0,0,0,0,1,2,0,0,0
3945,B0,0,19,20,2,0,0,0,0,0,0,0,0,0,0,1,1,1,41,3
3945,B1,1,1,1,1,0,0,0,0,0,0,0,0,0,0,1,1,7,19,8
3945,B2,20,0,2,20,0,0,0,0,0,0,0,0,0,0,1,1,0,0,0
3945,C1,20,1,4,0,0,0,0,0,0,0,0,0,0,0,1,2,0,0,0
3960,A1,3,20,0,6,0,0,0,0,0,0,0,0,0,0,1,2,0,0,0
3960,B0,0,20,20,3,0,0,0,0,0,0,0,0,0,0,1,1,1,41,3
3960,B1,1,1,1,1,0,0,0,0,0,0,0,0,0,0,1,1,7,19,8
3960,B2,20,0,2,20,0,0,0,0,0,0,0,0,0,0,1,1,0,0,0
3960,C1,20,4,3,0,0,0,0,0,0,0,0,0,0,0,1,2,0,0,0
3975,A1,2,20,0,7,0,0,0,0,0,0,0,0,0,1,0,2,0,0,0
3975,B0,0,20,20,4,0,0,0,0,0,0,0,0,0,1,0,1,1,41,3
3975,B1,1,2,1,1,0,0,0,0,0,0,0,0,0,1,0,2,7,19,8
3975,B2,20,0,1,20,0,0,0,0,0,0,0,0,0,1,0,1,0,0,0
3975,C1,19,3,3,0,0,0,0,0,0,0,0,0,0,1,0,2,0,0,0
3990,A1,1,20,0,8,0,0,0,0,0,0,0,0,0,1,0,2,0,0,0
3990,B0,0,20,20,5,0,0,0,0,0,0,0,0,0,1,0,1,1,41,3
3990,B1,1,1,1,1,0,0,0,0,0,0,0,0,0,1,0,1,7,19,8
3990,B2,20,0,1,20,0,0,0,0,0,0,0,0,0,1,0,1,0,0,0
3990,C1,18,1,3,0,0,0,0,0,0,0,0,0,0,1,0,2,0,0,0
4005,A1,3,20,0,9,0,0,0,0,0,0,0,0,0,1,0,2,0,0,0
4005,B0,0,20,20,7,0,0,0,0,0,0,0,0,0,1,0,1,1,41,3
4005,B1,1,1,1,1,0,0,0,0,0,0,0,0,0,1,0,1,7,19,8
4005,B2,20,0,2,20,0,0,0,0,0,0,0,0,0,1,0,1,0,0,0
4005,C1,17,2,3,0,0,0,0,0,0,0,0,0,0,1,0,2,0,0,0
4020,A1,2,20,0,9,0,0,0,0,0,0,0,0,0,0,1,2,0,0,0
4020,B0,0,20,20,2,0,0,0,0,0,0,0,0,0,0,1,1,1,41,3
4020,B1,1,1,1,1,0,0,0,0,0,0,0,0,0,0,1,1,7,19,8
4020,B2,20,0,1,20,0,0,0,0,0,0,0,0,0,0,1,1,0,0,0
4020,C1,20,3,2,0,0,0,0,0,0,0,0,0,0,0,1,2,0,0,0
4035,A1,3,19,0,9,0,0,0,0,0,0,0,0,0,0,1,2,0,0,0
4035,B0,0,20,20,2,0,0,0,0,0,0,0,0,0,0,1,1,1,41,3
4035,B1,3,1,1,1,0,0,0,0,0,0,0,0,0,0,1,2,7,19,8
4035,B2,20,0,2,20,0,0,0,0,0,0,0,0,0,0,1,1,0,0,0
4035,C1,20,4,2,0,0,0,0,0,0,0,0,0,0,0,1,2,0,0,0
4050,A1,1,19,0,9,0,0,0,0,0,0,0,0,0,1,0,2,0,0,0
4050,B0,0,20,20,1,0,0,0,0,0,0,0,0,0,1,0,1,1,41,3
4050,B1,1,1,1,1,0,0,0,0,0,0,0,0,0,1,0,1,8,21,9
4050,B2,20,0,2,20,0,0,0,0,0,0,0,0,0,1,0,1,0,0,0
4050,C1,20,1,2,0,0,0,0,0,0,0,0,0,0,1,0,2,0,0,0
4065,A1,1,20,0,9,0,0,0,0,0,0,0,0,0,1,0,2,0,0,0
4065,B0,0,19,20,3,0,0,0,0,0,0,0,0,0,1,0,1,1,41,3
4065,B1,1,1,1,1,0,0,0,0,0,0,0,0,0,1,0,1,8,21,9
4065,B2,20,0,4,20,0,0,0,0,0,0,0,0,0,1,0,1,0,0,0
4065,C1,20,1,3,0,0,0,0,0,0,0,0,0,0,1,0,2,0,0,0
4080,A1,3,20,0,9,0,0,0,0,0,0,0,0,0,0,1,2,0,0,0
4080,B0,0,20,20,1,0,0,0,0,0,0,0,0,0,0,1,1,1,41,3
4080,B1,1,1,1,1,0,0,0,0,0,0,0,0,0,0,1,1,8,21,9
4080,B2,20,0,1,20,0,0,0,0,0,0,0,0,0,0,1,1,0,0,0
4080,C1,20,2,5,0,0,0,0,0,0,0,0,0,0,0,1,2,0,0,0
4095,A1,6,20,0,9,0,0,0,0,0,0,0,0,0,0,1,2,0,0,0
4095,B0,0,20,20,1,0,0,0,0,0,0,0,0,0,0,1,1,1,41,3
4095,B1,1,1,1,1,0,0,0,0,0,0,0,0,0,0,1,1,8,21,9
4095,B2,20,0,2,20,0,0,0,0,0,0,0,0,0,0,1,1,0,0,0
4095,C1,20,2,5,0,0,0,0,0,0,0,0,0,0,0,1,2,0,0,0
4110,A1,5,20,0,10,0,0,0,0,0,0,0,0,0,1,0,2,0,0,0
4110,B0,0,19,18,1,0,0,18,0,0,0,0,0,0,1,0,2,2,52,3
4110,B1,1,1,1,1,0,0,0,0,0,1,0,0,0,1,0,1,8,21,9
4110,B2,20,0,2,20,0,0,0,0,0,0,0,0,0,1,0,1,0,0,0
4110,C1,20,1,6,0,0,0,0,0,0,0,0,0,0,1,0,2,0,0,0
4125,A1,1,20,0,10,0,0,0,0,0,0,0,0,0,1,0,2,0,0,0
4125,B0,0,17,20,1,0,0,16,0,0,0,0,0,0,1,0,2,2,82,3
4125,B1,1,1,1,1,0,0,0,0,0,1,0,0,0,1,0,1,8,21,9
4125,B2,20,0,3,20,0,0,0,0,0,0,0,0,0,1,0,1,0,0,0
4125,C1,20,1,6,0,0,0,0,0,0,0,0,0,0,1,0,2,0,0,0
4140,A1,1,20,0,10,0,0,0,0,0,0,0,0,0,0,1,2,0,0,0
4140,B0,0,20,19,3,0,0,17,0,0,0,0,0,0,0,1,2,2,112,3
4140,B1,1,1,4,1,0,0,0,0,0,1,0,0,0,0,1,1,8,21,9
4140,B2,20,0,4,20,0,0,0,0,0,0,0,0,0,0,1,1,0,0,0
4140,C1,20,3,6,0,0,0,0,0,0,0,0,0,0,0,1,2,0,0,0
4155,A1,2,20,0,10,0,0,0,0,0,0,0,0,0,0,1,2,0,0,0
4155,B0,0,20,19,1,0,0,17,0,0,0,0,0,0,0,1,2,2,142,3
4155,B1,1,1,4,1,0,0,0,0,0,1,0,0,0,0,1,1,8,21,9
4155,B2,19,0,1,20,0,0,0,0,0,0,0,0,0,0,1,1,0,0,0
4155,C1,20,3,6,0,0,0,0,0,0,0,0,0,0,0,1,2,0,0,0
4170,A1,3,20,0,10,0,0,0,0,0,0,0,0,0,0,1,2,0,0,0
4170,B0,0,20,20,2,0,0,17,0,0,0,0,0,0,0,1,2,2,172,3
4170,B1,2,1,4,1,0,0,0,0,0,1,0,0,0,0,1,1,8,21,9
4170,B2,20,0,1,18,0,0,0,0,0,0,0,0,0,0,1,1,0,0,0
4170,C1,20,4,6,0,0,0,0,0,0,0,0,0,0,0,1,2,0,0,0
4185,A1,1,20,0,10,0,0,0,0,0,0,0,0,0,1,0,2,0,0,0
4185,B0,0,20,20,2,0,0,19,0,0,0,0,0,0,1,0,2,2,202,3
4185,B1,1,1,4,1,0,0,0,0,0,1,0,0,0,1,0,1,8,21,9
4185,B2,19,0,3,19,0,0,0,0,0,0,0,0,0,1,0,1,0,0,0
4185,C1,20,1,6,0,0,0,0,0,0,0,0,0,0,1,0,2,0,0,0
4200,A1,2,20,0,11,0,0,0,0,0,0,0,0,0,1,0,2,0,0,0
4200,B0,0,20,20,3,0,0,19,0,0,0,0,0,0,1,0,2,2,232,3
4200,B1,1,1,6,1,0,0,0,0,0,1,0,0,0,1,0,1,8,21,9
4200,B2,19,0,4,20,0,0,0,0,0,0,0,0,0,1,0,1,0,0,0
4200,C1,20,3,6,0,0,0,0,0,0,0,0,0,0,1,0,2,0,0,0
4215,A1,3,20,0,11,0,0,0,0,0,0,0,0,0,0,1,2,0,0,0
4215,B0,0,20,20,1,0,0,20,0,0,0,0,0,0,0,1,2,3,270,5
4215,B1,1,1,6,1,0,0,0,0,0,1,0,0,0,0,1,1,8,21,9
4215,B2,19,0,1,20,0,0,0,0,0,0,0,0,0,0,1,1,0,0,0
4215,C1,19,3,6,0,0,0,0,0,0,0,0,0,0,0,1,2,0,0,0
4230,A1,3,20,0,9,0,0,0,0,0,0,0,0,0,0,1,2,0,0,0
4230,B0,0,20,20,1,0,0,20,0,0,0,0,0,0,0,1,2,3,300,5
4230,B1,2,3,6,1,0,0,0,0,0,1,0,0,0,0,1,1,8,21,9
4230,B2,20,0,1,20,0,0,0,0,0,0,0,0,0,0,1,1,0,0,0
4230,C1,19,4,6,0,0,0,0,0,0,0,0,0,0,0,1,2,0,0,0
4245,A1,1,17,0,9,0,1,0,0,0,0,0,0,0,1,0,2,1,18,0
4245,B0,0,20,19,2,0,0,20,0,0,0,0,0,0,1,0,2,3,330,5
4245,B1,1,1,5,1,0,0,0,0,0,1,0,0,0,1,0,1,9,23,10
4245,B2,20,0,1,20,0,0,0,0,0,0,0,0,0,1,0,1,0,0,0
4245,C1,20,1,7,0,0,0,0,0,0,0,0,0,0,1,0,2,0,0,0
4260,A1,1,18,0,10,0,0,0,0,0,0,0,0,0,1,0,2,1,46,3
4260,B0,0,20,19,4,0,0,20,0,0,0,0,0,0,1,0,2,3,360,5
4260,B1,1,1,6,2,0,0,0,0,0,1,0,0,0,1,0,1,9,23,10
4260,B2,20,0,2,20,0,0,0,0,0,0,0,0,0,1,0,1,0,0,0
4260,C1,20,1,7,0,0,0,0,0,0,0,0,0,0,1,0,2,0,0,0
4275,A1,1,19,0,10,0,0,0,0,0,0,0,0,0,0,1,2,1,46,3
4275,B0,0,20,20,2,0,0,0,0,0,0,0,0,0,0,1,1,3,364,28
4275,B1,1,1,6,1,0,0,0,0,0,0,0,0,0,0,1,1,9,23,10
4275,B2,20,0,1,20,0,0,0,0,0,0,0,0,0,0,1,1,0,0,0
4275,C1,20,2,7,0,0,0,0,0,0,0,0,0,0,0,1,2,0,0,0
4290,A1,1,20,0,10,0,0,0,0,0,0,0,0,0,0,1,2,1,46,3
4290,B0,0,20,20,1,0,0,0,0,0,0,0,0,0,0,1,1,3,364,28
4290,B1,1,1,5,1,0,0,0,0,0,0,0,0,0,0,1,1,9,23,10
4290,B2,20,0,1,20,0,0,0,0,0,0,0,0,0,0,1,1,0,0,0
4290,C1,20,3,6,0,0,0,0,0,0,0,0,0,0,0,1,2,0,0,0
4305,A1,1,20,0,11,0,1,0,0,0,0,0,0,0,1,0,2,2,52,3
4305,B0,0,20,20,1,0,0,0,0,0,0,0,0,0,1,0,1,3,364,28
4305,B1,1,1,5,1,0,0,0,0,0,0,0,0,0,1,0,1,9,23,10
4305,B2,20,0,1,20,0,0,0,0,0,0,0,0,0,1,0,1,0,0,0
4305,C1,20,2,8,0,0,0,0,0,0,0,0,0,0,1,0,2,0,0,0
4320,A1,1,19,0,11,0,0,0,0,0,0,0,0,0,1,0,2,2,74,4
4320,B0,0,20,20,3,0,0,0,0,0,0,0,0,0,1,0,1,3,364,28
4320,B1,1,1,5,1,0,0,0,0,0,0,0,0,0,1,0,1,9,23,10
4320,B2,20,0,1,20,0,0,0,0,0,0,0,0,0,1,0,1,0,0,0
4320,C1,20,1,8,0,0,0,0,0,0,0,0,0,0,1,0,2,0,0,0
4335,A1,1,20,0,11,0,0,0,0,0,0,0,0,0,1,0,2,2,74,4
4335,B0,0,20,20,3,0,0,0,0,0,0,0,0,0,1,0,1,3,364,28
4335,B1,1,1,6,1,0,0,0,0,0,0,0,0,0,1,0,1,9,23,10
4335,B2,20,0,1,20,0,0,0,0,0,0,0,0,0,1,0,1,0,0,0
4335,C1,20,1,8,0,0,0,0,0,0,0,0,0,0,1,0,2,0,0,0
4350,A1,2,20,0,11,0,0,0,0,0,0,0,0,1,0,1,2,3,75,15
4350,B0,0,20,20,1,0,0,0,0,0,0,0,0,0,0,1,1,3,364,28
4350,B1,1,1,6,1,0,0,0,5,0,0,0,0,0,0,1,1,10,52,10
4350,B2,20,0,1,20,0,0,0,0,0,0,0,0,0,0,1,1,0,0,0
4350,C1,20,1,8,0,0,0,0,0,0,0,0,0,0,0,1,2,0,0,0
4365,A1,2,20,0,11,0,0,0,0,0,0,0,0,1,0,1,2,3,75,15
4365,B0,0,20,20,1,0,0,0,0,0,0,0,0,0,0,1,1,3,364,28
4365,B1,1,1,6,1,0,0,0,5,0,0,0,0,0,0,1,1,10,82,10
4365,B2,20,0,1,19,0,0,0,0,0,0,0,0,0,0,1,1,0,0,0
4365,C1,20,1,8,0,0,0,0,0,0,0,0,0,0,0,1,2,0,0,0
4380,A1,2,18,0,12,0,0,0,0,0,0,0,0,1,1,0,2,3,75,15
4380,B0,0,20,20,2,0,0,0,0,0,0,0,0,0,1,0,1,3,364,28
4380,B1,1,1,6,1,0,0,0,6,0,0,0,0,0,1,0,1,10,112,10
4380,B2,19,0,1,18,0,0,0,0,0,0,0,0,0,1,0,1,0,0,0
4380,C1,18,1,8,0,0,0,0,0,0,0,0,0,0,1,0,2,0,0,0
4395,A1,1,19,0,12,0,0,0,0,0,0,0,0,1,1,0,2,3,75,15
4395,B0,0,20,20,2,0,0,0,0,0,0,0,0,0,1,0,1,3,364,28
4395,B1,1,1,6,1,0,0,0,6,0,0,0,0,0,1,0,1,10,142,10
4395,B2,20,0,1,20,0,0,0,0,0,0,0,0,0,1,0,1,0,0,0
4395,C1,19,1,8,0,0,0,0,0,0,0,0,0,0,1,0,2,0,0,0
4410,A1,2,20,0,12,0,0,0,0,11,0,0,0,0,0,1,1,4,92,15
4410,B0,0,20,20,3,0,0,0,0,0,0,0,0,0,0,1,1,3,364,28
4410,B1,1,1,6,1,0,0,0,0,0,0,0,1,1,0,1,2,10,146,16
4410,B2,20,0,1,20,0,0,0,0,0,0,0,0,0,0,1,1,0,0,0
4410,C1,20,1,8,0,0,0,0,8,0,0,0,0,0,0,1,1,1,17,0
4425,A1,2,20,0,13,0,0,0,0,11,0,0,0,0,0,1,1,4,122,15
4425,B0,0,19,20,1,0,0,0,0,0,0,0,0,0,0,1,1,3,364,28
4425,B1,1,1,6,1,0,0,0,0,0,0,0,1,1,0,1,2,10,146,16
4425,B2,20,0,2,20,0,0,0,0,0,0,0,0,0,0,1,1,0,0,0
4425,C1,20,2,8,0,0,0,0,8,0,0,0,0,0,0,1,1,1,47,0
4440,A1,1,20,0,13,0,0,0,0,12,0,0,0,0,1,0,1,4,152,15
4440,B0,0,18,20,2,0,0,0,0,0,0,0,0,0,1,0,1,3,364,28
4440,B1,2,1,6,1,0,0,0,0,0,0,0,1,1,1,0,2,10,146,16
4440,B2,19,0,1,19,0,0,0,0,0,0,0,0,0,1,0,1,0,0,0
4440,C1,20,2,8,0,0,0,0,8,0,0,0,0,0,1,0,1,1,77,0
4455,A1,1,20,0,13,0,0,0,0,0,0,0,0,0,1,0,2,4,180,27
4455,B0,0,19,20,2,0,0,0,0,0,0,0,0,0,1,0,1,3,364,28
4455,B1,1,1,6,1,0,0,0,0,0,0,0,0,0,1,0,1,10,146,16
4455,B2,19,0,2,20,0,0,0,0,0,0,0,0,0,1,0,1,0,0,0
4455,C1,20,1,9,0,0,0,0,0,0,0,0,0,0,1,0,2,1,77,8
4470,A1,3,20,0,13,0,0,0,0,0,0,0,0,0,0,1,2,4,180,27
4470,B0,0,20,20,1,0,0,0,0,1,0,0,0,0,0,1,1,4,370,28
4470,B1,1,1,6,1,0,0,0,0,0,0,0,0,0,0,1,1,10,146,16
4470,B2,19,0,2,20,0,0,0,0,0,0,0,0,0,0,1,1,0,0,0
4470,C1,20,1,10,0,0,0,0,0,0,0,0,0,0,0,1,2,1,77,8
4485,A1,1,20,0,14,0,0,0,0,0,0,0,0,0,0,1,2,4,180,27
4485,B0,0,20,20,1,0,0,0,0,0,0,0,0,0,0,1,1,4,394,30
4485,B1,1,1,6,1,0,0,0,0,0,0,0,0,0,0,1,1,10,146,16
4485,B2,19,0,1,17,0,0,0,0,0,0,0,0,0,0,1,1,0,0,0
4485,C1,20,2,10,0,0,0,0,0,0,0,0,0,0,0,1,2,1,77,8
4500,A1,2,20,0,14,0,0,0,0,0,0,0,0,0,0,1,2,4,180,27
4500,B0,0,20,20,2,0,0,0,0,0,0,0,0,0,0,1,1,4,394,30
4500,B1,2,1,6,1,0,0,0,0,0,0,0,0,0,0,1,1,10,146,16
4500,B2,19,0,1,17,0,0,0,0,0,0,0,0,0,0,1,1,0,0,0
4500,C1,20,1,10,0,0,0,0,0,0,0,0,0,0,0,1,2,1,77,8
4515,A1,1,20,0,14,0,0,0,0,0,0,0,0,0,1,0,2,4,180,27
4515,B0,0,19,20,1,0,0,0,0,0,0,0,0,0,1,0,1,4,394,30
4515,B1,1,2,6,1,0,0,0,0,0,0,0,0,0,1,0,1,10,146,16
4515,B2,19,0,1,19,0,0,0,0,0,0,0,0,0,1,0,1,0,0,0
4515,C1,17,1,10,0,0,0,0,0,0,0,0,0,0,1,0,2,1,77,8
4530,A1,1,20,0,14,0,0,0,0,0,0,0,0,0,1,0,2,4,180,27
4530,B0,0,20,20,3,0,0,0,0,0,0,0,0,0,1,0,1,4,394,30
4530,B1,1,1,6,1,0,0,0,0,0,0,0,0,0,1,0,1,10,146,16
4530,B2,20,0,2,20,0,0,0,0,0,0,0,0,0,1,0,1,0,0,0
4530,C1,17,3,12,0,0,0,0,0,0,0,0,0,0,1,0,2,1,77,8
4545,A1,1,20,0,14,0,0,0,0,0,0,0,0,0,0,1,2,4,180,27
4545,B0,0,20,20,1,0,0,0,0,0,0,0,0,0,0,1,1,4,394,30
4545,B1,1,1,6,1,0,0,0,0,0,0,0,0,0,0,1,1,10,146,16
4545,B2,20,0,1,18,0,0,0,0,0,0,0,0,0,0,1,1,0,0,0
4545,C1,20,1,12,0,0,0,0,0,0,0,0,0,0,0,1,2,1,77,8
4560,A1,1,20,0,14,0,0,0,0,0,0,0,0,0,0,1,2,4,180,27
4560,B0,0,20,20,2,0,0,0,0,0,0,0,0,0,0,1,1,4,394,30
4560,B1,1,1,6,1,0,0,0,0,0,0,0,0,0,0,1,1,10,146,16
4560,B2,20,0,1,18,0,0,0,0,0,0,0,0,0,0,1,1,0,0,0
4560,C1,20,1,13,0,0,0,0,0,0,0,0,0,0,0,1,2,1,77,8
4575,A1,1,20,0,13,0,0,0,0,0,0,0,0,0,1,0,2,4,180,27
4575,B0,0,20,19,1,0,0,0,0,0,0,0,0,0,1,0,1,4,394,30
4575,B1,1,2,6,1,0,0,0,0,0,0,0,0,0,1,0,1,10,146,16
4575,B2,20,0,1,20,0,0,0,0,0,0,0,0,0,1,0,1,0,0,0
4575,C1,20,1,13,0,0,0,0,0,0,0,0,0,0,1,0,2,1,77,8
4590,A1,4,20,0,14,0,0,0,0,0,0,0,0,0,1,0,2,4,180,27
4590,B0,0,20,19,1,0,0,0,0,0,0,0,0,0,1,0,1,4,394,30
4590,B1,1,1,5,2,0,0,0,0,0,0,0,0,0,1,0,1,10,146,16
4590,B2,20,0,1,20,0,0,0,0,0,0,0,0,0,1,0,1,0,0,0
4590,C1,20,2,13,0,0,0,0,0,0,0,0,0,0,1,0,2,1,77,8
4605,A1,1,20,0,14,0,0,0,0,0,0,0,0,0,0,1,2,4,180,27
4605,B0,0,20,18,1,0,0,0,0,0,0,0,0,0,0,1,1,4,394,30
4605,B1,1,1,5,1,0,0,0,0,0,0,0,0,0,0,1,1,10,146,16
4605,B2,20,0,3,20,0,0,0,0,0,0,0,0,0,0,1,1,0,0,0
4605,C1,19,2,11,0,0,0,0,0,0,0,0,0,0,0,1,2,1,77,8
4620,A1,1,20,0,14,0,0,0,0,0,0,0,0,0,0,1,2,4,180,27
4620,B0,0,20,19,1,0,0,0,0,0,0,0,0,0,0,1,1,4,394,30
4620,B1,2,1,5,1,0,0,0,0,0,0,0,0,0,0,1,1,10,146,16
4620,B2,20,0,1,20,0,0,0,0,0,0,0,0,0,0,1,1,0,0,0
4620,C1,20,1,10,0,0,0,0,0,0,0,0,0,0,0,1,2,1,77,8
4635,A1,5,20,0,14,0,0,0,0,0,0,0,0,0,1,0,2,4,180,27
4635,B0,0,19,19,1,0,0,0,0,0,0,0,0,0,1,0,1,4,394,30
4635,B1,2,2,5,1,0,0,0,0,0,0,0,0,0,1,0,1,10,146,16
4635,B2,20,0,1,20,0,0,0,0,0,0,0,0,0,1,0,1,0,0,0
4635,C1,20,1,10,0,0,0,0,0,0,0,0,0,0,1,0,2,1,77,8
4650,A1,1,20,0,14,0,0,0,0,0,0,0,0,0,1,0,2,4,180,27
4650,B0,0,19,20,1,0,0,0,0,0,0,0,0,0,1,0,1,4,394,30
4650,B1,2,1,5,1,0,0,0,0,0,0,0,0,0,1,0,1,10,146,16
4650,B2,20,0,1,20,0,0,0,0,0,0,0,0,0,1,0,1,0,0,0
4650,C1,20,1,10,0,0,0,0,0,0,0,0,0,0,1,0,2,1,77,8
4665,A1,1,20,0,14,0,0,0,0,0,0,0,0,0,1,0,2,4,180,27
4665,B0,0,20,20,1,0,0,0,0,0,0,0,0,0,1,0,1,4,394,30
4665,B1,1,1,6,1,0,0,0,0,0,0,0,0,0,1,0,1,10,146,16
4665,B2,20,0,2,20,0,0,0,0,0,0,0,0,0,1,0,1,0,0,0
4665,C1,20,2,11,0,0,0,0,0,0,0,0,0,0,1,0,2,1,77,8
4680,A1,1,20,0,14,0,0,0,0,0,0,0,0,0,0,1,2,4,180,27
4680,B0,0,20,19,1,0,0,0,0,0,0,0,0,0,0,1,1,4,394,30
4680,B1,1,1,5,1,0,0,0,0,0,0,0,0,0,0,1,1,10,146,16
4680,B2,20,0,1,20,0,0,0,0,0,0,0,0,0,0,1,1,0,0,0
4680,C1,20,1,11,0,0,0,0,0,0,0,0,0,0,0,1,2,1,77,8
4695,A1,4,19,0,14,0,0,0,0,0,0,0,0,0,0,1,2,4,180,27
4695,B0,0,20,20,1,0,0,0,0,0,0,0,0,0,0,1,1,4,394,30
4695,B1,1,1,5,1,0,0,0,0,0,0,0,0,0,0,1,1,10,146,16
4695,B2,20,0,1,20,0,0,0,0,0,0,0,0,0,0,1,1,0,0,0
4695,C1,20,1,11,0,0,0,0,0,0,0,0,0,0,0,1,2,1,77,8
4710,A1,1,18,0,14,0,0,0,0,0,0,0,0,0,1,0,2,4,180,27
4710,B0,0,20,20,1,0,0,0,0,0,0,0,0,0,1,0,1,4,394,30
4710,B1,1,1,5,1,0,0,0,0,0,0,0,0,0,1,0,1,10,146,16
4710,B2,20,0,1,20,0,0,0,0,0,0,0,0,0,1,0,1,0,0,0
4710,C1,20,1,12,0,0,0,0,0,0,0,0,0,0,1,0,2,1,77,8
4725,A1,2,18,0,14,0,0,0,0,0,0,0,0,0,1,0,2,4,180,27
4725,B0,0,19,20,2,0,0,0,0,0,0,0,0,0,1,0,1,4,394,30
4725,B1,1,1,6,1,0,0,0,0,0,0,0,0,0,1,0,1,10,146,16
4725,B2,20,0,2,20,0,0,0,0,0,0,0,0,0,1,0,1,0,0,0
4725,C1,20,1,12,0,0,0,0,0,0,0,0,0,0,1,0,2,1,77,8
4740,A1,1,18,0,12,0,0,0,0,11,0,0,0,0,0,1,1,5,197,27
4740,B0,0,18,20,1,0,0,0,0,0,0,0,0,0,0,1,1,4,394,30
4740,B1,1,1,5,1,0,0,0,0,0,0,0,1,0,0,1,1,10,146,16
4740,B2,20,0,1,20,0,0,0,0,0,0,0,0,0,0,1,1,0,0,0
4740,C1,20,2,12,0,0,0,0,0,0,0,0,0,0,0,1,2,1,77,8
4755,A1,1,20,0,12,0,0,0,0,0,0,0,0,0,0,1,2,5,219,41
4755,B0,0,20,20,1,0,0,0,0,0,0,0,0,0,0,1,1,4,394,30
4755,B1,1,1,6,1,0,0,0,0,0,0,0,0,0,0,1,1,10,146,16
4755,B2,20,0,1,20,0,0,0,0,0,0,0,0,0,0,1,1,0,0,0
4755,C1,20,2,13,0,0,0,0,0,0,0,0,0,0,0,1,2,1,77,8
4770,A1,1,20,0,12,0,0,0,0,0,0,0,0,0,1,0,2,5,219,41
4770,B0,0,20,20,1,0,0,0,0,0,0,0,0,0,1,0,1,4,394,30
4770,B1,1,1,6,1,0,0,0,0,0,0,0,0,0,1,0,1,10,146,16
4770,B2,20,0,1,20,0,0,0,0,0,0,0,0,0,1,0,1,0,0,0
4770,C1,20,1,14,0,0,0,1,0,0,0,0,0,0,1,0,2,2,89,8
4785,A1,2,20,0,12,0,0,0,0,0,0,0,0,0,1,0,2,5,219,41
4785,B0,0,20,20,1,0,0,0,0,0,0,0,0,0,1,0,1,4,394,30
4785,B1,1,1,6,1,0,0,0,0,0,0,0,0,0,1,0,1,10,146,16
4785,B2,20,0,1,20,0,0,0,0,0,0,0,0,0,1,0,1,0,0,0
4785,C1,20,1,14,0,0,0,0,0,0,0,0,0,0,1,0,2,2,117,10
4800,A1,1,20,0,11,0,0,0,0,0,0,0,0,0,0,1,2,5,219,41
4800,B0,0,20,20,1,0,0,20,0,0,0,0,0,0,0,1,2,5,399,30
4800,B1,1,1,6,1,0,0,0,0,0,1,0,0,0,0,1,1,10,146,16
4800,B2,20,0,1,20,0,0,0,1,0,0,0,0,0,0,1,1,1,6,0
4800,C1,20,2,14,0,0,0,0,0,0,0,0,0,0,0,1,2,2,117,10
4815,A1,2,20,0,11,0,0,0,0,0,0,0,0,0,0,1,2,5,219,41
4815,B0,0,20,20,1,0,0,20,0,0,0,0,0,0,0,1,2,5,429,30
4815,B1,1,1,6,1,0,0,0,0,0,1,0,0,0,0,1,1,10,146,16
4815,B2,19,0,1,20,0,0,0,0,0,0,0,0,0,0,1,1,1,28,1
4815,C1,20,2,14,0,0,0,0,0,0,0,0,0,0,0,1,2,2,117,10
4830,A1,2,20,0,12,0,0,0,0,0,0,0,0,0,0,1,2,5,219,41
4830,B0,0,20,20,1,0,0,0,0,0,0,0,0,0,0,1,1,5,439,50
4830,B1,1,1,6,1,0,0,0,0,0,0,0,0,0,0,1,1,10,146,16
4830,B2,20,0,1,18,0,0,0,0,0,0,0,0,0,0,1,1,1,28,1
4830,C1,20,2,14,0,0,0,0,0,0,0,0,0,0,0,1,2,2,117,10
4845,A1,1,20,0,12,0,0,0,0,0,0,0,0,0,1,0,2,6,221,42
4845,B0,0,20,20,1,0,0,0,0,0,0,0,0,0,1,0,1,5,439,50
4845,B1,1,1,6,1,0,0,0,0,0,0,0,0,0,1,0,1,10,146,16
4845,B2,19,0,1,18,0,0,0,0,0,0,0,0,0,1,0,1,1,28,1
4845,C1,20,1,14,0,0,0,1,0,0,0,0,0,0,1,0,2,3,147,10
4860,A1,3,20,0,12,0,0,0,0,0,0,0,0,0,1,0,2,6,221,42
4860,B0,0,20,20,2,0,0,0,0,0,0,0,0,0,1,0,1,5,439,50
4860,B1,1,1,7,1,0,0,0,0,0,0,0,0,0,1,0,1,10,146,16
4860,B2,20,0,1,20,0,0,0,0,0,0,0,0,0,1,0,1,1,28,1
4860,C1,20,1,14,0,0,0,1,0,0,0,0,0,0,1,0,2,3,177,10
4875,A1,1,20,0,12,0,0,0,0,0,0,0,0,0,0,1,2,6,221,42
4875,B0,0,20,20,1,0,0,0,0,0,0,0,0,0,0,1,1,6,441,51
4875,B1,1,1,6,1,0,0,0,0,0,0,0,0,1,0,1,1,10,146,16
4875,B2,20,0,1,17,0,0,0,0,0,0,0,0,0,0,1,1,1,28,1
4875,C1,19,1,14,0,0,0,0,14,0,0,0,0,0,0,1,1,4,212,12
4890,A1,1,20,0,13,0,0,0,0,0,0,0,0,0,0,1,2,6,221,42
4890,B0,0,20,20,1,0,0,0,0,0,0,0,0,0,0,1,1,6,441,51
4890,B1,1,2,4,1,0,0,0,0,0,0,0,0,1,0,1,1,10,146,16
4890,B2,20,0,1,16,0,0,0,0,0,0,0,0,0,0,1,1,1,28,1
4890,C1,19,1,15,0,0,0,0,14,0,0,0,0,0,0,1,1,4,242,12
4905,A1,1,20,0,13,0,0,0,0,0,0,0,0,0,1,0,2,6,221,42
4905,B0,0,20,20,1,0,0,20,0,0,0,0,0,0,1,0,2,7,458,51
4905,B1,1,3,4,1,0,0,0,0,0,1,0,0,1,1,0,1,10,146,16
4905,B2,20,0,1,20,0,0,0,0,0,0,0,0,0,1,0,1,1,28,1
4905,C1,20,1,15,0,0,0,0,14,0,0,0,0,0,1,0,1,4,272,12
4920,A1,1,20,0,13,0,0,0,0,0,0,0,0,0,1,0,2,6,221,42
4920,B0,0,20,20,1,0,0,0,0,0,0,0,0,0,1,0,1,7,476,71
4920,B1,1,1,4,1,0,0,0,0,0,0,0,0,1,1,0,1,10,146,16
4920,B2,20,0,1,20,0,0,0,0,0,0,0,0,0,1,0,1,1,28,1
4920,C1,20,1,16,0,0,0,0,14,0,0,0,0,0,1,0,1,4,302,12
4935,A1,1,20,0,13,0,0,0,0,13,0,0,0,0,0,1,1,7,232,42
4935,B0,0,20,20,1,0,0,0,0,0,0,0,0,0,0,1,1,7,476,71
4935,B1,1,1,4,1,0,0,0,0,0,0,0,1,0,0,1,1,10,146,16
4935,B2,20,0,1,20,0,0,0,0,0,0,0,0,0,0,1,1,1,28,1
4935,C1,20,2,16,0,0,0,0,0,0,0,0,0,0,0,1,2,4,306,26
4950,A1,1,20,0,14,0,0,0,0,13,0,0,0,0,0,1,1,7,262,42
4950,B0,0,20,20,1,0,0,0,0,0,0,0,0,0,0,1,1,7,476,71
4950,B1,1,1,4,1,0,0,0,0,0,0,0,1,0,0,1,1,10,146,16
4950,B2,20,0,1,20,0,0,0,0,0,0,0,0,0,0,1,1,1,28,1
4950,C1,20,1,17,0,0,0,0,0,0,0,0,0,0,0,1,2,4,306,26
4965,A1,1,20,0,14,0,1,0,0,13,0,0,0,0,1,0,2,8,298,42
4965,B0,0,20,20,2,0,0,20,0,0,0,0,0,0,1,0,2,8,481,71
4965,B1,1,1,4,1,0,0,0,0,0,1,0,1,0,1,0,1,10,146,16
4965,B2,20,0,1,20,0,0,0,0,0,0,0,0,0,1,0,1,1,28,1
4965,C1,19,3,16,0,0,0,0,0,0,0,0,0,0,1,0,2,4,306,26
4980,A1,1,20,0,14,0,0,0,0,0,0,0,0,0,1,0,2,8,314,56
4980,B0,0,20,19,3,0,0,20,0,0,0,0,0,0,1,0,2,8,511,71
4980,B1,1,1,4,1,0,0,0,0,0,1,0,0,0,1,0,1,10,146,16
4980,B2,20,0,1,20,0,0,0,0,0,0,0,0,0,1,0,1,1,28,1
4980,C1,19,1,16,0,0,0,0,0,0,0,0,0,0,1,0,2,4,306,26
4995,A1,1,20,0,14,0,0,0,0,0,0,0,0,0,1,0,2,8,314,56
4995,B0,0,20,19,1,0,0,20,0,0,0,0,0,0,1,0,2,8,541,71
4995,B1,1,1,4,1,0,0,0,0,0,1,0,0,0,1,0,1,10,146,16
4995,B2,20,0,1,20,0,0,0,0,0,0,0,0,0,1,0,1,1,28,1
4995,C1,20,1,16,0,0,0,0,0,0,0,0,0,0,1,0,2,4,306,26
5010,A1,1,20,0,14,0,0,0,0,0,0,0,0,0,0,1,2,8,314,56
5010,B0,0,20,18,1,0,0,20,0,0,0,0,0,0,0,1,2,8,571,71
5010,B1,1,1,4,1,0,0,0,0,0,1,0,0,0,0,1,1,10,146,16
5010,B2,20,0,1,20,0,0,0,1,0,0,0,0,0,0,1,1,2,58,1
5010,C1,20,1,12,0,0,0,0,0,0,0,0,0,0,0,1,2,4,306,26
5025,A1,1,20,0,15,0,0,0,0,0,0,0,0,0,0,1,2,8,314,56
5025,B0,0,20,20,2,0,0,0,0,0,0,0,0,0,0,1,1,8,589,91
5025,B1,3,1,4,1,0,0,0,0,0,0,0,0,0,0,1,1,10,146,16
5025,B2,20,0,1,20,0,0,0,1,0,0,0,0,0,0,1,1,2,88,1
5025,C1,20,1,12,0,0,0,0,0,0,0,0,0,0,0,1,2,4,306,26
5040,A1,1,20,0,15,0,0,0,0,0,0,0,0,0,1,0,2,8,314,56
5040,B0,0,19,20,1,0,0,0,0,0,0,0,0,0,1,0,1,8,589,91
5040,B1,2,1,4,1,0,0,0,0,0,0,0,0,0,1,0,1,10,146,16
5040,B2,20,0,1,20,0,0,0,0,0,0,0,0,0,1,0,1,2,104,2
5040,C1,20,1,12,0,0,0,1,0,0,0,0,0,0,1,0,2,5,330,26
5055,A1,2,20,0,15,0,0,0,0,0,0,0,0,0,1,0,2,8,314,56
5055,B0,0,19,20,1,0,0,0,0,0,0,0,0,0,1,0,1,8,589,91
5055,B1,1,1,4,1,0,0,0,0,0,0,0,0,0,1,0,1,10,146,16
5055,B2,20,0,2,20,0,0,0,0,0,0,0,0,0,1,0,1,2,104,2
5055,C1,20,1,12,0,0,0,1,0,0,0,0,0,0,1,0,2,5,360,26
5070,A1,1,19,0,15,0,0,0,0,0,0,0,0,1,0,1,2,8,314,56
5070,B0,0,20,19,1,0,0,0,0,0,0,0,0,0,0,1,1,8,589,91
5070,B1,1,1,4,1,0,0,0,4,0,0,0,0,1,0,1,1,11,163,16
5070,B2,20,0,1,20,0,0,0,0,0,0,0,0,0,0,1,1,2,104,2
5070,C1,20,1,12,0,0,0,1,12,0,0,0,0,0,0,1,1,6,407,26
5085,A1,1,19,0,15,0,0,0,0,0,0,0,0,1,0,1,2,8,314,56
5085,B0,0,20,20,1,0,0,0,0,0,0,0,0,0,0,1,1,8,589,91
5085,B1,1,1,4,1,0,0,0,4,0,0,0,0,1,0,1,1,11,193,16
5085,B2,20,0,1,20,0,0,0,0,0,0,0,0,0,0,1,1,2,104,2
5085,C1,20,1,12,0,0,0,1,12,0,0,0,0,0,0,1,1,6,467,26
5100,A1,1,19,0,15,0,0,0,0,0,0,0,0,1,1,0,2,8,314,56
5100,B0,0,20,20,1,0,0,20,0,0,0,0,0,0,1,0,2,9,600,91
5100,B1,1,1,4,1,0,0,0,4,0,1,0,0,1,1,0,1,11,223,16
5100,B2,20,0,1,20,0,0,0,0,0,0,0,0,0,1,0,1,2,104,2
5100,C1,20,1,12,0,1,0,1,12,0,0,0,0,0,1,0,0,6,527,26
5115,A1,1,19,0,15,0,0,0,0,0,0,0,0,0,1,0,2,8,314,56
5115,B0,0,20,20,1,0,0,20,0,0,0,0,0,0,1,0,2,9,630,91
5115,B1,1,1,4,1,0,0,0,0,0,1,0,0,1,1,0,1,11,247,20
5115,B2,20,0,1,20,0,0,0,0,0,0,0,0,0,1,0,1,2,104,2
5115,C1,20,1,12,0,1,0,0,12,0,0,0,0,0,1,0,0,6,579,27
5130,A1,1,18,0,14,0,0,0,0,13,0,0,0,0,0,1,1,9,319,56
5130,B0,0,20,20,1,0,0,20,0,1,0,0,0,0,0,1,2,10,666,91
5130,B1,1,1,4,1,0,0,0,0,0,1,0,1,1,0,1,1,11,247,20
5130,B2,20,0,3,20,1,0,0,0,0,0,0,0,0,0,1,0,2,104,2
5130,C1,20,1,12,0,0,0,0,12,0,0,0,0,0,0,1,1,6,609,27
5145,A1,1,20,0,13,0,0,0,0,12,0,0,0,0,0,1,1,9,349,56
5145,B0,0,20,20,1,0,0,20,0,1,0,0,0,0,0,1,2,10,726,91
5145,B1,1,1,4,1,0,0,0,0,0,1,0,1,1,0,1,1,11,247,20
5145,B2,20,0,1,20,0,0,0,0,0,0,0,0,0,0,1,1,2,104,2
5145,C1,20,2,12,0,0,0,0,12,0,0,0,0,0,0,1,1,6,639,27
5160,A1,1,20,0,13,0,0,0,0,12,0,0,0,0,0,1,1,9,379,56
5160,B0,0,20,20,1,0,0,20,0,1,0,0,0,0,0,1,2,10,786,91
5160,B1,1,1,4,1,0,0,0,0,0,1,0,1,0,0,1,1,11,247,20
5160,B2,19,0,2,20,0,0,0,0,0,0,0,0,0,0,1,1,2,104,2
5160,C1,20,2,12,0,0,0,0,0,0,0,0,0,0,0,1,2,6,649,39
5175,A1,1,20,0,13,0,0,0,0,13,0,0,0,0,1,0,1,9,409,56
5175,B0,0,20,20,1,0,0,20,0,0,0,0,0,0,1,0,2,10,834,92
5175,B1,1,1,4,1,0,0,0,0,0,1,0,1,0,1,0,1,11,247,20
5175,B2,20,0,1,20,0,0,0,0,0,0,0,0,0,1,0,1,2,104,2
5175,C1,20,1,12,0,0,0,0,0,0,0,0,0,0,1,0,2,7,653,40
5190,A1,1,20,0,13,0,0,0,0,13,0,0,0,0,1,0,1,9,439,56
5190,B0,0,20,20,1,0,0,20,0,0,0,0,0,0,1,0,2,10,864,92
5190,B1,1,1,3,1,0,0,0,0,0,1,0,1,0,1,0,1,11,247,20
5190,B2,20,0,1,19,0,0,0,0,0,0,0,0,0,1,0,1,2,104,2
5190,C1,20,1,13,0,0,0,0,0,0,0,0,0,0,1,0,2,7,653,40
5205,A1,1,20,0,13,0,0,0,0,13,0,0,0,1,0,1,1,9,469,56
5205,B0,0,20,20,1,0,0,0,0,0,0,0,0,0,0,1,1,10,864,112
5205,B1,1,1,3,1,0,0,0,3,0,0,0,1,0,0,1,1,12,270,20
5205,B2,20,0,1,18,0,0,0,0,0,0,0,0,0,0,1,1,2,104,2
5205,C1,20,1,13,0,0,0,0,0,0,0,0,0,0,0,1,2,7,653,40
5220,A1,1,20,0,14,0,0,0,0,13,0,0,0,1,0,1,1,9,499,56
5220,B0,0,20,20,1,0,0,0,0,0,0,0,0,0,0,1,1,10,864,112
5220,B1,1,1,2,1,0,0,0,2,0,0,0,1,0,0,1,1,12,300,20
5220,B2,20,0,2,20,0,0,0,0,0,0,0,0,0,0,1,1,2,104,2
5220,C1,20,1,13,0,0,0,0,0,0,0,0,0,0,0,1,2,7,653,40
5235,A1,1,20,0,14,0,1,0,0,13,0,0,0,1,1,0,2,10,547,56
5235,B0,0,20,20,1,0,0,0,0,0,0,0,0,0,1,0,1,10,864,112
5235,B1,1,1,2,1,0,0,0,2,0,0,0,1,0,1,0,1,12,330,20
5235,B2,18,0,1,19,0,0,0,0,0,0,0,0,0,1,0,1,2,104,2
5235,C1,20,1,13,0,0,0,1,0,0,0,0,0,0,1,0,2,8,671,40
5250,A1,1,20,0,14,0,0,0,0,0,0,0,0,1,1,0,2,10,585,72
5250,B0,0,20,20,2,0,0,0,0,0,0,0,0,0,1,0,1,10,864,112
5250,B1,1,1,2,1,0,0,0,2,0,0,0,0,0,1,0,1,12,360,20
5250,B2,19,0,1,20,0,0,0,0,0,0,0,0,0,1,0,1,2,104,2
5250,C1,20,1,13,0,0,0,0,0,0,0,0,0,0,1,0,2,8,699,41
5265,A1,1,20,0,14,0,0,0,0,0,0,0,0,1,0,1,2,10,585,72
5265,B0,0,20,20,1,0,0,0,0,0,0,0,0,0,0,1,1,10,864,112
5265,B1,1,1,2,1,0,0,0,2,0,0,0,0,1,0,1,1,12,390,20
5265,B2,19,0,1,19,0,0,0,0,0,0,0,0,0,0,1,1,2,104,2
5265,C1,20,2,14,0,0,0,0,13,0,0,0,0,0,0,1,1,9,710,41
5280,A1,1,20,0,14,0,0,0,0,0,0,0,0,0,0,1,2,10,585,72
5280,B0,0,20,20,1,0,0,0,0,0,0,0,0,0,0,1,1,10,864,112
5280,B1,1,1,2,1,0,0,0,0,0,0,0,0,1,0,1,1,12,406,23
5280,B2,20,0,1,19,0,0,0,0,0,0,0,0,0,0,1,1,2,104,2
5280,C1,19,3,14,0,0,0,0,13,0,0,0,0,0,0,1,1,9,740,41
5295,A1,1,20,0,14,0,0,0,0,0,0,0,0,0,1,0,2,10,585,72
5295,B0,0,20,20,1,0,0,20,0,0,0,0,0,0,1,0,2,11,869,112
5295,B1,1,1,2,1,0,0,0,0,0,1,0,0,1,1,0,1,12,406,23
5295,B2,20,0,1,20,0,0,0,0,0,0,0,0,0,1,0,1,2,104,2
5295,C1,20,1,14,0,0,0,0,14,0,0,0,0,0,1,0,1,9,770,41
5310,A1,1,20,0,14,0,0,0,0,0,0,0,0,0,1,0,2,10,585,72
5310,B0,0,20,20,1,0,0,0,0,0,0,0,0,0,1,0,1,11,883,132
5310,B1,1,1,2,1,0,0,0,0,0,0,0,0,1,1,0,1,12,406,23
5310,B2,20,0,2,20,0,0,0,0,0,0,0,0,0,1,0,1,2,104,2
5310,C1,20,1,13,0,0,0,0,13,0,0,0,0,0,1,0,1,9,800,41
5325,A1,1,20,0,14,0,0,0,0,0,0,0,0,0,1,0,2,10,585,72
5325,B0,0,20,20,1,0,0,0,0,0,0,0,0,0,1,0,1,11,883,132
5325,B1,1,1,2,1,0,0,0,0,0,0,0,0,0,1,0,1,12,406,23
5325,B2,20,0,1,20,0,0,0,0,0,0,0,0,0,1,0,1,2,104,2
5325,C1,17,1,13,0,0,0,0,0,0,0,0,0,0,1,0,2,9,804,55
5340,A1,1,20,0,14,0,0,0,0,14,0,0,0,1,0,1,1,11,614,72
5340,B0,0,20,20,1,0,0,0,0,0,0,0,0,0,0,1,1,11,883,132
5340,B1,1,1,2,1,0,0,0,2,0,0,0,1,0,0,1,1,13,435,23
5340,B2,20,0,1,20,0,0,0,0,0,0,0,0,0,0,1,1,2,104,2
5340,C1,18,1,12,0,0,0,0,0,0,0,0,0,0,0,1,2,9,804,55
5355,A1,1,20,0,14,0,0,0,0,14,0,0,0,1,0,1,1,11,644,72
5355,B0,0,19,20,1,0,0,0,0,0,0,0,0,0,0,1,1,11,883,132
5355,B1,1,1,1,1,0,0,0,1,0,0,0,1,0,0,1,1,13,465,23
5355,B2,20,0,1,20,0,0,0,0,0,0,0,0,0,0,1,1,2,104,2
5355,C1,20,1,12,0,0,0,0,0,0,0,0,0,0,0,1,2,9,804,55
5370,A1,1,20,0,14,0,0,0,0,0,0,0,0,1,1,0,2,12,672,87
5370,B0,0,20,19,2,0,0,0,0,0,0,0,0,0,1,0,1,11,883,132
5370,B1,1,1,1,1,0,0,0,1,0,0,0,0,0,1,0,1,13,495,23
5370,B2,20,0,1,19,0,0,0,0,0,0,0,0,0,1,0,1,2,104,2
5370,C1,20,1,12,0,0,0,1,0,0,0,0,0,0,1,0,2,10,828,55
5385,A1,1,20,0,14,0,0,0,0,0,0,0,0,1,1,0,2,12,672,87
5385,B0,0,19,19,2,0,0,0,0,0,0,0,0,0,1,0,1,11,883,132
5385,B1,1,1,1,1,0,0,0,1,0,0,0,0,0,1,0,1,13,525,23
5385,B2,20,0,1,19,0,0,0,0,0,0,0,0,0,1,0,1,2,104,2
5385,C1,20,2,12,0,0,0,0,0,0,0,0,0,0,1,0,2,10,840,56
5400,A1,1,20,0,14,0,0,0,0,0,0,0,0,0,0,1,2,12,672,87
5400,B0,0,20,18,1,0,0,0,0,0,0,0,0,0,0,1,1,11,883,132
5400,B1,1,1,1,1,0,0,0,0,0,0,0,0,1,0,1,1,13,539,25
5400,B2,20,0,1,19,0,0,0,1,0,0,0,0,0,0,1,1,3,122,2
5400,C1,20,1,11,0,0,0,0,11,0,0,0,0,0,0,1,1,11,857,56
5415,A1,1,20,0,14,0,0,0,0,0,0,0,0,0,0,1,2,12,672,87
5415,B0,0,20,17,1,0,0,0,0,0,0,0,0,0,0,1,1,11,883,132
5415,B1,1,1,1,1,0,0,0,0,0,0,0,0,1,0,1,1,13,539,25
5415,B2,20,0,1,20,0,0,0,0,0,0,0,0,0,0,1,1,3,148,3
5415,C1,20,1,11,0,0,0,0,11,0,0,0,0,0,0,1,1,11,887,56
5430,A1,1,20,0,14,0,0,0,0,0,0,0,0,0,1,0,2,12,672,87
5430,B0,0,20,18,1,0,0,19,0,0,0,0,0,0,1,0,2,12,894,132
5430,B1,1,1,1,1,0,0,0,0,0,1,0,0,0,1,0,1,13,539,25
5430,B2,20,0,1,20,0,0,0,0,0,0,0,0,0,1,0,1,3,148,3
5430,C1,20,1,11,0,0,0,0,0,0,0,0,0,0,1,0,2,11,899,68
5445,A1,2,19,0,13,0,0,0,0,0,0,0,0,0,1,0,2,12,672,87
5445,B0,0,18,20,1,0,0,17,0,0,0,0,0,0,1,0,2,12,924,132
5445,B1,1,1,1,1,0,0,0,0,0,1,0,0,0,1,0,1,13,539,25
5445,B2,20,0,1,20,0,0,0,0,0,0,0,0,0,1,0,1,3,148,3
5445,C1,20,1,11,0,0,0,0,0,0,0,0,0,0,1,0,2,11,899,68
5460,A1,2,19,0,12,0,0,0,0,0,0,0,0,1,0,1,2,12,672,87
5460,B0,0,18,19,1,0,0,0,0,1,0,0,0,0,0,1,1,13,934,151
5460,B1,1,1,1,1,0,0,0,1,0,0,0,0,0,0,1,1,14,544,25
5460,B2,20,0,1,20,0,0,0,0,0,0,0,0,0,0,1,1,3,148,3
5460,C1,20,1,11,0,0,0,0,0,0,0,0,0,0,0,1,2,11,899,68
5475,A1,2,20,0,12,0,0,0,0,0,0,0,0,1,0,1,2,12,672,87
5475,B0,0,20,19,1,0,0,0,0,1,0,0,0,0,0,1,1,13,964,151
5475,B1,1,1,1,1,0,0,0,1,0,0,0,0,0,0,1,1,14,574,25
5475,B2,20,0,1,20,0,0,0,0,0,0,0,0,0,0,1,1,3,148,3
5475,C1,20,1,12,0,0,0,0,0,0,0,0,0,0,0,1,2,11,899,68
5490,A1,2,20,0,12,0,0,0,0,0,0,0,0,1,0,1,2,12,672,87
5490,B0,0,20,20,1,0,0,0,0,0,0,0,0,0,0,1,1,13,966,152
5490,B1,1,1,1,1,0,0,0,1,0,0,0,0,0,0,1,1,14,604,25
5490,B2,20,0,1,20,0,0,0,0,0,0,0,0,0,0,1,1,3,148,3
5490,C1,20,1,12,0,0,0,0,0,0,0,0,0,0,0,1,2,11,899,68
5505,A1,1,20,0,12,0,0,0,0,0,0,0,0,1,1,0,2,12,672,87
5505,B0,0,20,20,1,0,0,0,0,0,0,0,0,0,1,0,1,13,966,152
5505,B1,1,1,1,1,0,0,0,1,0,0,0,0,0,1,0,1,14,634,25
5505,B2,20,0,1,20,0,0,0,0,0,0,0,0,0,1,0,1,3,148,3
5505,C1,20,1,12,0,0,0,0,0,0,0,0,0,0,1,0,2,11,899,68
5520,A1,1,19,0,12,0,0,0,0,0,0,0,0,0,1,0,2,12,672,87
5520,B0,0,20,20,1,0,0,0,0,0,0,0,0,0,1,0,1,13,966,152
5520,B1,1,1,2,1,0,0,0,0,0,0,0,0,0,1,0,1,14,662,26
5520,B2,20,0,1,20,0,0,0,0,0,0,0,0,0,1,0,1,3,148,3
5520,C1,20,1,12,0,0,0,0,0,0,0,0,0,0,1,0,2,11,899,68
5535,A1,1,18,0,11,0,0,0,0,11,0,0,0,0,0,1,1,13,695,87
5535,B0,0,20,20,1,0,0,0,0,0,0,0,0,0,0,1,1,13,966,152
5535,B1,1,1,2,1,0,0,0,0,0,0,0,1,1,0,1,2,14,662,26
5535,B2,20,0,1,20,0,0,0,0,0,0,0,0,0,0,1,1,4,152,4
5535,C1,20,1,11,0,0,0,0,11,0,0,0,0,0,0,1,1,12,922,68
5550,A1,1,20,0,10,0,0,0,0,10,0,0,0,0,0,1,1,13,725,87
5550,B0,0,20,20,1,0,0,0,0,0,0,0,0,0,0,1,1,13,966,152
5550,B1,1,1,2,1,0,0,0,0,0,0,0,1,1,0,1,2,14,662,26
5550,B2,19,0,3,20,0,0,0,0,0,0,0,0,0,0,1,1,4,152,4
5550,C1,20,1,11,0,0,0,0,11,0,0,0,0,0,0,1,1,12,952,68
5565,A1,1,19,0,10,0,0,0,0,10,0,0,0,0,1,0,1,13,755,87
5565,B0,0,20,20,1,0,0,0,0,0,0,0,0,0,1,0,1,13,966,152
5565,B1,1,1,2,1,0,0,0,0,0,0,0,1,1,1,0,2,14,662,26
5565,B2,19,0,1,20,0,0,0,0,0,0,0,0,0,1,0,1,4,152,4
5565,C1,20,1,11,0,0,0,1,11,0,0,0,0,0,1,0,1,13,1000,68
5580,A1,1,19,0,10,0,0,0,0,10,0,0,0,0,1,0,1,13,785,87
5580,B0,0,20,20,1,0,0,0,0,0,0,0,0,0,1,0,1,13,966,152
5580,B1,1,1,2,1,0,0,0,0,0,0,0,1,1,1,0,2,14,662,26
5580,B2,19,0,1,20,0,0,0,0,0,0,0,0,0,1,0,1,4,152,4
5580,C1,20,1,11,0,0,0,0,11,0,0,0,0,0,1,0,1,13,1052,69
5595,A1,1,20,0,9,0,0,0,0,9,0,0,0,0,0,1,1,13,815,87
5595,B0,0,20,20,1,0,0,0,0,0,0,0,0,0,0,1,1,13,966,152
5595,B1,1,1,2,1,0,0,0,0,0,0,0,1,1,0,1,2,14,662,26
5595,B2,19,0,1,20,0,0,0,0,0,0,0,0,0,0,1,1,4,152,4
5595,C1,20,2,11,0,0,0,0,11,0,0,0,0,0,0,1,1,13,1082,69
5610,A1,1,20,0,9,0,0,0,0,0,0,0,0,0,0,1,2,13,843,99
5610,B0,0,20,20,1,0,0,0,0,0,0,0,0,0,0,1,1,13,966,152
5610,B1,1,1,1,1,0,0,0,0,0,0,0,0,1,0,1,1,14,662,26
5610,B2,19,0,1,20,0,0,0,0,0,0,0,0,0,0,1,1,4,152,4
5610,C1,20,1,11,0,0,0,0,11,0,0,0,0,0,0,1,1,13,1112,69
5625,A1,2,20,0,9,0,0,0,0,0,0,0,0,0,1,0,2,13,843,99
5625,B0,0,20,20,1,0,0,20,0,0,0,0,0,0,1,0,2,14,971,152
5625,B1,1,1,1,1,0,0,0,0,0,1,0,0,0,1,0,1,14,662,26
5625,B2,20,0,1,20,0,0,0,0,0,0,0,0,0,1,0,1,4,152,4
5625,C1,20,1,11,0,0,0,0,0,0,0,0,0,0,1,0,2,13,1122,81
5640,A1,1,20,0,9,0,0,0,0,0,0,0,0,0,1,0,2,13,843,99
5640,B0,0,20,20,1,0,0,20,0,0,0,0,0,0,1,0,2,14,1001,152
5640,B1,1,1,1,1,0,0,0,0,0,1,0,0,0,1,0,1,14,662,26
5640,B2,20,0,1,20,0,0,0,0,0,0,0,0,0,1,0,1,4,152,4
5640,C1,20,1,11,0,0,0,0,0,0,0,0,0,0,1,0,2,13,1122,81
5655,A1,1,20,0,9,0,0,0,0,0,0,0,0,0,1,0,2,13,843,99
5655,B0,0,20,20,1,0,0,20,0,0,0,0,0,0,1,0,2,14,1031,152
5655,B1,1,1,1,1,0,0,0,0,0,1,0,0,0,1,0,1,14,662,26
5655,B2,19,0,1,20,0,0,0,0,0,0,0,0,0,1,0,1,4,152,4
5655,C1,20,2,11,0,0,0,0,0,0,0,0,0,0,1,0,2,13,1122,81
5670,A1,1,20,0,9,0,0,0,0,0,0,0,0,0,0,1,2,13,843,99
5670,B0,0,20,20,1,1,0,20,0,0,0,0,0,0,0,1,0,14,1061,152
5670,B1,1,1,1,1,0,0,0,0,0,1,0,0,0,0,1,1,14,662,26
5670,B2,19,0,1,14,0,0,0,1,0,0,0,0,0,0,1,1,5,182,4
5670,C1,19,2,11,0,0,0,0,0,0,0,0,0,0,0,1,2,13,1122,81
5685,A1,1,20,0,9,0,0,0,0,0,0,0,0,0,0,1,2,13,843,99
5685,B0,0,20,20,3,1,0,20,0,0,0,0,0,0,0,1,0,14,1091,152
5685,B1,1,1,1,1,0,0,0,0,0,1,0,0,0,0,1,1,14,662,26
5685,B2,19,0,3,13,0,0,0,0,0,0,0,0,0,0,1,1,5,190,5
5685,C1,19,2,11,0,0,0,0,0,0,0,0,0,0,0,1,2,13,1122,81
5700,A1,1,20,0,9,0,0,0,0,0,0,0,0,0,1,0,2,13,843,99
5700,B0,0,20,20,1,1,0,20,0,0,0,0,0,0,1,0,0,14,1121,152
5700,B1,1,3,1,1,0,0,0,0,0,1,0,0,0,1,0,2,14,662,26
5700,B2,19,0,1,19,0,0,0,0,0,0,0,0,0,1,0,1,5,190,5
5700,C1,17,1,11,0,0,0,0,0,0,0,0,0,0,1,0,2,13,1122,81
5715,A1,1,20,0,9,0,0,0,0,0,0,0,0,0,1,0,2,13,843,99
5715,B0,0,20,20,1,1,0,20,0,0,0,0,0,0,1,0,0,14,1151,152
5715,B1,1,1,1,2,0,0,0,0,0,1,0,0,0,1,0,1,14,662,26
5715,B2,19,0,2,20,0,0,0,0,0,0,0,0,0,1,0,1,5,190,5
5715,C1,19,1,11,0,0,0,0,0,0,0,0,0,0,1,0,2,13,1122,81
5730,A1,1,20,0,10,1,0,0,0,9,0,0,0,0,0,1,0,14,860,99
5730,B0,0,20,20,1,0,0,0,0,0,0,0,0,0,0,1,1,14,1159,172
5730,B1,1,1,1,1,0,0,0,0,0,0,0,1,1,0,1,2,14,662,26
5730,B2,19,0,1,20,0,0,0,0,0,0,0,0,0,0,1,1,5,190,5
5730,C1,20,1,11,0,0,0,0,11,0,0,0,0,0,0,1,1,14,1139,81
5745,A1,1,20,0,11,1,0,0,0,9,0,0,0,0,0,1,0,14,890,99
5745,B0,0,20,20,1,0,0,0,0,0,0,0,0,0,0,1,1,14,1159,172
5745,B1,1,1,1,1,0,0,0,0,0,0,0,1,1,0,1,2,14,662,26
5745,B2,19,0,1,20,0,0,0,0,0,0,0,0,0,0,1,1,5,190,5
5745,C1,20,1,11,0,0,0,0,11,0,0,0,0,0,0,1,1,14,1169,81
5760,A1,1,20,0,11,1,0,0,0,0,0,0,0,0,1,0,0,14,896,108
5760,B0,0,19,20,1,0,0,0,0,0,0,0,0,0,1,0,1,14,1159,172
5760,B1,1,1,1,1,0,0,0,0,0,0,0,0,1,1,0,1,14,662,26
5760,B2,19,0,1,20,0,0,0,0,0,0,0,0,0,1,0,1,5,190,5
5760,C1,20,1,11,0,0,0,1,11,0,0,0,0,0,1,0,1,15,1211,81
5775,A1,2,20,0,11,1,0,0,0,0,0,0,0,0,1,0,0,14,896,108
5775,B0,0,19,19,1,0,0,0,0,0,0,0,0,0,1,0,1,14,1159,172
5775,B1,1,1,1,1,0,0,0,0,0,0,0,0,1,1,0,1,14,662,26
5775,B2,19,0,1,20,0,0,0,0,0,0,0,0,0,1,0,1,5,190,5
5775,C1,20,1,11,0,0,0,0,11,0,0,0,0,0,1,0,1,15,1265,82
5790,A1,1,20,0,12,0,0,0,0,0,0,0,0,0,0,1,2,14,896,108
5790,B0,0,20,18,1,0,0,0,0,1,0,0,0,0,0,1,1,15,1165,172
5790,B1,1,1,1,1,0,0,0,0,0,0,0,0,1,0,1,1,14,662,26
5790,B2,19,0,1,20,1,0,0,0,0,0,0,0,0,0,1,0,5,190,5
5790,C1,18,4,10,0,0,0,0,10,0,0,0,0,0,0,1,1,15,1295,82
5805,A1,1,20,0,12,0,0,0,0,0,0,0,0,0,0,1,2,14,896,108
5805,B0,0,20,18,1,0,0,0,0,1,0,0,0,0,0,1,1,15,1195,172
5805,B1,1,1,1,1,0,0,0,0,0,0,0,0,1,0,1,1,14,662,26
5805,B2,19,0,1,20,1,0,0,0,0,0,0,0,0,0,1,0,5,190,5
5805,C1,19,4,4,0,0,0,0,4,0,0,0,0,0,0,1,1,15,1325,82
5820,A1,3,20,0,12,0,0,0,0,0,0,0,0,0,0,1,2,14,896,108
5820,B0,0,20,17,1,0,0,0,0,0,0,0,0,0,0,1,1,15,1209,173
5820,B1,1,1,1,1,0,0,0,0,0,0,0,0,1,0,1,1,14,662,26
5820,B2,19,0,1,20,1,0,0,0,0,0,0,0,0,0,1,0,5,190,5
5820,C1,20,4,4,0,0,0,0,4,0,0,0,0,0,0,1,1,15,1355,82
5835,A1,1,20,0,12,0,0,0,0,0,0,0,0,0,1,0,2,14,896,108
5835,B0,0,19,18,1,0,0,0,0,0,0,0,0,0,1,0,1,16,1232,192
5835,B1,1,1,1,1,0,0,0,0,0,0,0,0,1,1,0,1,14,662,26
5835,B2,19,0,1,20,1,0,0,0,0,0,0,0,0,1,0,0,5,190,5
5835,C1,20,1,4,0,0,0,1,4,0,0,0,0,0,1,0,2,16,1415,82
5850,A1,1,20,0,12,0,0,0,0,0,0,0,0,0,1,0,2,14,896,108
5850,B0,0,20,20,1,0,0,0,0,0,0,0,0,0,1,0,1,16,1232,192
5850,B1,1,1,1,1,0,0,0,0,0,0,0,0,1,1,0,1,14,662,26
5850,B2,19,0,1,20,1,0,0,0,0,0,0,0,0,1,0,0,5,190,5
5850,C1,20,1,4,0,0,0,1,4,0,0,0,0,0,1,0,2,16,1475,82
5865,A1,1,20,0,12,0,0,0,0,12,0,0,0,1,0,1,1,15,919,108
5865,B0,0,20,19,1,0,0,0,0,1,0,0,0,0,0,1,1,17,1256,192
5865,B1,2,1,1,1,0,0,0,1,0,0,0,1,1,0,1,2,15,685,26
5865,B2,19,0,1,20,0,0,0,0,0,0,0,0,0,0,1,1,5,190,5
5865,C1,20,1,4,0,0,0,1,4,0,0,0,0,0,0,1,2,16,1535,82
5880,A1,1,19,0,12,0,0,0,0,0,0,0,0,1,0,1,2,15,931,120
5880,B0,0,20,20,1,0,0,0,0,0,0,0,0,0,0,1,1,17,1270,193
5880,B1,4,1,1,1,0,0,0,1,0,0,0,0,1,0,1,2,15,715,26
5880,B2,19,0,1,20,0,0,0,0,0,0,0,0,0,0,1,1,5,190,5
5880,C1,20,1,4,0,0,0,1,4,0,0,0,0,0,0,1,2,16,1595,82
5895,A1,1,16,0,11,0,0,0,0,0,0,0,0,1,1,0,2,16,943,121
5895,B0,0,20,20,1,0,0,20,0,0,0,0,0,0,1,0,2,18,1287,193
5895,B1,1,1,1,1,0,0,0,1,0,1,0,0,1,1,0,1,15,745,26
5895,B2,19,0,1,20,0,0,0,0,0,0,0,0,0,1,0,1,5,190,5
5895,C1,20,1,4,0,1,0,1,4,0,0,0,0,0,1,0,0,16,1655,82
5910,A1,1,12,0,12,0,0,0,0,0,0,0,0,0,1,0,2,16,943,121
5910,B0,0,19,20,1,0,0,19,0,0,0,0,0,0,1,0,2,18,1317,193
5910,B1,1,1,2,1,0,0,0,0,0,1,0,0,0,1,0,1,15,769,27
5910,B2,19,0,1,20,0,0,0,0,0,0,0,0,0,1,0,1,5,190,5
5910,C1,20,1,4,0,1,0,1,0,0,0,0,0,0,1,0,0,16,1709,93
5925,A1,1,15,0,10,0,0,0,0,0,0,0,0,0,0,1,2,16,943,121
5925,B0,0,18,19,1,0,0,18,0,1,0,0,0,0,0,1,2,19,1359,193
5925,B1,1,1,4,1,0,0,0,0,0,1,0,0,0,0,1,1,15,769,27
5925,B2,19,0,5,20,0,0,0,0,0,0,0,0,0,0,1,1,5,190,5
5925,C1,20,1,4,0,0,0,0,0,0,0,0,0,0,0,1,2,16,1727,97
5940,A1,1,20,0,10,0,0,0,0,0,0,0,0,0,0,1,2,16,943,121
5940,B0,0,20,16,1,0,0,18,0,1,0,0,0,0,0,1,2,19,1419,193
5940,B1,1,1,2,1,0,0,0,0,0,1,0,0,0,0,1,1,15,769,27
5940,B2,19,0,2,20,0,0,0,0,0,0,0,0,0,0,1,1,5,190,5
5940,C1,20,1,4,0,0,0,0,0,0,0,0,0,0,0,1,2,16,1727,97
5955,A1,1,20,0,10,0,0,0,0,0,0,0,0,0,1,0,2,16,943,121
5955,B0,0,20,19,1,0,0,18,0,1,0,0,0,0,1,0,2,19,1479,193
5955,B1,1,3,2,1,0,0,0,0,0,1,0,0,0,1,0,1,15,769,27
5955,B2,19,0,1,20,0,0,0,0,0,0,0,0,0,1,0,1,5,190,5
5955,C1,20,1,6,0,0,0,0,0,0,0,0,0,0,1,0,2,16,1727,97
5970,A1,1,20,0,10,0,0,0,0,0,0,0,0,0,1,0,2,16,943,121
5970,B0,0,20,20,1,0,0,0,0,0,0,0,0,0,1,0,1,19,1499,214
5970,B1,1,1,2,1,0,0,0,0,0,0,0,0,0,1,0,1,15,769,27
5970,B2,18,0,1,20,0,0,0,0,0,0,0,0,0,1,0,1,5,190,5
5970,C1,20,1,6,0,0,0,0,0,0,0,0,0,0,1,0,2,16,1727,97
5985,A1,1,17,0,11,0,0,0,0,0,0,0,0,0,1,0,2,16,943,121
5985,B0,0,20,20,1,0,0,0,0,0,0,0,0,0,1,0,1,19,1499,214
5985,B1,1,1,2,1,0,0,0,0,0,0,0,0,0,1,0,1,15,769,27
5985,B2,20,0,2,19,0,0,0,0,0,0,0,0,0,1,0,1,5,190,5
5985,C1,20,1,7,0,0,0,0,0,0,0,0,0,0,1,0,2,16,1727,97
6000,A1,1,18,0,10,0,0,0,0,0,0,0,0,1,0,1,2,16,943,121
6000,B0,0,20,20,1,0,0,0,0,0,0,0,0,0,0,1,1,19,1499,214
6000,B1,1,1,2,1,0,0,0,2,0,0,0,0,0,0,1,1,16,798,27
6000,B2,20,0,1,19,0,0,0,0,0,0,0,0,0,0,1,1,6,194,6
6000,C1,20,1,7,0,0,0,0,0,0,0,0,0,0,0,1,2,16,1727,97
6015,A1,1,20,0,11,0,0,0,0,0,0,0,0,0,0,1,2,16,943,121
6015,B0,0,20,20,1,0,0,0,0,0,0,0,0,0,0,1,1,19,1499,214
6015,B1,1,2,3,1,0,0,0,0,0,0,0,0,0,0,1,1,16,804,29
6015,B2,20,0,1,18,0,0,0,0,0,0,0,0,0,0,1,1,6,194,6
6015,C1,20,1,7,0,0,0,0,0,0,0,0,0,0,0,1,2,16,1727,97
6030,A1,1,18,0,11,0,0,0,0,0,0,0,0,0,1,0,2,16,943,121
6030,B0,0,20,20,1,0,0,0,0,0,0,0,0,0,1,0,1,19,1499,214
6030,B1,1,1,3,1,0,0,0,0,0,0,0,0,0,1,0,1,16,804,29
6030,B2,17,0,1,17,0,0,0,0,0,0,0,0,0,1,0,1,6,194,6
6030,C1,20,1,7,0,0,0,0,0,0,0,0,0,0,1,0,2,16,1727,97
6045,A1,1,19,0,11,0,0,0,0,0,0,0,0,0,1,0,2,16,943,121
6045,B0,0,20,20,1,0,0,0,0,0,0,0,0,0,1,0,1,19,1499,214
6045,B1,1,1,4,1,0,0,0,0,0,0,0,0,0,1,0,1,16,804,29
6045,B2,18,0,1,20,0,0,0,0,0,0,0,0,0,1,0,1,6,194,6
6045,C1,20,1,7,0,0,0,0,0,0,0,0,0,0,1,0,2,16,1727,97
6060,A1,1,19,0,10,0,0,0,0,0,0,0,0,0,0,1,2,16,943,121
6060,B0,0,20,20,1,0,0,0,0,0,0,0,0,0,0,1,1,19,1499,214
6060,B1,1,1,4,1,0,0,0,0,0,0,0,0,1,0,1,1,16,804,29
6060,B2,19,0,1,20,0,0,0,0,0,0,0,0,0,0,1,1,6,194,6
6060,C1,20,1,7,0,0,0,0,7,0,0,0,0,0,0,1,1,17,1744,97
6075,A1,2,20,0,10,0,0,0,0,0,0,0,0,0,0,1,2,16,943,121
6075,B0,0,20,20,2,0,0,0,0,0,0,0,0,0,0,1,1,19,1499,214
6075,B1,1,1,2,1,0,0,0,0,0,0,0,0,1,0,1,1,16,804,29
6075,B2,20,0,1,20,0,0,0,0,0,0,0,0,0,0,1,1,6,194,6
6075,C1,20,1,7,0,0,0,0,7,0,0,0,0,0,0,1,1,17,1774,97
6090,A1,2,19,0,10,0,0,0,0,0,0,0,0,0,1,0,2,16,943,121
6090,B0,0,20,20,1,0,0,0,0,0,0,0,0,0,1,0,1,19,1499,214
6090,B1,3,1,1,1,0,0,0,0,0,0,0,0,0,1,0,2,16,804,29
6090,B2,20,0,1,20,0,0,0,0,0,0,0,0,0,1,0,1,6,194,6
6090,C1,20,1,7,0,0,0,0,0,0,0,0,0,0,1,0,2,17,1774,104
6105,A1,1,19,0,10,0,0,0,0,0,0,0,0,0,1,0,2,16,943,121
6105,B0,0,20,20,1,0,0,0,0,0,0,0,0,0,1,0,1,19,1499,214
6105,B1,1,1,1,2,0,0,0,0,0,0,0,0,0,1,0,1,16,804,29
6105,B2,18,0,1,20,0,0,0,0,0,0,0,0,0,1,0,1,6,194,6
6105,C1,20,1,7,0,0,0,0,0,0,0,0,0,0,1,0,2,17,1774,104
6120,A1,2,20,0,10,0,0,0,0,10,0,0,0,0,0,1,1,17,948,121
6120,B0,0,20,20,1,0,0,0,0,0,0,0,0,0,0,1,1,19,1499,214
6120,B1,1,1,1,2,0,0,0,0,0,0,0,1,0,0,1,1,16,804,29
6120,B2,18,0,1,19,0,0,0,0,0,0,0,0,0,0,1,1,6,194,6
6120,C1,19,1,7,0,0,0,0,0,0,0,0,0,0,0,1,2,17,1774,104
6135,A1,1,20,0,10,0,0,0,0,10,0,0,0,0,0,1,1,17,978,121
6135,B0,0,20,20,1,0,0,0,0,0,0,0,0,0,0,1,1,19,1499,214
6135,B1,1,1,1,1,0,0,0,0,0,0,0,1,0,0,1,1,16,804,29
6135,B2,20,0,1,17,0,0,0,0,0,0,0,0,0,0,1,1,6,194,6
6135,C1,20,2,5,0,0,0,0,0,0,0,0,0,0,0,1,2,17,1774,104
6150,A1,2,20,0,10,0,0,0,0,10,0,0,0,0,0,1,1,17,1008,121
6150,B0,0,20,20,1,0,0,0,0,0,0,0,0,0,0,1,1,19,1499,214
6150,B1,1,2,1,1,0,0,0,0,0,0,0,1,0,0,1,2,16,804,29
6150,B2,20,0,1,19,0,0,0,0,0,0,0,0,0,0,1,1,6,194,6
6150,C1,20,2,4,0,0,0,0,0,0,0,0,0,0,0,1,2,17,1774,104
6165,A1,1,20,0,10,0,0,0,0,10,0,0,0,0,1,0,1,17,1038,121
6165,B0,0,20,20,1,0,0,0,0,0,0,0,0,0,1,0,1,19,1499,214
6165,B1,1,1,1,1,0,0,0,0,0,0,0,1,0,1,0,1,16,804,29
6165,B2,18,0,1,19,0,0,0,0,0,0,0,0,0,1,0,1,6,194,6
6165,C1,19,1,4,0,0,0,0,0,0,0,0,0,0,1,0,2,17,1774,104
6180,A1,1,20,0,10,0,0,0,0,10,0,0,0,0,1,0,1,17,1068,121
6180,B0,0,20,20,3,0,0,0,0,0,0,0,0,0,1,0,1,19,1499,214
6180,B1,1,1,1,1,0,0,0,0,0,0,0,1,0,1,0,1,16,804,29
6180,B2,19,0,1,20,0,0,0,0,0,0,0,0,0,1,0,1,6,194,6
6180,C1,19,1,4,0,0,0,0,0,0,0,0,0,0,1,0,2,17,1774,104
6195,A1,1,20,0,10,0,0,0,0,0,0,0,0,0,0,1,2,17,1078,131
6195,B0,0,20,20,1,0,0,0,0,0,0,0,0,0,0,1,1,19,1499,214
6195,B1,1,1,1,1,0,0,0,0,0,0,0,0,0,0,1,1,16,804,29
6195,B2,20,0,1,20,0,0,0,0,0,0,0,0,0,0,1,1,6,194,6
6195,C1,19,1,4,0,0,0,0,0,0,0,0,0,0,0,1,2,17,1774,104
6210,A1,1,20,0,11,0,0,0,0,0,0,0,0,0,0,1,2,17,1078,131
6210,B0,0,20,20,1,0,0,0,0,0,0,0,0,0,0,1,1,19,1499,214
6210,B1,1,1,1,1,0,0,0,0,0,0,0,0,0,0,1,1,16,804,29
6210,B2,20,0,2,20,0,0,0,0,0,0,0,0,0,0,1,1,6,194,6
6210,C1,20,2,4,0,0,0,0,0,0,0,0,0,0,0,1,2,17,1774,104
6225,A1,1,20,0,11,0,0,0,0,0,0,0,0,0,1,0,2,17,1078,131
6225,B0,0,19,20,2,0,0,0,0,0,0,0,0,0,1,0,1,19,1499,214
6225,B1,1,1,1,1,0,0,0,0,0,0,0,0,0,1,0,1,16,804,29
6225,B2,19,0,1,20,0,0,0,0,0,0,0,0,0,1,0,1,6,194,6
6225,C1,20,3,4,0,0,0,0,0,0,0,0,0,0,1,0,2,17,1774,104
6240,A1,1,20,0,11,0,0,0,0,0,0,0,0,0,1,0,2,17,1078,131
6240,B0,0,18,19,3,0,0,0,0,0,0,0,0,0,1,0,1,19,1499,214
6240,B1,1,1,1,2,0,0,0,0,0,0,0,0,0,1,0,1,16,804,29
6240,B2,20,0,1,20,0,0,0,0,0,0,0,0,0,1,0,1,6,194,6
6240,C1,18,1,4,0,0,0,0,0,0,0,0,0,0,1,0,2,17,1774,104
6255,A1,2,20,0,11,0,0,0,0,0,0,0,0,0,0,1,2,17,1078,131
6255,B0,0,20,18,2,0,0,0,0,0,0,0,0,0,0,1,1,19,1499,214
6255,B1,1,1,1,3,0,0,0,0,0,0,0,0,0,0,1,1,16,804,29
6255,B2,20,0,1,20,0,0,0,1,0,0,0,0,0,0,1,1,7,206,6
6255,C1,18,1,4,0,0,0,0,0,0,0,0,0,0,0,1,2,17,1774,104
6270,A1,2,20,0,12,0,0,0,0,0,0,0,0,0,0,1,2,17,1078,131
6270,B0,0,20,18,2,0,0,0,0,0,0,0,0,0,0,1,1,19,1499,214
6270,B1,2,1,1,1,0,0,0,0,0,0,0,0,0,0,1,2,16,804,29
6270,B2,20,0,1,20,0,0,0,0,0,0,0,0,0,0,1,1,7,216,7
6270,C1,19,2,3,0,0,0,0,0,0,0,0,0,0,0,1,2,17,1774,104
6285,A1,2,20,0,12,0,1,0,0,0,0,0,0,0,1,0,2,18,1084,131
6285,B0,0,19,19,3,0,0,18,0,0,0,0,0,0,1,0,2,20,1504,214
6285,B1,1,1,1,1,0,0,0,0,0,1,1,0,0,1,0,1,17,805,30
6285,B2,20,0,1,20,0,20,0,0,0,0,0,0,0,1,0,2,8,221,7
6285,C1,20,2,3,0,0,0,0,0,0,0,0,0,0,1,0,2,17,1774,104
6300,A1,1,20,0,12,0,0,0,0,0,0,0,0,0,1,0,2,18,1086,133
6300,B0,0,17,20,1,0,0,0,0,0,0,0,0,0,1,0,1,20,1510,233
6300,B1,1,1,1,1,0,0,0,0,0,0,0,0,0,1,0,1,17,805,30
6300,B2,20,0,1,20,0,0,0,0,0,0,0,0,0,1,0,1,8,221,27
6300,C1,18,1,3,0,0,0,0,0,0,0,0,0,0,1,0,2,17,1774,104
6315,A1,1,20,0,12,0,0,0,0,0,0,0,0,0,1,0,2,18,1086,133
6315,B0,0,20,20,2,0,0,0,0,0,0,0,0,0,1,0,1,20,1510,233
6315,B1,1,1,1,3,0,0,0,0,0,0,0,0,0,1,0,1,17,805,30
6315,B2,20,0,2,20,0,0,0,0,0,0,0,0,0,1,0,1,8,221,27
6315,C1,14,1,3,0,0,0,0,0,0,0,0,0,0,1,0,2,17,1774,104
6330,A1,1,20,0,12,0,0,0,0,12,0,0,0,0,0,1,1,19,1115,133
6330,B0,0,20,20,1,0,0,0,0,0,0,0,0,0,0,1,1,20,1510,233
6330,B1,1,1,1,5,0,0,0,0,0,0,0,1,0,0,1,1,18,809,31
6330,B2,20,0,1,20,0,0,0,0,0,0,0,0,0,0,1,1,8,221,27
6330,C1,17,1,3,0,0,0,0,0,0,0,0,0,0,0,1,2,17,1774,104
6345,A1,1,20,0,12,0,0,0,0,0,0,0,0,0,0,1,2,19,1131,145
6345,B0,0,20,20,3,0,0,0,0,0,0,0,0,0,0,1,1,20,1510,233
6345,B1,1,1,1,2,0,0,0,0,0,0,0,0,0,0,1,1,18,809,31
6345,B2,20,0,1,20,0,0,0,0,0,0,0,0,0,0,1,1,8,221,27
6345,C1,20,1,3,0,0,0,0,0,0,0,0,0,0,0,1,2,17,1774,104
6360,A1,1,20,0,12,0,0,0,0,0,0,0,0,0,1,0,2,19,1131,145
6360,B0,0,18,19,4,0,0,0,0,0,0,0,0,0,1,0,1,21,1529,253
6360,B1,1,1,1,2,0,0,0,0,0,0,0,0,0,1,0,1,18,809,31
6360,B2,20,0,2,20,0,0,0,0,0,0,0,0,0,1,0,1,8,221,27
6360,C1,15,1,3,0,0,0,0,0,0,0,0,0,0,1,0,2,17,1774,104
6375,A1,1,19,0,12,0,0,0,0,0,0,0,0,0,1,0,2,19,1131,145
6375,B0,0,18,20,6,0,0,0,0,0,0,0,0,0,1,0,1,21,1529,253
6375,B1,1,1,1,1,0,0,0,0,0,0,0,0,0,1,0,1,18,809,31
6375,B2,20,0,1,20,0,0,0,0,0,0,0,0,0,1,0,1,8,221,27
6375,C1,14,2,3,0,0,0,0,0,0,0,0,0,0,1,0,2,17,1774,104
6390,A1,1,18,0,9,0,0,0,0,0,0,0,0,1,0,1,2,19,1131,145
6390,B0,0,20,18,2,0,0,0,0,0,0,0,0,0,0,1,1,21,1529,253
6390,B1,1,1,1,3,0,0,0,1,0,0,0,0,0,0,1,1,19,826,31
6390,B2,20,0,1,20,0,0,0,0,0,0,0,0,0,0,1,1,8,221,27
6390,C1,19,2,3,0,0,0,0,0,0,0,0,0,0,0,1,2,17,1774,104
6405,A1,1,20,0,10,0,0,0,0,0,0,0,0,0,0,1,2,19,1131,145
6405,B0,0,20,19,1,0,0,0,0,0,0,0,0,0,0,1,1,21,1529,253
6405,B1,1,1,1,1,0,0,0,0,0,0,0,0,0,0,1,1,19,836,32
6405,B2,20,0,1,20,0,0,0,0,0,0,0,0,0,0,1,1,8,221,27
6405,C1,19,2,3,0,0,0,0,0,0,0,0,0,0,0,1,2,17,1774,104
6420,A1,1,20,0,12,0,0,0,0,0,0,0,0,0,1,0,2,19,1131,145
6420,B0,0,19,20,1,0,0,0,0,0,0,0,0,0,1,0,1,21,1529,253
6420,B1,1,1,1,1,0,0,0,0,0,0,0,0,0,1,0,1,19,836,32
6420,B2,20,0,2,20,0,0,0,0,0,0,0,0,0,1,0,1,8,221,27
6420,C1,19,1,3,0,0,0,0,0,0,0,0,0,0,1,0,2,17,1774,104
6435,A1,2,19,0,12,0,0,0,0,0,0,0,0,0,1,0,2,19,1131,145
6435,B0,0,16,20,1,0,0,0,0,0,0,0,0,0,1,0,1,21,1529,253
6435,B1,1,1,1,2,0,0,0,0,0,0,0,0,0,1,0,1,19,836,32
6435,B2,20,0,2,20,0,0,0,0,0,0,0,0,0,1,0,1,8,221,27
6435,C1,19,1,3,0,0,0,0,0,0,0,0,0,0,1,0,2,17,1774,104
6450,A1,1,20,0,12,0,0,0,0,0,0,0,0,0,0,1,2,19,1131,145
6450,B0,0,16,19,1,0,0,0,0,0,0,0,0,0,0,1,1,21,1529,253
6450,B1,1,1,1,1,0,0,0,0,0,0,0,0,0,0,1,1,19,836,32
6450,B2,20,0,2,20,0,0,0,0,0,0,0,0,0,0,1,1,8,221,27
6450,C1,19,1,3,0,0,0,0,0,0,0,0,0,0,0,1,2,17,1774,104
6465,A1,2,20,0,12,0,0,0,0,0,0,0,0,0,0,1,2,19,1131,145
6465,B0,0,18,19,1,0,0,0,0,0,0,0,0,0,0,1,1,21,1529,253
6465,B1,1,1,2,1,0,0,0,0,0,0,0,0,0,0,1,1,19,836,32
6465,B2,20,0,1,20,0,0,0,0,0,0,0,0,0,0,1,1,8,221,27
6465,C1,19,1,3,0,0,0,0,0,0,0,0,0,0,0,1,2,17,1774,104
6480,A1,1,20,0,11,0,0,0,0,0,0,0,0,0,0,1,2,19,1131,145
6480,B0,0,18,18,1,0,0,0,0,0,0,0,0,0,0,1,1,21,1529,253
6480,B1,1,1,2,1,0,0,0,0,0,0,0,0,0,0,1,1,19,836,32
6480,B2,20,0,1,20,0,0,0,0,0,0,0,0,0,0,1,1,8,221,27
6480,C1,19,1,3,0,0,0,0,0,0,0,0,0,0,0,1,2,17,1774,104
6495,A1,1,20,0,11,0,0,0,0,0,0,0,0,0,1,0,2,19,1131,145
6495,B0,0,13,19,1,0,0,11,0,0,0,0,0,0,1,0,2,22,1558,253
6495,B1,1,1,2,1,0,0,0,0,0,1,0,0,0,1,0,1,19,836,32
6495,B2,20,0,1,19,0,0,0,0,0,0,0,0,0,1,0,1,8,221,27
6495,C1,19,1,3,0,0,0,1,0,0,0,0,0,0,1,0,2,18,1804,104
6510,A1,1,20,0,11,0,0,0,0,0,0,0,0,0,1,0,2,19,1131,145
6510,B0,0,13,20,1,0,0,11,0,0,0,0,0,0,1,0,2,22,1588,253
6510,B1,1,1,2,1,0,0,0,0,0,1,0,0,0,1,0,1,19,836,32
6510,B2,19,0,2,20,0,0,0,0,0,0,0,0,0,1,0,1,8,221,27
6510,C1,19,2,4,0,0,0,0,0,0,0,0,0,0,1,0,2,18,1826,105
6525,A1,1,19,0,9,0,0,0,0,9,0,0,0,1,0,1,1,20,1154,145
6525,B0,0,13,17,1,0,0,13,0,0,0,0,0,0,0,1,2,22,1618,253
6525,B1,1,1,2,1,0,0,0,2,0,1,0,1,0,0,1,1,20,859,32
6525,B2,20,0,1,18,0,0,0,0,0,0,0,0,0,0,1,1,8,221,27
6525,C1,19,3,4,0,0,0,0,0,0,0,0,0,0,0,1,2,18,1826,105
6540,A1,1,20,0,9,0,0,0,0,0,0,0,0,1,0,1,2,20,1176,156
6540,B0,0,13,18,1,0,0,13,0,0,0,0,0,0,0,1,2,22,1648,253
6540,B1,1,1,3,1,0,0,0,2,0,1,0,0,0,0,1,1,20,889,32
6540,B2,20,0,1,15,0,0,0,0,0,0,0,0,0,0,1,1,8,221,27
6540,C1,19,3,4,0,0,0,0,0,0,0,0,0,0,0,1,2,18,1826,105
6555,A1,1,19,0,9,0,0,0,0,0,0,0,0,1,1,0,2,20,1176,156
6555,B0,0,13,20,1,0,0,13,0,0,0,0,0,0,1,0,2,22,1678,253
6555,B1,1,1,3,1,0,0,0,2,0,1,0,0,0,1,0,1,20,919,32
6555,B2,19,0,1,18,0,0,0,0,0,0,0,0,0,1,0,1,8,221,27
6555,C1,19,1,4,0,0,0,0,0,0,0,0,0,0,1,0,2,18,1826,105
6570,A1,2,19,0,10,0,0,0,0,0,0,0,0,0,1,0,2,20,1176,156
6570,B0,0,13,20,1,0,0,13,0,0,0,0,0,0,1,0,2,22,1708,253
6570,B1,1,1,3,1,0,0,0,0,0,1,0,0,0,1,0,1,20,945,34
6570,B2,20,0,1,20,0,0,0,0,0,0,0,0,0,1,0,1,8,221,27
6570,C1,19,2,4,0,0,0,0,0,0,0,0,0,0,1,0,2,18,1826,105
6585,A1,1,19,0,10,0,0,0,0,0,0,0,0,0,0,1,2,20,1176,156
6585,B0,0,14,20,1,0,0,0,0,0,0,0,0,0,0,1,1,22,1716,271
6585,B1,1,1,2,1,0,0,0,0,0,0,0,0,0,0,1,1,20,945,34
6585,B2,20,0,1,19,0,0,0,0,0,0,0,0,0,0,1,1,8,221,27
6585,C1,19,1,4,0,0,0,0,0,0,0,0,0,0,0,1,2,18,1826,105
6600,A1,1,20,0,9,0,0,0,0,0,0,0,0,0,0,1,2,20,1176,156
6600,B0,0,14,20,1,0,0,0,0,0,0,0,0,0,0,1,1,22,1716,271
6600,B1,1,1,1,1,0,0,0,0,0,0,0,0,0,0,1,1,20,945,34
6600,B2,20,0,1,19,0,0,0,0,0,0,0,0,0,0,1,1,8,221,27
6600,C1,19,2,3,0,0,0,0,0,0,0,0,0,0,0,1,2,18,1826,105
6615,A1,1,20,0,9,0,1,0,0,0,0,0,0,0,1,0,2,21,1182,156
6615,B0,0,15,20,2,0,0,0,0,0,0,0,0,0,1,0,1,22,1716,271
6615,B1,1,1,1,1,0,0,0,0,0,0,0,0,0,1,0,1,20,945,34
6615,B2,20,0,1,20,0,0,0,0,0,0,0,0,0,1,0,1,8,221,27
6615,C1,19,1,4,0,0,0,0,0,0,0,0,0,0,1,0,2,18,1826,105
6630,A1,1,19,0,9,0,0,0,0,0,0,0,0,0,1,0,2,21,1210,157
6630,B0,0,15,20,3,0,0,0,0,0,0,0,0,0,1,0,1,22,1716,271
6630,B1,1,1,1,1,0,0,0,0,0,0,0,0,0,1,0,1,20,945,34
6630,B2,20,0,1,20,0,0,0,0,0,0,0,0,0,1,0,1,8,221,27
6630,C1,16,1,4,0,0,0,0,0,0,0,0,0,0,1,0,2,18,1826,105
6645,A1,1,19,0,9,0,0,0,0,0,0,0,0,0,1,0,2,21,1210,157
6645,B0,0,15,20,3,0,0,0,0,0,0,0,0,0,1,0,1,22,1716,271
6645,B1,1,1,1,1,0,0,0,0,0,0,0,0,0,1,0,1,20,945,34
6645,B2,20,0,1,20,0,0,0,0,0,0,0,0,0,1,0,1,8,221,27
6645,C1,16,1,5,0,0,0,0,0,0,0,0,0,0,1,0,2,18,1826,105
6660,A1,1,19,0,7,0,0,0,0,7,0,0,0,0,0,1,1,22,1239,157
6660,B0,0,15,20,1,0,0,0,0,0,0,0,0,0,0,1,1,22,1716,271
6660,B1,1,1,1,1,0,0,0,0,0,0,0,1,1,0,1,2,20,945,34
6660,B2,20,0,1,20,0,0,0,0,0,0,0,0,0,0,1,1,8,221,27
6660,C1,17,1,2,0,0,0,0,1,0,0,0,0,0,0,1,1,19,1855,105
6675,A1,1,20,0,8,0,0,0,0,7,0,0,0,0,0,1,1,22,1269,157
6675,B0,0,15,20,2,0,0,0,0,0,0,0,0,0,0,1,1,22,1716,271
6675,B1,1,1,1,1,0,0,0,0,0,0,0,1,0,0,1,1,20,945,34
6675,B2,20,0,1,20,0,0,0,0,0,0,0,0,0,0,1,1,8,221,27
6675,C1,19,1,1,0,0,0,0,0,0,0,0,0,0,0,1,2,19,1858,109
6690,A1,1,20,0,9,0,0,0,0,7,0,0,0,1,1,0,1,22,1299,157
6690,B0,0,15,20,1,0,0,0,0,0,0,0,0,0,1,0,1,22,1716,271
6690,B1,1,1,1,1,0,0,0,1,0,0,0,1,0,1,0,1,21,968,34
6690,B2,19,0,1,20,0,0,0,0,0,0,0,0,0,1,0,1,8,221,27
6690,C1,17,1,1,0,0,0,1,0,0,0,0,0,0,1,0,2,20,1882,109
6705,A1,1,20,0,9,0,0,0,0,7,0,0,0,0,1,0,1,22,1329,157
6705,B0,0,15,20,1,0,0,0,0,0,0,0,0,0,1,0,1,22,1716,271
6705,B1,1,1,1,1,0,0,0,0,0,0,0,1,0,1,0,1,21,982,35
6705,B2,19,0,1,20,0,0,0,0,0,0,0,0,0,1,0,1,8,221,27
6705,C1,18,1,1,0,0,0,0,0,0,0,0,0,0,1,0,2,20,1908,110
6720,A1,2,20,0,9,0,0,0,0,9,0,0,0,0,0,1,1,22,1359,157
6720,B0,0,15,20,1,0,0,0,0,0,0,0,0,0,0,1,1,22,1716,271
6720,B1,1,1,1,1,0,0,0,0,0,0,0,1,0,0,1,1,21,982,35
6720,B2,19,0,1,20,0,0,0,0,0,0,0,0,0,0,1,1,8,221,27
6720,C1,18,2,1,0,0,0,0,0,0,0,0,0,0,0,1,2,20,1908,110
6735,A1,2,20,0,10,0,0,0,0,9,0,0,0,0,0,1,1,22,1389,157
6735,B0,0,15,20,1,0,0,0,0,0,0,0,0,0,0,1,1,22,1716,271
6735,B1,1,1,1,1,0,0,0,0,0,0,0,1,0,0,1,1,21,982,35
6735,B2,19,0,1,20,0,0,0,0,0,0,0,0,0,0,1,1,8,221,27
6735,C1,19,2,2,0,0,0,0,0,0,0,0,0,0,0,1,2,20,1908,110
6750,A1,1,20,0,10,0,0,0,0,0,0,0,0,0,1,0,2,22,1393,168
6750,B0,0,15,19,1,0,0,14,0,0,0,0,0,0,1,0,2,23,1727,271
6750,B1,1,1,1,1,0,0,0,0,0,1,0,0,0,1,0,1,21,982,35
6750,B2,19,0,1,20,0,0,0,0,0,0,0,0,0,1,0,1,8,221,27
6750,C1,19,1,2,0,0,0,0,0,0,0,0,0,0,1,0,2,20,1908,110
6765,A1,1,20,0,10,0,0,0,0,0,0,0,0,0,1,0,2,22,1393,168
6765,B0,0,12,20,1,0,0,11,0,0,0,0,0,0,1,0,2,23,1757,271
6765,B1,1,1,1,1,0,0,0,0,0,1,0,0,0,1,0,1,21,982,35
6765,B2,18,0,1,20,0,0,0,0,0,0,0,0,0,1,0,1,8,221,27
6765,C1,19,1,2,0,0,0,0,0,0,0,0,0,0,1,0,2,20,1908,110
6780,A1,1,20,0,10,0,0,0,0,0,0,0,0,0,0,1,2,22,1393,168
6780,B0,0,11,19,1,0,0,10,0,0,0,0,0,0,0,1,2,23,1787,271
6780,B1,1,1,1,1,0,0,0,0,0,1,0,0,0,0,1,1,22,983,36
6780,B2,19,0,1,20,0,0,0,0,0,0,0,0,0,0,1,1,8,221,27
6780,C1,19,1,2,0,0,0,0,0,0,0,0,0,0,0,1,2,20,1908,110
6795,A1,2,20,0,10,0,0,0,0,0,0,0,0,0,0,1,2,22,1393,168
6795,B0,0,11,19,1,0,0,10,0,0,0,0,0,0,0,1,2,23,1817,271
6795,B1,1,1,1,1,0,0,0,0,0,1,0,0,0,0,1,1,22,983,36
6795,B2,20,0,1,20,0,0,0,0,0,0,0,0,0,0,1,1,8,221,27
6795,C1,19,1,2,0,0,0,0,0,0,0,0,0,0,0,1,2,20,1908,110
6810,A1,1,20,0,10,0,0,0,0,0,0,0,0,0,0,1,2,22,1393,168
6810,B0,0,12,19,1,0,0,10,0,0,0,0,0,0,0,1,2,23,1847,271
6810,B1,1,1,1,1,0,0,0,0,0,1,0,0,0,0,1,1,22,983,36
6810,B2,20,0,1,20,0,0,0,0,0,0,0,0,0,0,1,1,8,221,27
6810,C1,19,1,2,0,0,0,0,0,0,0,0,0,0,0,1,2,20,1908,110
6825,A1,1,20,0,10,0,0,0,0,0,0,0,0,0,1,0,2,22,1393,168
6825,B0,0,11,19,1,0,0,10,0,0,0,0,0,0,1,0,2,23,1877,271
6825,B1,1,1,1,1,0,0,0,0,0,1,0,0,0,1,0,1,22,983,36
6825,B2,20,0,1,20,0,0,0,0,0,0,0,0,0,1,0,1,8,221,27
6825,C1,19,1,2,0,0,0,0,0,0,0,0,0,0,1,0,2,21,1922,111
6840,A1,1,20,0,10,0,0,0,0,0,0,0,0,0,1,0,2,22,1393,168
6840,B0,0,10,20,2,0,0,9,0,0,0,0,0,0,1,0,2,23,1907,271
6840,B1,1,1,1,1,0,0,0,0,0,1,0,0,0,1,0,1,22,983,36
6840,B2,20,0,1,20,0,0,0,0,0,0,0,0,0,1,0,1,8,221,27
6840,C1,19,1,2,0,0,0,0,0,0,0,0,0,0,1,0,2,21,1922,111
6855,A1,1,20,0,10,0,0,0,0,10,0,0,0,1,0,1,1,23,1416,168
6855,B0,0,10,20,1,0,0,10,0,0,0,0,0,0,0,1,2,23,1937,271
6855,B1,1,1,1,2,0,0,0,1,0,1,0,1,1,0,1,1,23,1006,36
6855,B2,20,0,1,20,0,0,0,0,0,0,0,0,0,0,1,1,8,221,27
6855,C1,19,2,2,0,0,0,0,2,0,0,0,0,0,0,1,1,22,1945,111
6870,A1,1,20,0,9,0,0,0,0,9,0,0,0,0,0,1,1,23,1446,168
6870,B0,0,10,20,2,0,0,10,0,0,0,0,0,0,0,1,2,23,1967,271
6870,B1,1,1,1,1,0,0,0,0,0,1,0,1,1,0,1,2,23,1024,37
6870,B2,20,0,2,20,0,0,0,0,0,0,0,0,0,0,1,1,8,221,27
6870,C1,19,1,2,0,0,0,0,2,0,0,0,0,0,0,1,1,22,1975,111
6885,A1,1,20,0,9,0,0,0,0,0,0,0,0,0,1,0,2,23,1474,178
6885,B0,0,10,20,1,0,0,10,0,0,0,0,0,0,1,0,2,23,1997,271
6885,B1,1,1,1,1,0,0,0,0,0,1,0,0,1,1,0,1,23,1024,37
6885,B2,20,0,1,20,0,0,0,0,0,0,0,0,0,1,0,1,8,221,27
6885,C1,19,1,2,0,0,0,0,2,0,0,0,0,0,1,0,1,22,2005,111
6900,A1,1,20,0,9,0,0,0,0,0,0,0,0,0,1,0,2,23,1474,178
6900,B0,0,12,20,1,0,0,10,0,0,0,0,0,0,1,0,2,23,2027,271
6900,B1,1,1,2,1,0,0,0,0,0,1,0,0,1,1,0,1,23,1024,37
6900,B2,20,0,1,19,0,0,0,0,0,0,0,0,0,1,0,1,8,221,27
6900,C1,19,1,2,0,0,0,0,2,0,0,0,0,0,1,0,1,22,2035,111
6915,A1,1,19,0,8,0,0,0,0,0,0,0,0,0,0,1,2,23,1474,178
6915,B0,0,12,20,1,0,0,10,0,0,0,0,0,0,0,1,2,23,2057,271
6915,B1,1,1,1,1,0,0,0,0,0,1,0,0,1,0,1,1,23,1024,37
6915,B2,20,0,1,18,0,0,0,1,0,0,0,0,0,0,1,1,9,233,27
6915,C1,19,2,2,0,0,0,0,2,0,0,0,0,0,0,1,1,22,2065,111
6930,A1,1,20,0,8,0,0,0,0,0,0,0,0,0,0,1,2,23,1474,178
6930,B0,0,12,20,1,0,0,10,0,0,0,0,0,0,0,1,2,23,2087,271
6930,B1,1,1,1,1,0,0,0,0,0,1,0,0,1,0,1,1,23,1024,37
6930,B2,20,0,1,19,0,0,0,1,0,0,0,0,0,0,1,1,9,263,27
6930,C1,19,2,4,0,0,0,0,2,0,0,0,0,0,0,1,1,22,2095,111
6945,A1,1,20,0,7,0,0,0,0,0,0,0,0,0,1,0,2,23,1474,178
6945,B0,0,13,20,1,0,0,12,0,0,0,0,0,0,1,0,2,23,2117,271
6945,B1,1,2,1,1,0,0,0,0,0,1,0,0,1,1,0,2,23,1024,37
6945,B2,20,0,1,19,0,0,0,1,0,0,0,0,0,1,0,1,9,293,27
6945,C1,19,1,4,0,0,0,1,2,0,0,0,0,0,1,0,2,23,2131,111
6960,A1,1,20,0,7,0,0,0,0,0,0,0,0,0,1,0,2,23,1474,178
6960,B0,0,13,20,1,0,0,12,0,0,0,0,0,0,1,0,2,23,2147,271
6960,B1,1,1,1,1,0,0,0,0,0,1,0,0,1,1,0,1,23,1024,37
6960,B2,20,0,1,19,0,0,0,1,0,0,0,0,0,1,0,1,9,323,27
6960,C1,19,1,4,0,0,0,1,2,0,0,0,0,0,1,0,2,23,2191,111
6975,A1,1,20,0,7,0,0,0,0,0,0,0,0,0,1,0,2,23,1474,178
6975,B0,0,14,20,1,0,0,12,0,0,0,0,0,0,1,0,2,23,2177,271
6975,B1,1,1,1,1,0,0,0,0,0,1,0,0,0,1,0,1,23,1024,37
6975,B2,20,0,1,19,0,0,0,0,0,0,0,0,0,1,0,1,9,325,28
6975,C1,19,1,4,0,0,0,1,0,0,0,0,0,0,1,0,2,23,2223,113
6990,A1,3,20,0,8,0,0,0,0,0,0,0,0,0,0,1,2,23,1474,178
6990,B0,0,14,20,1,1,0,0,0,0,0,0,0,0,0,1,0,23,2177,290
6990,B1,1,1,1,1,0,0,0,0,0,0,0,0,0,0,1,1,23,1024,37
6990,B2,20,0,1,19,0,0,0,0,0,0,0,0,0,0,1,1,9,325,28
6990,C1,18,1,4,0,0,0,1,0,0,0,0,0,0,0,1,2,23,2253,113
7005,A1,1,20,0,9,0,0,0,0,0,0,0,0,0,0,1,2,23,1474,178
7005,B0,0,15,20,1,1,0,0,0,0,0,0,0,0,0,1,0,23,2177,290
7005,B1,1,1,1,1,0,0,0,0,0,0,0,0,0,0,1,1,23,1024,37
7005,B2,20,0,1,19,0,0,0,0,0,0,0,0,0,0,1,1,9,325,28
7005,C1,18,1,4,0,0,0,1,0,0,0,0,0,0,0,1,2,23,2283,113
7020,A1,1,20,0,9,0,0,0,0,0,0,0,0,0,1,0,2,23,1474,178
7020,B0,0,15,20,1,0,0,0,0,0,0,0,0,0,1,0,1,23,2177,290
7020,B1,1,1,1,1,0,0,0,0,0,0,0,0,0,1,0,1,23,1024,37
7020,B2,20,0,1,19,0,0,0,0,0,0,0,0,0,1,0,1,9,325,28
7020,C1,17,1,4,0,0,0,1,0,0,0,0,0,0,1,0,2,23,2313,113
7035,A1,1,20,0,9,0,0,0,0,0,0,0,0,0,1,0,2,23,1474,178
7035,B0,0,15,20,2,0,0,0,0,0,0,0,0,0,1,0,1,23,2177,290
7035,B1,1,1,1,2,0,0,0,0,0,0,0,0,0,1,0,1,23,1024,37
7035,B2,20,0,2,19,0,0,0,0,0,0,0,0,0,1,0,1,9,325,28
7035,C1,15,1,3,0,0,0,0,0,0,0,0,0,0,1,0,2,23,2331,115
7050,A1,1,20,0,9,0,0,0,0,9,0,0,0,0,0,1,1,24,1491,178
7050,B0,0,15,20,1,0,0,0,0,0,0,0,0,0,0,1,1,23,2177,290
7050,B1,1,1,1,1,0,0,0,0,0,0,0,1,0,0,1,1,23,1024,37
7050,B2,20,0,1,19,0,0,0,0,0,0,0,0,0,0,1,1,9,325,28
7050,C1,16,1,2,0,0,0,0,0,0,0,0,0,0,0,1,2,23,2331,115
7065,A1,1,20,0,9,0,0,0,0,0,0,0,0,0,0,1,2,24,1511,187
7065,B0,0,15,20,1,0,0,0,0,0,0,0,0,0,0,1,1,23,2177,290
7065,B1,1,1,1,1,0,0,0,0,0,0,0,0,0,0,1,1,23,1024,37
7065,B2,20,0,1,19,0,0,0,0,0,0,0,0,0,0,1,1,9,325,28
7065,C1,19,1,2,0,0,0,0,0,0,0,0,0,0,0,1,2,23,2331,115
7080,A1,1,20,0,9,1,0,0,0,0,0,0,0,0,1,0,0,24,1511,187
7080,B0,0,15,20,1,0,0,15,0,0,0,0,0,0,1,0,2,24,2188,290
7080,B1,1,1,1,1,0,0,0,0,0,1,0,0,0,1,0,1,23,1024,37
7080,B2,19,0,1,19,0,0,0,0,0,0,0,0,0,1,0,1,9,325,28
7080,C1,19,1,2,0,0,0,0,0,0,0,0,0,0,1,0,2,23,2331,115
7095,A1,1,20,0,11,0,0,0,0,0,0,0,0,0,1,0,2,24,1511,187
7095,B0,0,15,20,1,0,0,15,0,0,0,0,0,0,1,0,2,24,2218,290
7095,B1,1,1,1,1,0,0,0,0,0,1,0,0,0,1,0,1,23,1024,37
7095,B2,19,0,1,19,0,0,0,0,0,0,0,0,0,1,0,1,9,325,28
7095,C1,16,1,2,0,0,0,0,0,0,0,0,0,0,1,0,2,23,2331,115
7110,A1,1,20,0,11,0,0,0,0,0,0,0,0,0,0,1,2,24,1511,187
7110,B0,0,15,20,1,1,0,15,0,0,0,0,0,0,0,1,0,24,2248,290
7110,B1,1,1,1,3,0,0,0,0,0,1,0,0,0,0,1,1,23,1024,37
7110,B2,19,0,1,19,0,0,0,0,0,0,0,0,0,0,1,1,9,325,28
7110,C1,18,1,3,0,0,0,0,0,0,0,0,0,0,0,1,2,23,2331,115
7125,A1,1,20,0,11,0,0,0,0,0,0,0,0,0,0,1,2,24,1511,187
7125,B0,0,15,20,1,0,0,15,0,0,0,0,0,0,0,1,2,24,2278,290
7125,B1,1,1,1,1,0,0,0,0,0,1,0,0,0,0,1,1,23,1024,37
7125,B2,19,0,1,19,0,0,0,0,0,0,0,0,0,0,1,1,9,325,28
7125,C1,20,1,2,0,0,0,0,0,0,0,0,0,0,0,1,2,23,2331,115
7140,A1,1,20,0,12,0,0,0,0,0,0,0,0,0,0,1,2,24,1511,187
7140,B0,0,14,19,1,0,0,0,0,0,0,0,0,0,0,1,1,24,2282,305
7140,B1,1,1,1,1,0,0,0,0,0,0,0,0,0,0,1,1,23,1024,37
7140,B2,20,0,1,19,0,0,0,0,0,0,0,0,0,0,1,1,9,325,28
7140,C1,20,1,2,0,0,0,0,0,0,0,0,0,0,0,1,2,23,2331,115
7155,A1,1,20,0,12,0,0,0,0,0,0,0,0,0,1,0,2,24,1511,187
7155,B0,0,11,19,1,0,0,0,0,0,0,0,0,0,1,0,1,24,2282,305
7155,B1,1,1,1,1,0,0,0,0,0,0,0,0,0,1,0,1,23,1024,37
7155,B2,20,0,1,19,0,0,0,0,0,0,0,0,0,1,0,1,9,325,28
7155,C1,20,1,2,0,0,0,1,0,0,0,0,0,0,1,0,2,24,2361,115
7170,A1,1,20,0,12,0,0,0,0,0,0,0,0,0,1,0,2,24,1511,187
7170,B0,0,11,20,2,0,0,0,0,0,0,0,0,0,1,0,1,24,2282,305
7170,B1,1,1,1,1,0,0,0,0,0,0,0,0,0,1,0,1,23,1024,37
7170,B2,20,0,1,19,0,0,0,0,0,0,0,0,0,1,0,1,9,325,28
7170,C1,20,1,2,0,0,0,1,0,0,0,0,0,0,1,0,2,24,2391,115
7185,A1,1,20,0,12,0,0,0,0,0,0,0,0,0,0,1,2,24,1511,187
7185,B0,0,11,19,1,0,0,0,0,0,0,0,0,0,0,1,1,24,2282,305
7185,B1,1,1,1,1,0,0,0,0,0,0,0,0,1,0,1,1,23,1024,37
7185,B2,20,0,1,19,0,0,0,0,0,0,0,0,0,0,1,1,9,325,28
7185,C1,20,1,2,0,0,0,0,2,0,0,0,0,0,0,1,1,25,2428,116
7200,A1,2,20,0,12,0,0,0,0,0,0,0,0,0,0,1,2,24,1511,187
7200,B0,0,11,19,1,0,0,0,0,0,0,0,0,0,0,1,1,24,2282,305
7200,B1,1,1,1,1,0,0,0,0,0,0,0,0,1,0,1,1,23,1024,37
7200,B2,20,0,1,19,0,0,0,0,0,0,0,0,0,0,1,1,9,325,28
7200,C1,20,1,2,0,0,0,0,2,0,0,0,0,0,0,1,1,25,2458,116
7215,A1,1,20,0,12,0,0,0,0,0,0,0,0,0,1,0,2,25,1515,188
7215,B0,0,8,19,1,0,0,8,0,0,0,0,0,0,1,0,2,25,2299,305
7215,B1,1,1,1,1,0,0,0,0,0,1,0,0,1,1,0,1,23,1024,37
7215,B2,20,0,1,19,0,0,0,0,0,0,0,0,0,1,0,1,9,325,28
7215,C1,20,1,2,0,0,0,0,2,0,0,0,0,0,1,0,1,25,2488,116
7230,A1,2,20,0,12,0,0,0,0,0,0,0,0,0,1,0,2,25,1515,188
7230,B0,0,8,20,1,0,0,8,0,0,0,0,0,0,1,0,2,25,2329,305
7230,B1,1,1,2,1,0,0,0,0,0,1,0,0,1,1,0,1,23,1024,37
7230,B2,20,0,1,19,0,0,0,0,0,0,0,0,0,1,0,1,9,325,28
7230,C1,20,2,3,0,0,0,0,2,0,0,0,0,0,1,0,2,25,2518,116
7245,A1,1,19,0,11,0,0,0,0,11,0,0,0,0,0,1,1,26,1526,188
7245,B0,0,8,20,1,0,0,8,0,1,0,0,0,0,0,1,2,26,2371,305
7245,B1,1,1,1,1,0,0,0,0,0,1,0,1,1,0,1,2,23,1024,37
7245,B2,20,0,2,18,0,0,0,0,0,0,0,0,0,0,1,1,9,325,28
7245,C1,20,2,3,0,0,0,0,2,0,0,0,0,0,0,1,1,25,2548,116
7260,A1,1,19,0,9,0,0,0,0,9,0,0,0,0,0,1,1,26,1556,188
7260,B0,0,8,20,1,0,0,8,0,1,0,0,0,0,0,1,2,26,2431,305
7260,B1,1,1,1,1,0,0,0,0,0,1,0,1,0,0,1,1,23,1024,37
7260,B2,20,0,1,18,0,0,0,0,0,0,0,0,0,0,1,1,9,325,28
7260,C1,20,3,3,0,0,0,0,0,0,0,0,0,0,0,1,2,25,2570,118
7275,A1,1,20,0,9,0,0,0,0,9,0,0,0,0,1,0,1,26,1586,188
7275,B0,0,9,20,1,0,0,8,0,1,0,0,0,0,1,0,2,26,2491,305
7275,B1,1,2,1,1,0,0,0,0,0,1,0,1,0,1,0,2,23,1024,37
7275,B2,20,0,1,20,0,0,0,0,0,0,0,0,0,1,0,1,9,325,28
7275,C1,20,2,3,0,0,0,0,0,0,0,0,0,0,1,0,2,26,2574,119
7290,A1,1,20,0,9,0,0,0,0,9,0,0,0,0,1,0,1,26,1616,188
7290,B0,0,9,20,2,0,0,8,0,0,0,0,0,0,1,0,2,26,2521,306
7290,B1,1,1,1,1,0,0,0,0,0,1,0,1,0,1,0,1,23,1024,37
7290,B2,20,0,1,20,0,0,0,0,0,0,0,0,0,1,0,1,9,325,28
7290,C1,20,1,3,0,0,0,0,0,0,0,0,0,0,1,0,2,26,2574,119
7305,A1,1,20,0,9,0,0,0,0,9,0,0,0,0,1,0,1,26,1646,188
7305,B0,0,9,20,1,0,0,0,0,0,0,0,0,0,1,0,1,26,2549,317
7305,B1,1,1,1,1,0,0,0,0,0,0,0,1,0,1,0,1,23,1024,37
7305,B2,20,0,1,20,0,0,0,0,0,0,0,0,0,1,0,1,9,325,28
7305,C1,20,1,3,0,0,0,0,0,0,0,0,0,0,1,0,2,26,2574,119
7320,A1,1,20,0,7,0,0,0,0,6,0,0,0,0,0,1,1,26,1676,188
7320,B0,0,9,20,1,0,0,0,0,0,0,0,0,0,0,1,1,26,2549,317
7320,B1,1,1,1,1,0,0,0,0,0,0,0,1,1,0,1,2,23,1024,37
7320,B2,20,0,1,20,0,0,0,0,0,0,0,0,0,0,1,1,9,325,28
7320,C1,20,1,3,0,0,0,0,3,0,0,0,0,0,0,1,1,27,2603,119
7335,A1,1,20,0,8,0,0,0,0,6,0,0,0,0,0,1,1,26,1706,188
7335,B0,0,9,20,1,0,0,0,0,0,0,0,0,0,0,1,1,26,2549,317
7335,B1,1,1,1,1,0,0,0,0,0,0,0,1,1,0,1,2,23,1024,37
7335,B2,20,0,1,20,0,0,0,0,0,0,0,0,0,0,1,1,9,325,28
7335,C1,20,1,3,0,0,0,0,3,0,0,0,0,0,0,1,1,27,2633,119
7350,A1,1,19,0,8,0,0,0,0,6,0,0,0,0,1,0,1,26,1736,188
7350,B0,0,9,20,1,0,0,0,0,0,0,0,0,0,1,0,1,26,2549,317
7350,B1,1,1,1,1,0,0,0,0,0,0,0,1,1,1,0,2,23,1024,37
7350,B2,20,0,1,20,0,0,0,0,0,0,0,0,0,1,0,1,9,325,28
7350,C1,20,1,2,0,0,0,1,2,0,0,0,0,0,1,0,2,28,2687,119
7365,A1,1,20,0,8,0,0,0,0,6,0,0,0,0,1,0,1,26,1766,188
7365,B0,0,9,20,1,0,0,0,0,0,0,0,0,0,1,0,1,26,2549,317
7365,B1,1,1,1,1,0,0,0,0,0,0,0,1,1,1,0,2,23,1024,37
7365,B2,20,0,1,20,0,0,0,0,0,0,0,0,0,1,0,1,9,325,28
7365,C1,16,1,2,0,0,0,0,2,0,0,0,0,0,1,0,1,28,2727,120
7380,A1,1,20,0,8,0,0,0,0,8,0,0,0,0,0,1,1,26,1796,188
7380,B0,0,9,20,1,0,0,0,0,0,0,0,0,0,0,1,1,26,2549,317
7380,B1,1,1,1,1,0,0,0,0,0,0,0,1,0,0,1,1,23,1024,37
7380,B2,20,0,1,20,0,0,0,0,0,0,0,0,0,0,1,1,9,325,28
7380,C1,17,1,1,0,0,0,0,0,0,0,0,0,0,0,1,2,28,2751,123
7395,A1,3,20,0,8,0,0,0,0,8,0,0,0,0,0,1,1,26,1826,188
7395,B0,0,9,20,1,0,0,0,0,0,0,0,0,0,0,1,1,26,2549,317
7395,B1,1,1,1,1,0,0,0,0,0,0,0,1,0,0,1,1,23,1024,37
7395,B2,19,0,1,19,0,0,0,0,0,0,0,0,0,0,1,1,9,325,28
7395,C1,20,1,1,0,0,0,0,0,0,0,0,0,0,0,1,2,28,2751,123
7410,A1,1,20,0,8,0,0,0,0,8,0,0,0,0,1,0,1,26,1856,188
7410,B0,0,9,20,1,0,0,9,0,0,0,0,0,0,1,0,2,27,2560,317
7410,B1,1,1,1,1,0,0,0,0,0,1,0,1,0,1,0,1,23,1024,37
7410,B2,19,0,1,19,0,0,0,0,0,0,0,0,0,1,0,1,9,325,28
7410,C1,20,1,1,0,0,0,0,0,0,0,0,0,0,1,0,2,28,2751,123
7425,A1,1,20,0,8,0,0,0,0,8,0,0,0,0,1,0,1,26,1886,188
7425,B0,0,9,20,2,0,0,0,0,0,0,0,0,0,1,0,1,27,2586,326
7425,B1,1,1,1,1,0,0,0,0,0,0,0,1,0,1,0,1,23,1024,37
7425,B2,20,0,1,20,0,0,0,0,0,0,0,0,0,1,0,1,9,325,28
7425,C1,20,1,1,0,0,0,0,0,0,0,0,0,0,1,0,2,28,2751,123
7440,A1,1,20,0,8,0,0,0,0,8,0,0,0,0,0,1,1,26,1916,188
7440,B0,0,9,20,2,0,0,0,0,0,0,0,0,0,0,1,1,28,2590,327
7440,B1,1,1,2,1,0,0,0,0,1,0,0,1,1,0,1,2,24,1030,37
7440,B2,20,0,1,20,0,0,0,0,0,0,0,0,0,0,1,1,9,325,28
7440,C1,20,2,1,0,1,0,0,1,0,0,0,1,0,0,1,0,29,2756,123
7455,A1,1,20,0,8,0,0,0,0,8,0,0,0,0,0,1,1,26,1946,188
7455,B0,0,9,20,1,0,0,0,0,0,0,0,0,0,0,1,1,28,2590,327
7455,B1,1,1,1,1,0,0,0,0,1,0,0,1,1,0,1,2,24,1060,37
7455,B2,20,0,1,20,0,0,0,0,0,0,0,0,0,0,1,1,9,325,28
7455,C1,20,1,1,0,1,0,0,1,0,0,0,1,0,0,1,0,29,2786,123
7470,A1,1,20,0,9,0,0,0,0,8,0,0,0,0,0,1,1,26,1976,188
7470,B0,0,9,20,1,0,0,0,0,0,0,0,0,0,0,1,1,28,2590,327
7470,B1,1,1,1,1,0,0,0,0,1,0,0,1,1,0,1,2,24,1090,37
7470,B2,20,0,1,20,0,0,0,0,0,0,0,0,0,0,1,1,9,325,28
7470,C1,20,1,1,0,1,0,0,1,0,0,0,1,0,0,1,0,29,2816,123
7485,A1,1,20,0,9,0,1,0,0,8,0,0,0,0,1,0,2,27,2036,188
7485,B0,0,6,20,1,0,0,0,0,0,0,0,0,0,1,0,1,28,2590,327
7485,B1,1,1,1,1,0,0,0,0,1,0,0,1,1,1,0,2,24,1120,37
7485,B2,20,0,1,20,0,0,0,0,0,0,0,0,0,1,0,1,9,325,28
7485,C1,20,1,1,0,0,0,0,1,0,0,0,1,0,1,0,2,29,2846,123
7500,A1,1,20,0,9,0,0,0,0,8,0,0,0,0,1,0,1,27,2084,189
7500,B0,0,4,20,1,0,0,0,0,0,0,0,0,0,1,0,1,28,2590,327
7500,B1,1,1,1,1,0,0,0,0,1,0,0,1,1,1,0,2,24,1150,37
7500,B2,20,0,1,20,0,0,0,0,0,0,0,0,0,1,0,1,9,325,28
7500,C1,20,1,1,0,0,0,0,1,0,0,0,1,0,1,0,2,29,2876,123
7515,A1,2,20,0,9,0,0,0,0,9,0,0,0,0,0,1,1,27,2114,189
7515,B0,0,4,19,1,0,0,0,0,0,0,0,0,0,0,1,1,28,2590,327
7515,B1,1,1,1,1,0,0,0,0,1,0,0,1,1,0,1,2,24,1180,37
7515,B2,20,0,1,20,0,0,0,1,0,0,0,0,0,0,1,1,10,349,28
7515,C1,20,1,1,0,0,0,0,1,0,0,0,1,0,0,1,2,29,2906,123
7530,A1,3,20,0,9,0,0,0,0,9,0,0,0,0,0,1,1,27,2144,189
7530,B0,0,4,20,2,0,0,0,0,0,0,0,0,0,0,1,1,28,2590,327
7530,B1,1,1,1,1,0,0,0,0,1,0,0,1,1,0,1,2,24,1210,37
7530,B2,20,0,1,20,0,0,0,1,0,0,0,0,0,0,1,1,10,379,28
7530,C1,20,1,1,0,0,0,0,1,0,0,0,1,0,0,1,2,29,2936,123
7545,A1,1,20,0,9,0,0,0,0,9,0,0,0,0,1,0,1,27,2174,189
7545,B0,0,4,20,1,0,0,4,0,0,0,0,0,0,1,0,2,29,2607,327
7545,B1,1,1,1,1,0,0,0,0,1,1,0,1,1,1,0,1,24,1240,37
7545,B2,20,0,1,20,0,0,0,0,0,0,0,0,0,1,0,1,10,399,29
7545,C1,20,1,1,0,0,0,1,1,0,0,0,1,0,1,0,2,30,2984,123
7560,A1,1,20,0,9,0,0,0,0,9,0,0,0,0,1,0,1,27,2204,189
7560,B0,0,4,20,1,0,0,4,0,0,0,0,0,0,1,0,2,29,2637,327
7560,B1,1,1,1,1,0,0,0,0,0,1,0,1,1,1,0,2,24,1260,38
7560,B2,20,0,1,20,0,0,0,0,0,0,0,0,0,1,0,1,10,399,29
7560,C1,20,1,1,0,0,0,0,1,0,0,0,0,0,1,0,2,30,3036,124
7575,A1,1,20,0,9,0,0,0,0,9,0,0,0,0,0,1,1,27,2234,189
7575,B0,0,4,20,1,0,0,4,0,0,0,0,0,0,0,1,2,29,2667,327
7575,B1,1,1,1,1,0,0,0,0,0,1,0,1,1,0,1,2,24,1260,38
7575,B2,20,0,1,20,0,0,0,0,0,0,0,0,0,0,1,1,10,399,29
7575,C1,20,1,1,0,0,0,0,1,0,0,0,0,0,0,1,1,30,3066,124
7590,A1,1,20,0,10,0,0,0,0,9,0,0,0,0,0,1,1,27,2264,189
7590,B0,0,4,20,1,0,0,4,0,0,0,0,0,0,0,1,2,29,2697,327
7590,B1,1,1,1,1,0,0,0,0,0,1,0,1,1,0,1,2,24,1260,38
7590,B2,20,0,1,20,0,0,0,0,0,0,0,0,0,0,1,1,10,399,29
7590,C1,20,1,1,0,0,0,0,1,0,0,0,0,0,0,1,1,30,3096,124
7605,A1,1,20,0,10,0,1,0,0,9,0,0,0,0,1,0,2,28,2300,189
7605,B0,0,4,20,1,0,0,4,0,0,0,0,0,0,1,0,2,29,2727,327
7605,B1,1,1,1,1,0,0,0,0,0,1,0,1,1,1,0,2,24,1260,38
7605,B2,20,0,1,20,0,0,0,0,0,0,0,0,0,1,0,1,10,399,29
7605,C1,20,1,1,0,0,0,1,1,0,0,0,0,0,1,0,2,31,3132,124
7620,A1,1,20,0,9,0,1,0,0,8,0,0,0,0,1,0,2,28,2360,189
7620,B0,0,4,20,1,0,0,4,0,0,0,0,0,0,1,0,2,29,2757,327
7620,B1,1,1,1,1,0,0,0,0,0,1,0,1,0,1,0,1,24,1260,38
7620,B2,20,0,1,20,0,0,0,0,0,0,0,0,0,1,0,1,10,399,29
7620,C1,20,1,1,0,0,0,1,0,0,0,0,0,0,1,0,2,31,3168,125
7635,A1,2,19,0,9,0,0,0,0,8,0,0,0,0,1,0,1,28,2394,190
7635,B0,0,4,20,1,0,0,4,0,0,0,0,0,0,1,0,2,29,2787,327
7635,B1,1,1,1,1,0,0,0,0,0,1,0,1,0,1,0,1,24,1260,38
7635,B2,20,0,1,20,0,0,0,0,0,0,0,0,0,1,0,1,10,399,29
7635,C1,20,1,1,0,0,0,1,0,0,0,0,0,0,1,0,2,31,3198,125
7650,A1,2,19,0,8,0,0,0,0,8,0,0,0,0,0,1,1,28,2424,190
7650,B0,0,4,20,1,1,0,4,0,0,0,0,0,0,0,1,0,29,2817,327
7650,B1,1,1,1,1,0,0,0,0,0,1,0,1,0,0,1,1,24,1260,38
7650,B2,20,0,1,20,0,0,0,0,0,0,0,0,0,0,1,1,10,399,29
7650,C1,20,1,1,0,0,0,0,0,0,0,0,0,0,0,1,2,31,3206,126
7665,A1,2,20,0,8,0,0,0,0,8,0,0,0,0,0,1,1,28,2454,190
7665,B0,0,4,20,1,1,0,4,0,0,0,0,0,0,0,1,0,29,2847,327
7665,B1,1,1,1,1,0,0,0,0,0,1,0,1,0,0,1,1,24,1260,38
7665,B2,20,0,1,20,0,0,0,0,0,0,0,0,0,0,1,1,10,399,29
7665,C1,20,1,1,0,0,0,0,0,0,0,0,0,0,0,1,2,31,3206,126
7680,A1,1,20,0,8,0,1,0,0,8,0,0,0,0,1,0,2,29,2508,190
7680,B0,0,4,20,1,1,0,0,0,0,0,0,0,0,1,0,0,29,2869,331
7680,B1,1,1,1,1,0,0,0,0,0,0,0,1,0,1,0,1,24,1260,38
7680,B2,20,0,1,20,0,0,0,0,0,0,0,0,0,1,0,1,10,399,29
7680,C1,20,1,1,0,0,0,0,0,0,0,0,0,0,1,0,2,31,3206,126
7695,A1,1,20,0,8,0,1,0,0,0,0,0,0,0,1,0,2,29,2552,205
7695,B0,0,4,20,1,0,0,0,0,0,0,0,0,0,1,0,1,29,2869,331
7695,B1,1,1,2,1,0,0,0,0,0,0,0,0,0,1,0,1,24,1260,38
7695,B2,20,0,1,20,0,0,0,0,0,0,0,0,0,1,0,1,10,399,29
7695,C1,20,1,1,0,0,0,0,0,0,0,0,0,0,1,0,2,31,3206,126
7710,A1,1,20,0,8,0,1,0,0,0,0,0,0,0,0,1,2,29,2582,205
7710,B0,0,4,20,1,0,0,0,0,0,0,0,0,0,0,1,1,29,2869,331
7710,B1,1,1,1,1,0,0,0,0,0,0,0,0,0,0,1,1,24,1260,38
7710,B2,20,0,1,18,0,0,0,0,0,0,0,0,0,0,1,1,10,399,29
7710,C1,19,1,1,0,0,0,0,0,0,0,0,0,0,0,1,2,31,3206,126
7725,A1,1,20,0,8,0,1,0,0,0,0,0,0,0,0,1,2,29,2612,205
7725,B0,0,4,20,1,0,0,0,0,0,0,0,0,0,0,1,1,29,2869,331
7725,B1,1,1,1,1,0,0,0,0,0,0,0,0,0,0,1,1,24,1260,38
7725,B2,20,0,1,19,0,0,0,0,0,0,0,0,0,0,1,1,10,399,29
7725,C1,19,1,1,0,0,0,0,0,0,0,0,0,0,0,1,2,31,3206,126
7740,A1,1,20,0,8,0,0,0,0,0,0,0,0,0,1,0,2,29,2634,207
7740,B0,0,4,20,1,0,0,4,0,0,0,0,0,0,1,0,2,30,2880,331
7740,B1,1,1,2,1,0,0,0,0,0,1,0,0,0,1,0,1,24,1260,38
7740,B2,20,0,1,20,0,0,0,0,0,0,0,0,0,1,0,1,10,399,29
7740,C1,18,1,1,0,0,0,1,0,0,0,0,0,0,1,0,2,32,3218,126
7755,A1,1,20,0,8,0,0,0,0,0,0,0,0,0,1,0,2,29,2634,207
7755,B0,0,4,20,1,0,0,0,0,0,0,0,0,0,1,0,1,30,2908,335
7755,B1,1,1,2,1,0,0,0,0,0,0,0,0,0,1,0,1,24,1260,38
7755,B2,20,0,1,20,0,0,0,0,0,0,0,0,0,1,0,1,10,399,29
7755,C1,17,1,1,0,0,0,1,0,0,0,0,0,0,1,0,2,32,3248,126
7770,A1,1,20,0,9,0,0,0,0,0,0,0,0,1,0,1,2,29,2634,207
7770,B0,0,4,20,1,0,0,0,0,0,0,0,0,0,0,1,1,30,2908,335
7770,B1,1,1,2,1,0,0,0,1,0,0,0,0,1,0,1,1,25,1266,38
7770,B2,19,0,1,20,0,0,0,0,0,0,0,0,0,0,1,1,11,403,30
7770,C1,20,1,1,0,0,0,1,1,0,0,0,0,0,0,1,2,33,3284,126
7785,A1,1,20,0,9,0,0,0,0,0,0,0,0,1,0,1,2,29,2634,207
7785,B0,0,4,20,1,0,0,0,0,0,0,0,0,0,0,1,1,30,2908,335
7785,B1,1,1,2,1,0,0,0,1,0,0,0,0,1,0,1,1,25,1296,38
7785,B2,20,0,1,20,0,0,0,0,0,0,0,0,0,0,1,1,11,403,30
7785,C1,20,1,1,0,0,0,1,1,0,0,0,0,0,0,1,2,33,3344,126
7800,A1,1,20,0,11,0,0,0,0,0,0,0,0,1,0,1,2,29,2634,207
7800,B0,0,4,20,1,0,0,0,0,0,0,0,0,0,0,1,1,30,2908,335
7800,B1,1,1,2,1,0,0,0,1,0,0,0,0,0,0,1,1,25,1326,38
7800,B2,20,0,1,20,0,0,0,0,0,0,0,0,0,0,1,1,11,403,30
7800,C1,20,1,1,0,0,0,1,0,0,0,0,0,0,0,1,2,33,3385,127
7815,A1,1,20,0,11,0,0,0,0,0,0,0,0,1,1,0,2,29,2634,207
7815,B0,0,2,19,1,0,0,0,0,0,0,0,0,0,1,0,1,30,2908,335
7815,B1,1,1,2,1,0,0,0,1,0,0,0,0,0,1,0,1,25,1356,38
7815,B2,20,0,1,20,0,0,0,0,0,0,0,0,0,1,0,1,11,403,30
7815,C1,20,1,1,0,0,0,1,0,0,0,0,0,0,1,0,2,33,3415,127
7830,A1,1,20,0,11,0,0,0,0,0,0,0,0,1,1,0,2,29,2634,207
7830,B0,0,3,19,1,0,0,0,0,0,0,0,0,0,1,0,1,30,2908,335
7830,B1,1,1,2,1,0,0,0,1,0,0,0,0,0,1,0,1,25,1386,38
7830,B2,20,0,3,20,0,0,0,0,0,0,0,0,0,1,0,1,11,403,30
7830,C1,19,1,1,0,0,0,0,0,0,0,0,0,0,1,0,2,33,3427,128
7845,A1,1,20,0,11,1,0,0,0,11,0,0,0,1,0,1,0,30,2657,207
7845,B0,0,3,18,1,0,0,0,0,0,0,0,0,0,0,1,1,30,2908,335
7845,B1,1,1,2,1,0,0,0,1,0,0,0,1,1,0,1,2,25,1416,38
7845,B2,20,0,1,20,0,0,0,0,0,0,0,0,0,0,1,1,11,403,30
7845,C1,18,1,1,0,0,0,0,1,0,0,0,0,0,0,1,1,34,3450,128
7860,A1,1,20,0,11,1,0,0,0,11,0,0,0,1,0,1,0,30,2687,207
7860,B0,0,3,18,1,0,0,0,0,0,0,0,0,0,0,1,1,30,2908,335
7860,B1,1,1,2,1,0,0,0,1,0,0,0,1,1,0,1,2,25,1446,38
7860,B2,20,0,1,20,0,0,0,0,0,0,0,0,0,0,1,1,11,403,30
7860,C1,20,1,1,0,0,0,0,1,0,0,0,0,0,0,1,1,34,3480,128
7875,A1,1,20,0,11,0,0,0,0,11,0,0,0,1,1,0,1,30,2717,207
7875,B0,0,1,18,1,0,0,1,0,0,0,0,0,0,1,0,2,31,2925,335
7875,B1,1,1,2,1,0,0,0,1,0,1,0,1,1,1,0,2,25,1476,38
7875,B2,20,0,1,19,0,0,0,0,0,0,0,0,0,1,0,1,11,403,30
7875,C1,20,1,1,0,0,0,1,1,0,0,0,0,0,1,0,2,35,3528,128
7890,A1,1,20,0,11,0,0,0,0,11,0,0,0,1,1,0,1,30,2747,207
7890,B0,0,1,20,1,0,0,1,0,0,0,0,0,0,1,0,2,31,2955,335
7890,B1,1,1,2,1,0,0,0,1,0,1,0,1,1,1,0,2,25,1506,38
7890,B2,20,0,1,19,0,0,0,0,0,0,0,0,0,1,0,1,11,403,30
7890,C1,20,2,1,0,0,0,0,1,0,0,0,0,0,1,0,2,35,3574,129
7905,A1,1,20,0,12,0,0,0,0,11,0,0,0,1,0,1,1,30,2777,207
7905,B0,0,1,20,1,0,0,1,0,0,0,0,0,0,0,1,2,31,2985,335
7905,B1,1,1,2,1,0,0,0,1,1,1,0,1,1,0,1,1,26,1548,38
7905,B2,20,0,1,19,0,0,0,0,0,0,0,0,0,0,1,1,11,403,30
7905,C1,20,1,1,0,0,0,0,1,0,0,0,1,0,0,1,2,35,3604,129
7920,A1,1,20,0,12,0,0,0,0,11,0,0,0,0,0,1,1,30,2807,207
7920,B0,0,1,20,1,0,0,1,0,0,0,0,0,0,0,1,2,31,3015,335
7920,B1,1,1,1,1,0,0,0,0,1,1,0,1,0,0,1,1,26,1584,39
7920,B2,20,0,1,19,0,0,0,0,0,0,0,0,0,0,1,1,11,403,30
7920,C1,20,1,1,0,0,0,0,0,0,0,0,1,0,0,1,2,35,3624,130
7935,A1,1,20,0,12,0,1,0,0,12,0,0,0,0,1,0,2,31,2843,207
7935,B0,0,1,20,1,1,0,1,0,0,0,0,0,0,1,0,0,31,3045,335
7935,B1,1,1,1,1,0,0,0,0,1,1,0,1,0,1,0,1,26,1614,39
7935,B2,20,0,2,20,0,0,0,0,0,0,0,0,0,1,0,1,11,403,30
7935,C1,20,1,1,0,0,0,1,0,0,0,0,1,0,1,0,2,36,3630,130
7950,A1,1,19,0,11,0,1,0,0,11,0,0,0,0,1,0,2,31,2903,207
7950,B0,0,1,20,2,1,0,1,0,0,0,0,0,0,1,0,0,31,3075,335
7950,B1,1,1,1,1,0,0,0,0,1,1,0,1,0,1,0,1,26,1644,39
7950,B2,20,0,2,20,0,0,0,0,0,0,0,0,0,1,0,1,11,403,30
7950,C1,20,1,1,0,0,0,1,0,0,0,0,1,0,1,0,2,36,3660,130
7965,A1,1,15,0,11,0,1,0,0,11,0,0,0,0,1,0,2,31,2963,207
7965,B0,0,1,20,2,0,0,0,0,0,0,0,0,0,1,0,1,31,3081,338
7965,B1,1,1,1,1,0,0,0,0,1,0,0,1,0,1,0,1,26,1674,39
7965,B2,20,0,2,20,0,0,0,0,0,0,0,0,0,1,0,1,11,403,30
7965,C1,20,1,1,0,0,0,1,0,0,0,0,1,0,1,0,2,36,3690,130
7980,A1,1,18,0,10,0,1,0,0,10,0,0,0,0,0,1,2,31,3023,207
7980,B0,0,1,18,1,0,0,0,0,0,0,0,0,0,0,1,1,32,3083,339
7980,B1,1,1,1,1,0,0,0,0,1,0,0,1,0,0,1,1,26,1704,39
7980,B2,20,0,1,20,0,0,0,1,0,0,0,0,0,0,1,1,12,433,30
7980,C1,20,1,1,0,0,0,1,0,0,0,0,1,0,0,1,2,36,3720,130
7995,A1,1,20,0,10,0,1,0,0,10,0,0,0,0,0,1,2,31,3083,207
7995,B0,0,1,20,2,0,0,0,0,0,0,0,0,0,0,1,1,32,3083,339
7995,B1,2,1,1,1,0,0,0,0,1,0,0,1,0,0,1,2,26,1734,39
7995,B2,20,0,1,20,0,0,0,0,0,0,0,0,0,0,1,1,12,453,32
7995,C1,20,1,1,0,0,0,1,0,0,0,0,1,0,0,1,2,36,3750,130
8010,A1,1,19,0,10,0,1,0,0,10,0,0,0,0,1,0,2,31,3143,207
8010,B0,0,1,20,1,0,0,1,0,0,0,0,0,0,1,0,2,33,3107,339
8010,B1,1,1,1,1,0,0,0,0,1,1,0,1,1,1,0,1,26,1764,39
8010,B2,20,0,1,20,0,0,0,0,0,0,0,0,0,1,0,1,12,453,32
8010,C1,19,1,1,0,0,0,1,1,0,0,0,1,0,1,0,2,37,3803,130
8025,A1,1,20,0,11,0,1,0,0,10,0,0,0,0,1,0,2,31,3203,207
8025,B0,0,1,20,1,0,0,0,0,0,0,0,0,0,1,0,1,33,3109,340
8025,B1,1,1,2,1,0,0,0,0,1,0,0,1,1,1,0,2,26,1794,39
8025,B2,20,0,1,20,0,0,0,0,0,0,0,0,0,1,0,1,12,453,32
8025,C1,19,1,1,0,0,0,0,1,0,0,0,1,0,1,0,2,37,3847,131
8040,A1,1,20,0,12,0,1,0,0,10,0,0,0,0,0,1,2,31,3263,207
8040,B0,0,1,20,1,0,0,0,0,1,0,0,0,0,0,1,1,34,3127,340
8040,B1,1,1,1,1,0,0,0,0,1,0,0,1,1,0,1,2,26,1824,39
8040,B2,20,0,1,20,0,0,0,1,0,0,0,0,0,0,1,1,13,471,32
8040,C1,18,1,1,0,0,0,0,1,0,0,0,1,0,0,1,2,37,3877,131
8055,A1,1,20,0,12,0,0,0,0,10,0,0,0,0,0,1,1,31,3319,208
8055,B0,0,1,20,1,0,0,0,0,1,0,0,0,0,0,1,1,34,3157,340
8055,B1,1,1,1,1,0,0,0,0,0,0,0,1,1,0,1,2,26,1839,40
8055,B2,20,0,1,20,0,0,0,1,0,0,0,0,0,0,1,1,13,501,32
8055,C1,20,1,1,0,0,0,0,1,0,0,0,0,0,0,1,1,37,3907,131
8070,A1,1,20,0,12,0,0,0,0,12,0,0,0,0,1,0,1,31,3349,208
8070,B0,0,1,20,1,0,0,0,0,1,0,0,0,0,1,0,1,34,3187,340
8070,B1,1,1,1,1,0,0,0,0,0,0,0,1,0,1,0,1,26,1839,40
8070,B2,20,0,1,20,0,0,0,1,0,0,0,0,0,1,0,1,13,531,32
8070,C1,19,1,1,0,0,0,1,0,0,0,0,0,0,1,0,2,38,3920,132
8085,A1,1,20,0,12,0,0,0,0,12,0,0,0,0,1,0,1,31,3379,208
8085,B0,0,1,20,1,0,0,0,0,1,0,0,0,0,1,0,1,34,3217,340
8085,B1,1,1,1,1,0,0,0,0,0,0,0,1,0,1,0,1,26,1839,40
8085,B2,17,0,1,20,0,0,0,1,0,0,0,0,0,1,0,1,13,561,32
8085,C1,19,1,1,0,0,0,1,0,0,0,0,0,0,1,0,2,38,3950,132
8100,A1,1,20,0,11,0,0,0,0,0,0,0,0,0,0,1,2,31,3379,222
8100,B0,0,1,20,1,0,0,0,0,1,0,0,0,0,0,1,1,34,3247,340
8100,B1,1,1,1,1,0,0,0,0,0,0,0,0,1,0,1,1,26,1839,40
8100,B2,17,0,1,19,0,0,0,1,0,0,0,0,0,0,1,1,13,591,32
8100,C1,20,1,1,0,0,0,0,1,0,0,0,0,0,0,1,1,39,3965,133
8115,A1,1,20,0,11,0,0,0,0,0,0,0,0,0,0,1,2,31,3379,222
8115,B0,0,1,20,1,0,0,0,0,1,0,0,0,0,0,1,1,34,3277,340
8115,B1,1,1,1,1,0,0,0,0,0,0,0,0,1,0,1,1,26,1839,40
8115,B2,20,0,1,19,0,0,0,1,0,0,0,0,0,0,1,1,13,621,32
8115,C1,20,1,1,0,0,0,0,1,0,0,0,0,0,0,1,1,39,3995,133
8130,A1,1,20,0,11,0,0,0,0,0,0,0,0,0,0,1,2,31,3379,222
8130,B0,0,1,20,1,0,0,0,0,0,0,0,0,0,0,1,1,34,3281,341
8130,B1,1,1,1,1,0,0,0,0,0,0,0,0,1,0,1,1,26,1839,40
8130,B2,20,0,1,20,0,0,0,0,0,0,0,0,0,0,1,1,13,633,33
8130,C1,20,1,1,0,0,0,0,1,0,0,0,0,0,0,1,1,39,4025,133
8145,A1,1,20,0,11,0,0,0,0,0,0,0,0,0,1,0,2,31,3379,222
8145,B0,0,1,20,1,0,0,0,0,0,0,0,0,0,1,0,1,34,3281,341
8145,B1,1,1,1,1,0,0,0,0,0,0,0,0,1,1,0,1,26,1839,40
8145,B2,19,0,1,20,0,0,0,0,0,0,0,0,0,1,0,1,13,633,33
8145,C1,20,1,2,0,0,0,0,1,0,0,0,0,0,1,0,2,40,4057,134
8160,A1,1,20,0,11,0,0,0,0,0,0,0,0,0,1,0,2,31,3379,222
8160,B0,0,1,20,1,0,0,0,0,0,0,0,0,0,1,0,1,34,3281,341
8160,B1,1,1,1,1,0,0,0,0,0,0,0,0,1,1,0,1,26,1839,40
8160,B2,20,0,1,20,0,0,0,0,0,0,0,0,0,1,0,1,13,633,33
8160,C1,20,1,2,0,0,0,0,1,0,0,0,0,0,1,0,2,40,4087,134
8175,A1,1,20,0,11,0,0,0,0,0,0,0,0,0,0,1,2,31,3379,222
8175,B0,0,1,18,1,0,0,0,0,1,0,0,0,0,0,1,1,35,3305,341
8175,B1,1,1,1,1,0,0,0,0,0,0,0,0,1,0,1,1,26,1839,40
8175,B2,20,0,1,20,0,0,0,0,0,0,0,0,0,0,1,1,13,633,33
8175,C1,20,1,2,0,0,0,0,1,0,0,0,0,0,0,1,1,40,4117,134
8190,A1,1,20,0,11,0,0,0,0,0,0,0,0,0,0,1,2,31,3379,222
8190,B0,0,1,19,1,0,0,0,0,1,0,0,0,0,0,1,1,35,3335,341
8190,B1,1,1,1,1,0,0,0,0,0,0,0,0,1,0,1,1,26,1839,40
8190,B2,20,0,1,20,0,0,0,0,0,0,0,0,0,0,1,1,13,633,33
8190,C1,20,1,2,0,0,0,0,1,0,0,0,0,0,0,1,1,40,4147,134
8205,A1,1,20,0,12,0,0,0,0,0,0,0,0,0,1,0,2,31,3379,222
8205,B0,0,1,20,1,0,0,0,0,1,0,0,0,0,1,0,1,35,3365,341
8205,B1,1,1,1,1,0,0,0,0,0,0,0,0,1,1,0,1,26,1839,40
8205,B2,20,0,2,20,0,0,0,0,0,0,0,0,0,1,0,1,13,633,33
8205,C1,20,1,2,0,0,0,0,2,0,0,0,0,0,1,0,1,40,4177,134
8220,A1,1,20,0,13,0,0,0,0,0,0,0,0,0,1,0,2,31,3379,222
8220,B0,0,1,20,1,0,0,0,0,0,0,0,0,0,1,0,1,35,3365,342
8220,B1,1,1,1,1,0,0,0,0,0,0,0,0,1,1,0,1,26,1839,40
8220,B2,20,0,3,20,0,0,0,0,0,0,0,0,0,1,0,1,13,633,33
8220,C1,20,1,2,0,0,0,0,2,0,0,0,0,0,1,0,1,40,4207,134
8235,A1,1,19,0,13,0,0,0,0,0,0,0,0,0,0,1,2,31,3379,222
8235,B0,0,1,20,1,0,0,0,0,0,0,0,0,0,0,1,1,35,3365,342
8235,B1,1,1,1,1,0,0,0,0,0,0,0,0,1,0,1,1,27,1841,41
8235,B2,20,0,1,20,0,0,0,0,0,0,0,0,0,0,1,1,14,641,35
8235,C1,20,2,2,0,0,0,0,2,0,0,0,0,0,0,1,1,40,4237,134
8250,A1,1,19,0,13,0,0,0,0,0,0,0,0,0,0,1,2,31,3379,222
8250,B0,0,1,20,1,0,0,0,0,0,0,0,0,0,0,1,1,35,3365,342
8250,B1,1,1,1,1,0,0,0,0,0,0,0,0,1,0,1,1,27,1841,41
8250,B2,20,0,1,20,0,0,0,0,0,0,0,0,0,0,1,1,14,641,35
8250,C1,20,2,2,0,0,0,0,2,0,0,0,0,0,0,1,1,40,4267,134
8265,A1,1,19,0,14,0,1,0,0,0,0,0,0,0,1,0,2,32,3385,222
8265,B0,0,1,20,2,0,0,0,0,0,0,0,0,0,1,0,1,35,3365,342
8265,B1,1,1,1,1,0,0,0,0,0,0,0,0,0,1,0,1,27,1841,41
8265,B2,20,0,1,20,0,0,0,0,0,0,0,0,0,1,0,1,14,641,35
8265,C1,20,1,2,0,0,0,0,0,0,0,0,0,0,1,0,2,40,4267,136
8280,A1,1,17,0,14,0,1,0,0,0,0,0,0,0,1,0,2,32,3415,222
8280,B0,0,2,20,2,0,0,0,0,0,0,0,0,0,1,0,1,35,3365,342
8280,B1,1,1,1,1,0,0,0,0,0,0,0,0,0,1,0,1,27,1841,41
8280,B2,20,0,2,20,0,0,0,0,0,0,0,0,0,1,0,1,14,641,35
8280,C1,20,1,2,0,0,0,0,0,0,0,0,0,0,1,0,2,40,4267,136
8295,A1,2,18,0,17,0,0,0,0,0,0,0,0,0,1,0,2,32,3417,223
8295,B0,0,2,20,2,0,0,0,0,0,0,0,0,0,1,0,1,35,3365,342
8295,B1,1,1,4,2,0,0,0,0,0,0,0,0,0,1,0,1,27,1841,41
8295,B2,20,0,1,20,0,0,0,0,0,0,0,0,0,1,0,1,14,641,35
8295,C1,20,1,3,0,0,0,0,0,0,0,0,0,0,1,0,2,40,4267,136
8310,A1,1,19,0,16,0,0,0,0,0,0,0,0,0,0,1,2,32,3417,223
8310,B0,0,2,20,1,0,0,0,0,0,0,0,0,0,0,1,1,35,3365,342
8310,B1,1,1,1,2,0,0,0,0,0,0,0,0,0,0,1,1,27,1841,41
8310,B2,20,0,1,20,0,0,0,0,0,0,0,0,0,0,1,1,14,641,35
8310,C1,20,1,2,0,0,0,0,0,0,0,0,0,0,0,1,2,40,4267,136
8325,A1,1,20,0,16,0,0,0,0,0,0,0,0,0,0,1,2,32,3417,223
8325,B0,0,3,20,1,0,0,0,0,0,0,0,0,0,0,1,1,35,3365,342
8325,B1,3,1,1,2,0,0,0,0,0,0,0,0,0,0,1,2,27,1841,41
8325,B2,20,0,1,20,0,0,0,0,0,0,0,0,0,0,1,1,14,641,35
8325,C1,20,1,2,0,0,0,0,0,0,0,0,0,0,0,1,2,40,4267,136
8340,A1,1,17,0,16,0,0,0,0,0,0,0,0,0,1,0,2,32,3417,223
8340,B0,0,4,20,1,0,0,0,0,0,0,0,0,0,1,0,1,35,3365,342
8340,B1,1,1,1,2,0,0,0,0,0,0,0,0,0,1,0,1,28,1843,42
8340,B2,20,0,1,20,0,0,0,0,0,0,0,0,0,1,0,1,14,641,35
8340,C1,20,1,2,0,0,0,0,0,0,0,0,0,0,1,0,2,40,4267,136
8355,A1,1,18,0,16,0,0,0,0,0,0,0,0,0,1,0,2,32,3417,223
8355,B0,0,4,20,1,0,0,0,0,0,0,0,0,0,1,0,1,35,3365,342
8355,B1,1,1,1,2,0,0,0,0,0,0,0,0,0,1,0,1,28,1843,42
8355,B2,20,0,2,20,0,0,0,0,0,0,0,0,0,1,0,1,14,641,35
8355,C1,20,1,4,0,0,0,0,0,0,0,0,0,0,1,0,2,40,4267,136
8370,A1,1,20,0,16,0,0,0,0,16,0,0,0,0,0,1,1,33,3434,223
8370,B0,0,4,20,1,0,0,0,0,0,0,0,0,0,0,1,1,35,3365,342
8370,B1,1,1,1,1,0,0,0,0,0,0,0,1,0,0,1,1,28,1843,42
8370,B2,20,0,1,20,0,0,0,0,0,0,0,0,0,0,1,1,14,641,35
8370,C1,20,1,4,0,0,0,0,0,0,0,0,0,0,0,1,2,40,4267,136
8385,A1,1,20,0,16,0,0,0,0,16,0,0,0,0,0,1,1,33,3464,223
8385,B0,0,4,20,1,0,0,0,0,0,0,0,0,0,0,1,1,35,3365,342
8385,B1,1,1,1,1,0,0,0,0,0,0,0,1,0,0,1,1,28,1843,42
8385,B2,20,0,1,20,0,0,0,0,0,0,0,0,0,0,1,1,14,641,35
8385,C1,19,1,4,0,0,0,0,0,0,0,0,0,0,0,1,2,40,4267,136
8400,A1,2,20,0,17,0,0,0,0,16,0,0,0,0,1,0,1,33,3494,223
8400,B0,0,4,20,1,0,0,4,0,0,0,0,0,0,1,0,2,36,3376,342
8400,B1,1,1,1,1,0,0,0,0,0,1,0,1,0,1,0,1,28,1843,42
8400,B2,18,0,1,20,0,0,0,0,0,0,0,0,0,1,0,1,14,641,35
8400,C1,18,1,5,0,0,0,1,0,0,0,0,0,0,1,0,2,41,4279,136
8415,A1,1,20,0,17,0,0,0,0,16,0,0,0,0,1,0,1,33,3524,223
8415,B0,0,4,20,1,0,0,4,0,0,0,0,0,0,1,0,2,36,3406,342
8415,B1,1,1,1,1,0,0,0,0,0,1,0,1,0,1,0,1,28,1843,42
8415,B2,18,0,1,19,0,0,0,0,0,0,0,0,0,1,0,1,14,641,35
8415,C1,19,1,5,0,0,0,0,0,0,0,0,0,0,1,0,2,41,4307,137
8430,A1,1,20,0,18,0,0,0,0,17,0,0,0,0,0,1,1,33,3554,223
8430,B0,0,4,19,1,0,0,4,0,0,0,0,0,0,0,1,2,36,3436,342
8430,B1,1,1,2,1,0,0,0,0,0,1,0,1,0,0,1,1,28,1843,42
8430,B2,19,0,1,18,0,0,0,0,0,0,0,0,0,0,1,1,14,641,35
8430,C1,20,2,5,0,0,0,0,0,0,0,0,0,0,0,1,2,41,4307,137
8445,A1,1,20,0,18,0,0,0,0,17,0,0,0,0,0,1,1,33,3584,223
8445,B0,0,4,19,1,0,0,4,0,0,0,0,0,0,0,1,2,36,3466,342
8445,B1,1,1,1,1,0,0,0,0,0,1,0,1,0,0,1,1,28,1843,42
8445,B2,20,0,1,16,0,0,0,0,0,0,0,0,0,0,1,1,14,641,35
8445,C1,20,1,5,0,0,0,0,0,0,0,0,0,0,0,1,2,41,4307,137
8460,A1,1,20,0,18,0,0,0,0,17,0,0,0,0,0,1,1,33,3614,223
8460,B0,0,4,20,1,0,0,0,0,0,0,0,0,0,0,1,1,36,3494,346
8460,B1,1,5,1,1,0,0,0,0,0,0,0,1,0,0,1,2,28,1843,42
8460,B2,20,0,1,19,0,0,0,0,0,0,0,0,0,0,1,1,14,641,35
8460,C1,20,1,5,0,0,0,0,0,0,0,0,0,0,0,1,2,41,4307,137
8475,A1,1,20,0,18,0,1,0,0,17,0,0,0,0,1,0,1,34,3674,223
8475,B0,0,4,20,1,0,0,0,0,0,0,0,0,0,1,0,1,36,3494,346
8475,B1,1,1,1,1,0,0,0,0,0,0,0,1,0,1,0,1,28,1843,42
8475,B2,17,0,1,20,0,0,0,0,0,0,0,0,0,1,0,1,14,641,35
8475,C1,20,1,5,0,0,0,0,0,0,0,0,0,0,1,0,2,41,4307,137
8490,A1,1,20,0,19,0,0,0,0,0,0,0,0,0,1,0,2,34,3702,241
8490,B0,0,4,20,2,0,0,0,0,0,0,0,0,0,1,0,1,36,3494,346
8490,B1,1,1,1,1,0,0,0,0,0,0,0,0,0,1,0,1,28,1843,42
8490,B2,19,0,2,20,0,0,0,0,0,0,0,0,0,1,0,1,14,641,35
8490,C1,20,3,7,0,0,0,0,0,0,0,0,0,0,1,0,2,41,4307,137
8505,A1,1,20,0,18,0,0,0,0,0,0,0,0,0,0,1,2,34,3702,241
8505,B0,0,4,20,1,0,0,0,0,0,0,0,0,0,0,1,1,36,3494,346
8505,B1,1,1,1,1,0,0,0,0,0,0,0,0,0,0,1,1,28,1843,42
8505,B2,20,0,1,20,0,0,0,0,0,0,0,0,0,0,1,1,14,641,35
8505,C1,19,1,6,0,0,0,0,0,0,0,0,0,0,0,1,2,41,4307,137
8520,A1,1,20,0,18,0,0,0,0,0,0,0,0,0,0,1,2,34,3702,241
8520,B0,0,4,15,1,0,0,0,0,0,0,0,0,0,0,1,1,36,3494,346
8520,B1,1,2,1,1,0,0,0,0,0,0,0,0,0,0,1,2,28,1843,42
8520,B2,20,0,1,20,0,0,0,0,0,0,0,0,0,0,1,1,14,641,35
8520,C1,20,2,6,0,0,0,0,0,0,0,0,0,0,0,1,2,41,4307,137
8535,A1,1,20,0,18,0,0,0,0,0,0,0,0,0,1,0,2,34,3702,241
8535,B0,0,3,15,1,0,0,0,0,0,0,0,0,0,1,0,1,36,3494,346
8535,B1,1,1,1,1,0,0,0,0,0,0,0,0,0,1,0,1,28,1843,42
8535,B2,20,0,1,20,0,0,0,0,0,0,0,0,0,1,0,1,14,641,35
8535,C1,20,1,6,0,0,0,0,0,0,0,0,0,0,1,0,2,41,4307,137
8550,A1,1,20,0,18,0,0,0,0,0,0,0,0,0,1,0,2,34,3702,241
8550,B0,0,5,20,1,0,0,0,0,0,0,0,0,0,1,0,1,36,3494,346
8550,B1,1,1,2,1,0,0,0,0,0,0,0,0,0,1,0,1,28,1843,42
8550,B2,20,0,1,20,0,0,0,0,0,0,0,0,0,1,0,1,14,641,35
8550,C1,20,1,6,0,0,0,0,0,0,0,0,0,0,1,0,2,41,4307,137
8565,A1,2,20,0,19,0,0,0,0,0,0,0,0,0,0,1,2,34,3702,241
8565,B0,0,5,20,1,0,0,0,0,0,0,0,0,0,0,1,1,36,3494,346
8565,B1,1,1,1,1,0,0,0,0,0,0,0,0,1,0,1,1,28,1843,42
8565,B2,20,0,1,20,0,0,0,0,0,0,0,0,0,0,1,1,14,641,35
8565,C1,20,1,4,0,0,0,0,4,0,0,0,0,0,0,1,1,42,4318,137
8580,A1,2,20,0,19,0,0,0,0,0,0,0,0,0,0,1,2,34,3702,241
8580,B0,0,5,20,1,0,0,0,0,0,0,0,0,0,0,1,1,36,3494,346
8580,B1,1,1,1,2,0,0,0,0,0,0,0,0,1,0,1,1,28,1843,42
8580,B2,20,0,1,20,0,0,0,0,0,0,0,0,0,0,1,1,14,641,35
8580,C1,20,1,4,0,0,0,0,4,0,0,0,0,0,0,1,1,42,4348,137
8595,A1,1,20,0,19,0,0,0,0,0,0,0,0,0,1,0,2,34,3702,241
8595,B0,0,5,20,2,0,0,5,0,0,0,0,0,0,1,0,2,37,3499,346
8595,B1,1,2,1,2,0,0,0,0,0,1,0,0,0,1,0,1,28,1843,42
8595,B2,20,0,2,20,0,0,0,0,0,0,0,0,0,1,0,1,14,641,35
8595,C1,20,1,4,0,0,0,0,0,0,0,0,0,0,1,0,2,42,4352,143
8610,A1,1,19,0,19,0,0,0,0,0,0,0,0,0,1,0,2,34,3702,241
8610,B0,0,5,20,3,0,0,5,0,0,0,0,0,0,1,0,2,37,3529,346
8610,B1,1,1,1,2,0,0,0,0,0,1,0,0,0,1,0,1,28,1843,42
8610,B2,20,0,2,20,0,0,0,0,0,0,0,0,0,1,0,1,14,641,35
8610,C1,19,1,4,0,0,0,0,0,0,0,0,0,0,1,0,2,42,4352,143
8625,A1,1,19,0,19,0,0,0,0,0,0,0,0,0,1,0,2,34,3702,241
8625,B0,0,4,20,4,0,0,4,0,0,0,0,0,0,1,0,2,37,3559,346
8625,B1,1,1,1,1,0,0,0,0,0,1,0,0,0,1,0,1,28,1843,42
8625,B2,20,0,4,20,0,0,0,0,0,0,0,0,0,1,0,1,14,641,35
8625,C1,20,1,6,0,0,0,0,0,0,0,0,0,0,1,0,2,42,4352,143
8640,A1,2,20,0,17,0,0,0,0,0,0,0,0,0,0,1,2,34,3702,241
8640,B0,0,4,20,1,0,0,0,0,0,0,0,0,0,0,1,1,37,3579,351
8640,B1,1,1,1,1,0,0,0,0,0,0,0,0,0,0,1,1,28,1843,42
8640,B2,20,0,1,20,0,0,0,0,0,0,0,0,0,0,1,1,15,651,37
8640,C1,20,1,5,0,0,0,0,0,0,0,0,0,0,0,1,2,42,4352,143
8655,A1,2,20,0,16,0,0,0,0,0,0,0,0,0,0,1,2,34,3702,241
8655,B0,0,4,20,1,0,0,0,0,0,0,0,0,0,0,1,1,37,3579,351
8655,B1,1,1,1,1,0,0,0,0,0,0,0,0,0,0,1,1,28,1843,42
8655,B2,20,0,2,20,0,0,0,0,0,0,0,0,0,0,1,1,15,651,37
8655,C1,20,1,5,0,0,0,0,0,0,0,0,0,0,0,1,2,42,4352,143
8670,A1,1,18,0,16,0,0,0,0,0,0,0,0,0,1,0,2,35,3706,242
8670,B0,0,4,20,1,0,0,0,0,0,0,0,0,0,1,0,1,37,3579,351
8670,B1,3,1,1,1,0,0,0,0,0,0,0,0,0,1,0,2,28,1843,42
8670,B2,20,0,1,20,0,0,0,0,0,0,0,0,0,1,0,1,15,651,37
8670,C1,20,1,5,0,0,0,1,0,0,0,0,0,0,1,0,2,43,4376,143
8685,A1,2,19,0,16,0,0,0,0,0,0,0,0,0,1,0,2,35,3706,242
8685,B0,0,4,20,2,0,0,0,0,0,0,0,0,0,1,0,1,37,3579,351
8685,B1,1,1,1,1,0,0,0,0,0,0,0,0,0,1,0,1,28,1843,42
8685,B2,20,0,2,20,0,0,0,0,0,0,0,0,0,1,0,1,15,651,37
8685,C1,20,1,5,0,0,0,0,0,0,0,0,0,0,1,0,2,43,4404,144
8700,A1,2,20,0,17,0,0,0,0,0,0,0,0,0,0,1,2,35,3706,242
8700,B0,0,4,20,1,0,0,0,0,0,0,0,0,0,0,1,1,37,3579,351
8700,B1,1,1,2,1,0,0,0,0,0,0,0,0,1,0,1,1,28,1843,42
8700,B2,20,0,2,20,0,0,0,0,0,0,0,0,0,0,1,1,15,651,37
8700,C1,20,1,6,0,0,0,0,5,0,0,0,0,0,0,1,1,44,4421,144
8715,A1,2,20,0,18,0,0,0,0,0,0,0,0,0,0,1,2,35,3706,242
8715,B0,0,4,20,1,0,0,0,0,0,0,0,0,0,0,1,1,37,3579,351
8715,B1,2,2,1,1,0,0,0,0,0,0,0,0,1,0,1,2,28,1843,42
8715,B2,20,0,1,20,0,0,0,0,0,0,0,0,0,0,1,1,15,651,37
8715,C1,20,1,6,0,0,0,0,5,0,0,0,0,0,0,1,1,44,4451,144
8730,A1,2,20,0,18,0,0,0,0,0,0,0,0,0,1,0,2,35,3706,242
8730,B0,0,4,20,1,0,0,0,0,0,0,0,0,0,1,0,1,37,3579,351
8730,B1,1,1,1,1,0,0,0,0,0,0,0,0,0,1,0,1,28,1843,42
8730,B2,20,0,1,20,0,0,0,0,0,0,0,0,0,1,0,1,15,651,37
8730,C1,20,1,6,0,0,0,1,0,0,0,0,0,0,1,0,2,45,4469,149
8745,A1,1,20,0,18,0,0,0,0,0,0,0,0,0,1,0,2,35,3706,242
8745,B0,0,5,20,1,0,0,0,0,0,0,0,0,0,1,0,1,37,3579,351
8745,B1,1,1,1,1,0,0,0,0,0,0,0,0,0,1,0,1,28,1843,42
8745,B2,19,0,2,19,0,0,0,0,0,0,0,0,0,1,0,1,15,651,37
8745,C1,20,1,7,0,0,0,1,0,0,0,0,0,0,1,0,2,45,4499,149
8760,A1,1,20,0,18,0,0,0,0,18,0,0,0,0,0,1,1,36,3711,242
8760,B0,0,6,20,1,0,0,0,0,0,0,0,0,0,0,1,1,37,3579,351
8760,B1,1,1,2,1,0,0,0,0,0,0,0,1,0,0,1,1,28,1843,42
8760,B2,20,0,1,19,0,0,0,0,0,0,0,0,0,0,1,1,15,651,37
8760,C1,20,1,7,0,0,0,0,0,0,0,0,0,0,0,1,2,45,4499,150
8775,A1,2,20,0,18,0,0,0,0,18,0,0,0,0,0,1,1,36,3741,242
8775,B0,0,6,20,1,0,0,0,0,0,0,0,0,0,0,1,1,37,3579,351
8775,B1,1,1,1,1,0,0,0,0,0,0,0,1,0,0,1,1,28,1843,42
8775,B2,20,0,1,20,0,0,0,0,0,0,0,0,0,0,1,1,15,651,37
8775,C1,19,1,7,0,0,0,0,0,0,0,0,0,0,0,1,2,45,4499,150
8790,A1,2,20,0,18,0,0,0,0,18,0,0,0,0,0,1,1,36,3771,242
8790,B0,0,8,20,1,0,0,0,0,0,0,0,0,0,0,1,1,37,3579,351
8790,B1,1,1,1,1,0,0,0,0,0,0,0,1,0,0,1,1,28,1843,42
8790,B2,20,0,1,20,0,0,0,0,0,0,0,0,0,0,1,1,15,651,37
8790,C1,19,1,7,0,0,0,0,0,0,0,0,0,0,0,1,2,45,4499,150
8805,A1,1,20,0,18,0,0,0,0,18,0,0,0,0,1,0,1,36,3801,242
8805,B0,0,8,19,1,0,0,0,0,0,0,0,0,0,1,0,1,37,3579,351
8805,B1,1,1,1,1,0,0,0,0,0,0,0,1,0,1,0,1,28,1843,42
8805,B2,19,0,1,20,0,0,0,0,0,0,0,0,0,1,0,1,15,651,37
8805,C1,17,1,7,0,0,0,0,0,0,0,0,0,0,1,0,2,45,4499,150
8820,A1,1,20,0,18,0,0,0,0,18,0,0,0,0,1,0,1,36,3831,242
8820,B0,0,8,19,1,0,0,0,0,0,0,0,0,0,1,0,1,37,3579,351
8820,B1,1,1,1,2,0,0,0,0,0,0,0,1,0,1,0,1,28,1843,42
8820,B2,20,0,1,20,0,0,0,0,0,0,0,0,0,1,0,1,15,651,37
8820,C1,18,3,7,0,0,0,0,0,0,0,0,0,0,1,0,2,45,4499,150
8835,A1,1,20,0,18,0,0,0,0,18,0,0,0,0,0,1,1,36,3861,242
8835,B0,0,8,19,1,0,0,0,0,0,0,0,0,0,0,1,1,37,3579,351
8835,B1,1,1,1,1,0,0,0,0,0,0,0,1,1,0,1,2,28,1843,42
8835,B2,20,0,1,20,0,0,0,0,0,0,0,0,0,0,1,1,15,651,37
8835,C1,20,1,7,0,0,0,0,7,0,0,0,0,0,0,1,1,46,4522,150
8850,A1,3,20,0,19,0,0,0,0,0,0,0,0,0,0,1,2,36,3885,260
8850,B0,0,8,20,1,0,0,0,0,0,0,0,0,0,0,1,1,37,3579,351
8850,B1,1,1,1,1,0,0,0,0,0,0,0,0,0,0,1,1,28,1843,42
8850,B2,20,0,1,20,0,0,0,0,0,0,0,0,0,0,1,1,15,651,37
8850,C1,20,1,7,0,0,0,0,0,0,0,0,0,0,0,1,2,46,4546,157
8865,A1,1,20,0,20,0,0,0,0,0,0,0,0,0,1,0,2,36,3885,260
8865,B0,0,9,20,1,0,0,8,0,0,0,0,0,0,1,0,2,38,3596,351
8865,B1,1,1,1,1,0,0,0,0,0,1,0,0,0,1,0,1,28,1843,42
8865,B2,20,0,2,20,0,0,0,0,0,0,0,0,0,1,0,1,15,651,37
8865,C1,20,1,7,0,0,0,0,0,0,0,0,0,0,1,0,2,46,4546,157
8880,A1,1,20,0,20,0,0,0,0,0,0,0,0,0,1,0,2,36,3885,260
8880,B0,0,9,20,1,0,0,8,0,0,0,0,0,0,1,0,2,38,3626,351
8880,B1,1,1,1,1,0,0,0,0,0,1,0,0,0,1,0,1,28,1843,42
8880,B2,20,0,2,20,0,0,0,0,0,0,0,0,0,1,0,1,15,651,37
8880,C1,18,1,6,0,0,0,0,0,0,0,0,0,0,1,0,2,46,4546,157
8895,A1,1,20,0,20,0,0,0,0,0,0,0,0,0,0,1,2,36,3885,260
8895,B0,0,9,20,1,0,0,9,0,1,0,0,0,0,0,1,2,39,3668,351
8895,B1,1,1,1,1,0,0,0,0,0,1,0,0,0,0,1,1,28,1843,42
8895,B2,20,0,1,20,0,0,0,0,0,0,0,0,0,0,1,1,15,651,37
8895,C1,19,3,6,0,0,0,0,0,0,0,0,0,0,0,1,2,46,4546,157
8910,A1,2,19,0,20,0,0,0,0,0,0,0,0,0,0,1,2,36,3885,260
8910,B0,0,9,20,1,0,0,9,0,0,0,0,0,0,0,1,2,39,3724,352
8910,B1,1,1,1,1,0,0,0,0,0,1,0,0,0,0,1,1,28,1843,42
8910,B2,20,0,1,20,0,0,0,0,0,0,0,0,0,0,1,1,15,651,37
8910,C1,20,1,6,0,0,0,0,0,0,0,0,0,0,0,1,2,46,4546,157
8925,A1,1,19,0,20,0,0,0,0,0,0,0,0,0,1,0,2,37,3889,261
8925,B0,0,8,20,1,0,0,0,0,0,0,0,0,0,1,0,1,39,3726,361
8925,B1,1,1,1,1,0,0,0,0,0,0,0,0,0,1,0,1,28,1843,42
8925,B2,20,0,1,20,0,0,0,0,0,0,0,0,0,1,0,1,15,651,37
8925,C1,20,1,6,0,0,0,0,0,0,0,0,0,0,1,0,2,46,4546,157
8940,A1,1,17,0,20,0,0,0,0,0,0,0,0,0,1,0,2,37,3889,261
8940,B0,0,6,20,1,0,0,0,0,0,0,0,0,0,1,0,1,39,3726,361
8940,B1,1,1,1,1,0,0,0,0,0,0,0,0,0,1,0,1,28,1843,42
8940,B2,20,0,1,20,0,0,0,0,0,0,0,0,0,1,0,1,15,651,37
8940,C1,20,1,6,0,0,0,0,0,0,0,0,0,0,1,0,2,46,4546,157
8955,A1,1,19,0,20,0,0,0,0,0,0,0,0,0,1,0,2,37,3889,261
8955,B0,0,6,20,2,0,0,0,0,0,0,0,0,0,1,0,1,39,3726,361
8955,B1,1,1,2,2,0,0,0,0,0,0,0,0,0,1,0,1,28,1843,42
8955,B2,20,0,2,20,0,0,0,0,0,0,0,0,0,1,0,1,15,651,37
8955,C1,20,4,6,0,0,0,0,0,0,0,0,0,0,1,0,2,46,4546,157
8970,A1,2,20,0,19,0,0,0,0,19,0,0,0,0,0,1,1,38,3918,261
8970,B0,0,6,20,1,0,0,0,0,0,0,0,0,0,0,1,1,39,3726,361
8970,B1,1,1,1,1,0,0,0,0,0,0,0,1,0,0,1,1,28,1843,42
8970,B2,20,0,1,20,0,0,0,0,0,0,0,0,0,0,1,1,15,651,37
8970,C1,20,2,6,0,0,0,0,0,0,0,0,0,0,0,1,2,46,4546,157
8985,A1,1,20,0,20,0,0,0,0,0,0,0,0,0,0,1,2,38,3928,281
8985,B0,0,6,20,1,0,0,0,0,0,0,0,0,0,0,1,1,39,3726,361
8985,B1,1,1,1,1,0,0,0,0,0,0,0,0,0,0,1,1,28,1843,42
8985,B2,20,0,1,20,0,0,0,0,0,0,0,0,0,0,1,1,15,651,37
8985,C1,20,2,7,0,0,0,0,0,0,0,0,0,0,0,1,2,46,4546,157
9000,A1,1,20,0,20,0,0,0,0,0,0,0,0,0,1,0,2,38,3928,281
9000,B0,0,5,20,1,0,0,0,0,0,0,0,0,0,1,0,1,39,3726,361
9000,B1,1,1,1,1,0,0,0,0,0,0,0,0,0,1,0,1,28,1843,42
9000,B2,20,0,1,19,0,0,0,0,0,0,0,0,0,1,0,1,15,651,37
9000,C1,20,1,7,0,0,0,0,0,0,0,0,0,0,1,0,2,46,4546,157
9015,A1,2,20,0,20,0,0,0,0,0,0,0,0,0,1,0,2,38,3928,281
9015,B0,0,4,20,1,0,0,0,0,0,0,0,0,0,1,0,1,39,3726,361
9015,B1,1,1,1,1,0,0,0,0,0,0,0,0,0,1,0,1,28,1843,42
9015,B2,20,0,1,19,0,0,0,0,0,0,0,0,0,1,0,1,15,651,37
9015,C1,20,1,7,0,0,0,0,0,0,0,0,0,0,1,0,2,46,4546,157
9030,A1,1,20,0,20,0,0,0,0,0,0,0,0,0,0,1,2,38,3928,281
9030,B0,0,4,20,1,0,0,0,0,0,0,0,0,0,0,1,1,39,3726,361
9030,B1,1,1,1,1,0,0,0,0,0,0,0,0,0,0,1,1,28,1843,42
9030,B2,20,0,1,17,0,0,0,0,0,0,0,0,0,0,1,1,15,651,37
9030,C1,20,1,7,0,0,0,0,0,0,0,0,0,0,0,1,2,46,4546,157
9045,A1,1,20,0,20,0,0,0,0,0,0,0,0,0,0,1,2,38,3928,281
9045,B0,0,4,20,2,0,0,0,0,0,0,0,0,0,0,1,1,39,3726,361
9045,B1,1,1,1,1,0,0,0,0,0,0,0,0,0,0,1,1,28,1843,42
9045,B2,20,0,1,18,0,0,0,0,0,0,0,0,0,0,1,1,15,651,37
9045,C1,20,1,7,0,0,0,0,0,0,0,0,0,0,0,1,2,46,4546,157
9060,A1,1,20,0,20,0,0,0,0,0,0,0,0,0,1,0,2,38,3928,281
9060,B0,0,4,20,1,0,0,4,0,0,0,0,0,0,1,0,2,40,3737,361
9060,B1,1,1,1,1,0,0,0,0,0,1,0,0,0,1,0,1,28,1843,42
9060,B2,19,0,1,20,0,0,0,0,0,0,0,0,0,1,0,1,15,651,37
9060,C1,20,1,7,0,0,0,0,0,0,0,0,0,0,1,0,2,46,4546,157
9075,A1,1,20,0,20,0,0,0,0,0,0,0,0,0,1,0,2,38,3928,281
9075,B0,0,4,20,1,0,0,4,0,0,0,0,0,0,1,0,2,40,3767,361
9075,B1,1,1,1,1,0,0,0,0,0,1,0,0,0,1,0,1,28,1843,42
9075,B2,19,0,1,20,0,0,0,0,0,0,0,0,0,1,0,1,15,651,37
9075,C1,20,1,7,0,0,0,0,0,0,0,0,0,0,1,0,2,46,4546,157
9090,A1,2,20,0,20,0,0,0,0,20,0,0,0,0,0,1,1,39,3933,281
9090,B0,0,6,20,3,0,0,4,0,0,0,0,0,0,0,1,2,40,3797,361
9090,B1,1,1,1,1,0,0,0,0,0,1,0,1,0,0,1,1,28,1843,42
9090,B2,19,0,1,20,0,0,0,0,0,0,0,0,0,0,1,1,15,651,37
9090,C1,20,1,8,0,0,0,0,0,0,0,0,0,0,0,1,2,46,4546,157
9105,A1,2,20,0,20,0,0,0,0,20,0,0,0,0,0,1,1,39,3963,281
9105,B0,0,6,20,1,0,0,4,0,0,0,0,0,0,0,1,2,40,3827,361
9105,B1,1,1,1,1,0,0,0,0,0,1,0,1,0,0,1,1,28,1843,42
9105,B2,20,0,1,20,0,0,0,0,0,0,0,0,0,0,1,1,15,651,37
9105,C1,20,1,8,0,0,0,0,0,0,0,0,0,0,0,1,2,46,4546,157
9120,A1,2,20,0,20,0,0,0,0,20,0,0,0,0,0,1,1,39,3993,281
9120,B0,0,6,20,1,0,0,0,0,0,0,0,0,0,0,1,1,40,3843,365
9120,B1,1,1,1,1,0,0,0,0,0,0,0,1,0,0,1,1,28,1843,42
9120,B2,20,0,1,20,0,0,0,0,0,0,0,0,0,0,1,1,15,651,37
9120,C1,20,2,8,0,0,0,0,0,0,0,0,0,0,0,1,2,46,4546,157
9135,A1,1,20,0,20,0,1,0,0,20,0,0,0,0,1,0,1,40,4053,281
9135,B0,0,6,19,1,0,0,0,0,0,0,0,0,0,1,0,1,40,3843,365
9135,B1,1,1,1,1,0,0,0,0,0,0,0,1,0,1,0,1,28,1843,42
9135,B2,20,0,1,20,0,0,0,0,0,0,0,0,0,1,0,1,15,651,37
9135,C1,20,2,8,0,0,0,0,0,0,0,0,0,0,1,0,2,46,4546,157
9150,A1,3,20,0,20,0,0,0,0,20,0,0,0,0,1,0,1,40,4091,283
9150,B0,0,6,19,1,0,0,0,0,0,0,0,0,0,1,0,1,40,3843,365
9150,B1,1,1,2,2,0,0,0,0,0,0,0,1,0,1,0,1,28,1843,42
9150,B2,20,0,2,20,0,0,0,0,0,0,0,0,0,1,0,1,15,651,37
9150,C1,19,1,8,0,0,0,0,0,0,0,0,0,0,1,0,2,46,4546,157
9165,A1,1,20,0,20,0,0,0,0,20,0,0,0,0,0,1,1,40,4121,283
9165,B0,0,6,19,1,0,0,0,0,0,0,0,0,0,0,1,1,40,3843,365
9165,B1,1,1,1,1,0,0,0,0,0,0,0,1,1,0,1,2,29,1861,43
9165,B2,20,0,1,20,0,0,0,0,0,0,0,0,0,0,1,1,15,651,37
9165,C1,19,1,6,0,0,0,0,6,0,0,0,0,0,0,1,1,47,4569,157
9180,A1,1,20,0,20,0,0,0,0,0,0,0,0,0,0,1,2,40,4143,303
9180,B0,0,6,20,1,0,0,0,0,0,0,0,0,0,0,1,1,40,3843,365
9180,B1,1,1,1,1,0,0,0,0,0,0,0,0,1,0,1,1,29,1861,43
9180,B2,20,0,1,20,0,0,0,0,0,0,0,0,0,0,1,1,15,651,37
9180,C1,20,2,6,0,0,0,0,6,0,0,0,0,0,0,1,1,47,4599,157
9195,A1,1,20,0,20,0,0,0,0,0,0,0,0,1,1,0,2,40,4143,303
9195,B0,0,6,20,2,0,0,6,0,0,0,0,0,0,1,0,2,41,3860,365
9195,B1,1,1,1,1,0,0,0,1,0,1,0,0,1,1,0,1,30,1878,43
9195,B2,20,0,1,20,0,0,0,0,0,0,0,0,0,1,0,1,15,651,37
9195,C1,20,1,6,0,0,0,0,6,0,0,0,0,0,1,0,1,47,4629,157
9210,A1,1,20,0,20,0,0,0,0,0,0,0,0,1,1,0,2,40,4143,303
9210,B0,0,6,20,2,0,0,6,0,0,0,0,0,0,1,0,2,41,3890,365
9210,B1,1,1,2,1,0,0,0,1,0,1,0,0,1,1,0,1,30,1908,43
9210,B2,20,0,1,20,0,0,0,0,0,0,0,0,0,1,0,1,15,651,37
9210,C1,20,1,6,0,0,0,0,6,0,0,0,0,0,1,0,1,47,4659,157
9225,A1,1,20,0,20,0,0,0,0,0,0,0,0,0,0,1,2,40,4143,303
9225,B0,0,6,20,1,0,0,6,0,0,0,0,0,0,0,1,2,41,3920,365
9225,B1,1,1,2,1,0,0,0,0,0,1,0,0,1,0,1,1,30,1908,44
9225,B2,20,0,1,20,0,0,0,1,0,0,0,0,0,0,1,1,16,663,37
9225,C1,20,1,6,0,0,0,0,6,0,0,0,0,0,0,1,1,47,4689,157
9240,A1,1,19,0,20,0,0,0,0,0,0,0,0,0,0,1,2,40,4143,303
9240,B0,0,6,20,2,0,0,6,0,0,0,0,0,0,0,1,2,41,3950,365
9240,B1,1,1,2,1,0,0,0,0,0,1,0,0,0,0,1,1,30,1908,44
9240,B2,20,0,1,20,0,0,0,1,0,0,0,0,0,0,1,1,16,693,37
9240,C1,20,1,6,0,0,0,0,0,0,0,0,0,0,0,1,2,47,4703,165
9255,A1,1,19,0,20,0,0,0,0,0,0,0,0,0,1,0,2,40,4143,303
9255,B0,0,6,20,1,0,0,6,0,0,0,0,0,0,1,0,2,41,3980,365
9255,B1,2,1,2,1,0,0,0,0,0,1,0,0,0,1,0,1,30,1908,44
9255,B2,20,0,1,20,0,0,0,0,0,0,0,0,0,1,0,1,16,693,38
9255,C1,20,2,7,0,0,0,0,0,0,0,0,0,0,1,0,2,47,4703,165
9270,A1,1,18,0,19,0,0,0,0,0,0,0,0,0,1,0,2,40,4143,303
9270,B0,0,6,20,1,0,0,6,0,0,0,0,0,0,1,0,2,41,4010,365
9270,B1,1,1,2,1,0,0,0,0,0,1,0,0,0,1,0,1,30,1908,44
9270,B2,20,0,2,20,0,0,0,0,0,0,0,0,0,1,0,1,16,693,38
9270,C1,20,1,7,0,0,0,0,0,0,0,0,0,0,1,0,2,47,4703,165
9285,A1,1,15,0,20,0,0,0,0,0,0,0,0,0,1,0,2,40,4143,303
9285,B0,0,6,20,1,0,0,6,0,0,0,0,0,0,1,0,2,41,4040,365
9285,B1,1,1,2,1,0,0,0,0,0,1,0,0,0,1,0,1,30,1908,44
9285,B2,20,0,1,20,0,0,0,0,0,0,0,0,0,1,0,1,16,693,38
9285,C1,20,1,7,0,0,0,0,0,0,0,0,0,0,1,0,2,47,4703,165
9300,A1,1,19,0,19,0,0,0,0,0,0,0,0,1,0,1,2,40,4143,303
9300,B0,0,6,20,1,0,0,6,0,0,0,0,0,0,0,1,2,41,4070,365
9300,B1,1,1,3,1,0,0,0,2,0,1,0,0,0,0,1,1,31,1937,44
9300,B2,20,0,1,20,0,0,0,0,0,0,0,0,0,0,1,1,16,693,38
9300,C1,20,1,7,0,0,0,0,0,0,0,0,0,0,0,1,2,47,4703,165
9315,A1,1,20,0,20,0,0,0,0,0,0,0,0,1,0,1,2,40,4143,303
9315,B0,0,5,19,2,0,0,5,0,0,0,0,0,0,0,1,2,41,4100,365
9315,B1,1,1,3,1,0,0,0,2,0,1,0,0,0,0,1,1,31,1967,44
9315,B2,20,0,1,20,0,0,0,0,0,0,0,0,0,0,1,1,16,693,38
9315,C1,20,1,7,0,0,0,0,0,0,0,0,0,0,0,1,2,47,4703,165
9330,A1,1,20,0,20,0,0,0,0,0,0,0,0,1,1,0,2,40,4143,303
9330,B0,0,5,20,3,0,0,0,0,0,0,0,0,0,1,0,1,41,4104,371
9330,B1,1,1,3,1,0,0,0,2,0,0,0,0,0,1,0,1,31,1997,44
9330,B2,20,0,1,20,0,0,0,0,0,0,0,0,0,1,0,1,16,693,38
9330,C1,20,1,7,0,0,0,0,0,0,0,0,0,0,1,0,2,47,4703,165
9345,A1,1,20,0,20,0,0,0,0,0,0,0,0,0,1,0,2,40,4143,303
9345,B0,0,5,20,1,0,0,0,0,0,0,0,0,0,1,0,1,41,4104,371
9345,B1,1,1,3,1,0,0,0,0,0,0,0,0,0,1,0,1,31,2013,46
9345,B2,20,0,1,19,0,0,0,0,0,0,0,0,0,1,0,1,16,693,38
9345,C1,20,1,8,0,0,0,0,0,0,0,0,0,0,1,0,2,47,4703,165
9360,A1,1,20,0,20,0,0,0,0,0,0,0,0,0,0,1,2,40,4143,303
9360,B0,0,5,20,1,0,0,0,0,0,0,0,0,0,0,1,1,41,4104,371
9360,B1,1,1,3,1,0,0,0,0,0,0,0,0,1,0,1,1,31,2013,46
9360,B2,20,0,1,19,0,0,0,0,0,0,0,0,0,0,1,1,16,693,38
9360,C1,20,1,8,0,0,0,0,7,0,0,0,0,0,0,1,1,48,4720,165
9375,A1,1,20,0,20,0,0,0,0,0,0,0,0,0,0,1,2,40,4143,303
9375,B0,0,5,20,1,0,0,0,0,0,0,0,0,0,0,1,1,41,4104,371
9375,B1,1,1,3,1,0,0,0,0,0,0,0,0,1,0,1,1,31,2013,46
9375,B2,19,0,1,18,0,0,0,0,0,0,0,0,0,0,1,1,16,693,38
9375,C1,20,1,9,0,0,0,0,7,0,0,0,0,0,0,1,1,48,4750,165
9390,A1,1,20,0,20,0,1,0,0,0,0,0,0,0,1,0,2,41,4155,303
9390,B0,0,5,20,1,0,0,5,0,0,0,0,0,0,1,0,2,42,4115,371
9390,B1,1,1,3,1,0,0,0,0,0,1,0,0,1,1,0,1,31,2013,46
9390,B2,20,0,1,18,0,0,0,0,0,0,0,0,0,1,0,1,16,693,38
9390,C1,20,1,9,0,0,0,1,8,0,0,0,0,0,1,0,2,49,4792,165
9405,A1,1,20,0,20,0,0,0,0,0,0,0,0,0,1,0,2,41,4155,304
9405,B0,0,5,20,1,0,0,5,0,0,0,0,0,0,1,0,2,42,4145,371
9405,B1,1,1,3,1,0,0,0,0,0,1,0,0,1,1,0,1,31,2013,46
9405,B2,20,0,1,20,0,0,0,0,0,0,0,0,0,1,0,1,16,693,38
9405,C1,20,1,9,0,0,0,1,8,0,0,0,0,0,1,0,2,49,4852,165
9420,A1,1,20,0,20,0,0,0,0,20,0,0,0,1,0,1,1,42,4160,304
9420,B0,0,5,20,1,0,0,5,0,0,0,0,0,0,0,1,2,42,4175,371
9420,B1,1,1,3,1,0,0,0,3,0,1,0,1,0,0,1,1,32,2018,46
9420,B2,19,0,1,19,0,0,0,1,0,0,0,0,0,0,1,1,17,699,38
9420,C1,20,2,9,0,0,0,0,0,0,0,0,0,0,0,1,2,49,4854,174
9435,A1,1,20,0,20,0,0,0,0,20,0,0,0,0,0,1,1,42,4190,304
9435,B0,0,5,20,1,0,0,5,0,0,0,0,0,0,0,1,2,42,4205,371
9435,B1,1,1,3,1,0,0,0,0,0,1,0,1,0,0,1,1,32,2030,49
9435,B2,20,0,1,19,0,0,0,0,0,0,0,0,0,0,1,1,17,709,39
9435,C1,20,1,9,0,0,0,0,0,0,0,0,0,0,0,1,2,49,4854,174
9450,A1,1,20,0,20,0,0,0,0,20,0,0,0,0,0,1,1,42,4220,304
9450,B0,0,5,20,1,0,0,5,0,0,0,0,0,0,0,1,2,42,4235,371
9450,B1,1,1,3,1,0,0,0,0,0,1,0,1,0,0,1,1,32,2030,49
9450,B2,20,0,1,20,0,0,0,0,0,0,0,0,0,0,1,1,17,709,39
9450,C1,20,1,9,0,0,0,0,0,0,0,0,0,0,0,1,2,49,4854,174
9465,A1,1,20,0,20,0,0,0,0,20,0,0,0,0,1,0,1,42,4250,304
9465,B0,0,5,20,1,0,0,5,0,0,0,0,0,0,1,0,2,42,4265,371
9465,B1,1,1,3,1,0,0,0,0,0,1,0,1,0,1,0,1,32,2030,49
9465,B2,20,0,1,20,0,0,0,0,0,0,0,0,0,1,0,1,17,709,39
9465,C1,20,1,8,0,0,0,0,0,0,0,0,0,0,1,0,2,49,4854,174
9480,A1,1,20,0,20,0,0,0,0,0,0,0,0,0,1,0,2,42,4260,324
9480,B0,0,5,20,2,0,0,5,0,0,0,0,0,0,1,0,2,42,4295,371
9480,B1,1,1,2,1,0,0,0,0,0,1,0,0,0,1,0,1,32,2030,49
9480,B2,20,0,1,20,0,0,0,0,0,0,0,0,0,1,0,1,17,709,39
9480,C1,16,1,8,0,0,0,0,0,0,0,0,0,0,1,0,2,49,4854,174
9495,A1,1,20,0,20,0,0,0,0,0,0,0,0,0,0,1,2,42,4260,324
9495,B0,0,5,20,1,0,0,5,0,0,0,0,0,0,0,1,2,42,4325,371
9495,B1,1,1,1,1,0,0,0,0,0,1,0,0,0,0,1,1,32,2030,49
9495,B2,20,0,1,20,0,0,0,1,0,0,0,0,0,0,1,1,18,733,39
9495,C1,16,1,5,0,0,0,0,0,0,0,0,0,0,0,1,2,49,4854,174
9510,A1,1,20,0,20,0,0,0,0,0,0,0,0,0,0,1,2,42,4260,324
9510,B0,0,6,20,1,0,0,5,0,0,0,0,0,0,0,1,2,42,4355,371
9510,B1,1,1,1,1,0,0,0,0,0,1,0,0,0,0,1,1,32,2030,49
9510,B2,20,0,1,20,0,0,0,0,0,0,0,0,0,0,1,1,18,745,40
9510,C1,20,3,4,0,0,0,0,0,0,0,0,0,0,0,1,2,49,4854,174
9525,A1,1,20,0,20,0,0,0,0,0,0,0,0,0,1,0,2,42,4260,324
9525,B0,0,6,20,1,0,0,0,0,0,0,0,0,0,1,0,1,42,4363,376
9525,B1,1,1,1,1,0,0,0,0,0,0,0,0,0,1,0,1,32,2030,49
9525,B2,20,0,1,20,0,0,0,0,0,0,0,0,0,1,0,1,18,745,40
9525,C1,19,1,4,0,0,0,0,0,0,0,0,0,0,1,0,2,49,4854,174
9540,A1,1,20,0,20,0,0,0,0,0,0,0,0,0,1,0,2,42,4260,324
9540,B0,0,6,20,1,0,0,0,0,0,0,0,0,0,1,0,1,42,4363,376
9540,B1,1,1,1,1,0,0,0,0,0,0,0,0,0,1,0,1,32,2030,49
9540,B2,20,0,1,20,0,0,0,0,0,0,0,0,0,1,0,1,18,745,40
9540,C1,19,1,4,0,0,0,0,0,0,0,0,0,0,1,0,2,49,4854,174
9555,A1,1,20,0,20,0,0,0,0,0,0,0,0,1,0,1,2,42,4260,324
9555,B0,0,6,20,1,0,0,0,0,0,0,0,0,0,0,1,1,42,4363,376
9555,B1,1,1,1,1,0,0,0,1,0,0,0,0,0,0,1,1,33,2041,49
9555,B2,20,0,1,20,0,0,0,0,0,0,0,0,0,0,1,1,18,745,40
9555,C1,19,1,3,0,0,0,0,0,0,0,0,0,0,0,1,2,49,4854,174
9570,A1,1,20,0,20,0,0,0,0,0,0,0,0,1,0,1,2,42,4260,324
9570,B0,0,6,20,1,0,0,0,0,0,0,0,0,0,0,1,1,42,4363,376
9570,B1,1,1,1,1,0,0,0,1,0,0,0,0,0,0,1,1,33,2071,49
9570,B2,20,0,1,20,0,0,0,0,0,0,0,0,0,0,1,1,18,745,40
9570,C1,20,1,3,0,0,0,0,0,0,0,0,0,0,0,1,2,49,4854,174
9585,A1,1,18,0,20,0,0,0,0,0,0,0,0,1,1,0,2,42,4260,324
9585,B0,0,6,20,1,0,0,0,0,0,0,0,0,0,1,0,1,42,4363,376
9585,B1,1,1,1,1,0,0,0,1,0,0,0,0,0,1,0,1,33,2101,49
9585,B2,20,0,1,20,0,0,0,0,0,0,0,0,0,1,0,1,18,745,40
9585,C1,20,1,3,0,0,0,0,0,0,0,0,0,0,1,0,2,49,4854,174
9600,A1,1,18,0,19,0,0,0,0,0,0,0,0,1,1,0,2,42,4260,324
9600,B0,0,4,20,1,0,0,0,0,0,0,0,0,0,1,0,1,42,4363,376
9600,B1,1,1,1,1,0,0,0,1,0,0,0,0,0,1,0,1,33,2131,49
9600,B2,20,0,1,20,0,0,0,0,0,0,0,0,0,1,0,1,18,745,40
9600,C1,20,1,3,0,0,0,0,0,0,0,0,0,0,1,0,2,49,4854,174
9615,A1,2,20,0,20,0,0,0,0,0,0,0,0,1,1,0,2,42,4260,324
9615,B0,0,3,19,2,0,0,0,0,0,0,0,0,0,1,0,1,42,4363,376
9615,B1,1,1,1,1,0,0,0,1,0,0,0,0,0,1,0,1,33,2161,49
9615,B2,20,0,1,20,0,0,0,0,0,0,0,0,0,1,0,1,18,745,40
9615,C1,20,1,3,0,0,0,0,0,0,0,0,0,0,1,0,2,49,4854,174
9630,A1,3,20,0,20,0,0,0,0,0,0,0,0,0,0,1,2,42,4260,324
9630,B0,0,3,18,1,0,0,0,0,0,0,0,0,0,0,1,1,42,4363,376
9630,B1,1,1,1,1,0,0,0,0,0,0,0,0,0,0,1,1,33,2161,50
9630,B2,20,0,1,20,0,0,0,0,0,0,0,0,0,0,1,1,18,745,40
9630,C1,20,1,3,0,0,0,0,0,0,0,0,0,0,0,1,2,49,4854,174
9645,A1,4,20,0,20,0,0,0,0,0,0,0,0,0,0,1,2,42,4260,324
9645,B0,0,3,20,1,0,0,0,0,0,0,0,0,0,0,1,1,42,4363,376
9645,B1,1,1,1,1,0,0,0,0,0,0,0,0,0,0,1,1,33,2161,50
9645,B2,20,0,1,20,0,0,0,0,0,0,0,0,0,0,1,1,18,745,40
9645,C1,20,1,3,0,0,0,0,0,0,0,0,0,0,0,1,2,49,4854,174
9660,A1,1,20,0,20,0,0,0,0,0,0,0,0,0,1,0,2,43,4265,326
9660,B0,0,2,20,1,0,0,0,0,0,0,0,0,0,1,0,1,43,4368,379
9660,B1,1,1,1,1,0,0,0,0,0,0,0,0,0,1,0,1,33,2161,50
9660,B2,20,0,1,19,0,0,0,0,0,0,0,0,0,1,0,1,18,745,40
9660,C1,20,1,3,0,0,0,0,0,0,0,0,0,0,1,0,2,49,4854,174
9675,A1,3,20,0,20,0,0,0,0,0,0,0,0,0,1,0,2,43,4265,326
9675,B0,0,2,20,1,0,0,0,0,0,0,0,0,0,1,0,1,43,4368,379
9675,B1,1,1,2,1,0,0,0,0,0,0,0,0,0,1,0,1,33,2161,50
9675,B2,20,0,2,19,0,0,0,0,0,0,0,0,0,1,0,1,18,745,40
9675,C1,20,1,3,0,0,0,0,0,0,0,0,0,0,1,0,2,49,4854,174
9690,A1,2,19,0,19,0,0,0,0,0,0,0,0,0,0,1,2,43,4265,326
9690,B0,0,2,20,1,0,0,0,0,0,0,0,0,0,0,1,1,43,4368,379
9690,B1,1,1,2,1,0,0,0,0,0,0,0,0,1,0,1,1,33,2161,50
9690,B2,20,0,1,19,0,0,0,0,0,0,0,0,0,0,1,1,18,745,40
9690,C1,20,1,3,0,0,0,0,3,0,0,0,0,0,0,1,1,50,4871,174
9705,A1,2,20,0,20,0,0,0,0,0,0,0,0,0,0,1,2,43,4265,326
9705,B0,0,2,19,2,0,0,0,0,0,0,0,0,0,0,1,1,43,4368,379
9705,B1,1,1,2,1,0,0,0,0,0,0,0,0,1,0,1,1,33,2161,50
9705,B2,20,0,1,20,0,0,0,0,0,0,0,0,0,0,1,1,18,745,40
9705,C1,20,1,3,0,0,0,0,3,0,0,0,0,0,0,1,1,50,4901,174
9720,A1,1,20,0,20,0,0,0,0,0,0,0,0,0,1,0,2,43,4265,326
9720,B0,0,2,20,1,0,0,0,0,0,0,0,0,0,1,0,1,43,4368,379
9720,B1,1,2,2,1,0,0,0,0,0,0,0,0,1,1,0,2,33,2161,50
9720,B2,19,0,1,20,0,0,0,0,0,0,0,0,0,1,0,1,18,745,40
9720,C1,20,1,3,0,1,0,0,3,0,0,0,0,0,1,0,0,50,4931,174
9735,A1,2,17,0,20,0,0,0,0,0,0,0,0,0,1,0,2,43,4265,326
9735,B0,0,2,20,1,0,0,0,0,0,0,0,0,0,1,0,1,43,4368,379
9735,B1,1,1,2,1,0,0,0,0,0,0,0,0,1,1,0,1,33,2161,50
9735,B2,20,0,1,20,0,0,0,0,0,0,0,0,0,1,0,1,18,745,40
9735,C1,20,1,3,0,1,0,0,3,0,0,0,0,0,1,0,0,50,4961,174
9750,A1,1,19,0,20,0,0,0,0,20,0,0,0,0,0,1,1,44,4270,326
9750,B0,0,2,20,1,0,0,0,0,1,0,0,0,0,0,1,1,44,4374,379
9750,B1,1,1,3,1,0,0,0,0,0,0,0,1,1,0,1,2,33,2161,50
9750,B2,20,0,1,20,0,0,0,0,0,0,0,0,0,0,1,1,19,749,41
9750,C1,20,1,3,0,1,0,0,3,0,0,0,0,0,0,1,0,50,4991,174
9765,A1,1,20,0,20,0,0,0,0,20,0,0,0,0,0,1,1,44,4300,326
9765,B0,0,3,20,1,0,0,0,0,1,0,0,0,0,0,1,1,44,4404,379
9765,B1,1,1,2,1,0,0,0,0,0,0,0,1,1,0,1,2,33,2161,50
9765,B2,20,0,1,20,0,0,0,0,0,0,0,0,0,0,1,1,19,749,41
9765,C1,20,1,3,0,1,0,0,3,0,0,0,0,0,0,1,0,50,5021,174
9780,A1,2,20,0,20,0,0,0,0,20,0,0,0,0,0,1,1,44,4330,326
9780,B0,0,3,20,1,0,0,0,0,1,0,0,0,0,0,1,1,44,4434,379
9780,B1,1,1,1,1,0,0,0,0,0,0,0,1,0,0,1,1,33,2161,50
9780,B2,20,0,1,20,0,0,0,0,0,0,0,0,0,0,1,1,19,749,41
9780,C1,20,1,4,0,1,0,0,0,0,0,0,0,0,0,1,0,50,5043,177
9795,A1,1,20,0,20,0,0,0,0,20,0,0,0,0,1,0,1,44,4360,326
9795,B0,0,2,20,1,0,0,0,0,1,0,0,0,0,1,0,1,44,4464,379
9795,B1,1,1,1,1,0,0,0,0,0,0,0,1,0,1,0,1,33,2161,50
9795,B2,20,0,1,20,0,0,0,0,0,0,0,0,0,1,0,1,19,749,41
9795,C1,20,1,5,0,0,0,0,0,0,0,0,0,0,1,0,2,50,5043,177
9810,A1,1,20,0,20,0,0,0,0,20,0,0,0,0,1,0,1,44,4390,326
9810,B0,0,2,20,1,0,0,0,0,1,0,0,0,0,1,0,1,44,4494,379
9810,B1,1,1,2,2,0,0,0,0,0,0,0,1,0,1,0,1,33,2161,50
9810,B2,19,0,2,20,0,0,0,0,0,0,0,0,0,1,0,1,19,749,41
9810,C1,20,1,5,0,0,0,0,0,0,0,0,0,0,1,0,2,50,5043,177
9825,A1,1,20,0,20,0,0,0,0,20,0,0,0,0,0,1,1,44,4420,326
9825,B0,0,2,20,1,0,0,0,0,1,0,0,0,0,0,1,1,44,4524,379
9825,B1,1,1,1,1,0,0,0,0,0,0,0,1,0,0,1,1,34,2181,51
9825,B2,19,0,1,20,0,0,0,0,0,0,0,0,0,0,1,1,19,749,41
9825,C1,20,1,4,0,0,0,0,0,0,0,0,0,0,0,1,2,50,5043,177
9840,A1,2,20,0,19,0,0,0,0,0,0,0,0,0,0,1,2,44,4438,346
9840,B0,0,2,20,2,0,0,0,0,0,0,0,0,0,0,1,1,44,4532,380
9840,B1,1,1,1,1,0,0,0,0,0,0,0,0,0,0,1,1,34,2181,51
9840,B2,19,0,1,20,0,0,0,0,0,0,0,0,0,0,1,1,19,749,41
9840,C1,20,1,4,0,0,0,0,0,0,0,0,0,0,0,1,2,50,5043,177
9855,A1,1,20,0,20,0,0,0,0,0,0,0,0,0,1,0,2,44,4438,346
9855,B0,0,2,20,1,0,0,0,0,0,0,0,0,0,1,0,1,44,4532,380
9855,B1,1,1,1,1,0,0,1,0,0,0,0,0,0,1,0,2,35,2199,51
9855,B2,19,0,1,20,0,0,0,0,0,1,0,0,0,1,0,1,19,749,41
9855,C1,20,1,4,0,0,0,1,0,0,0,0,0,0,1,0,2,51,5061,177
9870,A1,1,20,0,20,0,0,0,0,0,0,0,0,0,1,0,2,44,4438,346
9870,B0,0,2,20,1,0,0,0,0,0,0,0,0,0,1,0,1,44,4532,380
9870,B1,1,1,1,1,0,0,1,0,0,0,0,0,0,1,0,2,35,2229,51
9870,B2,19,0,1,20,0,0,0,0,0,1,0,0,0,1,0,1,19,749,41
9870,C1,20,1,4,0,0,0,0,0,0,0,0,0,0,1,0,2,51,5087,178
9885,A1,1,20,0,20,0,0,0,0,0,0,0,0,0,0,1,2,44,4438,346
9885,B0,0,2,20,1,0,0,0,0,0,0,0,0,0,0,1,1,44,4532,380
9885,B1,1,1,1,1,0,0,1,0,0,0,0,0,1,0,1,2,35,2259,51
9885,B2,20,0,1,20,0,0,0,1,0,1,0,0,0,0,1,1,20,761,41
9885,C1,19,2,4,0,0,0,0,4,0,0,0,0,0,0,1,1,52,5098,178
9900,A1,1,20,0,20,0,0,0,0,0,0,0,0,0,0,1,2,44,4438,346
9900,B0,0,2,20,1,0,0,0,0,0,0,0,0,0,0,1,1,44,4532,380
9900,B1,1,1,1,1,0,0,1,0,0,0,0,0,1,0,1,2,35,2289,51
9900,B2,20,0,1,20,0,0,0,0,0,1,0,0,0,0,1,1,20,787,42
9900,C1,19,2,4,0,0,0,0,4,0,0,0,0,0,0,1,1,52,5128,178
9915,A1,1,20,0,20,0,0,0,0,0,0,0,0,0,1,0,2,44,4438,346
9915,B0,0,2,20,1,0,0,2,0,0,0,0,0,0,1,0,2,45,4537,380
9915,B1,1,1,1,1,0,0,1,0,0,1,0,0,0,1,0,1,35,2319,51
9915,B2,20,0,1,20,0,0,0,0,0,1,0,0,0,1,0,1,20,787,42
9915,C1,18,1,4,0,0,0,0,0,0,0,0,0,0,1,0,2,52,5136,182
9930,A1,1,20,0,20,0,0,0,0,0,0,0,0,0,1,0,2,44,4438,346
9930,B0,0,2,20,1,0,0,2,0,0,0,0,0,0,1,0,2,45,4567,380
9930,B1,1,1,1,1,0,0,0,0,0,1,0,0,0,1,0,1,35,2335,52
9930,B2,20,0,1,20,0,0,0,0,0,0,0,0,0,1,0,1,20,787,42
9930,C1,18,1,4,0,0,0,0,0,0,0,0,0,0,1,0,2,52,5136,182
9945,A1,1,20,0,20,0,0,0,0,0,0,0,0,0,1,0,2,44,4438,346
9945,B0,0,2,20,1,0,0,2,0,0,0,0,0,0,1,0,2,45,4597,380
9945,B1,1,1,2,1,0,0,0,0,0,1,0,0,0,1,0,1,35,2335,52
9945,B2,20,0,1,20,0,0,0,0,0,0,0,0,0,1,0,1,20,787,42
9945,C1,20,2,4,0,0,0,0,0,0,0,0,0,0,1,0,2,52,5136,182
9960,A1,1,19,0,20,0,0,0,0,20,0,0,0,0,0,1,1,45,4467,346
9960,B0,0,2,20,1,0,0,1,0,1,0,0,0,0,0,1,1,46,4657,380
9960,B1,1,1,1,1,0,0,0,0,0,1,0,1,0,0,1,1,35,2335,52
9960,B2,20,0,1,20,0,0,0,0,0,0,0,0,0,0,1,1,20,787,42
9960,C1,20,1,4,0,0,0,0,0,0,0,0,0,0,0,1,2,52,5136,182
9975,A1,1,19,0,20,0,0,0,0,0,0,0,0,0,0,1,2,45,4479,366
9975,B0,0,3,20,3,0,0,1,0,0,0,0,0,0,0,1,1,46,4693,381
9975,B1,1,1,1,1,0,0,0,0,0,1,0,0,0,0,1,1,35,2335,52
9975,B2,20,0,1,20,0,0,0,0,0,0,0,0,0,0,1,1,20,787,42
9975,C1,20,1,4,0,0,0,0,0,0,0,0,0,0,0,1,2,52,5136,182
9990,A1,1,19,0,20,0,1,0,0,0,0,0,0,0,1,0,2,46,4503,366
9990,B0,0,3,20,1,0,0,0,0,0,0,0,0,0,1,0,1,46,4711,383
9990,B1,1,1,1,1,0,0,0,0,0,0,0,0,0,1,0,1,35,2335,52
9990,B2,20,0,1,20,0,0,0,0,0,0,0,0,0,1,0,1,20,787,42
9990,C1,20,1,4,0,0,0,0,0,0,0,0,0,0,1,0,2,52,5136,182
