time_of_info,tls_id,count_to_r,count_to_l,count_to_b,count_to_t,count_stuck_middle,count_stuck_to_r,count_stuck_to_l,count_stuck_to_b,count_stuck_to_t,is_jam_next_l,is_jam_next_r,is_jam_next_t,is_jam_next_b,is_green_horizontal,is_green_vertical,y,jams_count,jams_time,jams_car_count
15,A1,0,0,0,0,0,0,0,0,0,0,0,0,0,1,0,2,0,0,0
15,B0,0,0,0,0,0,0,0,0,0,0,0,0,0,1,0,2,0,0,0
15,B1,0,0,0,0,0,0,0,0,0,0,0,0,0,1,0,2,0,0,0
15,B2,0,0,0,0,0,0,0,0,0,0,0,0,0,1,0,2,0,0,0
15,C1,0,0,0,0,0,0,0,0,0,0,0,0,0,1,0,2,0,0,0
30,A1,2,1,0,1,0,0,0,0,0,0,0,0,0,1,0,2,0,0,0
30,B0,0,1,2,1,0,0,0,0,0,0,0,0,0,1,0,2,0,0,0
30,B1,1,2,1,1,0,0,0,0,0,0,0,0,0,1,0,2,0,0,0
30,B2,2,0,2,1,0,0,0,0,0,0,0,0,0,1,0,2,0,0,0
30,C1,1,2,1,0,0,0,0,0,0,0,0,0,0,1,0,2,0,0,0
45,A1,1,1,0,4,0,0,0,0,0,0,0,0,0,1,0,2,0,0,0
45,B0,0,3,5,2,0,0,0,0,0,0,0,0,0,1,0,2,0,0,0
45,B1,2,1,3,4,0,0,0,0,0,0,0,0,0,1,0,2,0,0,0
45,B2,4,0,2,3,0,0,0,0,0,0,0,0,0,1,0,2,0,0,0
45,C1,2,3,4,0,0,0,0,0,0,0,0,0,0,1,0,2,0,0,0
60,A1,3,6,0,2,0,0,0,0,0,0,0,0,0,0,1,2,0,0,0
60,B0,0,4,5,2,0,0,0,0,0,0,0,0,0,0,1,2,0,0,0
60,B1,3,4,5,2,0,0,0,0,0,0,0,0,0,0,1,2,0,0,0
60,B2,5,0,2,6,0,0,0,0,0,0,0,0,0,0,1,2,0,0,0
60,C1,5,4,3,0,0,0,0,0,0,0,0,0,0,0,1,2,0,0,0
75,A1,6,10,0,2,0,0,0,0,0,0,0,0,0,0,1,2,0,0,0
75,B0,0,7,7,1,0,0,0,0,0,0,0,0,0,0,1,2,0,0,0
75,B1,3,6,5,1,0,0,0,0,0,0,0,0,0,0,1,2,0,0,0
75,B2,7,0,1,7,0,0,0,0,0,0,0,0,0,0,1,2,0,0,0
75,C1,9,6,2,0,0,0,0,0,0,0,0,0,0,0,1,2,0,0,0
90,A1,4,14,0,7,0,0,0,0,0,0,0,0,0,1,0,2,0,0,0
90,B0,0,9,6,4,0,0,0,0,0,0,0,0,0,1,0,2,0,0,0
90,B1,2,5,3,2,0,0,0,0,0,0,0,0,0,1,0,2,0,0,0
90,B2,5,0,3,7,0,0,0,0,0,0,0,0,0,1,0,2,0,0,0
90,C1,12,5,2,0,0,0,0,0,0,0,0,0,0,1,0,2,0,0,0
105,A1,2,14,0,9,0,0,0,0,0,0,0,0,0,1,0,2,0,0,0
105,B0,0,4,11,7,0,0,0,0,0,0,0,0,0,1,0,2,0,0,0
105,B1,1,4,3,5,0,0,0,0,0,0,0,0,0,1,0,2,0,0,0
105,B2,2,0,7,9,0,0,0,0,0,0,0,0,0,1,0,1,0,0,0
105,C1,13,2,2,0,0,0,0,0,0,0,0,0,0,1,0,2,0,0,0
120,A1,6,13,0,9,0,0,0,0,0,0,0,0,0,0,1,2,0,0,0
120,B0,0,4,13,6,0,0,0,0,0,0,0,0,0,0,1,2,0,0,0
120,B1,1,3,5,3,0,0,0,0,0,0,0,0,0,0,1,2,0,0,0
120,B2,2,0,6,12,0,0,0,0,0,0,0,0,0,0,1,2,0,0,0
120,C1,12,6,1,0,0,0,0,0,0,0,0,0,0,0,1,2,0,0,0
135,A1,10,14,0,7,0,0,0,0,0,0,0,0,0,0,1,2,0,0,0
135,B0,0,4,14,5,0,0,0,0,0,0,0,0,0,0,1,2,0,0,0
135,B1,1,3,3,4,0,0,0,0,0,0,0,0,0,0,1,2,0,0,0
135,B2,2,0,3,11,0,0,0,0,0,0,0,0,0,0,1,2,0,0,0
135,C1,13,9,2,0,0,0,0,0,0,0,0,0,0,0,1,2,0,0,0
150,A1,10,12,0,8,0,0,0,0,0,0,0,0,0,1,0,2,0,0,0
150,B0,0,5,13,6,0,0,0,0,0,0,0,0,0,1,0,2,0,0,0
150,B1,3,5,1,3,0,0,0,0,0,0,0,0,0,1,0,2,0,0,0
150,B2,5,0,4,10,0,0,0,0,0,0,0,0,0,1,0,2,0,0,0
150,C1,14,10,1,0,0,0,0,0,0,0,0,0,0,1,0,2,0,0,0
165,A1,5,13,0,9,0,0,0,0,0,0,0,0,0,1,0,2,0,0,0
165,B0,0,1,14,8,0,0,0,0,0,0,0,0,0,1,0,1,0,0,0
165,B1,2,5,1,3,0,0,0,0,0,0,0,0,0,1,0,2,0,0,0
165,B2,1,0,7,13,0,0,0,0,0,0,0,0,0,1,0,1,0,0,0
165,C1,14,8,4,0,0,0,0,0,0,0,0,0,0,1,0,2,0,0,0
180,A1,6,13,0,10,0,0,0,0,0,0,0,0,0,0,1,2,0,0,0
180,B0,0,1,14,10,0,0,0,0,0,0,0,0,0,0,1,1,0,0,0
180,B1,1,3,2,3,0,0,0,0,0,0,0,0,0,0,1,2,0,0,0
180,B2,1,0,10,14,0,0,0,0,0,0,0,0,0,0,1,2,0,0,0
180,C1,13,8,4,0,0,0,0,0,0,0,0,0,0,0,1,2,0,0,0
195,A1,11,14,0,6,0,0,0,0,0,0,0,0,0,0,1,2,0,0,0
195,B0,0,2,14,4,0,0,0,0,0,0,0,0,0,0,1,2,0,0,0
195,B1,1,3,1,5,0,0,0,0,0,0,0,0,0,0,1,2,0,0,0
195,B2,5,0,7,14,0,0,0,0,0,0,0,0,0,0,1,2,0,0,0
195,C1,14,11,1,0,0,0,0,0,0,0,0,0,0,0,1,2,0,0,0
210,A1,13,14,0,2,0,0,0,0,0,0,0,0,0,0,1,2,0,0,0
210,B0,0,3,13,2,0,0,0,0,0,0,0,0,0,0,1,2,0,0,0
210,B1,2,5,1,2,0,0,0,0,0,0,0,0,0,0,1,2,0,0,0
210,B2,6,0,7,13,0,0,0,0,0,0,0,0,0,0,1,2,0,0,0
210,C1,14,14,1,0,0,0,0,0,0,0,0,0,0,0,1,2,0,0,0
225,A1,8,14,0,2,0,0,0,0,0,0,0,0,0,1,0,2,0,0,0
225,B0,0,1,14,5,0,0,0,0,0,0,0,0,0,1,0,2,0,0,0
225,B1,2,4,1,2,0,0,0,0,0,0,0,0,0,1,0,2,0,0,0
225,B2,2,0,11,14,0,0,0,0,0,0,0,0,0,1,0,1,0,0,0
225,C1,12,8,3,0,0,0,0,0,0,0,0,0,0,1,0,2,0,0,0
240,A1,4,14,0,3,0,0,0,0,0,0,0,0,0,1,0,2,0,0,0
240,B0,0,4,14,8,0,0,0,0,0,0,0,0,0,1,0,1,0,0,0
240,B1,1,4,3,3,0,0,0,0,0,0,0,0,0,1,0,2,0,0,0
240,B2,1,0,14,14,0,0,0,0,0,0,0,0,0,1,0,1,0,0,0
240,C1,14,7,3,0,0,0,0,0,0,0,0,0,0,1,0,2,0,0,0
255,A1,8,13,0,1,0,0,0,0,0,0,0,0,0,0,1,2,0,0,0
255,B0,0,6,14,5,0,0,0,0,0,0,0,0,0,0,1,2,0,0,0
255,B1,1,3,2,3,0,0,0,0,0,0,0,0,0,0,1,2,1,1,1
255,B2,3,0,10,14,0,0,0,0,0,0,0,0,0,0,1,2,0,0,0
255,C1,13,11,1,0,0,0,0,0,0,0,0,0,0,0,1,2,0,0,0
270,A1,11,14,0,1,0,0,0,0,0,0,0,0,0,0,1,2,0,0,0
270,B0,0,6,13,1,0,0,0,0,0,0,0,0,0,0,1,2,0,0,0
270,B1,1,4,2,4,0,0,0,0,0,0,0,0,0,0,1,2,1,1,1
270,B2,3,0,7,14,0,0,0,0,0,0,0,0,0,0,1,2,0,0,0
270,C1,14,13,2,0,0,0,0,0,0,0,0,0,0,0,1,2,0,0,0
285,A1,10,14,0,1,0,0,0,0,0,0,0,0,0,1,0,2,0,0,0
285,B0,0,5,13,4,0,0,0,0,0,0,0,0,0,1,0,2,0,0,0
285,B1,3,3,1,2,0,0,0,0,0,0,0,0,0,1,0,2,1,1,1
285,B2,1,0,12,13,0,0,0,0,0,0,0,0,0,1,0,1,0,0,0
285,C1,13,10,1,0,0,0,0,0,0,0,0,0,0,1,0,2,0,0,0
300,A1,4,14,0,2,0,0,0,0,0,0,0,0,0,1,0,2,0,0,0
300,B0,0,1,14,7,0,0,0,0,0,0,0,0,0,1,0,2,0,0,0
300,B1,1,2,1,3,0,0,0,0,0,0,0,0,0,1,0,2,1,1,1
300,B2,2,0,14,14,0,0,0,0,0,0,0,0,0,1,0,1,0,0,0
300,C1,14,7,2,0,0,0,0,0,0,0,0,0,0,1,0,2,0,0,0
315,A1,5,13,0,2,0,0,0,0,0,0,0,0,0,0,1,2,0,0,0
315,B0,0,2,12,5,0,0,0,0,0,0,0,0,0,0,1,2,0,0,0
315,B1,1,1,1,3,0,0,0,0,0,0,0,0,0,0,1,2,1,1,1
315,B2,2,0,12,14,0,0,0,0,0,0,0,0,0,0,1,2,0,0,0
315,C1,13,8,4,0,0,0,0,0,0,0,0,0,0,0,1,2,0,0,0
330,A1,6,14,0,1,0,0,0,0,0,0,0,0,0,0,1,2,0,0,0
330,B0,0,3,13,1,0,0,0,0,0,0,0,0,0,0,1,2,0,0,0
330,B1,1,1,1,4,0,0,0,0,0,0,0,0,0,0,1,2,1,1,1
330,B2,4,0,6,14,0,0,0,0,0,0,0,0,0,0,1,2,0,0,0
330,C1,14,11,1,0,0,0,0,0,0,0,0,0,0,0,1,2,0,0,0
345,A1,7,13,0,2,0,0,0,0,0,0,0,0,0,1,0,2,0,0,0
345,B0,0,5,11,2,0,0,0,0,0,0,0,0,0,1,0,2,0,0,0
345,B1,1,1,1,3,0,0,0,0,0,0,0,0,0,1,0,2,1,1,1
345,B2,3,0,9,13,0,0,0,0,0,0,0,0,0,1,0,2,0,0,0
345,C1,14,13,1,0,0,0,0,0,0,0,0,0,0,1,0,2,0,0,0
360,A1,4,12,0,3,0,0,0,0,0,0,0,0,0,1,0,2,0,0,0
360,B0,0,1,14,8,0,0,0,0,0,0,0,0,0,1,0,1,0,0,0
360,B1,3,2,1,3,0,0,0,0,0,0,0,0,0,1,0,2,1,1,1
360,B2,1,0,11,14,0,0,0,0,0,0,0,0,0,1,0,1,0,0,0
360,C1,14,8,3,0,0,0,0,0,0,0,0,0,0,1,0,2,0,0,0
375,A1,2,13,0,3,0,0,0,0,0,0,0,0,0,1,0,2,0,0,0
375,B0,0,1,14,11,0,0,0,0,0,0,0,0,0,1,0,1,0,0,0
375,B1,2,2,1,3,0,0,0,0,0,0,0,0,0,1,0,2,1,1,1
375,B2,2,0,14,14,0,0,0,0,0,0,0,0,0,1,0,1,0,0,0
375,C1,13,6,3,0,0,0,0,0,0,0,0,0,0,1,0,2,0,0,0
390,A1,6,14,0,1,0,0,0,0,0,0,0,0,0,0,1,2,0,0,0
390,B0,0,2,14,7,0,0,0,0,0,0,0,0,0,0,1,2,0,0,0
390,B1,2,2,1,2,0,0,0,0,0,0,0,0,0,0,1,2,1,1,1
390,B2,1,0,8,14,0,0,0,0,0,0,0,0,0,0,1,2,0,0,0
390,C1,14,10,1,0,0,0,0,0,0,0,0,0,0,0,1,2,0,0,0
405,A1,8,14,0,1,0,0,0,0,0,0,0,0,0,0,1,2,0,0,0
405,B0,0,4,14,2,0,0,0,0,0,0,0,0,0,0,1,2,0,0,0
405,B1,3,2,1,3,0,0,0,0,0,0,0,0,0,0,1,2,1,1,1
405,B2,4,0,5,14,0,0,0,0,0,0,0,0,0,0,1,2,0,0,0
405,C1,14,11,1,0,0,0,0,0,0,0,0,0,0,0,1,2,0,0,0
420,A1,5,14,0,2,0,0,0,0,0,0,0,0,0,1,0,2,0,0,0
420,B0,0,1,13,6,0,0,0,0,0,0,0,0,0,1,0,2,0,0,0
420,B1,2,1,1,2,0,0,0,0,0,0,0,0,0,1,0,2,2,9,3
420,B2,1,0,10,13,0,0,0,0,0,0,0,0,0,1,0,1,0,0,0
420,C1,14,8,1,0,0,0,0,0,0,0,0,0,0,1,0,2,0,0,0
435,A1,3,13,0,2,0,0,0,0,0,0,0,0,0,1,0,2,0,0,0
435,B0,0,1,14,10,0,0,0,0,0,0,0,0,0,1,0,1,0,0,0
435,B1,2,2,1,2,0,0,0,0,0,0,0,0,0,1,0,2,2,9,3
435,B2,1,0,13,14,0,0,0,0,0,0,0,0,0,1,0,1,0,0,0
435,C1,14,3,1,0,0,0,0,0,0,0,0,0,0,1,0,2,0,0,0
450,A1,2,13,0,1,0,0,0,0,0,0,0,0,0,0,1,2,0,0,0
450,B0,0,2,14,8,0,0,0,0,0,0,0,0,0,0,1,2,0,0,0
450,B1,1,1,1,1,0,0,0,0,0,0,0,0,0,0,1,2,2,9,3
450,B2,3,0,10,14,0,0,0,0,0,0,0,0,0,0,1,2,0,0,0
450,C1,13,6,1,0,0,0,0,0,0,0,0,0,0,0,1,2,0,0,0
465,A1,5,14,0,1,0,0,0,0,0,0,0,0,0,0,1,2,0,0,0
465,B0,0,4,14,3,0,0,0,0,0,0,0,0,0,0,1,2,0,0,0
465,B1,1,1,2,1,0,0,0,0,0,0,0,0,0,0,1,2,2,9,3
465,B2,4,0,5,14,0,0,0,0,0,0,0,0,0,0,1,2,0,0,0
465,C1,14,10,2,0,0,0,0,0,0,0,0,0,0,0,1,2,0,0,0
480,A1,7,14,0,1,0,0,0,0,0,0,0,0,0,1,0,2,0,0,0
480,B0,0,2,13,4,0,0,0,0,0,0,0,0,0,1,0,2,0,0,0
480,B1,3,1,1,1,0,0,0,0,0,0,0,0,0,1,0,2,2,9,3
480,B2,2,0,4,13,0,0,0,0,0,0,0,0,0,1,0,2,0,0,0
480,C1,14,10,1,0,0,0,0,0,0,0,0,0,0,1,0,2,0,0,0
495,A1,1,14,0,3,0,0,0,0,0,0,0,0,0,1,0,2,0,0,0
495,B0,0,1,14,8,0,0,0,0,0,0,0,0,0,1,0,1,0,0,0
495,B1,2,1,1,1,0,0,0,0,0,0,0,0,0,1,0,2,2,9,3
495,B2,1,0,8,14,0,0,0,0,0,0,0,0,0,1,0,1,0,0,0
495,C1,14,3,1,0,0,0,0,0,0,0,0,0,0,1,0,2,0,0,0
510,A1,2,13,0,5,0,0,0,0,0,0,0,0,0,0,1,2,0,0,0
510,B0,0,1,14,9,0,0,0,0,0,0,0,0,0,0,1,1,0,0,0
510,B1,2,1,1,1,0,0,0,0,0,0,0,0,0,0,1,2,2,9,3
510,B2,1,0,10,14,0,0,0,0,0,0,0,0,0,0,1,2,0,0,0
510,C1,13,2,1,0,0,0,0,0,0,0,0,0,0,0,1,2,0,0,0
525,A1,3,14,0,2,0,0,0,0,0,0,0,0,0,0,1,2,0,0,0
525,B0,0,1,13,4,0,0,0,0,0,0,0,0,0,0,1,2,0,0,0
525,B1,2,1,1,2,0,0,0,0,0,0,0,0,0,0,1,2,2,9,3
525,B2,2,0,6,14,0,0,0,0,0,0,0,0,0,0,1,2,0,0,0
525,C1,14,7,1,0,0,0,0,0,0,0,0,0,0,0,1,2,0,0,0
540,A1,5,14,0,1,0,0,0,0,0,0,0,0,0,0,1,2,0,0,0
540,B0,0,2,13,1,0,0,0,0,0,0,0,0,0,0,1,2,0,0,0
540,B1,2,1,1,1,0,0,0,0,0,0,0,0,0,0,1,2,2,9,3
540,B2,4,0,4,14,0,0,0,0,0,0,0,0,0,0,1,2,0,0,0
540,C1,14,8,1,0,0,0,0,0,0,0,0,0,0,0,1,2,0,0,0
555,A1,2,14,0,1,0,0,0,0,0,0,0,0,0,1,0,2,0,0,0
555,B0,0,1,14,5,0,0,0,0,0,0,0,0,0,1,0,2,0,0,0
555,B1,3,2,1,1,0,0,0,0,0,0,0,0,0,1,0,2,2,9,3
555,B2,1,0,7,13,0,0,0,0,0,0,0,0,0,1,0,1,0,0,0
555,C1,14,3,2,0,0,0,0,0,0,0,0,0,0,1,0,2,0,0,0
570,A1,2,13,0,2,0,0,0,0,0,0,0,0,0,1,0,2,0,0,0
570,B0,0,2,14,8,0,0,0,0,0,0,0,0,0,1,0,1,0,0,0
570,B1,3,1,2,1,0,0,0,0,0,0,0,0,0,1,0,2,2,9,3
570,B2,1,0,11,14,0,0,0,0,0,0,0,0,0,1,0,1,0,0,0
570,C1,11,2,3,0,0,0,0,0,0,0,0,0,0,1,0,2,0,0,0
585,A1,3,13,0,1,0,0,0,0,0,0,0,0,0,0,1,2,0,0,0
585,B0,0,4,14,6,0,0,0,0,0,0,0,0,0,0,1,2,0,0,0
585,B1,2,1,2,2,0,0,0,0,0,0,0,0,0,0,1,2,3,13,4
585,B2,3,0,10,14,0,0,0,0,0,0,0,0,0,0,1,2,0,0,0
585,C1,13,4,1,0,0,0,0,0,0,0,0,0,0,0,1,2,0,0,0
600,A1,5,14,0,2,0,0,0,0,0,0,0,0,0,0,1,2,0,0,0
600,B0,0,6,14,1,0,0,0,0,0,0,0,0,0,0,1,2,0,0,0
600,B1,4,1,1,4,0,0,0,0,0,0,0,0,0,0,1,2,3,13,4
600,B2,3,0,6,14,0,0,0,0,0,0,0,0,0,0,1,2,0,0,0
600,C1,14,7,2,0,0,0,0,0,0,0,0,0,0,0,1,2,0,0,0
615,A1,2,14,0,1,0,0,0,0,0,0,0,0,0,1,0,2,0,0,0
615,B0,0,4,13,5,0,0,0,0,0,0,0,0,0,1,0,2,0,0,0
615,B1,3,1,1,2,0,0,0,0,0,0,0,0,0,1,0,2,3,13,4
615,B2,1,0,7,13,0,0,0,0,0,0,0,0,0,1,0,1,0,0,0
615,C1,14,4,2,0,0,0,0,0,0,0,0,0,0,1,0,2,0,0,0
630,A1,1,13,0,2,0,0,0,0,0,0,0,0,0,1,0,2,0,0,0
630,B0,0,1,14,7,0,0,0,0,0,0,0,0,0,1,0,2,0,0,0
630,B1,6,1,1,2,0,0,0,0,0,0,0,0,0,1,0,2,3,13,4
630,B2,1,0,10,14,0,0,0,0,0,0,0,0,0,1,0,1,0,0,0
630,C1,14,2,3,0,0,0,0,0,0,0,0,0,0,1,0,2,0,0,0
645,A1,3,11,0,1,0,0,0,0,0,0,0,0,0,0,1,2,0,0,0
645,B0,0,1,14,7,0,0,0,0,0,0,0,0,0,0,1,2,0,0,0
645,B1,4,2,1,1,0,0,0,0,0,0,0,0,0,0,1,2,4,17,5
645,B2,2,0,9,14,0,0,0,0,0,0,0,0,0,0,1,2,0,0,0
645,C1,13,1,4,0,0,0,0,0,0,0,0,0,0,0,1,2,0,0,0
660,A1,5,14,0,1,0,0,0,0,0,0,0,0,0,0,1,2,0,0,0
660,B0,0,2,14,1,0,0,0,0,0,0,0,0,0,0,1,2,0,0,0
660,B1,4,2,2,1,0,0,0,0,0,0,0,0,0,0,1,2,4,17,5
660,B2,3,0,3,14,0,0,0,0,0,0,0,0,0,0,1,2,0,0,0
660,C1,14,6,1,0,0,0,0,0,0,0,0,0,0,0,1,2,0,0,0
675,A1,5,14,0,1,0,0,0,0,0,0,0,0,0,1,0,2,0,0,0
675,B0,0,4,11,2,0,0,0,0,0,0,0,0,0,1,0,2,0,0,0
675,B1,5,4,1,1,0,0,0,0,0,0,0,0,0,1,0,2,4,17,5
675,B2,2,0,2,13,0,0,0,0,0,0,0,0,0,1,0,2,0,0,0
675,C1,14,6,2,0,0,0,0,0,0,0,0,0,0,1,0,2,0,0,0
690,A1,1,14,0,1,0,0,0,0,0,0,0,0,0,1,0,2,0,0,0
690,B0,0,2,14,6,0,0,0,0,0,0,0,0,0,1,0,2,0,0,0
690,B1,6,1,1,1,0,0,0,0,0,0,0,0,0,1,0,2,4,17,5
690,B2,1,0,5,14,0,0,0,0,0,0,0,0,0,1,0,1,0,0,0
690,C1,14,2,2,0,0,0,0,0,0,0,0,0,0,1,0,2,0,0,0
705,A1,4,13,0,1,0,0,0,0,0,0,0,0,0,1,0,2,0,0,0
705,B0,0,3,14,8,0,0,0,0,0,0,0,0,0,1,0,2,0,0,0
705,B1,7,1,2,1,0,0,0,0,0,0,0,0,0,1,0,2,4,17,5
705,B2,2,0,6,14,0,0,0,0,0,0,0,0,0,1,0,1,0,0,0
705,C1,10,1,3,0,0,0,0,0,0,0,0,0,0,1,0,2,0,0,0
720,A1,5,14,0,1,0,0,0,0,0,0,0,0,0,0,1,2,0,0,0
720,B0,0,4,14,5,0,0,0,0,0,0,0,0,0,0,1,2,0,0,0
720,B1,6,1,3,1,0,0,0,0,0,0,0,0,0,0,1,2,5,19,6
720,B2,2,0,4,14,0,0,0,0,0,0,0,0,0,0,1,2,0,0,0
720,C1,13,4,2,0,0,0,0,0,0,0,0,0,0,0,1,2,0,0,0
735,A1,6,14,0,1,0,0,0,0,0,0,0,0,0,0,1,2,0,0,0
735,B0,0,7,14,3,0,0,0,0,0,0,0,0,0,0,1,2,0,0,0
735,B1,6,1,2,1,0,0,0,0,0,0,0,0,0,0,1,2,5,19,6
735,B2,2,0,3,13,0,0,0,0,0,0,0,0,0,0,1,2,0,0,0
735,C1,14,6,1,0,0,0,0,0,0,0,0,0,0,0,1,2,0,0,0
750,A1,4,14,0,1,0,0,0,0,0,0,0,0,0,1,0,2,0,0,0
750,B0,0,1,13,4,0,0,0,0,0,0,0,0,0,1,0,2,0,0,0
750,B1,6,2,1,1,0,0,0,0,0,0,0,0,0,1,0,2,5,19,6
750,B2,1,0,5,13,0,0,0,0,0,0,0,0,0,1,0,1,0,0,0
750,C1,14,3,2,0,0,0,0,0,0,0,0,0,0,1,0,2,0,0,0
765,A1,1,11,0,3,0,0,0,0,0,0,0,0,0,1,0,2,0,0,0
765,B0,0,2,14,7,0,0,0,0,0,0,0,0,0,1,0,2,0,0,0
765,B1,4,1,1,1,0,0,0,0,0,0,0,0,0,1,0,2,5,19,6
765,B2,1,0,6,14,0,0,0,0,0,0,0,0,0,1,0,1,0,0,0
765,C1,14,1,3,0,0,0,0,0,0,0,0,0,0,1,0,2,0,0,0
780,A1,4,12,0,1,0,0,0,0,0,0,0,0,0,0,1,2,0,0,0
780,B0,0,4,14,3,0,0,0,0,0,0,0,0,0,0,1,2,0,0,0
780,B1,2,1,1,2,0,0,0,0,0,0,0,0,0,0,1,2,5,19,6
780,B2,3,0,3,14,0,0,0,0,0,0,0,0,0,0,1,2,0,0,0
780,C1,13,2,2,0,0,0,0,0,0,0,0,0,0,0,1,2,0,0,0
795,A1,8,14,0,3,0,0,0,0,0,0,0,0,0,0,1,2,0,0,0
795,B0,0,6,14,1,0,0,0,0,0,0,0,0,0,0,1,2,0,0,0
795,B1,2,1,2,1,0,0,0,0,0,0,0,0,0,0,1,2,5,19,6
795,B2,4,0,1,11,0,0,0,0,0,0,0,0,0,0,1,2,0,0,0
795,C1,14,3,3,0,0,0,0,0,0,0,0,0,0,0,1,2,0,0,0
810,A1,7,14,0,2,0,0,0,0,0,0,0,0,0,1,0,2,0,0,0
810,B0,0,5,13,1,0,0,0,0,0,0,0,0,0,1,0,2,0,0,0
810,B1,3,1,1,1,0,0,0,0,0,0,0,0,0,1,0,2,5,19,6
810,B2,4,0,2,10,0,0,0,0,0,0,0,0,0,1,0,2,0,0,0
810,C1,14,2,2,0,0,0,0,0,0,0,0,0,0,1,0,2,0,0,0
825,A1,3,14,0,3,0,0,0,0,0,0,0,0,0,1,0,2,0,0,0
825,B0,0,1,14,1,0,0,0,0,0,0,0,0,0,1,0,1,0,0,0
825,B1,4,4,1,1,0,0,0,0,0,0,0,0,0,1,0,2,5,19,6
825,B2,1,0,4,14,0,0,0,0,0,0,0,0,0,1,0,2,0,0,0
825,C1,12,1,2,0,0,0,0,0,0,0,0,0,0,1,0,2,0,0,0
840,A1,2,13,0,3,0,0,0,0,0,0,0,0,0,0,1,2,0,0,0
840,B0,0,1,13,1,0,0,0,0,0,0,0,0,0,0,1,2,0,0,0
840,B1,2,1,1,1,0,0,0,0,0,0,0,0,0,0,1,2,5,19,6
840,B2,1,0,3,14,0,0,0,0,0,0,0,0,0,0,1,2,0,0,0
840,C1,10,2,2,0,0,0,0,0,0,0,0,0,0,0,1,2,0,0,0
855,A1,5,14,0,1,0,0,0,0,0,0,0,0,0,0,1,2,0,0,0
855,B0,0,2,11,7,0,0,0,0,0,0,0,0,0,0,1,2,0,0,0
855,B1,2,1,2,2,0,0,0,0,0,0,0,0,0,0,1,2,5,19,6
855,B2,3,0,5,13,0,0,0,0,0,0,0,0,0,0,1,2,0,0,0
855,C1,14,2,1,0,0,0,0,0,0,0,0,0,0,0,1,2,0,0,0
870,A1,7,14,0,1,0,0,0,0,0,0,0,0,0,0,1,2,0,0,0
870,B0,0,2,12,3,0,0,0,0,0,0,0,0,0,0,1,2,0,0,0
870,B1,3,1,1,1,0,0,0,0,0,0,0,0,0,0,1,2,5,19,6
870,B2,3,0,1,9,0,0,0,0,0,0,0,0,0,0,1,2,0,0,0
870,C1,14,3,3,0,0,0,0,0,0,0,0,0,0,0,1,2,0,0,0
885,A1,2,14,0,3,0,0,0,0,0,0,0,0,0,1,0,2,0,0,0
885,B0,0,1,14,4,0,0,0,0,0,0,0,0,0,1,0,2,0,0,0
885,B1,7,3,1,1,0,0,0,0,0,0,0,0,0,1,0,2,5,19,6
885,B2,1,0,7,13,0,0,0,0,0,0,0,0,0,1,0,1,0,0,0
885,C1,14,1,2,0,0,0,0,0,0,0,0,0,0,1,0,2,0,0,0
900,A1,1,14,0,3,0,0,0,0,0,0,0,0,0,1,0,2,0,0,0
900,B0,0,1,14,5,0,0,0,0,0,0,0,0,0,1,0,2,0,0,0
900,B1,6,5,1,1,0,0,0,0,0,0,0,0,0,1,0,2,5,19,6
900,B2,2,0,8,14,0,0,0,0,0,0,0,0,0,1,0,1,0,0,0
900,C1,11,2,2,0,0,0,0,0,0,0,0,0,0,1,0,2,0,0,0
915,A1,1,13,0,2,0,0,0,0,0,0,0,0,0,0,1,2,0,0,0
915,B0,0,3,14,3,0,0,0,0,0,0,0,0,0,0,1,2,0,0,0
915,B1,5,3,2,2,0,0,0,0,0,0,0,0,0,0,1,2,5,19,6
915,B2,4,0,6,14,0,0,0,0,0,0,0,0,0,0,1,2,0,0,0
915,C1,13,2,2,0,0,0,0,0,0,0,0,0,0,0,1,2,0,0,0
930,A1,2,14,0,3,0,0,0,0,0,0,0,0,0,0,1,2,0,0,0
930,B0,0,3,13,2,0,0,0,0,0,0,0,0,0,0,1,2,0,0,0
930,B1,6,3,1,1,0,0,0,0,0,0,0,0,0,0,1,2,5,19,6
930,B2,4,0,1,14,0,0,0,0,0,0,0,0,0,0,1,2,0,0,0
930,C1,14,2,1,0,0,0,0,0,0,0,0,0,0,0,1,2,0,0,0
945,A1,1,14,0,3,0,0,0,0,0,0,0,0,0,1,0,2,0,0,0
945,B0,0,1,12,1,0,0,0,0,0,0,0,0,0,1,0,1,0,0,0
945,B1,6,3,1,1,0,0,0,0,0,0,0,0,0,1,0,2,5,19,6
945,B2,2,0,2,13,0,0,0,0,0,0,0,0,0,1,0,2,0,0,0
945,C1,14,2,1,0,0,0,0,0,0,0,0,0,0,1,0,2,0,0,0
960,A1,1,11,0,3,0,0,0,0,0,0,0,0,0,1,0,2,0,0,0
960,B0,0,1,14,3,0,0,0,0,0,0,0,0,0,1,0,2,0,0,0
960,B1,7,1,1,1,0,0,0,0,0,0,0,0,0,1,0,2,5,19,6
960,B2,1,0,4,14,0,0,0,0,0,0,0,0,0,1,0,2,0,0,0
960,C1,8,1,2,0,0,0,0,0,0,0,0,0,0,1,0,2,0,0,0
975,A1,1,12,0,4,0,0,0,0,0,0,0,0,0,0,1,2,0,0,0
975,B0,0,3,14,2,0,0,0,0,0,0,0,0,0,0,1,2,0,0,0
975,B1,3,1,2,2,0,0,0,0,0,0,0,0,0,0,1,2,6,21,7
975,B2,2,0,4,14,0,0,0,0,0,0,0,0,0,0,1,2,0,0,0
975,C1,10,2,1,0,0,0,0,0,0,0,0,0,0,0,1,2,0,0,0
990,A1,2,14,0,2,0,0,0,0,0,0,0,0,0,0,1,2,0,0,0
990,B0,0,3,13,2,0,0,0,0,0,0,0,0,0,0,1,2,0,0,0
990,B1,3,1,2,3,0,0,0,0,0,0,0,0,0,0,1,2,6,21,7
990,B2,4,0,8,13,0,0,0,0,0,0,0,0,0,0,1,2,0,0,0
990,C1,14,8,1,0,0,0,0,0,0,0,0,0,0,0,1,2,0,0,0
1005,A1,1,14,0,2,0,0,0,0,0,0,0,0,0,1,0,2,0,0,0
1005,B0,0,2,13,1,0,0,0,0,0,0,0,0,0,1,0,2,0,0,0
1005,B1,3,2,1,1,0,0,0,0,0,0,0,0,0,1,0,2,6,21,7
1005,B2,4,0,2,11,0,0,0,0,0,0,0,0,0,1,0,2,0,0,0
1005,C1,14,9,1,0,0,0,0,0,0,0,0,0,0,1,0,2,0,0,0
1020,A1,4,13,0,2,0,0,0,0,0,0,0,0,0,1,0,2,0,0,0
1020,B0,0,1,14,1,0,0,0,0,0,0,0,0,0,1,0,1,0,0,0
1020,B1,1,5,1,1,0,0,0,0,0,0,0,0,0,1,0,2,6,21,7
1020,B2,2,0,3,14,0,0,0,0,0,0,0,0,0,1,0,2,0,0,0
1020,C1,14,4,4,0,0,0,0,0,0,0,0,0,0,1,0,2,0,0,0
1035,A1,1,13,0,5,0,0,0,0,0,0,0,0,0,1,0,2,0,0,0
1035,B0,0,1,14,4,0,0,0,0,0,0,0,0,0,1,0,2,0,0,0
1035,B1,1,2,1,2,0,0,0,0,0,0,0,0,0,1,0,2,6,21,7
1035,B2,2,0,5,14,0,0,0,0,0,0,0,0,0,1,0,1,0,0,0
1035,C1,13,2,5,0,0,0,0,0,0,0,0,0,0,1,0,2,0,0,0
1050,A1,3,14,0,3,0,0,0,0,0,0,0,0,0,0,1,2,0,0,0
1050,B0,0,1,14,1,0,0,0,0,0,0,0,0,0,0,1,2,0,0,0
1050,B1,1,2,2,2,0,0,0,0,0,0,0,0,0,0,1,2,6,21,7
1050,B2,2,0,3,13,0,0,0,0,0,0,0,0,0,0,1,2,0,0,0
1050,C1,14,3,1,0,0,0,0,0,0,0,0,0,0,0,1,2,0,0,0
1065,A1,4,14,0,1,0,0,0,0,0,0,0,0,0,0,1,2,0,0,0
1065,B0,0,3,13,1,0,0,0,0,0,0,0,0,0,0,1,2,0,0,0
1065,B1,1,2,1,1,0,0,0,0,0,0,0,0,0,0,1,2,6,21,7
1065,B2,3,0,1,11,0,0,0,0,0,0,0,0,0,0,1,2,0,0,0
1065,C1,14,4,1,0,0,0,0,0,0,0,0,0,0,0,1,2,0,0,0
1080,A1,2,14,0,2,0,0,0,0,0,0,0,0,0,1,0,2,0,0,0
1080,B0,0,1,12,5,0,0,0,0,0,0,0,0,0,1,0,2,0,0,0
1080,B1,2,1,1,1,0,0,0,0,0,0,0,0,0,1,0,2,6,21,7
1080,B2,1,0,1,13,0,0,0,0,0,0,0,0,0,1,0,2,0,0,0
1080,C1,14,4,3,0,0,0,0,0,0,0,0,0,0,1,0,2,0,0,0
1095,A1,2,12,0,3,0,0,0,0,0,0,0,0,0,1,0,2,0,0,0
1095,B0,0,1,14,7,0,0,0,0,0,0,0,0,0,1,0,2,0,0,0
1095,B1,1,1,1,1,0,0,0,0,0,0,0,0,0,1,0,2,6,21,7
1095,B2,1,0,2,14,0,0,0,0,0,0,0,0,0,1,0,2,0,0,0
1095,C1,12,1,3,0,0,0,0,0,0,0,0,0,0,1,0,2,0,0,0
1110,A1,2,13,0,2,0,0,0,0,0,0,0,0,0,0,1,2,0,0,0
1110,B0,0,6,14,5,0,0,0,0,0,0,0,0,0,0,1,2,0,0,0
1110,B1,1,1,1,1,0,0,0,0,0,0,0,0,0,0,1,2,6,21,7
1110,B2,2,0,2,14,0,0,0,0,0,0,0,0,0,0,1,2,0,0,0
1110,C1,12,3,2,0,0,0,0,0,0,0,0,0,0,0,1,2,0,0,0
1125,A1,3,14,0,2,0,0,0,0,0,0,0,0,0,0,1,2,0,0,0
1125,B0,0,5,14,1,0,0,0,0,0,0,0,0,0,0,1,2,0,0,0
1125,B1,1,1,1,2,0,0,0,0,0,0,0,0,0,0,1,2,6,21,7
1125,B2,4,0,2,12,0,0,0,0,0,0,0,0,0,0,1,2,0,0,0
1125,C1,14,3,1,0,0,0,0,0,0,0,0,0,0,0,1,2,0,0,0
1140,A1,3,14,0,1,0,0,0,0,0,0,0,0,0,1,0,2,0,0,0
1140,B0,0,4,13,3,0,0,0,0,0,0,0,0,0,1,0,2,0,0,0
1140,B1,3,1,1,1,0,0,0,0,0,0,0,0,0,1,0,2,7,22,8
1140,B2,4,0,3,12,0,0,0,0,0,0,0,0,0,1,0,2,1,8,1
1140,C1,14,4,1,0,0,0,0,0,0,0,0,0,0,1,0,2,0,0,0
1155,A1,2,13,0,2,0,0,0,0,0,0,0,0,0,1,0,2,0,0,0
1155,B0,0,1,14,4,0,0,0,0,0,0,0,0,0,1,0,2,0,0,0
1155,B1,1,2,1,1,0,0,0,0,0,0,0,0,0,1,0,2,7,22,8
1155,B2,1,0,4,14,0,0,0,0,0,0,0,0,0,1,0,2,1,8,1
1155,C1,14,1,3,0,0,0,0,0,0,0,0,0,0,1,0,2,0,0,0
1170,A1,3,12,0,2,0,0,0,0,0,0,0,0,0,0,1,2,0,0,0
1170,B0,0,1,14,4,0,0,0,0,0,0,0,0,0,0,1,2,0,0,0
1170,B1,1,1,1,2,0,0,0,0,0,0,0,0,0,0,1,2,7,22,8
1170,B2,3,0,6,14,0,0,0,0,0,0,0,0,0,0,1,2,1,8,1
1170,C1,12,2,4,0,0,0,0,0,0,0,0,0,0,0,1,2,0,0,0
1185,A1,4,14,0,1,0,0,0,0,0,0,0,0,0,0,1,2,0,0,0
1185,B0,0,2,13,1,0,0,0,0,0,0,0,0,0,0,1,2,0,0,0
1185,B1,1,1,1,1,0,0,0,0,0,0,0,0,0,0,1,2,7,22,8
1185,B2,2,0,1,14,0,0,0,0,0,0,0,0,0,0,1,2,1,8,1
1185,C1,14,3,1,0,0,0,0,0,0,0,0,0,0,0,1,2,0,0,0
1200,A1,7,14,0,4,0,0,0,0,0,0,0,0,0,0,1,2,0,0,0
1200,B0,0,2,10,1,0,0,0,0,0,0,0,0,0,0,1,2,0,0,0
1200,B1,1,1,1,1,0,0,0,0,0,0,0,0,0,0,1,2,7,22,8
1200,B2,2,0,1,11,0,0,0,0,0,0,0,0,0,0,1,2,1,8,1
1200,C1,14,5,2,0,0,0,0,0,0,0,0,0,0,0,1,2,0,0,0
1215,A1,3,14,0,6,0,0,0,0,0,0,0,0,0,1,0,2,0,0,0
1215,B0,0,1,13,3,0,0,0,0,0,0,0,0,0,1,0,2,0,0,0
1215,B1,1,3,1,1,0,0,0,0,0,0,0,0,0,1,0,2,8,27,9
1215,B2,1,0,3,13,0,0,0,0,0,0,0,0,0,1,0,2,1,8,1
1215,C1,13,1,2,0,0,0,0,0,0,0,0,0,0,1,0,2,0,0,0
1230,A1,3,11,0,6,0,0,0,0,0,0,0,0,0,1,0,2,0,0,0
1230,B0,0,1,14,3,0,0,0,0,0,0,0,0,0,1,0,2,0,0,0
1230,B1,1,2,2,2,0,0,0,0,0,0,0,0,0,1,0,2,8,27,9
1230,B2,1,0,4,14,0,0,0,0,0,0,0,0,0,1,0,2,1,8,1
1230,C1,11,2,2,0,0,0,0,0,0,0,0,0,0,1,0,2,0,0,0
1245,A1,2,13,0,2,0,0,0,0,0,0,0,0,0,0,1,2,0,0,0
1245,B0,0,2,14,5,0,0,0,0,0,0,0,0,0,0,1,2,0,0,0
1245,B1,1,1,4,3,0,0,0,0,0,0,0,0,0,0,1,2,9,29,10
1245,B2,1,0,1,14,0,0,0,0,0,0,0,0,0,0,1,2,1,8,1
1245,C1,13,5,1,0,0,0,0,0,0,0,0,0,0,0,1,2,0,0,0
1260,A1,4,14,0,1,0,0,0,0,0,0,0,0,0,0,1,2,0,0,0
1260,B0,0,4,11,1,0,0,0,0,0,0,0,0,0,0,1,2,0,0,0
1260,B1,1,1,4,1,0,0,0,0,0,0,0,0,0,0,1,2,9,29,10
1260,B2,2,0,1,9,0,0,0,0,0,0,0,0,0,0,1,2,1,8,1
1260,C1,14,6,1,0,0,0,0,0,0,0,0,0,0,0,1,2,0,0,0
1275,A1,3,14,0,1,0,0,0,0,0,0,0,0,0,1,0,2,0,0,0
1275,B0,0,1,12,2,0,0,0,0,0,0,0,0,0,1,0,2,0,0,0
1275,B1,1,3,3,1,0,0,0,0,0,0,0,0,0,1,0,2,9,29,10
1275,B2,1,0,2,11,0,0,0,0,0,0,0,0,0,1,0,2,1,8,1
1275,C1,14,3,1,0,0,0,0,0,0,0,0,0,0,1,0,2,0,0,0
1290,A1,2,12,0,1,0,0,0,0,0,0,0,0,0,1,0,2,0,0,0
1290,B0,0,1,14,2,0,0,0,0,0,0,0,0,0,1,0,2,0,0,0
1290,B1,2,4,3,1,0,0,0,0,0,0,0,0,0,1,0,2,9,29,10
1290,B2,2,0,4,14,0,0,0,0,0,0,0,0,0,1,0,2,1,8,1
1290,C1,12,2,1,0,0,0,0,0,0,0,0,0,0,1,0,2,0,0,0
1305,A1,2,11,0,1,0,0,0,0,0,0,0,0,0,0,1,2,0,0,0
1305,B0,0,1,14,2,0,0,0,0,0,0,0,0,0,0,1,2,0,0,0
1305,B1,1,1,4,1,0,0,0,0,0,0,0,0,0,0,1,2,9,29,10
1305,B2,2,0,3,14,0,0,0,0,0,0,0,0,0,0,1,2,1,8,1
1305,C1,11,3,1,0,0,0,0,0,0,0,0,0,0,0,1,2,0,0,0
1320,A1,3,14,0,3,0,0,0,0,0,0,0,0,0,0,1,2,0,0,0
1320,B0,0,2,12,1,0,0,0,0,0,0,0,0,0,0,1,2,0,0,0
1320,B1,1,1,7,3,0,0,0,0,0,0,0,0,0,0,1,2,9,29,10
1320,B2,4,0,1,12,0,0,0,0,0,0,0,0,0,0,1,2,1,8,1
1320,C1,14,3,1,0,0,0,0,0,0,0,0,0,0,0,1,2,0,0,0
1335,A1,3,14,0,4,0,0,0,0,0,0,0,0,0,1,0,2,0,0,0
1335,B0,0,2,11,2,0,0,0,0,0,0,0,0,0,1,0,2,0,0,0
1335,B1,1,1,2,1,0,0,0,0,0,0,0,0,0,1,0,2,9,29,10
1335,B2,3,0,1,9,0,0,0,0,0,0,0,0,0,1,0,2,1,8,1
1335,C1,14,4,3,0,0,0,0,0,0,0,0,0,0,1,0,2,0,0,0
1350,A1,1,14,0,5,0,0,0,0,0,0,0,0,0,1,0,2,0,0,0
1350,B0,0,1,14,3,0,0,0,0,0,0,0,0,0,1,0,2,0,0,0
1350,B1,2,1,2,1,0,0,0,0,0,0,0,0,0,1,0,2,9,29,10
1350,B2,4,0,3,13,0,0,0,0,0,0,0,0,0,1,0,2,1,8,1
1350,C1,13,2,3,0,0,0,0,0,0,0,0,0,0,1,0,2,0,0,0
1365,A1,1,10,0,6,0,0,0,0,0,0,0,0,0,1,0,2,0,0,0
1365,B0,0,2,14,4,0,0,0,0,0,0,0,0,0,1,0,2,0,0,0
1365,B1,1,1,2,2,0,0,0,0,0,0,0,0,0,1,0,2,9,29,10
1365,B2,2,0,3,14,0,0,0,0,0,0,0,0,0,1,0,2,1,8,1
1365,C1,9,1,4,0,0,0,0,0,0,0,0,0,0,1,0,2,0,0,0
1380,A1,2,13,0,2,0,0,0,0,0,0,0,0,0,0,1,2,0,0,0
1380,B0,0,4,14,1,0,0,0,0,0,0,0,0,0,0,1,2,0,0,0
1380,B1,1,1,1,1,0,0,0,0,0,0,0,0,0,0,1,2,9,29,10
1380,B2,2,0,1,14,0,0,0,0,0,0,0,0,0,0,1,2,1,8,1
1380,C1,13,1,1,0,0,0,0,0,0,0,0,0,0,0,1,2,0,0,0
1395,A1,4,14,0,2,0,0,0,0,0,0,0,0,0,0,1,2,0,0,0
1395,B0,0,4,12,3,0,0,0,0,0,0,0,0,0,0,1,2,0,0,0
1395,B1,2,1,2,2,0,0,0,0,0,0,0,0,0,0,1,2,9,29,10
1395,B2,2,0,3,11,0,0,0,0,0,0,0,0,0,0,1,2,1,8,1
1395,C1,14,2,3,0,0,0,0,0,0,0,0,0,0,0,1,2,0,0,0
1410,A1,1,14,0,3,0,0,0,0,0,0,0,0,0,1,0,2,0,0,0
1410,B0,0,1,13,3,0,0,0,0,0,0,0,0,0,1,0,2,0,0,0
1410,B1,4,1,1,1,0,0,0,0,0,0,0,0,0,1,0,2,9,29,10
1410,B2,1,0,3,12,0,0,0,0,0,0,0,0,0,1,0,2,1,8,1
1410,C1,13,6,3,0,0,0,0,0,0,0,0,0,0,1,0,2,0,0,0
1425,A1,1,12,0,4,0,0,0,0,0,0,0,0,0,1,0,2,0,0,0
1425,B0,0,1,14,5,0,0,0,0,0,0,0,0,0,1,0,2,0,0,0
1425,B1,1,1,2,2,0,0,0,0,0,0,0,0,0,1,0,2,9,29,10
1425,B2,2,0,4,14,0,0,0,0,0,0,0,0,0,1,0,2,1,8,1
1425,C1,12,1,4,0,0,0,0,0,0,0,0,0,0,1,0,2,0,0,0
1440,A1,1,13,0,1,0,0,0,0,0,0,0,0,0,0,1,2,0,0,0
1440,B0,0,2,14,3,0,0,0,0,0,0,0,0,0,0,1,2,0,0,0
1440,B1,1,1,2,2,0,0,0,0,0,0,0,0,0,0,1,2,9,29,10
1440,B2,3,0,3,14,0,0,0,0,0,0,0,0,0,0,1,2,1,8,1
1440,C1,13,2,2,0,0,0,0,0,0,0,0,0,0,0,1,2,0,0,0
1455,A1,2,14,0,1,0,0,0,0,0,0,0,0,0,0,1,2,0,0,0
1455,B0,0,3,13,1,0,0,0,0,0,0,0,0,0,0,1,2,0,0,0
1455,B1,2,1,1,1,0,0,0,0,0,0,0,0,0,0,1,2,9,29,10
1455,B2,4,0,1,11,0,0,0,0,0,0,0,0,0,0,1,2,1,8,1
1455,C1,14,3,1,0,0,0,0,0,0,0,0,0,0,0,1,2,0,0,0
1470,A1,1,14,0,3,0,0,0,0,0,0,0,0,0,1,0,2,0,0,0
1470,B0,0,4,13,2,0,0,0,0,0,0,0,0,0,1,0,2,0,0,0
1470,B1,1,4,1,1,0,0,0,0,0,0,0,0,0,1,0,2,10,30,11
1470,B2,2,0,1,10,0,0,0,0,0,0,0,0,0,1,0,2,1,8,1
1470,C1,14,1,1,0,0,0,0,0,0,0,0,0,0,1,0,2,0,0,0
1485,A1,1,13,0,3,0,0,0,0,0,0,0,0,0,1,0,2,0,0,0
1485,B0,0,1,13,1,0,0,0,0,0,0,0,0,0,1,0,1,0,0,0
1485,B1,2,2,1,1,0,0,0,0,0,0,0,0,0,1,0,2,10,30,11
1485,B2,1,0,3,14,0,0,0,0,0,0,0,0,0,1,0,2,1,8,1
1485,C1,10,1,1,0,0,0,0,0,0,0,0,0,0,1,0,2,0,0,0
1500,A1,2,10,0,3,0,0,0,0,0,0,0,0,0,0,1,2,0,0,0
1500,B0,0,2,14,4,0,0,0,0,0,0,0,0,0,0,1,2,0,0,0
1500,B1,1,1,1,1,0,0,0,0,0,0,0,0,0,0,1,2,11,31,12
1500,B2,2,0,2,14,0,0,0,0,0,0,0,0,0,0,1,2,1,8,1
1500,C1,11,2,2,0,0,0,0,0,0,0,0,0,0,0,1,2,0,0,0
1515,A1,5,13,0,1,0,0,0,0,0,0,0,0,0,0,1,2,0,0,0
1515,B0,0,3,14,1,0,0,0,0,0,0,0,0,0,0,1,2,0,0,0
1515,B1,1,1,4,5,0,0,0,0,0,0,0,0,0,0,1,2,11,31,12
1515,B2,4,0,1,11,0,0,0,0,0,0,0,0,0,0,1,2,1,8,1
1515,C1,14,5,3,0,0,0,0,0,0,0,0,0,0,0,1,2,0,0,0
1530,A1,7,14,0,1,0,0,0,0,0,0,0,0,0,0,1,2,0,0,0
1530,B0,0,4,11,2,0,0,0,0,0,0,0,0,0,0,1,2,0,0,0
1530,B1,4,2,1,2,0,0,0,0,0,0,0,0,0,0,1,2,11,31,12
1530,B2,5,0,1,12,0,0,0,0,0,0,0,0,0,0,1,2,1,8,1
1530,C1,14,6,1,0,0,0,0,0,0,0,0,0,0,0,1,2,0,0,0
1545,A1,4,14,0,1,0,0,0,0,0,0,0,0,0,1,0,2,0,0,0
1545,B0,0,1,13,2,0,0,0,0,0,0,0,0,0,1,0,2,0,0,0
1545,B1,1,4,1,2,0,0,0,0,0,0,0,0,0,1,0,2,12,32,13
1545,B2,2,0,1,13,0,0,0,0,0,0,0,0,0,1,0,2,2,12,2
1545,C1,14,3,2,0,0,0,0,0,0,0,0,0,0,1,0,2,0,0,0
1560,A1,1,13,0,3,0,0,0,0,0,0,0,0,0,1,0,2,0,0,0
1560,B0,0,2,13,3,0,0,0,0,0,0,0,0,0,1,0,2,0,0,0
1560,B1,1,1,1,2,0,0,0,0,0,0,0,0,0,1,0,2,12,32,13
1560,B2,2,0,3,14,0,0,0,0,0,0,0,0,0,1,0,2,2,12,2
1560,C1,11,1,3,0,0,0,0,0,0,0,0,0,0,1,0,2,0,0,0
1575,A1,2,14,0,1,0,0,0,0,0,0,0,0,0,0,1,2,0,0,0
1575,B0,0,4,14,1,0,0,0,0,0,0,0,0,0,0,1,2,0,0,0
1575,B1,1,1,1,2,0,0,0,0,0,0,0,0,0,0,1,2,12,32,13
1575,B2,2,0,1,14,0,0,0,0,0,0,0,0,0,0,1,2,2,12,2
1575,C1,13,1,1,0,0,0,0,0,0,0,0,0,0,0,1,2,0,0,0
1590,A1,2,14,0,1,0,0,0,0,0,0,0,0,0,0,1,2,0,0,0
1590,B0,0,4,11,2,0,0,0,0,0,0,0,0,0,0,1,2,0,0,0
1590,B1,2,1,1,4,0,0,0,0,0,0,0,0,0,0,1,2,12,32,13
1590,B2,2,0,3,11,0,0,0,0,0,0,0,0,0,0,1,2,2,12,2
1590,C1,14,2,1,0,0,0,0,0,0,0,0,0,0,0,1,2,0,0,0
1605,A1,2,14,0,2,0,0,0,0,0,0,0,0,0,1,0,2,0,0,0
1605,B0,0,4,12,3,0,0,0,0,0,0,0,0,0,1,0,2,0,0,0
1605,B1,1,2,1,1,0,0,0,0,0,0,0,0,0,1,0,2,12,32,13
1605,B2,2,0,2,13,0,0,0,0,0,0,0,0,0,1,0,2,2,12,2
1605,C1,13,1,1,0,0,0,0,0,0,0,0,0,0,1,0,2,0,0,0
1620,A1,2,11,0,4,0,0,0,0,0,0,0,0,0,1,0,2,0,0,0
1620,B0,0,1,14,6,0,0,0,0,0,0,0,0,0,1,0,2,0,0,0
1620,B1,2,1,1,1,0,0,0,0,0,0,0,0,0,1,0,2,12,32,13
1620,B2,1,0,6,14,0,0,0,0,0,0,0,0,0,1,0,1,2,12,2
1620,C1,10,1,2,0,0,0,0,0,0,0,0,0,0,1,0,2,0,0,0
1635,A1,2,13,0,2,0,0,0,0,0,0,0,0,0,0,1,2,0,0,0
1635,B0,0,3,14,6,0,0,0,0,0,0,0,0,0,0,1,2,0,0,0
1635,B1,1,1,1,2,0,0,0,0,0,0,0,0,0,0,1,2,12,32,13
1635,B2,1,0,6,14,0,0,0,0,0,0,0,0,0,0,1,2,2,12,2
1635,C1,13,1,1,0,0,0,0,0,0,0,0,0,0,0,1,2,0,0,0
1650,A1,3,14,0,1,0,0,0,0,0,0,0,0,0,0,1,2,0,0,0
1650,B0,0,5,14,2,0,0,0,0,0,0,0,0,0,0,1,2,0,0,0
1650,B1,1,1,2,1,0,0,0,0,0,0,0,0,0,0,1,2,12,32,13
1650,B2,2,0,3,14,0,0,0,0,0,0,0,0,0,0,1,2,2,12,2
1650,C1,14,2,1,0,0,0,0,0,0,0,0,0,0,0,1,2,0,0,0
1665,A1,4,14,0,1,0,0,0,0,0,0,0,0,0,1,0,2,0,0,0
1665,B0,0,4,13,1,0,0,0,0,0,0,0,0,0,1,0,2,0,0,0
1665,B1,1,1,1,1,0,0,0,0,0,0,0,0,0,1,0,2,12,32,13
1665,B2,2,0,1,10,0,0,0,0,0,0,0,0,0,1,0,2,2,12,2
1665,C1,14,2,1,0,0,0,0,0,0,0,0,0,0,1,0,2,0,0,0
1680,A1,3,14,0,3,0,0,0,0,0,0,0,0,0,1,0,2,0,0,0
1680,B0,0,1,14,2,0,0,0,0,0,0,0,0,0,1,0,2,0,0,0
1680,B1,2,1,1,1,0,0,0,0,0,0,0,0,0,1,0,2,12,32,13
1680,B2,1,0,1,14,0,0,0,0,0,0,0,0,0,1,0,2,2,12,2
1680,C1,14,1,2,0,0,0,0,0,0,0,0,0,0,1,0,2,0,0,0
1695,A1,3,12,0,3,0,0,0,0,0,0,0,0,0,1,0,2,0,0,0
1695,B0,0,2,14,3,0,0,0,0,0,0,0,0,0,1,0,2,0,0,0
1695,B1,1,1,2,2,0,0,0,0,0,0,0,0,0,1,0,2,12,32,13
1695,B2,1,0,4,14,0,0,0,0,0,0,0,0,0,1,0,2,2,12,2
1695,C1,10,1,4,0,0,0,0,0,0,0,0,0,0,1,0,2,0,0,0
1710,A1,3,14,0,2,0,0,0,0,0,0,0,0,0,0,1,2,0,0,0
1710,B0,0,3,14,1,0,0,0,0,0,0,0,0,0,0,1,2,0,0,0
1710,B1,1,1,1,1,0,0,0,0,0,0,0,0,0,0,1,2,13,34,14
1710,B2,1,0,5,14,0,0,0,0,0,0,0,0,0,0,1,2,2,12,2
1710,C1,13,2,1,0,0,0,0,0,0,0,0,0,0,0,1,2,0,0,0
1725,A1,7,14,0,2,0,0,0,0,0,0,0,0,0,0,1,2,0,0,0
1725,B0,0,4,10,1,0,0,0,0,0,0,0,0,0,0,1,2,0,0,0
1725,B1,2,1,1,1,0,0,0,0,0,0,0,0,0,0,1,2,13,34,14
1725,B2,1,0,1,13,0,0,0,0,0,0,0,0,0,0,1,2,2,12,2
1725,C1,14,5,1,0,0,0,0,0,0,0,0,0,0,0,1,2,0,0,0
1740,A1,6,14,0,2,0,0,0,0,0,0,0,0,0,1,0,2,0,0,0
1740,B0,0,1,13,2,0,0,0,0,0,0,0,0,0,1,0,2,0,0,0
1740,B1,2,1,1,1,0,0,0,0,0,0,0,0,0,1,0,2,14,35,15
1740,B2,2,0,4,13,0,0,0,0,0,0,0,0,0,1,0,2,2,12,2
1740,C1,14,2,3,0,0,0,0,0,0,0,0,0,0,1,0,2,0,0,0
1755,A1,1,14,0,3,0,0,0,0,0,0,0,0,0,1,0,2,0,0,0
1755,B0,0,1,14,3,0,0,0,0,0,0,0,0,0,1,0,2,0,0,0
1755,B1,1,1,1,2,0,0,0,0,0,0,0,0,0,1,0,2,14,35,15
1755,B2,2,0,6,14,0,0,0,0,0,0,0,0,0,1,0,1,2,12,2
1755,C1,13,2,3,0,0,0,0,0,0,0,0,0,0,1,0,2,0,0,0
1770,A1,4,13,0,2,0,0,0,0,0,0,0,0,0,0,1,2,0,0,0
1770,B0,0,3,14,1,0,0,0,0,0,0,0,0,0,0,1,2,0,0,0
1770,B1,1,1,1,1,0,0,0,0,0,0,0,0,0,0,1,2,14,35,15
1770,B2,4,0,5,14,0,0,0,0,0,0,0,0,0,0,1,2,2,12,2
1770,C1,13,3,1,0,0,0,0,0,0,0,0,0,0,0,1,2,1,2,1
1785,A1,5,14,0,1,0,0,0,0,0,0,0,0,0,0,1,2,0,0,0
1785,B0,0,4,10,2,0,0,0,0,0,0,0,0,0,0,1,2,0,0,0
1785,B1,1,1,2,1,0,0,0,0,0,0,0,0,0,0,1,2,14,35,15
1785,B2,4,0,3,14,0,0,0,0,0,0,0,0,0,0,1,2,2,12,2
1785,C1,14,6,1,0,0,0,0,0,0,0,0,0,0,0,1,2,1,2,1
1800,A1,5,14,0,2,0,0,0,0,0,0,0,0,0,1,0,2,0,0,0
1800,B0,0,3,13,1,0,0,0,0,0,0,0,0,0,1,0,2,0,0,0
1800,B1,1,2,2,1,0,0,0,0,0,0,0,0,0,1,0,2,14,35,15
1800,B2,2,0,3,12,0,0,0,0,0,0,0,0,0,1,0,2,2,12,2
1800,C1,14,1,1,0,0,0,0,0,0,0,0,0,0,1,0,2,1,2,1
1815,A1,2,13,0,3,0,0,0,0,0,0,0,0,0,1,0,2,0,0,0
1815,B0,0,1,14,2,0,0,0,0,0,0,0,0,0,1,0,2,0,0,0
1815,B1,3,2,2,1,0,0,0,0,0,0,0,0,0,1,0,2,14,35,15
1815,B2,1,0,5,14,0,0,0,0,0,0,0,0,0,1,0,1,2,12,2
1815,C1,11,1,3,0,0,0,0,0,0,0,0,0,0,1,0,2,1,2,1
1830,A1,1,13,0,2,0,0,0,0,0,0,0,0,0,0,1,2,0,0,0
1830,B0,0,1,14,2,0,0,0,0,0,0,0,0,0,0,1,2,0,0,0
1830,B1,1,1,3,2,0,0,0,0,0,0,0,0,0,0,1,2,14,35,15
1830,B2,1,0,7,14,0,0,0,0,0,0,0,0,0,0,1,2,2,12,2
1830,C1,9,3,4,0,0,0,0,0,0,0,0,0,0,0,1,2,1,2,1
1845,A1,4,14,0,1,0,0,0,0,0,0,0,0,0,0,1,2,0,0,0
1845,B0,0,4,11,1,0,0,0,0,0,0,0,0,0,0,1,2,0,0,0
1845,B1,1,1,6,2,0,0,0,0,0,0,0,0,0,0,1,2,14,35,15
1845,B2,3,0,1,14,0,0,0,0,0,0,0,0,0,0,1,2,2,12,2
1845,C1,14,4,1,0,0,0,0,0,0,0,0,0,0,0,1,2,1,2,1
1860,A1,5,14,0,2,0,0,0,0,0,0,0,0,0,0,1,2,0,0,0
1860,B0,0,5,9,1,0,0,0,0,0,0,0,0,0,0,1,2,0,0,0
1860,B1,1,2,6,1,0,0,0,0,0,0,0,0,0,0,1,2,14,35,15
1860,B2,4,0,1,11,0,0,0,0,0,0,0,0,0,0,1,2,2,12,2
1860,C1,14,7,1,0,0,0,0,0,0,0,0,0,0,0,1,2,1,2,1
1875,A1,1,14,0,3,0,0,0,0,0,0,0,0,0,1,0,2,0,0,0
1875,B0,0,1,13,1,0,0,0,0,0,0,0,0,0,1,0,1,0,0,0
1875,B1,3,2,6,1,0,0,0,0,0,0,0,0,0,1,0,2,14,35,15
1875,B2,1,0,3,13,0,0,0,0,0,0,0,0,0,1,0,2,2,12,2
1875,C1,14,2,2,0,0,0,0,0,0,0,0,0,0,1,0,2,1,2,1
1890,A1,2,12,0,4,0,0,0,0,0,0,0,0,0,1,0,2,0,0,0
1890,B0,0,2,14,1,0,0,0,0,0,0,0,0,0,1,0,2,0,0,0
1890,B1,2,1,6,2,0,0,0,0,0,0,0,0,0,1,0,2,14,35,15
1890,B2,1,0,4,14,0,0,0,0,0,0,0,0,0,1,0,2,2,12,2
1890,C1,13,2,2,0,0,0,0,0,0,0,0,0,0,1,0,2,1,2,1
1905,A1,1,13,0,1,0,0,0,0,0,0,0,0,0,0,1,2,0,0,0
1905,B0,0,1,14,1,0,0,0,0,0,0,0,0,0,0,1,2,0,0,0
1905,B1,2,1,5,1,0,0,0,0,0,0,0,0,0,0,1,2,15,37,16
1905,B2,1,0,1,14,0,0,0,0,0,0,0,0,0,0,1,2,2,12,2
1905,C1,13,4,1,0,0,0,0,0,0,0,0,0,0,0,1,2,1,2,1
1920,A1,1,13,0,1,0,0,0,0,0,0,0,0,0,0,1,2,0,0,0
1920,B0,0,3,11,2,0,0,0,0,0,0,0,0,0,0,1,2,0,0,0
1920,B1,2,1,3,1,0,0,0,0,0,0,0,0,0,0,1,2,15,37,16
1920,B2,2,0,2,12,0,0,0,0,0,0,0,0,0,0,1,2,2,12,2
1920,C1,14,4,1,0,0,0,0,0,0,0,0,0,0,0,1,2,1,2,1
1935,A1,1,14,0,2,0,0,0,0,0,0,0,0,0,1,0,2,0,0,0
1935,B0,0,2,12,3,0,0,0,0,0,0,0,0,0,1,0,2,0,0,0
1935,B1,1,2,2,1,0,0,0,0,0,0,0,0,0,1,0,2,16,38,17
1935,B2,2,0,2,13,0,0,0,0,0,0,0,0,0,1,0,2,2,12,2
1935,C1,14,3,1,0,0,0,0,0,0,0,0,0,0,1,0,2,1,2,1
1950,A1,1,12,0,2,0,0,0,0,0,0,0,0,0,1,0,2,0,0,0
1950,B0,0,1,14,4,0,0,0,0,0,0,0,0,0,1,0,2,0,0,0
1950,B1,2,2,2,1,0,0,0,0,0,0,0,0,0,1,0,2,16,38,17
1950,B2,2,0,7,14,0,0,0,0,0,0,0,0,0,1,0,1,2,12,2
1950,C1,14,2,1,0,0,0,0,0,0,0,0,0,0,1,0,2,1,2,1
1965,A1,2,10,0,1,0,0,0,0,0,0,0,0,0,0,1,2,0,0,0
1965,B0,0,1,14,3,0,0,0,0,0,0,0,0,0,0,1,2,0,0,0
1965,B1,1,1,2,1,0,0,0,0,0,0,0,0,0,0,1,2,16,38,17
1965,B2,1,0,6,14,0,0,0,0,0,0,0,0,0,0,1,2,2,12,2
1965,C1,13,4,1,0,0,0,0,0,0,0,0,0,0,0,1,2,2,8,2
1980,A1,3,14,0,1,0,0,0,0,0,0,0,0,0,0,1,2,0,0,0
1980,B0,0,1,13,1,0,0,0,0,0,0,0,0,0,0,1,2,0,0,0
1980,B1,1,1,3,3,0,0,0,0,0,0,0,0,0,0,1,2,16,38,17
1980,B2,2,0,1,14,0,0,0,0,0,0,0,0,0,0,1,2,2,12,2
1980,C1,14,4,1,0,0,0,0,0,0,0,0,0,0,0,1,2,2,8,2
1995,A1,3,14,0,1,0,0,0,0,0,0,0,0,0,1,0,2,0,0,0
1995,B0,0,1,13,2,0,0,0,0,0,0,0,0,0,1,0,2,0,0,0
1995,B1,3,1,1,1,0,0,0,0,0,0,0,0,0,1,0,2,17,42,18
1995,B2,2,0,2,13,0,0,0,0,0,0,0,0,0,1,0,2,2,12,2
1995,C1,14,7,1,0,0,0,0,0,0,0,0,0,0,1,0,2,2,8,2
2010,A1,2,14,0,2,0,0,0,0,0,0,0,0,0,1,0,2,0,0,0
2010,B0,0,2,13,3,0,0,0,0,0,0,0,0,0,1,0,2,0,0,0
2010,B1,2,1,1,1,0,0,0,0,0,0,0,0,0,1,0,2,17,42,18
2010,B2,1,0,3,14,0,0,0,0,0,0,0,0,0,1,0,2,2,12,2
2010,C1,14,2,1,0,0,0,0,0,0,0,0,0,0,1,0,2,2,8,2
2025,A1,4,13,0,3,0,0,0,0,0,0,0,0,0,1,0,2,0,0,0
2025,B0,0,1,13,5,0,0,0,0,0,0,0,0,0,1,0,2,0,0,0
2025,B1,1,1,2,1,0,0,0,0,0,0,0,0,0,1,0,2,17,42,18
2025,B2,1,0,4,14,0,0,0,0,0,0,0,0,0,1,0,2,2,12,2
2025,C1,12,2,2,0,0,0,0,0,0,0,0,0,0,1,0,2,2,8,2
2040,A1,2,13,0,1,0,0,0,0,0,0,0,0,0,0,1,2,0,0,0
2040,B0,0,1,14,1,0,0,0,0,0,0,0,0,0,0,1,2,0,0,0
2040,B1,1,1,1,2,0,0,0,0,0,0,0,0,0,0,1,2,17,42,18
2040,B2,1,0,3,14,0,0,0,0,0,0,0,0,0,0,1,2,2,12,2
2040,C1,13,6,1,0,0,0,0,0,0,0,0,0,0,0,1,2,2,8,2
2055,A1,6,13,0,1,0,0,0,0,0,0,0,0,0,0,1,2,0,0,0
2055,B0,0,2,14,1,0,0,0,0,0,0,0,0,0,0,1,2,0,0,0
2055,B1,1,1,1,1,0,0,0,0,0,0,0,0,0,0,1,2,17,42,18
2055,B2,4,0,2,13,0,0,0,0,0,0,0,0,0,0,1,2,2,12,2
2055,C1,14,8,1,0,0,0,0,0,0,0,0,0,0,0,1,2,2,8,2
2070,A1,3,14,0,2,0,0,0,0,0,0,0,0,0,1,0,2,0,0,0
2070,B0,0,1,13,4,0,0,0,0,0,0,0,0,0,1,0,2,0,0,0
2070,B1,1,1,1,1,0,0,0,0,0,0,0,0,0,1,0,2,17,42,18
2070,B2,1,0,2,13,0,0,0,0,0,0,0,0,0,1,0,2,2,12,2
2070,C1,14,6,1,0,0,0,0,0,0,0,0,0,0,1,0,2,2,8,2
2085,A1,2,12,0,2,0,0,0,0,0,0,0,0,0,1,0,2,0,0,0
2085,B0,0,1,14,5,0,0,0,0,0,0,0,0,0,1,0,2,0,0,0
2085,B1,1,1,2,3,0,0,0,0,0,0,0,0,0,1,0,2,17,42,18
2085,B2,2,0,3,14,0,0,0,0,0,0,0,0,0,1,0,2,2,12,2
2085,C1,14,3,2,0,0,0,0,0,0,0,0,0,0,1,0,2,2,8,2
2100,A1,2,13,0,2,0,0,0,0,0,0,0,0,0,0,1,2,0,0,0
2100,B0,0,1,14,3,0,0,0,0,0,0,0,0,0,0,1,2,0,0,0
2100,B1,1,1,2,2,0,0,0,0,0,0,0,0,0,0,1,2,17,42,18
2100,B2,2,0,2,14,0,0,0,0,0,0,0,0,0,0,1,2,2,12,2
2100,C1,13,2,1,0,0,0,0,0,0,0,0,0,0,0,1,2,2,8,2
2115,A1,5,13,0,1,0,0,0,0,0,0,0,0,0,0,1,2,0,0,0
2115,B0,0,3,13,1,0,0,0,0,0,0,0,0,0,0,1,2,0,0,0
2115,B1,1,1,3,2,0,0,0,0,0,0,0,0,0,0,1,2,17,42,18
2115,B2,2,0,1,10,0,0,0,0,0,0,0,0,0,0,1,2,2,12,2
2115,C1,14,3,1,0,0,0,0,0,0,0,0,0,0,0,1,2,2,8,2
2130,A1,3,14,0,1,0,0,0,0,0,0,0,0,0,1,0,2,0,0,0
2130,B0,0,2,12,4,0,0,0,0,0,0,0,0,0,1,0,2,0,0,0
2130,B1,1,1,1,1,0,0,0,0,0,0,0,0,0,1,0,2,17,42,18
2130,B2,1,0,2,11,0,0,0,0,0,0,0,0,0,1,0,2,2,12,2
2130,C1,14,2,1,0,0,0,0,0,0,0,0,0,0,1,0,2,2,8,2
2145,A1,3,14,0,1,0,0,0,0,0,0,0,0,0,1,0,2,0,0,0
2145,B0,0,3,14,6,0,0,0,0,0,0,0,0,0,1,0,2,0,0,0
2145,B1,1,2,1,1,0,0,0,0,0,0,0,0,0,1,0,2,17,42,18
2145,B2,1,0,3,14,0,0,0,0,0,0,0,0,0,1,0,2,2,12,2
2145,C1,11,4,1,0,0,0,0,0,0,0,0,0,0,1,0,2,2,8,2
2160,A1,1,13,0,1,0,0,0,0,0,0,0,0,0,0,1,2,0,0,0
2160,B0,0,1,14,8,0,0,0,0,0,0,0,0,0,0,1,2,0,0,0
2160,B1,1,1,2,1,0,0,0,0,0,0,0,0,0,0,1,2,17,42,18
2160,B2,1,0,4,14,0,0,0,0,0,0,0,0,0,0,1,2,2,12,2
2160,C1,9,3,1,0,0,0,0,0,0,0,0,0,0,0,1,2,2,8,2
2175,A1,3,14,0,1,0,0,0,0,0,0,0,0,0,0,1,2,0,0,0
2175,B0,0,1,14,2,0,0,0,0,0,0,0,0,0,0,1,2,0,0,0
2175,B1,1,1,2,3,0,0,0,0,0,0,0,0,0,0,1,2,17,42,18
2175,B2,2,0,1,14,0,0,0,0,0,0,0,0,0,0,1,2,2,12,2
2175,C1,13,4,1,0,0,0,0,0,0,0,0,0,0,0,1,2,2,8,2
2190,A1,3,14,0,1,0,0,0,0,0,0,0,0,0,0,1,2,0,0,0
2190,B0,0,2,11,2,0,0,0,0,0,0,0,0,0,0,1,2,0,0,0
2190,B1,2,1,2,2,0,0,0,0,0,0,0,0,0,0,1,2,17,42,18
2190,B2,2,0,1,11,0,0,0,0,0,0,0,0,0,0,1,2,2,12,2
2190,C1,14,4,2,0,0,0,0,0,0,0,0,0,0,0,1,2,2,8,2
2205,A1,3,14,0,3,0,0,0,0,0,0,0,0,0,1,0,2,0,0,0
2205,B0,0,1,13,2,0,0,0,0,0,0,0,0,0,1,0,2,0,0,0
2205,B1,5,2,2,2,0,0,0,0,0,0,0,0,0,1,0,2,17,42,18
2205,B2,1,0,3,13,0,0,0,0,0,0,0,0,0,1,0,2,2,12,2
2205,C1,14,1,3,0,0,0,0,0,0,0,0,0,0,1,0,2,2,8,2
2220,A1,1,13,0,3,0,0,0,0,0,0,0,0,0,1,0,2,0,0,0
2220,B0,0,1,14,3,0,0,0,0,0,0,0,0,0,1,0,2,0,0,0
2220,B1,1,1,2,2,0,0,0,0,0,0,0,0,0,1,0,2,17,42,18
2220,B2,1,0,5,14,0,0,0,0,0,0,0,0,0,1,0,1,2,12,2
2220,C1,14,1,4,0,0,0,0,0,0,0,0,0,0,1,0,2,2,8,2
2235,A1,3,13,0,1,0,0,0,0,0,0,0,0,0,0,1,2,0,0,0
2235,B0,0,1,14,1,0,0,0,0,0,0,0,0,0,0,1,2,0,0,0
2235,B1,1,1,2,2,0,0,0,0,0,0,0,0,0,0,1,2,17,42,18
2235,B2,3,0,1,14,0,0,0,0,0,0,0,0,0,0,1,2,2,12,2
2235,C1,13,3,2,0,0,0,0,0,0,0,0,0,0,0,1,2,2,8,2
2250,A1,3,13,0,1,0,0,0,0,0,0,0,0,0,0,1,2,0,0,0
2250,B0,0,2,10,2,0,0,0,0,0,0,0,0,0,0,1,2,0,0,0
2250,B1,1,1,2,1,0,0,0,0,0,0,0,0,0,0,1,2,17,42,18
2250,B2,5,0,2,11,0,0,0,0,0,0,0,0,0,0,1,2,2,12,2
2250,C1,14,4,1,0,0,0,0,0,0,0,0,0,0,0,1,2,2,8,2
2265,A1,1,14,0,1,0,0,0,0,0,0,0,0,0,1,0,2,0,0,0
2265,B0,0,2,12,4,0,0,0,0,0,0,0,0,0,1,0,2,0,0,0
2265,B1,2,2,1,1,0,0,0,0,0,0,0,0,0,1,0,2,18,44,19
2265,B2,4,0,1,13,0,0,0,0,0,0,0,0,0,1,0,2,2,12,2
2265,C1,14,3,2,0,0,0,0,0,0,0,0,0,0,1,0,2,2,8,2
2280,A1,1,9,0,2,0,0,0,0,0,0,0,0,0,1,0,2,0,0,0
2280,B0,0,1,14,6,0,0,0,0,0,0,0,0,0,1,0,2,0,0,0
2280,B1,1,1,1,1,0,0,0,0,0,0,0,0,0,1,0,2,18,44,19
2280,B2,2,0,4,14,0,0,0,0,0,0,0,0,0,1,0,2,2,12,2
2280,C1,12,2,2,0,0,0,0,0,0,0,0,0,0,1,0,2,2,8,2
2295,A1,2,10,0,1,0,0,0,0,0,0,0,0,0,0,1,2,0,0,0
2295,B0,0,1,14,5,0,0,0,0,0,0,0,0,0,0,1,2,0,0,0
2295,B1,1,1,3,1,0,0,0,0,0,0,0,0,0,0,1,2,18,44,19
2295,B2,2,0,3,14,0,0,0,0,0,0,0,0,0,0,1,2,2,12,2
2295,C1,11,1,1,0,0,0,0,0,0,0,0,0,0,0,1,2,2,8,2
2310,A1,2,14,0,1,0,0,0,0,0,0,0,0,0,0,1,2,0,0,0
2310,B0,0,3,14,1,0,0,0,0,0,0,0,0,0,0,1,2,0,0,0
2310,B1,1,1,4,2,0,0,0,0,0,0,0,0,0,0,1,2,18,44,19
2310,B2,3,0,1,13,0,0,0,0,0,0,0,0,0,0,1,2,2,12,2
2310,C1,14,2,1,0,0,0,0,0,0,0,0,0,0,0,1,2,2,8,2
2325,A1,3,14,0,2,0,0,0,0,0,0,0,0,0,1,0,2,0,0,0
2325,B0,0,2,12,3,0,0,0,0,0,0,0,0,0,1,0,2,0,0,0
2325,B1,1,3,2,1,0,0,0,0,0,0,0,0,0,1,0,2,18,44,19
2325,B2,2,0,5,11,0,0,0,0,0,0,0,0,0,1,0,1,2,12,2
2325,C1,14,3,2,0,0,0,0,0,0,0,0,0,0,1,0,2,2,8,2
2340,A1,1,13,0,3,0,0,0,0,0,0,0,0,0,1,0,2,0,0,0
2340,B0,0,1,14,5,0,0,0,0,0,0,0,0,0,1,0,2,0,0,0
2340,B1,1,3,2,1,0,0,0,0,0,0,0,0,0,1,0,2,18,44,19
2340,B2,1,0,2,14,0,0,0,0,0,0,0,0,0,1,0,2,2,12,2
2340,C1,13,1,3,0,0,0,0,0,0,0,0,0,0,1,0,2,2,8,2
2355,A1,1,10,0,5,0,0,0,0,0,0,0,0,0,1,0,2,0,0,0
2355,B0,0,2,14,7,0,0,0,0,0,0,0,0,0,1,0,2,0,0,0
2355,B1,1,1,3,2,0,0,0,0,0,0,0,0,0,1,0,2,18,44,19
2355,B2,1,0,3,14,0,0,0,0,0,0,0,0,0,1,0,2,2,12,2
2355,C1,11,1,5,0,0,0,0,0,0,0,0,0,0,1,0,2,2,8,2
2370,A1,3,13,0,2,0,0,0,0,0,0,0,0,0,0,1,2,0,0,0
2370,B0,0,1,14,1,0,0,0,0,0,0,0,0,0,0,1,2,0,0,0
2370,B1,1,1,2,3,0,0,0,0,0,0,0,0,0,0,1,2,19,47,20
2370,B2,2,0,1,13,0,0,0,0,0,0,0,0,0,0,1,2,2,12,2
2370,C1,13,3,1,0,0,0,0,0,0,0,0,0,0,0,1,2,2,8,2
2385,A1,5,14,0,1,0,0,0,0,0,0,0,0,0,0,1,2,0,0,0
2385,B0,0,4,10,1,0,0,0,0,0,0,0,0,0,0,1,2,0,0,0
2385,B1,1,1,2,3,0,0,0,0,0,0,0,0,0,0,1,2,19,47,20
2385,B2,3,0,1,9,0,0,0,0,0,0,0,0,0,0,1,2,2,12,2
2385,C1,14,5,2,0,0,0,0,0,0,0,0,0,0,0,1,2,2,8,2
2400,A1,2,14,0,3,0,0,0,0,0,0,0,0,0,1,0,2,0,0,0
2400,B0,0,1,13,1,0,0,0,0,0,0,0,0,0,1,0,1,0,0,0
2400,B1,1,1,1,2,0,0,0,0,0,0,0,0,0,1,0,2,19,47,20
2400,B2,1,0,2,12,0,0,0,0,0,0,0,0,0,1,0,2,2,12,2
2400,C1,14,3,3,0,0,0,0,0,0,0,0,0,0,1,0,2,2,8,2
2415,A1,3,10,0,4,0,0,0,0,0,0,0,0,0,1,0,2,0,0,0
2415,B0,0,1,14,2,0,0,0,0,0,0,0,0,0,1,0,2,0,0,0
2415,B1,1,1,1,2,0,0,0,0,0,0,0,0,0,1,0,2,19,47,20
2415,B2,2,0,3,14,0,0,0,0,0,0,0,0,0,1,0,2,2,12,2
2415,C1,11,1,3,0,0,0,0,0,0,0,0,0,0,1,0,2,2,8,2
2430,A1,2,11,0,4,0,0,0,0,0,0,0,0,0,0,1,2,0,0,0
2430,B0,0,3,14,2,0,0,0,0,0,0,0,0,0,0,1,2,0,0,0
2430,B1,1,1,2,3,0,0,0,0,0,0,0,0,0,0,1,2,19,47,20
2430,B2,2,0,2,14,0,0,0,0,0,0,0,0,0,0,1,2,2,12,2
2430,C1,11,1,3,0,0,0,0,0,0,0,0,0,0,0,1,2,2,8,2
2445,A1,3,14,0,2,0,0,0,0,0,0,0,0,0,0,1,2,0,0,0
2445,B0,0,4,12,1,0,0,0,0,0,0,0,0,0,0,1,2,0,0,0
2445,B1,1,1,3,6,0,0,0,0,0,0,0,0,0,0,1,2,19,47,20
2445,B2,3,0,1,13,0,0,0,0,0,0,0,0,0,0,1,2,2,12,2
2445,C1,14,2,1,0,0,0,0,0,0,0,0,0,0,0,1,2,2,8,2
2460,A1,4,14,0,1,0,0,0,0,0,0,0,0,0,1,0,2,0,0,0
2460,B0,0,2,12,2,0,0,0,0,0,0,0,0,0,1,0,2,0,0,0
2460,B1,1,1,1,3,0,0,0,0,0,0,0,0,0,1,0,2,20,49,21
2460,B2,1,0,2,11,0,0,0,0,0,0,0,0,0,1,0,2,2,12,2
2460,C1,14,2,4,0,0,0,0,0,0,0,0,0,0,1,0,2,2,8,2
2475,A1,1,14,0,2,0,0,0,0,0,0,0,0,0,1,0,2,0,0,0
2475,B0,0,1,14,4,0,0,0,0,0,0,0,0,0,1,0,2,0,0,0
2475,B1,4,3,1,3,0,0,0,0,0,0,0,0,0,1,0,2,20,49,21
2475,B2,2,0,3,14,0,0,0,0,0,0,0,0,0,1,0,2,2,12,2
2475,C1,14,2,8,0,0,0,0,0,0,0,0,0,0,1,0,2,2,8,2
2490,A1,1,12,0,1,0,0,0,0,0,0,0,0,0,0,1,2,0,0,0
2490,B0,0,1,14,4,0,0,0,0,0,0,0,0,0,0,1,2,0,0,0
2490,B1,3,2,3,3,0,0,0,0,0,0,0,0,0,0,1,2,20,49,21
2490,B2,1,0,3,14,0,0,0,0,0,0,0,0,0,0,1,2,2,12,2
2490,C1,10,1,9,0,0,0,0,0,0,0,0,0,0,0,1,2,2,8,2
2505,A1,3,13,0,1,0,0,0,0,0,0,0,0,0,0,1,2,0,0,0
2505,B0,0,2,14,2,0,0,0,0,0,0,0,0,0,0,1,2,0,0,0
2505,B1,3,2,2,3,0,0,0,0,0,0,0,0,0,0,1,2,20,49,21
2505,B2,1,0,1,12,0,0,0,0,0,0,0,0,0,0,1,2,2,12,2
2505,C1,14,3,4,0,0,0,0,0,0,0,0,0,0,0,1,2,2,8,2
2520,A1,5,14,0,2,0,0,0,0,0,0,0,0,0,0,1,2,0,0,0
2520,B0,0,2,12,3,0,0,0,0,0,0,0,0,0,0,1,2,0,0,0
2520,B1,3,2,1,3,0,0,0,0,0,0,0,0,0,0,1,2,20,49,21
2520,B2,1,0,2,11,0,0,0,0,0,0,0,0,0,0,1,2,2,12,2
2520,C1,14,7,1,0,0,0,0,0,0,0,0,0,0,0,1,2,2,8,2
2535,A1,1,13,0,3,0,0,0,0,0,0,0,0,0,1,0,2,0,0,0
2535,B0,0,1,13,3,0,0,0,0,0,0,0,0,0,1,0,2,0,0,0
2535,B1,6,2,1,3,0,0,0,0,0,0,0,0,0,1,0,2,20,49,21
2535,B2,1,0,3,13,0,0,0,0,0,0,0,0,0,1,0,2,2,12,2
2535,C1,14,2,4,0,0,0,0,0,0,0,0,0,0,1,0,2,2,8,2
2550,A1,1,10,0,3,0,0,0,0,0,0,0,0,0,1,0,2,0,0,0
2550,B0,0,1,14,4,0,0,0,0,0,0,0,0,0,1,0,2,0,0,0
2550,B1,3,1,1,3,0,0,0,0,0,0,0,0,0,1,0,2,20,49,21
2550,B2,1,0,4,14,0,0,0,0,0,0,0,0,0,1,0,2,2,12,2
2550,C1,11,1,6,0,0,0,0,0,0,0,0,0,0,1,0,2,2,8,2
2565,A1,3,12,0,1,0,0,0,0,0,0,0,0,0,0,1,2,0,0,0
2565,B0,0,3,14,3,0,0,0,0,0,0,0,0,0,0,1,2,0,0,0
2565,B1,2,1,1,1,0,0,0,0,0,0,0,0,0,0,1,2,20,49,21
2565,B2,2,0,1,14,0,0,0,0,0,0,0,0,0,0,1,2,2,12,2
2565,C1,12,3,5,0,0,0,0,0,0,0,0,0,0,0,1,2,2,8,2
2580,A1,5,14,0,2,0,0,0,0,0,0,0,0,0,0,1,2,0,0,0
2580,B0,0,3,12,3,0,0,0,0,0,0,0,0,0,0,1,2,0,0,0
2580,B1,2,1,2,1,0,0,0,0,0,0,0,0,0,0,1,2,20,49,21
2580,B2,4,0,2,11,0,0,0,0,0,0,0,0,0,0,1,2,2,12,2
2580,C1,14,4,1,0,0,0,0,0,0,0,0,0,0,0,1,2,2,8,2
2595,A1,4,14,0,3,0,0,0,0,0,0,0,0,0,1,0,2,0,0,0
2595,B0,0,2,12,3,0,0,0,0,0,0,0,0,0,1,0,2,0,0,0
2595,B1,4,1,1,1,0,0,0,0,0,0,0,0,0,1,0,2,20,49,21
2595,B2,3,0,2,11,0,0,0,0,0,0,0,0,0,1,0,2,3,14,3
2595,C1,14,3,1,0,0,0,0,0,0,0,0,0,0,1,0,2,2,8,2
2610,A1,1,12,0,4,0,0,0,0,0,0,0,0,0,1,0,2,0,0,0
2610,B0,0,2,14,3,0,0,0,0,0,0,0,0,0,1,0,2,0,0,0
2610,B1,4,1,1,2,0,0,0,0,0,0,0,0,0,1,0,2,20,49,21
2610,B2,1,0,2,14,0,0,0,0,0,0,0,0,0,1,0,2,3,14,3
2610,C1,13,1,1,0,0,0,0,0,0,0,0,0,0,1,0,2,2,8,2
2625,A1,2,10,0,2,0,0,0,0,0,0,0,0,0,0,1,2,0,0,0
2625,B0,0,3,14,5,0,0,0,0,0,0,0,0,0,0,1,2,0,0,0
2625,B1,1,1,4,1,0,0,0,0,0,0,0,0,0,0,1,2,20,49,21
2625,B2,1,0,1,14,0,0,0,0,0,0,0,0,0,0,1,2,3,14,3
2625,C1,13,4,1,0,0,0,0,0,0,0,0,0,0,0,1,2,2,8,2
2640,A1,4,14,0,1,0,0,0,0,0,0,0,0,0,0,1,2,0,0,0
2640,B0,0,3,14,3,0,0,0,0,0,0,0,0,0,0,1,2,0,0,0
2640,B1,1,1,3,2,0,0,0,0,0,0,0,0,0,0,1,2,20,49,21
2640,B2,2,0,1,12,0,0,0,0,0,0,0,0,0,0,1,2,3,14,3
2640,C1,14,4,3,0,0,0,0,0,0,0,0,0,0,0,1,2,2,8,2
2655,A1,4,14,0,1,0,0,0,0,0,0,0,0,0,1,0,2,0,0,0
2655,B0,0,3,13,1,0,0,0,0,0,0,0,0,0,1,0,2,0,0,0
2655,B1,2,1,1,1,0,0,0,0,0,0,0,0,0,1,0,2,21,52,22
2655,B2,2,0,3,11,0,0,0,0,0,0,0,0,0,1,0,2,3,14,3
2655,C1,14,3,1,0,0,0,0,0,0,0,0,0,0,1,0,2,2,8,2
2670,A1,1,14,0,3,0,0,0,0,0,0,0,0,0,1,0,2,0,0,0
2670,B0,0,2,14,2,0,0,0,0,0,0,0,0,0,1,0,2,0,0,0
2670,B1,2,4,1,1,0,0,0,0,0,0,0,0,0,1,0,2,21,52,22
2670,B2,2,0,2,14,0,0,0,0,0,0,0,0,0,1,0,2,3,14,3
2670,C1,14,1,4,0,0,0,0,0,0,0,0,0,0,1,0,2,2,8,2
2685,A1,2,11,0,4,0,0,0,0,0,0,0,0,0,1,0,2,0,0,0
2685,B0,0,1,14,4,0,0,0,0,0,0,0,0,0,1,0,2,0,0,0
2685,B1,1,1,2,1,0,0,0,0,0,0,0,0,0,1,0,2,21,52,22
2685,B2,2,0,3,14,0,0,0,0,0,0,0,0,0,1,0,2,3,14,3
2685,C1,11,1,4,0,0,0,0,0,0,0,0,0,0,1,0,2,2,8,2
2700,A1,6,13,0,1,0,0,0,0,0,0,0,0,0,0,1,2,0,0,0
2700,B0,0,1,14,1,0,0,0,0,0,0,0,0,0,0,1,2,0,0,0
2700,B1,1,1,2,1,0,0,0,0,0,0,0,0,0,0,1,2,21,52,22
2700,B2,4,0,1,12,0,0,0,0,0,0,0,0,0,0,1,2,3,14,3
2700,C1,13,2,1,0,0,0,0,0,0,0,0,0,0,0,1,2,2,8,2
2715,A1,7,14,0,1,0,0,0,0,0,0,0,0,0,0,1,2,0,0,0
2715,B0,0,4,13,1,0,0,0,0,0,0,0,0,0,0,1,2,0,0,0
2715,B1,1,2,3,1,0,0,0,0,0,0,0,0,0,0,1,2,21,52,22
2715,B2,5,0,1,10,0,0,0,0,0,0,0,0,0,0,1,2,3,14,3
2715,C1,14,4,1,0,0,0,0,0,0,0,0,0,0,0,1,2,2,8,2
2730,A1,5,14,0,1,0,0,0,0,0,0,0,0,0,1,0,2,0,0,0
2730,B0,0,1,13,2,0,0,0,0,0,0,0,0,0,1,0,2,0,0,0
2730,B1,1,5,1,1,0,0,0,0,0,0,0,0,0,1,0,2,21,52,22
2730,B2,1,0,5,13,0,0,0,0,0,0,0,0,0,1,0,1,3,14,3
2730,C1,14,2,1,0,0,0,0,0,0,0,0,0,0,1,0,2,2,8,2
2745,A1,3,13,0,2,0,0,0,0,0,0,0,0,0,1,0,2,0,0,0
2745,B0,0,4,14,4,0,0,0,0,0,0,0,0,0,1,0,2,0,0,0
2745,B1,1,2,2,1,0,0,0,0,0,0,0,0,0,1,0,2,21,52,22
2745,B2,1,0,5,14,0,0,0,0,0,0,0,0,0,1,0,1,3,14,3
2745,C1,10,1,2,0,0,0,0,0,0,0,0,0,0,1,0,2,2,8,2
2760,A1,1,13,0,1,0,0,0,0,0,0,0,0,0,0,1,2,0,0,0
2760,B0,0,4,14,3,0,0,0,0,0,0,0,0,0,0,1,2,0,0,0
2760,B1,1,1,1,2,0,0,0,0,0,0,0,0,0,0,1,2,21,52,22
2760,B2,1,0,4,14,0,0,0,0,0,0,0,0,0,0,1,2,3,14,3
2760,C1,12,1,2,0,0,0,0,0,0,0,0,0,0,0,1,2,2,8,2
2775,A1,4,14,0,1,0,0,0,0,0,0,0,0,0,0,1,2,0,0,0
2775,B0,0,7,14,2,0,0,0,0,0,0,0,0,0,0,1,2,0,0,0
2775,B1,1,1,3,2,0,0,0,0,0,0,0,0,0,0,1,2,21,52,22
2775,B2,1,0,1,14,0,0,0,0,0,0,0,0,0,0,1,2,3,14,3
2775,C1,14,2,1,0,0,0,0,0,0,0,0,0,0,0,1,2,2,8,2
2790,A1,3,14,0,1,0,0,0,0,0,0,0,0,0,1,0,2,0,0,0
2790,B0,0,6,13,2,0,0,0,0,0,0,0,0,0,1,0,2,0,0,0
2790,B1,1,1,3,1,0,0,0,0,0,0,0,0,0,1,0,2,21,52,22
2790,B2,1,0,3,13,0,0,0,0,0,0,0,0,0,1,0,2,3,14,3
2790,C1,14,5,3,0,0,0,0,0,0,0,0,0,0,1,0,2,2,8,2
2805,A1,1,12,0,1,0,0,0,0,0,0,0,0,0,1,0,2,0,0,0
2805,B0,0,1,14,2,0,0,0,0,0,0,0,0,0,1,0,2,0,0,0
2805,B1,1,1,3,1,0,0,0,0,0,0,0,0,0,1,0,2,21,52,22
2805,B2,1,0,7,14,0,0,0,0,0,0,0,0,0,1,0,1,3,14,3
2805,C1,8,1,3,0,0,0,0,0,0,0,0,0,0,1,0,2,2,8,2
2820,A1,2,13,0,3,0,0,0,0,0,0,0,0,1,0,1,2,0,0,0
2820,B0,0,2,14,3,0,0,0,0,0,0,0,0,0,0,1,2,0,0,0
2820,B1,1,1,5,2,0,0,0,2,0,0,0,0,0,0,1,1,22,58,22
2820,B2,1,0,6,14,0,0,0,0,0,0,0,0,0,0,1,2,3,14,3
2820,C1,9,1,2,0,0,0,0,0,0,0,0,0,0,0,1,2,2,8,2
2835,A1,5,13,0,1,0,0,0,0,0,0,0,0,0,0,1,2,0,0,0
2835,B0,0,1,12,4,0,0,0,0,0,0,0,0,0,0,1,2,0,0,0
2835,B1,1,1,2,2,0,0,0,0,0,0,0,0,0,0,1,2,22,66,25
2835,B2,1,0,2,14,0,0,0,0,0,0,0,0,0,0,1,2,3,14,3
2835,C1,13,3,1,0,0,0,0,0,0,0,0,0,0,0,1,2,2,8,2
2850,A1,6,14,0,2,0,0,0,0,0,0,0,0,0,0,1,2,0,0,0
2850,B0,0,3,8,3,0,0,0,0,0,0,0,0,0,0,1,2,0,0,0
2850,B1,1,1,1,1,0,0,0,0,0,0,0,0,0,0,1,2,22,66,25
2850,B2,2,0,1,12,0,0,0,0,0,0,0,0,0,0,1,2,3,14,3
2850,C1,14,5,1,0,0,0,0,0,0,0,0,0,0,0,1,2,2,8,2
2865,A1,1,14,0,3,0,0,0,0,0,0,0,0,0,1,0,2,0,0,0
2865,B0,0,4,13,3,0,0,0,0,0,0,0,0,0,1,0,2,0,0,0
2865,B1,2,3,1,1,0,0,0,0,0,0,0,0,0,1,0,2,22,66,25
2865,B2,3,0,4,14,0,0,0,0,0,0,0,0,0,1,0,2,3,14,3
2865,C1,14,5,1,0,0,0,0,0,0,0,0,0,0,1,0,2,2,8,2
2880,A1,2,12,0,4,0,0,0,0,0,0,0,0,0,1,0,2,0,0,0
2880,B0,0,1,14,1,0,0,0,0,0,0,0,0,0,1,0,1,0,0,0
2880,B1,4,3,2,1,0,0,0,0,0,0,0,0,0,1,0,2,22,66,25
2880,B2,2,0,5,14,0,0,0,0,0,0,0,0,0,1,0,1,3,14,3
2880,C1,8,2,1,0,0,0,0,0,0,0,0,0,0,1,0,2,2,8,2
2895,A1,4,13,0,1,0,0,0,0,0,0,0,0,0,0,1,2,0,0,0
2895,B0,0,1,11,1,0,0,0,0,0,0,0,0,0,0,1,2,0,0,0
2895,B1,2,2,1,3,0,0,0,0,0,0,0,0,0,0,1,2,23,68,26
2895,B2,4,0,1,14,0,0,0,0,0,0,0,0,0,0,1,2,3,14,3
2895,C1,12,3,1,0,0,0,0,0,0,0,0,0,0,0,1,2,2,8,2
2910,A1,4,14,0,1,0,0,0,0,0,0,0,0,0,0,1,2,0,0,0
2910,B0,0,4,10,1,0,0,0,0,0,0,0,0,0,0,1,2,0,0,0
2910,B1,3,3,1,3,0,0,0,0,0,0,0,0,0,0,1,2,23,68,26
2910,B2,5,0,2,11,0,0,0,0,0,0,0,0,0,0,1,2,3,14,3
2910,C1,14,6,1,0,0,0,0,0,0,0,0,0,0,0,1,2,2,8,2
2925,A1,1,14,0,4,0,0,0,0,0,0,0,0,0,1,0,2,0,0,0
2925,B0,0,2,12,2,0,0,0,0,0,0,0,0,0,1,0,2,0,0,0
2925,B1,5,4,1,2,0,0,0,0,0,0,0,0,0,1,0,2,23,68,26
2925,B2,2,0,3,13,0,0,0,0,0,0,0,0,0,1,0,2,3,14,3
2925,C1,14,5,1,0,0,0,0,0,0,0,0,0,0,1,0,2,2,8,2
2940,A1,1,12,0,5,0,0,0,0,0,0,0,0,0,1,0,2,0,0,0
2940,B0,0,1,14,3,0,0,0,0,0,0,0,0,0,1,0,2,0,0,0
2940,B1,3,2,1,2,0,0,0,0,0,0,0,0,0,1,0,2,23,68,26
2940,B2,1,0,6,14,0,0,0,0,0,0,0,0,0,1,0,1,3,14,3
2940,C1,13,1,3,0,0,0,0,0,0,0,0,0,0,1,0,2,2,8,2
2955,A1,1,12,0,4,0,0,0,0,0,0,0,0,0,0,1,2,0,0,0
2955,B0,0,2,14,2,0,0,0,0,0,0,0,0,0,0,1,2,0,0,0
2955,B1,1,1,2,4,0,0,0,0,0,0,0,0,0,0,1,2,23,68,26
2955,B2,1,0,5,14,0,0,0,0,0,0,0,0,0,0,1,2,3,14,3
2955,C1,13,4,2,0,0,0,0,0,0,0,0,0,0,0,1,2,2,8,2
2970,A1,1,14,0,1,0,0,0,0,0,0,0,0,0,0,1,2,0,0,0
2970,B0,0,3,11,1,0,0,0,0,0,0,0,0,0,0,1,2,0,0,0
2970,B1,1,1,2,3,0,0,0,0,0,0,0,0,0,0,1,2,23,68,26
2970,B2,4,0,1,13,0,0,0,0,0,0,0,0,0,0,1,2,3,14,3
2970,C1,14,5,2,0,0,0,0,0,0,0,0,0,0,0,1,2,2,8,2
2985,A1,1,14,0,2,0,0,0,0,0,0,0,0,0,1,0,2,0,0,0
2985,B0,0,2,9,1,0,0,0,0,0,0,0,0,0,1,0,2,0,0,0
2985,B1,1,2,1,1,0,0,0,0,0,0,0,0,0,1,0,2,23,68,26
2985,B2,4,0,2,10,0,0,0,0,0,0,0,0,0,1,0,2,3,14,3
2985,C1,14,5,5,0,0,0,0,0,0,0,0,0,0,1,0,2,2,8,2
3000,A1,1,14,0,4,0,0,0,0,0,0,0,0,0,1,0,2,0,0,0
3000,B0,0,1,14,4,0,0,0,0,0,0,0,0,0,1,0,2,0,0,0
3000,B1,1,2,1,1,0,0,0,0,0,0,0,0,0,1,0,2,23,68,26
3000,B2,1,0,1,14,0,0,0,0,0,0,0,0,0,1,0,2,3,14,3
3000,C1,14,2,5,0,0,0,0,0,0,0,0,0,0,1,0,2,2,8,2
3015,A1,1,11,0,5,0,0,0,0,0,0,0,0,0,1,0,2,0,0,0
3015,B0,0,1,14,5,0,0,0,0,0,0,0,0,0,1,0,2,0,0,0
3015,B1,1,1,1,1,0,0,0,0,0,0,0,0,0,1,0,2,23,68,26
3015,B2,3,0,2,14,0,0,0,0,0,0,0,0,0,1,0,2,3,14,3
3015,C1,10,2,7,0,0,0,0,0,0,0,0,0,0,1,0,2,2,8,2
3030,A1,1,13,0,1,0,0,0,0,0,0,0,0,0,0,1,2,0,0,0
3030,B0,0,2,14,1,0,0,0,0,0,0,0,0,0,0,1,2,0,0,0
3030,B1,1,1,2,2,0,0,0,0,0,0,0,0,0,0,1,2,23,68,26
3030,B2,5,0,2,14,0,0,0,0,0,0,0,0,0,0,1,2,3,14,3
3030,C1,13,5,1,0,0,0,0,0,0,0,0,0,0,0,1,2,2,8,2
3045,A1,3,14,0,1,0,0,0,0,0,0,0,0,0,0,1,2,0,0,0
3045,B0,0,4,13,1,0,0,0,0,0,0,0,0,0,0,1,2,0,0,0
3045,B1,1,2,1,4,0,0,0,0,0,0,0,0,0,0,1,2,23,68,26
3045,B2,6,0,2,13,0,0,0,0,0,0,0,0,0,0,1,2,3,14,3
3045,C1,14,5,1,0,0,0,0,0,0,0,0,0,0,0,1,2,2,8,2
3060,A1,2,14,0,1,0,0,0,0,0,0,0,0,0,1,0,2,0,0,0
3060,B0,0,4,13,3,0,0,0,0,0,0,0,0,0,1,0,2,0,0,0
3060,B1,1,1,1,3,0,0,0,0,0,0,0,0,0,1,0,2,23,68,26
3060,B2,3,0,2,13,0,0,0,0,0,0,0,0,0,1,0,2,3,14,3
3060,C1,14,2,2,0,0,0,0,0,0,0,0,0,0,1,0,2,2,8,2
3075,A1,3,12,0,3,0,0,0,0,0,0,0,0,0,1,0,2,0,0,0
3075,B0,0,2,14,3,0,0,0,0,0,0,0,0,0,1,0,2,0,0,0
3075,B1,1,2,1,3,0,0,0,0,0,0,0,0,0,1,0,2,23,68,26
3075,B2,1,0,3,14,0,0,0,0,0,0,0,0,0,1,0,2,3,14,3
3075,C1,10,2,4,0,0,0,0,0,0,0,0,0,0,1,0,2,2,8,2
3090,A1,4,12,0,1,0,0,0,0,0,0,0,0,0,0,1,2,0,0,0
3090,B0,0,2,14,2,0,0,0,0,0,0,0,0,0,0,1,2,0,0,0
3090,B1,1,1,1,1,0,0,0,0,0,0,0,0,0,0,1,2,23,68,26
3090,B2,1,0,1,14,0,0,0,0,0,0,0,0,0,0,1,2,3,14,3
3090,C1,11,2,2,0,0,0,0,0,0,0,0,0,0,0,1,2,2,8,2
3105,A1,4,14,0,1,0,0,0,0,0,0,0,0,0,0,1,2,0,0,0
3105,B0,0,2,11,2,0,0,0,0,0,0,0,0,0,0,1,2,0,0,0
3105,B1,1,1,3,4,0,0,0,0,0,0,0,0,0,0,1,2,23,68,26
3105,B2,2,0,1,11,0,0,0,0,0,0,0,0,0,0,1,2,3,14,3
3105,C1,14,2,1,0,0,0,0,0,0,0,0,0,0,0,1,2,2,8,2
3120,A1,5,14,0,4,0,0,0,0,0,0,0,0,0,1,0,2,0,0,0
3120,B0,0,2,11,3,0,0,0,0,0,0,0,0,0,1,0,2,0,0,0
3120,B1,1,1,1,1,0,0,0,0,0,0,0,0,0,1,0,2,23,68,26
3120,B2,1,0,2,12,0,0,0,0,0,0,0,0,0,1,0,2,3,14,3
3120,C1,14,2,1,0,0,0,0,0,0,0,0,0,0,1,0,2,2,8,2
3135,A1,1,14,0,4,0,0,0,0,0,0,0,0,0,1,0,2,0,0,0
3135,B0,0,1,14,4,0,0,0,0,0,0,0,0,0,1,0,2,0,0,0
3135,B1,4,2,1,1,0,0,0,0,0,0,0,0,0,1,0,2,23,68,26
3135,B2,2,0,3,14,0,0,0,0,0,0,0,0,0,1,0,2,3,14,3
3135,C1,14,2,2,0,0,0,0,0,0,0,0,0,0,1,0,2,2,8,2
3150,A1,1,11,0,3,0,0,0,0,0,0,0,0,0,0,1,2,0,0,0
3150,B0,0,1,14,5,0,0,0,0,0,0,0,0,0,0,1,2,0,0,0
3150,B1,1,1,2,1,0,0,0,0,0,0,0,0,0,0,1,2,23,68,26
3150,B2,2,0,4,14,0,0,0,0,0,0,0,0,0,0,1,2,3,14,3
3150,C1,13,2,2,0,0,0,0,0,0,0,0,0,0,0,1,2,2,8,2
3165,A1,1,14,0,2,0,0,0,0,0,0,0,0,0,0,1,2,0,0,0
3165,B0,0,1,13,2,0,0,0,0,0,0,0,0,0,0,1,2,0,0,0
3165,B1,1,1,2,1,0,0,0,0,0,0,0,0,0,0,1,2,23,68,26
3165,B2,4,0,1,14,0,0,0,0,0,0,0,0,0,0,1,2,3,14,3
3165,C1,14,3,1,0,0,0,0,0,0,0,0,0,0,0,1,2,2,8,2
3180,A1,3,14,0,1,0,0,0,0,0,0,0,0,0,0,1,2,0,0,0
3180,B0,0,2,9,1,0,0,0,0,0,0,0,0,0,0,1,2,0,0,0
3180,B1,1,1,1,1,0,0,0,0,0,0,0,0,0,0,1,2,23,68,26
3180,B2,4,0,2,10,0,0,0,0,0,0,0,0,0,0,1,2,3,14,3
3180,C1,14,4,1,0,0,0,0,0,0,0,0,0,0,0,1,2,2,8,2
3195,A1,1,14,0,1,0,0,0,0,0,0,0,0,0,1,0,2,0,0,0
3195,B0,0,1,13,1,0,0,0,0,0,0,0,0,0,1,0,1,0,0,0
3195,B1,3,1,1,1,0,0,0,0,0,0,0,0,0,1,0,2,23,68,26
3195,B2,2,0,5,13,0,0,0,0,0,0,0,0,0,1,0,1,3,14,3
3195,C1,12,1,3,0,0,0,0,0,0,0,0,0,0,1,0,2,2,8,2
3210,A1,1,10,0,3,0,0,0,0,0,0,0,0,0,1,0,2,0,0,0
3210,B0,0,1,14,4,0,0,0,0,0,0,0,0,0,1,0,2,0,0,0
3210,B1,3,1,1,2,0,0,0,0,0,0,0,0,0,1,0,2,23,68,26
3210,B2,1,0,6,14,0,0,0,0,0,0,0,0,0,1,0,1,3,14,3
3210,C1,8,2,3,0,0,0,0,0,0,0,0,0,0,1,0,2,2,8,2
3225,A1,4,13,0,1,0,0,0,0,0,0,0,0,0,0,1,2,0,0,0
3225,B0,0,1,14,2,0,0,0,0,0,0,0,0,0,0,1,2,0,0,0
3225,B1,2,1,2,2,0,0,0,0,0,0,0,0,0,0,1,2,24,70,27
3225,B2,2,0,3,14,0,0,0,0,0,0,0,0,0,0,1,2,3,14,3
3225,C1,13,5,1,0,0,0,0,0,0,0,0,0,0,0,1,2,2,8,2
3240,A1,5,14,0,1,0,0,0,0,0,0,0,0,0,0,1,2,0,0,0
3240,B0,0,1,12,3,0,0,0,0,0,0,0,0,0,0,1,2,0,0,0
3240,B1,2,1,1,4,0,0,0,0,0,0,0,0,0,0,1,2,24,70,27
3240,B2,3,0,1,14,0,0,0,0,0,0,0,0,0,0,1,2,3,14,3
3240,C1,14,6,2,0,0,0,0,0,0,0,0,0,0,0,1,2,2,8,2
3255,A1,2,14,0,1,0,0,0,0,0,0,0,0,0,1,0,2,0,0,0
3255,B0,0,1,12,2,0,0,0,0,0,0,0,0,0,1,0,2,0,0,0
3255,B1,4,1,1,3,0,0,0,0,0,0,0,0,0,1,0,2,25,72,28
3255,B2,2,0,1,13,0,0,0,0,0,0,0,0,0,1,0,2,3,14,3
3255,C1,14,5,3,0,0,0,0,0,0,0,0,0,0,1,0,2,2,8,2
3270,A1,1,11,0,1,0,0,0,0,0,0,0,0,0,1,0,2,0,0,0
3270,B0,0,1,14,2,0,0,0,0,0,0,0,0,0,1,0,2,0,0,0
3270,B1,5,1,1,3,0,0,0,0,0,0,0,0,0,1,0,2,25,72,28
3270,B2,1,0,3,14,0,0,0,0,0,0,0,0,0,1,0,2,3,14,3
3270,C1,14,4,5,0,0,0,0,0,0,0,0,0,0,1,0,2,2,8,2
3285,A1,1,11,0,1,0,0,0,0,0,0,0,0,0,0,1,2,0,0,0
3285,B0,0,2,14,3,0,0,0,0,0,0,0,0,0,0,1,2,0,0,0
3285,B1,3,1,1,3,0,0,0,0,0,0,0,0,0,0,1,2,25,72,28
3285,B2,1,0,1,14,0,0,0,0,0,0,0,0,0,0,1,2,3,14,3
3285,C1,13,4,3,0,0,0,0,0,0,0,0,0,0,0,1,2,2,8,2
3300,A1,1,14,0,1,0,0,0,0,0,0,0,0,0,0,1,2,0,0,0
3300,B0,0,4,13,1,0,0,0,0,0,0,0,0,0,0,1,2,0,0,0
3300,B1,2,1,1,3,0,0,0,0,0,0,0,0,0,0,1,2,25,72,28
3300,B2,1,0,1,13,0,0,0,0,0,0,0,0,0,0,1,2,3,14,3
3300,C1,14,5,3,0,0,0,0,0,0,0,0,0,0,0,1,2,2,8,2
3315,A1,7,14,0,1,0,0,0,0,0,0,0,0,0,1,0,2,0,0,0
3315,B0,0,6,10,4,0,0,0,0,0,0,0,0,0,1,0,2,0,0,0
3315,B1,2,1,1,2,0,0,0,0,0,0,0,0,0,1,0,2,25,72,28
3315,B2,2,0,3,12,0,0,0,0,0,0,0,0,0,1,0,2,3,14,3
3315,C1,14,7,3,0,0,0,0,0,0,0,0,0,0,1,0,2,2,8,2
3330,A1,1,9,0,1,0,0,0,0,0,0,0,0,0,1,0,2,0,0,0
3330,B0,0,1,14,7,0,0,0,0,0,0,0,0,0,1,0,2,0,0,0
3330,B1,3,1,1,2,0,0,0,0,0,0,0,0,0,1,0,2,25,72,28
3330,B2,1,0,5,14,0,0,0,0,0,0,0,0,0,1,0,1,3,14,3
3330,C1,14,2,5,0,0,0,0,0,0,0,0,0,0,1,0,2,2,8,2
3345,A1,1,8,0,2,0,0,0,0,0,0,0,0,0,1,0,2,0,0,0
3345,B0,0,1,14,8,0,0,0,0,0,0,0,0,0,1,0,1,0,0,0
3345,B1,1,1,2,1,0,0,0,0,0,0,0,0,0,1,0,2,25,72,28
3345,B2,2,0,6,14,0,0,0,0,0,0,0,0,0,1,0,1,3,14,3
3345,C1,13,3,5,0,0,0,0,0,0,0,0,0,0,1,0,2,2,8,2
3360,A1,1,13,0,1,0,0,0,0,0,0,0,0,0,0,1,2,0,0,0
3360,B0,0,1,14,2,0,0,0,0,0,0,0,0,0,0,1,2,0,0,0
3360,B1,1,1,8,1,0,0,0,0,0,0,0,0,0,0,1,2,25,72,28
3360,B2,3,0,1,14,0,0,0,0,0,0,0,0,0,0,1,2,3,14,3
3360,C1,14,1,1,0,0,0,0,0,0,0,0,0,0,0,1,2,2,8,2
3375,A1,2,14,0,2,0,0,0,0,0,0,0,0,0,0,1,2,0,0,0
3375,B0,0,2,13,3,0,0,0,0,0,0,0,0,0,0,1,2,0,0,0
3375,B1,2,1,5,1,0,0,0,0,0,0,0,0,0,0,1,2,25,72,28
3375,B2,5,0,1,13,0,0,0,0,0,0,0,0,0,0,1,2,3,14,3
3375,C1,14,4,1,0,0,0,0,0,0,0,0,0,0,0,1,2,2,8,2
3390,A1,1,14,0,1,0,0,0,0,0,0,0,0,0,1,0,2,0,0,0
3390,B0,0,3,13,5,0,0,0,0,0,0,0,0,0,1,0,2,0,0,0
3390,B1,1,1,4,1,0,0,0,0,0,0,0,0,0,1,0,2,25,72,28
3390,B2,1,0,1,13,0,0,0,0,0,0,0,0,0,1,0,2,3,14,3
3390,C1,14,4,1,0,0,0,0,0,0,0,0,0,0,1,0,2,2,8,2
3405,A1,1,10,0,1,0,0,0,0,0,0,0,0,0,1,0,2,0,0,0
3405,B0,0,1,14,9,0,0,0,0,0,0,0,0,0,1,0,1,0,0,0
3405,B1,1,1,4,1,0,0,0,0,0,0,0,0,0,1,0,2,25,72,28
3405,B2,2,0,2,14,0,0,0,0,0,0,0,0,0,1,0,2,3,14,3
3405,C1,9,1,2,0,0,0,0,0,0,0,0,0,0,1,0,2,2,8,2
3420,A1,4,11,0,1,0,0,0,0,0,0,0,0,0,0,1,2,0,0,0
3420,B0,0,1,14,7,0,0,0,0,0,0,0,0,0,0,1,2,0,0,0
3420,B1,1,1,5,3,0,0,0,0,0,0,0,0,0,0,1,2,25,72,28
3420,B2,2,0,1,14,0,0,0,0,0,0,0,0,0,0,1,2,3,14,3
3420,C1,13,3,1,0,0,0,0,0,0,0,0,0,0,0,1,2,2,8,2
3435,A1,4,14,0,1,0,0,0,0,0,0,0,0,0,0,1,2,0,0,0
3435,B0,0,1,14,1,0,0,0,0,0,0,0,0,0,0,1,2,0,0,0
3435,B1,1,1,6,2,0,0,0,0,0,0,0,0,0,0,1,2,25,72,28
3435,B2,3,0,1,8,0,0,0,0,0,0,0,0,0,0,1,2,3,14,3
3435,C1,14,7,1,0,0,0,0,0,0,0,0,0,0,0,1,2,2,8,2
3450,A1,3,14,0,3,0,0,0,0,0,0,0,0,0,1,0,2,0,0,0
3450,B0,0,2,12,2,0,0,0,0,0,0,0,0,0,1,0,2,0,0,0
3450,B1,1,1,4,1,0,0,0,0,0,0,0,0,0,1,0,2,25,72,28
3450,B2,2,0,2,10,0,0,0,0,0,0,0,0,0,1,0,2,3,14,3
3450,C1,14,5,1,0,0,0,0,0,0,0,0,0,0,1,0,2,2,8,2
3465,A1,1,14,0,4,0,0,0,0,0,0,0,0,0,1,0,2,0,0,0
3465,B0,0,2,14,2,0,0,0,0,0,0,0,0,0,1,0,2,0,0,0
3465,B1,4,2,4,1,0,0,0,0,0,0,0,0,0,1,0,2,25,72,28
3465,B2,1,0,3,14,0,0,0,0,0,0,0,0,0,1,0,2,3,14,3
3465,C1,14,2,2,0,0,0,0,0,0,0,0,0,0,1,0,2,2,8,2
3480,A1,4,13,0,5,0,0,0,0,0,0,0,0,0,0,1,2,0,0,0
3480,B0,0,2,14,2,0,0,0,0,0,0,0,0,0,0,1,2,0,0,0
3480,B1,1,1,6,2,0,0,0,0,0,0,0,0,0,0,1,2,25,72,28
3480,B2,2,0,3,14,0,0,0,0,0,0,0,0,0,0,1,2,3,14,3
3480,C1,12,2,2,0,0,0,0,0,0,0,0,0,0,0,1,2,2,8,2
3495,A1,7,14,0,1,0,0,0,0,0,0,0,0,0,0,1,2,0,0,0
3495,B0,0,3,13,1,0,0,0,0,0,0,0,0,0,0,1,2,0,0,0
3495,B1,1,1,7,3,0,0,0,0,0,0,0,0,0,0,1,2,25,72,28
3495,B2,3,0,1,13,0,0,0,0,0,0,0,0,0,0,1,2,3,14,3
3495,C1,14,2,1,0,0,0,0,0,0,0,0,0,0,0,1,2,2,8,2
3510,A1,8,14,0,1,0,0,0,0,0,0,0,0,0,0,1,2,0,0,0
3510,B0,0,4,13,3,0,0,0,0,0,0,0,0,0,0,1,2,0,0,0
3510,B1,1,1,5,1,0,0,0,0,0,0,0,0,0,0,1,2,25,72,28
3510,B2,4,0,1,10,0,0,0,0,0,0,0,0,0,0,1,2,3,14,3
3510,C1,14,3,1,0,0,0,0,0,0,0,0,0,0,0,1,2,2,8,2
3525,A1,2,14,0,3,0,0,0,0,0,0,0,0,0,1,0,2,0,0,0
3525,B0,0,1,14,2,0,0,0,0,0,0,0,0,0,1,0,2,0,0,0
3525,B1,1,2,5,1,0,0,0,0,0,0,0,0,0,1,0,2,25,72,28
3525,B2,1,0,4,13,0,0,0,0,0,0,0,0,0,1,0,2,3,14,3
3525,C1,13,2,2,0,0,0,0,0,0,0,0,0,0,1,0,2,2,8,2
3540,A1,3,13,0,5,0,0,0,0,0,0,0,0,0,1,0,2,0,0,0
3540,B0,0,1,14,5,0,0,0,0,0,0,0,0,0,1,0,2,0,0,0
3540,B1,1,1,6,2,0,0,0,0,0,0,0,0,0,1,0,2,25,72,28
3540,B2,1,0,5,14,0,0,0,0,0,0,0,0,0,1,0,1,3,14,3
3540,C1,11,1,2,0,0,0,0,0,0,0,0,0,0,1,0,2,2,8,2
3555,A1,3,13,0,2,0,0,0,0,0,0,0,0,0,0,1,2,0,0,0
3555,B0,0,1,14,3,0,0,0,0,0,0,0,0,0,0,1,2,0,0,0
3555,B1,1,1,4,1,0,0,0,0,0,0,0,0,0,0,1,2,25,72,28
3555,B2,1,0,3,14,0,0,0,0,0,0,0,0,0,0,1,2,3,14,3
3555,C1,12,3,1,0,0,0,0,0,0,0,0,0,0,0,1,2,2,8,2
3570,A1,5,13,0,1,0,0,0,0,0,0,0,0,0,0,1,2,0,0,0
3570,B0,0,3,12,1,0,0,0,0,0,0,0,0,0,0,1,2,0,0,0
3570,B1,1,1,3,1,0,0,0,0,0,0,0,0,0,0,1,2,25,72,28
3570,B2,2,0,2,13,0,0,0,0,0,0,0,0,0,0,1,2,3,14,3
3570,C1,14,3,1,0,0,0,0,0,0,0,0,0,0,0,1,2,2,8,2
3585,A1,5,14,0,1,0,0,0,0,0,0,0,0,0,1,0,2,0,0,0
3585,B0,0,3,12,1,0,0,0,0,0,0,0,0,0,1,0,2,0,0,0
3585,B1,2,3,2,1,0,0,0,0,0,0,0,0,0,1,0,2,26,76,29
3585,B2,2,0,5,13,0,0,0,0,0,0,0,0,0,1,0,1,3,14,3
3585,C1,14,2,1,0,0,0,0,0,0,0,0,0,0,1,0,2,2,8,2
3600,A1,1,13,0,3,0,0,0,0,0,0,0,0,0,1,0,2,0,0,0
3600,B0,0,2,14,2,0,0,0,0,0,0,0,0,0,1,0,2,0,0,0
3600,B1,2,2,2,1,0,0,0,0,0,0,0,0,0,1,0,2,26,76,29
3600,B2,1,0,6,14,0,0,0,0,0,0,0,0,0,1,0,1,3,14,3
3600,C1,10,1,1,0,0,0,0,0,0,0,0,0,0,1,0,2,2,8,2
3615,A1,4,13,0,2,0,0,0,0,0,0,0,0,0,0,1,2,0,0,0
3615,B0,0,2,14,2,0,0,0,0,0,0,0,0,0,0,1,2,0,0,0
3615,B1,1,1,2,2,0,0,0,0,0,0,0,0,0,0,1,2,26,76,29
3615,B2,1,0,6,14,0,0,0,0,0,0,0,0,0,0,1,2,3,14,3
3615,C1,10,3,1,0,0,0,0,0,0,0,0,0,0,0,1,2,2,8,2
3630,A1,5,14,0,2,0,0,0,0,0,0,0,0,0,0,1,2,0,0,0
3630,B0,0,3,11,1,0,0,0,0,0,0,0,0,0,0,1,2,0,0,0
3630,B1,1,1,1,3,0,0,0,0,0,0,0,0,0,0,1,2,26,76,29
3630,B2,3,0,1,14,0,0,0,0,0,0,0,0,0,0,1,2,3,14,3
3630,C1,14,4,1,0,0,0,0,0,0,0,0,0,0,0,1,2,2,8,2
3645,A1,5,14,0,2,0,0,0,0,0,0,0,0,0,1,0,2,0,0,0
3645,B0,0,4,10,2,0,0,0,0,0,0,0,0,0,1,0,2,0,0,0
3645,B1,2,2,1,1,0,0,0,0,0,0,0,0,0,1,0,2,27,80,30
3645,B2,3,0,3,11,0,0,0,0,0,0,0,0,0,1,0,2,3,14,3
3645,C1,14,5,1,0,0,0,0,0,0,0,0,0,0,1,0,2,2,8,2
3660,A1,1,14,0,3,0,0,0,0,0,0,0,0,0,1,0,2,0,0,0
3660,B0,0,2,13,3,0,0,0,0,0,0,0,0,0,1,0,2,0,0,0
3660,B1,2,1,1,1,0,0,0,0,0,0,0,0,0,1,0,2,27,80,30
3660,B2,1,0,5,14,0,0,0,0,0,0,0,0,0,1,0,1,3,14,3
3660,C1,14,1,1,0,0,0,0,0,0,0,0,0,0,1,0,2,2,8,2
3675,A1,2,12,0,3,0,0,0,0,0,0,0,0,0,1,0,2,0,0,0
3675,B0,0,1,14,4,0,0,0,0,0,0,0,0,0,1,0,2,0,0,0
3675,B1,1,1,1,1,0,0,0,0,0,0,0,0,0,1,0,2,27,80,30
3675,B2,1,0,9,14,0,0,0,0,0,0,0,0,0,1,0,1,3,14,3
3675,C1,12,3,2,0,0,0,0,0,0,0,0,0,0,1,0,2,2,8,2
3690,A1,3,13,0,2,0,0,0,0,0,0,0,0,0,0,1,2,0,0,0
3690,B0,0,2,13,1,0,0,0,0,0,0,0,0,0,0,1,2,0,0,0
3690,B1,1,1,3,1,0,0,0,0,0,0,0,0,0,0,1,2,27,80,30
3690,B2,1,0,4,14,0,0,0,0,0,0,0,0,0,0,1,2,3,14,3
3690,C1,14,5,3,0,0,0,0,0,0,0,0,0,0,0,1,2,2,8,2
3705,A1,3,13,0,1,0,0,0,0,0,0,0,0,0,0,1,2,0,0,0
3705,B0,0,2,8,3,0,0,0,0,0,0,0,0,0,0,1,2,0,0,0
3705,B1,1,1,1,1,0,0,0,0,0,0,0,0,0,0,1,2,27,80,30
3705,B2,2,0,1,13,0,0,0,0,0,0,0,0,0,0,1,2,3,14,3
3705,C1,14,5,3,0,0,0,0,0,0,0,0,0,0,0,1,2,2,8,2
3720,A1,3,14,0,1,0,0,0,0,0,0,0,0,0,1,0,2,0,0,0
3720,B0,0,1,12,6,0,0,0,0,0,0,0,0,0,1,0,2,0,0,0
3720,B1,3,2,1,1,0,0,0,0,0,0,0,0,0,1,0,2,27,80,30
3720,B2,1,0,6,13,0,0,0,0,0,0,0,0,0,1,0,1,3,14,3
3720,C1,14,3,3,0,0,0,0,0,0,0,0,0,0,1,0,2,2,8,2
3735,A1,1,12,0,1,0,0,0,0,0,0,0,0,0,1,0,2,0,0,0
3735,B0,0,1,14,6,0,0,0,0,0,0,0,0,0,1,0,2,0,0,0
3735,B1,1,2,2,2,0,0,0,0,0,0,0,0,0,1,0,2,27,80,30
3735,B2,1,0,6,14,0,0,0,0,0,0,0,0,0,1,0,1,3,14,3
3735,C1,13,1,4,0,0,0,0,0,0,0,0,0,0,1,0,2,2,8,2
3750,A1,2,13,0,1,0,0,0,0,0,0,0,0,0,0,1,2,0,0,0
3750,B0,0,3,14,3,0,0,0,0,0,0,0,0,0,0,1,2,1,3,8
3750,B1,1,1,3,1,0,0,0,0,0,0,0,0,0,0,1,2,27,80,30
3750,B2,1,0,5,14,0,0,0,0,0,0,0,0,0,0,1,2,3,14,3
3750,C1,13,2,2,0,0,0,0,0,0,0,0,0,0,0,1,2,2,8,2
3765,A1,2,13,0,1,0,0,0,0,0,0,0,0,0,0,1,2,0,0,0
3765,B0,0,4,11,1,0,0,0,0,0,0,0,0,0,0,1,2,1,3,8
3765,B1,1,1,2,2,0,0,0,0,0,0,0,0,0,0,1,2,27,80,30
3765,B2,5,0,5,14,0,0,0,0,0,0,0,0,0,0,1,2,3,14,3
3765,C1,14,5,2,0,0,0,0,0,0,0,0,0,0,0,1,2,2,8,2
3780,A1,1,14,0,2,0,0,0,0,0,0,0,0,0,1,0,2,0,0,0
3780,B0,0,3,10,3,0,0,0,0,0,0,0,0,0,1,0,2,1,3,8
3780,B1,2,1,1,1,0,0,0,0,0,0,0,0,0,1,0,2,27,80,30
3780,B2,3,0,1,12,0,0,0,0,0,0,0,0,0,1,0,2,3,14,3
3780,C1,14,5,3,0,0,0,0,0,0,0,0,0,0,1,0,2,2,8,2
3795,A1,1,9,0,3,0,0,0,0,0,0,0,0,0,1,0,2,0,0,0
3795,B0,0,1,14,4,0,0,0,0,0,0,0,0,0,1,0,2,1,3,8
3795,B1,2,3,1,1,0,0,0,0,0,0,0,0,0,1,0,2,27,80,30
3795,B2,2,0,2,14,0,0,0,0,0,0,0,0,0,1,0,2,3,14,3
3795,C1,13,2,3,0,0,0,0,0,0,0,0,0,0,1,0,2,2,8,2
3810,A1,3,12,0,4,0,0,0,0,0,0,0,0,0,0,1,2,0,0,0
3810,B0,0,1,14,6,0,0,0,0,0,0,0,0,0,0,1,2,1,3,8
3810,B1,1,1,2,1,0,0,0,0,0,0,0,0,0,0,1,2,28,82,31
3810,B2,1,0,3,14,0,0,0,0,0,0,0,0,0,0,1,2,3,14,3
3810,C1,12,2,3,0,0,0,0,0,0,0,0,0,0,0,1,2,2,8,2
3825,A1,3,14,0,1,0,0,0,0,0,0,0,0,0,0,1,2,0,0,0
3825,B0,0,3,14,1,0,0,0,0,0,0,0,0,0,0,1,2,1,3,8
3825,B1,1,1,2,4,0,0,0,0,0,0,0,0,0,0,1,2,28,82,31
3825,B2,3,0,1,11,0,0,0,0,0,0,0,0,0,0,1,2,3,14,3
3825,C1,14,6,2,0,0,0,0,0,0,0,0,0,0,0,1,2,2,8,2
3840,A1,3,14,0,1,0,0,0,0,0,0,0,0,0,0,1,2,0,0,0
3840,B0,0,3,12,4,0,0,0,0,0,0,0,0,0,0,1,2,1,3,8
3840,B1,1,1,1,1,0,0,0,0,0,0,0,0,0,0,1,2,28,82,31
3840,B2,3,0,4,7,0,0,0,0,0,0,0,0,0,0,1,2,3,14,3
3840,C1,14,7,1,0,0,0,0,0,0,0,0,0,0,0,1,2,2,8,2
3855,A1,3,13,0,2,0,0,0,0,0,0,0,0,0,1,0,2,0,0,0
3855,B0,0,1,13,3,0,0,0,0,0,0,0,0,0,1,0,2,1,3,8
3855,B1,1,4,1,1,0,0,0,0,0,0,0,0,0,1,0,2,28,82,31
3855,B2,1,0,1,13,0,0,0,0,0,0,0,0,0,1,0,2,3,14,3
3855,C1,14,4,3,0,0,0,0,0,0,0,0,0,0,1,0,2,2,8,2
3870,A1,2,8,0,4,0,0,0,0,0,0,0,0,0,1,0,2,0,0,0
3870,B0,0,1,14,4,0,0,0,0,0,0,0,0,0,1,0,2,1,3,8
3870,B1,1,2,2,2,0,0,0,0,0,0,0,0,0,1,0,2,28,82,31
3870,B2,1,0,3,14,0,0,0,0,0,0,0,0,0,1,0,2,3,14,3
3870,C1,13,1,3,0,0,0,0,0,0,0,0,0,0,1,0,2,2,8,2
3885,A1,4,13,0,1,0,0,0,0,0,0,0,0,0,0,1,2,0,0,0
3885,B0,0,2,14,2,0,0,0,0,0,0,0,0,0,0,1,2,1,3,8
3885,B1,1,2,2,1,0,0,0,0,0,0,0,0,0,0,1,2,29,84,32
3885,B2,2,0,2,14,0,0,0,0,0,0,0,0,0,0,1,2,3,14,3
3885,C1,14,2,1,0,0,0,0,0,0,0,0,0,0,0,1,2,2,8,2
3900,A1,6,14,0,1,0,0,0,0,0,0,0,0,0,0,1,2,0,0,0
3900,B0,0,2,12,1,0,0,0,0,0,0,0,0,0,0,1,2,1,3,8
3900,B1,2,2,1,1,0,0,0,0,0,0,0,0,0,0,1,2,29,84,32
3900,B2,2,0,1,12,0,0,0,0,0,0,0,0,0,0,1,2,3,14,3
3900,C1,14,4,1,0,0,0,0,0,0,0,0,0,0,0,1,2,2,8,2
3915,A1,5,14,0,1,0,0,0,0,0,0,0,0,0,1,0,2,0,0,0
3915,B0,0,1,13,4,0,0,0,0,0,0,0,0,0,1,0,2,1,3,8
3915,B1,4,3,1,1,0,0,0,0,0,0,0,0,0,1,0,2,29,84,32
3915,B2,1,0,2,13,0,0,0,0,0,0,0,0,0,1,0,2,3,14,3
3915,C1,14,2,1,0,0,0,0,0,0,0,0,0,0,1,0,2,2,8,2
3930,A1,1,13,0,1,0,0,0,0,0,0,0,0,0,1,0,2,0,0,0
3930,B0,0,1,14,8,0,0,0,0,0,0,0,0,0,1,0,1,1,3,8
3930,B1,4,1,1,1,0,0,0,0,0,0,0,0,0,1,0,2,29,84,32
3930,B2,1,0,2,14,0,0,0,0,0,0,0,0,0,1,0,2,3,14,3
3930,C1,12,1,4,0,0,0,0,0,0,0,0,0,0,1,0,2,2,8,2
3945,A1,1,12,0,1,0,0,0,0,0,0,0,0,0,0,1,2,0,0,0
3945,B0,0,5,14,7,0,0,0,0,0,0,0,0,0,0,1,2,1,3,8
3945,B1,3,1,1,2,0,0,0,0,0,0,0,0,0,0,1,2,29,84,32
3945,B2,1,0,2,14,0,0,0,0,0,0,0,0,0,0,1,2,3,14,3
3945,C1,12,1,5,0,0,0,0,0,0,0,0,0,0,0,1,2,2,8,2
3960,A1,3,14,0,1,0,0,0,0,0,0,0,0,0,0,1,2,0,0,0
3960,B0,0,6,14,2,0,0,0,0,0,0,0,0,0,0,1,2,1,3,8
3960,B1,3,1,1,1,0,0,0,0,0,0,0,0,0,0,1,2,29,84,32
3960,B2,3,0,1,12,0,0,0,0,0,0,0,0,0,0,1,2,3,14,3
3960,C1,13,2,1,0,0,0,0,0,0,0,0,0,0,0,1,2,2,8,2
3975,A1,5,14,0,1,0,0,0,0,0,0,0,0,0,1,0,2,0,0,0
3975,B0,0,6,13,1,0,0,0,0,0,0,0,0,0,1,0,2,1,3,8
3975,B1,3,1,1,1,0,0,0,0,0,0,0,0,0,1,0,2,29,84,32
3975,B2,2,0,1,9,0,0,0,0,0,0,0,0,0,1,0,2,3,14,3
3975,C1,13,4,2,0,0,0,0,0,0,0,0,0,0,1,0,2,2,8,2
3990,A1,1,14,0,1,0,0,0,0,0,0,0,0,0,1,0,2,0,0,0
3990,B0,0,2,14,3,0,0,0,0,0,0,0,0,0,1,0,2,1,3,8
3990,B1,5,2,1,1,0,0,0,0,0,0,0,0,0,1,0,2,29,84,32
3990,B2,1,0,4,14,0,0,0,0,0,0,0,0,0,1,0,2,3,14,3
3990,C1,14,1,2,0,0,0,0,0,0,0,0,0,0,1,0,2,2,8,2
4005,A1,2,13,0,1,0,0,0,0,0,0,0,0,0,1,0,2,0,0,0
4005,B0,0,1,14,4,0,0,0,0,0,0,0,0,0,1,0,2,1,3,8
4005,B1,3,1,1,1,0,0,0,0,0,0,0,0,0,1,0,2,29,84,32
4005,B2,1,0,5,14,0,0,0,0,0,0,0,0,0,1,0,1,3,14,3
4005,C1,10,2,4,0,0,0,0,0,0,0,0,0,0,1,0,2,2,8,2
4020,A1,5,14,0,2,0,0,0,0,0,0,0,0,0,0,1,2,0,0,0
4020,B0,0,2,14,1,0,0,0,0,0,0,0,0,0,0,1,2,1,3,8
4020,B1,3,1,1,2,0,0,0,0,0,0,0,0,0,0,1,2,29,84,32
4020,B2,1,0,5,13,0,0,0,0,0,0,0,0,0,0,1,2,3,14,3
4020,C1,11,3,1,0,0,0,0,0,0,0,0,0,0,0,1,2,2,8,2
4035,A1,7,14,0,1,0,0,0,0,0,0,0,0,0,0,1,2,0,0,0
4035,B0,0,2,10,1,0,0,0,0,0,0,0,0,0,0,1,2,1,3,8
4035,B1,4,2,1,1,0,0,0,0,0,0,0,0,0,0,1,2,29,84,32
4035,B2,1,0,3,11,0,0,0,0,0,0,0,0,0,0,1,2,3,14,3
4035,C1,13,5,1,0,0,0,0,0,0,0,0,0,0,0,1,2,2,8,2
4050,A1,5,14,0,1,0,0,0,0,0,0,0,0,0,1,0,2,0,0,0
4050,B0,0,2,13,2,0,0,0,0,0,0,0,0,0,1,0,2,1,3,8
4050,B1,4,3,1,1,0,0,0,0,0,0,0,0,0,1,0,2,29,84,32
4050,B2,1,0,2,13,0,0,0,0,0,0,0,0,0,1,0,2,3,14,3
4050,C1,14,1,1,0,0,0,0,0,0,0,0,0,0,1,0,2,2,8,2
4065,A1,1,14,0,3,0,0,0,0,0,0,0,0,0,1,0,2,0,0,0
4065,B0,0,1,14,2,0,0,0,0,0,0,0,0,0,1,0,2,1,3,8
4065,B1,6,4,1,2,0,0,0,0,0,0,0,0,0,1,0,2,29,84,32
4065,B2,1,0,3,14,0,0,0,0,0,0,0,0,0,1,0,2,3,14,3
4065,C1,12,1,1,0,0,0,0,0,0,0,0,0,0,1,0,2,2,8,2
4080,A1,3,13,0,1,0,0,0,0,0,0,0,0,0,0,1,2,0,0,0
4080,B0,0,2,14,1,0,0,0,0,0,0,0,0,0,0,1,2,1,3,8
4080,B1,4,2,3,1,0,0,0,0,0,0,0,0,0,0,1,2,29,84,32
4080,B2,2,0,1,14,0,0,0,0,0,0,0,0,0,0,1,2,3,14,3
4080,C1,13,2,1,0,0,0,0,0,0,0,0,0,0,0,1,2,2,8,2
4095,A1,4,13,0,2,0,0,0,0,0,0,0,0,0,0,1,2,0,0,0
4095,B0,0,4,11,1,0,0,0,0,0,0,0,0,0,0,1,2,1,3,8
4095,B1,4,2,2,2,0,0,0,0,0,0,0,0,0,0,1,2,29,84,32
4095,B2,3,0,2,13,0,0,0,0,0,0,0,0,0,0,1,2,3,14,3
4095,C1,14,2,1,0,0,0,0,0,0,0,0,0,0,0,1,2,2,8,2
4110,A1,4,14,0,2,0,0,0,0,0,0,0,0,0,1,0,2,0,0,0
4110,B0,0,3,10,2,0,0,0,0,0,0,0,0,0,1,0,2,1,3,8
4110,B1,4,6,1,1,0,0,0,0,0,0,0,0,0,1,0,2,29,84,32
4110,B2,2,0,2,11,0,0,0,0,0,0,0,0,0,1,0,2,3,14,3
4110,C1,14,3,2,0,0,0,0,0,0,0,0,0,0,1,0,2,2,8,2
4125,A1,1,14,0,2,0,0,0,0,0,0,0,0,0,1,0,2,0,0,0
4125,B0,0,1,14,3,0,0,0,0,0,0,0,0,0,1,0,2,1,3,8
4125,B1,4,5,1,1,0,0,0,0,0,0,0,0,0,1,0,2,29,84,32
4125,B2,1,0,5,14,0,0,0,0,0,0,0,0,0,1,0,1,3,14,3
4125,C1,13,1,4,0,0,0,0,0,0,0,0,0,0,1,0,2,2,8,2
4140,A1,1,12,0,2,0,0,0,0,0,0,0,0,0,0,1,2,0,0,0
4140,B0,0,3,14,3,0,0,0,0,0,0,0,0,0,0,1,2,2,6,17
4140,B1,2,2,1,2,0,0,0,0,1,0,0,0,0,0,1,2,30,89,32
4140,B2,2,0,6,14,0,0,0,0,0,0,0,0,0,0,1,2,3,14,3
4140,C1,11,1,4,0,0,0,0,0,0,0,0,1,0,0,1,2,2,8,2
4155,A1,2,14,0,1,0,0,0,0,0,0,0,0,0,0,1,2,0,0,0
4155,B0,0,4,12,1,0,0,0,0,0,0,0,0,0,0,1,2,2,6,17
4155,B1,2,2,1,3,0,0,0,0,0,0,0,0,0,0,1,2,30,93,33
4155,B2,3,0,2,14,0,0,0,0,0,0,0,0,0,0,1,2,3,14,3
4155,C1,14,2,1,0,0,0,0,0,0,0,0,0,0,0,1,2,2,8,2
4170,A1,3,14,0,1,0,0,0,0,0,0,0,0,0,0,1,2,0,0,0
4170,B0,0,6,10,1,0,0,0,0,0,0,0,0,0,0,1,2,2,6,17
4170,B1,2,3,1,1,0,0,0,0,0,0,0,0,0,0,1,2,30,93,33
4170,B2,3,0,1,13,0,0,0,0,0,0,0,0,0,0,1,2,3,14,3
4170,C1,14,4,2,0,0,0,0,0,0,0,0,0,0,0,1,2,2,8,2
4185,A1,1,12,0,2,0,0,0,0,0,0,0,0,0,1,0,2,0,0,0
4185,B0,0,1,13,4,0,0,0,0,0,0,0,0,0,1,0,2,2,6,17
4185,B1,1,4,1,1,0,0,0,0,0,0,0,0,0,1,0,2,30,93,33
4185,B2,1,0,3,14,0,0,0,0,0,0,0,0,0,1,0,2,3,14,3
4185,C1,14,1,3,0,0,0,0,0,0,0,0,0,0,1,0,2,2,8,2
4200,A1,1,10,0,3,0,0,0,0,0,0,0,0,0,1,0,2,0,0,0
4200,B0,0,1,14,6,0,0,0,0,0,0,0,0,0,1,0,2,2,6,17
4200,B1,1,1,2,2,0,0,0,0,0,0,0,0,0,1,0,2,30,93,33
4200,B2,1,0,5,14,0,0,0,0,0,0,0,0,0,1,0,1,3,14,3
4200,C1,10,2,3,0,0,0,0,0,0,0,0,0,0,1,0,2,2,8,2
4215,A1,2,13,0,1,0,0,0,0,0,0,0,0,0,0,1,2,0,0,0
4215,B0,0,2,14,5,0,0,0,0,0,0,0,0,0,0,1,2,2,6,17
4215,B1,1,1,5,1,0,0,0,0,0,0,0,0,0,0,1,2,30,93,33
4215,B2,2,0,3,14,0,0,0,0,0,0,0,0,0,0,1,2,3,14,3
4215,C1,13,3,1,0,0,0,0,0,0,0,0,0,0,0,1,2,2,8,2
4230,A1,4,14,0,1,0,0,0,0,0,0,0,0,0,0,1,2,0,0,0
4230,B0,0,2,14,2,0,0,0,0,0,0,0,0,0,0,1,2,2,6,17
4230,B1,2,1,2,2,0,0,0,0,0,0,0,0,0,0,1,2,30,93,33
4230,B2,3,0,2,11,0,0,0,0,0,0,0,0,0,0,1,2,3,14,3
4230,C1,14,7,1,0,0,0,0,0,0,0,0,0,0,0,1,2,2,8,2
4245,A1,5,14,0,2,0,0,0,0,0,0,0,0,0,1,0,2,0,0,0
4245,B0,0,1,13,1,0,0,0,0,0,0,0,0,0,1,0,1,2,6,17
4245,B1,1,3,1,1,0,0,0,0,0,0,0,0,0,1,0,2,31,94,34
4245,B2,3,0,1,11,0,0,0,0,0,0,0,0,0,1,0,2,3,14,3
4245,C1,14,5,2,0,0,0,0,0,0,0,0,0,0,1,0,2,2,8,2
4260,A1,1,14,0,2,0,0,0,0,0,0,0,0,0,1,0,2,0,0,0
4260,B0,0,1,14,2,0,0,0,0,0,0,0,0,0,1,0,2,2,6,17
4260,B1,2,2,1,2,0,0,0,0,0,0,0,0,0,1,0,2,31,94,34
4260,B2,1,0,2,14,0,0,0,0,0,0,0,0,0,1,0,2,3,14,3
4260,C1,14,1,3,0,0,0,0,0,0,0,0,0,0,1,0,2,2,8,2
4275,A1,2,11,0,1,0,0,0,0,0,0,0,0,0,0,1,2,0,0,0
4275,B0,0,1,14,1,0,0,0,0,0,0,0,0,0,0,1,2,2,6,17
4275,B1,1,1,2,2,0,0,0,0,0,0,0,0,0,0,1,2,31,94,34
4275,B2,2,0,2,14,0,0,0,0,0,0,0,0,0,0,1,2,3,14,3
4275,C1,13,1,4,0,0,0,0,0,0,0,0,0,0,0,1,2,2,8,2
4290,A1,5,14,0,1,0,0,0,0,0,0,0,0,0,0,1,2,0,0,0
4290,B0,0,2,12,2,0,0,0,0,0,0,0,0,0,0,1,2,2,6,17
4290,B1,1,1,1,3,0,0,0,0,0,0,0,0,0,0,1,2,31,94,34
4290,B2,3,0,1,12,0,0,0,0,0,0,0,0,0,0,1,2,3,14,3
4290,C1,14,2,1,0,0,0,0,0,0,0,0,0,0,0,1,2,2,8,2
4305,A1,7,14,0,1,0,0,0,0,0,0,0,0,0,1,0,2,0,0,0
4305,B0,0,1,12,1,0,0,0,0,0,0,0,0,0,1,0,1,2,6,17
4305,B1,1,1,1,2,0,0,0,0,0,0,0,0,0,1,0,2,31,94,34
4305,B2,5,0,2,10,0,0,0,0,0,0,0,0,0,1,0,2,3,14,3
4305,C1,14,4,3,0,0,0,0,0,0,0,0,0,0,1,0,2,2,8,2
4320,A1,2,14,0,1,0,0,0,0,0,0,0,0,0,1,0,2,0,0,0
4320,B0,0,2,14,4,0,0,0,0,0,0,0,0,0,1,0,2,2,6,17
4320,B1,3,3,1,2,0,0,0,0,0,0,0,0,0,1,0,2,31,94,34
4320,B2,1,0,3,13,0,0,0,0,0,0,0,0,0,1,0,2,3,14,3
4320,C1,14,1,4,0,0,0,0,0,0,0,0,0,0,1,0,2,2,8,2
4335,A1,2,11,0,2,0,0,0,0,0,0,0,0,0,1,0,2,0,0,0
4335,B0,0,1,14,5,0,0,0,0,0,0,0,0,0,1,0,2,2,6,17
4335,B1,1,1,1,3,0,0,0,0,0,0,0,0,0,1,0,2,31,94,34
4335,B2,1,0,5,14,0,0,0,0,0,0,0,0,0,1,0,1,3,14,3
4335,C1,12,1,7,0,0,0,0,0,0,0,0,0,0,1,0,2,2,8,2
4350,A1,2,13,0,1,0,0,0,0,0,0,0,0,0,0,1,2,0,0,0
4350,B0,0,1,14,1,0,0,0,0,0,0,0,0,0,0,1,2,2,6,17
4350,B1,1,1,2,5,0,0,0,0,0,0,0,0,0,0,1,2,31,94,34
4350,B2,1,0,1,14,0,0,0,0,0,0,0,0,0,0,1,2,3,14,3
4350,C1,14,2,2,0,0,0,0,0,0,0,0,0,0,0,1,2,2,8,2
4365,A1,3,14,0,1,0,0,0,0,0,0,0,0,0,0,1,2,0,0,0
4365,B0,0,3,12,1,0,0,0,0,0,0,0,0,0,0,1,2,2,6,17
4365,B1,2,1,2,2,0,0,0,0,0,0,0,0,0,0,1,2,31,94,34
4365,B2,2,0,2,13,0,0,0,0,0,0,0,0,0,0,1,2,3,14,3
4365,C1,14,4,1,0,0,0,0,0,0,0,0,0,0,0,1,2,2,8,2
4380,A1,1,14,0,1,0,0,0,0,0,0,0,0,0,1,0,2,0,0,0
4380,B0,0,1,13,2,0,0,0,0,0,0,0,0,0,1,0,2,2,6,17
4380,B1,1,2,1,1,0,0,0,0,0,0,0,0,0,1,0,2,31,94,34
4380,B2,1,0,5,14,0,0,0,0,0,0,0,0,0,1,0,1,3,14,3
4380,C1,14,3,2,0,0,0,0,0,0,0,0,0,0,1,0,2,2,8,2
4395,A1,1,13,0,2,0,0,0,0,0,0,0,0,0,1,0,2,0,0,0
4395,B0,0,1,14,4,0,0,0,0,0,0,0,0,0,1,0,2,2,6,17
4395,B1,1,1,2,2,0,0,0,0,0,0,0,0,0,1,0,2,31,94,34
4395,B2,1,0,6,14,0,0,0,0,0,0,0,0,0,1,0,1,3,14,3
4395,C1,12,1,3,0,0,0,0,0,0,0,0,0,0,1,0,2,2,8,2
4410,A1,2,13,0,3,0,0,0,0,0,0,0,0,0,0,1,2,0,0,0
4410,B0,0,2,14,3,0,0,0,0,0,0,0,0,0,0,1,2,2,6,17
4410,B1,1,1,2,2,0,0,0,0,0,0,0,0,0,0,1,2,32,95,35
4410,B2,1,0,4,14,0,0,0,0,0,0,0,0,0,0,1,2,3,14,3
4410,C1,12,2,1,0,0,0,0,0,0,0,0,0,0,0,1,2,2,8,2
4425,A1,6,13,0,2,0,0,0,0,0,0,0,0,0,0,1,2,0,0,0
4425,B0,0,2,11,1,0,0,0,0,0,0,0,0,0,0,1,2,2,6,17
4425,B1,1,1,1,2,0,0,0,0,0,0,0,0,0,0,1,2,32,95,35
4425,B2,3,0,1,14,0,0,0,0,0,0,0,0,0,0,1,2,3,14,3
4425,C1,14,4,1,0,0,0,0,0,0,0,0,0,0,0,1,2,2,8,2
4440,A1,4,14,0,1,0,0,0,0,0,0,0,0,0,1,0,2,0,0,0
4440,B0,0,1,11,4,0,0,0,0,0,0,0,0,0,1,0,2,2,6,17
4440,B1,1,1,1,1,0,0,0,0,0,0,0,0,0,1,0,2,32,95,35
4440,B2,2,0,2,13,0,0,0,0,0,0,0,0,0,1,0,2,3,14,3
4440,C1,14,3,1,0,0,0,0,0,0,0,0,0,0,1,0,2,2,8,2
4455,A1,5,14,0,1,0,0,0,0,0,0,0,0,0,1,0,2,0,0,0
4455,B0,0,2,11,7,0,0,0,0,0,0,0,0,0,1,0,2,2,6,17
4455,B1,1,1,1,1,0,0,0,0,0,0,0,0,0,1,0,2,32,95,35
4455,B2,1,0,3,14,0,0,0,0,0,0,0,0,0,1,0,2,3,14,3
4455,C1,12,1,3,0,0,0,0,0,0,0,0,0,0,1,0,2,2,8,2
4470,A1,2,13,0,1,0,0,0,0,0,0,0,0,0,0,1,2,0,0,0
4470,B0,0,3,13,7,0,0,0,0,0,0,0,0,0,0,1,2,2,6,17
4470,B1,1,1,1,1,0,0,0,0,0,0,0,0,0,0,1,2,32,95,35
4470,B2,2,0,4,14,0,0,0,0,0,0,0,0,0,0,1,2,3,14,3
4470,C1,9,1,3,0,0,0,0,0,0,0,0,0,0,0,1,2,2,8,2
4485,A1,4,14,0,1,0,0,0,0,0,0,0,0,0,0,1,2,0,0,0
4485,B0,0,4,13,2,0,0,0,0,0,0,0,0,0,0,1,2,2,6,17
4485,B1,1,1,1,1,0,0,0,0,0,0,0,0,0,0,1,2,32,95,35
4485,B2,3,0,1,13,0,0,0,0,0,0,0,0,0,0,1,2,3,14,3
4485,C1,14,2,1,0,0,0,0,0,0,0,0,0,0,0,1,2,2,8,2
4500,A1,5,14,0,1,0,0,0,0,0,0,0,0,0,0,1,2,0,0,0
4500,B0,0,3,12,2,0,0,0,0,0,0,0,0,0,0,1,2,2,6,17
4500,B1,1,1,1,1,0,0,0,0,0,0,0,0,0,0,1,2,32,95,35
4500,B2,4,0,2,11,0,0,0,0,0,0,0,0,0,0,1,2,3,14,3
4500,C1,14,4,2,0,0,0,0,0,0,0,0,0,0,0,1,2,2,8,2
4515,A1,1,14,0,4,0,0,0,0,0,0,0,0,0,1,0,2,0,0,0
4515,B0,0,1,13,3,0,0,0,0,0,0,0,0,0,1,0,2,2,6,17
4515,B1,1,3,1,1,0,0,0,0,0,0,0,0,0,1,0,2,32,95,35
4515,B2,1,0,4,14,0,0,0,0,0,0,0,0,0,1,0,2,3,14,3
4515,C1,13,9,2,0,0,0,0,0,0,0,0,0,0,1,0,2,2,8,2
4530,A1,3,13,0,5,0,0,0,0,0,0,0,0,0,1,0,2,0,0,0
4530,B0,0,1,14,4,0,0,0,0,0,0,0,0,0,1,0,2,2,6,17
4530,B1,2,1,1,1,0,0,0,0,0,0,0,0,0,1,0,2,32,95,35
4530,B2,2,0,7,14,0,0,0,0,0,0,0,0,0,1,0,1,3,14,3
4530,C1,8,1,4,0,0,0,0,0,0,0,0,0,0,1,0,2,2,8,2
4545,A1,5,13,0,1,0,0,0,0,0,0,0,0,0,0,1,2,0,0,0
4545,B0,0,1,14,1,0,0,0,0,0,0,0,0,0,0,1,2,2,6,17
4545,B1,1,1,1,2,0,0,0,0,0,0,0,0,0,0,1,2,32,95,35
4545,B2,2,0,3,14,0,0,0,0,0,0,0,0,0,0,1,2,3,14,3
4545,C1,9,4,1,0,0,0,0,0,0,0,0,0,0,0,1,2,2,8,2
4560,A1,7,14,0,1,0,0,0,0,0,0,0,0,0,0,1,2,0,0,0
4560,B0,0,2,10,2,0,0,0,0,0,0,0,0,0,0,1,2,2,6,17
4560,B1,1,1,1,3,0,0,0,0,0,0,0,0,0,0,1,2,32,95,35
4560,B2,3,0,1,12,0,0,0,0,0,0,0,0,0,0,1,2,3,14,3
4560,C1,10,6,1,0,0,0,0,0,0,0,0,0,0,0,1,2,2,8,2
4575,A1,4,14,0,1,0,0,0,0,0,0,0,0,0,1,0,2,0,0,0
4575,B0,0,1,10,1,0,0,0,0,0,0,0,0,0,1,0,2,2,6,17
4575,B1,2,1,1,2,0,0,0,0,0,0,0,0,0,1,0,2,32,95,35
4575,B2,2,0,5,11,0,0,0,0,0,0,0,0,0,1,0,1,3,14,3
4575,C1,12,3,1,0,0,0,0,0,0,0,0,0,0,1,0,2,2,8,2
4590,A1,1,14,0,5,0,0,0,0,0,0,0,0,0,1,0,2,0,0,0
4590,B0,0,2,11,2,0,0,0,0,0,0,0,0,0,1,0,2,2,6,17
4590,B1,1,3,1,2,0,0,0,0,0,0,0,0,0,1,0,2,32,95,35
4590,B2,2,0,5,14,0,0,0,0,0,0,0,0,0,1,0,1,3,14,3
4590,C1,11,1,1,0,0,0,0,0,0,0,0,0,0,1,0,2,2,8,2
4605,A1,2,13,0,3,0,0,0,0,0,0,0,0,0,0,1,2,0,0,0
4605,B0,0,1,12,3,0,0,0,0,0,0,0,0,0,0,1,2,2,6,17
4605,B1,1,1,1,2,0,0,0,0,0,0,0,0,0,0,1,2,32,95,35
4605,B2,2,0,5,14,0,0,0,0,0,0,0,0,0,0,1,2,3,14,3
4605,C1,9,1,1,0,0,0,0,0,0,0,0,0,0,0,1,2,2,8,2
4620,A1,3,14,0,1,0,0,0,0,0,0,0,0,0,0,1,2,0,0,0
4620,B0,0,4,11,1,0,0,0,0,0,0,0,0,0,0,1,2,2,6,17
4620,B1,1,1,1,4,0,0,0,0,0,0,0,0,0,0,1,2,32,95,35
4620,B2,3,0,2,13,0,0,0,0,0,0,0,0,0,0,1,2,3,14,3
4620,C1,10,4,1,0,0,0,0,0,0,0,0,0,0,0,1,2,2,8,2
4635,A1,3,14,0,2,0,0,0,0,0,0,0,0,0,1,0,2,0,0,0
4635,B0,0,4,11,2,0,0,0,0,0,0,0,0,0,1,0,2,2,6,17
4635,B1,2,2,1,1,0,0,0,0,0,0,0,0,0,1,0,2,32,95,35
4635,B2,5,0,1,10,0,0,0,0,0,0,0,0,0,1,0,2,3,14,3
4635,C1,10,3,1,0,0,0,0,0,0,0,0,0,0,1,0,2,2,8,2
4650,A1,2,11,0,3,0,0,0,0,0,0,0,0,0,1,0,2,0,0,0
4650,B0,0,1,12,2,0,0,0,0,0,0,0,0,0,1,0,2,2,6,17
4650,B1,1,3,1,1,0,0,0,0,0,0,0,0,0,1,0,2,32,95,35
4650,B2,4,0,4,14,0,0,0,0,0,0,0,0,0,1,0,2,3,14,3
4650,C1,10,1,1,0,0,0,0,0,0,0,0,0,0,1,0,2,2,8,2
4665,A1,3,10,0,3,0,0,0,0,0,0,0,0,0,1,0,2,0,0,0
4665,B0,0,2,14,4,0,0,0,0,0,0,0,0,0,1,0,2,2,6,17
4665,B1,1,1,1,1,0,0,0,0,0,0,0,0,0,1,0,2,32,95,35
4665,B2,2,0,6,14,0,0,0,0,0,0,0,0,0,1,0,1,3,14,3
4665,C1,10,2,2,0,0,0,0,0,0,0,0,0,0,1,0,2,2,8,2
4680,A1,3,14,0,1,0,0,0,0,0,0,0,0,0,0,1,2,0,0,0
4680,B0,0,2,12,1,0,0,0,0,0,0,0,0,0,0,1,2,2,6,17
4680,B1,1,1,3,1,0,0,0,0,0,0,0,0,0,0,1,2,32,95,35
4680,B2,2,0,1,14,0,0,0,0,0,0,0,0,0,0,1,2,3,14,3
4680,C1,11,5,3,0,0,0,0,0,0,0,0,0,0,0,1,2,2,8,2
4695,A1,4,14,0,1,0,0,0,0,0,0,0,0,0,0,1,2,0,0,0
4695,B0,0,3,8,2,0,0,0,0,0,0,0,0,0,0,1,2,2,6,17
4695,B1,1,1,1,1,0,0,0,0,0,0,0,0,0,0,1,2,32,95,35
4695,B2,3,0,2,10,0,0,0,0,0,0,0,0,0,0,1,2,3,14,3
4695,C1,12,6,1,0,0,0,0,0,0,0,0,0,0,0,1,2,2,8,2
4710,A1,3,14,0,1,0,0,0,0,0,0,0,0,0,1,0,2,0,0,0
4710,B0,0,1,9,3,0,0,0,0,0,0,0,0,0,1,0,2,2,6,17
4710,B1,3,1,1,1,0,0,0,0,0,0,0,0,0,1,0,2,32,95,35
4710,B2,2,0,2,12,0,0,0,0,0,0,0,0,0,1,0,2,3,14,3
4710,C1,12,3,2,0,0,0,0,0,0,0,0,0,0,1,0,2,2,8,2
4725,A1,2,13,0,1,0,0,0,0,0,0,0,0,0,1,0,2,0,0,0
4725,B0,0,2,10,4,0,0,0,0,0,0,0,0,0,1,0,2,2,6,17
4725,B1,3,2,1,1,0,0,0,0,0,0,0,0,0,1,0,2,32,95,35
4725,B2,1,0,3,14,0,0,0,0,0,0,0,0,0,1,0,2,3,14,3
4725,C1,11,2,3,0,0,0,0,0,0,0,0,0,0,1,0,2,2,8,2
4740,A1,2,13,0,1,0,0,0,0,0,0,0,0,0,0,1,2,0,0,0
4740,B0,0,3,11,4,0,0,0,0,0,0,0,0,0,0,1,2,2,6,17
4740,B1,1,1,3,1,0,0,0,0,0,0,0,0,0,0,1,2,32,95,35
4740,B2,4,0,1,14,0,0,0,0,0,0,0,0,0,0,1,2,3,14,3
4740,C1,13,3,1,0,0,0,0,0,0,0,0,0,0,0,1,2,2,8,2
4755,A1,2,14,0,1,0,0,0,0,0,0,0,0,0,0,1,2,0,0,0
4755,B0,0,4,11,1,0,0,0,0,0,0,0,0,0,0,1,2,2,6,17
4755,B1,1,2,1,3,0,0,0,0,0,0,0,0,0,0,1,2,32,95,35
4755,B2,4,0,1,10,0,0,0,0,0,0,0,0,0,0,1,2,3,14,3
4755,C1,13,4,1,0,0,0,0,0,0,0,0,0,0,0,1,2,2,8,2
4770,A1,3,14,0,2,0,0,0,0,0,0,0,0,0,1,0,2,0,0,0
4770,B0,0,2,10,1,0,0,0,0,0,0,0,0,0,1,0,2,2,6,17
4770,B1,4,2,1,1,0,0,0,0,0,0,0,0,0,1,0,2,32,95,35
4770,B2,4,0,2,10,0,0,0,0,0,0,0,0,0,1,0,2,3,14,3
4770,C1,13,4,3,0,0,0,0,0,0,0,0,0,0,1,0,2,2,8,2
4785,A1,1,12,0,2,0,0,0,0,0,0,0,0,0,1,0,2,0,0,0
4785,B0,0,2,12,3,0,0,0,0,0,0,0,0,0,1,0,2,2,6,17
4785,B1,1,2,1,1,0,0,0,0,0,0,0,0,0,1,0,2,32,95,35
4785,B2,2,0,2,14,0,0,0,0,0,0,0,0,0,1,0,2,3,14,3
4785,C1,13,1,4,0,0,0,0,0,0,0,0,0,0,1,0,2,2,8,2
4800,A1,1,9,0,2,0,0,0,0,0,0,0,0,0,0,1,2,0,0,0
4800,B0,0,2,12,3,0,0,0,0,0,0,0,0,0,0,1,2,2,6,17
4800,B1,1,2,1,1,0,0,0,0,0,0,0,0,0,0,1,2,33,96,36
4800,B2,2,0,4,14,0,0,0,0,0,0,0,0,0,0,1,2,3,14,3
4800,C1,13,2,4,0,0,0,0,0,0,0,0,0,0,0,1,2,2,8,2
4815,A1,5,13,0,1,0,0,0,0,0,0,0,0,0,0,1,2,0,0,0
4815,B0,0,3,12,1,0,0,0,0,0,0,0,0,0,0,1,2,2,6,17
4815,B1,1,2,2,2,0,0,0,0,0,0,0,0,0,0,1,2,33,96,36
4815,B2,4,0,1,12,0,0,0,0,0,0,0,0,0,0,1,2,3,14,3
4815,C1,14,3,1,0,0,0,0,0,0,0,0,0,0,0,1,2,2,8,2
4830,A1,5,14,0,1,0,0,0,0,0,0,0,0,0,0,1,2,0,0,0
4830,B0,0,6,11,1,0,0,0,0,0,0,0,0,0,0,1,2,2,6,17
4830,B1,3,2,1,1,0,0,0,0,0,0,0,0,0,0,1,2,33,96,36
4830,B2,4,0,1,9,0,0,0,0,0,0,0,0,0,0,1,2,3,14,3
4830,C1,14,5,3,0,0,0,0,0,0,0,0,0,0,0,1,2,2,8,2
4845,A1,1,14,0,2,0,0,0,0,0,0,0,0,0,1,0,2,0,0,0
4845,B0,0,1,13,5,0,0,0,0,0,0,0,0,0,1,0,2,2,6,17
4845,B1,1,5,1,1,0,0,0,0,0,0,0,0,0,1,0,2,34,97,37
4845,B2,1,0,2,13,0,0,0,0,0,0,0,0,0,1,0,2,3,14,3
4845,C1,13,1,4,0,0,0,0,0,0,0,0,0,0,1,0,2,2,8,2
4860,A1,1,10,0,2,0,0,0,0,0,0,0,0,0,1,0,2,0,0,0
4860,B0,0,1,14,7,0,0,0,0,0,0,0,0,0,1,0,2,2,6,17
4860,B1,1,1,2,2,0,0,0,0,0,0,0,0,0,1,0,2,34,97,37
4860,B2,1,0,4,14,0,0,0,0,0,0,0,0,0,1,0,2,3,14,3
4860,C1,8,2,5,0,0,0,0,0,0,0,0,0,0,1,0,2,2,8,2
4875,A1,3,13,0,1,0,0,0,0,0,0,0,0,0,0,1,2,0,0,0
4875,B0,0,5,14,5,0,0,0,0,0,0,0,0,0,0,1,2,2,6,17
4875,B1,1,1,3,1,0,0,0,0,0,0,0,0,0,0,1,2,34,97,37
4875,B2,1,0,1,14,0,0,0,0,0,0,0,0,0,0,1,2,3,14,3
4875,C1,12,2,2,0,0,0,0,0,0,0,0,0,0,0,1,2,2,8,2
4890,A1,6,14,0,1,0,0,0,0,0,0,0,0,0,0,1,2,0,0,0
4890,B0,0,6,14,2,0,0,0,0,0,0,0,0,0,0,1,2,2,6,17
4890,B1,1,3,5,1,0,0,0,0,0,0,0,0,0,0,1,2,34,97,37
4890,B2,3,0,1,9,0,0,0,0,0,0,0,0,0,0,1,2,3,14,3
4890,C1,13,3,1,0,0,0,0,0,0,0,0,0,0,0,1,2,2,8,2
4905,A1,3,14,0,2,0,0,0,0,0,0,0,0,0,1,0,2,0,0,0
4905,B0,0,7,13,2,0,0,0,0,0,0,0,0,0,1,0,2,2,6,17
4905,B1,1,1,4,1,0,0,0,0,0,0,0,0,0,1,0,2,34,97,37
4905,B2,2,0,2,12,0,0,0,0,0,0,0,0,0,1,0,2,3,14,3
4905,C1,13,3,2,0,0,0,0,0,0,0,0,0,0,1,0,2,2,8,2
4920,A1,1,12,0,4,0,0,0,0,0,0,0,0,0,1,0,2,0,0,0
4920,B0,0,2,14,2,0,0,0,0,0,0,0,0,0,1,0,2,2,6,17
4920,B1,2,3,4,1,0,0,0,0,0,0,0,0,0,1,0,2,34,97,37
4920,B2,2,0,4,14,0,0,0,0,0,0,0,0,0,1,0,2,3,14,3
4920,C1,10,1,3,0,0,0,0,0,0,0,0,0,0,1,0,2,2,8,2
4935,A1,2,11,0,4,0,0,0,0,0,0,0,0,0,0,1,2,0,0,0
4935,B0,0,1,14,2,0,0,0,0,0,0,0,0,0,0,1,2,2,6,17
4935,B1,1,1,2,1,0,0,0,0,0,0,0,0,0,0,1,2,34,97,37
4935,B2,2,0,3,14,0,0,0,0,0,0,0,0,0,0,1,2,3,14,3
4935,C1,10,3,1,0,0,0,0,0,0,0,0,0,0,0,1,2,2,8,2
4950,A1,7,14,0,2,0,0,0,0,0,0,0,0,0,0,1,2,0,0,0
4950,B0,0,2,14,1,0,0,0,0,0,0,0,0,0,0,1,2,2,6,17
4950,B1,1,1,3,3,0,0,0,0,0,0,0,0,0,0,1,2,34,97,37
4950,B2,2,0,1,14,0,0,0,0,0,0,0,0,0,0,1,2,3,14,3
4950,C1,9,3,2,0,0,0,0,0,0,0,0,0,0,0,1,2,2,8,2
4965,A1,9,14,0,2,0,0,0,0,0,0,0,0,0,1,0,2,0,0,0
4965,B0,0,3,12,2,0,0,0,0,0,0,0,0,0,1,0,2,2,6,17
4965,B1,1,1,1,1,0,0,0,0,0,0,0,0,0,1,0,2,34,97,37
4965,B2,2,0,5,10,0,0,0,0,0,0,0,0,0,1,0,1,3,14,3
4965,C1,9,4,4,0,0,0,0,0,0,0,0,0,0,1,0,2,2,8,2
4980,A1,5,14,0,1,0,0,0,0,0,0,0,0,0,1,0,2,0,0,0
4980,B0,0,1,14,4,0,0,0,0,0,0,0,0,0,1,0,2,2,6,17
4980,B1,2,1,1,1,0,0,0,0,0,0,0,0,0,1,0,2,34,97,37
4980,B2,1,0,4,14,0,0,0,0,0,0,0,0,0,1,0,2,3,14,3
4980,C1,9,1,7,0,0,0,0,0,0,0,0,0,0,1,0,2,2,8,2
4995,A1,1,13,0,4,0,0,0,0,0,0,0,0,0,1,0,2,0,0,0
4995,B0,0,2,14,5,0,0,0,0,0,0,0,0,0,1,0,2,2,6,17
4995,B1,1,1,1,2,0,0,0,0,0,0,0,0,0,1,0,2,34,97,37
4995,B2,1,0,6,14,0,0,0,0,0,0,0,0,0,1,0,1,3,14,3
4995,C1,6,1,8,0,0,0,0,0,0,0,0,0,0,1,0,2,2,8,2
5010,A1,3,14,0,1,0,0,0,0,0,0,0,0,0,0,1,2,0,0,0
5010,B0,0,3,14,1,0,0,0,0,0,0,0,0,0,0,1,2,2,6,17
5010,B1,1,1,2,2,0,0,0,0,0,0,0,0,0,0,1,2,34,97,37
5010,B2,1,0,1,14,0,0,0,0,0,0,0,0,0,0,1,2,3,14,3
5010,C1,9,2,3,0,0,0,0,0,0,0,0,0,0,0,1,2,2,8,2
5025,A1,5,14,0,1,0,0,0,0,0,0,0,0,0,0,1,2,0,0,0
5025,B0,0,5,11,2,0,0,0,0,0,0,0,0,0,0,1,2,2,6,17
5025,B1,1,2,1,1,0,0,0,0,0,0,0,0,0,0,1,2,34,97,37
5025,B2,2,0,1,12,0,0,0,0,0,0,0,0,0,0,1,2,3,14,3
5025,C1,12,4,2,0,0,0,0,0,0,0,0,0,0,0,1,2,2,8,2
5040,A1,1,14,0,1,0,0,0,0,0,0,0,0,0,1,0,2,0,0,0
5040,B0,0,2,13,3,0,0,0,0,0,0,0,0,0,1,0,2,2,6,17
5040,B1,1,2,1,1,0,0,0,0,0,0,0,0,0,1,0,2,34,97,37
5040,B2,1,0,5,13,0,0,0,0,0,0,0,0,0,1,0,1,3,14,3
5040,C1,13,2,2,0,0,0,0,0,0,0,0,0,0,1,0,2,2,8,2
5055,A1,2,11,0,3,0,0,0,0,0,0,0,0,0,1,0,2,0,0,0
5055,B0,0,1,14,3,0,0,0,0,0,0,0,0,0,1,0,2,2,6,17
5055,B1,2,2,2,2,0,0,0,0,0,0,0,0,0,1,0,2,34,97,37
5055,B2,2,0,7,14,0,0,0,0,0,0,0,0,0,1,0,1,3,14,3
5055,C1,9,1,2,0,0,0,0,0,0,0,0,0,0,1,0,2,2,8,2
5070,A1,3,12,0,1,0,0,0,0,0,0,0,0,0,0,1,2,0,0,0
5070,B0,0,2,14,1,0,0,0,0,0,0,0,0,0,0,1,2,2,6,17
5070,B1,1,1,2,2,0,0,0,0,0,0,0,0,0,0,1,2,34,97,37
5070,B2,1,0,6,14,0,0,0,0,0,0,0,0,0,0,1,2,3,14,3
5070,C1,11,3,1,0,0,0,0,0,0,0,0,0,0,0,1,2,2,8,2
5085,A1,5,14,0,2,0,0,0,0,0,0,0,0,0,0,1,2,0,0,0
5085,B0,0,3,9,1,0,0,0,0,0,0,0,0,0,0,1,2,2,6,17
5085,B1,1,1,2,2,0,0,0,0,0,0,0,0,0,0,1,2,34,97,37
5085,B2,1,0,1,14,0,0,0,0,0,0,0,0,0,0,1,2,3,14,3
5085,C1,11,5,1,0,0,0,0,0,0,0,0,0,0,0,1,2,2,8,2
5100,A1,5,14,0,1,0,0,0,0,0,0,0,0,0,1,0,2,0,0,0
5100,B0,0,3,10,1,0,0,0,0,0,0,0,0,0,1,0,2,2,6,17
5100,B1,4,1,1,1,0,0,0,0,0,0,0,0,0,1,0,2,35,99,38
5100,B2,2,0,2,13,0,0,0,0,0,0,0,0,0,1,0,2,3,14,3
5100,C1,11,5,1,0,0,0,0,0,0,0,0,0,0,1,0,2,2,8,2
5115,A1,2,14,0,1,0,0,0,0,0,0,0,0,0,1,0,2,0,0,0
5115,B0,0,3,11,3,0,0,0,0,0,0,0,0,0,1,0,2,2,6,17
5115,B1,6,1,1,1,0,0,0,0,0,0,0,0,0,1,0,2,35,99,38
5115,B2,1,0,3,14,0,0,0,0,0,0,0,0,0,1,0,2,3,14,3
5115,C1,10,1,3,0,0,0,0,0,0,0,0,0,0,1,0,2,2,8,2
5130,A1,1,11,0,1,0,0,0,0,0,0,0,0,0,0,1,2,0,0,0
5130,B0,0,1,11,3,0,0,0,0,0,0,0,0,0,0,1,2,2,6,17
5130,B1,5,1,2,2,0,0,0,0,0,0,0,0,0,0,1,2,36,103,39
5130,B2,1,0,3,14,0,0,0,0,0,0,0,0,0,0,1,2,3,14,3
5130,C1,8,2,4,0,0,0,0,0,0,0,0,0,0,0,1,2,2,8,2
5145,A1,1,14,0,1,0,0,0,0,0,0,0,0,0,0,1,2,0,0,0
5145,B0,0,3,9,1,0,0,0,0,0,0,0,0,0,0,1,2,2,6,17
5145,B1,5,1,2,1,0,0,0,0,0,0,0,0,0,0,1,2,36,103,39
5145,B2,2,0,2,14,0,0,0,0,0,0,0,0,0,0,1,2,3,14,3
5145,C1,8,5,2,0,0,0,0,0,0,0,0,0,0,0,1,2,2,8,2
5160,A1,4,14,0,1,0,0,0,0,0,0,0,0,0,0,1,2,0,0,0
5160,B0,0,5,7,2,0,0,0,0,0,0,0,0,0,0,1,2,2,6,17
5160,B1,6,1,1,1,0,0,0,0,0,0,0,0,0,0,1,2,36,103,39
5160,B2,4,0,6,11,0,0,0,0,0,0,0,0,0,0,1,2,3,14,3
5160,C1,9,8,1,0,0,0,0,0,0,0,0,0,0,0,1,2,2,8,2
5175,A1,2,14,0,2,0,0,0,0,0,0,0,0,0,1,0,2,0,0,0
5175,B0,0,1,11,5,0,0,0,0,0,0,0,0,0,1,0,2,2,6,17
5175,B1,6,2,1,1,0,0,0,0,0,0,0,0,0,1,0,2,36,103,39
5175,B2,3,0,1,13,0,0,0,0,0,0,0,0,0,1,0,2,3,14,3
5175,C1,10,2,4,0,0,0,0,0,0,0,0,0,0,1,0,2,2,8,2
5190,A1,2,12,0,1,0,0,0,0,0,0,0,0,0,1,0,2,0,0,0
5190,B0,0,3,10,7,0,0,0,0,0,0,0,0,0,1,0,2,2,6,17
5190,B1,6,1,1,1,0,0,0,0,0,0,0,0,0,1,0,2,36,103,39
5190,B2,1,0,3,14,0,0,0,0,0,0,0,0,0,1,0,2,3,14,3
5190,C1,12,2,4,0,0,0,0,0,0,0,0,0,0,1,0,2,2,8,2
5205,A1,2,13,0,1,0,0,0,0,0,0,0,0,0,0,1,2,0,0,0
5205,B0,0,4,11,3,0,0,0,0,0,0,0,0,0,0,1,2,2,6,17
5205,B1,4,1,2,1,0,0,0,0,0,0,0,0,0,0,1,2,36,103,39
5205,B2,3,0,4,13,0,0,0,0,0,0,0,0,0,0,1,2,3,14,3
5205,C1,10,1,1,0,0,0,0,0,0,0,0,0,0,0,1,2,2,8,2
5220,A1,4,13,0,1,0,0,0,0,0,0,0,0,0,0,1,2,0,0,0
5220,B0,0,6,10,1,0,0,0,0,0,0,0,0,0,0,1,2,2,6,17
5220,B1,4,3,1,1,0,0,0,0,0,0,0,0,0,0,1,2,36,103,39
5220,B2,3,0,2,9,0,0,0,0,0,0,0,0,0,0,1,2,3,14,3
5220,C1,10,3,2,0,0,0,0,0,0,0,0,0,0,0,1,2,2,8,2
5235,A1,3,14,0,3,0,0,0,0,0,0,0,0,0,1,0,2,0,0,0
5235,B0,0,3,9,3,0,0,0,0,0,0,0,0,0,1,0,2,2,6,17
5235,B1,5,3,1,1,0,0,0,0,0,0,0,0,0,1,0,2,36,103,39
5235,B2,2,0,2,13,0,0,0,0,0,0,0,0,0,1,0,2,3,14,3
5235,C1,12,3,1,0,0,0,0,0,0,0,0,0,0,1,0,2,2,8,2
5250,A1,1,11,0,5,0,0,0,0,0,0,0,0,0,1,0,2,0,0,0
5250,B0,0,1,12,5,0,0,0,0,0,0,0,0,0,1,0,2,2,6,17
5250,B1,6,3,1,2,0,0,0,0,0,0,0,0,0,1,0,2,36,103,39
5250,B2,1,0,5,14,0,0,0,0,0,0,0,0,0,1,0,1,3,14,3
5250,C1,6,1,2,0,0,0,0,0,0,0,0,0,0,1,0,2,2,8,2
5265,A1,2,12,0,3,0,0,0,0,0,0,0,0,1,0,1,2,0,0,0
5265,B0,0,4,12,4,0,0,0,0,0,0,0,0,0,0,1,2,2,6,17
5265,B1,5,1,1,2,0,0,0,1,0,0,0,0,0,0,1,2,37,115,39
5265,B2,1,0,3,14,0,0,0,0,0,0,0,0,0,0,1,2,3,14,3
5265,C1,8,2,4,0,0,0,0,0,0,0,0,0,0,0,1,2,2,8,2
5280,A1,4,14,0,1,0,0,0,0,0,0,0,0,0,0,1,2,0,0,0
5280,B0,0,8,11,4,0,0,0,0,0,0,0,0,0,0,1,2,2,6,17
5280,B1,5,1,2,3,0,0,0,0,0,0,0,0,0,0,1,2,37,115,40
5280,B2,3,0,1,13,0,0,0,0,0,0,0,0,0,0,1,2,3,14,3
5280,C1,7,1,1,0,0,0,0,0,0,0,0,0,0,0,1,2,2,8,2
5295,A1,3,14,0,2,0,0,0,0,0,0,0,0,0,1,0,2,0,0,0
5295,B0,0,8,8,1,0,0,0,0,0,0,0,0,0,1,0,2,2,6,17
5295,B1,5,1,1,1,0,0,0,0,0,0,0,0,0,1,0,2,37,115,40
5295,B2,2,0,1,10,0,0,0,0,0,0,0,0,0,1,0,2,3,14,3
5295,C1,9,1,1,0,0,0,0,0,0,0,0,0,0,1,0,2,2,8,2
5310,A1,5,14,0,4,0,0,0,0,0,0,0,0,0,1,0,2,0,0,0
5310,B0,0,5,11,2,0,0,0,0,0,0,0,0,0,1,0,2,2,6,17
5310,B1,6,3,1,1,0,0,0,0,0,0,0,0,0,1,0,2,37,115,40
5310,B2,1,0,4,14,0,0,0,0,0,0,0,0,0,1,0,2,3,14,3
5310,C1,10,1,2,0,0,0,0,0,0,0,0,0,0,1,0,2,2,8,2
5325,A1,1,10,0,6,0,0,0,0,0,0,0,0,0,1,0,2,0,0,0
5325,B0,0,1,13,5,0,0,0,0,0,0,0,0,0,1,0,2,2,6,17
5325,B1,5,1,1,3,0,0,0,0,0,0,0,0,0,1,0,2,37,115,40
5325,B2,2,0,6,14,0,0,0,0,0,0,0,0,0,1,0,1,3,14,3
5325,C1,8,1,3,0,0,0,0,0,0,0,0,0,0,1,0,2,2,8,2
5340,A1,4,13,0,2,0,0,0,0,0,0,0,0,0,0,1,2,0,0,0
5340,B0,0,1,13,1,0,0,0,0,0,0,0,0,0,0,1,2,2,6,17
5340,B1,5,1,3,2,0,0,0,0,0,0,0,0,0,0,1,2,38,119,41
5340,B2,1,0,4,14,0,0,0,0,0,0,0,0,0,0,1,2,3,14,3
5340,C1,8,3,1,0,0,0,0,0,0,0,0,0,0,0,1,2,2,8,2
5355,A1,6,14,0,1,0,0,0,0,0,0,0,0,0,0,1,2,0,0,0
5355,B0,0,1,10,1,0,0,0,0,0,0,0,0,0,0,1,2,2,6,17
5355,B1,5,1,2,1,0,0,0,0,0,0,0,0,0,0,1,2,38,119,41
5355,B2,3,0,1,13,0,0,0,0,0,0,0,0,0,0,1,2,3,14,3
5355,C1,9,3,1,0,0,0,0,0,0,0,0,0,0,0,1,2,2,8,2
5370,A1,2,14,0,2,0,0,0,0,0,0,0,0,0,1,0,2,0,0,0
5370,B0,0,1,12,1,0,0,0,0,0,0,0,0,0,1,0,1,2,6,17
5370,B1,7,1,2,1,0,0,0,0,0,0,0,0,0,1,0,2,38,119,41
5370,B2,2,0,4,13,0,0,0,0,0,0,0,0,0,1,0,2,3,14,3
5370,C1,10,1,1,0,0,0,0,0,0,0,0,0,0,1,0,2,2,8,2
5385,A1,2,11,0,1,0,0,0,0,0,0,0,0,0,1,0,2,0,0,0
5385,B0,0,2,13,2,0,0,0,0,0,0,0,0,0,1,0,2,2,6,17
5385,B1,3,1,2,1,0,0,0,0,0,0,0,0,0,1,0,2,38,119,41
5385,B2,1,0,6,14,0,0,0,0,0,0,0,0,0,1,0,1,3,14,3
5385,C1,9,1,1,0,0,0,0,0,0,0,0,0,0,1,0,2,2,8,2
5400,A1,4,12,0,2,0,0,0,0,0,0,0,0,0,0,1,2,0,0,0
5400,B0,0,2,13,4,0,0,0,0,0,0,0,0,0,0,1,2,2,6,17
5400,B1,2,1,3,3,0,0,0,0,0,0,0,0,0,0,1,2,38,119,41
5400,B2,2,0,6,14,0,0,0,0,0,0,0,0,0,0,1,2,3,14,3
5400,C1,11,2,2,0,0,0,0,0,0,0,0,0,0,0,1,2,2,8,2
5415,A1,5,14,0,1,0,0,0,0,0,0,0,0,0,0,1,2,0,0,0
5415,B0,0,2,14,1,0,0,0,0,0,0,0,0,0,0,1,2,2,6,17
5415,B1,2,1,2,1,0,0,0,0,0,0,0,0,0,0,1,2,38,119,41
5415,B2,2,0,2,14,0,0,0,0,0,0,0,0,0,0,1,2,3,14,3
5415,C1,10,4,1,0,0,0,0,0,0,0,0,0,0,0,1,2,2,8,2
5430,A1,5,14,0,1,0,0,0,0,0,0,0,0,0,1,0,2,0,0,0
5430,B0,0,1,13,2,0,0,0,0,0,0,0,0,0,1,0,2,2,6,17
5430,B1,1,1,1,1,0,0,0,0,0,0,0,0,0,1,0,2,38,119,41
5430,B2,1,0,3,13,0,0,0,0,0,0,0,0,0,1,0,2,3,14,3
5430,C1,10,3,1,0,0,0,0,0,0,0,0,0,0,1,0,2,2,8,2
5445,A1,1,14,0,3,0,0,0,0,0,0,0,0,0,1,0,2,0,0,0
5445,B0,0,1,14,3,0,0,0,0,0,0,0,0,0,1,0,2,2,6,17
5445,B1,1,1,1,1,0,0,0,0,0,0,0,0,0,1,0,2,38,119,41
5445,B2,1,0,4,14,0,0,0,0,0,0,0,0,0,1,0,2,3,14,3
5445,C1,8,2,5,0,0,0,0,0,0,0,0,0,0,1,0,2,2,8,2
5460,A1,1,13,0,5,0,0,0,0,0,0,0,0,0,0,1,2,0,0,0
5460,B0,0,1,14,2,0,0,0,0,0,0,0,0,0,0,1,2,2,6,17
5460,B1,1,1,1,1,0,0,0,0,0,0,0,0,0,0,1,2,38,119,41
5460,B2,1,0,3,14,0,0,0,0,0,0,0,0,0,0,1,2,3,14,3
5460,C1,6,1,7,0,0,0,0,0,0,0,0,0,0,0,1,2,2,8,2
5475,A1,2,14,0,1,0,0,0,0,0,0,0,0,0,0,1,2,0,0,0
5475,B0,0,2,13,1,0,0,0,0,0,0,0,0,0,0,1,2,2,6,17
5475,B1,1,1,1,5,0,0,0,0,0,0,0,0,0,0,1,2,38,119,41
5475,B2,2,0,1,14,0,0,0,0,0,0,0,0,0,0,1,2,3,14,3
5475,C1,9,5,2,0,0,0,0,0,0,0,0,0,0,0,1,2,2,8,2
5490,A1,6,14,0,1,0,0,0,0,0,0,0,0,0,0,1,2,0,0,0
5490,B0,0,2,13,1,0,0,0,0,0,0,0,0,0,0,1,2,2,6,17
5490,B1,1,1,1,2,0,0,0,0,0,0,0,0,0,0,1,2,38,119,41
5490,B2,2,0,3,12,0,0,0,0,0,0,0,0,0,0,1,2,3,14,3
5490,C1,10,7,1,0,0,0,0,0,0,0,0,0,0,0,1,2,2,8,2
5505,A1,1,14,0,2,0,0,0,0,0,0,0,0,0,1,0,2,0,0,0
5505,B0,0,1,14,2,0,0,0,0,0,0,0,0,0,1,0,2,2,6,17
5505,B1,1,2,1,2,0,0,0,0,0,0,0,0,0,1,0,2,39,120,42
5505,B2,1,0,6,13,0,0,0,0,0,0,0,0,0,1,0,1,3,14,3
5505,C1,11,3,1,0,0,0,0,0,0,0,0,0,0,1,0,2,2,8,2
5520,A1,1,10,0,3,0,0,0,0,0,0,0,0,0,1,0,2,0,0,0
5520,B0,0,1,14,3,0,0,0,0,0,0,0,0,0,1,0,2,2,6,17
5520,B1,1,1,1,3,0,0,0,0,0,0,0,0,0,1,0,2,39,120,42
5520,B2,1,0,6,14,0,0,0,0,0,0,0,0,0,1,0,1,3,14,3
5520,C1,9,1,2,0,0,0,0,0,0,0,0,0,0,1,0,2,2,8,2
5535,A1,2,12,0,1,0,0,0,0,0,0,0,0,0,0,1,2,0,0,0
5535,B0,0,1,14,1,0,0,0,0,0,0,0,0,0,0,1,2,2,6,17
5535,B1,1,1,1,2,0,0,0,0,0,0,0,0,0,0,1,2,39,120,42
5535,B2,1,0,7,14,0,0,0,0,0,0,0,0,0,0,1,2,3,14,3
5535,C1,10,5,2,0,0,0,0,0,0,0,0,0,0,0,1,2,2,8,2
5550,A1,3,14,0,2,0,0,0,0,0,0,0,0,0,0,1,2,0,0,0
5550,B0,0,1,10,2,0,0,0,0,0,0,0,0,0,0,1,2,2,6,17
5550,B1,1,1,3,2,0,0,0,0,0,0,0,0,0,0,1,2,39,120,42
5550,B2,1,0,2,14,0,0,0,0,0,0,0,0,0,0,1,2,3,14,3
5550,C1,12,5,1,0,0,0,0,0,0,0,0,0,0,0,1,2,2,8,2
5565,A1,1,14,0,2,0,0,0,0,0,0,0,0,0,1,0,2,0,0,0
5565,B0,0,1,13,3,0,0,0,0,0,0,0,0,0,1,0,2,2,6,17
5565,B1,1,2,2,1,0,0,0,0,0,0,0,0,0,1,0,2,40,124,43
5565,B2,1,0,4,13,0,0,0,0,0,0,0,0,0,1,0,2,3,14,3
5565,C1,14,3,2,0,0,0,0,0,0,0,0,0,0,1,0,2,2,8,2
5580,A1,3,10,0,2,0,0,0,0,0,0,0,0,0,1,0,2,0,0,0
5580,B0,0,1,13,5,0,0,0,0,0,0,0,0,0,1,0,2,2,6,17
5580,B1,1,1,2,1,0,0,0,0,0,0,0,0,0,1,0,2,40,124,43
5580,B2,1,0,4,14,0,0,0,0,0,0,0,0,0,1,0,2,3,14,3
5580,C1,14,1,1,0,0,0,0,0,0,0,0,0,0,1,0,2,2,8,2
5595,A1,2,13,0,3,0,0,0,0,0,0,0,0,0,0,1,2,0,0,0
5595,B0,0,1,14,5,0,0,0,0,0,0,0,0,0,0,1,2,2,6,17
5595,B1,1,1,4,1,0,0,0,0,0,0,0,0,0,0,1,2,40,124,43
5595,B2,1,0,3,14,0,0,0,0,0,0,0,0,0,0,1,2,3,14,3
5595,C1,12,4,1,0,0,0,0,0,0,0,0,0,0,0,1,2,2,8,2
5610,A1,2,14,0,1,0,0,0,0,0,0,0,0,0,0,1,2,0,0,0
5610,B0,0,2,14,5,0,0,0,0,0,0,0,0,0,0,1,2,2,6,17
5610,B1,1,1,2,2,0,0,0,0,0,0,0,0,0,0,1,2,40,124,43
5610,B2,2,0,1,11,0,0,0,0,0,0,0,0,0,0,1,2,3,14,3
5610,C1,14,6,1,0,0,0,0,0,0,0,0,0,0,0,1,2,2,8,2
5625,A1,2,14,0,2,0,0,0,0,0,0,0,0,0,1,0,2,0,0,0
5625,B0,0,3,12,3,0,0,0,0,0,0,1,0,0,1,0,1,2,6,17
5625,B1,1,3,1,1,0,1,0,0,0,0,0,0,0,1,0,2,41,130,43
5625,B2,1,0,1,9,0,0,0,0,0,0,0,0,0,1,0,2,3,14,3
5625,C1,14,8,2,0,0,0,0,0,0,0,0,0,0,1,0,2,2,8,2
5640,A1,2,13,0,2,0,0,0,0,0,0,0,0,0,1,0,2,0,0,0
5640,B0,0,1,14,5,0,0,0,0,0,0,0,0,0,1,0,2,2,6,17
5640,B1,3,2,1,1,0,0,0,0,0,0,0,0,0,1,0,2,41,130,44
5640,B2,1,0,3,14,0,0,0,0,0,0,0,0,0,1,0,2,3,14,3
5640,C1,14,3,3,0,0,0,0,0,0,0,0,0,0,1,0,2,2,8,2
5655,A1,4,9,0,3,0,0,0,0,0,0,0,0,0,1,0,2,0,0,0
5655,B0,0,2,14,8,0,0,0,0,0,0,0,0,0,1,0,1,2,6,17
5655,B1,1,1,1,1,0,0,0,0,0,0,0,0,0,1,0,2,41,130,44
5655,B2,1,0,4,14,0,0,0,0,0,0,0,0,0,1,0,2,3,14,3
5655,C1,13,2,3,0,0,0,0,0,0,0,0,0,0,1,0,2,2,8,2
5670,A1,4,13,0,1,0,0,0,0,0,0,0,0,0,0,1,2,0,0,0
5670,B0,0,4,14,2,0,0,0,0,0,0,0,0,0,0,1,2,2,6,17
5670,B1,1,1,3,1,0,0,0,0,0,0,0,0,0,0,1,2,41,130,44
5670,B2,1,0,1,14,0,0,0,0,0,0,0,0,0,0,1,2,3,14,3
5670,C1,14,3,2,0,0,0,0,0,0,0,0,0,0,0,1,2,2,8,2
5685,A1,6,14,0,1,0,0,0,0,0,0,0,0,0,0,1,2,0,0,0
5685,B0,0,5,11,3,0,0,0,0,0,0,0,0,0,0,1,2,2,6,17
5685,B1,1,3,2,1,0,0,0,0,0,0,0,0,0,0,1,2,41,130,44
5685,B2,2,0,2,9,0,0,0,0,0,0,0,0,0,0,1,2,3,14,3
5685,C1,14,3,1,0,0,0,0,0,0,0,0,0,0,0,1,2,2,8,2
5700,A1,2,14,0,2,0,0,0,0,0,0,0,0,0,1,0,2,0,0,0
5700,B0,0,2,12,4,0,0,0,0,0,0,0,0,0,1,0,2,2,6,17
5700,B1,2,1,1,1,0,0,0,0,0,0,0,0,0,1,0,2,41,130,44
5700,B2,1,0,2,12,0,0,0,0,0,0,0,0,0,1,0,2,3,14,3
5700,C1,14,1,2,0,0,0,0,0,0,0,0,0,0,1,0,2,2,8,2
5715,A1,1,12,0,2,0,0,0,0,0,0,0,0,0,1,0,2,0,0,0
5715,B0,0,1,14,7,0,0,0,0,0,0,0,0,0,1,0,2,2,6,17
5715,B1,3,3,2,1,0,0,0,0,0,0,0,0,0,1,0,2,41,130,44
5715,B2,2,0,2,14,0,0,0,0,0,0,0,0,0,1,0,2,3,14,3
5715,C1,14,1,2,0,0,0,0,0,0,0,0,0,0,1,0,2,2,8,2
5730,A1,4,13,0,1,0,0,0,0,0,0,0,0,0,0,1,2,0,0,0
5730,B0,0,1,14,7,0,0,0,0,0,0,0,0,0,0,1,2,2,6,17
5730,B1,2,1,3,2,0,0,0,0,0,0,0,0,0,0,1,2,41,130,44
5730,B2,3,0,1,14,0,0,0,0,0,0,0,0,0,0,1,2,3,14,3
5730,C1,12,3,1,0,0,0,0,0,0,0,0,0,0,0,1,2,2,8,2
5745,A1,6,14,0,1,0,0,0,0,0,0,0,0,0,0,1,2,0,0,0
5745,B0,0,2,14,2,0,0,0,0,0,0,0,0,0,0,1,2,2,6,17
5745,B1,2,1,2,1,0,0,0,0,0,0,0,0,0,0,1,2,41,130,44
5745,B2,3,0,1,10,0,0,0,0,0,0,0,0,0,0,1,2,3,14,3
5745,C1,14,4,1,0,0,0,0,0,0,0,0,0,0,0,1,2,2,8,2
5760,A1,7,14,0,3,0,0,0,0,0,0,0,0,0,1,0,2,0,0,0
5760,B0,0,1,13,1,0,0,0,0,0,0,0,0,0,1,0,1,2,6,17
5760,B1,1,2,1,1,0,0,0,0,0,0,0,0,0,1,0,2,41,130,44
5760,B2,4,0,3,10,0,0,0,0,0,0,0,0,0,1,0,2,3,14,3
5760,C1,14,5,3,0,0,0,0,0,0,0,0,0,0,1,0,2,2,8,2
5775,A1,2,14,0,3,0,0,0,0,0,0,0,0,0,1,0,2,0,0,0
5775,B0,0,1,14,1,0,0,0,0,0,0,0,0,0,1,0,1,2,6,17
5775,B1,2,1,1,1,0,0,0,0,0,0,0,0,0,1,0,2,41,130,44
5775,B2,1,0,3,14,0,0,0,0,0,0,0,0,0,1,0,2,3,14,3
5775,C1,13,2,6,0,0,0,0,0,0,0,0,0,0,1,0,2,2,8,2
5790,A1,1,13,0,3,0,0,0,0,0,0,0,0,0,0,1,2,0,0,0
5790,B0,0,1,14,6,0,0,0,0,0,0,0,0,0,0,1,2,2,6,17
5790,B1,1,1,3,1,0,0,0,0,0,0,0,0,0,0,1,2,41,130,44
5790,B2,1,0,5,14,0,0,0,0,0,0,0,0,0,0,1,2,3,14,3
5790,C1,13,3,6,0,0,0,0,0,0,0,0,0,0,0,1,2,2,8,2
5805,A1,4,14,0,2,0,0,0,0,0,0,0,0,0,0,1,2,0,0,0
5805,B0,0,2,10,1,0,0,0,0,0,0,0,0,0,0,1,2,2,6,17
5805,B1,1,1,1,2,0,0,0,0,0,0,0,0,0,0,1,2,41,130,44
5805,B2,2,0,1,14,0,0,0,0,0,0,0,0,0,0,1,2,3,14,3
5805,C1,14,3,1,0,0,0,0,0,0,0,0,0,0,0,1,2,2,8,2
5820,A1,10,14,0,2,0,0,0,0,0,0,0,0,0,0,1,2,0,0,0
5820,B0,0,2,8,1,0,0,0,0,0,0,0,0,0,0,1,2,2,6,17
5820,B1,2,1,1,1,0,0,0,0,0,0,0,0,0,0,1,2,41,130,44
5820,B2,4,0,2,12,0,0,0,0,0,0,0,0,0,0,1,2,3,14,3
5820,C1,14,6,2,0,0,0,0,0,0,0,0,0,0,0,1,2,2,8,2
5835,A1,5,14,0,2,0,0,0,0,0,0,0,0,0,1,0,2,0,0,0
5835,B0,0,1,13,4,0,0,0,0,0,0,0,0,0,1,0,2,2,6,17
5835,B1,1,2,1,1,0,0,0,0,0,0,0,0,0,1,0,2,41,130,44
5835,B2,1,0,4,14,0,0,0,0,0,0,0,0,0,1,0,2,3,14,3
5835,C1,14,1,2,0,0,0,0,0,0,0,0,0,0,1,0,2,2,8,2
5850,A1,1,14,0,3,0,0,0,0,0,0,0,0,0,1,0,2,0,0,0
5850,B0,0,1,14,5,0,0,0,0,0,0,0,0,0,1,0,2,2,6,17
5850,B1,2,1,2,2,0,0,0,0,0,0,0,0,0,1,0,2,41,130,44
5850,B2,2,0,6,14,0,0,0,0,0,0,0,0,0,1,0,1,3,14,3
5850,C1,12,1,2,0,0,0,0,0,0,0,0,0,0,1,0,2,2,8,2
5865,A1,1,14,0,1,0,0,0,0,0,0,0,0,0,0,1,2,0,0,0
5865,B0,0,2,14,2,0,0,0,0,0,0,0,0,0,0,1,2,2,6,17
5865,B1,2,1,1,2,0,0,0,0,0,0,0,0,0,0,1,2,41,130,44
5865,B2,2,0,2,14,0,0,0,0,0,0,0,0,0,0,1,2,3,14,3
5865,C1,13,3,1,0,0,0,0,0,0,0,0,0,0,0,1,2,2,8,2
5880,A1,2,14,0,1,0,0,0,0,0,0,0,0,0,0,1,2,0,0,0
5880,B0,0,1,11,1,0,0,0,0,0,0,0,0,0,0,1,2,2,6,17
5880,B1,2,2,1,1,0,0,0,0,0,0,0,0,0,0,1,2,41,130,44
5880,B2,3,0,1,11,0,0,0,0,0,0,0,0,0,0,1,2,3,14,3
5880,C1,14,5,3,0,0,0,0,0,0,0,0,0,0,0,1,2,2,8,2
5895,A1,1,14,0,1,0,0,0,0,0,0,0,0,0,1,0,2,0,0,0
5895,B0,0,1,13,1,0,0,0,0,0,0,0,0,0,1,0,1,2,6,17
5895,B1,2,1,1,1,0,0,0,0,0,0,0,0,0,1,0,2,41,130,44
5895,B2,1,0,3,12,0,0,0,0,0,0,0,0,0,1,0,2,3,14,3
5895,C1,14,4,2,0,0,0,0,0,0,0,0,0,0,1,0,2,2,8,2
5910,A1,1,10,0,3,0,0,0,0,0,0,0,0,0,1,0,2,0,0,0
5910,B0,0,1,14,5,0,0,0,0,0,0,0,0,0,1,0,2,2,6,17
5910,B1,2,2,1,1,0,0,0,0,0,0,0,0,0,1,0,2,41,130,44
5910,B2,1,0,5,14,0,0,0,0,0,0,0,0,0,1,0,1,3,14,3
5910,C1,12,2,3,0,0,0,0,0,0,0,0,0,0,1,0,2,2,8,2
5925,A1,3,10,0,4,0,0,0,0,0,0,0,0,0,0,1,2,0,0,0
5925,B0,0,1,14,4,0,0,0,0,0,0,0,0,0,0,1,2,2,6,17
5925,B1,1,1,2,2,0,0,0,0,0,0,0,0,0,0,1,2,42,134,45
5925,B2,2,0,4,14,0,0,0,0,0,0,0,0,0,0,1,2,3,14,3
5925,C1,11,3,1,0,0,0,0,0,0,0,0,0,0,0,1,2,2,8,2
5940,A1,5,14,0,1,0,0,0,0,0,0,0,0,0,0,1,2,0,0,0
5940,B0,0,1,14,2,0,0,0,0,0,0,0,0,0,0,1,2,2,6,17
5940,B1,1,1,2,2,0,0,0,0,0,0,0,0,0,0,1,2,42,134,45
5940,B2,3,0,4,12,0,0,0,0,0,0,0,0,0,0,1,2,3,14,3
5940,C1,14,4,1,0,0,0,0,0,0,0,0,0,0,0,1,2,2,8,2
5955,A1,5,14,0,1,0,0,0,0,0,0,0,0,0,1,0,2,0,0,0
5955,B0,0,2,12,4,0,0,0,0,0,0,0,0,0,1,0,2,2,6,17
5955,B1,1,1,1,1,0,0,0,0,0,0,0,0,0,1,0,2,42,134,45
5955,B2,3,0,3,11,0,0,0,0,0,0,0,0,0,1,0,2,3,14,3
5955,C1,14,5,1,0,0,0,0,0,0,0,0,0,0,1,0,2,2,8,2
5970,A1,3,13,0,3,0,0,0,0,0,0,0,0,0,1,0,2,0,0,0
5970,B0,0,1,14,6,0,0,0,0,0,0,0,0,0,1,0,2,2,6,17
5970,B1,3,3,1,1,0,0,0,0,0,0,0,0,0,1,0,2,42,134,45
5970,B2,1,0,1,14,0,0,0,0,0,0,0,0,0,1,0,2,3,14,3
5970,C1,14,1,3,0,0,0,0,0,0,0,0,0,0,1,0,2,2,8,2
5985,A1,2,13,0,2,0,0,0,0,0,0,0,0,0,1,0,2,0,0,0
5985,B0,0,1,14,7,0,0,0,0,0,0,0,0,0,1,0,2,2,6,17
5985,B1,1,1,2,1,0,0,0,0,0,0,0,0,0,1,0,2,42,134,45
5985,B2,1,0,4,14,0,0,0,0,0,0,0,0,0,1,0,2,3,14,3
5985,C1,12,2,4,0,0,0,0,0,0,0,0,0,0,1,0,2,2,8,2
6000,A1,4,14,0,3,0,0,0,0,0,0,0,0,0,0,1,2,0,0,0
6000,B0,0,4,14,3,0,0,0,0,0,0,0,0,0,0,1,2,2,6,17
6000,B1,1,1,2,1,0,0,0,0,0,0,0,0,0,0,1,2,42,134,45
6000,B2,2,0,4,14,0,0,0,0,0,0,0,0,0,0,1,2,3,14,3
6000,C1,13,3,2,0,0,0,0,0,0,0,0,0,0,0,1,2,2,8,2
6015,A1,5,14,0,1,0,0,0,0,0,0,0,0,0,0,1,2,0,0,0
6015,B0,0,4,14,1,0,0,0,0,0,0,0,0,0,0,1,2,2,6,17
6015,B1,2,1,1,1,0,0,0,0,0,0,0,0,0,0,1,2,42,134,45
6015,B2,5,0,1,13,0,0,0,0,0,0,0,0,0,0,1,2,3,14,3
6015,C1,14,4,1,0,0,0,0,0,0,0,0,0,0,0,1,2,2,8,2
6030,A1,2,14,0,2,0,0,0,0,0,0,0,0,0,1,0,2,0,0,0
6030,B0,0,2,13,2,0,0,0,0,0,0,0,0,0,1,0,2,2,6,17
6030,B1,1,1,1,1,0,0,0,0,0,0,0,0,0,1,0,2,42,134,45
6030,B2,4,0,2,14,0,0,0,0,0,0,0,0,0,1,0,2,3,14,3
6030,C1,14,1,2,0,0,0,0,0,0,0,0,0,0,1,0,2,2,8,2
6045,A1,1,10,0,2,0,0,0,0,0,0,0,0,0,1,0,2,0,0,0
6045,B0,0,1,14,4,0,0,0,0,0,0,0,0,0,1,0,2,2,6,17
6045,B1,2,1,1,2,0,0,0,0,0,0,0,0,0,1,0,2,42,134,45
6045,B2,2,0,5,14,0,0,0,0,0,0,0,0,0,1,0,1,3,14,3
6045,C1,12,1,2,0,0,0,0,0,0,0,0,0,0,1,0,2,2,8,2
6060,A1,5,11,0,1,0,0,0,0,0,0,0,0,0,0,1,2,0,0,0
6060,B0,0,2,14,7,0,0,0,0,0,0,0,0,0,0,1,2,2,6,17
6060,B1,2,1,3,1,0,0,0,0,0,0,0,0,0,0,1,2,42,134,45
6060,B2,1,0,3,14,0,0,0,0,0,0,0,0,0,0,1,2,3,14,3
6060,C1,12,2,1,0,0,0,0,0,0,0,0,0,0,0,1,2,2,8,2
6075,A1,6,14,0,1,0,0,0,0,0,0,0,0,0,0,1,2,0,0,0
6075,B0,0,2,14,1,0,0,0,0,0,0,0,0,0,0,1,2,2,6,17
6075,B1,1,1,2,2,0,0,0,0,0,0,0,0,0,0,1,2,42,134,45
6075,B2,3,0,1,12,0,0,0,0,0,0,0,0,0,0,1,2,3,14,3
6075,C1,14,6,1,0,0,0,0,0,0,0,0,0,0,0,1,2,2,8,2
6090,A1,5,14,0,1,0,0,0,0,0,0,0,0,0,1,0,2,0,0,0
6090,B0,0,1,13,1,0,0,0,0,0,0,0,0,0,1,0,1,2,6,17
6090,B1,4,2,1,1,0,0,0,0,0,0,0,0,0,1,0,2,42,134,45
6090,B2,3,0,3,13,0,0,0,0,0,0,0,0,0,1,0,2,3,14,3
6090,C1,14,7,1,0,0,0,0,0,0,0,0,0,0,1,0,2,2,8,2
6105,A1,4,13,0,4,0,0,0,0,0,0,0,0,0,1,0,2,0,0,0
6105,B0,0,2,14,3,0,0,0,0,0,0,0,0,0,1,0,2,2,6,17
6105,B1,1,2,1,1,0,0,0,0,0,0,0,0,0,1,0,2,42,134,45
6105,B2,1,0,4,14,0,0,0,0,0,0,0,0,0,1,0,2,3,14,3
6105,C1,14,1,1,0,0,0,0,0,0,0,0,0,0,1,0,2,2,8,2
6120,A1,1,13,0,3,0,0,0,0,0,0,0,0,0,0,1,2,0,0,0
6120,B0,0,1,14,3,0,0,0,0,0,0,0,0,0,0,1,2,2,6,17
6120,B1,1,1,2,1,0,0,0,0,0,0,0,0,0,0,1,2,42,134,45
6120,B2,1,0,3,14,0,0,0,0,0,0,0,0,0,0,1,2,3,14,3
6120,C1,12,1,2,0,0,0,0,0,0,0,0,0,0,0,1,2,2,8,2
6135,A1,2,13,0,1,0,0,0,0,0,0,0,0,0,0,1,2,0,0,0
6135,B0,0,2,12,1,0,0,0,0,0,0,0,0,0,0,1,2,2,6,17
6135,B1,1,1,2,1,0,0,0,0,0,0,0,0,0,0,1,2,42,134,45
6135,B2,3,0,1,12,0,0,0,0,0,0,0,0,0,0,1,2,3,14,3
6135,C1,13,3,1,0,0,0,0,0,0,0,0,0,0,0,1,2,2,8,2
6150,A1,3,14,0,1,0,0,0,0,0,0,0,0,0,0,1,2,0,0,0
6150,B0,0,3,8,2,0,0,0,0,0,0,0,0,0,0,1,2,2,6,17
6150,B1,2,1,1,1,0,0,0,0,0,0,0,0,0,0,1,2,42,134,45
6150,B2,4,0,1,8,0,0,0,0,0,0,0,0,0,0,1,2,3,14,3
6150,C1,14,5,2,0,0,0,0,0,0,0,0,0,0,0,1,2,2,8,2
6165,A1,1,13,0,1,0,0,0,0,0,0,0,0,0,1,0,2,0,0,0
6165,B0,0,2,13,4,0,0,0,0,0,0,0,0,0,1,0,2,2,6,17
6165,B1,6,3,1,1,0,0,0,0,0,0,0,0,0,1,0,2,43,135,46
6165,B2,1,0,4,13,0,0,0,0,0,0,0,0,0,1,0,2,3,14,3
6165,C1,13,4,2,0,0,0,0,0,0,0,0,0,0,1,0,2,2,8,2
6180,A1,2,13,0,1,0,0,0,0,0,0,0,0,0,1,0,2,0,0,0
6180,B0,0,1,14,8,0,0,0,0,0,0,0,0,0,1,0,1,2,6,17
6180,B1,4,3,1,1,0,0,0,0,0,0,0,0,0,1,0,2,43,135,46
6180,B2,2,0,5,14,0,0,0,0,0,0,0,0,0,1,0,1,3,14,3
6180,C1,11,1,3,0,0,0,0,0,0,0,0,0,0,1,0,2,2,8,2
6195,A1,4,13,0,1,0,0,0,0,0,0,0,0,0,0,1,2,0,0,0
6195,B0,0,2,14,5,0,0,0,0,0,0,0,0,0,0,1,2,2,6,17
6195,B1,3,2,3,3,0,0,0,0,0,0,0,0,0,0,1,2,44,136,47
6195,B2,2,0,4,14,0,0,0,0,0,0,0,0,0,0,1,2,3,14,3
6195,C1,13,3,1,0,0,0,0,0,0,0,0,0,0,0,1,2,2,8,2
6210,A1,6,14,0,1,0,0,0,0,0,0,0,0,0,0,1,2,0,0,0
6210,B0,0,2,13,1,0,0,0,0,0,0,0,0,0,0,1,2,2,6,17
6210,B1,3,2,1,2,0,0,0,0,0,0,0,0,0,0,1,2,44,136,47
6210,B2,4,0,4,13,0,0,0,0,0,0,0,0,0,0,1,2,3,14,3
6210,C1,14,3,1,0,0,0,0,0,0,0,0,0,0,0,1,2,2,8,2
6225,A1,2,14,0,4,0,0,0,0,0,0,0,0,0,1,0,2,0,0,0
6225,B0,0,1,13,4,0,0,0,0,0,0,0,0,0,1,0,2,2,6,17
6225,B1,1,3,1,1,0,0,0,0,0,0,0,0,0,1,0,2,44,136,47
6225,B2,3,0,2,12,0,0,0,0,0,0,0,0,0,1,0,2,3,14,3
6225,C1,14,7,2,0,0,0,0,0,0,0,0,0,0,1,0,2,2,8,2
6240,A1,1,12,0,5,0,0,0,0,0,0,0,0,0,1,0,2,0,0,0
6240,B0,0,1,14,5,0,0,0,0,0,0,0,0,0,1,0,2,2,6,17
6240,B1,3,6,1,1,0,0,0,0,0,0,0,0,0,1,0,2,44,136,47
6240,B2,2,0,4,14,0,0,0,0,0,0,0,0,0,1,0,2,3,14,3
6240,C1,11,3,4,0,0,0,0,0,0,0,0,0,0,1,0,2,2,8,2
6255,A1,2,12,0,3,0,0,0,0,0,0,0,0,0,0,1,2,0,0,0
6255,B0,0,1,14,4,0,0,0,0,0,0,0,0,0,0,1,2,2,6,17
6255,B1,1,4,2,1,0,0,0,0,0,0,0,0,0,0,1,2,44,136,47
6255,B2,2,0,2,14,0,0,0,0,0,0,0,0,0,0,1,2,3,14,3
6255,C1,10,2,3,0,0,0,0,0,0,0,0,0,0,0,1,2,2,8,2
6270,A1,4,14,0,1,0,0,0,0,0,0,0,0,0,0,1,2,0,0,0
6270,B0,0,2,14,1,0,0,0,0,0,0,0,0,0,0,1,2,2,6,17
6270,B1,1,4,2,3,0,0,0,0,0,0,0,0,0,0,1,2,44,136,47
6270,B2,3,0,1,12,0,0,0,0,0,0,0,0,0,0,1,2,3,14,3
6270,C1,14,4,1,0,0,0,0,0,0,0,0,0,0,0,1,2,2,8,2
6285,A1,6,14,0,2,0,0,0,0,0,0,0,0,0,1,0,2,0,0,0
6285,B0,0,2,11,1,0,0,0,0,0,0,0,0,0,1,0,2,2,6,17
6285,B1,2,5,1,2,0,0,0,0,0,0,0,0,0,1,0,2,44,136,47
6285,B2,4,0,1,9,0,0,0,0,0,0,0,0,0,1,0,2,3,14,3
6285,C1,14,7,1,0,0,0,0,0,0,0,0,0,0,1,0,2,2,8,2
6300,A1,1,14,0,3,0,0,0,0,0,0,0,0,0,1,0,2,0,0,0
6300,B0,0,1,14,1,0,0,0,0,0,0,0,0,0,1,0,1,2,6,17
6300,B1,1,7,1,2,0,0,0,0,0,0,0,0,0,1,0,2,44,136,47
6300,B2,2,0,4,12,0,0,0,0,0,0,0,0,0,1,0,2,3,14,3
6300,C1,14,2,2,0,0,0,0,0,0,0,0,0,0,1,0,2,2,8,2
6315,A1,1,12,0,5,0,0,0,0,0,0,0,0,0,1,0,2,0,0,0
6315,B0,0,1,14,1,0,0,0,0,0,0,0,0,0,1,0,1,2,6,17
6315,B1,1,5,1,4,0,0,0,0,0,0,0,0,0,1,0,2,44,136,47
6315,B2,1,0,6,13,0,0,0,0,0,0,0,0,0,1,0,1,3,14,3
6315,C1,13,2,5,0,0,0,0,0,0,0,0,0,0,1,0,2,2,8,2
6330,A1,2,13,0,1,0,0,0,0,0,0,0,0,0,0,1,2,0,0,0
6330,B0,0,2,14,2,0,0,0,0,0,0,0,0,0,0,1,2,2,6,17
6330,B1,1,5,2,3,0,0,0,0,0,0,0,0,0,0,1,2,44,136,47
6330,B2,3,0,1,12,0,0,0,0,0,0,0,0,0,0,1,2,3,14,3
6330,C1,14,2,1,0,0,0,0,0,0,0,0,0,0,0,1,2,2,8,2
6345,A1,4,14,0,2,0,0,0,0,0,0,0,0,0,0,1,2,0,0,0
6345,B0,0,3,11,1,0,0,0,0,0,0,0,0,0,0,1,2,2,6,17
6345,B1,2,5,1,1,0,0,0,0,0,0,0,0,0,0,1,2,44,136,47
6345,B2,5,0,2,12,0,0,0,0,0,0,0,0,0,0,1,2,3,14,3
6345,C1,14,2,1,0,0,0,0,0,0,0,0,0,0,0,1,2,2,8,2
6360,A1,2,14,0,5,0,0,0,0,0,0,0,0,0,1,0,2,0,0,0
6360,B0,0,1,12,3,0,0,0,0,0,0,0,0,0,1,0,2,2,6,17
6360,B1,1,7,1,1,0,0,0,0,0,0,0,0,0,1,0,2,44,136,47
6360,B2,3,0,3,13,0,0,0,0,0,0,0,0,0,1,0,2,3,14,3
6360,C1,14,1,1,0,0,0,0,0,0,0,0,0,0,1,0,2,2,8,2
6375,A1,1,10,0,5,0,0,0,0,0,0,0,0,0,1,0,2,0,0,0
6375,B0,0,1,14,5,0,0,0,0,0,0,0,0,0,1,0,2,2,6,17
6375,B1,2,6,1,1,0,0,0,0,0,0,0,0,0,1,0,2,44,136,47
6375,B2,1,0,6,13,0,0,0,0,0,0,0,0,0,1,0,1,3,14,3
6375,C1,12,2,1,0,0,0,0,0,0,0,0,0,0,1,0,2,2,8,2
6390,A1,1,11,0,3,0,0,0,0,0,0,0,0,0,0,1,2,0,0,0
6390,B0,0,3,14,5,0,0,0,0,0,0,0,0,0,0,1,2,2,6,17
6390,B1,1,5,3,1,0,0,0,0,0,0,0,0,0,0,1,2,44,136,47
6390,B2,1,0,3,13,0,0,0,0,0,0,0,0,0,0,1,2,3,14,3
6390,C1,12,3,1,0,0,0,0,0,0,0,0,0,0,0,1,2,2,8,2
6405,A1,2,14,0,1,0,0,0,0,0,0,0,0,0,0,1,2,0,0,0
6405,B0,0,3,14,1,0,0,0,0,0,0,0,0,0,0,1,2,2,6,17
6405,B1,1,5,2,1,0,0,0,0,0,0,0,0,0,0,1,2,44,136,47
6405,B2,4,0,1,10,0,0,0,0,0,0,0,0,0,0,1,2,3,14,3
6405,C1,14,5,1,0,0,0,0,0,0,0,0,0,0,0,1,2,2,8,2
6420,A1,1,14,0,1,0,0,0,0,0,0,0,0,0,1,0,2,0,0,0
6420,B0,0,3,12,2,0,0,0,0,0,0,0,0,0,1,0,2,2,6,17
6420,B1,1,5,1,1,0,0,0,0,0,0,0,0,0,1,0,2,45,140,48
6420,B2,3,0,4,9,0,0,0,0,0,0,0,0,0,1,0,2,3,14,3
6420,C1,14,4,1,0,0,0,0,0,0,0,0,0,0,1,0,2,2,8,2
6435,A1,2,11,0,1,0,0,0,0,0,0,0,0,0,1,0,2,0,0,0
6435,B0,0,1,14,3,0,0,0,0,0,0,0,0,0,1,0,2,2,6,17
6435,B1,1,5,1,1,0,0,0,0,0,0,0,0,0,1,0,2,45,140,48
6435,B2,1,0,2,9,0,0,0,0,0,0,0,0,0,1,0,2,3,14,3
6435,C1,12,1,5,0,0,0,0,0,0,0,0,0,0,1,0,2,2,8,2
6450,A1,1,12,0,2,0,0,0,0,0,0,0,0,0,0,1,2,0,0,0
6450,B0,0,1,14,5,0,0,0,0,0,0,0,0,0,0,1,2,2,6,17
6450,B1,1,2,3,1,0,0,0,0,0,0,0,0,0,0,1,2,45,140,48
6450,B2,1,0,2,10,0,0,0,0,0,0,0,0,0,0,1,2,3,14,3
6450,C1,9,2,6,0,0,0,0,0,0,0,0,0,0,0,1,2,2,8,2
6465,A1,5,14,0,1,0,0,0,0,0,0,0,0,0,0,1,2,0,0,0
6465,B0,0,1,14,1,0,0,0,0,0,0,0,0,0,0,1,2,2,6,17
6465,B1,1,2,2,3,0,0,0,0,0,0,0,0,0,0,1,2,45,140,48
6465,B2,1,0,1,6,0,0,0,0,0,0,0,0,0,0,1,2,3,14,3
6465,C1,14,4,2,0,0,0,0,0,0,0,0,0,0,0,1,2,2,8,2
6480,A1,8,14,0,3,0,0,0,0,0,0,0,0,0,0,1,2,0,0,0
6480,B0,0,2,9,1,0,0,0,0,0,0,0,0,0,0,1,2,2,6,17
6480,B1,1,2,1,1,0,0,0,0,0,0,0,0,0,0,1,2,45,140,48
6480,B2,2,0,2,3,0,0,0,0,0,0,0,0,0,0,1,2,3,14,3
6480,C1,14,7,1,0,0,0,0,0,0,0,0,0,0,0,1,2,2,8,2
6495,A1,4,14,0,4,0,0,0,0,0,0,0,0,0,1,0,2,0,0,0
6495,B0,0,2,13,2,0,0,0,0,0,0,0,0,0,1,0,2,2,6,17
6495,B1,3,5,1,1,0,0,0,0,0,0,0,0,0,1,0,2,45,140,48
6495,B2,2,0,3,6,0,0,0,0,0,0,0,0,0,1,0,2,3,14,3
6495,C1,14,3,3,0,0,0,0,0,0,0,0,0,0,1,0,2,2,8,2
6510,A1,1,14,0,6,0,0,0,0,0,0,0,0,0,1,0,2,0,0,0
6510,B0,0,1,14,3,0,0,0,0,0,0,0,0,0,1,0,2,2,6,17
6510,B1,1,1,1,2,0,0,0,0,0,0,0,0,0,1,0,2,45,140,48
6510,B2,2,0,4,8,0,0,0,0,0,0,0,0,0,1,0,2,3,14,3
6510,C1,13,3,3,0,0,0,0,0,0,0,0,0,0,1,0,2,2,8,2
6525,A1,4,13,0,4,0,0,0,0,0,0,0,0,0,0,1,2,0,0,0
6525,B0,0,4,14,4,0,0,0,0,0,0,0,0,0,0,1,2,2,6,17
6525,B1,1,1,1,2,0,0,0,0,0,0,0,0,0,0,1,2,45,140,48
6525,B2,2,0,1,10,0,0,0,0,0,0,0,0,0,0,1,2,3,14,3
6525,C1,12,1,3,0,0,0,0,0,0,0,0,0,0,0,1,2,2,8,2
6540,A1,4,14,0,1,0,0,0,0,0,0,0,0,0,0,1,2,0,0,0
6540,B0,0,4,14,1,0,0,0,0,0,0,0,0,0,0,1,2,2,6,17
6540,B1,1,1,2,1,0,0,0,0,0,0,0,0,0,0,1,2,45,140,48
6540,B2,3,0,1,4,0,0,0,0,0,0,0,0,0,0,1,2,3,14,3
6540,C1,13,3,2,0,0,0,0,0,0,0,0,0,0,0,1,2,2,8,2
6555,A1,2,14,0,2,0,0,0,0,0,0,0,0,0,1,0,2,0,0,0
6555,B0,0,1,13,5,0,0,0,0,0,0,0,0,0,1,0,2,2,6,17
6555,B1,2,1,1,1,0,0,0,0,0,0,0,0,0,1,0,2,46,142,49
6555,B2,2,0,2,6,0,0,0,0,0,0,0,0,0,1,0,2,3,14,3
6555,C1,13,2,2,0,0,0,0,0,0,0,0,0,0,1,0,2,2,8,2
6570,A1,2,14,0,3,0,0,0,0,0,0,0,0,0,1,0,2,0,0,0
6570,B0,0,2,14,7,0,0,0,0,0,0,0,0,0,1,0,2,2,6,17
6570,B1,1,1,2,2,0,0,0,0,0,0,0,0,0,1,0,2,46,142,49
6570,B2,1,0,7,6,0,0,0,0,0,0,0,0,0,1,0,2,3,14,3
6570,C1,11,2,2,0,0,0,0,0,0,0,0,0,0,1,0,2,2,8,2
6585,A1,3,13,0,2,0,0,0,0,0,0,0,0,0,0,1,2,0,0,0
6585,B0,0,2,14,6,0,0,0,0,0,0,0,0,0,0,1,2,2,6,17
6585,B1,1,1,2,1,0,0,0,0,0,0,0,0,0,0,1,2,46,142,49
6585,B2,1,0,6,7,0,0,0,0,0,0,0,0,0,0,1,2,3,14,3
6585,C1,12,2,1,0,0,0,0,0,0,0,0,0,0,0,1,2,2,8,2
6600,A1,8,14,0,2,0,0,0,0,0,0,0,0,0,0,1,2,0,0,0
6600,B0,0,3,14,1,0,0,0,0,0,0,0,0,0,0,1,2,2,6,17
6600,B1,1,1,1,1,0,0,0,0,0,0,0,0,0,0,1,2,46,142,49
6600,B2,1,0,1,5,0,0,0,0,0,0,0,0,0,0,1,2,3,14,3
6600,C1,12,3,1,0,0,0,0,0,0,0,0,0,0,0,1,2,2,8,2
6615,A1,9,14,0,1,0,0,0,0,0,0,0,0,0,1,0,2,0,0,0
6615,B0,0,3,12,2,0,0,0,0,0,0,0,0,0,1,0,2,2,6,17
6615,B1,1,1,1,1,0,0,0,0,0,0,1,0,0,1,0,1,46,142,49
6615,B2,1,0,3,8,0,1,0,0,0,0,0,0,0,1,0,2,4,20,3
6615,C1,13,5,1,0,0,0,0,0,0,0,0,0,0,1,0,2,2,8,2
6630,A1,4,14,0,1,0,0,0,0,0,0,0,0,0,1,0,2,0,0,0
6630,B0,0,1,14,4,0,0,0,0,0,0,0,0,0,1,0,2,2,6,17
6630,B1,1,1,1,1,0,0,0,0,0,0,0,0,0,1,0,2,46,142,49
6630,B2,1,0,3,8,0,0,0,0,0,0,0,0,0,1,0,2,4,30,4
6630,C1,13,1,2,0,0,0,0,0,0,0,0,0,0,1,0,2,2,8,2
6645,A1,4,13,0,3,0,0,0,0,0,0,0,0,0,1,0,2,0,0,0
6645,B0,0,1,14,4,0,0,0,0,0,0,0,0,0,1,0,2,2,6,17
6645,B1,2,1,2,1,0,0,0,0,0,0,0,0,0,1,0,2,46,142,49
6645,B2,1,0,5,10,0,0,0,0,0,0,0,0,0,1,0,1,4,30,4
6645,C1,8,1,3,0,0,0,0,0,0,0,0,0,0,1,0,2,2,8,2
6660,A1,5,13,0,2,0,0,0,0,0,0,0,0,0,0,1,2,0,0,0
6660,B0,0,1,14,3,0,0,0,0,0,0,0,0,0,0,1,2,2,6,17
6660,B1,2,1,1,1,0,0,0,0,0,0,0,0,0,0,1,2,48,149,51
6660,B2,2,0,1,10,0,0,0,0,0,0,0,0,0,0,1,2,4,30,4
6660,C1,11,5,1,0,0,0,0,0,0,0,0,0,0,0,1,2,2,8,2
6675,A1,8,14,0,1,0,0,0,0,0,0,0,0,0,0,1,2,0,0,0
6675,B0,0,2,10,3,0,0,0,0,0,0,0,0,0,0,1,2,2,6,17
6675,B1,1,1,2,1,0,0,0,0,0,0,0,0,0,0,1,2,48,149,51
6675,B2,3,0,1,8,0,0,0,0,0,0,0,0,0,0,1,2,4,30,4
6675,C1,13,7,1,0,0,0,0,0,0,0,0,0,0,0,1,2,2,8,2
6690,A1,6,14,0,3,0,0,0,0,0,0,0,0,0,1,0,2,0,0,0
6690,B0,0,1,13,4,0,0,0,0,0,0,0,0,0,1,0,2,2,6,17
6690,B1,4,1,1,1,0,0,0,0,0,0,0,0,0,1,0,2,48,149,51
6690,B2,2,0,5,9,0,0,0,0,0,0,0,0,0,1,0,1,4,30,4
6690,C1,13,3,1,0,0,0,0,0,0,0,0,0,0,1,0,2,2,8,2
6705,A1,1,14,0,3,0,0,0,0,0,0,0,0,0,1,0,2,0,0,0
6705,B0,0,1,14,5,0,0,0,0,0,0,0,0,0,1,0,2,2,6,17
6705,B1,1,2,1,1,0,0,0,0,0,0,0,0,0,1,0,2,48,149,51
6705,B2,1,0,10,8,0,0,0,0,0,0,0,0,0,1,0,1,4,30,4
6705,C1,13,3,1,0,0,0,0,0,0,0,0,0,0,1,0,2,2,8,2
6720,A1,2,13,0,1,0,0,0,0,0,0,0,0,0,0,1,2,0,0,0
6720,B0,0,1,14,2,0,0,0,0,0,0,0,0,0,0,1,2,2,6,17
6720,B1,1,1,2,1,0,0,0,0,0,0,0,0,0,0,1,2,49,150,52
6720,B2,3,0,8,8,0,0,0,0,0,0,0,0,0,0,1,2,4,30,4
6720,C1,12,2,1,0,0,0,0,0,0,0,0,0,0,0,1,2,2,8,2
6735,A1,4,14,0,1,0,0,0,0,0,0,0,0,0,0,1,2,0,0,0
6735,B0,0,3,13,1,0,0,0,0,0,0,0,0,0,0,1,2,2,6,17
6735,B1,1,1,2,1,0,0,0,0,0,0,0,0,0,0,1,2,49,150,52
6735,B2,5,0,5,8,0,0,0,0,0,0,0,0,0,0,1,2,4,30,4
6735,C1,14,4,1,0,0,0,0,0,0,0,0,0,0,0,1,2,2,8,2
6750,A1,2,14,0,2,0,0,0,0,0,0,0,0,0,1,0,2,0,0,0
6750,B0,0,1,11,2,0,0,0,0,0,0,0,0,0,1,0,2,2,6,17
6750,B1,1,1,1,1,0,0,0,0,0,0,0,0,0,1,0,2,49,150,52
6750,B2,4,0,5,9,0,0,0,0,0,0,0,0,0,1,0,2,4,30,4
6750,C1,14,2,1,0,0,0,0,0,0,0,0,0,0,1,0,2,2,8,2
6765,A1,1,14,0,2,0,0,0,0,0,0,0,0,0,1,0,2,0,0,0
6765,B0,0,1,14,5,0,0,0,0,0,0,0,0,0,1,0,2,2,6,17
6765,B1,2,2,1,1,0,0,0,0,0,0,0,0,0,1,0,2,49,150,52
6765,B2,1,0,6,9,0,0,0,0,0,0,0,0,0,1,0,1,4,30,4
6765,C1,11,4,2,0,0,0,0,0,0,0,0,0,0,1,0,2,2,8,2
6780,A1,3,11,0,2,0,0,0,0,0,0,0,0,0,0,1,2,0,0,0
6780,B0,0,1,14,5,0,0,0,0,0,0,0,0,0,0,1,2,2,6,17
6780,B1,1,1,2,1,0,0,0,0,0,0,0,0,0,0,1,2,49,150,52
6780,B2,1,0,7,9,0,0,0,0,0,0,0,0,0,0,1,2,4,30,4
6780,C1,7,1,2,0,0,0,0,0,0,0,0,0,0,0,1,2,2,8,2
6795,A1,4,14,0,1,0,0,0,0,0,0,0,0,0,0,1,2,0,0,0
6795,B0,0,2,14,1,0,0,0,0,0,0,0,0,0,0,1,2,2,6,17
6795,B1,1,1,3,2,0,0,0,0,0,0,0,0,0,0,1,2,49,150,52
6795,B2,3,0,4,9,0,0,0,0,0,0,0,0,0,0,1,2,4,30,4
6795,C1,10,6,1,0,0,0,0,0,0,0,0,0,0,0,1,2,2,8,2
6810,A1,6,14,0,1,0,0,0,0,0,0,0,0,0,0,1,2,0,0,0
6810,B0,0,3,12,1,0,0,0,0,0,0,0,0,0,0,1,2,2,6,17
6810,B1,1,2,1,3,0,0,0,0,0,0,0,0,0,0,1,2,49,150,52
6810,B2,2,0,1,8,0,0,0,0,0,0,0,0,0,0,1,2,4,30,4
6810,C1,9,7,2,0,0,0,0,0,0,0,0,0,0,0,1,2,2,8,2
6825,A1,2,14,0,2,0,0,0,0,0,0,0,0,0,1,0,2,0,0,0
6825,B0,0,1,13,3,0,0,0,0,0,0,0,0,0,1,0,2,2,6,17
6825,B1,2,2,1,3,0,0,0,0,0,0,0,0,0,1,0,2,49,150,52
6825,B2,2,0,1,9,0,0,0,0,0,0,0,0,0,1,0,2,4,30,4
6825,C1,10,4,2,0,0,0,0,0,0,0,0,0,0,1,0,2,2,8,2
6840,A1,1,12,0,4,0,0,0,0,0,0,0,0,0,1,0,2,0,0,0
6840,B0,0,2,14,4,0,0,0,0,0,0,0,0,0,1,0,2,2,6,17
6840,B1,2,1,2,3,0,0,0,0,0,0,0,0,0,1,0,2,49,150,52
6840,B2,1,0,3,11,0,0,0,0,0,0,0,0,0,1,0,2,4,30,4
6840,C1,9,5,4,0,0,0,0,0,0,0,0,0,0,1,0,2,2,8,2
6855,A1,5,13,0,1,0,0,0,0,0,0,0,0,0,0,1,2,0,0,0
6855,B0,0,4,14,3,0,0,0,0,0,0,0,0,0,0,1,2,2,6,17
6855,B1,1,2,3,3,0,0,0,0,0,0,0,0,0,0,1,2,50,153,53
6855,B2,2,0,2,11,0,0,0,0,0,0,0,0,0,0,1,2,4,30,4
6855,C1,10,2,1,0,0,0,0,0,0,0,0,0,0,0,1,2,2,8,2
6870,A1,6,14,0,2,0,0,0,0,0,0,0,0,0,0,1,2,0,0,0
6870,B0,0,5,10,1,0,0,0,0,0,0,0,0,0,0,1,2,2,6,17
6870,B1,1,3,3,4,0,0,0,0,0,0,0,0,0,0,1,2,50,153,53
6870,B2,2,0,1,6,0,0,0,0,0,0,0,0,0,0,1,2,4,30,4
6870,C1,12,7,1,0,0,0,0,0,0,0,0,0,0,0,1,2,2,8,2
6885,A1,5,14,0,3,0,0,0,0,0,0,0,0,0,1,0,2,0,0,0
6885,B0,0,2,13,4,0,0,0,0,0,0,0,0,0,1,0,2,2,6,17
6885,B1,3,4,2,2,0,0,0,0,0,0,0,0,0,1,0,2,50,153,53
6885,B2,1,0,5,8,0,0,0,0,0,0,0,0,0,1,0,1,4,30,4
6885,C1,12,5,2,0,0,0,0,0,0,0,0,0,0,1,0,2,2,8,2
6900,A1,2,13,0,4,0,0,0,0,0,0,0,0,0,1,0,2,0,0,0
6900,B0,0,1,14,5,0,0,0,0,0,0,0,0,0,1,0,2,2,6,17
6900,B1,4,3,3,2,0,0,0,0,0,0,0,0,0,1,0,2,50,153,53
6900,B2,1,0,6,11,0,0,0,0,0,0,0,0,0,1,0,1,4,30,4
6900,C1,12,2,4,0,0,0,0,0,0,0,0,0,0,1,0,2,2,8,2
6915,A1,4,11,0,4,0,0,0,0,0,0,0,0,0,0,1,2,0,0,0
6915,B0,0,1,14,5,0,0,0,0,0,0,0,0,0,0,1,2,2,6,17
6915,B1,3,1,3,5,0,0,0,0,0,0,0,0,0,0,1,2,50,153,53
6915,B2,2,0,5,11,0,0,0,0,0,0,0,0,0,0,1,2,4,30,4
6915,C1,12,2,4,0,0,0,0,0,0,0,0,0,0,0,1,2,2,8,2
6930,A1,2,14,0,2,0,0,0,0,0,0,0,0,0,0,1,2,0,0,0
6930,B0,0,4,13,1,0,0,0,0,0,0,0,0,0,0,1,2,2,6,17
6930,B1,3,1,5,4,0,0,0,0,0,0,0,0,0,0,1,2,50,153,53
6930,B2,3,0,1,11,0,0,0,0,0,0,0,0,0,0,1,2,4,30,4
6930,C1,12,2,3,0,0,0,0,0,0,0,0,0,0,0,1,2,2,8,2
6945,A1,2,14,0,2,0,0,0,0,0,0,0,0,0,1,0,2,0,0,0
6945,B0,0,3,11,3,0,0,0,0,0,0,0,0,0,1,0,2,2,6,17
6945,B1,3,1,3,2,0,0,0,0,0,0,0,0,0,1,0,2,51,156,54
6945,B2,4,0,1,9,0,0,0,0,0,0,0,0,0,1,0,2,4,30,4
6945,C1,13,1,3,0,0,0,0,0,0,0,0,0,0,1,0,2,2,8,2
6960,A1,1,12,0,4,0,0,0,0,0,0,0,0,0,1,0,2,0,0,0
6960,B0,0,1,13,4,0,0,0,0,0,0,0,0,0,1,0,2,2,6,17
6960,B1,2,1,3,2,0,0,0,0,0,0,0,0,0,1,0,2,51,156,54
6960,B2,1,0,5,9,0,0,0,0,0,0,0,0,0,1,0,1,4,30,4
6960,C1,12,1,5,0,0,0,0,0,0,0,0,0,0,1,0,2,2,8,2
6975,A1,2,9,0,5,0,0,0,0,0,0,0,0,0,1,0,2,0,0,0
6975,B0,0,1,14,6,0,0,0,0,0,0,0,0,0,1,0,2,2,6,17
6975,B1,1,2,5,3,0,0,0,0,0,0,0,0,0,1,0,2,51,156,54
6975,B2,1,0,5,12,0,0,0,0,0,0,0,0,0,1,0,1,4,30,4
6975,C1,8,1,5,0,0,0,0,0,0,0,0,0,0,1,0,2,2,8,2
6990,A1,4,13,0,3,0,0,0,0,0,0,0,0,0,0,1,2,0,0,0
6990,B0,0,1,14,1,0,0,0,0,0,0,0,0,0,0,1,2,2,6,17
6990,B1,1,2,4,4,0,0,0,0,0,0,0,0,0,0,1,2,51,156,54
6990,B2,2,0,2,13,0,0,0,0,0,0,0,0,0,0,1,2,4,30,4
6990,C1,11,5,1,0,0,0,0,0,0,0,0,0,0,0,1,2,2,8,2
7005,A1,5,14,0,1,0,0,0,0,0,0,0,0,0,0,1,2,0,0,0
7005,B0,0,2,10,1,0,0,0,0,0,0,0,0,0,0,1,2,2,6,17
7005,B1,1,4,6,1,0,0,0,0,0,0,0,0,0,0,1,2,51,156,54
7005,B2,2,0,1,9,0,0,0,0,0,0,0,0,0,0,1,2,4,30,4
7005,C1,12,6,1,0,0,0,0,0,0,0,0,0,0,0,1,2,2,8,2
7020,A1,2,14,0,1,0,0,0,0,0,0,0,0,0,1,0,2,0,0,0
7020,B0,0,2,13,2,0,0,0,0,0,0,0,0,0,1,0,2,2,6,17
7020,B1,1,2,3,1,0,0,0,0,0,0,0,0,0,1,0,2,51,156,54
7020,B2,1,0,1,10,0,0,0,0,0,0,0,0,0,1,0,2,4,30,4
7020,C1,13,4,2,0,0,0,0,0,0,0,0,0,0,1,0,2,2,8,2
7035,A1,2,11,0,2,0,0,0,0,0,0,0,0,0,1,0,2,0,0,0
7035,B0,0,2,14,3,0,0,0,0,0,0,0,0,0,1,0,2,2,6,17
7035,B1,1,6,3,2,0,0,0,0,0,0,0,0,0,1,0,2,51,156,54
7035,B2,1,0,2,12,0,0,0,0,0,0,0,0,0,1,0,2,4,30,4
7035,C1,13,2,2,0,0,0,0,0,0,0,0,0,0,1,0,2,2,8,2
7050,A1,3,12,0,2,0,0,0,0,0,0,0,0,0,0,1,2,0,0,0
7050,B0,0,1,14,1,0,0,0,0,0,0,0,0,0,0,1,2,2,6,17
7050,B1,1,4,1,2,0,0,0,0,0,0,0,0,0,0,1,2,51,156,54
7050,B2,1,0,2,12,0,0,0,0,0,0,0,0,0,0,1,2,4,30,4
7050,C1,13,4,1,0,0,0,0,0,0,0,0,0,0,0,1,2,2,8,2
7065,A1,4,14,0,1,0,0,0,0,0,0,0,0,0,0,1,2,0,0,0
7065,B0,0,4,10,1,0,0,0,0,0,0,0,0,0,0,1,2,2,6,17
7065,B1,1,4,1,5,0,0,0,0,0,0,0,0,0,0,1,2,51,156,54
7065,B2,3,0,4,11,0,0,0,0,0,0,0,0,0,0,1,2,4,30,4
7065,C1,14,5,1,0,0,0,0,0,0,0,0,0,0,0,1,2,2,8,2
7080,A1,3,14,0,1,0,0,0,0,0,0,0,0,0,1,0,2,0,0,0
7080,B0,0,2,13,3,0,0,0,0,0,0,0,0,0,1,0,2,2,6,17
7080,B1,3,5,1,2,0,0,0,0,0,0,0,0,0,1,0,2,51,156,54
7080,B2,3,0,3,10,0,0,0,0,0,0,0,0,0,1,0,2,4,30,4
7080,C1,14,4,4,0,0,0,0,0,0,0,0,0,0,1,0,2,2,8,2
7095,A1,1,12,0,1,0,0,0,0,0,0,0,0,0,1,0,2,0,0,0
7095,B0,0,1,14,6,0,0,0,0,0,0,0,0,0,1,0,2,2,6,17
7095,B1,1,5,1,2,0,0,0,0,0,0,0,0,0,1,0,2,51,156,54
7095,B2,1,0,5,11,0,0,0,0,0,0,0,0,0,1,0,1,4,30,4
7095,C1,14,1,5,0,0,0,0,0,0,0,0,0,0,1,0,2,2,8,2
7110,A1,2,10,0,1,0,0,0,0,0,0,0,0,0,0,1,2,0,0,0
7110,B0,0,4,14,6,0,0,0,0,0,0,0,0,0,0,1,2,2,6,17
7110,B1,1,1,2,3,0,0,0,0,0,0,0,0,0,0,1,2,51,156,54
7110,B2,1,0,6,10,0,0,0,0,0,0,0,0,0,0,1,2,4,30,4
7110,C1,12,2,5,0,0,0,0,0,0,0,0,0,0,0,1,2,2,8,2
7125,A1,3,14,0,1,0,0,0,0,0,0,0,0,0,0,1,2,0,0,0
7125,B0,0,6,14,2,0,0,0,0,0,0,0,0,0,0,1,2,2,6,17
7125,B1,1,1,2,5,0,0,0,0,0,0,0,0,0,0,1,2,51,156,54
7125,B2,2,0,1,11,0,0,0,0,0,0,0,0,0,0,1,2,4,30,4
7125,C1,14,4,3,0,0,0,0,0,0,0,0,0,0,0,1,2,2,8,2
7140,A1,4,14,0,1,0,0,0,0,0,0,0,0,0,0,1,2,0,0,0
7140,B0,0,7,9,2,0,0,0,0,0,0,0,0,0,0,1,2,2,6,17
7140,B1,3,1,1,2,0,0,0,0,0,0,0,0,0,0,1,2,51,156,54
7140,B2,2,0,2,8,0,0,0,0,0,0,0,0,0,0,1,2,4,30,4
7140,C1,14,6,2,0,0,0,0,0,0,0,0,0,0,0,1,2,2,8,2
7155,A1,1,14,0,2,0,0,0,0,0,0,0,0,0,1,0,2,0,0,0
7155,B0,0,3,13,6,0,0,0,0,0,0,0,0,0,1,0,2,2,6,17
7155,B1,3,2,1,2,0,0,0,0,0,0,0,0,0,1,0,2,52,157,55
7155,B2,1,0,3,10,0,0,0,0,0,0,0,0,0,1,0,2,4,30,4
7155,C1,14,3,3,0,0,0,0,0,0,0,0,0,0,1,0,2,2,8,2
7170,A1,1,11,0,2,0,0,0,0,0,0,0,0,0,1,0,2,0,0,0
7170,B0,0,2,14,7,0,0,0,0,0,0,0,0,0,1,0,2,2,6,17
7170,B1,1,2,1,4,0,0,0,0,0,0,0,0,0,1,0,2,52,157,55
7170,B2,1,0,5,10,0,0,0,0,0,0,0,0,0,1,0,1,4,30,4
7170,C1,13,1,4,0,0,0,0,0,0,0,0,0,0,1,0,2,2,8,2
7185,A1,2,13,0,1,0,0,0,0,0,0,0,0,0,0,1,2,0,0,0
7185,B0,0,3,14,4,0,0,0,0,0,0,0,0,0,0,1,2,2,6,17
7185,B1,1,1,1,2,0,0,0,0,0,0,0,0,0,0,1,2,52,157,55
7185,B2,2,0,1,12,0,0,0,0,0,0,0,0,0,0,1,2,4,30,4
7185,C1,13,2,1,0,0,0,0,0,0,0,0,0,0,0,1,2,2,8,2
7200,A1,2,14,0,1,0,0,0,0,0,0,0,0,0,0,1,2,0,0,0
7200,B0,0,3,14,2,0,0,0,0,0,0,0,0,0,0,1,2,2,6,17
7200,B1,1,2,1,1,0,0,0,0,0,0,0,0,0,0,1,2,52,157,55
7200,B2,3,0,1,7,0,0,0,0,0,0,0,0,0,0,1,2,4,30,4
7200,C1,14,4,1,0,0,0,0,0,0,0,0,0,0,0,1,2,2,8,2
7215,A1,3,14,0,1,0,0,0,0,0,0,0,0,0,1,0,2,0,0,0
7215,B0,0,2,13,3,0,0,0,0,0,0,0,0,0,1,0,2,2,6,17
7215,B1,1,1,1,1,0,0,0,0,0,0,0,0,0,1,0,2,53,161,56
7215,B2,1,0,2,6,0,0,0,0,0,0,0,0,0,1,0,2,4,30,4
7215,C1,14,2,3,0,0,0,0,0,0,0,0,0,0,1,0,2,2,8,2
7230,A1,1,8,0,2,0,0,0,0,0,0,0,0,0,1,0,2,0,0,0
7230,B0,0,1,14,6,0,0,0,0,0,0,0,0,0,1,0,2,2,6,17
7230,B1,2,3,1,1,0,0,0,0,0,0,0,0,0,1,0,2,53,161,56
7230,B2,1,0,4,8,0,0,0,0,0,0,0,0,0,1,0,2,4,30,4
7230,C1,12,1,4,0,0,0,0,0,0,0,0,0,0,1,0,2,2,8,2
7245,A1,5,10,0,1,0,0,0,0,0,0,0,0,0,0,1,2,0,0,0
7245,B0,0,1,14,6,0,0,0,0,0,0,0,0,0,0,1,2,2,6,17
7245,B1,1,1,1,3,0,0,0,0,0,0,0,0,0,0,1,2,53,161,56
7245,B2,1,0,3,9,0,0,0,0,0,0,0,0,0,0,1,2,4,30,4
7245,C1,11,3,2,0,0,0,0,0,0,0,0,0,0,0,1,2,2,8,2
7260,A1,7,14,0,1,0,0,0,0,0,0,0,0,0,0,1,2,0,0,0
7260,B0,0,3,14,1,0,0,0,0,0,0,0,0,0,0,1,2,2,6,17
7260,B1,1,1,2,4,0,0,0,0,0,0,0,0,0,0,1,2,53,161,56
7260,B2,2,0,1,9,0,0,0,0,0,0,0,0,0,0,1,2,4,30,4
7260,C1,14,4,1,0,0,0,0,0,0,0,0,0,0,0,1,2,2,8,2
7275,A1,7,14,0,1,0,0,0,0,0,0,0,0,0,1,0,2,0,0,0
7275,B0,0,2,11,1,0,0,0,0,0,0,0,0,0,1,0,2,2,6,17
7275,B1,3,2,1,2,0,0,0,0,0,0,0,0,0,1,0,2,53,161,56
7275,B2,4,0,1,6,0,0,0,0,0,0,0,0,0,1,0,2,4,30,4
7275,C1,14,4,2,0,0,0,0,0,0,0,0,0,0,1,0,2,2,8,2
7290,A1,3,14,0,1,0,0,0,0,0,0,0,0,0,1,0,2,0,0,0
7290,B0,0,1,14,3,0,0,0,0,0,0,0,0,0,1,0,2,2,6,17
7290,B1,1,3,1,2,0,0,0,0,0,0,0,0,0,1,0,2,53,161,56
7290,B2,1,0,1,10,0,0,0,0,0,0,0,0,0,1,0,2,4,30,4
7290,C1,12,2,5,0,0,0,0,0,0,0,0,0,0,1,0,2,2,8,2
7305,A1,2,13,0,1,0,0,0,0,0,0,0,0,0,1,0,2,0,0,0
7305,B0,0,1,14,4,0,0,0,0,0,0,0,0,0,1,0,2,2,6,17
7305,B1,1,1,2,2,0,0,0,0,0,0,0,0,0,1,0,2,53,161,56
7305,B2,2,0,3,10,0,0,0,0,0,0,0,0,0,1,0,2,4,30,4
7305,C1,11,2,6,0,0,0,0,0,0,0,0,0,0,1,0,2,2,8,2
7320,A1,5,14,0,1,0,0,0,0,0,0,0,0,0,0,1,2,0,0,0
7320,B0,0,2,14,3,0,0,0,0,0,0,0,0,0,0,1,2,2,6,17
7320,B1,2,1,1,2,0,0,0,0,0,0,0,0,0,0,1,2,53,161,56
7320,B2,3,0,1,9,0,0,0,0,0,0,0,0,0,0,1,2,4,30,4
7320,C1,14,3,1,0,0,0,0,0,0,0,0,0,0,0,1,2,2,8,2
7335,A1,5,14,0,1,0,0,0,0,0,0,0,0,0,0,1,2,0,0,0
7335,B0,0,4,12,1,0,0,0,0,0,0,0,0,0,0,1,2,2,6,17
7335,B1,3,2,1,1,0,0,0,0,0,0,0,0,0,0,1,2,53,161,56
7335,B2,3,0,1,1,0,0,0,0,0,0,0,0,0,0,1,2,4,30,4
7335,C1,14,8,1,0,0,0,0,0,0,0,0,0,0,0,1,2,2,8,2
7350,A1,3,14,0,1,0,0,0,0,0,0,0,0,0,1,0,2,0,0,0
7350,B0,0,1,13,4,0,0,0,0,0,0,0,0,0,1,0,2,2,6,17
7350,B1,2,3,1,1,0,0,0,0,0,0,0,0,0,1,0,2,53,161,56
7350,B2,2,0,5,5,0,0,0,0,0,0,0,0,0,1,0,2,4,30,4
7350,C1,14,4,1,0,0,0,0,0,0,0,0,0,0,1,0,2,2,8,2
7365,A1,1,11,0,2,0,0,0,0,0,0,0,0,0,1,0,2,0,0,0
7365,B0,0,1,14,6,0,0,0,0,0,0,0,0,0,1,0,2,2,6,17
7365,B1,1,1,2,1,0,0,0,0,0,0,0,0,0,1,0,2,53,161,56
7365,B2,1,0,7,6,0,0,0,0,0,0,0,0,0,1,0,2,4,30,4
7365,C1,14,1,3,0,0,0,0,0,0,0,0,0,0,1,0,2,2,8,2
7380,A1,3,11,0,1,0,0,0,0,0,0,0,0,0,0,1,2,0,0,0
7380,B0,0,4,14,4,0,0,0,0,0,0,0,0,0,0,1,2,2,6,17
7380,B1,1,1,1,1,0,0,0,0,0,0,0,0,0,0,1,2,54,175,57
7380,B2,3,0,4,10,0,0,0,0,0,0,0,0,0,0,1,2,4,30,4
7380,C1,13,2,1,0,0,0,0,0,0,0,0,0,0,0,1,2,2,8,2
7395,A1,3,14,0,1,0,0,0,0,0,0,0,0,0,0,1,2,0,0,0
7395,B0,0,5,13,1,0,0,0,0,0,0,0,0,0,0,1,2,2,6,17
7395,B1,1,1,3,2,0,0,0,0,0,0,0,0,0,0,1,2,54,175,57
7395,B2,4,0,2,7,0,0,0,0,0,0,0,0,0,0,1,2,4,30,4
7395,C1,14,3,1,0,0,0,0,0,0,0,0,0,0,0,1,2,2,8,2
7410,A1,6,14,0,1,0,0,0,0,0,0,0,0,0,1,0,2,0,0,0
7410,B0,0,3,13,5,0,0,0,0,0,0,0,0,0,1,0,2,2,6,17
7410,B1,1,1,1,1,0,0,0,0,0,0,0,0,0,1,0,2,55,179,58
7410,B2,3,0,2,8,0,0,0,0,0,0,0,0,0,1,0,2,4,30,4
7410,C1,14,2,2,0,0,0,0,0,0,0,0,0,0,1,0,2,2,8,2
7425,A1,1,14,0,1,0,0,0,0,0,0,0,0,0,1,0,2,0,0,0
7425,B0,0,1,14,7,0,0,0,0,0,0,0,0,0,1,0,2,2,6,17
7425,B1,1,1,1,1,0,0,0,0,0,0,0,0,0,1,0,2,55,179,58
7425,B2,1,0,4,12,0,0,0,0,0,0,0,0,0,1,0,2,4,30,4
7425,C1,14,4,6,0,0,0,0,0,0,0,0,0,0,1,0,2,2,8,2
7440,A1,1,11,0,1,0,0,0,0,0,0,0,0,0,0,1,2,0,0,0
7440,B0,0,1,14,8,0,0,0,0,0,0,0,0,0,0,1,2,2,6,17
7440,B1,1,1,1,1,0,0,0,0,0,0,0,0,0,0,1,2,56,181,59
7440,B2,3,0,3,10,0,0,0,0,0,0,0,0,0,0,1,2,4,30,4
7440,C1,12,1,5,0,0,0,0,0,0,0,0,0,0,0,1,2,2,8,2
7455,A1,6,14,0,1,0,0,0,0,0,0,0,0,0,0,1,2,0,0,0
7455,B0,0,1,14,3,0,0,0,0,0,0,0,0,0,0,1,2,2,6,17
7455,B1,1,1,1,2,0,0,0,0,0,0,0,0,0,0,1,2,56,181,59
7455,B2,2,0,1,10,0,0,0,0,0,0,0,0,0,0,1,2,4,30,4
7455,C1,14,5,1,0,0,0,0,0,0,0,0,0,0,0,1,2,2,8,2
7470,A1,8,14,0,1,0,0,0,0,0,0,0,0,0,0,1,2,0,0,0
7470,B0,0,1,12,1,0,0,0,0,0,0,0,0,0,0,1,2,2,6,17
7470,B1,1,2,1,1,0,0,0,0,0,0,0,0,0,0,1,2,56,181,59
7470,B2,2,0,2,8,0,0,0,0,0,0,0,0,0,0,1,2,4,30,4
7470,C1,14,8,1,0,0,0,0,0,0,0,0,0,0,0,1,2,2,8,2
7485,A1,6,14,0,1,0,0,0,0,0,0,0,0,0,1,0,2,0,0,0
7485,B0,0,1,13,3,0,0,0,0,0,0,0,0,0,1,0,2,3,12,18
7485,B1,2,1,1,1,0,0,0,0,0,0,0,0,0,1,0,2,57,182,60
7485,B2,2,0,6,7,0,0,0,0,0,0,0,0,0,1,0,2,4,30,4
7485,C1,14,3,2,0,0,0,0,0,0,0,0,0,0,1,0,2,2,8,2
7500,A1,3,14,0,3,0,0,0,0,0,0,0,0,0,1,0,2,0,0,0
7500,B0,0,1,14,5,0,0,0,0,0,0,0,0,0,1,0,2,3,12,18
7500,B1,1,1,1,1,0,0,0,0,0,0,0,0,0,1,0,2,57,182,60
7500,B2,1,0,7,8,0,0,0,0,0,0,0,0,0,1,0,1,4,30,4
7500,C1,14,1,1,0,0,0,0,0,0,0,0,0,0,1,0,2,2,8,2
7515,A1,3,13,0,1,0,0,0,0,0,0,0,0,0,0,1,2,0,0,0
7515,B0,0,1,14,3,0,0,0,0,0,0,0,0,0,0,1,2,3,12,18
7515,B1,1,1,2,2,0,0,0,0,0,0,0,0,0,0,1,2,57,182,60
7515,B2,3,0,2,8,0,0,0,0,0,0,0,0,0,0,1,2,4,30,4
7515,C1,13,3,1,0,0,0,0,0,0,0,0,0,0,0,1,2,2,8,2
7530,A1,5,14,0,1,0,0,0,0,0,0,0,0,0,0,1,2,0,0,0
7530,B0,0,2,11,2,0,0,0,0,0,0,0,0,0,0,1,2,3,12,18
7530,B1,1,1,3,1,0,0,0,0,0,0,0,0,0,0,1,2,57,182,60
7530,B2,3,0,1,5,0,0,0,0,0,0,0,0,0,0,1,2,4,30,4
7530,C1,14,4,2,0,0,0,0,0,0,0,0,0,0,0,1,2,2,8,2
7545,A1,2,14,0,1,0,0,0,0,0,0,0,0,0,1,0,2,0,0,0
7545,B0,0,1,12,3,0,0,0,0,0,0,0,0,0,1,0,2,3,12,18
7545,B1,2,1,2,1,0,0,0,0,0,0,0,0,0,1,0,2,57,182,60
7545,B2,2,0,4,5,0,0,0,0,0,0,0,0,0,1,0,2,4,30,4
7545,C1,14,3,3,0,0,0,0,0,0,0,0,0,0,1,0,2,2,8,2
7560,A1,2,14,0,1,0,0,0,0,0,0,0,0,0,1,0,2,0,0,0
7560,B0,0,1,14,6,0,0,0,0,0,0,0,0,0,1,0,2,3,12,18
7560,B1,1,5,2,1,0,0,0,0,0,0,0,0,0,1,0,2,57,182,60
7560,B2,1,0,7,7,0,0,0,0,0,0,0,0,0,1,0,2,4,30,4
7560,C1,12,1,3,0,0,0,0,0,0,0,0,0,0,1,0,2,2,8,2
7575,A1,2,13,0,1,0,0,0,0,0,0,0,0,0,0,1,2,0,0,0
7575,B0,0,2,14,5,0,0,0,0,0,0,0,0,0,0,1,2,3,12,18
7575,B1,1,2,2,1,0,0,0,0,0,0,0,0,0,0,1,2,57,182,60
7575,B2,3,0,7,7,0,0,0,0,0,0,0,0,0,0,1,2,4,30,4
7575,C1,10,5,2,0,0,0,0,0,0,0,0,0,0,0,1,2,2,8,2
7590,A1,4,13,0,1,0,0,0,0,0,0,0,0,0,0,1,2,0,0,0
7590,B0,0,3,13,1,0,0,0,0,0,0,0,0,0,0,1,2,3,12,18
7590,B1,1,2,1,1,0,0,0,0,0,0,0,0,0,0,1,2,57,182,60
7590,B2,4,0,1,5,0,0,0,0,0,0,0,0,0,0,1,2,4,30,4
7590,C1,14,5,1,0,0,0,0,0,0,0,0,0,0,0,1,2,2,8,2
7605,A1,4,14,0,2,0,0,0,0,0,0,0,0,0,1,0,2,0,0,0
7605,B0,0,4,11,2,0,0,0,0,0,0,0,0,0,1,0,2,3,12,18
7605,B1,1,1,1,1,0,0,0,0,0,0,0,0,0,1,0,2,57,182,60
7605,B2,5,0,1,6,0,0,0,0,0,0,0,0,0,1,0,2,4,30,4
7605,C1,14,6,3,0,0,0,0,0,0,0,0,0,0,1,0,2,2,8,2
7620,A1,1,14,0,2,0,0,0,0,0,0,0,0,0,1,0,2,0,0,0
7620,B0,0,1,14,3,0,0,0,0,0,0,0,0,0,1,0,2,3,12,18
7620,B1,1,2,1,1,0,0,0,0,0,0,0,0,0,1,0,2,57,182,60
7620,B2,1,0,3,5,0,0,0,0,0,0,0,0,0,1,0,2,4,30,4
7620,C1,14,3,4,0,0,0,0,0,0,0,0,0,0,1,0,2,2,8,2
7635,A1,1,12,0,3,0,0,0,0,0,0,0,0,0,1,0,2,0,0,0
7635,B0,0,1,14,4,0,0,0,0,0,0,0,0,0,1,0,2,3,12,18
7635,B1,1,1,1,2,0,0,0,0,0,0,0,0,0,1,0,2,57,182,60
7635,B2,1,0,4,6,0,0,0,0,0,0,0,0,0,1,0,2,4,30,4
7635,C1,9,2,4,0,0,0,0,0,0,0,0,0,0,1,0,2,2,8,2
7650,A1,5,13,0,1,0,0,0,0,0,0,0,0,0,0,1,2,0,0,0
7650,B0,0,4,14,1,0,0,0,0,0,0,0,0,0,0,1,2,3,12,18
7650,B1,1,1,2,4,0,0,0,0,0,0,0,0,0,0,1,2,58,186,61
7650,B2,3,0,1,5,0,0,0,0,0,0,0,0,0,0,1,2,4,30,4
7650,C1,13,5,1,0,0,0,0,0,0,0,0,0,0,0,1,2,2,8,2
7665,A1,7,14,0,1,0,0,0,0,0,0,0,0,0,0,1,2,0,0,0
7665,B0,0,4,9,1,0,0,0,0,0,0,0,0,0,0,1,2,3,12,18
7665,B1,2,1,1,2,0,0,0,0,0,0,0,0,0,0,1,2,58,186,61
7665,B2,3,0,2,1,0,0,0,0,0,0,0,0,0,0,1,2,4,30,4
7665,C1,14,7,1,0,0,0,0,0,0,0,0,0,0,0,1,2,2,8,2
7680,A1,4,14,0,2,0,0,0,0,0,0,0,0,0,1,0,2,0,0,0
7680,B0,0,2,13,5,0,0,0,0,0,0,0,0,0,1,0,2,3,12,18
7680,B1,2,3,1,1,0,0,0,0,0,0,0,0,0,1,0,2,58,186,61
7680,B2,1,0,2,3,0,0,0,0,0,0,0,0,0,1,0,2,4,30,4
7680,C1,14,4,2,0,0,0,0,0,0,0,0,0,0,1,0,2,2,8,2
7695,A1,2,13,0,2,0,0,0,0,0,0,0,0,0,1,0,2,0,0,0
7695,B0,0,2,14,6,0,0,0,0,0,0,0,0,0,1,0,2,3,12,18
7695,B1,4,1,2,1,0,0,0,0,0,0,0,0,0,1,0,2,58,186,61
7695,B2,1,0,4,4,0,0,0,0,0,0,0,0,0,1,0,2,4,30,4
7695,C1,13,1,3,0,0,0,0,0,0,0,0,0,0,1,0,2,2,8,2
7710,A1,1,12,0,1,0,0,0,0,0,0,0,0,0,0,1,2,0,0,0
7710,B0,0,3,14,4,0,0,0,0,0,0,0,0,0,0,1,2,3,12,18
7710,B1,2,1,4,1,0,0,0,0,0,0,0,0,0,0,1,2,59,188,62
7710,B2,1,0,2,4,0,0,0,0,0,0,0,0,0,0,1,2,4,30,4
7710,C1,13,3,1,0,0,0,0,0,0,0,0,0,0,0,1,2,2,8,2
7725,A1,3,12,0,1,0,0,0,0,0,0,0,0,0,0,1,2,0,0,0
7725,B0,0,4,14,1,0,0,0,0,0,0,0,0,0,0,1,2,3,12,18
7725,B1,2,1,3,1,0,0,0,0,0,0,0,0,0,0,1,2,59,188,62
7725,B2,1,0,1,1,0,0,0,0,0,0,0,0,0,0,1,2,4,30,4
7725,C1,14,4,1,0,0,0,0,0,0,0,0,0,0,0,1,2,2,8,2
7740,A1,2,14,0,3,0,0,0,0,0,0,0,0,0,1,0,2,0,0,0
7740,B0,0,2,13,1,0,0,0,0,0,0,0,0,0,1,0,2,3,12,18
7740,B1,2,1,2,1,0,0,0,0,0,0,0,0,0,1,0,2,59,188,62
7740,B2,1,0,1,3,0,0,0,0,0,0,0,0,0,1,0,2,4,30,4
7740,C1,14,3,2,0,0,0,0,0,0,0,0,0,0,1,0,2,2,8,2
7755,A1,3,12,0,5,0,0,0,0,0,0,0,0,0,1,0,2,0,0,0
7755,B0,0,1,14,3,0,0,0,0,0,0,0,0,0,1,0,2,3,12,18
7755,B1,1,3,2,1,0,0,0,0,0,0,0,0,0,1,0,2,59,188,62
7755,B2,1,0,5,7,0,0,0,0,0,0,0,0,0,1,0,2,4,30,4
7755,C1,12,1,2,0,0,0,0,0,0,0,0,0,0,1,0,2,2,8,2
7770,A1,3,13,0,4,0,0,0,0,0,0,0,0,0,0,1,2,0,0,0
7770,B0,0,1,14,3,0,0,0,0,0,0,0,0,0,0,1,2,3,12,18
7770,B1,1,1,2,1,0,0,0,0,0,0,0,0,0,0,1,2,59,188,62
7770,B2,2,0,6,6,0,0,0,0,0,0,0,0,0,0,1,2,4,30,4
7770,C1,9,4,3,0,0,0,0,0,0,0,0,0,0,0,1,2,2,8,2
7785,A1,5,14,0,2,0,0,0,0,0,0,0,0,0,0,1,2,0,0,0
7785,B0,0,3,14,1,0,0,0,0,0,0,0,0,0,0,1,2,3,12,18
7785,B1,1,1,1,3,0,0,0,0,0,0,0,0,0,0,1,2,59,188,62
7785,B2,3,0,2,5,0,0,0,0,0,0,0,0,0,0,1,2,4,30,4
7785,C1,13,3,1,0,0,0,0,0,0,0,0,0,0,0,1,2,2,8,2
7800,A1,6,14,0,1,0,0,0,0,0,0,0,0,0,0,1,2,0,0,0
7800,B0,0,4,12,3,0,0,0,0,0,0,0,0,0,0,1,2,3,12,18
7800,B1,1,2,1,1,0,0,0,0,0,0,0,0,0,0,1,2,59,188,62
7800,B2,6,0,1,2,0,0,0,0,0,0,0,0,0,0,1,2,4,30,4
7800,C1,14,4,2,0,0,0,0,0,0,0,0,0,0,0,1,2,2,8,2
7815,A1,1,14,0,1,0,0,0,0,0,0,0,0,0,1,0,2,0,0,0
7815,B0,0,2,13,4,0,0,0,0,0,0,0,0,0,1,0,2,3,12,18
7815,B1,1,1,1,1,0,0,0,0,0,0,0,0,0,1,0,2,59,188,62
7815,B2,1,0,3,4,0,0,0,0,0,0,0,0,0,1,0,2,4,30,4
7815,C1,13,1,2,0,0,0,0,0,0,0,0,0,0,1,0,2,2,8,2
7830,A1,1,9,0,1,0,0,0,0,0,0,0,0,0,1,0,2,0,0,0
7830,B0,0,1,14,5,0,0,0,0,0,0,0,0,0,1,0,2,3,12,18
7830,B1,1,1,2,2,0,0,0,0,0,0,0,0,0,1,0,2,59,188,62
7830,B2,2,0,5,6,0,0,0,0,0,0,0,0,0,1,0,2,4,30,4
7830,C1,13,1,2,0,0,0,0,0,0,0,0,0,0,1,0,2,2,8,2
7845,A1,5,12,0,1,0,0,0,0,0,0,0,0,0,0,1,2,0,0,0
7845,B0,0,2,14,3,0,0,0,0,0,0,0,0,0,0,1,2,3,12,18
7845,B1,1,1,1,1,0,0,0,0,0,0,0,0,0,0,1,2,59,188,62
7845,B2,4,0,2,7,0,0,0,0,0,0,0,0,0,0,1,2,4,30,4
7845,C1,13,4,1,0,0,0,0,0,0,0,0,0,0,0,1,2,2,8,2
7860,A1,7,14,0,1,0,0,0,0,0,0,0,0,0,0,1,2,0,0,0
7860,B0,0,3,13,1,0,0,0,0,0,0,0,0,0,0,1,2,3,12,18
7860,B1,2,1,2,2,0,0,0,0,0,0,0,0,0,0,1,2,59,188,62
7860,B2,5,0,2,2,0,0,0,0,0,0,0,0,0,0,1,2,4,30,4
7860,C1,14,5,1,0,0,0,0,0,0,0,0,0,0,0,1,2,2,8,2
7875,A1,5,14,0,2,0,0,0,0,0,0,0,0,0,1,0,2,0,0,0
7875,B0,0,1,13,3,0,0,0,0,0,0,0,0,0,1,0,2,3,12,18
7875,B1,1,1,1,1,0,0,1,0,0,0,0,0,0,1,0,2,60,206,62
7875,B2,3,0,3,4,0,0,0,0,0,1,0,0,0,1,0,1,4,30,4
7875,C1,14,4,2,0,0,0,0,0,0,0,0,0,0,1,0,2,2,8,2
7890,A1,1,14,0,2,0,0,0,0,0,0,0,0,0,1,0,2,0,0,0
7890,B0,0,1,14,4,0,0,0,0,0,0,0,0,0,1,0,2,3,12,18
7890,B1,1,1,1,1,0,0,0,0,0,0,0,0,0,1,0,2,60,212,63
7890,B2,3,0,5,4,0,0,0,0,0,0,0,0,0,1,0,2,4,30,4
7890,C1,14,2,4,0,0,0,0,0,0,0,0,0,0,1,0,2,2,8,2
7905,A1,4,12,0,1,0,0,0,0,0,0,0,0,0,0,1,2,0,0,0
7905,B0,0,1,14,4,0,0,0,0,0,0,0,0,0,0,1,2,3,12,18
7905,B1,1,1,3,1,0,0,0,0,0,0,0,0,0,0,1,2,60,212,63
7905,B2,2,0,4,5,0,0,0,0,0,0,0,0,0,0,1,2,4,30,4
7905,C1,13,3,2,0,0,0,0,0,0,0,0,0,0,0,1,2,2,8,2
7920,A1,7,14,0,2,0,0,0,0,0,0,0,0,0,0,1,2,0,0,0
7920,B0,0,1,12,1,0,0,0,0,0,0,0,0,0,0,1,2,3,12,18
7920,B1,1,1,2,1,0,0,0,0,0,0,0,0,0,0,1,2,60,212,63
7920,B2,2,0,1,2,0,0,0,0,0,0,0,0,0,0,1,2,4,30,4
7920,C1,14,7,1,0,0,0,0,0,0,0,0,0,0,0,1,2,2,8,2
7935,A1,8,14,0,1,0,0,0,0,0,0,0,0,0,1,0,2,0,0,0
7935,B0,0,3,12,2,0,0,0,0,0,0,0,0,0,1,0,2,3,12,18
7935,B1,1,1,1,1,0,0,0,0,0,0,0,0,0,1,0,2,60,212,63
7935,B2,1,0,1,2,0,0,0,0,0,0,0,0,0,1,0,2,4,30,4
7935,C1,14,7,1,0,0,0,0,0,0,0,0,0,0,1,0,2,2,8,2
7950,A1,3,14,0,1,0,0,0,0,0,0,0,0,0,1,0,2,0,0,0
7950,B0,0,1,14,6,0,0,0,0,0,0,0,0,0,1,0,2,3,12,18
7950,B1,1,1,1,1,0,0,0,0,0,0,0,0,0,1,0,2,60,212,63
7950,B2,1,0,4,3,0,0,0,0,0,0,0,0,0,1,0,2,4,30,4
7950,C1,14,2,2,0,0,0,0,0,0,0,0,0,0,1,0,2,2,8,2
7965,A1,1,12,0,2,0,0,0,0,0,0,0,0,0,1,0,2,0,0,0
7965,B0,0,1,14,8,0,0,0,0,0,0,0,0,0,1,0,1,3,12,18
7965,B1,1,1,1,1,0,0,0,0,0,0,0,0,0,1,0,2,60,212,63
7965,B2,1,0,5,3,0,0,0,0,0,0,0,0,0,1,0,2,4,30,4
7965,C1,13,3,2,0,0,0,0,0,0,0,0,0,0,1,0,2,2,8,2
7980,A1,4,13,0,1,0,0,0,0,0,0,0,0,0,0,1,2,0,0,0
7980,B0,0,2,14,4,0,0,0,0,0,0,0,0,0,0,1,2,3,12,18
7980,B1,1,1,2,3,0,0,0,0,0,0,0,0,0,0,1,2,60,212,63
7980,B2,2,0,1,5,0,0,0,0,0,0,0,0,0,0,1,2,4,30,4
7980,C1,14,3,1,0,0,0,0,0,0,0,0,0,0,0,1,2,2,8,2
7995,A1,4,14,0,2,0,0,0,0,0,0,0,0,0,0,1,2,0,0,0
7995,B0,0,4,14,1,0,0,0,0,0,0,0,0,0,0,1,2,3,12,18
7995,B1,2,1,1,1,0,0,0,0,0,0,0,0,0,0,1,2,60,212,63
7995,B2,2,0,1,1,0,0,0,0,0,0,0,0,0,0,1,2,4,30,4
7995,C1,14,4,1,0,0,0,0,0,0,0,0,0,0,0,1,2,2,8,2
8010,A1,1,14,0,3,0,0,0,0,0,0,0,0,0,1,0,2,0,0,0
8010,B0,0,1,13,5,0,0,0,0,0,0,0,0,0,1,0,2,3,12,18
8010,B1,2,1,1,1,0,0,0,0,0,0,0,0,0,1,0,2,61,214,64
8010,B2,1,0,6,6,0,0,0,0,0,0,0,0,0,1,0,2,4,30,4
8010,C1,14,1,2,0,0,0,0,0,0,0,0,0,0,1,0,2,2,8,2
8025,A1,2,11,0,4,0,0,0,0,0,0,0,0,0,1,0,2,0,0,0
8025,B0,0,1,14,7,0,0,0,0,0,0,0,0,0,1,0,2,3,12,18
8025,B1,1,1,1,1,0,0,0,0,0,0,0,0,0,1,0,2,61,214,64
8025,B2,2,0,8,5,0,0,0,0,0,0,0,0,0,1,0,2,4,30,4
8025,C1,9,3,3,0,0,0,0,0,0,0,0,0,0,1,0,2,2,8,2
8040,A1,4,11,0,2,0,0,0,0,0,0,0,0,0,0,1,2,0,0,0
8040,B0,0,1,14,4,0,0,0,0,0,0,0,0,0,0,1,2,3,12,18
8040,B1,1,1,2,1,0,0,0,0,0,0,0,0,0,0,1,2,61,214,64
8040,B2,2,0,5,6,0,0,0,0,0,0,0,0,0,0,1,2,4,30,4
8040,C1,12,3,2,0,0,0,0,0,0,0,0,0,0,0,1,2,2,8,2
8055,A1,5,14,0,1,0,0,0,0,0,0,0,0,0,0,1,2,0,0,0
8055,B0,0,4,13,2,0,0,0,0,0,0,0,0,0,0,1,2,3,12,18
8055,B1,1,1,3,4,0,0,0,0,0,0,0,0,0,0,1,2,61,214,64
8055,B2,3,0,2,5,0,0,0,0,0,0,0,0,0,0,1,2,4,30,4
8055,C1,14,4,1,0,0,0,0,0,0,0,0,0,0,0,1,2,2,8,2
8070,A1,6,14,0,1,0,0,0,0,0,0,0,0,0,1,0,2,0,0,0
8070,B0,0,2,12,2,0,0,0,0,0,0,0,0,0,1,0,2,3,12,18
8070,B1,3,1,1,2,0,0,0,0,0,0,0,0,0,1,0,2,61,214,64
8070,B2,1,0,2,4,0,0,0,0,0,0,0,0,0,1,0,2,4,30,4
8070,C1,14,2,1,0,0,0,0,0,0,0,0,0,0,1,0,2,2,8,2
8085,A1,1,14,0,1,0,0,0,0,0,0,0,0,0,1,0,2,0,0,0
8085,B0,0,1,14,3,0,0,0,0,0,0,0,0,0,1,0,2,3,12,18
8085,B1,2,3,1,2,0,0,0,0,0,0,0,0,0,1,0,2,61,214,64
8085,B2,1,0,3,3,0,0,0,0,0,0,0,0,0,1,0,2,4,30,4
8085,C1,14,1,2,0,0,0,0,0,0,0,0,0,0,1,0,2,2,8,2
8100,A1,2,13,0,3,0,0,0,0,0,0,0,0,0,0,1,2,0,0,0
8100,B0,0,1,14,3,0,0,0,0,0,0,0,0,0,0,1,2,3,12,18
8100,B1,1,1,1,3,0,0,0,0,0,0,0,0,0,0,1,2,61,214,64
8100,B2,2,0,2,6,0,0,0,0,0,0,0,0,0,0,1,2,4,30,4
8100,C1,10,2,1,0,0,0,0,0,0,0,0,0,0,0,1,2,2,8,2
8115,A1,3,14,0,1,0,0,0,0,0,0,0,0,0,0,1,2,0,0,0
8115,B0,0,1,12,1,0,0,0,0,0,0,0,0,0,0,1,2,3,12,18
8115,B1,1,1,1,2,0,0,0,0,0,0,0,0,0,0,1,2,61,214,64
8115,B2,3,0,3,3,0,0,0,0,0,0,0,0,0,0,1,2,4,30,4
8115,C1,14,5,2,0,0,0,0,0,0,0,0,0,0,0,1,2,2,8,2
8130,A1,4,14,0,1,0,0,0,0,0,0,0,0,0,0,1,2,0,0,0
8130,B0,0,2,8,4,0,0,0,0,0,0,0,0,0,0,1,2,3,12,18
8130,B1,1,3,1,2,0,0,0,0,0,0,0,0,0,0,1,2,61,214,64
8130,B2,4,0,2,4,0,0,0,0,0,0,0,0,0,0,1,2,4,30,4
8130,C1,14,6,1,0,0,0,0,0,0,0,0,0,0,0,1,2,2,8,2
8145,A1,5,12,0,1,0,0,0,0,0,0,0,0,0,1,0,2,0,0,0
8145,B0,0,2,13,1,0,0,0,0,0,0,0,0,0,1,0,2,3,12,18
8145,B1,2,2,1,2,0,0,0,0,0,0,0,0,0,1,0,2,61,214,64
8145,B2,2,0,5,6,0,0,0,0,0,0,0,0,0,1,0,2,4,30,4
8145,C1,14,2,3,0,0,0,0,0,0,0,0,0,0,1,0,2,2,8,2
8160,A1,1,8,0,2,0,0,0,0,0,0,0,0,0,1,0,2,0,0,0
8160,B0,0,2,14,3,0,0,0,0,0,0,0,0,0,1,0,2,3,12,18
8160,B1,3,1,1,2,0,0,0,0,0,0,0,0,0,1,0,2,61,214,64
8160,B2,1,0,7,6,0,0,0,0,0,0,0,0,0,1,0,2,4,30,4
8160,C1,9,2,3,0,0,0,0,0,0,0,0,0,0,1,0,2,2,8,2
8175,A1,3,12,0,2,0,0,0,0,0,0,0,0,0,0,1,2,0,0,0
8175,B0,0,4,13,5,0,0,0,0,0,0,0,0,0,0,1,2,3,12,18
8175,B1,1,1,3,3,0,0,0,0,0,0,0,0,0,0,1,2,61,214,64
8175,B2,1,0,3,6,0,0,0,0,0,0,0,0,0,0,1,2,4,30,4
8175,C1,12,3,1,0,0,0,0,0,0,0,0,0,0,0,1,2,2,8,2
8190,A1,4,14,0,1,0,0,0,0,0,0,0,0,0,0,1,2,0,0,0
8190,B0,0,4,10,1,0,0,0,0,0,0,0,0,0,0,1,2,3,12,18
8190,B1,1,2,2,4,0,0,0,0,0,0,0,0,0,0,1,2,61,214,64
8190,B2,3,0,1,3,0,0,0,0,0,0,0,0,0,0,1,2,4,30,4
8190,C1,14,4,1,0,0,0,0,0,0,0,0,0,0,0,1,2,2,8,2
8205,A1,2,14,0,2,0,0,0,0,0,0,0,0,0,1,0,2,0,0,0
8205,B0,0,3,13,3,0,0,0,0,0,0,0,0,0,1,0,2,3,12,18
8205,B1,3,1,2,3,0,0,0,0,0,0,0,0,0,1,0,2,61,214,64
8205,B2,2,0,2,4,0,0,0,0,0,0,0,0,0,1,0,2,4,30,4
8205,C1,14,2,3,0,0,0,0,0,0,0,0,0,0,1,0,2,2,8,2
8220,A1,1,12,0,3,0,0,0,0,0,0,0,0,0,1,0,2,0,0,0
8220,B0,0,2,14,4,0,0,0,0,0,0,0,0,0,1,0,2,3,12,18
8220,B1,2,1,2,3,0,0,0,0,0,0,0,0,0,1,0,2,61,214,64
8220,B2,1,0,2,5,0,0,0,0,0,0,0,0,0,1,0,2,4,30,4
8220,C1,10,1,4,0,0,0,0,0,0,0,0,0,0,1,0,2,2,8,2
8235,A1,1,11,0,2,0,0,0,0,0,0,0,0,0,0,1,2,0,0,0
8235,B0,0,3,14,3,0,0,0,0,0,0,0,0,0,0,1,2,3,12,18
8235,B1,1,1,1,4,0,0,0,0,0,0,0,0,0,0,1,2,61,214,64
8235,B2,3,0,2,6,0,0,0,0,0,0,0,0,0,0,1,2,4,30,4
8235,C1,10,2,3,0,0,0,0,0,0,0,0,0,0,0,1,2,2,8,2
8250,A1,2,14,0,1,0,0,0,0,0,0,0,0,0,0,1,2,0,0,0
8250,B0,0,3,11,1,0,0,0,0,0,0,0,0,0,0,1,2,3,12,18
8250,B1,1,1,3,3,0,0,0,0,0,0,0,0,0,0,1,2,61,214,64
8250,B2,5,0,1,1,0,0,0,0,0,0,0,0,0,0,1,2,4,30,4
8250,C1,14,4,3,0,0,0,0,0,0,0,0,0,0,0,1,2,2,8,2
8265,A1,3,14,0,2,0,0,0,0,0,0,0,0,0,1,0,2,0,0,0
8265,B0,0,4,10,1,0,0,0,0,0,0,1,0,0,1,0,1,3,12,18
8265,B1,2,3,1,1,0,1,0,0,0,0,0,0,0,1,0,2,63,222,65
8265,B2,4,0,3,4,0,0,0,0,0,0,0,0,0,1,0,2,4,30,4
8265,C1,14,4,1,0,0,0,0,0,0,0,0,0,0,1,0,2,2,8,2
8280,A1,1,12,0,4,0,0,0,0,0,0,0,0,0,1,0,2,0,0,0
8280,B0,0,1,14,1,0,0,0,0,0,0,0,0,0,1,0,1,3,12,18
8280,B1,2,1,1,1,0,0,0,0,0,0,0,0,0,1,0,2,63,222,66
8280,B2,2,0,4,5,0,0,0,0,0,0,0,0,0,1,0,2,4,30,4
8280,C1,14,1,2,0,0,0,0,0,0,0,0,0,0,1,0,2,2,8,2
8295,A1,3,12,0,6,0,0,0,0,0,0,0,0,0,1,0,2,0,0,0
8295,B0,0,1,14,2,0,0,0,0,0,0,0,0,0,1,0,2,3,12,18
8295,B1,1,2,1,1,0,0,0,0,0,0,0,0,0,1,0,2,63,222,66
8295,B2,1,0,6,8,0,0,0,0,0,0,0,0,0,1,0,1,4,30,4
8295,C1,12,3,2,0,0,0,0,0,0,0,0,0,0,1,0,2,2,8,2
8310,A1,4,14,0,2,0,0,0,0,0,0,0,0,0,0,1,2,0,0,0
8310,B0,0,1,11,1,0,0,0,0,0,0,0,0,0,0,1,2,3,12,18
8310,B1,1,1,2,3,0,0,0,0,0,0,0,0,0,0,1,2,63,222,66
8310,B2,2,0,1,6,0,0,0,0,0,0,0,0,0,0,1,2,4,30,4
8310,C1,13,3,1,0,0,0,0,0,0,0,0,0,0,0,1,2,2,8,2
8325,A1,5,14,0,1,0,0,0,0,0,0,0,0,0,0,1,2,0,0,0
8325,B0,0,2,10,1,0,0,0,0,0,0,0,0,0,0,1,2,3,12,18
8325,B1,1,1,1,2,0,0,0,0,0,0,0,0,0,0,1,2,63,222,66
8325,B2,3,0,1,4,0,0,0,0,0,0,0,0,0,0,1,2,4,30,4
8325,C1,14,3,1,0,0,0,0,0,0,0,0,0,0,0,1,2,2,8,2
8340,A1,2,14,0,2,0,0,0,0,0,0,0,0,0,1,0,2,0,0,0
8340,B0,0,2,13,3,0,0,0,0,0,0,0,0,0,1,0,2,3,12,18
8340,B1,4,2,1,1,0,0,0,0,0,0,0,0,0,1,0,2,63,222,66
8340,B2,1,0,2,6,0,0,0,0,0,0,0,0,0,1,0,2,4,30,4
8340,C1,14,3,2,0,0,0,0,0,0,0,0,0,0,1,0,2,2,8,2
8355,A1,2,10,0,2,0,0,0,0,0,0,0,0,0,1,0,2,0,0,0
8355,B0,0,1,14,4,0,0,0,0,0,0,0,0,0,1,0,2,3,12,18
8355,B1,4,4,2,1,0,0,0,0,0,0,0,0,0,1,0,2,63,222,66
8355,B2,1,0,4,8,0,0,0,0,0,0,0,0,0,1,0,2,4,30,4
8355,C1,11,1,2,0,0,0,0,0,0,0,0,0,0,1,0,2,2,8,2
8370,A1,1,12,0,2,0,0,0,0,0,0,0,0,0,0,1,2,0,0,0
8370,B0,0,2,14,2,0,0,0,0,0,0,0,0,0,0,1,2,3,12,18
8370,B1,3,1,1,2,0,0,0,0,0,0,0,0,0,0,1,2,63,222,66
8370,B2,1,0,4,8,0,0,0,0,0,0,0,0,0,0,1,2,4,30,4
8370,C1,11,4,1,0,0,0,0,0,0,0,0,0,0,0,1,2,2,8,2
8385,A1,2,14,0,1,0,0,0,0,0,0,0,0,0,0,1,2,0,0,0
8385,B0,0,5,10,2,0,0,0,0,0,0,0,0,0,0,1,2,3,12,18
8385,B1,3,1,1,4,0,0,0,0,0,0,0,0,0,0,1,2,63,222,66
8385,B2,1,0,1,7,0,0,0,0,0,0,0,0,0,0,1,2,4,30,4
8385,C1,14,5,2,0,0,0,0,0,0,0,0,0,0,0,1,2,2,8,2
8400,A1,1,14,0,1,0,0,0,0,0,0,0,0,0,1,0,2,0,0,0
8400,B0,0,3,12,1,0,0,0,0,0,0,0,0,0,1,0,2,3,12,18
8400,B1,2,1,1,2,0,0,0,0,0,0,0,0,0,1,0,2,63,222,66
8400,B2,1,0,2,9,0,0,0,0,0,0,0,0,0,1,0,2,4,30,4
8400,C1,14,3,2,0,0,0,0,0,0,0,0,0,0,1,0,2,2,8,2
8415,A1,1,13,0,1,0,0,0,0,0,0,0,0,0,1,0,2,0,0,0
8415,B0,0,1,14,2,0,0,0,0,0,0,0,0,0,1,0,2,3,12,18
8415,B1,3,1,1,2,0,0,0,0,0,0,0,0,0,1,0,2,63,222,66
8415,B2,2,0,5,11,0,0,0,0,0,0,0,0,0,1,0,1,4,30,4
8415,C1,11,2,3,0,0,0,0,0,0,0,0,0,0,1,0,2,2,8,2
8430,A1,1,11,0,4,0,0,0,0,0,0,0,0,0,0,1,2,0,0,0
8430,B0,0,2,14,3,0,0,0,0,0,0,0,0,0,0,1,2,3,12,18
8430,B1,2,1,1,4,0,0,0,0,0,0,0,0,0,0,1,2,63,222,66
8430,B2,1,0,5,11,0,0,0,0,0,0,0,0,0,0,1,2,4,30,4
8430,C1,9,2,3,0,0,0,0,0,0,0,0,0,0,0,1,2,2,8,2
8445,A1,2,14,0,1,0,0,0,0,0,0,0,0,0,0,1,2,0,0,0
8445,B0,0,5,13,1,0,0,0,0,0,0,0,0,0,0,1,2,3,12,18
8445,B1,2,1,2,4,0,0,0,0,0,0,0,0,0,0,1,2,63,222,66
8445,B2,2,0,2,10,0,0,0,0,0,0,0,0,0,0,1,2,4,30,4
8445,C1,14,3,1,0,0,0,0,0,0,0,0,0,0,0,1,2,2,8,2
8460,A1,4,14,0,1,0,0,0,0,0,0,0,0,0,0,1,2,0,0,0
8460,B0,0,7,9,3,0,0,0,0,0,0,0,0,0,0,1,2,3,12,18
8460,B1,3,1,1,3,0,0,0,0,0,0,0,0,0,0,1,2,63,222,66
8460,B2,3,0,1,7,0,0,0,0,0,0,0,0,0,0,1,2,4,30,4
8460,C1,14,5,1,0,0,0,0,0,0,0,0,0,0,0,1,2,2,8,2
8475,A1,1,12,0,1,0,0,0,0,0,0,0,0,0,1,0,2,0,0,0
8475,B0,0,4,13,3,0,0,0,0,0,0,0,0,0,1,0,2,3,12,18
8475,B1,3,4,1,2,0,0,0,0,0,0,0,0,0,1,0,2,63,222,66
8475,B2,1,0,2,10,0,0,0,0,0,0,0,0,0,1,0,2,4,30,4
8475,C1,14,1,3,0,0,0,0,0,0,0,0,0,0,1,0,2,2,8,2
8490,A1,1,11,0,2,0,0,0,0,0,0,0,0,0,1,0,2,0,0,0
8490,B0,0,1,14,4,0,0,0,0,0,0,0,0,0,1,0,2,3,12,18
8490,B1,1,3,2,3,0,0,0,0,0,0,0,0,0,1,0,2,63,222,66
8490,B2,2,0,4,9,0,0,0,0,0,0,0,0,0,1,0,2,4,30,4
8490,C1,11,2,3,0,0,0,0,0,0,0,0,0,0,1,0,2,2,8,2
8505,A1,1,13,0,3,0,0,0,0,0,0,0,0,0,0,1,2,0,0,0
8505,B0,0,1,13,3,0,0,0,0,0,0,0,0,0,0,1,2,3,12,18
8505,B1,1,2,4,2,0,0,0,0,0,0,0,0,0,0,1,2,63,222,66
8505,B2,3,0,3,11,0,0,0,0,0,0,0,0,0,0,1,2,4,30,4
8505,C1,13,2,1,0,0,0,0,0,0,0,0,0,0,0,1,2,2,8,2
8520,A1,4,14,0,1,0,0,0,0,0,0,0,0,0,0,1,2,0,0,0
8520,B0,0,2,9,2,0,0,0,0,0,0,0,0,0,0,1,2,3,12,18
8520,B1,1,2,2,2,0,0,0,0,0,0,0,0,0,0,1,2,63,222,66
8520,B2,3,0,1,5,0,0,0,0,0,0,0,0,0,0,1,2,4,30,4
8520,C1,14,4,2,0,0,0,0,0,0,0,0,0,0,0,1,2,2,8,2
8535,A1,4,14,0,2,0,0,0,0,0,0,0,0,0,1,0,2,0,0,0
8535,B0,0,1,11,7,0,0,0,0,0,0,0,0,0,1,0,2,3,12,18
8535,B1,4,5,1,1,0,0,0,0,0,0,0,0,0,1,0,2,63,222,66
8535,B2,2,0,1,4,0,0,0,0,0,0,0,0,0,1,0,2,4,30,4
8535,C1,14,4,4,0,0,0,0,0,0,0,0,0,0,1,0,2,2,8,2
8550,A1,1,13,0,2,0,0,0,0,0,0,0,0,0,1,0,2,0,0,0
8550,B0,0,1,14,4,0,0,0,0,0,0,0,0,0,1,0,2,3,12,18
8550,B1,4,4,1,1,0,0,0,0,0,0,0,0,0,1,0,2,63,222,66
8550,B2,1,0,1,7,0,0,0,0,0,0,0,0,0,1,0,2,4,30,4
8550,C1,12,1,5,0,0,0,0,0,0,0,0,0,0,1,0,2,2,8,2
8565,A1,1,11,0,1,0,0,0,0,0,0,0,0,0,0,1,2,0,0,0
8565,B0,0,4,14,4,0,0,0,0,0,0,0,0,0,0,1,2,3,12,18
8565,B1,2,2,2,1,0,0,0,0,0,0,0,0,0,0,1,2,63,222,66
8565,B2,1,0,2,9,0,0,0,0,0,0,0,0,0,0,1,2,4,30,4
8565,C1,11,3,6,0,0,0,0,0,0,0,0,0,0,0,1,2,2,8,2
8580,A1,1,14,0,1,0,0,0,0,0,0,0,0,0,0,1,2,0,0,0
8580,B0,0,6,12,2,0,0,0,0,0,0,0,0,0,0,1,2,3,12,18
8580,B1,2,2,2,2,0,0,0,0,0,0,0,0,0,0,1,2,63,222,66
8580,B2,2,0,1,5,0,0,0,0,0,0,0,0,0,0,1,2,4,30,4
8580,C1,14,3,2,0,0,0,0,0,0,0,0,0,0,0,1,2,2,8,2
8595,A1,1,14,0,1,0,0,0,0,0,0,0,0,0,1,0,2,0,0,0
8595,B0,0,8,11,2,0,0,0,0,0,0,0,0,0,1,0,2,3,12,18
8595,B1,4,2,2,1,0,0,0,0,0,0,0,0,0,1,0,2,63,222,66
8595,B2,2,0,2,4,0,0,0,0,0,0,0,0,0,1,0,2,4,30,4
8595,C1,14,4,1,0,0,0,0,0,0,0,0,0,0,1,0,2,2,8,2
8610,A1,1,13,0,1,0,0,0,0,0,0,0,0,0,1,0,2,0,0,0
8610,B0,0,4,14,2,0,0,0,0,0,0,0,0,0,1,0,2,3,12,18
8610,B1,5,5,2,1,0,0,0,0,0,0,0,0,0,1,0,2,63,222,66
8610,B2,1,0,4,7,0,0,0,0,0,0,0,0,0,1,0,2,4,30,4
8610,C1,14,1,1,0,0,0,0,0,0,0,0,0,0,1,0,2,2,8,2
8625,A1,1,10,0,4,0,0,0,0,0,0,0,0,0,1,0,2,0,0,0
8625,B0,0,1,14,5,0,0,0,0,0,0,0,0,0,1,0,2,3,12,18
8625,B1,1,3,2,2,0,0,0,0,0,0,0,0,0,1,0,2,63,222,66
8625,B2,1,0,5,9,0,0,0,0,0,0,0,0,0,1,0,1,4,30,4
8625,C1,10,2,2,0,0,0,0,0,0,0,0,0,0,1,0,2,2,8,2
8640,A1,1,14,0,1,0,0,0,0,0,0,0,0,0,0,1,2,0,0,0
8640,B0,0,3,14,3,0,0,0,0,0,0,0,0,0,0,1,2,3,12,18
8640,B1,1,3,4,2,0,0,0,0,0,0,0,0,0,0,1,2,63,222,66
8640,B2,4,0,1,11,0,0,0,0,0,0,0,0,0,0,1,2,4,30,4
8640,C1,13,2,1,0,0,0,0,0,0,0,0,0,0,0,1,2,2,8,2
8655,A1,4,14,0,1,0,0,0,0,0,0,0,0,0,0,1,2,0,0,0
8655,B0,0,3,14,1,0,0,0,0,0,0,0,0,0,0,1,2,3,12,18
8655,B1,2,3,1,1,0,0,0,0,0,0,0,0,0,0,1,2,63,222,66
8655,B2,7,0,1,9,0,0,0,0,0,0,0,0,0,0,1,2,4,30,4
8655,C1,14,4,1,0,0,0,0,0,0,0,0,0,0,0,1,2,2,8,2
8670,A1,1,14,0,2,0,0,0,0,0,0,0,0,0,1,0,2,0,0,0
8670,B0,0,1,13,3,0,0,0,0,0,0,0,0,0,1,0,2,3,12,18
8670,B1,4,1,1,1,0,0,0,0,0,0,0,0,0,1,0,2,63,222,66
8670,B2,3,0,1,9,0,0,0,0,0,0,0,0,0,1,0,2,4,30,4
8670,C1,14,1,2,0,0,0,0,0,0,0,0,0,0,1,0,2,2,8,2
8685,A1,1,12,0,2,0,0,0,0,0,0,0,0,0,1,0,2,0,0,0
8685,B0,0,1,14,6,0,0,0,0,0,0,0,0,0,1,0,2,3,12,18
8685,B1,2,2,1,2,0,0,0,0,0,0,0,0,0,1,0,2,63,222,66
8685,B2,1,0,2,10,0,0,0,0,0,0,0,0,0,1,0,2,4,30,4
8685,C1,12,1,4,0,0,0,0,0,0,0,0,0,0,1,0,2,2,8,2
8700,A1,3,12,0,1,0,0,0,0,0,0,0,0,0,0,1,2,0,0,0
8700,B0,0,1,14,5,0,0,0,0,0,0,0,0,0,0,1,2,3,12,18
8700,B1,1,1,4,2,0,0,0,0,0,0,0,0,0,0,1,2,64,223,67
8700,B2,1,0,2,10,0,0,0,0,0,0,0,0,0,0,1,2,4,30,4
8700,C1,13,1,4,0,0,0,0,0,0,0,0,0,0,0,1,2,2,8,2
8715,A1,6,14,0,1,0,0,0,0,0,0,0,0,0,0,1,2,0,0,0
8715,B0,0,3,13,6,0,0,0,0,0,0,0,0,0,0,1,2,3,12,18
8715,B1,1,1,1,1,0,0,0,0,0,0,0,0,0,0,1,2,64,223,67
8715,B2,1,0,1,8,0,0,0,0,0,0,0,0,0,0,1,2,4,30,4
8715,C1,14,3,2,0,0,0,0,0,0,0,0,0,0,0,1,2,2,8,2
8730,A1,4,14,0,3,0,0,0,0,0,0,0,0,0,1,0,2,0,0,0
8730,B0,0,1,11,3,0,0,0,0,0,0,0,0,0,1,0,2,3,12,18
8730,B1,3,1,1,1,0,0,0,0,0,0,0,0,0,1,0,2,64,223,67
8730,B2,1,0,2,7,0,0,0,0,0,0,0,0,0,1,0,2,4,30,4
8730,C1,14,3,4,0,0,0,0,0,0,0,0,0,0,1,0,2,2,8,2
8745,A1,2,14,0,4,0,0,0,0,0,0,0,0,0,1,0,2,0,0,0
8745,B0,0,1,14,4,0,0,0,0,0,0,0,0,0,1,0,2,3,12,18
8745,B1,3,4,1,1,0,0,0,0,0,0,0,0,0,1,0,2,64,223,67
8745,B2,1,0,2,8,0,0,0,0,0,0,0,0,0,1,0,2,4,30,4
8745,C1,13,2,3,0,0,0,0,0,0,0,0,0,0,1,0,2,2,8,2
8760,A1,1,10,0,4,0,0,0,0,0,0,0,0,0,0,1,2,0,0,0
8760,B0,0,1,14,4,0,0,0,0,0,0,0,0,0,0,1,2,3,12,18
8760,B1,2,1,1,1,0,0,0,0,0,0,0,0,0,0,1,2,65,225,68
8760,B2,3,0,4,11,0,0,0,0,0,0,0,0,0,0,1,2,4,30,4
8760,C1,12,2,3,0,0,0,0,0,0,0,0,0,0,0,1,2,2,8,2
8775,A1,3,14,0,1,0,0,0,0,0,0,0,0,0,0,1,2,0,0,0
8775,B0,0,2,14,3,0,0,0,0,0,0,0,0,0,0,1,2,3,12,18
8775,B1,2,1,2,3,0,0,0,0,0,0,0,0,0,0,1,2,65,225,68
8775,B2,5,0,1,10,0,0,0,0,0,0,0,0,0,0,1,2,4,30,4
8775,C1,14,1,1,0,0,0,0,0,0,0,0,0,0,0,1,2,2,8,2
8790,A1,4,14,0,1,0,0,0,0,0,0,0,0,0,0,1,2,0,0,0
8790,B0,0,3,13,1,0,0,0,0,0,0,0,0,0,0,1,2,3,12,18
8790,B1,4,1,1,1,0,0,0,0,0,0,0,0,0,0,1,2,65,225,68
8790,B2,6,0,4,9,0,0,0,0,0,0,0,0,0,0,1,2,4,30,4
8790,C1,14,1,1,0,0,0,0,0,0,0,0,0,0,0,1,2,2,8,2
8805,A1,1,14,0,1,0,0,0,0,0,0,0,0,0,1,0,2,0,0,0
8805,B0,0,1,14,4,0,0,0,0,0,0,0,0,0,1,0,2,3,12,18
8805,B1,2,2,1,1,0,0,0,0,0,0,0,0,0,1,0,2,65,225,68
8805,B2,1,0,5,11,0,0,0,0,0,0,0,0,0,1,0,1,4,30,4
8805,C1,11,1,1,0,0,0,0,0,0,0,0,0,0,1,0,2,2,8,2
8820,A1,1,11,0,2,0,0,0,0,0,0,0,0,0,1,0,2,0,0,0
8820,B0,0,1,14,6,0,0,0,0,0,0,0,0,0,1,0,2,3,12,18
8820,B1,2,1,1,2,0,0,0,0,0,0,0,0,0,1,0,2,65,225,68
8820,B2,3,0,6,12,0,0,0,0,0,0,0,0,0,1,0,2,4,30,4
8820,C1,10,3,2,0,0,0,0,0,0,0,0,0,0,1,0,2,2,8,2
8835,A1,2,13,0,1,0,0,0,0,0,0,0,0,0,0,1,2,0,0,0
8835,B0,0,2,14,5,0,0,0,0,0,0,0,0,0,0,1,2,3,12,18
8835,B1,2,1,1,1,0,0,0,0,0,0,0,0,0,0,1,2,65,225,68
8835,B2,5,0,3,12,0,0,0,0,0,0,0,0,0,0,1,2,4,30,4
8835,C1,13,4,1,0,0,0,0,0,0,0,0,0,0,0,1,2,2,8,2
8850,A1,5,14,0,1,0,0,0,0,0,0,0,0,0,0,1,2,0,0,0
8850,B0,0,2,13,2,0,0,0,0,0,0,0,0,0,0,1,2,3,12,18
8850,B1,4,1,1,1,0,0,0,0,0,0,0,0,0,0,1,2,65,225,68
8850,B2,4,0,1,9,0,0,0,0,0,0,0,0,0,0,1,2,4,30,4
8850,C1,14,5,2,0,0,0,0,0,0,0,0,0,0,0,1,2,2,8,2
8865,A1,3,14,0,5,0,0,0,0,0,0,0,0,0,1,0,2,0,0,0
8865,B0,0,1,13,1,0,0,0,0,0,0,0,0,0,1,0,1,3,12,18
8865,B1,5,1,1,1,0,0,0,0,0,0,0,0,0,1,0,2,65,225,68
8865,B2,2,0,2,9,0,0,0,0,0,0,0,0,0,1,0,2,4,30,4
8865,C1,14,3,4,0,0,0,0,0,0,0,0,0,0,1,0,2,2,8,2
8880,A1,1,14,0,8,0,0,0,0,0,0,0,0,0,1,0,2,0,0,0
8880,B0,0,1,14,2,0,0,0,0,0,0,0,0,0,1,0,2,3,12,18
8880,B1,6,1,1,1,0,0,0,0,0,0,0,0,0,1,0,2,65,225,68
8880,B2,1,0,4,9,0,0,0,0,0,0,0,0,0,1,0,2,4,30,4
8880,C1,14,2,5,0,0,0,0,0,0,0,0,0,0,1,0,2,2,8,2
8895,A1,2,13,0,7,0,0,0,0,0,0,0,0,0,0,1,2,0,0,0
8895,B0,0,2,14,1,0,0,0,0,0,0,0,0,0,0,1,2,3,12,18
8895,B1,4,1,1,1,0,0,0,0,0,0,0,0,0,0,1,2,65,225,68
8895,B2,1,0,5,9,0,0,0,0,0,0,0,0,0,0,1,2,4,30,4
8895,C1,13,1,6,0,0,0,0,0,0,0,0,0,0,0,1,2,2,8,2
8910,A1,4,14,0,2,0,0,0,0,0,0,0,0,0,0,1,2,0,0,0
8910,B0,0,2,10,1,0,0,0,0,0,0,0,0,0,0,1,2,3,12,18
8910,B1,4,1,1,1,0,0,0,0,0,0,0,0,0,0,1,2,65,225,68
8910,B2,3,0,2,8,0,0,0,0,0,0,0,0,0,0,1,2,4,30,4
8910,C1,14,5,1,0,0,0,0,0,0,0,0,0,0,0,1,2,2,8,2
8925,A1,5,14,0,1,0,0,0,0,0,0,0,0,0,1,0,2,0,0,0
8925,B0,0,1,9,1,0,0,0,0,0,0,0,0,0,1,0,2,3,12,18
8925,B1,5,2,1,1,0,0,0,0,0,0,0,0,0,1,0,2,65,225,68
8925,B2,4,0,1,5,0,0,0,0,0,0,0,0,0,1,0,2,4,30,4
8925,C1,14,7,1,0,0,0,0,0,0,0,0,0,0,1,0,2,2,8,2
8940,A1,1,14,0,1,0,0,0,0,0,0,0,0,0,1,0,2,0,0,0
8940,B0,0,1,14,6,0,0,0,0,0,0,0,0,0,1,0,2,3,12,18
8940,B1,3,1,1,1,0,0,0,0,0,0,0,0,0,1,0,2,65,225,68
8940,B2,1,0,4,4,0,0,0,0,0,0,0,0,0,1,0,2,4,30,4
8940,C1,14,2,2,0,0,0,0,0,0,0,0,0,0,1,0,2,2,8,2
8955,A1,1,10,0,2,0,0,0,0,0,0,0,0,0,1,0,2,0,0,0
8955,B0,0,1,14,9,0,0,0,0,0,0,0,0,0,1,0,1,3,12,18
8955,B1,1,1,2,1,0,0,0,0,0,0,0,0,0,1,0,2,65,225,68
8955,B2,2,0,6,6,0,0,0,0,0,0,0,0,0,1,0,2,4,30,4
8955,C1,11,1,2,0,0,0,0,0,0,0,0,0,0,1,0,2,2,8,2
8970,A1,2,13,0,1,0,0,0,0,0,0,0,0,0,0,1,2,0,0,0
8970,B0,0,1,14,6,0,0,0,0,0,0,0,0,0,0,1,2,3,12,18
8970,B1,1,1,2,1,0,0,0,0,0,0,0,0,0,0,1,2,65,225,68
8970,B2,2,0,1,7,0,0,0,0,0,0,0,0,0,0,1,2,4,30,4
8970,C1,13,5,1,0,0,0,0,0,0,0,0,0,0,0,1,2,2,8,2
8985,A1,3,14,0,1,0,0,0,0,0,0,0,0,0,0,1,2,0,0,0
8985,B0,0,2,14,1,0,0,0,0,0,0,0,0,0,0,1,2,3,12,18
8985,B1,2,2,1,1,0,0,0,0,0,0,0,0,0,0,1,2,65,225,68
8985,B2,3,0,2,6,0,0,0,0,0,0,0,0,0,0,1,2,4,30,4
8985,C1,14,6,2,0,0,0,0,0,0,0,0,0,0,0,1,2,2,8,2
9000,A1,1,13,0,2,0,0,0,0,0,0,0,0,0,1,0,2,0,0,0
9000,B0,0,1,13,3,0,0,0,0,0,0,0,0,0,1,0,2,3,12,18
9000,B1,2,1,1,1,0,0,0,0,0,0,0,0,0,1,0,2,66,230,69
9000,B2,2,0,4,6,0,0,0,0,0,0,0,0,0,1,0,2,4,30,4
9000,C1,14,4,3,0,0,0,0,0,0,0,0,0,0,1,0,2,2,8,2
9015,A1,1,9,0,4,0,0,0,0,0,0,0,0,0,1,0,2,0,0,0
9015,B0,0,1,14,5,0,0,0,0,0,0,0,0,0,1,0,2,3,12,18
9015,B1,2,2,1,1,0,0,0,0,0,0,0,0,0,1,0,2,66,230,69
9015,B2,1,0,6,8,0,0,0,0,0,0,0,0,0,1,0,1,4,30,4
9015,C1,12,3,4,0,0,0,0,0,0,0,0,0,0,1,0,2,2,8,2
9030,A1,4,11,0,4,0,0,0,0,0,0,0,0,0,0,1,2,0,0,0
9030,B0,0,1,14,2,0,0,0,0,0,0,0,0,0,0,1,2,3,12,18
9030,B1,1,1,1,3,0,0,0,0,0,0,0,0,0,0,1,2,66,230,69
9030,B2,1,0,4,7,0,0,0,0,0,0,0,0,0,0,1,2,4,30,4
9030,C1,12,3,1,0,0,0,0,0,0,0,0,0,0,0,1,2,2,8,2
9045,A1,6,14,0,1,0,0,0,0,0,0,0,0,0,0,1,2,0,0,0
9045,B0,0,2,14,1,0,0,0,0,0,0,0,0,0,0,1,2,3,12,18
9045,B1,1,1,3,2,0,0,0,0,0,0,0,0,0,0,1,2,66,230,69
9045,B2,1,0,1,7,0,0,0,0,0,0,0,0,0,0,1,2,4,30,4
9045,C1,14,5,2,0,0,0,0,0,0,0,0,0,0,0,1,2,2,8,2
9060,A1,6,14,0,1,0,0,0,0,0,0,0,0,0,1,0,2,0,0,0
9060,B0,0,1,13,1,0,0,0,0,0,0,0,0,0,1,0,1,3,12,18
9060,B1,1,1,1,1,0,0,0,0,0,0,0,0,0,1,0,2,66,230,69
9060,B2,1,0,2,7,0,0,0,0,0,0,0,0,0,1,0,2,4,30,4
9060,C1,14,5,3,0,0,0,0,0,0,0,0,0,0,1,0,2,2,8,2
9075,A1,2,14,0,2,0,0,0,0,0,0,0,0,0,1,0,2,0,0,0
9075,B0,0,2,14,2,0,0,0,0,0,0,0,0,0,1,0,2,3,12,18
9075,B1,2,2,1,1,0,0,0,0,0,0,0,0,0,1,0,2,66,230,69
9075,B2,1,0,3,8,0,0,0,0,0,0,0,0,0,1,0,2,4,30,4
9075,C1,14,1,5,0,0,0,0,0,0,0,0,0,0,1,0,2,2,8,2
9090,A1,2,10,0,3,0,0,0,0,0,0,0,0,1,0,1,2,0,0,0
9090,B0,0,1,14,2,0,0,0,0,0,0,0,0,0,0,1,2,3,12,18
9090,B1,1,1,2,1,0,0,0,1,0,0,0,0,0,0,1,1,67,235,69
9090,B2,1,0,4,9,0,0,0,0,0,0,0,0,0,0,1,2,4,30,4
9090,C1,12,2,4,0,0,0,0,0,0,0,0,0,0,0,1,2,2,8,2
9105,A1,3,14,0,1,0,0,0,0,0,0,0,0,0,0,1,2,0,0,0
9105,B0,0,1,11,3,0,0,0,0,0,0,0,0,0,0,1,2,3,12,18
9105,B1,1,1,1,2,0,0,0,0,0,0,0,0,0,0,1,2,67,235,70
9105,B2,2,0,1,9,0,0,0,0,0,0,0,0,0,0,1,2,4,30,4
9105,C1,14,6,1,0,0,0,0,0,0,0,0,0,0,0,1,2,2,8,2
9120,A1,5,14,0,3,0,0,0,0,0,0,0,0,0,0,1,2,0,0,0
9120,B0,0,1,12,2,0,0,0,0,0,0,0,0,0,0,1,2,3,12,18
9120,B1,1,2,1,1,0,0,0,0,0,0,0,0,0,0,1,2,67,235,70
9120,B2,3,0,2,6,0,0,0,0,0,0,0,0,0,0,1,2,4,30,4
9120,C1,14,8,1,0,0,0,0,0,0,0,0,0,0,0,1,2,2,8,2
9135,A1,1,13,0,3,0,0,0,0,0,0,0,0,0,1,0,2,0,0,0
9135,B0,0,1,14,5,0,0,0,0,0,0,0,0,0,1,0,2,3,12,18
9135,B1,3,1,1,1,0,0,0,0,0,0,0,0,0,1,0,2,68,236,71
9135,B2,1,0,4,7,0,0,0,0,0,0,0,0,0,1,0,2,4,30,4
9135,C1,14,3,2,0,0,0,0,0,0,0,0,0,0,1,0,2,2,8,2
9150,A1,1,10,0,3,0,0,0,0,0,0,0,0,0,1,0,2,0,0,0
9150,B0,0,1,14,6,0,0,0,0,0,0,0,0,0,1,0,2,3,12,18
9150,B1,1,3,2,1,0,0,0,0,0,0,0,0,0,1,0,2,68,236,71
9150,B2,1,0,6,8,0,0,0,0,0,0,0,0,0,1,0,1,4,30,4
9150,C1,11,1,2,0,0,0,0,0,0,0,0,0,0,1,0,2,2,8,2
9165,A1,1,13,0,1,0,0,0,0,0,0,0,0,0,0,1,2,1,14,3
9165,B0,0,1,14,4,0,0,0,0,0,0,0,0,0,0,1,2,3,12,18
9165,B1,1,2,1,1,0,0,0,0,0,0,0,0,0,0,1,2,68,236,71
9165,B2,4,0,5,8,0,0,0,0,0,0,0,0,0,0,1,2,4,30,4
9165,C1,12,4,1,0,0,0,0,0,0,0,0,0,0,0,1,2,2,8,2
9180,A1,3,14,0,1,0,0,0,0,0,0,0,0,0,0,1,2,1,14,3
9180,B0,0,2,13,2,0,0,0,0,0,0,0,0,0,0,1,2,3,12,18
9180,B1,1,2,1,1,0,0,0,0,0,0,0,0,0,0,1,2,68,236,71
9180,B2,7,0,1,9,0,0,0,0,0,0,0,0,0,0,1,2,4,30,4
9180,C1,14,5,2,0,0,0,0,0,0,0,0,0,0,0,1,2,2,8,2
9195,A1,1,14,0,2,0,0,0,0,0,0,0,0,0,1,0,2,1,14,3
9195,B0,0,3,13,3,0,0,0,0,0,0,0,0,0,1,0,2,3,12,18
9195,B1,2,1,1,2,0,0,0,0,0,0,0,0,0,1,0,2,68,236,71
9195,B2,5,0,3,8,0,0,0,0,0,0,0,0,0,1,0,2,4,30,4
9195,C1,14,4,2,0,0,0,0,0,0,0,0,0,0,1,0,2,2,8,2
9210,A1,1,12,0,2,0,0,0,0,0,0,0,0,0,1,0,2,1,14,3
9210,B0,0,3,13,4,0,0,0,0,0,0,0,0,0,1,0,2,3,12,18
9210,B1,4,1,1,1,0,0,0,0,0,0,0,0,0,1,0,2,68,236,71
9210,B2,1,0,3,8,0,0,0,0,0,0,0,0,0,1,0,2,4,30,4
9210,C1,13,2,3,0,0,0,0,0,0,0,0,0,0,1,0,2,2,8,2
9225,A1,1,11,0,1,0,0,0,0,0,0,0,0,0,0,1,2,1,14,3
9225,B0,0,3,14,2,0,0,0,0,0,0,0,0,0,0,1,2,3,12,18
9225,B1,1,1,1,3,0,0,0,0,0,0,0,0,0,0,1,2,68,236,71
9225,B2,1,0,1,8,0,0,0,0,0,0,0,0,0,0,1,2,4,30,4
9225,C1,13,3,3,0,0,0,0,0,0,0,0,0,0,0,1,2,2,8,2
9240,A1,6,14,0,1,0,0,0,0,0,0,0,0,0,0,1,2,1,14,3
9240,B0,0,4,11,1,0,0,0,0,0,0,0,0,0,0,1,2,3,12,18
9240,B1,1,1,2,1,0,0,0,0,0,0,0,0,0,0,1,2,68,236,71
9240,B2,4,0,1,4,0,0,0,0,0,0,0,0,0,0,1,2,4,30,4
9240,C1,14,6,1,0,0,0,0,0,0,0,0,0,0,0,1,2,2,8,2
9255,A1,7,14,0,1,0,0,0,0,0,0,0,0,0,1,0,2,1,14,3
9255,B0,0,4,11,1,0,0,0,0,0,0,0,0,0,1,0,2,3,12,18
9255,B1,1,1,1,1,0,0,0,0,0,0,0,0,0,1,0,2,69,238,72
9255,B2,5,0,2,1,0,0,0,0,0,0,0,0,0,1,0,2,4,30,4
9255,C1,14,7,1,0,0,0,0,0,0,0,0,0,0,1,0,2,2,8,2
9270,A1,1,14,0,3,0,0,0,0,0,0,0,0,0,1,0,2,1,14,3
9270,B0,0,1,13,3,0,0,0,0,0,0,0,0,0,1,0,2,3,12,18
9270,B1,2,2,1,1,0,0,0,0,0,0,0,0,0,1,0,2,69,238,72
9270,B2,1,0,3,2,0,0,0,0,0,0,0,0,0,1,0,2,4,30,4
9270,C1,14,3,2,0,0,0,0,0,0,0,0,0,0,1,0,2,2,8,2
9285,A1,1,12,0,3,0,0,0,0,0,0,0,0,0,1,0,2,1,14,3
9285,B0,0,2,13,5,0,0,0,0,0,0,0,0,0,1,0,2,3,12,18
9285,B1,1,1,1,1,0,0,0,0,0,0,0,0,0,1,0,2,69,238,72
9285,B2,3,0,5,3,0,0,0,0,0,0,0,0,0,1,0,2,4,30,4
9285,C1,13,2,2,0,0,0,0,0,0,0,0,0,0,1,0,2,2,8,2
9300,A1,3,13,0,1,0,0,0,0,0,0,0,0,0,0,1,2,1,14,3
9300,B0,0,2,14,2,0,0,0,0,0,0,0,0,0,0,1,2,3,12,18
9300,B1,1,1,4,2,0,0,0,0,0,0,0,0,0,0,1,2,69,238,72
9300,B2,3,0,1,1,0,0,0,0,0,0,0,0,0,0,1,2,4,30,4
9300,C1,14,2,1,0,0,0,0,0,0,0,0,0,0,0,1,2,2,8,2
9315,A1,3,14,0,1,0,0,0,0,0,0,0,0,0,0,1,2,1,14,3
9315,B0,0,3,12,1,0,0,0,0,0,0,0,0,0,0,1,2,3,12,18
9315,B1,1,1,2,1,0,0,0,0,0,0,0,0,0,0,1,2,69,238,72
9315,B2,5,0,2,1,0,0,0,0,0,0,0,0,0,0,1,2,4,30,4
9315,C1,14,4,1,0,0,0,0,0,0,0,0,0,0,0,1,2,2,8,2
9330,A1,2,14,0,3,0,0,0,0,0,0,0,0,0,1,0,2,1,14,3
9330,B0,0,2,12,5,0,0,0,0,0,0,0,0,0,1,0,2,3,12,18
9330,B1,2,1,1,1,0,0,0,0,0,0,0,0,0,1,0,2,69,238,72
9330,B2,1,0,3,1,0,0,0,0,0,0,0,0,0,1,0,2,4,30,4
9330,C1,13,1,1,0,0,0,0,0,0,0,0,0,0,1,0,2,2,8,2
9345,A1,1,12,0,4,0,0,0,0,0,0,0,0,0,1,0,2,1,14,3
9345,B0,0,3,13,6,0,0,0,0,0,0,0,0,0,1,0,2,3,12,18
9345,B1,2,1,1,1,0,0,0,0,0,0,0,0,0,1,0,2,69,238,72
9345,B2,1,0,5,2,0,0,0,0,0,0,0,0,0,1,0,2,4,30,4
9345,C1,8,2,2,0,0,0,0,0,0,0,0,0,0,1,0,2,2,8,2
9360,A1,3,12,0,3,0,0,0,0,0,0,0,0,0,0,1,2,1,14,3
9360,B0,0,3,13,5,0,0,0,0,0,0,0,0,0,0,1,2,3,12,18
9360,B1,1,1,2,3,0,0,0,0,0,0,0,0,0,0,1,2,69,238,72
9360,B2,1,0,3,2,0,0,0,0,0,0,0,0,0,0,1,2,4,30,4
9360,C1,12,3,1,0,0,0,0,0,0,0,0,0,0,0,1,2,2,8,2
9375,A1,5,14,0,1,0,0,0,0,0,0,0,0,0,0,1,2,1,14,3
9375,B0,0,3,13,1,0,0,0,0,0,0,0,0,0,0,1,2,3,12,18
9375,B1,1,1,1,1,0,0,0,0,0,0,0,0,0,0,1,2,69,238,72
9375,B2,2,0,2,1,0,0,0,0,0,0,0,0,0,0,1,2,4,30,4
9375,C1,14,3,2,0,0,0,0,0,0,0,0,0,0,0,1,2,2,8,2
9390,A1,6,14,0,2,0,0,0,0,0,0,0,0,0,1,0,2,1,14,3
9390,B0,0,2,13,1,0,0,0,0,0,0,0,0,0,1,0,2,3,12,18
9390,B1,1,1,1,1,0,0,0,0,0,0,0,0,0,1,0,2,69,238,72
9390,B2,1,0,3,3,0,0,0,0,0,0,0,0,0,1,0,2,4,30,4
9390,C1,14,2,1,0,0,0,0,0,0,0,0,0,0,1,0,2,2,8,2
9405,A1,2,14,0,2,0,0,0,0,0,0,0,0,0,1,0,2,1,14,3
9405,B0,0,1,14,1,0,0,0,0,0,0,0,0,0,1,0,1,3,12,18
9405,B1,4,1,1,1,0,0,0,0,0,0,0,0,0,1,0,2,69,238,72
9405,B2,2,0,3,4,0,0,0,0,0,0,0,0,0,1,0,2,4,30,4
9405,C1,11,1,3,0,0,0,0,0,0,0,0,0,0,1,0,2,2,8,2
9420,A1,3,13,0,2,0,0,0,0,0,0,0,0,0,0,1,2,1,14,3
9420,B0,0,1,14,2,0,0,0,0,0,0,0,0,0,0,1,2,3,12,18
9420,B1,1,1,2,1,0,0,0,0,0,0,0,0,0,0,1,2,69,238,72
9420,B2,1,0,3,4,0,0,0,0,0,0,0,0,0,0,1,2,4,30,4
9420,C1,9,1,3,0,0,0,0,0,0,0,0,0,0,0,1,2,2,8,2
9435,A1,5,14,0,1,0,0,0,0,0,0,0,0,0,0,1,2,1,14,3
9435,B0,0,2,13,1,0,0,0,0,0,0,0,0,0,0,1,2,3,12,18
9435,B1,1,1,1,4,0,0,0,0,0,0,0,0,0,0,1,2,69,238,72
9435,B2,3,0,1,3,0,0,0,0,0,0,0,0,0,0,1,2,4,30,4
9435,C1,14,5,1,0,0,0,0,0,0,0,0,0,0,0,1,2,2,8,2
9450,A1,6,14,0,1,0,0,0,0,0,0,0,0,0,0,1,2,1,14,3
9450,B0,0,2,9,1,0,0,0,0,0,0,0,0,0,0,1,2,3,12,18
9450,B1,2,1,1,3,0,0,0,0,0,0,0,0,0,0,1,2,69,238,72
9450,B2,3,0,2,1,0,0,0,0,0,0,0,0,0,0,1,2,4,30,4
9450,C1,14,7,2,0,0,0,0,0,0,0,0,0,0,0,1,2,2,8,2
9465,A1,1,14,0,4,0,0,0,0,0,0,0,0,0,1,0,2,1,14,3
9465,B0,0,1,13,2,0,0,0,0,0,0,0,0,0,1,0,2,3,12,18
9465,B1,1,3,1,3,0,0,0,0,0,0,0,0,0,1,0,2,69,238,72
9465,B2,1,0,4,1,0,0,0,0,0,0,0,0,0,1,0,2,4,30,4
9465,C1,14,2,4,0,0,0,0,0,0,0,0,0,0,1,0,2,2,8,2
9480,A1,1,12,0,4,0,0,0,0,0,0,0,0,0,1,0,2,1,14,3
9480,B0,0,1,14,3,0,0,0,0,0,0,0,0,0,1,0,2,3,12,18
9480,B1,1,1,1,5,0,0,0,0,0,0,0,0,0,1,0,2,69,238,72
9480,B2,2,0,7,2,0,0,0,0,0,0,0,0,0,1,0,2,4,30,4
9480,C1,14,3,5,0,0,0,0,0,0,0,0,0,0,1,0,2,2,8,2
9495,A1,2,13,0,2,0,0,0,0,0,0,0,0,0,0,1,2,1,14,3
9495,B0,0,1,14,1,0,0,0,0,0,0,0,0,0,0,1,2,3,12,18
9495,B1,1,1,1,3,0,0,0,0,0,0,0,0,0,0,1,2,69,238,72
9495,B2,4,0,4,1,0,0,0,0,0,0,0,0,0,0,1,2,4,30,4
9495,C1,13,1,1,0,0,0,0,0,0,0,0,0,0,0,1,2,2,8,2
9510,A1,2,14,0,1,0,0,0,0,0,0,0,0,0,0,1,2,1,14,3
9510,B0,0,3,11,3,0,0,0,0,0,0,0,0,0,0,1,2,3,12,18
9510,B1,1,1,1,1,0,0,0,0,0,0,0,0,0,0,1,2,69,238,72
9510,B2,6,0,1,1,0,0,0,0,0,0,0,0,0,0,1,2,4,30,4
9510,C1,14,4,1,0,0,0,0,0,0,0,0,0,0,0,1,2,2,8,2
9525,A1,2,14,0,2,0,0,0,0,0,0,0,0,0,1,0,2,1,14,3
9525,B0,0,2,12,3,0,0,0,0,0,0,0,0,0,1,0,2,3,12,18
9525,B1,3,2,1,1,0,0,0,0,0,0,0,0,0,1,0,2,69,238,72
9525,B2,3,0,4,2,0,0,0,0,0,0,0,0,0,1,0,2,4,30,4
9525,C1,14,1,2,0,0,0,0,0,0,0,0,0,0,1,0,2,2,8,2
9540,A1,1,8,0,2,0,0,0,0,0,0,0,0,0,1,0,2,1,14,3
9540,B0,0,1,14,6,0,0,0,0,0,0,0,0,0,1,0,2,3,12,18
9540,B1,3,1,1,1,0,0,0,0,0,0,0,0,0,1,0,2,69,238,72
9540,B2,1,0,5,2,0,0,0,0,0,0,0,0,0,1,0,2,4,30,4
9540,C1,13,1,2,0,0,0,0,0,0,0,0,0,0,1,0,2,2,8,2
9555,A1,3,10,0,1,0,0,0,0,0,0,0,0,0,0,1,2,1,14,3
9555,B0,0,2,14,6,0,0,0,0,0,0,0,0,0,0,1,2,3,12,18
9555,B1,1,1,2,3,0,0,0,0,0,0,0,0,0,0,1,2,70,240,73
9555,B2,1,0,4,3,0,0,0,0,0,0,0,0,0,0,1,2,4,30,4
9555,C1,11,2,1,0,0,0,0,0,0,0,0,0,0,0,1,2,2,8,2
9570,A1,4,14,0,2,0,0,0,0,0,0,0,0,0,0,1,2,1,14,3
9570,B0,0,3,14,2,0,0,0,0,0,0,0,0,0,0,1,2,3,12,18
9570,B1,1,1,1,2,0,0,0,0,0,0,0,0,0,0,1,2,70,240,73
9570,B2,2,0,1,1,0,0,0,0,0,0,0,0,0,0,1,2,4,30,4
9570,C1,14,4,1,0,0,0,0,0,0,0,0,0,0,0,1,2,2,8,2
9585,A1,5,14,0,1,0,0,0,0,0,0,0,0,0,1,0,2,1,14,3
9585,B0,0,4,11,3,0,0,0,0,0,0,0,0,0,1,0,2,3,12,18
9585,B1,1,1,1,1,0,0,0,0,0,0,0,0,0,1,0,2,70,240,73
9585,B2,4,0,1,3,0,0,0,0,0,0,0,0,0,1,0,2,4,30,4
9585,C1,14,4,1,0,0,0,0,0,0,0,0,0,0,1,0,2,2,8,2
9600,A1,3,14,0,2,0,0,0,0,0,0,0,0,0,1,0,2,1,14,3
9600,B0,0,1,14,1,0,0,0,0,0,0,0,0,0,1,0,1,3,12,18
9600,B1,2,2,1,1,0,0,0,0,0,0,0,0,0,1,0,2,70,240,73
9600,B2,1,0,1,2,0,0,0,0,0,0,0,0,0,1,0,2,4,30,4
9600,C1,13,1,2,0,0,0,0,0,0,0,0,0,0,1,0,2,2,8,2
9615,A1,3,11,0,2,0,0,0,0,0,0,0,0,0,1,0,2,1,14,3
9615,B0,0,1,14,2,0,0,0,0,0,0,0,0,0,1,0,2,3,12,18
9615,B1,1,1,1,2,0,0,0,0,0,0,0,0,0,1,0,2,70,240,73
9615,B2,1,0,3,2,0,0,0,0,0,0,0,0,0,1,0,2,4,30,4
9615,C1,9,2,3,0,0,0,0,0,0,0,0,0,0,1,0,2,2,8,2
9630,A1,4,13,0,1,0,0,0,0,0,0,0,0,0,0,1,2,1,14,3
9630,B0,0,3,12,2,0,0,0,0,0,0,0,0,0,0,1,2,3,12,18
9630,B1,1,1,3,2,0,0,0,0,0,0,0,0,0,0,1,2,70,240,73
9630,B2,2,0,1,1,0,0,0,0,0,0,0,0,0,0,1,2,4,30,4
9630,C1,13,4,2,0,0,0,0,0,0,0,0,0,0,0,1,2,2,8,2
9645,A1,6,14,0,1,0,0,0,0,0,0,0,0,0,0,1,2,1,14,3
9645,B0,0,4,8,1,0,0,0,0,0,0,0,0,0,0,1,2,3,12,18
9645,B1,1,1,2,1,0,0,0,0,0,0,0,0,0,0,1,2,70,240,73
9645,B2,4,0,2,1,0,0,0,0,0,0,0,0,0,0,1,2,4,30,4
9645,C1,14,5,1,0,0,0,0,0,0,0,0,0,0,0,1,2,2,8,2
9660,A1,3,14,0,2,0,0,0,0,0,0,0,0,0,1,0,2,1,14,3
9660,B0,0,1,13,3,0,0,0,0,0,0,0,0,0,1,0,2,3,12,18
9660,B1,4,1,1,1,0,0,0,0,0,0,0,0,0,1,0,2,70,240,73
9660,B2,1,0,5,4,0,0,0,0,0,0,0,0,0,1,0,2,4,30,4
9660,C1,14,3,2,0,0,0,0,0,0,0,0,0,0,1,0,2,2,8,2
9675,A1,1,13,0,3,0,0,0,0,0,0,0,0,0,1,0,2,1,14,3
9675,B0,0,1,14,4,0,0,0,0,0,0,0,0,0,1,0,2,3,12,18
9675,B1,1,1,1,2,0,0,0,0,0,0,0,0,0,1,0,2,70,240,73
9675,B2,1,0,5,6,0,0,0,0,0,0,0,0,0,1,0,2,4,30,4
9675,C1,11,3,2,0,0,0,0,0,0,0,0,0,0,1,0,2,2,8,2
9690,A1,2,13,0,1,0,0,0,0,0,0,0,0,0,0,1,2,1,14,3
9690,B0,0,2,14,2,0,0,0,0,0,0,0,0,0,0,1,2,3,12,18
9690,B1,1,1,2,2,0,0,0,0,0,0,0,0,0,0,1,2,70,240,73
9690,B2,3,0,2,7,0,0,0,0,0,0,0,0,0,0,1,2,4,30,4
9690,C1,11,1,2,0,0,0,0,0,0,0,0,0,0,0,1,2,2,8,2
9705,A1,3,14,0,1,0,0,0,0,0,0,0,0,0,0,1,2,1,14,3
9705,B0,0,2,11,1,0,0,0,0,0,0,0,0,0,0,1,2,3,12,18
9705,B1,1,1,2,4,0,0,0,0,0,0,0,0,0,0,1,2,70,240,73
9705,B2,4,0,1,5,0,0,0,0,0,0,0,0,0,0,1,2,4,30,4
9705,C1,14,1,1,0,0,0,0,0,0,0,0,0,0,0,1,2,2,8,2
9720,A1,1,14,0,1,0,0,0,0,0,0,0,0,0,1,0,2,1,14,3
9720,B0,0,1,12,2,0,0,0,0,0,0,0,0,0,1,0,2,3,12,18
9720,B1,1,1,1,1,0,0,0,0,0,0,0,0,0,1,0,2,70,240,73
9720,B2,5,0,1,6,0,0,0,0,0,0,0,0,0,1,0,2,4,30,4
9720,C1,14,2,2,0,0,0,0,0,0,0,0,0,0,1,0,2,2,8,2
9735,A1,1,11,0,2,0,0,0,0,0,0,0,0,0,1,0,2,1,14,3
9735,B0,0,3,14,3,0,0,0,0,0,0,0,0,0,1,0,2,3,12,18
9735,B1,2,3,1,1,0,0,0,0,0,0,0,0,0,1,0,2,70,240,73
9735,B2,1,0,4,6,0,0,0,0,0,0,0,0,0,1,0,2,4,30,4
9735,C1,11,1,3,0,0,0,0,0,0,0,0,0,0,1,0,2,2,8,2
9750,A1,1,9,0,1,0,0,0,0,0,0,0,0,0,0,1,2,1,14,3
9750,B0,0,2,14,3,0,0,0,0,0,0,0,0,0,0,1,2,3,12,18
9750,B1,1,1,1,1,0,0,0,0,0,0,0,0,0,0,1,2,70,240,73
9750,B2,3,0,6,6,0,0,0,0,0,0,0,0,0,0,1,2,4,30,4
9750,C1,9,3,3,0,0,0,0,0,0,0,0,0,0,0,1,2,2,8,2
9765,A1,3,13,0,1,0,0,0,0,0,0,0,0,0,0,1,2,1,14,3
9765,B0,0,3,13,1,0,0,0,0,0,0,0,0,0,0,1,2,3,12,18
9765,B1,1,1,4,2,0,0,0,0,0,0,0,0,0,0,1,2,70,240,73
9765,B2,4,0,1,7,0,0,0,0,0,0,0,0,0,0,1,2,4,30,4
9765,C1,14,4,1,0,0,0,0,0,0,0,0,0,0,0,1,2,2,8,2
9780,A1,6,14,0,2,0,0,0,0,0,0,0,0,0,0,1,2,1,14,3
9780,B0,0,3,11,1,0,0,0,0,0,0,0,0,0,0,1,2,3,12,18
9780,B1,1,2,1,1,0,0,0,0,0,0,0,0,0,0,1,2,70,240,73
9780,B2,4,0,3,10,0,0,0,0,0,0,0,0,0,0,1,2,4,30,4
9780,C1,14,5,1,0,0,0,0,0,0,0,0,0,0,0,1,2,2,8,2
9795,A1,2,14,0,3,0,0,0,0,0,0,0,0,0,1,0,2,1,14,3
9795,B0,0,1,13,1,0,0,0,0,0,0,0,0,0,1,0,1,3,12,18
9795,B1,1,2,1,1,0,0,0,0,0,0,0,0,0,1,0,2,71,241,74
9795,B2,1,0,4,9,0,0,0,0,0,0,0,0,0,1,0,2,4,30,4
9795,C1,14,1,3,0,0,0,0,0,0,0,0,0,0,1,0,2,2,8,2
9810,A1,3,14,0,5,0,0,0,0,0,0,0,0,0,1,0,2,1,14,3
9810,B0,0,1,14,1,0,0,0,0,0,0,0,0,0,1,0,1,3,12,18
9810,B1,1,2,2,1,0,0,0,0,0,0,0,0,0,1,0,2,71,241,74
9810,B2,1,0,5,11,0,0,0,0,0,0,0,0,0,1,0,1,4,30,4
9810,C1,14,2,5,0,0,0,0,0,0,0,0,0,0,1,0,2,2,8,2
9825,A1,3,13,0,2,0,0,0,0,0,0,0,0,0,0,1,2,1,14,3
9825,B0,0,1,14,1,0,0,0,0,0,0,0,0,0,0,1,2,3,12,18
9825,B1,1,1,1,1,0,0,0,0,0,0,0,0,0,0,1,2,71,241,74
9825,B2,4,0,2,11,0,0,0,0,0,0,0,0,0,0,1,2,4,30,4
9825,C1,13,5,1,0,0,0,0,0,0,0,0,0,0,0,1,2,2,8,2
9840,A1,3,14,0,1,0,0,0,0,0,0,0,0,0,0,1,2,1,14,3
9840,B0,0,2,11,3,0,0,0,0,0,0,0,0,0,0,1,2,3,12,18
9840,B1,1,1,1,1,0,0,0,0,0,0,0,0,0,0,1,2,71,241,74
9840,B2,4,0,1,10,0,0,0,0,0,0,0,0,0,0,1,2,4,30,4
9840,C1,14,9,1,0,0,0,0,0,0,0,0,0,0,0,1,2,2,8,2
9855,A1,3,14,0,1,0,0,0,0,0,0,0,0,0,1,0,2,1,14,3
9855,B0,0,2,12,3,0,0,0,0,0,0,0,0,0,1,0,2,3,12,18
9855,B1,1,2,1,1,0,0,0,0,0,0,0,0,0,1,0,2,73,253,76
9855,B2,2,0,5,10,0,0,0,0,0,0,0,0,0,1,0,1,4,30,4
9855,C1,14,5,2,0,0,0,0,0,0,0,0,0,0,1,0,2,2,8,2
9870,A1,1,11,0,2,0,0,0,0,0,0,0,0,0,1,0,2,1,14,3
9870,B0,0,1,14,5,0,0,0,0,0,0,0,0,0,1,0,2,3,12,18
9870,B1,2,2,1,1,0,0,0,0,0,0,0,0,0,1,0,2,73,253,76
9870,B2,1,0,7,10,0,0,0,0,0,0,0,0,0,1,0,1,4,30,4
9870,C1,13,2,2,0,0,0,0,0,0,0,0,0,0,1,0,2,2,8,2
9885,A1,1,10,0,1,0,0,0,0,0,0,0,0,0,0,1,2,1,14,3
9885,B0,0,1,14,4,0,0,0,0,0,0,0,0,0,0,1,2,3,12,18
9885,B1,1,1,1,3,0,0,0,0,0,0,0,0,0,0,1,2,73,253,76
9885,B2,1,0,6,13,0,0,0,0,0,0,0,0,0,0,1,2,4,30,4
9885,C1,12,2,1,0,0,0,0,0,0,0,0,0,0,0,1,2,2,8,2
9900,A1,2,14,0,1,0,0,0,0,0,0,0,0,0,0,1,2,1,14,3
9900,B0,0,2,12,2,0,0,0,0,0,0,0,0,0,0,1,2,3,12,18
9900,B1,1,1,2,1,0,0,0,0,0,0,0,0,0,0,1,2,73,253,76
9900,B2,2,0,3,13,0,0,0,0,0,0,0,0,0,0,1,2,4,30,4
9900,C1,14,4,1,0,0,0,0,0,0,0,0,0,0,0,1,2,2,8,2
9915,A1,1,14,0,1,0,0,0,0,0,0,0,0,0,1,0,2,1,14,3
9915,B0,0,2,12,2,0,0,0,0,0,0,0,0,0,1,0,2,3,12,18
9915,B1,2,1,1,1,0,0,0,0,0,0,0,0,0,1,0,2,73,253,76
9915,B2,3,0,2,13,0,0,0,0,0,0,0,0,0,1,0,2,4,30,4
9915,C1,14,6,1,0,0,0,0,0,0,0,0,0,0,1,0,2,2,8,2
9930,A1,1,10,0,1,0,0,0,0,0,0,0,0,0,1,0,2,1,14,3
9930,B0,0,1,14,7,0,0,0,0,0,0,0,0,0,1,0,2,3,12,18
9930,B1,2,2,1,1,0,0,0,0,0,0,0,0,0,1,0,2,73,253,76
9930,B2,1,0,6,13,0,0,0,0,0,0,0,0,0,1,0,1,4,30,4
9930,C1,14,2,1,0,0,0,0,0,0,0,0,0,0,1,0,2,2,8,2
9945,A1,1,11,0,3,0,0,0,0,0,0,0,0,0,1,0,2,1,14,3
9945,B0,0,1,14,7,0,0,0,0,0,0,0,0,0,1,0,2,3,12,18
9945,B1,2,1,3,2,0,0,0,0,0,0,0,0,0,1,0,2,73,253,76
9945,B2,2,0,6,14,0,0,0,0,0,0,0,0,0,1,0,1,4,30,4
9945,C1,12,1,3,0,0,0,0,0,0,0,0,0,0,1,0,2,2,8,2
9960,A1,2,14,0,1,0,0,0,0,0,0,0,0,0,0,1,2,1,14,3
9960,B0,0,2,14,3,0,0,0,0,0,0,0,0,0,0,1,2,3,12,18
9960,B1,2,1,3,3,0,0,0,0,0,0,0,0,0,0,1,2,73,253,76
9960,B2,2,0,1,14,0,0,0,0,0,0,0,0,0,0,1,2,4,30,4
9960,C1,13,3,1,0,0,0,0,0,0,0,0,0,0,0,1,2,2,8,2
9975,A1,3,14,0,1,0,0,0,0,0,0,0,0,0,0,1,2,1,14,3
9975,B0,0,2,14,1,0,0,0,0,0,0,0,0,0,0,1,2,3,12,18
9975,B1,3,1,1,1,0,0,0,0,0,0,0,0,0,0,1,2,73,253,76
9975,B2,2,0,2,9,0,0,0,0,0,0,0,0,0,0,1,2,4,30,4
9975,C1,14,7,3,0,0,0,0,0,0,0,0,0,0,0,1,2,2,8,2
9990,A1,1,14,0,2,0,0,0,0,0,0,0,0,0,1,0,2,1,14,3
9990,B0,0,2,13,2,0,0,0,0,0,0,0,0,0,1,0,2,3,12,18
9990,B1,1,1,1,1,0,0,0,0,0,0,0,0,0,1,0,2,73,253,76
9990,B2,1,0,1,9,0,0,0,0,0,0,0,0,0,1,0,2,4,30,4
9990,C1,14,4,4,0,0,0,0,0,0,0,0,0,0,1,0,2,2,8,2
