time_of_info,tls_id,count_to_r,count_to_l,count_to_b,count_to_t,count_stuck_middle,count_stuck_to_r,count_stuck_to_l,count_stuck_to_b,count_stuck_to_t,is_jam_next_l,is_jam_next_r,is_jam_next_t,is_jam_next_b,is_green_horizontal,is_green_vertical,y,jams_count,jams_time,jams_car_count
10,A1,0,0,0,0,0,0,0,0,0,0,0,0,0,1,0,2,0,0,0
10,B0,0,0,0,0,0,0,0,0,0,0,0,0,0,1,0,2,0,0,0
10,B1,0,0,0,0,0,0,0,0,0,0,0,0,0,1,0,2,0,0,0
10,B2,0,0,0,0,0,0,0,0,0,0,0,0,0,1,0,2,0,0,0
10,C1,0,0,0,0,0,0,0,0,0,0,0,0,0,1,0,2,0,0,0
20,A1,0,0,0,0,0,0,0,0,0,0,0,0,0,1,0,2,0,0,0
20,B0,0,0,0,0,0,0,0,0,0,0,0,0,0,1,0,2,0,0,0
20,B1,0,0,0,0,0,0,0,0,0,0,0,0,0,1,0,2,0,0,0
20,B2,0,0,0,0,0,0,0,0,0,0,0,0,0,1,0,2,0,0,0
20,C1,0,0,0,0,0,0,0,0,0,0,0,0,0,1,0,2,0,0,0
30,A1,2,1,0,1,0,0,0,0,0,0,0,0,0,1,0,2,0,0,0
30,B0,0,1,2,1,0,0,0,0,0,0,0,0,0,1,0,2,0,0,0
30,B1,1,2,1,1,0,0,0,0,0,0,0,0,0,1,0,2,0,0,0
30,B2,2,0,2,1,0,0,0,0,0,0,0,0,0,1,0,2,0,0,0
30,C1,1,2,1,0,0,0,0,0,0,0,0,0,0,1,0,2,0,0,0
40,A1,1,2,0,3,0,0,0,0,0,0,0,0,0,1,0,2,0,0,0
40,B0,0,2,4,2,0,0,0,0,0,0,0,0,0,1,0,2,0,0,0
40,B1,2,3,1,2,0,0,0,0,0,0,0,0,0,1,0,2,0,0,0
40,B2,2,0,2,3,0,0,0,0,0,0,0,0,0,1,0,2,0,0,0
40,C1,2,1,2,0,0,0,0,0,0,0,0,0,0,1,0,2,0,0,0
50,A1,2,3,0,3,0,0,0,0,0,0,0,0,0,0,1,2,0,0,0
50,B0,0,3,5,1,0,0,0,0,0,0,0,0,0,0,1,2,0,0,0
50,B1,3,2,3,3,0,0,0,0,0,0,0,0,0,0,1,2,0,0,0
50,B2,5,0,1,5,0,0,0,0,0,0,0,0,0,0,1,2,0,0,0
50,C1,4,3,3,0,0,0,0,0,0,0,0,0,0,0,1,2,0,0,0
60,A1,3,6,0,2,0,0,0,0,0,0,0,0,0,0,1,2,0,0,0
60,B0,0,4,5,2,0,0,0,0,0,0,0,0,0,0,1,2,0,0,0
60,B1,3,4,5,2,0,0,0,0,0,0,0,0,0,0,1,2,0,0,0
60,B2,5,0,2,6,0,0,0,0,0,0,0,0,0,0,1,2,0,0,0
60,C1,5,4,3,0,0,0,0,0,0,0,0,0,0,0,1,2,0,0,0
70,A1,6,8,0,2,0,0,0,0,0,0,0,0,0,1,0,2,0,0,0
70,B0,0,6,6,2,0,0,0,0,0,0,0,0,0,1,0,2,0,0,0
70,B1,3,4,4,2,0,0,0,0,0,0,0,0,0,1,0,2,0,0,0
70,B2,6,0,3,6,0,0,0,0,0,0,0,0,0,1,0,2,0,0,0
70,C1,7,5,2,0,0,0,0,0,0,0,0,0,0,1,0,2,0,0,0
80,A1,3,11,0,7,0,0,0,0,0,0,0,0,0,1,0,2,0,0,0
80,B0,0,4,6,4,0,0,0,0,0,0,0,0,0,1,0,2,0,0,0
80,B1,2,3,5,4,0,0,0,0,0,0,0,0,0,1,0,2,0,0,0
80,B2,5,0,3,7,0,0,0,0,0,0,0,0,0,1,0,2,0,0,0
80,C1,10,3,3,0,0,0,0,0,0,0,0,0,0,1,0,2,0,0,0
90,A1,2,12,0,9,0,0,0,0,0,0,0,0,0,1,0,2,0,0,0
90,B0,0,4,7,6,0,0,0,0,0,0,0,0,0,1,0,2,0,0,0
90,B1,2,2,5,4,0,0,0,0,0,0,0,0,0,1,0,2,0,0,0
90,B2,2,0,5,8,0,0,0,0,0,0,0,0,0,1,0,2,0,0,0
90,C1,11,2,4,0,0,0,0,0,0,0,0,0,0,1,0,2,0,0,0
100,A1,4,13,0,6,0,0,0,0,0,0,0,0,0,0,1,2,0,0,0
100,B0,0,6,12,6,0,0,0,0,0,0,0,0,0,0,1,2,0,0,0
100,B1,2,3,5,2,0,0,0,0,0,0,0,0,0,0,1,2,0,0,0
100,B2,3,0,3,9,0,0,0,0,0,0,0,0,0,0,1,2,0,0,0
100,C1,11,3,2,0,0,0,0,0,0,0,0,0,0,0,1,2,0,0,0
110,A1,7,14,0,6,0,0,0,0,0,0,0,0,0,0,1,2,0,0,0
110,B0,0,6,11,4,0,0,0,0,0,0,0,0,0,0,1,2,0,0,0
110,B1,2,3,2,1,0,0,0,0,0,0,0,0,0,0,1,2,0,0,0
110,B2,3,0,1,11,0,0,0,0,0,0,0,0,0,0,1,2,0,0,0
110,C1,11,5,1,0,0,0,0,0,0,0,0,0,0,0,1,2,0,0,0
120,A1,7,12,0,8,0,0,0,0,0,0,0,0,0,1,0,2,0,0,0
120,B0,0,5,13,5,0,0,0,0,0,0,1,0,0,1,0,1,0,0,0
120,B1,1,2,2,3,0,1,0,0,0,0,0,0,0,1,0,2,1,12,0
120,B2,1,0,3,13,0,0,0,0,0,0,0,0,0,1,0,2,0,0,0
120,C1,14,8,1,0,0,0,0,0,0,0,0,0,0,1,0,2,0,0,0
130,A1,6,12,0,9,0,0,0,0,0,0,0,0,0,1,0,2,0,0,0
130,B0,0,2,13,8,0,0,0,0,0,0,0,0,0,1,0,1,0,0,0
130,B1,1,2,2,3,0,0,0,0,0,0,0,0,0,1,0,2,1,28,2
130,B2,3,0,6,12,0,0,0,0,0,0,0,0,0,1,0,2,0,0,0
130,C1,13,5,1,0,0,0,0,0,0,0,0,0,0,1,0,2,0,0,0
140,A1,7,13,0,9,0,0,0,0,0,0,0,0,0,0,1,2,0,0,0
140,B0,0,2,13,9,0,0,0,0,0,0,0,0,0,0,1,2,0,0,0
140,B1,2,3,2,2,0,0,0,0,0,0,0,0,0,0,1,2,1,28,2
140,B2,5,0,7,12,0,0,0,0,0,0,0,0,0,0,1,2,0,0,0
140,C1,13,7,1,0,0,0,0,0,0,0,0,0,0,0,1,2,0,0,0
150,A1,9,13,0,8,0,0,0,0,0,0,0,0,0,0,1,2,0,0,0
150,B0,0,3,14,8,0,0,0,0,0,0,0,0,0,0,1,2,0,0,0
150,B1,2,3,2,2,0,0,0,0,0,0,0,0,0,0,1,2,1,28,2
150,B2,5,0,5,14,0,0,0,0,0,0,0,0,0,0,1,2,0,0,0
150,C1,13,9,1,0,0,0,0,0,0,0,0,0,0,0,1,2,0,0,0
160,A1,12,14,0,6,0,0,0,0,0,0,0,0,0,0,1,2,0,0,0
160,B0,0,4,13,7,0,0,0,0,0,0,0,0,0,0,1,2,0,0,0
160,B1,2,3,2,2,0,0,0,0,0,0,0,0,0,0,1,2,1,28,2
160,B2,5,0,5,13,0,0,0,0,0,0,0,0,0,0,1,2,0,0,0
160,C1,14,11,1,0,0,0,0,0,0,0,0,0,0,0,1,2,0,0,0
170,A1,10,14,0,8,0,0,0,0,0,0,0,0,0,1,0,2,0,0,0
170,B0,0,2,13,8,0,0,0,0,0,0,0,0,0,1,0,1,0,0,0
170,B1,1,5,2,2,0,0,0,0,0,0,0,0,0,1,0,2,1,28,2
170,B2,2,0,8,13,0,0,0,0,0,0,0,0,0,1,0,1,0,0,0
170,C1,12,10,1,0,0,0,0,0,0,0,0,0,0,1,0,2,0,0,0
180,A1,7,14,0,8,0,0,0,0,0,0,0,0,0,1,0,2,0,0,0
180,B0,0,1,14,9,0,0,0,0,0,0,0,0,0,1,0,1,0,0,0
180,B1,3,4,2,2,0,0,0,0,0,0,0,0,0,1,0,2,1,28,2
180,B2,2,0,9,14,0,0,0,0,0,0,0,0,0,1,0,1,0,0,0
180,C1,13,6,4,0,0,0,0,0,0,0,0,0,0,1,0,2,0,0,0
190,A1,10,13,0,7,0,0,0,0,0,0,0,0,0,0,1,2,0,0,0
190,B0,0,1,14,11,0,0,0,0,0,0,0,0,0,0,1,1,0,0,0
190,B1,2,4,1,1,0,0,0,0,0,0,0,0,0,0,1,2,1,28,2
190,B2,2,0,7,14,0,0,0,0,0,0,0,0,0,0,1,2,0,0,0
190,C1,13,10,2,0,0,0,0,0,0,0,0,0,0,0,1,2,0,0,0
200,A1,13,14,0,3,0,0,0,0,0,0,0,0,0,0,1,2,0,0,0
200,B0,0,2,14,7,0,0,0,0,0,0,0,0,0,0,1,2,0,0,0
200,B1,2,4,2,3,0,0,0,0,0,0,0,0,0,0,1,2,1,28,2
200,B2,2,0,5,14,0,0,0,0,0,0,0,0,0,0,1,2,0,0,0
200,C1,14,12,1,0,0,0,0,0,0,0,0,0,0,0,1,2,0,0,0
210,A1,13,14,0,2,0,0,0,0,0,0,0,0,0,1,0,2,0,0,0
210,B0,0,2,13,7,0,0,0,0,0,0,0,0,0,1,0,2,0,0,0
210,B1,1,4,1,1,0,0,0,0,0,0,0,0,0,1,0,2,1,28,2
210,B2,2,0,6,13,0,0,0,0,0,0,0,0,0,1,0,1,0,0,0
210,C1,13,13,2,0,0,0,0,0,0,0,0,0,0,1,0,2,0,0,0
220,A1,9,14,0,3,0,0,0,0,0,0,0,0,0,1,0,2,0,0,0
220,B0,0,1,13,8,0,0,0,0,0,0,0,0,0,1,0,1,0,0,0
220,B1,2,5,2,2,0,0,0,0,0,0,0,0,0,1,0,2,1,28,2
220,B2,2,0,7,13,0,0,0,0,0,0,0,0,0,1,0,1,0,0,0
220,C1,12,9,2,0,0,0,0,0,0,0,0,0,0,1,0,2,0,0,0
230,A1,8,13,0,3,0,0,0,0,0,0,0,0,0,0,1,2,0,0,0
230,B0,0,1,14,11,0,0,0,0,0,0,0,0,0,0,1,1,0,0,0
230,B1,3,5,2,2,0,0,0,0,0,0,0,0,0,0,1,2,1,28,2
230,B2,1,0,10,14,0,0,0,0,0,0,0,0,0,0,1,2,0,0,0
230,C1,13,8,2,0,0,0,0,0,0,0,0,0,0,0,1,2,0,0,0
240,A1,9,13,0,1,0,0,0,0,0,0,0,0,0,0,1,2,0,0,0
240,B0,0,1,14,9,0,0,0,0,0,0,0,0,0,0,1,1,0,0,0
240,B1,3,4,1,2,0,0,0,0,0,0,0,0,0,0,1,2,1,28,2
240,B2,2,0,6,14,0,0,0,0,0,0,0,0,0,0,1,2,0,0,0
240,C1,13,11,1,0,0,0,0,0,0,0,0,0,0,0,1,2,0,0,0
250,A1,12,14,0,1,0,0,0,0,0,0,0,0,0,0,1,2,0,0,0
250,B0,0,2,14,6,0,0,0,0,0,0,0,0,0,0,1,2,0,0,0
250,B1,3,4,1,1,0,0,0,0,0,0,0,0,0,0,1,2,1,28,2
250,B2,3,0,4,14,0,0,0,0,0,0,0,0,0,0,1,2,0,0,0
250,C1,14,13,1,0,0,0,0,0,0,0,0,0,0,0,1,2,0,0,0
260,A1,10,12,0,1,0,0,0,0,0,0,0,0,0,1,0,2,0,0,0
260,B0,0,1,13,8,0,0,0,0,0,0,0,0,0,1,0,1,0,0,0
260,B1,2,4,1,2,0,0,0,0,0,0,0,0,0,1,0,2,1,28,2
260,B2,3,0,7,13,0,0,0,0,0,0,0,0,0,1,0,2,0,0,0
260,C1,13,11,1,0,0,0,0,0,0,0,0,0,0,1,0,2,0,0,0
270,A1,7,12,0,3,0,0,0,0,0,0,0,0,0,1,0,2,0,0,0
270,B0,0,1,14,8,0,0,0,0,0,0,0,0,0,1,0,1,0,0,0
270,B1,1,4,1,2,0,0,0,0,0,0,0,0,0,1,0,2,1,28,2
270,B2,1,0,10,14,0,0,0,0,0,0,0,0,0,1,0,1,0,0,0
270,C1,13,7,5,0,0,0,0,0,0,0,0,0,0,1,0,2,0,0,0
280,A1,8,13,0,3,0,0,0,0,0,0,0,0,0,0,1,2,0,0,0
280,B0,0,2,13,8,0,0,0,0,0,0,0,0,0,0,1,2,0,0,0
280,B1,4,3,1,1,0,0,0,0,0,0,0,0,0,0,1,2,2,32,3
280,B2,2,0,11,14,0,0,0,0,0,0,0,0,0,0,1,2,0,0,0
280,C1,13,9,3,0,0,0,0,0,0,0,0,0,0,0,1,2,0,0,0
290,A1,9,14,0,1,0,0,0,0,0,0,0,0,0,0,1,2,0,0,0
290,B0,0,3,10,7,0,0,0,0,0,0,0,0,0,0,1,2,0,0,0
290,B1,4,3,1,1,0,0,0,0,0,0,0,0,0,0,1,2,2,32,3
290,B2,2,0,8,14,0,0,0,0,0,0,0,0,0,0,1,2,0,0,0
290,C1,13,12,1,0,0,0,0,0,0,0,0,0,0,0,1,2,0,0,0
300,A1,12,14,0,1,0,0,0,0,0,0,0,0,0,1,0,2,0,0,0
300,B0,0,4,11,7,0,0,0,0,0,0,1,0,0,1,0,1,0,0,0
300,B1,3,3,2,2,0,3,0,0,0,0,0,0,0,1,0,2,3,36,3
300,B2,3,0,9,13,0,0,0,0,0,0,0,0,0,1,0,2,0,0,0
300,C1,14,13,2,0,0,0,0,0,0,0,0,0,0,1,0,2,0,0,0
310,A1,9,14,0,2,0,0,0,0,0,0,0,0,0,1,0,2,0,0,0
310,B0,0,1,13,8,0,0,0,0,0,0,0,0,0,1,0,1,0,0,0
310,B1,2,5,1,1,0,0,0,0,0,0,0,0,0,1,0,2,3,45,7
310,B2,1,0,10,13,0,0,0,0,0,0,0,0,0,1,0,1,0,0,0
310,C1,14,10,2,0,0,0,0,0,0,0,0,0,0,1,0,2,0,0,0
320,A1,6,13,0,3,0,0,0,0,0,0,0,0,0,1,0,2,0,0,0
320,B0,0,1,14,9,0,0,0,0,0,0,0,0,0,1,0,1,0,0,0
320,B1,1,2,1,1,0,0,0,0,0,0,0,0,0,1,0,2,3,45,7
320,B2,1,0,11,14,0,0,0,0,0,0,0,0,0,1,0,1,0,0,0
320,C1,14,8,3,0,0,0,0,0,0,0,0,0,0,1,0,2,0,0,0
330,A1,6,13,0,1,0,0,0,0,0,0,0,0,0,0,1,2,0,0,0
330,B0,0,2,14,8,0,0,0,0,0,0,0,0,0,0,1,2,0,0,0
330,B1,2,2,1,1,0,0,0,0,0,0,0,0,0,0,1,2,3,45,7
330,B2,1,0,11,14,0,0,0,0,0,0,0,0,0,0,1,2,0,0,0
330,C1,13,11,2,0,0,0,0,0,0,0,0,0,0,0,1,2,0,0,0
340,A1,7,14,0,1,0,0,0,0,0,0,0,0,0,0,1,2,0,0,0
340,B0,0,4,14,6,0,0,0,0,0,0,0,0,0,0,1,2,0,0,0
340,B1,1,2,2,2,0,0,0,0,0,0,0,0,0,0,1,2,3,45,7
340,B2,2,0,8,14,0,0,0,0,0,0,0,0,0,0,1,2,0,0,0
340,C1,14,12,1,0,0,0,0,0,0,0,0,0,0,0,1,2,0,0,0
350,A1,8,14,0,1,0,0,0,0,0,0,0,0,0,1,0,2,0,0,0
350,B0,0,3,13,5,0,0,0,0,0,0,0,0,0,1,0,2,0,0,0
350,B1,1,1,3,2,0,0,0,0,0,0,0,0,0,1,0,2,3,45,7
350,B2,1,0,8,13,0,0,0,0,0,0,0,0,0,1,0,1,0,0,0
350,C1,14,12,2,0,0,0,0,0,0,0,0,0,0,1,0,2,0,0,0
360,A1,7,14,0,2,0,0,0,0,0,0,0,0,0,1,0,2,0,0,0
360,B0,0,1,14,7,0,0,0,0,0,0,0,0,0,1,0,2,0,0,0
360,B1,3,1,3,2,0,0,0,0,0,0,0,0,0,1,0,2,3,45,7
360,B2,3,0,9,14,0,0,0,0,0,0,0,0,0,1,0,2,0,0,0
360,C1,14,8,2,0,0,0,0,0,0,0,0,0,0,1,0,2,0,0,0
370,A1,5,13,0,2,0,0,0,0,0,0,0,0,0,0,1,2,0,0,0
370,B0,0,1,14,9,0,0,0,0,0,0,0,0,0,0,1,1,0,0,0
370,B1,1,1,4,3,0,0,0,0,0,0,0,0,0,0,1,2,3,45,7
370,B2,4,0,10,14,0,0,0,0,0,0,0,0,0,0,1,2,0,0,0
370,C1,13,9,2,0,0,0,0,0,0,0,0,0,0,0,1,2,0,0,0
380,A1,5,13,0,1,0,0,0,0,0,0,0,0,0,0,1,2,0,0,0
380,B0,0,2,14,6,0,0,0,0,0,0,0,0,0,0,1,2,0,0,0
380,B1,1,1,1,4,0,0,0,0,0,0,0,0,0,0,1,2,3,45,7
380,B2,6,0,8,14,0,0,0,0,0,0,0,0,0,0,1,2,0,0,0
380,C1,13,10,1,0,0,0,0,0,0,0,0,0,0,0,1,2,0,0,0
390,A1,7,14,0,3,0,0,0,0,0,0,0,0,0,0,1,2,0,0,0
390,B0,0,2,13,3,0,0,0,0,0,0,0,0,0,0,1,2,0,0,0
390,B1,1,1,1,3,0,0,0,0,0,0,0,0,0,0,1,2,3,45,7
390,B2,7,0,5,13,0,0,0,0,0,0,0,0,0,0,1,2,0,0,0
390,C1,14,12,1,0,0,0,0,0,0,0,0,0,0,0,1,2,0,0,0
400,A1,7,14,0,5,0,0,0,0,0,0,0,0,0,1,0,2,0,0,0
400,B0,0,1,13,4,0,0,0,0,0,0,0,0,0,1,0,2,0,0,0
400,B1,1,1,2,4,0,0,0,0,0,0,0,0,0,1,0,2,3,45,7
400,B2,4,0,7,13,0,0,0,0,0,0,0,0,0,1,0,2,0,0,0
400,C1,12,11,2,0,0,0,0,0,0,0,0,0,0,1,0,2,0,0,0
410,A1,4,14,0,5,0,0,0,0,0,0,0,0,0,1,0,2,0,0,0
410,B0,0,1,14,4,0,0,0,0,0,0,0,0,0,1,0,2,0,0,0
410,B1,2,2,1,4,0,0,0,0,0,0,0,0,0,1,0,2,3,45,7
410,B2,1,0,9,14,0,0,0,0,0,0,0,0,0,1,0,1,0,0,0
410,C1,13,8,3,0,0,0,0,0,0,0,0,0,0,1,0,2,0,0,0
420,A1,4,13,0,5,0,0,0,0,0,0,0,0,0,0,1,2,0,0,0
420,B0,0,1,14,7,0,0,0,0,0,0,0,0,0,0,1,2,0,0,0
420,B1,2,2,2,4,0,0,0,0,0,0,0,0,0,0,1,2,3,45,7
420,B2,1,0,10,14,0,0,0,0,0,0,0,0,0,0,1,2,0,0,0
420,C1,13,9,2,0,0,0,0,0,0,0,0,0,0,0,1,2,0,0,0
430,A1,4,14,0,3,0,0,0,0,0,0,0,0,0,0,1,2,0,0,0
430,B0,0,1,14,4,0,0,0,0,0,0,0,0,0,0,1,2,0,0,0
430,B1,2,2,2,1,0,0,0,0,0,0,0,0,0,0,1,2,3,45,7
430,B2,1,0,7,14,0,0,0,0,0,0,0,0,0,0,1,2,0,0,0
430,C1,14,9,1,0,0,0,0,0,0,0,0,0,0,0,1,2,0,0,0
440,A1,4,14,0,4,0,0,0,0,0,0,0,0,0,1,0,2,0,0,0
440,B0,0,1,13,3,0,0,0,0,0,0,0,0,0,1,0,2,0,0,0
440,B1,2,2,2,1,0,0,0,0,0,0,0,0,0,1,0,2,3,45,7
440,B2,1,0,6,13,0,0,0,0,0,0,0,0,0,1,0,1,0,0,0
440,C1,13,10,1,0,0,0,0,0,0,0,0,0,0,1,0,2,0,0,0
450,A1,1,14,0,5,0,0,0,0,0,0,0,0,0,1,0,2,0,0,0
450,B0,0,3,14,4,0,0,0,0,0,0,0,0,0,1,0,2,0,0,0
450,B1,3,1,2,1,0,0,0,0,0,0,0,0,0,1,0,2,3,45,7
450,B2,1,0,7,14,0,0,0,0,0,0,0,0,0,1,0,1,0,0,0
450,C1,11,8,1,0,0,0,0,0,0,0,0,0,0,1,0,2,0,0,0
460,A1,1,13,0,5,0,0,0,0,0,0,0,0,0,0,1,2,0,0,0
460,B0,0,1,14,6,0,0,0,0,0,0,0,0,0,0,1,2,0,0,0
460,B1,2,2,3,1,0,0,0,0,0,0,0,0,0,0,1,2,3,45,7
460,B2,2,0,9,14,0,0,0,0,0,0,0,0,0,0,1,2,0,0,0
460,C1,12,6,2,0,0,0,0,0,0,0,0,0,0,0,1,2,0,0,0
470,A1,1,14,0,1,0,0,0,0,0,0,0,0,0,0,1,2,0,0,0
470,B0,0,3,14,3,0,0,0,0,0,0,0,0,0,0,1,2,0,0,0
470,B1,3,2,3,1,0,0,0,0,0,0,0,0,0,0,1,2,3,45,7
470,B2,4,0,7,14,0,0,0,0,0,0,0,0,0,0,1,2,0,0,0
470,C1,13,8,1,0,0,0,0,0,0,0,0,0,0,0,1,2,0,0,0
480,A1,1,14,0,2,0,0,0,0,0,0,0,0,0,0,1,2,0,0,0
480,B0,0,4,13,2,0,0,0,0,0,0,0,0,0,0,1,2,0,0,0
480,B1,3,2,3,1,0,0,0,0,0,0,0,0,0,0,1,2,3,45,7
480,B2,5,0,4,14,0,0,0,0,0,0,0,0,0,0,1,2,0,0,0
480,C1,14,9,2,0,0,0,0,0,0,0,0,0,0,0,1,2,0,0,0
490,A1,3,14,0,3,0,0,0,0,0,0,0,0,0,1,0,2,0,0,0
490,B0,0,3,13,3,0,0,0,0,0,0,0,0,0,1,0,2,0,0,0
490,B1,3,3,2,2,0,0,0,0,0,0,0,0,0,1,0,2,3,45,7
490,B2,2,0,4,13,0,0,0,0,0,0,0,0,0,1,0,2,0,0,0
490,C1,11,8,2,0,0,0,0,0,0,0,0,0,0,1,0,2,0,0,0
500,A1,1,14,0,3,0,0,0,0,0,0,0,0,0,1,0,2,0,0,0
500,B0,0,1,14,5,0,0,0,0,0,0,0,0,0,1,0,2,0,0,0
500,B1,4,2,2,2,0,0,0,0,0,0,0,0,0,1,0,2,3,45,7
500,B2,2,0,5,14,0,0,0,0,0,0,0,0,0,1,0,1,0,0,0
500,C1,11,5,2,0,0,0,0,0,0,0,0,0,0,1,0,2,0,0,0
510,A1,2,13,0,2,0,0,0,0,0,0,0,0,0,0,1,2,0,0,0
510,B0,0,1,12,5,0,0,0,0,0,0,0,0,0,0,1,2,0,0,0
510,B1,3,2,2,1,0,0,0,0,0,0,0,0,0,0,1,2,3,45,7
510,B2,1,0,7,14,0,0,0,0,0,0,0,0,0,0,1,2,0,0,0
510,C1,13,4,1,0,0,0,0,0,0,0,0,0,0,0,1,2,0,0,0
520,A1,2,14,0,3,0,0,0,0,0,0,0,0,0,0,1,2,0,0,0
520,B0,0,2,12,3,0,0,0,0,0,0,0,0,0,0,1,2,0,0,0
520,B1,3,2,1,1,0,0,0,0,0,0,0,0,0,0,1,2,3,45,7
520,B2,2,0,7,14,0,0,0,0,0,0,0,0,0,0,1,2,0,0,0
520,C1,13,4,1,0,0,0,0,0,0,0,0,0,0,0,1,2,0,0,0
530,A1,3,14,0,2,0,0,0,0,0,0,0,0,0,1,0,2,0,0,0
530,B0,0,3,13,2,0,0,0,0,0,0,0,0,0,1,0,2,0,0,0
530,B1,3,2,3,1,0,0,0,0,0,0,0,0,0,1,0,2,3,45,7
530,B2,3,0,6,13,0,0,0,0,0,0,0,0,0,1,0,2,0,0,0
530,C1,14,5,2,0,0,0,0,0,0,0,0,0,0,1,0,2,0,0,0
540,A1,2,14,0,5,0,0,0,0,0,0,0,0,0,1,0,2,0,0,0
540,B0,0,1,13,2,0,0,0,0,0,0,0,0,0,1,0,2,0,0,0
540,B1,3,2,3,1,0,0,0,0,0,0,0,0,0,1,0,2,3,45,7
540,B2,2,0,6,13,0,0,0,0,0,0,0,0,0,1,0,1,0,0,0
540,C1,14,4,2,0,0,0,0,0,0,0,0,0,0,1,0,2,0,0,0
550,A1,2,13,0,5,0,0,0,0,0,0,0,0,0,1,0,2,0,0,0
550,B0,0,1,14,5,0,0,0,0,0,0,0,0,0,1,0,2,0,0,0
550,B1,1,2,3,1,0,0,0,0,0,0,0,0,0,1,0,2,3,45,7
550,B2,1,0,6,14,0,0,0,0,0,0,0,0,0,1,0,1,0,0,0
550,C1,13,3,4,0,0,0,0,0,0,0,0,0,0,1,0,2,0,0,0
560,A1,3,13,0,2,0,0,0,0,0,0,0,0,0,0,1,2,0,0,0
560,B0,0,2,14,4,0,0,0,0,0,0,0,0,0,0,1,2,0,0,0
560,B1,1,1,4,2,0,0,0,0,0,0,0,0,0,0,1,2,3,45,7
560,B2,1,0,5,14,0,0,0,0,0,0,0,0,0,0,1,2,0,0,0
560,C1,13,3,1,0,0,0,0,0,0,0,0,0,0,0,1,2,0,0,0
570,A1,1,14,0,2,0,0,0,0,0,0,0,0,0,0,1,2,0,0,0
570,B0,0,3,14,2,0,0,0,0,0,0,0,0,0,0,1,2,0,0,0
570,B1,1,2,4,2,0,0,0,0,0,0,0,0,0,0,1,2,3,45,7
570,B2,1,0,2,14,0,0,0,0,0,0,0,0,0,0,1,2,0,0,0
570,C1,14,4,1,0,0,0,0,0,0,0,0,0,0,0,1,2,0,0,0
580,A1,2,13,0,3,0,0,0,0,0,0,0,0,0,1,0,2,0,0,0
580,B0,0,2,13,1,0,0,0,0,0,0,0,0,0,1,0,2,0,0,0
580,B1,1,1,3,2,0,0,0,0,0,0,0,0,0,1,0,2,4,54,8
580,B2,3,0,2,13,0,0,0,0,0,0,0,0,0,1,0,2,0,0,0
580,C1,14,5,1,0,0,0,0,0,0,0,0,0,0,1,0,2,0,0,0
590,A1,3,12,0,6,0,0,0,0,0,0,0,0,0,1,0,2,0,0,0
590,B0,0,2,14,2,0,0,0,0,0,0,0,0,0,1,0,2,0,0,0
590,B1,2,1,3,2,0,0,0,0,0,0,0,0,0,1,0,2,4,54,8
590,B2,1,0,5,14,0,0,0,0,0,0,0,0,0,1,0,1,0,0,0
590,C1,14,1,2,0,0,0,0,0,0,0,0,0,0,1,0,2,0,0,0
600,A1,2,13,0,4,0,0,0,0,0,0,0,0,0,0,1,2,0,0,0
600,B0,0,1,14,3,0,0,0,0,0,0,0,0,0,0,1,2,0,0,0
600,B1,2,1,5,3,0,0,0,0,0,0,0,0,0,0,1,2,4,54,8
600,B2,1,0,5,14,0,0,0,0,0,0,0,0,0,0,1,2,0,0,0
600,C1,13,3,2,0,0,0,0,0,0,0,0,0,0,0,1,2,0,0,0
610,A1,3,13,0,2,0,0,0,0,0,0,0,0,0,0,1,2,0,0,0
610,B0,0,1,14,2,0,0,0,0,0,0,0,0,0,0,1,2,0,0,0
610,B1,2,1,4,2,0,0,0,0,0,0,0,0,0,0,1,2,4,54,8
610,B2,1,0,5,14,0,0,0,0,0,0,0,0,0,0,1,2,0,0,0
610,C1,13,1,1,0,0,0,0,0,0,0,0,0,0,0,1,2,0,0,0
620,A1,5,14,0,1,0,0,0,0,0,0,0,0,0,0,1,2,0,0,0
620,B0,0,3,13,1,0,0,0,0,0,0,0,0,0,0,1,2,0,0,0
620,B1,2,1,3,1,0,0,0,0,0,0,0,0,0,0,1,2,4,54,8
620,B2,1,0,1,13,0,0,0,0,0,0,0,0,0,0,1,2,0,0,0
620,C1,14,3,1,0,0,0,0,0,0,0,0,0,0,0,1,2,0,0,0
630,A1,5,14,0,2,0,0,0,0,0,0,0,0,0,1,0,2,0,0,0
630,B0,0,1,13,1,0,0,0,0,0,0,0,0,0,1,0,1,0,0,0
630,B1,1,2,4,1,0,0,0,0,0,0,0,0,0,1,0,2,4,54,8
630,B2,1,0,2,13,0,0,0,0,0,0,0,0,0,1,0,2,0,0,0
630,C1,14,2,3,0,0,0,0,0,0,0,0,0,0,1,0,2,0,0,0
640,A1,5,14,0,2,0,0,0,0,0,0,0,0,0,1,0,2,0,0,0
640,B0,0,1,14,2,0,0,0,0,0,0,0,0,0,1,0,2,0,0,0
640,B1,3,1,4,1,0,0,0,0,0,0,0,0,0,1,0,2,4,54,8
640,B2,1,0,2,14,0,0,0,0,0,0,0,0,0,1,0,2,0,0,0
640,C1,14,1,3,0,0,0,0,0,0,0,0,0,0,1,0,2,0,0,0
650,A1,5,13,0,1,0,0,0,0,0,0,0,0,0,0,1,2,0,0,0
650,B0,0,2,14,2,0,0,0,0,0,0,0,0,0,0,1,2,0,0,0
650,B1,3,1,3,1,0,0,0,0,0,0,0,0,0,0,1,2,4,54,8
650,B2,4,0,2,14,0,0,0,0,0,0,0,0,0,0,1,2,0,0,0
650,C1,13,1,1,0,0,0,0,0,0,0,0,0,0,0,1,2,0,0,0
660,A1,7,14,0,1,0,0,0,0,0,0,0,0,0,0,1,2,0,0,0
660,B0,0,5,13,2,0,0,0,0,0,0,0,0,0,0,1,2,0,0,0
660,B1,3,1,2,1,0,0,0,0,0,0,0,0,0,0,1,2,4,54,8
660,B2,4,0,1,14,0,0,0,0,0,0,0,0,0,0,1,2,0,0,0
660,C1,14,1,1,0,0,0,0,0,0,0,0,0,0,0,1,2,0,0,0
670,A1,9,14,0,2,0,0,0,0,0,0,0,0,0,1,0,2,0,0,0
670,B0,0,4,12,1,0,0,0,0,0,0,0,0,0,1,0,2,0,0,0
670,B1,2,1,1,1,0,0,0,0,0,0,0,0,0,1,0,2,4,54,8
670,B2,3,0,4,13,0,0,0,0,0,0,0,0,0,1,0,2,0,0,0
670,C1,14,2,1,0,0,0,0,0,0,0,0,0,0,1,0,2,0,0,0
680,A1,6,14,0,3,0,0,0,0,0,0,0,0,0,1,0,2,0,0,0
680,B0,0,1,13,2,0,0,0,0,0,0,0,0,0,1,0,2,0,0,0
680,B1,1,1,1,1,0,0,0,0,0,0,0,0,0,1,0,2,4,54,8
680,B2,2,0,1,14,0,0,0,0,0,0,0,0,0,1,0,2,0,0,0
680,C1,14,1,3,0,0,0,0,0,0,0,0,0,0,1,0,2,0,0,0
690,A1,4,13,0,3,0,0,0,0,0,0,0,0,0,0,1,2,0,0,0
690,B0,0,1,14,1,0,0,0,0,0,0,0,0,0,0,1,2,1,1,1
690,B1,1,1,1,1,0,0,0,0,0,0,0,0,0,0,1,2,4,54,8
690,B2,2,0,3,14,0,0,0,0,0,0,0,0,0,0,1,2,0,0,0
690,C1,13,1,4,0,0,0,0,0,0,0,0,0,0,0,1,2,0,0,0
700,A1,5,13,0,1,0,0,0,0,0,0,0,0,0,0,1,2,0,0,0
700,B0,0,1,14,2,0,0,0,0,0,0,0,0,0,0,1,2,1,1,1
700,B1,2,1,3,2,0,0,0,0,0,0,0,0,0,0,1,2,4,54,8
700,B2,4,0,2,14,0,0,0,0,0,0,0,0,0,0,1,2,0,0,0
700,C1,13,1,2,0,0,0,0,0,0,0,0,0,0,0,1,2,0,0,0
710,A1,7,14,0,1,0,0,0,0,0,0,0,0,0,0,1,2,0,0,0
710,B0,0,1,13,2,0,0,0,0,0,0,0,0,0,0,1,2,1,1,1
710,B1,2,1,1,2,0,0,0,0,0,0,0,0,0,0,1,2,4,54,8
710,B2,4,0,3,14,0,0,0,0,0,0,0,0,0,0,1,2,0,0,0
710,C1,14,2,1,0,0,0,0,0,0,0,0,0,0,0,1,2,0,0,0
720,A1,5,14,0,1,0,0,0,0,0,0,0,0,0,1,0,2,0,0,0
720,B0,0,1,13,2,0,0,0,0,0,0,0,0,0,1,0,2,1,1,1
720,B1,2,1,1,1,0,0,0,0,0,0,0,0,0,1,0,2,5,59,9
720,B2,1,0,3,13,0,0,0,0,0,0,0,0,0,1,0,2,0,0,0
720,C1,14,2,1,0,0,0,0,0,0,0,0,0,0,1,0,2,0,0,0
730,A1,3,14,0,2,0,0,0,0,0,0,0,0,0,1,0,2,0,0,0
730,B0,0,1,14,2,0,0,0,0,0,0,0,0,0,1,0,2,1,1,1
730,B1,1,1,1,1,0,0,0,0,0,0,0,0,0,1,0,2,5,59,9
730,B2,1,0,5,14,0,0,0,0,0,0,0,0,0,1,0,1,0,0,0
730,C1,13,1,1,0,0,0,0,0,0,0,0,0,0,1,0,2,0,0,0
740,A1,3,13,0,1,0,0,0,0,0,0,0,0,0,0,1,2,0,0,0
740,B0,0,1,14,2,0,0,0,0,0,0,0,0,0,0,1,2,1,1,1
740,B1,2,1,1,1,0,0,0,0,0,0,0,0,0,0,1,2,5,59,9
740,B2,3,0,5,14,0,0,0,0,0,0,0,0,0,0,1,2,0,0,0
740,C1,12,2,4,0,0,0,0,0,0,0,0,0,0,0,1,2,0,0,0
750,A1,4,13,0,1,0,0,0,0,0,0,0,0,0,0,1,2,0,0,0
750,B0,0,1,14,2,0,0,0,0,0,0,0,0,0,0,1,2,1,1,1
750,B1,1,2,2,1,0,0,0,0,0,0,0,0,0,0,1,2,5,59,9
750,B2,5,0,2,14,0,0,0,0,0,0,0,0,0,0,1,2,0,0,0
750,C1,13,2,1,0,0,0,0,0,0,0,0,0,0,0,1,2,0,0,0
760,A1,5,14,0,1,0,0,0,0,0,0,0,0,0,1,0,2,0,0,0
760,B0,0,1,13,1,0,0,0,0,0,0,0,0,0,1,0,1,1,1,1
760,B1,1,2,2,1,0,0,0,0,0,0,0,0,0,1,0,2,5,59,9
760,B2,4,0,3,13,0,0,0,0,0,0,0,0,0,1,0,2,0,0,0
760,C1,14,2,1,0,0,0,0,0,0,0,0,0,0,1,0,2,0,0,0
770,A1,2,14,0,3,0,0,0,0,0,0,0,0,0,1,0,2,0,0,0
770,B0,0,1,13,2,0,0,0,0,0,0,0,0,0,1,0,2,1,1,1
770,B1,1,2,2,2,0,0,0,0,0,0,0,0,0,1,0,2,5,59,9
770,B2,2,0,4,13,0,0,0,0,0,0,0,0,0,1,0,2,0,0,0
770,C1,14,1,2,0,0,0,0,0,0,0,0,0,0,1,0,2,0,0,0
780,A1,1,12,0,5,0,0,0,0,0,0,0,0,0,1,0,2,0,0,0
780,B0,0,1,14,2,0,0,0,0,0,0,0,0,0,1,0,2,1,1,1
780,B1,1,1,2,2,0,0,0,0,0,0,0,0,0,1,0,2,5,59,9
780,B2,1,0,5,14,0,0,0,0,0,0,0,0,0,1,0,1,0,0,0
780,C1,13,1,3,0,0,0,0,0,0,0,0,0,0,1,0,2,0,0,0
790,A1,1,12,0,2,0,0,0,0,0,0,0,0,0,0,1,2,1,1,1
790,B0,0,1,14,2,0,0,0,0,0,0,0,0,0,0,1,2,1,1,1
790,B1,1,2,2,2,0,0,0,0,0,0,0,0,0,0,1,2,5,59,9
790,B2,3,0,4,14,0,0,0,0,0,0,0,0,0,0,1,2,0,0,0
790,C1,13,2,1,0,0,0,0,0,0,0,0,0,0,0,1,2,0,0,0
800,A1,3,14,0,1,0,0,0,0,0,0,0,0,0,0,1,2,1,1,1
800,B0,0,1,13,1,0,0,0,0,0,0,0,0,0,0,1,2,1,1,1
800,B1,2,2,1,1,0,0,0,0,0,0,0,0,0,0,1,2,5,59,9
800,B2,1,0,2,14,0,0,0,0,0,0,0,0,0,0,1,2,0,0,0
800,C1,14,2,1,0,0,0,0,0,0,0,0,0,0,0,1,2,0,0,0
810,A1,2,14,0,1,0,0,0,0,0,0,0,0,0,1,0,2,1,1,1
810,B0,0,1,13,1,0,0,0,0,0,0,0,0,0,1,0,1,1,1,1
810,B1,1,1,2,1,0,0,0,0,0,0,0,0,0,1,0,2,6,63,10
810,B2,1,0,1,13,0,0,0,0,0,0,0,0,0,1,0,2,0,0,0
810,C1,14,4,2,0,0,0,0,0,0,0,0,0,0,1,0,2,0,0,0
820,A1,3,14,0,1,0,0,0,0,0,0,0,0,0,1,0,2,1,1,1
820,B0,0,1,14,2,0,0,0,0,0,0,0,0,0,1,0,2,1,1,1
820,B1,1,3,2,1,0,0,0,0,0,0,0,0,0,1,0,2,6,63,10
820,B2,1,0,2,14,0,0,0,0,0,0,0,0,0,1,0,2,0,0,0
820,C1,14,1,3,0,0,0,0,0,0,0,0,0,0,1,0,2,0,0,0
830,A1,2,13,0,1,0,0,0,0,0,0,0,0,0,0,1,2,1,1,1
830,B0,0,1,14,2,0,0,0,0,0,0,0,0,0,0,1,2,1,1,1
830,B1,1,1,1,1,0,0,0,0,0,0,0,0,0,0,1,2,6,63,10
830,B2,1,0,3,14,0,0,0,0,0,0,0,0,0,0,1,2,0,0,0
830,C1,13,1,2,0,0,0,0,0,0,0,0,0,0,0,1,2,0,0,0
840,A1,2,14,0,1,0,0,0,0,0,0,0,0,0,0,1,2,1,1,1
840,B0,0,2,12,4,0,0,0,0,0,0,0,0,0,0,1,2,1,1,1
840,B1,1,1,1,2,0,0,0,0,0,0,0,0,0,0,1,2,6,63,10
840,B2,2,0,1,14,0,0,0,0,0,0,0,0,0,0,1,2,0,0,0
840,C1,14,1,1,0,0,0,0,0,0,0,0,0,0,0,1,2,0,0,0
850,A1,3,14,0,1,0,0,0,0,0,0,0,0,0,0,1,2,1,1,1
850,B0,0,2,10,1,0,0,0,0,0,0,0,0,0,0,1,2,1,1,1
850,B1,1,1,1,1,0,0,0,0,0,0,0,0,0,0,1,2,6,63,10
850,B2,2,0,1,12,0,0,0,0,0,0,0,0,0,0,1,2,0,0,0
850,C1,14,1,1,0,0,0,0,0,0,0,0,0,0,0,1,2,0,0,0
860,A1,1,14,0,3,0,0,0,0,0,0,0,0,0,1,0,2,1,1,1
860,B0,0,1,13,1,0,0,0,0,0,0,0,0,0,1,0,1,1,1,1
860,B1,1,2,1,2,0,0,0,0,0,0,0,0,0,1,0,2,6,63,10
860,B2,1,0,2,13,0,0,0,0,0,0,0,0,0,1,0,2,0,0,0
860,C1,14,4,2,0,0,0,0,0,0,0,0,0,0,1,0,2,0,0,0
870,A1,1,14,0,4,0,0,0,0,0,0,0,0,0,1,0,2,1,1,1
870,B0,0,1,14,1,0,0,0,0,0,0,0,0,0,1,0,1,1,1,1
870,B1,4,1,1,2,0,0,0,0,0,0,0,0,0,1,0,2,6,63,10
870,B2,1,0,3,14,0,0,0,0,0,0,0,0,0,1,0,2,0,0,0
870,C1,14,1,2,0,0,0,0,0,0,0,0,0,0,1,0,2,0,0,0
880,A1,1,13,0,2,0,0,0,0,0,0,0,0,0,0,1,2,1,1,1
880,B0,0,1,14,1,0,0,0,0,0,0,0,0,0,0,1,2,1,1,1
880,B1,3,2,1,1,0,0,0,0,0,0,0,0,0,0,1,2,6,63,10
880,B2,1,0,2,14,0,0,0,0,0,0,0,0,0,0,1,2,0,0,0
880,C1,13,1,1,0,0,0,0,0,0,0,0,0,0,0,1,2,0,0,0
890,A1,1,14,0,1,0,0,0,0,0,0,0,0,0,0,1,2,1,1,1
890,B0,0,1,14,1,0,0,0,0,0,0,0,0,0,0,1,2,1,1,1
890,B1,3,2,1,2,0,0,0,0,0,0,0,0,0,0,1,2,6,63,10
890,B2,2,0,1,14,0,0,0,0,0,0,0,0,0,0,1,2,0,0,0
890,C1,14,2,1,0,0,0,0,0,0,0,0,0,0,0,1,2,0,0,0
900,A1,2,14,0,2,0,0,0,0,0,0,0,0,0,1,0,2,1,1,1
900,B0,0,1,13,3,0,0,0,0,0,0,0,0,0,1,0,2,1,1,1
900,B1,3,2,2,3,0,0,0,0,0,0,0,0,0,1,0,2,6,63,10
900,B2,1,0,1,12,0,0,0,0,0,0,0,0,0,1,0,2,0,0,0
900,C1,14,3,1,0,0,0,0,0,0,0,0,0,0,1,0,2,0,0,0
910,A1,2,14,0,2,0,0,0,0,0,0,0,0,0,1,0,2,1,1,1
910,B0,0,1,14,3,0,0,0,0,0,0,0,0,0,1,0,2,1,1,1
910,B1,1,2,1,3,0,0,0,0,0,0,0,0,0,1,0,2,6,63,10
910,B2,1,0,1,13,0,0,0,0,0,0,0,0,0,1,0,2,0,0,0
910,C1,14,2,1,0,0,0,0,0,0,0,0,0,0,1,0,2,0,0,0
920,A1,1,13,0,2,0,0,0,0,0,0,0,0,0,0,1,2,1,1,1
920,B0,0,1,14,5,0,0,0,0,0,0,0,0,0,0,1,2,1,1,1
920,B1,1,2,1,3,0,0,0,0,0,0,0,0,0,0,1,2,6,63,10
920,B2,1,0,1,14,0,0,0,0,0,0,0,0,0,0,1,2,0,0,0
920,C1,13,1,3,0,0,0,0,0,0,0,0,0,0,0,1,2,0,0,0
930,A1,1,13,0,1,0,0,0,0,0,0,0,0,0,0,1,2,1,1,1
930,B0,0,2,14,1,0,0,0,0,0,0,0,0,0,0,1,2,1,1,1
930,B1,1,3,1,3,0,0,0,0,0,0,0,0,0,0,1,2,6,63,10
930,B2,2,0,2,13,0,0,0,0,0,0,0,0,0,0,1,2,0,0,0
930,C1,13,1,1,0,0,0,0,0,0,0,0,0,0,0,1,2,0,0,0
940,A1,1,14,0,1,0,0,0,0,0,0,0,0,0,0,1,2,1,1,1
940,B0,0,3,13,1,0,0,0,0,0,0,0,0,0,0,1,2,1,1,1
940,B1,1,3,1,1,0,0,0,0,0,0,0,0,0,0,1,2,6,63,10
940,B2,2,0,2,14,0,0,0,0,0,0,0,0,0,0,1,2,0,0,0
940,C1,14,2,2,0,0,0,0,0,0,0,0,0,0,0,1,2,0,0,0
950,A1,1,14,0,2,0,0,0,0,0,0,0,0,0,1,0,2,1,1,1
950,B0,0,2,13,1,0,0,0,0,0,0,0,0,0,1,0,2,2,9,2
950,B1,1,1,1,2,0,0,0,0,0,0,0,0,0,1,0,2,7,71,12
950,B2,1,0,2,13,0,0,0,0,0,0,0,0,0,1,0,2,0,0,0
950,C1,14,1,2,0,0,0,0,0,0,0,0,0,0,1,0,2,0,0,0
960,A1,1,12,0,3,0,0,0,0,0,0,0,0,0,1,0,2,1,1,1
960,B0,0,1,14,2,0,0,0,0,0,0,0,0,0,1,0,2,2,9,2
960,B1,1,1,1,2,0,0,0,0,0,0,0,0,0,1,0,2,7,71,12
960,B2,1,0,4,14,0,0,0,0,0,0,0,0,0,1,0,2,0,0,0
960,C1,12,1,2,0,0,0,0,0,0,0,0,0,0,1,0,2,0,0,0
970,A1,1,11,0,3,0,0,0,0,0,0,0,0,0,0,1,2,1,1,1
970,B0,0,1,14,2,0,0,0,0,0,0,0,0,0,0,1,2,2,9,2
970,B1,2,1,1,1,0,0,0,0,0,0,0,0,0,0,1,2,7,71,12
970,B2,1,0,3,14,0,0,0,0,0,0,0,0,0,0,1,2,0,0,0
970,C1,11,2,1,0,0,0,0,0,0,0,0,0,0,0,1,2,0,0,0
980,A1,1,13,0,2,0,0,0,0,0,0,0,0,0,0,1,2,1,1,1
980,B0,0,2,13,2,0,0,0,0,0,0,0,0,0,0,1,2,2,9,2
980,B1,2,1,2,2,0,0,0,0,0,0,0,0,0,0,1,2,7,71,12
980,B2,1,0,2,13,0,0,0,0,0,0,0,0,0,0,1,2,0,0,0
980,C1,13,1,1,0,0,0,0,0,0,0,0,0,0,0,1,2,0,0,0
990,A1,2,14,0,1,0,0,0,0,0,0,0,0,0,1,0,2,1,1,1
990,B0,0,1,10,2,0,0,0,0,0,0,0,0,0,1,0,2,2,9,2
990,B1,2,2,2,2,0,0,0,0,0,0,0,0,0,1,0,2,7,71,12
990,B2,1,0,3,11,0,0,0,0,0,0,0,0,0,1,0,2,0,0,0
990,C1,14,3,1,0,0,0,0,0,0,0,0,0,0,1,0,2,0,0,0
1000,A1,2,14,0,3,0,0,0,0,0,0,0,0,0,1,0,2,1,1,1
1000,B0,0,1,12,4,0,0,0,0,0,0,0,0,0,1,0,2,2,9,2
1000,B1,2,2,2,2,0,0,0,0,0,0,0,0,0,1,0,2,7,71,12
1000,B2,1,0,3,12,0,0,0,0,0,0,0,0,0,1,0,2,0,0,0
1000,C1,14,1,1,0,0,0,0,0,0,0,0,0,0,1,0,2,0,0,0
1010,A1,1,12,0,4,0,0,0,0,0,0,0,0,0,1,0,2,1,1,1
1010,B0,0,1,14,5,0,0,0,0,0,0,0,0,0,1,0,2,2,9,2
1010,B1,2,2,2,2,0,0,0,0,0,0,0,0,0,1,0,2,7,71,12
1010,B2,1,0,3,14,0,0,0,0,0,0,0,0,0,1,0,2,0,0,0
1010,C1,13,3,1,0,0,0,0,0,0,0,0,0,0,1,0,2,0,0,0
1020,A1,1,13,0,2,0,0,0,0,0,0,0,0,0,0,1,2,1,1,1
1020,B0,0,2,14,3,0,0,0,0,0,0,0,0,0,0,1,2,2,9,2
1020,B1,3,3,1,1,0,0,0,0,0,0,0,0,0,0,1,2,7,71,12
1020,B2,3,0,1,14,0,0,0,0,0,0,0,0,0,0,1,2,0,0,0
1020,C1,13,1,1,0,0,0,0,0,0,0,0,0,0,0,1,2,0,0,0
1030,A1,1,14,0,1,0,0,0,0,0,0,0,0,0,0,1,2,1,1,1
1030,B0,0,1,14,1,0,0,0,0,0,0,0,0,0,0,1,2,2,9,2
1030,B1,3,3,2,2,0,0,0,0,0,0,0,0,0,0,1,2,7,71,12
1030,B2,3,0,1,14,0,0,0,0,0,0,0,0,0,0,1,2,0,0,0
1030,C1,14,3,1,0,0,0,0,0,0,0,0,0,0,0,1,2,0,0,0
1040,A1,2,14,0,1,0,0,0,0,0,0,0,0,0,1,0,2,1,1,1
1040,B0,0,2,13,2,0,0,0,0,0,0,0,0,0,1,0,2,2,9,2
1040,B1,1,2,1,1,0,0,0,0,0,0,0,0,0,1,0,2,7,71,12
1040,B2,1,0,1,13,0,0,0,0,0,0,0,0,0,1,0,2,0,0,0
1040,C1,14,2,2,0,0,0,0,0,0,0,0,0,0,1,0,2,0,0,0
1050,A1,2,11,0,1,0,0,0,0,0,0,0,0,0,1,0,2,1,1,1
1050,B0,0,1,14,3,0,0,0,0,0,0,0,0,0,1,0,2,2,9,2
1050,B1,1,2,1,1,0,0,0,0,0,0,0,0,0,1,0,2,7,71,12
1050,B2,1,0,3,14,0,0,0,0,0,0,0,0,0,1,0,2,0,0,0
1050,C1,14,1,2,0,0,0,0,0,0,0,0,0,0,1,0,2,0,0,0
1060,A1,1,11,0,1,0,0,0,0,0,0,0,0,0,0,1,2,1,1,1
1060,B0,0,2,14,3,0,0,0,0,0,0,0,0,0,0,1,2,2,9,2
1060,B1,1,1,1,2,0,0,0,0,0,0,0,0,0,0,1,2,7,71,12
1060,B2,1,0,3,14,0,0,0,0,0,0,0,0,0,0,1,2,0,0,0
1060,C1,13,1,1,0,0,0,0,0,0,0,0,0,0,0,1,2,0,0,0
1070,A1,1,13,0,2,0,0,0,0,0,0,0,0,0,0,1,2,1,1,1
1070,B0,0,3,14,1,0,0,0,0,0,0,0,0,0,0,1,2,2,9,2
1070,B1,1,1,2,1,0,0,0,0,0,0,0,0,0,0,1,2,7,71,12
1070,B2,3,0,1,14,0,0,0,0,0,0,0,0,0,0,1,2,0,0,0
1070,C1,14,1,1,0,0,0,0,0,0,0,0,0,0,0,1,2,0,0,0
1080,A1,1,14,0,1,0,0,0,0,0,0,0,0,0,0,1,2,1,1,1
1080,B0,0,3,11,1,0,0,0,0,0,0,0,0,0,0,1,2,2,9,2
1080,B1,1,1,1,1,0,0,0,0,0,0,0,0,0,0,1,2,7,71,12
1080,B2,3,0,1,13,0,0,0,0,0,0,0,0,0,0,1,2,0,0,0
1080,C1,14,3,1,0,0,0,0,0,0,0,0,0,0,0,1,2,0,0,0
1090,A1,1,13,0,2,0,0,0,0,0,0,0,0,0,1,0,2,1,1,1
1090,B0,0,1,12,1,0,0,0,0,0,0,0,0,0,1,0,1,2,9,2
1090,B1,1,1,1,1,0,0,0,0,0,0,0,0,0,1,0,2,7,71,12
1090,B2,2,0,1,13,0,0,0,0,0,0,0,0,0,1,0,2,0,0,0
1090,C1,14,1,2,0,0,0,0,0,0,0,0,0,0,1,0,2,0,0,0
1100,A1,1,12,0,2,0,0,0,0,0,0,0,0,0,1,0,2,1,1,1
1100,B0,0,2,14,1,0,0,0,0,0,0,0,0,0,1,0,2,2,9,2
1100,B1,1,1,1,1,0,0,0,0,0,0,0,0,0,1,0,2,7,71,12
1100,B2,1,0,3,14,0,0,0,0,0,0,0,0,0,1,0,2,0,0,0
1100,C1,13,1,2,0,0,0,0,0,0,0,0,0,0,1,0,2,0,0,0
1110,A1,1,12,0,2,0,0,0,0,0,0,0,0,0,0,1,2,1,1,1
1110,B0,0,1,13,4,0,0,0,0,0,0,0,0,0,0,1,2,2,9,2
1110,B1,1,1,1,1,0,0,0,0,1,0,0,0,0,0,1,2,8,85,12
1110,B2,1,0,2,14,0,0,0,0,0,0,0,0,0,0,1,2,0,0,0
1110,C1,13,1,1,0,0,0,0,0,0,0,0,1,0,0,1,2,0,0,0
1120,A1,3,14,0,1,0,0,0,0,0,0,0,0,0,0,1,2,1,1,1
1120,B0,0,2,10,1,0,0,0,0,0,0,0,0,0,0,1,2,2,9,2
1120,B1,1,1,2,2,0,0,0,0,0,0,0,0,0,0,1,2,8,99,13
1120,B2,1,0,2,13,0,0,0,0,0,0,0,0,0,0,1,2,0,0,0
1120,C1,14,2,1,0,0,0,0,0,0,0,0,0,0,0,1,2,0,0,0
1130,A1,2,14,0,1,0,0,0,0,0,0,0,0,0,1,0,2,1,1,1
1130,B0,0,2,9,2,0,0,0,0,0,0,0,0,0,1,0,2,2,9,2
1130,B1,2,2,3,3,0,0,0,0,0,0,0,0,0,1,0,2,8,99,13
1130,B2,1,0,1,12,0,0,0,0,0,0,0,0,0,1,0,2,0,0,0
1130,C1,14,4,1,0,0,0,0,0,0,0,0,0,0,1,0,2,0,0,0
1140,A1,2,13,0,1,0,0,0,0,0,0,0,0,0,1,0,2,1,1,1
1140,B0,0,1,13,2,0,0,0,0,0,0,0,0,0,1,0,2,2,9,2
1140,B1,3,2,3,1,0,0,0,0,0,0,0,0,0,1,0,2,8,99,13
1140,B2,1,0,2,13,0,0,0,0,0,0,0,0,0,1,0,2,0,0,0
1140,C1,14,1,2,0,0,0,0,0,0,0,0,0,0,1,0,2,0,0,0
1150,A1,2,12,0,1,0,0,0,0,0,0,0,0,0,0,1,2,1,1,1
1150,B0,0,1,14,4,0,0,0,0,0,0,0,0,0,0,1,2,2,9,2
1150,B1,4,2,3,1,0,0,0,0,0,0,0,0,0,0,1,2,8,99,13
1150,B2,1,0,3,14,0,0,0,0,0,0,0,0,0,0,1,2,0,0,0
1150,C1,13,1,2,0,0,0,0,0,0,0,0,0,0,0,1,2,0,0,0
1160,A1,3,13,0,1,0,0,0,0,0,0,0,0,0,0,1,2,1,1,1
1160,B0,0,1,14,3,0,0,0,0,0,0,0,0,0,0,1,2,2,9,2
1160,B1,4,2,1,4,0,0,0,0,0,0,0,0,0,0,1,2,8,99,13
1160,B2,2,0,2,14,0,0,0,0,0,0,0,0,0,0,1,2,0,0,0
1160,C1,13,2,1,0,0,0,0,0,0,0,0,0,0,0,1,2,0,0,0
1170,A1,3,14,0,1,0,0,0,0,0,0,0,0,0,0,1,2,1,1,1
1170,B0,0,3,12,1,0,0,0,0,0,0,0,0,0,0,1,2,2,9,2
1170,B1,4,2,2,3,0,0,0,0,0,0,0,0,0,0,1,2,8,99,13
1170,B2,2,0,1,11,0,0,0,0,0,0,0,0,0,0,1,2,0,0,0
1170,C1,14,3,1,0,0,0,0,0,0,0,0,0,0,0,1,2,0,0,0
1180,A1,1,14,0,2,0,0,0,0,0,0,0,0,0,1,0,2,1,1,1
1180,B0,0,1,12,1,0,0,0,0,0,0,0,0,0,1,0,1,2,9,2
1180,B1,4,2,3,3,0,0,0,0,0,0,0,0,0,1,0,2,8,99,13
1180,B2,1,0,1,13,0,0,0,0,0,0,0,0,0,1,0,2,0,0,0
1180,C1,14,2,1,0,0,0,0,0,0,0,0,0,0,1,0,2,0,0,0
1190,A1,1,11,0,1,0,0,0,0,0,0,0,0,0,1,0,2,1,1,1
1190,B0,0,1,14,1,0,0,0,0,0,0,0,0,0,1,0,1,2,9,2
1190,B1,2,1,3,3,0,0,0,0,0,0,0,0,0,1,0,2,8,99,13
1190,B2,2,0,3,14,0,0,0,0,0,0,0,0,0,1,0,2,0,0,0
1190,C1,13,1,1,0,0,0,0,0,0,0,0,0,0,1,0,2,0,0,0
1200,A1,2,11,0,1,0,0,0,0,0,0,0,0,0,0,1,2,1,1,1
1200,B0,0,2,13,1,0,0,0,0,0,0,0,0,0,0,1,2,2,9,2
1200,B1,2,2,1,2,0,0,0,0,1,0,0,0,0,0,1,2,10,117,15
1200,B2,2,0,2,14,0,0,0,0,0,0,0,0,0,0,1,2,0,0,0
1200,C1,12,1,1,0,0,0,0,0,0,0,0,1,0,0,1,2,0,0,0
1210,A1,2,13,0,1,0,0,0,0,0,0,0,0,0,0,1,2,1,1,1
1210,B0,0,2,12,1,0,0,0,0,0,0,0,0,0,0,1,2,2,9,2
1210,B1,2,2,2,1,0,0,0,0,0,0,0,0,0,0,1,2,10,118,18
1210,B2,5,0,4,12,0,0,0,0,0,0,0,0,0,0,1,2,0,0,0
1210,C1,13,1,2,0,0,0,0,0,0,0,0,0,0,0,1,2,0,0,0
1220,A1,4,14,0,1,0,0,0,0,0,0,0,0,0,1,0,2,1,1,1
1220,B0,0,3,11,1,0,0,0,0,0,0,0,0,0,1,0,2,2,9,2
1220,B1,1,1,2,2,0,0,0,0,0,0,0,0,0,1,0,2,10,118,18
1220,B2,5,0,1,9,0,0,0,0,0,0,0,0,0,1,0,2,0,0,0
1220,C1,14,2,1,0,0,0,0,0,0,0,0,0,0,1,0,2,0,0,0
1230,A1,1,14,0,1,0,0,0,0,0,0,0,0,0,1,0,2,1,1,1
1230,B0,0,1,13,1,0,0,0,0,0,0,0,0,0,1,0,1,2,9,2
1230,B1,3,1,2,2,0,0,0,0,0,0,0,0,0,1,0,2,10,118,18
1230,B2,2,0,2,12,0,0,0,0,0,0,0,0,0,1,0,2,0,0,0
1230,C1,12,1,1,0,0,0,0,0,0,0,0,0,0,1,0,2,0,0,0
1240,A1,3,14,0,1,0,0,0,0,0,0,0,0,0,1,0,2,1,1,1
1240,B0,0,1,14,2,0,0,0,0,0,0,0,0,0,1,0,2,2,9,2
1240,B1,3,4,2,2,0,0,0,0,0,0,0,0,0,1,0,2,10,118,18
1240,B2,2,0,3,14,0,0,0,0,0,0,0,0,0,1,0,2,0,0,0
1240,C1,8,2,2,0,0,0,0,0,0,0,0,0,0,1,0,2,0,0,0
1250,A1,1,13,0,3,0,0,0,0,0,0,0,0,0,0,1,2,1,1,1
1250,B0,0,1,14,3,0,0,0,0,0,0,0,0,0,0,1,2,2,9,2
1250,B1,3,4,1,2,0,0,0,0,0,0,0,0,0,0,1,2,11,123,20
1250,B2,2,0,2,14,0,0,0,0,0,0,0,0,0,0,1,2,0,0,0
1250,C1,11,1,3,0,0,0,0,0,0,0,0,0,0,0,1,2,0,0,0
1260,A1,2,14,0,1,0,0,0,0,0,0,0,0,0,0,1,2,1,1,1
1260,B0,0,2,14,3,0,0,0,0,0,0,0,0,0,0,1,2,2,9,2
1260,B1,3,4,1,3,0,0,0,0,0,0,0,0,0,0,1,2,11,123,20
1260,B2,2,0,1,11,0,0,0,0,0,0,0,0,0,0,1,2,0,0,0
1260,C1,14,2,1,0,0,0,0,0,0,0,0,0,0,0,1,2,0,0,0
1270,A1,2,14,0,1,0,0,0,0,0,0,0,0,0,1,0,2,1,1,1
1270,B0,0,1,13,1,0,0,0,0,0,0,0,0,0,1,0,1,2,9,2
1270,B1,3,3,1,3,0,0,0,0,0,0,0,0,0,1,0,2,11,123,20
1270,B2,1,0,1,11,0,0,0,0,0,0,0,0,0,1,0,2,0,0,0
1270,C1,14,1,1,0,0,0,0,0,0,0,0,0,0,1,0,2,0,0,0
1280,A1,1,13,0,2,0,0,0,0,0,0,0,0,0,1,0,2,1,1,1
1280,B0,0,1,14,3,0,0,0,0,0,0,0,0,0,1,0,2,2,9,2
1280,B1,3,2,1,3,0,0,0,0,0,0,0,0,0,1,0,2,11,123,20
1280,B2,1,0,4,13,0,0,0,0,0,0,0,0,0,1,0,2,0,0,0
1280,C1,14,1,2,0,0,0,0,0,0,0,0,0,0,1,0,2,0,0,0
1290,A1,1,12,0,1,0,0,0,0,0,0,0,0,0,0,1,2,1,1,1
1290,B0,0,1,14,2,0,0,0,0,0,0,0,0,0,0,1,2,2,9,2
1290,B1,1,1,1,3,0,0,0,0,0,0,0,0,0,0,1,2,11,123,20
1290,B2,1,0,4,14,0,0,0,0,0,0,0,0,0,0,1,2,0,0,0
1290,C1,13,1,3,0,0,0,0,0,0,0,0,0,0,0,1,2,0,0,0
1300,A1,1,13,0,1,0,0,0,0,0,0,0,0,0,0,1,2,1,1,1
1300,B0,0,4,12,1,0,0,0,0,0,0,0,0,0,0,1,2,2,9,2
1300,B1,2,2,2,1,0,0,0,0,0,0,0,0,0,0,1,2,11,123,20
1300,B2,1,0,1,14,0,0,0,0,0,0,0,0,0,0,1,2,0,0,0
1300,C1,14,2,1,0,0,0,0,0,0,0,0,0,0,0,1,2,0,0,0
1310,A1,2,14,0,4,0,0,0,0,0,0,0,0,0,0,1,2,1,1,1
1310,B0,0,4,10,2,0,0,0,0,0,0,0,0,0,0,1,2,2,9,2
1310,B1,2,2,1,1,0,0,0,0,0,0,0,0,0,0,1,2,11,123,20
1310,B2,1,0,1,13,0,0,0,0,0,0,0,0,0,0,1,2,0,0,0
1310,C1,14,3,1,0,0,0,0,0,0,0,0,0,0,0,1,2,0,0,0
1320,A1,2,14,0,4,0,0,0,0,0,0,0,0,0,1,0,2,1,1,1
1320,B0,0,1,13,2,0,0,0,0,0,0,0,0,0,1,0,2,2,9,2
1320,B1,2,1,1,1,0,0,0,0,0,0,0,0,0,1,0,2,11,123,20
1320,B2,1,0,2,13,0,0,0,0,0,0,0,0,0,1,0,2,0,0,0
1320,C1,14,1,1,0,0,0,0,0,0,0,0,0,0,1,0,2,0,0,0
1330,A1,3,13,0,5,0,0,0,0,0,0,0,0,0,1,0,2,1,1,1
1330,B0,0,1,14,2,0,0,0,0,0,0,0,0,0,1,0,2,2,9,2
1330,B1,3,1,1,1,0,0,0,0,0,0,0,0,0,1,0,2,11,123,20
1330,B2,1,0,4,14,0,0,0,0,0,0,0,0,0,1,0,2,0,0,0
1330,C1,12,3,2,0,0,0,0,0,0,0,0,0,0,1,0,2,0,0,0
1340,A1,1,13,0,2,0,0,0,0,0,0,0,0,0,0,1,2,1,1,1
1340,B0,0,1,14,1,0,0,0,0,0,0,0,0,0,0,1,2,2,9,2
1340,B1,2,1,2,1,0,0,0,0,0,0,0,0,0,0,1,2,12,124,21
1340,B2,1,0,3,14,0,0,0,0,0,0,0,0,0,0,1,2,0,0,0
1340,C1,12,1,1,0,0,0,0,0,0,0,0,0,0,0,1,2,0,0,0
1350,A1,2,14,0,2,0,0,0,0,0,0,0,0,0,0,1,2,1,1,1
1350,B0,0,1,14,1,0,0,0,0,0,0,0,0,0,0,1,2,2,9,2
1350,B1,2,1,1,2,0,0,0,0,0,0,0,0,0,0,1,2,12,124,21
1350,B2,3,0,1,13,0,0,0,0,0,0,0,0,0,0,1,2,0,0,0
1350,C1,14,2,1,0,0,0,0,0,0,0,0,0,0,0,1,2,0,0,0
1360,A1,1,14,0,1,0,0,0,0,0,0,0,0,0,1,0,2,1,1,1
1360,B0,0,1,13,2,0,0,0,0,0,0,0,0,0,1,0,2,2,9,2
1360,B1,2,1,1,3,0,0,0,0,0,0,0,0,0,1,0,2,12,124,21
1360,B2,2,0,1,13,0,0,0,0,0,0,0,0,0,1,0,2,0,0,0
1360,C1,14,2,1,0,0,0,0,0,0,0,0,0,0,1,0,2,0,0,0
1370,A1,1,11,0,1,0,0,0,0,0,0,0,0,0,1,0,2,1,1,1
1370,B0,0,1,14,1,0,0,0,0,0,0,0,0,0,1,0,1,2,9,2
1370,B1,1,1,1,3,0,0,0,0,0,0,0,0,0,1,0,2,12,124,21
1370,B2,1,0,2,13,0,0,0,0,0,0,0,0,0,1,0,2,0,0,0
1370,C1,14,1,2,0,0,0,0,0,0,0,0,0,0,1,0,2,0,0,0
1380,A1,1,9,0,2,0,0,0,0,0,0,0,0,0,0,1,2,1,1,1
1380,B0,0,1,14,2,0,0,0,0,0,0,0,0,0,0,1,2,2,9,2
1380,B1,1,1,1,3,0,0,0,0,0,0,0,0,0,0,1,2,12,124,21
1380,B2,1,0,4,13,0,0,0,0,0,0,0,0,0,0,1,2,0,0,0
1380,C1,13,3,2,0,0,0,0,0,0,0,0,0,0,0,1,2,0,0,0
1390,A1,2,12,0,1,0,0,0,0,0,0,0,0,0,0,1,2,1,1,1
1390,B0,0,1,11,2,0,0,0,0,0,0,0,0,0,0,1,2,2,9,2
1390,B1,1,2,2,2,0,0,0,0,0,0,0,0,0,0,1,2,12,124,21
1390,B2,1,0,1,13,0,0,0,0,0,0,0,0,0,0,1,2,0,0,0
1390,C1,13,5,1,0,0,0,0,0,0,0,0,0,0,0,1,2,0,0,0
1400,A1,2,14,0,1,0,0,0,0,0,0,0,0,0,0,1,2,1,1,1
1400,B0,0,1,11,2,0,0,0,0,0,0,0,0,0,0,1,2,2,9,2
1400,B1,1,2,4,1,0,0,0,0,0,0,0,0,0,0,1,2,12,124,21
1400,B2,1,0,1,12,0,0,0,0,0,0,0,0,0,0,1,2,0,0,0
1400,C1,14,2,2,0,0,0,0,0,0,0,0,0,0,0,1,2,0,0,0
1410,A1,1,14,0,2,0,0,0,0,0,0,0,0,0,1,0,2,1,1,1
1410,B0,0,1,13,2,0,0,0,0,0,0,0,0,0,1,0,2,2,9,2
1410,B1,2,1,3,1,0,0,0,0,0,0,0,0,0,1,0,2,13,131,22
1410,B2,2,0,2,13,0,0,0,0,0,0,0,0,0,1,0,2,0,0,0
1410,C1,14,3,3,0,0,0,0,0,0,0,0,0,0,1,0,2,0,0,0
1420,A1,3,13,0,2,0,0,0,0,0,0,0,0,0,1,0,2,1,1,1
1420,B0,0,1,14,2,0,0,0,0,0,0,0,0,0,1,0,2,2,9,2
1420,B1,2,2,3,1,0,0,0,0,0,0,0,0,0,1,0,2,13,131,22
1420,B2,2,0,3,13,0,0,0,0,0,0,0,0,0,1,0,2,0,0,0
1420,C1,14,1,3,0,0,0,0,0,0,0,0,0,0,1,0,2,0,0,0
1430,A1,2,12,0,1,0,0,0,0,0,0,0,0,0,0,1,2,1,1,1
1430,B0,0,4,14,2,0,0,0,0,0,0,0,0,0,0,1,2,2,9,2
1430,B1,1,2,2,1,0,0,0,0,0,0,0,0,0,0,1,2,13,131,22
1430,B2,1,0,1,14,0,0,0,0,0,0,0,0,0,0,1,2,0,0,0
1430,C1,13,1,1,0,0,0,0,0,0,0,0,0,0,0,1,2,0,0,0
1440,A1,4,13,0,1,0,0,0,0,0,0,0,0,0,0,1,2,1,1,1
1440,B0,0,5,14,1,0,0,0,0,0,0,0,0,0,0,1,2,2,9,2
1440,B1,1,2,1,2,0,0,0,0,0,0,0,0,0,0,1,2,13,131,22
1440,B2,1,0,1,13,0,0,0,0,0,0,0,0,0,0,1,2,0,0,0
1440,C1,14,2,1,0,0,0,0,0,0,0,0,0,0,0,1,2,0,0,0
1450,A1,5,14,0,2,0,0,0,0,0,0,0,0,0,1,0,2,1,1,1
1450,B0,0,4,13,3,0,0,0,0,0,0,0,0,0,1,0,2,2,9,2
1450,B1,1,2,1,1,0,0,0,0,0,0,0,0,0,1,0,2,13,131,22
1450,B2,1,0,1,12,0,0,0,0,0,0,0,0,0,1,0,2,0,0,0
1450,C1,14,2,1,0,0,0,0,0,0,0,0,0,0,1,0,2,0,0,0
1460,A1,1,14,0,3,0,0,0,0,0,0,0,0,0,1,0,2,1,1,1
1460,B0,0,1,13,3,0,0,0,0,0,0,0,0,0,1,0,2,2,9,2
1460,B1,1,1,1,1,0,0,0,0,0,0,0,0,0,1,0,2,13,131,22
1460,B2,1,0,2,13,0,0,0,0,0,0,0,0,0,1,0,2,0,0,0
1460,C1,14,2,1,0,0,0,0,0,0,0,0,0,0,1,0,2,0,0,0
1470,A1,1,13,0,5,0,0,0,0,0,0,0,0,0,1,0,2,1,1,1
1470,B0,0,1,14,4,0,0,0,0,0,0,0,0,0,1,0,2,2,9,2
1470,B1,1,1,1,1,0,0,0,0,0,0,0,0,0,1,0,2,13,131,22
1470,B2,1,0,3,13,0,0,0,0,0,0,0,0,0,1,0,2,0,0,0
1470,C1,13,2,1,0,0,0,0,0,0,0,0,0,0,1,0,2,0,0,0
1480,A1,1,13,0,2,0,0,0,0,0,0,0,0,0,0,1,2,1,1,1
1480,B0,0,2,14,2,0,0,0,0,0,0,0,0,0,0,1,2,2,9,2
1480,B1,1,1,1,1,0,0,0,0,0,0,0,0,0,0,1,2,13,131,22
1480,B2,2,0,1,14,0,0,0,0,0,0,0,0,0,0,1,2,0,0,0
1480,C1,13,1,1,0,0,0,0,0,0,0,0,0,0,0,1,2,0,0,0
1490,A1,2,14,0,1,0,0,0,0,0,0,0,0,0,0,1,2,1,1,1
1490,B0,0,2,14,2,0,0,0,0,0,0,0,0,0,0,1,2,2,9,2
1490,B1,1,1,1,2,0,0,0,0,0,0,0,0,0,0,1,2,13,131,22
1490,B2,3,0,1,11,0,0,0,0,0,0,0,0,0,0,1,2,0,0,0
1490,C1,14,2,3,0,0,0,0,0,0,0,0,0,0,0,1,2,0,0,0
1500,A1,3,14,0,1,0,0,0,0,0,0,0,0,0,1,0,2,1,1,1
1500,B0,0,1,13,2,0,0,0,0,0,0,0,0,0,1,0,2,2,9,2
1500,B1,1,1,1,1,0,0,0,0,0,0,0,0,0,1,0,2,13,131,22
1500,B2,1,0,1,11,0,0,0,0,0,0,0,0,0,1,0,2,0,0,0
1500,C1,14,1,3,0,0,0,0,0,0,0,0,0,0,1,0,2,0,0,0
1510,A1,1,14,0,2,0,0,0,0,0,0,0,0,0,1,0,2,1,1,1
1510,B0,0,2,14,1,0,0,0,0,0,0,0,0,0,1,0,2,2,9,2
1510,B1,1,1,1,1,0,0,0,0,0,0,0,0,0,1,0,2,13,131,22
1510,B2,1,0,1,13,0,0,0,0,0,0,0,0,0,1,0,2,0,0,0
1510,C1,13,2,3,0,0,0,0,0,0,0,0,0,0,1,0,2,0,0,0
1520,A1,5,13,0,2,0,0,0,0,0,0,0,0,0,0,1,2,1,1,1
1520,B0,0,2,14,2,0,0,0,0,0,0,0,0,0,0,1,2,2,9,2
1520,B1,1,2,1,2,0,0,0,0,0,0,0,0,0,0,1,2,13,131,22
1520,B2,1,0,2,14,0,0,0,0,0,0,0,0,0,0,1,2,0,0,0
1520,C1,12,1,2,0,0,0,0,0,0,0,0,0,0,0,1,2,0,0,0
1530,A1,5,13,0,2,0,0,0,0,0,0,0,0,0,0,1,2,1,1,1
1530,B0,0,2,14,1,0,0,0,0,0,0,0,0,0,0,1,2,2,9,2
1530,B1,1,2,1,1,0,0,0,0,0,0,0,0,0,0,1,2,13,131,22
1530,B2,2,0,2,14,0,0,0,0,0,0,0,0,0,0,1,2,0,0,0
1530,C1,13,2,2,0,0,0,0,0,0,0,0,0,0,0,1,2,0,0,0
1540,A1,6,14,0,1,0,0,0,0,0,0,0,0,0,0,1,2,1,1,1
1540,B0,0,2,12,1,0,0,0,0,0,0,0,0,0,0,1,2,2,9,2
1540,B1,1,2,1,3,0,0,0,0,0,0,0,0,0,0,1,2,13,131,22
1540,B2,3,0,1,12,0,0,0,0,0,0,0,0,0,0,1,2,0,0,0
1540,C1,14,3,1,0,0,0,0,0,0,0,0,0,0,0,1,2,0,0,0
1550,A1,3,14,0,2,0,0,0,0,0,0,0,0,0,1,0,2,1,1,1
1550,B0,0,1,13,2,0,0,0,0,0,0,1,0,0,1,0,1,2,9,2
1550,B1,1,1,1,3,0,1,0,0,0,0,0,0,0,1,0,2,14,151,22
1550,B2,1,0,1,13,0,0,0,0,0,0,0,0,0,1,0,2,0,0,0
1550,C1,14,1,1,0,0,0,0,0,0,0,0,0,0,1,0,2,0,0,0
1560,A1,2,14,0,5,0,0,0,0,0,0,0,0,0,1,0,2,1,1,1
1560,B0,0,1,14,1,0,0,0,0,0,0,0,0,0,1,0,1,2,9,2
1560,B1,1,1,1,3,0,0,0,0,0,0,0,0,0,1,0,2,14,167,23
1560,B2,1,0,4,14,0,0,0,0,0,0,0,0,0,1,0,2,0,0,0
1560,C1,12,1,1,0,0,0,0,0,0,0,0,0,0,1,0,2,0,0,0
1570,A1,3,13,0,3,0,0,0,0,0,0,0,0,0,0,1,2,1,1,1
1570,B0,0,2,13,2,0,0,0,0,0,0,0,0,0,0,1,2,2,9,2
1570,B1,1,3,1,2,0,0,0,0,0,0,0,0,0,0,1,2,15,171,24
1570,B2,1,0,3,14,0,0,0,0,0,0,0,0,0,0,1,2,0,0,0
1570,C1,12,1,1,0,0,0,0,0,0,0,0,0,0,0,1,2,0,0,0
1580,A1,4,14,0,1,0,0,0,0,0,0,0,0,0,0,1,2,1,1,1
1580,B0,0,3,9,1,0,0,0,0,0,0,0,0,0,0,1,2,2,9,2
1580,B1,1,3,1,1,0,0,0,0,0,0,0,0,0,0,1,2,15,171,24
1580,B2,1,0,4,13,0,0,0,0,0,0,0,0,0,0,1,2,0,0,0
1580,C1,13,1,1,0,0,0,0,0,0,0,0,0,0,0,1,2,0,0,0
1590,A1,5,14,0,1,0,0,0,0,0,0,0,0,0,1,0,2,1,1,1
1590,B0,0,3,9,2,0,0,0,0,0,0,0,0,0,1,0,2,2,9,2
1590,B1,1,2,1,2,0,0,2,0,0,0,0,0,0,1,0,2,16,179,24
1590,B2,1,0,2,12,0,0,0,0,0,1,0,0,0,1,0,1,0,0,0
1590,C1,14,2,1,0,0,0,0,0,0,0,0,0,0,1,0,2,0,0,0
1600,A1,2,14,0,4,0,0,0,0,0,0,0,0,0,1,0,2,1,1,1
1600,B0,0,1,13,1,0,0,0,0,0,0,0,0,0,1,0,1,2,9,2
1600,B1,3,2,2,1,0,0,0,0,0,0,0,0,0,1,0,2,16,182,27
1600,B2,1,0,2,13,0,0,0,0,0,0,0,0,0,1,0,2,0,0,0
1600,C1,14,1,1,0,0,0,0,0,0,0,0,0,0,1,0,2,0,0,0
1610,A1,2,13,0,4,0,0,0,0,0,0,0,0,0,0,1,2,1,1,1
1610,B0,0,1,14,3,0,0,0,0,0,0,0,0,0,0,1,2,2,9,2
1610,B1,4,1,2,1,0,0,0,0,0,0,0,0,0,0,1,2,16,182,27
1610,B2,1,0,4,14,0,0,0,0,0,0,0,0,0,0,1,2,0,0,0
1610,C1,12,1,2,0,0,0,0,0,0,0,0,0,0,0,1,2,0,0,0
1620,A1,1,13,0,1,0,0,0,0,0,0,0,0,0,0,1,2,1,1,1
1620,B0,0,1,13,2,0,0,0,0,0,0,0,0,0,0,1,2,2,9,2
1620,B1,4,1,1,2,0,0,0,0,0,0,0,0,0,0,1,2,16,182,27
1620,B2,2,0,3,14,0,0,0,0,0,0,0,0,0,0,1,2,0,0,0
1620,C1,13,1,1,0,0,0,0,0,0,0,0,0,0,0,1,2,0,0,0
1630,A1,1,14,0,1,0,0,0,0,0,0,0,0,0,0,1,2,1,1,1
1630,B0,0,2,10,1,0,0,0,0,0,0,0,0,0,0,1,2,2,9,2
1630,B1,4,1,3,3,0,0,0,0,0,0,0,0,0,0,1,2,16,182,27
1630,B2,2,0,1,14,0,0,0,0,0,0,0,0,0,0,1,2,0,0,0
1630,C1,14,2,2,0,0,0,0,0,0,0,0,0,0,0,1,2,0,0,0
1640,A1,1,13,0,1,0,0,0,0,0,0,0,0,0,1,0,2,1,1,1
1640,B0,0,1,12,1,0,0,0,0,0,0,0,0,0,1,0,1,2,9,2
1640,B1,3,1,4,2,0,0,0,0,0,0,0,0,0,1,0,2,16,182,27
1640,B2,1,0,1,13,0,0,0,0,0,0,0,0,0,1,0,2,0,0,0
1640,C1,14,1,5,0,0,0,0,0,0,0,0,0,0,1,0,2,0,0,0
1650,A1,1,12,0,2,0,0,0,0,0,0,0,0,0,1,0,2,1,1,1
1650,B0,0,1,14,1,0,0,0,0,0,0,0,0,0,1,0,1,2,9,2
1650,B1,8,1,4,2,0,0,0,0,0,0,0,0,0,1,0,2,16,182,27
1650,B2,2,0,1,14,0,0,0,0,0,0,0,0,0,1,0,2,0,0,0
1650,C1,13,1,4,0,0,0,0,0,0,0,0,0,0,1,0,2,0,0,0
1660,A1,1,12,0,1,0,0,0,0,0,0,0,0,0,0,1,2,1,1,1
1660,B0,0,1,14,1,0,0,0,0,0,0,0,0,0,0,1,2,2,9,2
1660,B1,6,1,3,1,0,0,0,0,0,0,0,0,0,0,1,2,16,182,27
1660,B2,1,0,3,14,0,0,0,0,0,0,0,0,0,0,1,2,0,0,0
1660,C1,12,1,3,0,0,0,0,0,0,0,0,0,0,0,1,2,0,0,0
1670,A1,1,14,0,1,0,0,0,0,0,0,0,0,0,0,1,2,1,1,1
1670,B0,0,2,14,1,0,0,0,0,0,0,0,0,0,0,1,2,2,9,2
1670,B1,6,1,2,1,0,0,0,0,0,0,0,0,0,0,1,2,16,182,27
1670,B2,2,0,1,14,0,0,0,0,0,0,0,0,0,0,1,2,0,0,0
1670,C1,13,3,1,0,0,0,0,0,0,0,0,0,0,0,1,2,0,0,0
1680,A1,1,14,0,1,0,0,0,0,0,0,0,0,0,1,0,2,1,1,1
1680,B0,0,4,13,2,0,0,0,0,0,0,0,0,0,1,0,2,2,9,2
1680,B1,6,1,2,2,0,0,1,0,0,0,0,0,0,1,0,2,17,186,27
1680,B2,3,0,2,13,0,0,0,0,0,1,0,0,0,1,0,1,0,0,0
1680,C1,14,2,1,0,0,0,0,0,0,0,0,0,0,1,0,2,0,0,0
1690,A1,1,12,0,2,0,0,0,0,0,0,0,0,0,1,0,2,1,1,1
1690,B0,0,1,13,2,0,0,0,0,0,0,0,0,0,1,0,2,2,9,2
1690,B1,5,1,1,2,0,0,0,0,0,0,0,0,0,1,0,2,17,192,28
1690,B2,1,0,3,13,0,0,0,0,0,0,0,0,0,1,0,2,0,0,0
1690,C1,14,2,2,0,0,0,0,0,0,0,0,0,0,1,0,2,0,0,0
1700,A1,2,10,0,2,0,0,0,0,0,0,0,0,0,1,0,2,1,1,1
1700,B0,0,1,14,3,0,0,0,0,0,0,0,0,0,1,0,2,2,9,2
1700,B1,3,1,1,2,0,0,0,0,0,0,0,0,0,1,0,2,17,192,28
1700,B2,1,0,3,13,0,0,0,0,0,0,0,0,0,1,0,2,0,0,0
1700,C1,14,2,2,0,0,0,0,0,0,0,0,0,0,1,0,2,0,0,0
1710,A1,3,12,0,2,0,0,0,0,0,0,0,0,0,0,1,2,1,1,1
1710,B0,0,1,14,2,0,0,0,0,0,0,0,0,0,0,1,2,2,9,2
1710,B1,4,2,1,1,0,0,0,0,0,0,0,0,0,0,1,2,18,195,30
1710,B2,2,0,2,14,0,0,0,0,0,0,0,0,0,0,1,2,0,0,0
1710,C1,13,2,2,0,0,0,0,0,0,0,0,0,0,0,1,2,0,0,0
1720,A1,4,14,0,1,0,0,0,0,0,0,0,0,0,0,1,2,1,1,1
1720,B0,0,2,10,1,0,0,0,0,0,0,0,0,0,0,1,2,2,9,2
1720,B1,4,2,2,1,0,0,0,0,0,0,0,0,0,0,1,2,18,195,30
1720,B2,3,0,2,14,0,0,0,0,0,0,0,0,0,0,1,2,0,0,0
1720,C1,14,2,1,0,0,0,0,0,0,0,0,0,0,0,1,2,0,0,0
1730,A1,3,14,0,1,0,0,0,0,0,0,0,0,0,1,0,2,1,1,1
1730,B0,0,1,10,2,0,0,0,0,0,0,0,0,0,1,0,2,2,9,2
1730,B1,3,1,2,1,0,0,0,0,0,0,0,0,0,1,0,2,18,195,30
1730,B2,1,0,3,13,0,0,0,0,0,0,0,0,0,1,0,2,0,0,0
1730,C1,14,3,1,0,0,0,0,0,0,0,0,0,0,1,0,2,0,0,0
1740,A1,2,14,0,1,0,0,0,0,0,0,0,0,0,1,0,2,1,1,1
1740,B0,0,1,13,3,0,0,0,0,0,0,0,0,0,1,0,2,2,9,2
1740,B1,4,1,2,1,0,0,0,0,0,0,0,0,0,1,0,2,18,195,30
1740,B2,1,0,1,14,0,0,0,0,0,0,0,0,0,1,0,2,0,0,0
1740,C1,11,2,1,0,0,0,0,0,0,0,0,0,0,1,0,2,0,0,0
1750,A1,1,12,0,1,0,0,0,0,0,0,0,0,0,0,1,2,1,1,1
1750,B0,0,1,14,5,0,0,0,0,0,0,0,0,0,0,1,2,2,9,2
1750,B1,3,1,1,1,0,0,0,0,1,0,0,0,0,0,1,2,19,201,30
1750,B2,2,0,5,14,0,0,0,0,0,0,0,0,0,0,1,2,0,0,0
1750,C1,10,2,1,0,0,0,0,0,0,0,0,1,0,0,1,2,0,0,0
1760,A1,2,13,0,1,0,0,0,0,0,0,0,0,0,0,1,2,1,1,1
1760,B0,0,2,14,1,0,0,0,0,0,0,0,0,0,0,1,2,2,9,2
1760,B1,3,1,1,1,0,0,0,0,0,0,0,0,0,0,1,2,19,202,31
1760,B2,2,0,1,12,0,0,0,0,0,0,0,0,0,0,1,2,0,0,0
1760,C1,13,3,2,0,0,0,0,0,0,0,0,0,0,0,1,2,0,0,0
1770,A1,3,13,0,2,0,0,0,0,0,0,0,0,0,0,1,2,1,1,1
1770,B0,0,2,12,2,0,0,0,0,0,0,0,0,0,0,1,2,2,9,2
1770,B1,3,1,3,1,0,0,0,0,0,0,0,0,0,0,1,2,19,202,31
1770,B2,3,0,2,13,0,0,0,0,0,0,0,0,0,0,1,2,0,0,0
1770,C1,14,4,1,0,0,0,0,0,0,0,0,0,0,0,1,2,0,0,0
1780,A1,1,14,0,1,0,0,0,0,0,0,0,0,0,1,0,2,1,1,1
1780,B0,0,1,12,1,0,0,0,0,0,0,0,0,0,1,0,1,2,9,2
1780,B1,1,2,1,1,0,0,0,0,0,0,0,0,0,1,0,2,20,206,32
1780,B2,1,0,1,14,0,0,0,0,0,0,0,0,0,1,0,2,0,0,0
1780,C1,14,2,3,0,0,0,0,0,0,0,0,0,0,1,0,2,0,0,0
1790,A1,1,12,0,1,0,0,0,0,0,0,0,0,0,1,0,2,1,1,1
1790,B0,0,1,14,2,0,0,0,0,0,0,0,0,0,1,0,2,2,9,2
1790,B1,1,2,1,1,0,0,0,0,0,0,0,0,0,1,0,2,20,206,32
1790,B2,1,0,2,14,0,0,0,0,0,0,0,0,0,1,0,2,0,0,0
1790,C1,13,3,3,0,0,0,0,0,0,0,0,0,0,1,0,2,0,0,0
1800,A1,2,12,0,1,0,0,0,0,0,0,0,0,0,0,1,2,1,1,1
1800,B0,0,2,14,2,0,0,0,0,0,0,0,0,0,0,1,2,2,9,2
1800,B1,2,1,2,1,0,0,0,0,0,0,0,0,0,0,1,2,20,206,32
1800,B2,2,0,1,14,0,0,0,0,0,0,0,0,0,0,1,2,0,0,0
1800,C1,13,1,1,0,0,0,0,0,0,0,0,0,0,0,1,2,0,0,0
1810,A1,2,13,0,1,0,0,0,0,0,0,0,0,0,0,1,2,1,1,1
1810,B0,0,2,13,1,0,0,0,0,0,0,0,0,0,0,1,2,2,9,2
1810,B1,2,1,1,1,0,0,0,0,0,0,0,0,0,0,1,2,20,206,32
1810,B2,3,0,2,13,0,0,0,0,0,0,0,0,0,0,1,2,0,0,0
1810,C1,14,2,1,0,0,0,0,0,0,0,0,0,0,0,1,2,0,0,0
1820,A1,4,14,0,2,0,0,0,0,0,0,0,0,0,1,0,2,1,1,1
1820,B0,0,2,11,1,0,0,0,0,0,0,0,0,0,1,0,2,2,9,2
1820,B1,2,1,2,1,0,0,0,0,0,0,0,0,0,1,0,2,20,206,32
1820,B2,2,0,2,12,0,0,0,0,0,0,0,0,0,1,0,2,0,0,0
1820,C1,14,3,2,0,0,0,0,0,0,0,0,0,0,1,0,2,0,0,0
1830,A1,2,14,0,2,0,0,0,0,0,0,0,0,0,1,0,2,1,1,1
1830,B0,0,1,13,1,0,0,0,0,0,0,0,0,0,1,0,1,2,9,2
1830,B1,1,2,2,1,0,0,0,0,0,0,0,0,0,1,0,2,20,206,32
1830,B2,1,0,2,13,0,0,0,0,0,0,0,0,0,1,0,2,0,0,0
1830,C1,13,1,2,0,0,0,0,0,0,0,0,0,0,1,0,2,0,0,0
1840,A1,1,13,0,2,0,0,0,0,0,0,0,0,0,0,1,2,1,1,1
1840,B0,0,1,14,4,0,0,0,0,0,0,0,0,0,0,1,2,2,9,2
1840,B1,3,3,2,1,0,0,0,0,0,0,0,0,0,0,1,2,20,206,32
1840,B2,1,0,3,14,0,0,0,0,0,0,0,0,0,0,1,2,0,0,0
1840,C1,10,1,3,0,0,0,0,0,0,0,0,0,0,0,1,2,0,0,0
1850,A1,1,13,0,2,0,0,0,0,0,0,0,0,0,0,1,2,1,1,1
1850,B0,0,1,14,2,0,0,0,0,0,0,0,0,0,0,1,2,2,9,2
1850,B1,1,3,2,1,0,0,0,0,0,0,0,0,0,0,1,2,20,206,32
1850,B2,1,0,2,13,0,0,0,0,0,0,0,0,0,0,1,2,0,0,0
1850,C1,12,2,1,0,0,0,0,0,0,0,0,0,0,0,1,2,0,0,0
1860,A1,2,14,0,1,0,0,0,0,0,0,0,0,0,0,1,2,1,1,1
1860,B0,0,2,10,1,0,0,0,0,0,0,0,0,0,0,1,2,2,9,2
1860,B1,1,3,1,2,0,0,0,0,0,0,0,0,0,0,1,2,20,206,32
1860,B2,4,0,2,10,0,0,0,0,0,0,0,0,0,0,1,2,0,0,0
1860,C1,14,1,1,0,0,0,0,0,0,0,0,0,0,0,1,2,0,0,0
1870,A1,1,13,0,1,0,0,0,0,0,0,0,0,0,1,0,2,1,1,1
1870,B0,0,2,11,3,0,0,0,0,0,0,0,0,0,1,0,2,2,9,2
1870,B1,2,3,2,1,0,0,0,0,0,0,0,0,0,1,0,2,20,206,32
1870,B2,1,0,2,12,0,0,0,0,0,0,0,0,0,1,0,2,0,0,0
1870,C1,14,1,2,0,0,0,0,0,0,0,0,0,0,1,0,2,0,0,0
1880,A1,1,11,0,1,0,0,0,0,0,0,0,0,0,1,0,2,1,1,1
1880,B0,0,1,14,2,0,0,0,0,0,0,0,0,0,1,0,2,2,9,2
1880,B1,2,2,1,1,0,0,0,0,0,0,0,0,0,1,0,2,20,206,32
1880,B2,3,0,3,14,0,0,0,0,0,0,0,0,0,1,0,2,0,0,0
1880,C1,14,2,2,0,0,0,0,0,0,0,0,0,0,1,0,2,0,0,0
1890,A1,2,12,0,1,0,0,0,0,0,0,0,0,0,0,1,2,1,1,1
1890,B0,0,1,14,2,0,0,0,0,0,0,0,0,0,0,1,2,2,9,2
1890,B1,3,3,1,1,0,0,0,0,0,0,0,0,0,0,1,2,20,206,32
1890,B2,4,0,1,14,0,0,0,0,0,0,0,0,0,0,1,2,0,0,0
1890,C1,13,2,2,0,0,0,0,0,0,0,0,0,0,0,1,2,1,6,1
1900,A1,3,13,0,1,0,0,0,0,0,0,0,0,0,0,1,2,1,1,1
1900,B0,0,2,14,1,0,0,0,0,0,0,0,0,0,0,1,2,2,9,2
1900,B1,3,3,1,1,0,0,0,0,0,0,0,0,0,0,1,2,20,206,32
1900,B2,4,0,1,13,0,0,0,0,0,0,0,0,0,0,1,2,0,0,0
1900,C1,13,2,2,0,0,0,0,0,0,0,0,0,0,0,1,2,1,6,1
1910,A1,4,14,0,1,0,0,0,0,0,0,0,0,0,1,0,2,1,1,1
1910,B0,0,3,13,2,0,0,0,0,0,0,0,0,0,1,0,2,2,9,2
1910,B1,2,2,2,1,0,0,0,0,0,0,0,0,0,1,0,2,20,206,32
1910,B2,4,0,2,12,0,0,0,0,0,0,0,0,0,1,0,2,0,0,0
1910,C1,14,3,1,0,0,0,0,0,0,0,0,0,0,1,0,2,1,6,1
1920,A1,1,14,0,1,0,0,0,0,0,0,0,0,0,1,0,2,1,1,1
1920,B0,0,1,13,2,0,0,0,0,0,0,0,0,0,1,0,2,2,9,2
1920,B1,2,2,1,1,0,0,0,0,0,0,0,0,0,1,0,2,20,206,32
1920,B2,1,0,3,13,0,0,0,0,0,0,0,0,0,1,0,2,0,0,0
1920,C1,14,2,2,0,0,0,0,0,0,0,0,0,0,1,0,2,1,6,1
1930,A1,2,13,0,1,0,0,0,0,0,0,0,0,0,1,0,2,1,1,1
1930,B0,0,1,14,3,0,0,0,0,0,0,0,0,0,1,0,2,2,9,2
1930,B1,1,2,1,1,0,0,0,0,0,0,0,0,0,1,0,2,20,206,32
1930,B2,3,0,4,14,0,0,0,0,0,0,0,0,0,1,0,2,0,0,0
1930,C1,13,1,2,0,0,0,0,0,0,0,0,0,0,1,0,2,1,6,1
1940,A1,1,13,0,1,0,0,0,0,0,0,0,0,0,0,1,2,1,1,1
1940,B0,0,3,14,1,0,0,0,0,0,0,0,0,0,0,1,2,2,9,2
1940,B1,1,2,1,1,0,0,0,0,0,0,0,0,0,0,1,2,21,214,33
1940,B2,5,0,2,14,0,0,0,0,0,0,0,0,0,0,1,2,0,0,0
1940,C1,13,1,1,0,0,0,0,0,0,0,0,0,0,0,1,2,1,6,1
1950,A1,2,14,0,1,0,0,0,0,0,0,0,0,0,0,1,2,1,1,1
1950,B0,0,5,11,1,0,0,0,0,0,0,0,0,0,0,1,2,2,9,2
1950,B1,1,2,1,2,0,0,0,0,0,0,0,0,0,0,1,2,21,214,33
1950,B2,5,0,1,13,0,0,0,0,0,0,0,0,0,0,1,2,0,0,0
1950,C1,14,1,1,0,0,0,0,0,0,0,0,0,0,0,1,2,1,6,1
1960,A1,2,14,0,1,0,0,0,0,0,0,0,0,0,1,0,2,1,1,1
1960,B0,0,3,11,1,0,0,0,0,0,0,0,0,0,1,0,2,2,9,2
1960,B1,1,1,1,2,0,0,1,0,0,0,0,0,0,1,0,2,22,226,33
1960,B2,3,0,1,13,0,0,0,0,0,1,0,0,0,1,0,1,0,0,0
1960,C1,14,1,2,0,0,0,0,0,0,0,0,0,0,1,0,2,1,6,1
1970,A1,1,14,0,1,0,0,0,0,0,0,0,0,0,1,0,2,1,1,1
1970,B0,0,1,13,2,0,0,0,0,0,0,0,0,0,1,0,2,2,9,2
1970,B1,1,1,2,2,0,0,0,0,0,0,0,0,0,1,0,2,22,232,35
1970,B2,1,0,2,14,0,0,0,0,0,0,0,0,0,1,0,2,0,0,0
1970,C1,13,1,1,0,0,0,0,0,0,0,0,0,0,1,0,2,1,6,1
1980,A1,2,13,0,1,0,0,0,0,0,0,0,0,0,0,1,2,1,1,1
1980,B0,0,1,14,2,0,0,0,0,0,0,0,0,0,0,1,2,2,9,2
1980,B1,2,2,1,2,0,0,0,0,1,0,0,0,0,0,1,2,23,238,35
1980,B2,1,0,1,14,0,0,0,0,0,0,0,0,0,0,1,2,0,0,0
1980,C1,11,2,1,0,0,0,0,0,0,0,0,1,0,0,1,2,1,6,1
1990,A1,3,14,0,2,0,0,0,0,0,0,0,0,0,0,1,2,1,1,1
1990,B0,0,1,14,2,0,0,0,0,0,0,0,0,0,0,1,2,2,9,2
1990,B1,2,2,1,2,0,0,0,0,0,0,0,0,0,0,1,2,23,240,37
1990,B2,2,0,1,14,0,0,0,0,0,0,0,0,0,0,1,2,0,0,0
1990,C1,13,4,1,0,0,0,0,0,0,0,0,0,0,0,1,2,1,6,1
2000,A1,5,14,0,1,0,0,0,0,0,0,0,0,0,0,1,2,1,1,1
2000,B0,0,1,13,1,0,0,0,0,0,0,0,0,0,0,1,2,2,9,2
2000,B1,2,2,1,1,0,0,0,0,0,0,0,0,0,0,1,2,23,240,37
2000,B2,2,0,1,12,0,0,0,0,0,0,0,0,0,0,1,2,0,0,0
2000,C1,14,3,1,0,0,0,0,0,0,0,0,0,0,0,1,2,1,6,1
2010,A1,3,14,0,1,0,0,0,0,0,0,0,0,0,1,0,2,1,1,1
2010,B0,0,1,13,1,0,0,0,0,0,0,0,0,0,1,0,1,2,9,2
2010,B1,3,2,2,2,0,0,0,0,0,0,0,0,0,1,0,2,23,240,37
2010,B2,1,0,2,13,0,0,0,0,0,0,0,0,0,1,0,2,1,1,1
2010,C1,14,1,1,0,0,0,0,0,0,0,0,0,0,1,0,2,1,6,1
2020,A1,2,14,0,2,0,0,0,0,0,0,0,0,0,1,0,2,1,1,1
2020,B0,0,1,14,4,0,0,0,0,0,0,0,0,0,1,0,2,2,9,2
2020,B1,1,2,2,2,0,0,0,0,0,0,0,0,0,1,0,2,23,240,37
2020,B2,1,0,2,13,0,0,0,0,0,0,0,0,0,1,0,2,1,1,1
2020,C1,14,1,1,0,0,0,0,0,0,0,0,0,0,1,0,2,1,6,1
2030,A1,2,13,0,1,0,0,0,0,0,0,0,0,0,0,1,2,1,1,1
2030,B0,0,1,14,1,0,0,0,0,0,0,0,0,0,0,1,2,2,9,2
2030,B1,1,2,2,2,0,0,0,0,0,0,0,0,0,0,1,2,23,240,37
2030,B2,2,0,1,13,0,0,0,0,0,0,0,0,0,0,1,2,1,1,1
2030,C1,13,1,1,0,0,0,0,0,0,0,0,0,0,0,1,2,1,6,1
2040,A1,3,14,0,1,0,0,0,0,0,0,0,0,0,0,1,2,1,1,1
2040,B0,0,1,12,1,0,0,0,0,0,0,0,0,0,0,1,2,2,9,2
2040,B1,1,2,1,4,0,0,0,0,0,0,0,0,0,0,1,2,23,240,37
2040,B2,3,0,1,13,0,0,0,0,0,0,0,0,0,0,1,2,1,1,1
2040,C1,14,2,1,0,0,0,0,0,0,0,0,0,0,0,1,2,1,6,1
2050,A1,2,14,0,1,0,0,0,0,0,0,0,0,0,1,0,2,1,1,1
2050,B0,0,1,11,1,0,0,0,0,0,0,0,0,0,1,0,2,2,9,2
2050,B1,1,1,2,2,0,0,0,0,0,0,0,0,0,1,0,2,24,244,38
2050,B2,3,0,1,13,0,0,0,0,0,0,0,0,0,1,0,2,1,1,1
2050,C1,14,3,2,0,0,0,0,0,0,0,0,0,0,1,0,2,1,6,1
2060,A1,1,13,0,1,0,0,0,0,0,0,0,0,0,1,0,2,1,1,1
2060,B0,0,2,13,4,0,0,0,0,0,0,0,0,0,1,0,2,2,9,2
2060,B1,1,2,2,2,0,0,0,0,0,0,0,0,0,1,0,2,24,244,38
2060,B2,1,0,1,13,0,0,0,0,0,0,0,0,0,1,0,2,1,1,1
2060,C1,13,1,3,0,0,0,0,0,0,0,0,0,0,1,0,2,1,6,1
2070,A1,1,12,0,1,0,0,0,0,0,0,0,0,1,0,1,2,1,1,1
2070,B0,0,1,14,6,0,0,0,0,1,0,0,0,0,0,1,1,3,11,2
2070,B1,2,1,2,2,0,0,0,2,0,0,0,0,0,0,1,2,25,246,38
2070,B2,1,0,2,13,0,0,0,0,0,0,0,0,0,0,1,2,1,1,1
2070,C1,12,1,3,0,0,0,0,0,0,0,0,0,0,0,1,2,1,6,1
2080,A1,2,13,0,2,0,0,0,0,0,0,0,0,0,0,1,2,1,1,1
2080,B0,0,1,14,1,0,0,0,0,0,0,0,0,0,0,1,2,3,13,3
2080,B1,2,1,1,1,0,0,0,0,0,0,0,0,0,0,1,2,25,252,40
2080,B2,1,0,3,13,0,0,0,0,0,0,0,0,0,0,1,2,1,1,1
2080,C1,13,1,2,0,0,0,0,0,0,0,0,0,0,0,1,2,1,6,1
2090,A1,4,13,0,1,0,0,0,0,0,0,0,0,0,0,1,2,1,1,1
2090,B0,0,2,12,1,0,0,0,0,0,0,0,0,0,0,1,2,3,13,3
2090,B1,2,1,1,1,0,0,0,0,0,0,0,0,0,0,1,2,25,252,40
2090,B2,1,0,1,14,0,0,0,0,0,0,0,0,0,0,1,2,1,1,1
2090,C1,14,1,1,0,0,0,0,0,0,0,0,0,0,0,1,2,1,6,1
2100,A1,1,13,0,1,0,0,0,0,0,0,0,0,0,1,0,2,1,1,1
2100,B0,0,1,12,1,0,0,0,0,0,0,0,0,0,1,0,1,3,13,3
2100,B1,1,1,2,1,0,0,0,0,0,0,1,0,0,1,0,1,25,252,40
2100,B2,1,0,1,13,0,1,0,0,0,0,0,0,0,1,0,2,2,16,1
2100,C1,14,1,2,0,0,0,0,0,0,0,0,0,0,1,0,2,1,6,1
2110,A1,2,13,0,2,0,0,0,0,0,0,0,0,0,1,0,2,1,1,1
2110,B0,0,1,14,1,0,0,0,0,0,0,0,0,0,1,0,1,3,13,3
2110,B1,2,1,2,1,0,0,0,0,0,0,0,0,0,1,0,2,25,252,40
2110,B2,1,0,2,13,0,0,0,0,0,0,0,0,0,1,0,2,2,16,2
2110,C1,12,3,1,0,0,0,0,0,0,0,0,0,0,1,0,2,1,6,1
2120,A1,1,13,0,1,0,0,0,0,0,0,0,0,0,0,1,2,1,1,1
2120,B0,0,1,14,2,0,0,0,0,0,0,0,0,0,0,1,2,3,13,3
2120,B1,1,1,2,1,0,0,0,0,0,0,0,0,0,0,1,2,25,252,40
2120,B2,2,0,2,13,0,0,0,0,0,0,0,0,0,0,1,2,2,16,2
2120,C1,12,2,1,0,0,0,0,0,0,0,0,0,0,0,1,2,1,6,1
2130,A1,1,13,0,1,0,0,0,0,0,0,0,0,0,0,1,2,1,1,1
2130,B0,0,1,13,2,0,0,0,0,0,0,0,0,0,0,1,2,3,13,3
2130,B1,1,1,1,1,0,0,0,0,0,0,0,0,0,0,1,2,25,252,40
2130,B2,2,0,1,13,0,0,0,0,0,0,0,0,0,0,1,2,2,16,2
2130,C1,13,3,1,0,0,0,0,0,0,0,0,0,0,0,1,2,1,6,1
2140,A1,1,13,0,1,0,0,0,0,0,0,0,0,0,1,0,2,1,1,1
2140,B0,0,3,11,3,0,0,0,0,0,0,0,0,0,1,0,2,3,13,3
2140,B1,1,1,3,2,0,0,0,0,0,0,0,0,0,1,0,2,25,252,40
2140,B2,1,0,1,11,0,0,0,0,0,0,0,0,0,1,0,2,2,16,2
2140,C1,14,3,1,0,0,0,0,0,0,0,0,0,0,1,0,2,1,6,1
2150,A1,1,14,0,2,0,0,0,0,0,0,0,0,0,1,0,2,1,1,1
2150,B0,0,1,13,5,0,0,0,0,0,0,0,0,0,1,0,2,3,13,3
2150,B1,2,3,3,2,0,0,0,0,0,0,0,0,0,1,0,2,25,252,40
2150,B2,1,0,2,13,0,0,0,0,0,0,0,0,0,1,0,2,2,16,2
2150,C1,14,3,1,0,0,0,0,0,0,0,0,0,0,1,0,2,1,6,1
2160,A1,2,12,0,2,0,0,0,0,0,0,0,0,0,1,0,2,1,1,1
2160,B0,0,1,14,5,0,0,0,0,0,0,0,0,0,1,0,2,3,13,3
2160,B1,3,2,3,2,0,0,0,0,0,0,0,0,0,1,0,2,25,252,40
2160,B2,1,0,2,14,0,0,0,0,0,0,0,0,0,1,0,2,2,16,2
2160,C1,12,1,2,0,0,0,0,0,0,0,0,0,0,1,0,2,1,6,1
2170,A1,2,12,0,1,0,0,0,0,0,0,0,0,0,0,1,2,1,1,1
2170,B0,0,1,14,2,0,0,0,0,0,0,0,0,0,0,1,2,3,13,3
2170,B1,3,2,1,1,0,0,0,0,0,0,0,0,0,0,1,2,25,252,40
2170,B2,1,0,2,14,0,0,0,0,0,0,0,0,0,0,1,2,2,16,2
2170,C1,13,2,1,0,0,0,0,0,0,0,0,0,0,0,1,2,1,6,1
2180,A1,1,14,0,1,0,0,0,0,0,0,0,0,0,0,1,2,1,1,1
2180,B0,0,2,13,1,0,0,0,0,0,0,0,0,0,0,1,2,3,13,3
2180,B1,3,2,2,2,0,0,0,0,0,0,0,0,0,0,1,2,25,252,40
2180,B2,2,0,1,14,0,0,0,0,0,0,0,0,0,0,1,2,2,16,2
2180,C1,14,3,1,0,0,0,0,0,0,0,0,0,0,0,1,2,1,6,1
2190,A1,1,14,0,2,0,0,0,0,0,0,0,0,0,1,0,2,1,1,1
2190,B0,0,1,12,1,0,0,0,0,0,0,0,0,0,1,0,1,3,13,3
2190,B1,1,2,1,2,0,0,0,0,0,0,0,0,0,1,0,2,25,252,40
2190,B2,1,0,1,13,0,0,0,0,0,0,0,0,0,1,0,2,2,16,2
2190,C1,14,2,1,0,0,0,0,0,0,0,0,0,0,1,0,2,1,6,1
2200,A1,1,13,0,2,0,0,0,0,0,0,0,0,0,1,0,2,1,1,1
2200,B0,0,1,13,3,0,0,0,0,0,0,0,0,0,1,0,2,3,13,3
2200,B1,1,1,1,2,0,0,0,0,0,0,0,0,0,1,0,2,25,252,40
2200,B2,1,0,1,14,0,0,0,0,0,0,0,0,0,1,0,2,2,16,2
2200,C1,14,2,1,0,0,0,0,0,0,0,0,0,0,1,0,2,1,6,1
2210,A1,1,13,0,2,0,0,0,0,0,0,0,0,0,0,1,2,1,1,1
2210,B0,0,1,14,3,0,0,0,0,0,0,0,0,0,0,1,2,3,13,3
2210,B1,1,1,2,2,0,0,0,0,1,0,0,0,0,0,1,2,26,257,40
2210,B2,1,0,1,14,0,0,0,0,0,0,0,0,0,0,1,2,2,16,2
2210,C1,13,1,1,0,0,0,0,0,0,0,0,1,0,0,1,2,1,6,1
2220,A1,1,13,0,1,0,0,0,0,0,0,0,0,0,0,1,2,1,1,1
2220,B0,0,2,13,4,0,0,0,0,0,0,0,0,0,0,1,2,3,13,3
2220,B1,2,1,1,1,0,0,0,0,0,0,0,0,0,0,1,2,26,262,41
2220,B2,4,0,4,11,0,0,0,0,0,0,0,0,0,0,1,2,2,16,2
2220,C1,14,1,1,0,0,0,0,0,0,0,0,0,0,0,1,2,1,6,1
2230,A1,5,14,0,1,0,0,0,0,0,0,0,0,0,0,1,2,1,1,1
2230,B0,0,2,11,2,0,0,0,0,0,0,0,0,0,0,1,2,3,13,3
2230,B1,2,1,1,1,0,0,0,0,0,0,0,0,0,0,1,2,26,262,41
2230,B2,4,0,2,11,0,0,0,0,0,0,0,0,0,0,1,2,2,16,2
2230,C1,14,2,1,0,0,0,0,0,0,0,0,0,0,0,1,2,1,6,1
2240,A1,3,14,0,1,0,0,0,0,0,0,0,0,0,1,0,2,1,1,1
2240,B0,0,1,12,2,0,0,0,0,0,0,0,0,0,1,0,2,3,13,3
2240,B1,2,3,2,1,0,0,0,0,0,0,0,0,0,1,0,2,26,262,41
2240,B2,1,0,1,13,0,0,0,0,0,0,0,0,0,1,0,2,2,16,2
2240,C1,14,2,1,0,0,0,0,0,0,0,0,0,0,1,0,2,1,6,1
2250,A1,1,13,0,1,0,0,0,0,0,0,0,0,0,1,0,2,1,1,1
2250,B0,0,1,14,4,0,0,0,0,0,0,0,0,0,1,0,2,3,13,3
2250,B1,2,2,2,1,0,0,0,0,0,0,0,0,0,1,0,2,26,262,41
2250,B2,2,0,3,14,0,0,0,0,0,0,0,0,0,1,0,2,2,16,2
2250,C1,14,1,2,0,0,0,0,0,0,0,0,0,0,1,0,2,1,6,1
2260,A1,1,13,0,1,0,0,0,0,0,0,0,0,0,0,1,2,2,5,2
2260,B0,0,1,14,4,0,0,0,0,0,0,0,0,0,0,1,2,3,13,3
2260,B1,3,2,1,1,0,0,0,0,0,0,0,0,0,0,1,2,27,265,42
2260,B2,2,0,1,14,0,0,0,0,0,0,0,0,0,0,1,2,2,16,2
2260,C1,13,1,1,0,0,0,0,0,0,0,0,0,0,0,1,2,1,6,1
2270,A1,2,13,0,1,0,0,0,0,0,0,0,0,0,0,1,2,2,5,2
2270,B0,0,1,14,1,0,0,0,0,0,0,0,0,0,0,1,2,3,13,3
2270,B1,3,2,2,1,0,0,0,0,0,0,0,0,0,0,1,2,27,265,42
2270,B2,5,0,1,13,0,0,0,0,0,0,0,0,0,0,1,2,2,16,2
2270,C1,14,2,1,0,0,0,0,0,0,0,0,0,0,0,1,2,1,6,1
2280,A1,4,14,0,2,0,0,0,0,0,0,0,0,0,1,0,2,2,5,2
2280,B0,0,2,12,1,0,0,0,0,0,0,0,0,0,1,0,2,3,13,3
2280,B1,2,3,1,1,0,0,0,0,0,0,0,0,0,1,0,2,27,265,42
2280,B2,4,0,1,13,0,0,0,0,0,0,0,0,0,1,0,2,2,16,2
2280,C1,14,1,1,0,0,0,0,0,0,0,0,0,0,1,0,2,1,6,1
2290,A1,3,14,0,2,0,0,0,0,0,0,0,0,0,1,0,2,2,5,2
2290,B0,0,1,13,1,0,0,0,0,0,0,0,0,0,1,0,1,3,13,3
2290,B1,1,3,1,1,0,0,0,0,0,0,0,0,0,1,0,2,27,265,42
2290,B2,1,0,3,14,0,0,0,0,0,0,0,0,0,1,0,2,2,16,2
2290,C1,12,1,1,0,0,0,0,0,0,0,0,0,0,1,0,2,1,6,1
2300,A1,1,13,0,2,0,0,0,0,1,0,0,0,0,0,1,2,3,6,2
2300,B0,0,1,14,2,0,0,0,0,0,0,0,0,0,0,1,2,3,13,3
2300,B1,2,2,1,1,0,0,0,0,0,0,0,1,0,0,1,2,27,265,42
2300,B2,2,0,4,14,0,0,0,0,0,0,0,0,0,0,1,2,2,16,2
2300,C1,9,2,1,0,0,0,0,0,0,0,0,0,0,0,1,2,1,6,1
2310,A1,2,13,0,1,0,0,0,0,0,0,0,0,0,0,1,2,3,7,3
2310,B0,0,3,13,1,0,0,0,0,0,0,0,0,0,0,1,2,3,13,3
2310,B1,2,1,1,1,0,0,0,0,0,0,0,0,0,0,1,2,27,265,42
2310,B2,4,0,1,14,0,0,0,0,0,0,0,0,0,0,1,2,2,16,2
2310,C1,12,2,1,0,0,0,0,0,0,0,0,0,0,0,1,2,1,6,1
2320,A1,5,13,0,1,0,0,0,0,0,0,0,0,0,0,1,2,3,7,3
2320,B0,0,4,12,2,0,0,0,0,0,0,0,0,0,0,1,2,3,13,3
2320,B1,2,1,1,1,0,0,0,0,0,0,0,0,0,0,1,2,27,265,42
2320,B2,4,0,2,14,0,0,0,0,0,0,0,0,0,0,1,2,2,16,2
2320,C1,14,3,1,0,0,0,0,0,0,0,0,0,0,0,1,2,1,6,1
2330,A1,4,13,0,1,0,0,0,0,0,0,0,0,0,1,0,2,3,7,3
2330,B0,0,2,13,2,0,0,0,0,0,0,0,0,0,1,0,2,3,13,3
2330,B1,2,1,1,2,0,0,0,0,0,0,0,0,0,1,0,2,27,265,42
2330,B2,1,0,1,13,0,0,0,0,0,0,0,0,0,1,0,2,2,16,2
2330,C1,14,2,3,0,0,0,0,0,0,0,0,0,0,1,0,2,1,6,1
2340,A1,3,14,0,1,0,0,0,0,0,0,0,0,0,1,0,2,3,7,3
2340,B0,0,1,14,3,0,0,0,0,0,0,0,0,0,1,0,2,3,13,3
2340,B1,1,1,1,2,0,0,0,0,0,0,0,0,0,1,0,2,27,265,42
2340,B2,1,0,3,14,0,0,0,0,0,0,0,0,0,1,0,2,2,16,2
2340,C1,14,1,3,0,0,0,0,0,0,0,0,0,0,1,0,2,1,6,1
2350,A1,1,13,0,1,0,0,0,0,0,0,0,0,0,0,1,2,3,7,3
2350,B0,0,1,14,1,0,0,0,0,0,0,0,0,0,0,1,2,3,13,3
2350,B1,1,2,1,1,0,0,0,0,0,0,0,0,0,0,1,2,27,265,42
2350,B2,1,0,4,14,0,0,0,0,0,0,0,0,0,0,1,2,2,16,2
2350,C1,13,2,1,0,0,0,0,0,0,0,0,0,0,0,1,2,1,6,1
2360,A1,1,13,0,1,0,0,0,0,0,0,0,0,0,0,1,2,3,7,3
2360,B0,0,1,14,1,0,0,0,0,0,0,0,0,0,0,1,2,3,13,3
2360,B1,1,2,1,1,0,0,0,0,0,0,0,0,0,0,1,2,27,265,42
2360,B2,1,0,2,14,0,0,0,0,0,0,0,0,0,0,1,2,2,16,2
2360,C1,14,2,1,0,0,0,0,0,0,0,0,0,0,0,1,2,1,6,1
2370,A1,1,13,0,1,0,0,0,0,0,0,0,0,0,1,0,2,3,7,3
2370,B0,0,1,13,2,0,0,0,0,0,0,1,0,0,1,0,1,3,13,3
2370,B1,1,2,2,2,0,1,1,0,0,0,0,0,0,1,0,2,29,273,42
2370,B2,2,0,1,13,0,0,0,0,0,1,0,0,0,1,0,1,2,16,2
2370,C1,14,7,1,0,0,0,0,0,0,0,0,0,0,1,0,2,1,6,1
2380,A1,1,12,0,2,0,0,0,0,0,0,0,0,0,1,0,2,3,7,3
2380,B0,0,1,13,1,0,0,0,0,0,0,0,0,0,1,0,1,3,13,3
2380,B1,2,1,2,2,0,0,0,0,0,0,0,0,0,1,0,2,29,277,44
2380,B2,1,0,1,13,0,0,0,0,0,0,0,0,0,1,0,2,2,16,2
2380,C1,14,5,2,0,0,0,0,0,0,0,0,0,0,1,0,2,1,6,1
2390,A1,1,12,0,2,0,0,0,0,0,0,0,0,0,1,0,2,3,7,3
2390,B0,0,2,14,3,0,0,0,0,0,0,0,0,0,1,0,2,3,13,3
2390,B1,1,2,2,2,0,0,0,0,0,0,0,0,0,1,0,2,29,277,44
2390,B2,1,0,2,14,0,0,0,0,0,0,0,0,0,1,0,2,2,16,2
2390,C1,14,3,2,0,0,0,0,0,0,0,0,0,0,1,0,2,1,6,1
2400,A1,2,13,0,1,0,0,0,0,0,0,0,0,0,0,1,2,3,7,3
2400,B0,0,2,14,1,0,0,0,13,0,0,0,0,0,0,1,1,4,30,3
2400,B1,1,1,2,2,0,0,0,0,0,0,0,0,0,0,1,2,30,281,45
2400,B2,1,0,3,14,0,0,0,0,0,0,0,0,0,0,1,2,2,16,2
2400,C1,13,3,1,0,0,0,0,0,0,0,0,0,0,0,1,2,1,6,1
2410,A1,2,14,0,1,0,0,0,0,0,0,0,0,0,0,1,2,3,7,3
2410,B0,0,3,13,1,0,0,0,0,0,0,0,0,0,0,1,2,4,30,16
2410,B1,1,1,3,1,0,0,0,0,0,0,0,0,0,0,1,2,30,281,45
2410,B2,1,0,1,14,0,0,0,0,0,0,0,0,0,0,1,2,2,16,2
2410,C1,14,4,1,0,0,0,0,0,0,0,0,0,0,0,1,2,1,6,1
2420,A1,1,14,0,1,0,0,0,0,0,0,0,0,0,1,0,2,3,7,3
2420,B0,0,2,12,1,0,0,0,0,0,0,0,0,0,1,0,2,4,30,16
2420,B1,3,1,2,1,0,0,0,0,0,0,1,0,0,1,0,1,30,281,45
2420,B2,1,0,1,13,0,1,0,0,0,0,0,0,0,1,0,2,3,27,2
2420,C1,14,5,1,0,0,0,0,0,0,0,0,0,0,1,0,2,1,6,1
2430,A1,2,14,0,3,0,0,0,0,0,0,0,0,0,1,0,2,3,7,3
2430,B0,0,1,13,1,0,0,0,0,0,0,0,0,0,1,0,1,4,30,16
2430,B1,1,1,2,1,0,0,0,0,0,0,0,0,0,1,0,2,30,281,45
2430,B2,2,0,2,13,0,0,0,0,0,0,0,0,0,1,0,2,3,30,3
2430,C1,14,1,1,0,0,0,0,0,0,0,0,0,0,1,0,2,1,6,1
2440,A1,1,13,0,2,0,0,0,0,0,0,0,0,0,0,1,2,3,7,3
2440,B0,0,2,14,3,0,0,0,0,0,0,0,0,0,0,1,2,4,30,16
2440,B1,1,1,1,1,0,0,0,0,0,0,0,0,0,0,1,2,30,281,45
2440,B2,1,0,1,14,0,0,0,0,0,0,0,0,0,0,1,2,3,30,3
2440,C1,13,1,1,0,0,0,0,0,0,0,0,0,0,0,1,2,1,6,1
2450,A1,1,13,0,2,0,0,0,0,0,0,0,0,0,0,1,2,3,7,3
2450,B0,0,2,14,2,0,0,0,0,0,0,0,0,0,0,1,2,4,30,16
2450,B1,1,1,1,1,0,0,0,0,0,0,0,0,0,0,1,2,30,281,45
2450,B2,1,0,1,13,0,0,0,0,0,0,0,0,0,0,1,2,3,30,3
2450,C1,14,2,1,0,0,0,0,0,0,0,0,0,0,0,1,2,1,6,1
2460,A1,2,14,0,2,0,0,0,0,0,0,0,0,0,0,1,2,3,7,3
2460,B0,0,2,12,3,0,0,0,0,0,0,0,0,0,0,1,2,4,30,16
2460,B1,1,1,1,2,0,0,0,0,0,0,0,0,0,0,1,2,30,281,45
2460,B2,1,0,1,12,0,0,0,0,0,0,0,0,0,0,1,2,3,30,3
2460,C1,14,4,2,0,0,0,0,0,0,0,0,0,0,0,1,2,1,6,1
2470,A1,1,14,0,3,0,0,0,0,0,0,0,0,0,1,0,2,3,7,3
2470,B0,0,1,13,4,0,0,0,0,0,0,0,0,0,1,0,2,4,30,16
2470,B1,2,1,1,2,0,0,0,0,0,0,0,0,0,1,0,2,30,281,45
2470,B2,2,0,1,13,0,0,0,0,0,0,0,0,0,1,0,2,4,34,4
2470,C1,14,1,2,0,0,0,0,0,0,0,0,0,0,1,0,2,2,9,14
2480,A1,1,12,0,3,0,0,0,0,0,0,0,0,0,1,0,2,3,7,3
2480,B0,0,1,14,5,0,0,0,0,0,0,0,0,0,1,0,2,4,30,16
2480,B1,2,1,1,2,0,0,0,0,0,0,0,0,0,1,0,2,30,281,45
2480,B2,1,0,4,14,0,0,0,0,0,0,0,0,0,1,0,2,4,34,4
2480,C1,13,1,2,0,0,0,0,0,0,0,0,0,0,1,0,2,2,9,14
2490,A1,1,12,0,1,0,0,0,0,0,0,0,0,0,0,1,2,3,7,3
2490,B0,0,2,14,4,0,0,0,0,0,0,0,0,0,0,1,2,4,30,16
2490,B1,2,1,1,2,0,0,0,0,0,0,0,0,0,0,1,2,30,281,45
2490,B2,3,0,2,14,0,0,0,0,0,0,0,0,0,0,1,2,4,34,4
2490,C1,13,1,1,0,0,0,0,0,0,0,0,0,0,0,1,2,2,9,14
2500,A1,2,13,0,1,0,0,0,0,0,0,0,0,0,0,1,2,3,7,3
2500,B0,0,1,14,1,0,0,0,0,0,0,0,0,0,0,1,2,4,30,16
2500,B1,2,1,1,1,0,0,0,0,0,0,0,0,0,0,1,2,30,281,45
2500,B2,4,0,1,13,0,0,0,0,0,0,0,0,0,0,1,2,4,34,4
2500,C1,14,1,1,0,0,0,0,0,0,0,0,0,0,0,1,2,2,9,14
2510,A1,1,14,0,1,0,0,0,0,0,0,0,0,0,1,0,2,3,7,3
2510,B0,0,1,13,2,0,0,0,0,0,0,0,0,0,1,0,2,4,30,16
2510,B1,2,1,1,3,0,0,0,0,0,0,0,0,0,1,0,2,30,281,45
2510,B2,3,0,2,11,0,0,0,0,0,0,0,0,0,1,0,2,4,34,4
2510,C1,14,2,2,0,0,0,0,0,0,0,0,0,0,1,0,2,2,9,14
2520,A1,1,13,0,3,0,0,0,0,0,0,0,0,0,1,0,2,3,7,3
2520,B0,0,1,14,2,0,0,0,0,0,0,0,0,0,1,0,2,4,30,16
2520,B1,2,1,1,1,0,0,0,0,0,0,0,0,0,1,0,2,30,281,45
2520,B2,1,0,2,13,0,0,0,0,0,0,0,0,0,1,0,2,4,34,4
2520,C1,13,2,2,0,0,0,0,0,0,0,0,0,0,1,0,2,2,9,14
2530,A1,1,12,0,3,0,0,0,0,0,0,0,0,0,0,1,2,3,7,3
2530,B0,0,1,14,4,0,0,0,0,0,0,0,0,0,0,1,2,4,30,16
2530,B1,4,3,1,1,0,0,0,0,0,0,0,0,0,0,1,2,30,281,45
2530,B2,1,0,2,14,0,0,0,0,0,0,0,0,0,0,1,2,4,34,4
2530,C1,10,3,2,0,0,0,0,0,0,0,0,0,0,0,1,2,2,9,14
2540,A1,2,13,0,1,0,0,0,0,0,0,0,0,0,0,1,2,3,7,3
2540,B0,0,2,14,1,0,0,0,0,0,0,0,0,0,0,1,2,4,30,16
2540,B1,1,3,2,1,0,0,0,0,0,0,0,0,0,0,1,2,30,281,45
2540,B2,2,0,3,13,0,0,0,0,0,0,0,0,0,0,1,2,4,34,4
2540,C1,12,1,1,0,0,0,0,0,0,0,0,0,0,0,1,2,2,9,14
2550,A1,2,14,0,1,0,0,0,0,0,0,0,0,0,0,1,2,3,7,3
2550,B0,0,3,12,1,0,0,0,0,0,0,0,0,0,0,1,2,4,30,16
2550,B1,1,3,1,1,0,0,0,0,0,0,0,0,0,0,1,2,30,281,45
2550,B2,3,0,1,12,0,0,0,0,0,0,0,0,0,0,1,2,4,34,4
2550,C1,14,2,1,0,0,0,0,0,0,0,0,0,0,0,1,2,2,9,14
2560,A1,1,14,0,2,0,0,0,0,0,0,0,0,0,1,0,2,3,7,3
2560,B0,0,1,12,1,0,0,0,0,0,0,0,0,0,1,0,1,4,30,16
2560,B1,2,1,2,2,0,0,0,0,0,0,0,0,0,1,0,2,30,281,45
2560,B2,1,0,1,13,0,0,0,0,0,0,0,0,0,1,0,2,4,34,4
2560,C1,14,1,1,0,0,0,0,0,0,0,0,0,0,1,0,2,2,9,14
2570,A1,3,11,0,2,0,0,0,0,0,0,0,0,0,1,0,2,3,7,3
2570,B0,0,1,14,3,0,0,0,0,0,0,0,0,0,1,0,2,4,30,16
2570,B1,1,1,2,2,0,0,0,0,0,0,0,0,0,1,0,2,30,281,45
2570,B2,1,0,4,14,0,0,0,0,0,0,0,0,0,1,0,2,4,34,4
2570,C1,13,1,1,0,0,0,0,0,0,0,0,0,0,1,0,2,2,9,14
2580,A1,1,10,0,1,0,0,0,0,0,0,0,0,0,0,1,2,3,7,3
2580,B0,0,1,14,2,0,0,0,0,0,0,0,0,0,0,1,2,4,30,16
2580,B1,3,1,1,3,0,0,0,0,0,0,0,0,0,0,1,2,30,281,45
2580,B2,1,0,2,14,0,0,0,0,0,0,0,0,0,0,1,2,4,34,4
2580,C1,12,1,2,0,0,0,0,0,0,0,0,0,0,0,1,2,2,9,14
2590,A1,2,13,0,1,0,0,0,0,0,0,0,0,0,0,1,2,3,7,3
2590,B0,0,3,12,1,0,0,0,0,0,0,0,0,0,0,1,2,4,30,16
2590,B1,1,1,1,2,0,0,0,0,0,0,0,0,0,0,1,2,30,281,45
2590,B2,2,0,1,14,0,0,0,0,0,0,0,0,0,0,1,2,4,34,4
2590,C1,13,3,1,0,0,0,0,0,0,0,0,0,0,0,1,2,2,9,14
2600,A1,4,14,0,1,0,0,0,0,0,0,0,0,0,1,0,2,3,7,3
2600,B0,0,4,12,1,0,0,0,0,0,0,0,0,0,1,0,2,4,30,16
2600,B1,1,1,2,1,0,0,0,0,0,0,0,0,0,1,0,2,30,281,45
2600,B2,3,0,1,13,0,0,0,0,0,0,0,0,0,1,0,2,4,34,4
2600,C1,14,4,2,0,0,0,0,0,0,0,0,0,0,1,0,2,2,9,14
2610,A1,3,14,0,2,0,0,0,0,0,0,0,0,0,1,0,2,3,7,3
2610,B0,0,1,13,2,0,0,0,0,0,0,0,0,0,1,0,2,4,30,16
2610,B1,2,2,2,1,0,0,0,0,0,0,0,0,0,1,0,2,30,281,45
2610,B2,1,0,3,13,0,0,0,0,0,0,0,0,0,1,0,2,4,34,4
2610,C1,14,1,3,0,0,0,0,0,0,0,0,0,0,1,0,2,2,9,14
2620,A1,1,13,0,2,0,0,0,0,0,0,0,0,0,1,0,2,3,7,3
2620,B0,0,1,14,2,0,0,0,0,0,0,0,0,0,1,0,2,4,30,16
2620,B1,2,1,2,1,0,0,0,0,0,0,0,0,0,1,0,2,30,281,45
2620,B2,1,0,3,14,0,0,0,0,0,0,0,0,0,1,0,2,4,34,4
2620,C1,11,2,3,0,0,0,0,0,0,0,0,0,0,1,0,2,2,9,14
2630,A1,1,13,0,1,0,0,0,0,0,0,0,0,0,0,1,2,3,7,3
2630,B0,0,1,14,2,0,0,0,0,0,0,0,0,0,0,1,2,4,30,16
2630,B1,1,1,2,1,0,0,0,0,0,0,0,0,0,0,1,2,30,281,45
2630,B2,2,0,1,14,0,0,0,0,0,0,0,0,0,0,1,2,4,34,4
2630,C1,12,1,2,0,0,0,0,0,0,0,0,0,0,0,1,2,2,9,14
2640,A1,2,14,0,1,0,0,0,0,0,0,0,0,0,0,1,2,3,7,3
2640,B0,0,1,14,2,0,0,0,0,0,0,0,0,0,0,1,2,4,30,16
2640,B1,1,1,3,1,0,0,0,0,0,0,0,0,0,0,1,2,30,281,45
2640,B2,3,0,2,12,0,0,0,0,0,0,0,0,0,0,1,2,4,34,4
2640,C1,14,2,1,0,0,0,0,0,0,0,0,0,0,0,1,2,2,9,14
2650,A1,1,14,0,1,0,0,0,0,0,0,0,0,0,1,0,2,3,7,3
2650,B0,0,1,13,2,0,0,0,0,0,0,0,0,0,1,0,2,4,30,16
2650,B1,1,2,2,1,0,0,0,0,0,0,0,0,0,1,0,2,30,281,45
2650,B2,2,0,1,11,0,0,0,0,0,0,0,0,0,1,0,2,4,34,4
2650,C1,14,1,1,0,0,0,0,0,0,0,0,0,0,1,0,2,2,9,14
2660,A1,1,13,0,2,0,0,0,0,0,0,0,0,0,1,0,2,3,7,3
2660,B0,0,1,14,4,0,0,0,0,0,0,0,0,0,1,0,2,4,30,16
2660,B1,1,1,2,1,0,0,0,0,0,0,0,0,0,1,0,2,30,281,45
2660,B2,1,0,1,13,0,0,0,0,0,0,0,0,0,1,0,2,4,34,4
2660,C1,13,3,1,0,0,0,0,0,0,0,0,0,0,1,0,2,2,9,14
2670,A1,2,11,0,2,0,0,0,0,0,0,0,0,0,0,1,2,3,7,3
2670,B0,0,1,14,5,0,0,0,0,0,0,0,0,0,0,1,2,4,30,16
2670,B1,1,2,2,4,0,0,0,0,0,0,0,0,0,0,1,2,30,281,45
2670,B2,1,0,2,13,0,0,0,0,0,0,0,0,0,0,1,2,4,34,4
2670,C1,12,2,1,0,0,0,0,0,0,0,0,0,0,0,1,2,2,9,14
2680,A1,2,13,0,2,0,0,0,0,0,0,0,0,0,0,1,2,3,7,3
2680,B0,0,1,14,2,0,0,0,0,0,0,0,0,0,0,1,2,4,30,16
2680,B1,1,2,2,1,0,0,0,0,0,0,0,0,0,0,1,2,30,281,45
2680,B2,2,0,2,13,0,0,0,0,0,0,0,0,0,0,1,2,4,34,4
2680,C1,13,2,1,0,0,0,0,0,0,0,0,0,0,0,1,2,2,9,14
2690,A1,3,14,0,1,0,0,0,0,0,0,0,0,0,0,1,2,3,7,3
2690,B0,0,1,13,2,0,0,0,0,0,0,0,0,0,0,1,2,4,30,16
2690,B1,1,2,1,2,0,0,0,0,0,0,0,0,0,0,1,2,30,281,45
2690,B2,2,0,1,12,0,0,0,0,0,0,0,0,0,0,1,2,4,34,4
2690,C1,14,2,2,0,0,0,0,0,0,0,0,0,0,0,1,2,2,9,14
2700,A1,3,13,0,2,0,0,0,0,0,0,0,0,0,1,0,2,3,7,3
2700,B0,0,1,13,3,0,0,1,0,0,0,0,0,0,1,0,2,5,50,16
2700,B1,1,1,1,2,0,0,0,0,0,1,0,0,0,1,0,1,30,281,45
2700,B2,3,0,3,12,0,0,0,0,0,0,0,0,0,1,0,2,4,34,4
2700,C1,13,2,1,0,0,0,0,0,0,0,0,0,0,1,0,2,2,9,14
2710,A1,1,13,0,2,0,0,0,0,0,0,0,0,0,1,0,2,3,7,3
2710,B0,0,1,14,4,0,0,1,0,0,0,0,0,0,1,0,2,5,70,16
2710,B1,1,1,1,2,0,0,0,0,0,1,0,0,0,1,0,1,30,281,45
2710,B2,1,0,2,12,0,0,0,0,0,0,0,0,0,1,0,2,4,34,4
2710,C1,11,1,1,0,0,0,0,0,0,0,0,0,0,1,0,2,2,9,14
2720,A1,2,13,0,1,0,0,0,0,0,0,0,0,0,0,1,2,3,7,3
2720,B0,0,1,14,2,0,0,0,0,0,0,0,0,0,0,1,2,5,86,17
2720,B1,1,1,1,1,0,0,0,0,0,0,0,0,0,0,1,2,30,281,45
2720,B2,3,0,2,13,0,0,0,0,0,0,0,0,0,0,1,2,4,34,4
2720,C1,12,1,1,0,0,0,0,0,0,0,0,0,0,0,1,2,2,9,14
2730,A1,3,14,0,1,0,0,0,0,0,0,0,0,0,0,1,2,3,7,3
2730,B0,0,2,14,2,0,0,0,0,0,0,0,0,0,0,1,2,5,86,17
2730,B1,1,1,1,2,0,0,0,0,0,0,0,0,0,0,1,2,30,281,45
2730,B2,5,0,1,13,0,0,0,0,0,0,0,0,0,0,1,2,4,34,4
2730,C1,14,2,1,0,0,0,0,0,0,0,0,0,0,0,1,2,2,9,14
2740,A1,4,14,0,2,0,0,0,0,0,0,0,0,0,1,0,2,3,7,3
2740,B0,0,1,13,3,0,0,0,0,0,0,1,0,0,1,0,1,5,86,17
2740,B1,1,1,1,1,0,1,0,0,0,0,0,0,0,1,0,2,31,289,45
2740,B2,3,0,1,13,0,0,0,0,0,0,0,0,0,1,0,2,4,34,4
2740,C1,14,2,1,0,0,0,0,0,0,0,0,0,0,1,0,2,2,9,14
2750,A1,2,14,0,2,0,0,0,0,0,0,0,0,0,1,0,2,3,7,3
2750,B0,0,1,14,2,0,0,0,0,0,0,0,0,0,1,0,2,5,86,17
2750,B1,1,2,1,1,0,0,0,0,0,0,0,0,0,1,0,2,31,303,46
2750,B2,1,0,1,13,0,0,0,0,0,0,0,0,0,1,0,2,4,34,4
2750,C1,14,3,1,0,0,0,0,0,0,0,0,0,0,1,0,2,2,9,14
2760,A1,1,11,0,2,0,0,0,0,0,0,0,0,0,0,1,2,3,7,3
2760,B0,0,1,14,3,0,0,0,0,0,0,0,0,0,0,1,2,5,86,17
2760,B1,2,1,1,1,0,0,0,0,0,0,0,0,0,0,1,2,31,303,46
2760,B2,1,0,4,13,0,0,0,0,0,0,0,0,0,0,1,2,4,34,4
2760,C1,12,4,1,0,0,0,0,0,0,0,0,0,0,0,1,2,2,9,14
2770,A1,3,12,0,1,0,0,0,0,0,0,0,0,0,0,1,2,3,7,3
2770,B0,0,2,14,2,0,0,0,0,0,0,0,0,0,0,1,2,5,86,17
2770,B1,2,1,1,2,0,0,0,0,0,0,0,0,0,0,1,2,31,303,46
2770,B2,1,0,4,13,0,0,0,0,0,0,0,0,0,0,1,2,4,34,4
2770,C1,13,1,1,0,0,0,0,0,0,0,0,0,0,0,1,2,2,9,14
2780,A1,2,14,0,1,0,0,0,0,0,0,0,0,0,0,1,2,3,7,3
2780,B0,0,3,13,2,0,0,0,0,0,0,0,0,0,0,1,2,5,86,17
2780,B1,2,1,2,3,0,0,0,0,0,0,0,0,0,0,1,2,31,303,46
2780,B2,1,0,1,12,0,0,0,0,0,0,0,0,0,0,1,2,4,34,4
2780,C1,14,2,1,0,0,0,0,0,0,0,0,0,0,0,1,2,2,9,14
2790,A1,1,14,0,1,0,0,0,0,0,0,0,0,0,1,0,2,3,7,3
2790,B0,0,1,13,2,0,0,0,0,0,0,0,0,0,1,0,2,5,86,17
2790,B1,1,1,2,2,0,0,0,0,0,0,0,0,0,1,0,2,31,303,46
2790,B2,1,0,1,13,0,0,0,0,0,0,0,0,0,1,0,2,5,35,5
2790,C1,13,2,1,0,0,0,0,0,0,0,0,0,0,1,0,2,2,9,14
2800,A1,1,13,0,1,0,0,0,0,0,0,0,0,0,1,0,2,3,7,3
2800,B0,0,1,14,2,0,0,0,0,0,0,0,0,0,1,0,2,5,86,17
2800,B1,1,1,2,3,0,0,0,0,0,0,0,0,0,1,0,2,31,303,46
2800,B2,1,0,3,14,0,0,0,0,0,0,0,0,0,1,0,2,5,35,5
2800,C1,12,3,1,0,0,0,0,0,0,0,0,0,0,1,0,2,2,9,14
2810,A1,1,13,0,1,0,0,0,0,0,0,0,0,0,0,1,2,3,7,3
2810,B0,0,1,14,2,0,0,0,0,0,0,0,0,0,0,1,2,5,86,17
2810,B1,1,2,1,2,0,0,0,0,0,0,0,0,0,0,1,2,31,303,46
2810,B2,1,0,4,14,0,0,0,0,0,0,0,0,0,0,1,2,5,35,5
2810,C1,12,2,1,0,0,0,0,0,0,0,0,0,0,0,1,2,2,9,14
2820,A1,3,14,0,1,0,0,0,0,0,0,0,0,0,0,1,2,3,7,3
2820,B0,0,3,13,2,0,0,0,0,0,0,0,0,0,0,1,2,5,86,17
2820,B1,1,2,3,2,0,0,0,0,0,0,0,0,0,0,1,2,31,303,46
2820,B2,2,0,2,14,0,0,0,0,0,0,0,0,0,0,1,2,5,35,5
2820,C1,14,2,1,0,0,0,0,0,0,0,0,0,0,0,1,2,2,9,14
2830,A1,4,14,0,1,0,0,0,0,0,0,0,0,0,1,0,2,3,7,3
2830,B0,0,3,11,1,0,0,0,0,0,0,1,0,0,1,0,1,5,86,17
2830,B1,1,1,1,3,0,1,0,0,0,0,0,0,0,1,0,2,32,306,46
2830,B2,2,0,1,14,0,0,0,0,0,0,0,0,0,1,0,2,5,35,5
2830,C1,14,3,1,0,0,0,0,0,0,0,0,0,0,1,0,2,2,9,14
2840,A1,2,14,0,1,0,0,0,0,0,0,0,0,0,1,0,2,3,7,3
2840,B0,0,1,13,1,0,0,0,0,0,0,0,0,0,1,0,1,5,86,17
2840,B1,1,1,1,3,0,0,0,0,0,0,0,0,0,1,0,2,32,317,47
2840,B2,2,0,1,14,0,0,0,0,0,0,0,0,0,1,0,2,5,35,5
2840,C1,14,2,2,0,0,0,0,0,0,0,0,0,0,1,0,2,2,9,14
2850,A1,2,11,0,1,0,0,0,0,0,0,0,0,0,1,0,2,3,7,3
2850,B0,0,1,14,3,0,0,0,0,0,0,0,0,0,1,0,2,5,86,17
2850,B1,1,1,1,3,0,0,0,0,0,0,0,0,0,1,0,2,32,317,47
2850,B2,1,0,2,14,0,0,0,0,0,0,0,0,0,1,0,2,5,35,5
2850,C1,11,1,4,0,0,0,0,0,0,0,0,0,0,1,0,2,2,9,14
2860,A1,4,12,0,1,0,0,0,0,0,0,0,0,0,0,1,2,3,7,3
2860,B0,0,3,14,1,0,0,0,0,0,0,0,0,0,0,1,2,5,86,17
2860,B1,2,2,1,2,0,0,0,0,0,0,0,0,0,0,1,2,32,317,47
2860,B2,1,0,1,14,0,0,0,0,0,0,0,0,0,0,1,2,5,35,5
2860,C1,12,1,1,0,0,0,0,0,0,0,0,0,0,0,1,2,2,9,14
2870,A1,2,14,0,2,0,0,0,0,0,0,0,0,0,0,1,2,3,7,3
2870,B0,0,3,11,1,0,0,0,0,0,0,0,0,0,0,1,2,5,86,17
2870,B1,1,2,1,1,0,0,0,0,0,0,0,0,0,0,1,2,32,317,47
2870,B2,1,0,1,13,0,0,0,0,0,0,0,0,0,0,1,2,5,35,5
2870,C1,14,2,1,0,0,0,0,0,0,0,0,0,0,0,1,2,2,9,14
2880,A1,3,14,0,2,0,0,0,0,0,0,0,0,0,1,0,2,3,7,3
2880,B0,0,1,11,2,0,0,0,0,0,0,0,0,0,1,0,2,5,86,17
2880,B1,1,1,3,2,0,0,0,0,0,0,0,0,0,1,0,2,32,317,47
2880,B2,2,0,2,13,0,0,0,0,0,0,0,0,0,1,0,2,5,35,5
2880,C1,14,2,1,0,0,0,0,0,0,0,0,0,0,1,0,2,2,9,14
2890,A1,1,13,0,2,0,0,0,0,0,0,0,0,0,1,0,2,3,7,3
2890,B0,0,1,13,2,0,0,0,0,0,0,0,0,0,1,0,2,5,86,17
2890,B1,1,3,3,2,0,0,0,0,0,0,0,0,0,1,0,2,32,317,47
2890,B2,1,0,3,13,0,0,0,0,0,0,0,0,0,1,0,2,5,35,5
2890,C1,14,1,1,0,0,0,0,0,0,0,0,0,0,1,0,2,2,9,14
2900,A1,1,12,0,1,0,0,0,0,0,0,0,0,0,0,1,2,3,7,3
2900,B0,0,1,14,2,0,0,0,0,0,0,0,0,0,0,1,2,5,86,17
2900,B1,1,2,3,1,0,0,0,0,0,0,0,0,0,0,1,2,32,317,47
2900,B2,1,0,4,14,0,0,0,0,0,0,0,0,0,0,1,2,5,35,5
2900,C1,13,2,1,0,0,0,0,0,0,0,0,0,0,0,1,2,2,9,14
2910,A1,1,13,0,1,0,0,0,0,0,0,0,0,0,0,1,2,3,7,3
2910,B0,0,3,12,1,0,0,0,0,0,0,0,0,0,0,1,2,5,86,17
2910,B1,1,1,4,2,0,0,0,0,0,0,0,0,0,0,1,2,32,317,47
2910,B2,1,0,1,14,0,0,0,0,0,0,0,0,0,0,1,2,5,35,5
2910,C1,13,3,1,0,0,0,0,0,0,0,0,0,0,0,1,2,2,9,14
2920,A1,4,14,0,2,0,0,0,0,0,0,0,0,0,0,1,2,3,7,3
2920,B0,0,3,9,1,0,0,0,0,0,0,0,0,0,0,1,2,5,86,17
2920,B1,1,1,4,2,0,0,0,0,0,0,0,0,0,0,1,2,32,317,47
2920,B2,1,0,3,13,0,0,0,0,0,0,0,0,0,0,1,2,5,35,5
2920,C1,14,3,1,0,0,0,0,0,0,0,0,0,0,0,1,2,2,9,14
2930,A1,2,14,0,2,0,0,0,0,0,0,0,0,0,1,0,2,3,7,3
2930,B0,0,1,12,1,0,0,0,0,0,0,0,0,0,1,0,1,5,86,17
2930,B1,1,1,4,2,0,0,0,0,0,0,0,0,0,1,0,2,32,317,47
2930,B2,1,0,1,13,0,0,0,0,0,0,0,0,0,1,0,2,5,35,5
2930,C1,14,2,1,0,0,0,0,0,0,0,0,0,0,1,0,2,2,9,14
2940,A1,1,14,0,4,0,0,0,0,0,0,0,0,0,1,0,2,3,7,3
2940,B0,0,1,14,2,0,0,0,0,0,0,0,0,0,1,0,2,5,86,17
2940,B1,3,2,4,2,0,0,0,0,0,0,0,0,0,1,0,2,32,317,47
2940,B2,1,0,3,13,0,0,0,0,0,0,0,0,0,1,0,2,5,35,5
2940,C1,12,1,2,0,0,0,0,0,0,0,0,0,0,1,0,2,2,9,14
2950,A1,1,13,0,5,0,0,0,0,0,0,0,0,0,0,1,2,3,7,3
2950,B0,0,1,14,2,0,0,0,0,0,0,0,0,0,0,1,2,5,86,17
2950,B1,4,1,4,1,0,0,0,0,0,0,0,0,0,0,1,2,33,325,49
2950,B2,1,0,1,14,0,0,0,0,0,0,0,0,0,0,1,2,5,35,5
2950,C1,12,1,1,0,0,0,0,0,0,0,0,0,0,0,1,2,2,9,14
2960,A1,4,14,0,1,0,0,0,0,0,0,0,0,0,0,1,2,3,7,3
2960,B0,0,1,13,1,0,0,0,0,0,0,0,0,0,0,1,2,5,86,17
2960,B1,4,1,3,1,0,0,0,0,0,0,0,0,0,0,1,2,33,325,49
2960,B2,1,0,1,14,0,0,0,0,0,0,0,0,0,0,1,2,5,35,5
2960,C1,14,2,1,0,0,0,0,0,0,0,0,0,0,0,1,2,2,9,14
2970,A1,3,14,0,1,0,0,0,0,0,0,0,0,0,1,0,2,3,7,3
2970,B0,0,1,11,1,0,0,1,0,0,0,0,0,0,1,0,2,6,93,17
2970,B1,5,1,1,2,0,0,0,0,0,1,0,0,0,1,0,1,33,325,49
2970,B2,1,0,1,13,0,0,0,0,0,0,0,0,0,1,0,2,5,35,5
2970,C1,14,3,1,0,0,0,0,0,0,0,0,0,0,1,0,2,2,9,14
2980,A1,2,13,0,2,0,0,0,0,0,0,0,0,0,1,0,2,3,7,3
2980,B0,0,1,13,1,0,0,1,0,0,0,0,0,0,1,0,2,6,113,17
2980,B1,2,1,3,3,0,0,0,0,0,1,0,0,0,1,0,1,33,325,49
2980,B2,2,0,3,13,0,0,0,0,0,0,0,0,0,1,0,2,5,35,5
2980,C1,14,2,1,0,0,0,0,0,0,0,0,0,0,1,0,2,2,9,14
2990,A1,1,11,0,2,0,0,0,0,0,0,0,0,0,0,1,2,3,7,3
2990,B0,0,2,14,2,0,0,0,0,0,0,0,0,0,0,1,2,6,117,18
2990,B1,3,1,3,3,0,0,0,0,0,0,0,0,0,0,1,2,33,325,49
2990,B2,2,0,6,13,0,0,0,1,0,0,0,0,0,0,1,1,6,37,5
2990,C1,11,1,2,0,0,0,0,0,0,0,0,0,0,0,1,2,2,9,14
3000,A1,1,13,0,1,0,0,0,0,0,0,0,0,0,0,1,2,3,7,3
3000,B0,0,2,13,1,0,0,0,0,0,0,0,0,0,0,1,2,6,117,18
3000,B1,3,2,2,1,0,0,0,0,0,0,0,0,0,0,1,2,33,325,49
3000,B2,3,0,4,12,0,0,0,0,0,0,0,0,0,0,1,2,6,39,6
3000,C1,12,1,1,0,0,0,0,0,0,0,0,0,0,0,1,2,2,9,14
3010,A1,1,14,0,1,0,0,0,0,0,0,0,0,0,0,1,2,3,7,3
3010,B0,0,2,9,1,0,0,0,0,0,0,0,0,0,0,1,2,6,117,18
3010,B1,3,2,2,2,0,0,0,0,0,0,0,0,0,0,1,2,33,325,49
3010,B2,4,0,2,13,0,0,0,0,0,0,0,0,0,0,1,2,6,39,6
3010,C1,14,2,2,0,0,0,0,0,0,0,0,0,0,0,1,2,2,9,14
3020,A1,1,14,0,2,0,0,11,0,0,0,0,0,0,1,0,2,4,22,3
3020,B0,0,1,11,1,0,0,0,0,0,0,0,0,0,1,0,2,6,117,18
3020,B1,3,2,2,2,0,0,0,0,0,0,0,0,0,1,0,2,33,325,49
3020,B2,1,0,3,13,0,0,0,0,0,0,0,0,0,1,0,2,6,39,6
3020,C1,14,1,2,0,0,0,0,0,0,0,0,0,0,1,0,2,2,9,14
3030,A1,1,11,0,3,0,0,8,0,0,0,0,0,0,1,0,2,4,42,3
3030,B0,0,3,13,2,0,0,0,0,0,0,0,0,0,1,0,2,6,117,18
3030,B1,5,2,2,2,0,0,0,0,0,0,0,0,0,1,0,2,33,325,49
3030,B2,1,0,5,13,0,0,0,0,0,0,0,0,0,1,0,1,6,39,6
3030,C1,12,1,2,0,0,0,0,0,0,0,0,0,0,1,0,2,2,9,14
3040,A1,1,11,0,1,0,0,0,0,0,0,0,0,0,0,1,2,4,48,14
3040,B0,0,4,14,1,0,0,0,0,0,0,0,0,0,0,1,2,6,117,18
3040,B1,4,1,3,1,0,0,0,0,0,0,0,0,0,0,1,2,33,325,49
3040,B2,1,0,4,14,0,0,0,0,0,0,0,0,0,0,1,2,6,39,6
3040,C1,11,1,2,0,0,0,0,0,0,0,0,0,0,0,1,2,2,9,14
3050,A1,1,13,0,1,0,0,0,0,0,0,0,0,0,0,1,2,4,48,14
3050,B0,0,5,13,2,0,0,0,0,0,0,0,0,0,0,1,2,6,117,18
3050,B1,4,1,4,3,0,0,0,0,0,0,0,0,0,0,1,2,33,325,49
3050,B2,3,0,1,14,0,0,0,0,0,0,0,0,0,0,1,2,6,39,6
3050,C1,13,2,1,0,0,0,0,0,0,0,0,0,0,0,1,2,2,9,14
3060,A1,2,14,0,1,0,0,0,0,0,0,0,0,0,1,0,2,4,48,14
3060,B0,0,8,12,1,0,0,0,0,0,0,0,0,0,1,0,2,6,117,18
3060,B1,4,1,4,2,0,0,0,0,0,0,0,0,0,1,0,2,33,325,49
3060,B2,3,0,1,13,0,0,0,0,0,0,0,0,0,1,0,2,6,39,6
3060,C1,14,1,1,0,0,0,0,0,0,0,0,0,0,1,0,2,2,9,14
3070,A1,1,12,0,4,0,0,0,0,0,0,0,0,0,1,0,2,4,48,14
3070,B0,0,5,13,2,0,0,0,0,0,0,0,0,0,1,0,2,6,117,18
3070,B1,4,1,4,2,0,0,0,0,0,0,0,0,0,1,0,2,33,325,49
3070,B2,1,0,1,13,0,0,0,0,0,0,0,0,0,1,0,2,6,39,6
3070,C1,12,1,1,0,0,0,0,0,0,0,0,0,0,1,0,2,2,9,14
3080,A1,2,11,0,4,0,0,0,0,0,0,0,0,0,1,0,2,4,48,14
3080,B0,0,2,14,2,0,0,0,0,0,0,0,0,0,1,0,2,6,117,18
3080,B1,2,1,4,2,0,0,0,0,0,0,0,0,0,1,0,2,33,325,49
3080,B2,1,0,3,13,0,0,0,0,0,0,0,0,0,1,0,2,6,39,6
3080,C1,9,1,1,0,0,0,0,0,0,0,0,0,0,1,0,2,2,9,14
3090,A1,2,13,0,1,0,0,0,0,0,0,0,0,0,0,1,2,4,48,14
3090,B0,0,2,14,1,0,0,0,0,0,0,0,0,0,0,1,2,6,117,18
3090,B1,1,1,3,2,0,0,0,0,0,0,0,0,0,0,1,2,33,325,49
3090,B2,2,0,1,12,0,0,0,0,0,0,0,0,0,0,1,2,6,39,6
3090,C1,12,2,1,0,0,0,0,0,0,0,0,0,0,0,1,2,2,9,14
3100,A1,2,14,0,3,0,0,0,0,0,0,0,0,0,0,1,2,4,48,14
3100,B0,0,3,12,2,0,0,0,0,0,0,0,0,0,0,1,2,6,117,18
3100,B1,1,1,2,2,0,0,0,0,0,0,0,0,0,0,1,2,33,325,49
3100,B2,3,0,1,13,0,0,0,0,0,0,0,0,0,0,1,2,6,39,6
3100,C1,14,5,1,0,0,0,0,0,0,0,0,0,0,0,1,2,2,9,14
3110,A1,1,14,0,2,0,0,0,0,0,0,0,0,0,1,0,2,4,48,14
3110,B0,0,1,12,4,0,0,0,0,0,0,0,0,0,1,0,2,6,117,18
3110,B1,1,1,1,2,0,0,0,0,0,0,0,0,0,1,0,2,34,329,50
3110,B2,3,0,1,13,0,0,0,0,0,0,0,0,0,1,0,2,6,39,6
3110,C1,14,4,2,0,0,0,0,0,0,0,0,0,0,1,0,2,2,9,14
3120,A1,1,11,0,2,0,0,0,0,0,0,0,0,0,1,0,2,4,48,14
3120,B0,0,1,14,3,0,0,0,0,0,0,0,0,0,1,0,2,6,117,18
3120,B1,3,1,1,2,0,0,0,0,0,0,0,0,0,1,0,2,34,329,50
3120,B2,1,0,2,13,0,0,0,0,0,0,0,0,0,1,0,2,6,39,6
3120,C1,14,2,5,0,0,0,0,0,0,0,0,0,0,1,0,2,2,9,14
3130,A1,1,10,0,2,0,0,0,0,0,0,0,0,0,0,1,2,4,48,14
3130,B0,0,3,14,2,0,0,0,0,0,0,0,0,0,0,1,2,6,117,18
3130,B1,2,1,2,1,0,0,0,0,0,0,0,0,0,0,1,2,34,329,50
3130,B2,1,0,2,13,0,0,0,0,0,0,0,0,0,0,1,2,6,39,6
3130,C1,13,2,4,0,0,0,0,0,0,0,0,0,0,0,1,2,2,9,14
3140,A1,1,13,0,1,0,0,0,0,0,0,0,0,0,0,1,2,4,48,14
3140,B0,0,3,13,1,0,0,0,0,0,0,0,0,0,0,1,2,6,117,18
3140,B1,2,1,1,1,0,0,0,0,0,0,0,0,0,0,1,2,34,329,50
3140,B2,1,0,2,13,0,0,0,0,0,0,0,0,0,0,1,2,6,39,6
3140,C1,13,2,1,0,0,0,0,0,0,0,0,0,0,0,1,2,2,9,14
3150,A1,2,14,0,1,0,0,0,0,0,0,0,0,0,0,1,2,4,48,14
3150,B0,0,4,10,1,0,0,0,0,0,0,0,0,0,0,1,2,6,117,18
3150,B1,2,1,2,2,0,0,0,0,0,0,0,0,0,0,1,2,34,329,50
3150,B2,1,0,1,12,0,0,0,0,0,0,0,0,0,0,1,2,6,39,6
3150,C1,14,2,1,0,0,0,0,0,0,0,0,0,0,0,1,2,2,9,14
3160,A1,1,14,0,2,0,0,0,0,0,0,0,0,0,1,0,2,4,48,14
3160,B0,0,2,11,2,0,0,0,0,0,0,0,0,0,1,0,2,6,117,18
3160,B1,1,1,2,2,0,0,0,0,0,0,0,0,0,1,0,2,34,329,50
3160,B2,1,0,4,13,0,0,0,0,0,0,0,0,0,1,0,2,6,39,6
3160,C1,14,1,2,0,0,0,0,0,0,0,0,0,0,1,0,2,2,9,14
3170,A1,1,13,0,3,0,0,0,0,0,0,0,0,0,1,0,2,4,48,14
3170,B0,0,1,14,1,0,0,0,0,0,0,0,0,0,1,0,1,6,117,18
3170,B1,2,2,2,2,0,0,0,0,0,0,0,0,0,1,0,2,34,329,50
3170,B2,1,0,4,14,0,0,0,0,0,0,0,0,0,1,0,2,6,39,6
3170,C1,12,1,2,0,0,0,0,0,0,0,0,0,0,1,0,2,2,9,14
3180,A1,2,13,0,1,0,0,0,0,0,0,0,0,0,0,1,2,4,48,14
3180,B0,0,2,14,3,0,0,0,0,0,0,0,0,0,0,1,2,6,117,18
3180,B1,3,1,1,1,0,0,0,0,0,0,0,0,0,0,1,2,35,339,52
3180,B2,3,0,2,14,0,0,0,0,0,0,0,0,0,0,1,2,6,39,6
3180,C1,12,2,1,0,0,0,0,0,0,0,0,0,0,0,1,2,2,9,14
3190,A1,3,14,0,1,0,0,0,0,0,0,0,0,0,0,1,2,4,48,14
3190,B0,0,2,14,1,0,0,0,0,0,0,0,0,0,0,1,2,6,117,18
3190,B1,3,1,1,1,0,0,0,0,0,0,0,0,0,0,1,2,35,339,52
3190,B2,3,0,1,12,0,0,0,0,0,0,0,0,0,0,1,2,6,39,6
3190,C1,14,3,3,0,0,0,0,0,0,0,0,0,0,0,1,2,2,9,14
3200,A1,3,14,0,1,0,0,0,0,0,0,0,0,0,1,0,2,4,48,14
3200,B0,0,1,13,2,0,0,0,0,0,0,0,0,0,1,0,2,6,117,18
3200,B1,2,2,2,2,0,0,0,0,0,0,0,0,0,1,0,2,35,339,52
3200,B2,2,0,3,11,0,0,0,0,0,0,0,0,0,1,0,2,6,39,6
3200,C1,14,3,3,0,0,0,0,0,0,0,0,0,0,1,0,2,2,9,14
3210,A1,2,14,0,1,0,0,0,0,0,0,0,0,0,1,0,2,4,48,14
3210,B0,0,1,13,2,0,0,0,0,0,0,0,0,0,1,0,2,6,117,18
3210,B1,2,1,1,2,0,0,0,0,0,0,0,0,0,1,0,2,35,339,52
3210,B2,1,0,3,13,0,0,0,0,0,0,0,0,0,1,0,2,6,39,6
3210,C1,14,1,5,0,0,0,0,0,0,0,0,0,0,1,0,2,2,9,14
3220,A1,1,13,0,1,0,0,0,0,0,0,0,0,0,0,1,2,4,48,14
3220,B0,0,1,14,3,0,0,0,0,0,0,0,0,0,0,1,2,6,117,18
3220,B1,1,2,1,2,0,0,0,0,0,0,0,0,0,0,1,2,35,339,52
3220,B2,1,0,3,14,0,0,0,0,0,0,0,0,0,0,1,2,6,39,6
3220,C1,13,1,5,0,0,0,0,0,0,0,0,0,0,0,1,2,2,9,14
3230,A1,1,13,0,2,0,0,0,0,0,0,0,0,0,0,1,2,4,48,14
3230,B0,0,2,14,1,0,0,0,0,0,0,0,0,0,0,1,2,6,117,18
3230,B1,1,3,2,1,0,0,0,0,0,0,0,0,0,0,1,2,35,339,52
3230,B2,4,0,1,14,0,0,0,0,0,0,0,0,0,0,1,2,6,39,6
3230,C1,13,1,1,0,0,0,0,0,0,0,0,0,0,0,1,2,2,9,14
3240,A1,3,14,0,2,0,0,0,0,0,0,0,0,0,0,1,2,4,48,14
3240,B0,0,3,12,2,0,0,0,0,0,0,0,0,0,0,1,2,6,117,18
3240,B1,1,3,2,1,0,0,0,0,0,0,0,0,0,0,1,2,35,339,52
3240,B2,4,0,1,12,0,0,0,0,0,0,0,0,0,0,1,2,6,39,6
3240,C1,14,3,1,0,0,0,0,0,0,0,0,0,0,0,1,2,2,9,14
3250,A1,1,14,0,4,0,0,0,0,0,0,0,0,0,1,0,2,4,48,14
3250,B0,0,1,13,1,0,0,0,0,0,0,0,0,0,1,0,1,6,117,18
3250,B1,1,3,1,1,0,0,0,0,0,0,0,0,0,1,0,2,35,339,52
3250,B2,1,0,1,13,0,0,0,0,0,0,0,0,0,1,0,2,6,39,6
3250,C1,14,2,1,0,0,0,0,0,0,0,0,0,0,1,0,2,2,9,14
3260,A1,1,12,0,4,0,0,0,0,0,0,0,0,0,1,0,2,4,48,14
3260,B0,0,1,14,2,0,0,0,0,0,0,0,0,0,1,0,2,6,117,18
3260,B1,2,1,1,1,0,0,0,0,0,0,0,0,0,1,0,2,35,339,52
3260,B2,1,0,2,14,0,0,0,0,0,0,0,0,0,1,0,2,6,39,6
3260,C1,14,1,1,0,0,0,0,0,0,0,0,0,0,1,0,2,2,9,14
3270,A1,1,11,0,2,0,0,0,0,0,0,0,0,0,0,1,2,4,48,14
3270,B0,0,3,14,2,0,0,0,0,0,0,0,0,0,0,1,2,6,117,18
3270,B1,2,3,1,1,0,0,0,0,0,0,0,0,0,0,1,2,35,339,52
3270,B2,1,0,1,14,0,0,0,0,0,0,0,0,0,0,1,2,6,39,6
3270,C1,13,1,1,0,0,0,0,0,0,0,0,0,0,0,1,2,2,9,14
3280,A1,2,13,0,1,0,0,0,0,0,0,0,0,0,0,1,2,4,48,14
3280,B0,0,5,14,1,0,0,0,0,0,0,0,0,0,0,1,2,6,117,18
3280,B1,2,3,1,1,0,0,0,0,0,0,0,0,0,0,1,2,35,339,52
3280,B2,1,0,2,13,0,0,0,0,0,0,0,0,0,0,1,2,6,39,6
3280,C1,14,2,1,0,0,0,0,0,0,0,0,0,0,0,1,2,2,9,14
3290,A1,3,14,0,1,0,0,0,0,0,0,0,0,0,1,0,2,4,48,14
3290,B0,0,6,12,2,0,0,0,0,0,0,0,0,0,1,0,2,6,117,18
3290,B1,1,3,2,1,0,0,0,0,0,0,0,0,0,1,0,2,35,339,52
3290,B2,1,0,2,12,0,0,0,0,0,0,0,0,0,1,0,2,6,39,6
3290,C1,14,1,4,0,0,0,0,0,0,0,0,0,0,1,0,2,2,9,14
3300,A1,1,14,0,1,0,0,0,0,0,0,0,0,0,1,0,2,4,48,14
3300,B0,0,2,13,3,0,0,0,0,0,0,0,0,0,1,0,2,6,117,18
3300,B1,2,1,2,1,0,0,0,0,0,0,0,0,0,1,0,2,35,339,52
3300,B2,1,0,2,13,0,0,0,0,0,0,0,0,0,1,0,2,6,39,6
3300,C1,13,2,5,0,0,0,0,0,0,0,0,0,0,1,0,2,2,9,14
3310,A1,1,12,0,1,0,0,0,0,0,0,0,0,0,1,0,2,4,48,14
3310,B0,0,1,14,4,0,0,0,0,0,0,0,0,0,1,0,2,6,117,18
3310,B1,2,1,2,1,0,0,0,0,0,0,0,0,0,1,0,2,35,339,52
3310,B2,1,0,6,14,0,0,0,0,0,0,0,0,0,1,0,1,6,39,6
3310,C1,11,1,5,0,0,0,0,0,0,0,0,0,0,1,0,2,2,9,14
3320,A1,2,13,0,1,0,0,0,0,0,0,0,0,0,0,1,2,4,48,14
3320,B0,0,1,14,3,0,0,0,0,0,0,0,0,0,0,1,2,6,117,18
3320,B1,1,2,1,1,0,0,0,0,0,0,0,0,0,0,1,2,35,339,52
3320,B2,1,0,4,14,0,0,0,0,0,0,0,0,0,0,1,2,6,39,6
3320,C1,13,1,3,0,0,0,0,0,0,0,0,0,0,0,1,2,2,9,14
3330,A1,2,14,0,1,0,0,0,0,0,0,0,0,0,0,1,2,4,48,14
3330,B0,0,2,13,1,0,0,0,0,0,0,0,0,0,0,1,2,6,117,18
3330,B1,1,2,2,2,0,0,0,0,0,0,0,0,0,0,1,2,35,339,52
3330,B2,1,0,1,14,0,0,0,0,0,0,0,0,0,0,1,2,6,39,6
3330,C1,14,2,2,0,0,0,0,0,0,0,0,0,0,0,1,2,2,9,14
3340,A1,1,14,0,1,0,0,0,0,0,0,0,0,0,1,0,2,4,48,14
3340,B0,0,1,12,1,0,0,0,0,0,0,0,0,0,1,0,1,6,117,18
3340,B1,1,1,1,2,0,0,0,0,0,0,0,0,0,1,0,2,35,339,52
3340,B2,1,0,1,13,0,0,0,0,0,0,0,0,0,1,0,2,6,39,6
3340,C1,14,1,4,0,0,0,0,0,0,0,0,0,0,1,0,2,2,9,14
3350,A1,1,14,0,2,0,0,0,0,0,0,0,0,0,1,0,2,4,48,14
3350,B0,0,1,13,3,0,0,0,0,0,0,0,0,0,1,0,2,6,117,18
3350,B1,3,1,1,2,0,0,0,0,0,0,0,0,0,1,0,2,35,339,52
3350,B2,1,0,1,14,0,0,0,0,0,0,0,0,0,1,0,2,6,39,6
3350,C1,14,1,3,0,0,0,0,0,0,0,0,0,0,1,0,2,2,9,14
3360,A1,1,13,0,1,0,0,0,0,0,0,0,0,0,0,1,2,4,48,14
3360,B0,0,1,14,1,0,0,0,0,0,0,0,0,0,0,1,2,6,117,18
3360,B1,2,1,3,1,0,0,0,0,0,0,0,0,0,0,1,2,35,339,52
3360,B2,2,0,2,14,0,0,0,0,0,0,0,0,0,0,1,2,6,39,6
3360,C1,12,2,2,0,0,0,0,0,0,0,0,0,0,0,1,2,2,9,14
3370,A1,1,14,0,2,0,0,0,0,0,0,0,0,0,0,1,2,4,48,14
3370,B0,0,2,11,1,0,0,0,0,0,0,0,0,0,0,1,2,6,117,18
3370,B1,2,1,1,2,0,0,0,0,0,0,0,0,0,0,1,2,35,339,52
3370,B2,2,0,1,14,0,0,0,0,0,0,0,0,0,0,1,2,6,39,6
3370,C1,13,1,1,0,0,0,0,0,0,0,0,0,0,0,1,2,2,9,14
3380,A1,2,14,0,1,0,0,0,0,0,0,0,0,0,0,1,2,4,48,14
3380,B0,0,2,11,1,0,0,0,0,0,0,0,0,0,0,1,2,6,117,18
3380,B1,2,1,1,2,0,0,0,0,0,0,0,0,0,0,1,2,35,339,52
3380,B2,2,0,1,12,0,0,0,0,0,0,0,0,0,0,1,2,6,39,6
3380,C1,14,3,1,0,0,0,0,0,0,0,0,0,0,0,1,2,2,9,14
3390,A1,1,14,0,1,0,0,0,0,0,0,0,0,0,1,0,2,4,48,14
3390,B0,0,1,13,2,0,0,0,0,0,0,0,0,0,1,0,2,6,117,18
3390,B1,3,1,1,3,0,0,0,0,0,0,0,0,0,1,0,2,35,339,52
3390,B2,1,0,1,13,0,0,0,0,0,0,0,0,0,1,0,2,6,39,6
3390,C1,14,2,1,0,0,0,0,0,0,0,0,0,0,1,0,2,2,9,14
3400,A1,2,14,0,2,0,0,0,0,0,0,0,0,0,1,0,2,4,48,14
3400,B0,0,1,14,4,0,0,0,0,0,0,0,0,0,1,0,2,6,117,18
3400,B1,2,2,1,1,0,0,0,0,0,0,0,0,0,1,0,2,35,339,52
3400,B2,1,0,2,14,0,0,0,0,0,0,0,0,0,1,0,2,6,39,6
3400,C1,14,3,2,0,0,0,0,0,0,0,0,0,0,1,0,2,2,9,14
3410,A1,3,13,0,1,0,0,0,0,0,0,0,0,0,0,1,2,4,48,14
3410,B0,0,2,14,2,0,0,0,0,0,0,0,0,0,0,1,2,6,117,18
3410,B1,1,1,1,1,0,0,0,0,0,0,0,0,0,0,1,2,35,339,52
3410,B2,2,0,1,14,0,0,0,0,0,0,0,0,0,0,1,2,6,39,6
3410,C1,13,1,2,0,0,0,0,0,0,0,0,0,0,0,1,2,2,9,14
3420,A1,1,14,0,1,0,0,0,0,0,0,0,0,0,0,1,2,4,48,14
3420,B0,0,3,13,1,0,0,0,0,0,0,0,0,0,0,1,2,6,117,18
3420,B1,1,1,2,1,0,0,0,0,0,0,0,0,0,0,1,2,35,339,52
3420,B2,2,0,2,13,0,0,0,0,0,0,0,0,0,0,1,2,6,39,6
3420,C1,14,1,2,0,0,0,0,0,0,0,0,0,0,0,1,2,2,9,14
3430,A1,2,14,0,1,0,0,0,0,0,0,0,0,0,1,0,2,4,48,14
3430,B0,0,2,11,2,0,0,0,0,0,0,0,0,0,1,0,2,6,117,18
3430,B1,1,1,1,1,0,0,0,0,0,0,0,0,0,1,0,2,35,339,52
3430,B2,2,0,2,12,0,0,0,0,0,0,0,0,0,1,0,2,6,39,6
3430,C1,14,3,3,0,0,0,0,0,0,0,0,0,0,1,0,2,2,9,14
3440,A1,1,13,0,1,0,0,0,0,0,0,0,0,0,1,0,2,4,48,14
3440,B0,0,1,13,3,0,0,0,0,0,0,0,0,0,1,0,2,6,117,18
3440,B1,1,1,1,1,0,0,0,0,0,0,0,0,0,1,0,2,35,339,52
3440,B2,1,0,2,13,0,0,0,0,0,0,0,0,0,1,0,2,6,39,6
3440,C1,14,1,3,0,0,0,0,0,0,0,0,0,0,1,0,2,2,9,14
3450,A1,1,10,0,2,0,0,0,0,0,0,0,0,0,0,1,2,4,48,14
3450,B0,0,1,14,3,0,0,0,0,0,0,0,0,0,0,1,2,6,117,18
3450,B1,1,2,1,1,0,0,0,0,0,0,0,0,0,0,1,2,35,339,52
3450,B2,2,0,3,14,0,0,0,0,0,0,0,0,0,0,1,2,6,39,6
3450,C1,12,2,3,0,0,0,0,0,0,0,0,0,0,0,1,2,2,9,14
3460,A1,2,12,0,1,0,0,0,0,0,0,0,0,0,0,1,2,4,48,14
3460,B0,0,1,14,1,0,0,0,0,0,0,0,0,0,0,1,2,6,117,18
3460,B1,1,2,2,1,0,0,0,0,0,0,0,0,0,0,1,2,35,339,52
3460,B2,3,0,1,14,0,0,0,0,0,0,0,0,0,0,1,2,6,39,6
3460,C1,13,3,1,0,0,0,0,0,0,0,0,0,0,0,1,2,2,9,14
3470,A1,2,14,0,1,0,0,0,0,0,0,0,0,0,0,1,2,4,48,14
3470,B0,0,1,13,1,0,0,0,0,0,0,0,0,0,0,1,2,6,117,18
3470,B1,1,1,2,2,0,0,0,0,0,0,0,0,0,0,1,2,35,339,52
3470,B2,3,0,2,13,0,0,0,0,0,0,0,0,0,0,1,2,6,39,6
3470,C1,14,1,1,0,0,0,0,0,0,0,0,0,0,0,1,2,2,9,14
3480,A1,4,14,0,1,0,0,0,0,0,0,0,0,0,1,0,2,4,48,14
3480,B0,0,1,13,1,0,0,0,0,0,0,0,0,0,1,0,1,6,117,18
3480,B1,1,1,2,1,0,0,0,0,0,0,0,0,0,1,0,2,35,339,52
3480,B2,1,0,1,13,0,0,0,0,0,0,0,0,0,1,0,2,6,39,6
3480,C1,13,1,1,0,0,0,0,0,0,0,0,0,0,1,0,2,2,9,14
3490,A1,1,14,0,2,0,0,0,0,0,0,0,0,0,1,0,2,4,48,14
3490,B0,0,1,14,1,0,0,0,0,0,0,0,0,0,1,0,1,6,117,18
3490,B1,1,1,2,1,0,0,0,0,0,0,0,0,0,1,0,2,35,339,52
3490,B2,1,0,4,13,0,0,0,0,0,0,0,0,0,1,0,2,6,39,6
3490,C1,11,1,2,0,0,0,0,0,0,0,0,0,0,1,0,2,2,9,14
3500,A1,1,13,0,1,0,0,0,0,0,0,0,0,0,0,1,2,4,48,14
3500,B0,0,1,14,1,0,0,0,0,0,0,0,0,0,0,1,2,6,117,18
3500,B1,2,1,2,3,0,0,0,0,0,0,0,0,0,0,1,2,35,339,52
3500,B2,1,0,2,14,0,0,0,0,0,0,0,0,0,0,1,2,6,39,6
3500,C1,11,2,1,0,0,0,0,0,0,0,0,0,0,0,1,2,2,9,14
3510,A1,2,14,0,1,0,0,0,0,0,0,0,0,0,0,1,2,4,48,14
3510,B0,0,1,13,1,0,0,0,0,0,0,0,0,0,0,1,2,6,117,18
3510,B1,2,1,1,2,0,0,0,0,0,0,0,0,0,0,1,2,35,339,52
3510,B2,1,0,1,13,0,0,0,0,0,0,0,0,0,0,1,2,6,39,6
3510,C1,13,2,1,0,0,0,0,0,0,0,0,0,0,0,1,2,2,9,14
3520,A1,1,14,0,2,0,0,0,0,0,0,0,0,0,1,0,2,4,48,14
3520,B0,0,1,12,1,0,0,0,0,0,0,0,0,0,1,0,1,6,117,18
3520,B1,1,1,1,2,0,0,1,0,0,0,0,0,0,1,0,2,36,342,52
3520,B2,1,0,1,12,0,0,0,0,0,1,0,0,0,1,0,1,6,39,6
3520,C1,14,3,1,0,0,0,0,0,0,0,0,0,0,1,0,2,2,9,14
3530,A1,1,14,0,1,0,0,0,0,0,0,0,0,0,1,0,2,4,48,14
3530,B0,0,1,13,1,0,0,0,0,0,0,0,0,0,1,0,1,6,117,18
3530,B1,1,1,1,2,0,0,0,0,0,0,0,0,0,1,0,2,36,353,53
3530,B2,1,0,2,12,0,0,0,0,0,0,0,0,0,1,0,2,6,39,6
3530,C1,14,1,3,0,0,0,0,0,0,0,0,0,0,1,0,2,2,9,14
3540,A1,1,12,0,3,0,0,0,0,0,0,0,0,0,1,0,2,4,48,14
3540,B0,0,1,14,2,0,0,0,0,0,0,0,0,0,1,0,2,6,117,18
3540,B1,1,2,1,2,0,0,0,0,0,0,0,0,0,1,0,2,36,353,53
3540,B2,1,0,3,13,0,0,0,0,0,0,0,0,0,1,0,2,6,39,6
3540,C1,13,2,3,0,0,0,0,0,0,0,0,0,0,1,0,2,2,9,14
3550,A1,1,13,0,1,0,0,0,0,0,0,0,0,0,0,1,2,4,48,14
3550,B0,0,1,13,1,0,0,0,0,0,0,0,0,0,0,1,2,6,117,18
3550,B1,2,1,1,1,0,0,0,0,0,0,0,0,0,0,1,2,36,353,53
3550,B2,3,0,1,14,0,0,0,0,0,0,0,0,0,0,1,2,6,39,6
3550,C1,13,3,1,0,0,0,0,0,0,0,0,0,0,0,1,2,2,9,14
3560,A1,1,14,0,1,0,0,0,0,0,0,0,0,0,0,1,2,4,48,14
3560,B0,0,1,9,1,0,0,0,0,0,0,0,0,0,0,1,2,6,117,18
3560,B1,2,1,2,2,0,0,0,0,0,0,0,0,0,0,1,2,36,353,53
3560,B2,4,0,1,14,0,0,0,0,0,0,0,0,0,0,1,2,6,39,6
3560,C1,14,3,1,0,0,0,0,0,0,0,0,0,0,0,1,2,2,9,14
3570,A1,1,14,0,1,0,0,0,0,0,0,0,0,0,1,0,2,4,48,14
3570,B0,0,1,10,1,0,0,0,0,0,0,0,0,0,1,0,2,6,117,18
3570,B1,1,1,3,1,0,0,0,0,0,0,0,0,0,1,0,2,37,361,55
3570,B2,2,0,1,13,0,0,0,0,0,0,0,0,0,1,0,2,6,39,6
3570,C1,12,3,2,0,0,0,0,0,0,0,0,0,0,1,0,2,3,12,17
3580,A1,1,14,0,1,0,0,0,0,0,0,0,0,0,1,0,2,4,48,14
3580,B0,0,2,13,1,0,0,0,0,0,0,0,0,0,1,0,2,6,117,18
3580,B1,1,1,3,1,0,0,0,0,0,0,0,0,0,1,0,2,37,361,55
3580,B2,1,0,1,14,0,0,0,0,0,0,0,0,0,1,0,2,6,39,6
3580,C1,12,3,1,0,0,0,0,0,0,0,0,0,0,1,0,2,3,12,17
3590,A1,1,13,0,2,0,0,0,0,0,0,0,0,0,0,1,2,4,48,14
3590,B0,0,1,14,2,0,0,0,0,0,0,0,0,0,0,1,2,6,117,18
3590,B1,2,1,3,2,0,0,0,0,0,0,0,0,0,0,1,2,37,361,55
3590,B2,1,0,2,14,0,0,0,0,0,0,0,0,0,0,1,2,6,39,6
3590,C1,13,2,1,0,0,0,0,0,0,0,0,0,0,0,1,2,3,12,17
3600,A1,2,14,0,1,0,0,0,0,0,0,0,0,0,0,1,2,4,48,14
3600,B0,0,1,13,2,0,0,0,0,0,0,0,0,0,0,1,2,6,117,18
3600,B1,3,1,2,2,0,0,0,0,0,0,0,0,0,0,1,2,37,361,55
3600,B2,1,0,1,14,0,0,0,0,0,0,0,0,0,0,1,2,6,39,6
3600,C1,13,2,3,0,0,0,0,0,0,0,0,0,0,0,1,2,3,12,17
3610,A1,3,14,0,1,0,0,0,0,0,0,0,0,0,0,1,2,4,48,14
3610,B0,0,1,12,1,0,0,0,0,0,0,0,0,0,0,1,2,6,117,18
3610,B1,3,1,1,1,0,0,0,0,0,0,0,0,0,0,1,2,37,361,55
3610,B2,1,0,2,12,0,0,0,0,0,0,0,0,0,0,1,2,6,39,6
3610,C1,14,3,3,0,0,0,0,0,0,0,0,0,0,0,1,2,3,12,17
3620,A1,1,14,0,1,0,0,13,0,0,0,0,0,0,1,0,2,5,67,14
3620,B0,0,1,13,1,0,0,0,0,0,0,0,0,0,1,0,1,6,117,18
3620,B1,1,1,1,1,0,0,0,0,0,0,0,0,0,1,0,2,37,361,55
3620,B2,1,0,2,12,0,0,0,0,0,0,0,0,0,1,0,2,6,39,6
3620,C1,14,1,3,0,0,0,0,0,0,0,0,0,0,1,0,2,3,12,17
3630,A1,1,12,0,2,0,0,0,0,0,0,0,0,0,1,0,2,5,67,27
3630,B0,0,1,14,1,0,0,0,0,0,0,0,0,0,1,0,1,6,117,18
3630,B1,2,1,1,1,0,0,0,0,0,0,0,0,0,1,0,2,37,361,55
3630,B2,1,0,3,14,0,0,0,0,0,0,0,0,0,1,0,2,6,39,6
3630,C1,13,1,3,0,0,0,0,0,0,0,0,0,0,1,0,2,3,12,17
3640,A1,1,13,0,1,0,0,0,0,0,0,0,0,0,0,1,2,5,67,27
3640,B0,0,1,14,2,0,0,0,0,0,0,0,0,0,0,1,2,6,117,18
3640,B1,1,2,1,2,0,0,0,0,0,0,0,0,0,0,1,2,37,361,55
3640,B2,1,0,3,14,0,0,0,0,0,0,0,0,0,0,1,2,6,39,6
3640,C1,12,2,2,0,0,0,0,0,0,0,0,0,0,0,1,2,3,12,17
3650,A1,3,14,0,1,0,0,0,0,0,0,0,0,0,0,1,2,5,67,27
3650,B0,0,2,13,1,0,0,0,0,0,0,0,0,0,0,1,2,6,117,18
3650,B1,1,2,1,3,0,0,0,0,0,0,0,0,0,0,1,2,37,361,55
3650,B2,1,0,1,14,0,0,0,0,0,0,0,0,0,0,1,2,6,39,6
3650,C1,13,1,2,0,0,0,0,0,0,0,0,0,0,0,1,2,3,12,17
3660,A1,1,14,0,1,0,0,0,0,0,0,0,0,0,1,0,2,5,67,27
3660,B0,0,1,13,2,0,0,0,0,0,0,0,0,0,1,0,2,6,117,18
3660,B1,1,1,1,2,0,0,0,0,0,0,0,0,0,1,0,2,37,361,55
3660,B2,1,0,1,13,0,0,0,0,0,0,0,0,0,1,0,2,6,39,6
3660,C1,14,2,1,0,0,0,0,0,0,0,0,0,0,1,0,2,3,12,17
3670,A1,2,12,0,1,0,0,0,0,0,0,0,0,0,1,0,2,5,67,27
3670,B0,0,1,14,4,0,0,0,0,0,0,0,0,0,1,0,2,6,117,18
3670,B1,2,2,1,2,0,0,0,0,0,0,0,0,0,1,0,2,37,361,55
3670,B2,1,0,1,13,0,0,0,0,0,0,0,0,0,1,0,2,6,39,6
3670,C1,14,1,1,0,0,0,0,0,0,0,0,0,0,1,0,2,3,12,17
3680,A1,1,12,0,2,0,0,0,0,0,0,0,0,1,0,1,2,5,67,27
3680,B0,0,2,14,6,0,0,0,0,0,0,0,0,0,0,1,2,6,117,18
3680,B1,1,2,2,2,0,0,0,1,0,0,0,0,0,0,1,2,38,363,55
3680,B2,1,0,1,13,0,0,0,0,0,0,0,0,0,0,1,2,6,39,6
3680,C1,12,1,1,0,0,0,0,0,0,0,0,0,0,0,1,2,3,12,17
3690,A1,3,13,0,1,0,0,0,0,0,0,0,0,0,0,1,2,5,67,27
3690,B0,0,2,14,3,0,0,0,0,0,0,0,0,0,0,1,2,6,117,18
3690,B1,1,2,1,1,0,0,0,0,0,0,0,0,0,0,1,2,38,367,56
3690,B2,1,0,2,14,0,0,0,0,0,0,0,0,0,0,1,2,6,39,6
3690,C1,13,1,1,0,0,0,0,0,0,0,0,0,0,0,1,2,3,12,17
3700,A1,2,14,0,1,0,0,0,0,0,0,0,0,0,0,1,2,5,67,27
3700,B0,0,3,14,1,0,0,0,0,0,0,0,0,0,0,1,2,6,117,18
3700,B1,1,2,2,2,0,0,0,0,0,0,0,0,0,0,1,2,38,367,56
3700,B2,1,0,3,13,0,0,0,0,0,0,0,0,0,0,1,2,6,39,6
3700,C1,14,2,1,0,0,0,0,0,0,0,0,0,0,0,1,2,3,12,17
3710,A1,2,14,0,3,0,0,0,0,0,0,0,0,0,1,0,2,5,67,27
3710,B0,0,1,13,2,0,0,0,0,0,0,0,0,0,1,0,2,6,117,18
3710,B1,1,1,1,2,0,0,0,0,0,0,0,0,0,1,0,2,39,375,58
3710,B2,1,0,1,13,0,0,0,0,0,0,0,0,0,1,0,2,6,39,6
3710,C1,14,2,1,0,0,0,0,0,0,0,0,0,0,1,0,2,3,12,17
3720,A1,1,10,0,4,0,0,0,0,0,0,0,0,0,1,0,2,5,67,27
3720,B0,0,1,14,3,0,0,0,0,0,0,0,0,0,1,0,2,6,117,18
3720,B1,2,2,1,2,0,0,0,0,0,0,0,0,0,1,0,2,39,375,58
3720,B2,1,0,1,13,0,0,0,0,0,0,0,0,0,1,0,2,6,39,6
3720,C1,13,1,1,0,0,0,0,0,0,0,0,0,0,1,0,2,3,12,17
3730,A1,2,10,0,4,0,0,0,0,0,0,0,0,0,0,1,2,5,67,27
3730,B0,0,1,14,2,0,0,0,0,0,0,0,0,0,0,1,2,6,117,18
3730,B1,1,1,1,1,0,0,0,0,0,0,0,0,0,0,1,2,39,375,58
3730,B2,1,0,1,13,0,0,0,0,0,0,0,0,0,0,1,2,6,39,6
3730,C1,13,1,1,0,0,0,0,0,0,0,0,0,0,0,1,2,3,12,17
3740,A1,2,13,0,2,0,0,0,0,0,0,0,0,0,0,1,2,5,67,27
3740,B0,0,1,13,3,0,0,0,0,0,0,0,0,0,0,1,2,6,117,18
3740,B1,1,1,2,1,0,0,0,0,0,0,0,0,0,0,1,2,39,375,58
3740,B2,1,0,3,12,0,0,0,0,0,0,0,0,0,0,1,2,6,39,6
3740,C1,14,1,1,0,0,0,0,0,0,0,0,0,0,0,1,2,3,12,17
3750,A1,4,14,0,1,0,0,0,0,0,0,0,0,0,1,0,2,5,67,27
3750,B0,0,1,11,1,0,0,0,0,0,0,0,0,0,1,0,2,6,117,18
3750,B1,1,1,3,2,0,0,0,0,0,0,0,0,0,1,0,2,39,375,58
3750,B2,1,0,4,12,0,0,0,0,0,0,0,0,0,1,0,2,6,39,6
3750,C1,14,2,1,0,0,0,0,0,0,0,0,0,0,1,0,2,3,12,17
3760,A1,3,14,0,2,0,0,0,0,0,0,0,0,0,1,0,2,5,67,27
3760,B0,0,1,13,1,0,0,0,0,0,0,0,0,0,1,0,1,6,117,18
3760,B1,1,2,3,2,0,0,0,0,0,0,0,0,0,1,0,2,39,375,58
3760,B2,2,0,1,12,0,0,0,0,0,0,0,0,0,1,0,2,6,39,6
3760,C1,14,1,1,0,0,0,0,0,0,0,0,0,0,1,0,2,3,12,17
3770,A1,1,14,0,3,0,0,0,0,0,0,0,0,0,1,0,2,5,67,27
3770,B0,0,1,14,1,0,0,0,0,0,0,0,0,0,1,0,1,6,117,18
3770,B1,3,2,3,2,0,0,0,0,0,0,0,0,0,1,0,2,39,375,58
3770,B2,1,0,2,14,0,0,0,0,0,0,0,0,0,1,0,2,6,39,6
3770,C1,13,1,1,0,0,0,0,0,0,0,0,0,0,1,0,2,3,12,17
3780,A1,1,13,0,1,0,0,0,0,0,0,0,0,0,0,1,2,5,67,27
3780,B0,0,2,14,1,0,0,0,0,0,0,0,0,0,0,1,2,6,117,18
3780,B1,3,3,2,1,0,0,0,0,0,0,0,0,0,0,1,2,40,379,59
3780,B2,3,0,2,14,0,0,0,0,0,0,0,0,0,0,1,2,6,39,6
3780,C1,13,1,1,0,0,0,0,0,0,0,0,0,0,0,1,2,3,12,17
3790,A1,2,14,0,1,0,0,0,0,0,0,0,0,0,0,1,2,5,67,27
3790,B0,0,3,13,1,0,0,0,0,0,0,0,0,0,0,1,2,6,117,18
3790,B1,3,3,4,2,0,0,0,0,0,0,0,0,0,0,1,2,40,379,59
3790,B2,3,0,1,11,0,0,0,0,0,0,0,0,0,0,1,2,6,39,6
3790,C1,14,1,1,0,0,0,0,0,0,0,0,0,0,0,1,2,3,12,17
3800,A1,2,14,0,1,0,0,0,0,0,0,0,0,0,1,0,2,5,67,27
3800,B0,0,1,13,1,0,0,0,0,0,0,0,0,0,1,0,1,6,117,18
3800,B1,4,1,4,1,0,0,0,0,0,0,0,0,0,1,0,2,40,379,59
3800,B2,2,0,1,11,0,0,0,0,0,0,0,0,0,1,0,2,6,39,6
3800,C1,14,3,1,0,0,0,0,0,0,0,0,0,0,1,0,2,3,12,17
3810,A1,1,14,0,1,0,0,0,0,0,0,0,0,0,1,0,2,5,67,27
3810,B0,0,1,14,2,0,0,0,0,0,0,0,0,0,1,0,2,6,117,18
3810,B1,4,1,3,1,0,0,0,0,0,0,0,0,0,1,0,2,40,379,59
3810,B2,2,0,2,13,0,0,0,0,0,0,0,0,0,1,0,2,6,39,6
3810,C1,14,1,2,0,0,0,0,0,0,0,0,0,0,1,0,2,3,12,17
3820,A1,1,13,0,1,0,0,0,0,0,0,0,0,0,0,1,2,5,67,27
3820,B0,0,1,14,1,0,0,0,0,0,0,0,0,0,0,1,2,6,117,18
3820,B1,4,3,2,1,0,0,0,0,0,0,0,0,0,0,1,2,40,379,59
3820,B2,2,0,3,14,0,0,0,0,0,0,0,0,0,0,1,2,6,39,6
3820,C1,12,1,1,0,0,0,0,0,0,0,0,0,0,0,1,2,3,12,17
3830,A1,1,13,0,1,0,0,0,0,0,0,0,0,0,0,1,2,5,67,27
3830,B0,0,3,13,1,0,0,0,0,0,0,0,0,0,0,1,2,6,117,18
3830,B1,4,3,3,1,0,0,0,0,0,0,0,0,0,0,1,2,40,379,59
3830,B2,3,0,2,13,0,0,0,0,0,0,0,0,0,0,1,2,6,39,6
3830,C1,13,1,2,0,0,0,0,0,0,0,0,0,0,0,1,2,3,12,17
3840,A1,1,14,0,1,0,0,0,0,0,0,0,0,0,0,1,2,5,67,27
3840,B0,0,4,12,1,0,0,0,0,0,0,0,0,0,0,1,2,6,117,18
3840,B1,4,3,1,1,0,0,0,0,0,0,0,0,0,0,1,2,40,379,59
3840,B2,4,0,3,12,0,0,0,0,0,0,0,0,0,0,1,2,6,39,6
3840,C1,14,4,1,0,0,0,0,0,0,0,0,0,0,0,1,2,3,12,17
3850,A1,1,12,0,2,0,0,0,0,0,0,0,0,0,1,0,2,5,67,27
3850,B0,0,1,13,2,0,0,0,0,0,0,0,0,0,1,0,2,6,117,18
3850,B1,5,2,1,1,0,0,0,0,0,0,0,0,0,1,0,2,40,379,59
3850,B2,2,0,3,13,0,0,0,0,0,0,0,0,0,1,0,2,6,39,6
3850,C1,12,1,2,0,0,0,0,0,0,0,0,0,0,1,0,2,3,12,17
3860,A1,1,11,0,2,0,0,0,0,0,0,0,0,0,1,0,2,5,67,27
3860,B0,0,1,14,3,0,0,0,0,0,0,0,0,0,1,0,2,6,117,18
3860,B1,3,1,1,1,0,0,0,0,0,0,0,0,0,1,0,2,40,379,59
3860,B2,1,0,4,14,0,0,0,0,0,0,0,0,0,1,0,2,6,39,6
3860,C1,10,2,2,0,0,0,0,0,0,0,0,0,0,1,0,2,3,12,17
3870,A1,1,13,0,1,0,0,0,0,0,0,0,0,0,0,1,2,5,67,27
3870,B0,0,3,14,1,0,0,0,0,0,0,0,0,0,0,1,2,6,117,18
3870,B1,2,2,2,1,0,0,0,0,0,0,0,0,0,0,1,2,40,379,59
3870,B2,1,0,1,14,0,0,0,0,0,0,0,0,0,0,1,2,6,39,6
3870,C1,12,2,1,0,0,0,0,0,0,0,0,0,0,0,1,2,3,12,17
3880,A1,1,14,0,2,0,0,0,0,0,0,0,0,0,0,1,2,5,67,27
3880,B0,0,4,13,1,0,0,0,0,0,0,0,0,0,0,1,2,6,117,18
3880,B1,2,2,2,2,0,0,0,0,0,0,0,0,0,0,1,2,40,379,59
3880,B2,1,0,1,14,0,0,0,0,0,0,0,0,0,0,1,2,6,39,6
3880,C1,14,1,1,0,0,0,0,0,0,0,0,0,0,0,1,2,3,12,17
3890,A1,2,14,0,3,0,0,0,0,0,0,0,0,0,1,0,2,5,67,27
3890,B0,0,3,13,1,0,0,0,0,0,0,0,0,0,1,0,2,6,117,18
3890,B1,2,3,1,2,0,0,0,0,0,0,0,0,0,1,0,2,40,379,59
3890,B2,1,0,1,13,0,0,0,0,0,0,0,0,0,1,0,2,6,39,6
3890,C1,14,4,1,0,0,0,0,0,0,0,0,0,0,1,0,2,3,12,17
3900,A1,1,14,0,3,0,0,0,0,0,0,0,0,0,1,0,2,5,67,27
3900,B0,0,1,13,2,0,0,0,0,0,0,0,0,0,1,0,2,6,117,18
3900,B1,3,1,1,3,0,0,0,0,0,0,0,0,0,1,0,2,40,379,59
3900,B2,1,0,1,13,0,0,0,0,0,0,0,0,0,1,0,2,6,39,6
3900,C1,10,2,2,0,0,0,0,0,0,0,0,0,0,1,0,2,3,12,17
3910,A1,1,13,0,3,0,0,0,0,0,0,0,0,1,0,1,2,5,67,27
3910,B0,0,1,14,2,0,0,0,0,0,0,0,0,0,0,1,2,6,117,18
3910,B1,3,1,1,3,0,0,0,1,0,0,0,0,0,0,1,2,41,381,59
3910,B2,2,0,1,14,0,0,0,0,0,0,0,0,0,0,1,2,6,39,6
3910,C1,10,3,3,0,0,0,0,0,0,0,0,0,0,0,1,2,3,12,17
3920,A1,1,13,0,1,0,0,0,0,0,0,0,0,1,0,1,2,5,67,27
3920,B0,0,3,12,2,0,0,0,0,0,0,0,0,0,0,1,2,6,117,18
3920,B1,3,1,1,3,0,0,0,1,0,0,0,0,0,0,1,2,41,401,59
3920,B2,2,0,2,13,0,0,0,0,0,0,0,0,0,0,1,2,6,39,6
3920,C1,13,4,1,0,0,0,0,0,0,0,0,0,0,0,1,2,3,12,17
3930,A1,2,14,0,3,0,0,0,0,0,0,0,0,1,0,1,2,5,67,27
3930,B0,0,3,12,1,0,0,0,0,0,0,0,0,0,0,1,2,6,117,18
3930,B1,3,1,1,2,0,0,0,1,0,0,0,0,0,0,1,2,41,421,59
3930,B2,2,0,1,11,0,0,0,0,0,0,0,0,0,0,1,2,6,39,6
3930,C1,14,4,1,0,0,0,0,0,0,0,0,0,0,0,1,2,3,12,17
3940,A1,1,14,0,5,0,0,0,0,0,0,0,0,0,1,0,2,5,67,27
3940,B0,0,1,13,1,0,0,0,0,0,0,0,0,0,1,0,1,6,117,18
3940,B1,1,1,1,2,0,0,0,0,0,0,0,0,0,1,0,2,42,439,63
3940,B2,1,0,1,12,0,0,0,0,0,0,0,0,0,1,0,2,6,39,6
3940,C1,14,3,1,0,0,0,0,0,0,0,0,0,0,1,0,2,3,12,17
3950,A1,1,14,0,7,0,0,0,0,0,0,0,0,0,1,0,2,5,67,27
3950,B0,0,1,14,2,0,0,0,0,0,0,0,0,0,1,0,2,6,117,18
3950,B1,2,2,1,2,0,0,0,0,0,0,0,0,0,1,0,2,42,439,63
3950,B2,1,0,2,14,0,0,0,0,0,0,0,0,0,1,0,2,6,39,6
3950,C1,14,1,1,0,0,0,0,0,0,0,0,0,0,1,0,2,3,12,17
3960,A1,1,13,0,6,0,0,0,0,0,0,0,0,0,0,1,2,5,67,27
3960,B0,0,1,13,1,0,0,0,0,0,0,0,0,0,0,1,2,6,117,18
3960,B1,1,2,1,3,0,0,0,0,0,0,0,0,0,0,1,2,42,439,63
3960,B2,1,0,2,14,0,0,0,0,0,0,0,0,0,0,1,2,6,39,6
3960,C1,13,1,1,0,0,0,0,0,0,0,0,0,0,0,1,2,3,12,17
3970,A1,1,14,0,2,0,0,0,0,0,0,0,0,0,0,1,2,5,67,27
3970,B0,0,2,10,3,0,0,0,0,0,0,0,0,0,0,1,2,6,117,18
3970,B1,2,2,1,2,0,0,0,0,0,0,0,0,0,0,1,2,42,439,63
3970,B2,1,0,3,14,0,0,0,0,0,0,0,0,0,0,1,2,6,39,6
3970,C1,14,2,2,0,0,0,0,0,0,0,0,0,0,0,1,2,3,12,17
3980,A1,2,14,0,1,0,0,0,0,0,0,0,0,0,1,0,2,5,67,27
3980,B0,0,2,11,4,0,0,0,0,0,0,0,0,0,1,0,2,6,117,18
3980,B1,2,2,1,2,0,0,0,0,0,0,1,0,0,1,0,1,42,439,63
3980,B2,1,0,2,12,0,1,0,0,0,0,0,0,0,1,0,2,7,43,6
3980,C1,14,3,3,0,0,0,0,0,0,0,0,0,0,1,0,2,3,12,17
3990,A1,1,14,0,1,0,0,0,0,0,0,0,0,0,1,0,2,5,67,27
3990,B0,0,1,13,1,0,0,0,0,0,0,0,0,0,1,0,1,6,117,18
3990,B1,1,1,2,2,0,0,0,0,0,0,1,0,0,1,0,1,42,439,63
3990,B2,1,0,1,13,0,1,0,0,0,0,0,0,0,1,0,2,7,63,6
3990,C1,13,1,4,0,0,0,0,0,0,0,0,0,0,1,0,2,3,12,17
4000,A1,3,13,0,1,0,0,0,0,0,0,0,0,0,1,0,2,5,67,27
4000,B0,0,1,14,4,0,0,0,0,0,0,0,0,0,1,0,2,6,117,18
4000,B1,1,2,2,2,0,0,0,0,0,0,1,0,0,1,0,1,42,439,63
4000,B2,1,0,4,14,0,1,0,0,0,0,0,0,0,1,0,2,7,83,6
4000,C1,12,1,6,0,0,0,0,0,0,0,0,0,0,1,0,2,3,12,17
4010,A1,1,13,0,1,0,0,0,0,0,0,0,0,0,0,1,2,5,67,27
4010,B0,0,2,14,2,0,0,0,0,0,0,0,0,0,0,1,2,6,117,18
4010,B1,2,2,1,1,0,0,0,0,0,0,0,0,0,0,1,2,42,439,63
4010,B2,1,0,1,14,0,0,0,0,0,0,0,0,0,0,1,2,7,87,7
4010,C1,12,2,4,0,0,0,0,0,0,0,0,0,0,0,1,2,3,12,17
4020,A1,2,14,0,1,0,0,0,0,0,0,0,0,0,0,1,2,5,67,27
4020,B0,0,3,12,2,0,0,0,0,0,0,0,0,0,0,1,2,6,117,18
4020,B1,2,2,3,2,0,0,0,0,0,0,0,0,0,0,1,2,42,439,63
4020,B2,2,0,1,11,0,0,0,0,0,0,0,0,0,0,1,2,7,87,7
4020,C1,14,3,1,0,0,0,0,0,0,0,0,0,0,0,1,2,3,12,17
4030,A1,1,14,0,1,0,0,0,0,0,0,0,0,0,1,0,2,5,67,27
4030,B0,0,2,12,3,0,0,0,0,0,0,0,0,0,1,0,2,6,117,18
4030,B1,1,1,2,1,0,0,0,0,0,0,0,0,0,1,0,2,42,439,63
4030,B2,2,0,2,12,0,0,0,0,0,0,0,0,0,1,0,2,7,87,7
4030,C1,14,1,1,0,0,0,0,0,0,0,0,0,0,1,0,2,3,12,17
4040,A1,1,11,0,1,0,0,0,0,0,0,0,0,0,1,0,2,5,67,27
4040,B0,0,1,14,1,0,0,0,0,0,0,0,0,0,1,0,1,6,117,18
4040,B1,4,1,2,1,0,0,0,0,0,0,0,0,0,1,0,2,42,439,63
4040,B2,1,0,4,13,0,0,0,0,0,0,0,0,0,1,0,2,7,87,7
4040,C1,13,2,2,0,0,0,0,0,0,0,0,0,0,1,0,2,3,12,17
4050,A1,1,11,0,1,0,0,0,0,0,0,0,0,0,0,1,2,5,67,27
4050,B0,0,1,14,2,0,0,0,0,0,0,0,0,0,0,1,2,6,117,18
4050,B1,5,2,3,1,0,0,0,0,0,0,0,0,0,0,1,2,42,439,63
4050,B2,2,0,4,14,0,0,0,0,0,0,0,0,0,0,1,2,7,87,7
4050,C1,12,1,1,0,0,0,0,0,0,0,0,0,0,0,1,2,3,12,17
4060,A1,1,13,0,1,0,0,0,0,0,0,0,0,0,0,1,2,5,67,27
4060,B0,0,2,12,2,0,0,0,0,0,0,0,0,0,0,1,2,6,117,18
4060,B1,4,3,3,2,0,0,0,0,0,0,0,0,0,0,1,2,42,439,63
4060,B2,3,0,4,14,0,0,0,0,0,0,0,0,0,0,1,2,7,87,7
4060,C1,13,3,1,0,0,0,0,0,0,0,0,0,0,0,1,2,3,12,17
4070,A1,1,14,0,1,0,0,0,0,0,0,0,0,0,0,1,2,5,67,27
4070,B0,0,3,9,1,0,0,0,0,0,0,0,0,0,0,1,2,6,117,18
4070,B1,4,3,2,1,0,0,0,0,0,0,0,0,0,0,1,2,42,439,63
4070,B2,3,0,1,12,0,0,0,0,0,0,0,0,0,0,1,2,7,87,7
4070,C1,14,2,1,0,0,0,0,0,0,0,0,0,0,0,1,2,3,12,17
4080,A1,1,14,0,1,0,0,0,0,0,0,0,0,0,1,0,2,5,67,27
4080,B0,0,2,12,1,0,0,0,0,0,0,0,0,0,1,0,2,6,117,18
4080,B1,5,1,2,2,0,0,0,0,0,0,0,0,0,1,0,2,42,439,63
4080,B2,1,0,1,13,0,0,0,0,0,0,0,0,0,1,0,2,7,87,7
4080,C1,13,2,1,0,0,0,0,0,0,0,0,0,0,1,0,2,3,12,17
4090,A1,1,10,0,1,0,0,0,0,0,0,0,0,0,1,0,2,5,67,27
4090,B0,0,1,14,1,0,0,0,0,0,0,0,0,0,1,0,1,6,117,18
4090,B1,6,4,2,2,0,0,0,0,0,0,0,0,0,1,0,2,42,439,63
4090,B2,1,0,1,14,0,0,0,0,0,0,0,0,0,1,0,2,7,87,7
4090,C1,13,1,2,0,0,0,0,0,0,0,0,0,0,1,0,2,3,12,17
4100,A1,1,11,0,2,0,0,0,0,0,0,0,0,0,0,1,2,5,67,27
4100,B0,0,1,14,3,0,0,0,0,0,0,0,0,0,0,1,2,6,117,18
4100,B1,8,2,1,3,0,0,0,0,0,0,0,0,0,0,1,2,42,439,63
4100,B2,1,0,2,14,0,0,0,0,0,0,0,0,0,0,1,2,7,87,7
4100,C1,13,1,1,0,0,0,0,0,0,0,0,0,0,0,1,2,3,12,17
4110,A1,3,14,0,1,0,0,0,0,0,0,0,0,0,0,1,2,5,67,27
4110,B0,0,1,13,1,0,0,0,0,0,0,0,0,0,0,1,2,6,117,18
4110,B1,7,2,2,1,0,0,0,0,0,0,0,0,0,0,1,2,42,439,63
4110,B2,3,0,1,14,0,0,0,0,0,0,0,0,0,0,1,2,7,87,7
4110,C1,14,3,1,0,0,0,0,0,0,0,0,0,0,0,1,2,3,12,17
4120,A1,2,14,0,1,0,0,0,0,0,0,0,0,0,1,0,2,5,67,27
4120,B0,0,1,12,2,0,0,0,0,0,0,0,0,0,1,0,2,6,117,18
4120,B1,7,2,1,1,0,0,0,0,0,0,0,0,0,1,0,2,42,439,63
4120,B2,2,0,1,13,0,0,0,0,0,0,0,0,0,1,0,2,7,87,7
4120,C1,14,2,1,0,0,0,0,0,0,0,0,0,0,1,0,2,3,12,17
4130,A1,2,10,0,1,0,0,0,0,0,0,0,0,0,1,0,2,5,67,27
4130,B0,0,2,12,2,0,0,0,0,0,0,0,0,0,1,0,2,6,117,18
4130,B1,7,1,1,1,0,0,0,0,0,0,0,0,0,1,0,2,42,439,63
4130,B2,3,0,2,14,0,0,0,0,0,0,0,0,0,1,0,2,7,87,7
4130,C1,14,1,3,0,0,0,0,0,0,0,0,0,0,1,0,2,3,12,17
4140,A1,4,8,0,2,0,0,0,0,0,0,0,0,0,0,1,2,5,67,27
4140,B0,0,1,13,4,0,0,0,0,0,0,0,0,0,0,1,2,6,117,18
4140,B1,6,1,1,1,0,0,0,0,0,0,0,0,0,0,1,2,42,439,63
4140,B2,3,0,1,14,0,0,0,0,0,0,0,0,0,0,1,2,7,87,7
4140,C1,13,1,3,0,0,0,0,0,0,0,0,0,0,0,1,2,3,12,17
4150,A1,1,12,0,1,0,0,0,0,0,0,0,0,0,0,1,2,5,67,27
4150,B0,0,2,13,1,0,0,0,0,0,0,0,0,0,0,1,2,6,117,18
4150,B1,5,1,4,1,0,0,0,0,0,0,0,0,0,0,1,2,42,439,63
4150,B2,4,0,1,12,0,0,0,0,0,0,0,0,0,0,1,2,7,87,7
4150,C1,13,1,1,0,0,0,0,0,0,0,0,0,0,0,1,2,3,12,17
4160,A1,3,14,0,1,0,0,0,0,0,0,0,0,0,0,1,2,5,67,27
4160,B0,0,2,11,2,0,0,0,0,0,0,0,0,0,0,1,2,6,117,18
4160,B1,5,1,5,2,0,0,0,0,0,0,0,0,0,0,1,2,42,439,63
4160,B2,5,0,2,7,0,0,0,0,0,0,0,0,0,0,1,2,7,87,7
4160,C1,14,1,3,0,0,0,0,0,0,0,0,0,0,0,1,2,3,12,17
4170,A1,2,14,0,1,0,0,0,0,0,0,0,0,0,1,0,2,5,67,27
4170,B0,0,2,11,1,0,0,0,0,0,0,0,0,0,1,0,2,6,117,18
4170,B1,4,1,4,1,0,0,0,0,0,0,0,0,0,1,0,2,43,449,64
4170,B2,3,0,2,10,0,0,0,0,0,0,0,0,0,1,0,2,7,87,7
4170,C1,12,3,2,0,0,0,0,0,0,0,0,0,0,1,0,2,3,12,17
4180,A1,1,14,0,1,0,0,0,0,0,0,0,0,0,1,0,2,5,67,27
4180,B0,0,1,12,2,0,0,0,0,0,0,0,0,0,1,0,2,6,117,18
4180,B1,4,3,4,1,0,0,0,0,0,0,0,0,0,1,0,2,43,449,64
4180,B2,1,0,2,14,0,0,0,0,0,0,0,0,0,1,0,2,7,87,7
4180,C1,11,1,2,0,0,0,0,0,0,0,0,0,0,1,0,2,3,12,17
4190,A1,1,13,0,1,0,0,0,0,0,0,0,0,0,0,1,2,5,67,27
4190,B0,0,2,12,1,0,0,0,0,0,0,0,0,0,0,1,2,6,117,18
4190,B1,2,3,3,1,0,0,0,0,0,0,0,0,0,0,1,2,44,454,65
4190,B2,2,0,2,14,0,0,0,0,0,0,0,0,0,0,1,2,7,87,7
4190,C1,12,2,2,0,0,0,0,0,0,0,0,0,0,0,1,2,3,12,17
4200,A1,3,14,0,1,0,0,0,0,0,0,0,0,0,0,1,2,5,67,27
4200,B0,0,1,13,1,0,0,0,0,0,0,0,0,0,0,1,2,6,117,18
4200,B1,2,3,2,3,0,0,0,0,0,0,0,0,0,0,1,2,44,454,65
4200,B2,2,0,1,13,0,0,0,0,0,0,0,0,0,0,1,2,7,87,7
4200,C1,13,3,1,0,0,0,0,0,0,0,0,0,0,0,1,2,3,12,17
4210,A1,1,14,0,1,0,0,0,0,0,0,0,0,0,1,0,2,5,67,27
4210,B0,0,1,12,1,0,0,0,0,0,0,0,0,0,1,0,1,6,117,18
4210,B1,2,3,1,3,0,0,0,0,0,0,0,0,0,1,0,2,44,454,65
4210,B2,2,0,2,12,0,0,0,0,0,0,0,0,0,1,0,2,7,87,7
4210,C1,14,4,1,0,0,0,0,0,0,0,0,0,0,1,0,2,3,12,17
4220,A1,2,13,0,1,0,0,0,0,0,0,0,0,0,1,0,2,5,67,27
4220,B0,0,1,12,1,0,0,0,0,0,0,0,0,0,1,0,1,6,117,18
4220,B1,3,2,1,2,0,0,0,0,0,0,0,0,0,1,0,2,44,454,65
4220,B2,1,0,4,13,0,0,0,0,0,0,0,0,0,1,0,2,7,87,7
4220,C1,14,3,2,0,0,0,0,0,0,0,0,0,0,1,0,2,3,12,17
4230,A1,2,12,0,1,0,0,0,0,0,0,0,0,0,1,0,2,5,67,27
4230,B0,0,2,13,1,0,0,0,0,0,0,0,0,0,1,0,2,6,117,18
4230,B1,2,1,1,2,0,0,0,0,0,0,0,0,0,1,0,2,44,454,65
4230,B2,2,0,2,13,0,0,0,0,0,0,0,0,0,1,0,2,7,87,7
4230,C1,13,2,3,0,0,0,0,0,0,0,0,0,0,1,0,2,3,12,17
4240,A1,2,13,0,2,0,0,0,0,0,0,0,0,0,0,1,2,5,67,27
4240,B0,0,3,11,1,0,0,0,0,0,0,0,0,0,0,1,2,6,117,18
4240,B1,2,1,1,1,0,0,0,0,0,0,0,0,0,0,1,2,44,454,65
4240,B2,3,0,1,13,0,0,0,0,0,0,0,0,0,0,1,2,7,87,7
4240,C1,13,1,4,0,0,0,0,0,0,0,0,0,0,0,1,2,3,12,17
4250,A1,4,14,0,1,0,0,0,0,0,0,0,0,0,0,1,2,5,67,27
4250,B0,0,4,10,1,0,0,0,0,0,0,0,0,0,0,1,2,6,117,18
4250,B1,2,1,1,4,0,0,0,0,0,0,0,0,0,0,1,2,44,454,65
4250,B2,3,0,1,12,0,0,0,0,0,0,0,0,0,0,1,2,7,87,7
4250,C1,14,2,1,0,0,0,0,0,0,0,0,0,0,0,1,2,3,12,17
4260,A1,2,14,0,2,0,0,0,0,0,0,0,0,0,1,0,2,5,67,27
4260,B0,0,3,10,4,0,0,0,0,0,0,0,0,0,1,0,2,6,117,18
4260,B1,1,1,1,6,0,0,0,0,0,0,0,0,0,1,0,2,44,454,65
4260,B2,2,0,1,13,0,0,0,0,0,0,0,0,0,1,0,2,7,87,7
4260,C1,14,1,2,0,0,0,0,0,0,0,0,0,0,1,0,2,3,12,17
4270,A1,2,13,0,3,0,0,0,0,0,0,0,0,0,1,0,2,5,67,27
4270,B0,0,1,10,3,0,0,0,0,0,0,0,0,0,1,0,2,6,117,18
4270,B1,2,1,1,6,0,0,0,0,0,0,0,0,0,1,0,2,44,454,65
4270,B2,1,0,2,14,0,0,0,0,0,0,0,0,0,1,0,2,7,87,7
4270,C1,14,2,2,0,0,0,0,0,0,0,0,0,0,1,0,2,3,12,17
4280,A1,1,12,0,4,0,0,0,0,0,0,0,0,0,0,1,2,5,67,27
4280,B0,0,1,11,3,0,0,0,0,0,0,0,0,0,0,1,2,6,117,18
4280,B1,2,1,2,6,0,0,0,0,4,0,0,0,0,0,1,1,45,460,65
4280,B2,1,0,2,14,0,0,0,0,0,0,0,0,0,0,1,2,7,87,7
4280,C1,13,3,2,0,0,0,0,0,0,0,0,1,0,0,1,2,3,12,17
4290,A1,1,13,0,1,0,0,0,0,0,0,0,0,0,0,1,2,5,67,27
4290,B0,0,1,11,1,0,0,0,0,0,0,0,0,0,0,1,2,6,117,18
4290,B1,2,1,1,1,0,0,0,0,0,0,0,0,0,0,1,2,45,473,70
4290,B2,2,0,1,12,0,0,0,0,0,0,0,0,0,0,1,2,7,87,7
4290,C1,14,4,1,0,0,0,0,0,0,0,0,0,0,0,1,2,3,12,17
4300,A1,1,14,0,1,0,0,0,0,0,0,0,0,0,0,1,2,5,67,27
4300,B0,0,2,11,1,0,0,0,0,0,0,0,0,0,0,1,2,6,117,18
4300,B1,1,2,2,1,0,0,0,0,0,0,0,0,0,0,1,2,45,473,70
4300,B2,3,0,1,10,0,0,0,0,0,0,0,0,0,0,1,2,7,87,7
4300,C1,14,5,1,0,0,0,0,0,0,0,0,0,0,0,1,2,3,12,17
4310,A1,2,14,0,1,0,0,0,0,0,0,0,0,0,1,0,2,5,67,27
4310,B0,0,1,11,2,0,0,0,0,0,0,0,0,0,1,0,2,6,117,18
4310,B1,1,1,1,1,0,0,0,0,0,0,0,0,0,1,0,2,46,477,71
4310,B2,2,0,1,11,0,0,0,0,0,0,0,0,0,1,0,2,7,87,7
4310,C1,14,3,1,0,0,0,0,0,0,0,0,0,0,1,0,2,3,12,17
4320,A1,1,14,0,1,0,0,0,0,0,0,0,0,0,1,0,2,5,67,27
4320,B0,0,1,12,4,0,0,0,0,0,0,0,0,0,1,0,2,6,117,18
4320,B1,1,4,1,1,0,0,0,0,0,0,0,0,0,1,0,2,46,477,71
4320,B2,2,0,3,14,0,0,0,0,0,0,0,0,0,1,0,2,7,87,7
4320,C1,14,2,1,0,0,0,0,0,0,0,0,0,0,1,0,2,3,12,17
4330,A1,1,13,0,1,0,0,0,0,0,0,0,0,0,0,1,2,5,67,27
4330,B0,0,1,13,3,0,0,0,0,0,0,0,0,0,0,1,2,6,117,18
4330,B1,1,3,2,1,0,0,0,0,0,0,0,0,0,0,1,2,46,477,71
4330,B2,3,0,3,14,0,0,0,0,0,0,0,0,0,0,1,2,7,87,7
4330,C1,13,2,1,0,0,0,0,0,0,0,0,0,0,0,1,2,3,12,17
4340,A1,2,14,0,1,0,0,0,0,0,0,0,0,0,0,1,2,5,67,27
4340,B0,0,1,13,2,0,0,0,0,0,0,0,0,0,0,1,2,6,117,18
4340,B1,1,3,1,2,0,0,0,0,0,0,0,0,0,0,1,2,46,477,71
4340,B2,3,0,3,13,0,0,0,0,0,0,0,0,0,0,1,2,7,87,7
4340,C1,14,3,1,0,0,0,0,0,0,0,0,0,0,0,1,2,3,12,17
4350,A1,1,14,0,1,0,0,0,0,0,0,0,0,0,1,0,2,5,67,27
4350,B0,0,1,13,1,0,0,0,0,0,0,0,0,0,1,0,1,6,117,18
4350,B1,1,3,2,1,0,0,0,0,0,0,0,0,0,1,0,2,46,477,71
4350,B2,4,0,1,12,0,0,0,0,0,0,0,0,0,1,0,2,7,87,7
4350,C1,14,3,1,0,0,0,0,0,0,0,0,0,0,1,0,2,3,12,17
4360,A1,1,12,0,2,0,0,0,0,0,0,0,0,0,1,0,2,5,67,27
4360,B0,0,1,14,1,0,0,0,0,0,0,0,0,0,1,0,1,6,117,18
4360,B1,1,1,1,1,0,0,0,0,0,0,0,0,0,1,0,2,46,477,71
4360,B2,1,0,1,13,0,0,0,0,0,0,0,0,0,1,0,2,7,87,7
4360,C1,14,1,2,0,0,0,0,0,0,0,0,0,0,1,0,2,3,12,17
4370,A1,1,9,0,2,0,0,0,0,0,0,0,0,0,0,1,2,5,67,27
4370,B0,0,1,14,5,0,0,0,0,0,0,0,0,0,0,1,2,6,117,18
4370,B1,2,1,2,1,0,0,0,0,0,0,0,0,0,0,1,2,46,477,71
4370,B2,1,0,4,14,0,0,0,0,0,0,0,0,0,0,1,2,7,87,7
4370,C1,11,1,3,0,0,0,0,0,0,0,0,0,0,0,1,2,3,12,17
4380,A1,2,12,0,1,0,0,0,0,0,0,0,0,0,0,1,2,5,67,27
4380,B0,0,2,14,3,0,0,0,0,0,0,0,0,0,0,1,2,6,117,18
4380,B1,2,1,1,1,0,0,0,0,0,0,0,0,0,0,1,2,46,477,71
4380,B2,1,0,2,14,0,0,0,0,0,0,0,0,0,0,1,2,7,87,7
4380,C1,12,1,1,0,0,0,0,0,0,0,0,0,0,0,1,2,3,12,17
4390,A1,4,14,0,1,0,0,0,0,0,0,0,0,0,0,1,2,5,67,27
4390,B0,0,3,13,2,0,0,0,0,0,0,0,0,0,0,1,2,6,117,18
4390,B1,2,1,3,1,0,0,0,0,0,0,0,0,0,0,1,2,46,477,71
4390,B2,1,0,1,13,0,0,0,0,0,0,0,0,0,0,1,2,7,87,7
4390,C1,14,2,2,0,0,0,0,0,0,0,0,0,0,0,1,2,3,12,17
4400,A1,2,14,0,1,0,0,0,0,0,0,0,0,0,1,0,2,5,67,27
4400,B0,0,1,13,1,0,0,0,0,0,0,0,0,0,1,0,1,6,117,18
4400,B1,2,1,4,2,0,0,0,0,0,0,0,0,0,1,0,2,46,477,71
4400,B2,1,0,2,13,0,0,0,0,0,0,0,0,0,1,0,2,7,87,7
4400,C1,14,1,1,0,0,0,0,0,0,0,0,0,0,1,0,2,3,12,17
4410,A1,2,13,0,1,0,0,0,0,0,0,0,0,0,1,0,2,5,67,27
4410,B0,0,1,14,2,0,0,0,0,0,0,0,0,0,1,0,2,6,117,18
4410,B1,2,1,4,2,0,0,0,0,0,0,0,0,0,1,0,2,46,477,71
4410,B2,1,0,3,14,0,0,0,0,0,0,0,0,0,1,0,2,7,87,7
4410,C1,12,1,1,0,0,0,0,0,0,0,0,0,0,1,0,2,3,12,17
4420,A1,1,12,0,1,0,0,0,0,0,0,0,0,0,0,1,2,5,67,27
4420,B0,0,1,14,2,0,0,0,0,0,0,0,0,0,0,1,2,6,117,18
4420,B1,2,3,2,3,0,0,0,0,0,0,0,0,0,0,1,2,46,477,71
4420,B2,1,0,1,14,0,0,0,0,0,0,0,0,0,0,1,2,7,87,7
4420,C1,12,2,1,0,0,0,0,0,0,0,0,0,0,0,1,2,3,12,17
4430,A1,1,13,0,1,0,0,0,0,0,0,0,0,0,0,1,2,5,67,27
4430,B0,0,3,12,2,0,0,0,0,0,0,0,0,0,0,1,2,6,117,18
4430,B1,2,2,1,3,0,0,0,0,0,0,0,0,0,0,1,2,46,477,71
4430,B2,1,0,2,13,0,0,0,0,0,0,0,0,0,0,1,2,7,87,7
4430,C1,13,3,1,0,0,0,0,0,0,0,0,0,0,0,1,2,3,12,17
4440,A1,4,14,0,1,0,0,0,0,0,0,0,0,0,1,0,2,5,67,27
4440,B0,0,2,11,1,0,0,0,0,0,0,0,0,0,1,0,2,6,117,18
4440,B1,2,1,3,2,0,0,0,0,0,0,0,0,0,1,0,2,46,477,71
4440,B2,1,0,1,12,0,0,0,0,0,0,0,0,0,1,0,2,7,87,7
4440,C1,14,3,1,0,0,0,0,0,0,0,0,0,0,1,0,2,3,12,17
4450,A1,3,14,0,1,0,0,0,0,0,0,0,0,0,1,0,2,5,67,27
4450,B0,0,1,13,3,0,0,0,0,0,0,0,0,0,1,0,2,6,117,18
4450,B1,2,1,3,3,0,0,0,0,0,0,0,0,0,1,0,2,46,477,71
4450,B2,2,0,1,13,0,0,0,0,0,0,0,0,0,1,0,2,7,87,7
4450,C1,13,2,3,0,0,0,0,0,0,0,0,0,0,1,0,2,3,12,17
4460,A1,1,14,0,1,0,0,0,0,0,0,0,0,0,1,0,2,5,67,27
4460,B0,0,1,14,3,0,0,0,0,0,0,0,0,0,1,0,2,6,117,18
4460,B1,2,1,3,3,0,0,0,0,0,0,0,0,0,1,0,2,46,477,71
4460,B2,1,0,3,14,0,0,0,0,0,0,0,0,0,1,0,2,7,87,7
4460,C1,12,2,3,0,0,0,0,0,0,0,0,0,0,1,0,2,3,12,17
4470,A1,1,13,0,1,0,0,0,0,0,0,0,0,0,0,1,2,5,67,27
4470,B0,0,3,14,1,0,0,0,0,0,0,0,0,0,0,1,2,6,117,18
4470,B1,2,1,2,3,0,0,0,0,0,0,0,0,0,0,1,2,46,477,71
4470,B2,1,0,3,14,0,0,0,0,0,0,0,0,0,0,1,2,7,87,7
4470,C1,13,1,2,0,0,0,0,0,0,0,0,0,0,0,1,2,3,12,17
4480,A1,2,14,0,1,0,0,0,0,0,0,0,0,0,0,1,2,5,67,27
4480,B0,0,3,12,1,0,0,0,0,0,0,0,0,0,0,1,2,6,117,18
4480,B1,2,1,2,2,0,0,0,0,0,0,0,0,0,0,1,2,46,477,71
4480,B2,3,0,1,14,0,0,0,0,0,0,0,0,0,0,1,2,7,87,7
4480,C1,14,2,1,0,0,0,0,0,0,0,0,0,0,0,1,2,3,12,17
4490,A1,1,14,0,1,0,0,0,0,0,0,0,0,0,1,0,2,5,67,27
4490,B0,0,1,12,2,0,0,0,0,0,0,0,0,0,1,0,2,6,117,18
4490,B1,1,1,1,1,0,0,0,0,0,0,0,0,0,1,0,2,46,477,71
4490,B2,2,0,1,13,0,0,0,0,0,0,0,0,0,1,0,2,7,87,7
4490,C1,14,1,1,0,0,0,0,0,0,0,0,0,0,1,0,2,3,12,17
4500,A1,2,13,0,2,0,0,0,0,0,0,0,0,0,1,0,2,5,67,27
4500,B0,0,1,13,2,0,0,0,0,0,0,0,0,0,1,0,2,6,117,18
4500,B1,1,2,1,1,0,0,0,0,0,0,0,0,0,1,0,2,46,477,71
4500,B2,1,0,1,14,0,0,0,0,0,0,0,0,0,1,0,2,7,87,7
4500,C1,14,1,2,0,0,0,0,0,0,0,0,0,0,1,0,2,3,12,17
4510,A1,1,13,0,4,0,0,0,0,0,0,0,0,0,0,1,2,5,67,27
4510,B0,0,1,13,3,0,0,0,0,0,0,0,0,0,0,1,2,6,117,18
4510,B1,2,1,1,1,0,0,0,0,0,0,0,0,0,0,1,2,46,477,71
4510,B2,1,0,2,14,0,0,0,0,0,0,0,0,0,0,1,2,7,87,7
4510,C1,12,2,1,0,0,0,0,0,0,0,0,0,0,0,1,2,3,12,17
4520,A1,2,14,0,2,0,0,0,0,0,0,0,0,0,0,1,2,5,67,27
4520,B0,0,1,13,2,0,0,0,0,0,0,0,0,0,0,1,2,6,117,18
4520,B1,2,1,4,1,0,0,0,0,0,0,0,0,0,0,1,2,46,477,71
4520,B2,1,0,3,14,0,0,0,0,0,0,0,0,0,0,1,2,7,87,7
4520,C1,13,2,1,0,0,0,0,0,0,0,0,0,0,0,1,2,3,12,17
4530,A1,3,14,0,1,0,0,0,0,0,0,0,0,0,0,1,2,5,67,27
4530,B0,0,2,12,2,0,0,0,0,0,0,0,0,0,0,1,2,6,117,18
4530,B1,2,1,3,2,0,0,0,0,0,0,0,0,0,0,1,2,46,477,71
4530,B2,1,0,3,13,0,0,0,0,0,0,0,0,0,0,1,2,7,87,7
4530,C1,14,1,1,0,0,0,0,0,0,0,0,0,0,0,1,2,3,12,17
4540,A1,1,14,0,1,0,0,0,0,0,0,0,0,0,1,0,2,5,67,27
4540,B0,0,1,12,3,0,0,0,0,0,0,0,0,0,1,0,2,7,120,19
4540,B1,2,1,3,2,0,0,0,0,0,0,0,0,0,1,0,2,46,477,71
4540,B2,1,0,3,13,0,0,0,0,0,0,0,0,0,1,0,2,7,87,7
4540,C1,13,3,1,0,0,0,0,0,0,0,0,0,0,1,0,2,3,12,17
4550,A1,1,14,0,1,0,0,0,0,0,0,0,0,0,1,0,2,5,67,27
4550,B0,0,1,14,5,0,0,0,0,0,0,0,0,0,1,0,2,7,120,19
4550,B1,2,4,3,2,0,0,0,0,0,0,0,0,0,1,0,2,46,477,71
4550,B2,1,0,6,14,0,0,0,0,0,0,0,0,0,1,0,1,7,87,7
4550,C1,13,1,1,0,0,0,0,0,0,0,0,0,0,1,0,2,3,12,17
4560,A1,1,13,0,1,0,0,0,0,0,0,0,0,0,0,1,2,5,67,27
4560,B0,0,1,14,3,0,0,0,0,0,0,0,0,0,0,1,2,7,120,19
4560,B1,1,2,3,4,0,0,0,0,0,0,0,0,0,0,1,2,46,477,71
4560,B2,2,0,4,14,0,0,0,0,0,0,0,0,0,0,1,2,7,87,7
4560,C1,13,2,1,0,0,0,0,0,0,0,0,0,0,0,1,2,3,12,17
4570,A1,2,14,0,1,0,0,0,0,0,0,0,0,0,0,1,2,5,67,27
4570,B0,0,1,14,1,0,0,0,0,0,0,0,0,0,0,1,2,7,120,19
4570,B1,1,2,2,3,0,0,0,0,0,0,0,0,0,0,1,2,46,477,71
4570,B2,2,0,2,14,0,0,0,0,0,0,0,0,0,0,1,2,7,87,7
4570,C1,14,2,1,0,0,0,0,0,0,0,0,0,0,0,1,2,3,12,17
4580,A1,2,14,0,1,0,0,0,0,0,0,0,0,0,1,0,2,5,67,27
4580,B0,0,1,13,1,0,0,0,0,0,0,0,0,0,1,0,1,7,120,19
4580,B1,2,2,1,2,0,0,0,0,0,0,0,0,0,1,0,2,46,477,71
4580,B2,2,0,1,13,0,0,0,0,0,0,0,0,0,1,0,2,7,87,7
4580,C1,14,2,1,0,0,0,0,0,0,0,0,0,0,1,0,2,3,12,17
4590,A1,1,14,0,2,0,0,0,0,0,0,0,0,0,1,0,2,5,67,27
4590,B0,0,1,13,1,0,0,0,0,0,0,0,0,0,1,0,1,7,120,19
4590,B1,1,1,2,2,0,0,0,0,0,0,0,0,0,1,0,2,46,477,71
4590,B2,1,0,2,14,0,0,0,0,0,0,0,0,0,1,0,2,7,87,7
4590,C1,13,2,1,0,0,0,0,0,0,0,0,0,0,1,0,2,3,12,17
4600,A1,1,13,0,3,0,0,0,0,0,0,0,0,0,0,1,2,5,67,27
4600,B0,0,1,14,1,0,0,0,0,0,0,0,0,0,0,1,2,7,120,19
4600,B1,1,1,2,2,0,0,0,0,0,0,0,0,0,0,1,2,46,477,71
4600,B2,2,0,4,14,0,0,0,0,0,0,0,0,0,0,1,2,7,87,7
4600,C1,12,1,3,0,0,0,0,0,0,0,0,0,0,0,1,2,3,12,17
4610,A1,1,13,0,1,0,0,0,0,0,0,0,0,0,0,1,2,5,67,27
4610,B0,0,3,14,1,0,0,0,0,0,0,0,0,0,0,1,2,7,120,19
4610,B1,1,1,1,1,0,0,0,0,0,0,0,0,0,0,1,2,46,477,71
4610,B2,3,0,2,14,0,0,0,0,0,0,0,0,0,0,1,2,7,87,7
4610,C1,13,1,1,0,0,0,0,0,0,0,0,0,0,0,1,2,3,12,17
4620,A1,3,14,0,1,0,0,0,0,0,0,0,0,0,0,1,2,5,67,27
4620,B0,0,3,10,1,0,0,0,0,0,0,0,0,0,0,1,2,7,120,19
4620,B1,1,1,3,3,0,0,0,0,0,0,0,0,0,0,1,2,46,477,71
4620,B2,5,0,1,14,0,0,0,0,0,0,0,0,0,0,1,2,7,87,7
4620,C1,14,2,1,0,0,0,0,0,0,0,0,0,0,0,1,2,3,12,17
4630,A1,2,14,0,1,0,0,0,0,0,0,0,0,0,1,0,2,5,67,27
4630,B0,0,1,10,1,0,0,0,0,0,0,0,0,0,1,0,2,7,120,19
4630,B1,1,2,3,3,0,0,0,0,0,0,0,0,0,1,0,2,47,481,72
4630,B2,4,0,1,13,0,0,0,0,0,0,0,0,0,1,0,2,7,87,7
4630,C1,14,3,2,0,0,0,0,0,0,0,0,0,0,1,0,2,4,23,29
4640,A1,1,14,0,1,0,0,0,0,0,0,0,0,0,1,0,2,5,67,27
4640,B0,0,1,10,2,0,0,0,0,0,0,0,0,0,1,0,2,7,120,19
4640,B1,1,2,3,3,0,0,0,0,0,0,0,0,0,1,0,2,47,481,72
4640,B2,1,0,1,14,0,0,0,0,0,0,0,0,0,1,0,2,7,87,7
4640,C1,14,2,3,0,0,0,0,0,0,0,0,0,0,1,0,2,4,23,29
4650,A1,2,13,0,1,0,0,0,0,0,0,0,0,0,0,1,2,5,67,27
4650,B0,0,1,12,2,0,0,0,0,0,0,0,0,0,0,1,2,7,120,19
4650,B1,1,1,3,4,0,0,0,0,0,0,0,0,0,0,1,2,47,481,72
4650,B2,1,0,3,14,0,0,0,0,0,0,0,0,0,0,1,2,7,87,7
4650,C1,13,2,1,0,0,0,0,0,0,0,0,0,0,0,1,2,4,23,29
4660,A1,1,14,0,1,0,0,0,0,0,0,0,0,0,0,1,2,5,67,27
4660,B0,0,1,12,1,0,0,0,0,0,0,0,0,0,0,1,2,7,120,19
4660,B1,1,1,1,5,0,0,0,0,0,0,0,0,0,0,1,2,47,481,72
4660,B2,1,0,1,13,0,0,0,0,0,0,0,0,0,0,1,2,7,87,7
4660,C1,14,5,1,0,0,0,0,0,0,0,0,0,0,0,1,2,4,23,29
4670,A1,2,14,0,1,0,0,0,0,0,0,0,0,0,1,0,2,5,67,27
4670,B0,0,1,10,1,0,0,0,0,0,0,0,0,0,1,0,2,7,120,19
4670,B1,1,1,4,5,0,0,0,0,0,0,0,0,0,1,0,2,47,481,72
4670,B2,1,0,1,11,0,0,0,0,0,0,0,0,0,1,0,2,7,87,7
4670,C1,14,4,1,0,0,0,0,0,0,0,0,0,0,1,0,2,4,23,29
4680,A1,1,13,0,2,0,0,0,0,0,0,0,0,0,1,0,2,5,67,27
4680,B0,0,2,11,1,0,0,0,0,0,0,0,0,0,1,0,2,7,120,19
4680,B1,1,2,1,5,0,0,0,0,0,0,0,0,0,1,0,2,47,481,72
4680,B2,1,0,3,12,0,0,0,0,0,0,0,0,0,1,0,2,7,87,7
4680,C1,14,2,3,0,0,0,0,0,0,0,0,0,0,1,0,2,4,23,29
4690,A1,2,12,0,3,0,0,0,0,0,0,0,0,0,1,0,2,5,67,27
4690,B0,0,1,12,3,0,0,0,0,0,0,0,0,0,1,0,2,7,120,19
4690,B1,1,1,1,5,0,0,0,0,0,0,0,0,0,1,0,2,47,481,72
4690,B2,1,0,3,14,0,0,0,0,0,0,0,0,0,1,0,2,7,87,7
4690,C1,13,2,5,0,0,0,0,0,0,0,0,0,0,1,0,2,4,23,29
4700,A1,2,13,0,1,0,0,0,0,0,0,0,0,0,0,1,2,5,67,27
4700,B0,0,2,14,1,0,0,0,0,0,0,0,0,0,0,1,2,7,120,19
4700,B1,1,2,1,5,0,0,0,0,0,0,0,0,0,0,1,2,47,481,72
4700,B2,1,0,1,14,0,0,0,0,0,0,0,0,0,0,1,2,7,87,7
4700,C1,13,1,3,0,0,0,0,0,0,0,0,0,0,0,1,2,4,23,29
4710,A1,3,14,0,1,0,0,0,0,0,0,0,0,0,0,1,2,5,67,27
4710,B0,0,2,14,2,0,0,0,0,0,0,0,0,0,0,1,2,7,120,19
4710,B1,1,2,1,5,0,0,0,0,0,0,0,0,0,0,1,2,47,481,72
4710,B2,1,0,2,12,0,0,0,0,0,0,0,0,0,0,1,2,7,87,7
4710,C1,14,2,1,0,0,0,0,0,0,0,0,0,0,0,1,2,4,23,29
4720,A1,2,14,0,1,0,0,0,0,0,0,0,0,0,1,0,2,5,67,27
4720,B0,0,2,13,3,0,0,0,0,0,0,0,0,0,1,0,2,7,120,19
4720,B1,1,1,1,4,0,0,0,0,0,0,0,0,0,1,0,2,47,481,72
4720,B2,1,0,1,12,0,0,0,0,0,0,0,0,0,1,0,2,7,87,7
4720,C1,14,2,1,0,0,0,0,0,0,0,0,0,0,1,0,2,4,23,29
4730,A1,1,14,0,1,0,0,0,0,0,0,0,0,0,1,0,2,5,67,27
4730,B0,0,1,13,4,0,0,0,0,0,0,0,0,0,1,0,2,7,120,19
4730,B1,1,1,1,4,0,0,0,0,0,0,0,0,0,1,0,2,47,481,72
4730,B2,2,0,1,13,0,0,0,0,0,0,0,0,0,1,0,2,7,87,7
4730,C1,12,1,1,0,0,0,0,0,0,0,0,0,0,1,0,2,4,23,29
4740,A1,1,13,0,1,0,0,0,0,0,0,0,0,1,0,1,2,5,67,27
4740,B0,0,2,13,5,0,0,0,0,0,0,0,0,0,0,1,2,7,120,19
4740,B1,2,2,1,4,0,0,0,1,0,0,0,0,0,0,1,2,48,487,72
4740,B2,2,0,1,14,0,0,0,0,0,0,0,0,0,0,1,2,7,87,7
4740,C1,12,1,1,0,0,0,0,0,0,0,0,0,0,0,1,2,4,23,29
4750,A1,4,14,0,1,0,0,0,0,0,0,0,0,0,0,1,2,5,67,27
4750,B0,0,3,14,3,0,0,0,0,0,0,0,0,0,0,1,2,7,120,19
4750,B1,2,2,1,1,0,0,0,0,0,0,0,0,0,0,1,2,48,491,73
4750,B2,2,0,1,14,0,0,0,0,0,0,0,0,0,0,1,2,7,87,7
4750,C1,13,4,1,0,0,0,0,0,0,0,0,0,0,0,1,2,4,23,29
4760,A1,1,14,0,1,0,0,0,0,0,0,0,0,0,0,1,2,5,67,27
4760,B0,0,3,13,3,0,0,0,0,0,0,0,0,0,0,1,2,7,120,19
4760,B1,2,2,1,1,0,0,0,0,0,0,0,0,0,0,1,2,48,491,73
4760,B2,2,0,1,13,0,0,0,0,0,0,0,0,0,0,1,2,7,87,7
4760,C1,14,1,1,0,0,0,0,0,0,0,0,0,0,0,1,2,4,23,29
4770,A1,2,13,0,1,0,0,0,0,0,0,0,0,0,1,0,2,5,67,27
4770,B0,0,2,13,5,0,0,0,0,0,0,0,0,0,1,0,2,7,120,19
4770,B1,2,2,1,1,0,0,0,0,0,0,0,0,0,1,0,2,48,491,73
4770,B2,1,0,1,13,0,0,0,0,0,0,0,0,0,1,0,2,7,87,7
4770,C1,11,4,1,0,0,0,0,0,0,0,0,0,0,1,0,2,4,23,29
4780,A1,1,9,0,2,0,0,0,0,0,0,0,0,0,1,0,2,5,67,27
4780,B0,0,2,14,6,0,0,0,0,0,0,0,0,0,1,0,2,7,120,19
4780,B1,2,1,1,1,0,0,0,0,0,0,0,0,0,1,0,2,48,491,73
4780,B2,1,0,3,14,0,0,0,0,0,0,0,0,0,1,0,2,7,87,7
4780,C1,8,1,1,0,0,0,0,0,0,0,0,0,0,1,0,2,4,23,29
4790,A1,1,10,0,1,0,0,0,0,0,0,0,0,0,0,1,2,5,67,27
4790,B0,0,1,14,3,0,0,0,0,0,0,0,0,0,0,1,2,7,120,19
4790,B1,2,1,2,2,0,0,0,0,0,0,0,0,0,0,1,2,48,491,73
4790,B2,2,0,4,14,0,0,0,0,0,0,0,0,0,0,1,2,7,87,7
4790,C1,11,2,1,0,0,0,0,0,0,0,0,0,0,0,1,2,4,23,29
4800,A1,2,13,0,1,0,0,0,0,0,0,0,0,0,0,1,2,5,67,27
4800,B0,0,2,14,3,0,0,0,0,0,0,0,0,0,0,1,2,7,120,19
4800,B1,2,1,1,4,0,0,0,0,0,0,0,0,0,0,1,2,48,491,73
4800,B2,2,0,1,14,0,0,0,0,0,0,0,0,0,0,1,2,7,87,7
4800,C1,13,1,1,0,0,0,0,0,0,0,0,0,0,0,1,2,4,23,29
4810,A1,3,14,0,1,0,0,0,0,0,0,0,0,0,1,0,2,5,67,27
4810,B0,0,2,13,1,0,0,0,0,0,0,0,0,0,1,0,2,7,120,19
4810,B1,1,1,4,5,0,0,0,0,0,0,0,0,0,1,0,2,48,491,73
4810,B2,3,0,1,12,0,0,0,0,0,0,0,0,0,1,0,2,7,87,7
4810,C1,14,2,1,0,0,0,0,0,0,0,0,0,0,1,0,2,4,23,29
4820,A1,3,14,0,1,0,0,0,0,0,0,0,0,0,1,0,2,5,67,27
4820,B0,0,1,14,2,0,0,0,0,0,0,0,0,0,1,0,2,7,120,19
4820,B1,3,1,4,4,0,0,0,0,0,0,0,0,0,1,0,2,48,491,73
4820,B2,1,0,2,13,0,0,0,0,0,0,0,0,0,1,0,2,7,87,7
4820,C1,12,1,3,0,0,0,0,0,0,0,0,0,0,1,0,2,4,23,29
4830,A1,1,13,0,2,0,0,0,0,0,0,0,0,0,0,1,2,5,67,27
4830,B0,0,1,14,2,0,0,0,0,0,0,0,0,0,0,1,2,7,120,19
4830,B1,2,1,4,4,0,0,0,0,0,0,0,0,0,0,1,2,48,491,73
4830,B2,2,0,3,14,0,0,0,0,0,0,0,0,0,0,1,2,7,87,7
4830,C1,12,1,2,0,0,0,0,0,0,0,0,0,0,0,1,2,4,23,29
4840,A1,2,13,0,1,0,0,0,0,0,0,0,0,0,0,1,2,5,67,27
4840,B0,0,2,13,1,0,0,0,0,0,0,0,0,0,0,1,2,7,120,19
4840,B1,2,1,2,4,0,0,0,0,0,0,0,0,0,0,1,2,48,491,73
4840,B2,4,0,1,11,0,0,0,0,0,0,0,0,0,0,1,2,7,87,7
4840,C1,13,1,1,0,0,0,0,0,0,0,0,0,0,0,1,2,4,23,29
4850,A1,3,14,0,1,0,0,0,0,0,0,0,0,0,0,1,2,5,67,27
4850,B0,0,2,10,1,0,0,0,0,0,0,0,0,0,0,1,2,7,120,19
4850,B1,2,1,1,1,0,0,0,0,0,0,0,0,0,0,1,2,48,491,73
4850,B2,3,0,1,11,0,0,0,0,0,0,0,0,0,0,1,2,7,87,7
4850,C1,14,4,1,0,0,0,0,0,0,0,0,0,0,0,1,2,4,23,29
4860,A1,3,14,0,3,0,0,0,0,0,0,0,0,0,1,0,2,5,67,27
4860,B0,0,1,12,2,0,0,0,0,0,0,0,0,0,1,0,2,7,120,19
4860,B1,1,2,2,2,0,0,0,0,0,0,0,0,0,1,0,2,48,491,73
4860,B2,1,0,2,13,0,0,0,0,0,0,0,0,0,1,0,2,7,87,7
4860,C1,14,3,2,0,0,0,0,0,0,0,0,0,0,1,0,2,4,23,29
4870,A1,2,14,0,4,0,0,0,0,0,0,0,0,0,1,0,2,5,67,27
4870,B0,0,1,14,2,0,0,0,0,0,0,0,0,0,1,0,2,7,120,19
4870,B1,3,3,2,2,0,0,0,0,0,0,0,0,0,1,0,2,48,491,73
4870,B2,1,0,3,14,0,0,0,0,0,0,0,0,0,1,0,2,7,87,7
4870,C1,14,1,4,0,0,0,0,0,0,0,0,0,0,1,0,2,4,23,29
4880,A1,2,13,0,3,0,0,0,0,0,0,0,0,0,0,1,2,5,67,27
4880,B0,0,2,14,2,0,0,0,0,0,0,0,0,0,0,1,2,7,120,19
4880,B1,1,3,1,1,0,0,0,0,0,0,0,0,0,0,1,2,48,491,73
4880,B2,2,0,2,14,0,0,0,0,0,0,0,0,0,0,1,2,7,87,7
4880,C1,13,1,3,0,0,0,0,0,0,0,0,0,0,0,1,2,4,23,29
4890,A1,2,14,0,1,0,0,0,0,0,0,0,0,0,0,1,2,5,67,27
4890,B0,0,6,14,3,0,0,0,0,0,0,0,0,0,0,1,2,7,120,19
4890,B1,1,3,3,2,0,0,0,0,0,0,0,0,0,0,1,2,48,491,73
4890,B2,4,0,2,14,0,0,0,0,0,0,0,0,0,0,1,2,7,87,7
4890,C1,14,1,1,0,0,0,0,0,0,0,0,0,0,0,1,2,4,23,29
4900,A1,4,14,0,1,0,0,0,0,0,0,0,0,0,1,0,2,5,67,27
4900,B0,0,6,13,2,0,0,0,0,0,0,0,0,0,1,0,2,7,120,19
4900,B1,1,3,3,2,0,0,2,0,0,0,0,0,0,1,0,2,49,495,73
4900,B2,3,0,2,13,0,0,0,0,0,1,0,0,0,1,0,1,7,87,7
4900,C1,14,1,1,0,0,0,0,0,0,0,0,0,0,1,0,2,5,25,30
4910,A1,2,14,0,2,0,0,0,0,0,0,0,0,0,1,0,2,5,67,27
4910,B0,0,3,13,3,0,0,0,0,0,0,0,0,0,1,0,2,7,120,19
4910,B1,2,2,1,1,0,0,0,0,0,0,0,0,0,1,0,2,49,498,76
4910,B2,1,0,2,13,0,0,0,0,0,0,0,0,0,1,0,2,7,87,7
4910,C1,14,3,1,0,0,0,0,0,0,0,0,0,0,1,0,2,5,25,30
4920,A1,1,13,0,2,0,0,0,0,0,0,0,0,0,1,0,2,5,67,27
4920,B0,0,1,14,3,0,0,0,0,0,0,0,0,0,1,0,2,7,120,19
4920,B1,2,1,1,1,0,0,0,0,0,0,0,0,0,1,0,2,49,498,76
4920,B2,1,0,3,14,0,0,0,0,0,0,0,0,0,1,0,2,7,87,7
4920,C1,13,1,1,0,0,0,0,0,0,0,0,0,0,1,0,2,5,25,30
4930,A1,1,13,0,1,0,0,0,0,0,0,0,0,0,0,1,2,5,67,27
4930,B0,0,1,14,3,0,0,0,0,0,0,0,0,0,0,1,2,7,120,19
4930,B1,3,1,1,1,0,0,0,0,0,0,0,0,0,0,1,2,49,498,76
4930,B2,1,0,1,14,0,0,0,0,0,0,0,0,0,0,1,2,7,87,7
4930,C1,13,1,1,0,0,0,0,0,0,0,0,0,0,0,1,2,5,25,30
4940,A1,2,14,0,1,0,0,0,0,0,0,0,0,0,0,1,2,5,67,27
4940,B0,0,1,14,1,0,0,0,0,0,0,0,0,0,0,1,2,7,120,19
4940,B1,3,1,1,1,0,0,0,0,0,0,0,0,0,0,1,2,49,498,76
4940,B2,2,0,2,14,0,0,0,0,0,0,0,0,0,0,1,2,7,87,7
4940,C1,14,2,1,0,0,0,0,0,0,0,0,0,0,0,1,2,5,25,30
4950,A1,3,14,0,1,0,0,0,0,0,0,0,0,0,1,0,2,5,67,27
4950,B0,0,2,13,1,0,0,0,0,0,0,1,0,0,1,0,1,7,120,19
4950,B1,1,1,2,2,0,1,0,0,0,0,0,0,0,1,0,2,50,510,76
4950,B2,1,0,1,13,0,0,0,0,0,0,0,0,0,1,0,2,7,87,7
4950,C1,14,3,1,0,0,0,0,0,0,0,0,0,0,1,0,2,5,25,30
4960,A1,2,14,0,1,0,0,0,0,0,0,0,0,0,1,0,2,5,67,27
4960,B0,0,1,14,1,0,0,0,0,0,0,0,0,0,1,0,1,7,120,19
4960,B1,4,2,2,2,0,0,0,0,0,0,0,0,0,1,0,2,50,511,79
4960,B2,1,0,1,13,0,0,0,0,0,0,0,0,0,1,0,2,7,87,7
4960,C1,14,3,1,0,0,0,0,0,0,0,0,0,0,1,0,2,5,25,30
4970,A1,1,13,0,1,0,0,0,0,0,0,0,0,0,0,1,2,5,67,27
4970,B0,0,1,14,1,0,0,0,0,0,0,0,0,0,0,1,2,7,120,19
4970,B1,2,4,1,1,0,0,0,0,0,0,0,0,0,0,1,2,51,516,81
4970,B2,1,0,2,13,0,0,0,0,0,0,0,0,0,0,1,2,7,87,7
4970,C1,13,1,1,0,0,0,0,0,0,0,0,0,0,0,1,2,5,25,30
4980,A1,3,14,0,1,0,0,0,0,0,0,0,0,0,0,1,2,5,67,27
4980,B0,0,2,12,1,0,0,0,0,0,0,0,0,0,0,1,2,7,120,19
4980,B1,2,4,1,1,0,0,0,0,0,0,0,0,0,0,1,2,51,516,81
4980,B2,1,0,2,12,0,0,0,0,0,0,0,0,0,0,1,2,7,87,7
4980,C1,13,3,1,0,0,0,0,0,0,0,0,0,0,0,1,2,5,25,30
4990,A1,4,14,0,1,0,0,0,0,0,0,0,0,0,0,1,2,5,67,27
4990,B0,0,2,11,1,0,0,0,0,0,0,0,0,0,0,1,2,7,120,19
4990,B1,2,4,1,1,0,0,0,0,0,0,0,0,0,0,1,2,51,516,81
4990,B2,2,0,1,11,0,0,0,0,0,0,0,0,0,0,1,2,7,87,7
4990,C1,14,3,1,0,0,0,0,0,0,0,0,0,0,0,1,2,5,25,30
5000,A1,2,14,0,1,0,0,0,0,0,0,0,0,0,1,0,2,5,67,27
5000,B0,0,1,13,1,0,0,0,0,0,0,0,0,0,1,0,1,7,120,19
5000,B1,1,6,1,1,0,0,0,0,0,0,0,0,0,1,0,2,51,516,81
5000,B2,1,0,1,12,0,0,0,0,0,0,0,0,0,1,0,2,7,87,7
5000,C1,13,1,1,0,0,0,0,0,0,0,0,0,0,1,0,2,5,25,30
5010,A1,1,14,0,1,0,0,0,0,0,0,0,0,0,1,0,2,5,67,27
5010,B0,0,2,14,2,0,0,0,0,0,0,0,0,0,1,0,2,7,120,19
5010,B1,2,6,1,1,0,0,0,0,0,0,0,0,0,1,0,2,51,516,81
5010,B2,1,0,3,14,0,0,0,0,0,0,0,0,0,1,0,2,7,87,7
5010,C1,12,1,2,0,0,0,0,0,0,0,0,0,0,1,0,2,5,25,30
5020,A1,1,13,0,1,0,0,0,0,0,0,0,0,0,0,1,2,5,67,27
5020,B0,0,2,14,1,0,0,0,0,0,0,0,0,0,0,1,2,7,120,19
5020,B1,1,5,1,2,0,0,0,0,0,0,0,0,0,0,1,2,52,524,82
5020,B2,3,0,1,14,0,0,0,0,0,0,0,0,0,0,1,2,7,87,7
5020,C1,12,1,1,0,0,0,0,0,0,0,0,0,0,0,1,2,5,25,30
5030,A1,1,14,0,1,0,0,0,0,0,0,0,0,0,0,1,2,5,67,27
5030,B0,0,2,12,1,0,0,0,0,0,0,0,0,0,0,1,2,7,120,19
5030,B1,1,5,3,2,0,0,0,0,0,0,0,0,0,0,1,2,52,524,82
5030,B2,4,0,1,14,0,0,0,0,0,0,0,0,0,0,1,2,7,87,7
5030,C1,14,1,1,0,0,0,0,0,0,0,0,0,0,0,1,2,5,25,30
5040,A1,2,14,0,1,0,0,0,0,0,0,0,0,0,1,0,2,5,67,27
5040,B0,0,1,10,2,0,0,0,0,0,0,0,0,0,1,0,2,7,120,19
5040,B1,2,5,1,2,0,0,0,0,0,0,0,0,0,1,0,2,52,524,82
5040,B2,3,0,1,13,0,0,0,0,0,0,0,0,0,1,0,2,7,87,7
5040,C1,14,2,2,0,0,0,0,0,0,0,0,0,0,1,0,2,5,25,30
5050,A1,2,14,0,2,0,0,0,0,0,0,0,0,0,1,0,2,5,67,27
5050,B0,0,1,13,2,0,0,0,0,0,0,0,0,0,1,0,2,7,120,19
5050,B1,1,3,2,3,0,0,0,0,0,0,0,0,0,1,0,2,52,524,82
5050,B2,1,0,4,14,0,0,0,0,0,0,0,0,0,1,0,2,7,87,7
5050,C1,11,1,3,0,0,0,0,0,0,0,0,0,0,1,0,2,5,25,30
5060,A1,1,13,0,2,0,0,0,0,0,0,0,0,0,0,1,2,5,67,27
5060,B0,0,1,14,2,0,0,0,0,0,0,0,0,0,0,1,2,7,120,19
5060,B1,3,2,2,3,0,0,0,0,0,0,0,0,0,0,1,2,52,524,82
5060,B2,1,0,3,14,0,0,0,0,0,0,0,0,0,0,1,2,7,87,7
5060,C1,9,1,3,0,0,0,0,0,0,0,0,0,0,0,1,2,5,25,30
5070,A1,1,13,0,2,0,0,0,0,0,0,0,0,0,0,1,2,5,67,27
5070,B0,0,1,13,2,0,0,0,0,0,0,0,0,0,0,1,2,7,120,19
5070,B1,3,2,1,1,0,0,0,0,0,0,0,0,0,0,1,2,52,524,82
5070,B2,1,0,1,14,0,0,0,0,0,0,0,0,0,0,1,2,7,87,7
5070,C1,12,1,1,0,0,0,0,0,0,0,0,0,0,0,1,2,5,25,30
5080,A1,2,14,0,1,0,0,0,0,0,0,0,0,0,0,1,2,5,67,27
5080,B0,0,2,13,3,0,0,0,0,0,0,0,0,0,0,1,2,7,120,19
5080,B1,2,2,1,4,0,0,0,0,0,0,0,0,0,0,1,2,52,524,82
5080,B2,1,0,1,12,0,0,0,0,0,0,0,0,0,0,1,2,7,87,7
5080,C1,14,3,1,0,0,0,0,0,0,0,0,0,0,0,1,2,5,25,30
5090,A1,1,14,0,3,0,0,0,0,0,0,0,0,0,1,0,2,5,67,27
5090,B0,0,1,13,1,0,0,0,0,0,0,0,0,0,1,0,1,7,120,19
5090,B1,1,2,1,4,0,0,0,0,0,0,0,0,0,1,0,2,52,524,82
5090,B2,1,0,2,12,0,0,0,0,0,0,0,0,0,1,0,2,7,87,7
5090,C1,14,1,2,0,0,0,0,0,0,0,0,0,0,1,0,2,5,25,30
5100,A1,1,12,0,4,0,0,0,0,0,0,0,0,0,1,0,2,5,67,27
5100,B0,0,1,14,2,0,0,0,0,0,0,0,0,0,1,0,2,7,120,19
5100,B1,2,2,1,3,0,0,0,0,0,0,0,0,0,1,0,2,52,524,82
5100,B2,1,0,1,14,0,0,0,0,0,0,0,0,0,1,0,2,7,87,7
5100,C1,13,1,3,0,0,0,0,0,0,0,0,0,0,1,0,2,5,25,30
5110,A1,2,11,0,4,0,0,0,0,0,0,0,0,0,0,1,2,5,67,27
5110,B0,0,1,14,1,0,0,0,0,0,0,0,0,0,0,1,2,7,120,19
5110,B1,1,1,1,2,0,0,0,0,0,0,0,0,0,0,1,2,52,524,82
5110,B2,2,0,2,14,0,0,0,0,0,0,0,0,0,0,1,2,7,87,7
5110,C1,13,2,2,0,0,0,0,0,0,0,0,0,0,0,1,2,5,25,30
5120,A1,2,13,0,1,0,0,0,0,0,0,0,0,0,0,1,2,5,67,27
5120,B0,0,1,13,2,0,0,0,0,0,0,0,0,0,0,1,2,7,120,19
5120,B1,1,1,1,1,0,0,0,0,0,0,0,0,0,0,1,2,52,524,82
5120,B2,4,0,1,14,0,0,0,0,0,0,0,0,0,0,1,2,7,87,7
5120,C1,13,1,1,0,0,0,0,0,0,0,0,0,0,0,1,2,5,25,30
5130,A1,4,14,0,1,0,0,0,0,0,0,0,0,0,1,0,2,5,67,27
5130,B0,0,1,12,1,0,0,0,0,0,0,0,0,0,1,0,1,7,120,19
5130,B1,1,2,2,2,0,0,0,0,0,0,0,0,0,1,0,2,52,524,82
5130,B2,4,0,1,13,0,0,0,0,0,0,0,0,0,1,0,2,7,87,7
5130,C1,14,2,1,0,0,0,0,0,0,0,0,0,0,1,0,2,5,25,30
5140,A1,1,14,0,5,0,0,0,0,0,0,0,0,0,1,0,2,5,67,27
5140,B0,0,1,14,3,0,0,0,0,0,0,0,0,0,1,0,2,7,120,19
5140,B1,1,1,2,2,0,0,0,0,0,0,0,0,0,1,0,2,52,524,82
5140,B2,1,0,1,13,0,0,0,0,0,0,0,0,0,1,0,2,7,87,7
5140,C1,13,1,2,0,0,0,0,0,0,0,0,0,0,1,0,2,5,25,30
5150,A1,1,13,0,5,0,0,0,0,0,0,0,0,0,1,0,2,5,67,27
5150,B0,0,1,14,2,0,0,0,0,0,0,0,0,0,1,0,2,7,120,19
5150,B1,1,1,2,2,0,0,0,0,0,0,0,0,0,1,0,2,52,524,82
5150,B2,1,0,2,14,0,0,0,0,0,0,0,0,0,1,0,2,7,87,7
5150,C1,9,1,2,0,0,0,0,0,0,0,0,0,0,1,0,2,5,25,30
5160,A1,1,13,0,2,0,0,0,0,0,0,0,0,0,0,1,2,5,67,27
5160,B0,0,1,13,5,0,0,0,0,0,0,0,0,0,0,1,2,7,120,19
5160,B1,1,1,1,2,0,0,0,0,0,0,0,0,0,0,1,2,53,534,83
5160,B2,3,0,3,14,0,0,0,0,0,0,0,0,0,0,1,2,7,87,7
5160,C1,11,1,1,0,0,0,0,0,0,0,0,0,0,0,1,2,5,25,30
5170,A1,1,14,0,1,0,0,0,0,0,0,0,0,0,0,1,2,5,67,27
5170,B0,0,2,11,3,0,0,0,0,0,0,0,0,0,0,1,2,7,120,19
5170,B1,1,1,1,3,0,0,0,0,0,0,0,0,0,0,1,2,53,534,83
5170,B2,3,0,1,14,0,0,0,0,0,0,0,0,0,0,1,2,7,87,7
5170,C1,14,2,1,0,0,0,0,0,0,0,0,0,0,0,1,2,5,25,30
5180,A1,4,13,0,1,0,0,0,0,0,0,0,0,0,1,0,2,5,67,27
5180,B0,0,1,12,2,0,0,0,0,0,0,0,0,0,1,0,2,7,120,19
5180,B1,1,1,2,3,0,0,0,0,0,0,0,0,0,1,0,2,53,534,83
5180,B2,2,0,1,13,0,0,0,0,0,0,0,0,0,1,0,2,7,87,7
5180,C1,14,2,1,0,0,0,0,0,0,0,0,0,0,1,0,2,5,25,30
5190,A1,1,9,0,1,0,0,0,0,0,0,0,0,0,1,0,2,5,67,27
5190,B0,0,1,13,3,0,0,0,0,0,0,0,0,0,1,0,2,7,120,19
5190,B1,3,1,2,3,0,0,0,0,0,0,0,0,0,1,0,2,53,534,83
5190,B2,1,0,2,13,0,0,0,0,0,0,0,0,0,1,0,2,7,87,7
5190,C1,14,1,2,0,0,0,0,0,0,0,0,0,0,1,0,2,5,25,30
5200,A1,1,9,0,1,0,0,0,0,0,0,0,0,0,0,1,2,5,67,27
5200,B0,0,1,14,3,0,0,0,0,0,0,0,0,0,0,1,2,7,120,19
5200,B1,4,1,3,2,0,0,0,0,0,0,0,0,0,0,1,2,53,534,83
5200,B2,1,0,2,13,0,0,0,0,0,0,0,0,0,0,1,2,7,87,7
5200,C1,13,1,2,0,0,0,0,0,0,0,0,0,0,0,1,2,5,25,30
5210,A1,1,13,0,1,0,0,0,0,0,0,0,0,0,0,1,2,5,67,27
5210,B0,0,3,13,1,0,0,0,0,0,0,0,0,0,0,1,2,7,120,19
5210,B1,3,1,4,1,0,0,0,0,0,0,0,0,0,0,1,2,53,534,83
5210,B2,2,0,2,13,0,0,0,0,0,0,0,0,0,0,1,2,7,87,7
5210,C1,14,2,1,0,0,0,0,0,0,0,0,0,0,0,1,2,5,25,30
5220,A1,3,14,0,1,0,0,0,0,0,0,0,0,0,0,1,2,5,67,27
5220,B0,0,3,10,1,0,0,0,0,0,0,0,0,0,0,1,2,7,120,19
5220,B1,3,1,4,1,0,0,0,0,0,0,0,0,0,0,1,2,53,534,83
5220,B2,3,0,1,12,0,0,0,0,0,0,0,0,0,0,1,2,7,87,7
5220,C1,14,3,1,0,0,0,0,0,0,0,0,0,0,0,1,2,5,25,30
5230,A1,2,14,0,1,0,0,0,0,0,0,0,0,0,1,0,2,5,67,27
5230,B0,0,1,12,1,0,0,0,0,0,0,0,0,0,1,0,1,7,120,19
5230,B1,2,2,4,1,0,0,0,0,0,0,0,0,0,1,0,2,53,534,83
5230,B2,2,0,1,12,0,0,0,0,0,0,0,0,0,1,0,2,7,87,7
5230,C1,14,2,2,0,0,0,0,0,0,0,0,0,0,1,0,2,5,25,30
5240,A1,1,13,0,1,0,0,0,0,0,0,0,0,0,1,0,2,5,67,27
5240,B0,0,1,14,2,0,0,0,0,0,0,0,0,0,1,0,2,7,120,19
5240,B1,3,3,4,1,0,0,0,0,0,0,0,0,0,1,0,2,53,534,83
5240,B2,2,0,2,12,0,0,0,0,0,0,0,0,0,1,0,2,7,87,7
5240,C1,14,3,1,0,0,0,0,0,0,0,0,0,0,1,0,2,5,25,30
5250,A1,1,12,0,1,0,0,0,0,0,0,0,0,0,0,1,2,5,67,27
5250,B0,0,1,14,1,0,0,0,0,0,0,0,0,0,0,1,2,7,120,19
5250,B1,2,2,3,1,0,0,0,0,0,0,0,0,0,0,1,2,54,544,84
5250,B2,3,0,1,13,0,0,0,0,0,0,0,0,0,0,1,2,7,87,7
5250,C1,13,2,1,0,0,0,0,0,0,0,0,0,0,0,1,2,5,25,30
5260,A1,2,13,0,1,0,0,0,0,0,0,0,0,0,0,1,2,5,67,27
5260,B0,0,2,12,1,0,0,0,0,0,0,0,0,0,0,1,2,7,120,19
5260,B1,2,2,2,2,0,0,0,0,0,0,0,0,0,0,1,2,54,544,84
5260,B2,4,0,1,10,0,0,0,0,0,0,0,0,0,0,1,2,7,87,7
5260,C1,14,1,1,0,0,0,0,0,0,0,0,0,0,0,1,2,5,25,30
5270,A1,3,14,0,2,0,0,0,0,0,0,0,0,0,1,0,2,5,67,27
5270,B0,0,1,12,1,0,0,0,0,0,0,0,0,0,1,0,1,7,120,19
5270,B1,1,2,2,3,0,0,0,0,0,0,0,0,0,1,0,2,54,544,84
5270,B2,4,0,1,9,0,0,0,0,0,0,0,0,0,1,0,2,7,87,7
5270,C1,14,2,1,0,0,0,0,0,0,0,0,0,0,1,0,2,5,25,30
5280,A1,2,14,0,1,0,0,0,0,0,0,0,0,0,1,0,2,5,67,27
5280,B0,0,1,13,4,0,0,0,0,0,0,0,0,0,1,0,2,7,120,19
5280,B1,1,1,2,3,0,0,0,0,0,0,0,0,0,1,0,2,54,544,84
5280,B2,1,0,2,13,0,0,0,0,0,0,0,0,0,1,0,2,7,87,7
5280,C1,14,2,3,0,0,0,0,0,0,0,0,0,0,1,0,2,5,25,30
5290,A1,1,13,0,2,0,0,0,0,0,0,0,0,0,0,1,2,5,67,27
5290,B0,0,1,14,2,0,0,0,0,0,0,0,0,0,0,1,2,7,120,19
5290,B1,1,2,2,3,0,0,0,0,0,0,0,0,0,0,1,2,54,544,84
5290,B2,1,0,1,14,0,0,0,0,0,0,0,0,0,0,1,2,7,87,7
5290,C1,12,2,3,0,0,0,0,0,0,0,0,0,0,0,1,2,5,25,30
5300,A1,2,13,0,1,0,0,0,0,0,0,0,0,0,0,1,2,5,67,27
5300,B0,0,1,13,1,0,0,0,0,0,0,0,0,0,0,1,2,7,120,19
5300,B1,2,2,1,2,0,0,0,0,0,0,0,0,0,0,1,2,54,544,84
5300,B2,2,0,1,14,0,0,0,0,0,0,0,0,0,0,1,2,7,87,7
5300,C1,13,3,2,0,0,0,0,0,0,0,0,0,0,0,1,2,5,25,30
5310,A1,3,14,0,1,0,0,0,0,0,0,0,0,0,0,1,2,5,67,27
5310,B0,0,2,13,3,0,0,0,0,0,0,0,0,0,0,1,2,7,120,19
5310,B1,1,2,1,1,0,0,0,0,0,0,0,0,0,0,1,2,54,544,84
5310,B2,3,0,2,13,0,0,0,0,0,0,0,0,0,0,1,2,7,87,7
5310,C1,14,3,2,0,0,0,0,0,0,0,0,0,0,0,1,2,5,25,30
5320,A1,2,14,0,2,0,0,0,0,0,0,0,0,0,1,0,2,5,67,27
5320,B0,0,1,13,4,0,0,0,0,0,0,0,0,0,1,0,2,7,120,19
5320,B1,2,1,2,1,0,0,0,0,0,0,0,0,0,1,0,2,54,544,84
5320,B2,1,0,2,13,0,0,0,0,0,0,0,0,0,1,0,2,7,87,7
5320,C1,14,1,5,0,0,0,0,0,0,0,0,0,0,1,0,2,5,25,30
5330,A1,2,13,0,3,0,0,0,0,0,0,0,0,0,1,0,2,5,67,27
5330,B0,0,1,14,2,0,0,0,0,0,0,0,0,0,1,0,2,7,120,19
5330,B1,2,1,1,1,0,0,0,0,0,0,0,0,0,1,0,2,54,544,84
5330,B2,2,0,3,14,0,0,0,0,0,0,0,0,0,1,0,2,7,87,7
5330,C1,14,2,5,0,0,0,0,0,0,0,0,0,0,1,0,2,5,25,30
5340,A1,3,12,0,1,0,0,0,0,0,0,0,0,0,0,1,2,5,67,27
5340,B0,0,3,14,2,0,0,0,0,0,0,0,0,0,0,1,2,7,120,19
5340,B1,2,1,1,2,0,0,0,0,0,0,0,0,0,0,1,2,54,544,84
5340,B2,2,0,3,14,0,0,0,0,0,0,0,0,0,0,1,2,7,87,7
5340,C1,13,3,3,0,0,0,0,0,0,0,0,0,0,0,1,2,6,33,32
5350,A1,3,13,0,1,0,0,0,0,0,0,0,0,0,0,1,2,5,67,27
5350,B0,0,4,14,2,0,0,0,0,0,0,0,0,0,0,1,2,7,120,19
5350,B1,2,1,1,1,0,0,0,0,0,0,0,0,0,0,1,2,54,544,84
5350,B2,4,0,2,14,0,0,0,0,0,0,0,0,0,0,1,2,7,87,7
5350,C1,14,3,1,0,0,0,0,0,0,0,0,0,0,0,1,2,6,33,32
5360,A1,3,14,0,1,0,0,0,0,0,0,0,0,0,1,0,2,5,67,27
5360,B0,0,4,12,2,0,0,0,0,0,0,1,0,0,1,0,1,7,120,19
5360,B1,2,1,2,1,0,2,1,0,0,0,0,0,0,1,0,2,56,552,84
5360,B2,5,0,2,13,0,0,0,0,0,1,0,0,0,1,0,1,7,87,7
5360,C1,14,4,1,0,0,0,0,0,0,0,0,0,0,1,0,2,6,33,32
5370,A1,2,14,0,1,0,0,0,0,0,0,0,0,0,1,0,2,5,67,27
5370,B0,0,2,13,3,0,0,0,0,0,0,0,0,0,1,0,2,7,120,19
5370,B1,1,1,2,1,0,0,1,0,0,0,0,0,0,1,0,2,56,579,86
5370,B2,2,0,2,13,0,0,0,0,0,1,0,0,0,1,0,1,7,87,7
5370,C1,14,1,1,0,0,0,0,0,0,0,0,0,0,1,0,2,6,33,32
5380,A1,1,14,0,1,0,0,0,0,0,0,0,0,0,1,0,2,5,67,27
5380,B0,0,1,14,4,0,0,0,0,0,0,0,0,0,1,0,2,7,120,19
5380,B1,1,2,2,1,0,0,0,0,0,0,0,0,0,1,0,2,56,585,87
5380,B2,1,0,5,14,0,0,0,0,0,0,0,0,0,1,0,1,7,87,7
5380,C1,12,3,2,0,0,0,0,0,0,0,0,0,0,1,0,2,6,33,32
5390,A1,1,13,0,1,0,0,0,0,0,0,0,0,0,0,1,2,5,67,27
5390,B0,0,1,14,3,0,0,0,0,0,0,0,0,0,0,1,2,7,120,19
5390,B1,2,2,1,1,0,0,0,0,0,0,0,0,0,0,1,2,56,585,87
5390,B2,1,0,2,14,0,0,0,0,0,0,0,0,0,0,1,2,7,87,7
5390,C1,13,4,1,0,0,0,0,0,0,0,0,0,0,0,1,2,6,33,32
5400,A1,1,14,0,1,0,0,0,0,0,0,0,0,0,0,1,2,5,67,27
5400,B0,0,1,13,1,0,0,0,0,0,0,0,0,0,0,1,2,7,120,19
5400,B1,2,2,1,3,0,0,0,0,0,0,0,0,0,0,1,2,56,585,87
5400,B2,1,0,1,13,0,0,0,0,0,0,0,0,0,0,1,2,7,87,7
5400,C1,14,6,1,0,0,0,0,0,0,0,0,0,0,0,1,2,6,33,32
5410,A1,1,14,0,1,0,0,0,0,0,0,0,0,0,1,0,2,5,67,27
5410,B0,0,1,12,1,0,0,0,0,0,0,0,0,0,1,0,1,7,120,19
5410,B1,1,1,1,2,0,0,0,0,0,0,0,0,0,1,0,2,57,590,89
5410,B2,1,0,2,12,0,0,0,0,0,0,0,0,0,1,0,2,8,97,8
5410,C1,14,7,1,0,0,0,0,0,0,0,0,0,0,1,0,2,6,33,32
5420,A1,1,12,0,1,0,0,0,0,0,0,0,0,0,1,0,2,5,67,27
5420,B0,0,1,13,2,0,0,0,0,0,0,0,0,0,1,0,2,7,120,19
5420,B1,1,3,1,2,0,0,0,0,0,0,0,0,0,1,0,2,57,590,89
5420,B2,1,0,2,13,0,0,0,0,0,0,0,0,0,1,0,2,8,97,8
5420,C1,14,4,1,0,0,0,0,0,0,0,0,0,0,1,0,2,6,33,32
5430,A1,1,11,0,1,0,0,0,0,0,0,0,0,0,0,1,2,6,69,28
5430,B0,0,1,14,4,0,0,0,0,0,0,0,0,0,0,1,2,7,120,19
5430,B1,1,2,1,2,0,0,0,0,0,0,0,0,0,0,1,2,57,590,89
5430,B2,2,0,3,14,0,0,0,0,0,0,0,0,0,0,1,2,8,97,8
5430,C1,13,3,1,0,0,0,0,0,0,0,0,0,0,0,1,2,6,33,32
5440,A1,3,13,0,1,0,0,0,0,0,0,0,0,0,0,1,2,6,69,28
5440,B0,0,1,14,1,0,0,0,0,0,0,0,0,0,0,1,2,7,120,19
5440,B1,1,2,1,2,0,0,0,0,0,0,0,0,0,0,1,2,57,590,89
5440,B2,2,0,1,14,0,0,0,0,0,0,0,0,0,0,1,2,8,97,8
5440,C1,14,5,1,0,0,0,0,0,0,0,0,0,0,0,1,2,6,33,32
5450,A1,7,14,0,1,0,0,0,0,0,0,0,0,0,0,1,2,6,69,28
5450,B0,0,1,11,1,0,0,0,0,0,0,0,0,0,0,1,2,7,120,19
5450,B1,1,2,2,1,0,0,0,0,0,0,0,0,0,0,1,2,57,590,89
5450,B2,2,0,1,12,0,0,0,0,0,0,0,0,0,0,1,2,8,97,8
5450,C1,14,7,1,0,0,0,0,0,0,0,0,0,0,0,1,2,6,33,32
5460,A1,3,14,0,1,0,0,0,0,0,0,0,0,0,1,0,2,6,69,28
5460,B0,0,1,12,1,0,0,0,0,0,0,0,0,0,1,0,1,7,120,19
5460,B1,2,2,2,2,0,0,0,0,0,0,0,0,0,1,0,2,57,590,89
5460,B2,1,0,1,13,0,0,0,0,0,0,0,0,0,1,0,2,8,97,8
5460,C1,14,5,1,0,0,0,0,0,0,0,0,0,0,1,0,2,6,33,32
5470,A1,4,14,0,1,0,0,0,0,0,0,0,0,0,1,0,2,6,69,28
5470,B0,0,2,14,3,0,0,0,0,0,0,0,0,0,1,0,2,7,120,19
5470,B1,3,3,2,2,0,0,0,0,0,0,0,0,0,1,0,2,57,590,89
5470,B2,1,0,2,14,0,0,0,0,0,0,0,0,0,1,0,2,8,97,8
5470,C1,14,1,1,0,0,0,0,0,0,0,0,0,0,1,0,2,6,33,32
5480,A1,4,13,0,1,0,0,0,0,0,0,0,0,0,0,1,2,6,69,28
5480,B0,0,2,14,2,0,0,0,0,0,0,0,0,0,0,1,2,7,120,19
5480,B1,1,2,1,1,0,0,0,0,0,0,0,0,1,0,1,2,57,590,89
5480,B2,2,0,2,14,0,0,0,0,12,0,0,0,0,0,1,1,9,110,8
5480,C1,13,2,1,0,0,0,0,1,0,0,0,0,0,0,1,2,7,46,32
5490,A1,2,14,0,1,0,0,0,0,0,0,0,0,0,0,1,2,6,69,28
5490,B0,0,3,14,1,0,0,0,0,0,0,0,0,0,0,1,2,7,120,19
5490,B1,1,2,1,1,0,0,0,0,0,0,0,0,1,0,1,2,57,590,89
5490,B2,2,0,1,12,0,0,0,0,10,0,0,0,0,0,1,1,9,130,8
5490,C1,14,2,2,0,0,0,0,1,0,0,0,0,0,0,1,2,7,66,32
5500,A1,3,14,0,2,0,0,0,0,0,0,0,0,0,1,0,2,6,69,28
5500,B0,0,2,13,1,0,0,0,0,0,0,0,0,0,1,0,2,7,120,19
5500,B1,3,2,3,1,0,0,0,0,0,0,0,0,0,1,0,2,57,590,89
5500,B2,2,0,1,12,0,0,0,0,0,0,0,0,0,1,0,2,9,130,20
5500,C1,14,2,2,0,0,0,0,0,0,0,0,0,0,1,0,2,7,72,33
5510,A1,1,14,0,2,0,0,0,0,0,0,0,0,0,1,0,2,6,69,28
5510,B0,0,1,14,2,0,0,0,0,0,0,0,0,0,1,0,2,7,120,19
5510,B1,1,1,3,1,0,0,0,0,0,0,0,0,0,1,0,2,57,590,89
5510,B2,1,0,2,14,0,0,0,0,0,0,0,0,0,1,0,2,9,130,20
5510,C1,12,3,3,0,0,0,0,0,0,0,0,0,0,1,0,2,7,72,33
5520,A1,1,13,0,4,0,0,0,0,0,0,0,0,1,0,1,2,6,69,28
5520,B0,0,1,14,5,0,0,0,0,0,0,0,0,0,0,1,2,7,120,19
5520,B1,1,2,3,1,0,0,0,2,0,0,0,0,0,0,1,1,58,592,89
5520,B2,1,0,3,14,0,0,0,0,0,0,0,0,0,0,1,2,9,130,20
5520,C1,11,1,3,0,0,0,0,0,0,0,0,0,0,0,1,2,7,72,33
5530,A1,1,13,0,1,0,0,0,0,0,0,0,0,0,0,1,2,6,69,28
5530,B0,0,1,14,1,0,0,0,0,0,0,0,0,0,0,1,2,7,120,19
5530,B1,1,2,1,1,0,0,0,0,0,0,0,0,0,0,1,2,58,600,91
5530,B2,2,0,3,14,0,0,0,0,0,0,0,0,0,0,1,2,9,130,20
5530,C1,13,2,4,0,0,0,0,0,0,0,0,0,0,0,1,2,7,72,33
5540,A1,3,14,0,1,0,0,0,0,0,0,0,0,0,0,1,2,6,69,28
5540,B0,0,1,12,2,0,0,0,0,0,0,0,0,0,0,1,2,7,120,19
5540,B1,1,1,2,3,0,0,0,0,0,0,0,0,0,0,1,2,58,600,91
5540,B2,2,0,1,14,0,0,0,0,0,0,0,0,0,0,1,2,9,130,20
5540,C1,14,3,3,0,0,0,0,0,0,0,0,0,0,0,1,2,7,72,33
5550,A1,3,14,0,1,0,0,0,0,0,0,0,0,0,1,0,2,6,69,28
5550,B0,0,1,12,1,0,0,0,0,0,0,0,0,0,1,0,1,7,120,19
5550,B1,3,1,1,3,0,0,0,0,0,0,0,0,0,1,0,2,59,604,92
5550,B2,1,0,1,13,0,0,0,0,0,0,0,0,0,1,0,2,9,130,20
5550,C1,14,1,3,0,0,0,0,0,0,0,0,0,0,1,0,2,7,72,33
5560,A1,3,14,0,1,0,0,0,0,0,0,0,0,0,1,0,2,6,69,28
5560,B0,0,2,14,1,0,0,0,0,0,0,0,0,0,1,0,2,7,120,19
5560,B1,1,1,1,3,0,0,0,0,0,0,0,0,0,1,0,2,59,604,92
5560,B2,1,0,1,14,0,0,0,0,0,0,0,0,0,1,0,2,9,130,20
5560,C1,10,1,3,0,0,0,0,0,0,0,0,0,0,1,0,2,7,72,33
5570,A1,1,13,0,1,0,0,0,0,0,0,0,0,0,0,1,2,6,69,28
5570,B0,0,2,14,1,0,0,0,0,0,0,0,0,0,0,1,2,7,120,19
5570,B1,2,1,1,1,0,0,0,0,0,0,0,0,0,0,1,2,59,604,92
5570,B2,2,0,5,14,0,0,0,0,0,0,0,0,0,0,1,2,9,130,20
5570,C1,10,1,2,0,0,0,0,0,0,0,0,0,0,0,1,2,7,72,33
5580,A1,1,14,0,1,0,0,0,0,0,0,0,0,0,0,1,2,6,69,28
5580,B0,0,2,13,1,0,0,0,0,0,0,0,0,0,0,1,2,7,120,19
5580,B1,2,1,2,3,0,0,0,0,0,0,0,0,0,0,1,2,59,604,92
5580,B2,3,0,3,13,0,0,0,0,0,0,0,0,0,0,1,2,9,130,20
5580,C1,13,2,1,0,0,0,0,0,0,0,0,0,0,0,1,2,7,72,33
5590,A1,4,14,0,1,0,0,0,0,0,0,0,0,0,1,0,2,6,69,28
5590,B0,0,2,11,2,0,0,0,0,0,0,0,0,0,1,0,2,7,120,19
5590,B1,2,1,2,2,0,0,0,0,0,0,0,0,0,1,0,2,59,604,92
5590,B2,3,0,1,13,0,0,0,0,0,0,0,0,0,1,0,2,9,130,20
5590,C1,14,4,1,0,0,0,0,0,0,0,0,0,0,1,0,2,7,72,33
5600,A1,2,14,0,2,0,0,0,0,0,0,0,0,0,1,0,2,6,69,28
5600,B0,0,1,13,2,0,0,0,0,0,0,0,0,0,1,0,2,7,120,19
5600,B1,2,2,2,2,0,0,0,0,0,0,0,0,0,1,0,2,59,604,92
5600,B2,1,0,2,13,0,0,0,0,0,0,0,0,0,1,0,2,9,130,20
5600,C1,14,1,1,0,0,0,0,0,0,0,0,0,0,1,0,2,7,72,33
5610,A1,1,10,0,3,0,0,0,0,0,0,0,0,0,1,0,2,6,69,28
5610,B0,0,2,14,5,0,0,0,0,0,0,0,0,0,1,0,2,7,120,19
5610,B1,2,5,2,2,0,0,0,0,0,0,0,0,0,1,0,2,59,604,92
5610,B2,1,0,5,13,0,0,0,0,0,0,0,0,0,1,0,1,9,130,20
5610,C1,12,1,1,0,0,0,0,0,0,0,0,0,0,1,0,2,7,72,33
5620,A1,1,11,0,2,0,0,0,0,0,0,0,0,0,0,1,2,6,69,28
5620,B0,0,1,14,2,0,0,0,0,0,0,0,0,0,0,1,2,7,120,19
5620,B1,2,1,1,2,0,0,0,0,0,0,0,0,0,0,1,2,59,604,92
5620,B2,1,0,3,14,0,0,0,0,0,0,0,0,0,0,1,2,9,130,20
5620,C1,12,1,1,0,0,0,0,0,0,0,0,0,0,0,1,2,7,72,33
5630,A1,4,14,0,1,0,0,0,0,0,0,0,0,0,0,1,2,6,69,28
5630,B0,0,1,13,1,0,0,0,0,0,0,0,0,0,0,1,2,7,120,19
5630,B1,2,1,2,1,0,0,0,0,0,0,0,0,0,0,1,2,59,604,92
5630,B2,1,0,1,14,0,0,0,0,0,0,0,0,0,0,1,2,9,130,20
5630,C1,14,2,1,0,0,0,0,0,0,0,0,0,0,0,1,2,7,72,33
5640,A1,2,14,0,2,0,0,0,0,0,0,0,0,0,1,0,2,6,69,28
5640,B0,0,2,12,1,0,0,0,0,0,0,0,0,0,1,0,2,7,120,19
5640,B1,1,1,3,3,0,0,0,0,0,0,0,0,0,1,0,2,59,604,92
5640,B2,1,0,1,13,0,0,0,0,0,0,0,0,0,1,0,2,9,130,20
5640,C1,14,1,2,0,0,0,0,0,0,0,0,0,0,1,0,2,7,72,33
5650,A1,2,14,0,3,0,0,0,0,0,0,0,0,0,1,0,2,6,69,28
5650,B0,0,1,13,1,0,0,0,0,0,0,0,0,0,1,0,1,7,120,19
5650,B1,1,1,3,3,0,0,0,0,0,0,0,0,0,1,0,2,59,604,92
5650,B2,1,0,1,14,0,0,0,0,0,0,0,0,0,1,0,2,9,130,20
5650,C1,14,1,2,0,0,0,0,0,0,0,0,0,0,1,0,2,7,72,33
5660,A1,1,13,0,3,0,0,0,0,0,0,0,0,0,0,1,2,6,69,28
5660,B0,0,1,14,3,0,0,0,0,0,0,0,0,0,0,1,2,7,120,19
5660,B1,1,1,2,3,0,0,0,0,0,0,0,0,0,0,1,2,59,604,92
5660,B2,1,0,2,14,0,0,0,0,0,0,0,0,0,0,1,2,9,130,20
5660,C1,13,1,1,0,0,0,0,0,0,0,0,0,0,0,1,2,7,72,33
5670,A1,1,13,0,1,0,0,0,0,0,0,0,0,0,0,1,2,6,69,28
5670,B0,0,1,14,3,0,0,0,0,0,0,0,0,0,0,1,2,7,120,19
5670,B1,1,1,2,4,0,0,0,0,0,0,0,0,0,0,1,2,59,604,92
5670,B2,4,0,1,13,0,0,0,0,0,0,0,0,0,0,1,2,9,130,20
5670,C1,13,2,1,0,0,0,0,0,0,0,0,0,0,0,1,2,7,72,33
5680,A1,5,14,0,3,0,0,0,0,0,0,0,0,0,0,1,2,6,69,28
5680,B0,0,1,13,1,0,0,0,0,0,0,0,0,0,0,1,2,7,120,19
5680,B1,1,1,1,1,0,0,0,0,0,0,0,0,0,0,1,2,59,604,92
5680,B2,4,0,2,11,0,0,0,0,0,0,0,0,0,0,1,2,9,130,20
5680,C1,14,3,1,0,0,0,0,0,0,0,0,0,0,0,1,2,7,72,33
5690,A1,3,14,0,4,0,0,0,0,0,0,0,0,0,1,0,2,6,69,28
5690,B0,0,1,13,1,0,0,0,0,0,0,0,0,0,1,0,1,7,120,19
5690,B1,1,1,1,1,0,0,0,0,0,0,0,0,0,1,0,2,59,604,92
5690,B2,1,0,2,12,0,0,0,0,0,0,0,0,0,1,0,2,9,130,20
5690,C1,14,3,3,0,0,0,0,0,0,0,0,0,0,1,0,2,7,72,33
5700,A1,1,14,0,4,0,0,0,0,0,0,0,0,0,1,0,2,6,69,28
5700,B0,0,1,14,2,0,0,0,0,0,0,0,0,0,1,0,2,7,120,19
5700,B1,1,1,1,1,0,0,0,0,0,0,0,0,0,1,0,2,59,604,92
5700,B2,2,0,3,14,0,0,0,0,0,0,0,0,0,1,0,2,9,130,20
5700,C1,14,1,3,0,0,0,0,0,0,0,0,0,0,1,0,2,7,72,33
5710,A1,2,13,0,2,0,0,0,0,0,0,0,0,0,0,1,2,6,69,28
5710,B0,0,1,14,1,0,0,0,0,0,0,0,0,0,0,1,2,7,120,19
5710,B1,1,2,2,2,0,0,0,0,0,0,0,0,0,0,1,2,59,604,92
5710,B2,1,0,2,14,0,0,0,0,0,0,0,0,0,0,1,2,9,130,20
5710,C1,13,1,2,0,0,0,0,0,0,0,0,0,0,0,1,2,7,72,33
5720,A1,3,14,0,1,0,0,0,0,0,0,0,0,0,0,1,2,6,69,28
5720,B0,0,1,13,1,0,0,0,0,0,0,0,0,0,0,1,2,7,120,19
5720,B1,1,2,1,1,0,0,0,0,0,0,0,0,0,0,1,2,59,604,92
5720,B2,2,0,1,13,0,0,0,0,0,0,0,0,0,0,1,2,9,130,20
5720,C1,14,2,1,0,0,0,0,0,0,0,0,0,0,0,1,2,7,72,33
5730,A1,2,14,0,2,0,0,0,0,0,0,0,0,0,1,0,2,6,69,28
5730,B0,0,1,12,1,0,0,0,0,0,0,1,0,0,1,0,1,7,120,19
5730,B1,1,1,1,4,0,1,0,0,0,0,0,0,0,1,0,2,60,612,92
5730,B2,2,0,2,12,0,0,0,0,0,0,0,0,0,1,0,2,9,130,20
5730,C1,14,2,1,0,0,0,0,0,0,0,0,0,0,1,0,2,7,72,33
5740,A1,1,13,0,2,0,0,0,0,0,0,0,0,0,1,0,2,6,69,28
5740,B0,0,1,13,2,0,0,0,0,0,0,0,0,0,1,0,2,7,120,19
5740,B1,2,1,1,1,0,0,0,0,0,0,0,0,0,1,0,2,60,614,93
5740,B2,1,0,5,13,0,0,0,0,0,0,0,0,0,1,0,1,9,130,20
5740,C1,12,1,1,0,0,0,0,0,0,0,0,0,0,1,0,2,7,72,33
5750,A1,1,12,0,3,0,0,0,0,0,0,0,0,1,0,1,2,6,69,28
5750,B0,0,2,14,4,0,0,0,0,1,0,0,0,0,0,1,2,8,122,19
5750,B1,1,2,1,1,0,0,0,1,0,0,0,0,0,0,1,2,61,616,93
5750,B2,1,0,3,14,0,0,0,0,0,0,0,0,0,0,1,2,9,130,20
5750,C1,9,2,1,0,0,0,0,0,0,0,0,0,0,0,1,2,7,72,33
5760,A1,1,13,0,1,0,0,0,0,0,0,0,0,0,0,1,2,6,69,28
5760,B0,0,3,12,1,0,0,0,0,0,0,0,0,0,0,1,2,8,123,20
5760,B1,1,1,2,1,0,0,0,0,0,0,0,0,0,0,1,2,61,618,94
5760,B2,1,0,2,14,0,0,0,0,0,0,0,0,0,0,1,2,9,130,20
5760,C1,12,1,1,0,0,0,0,0,0,0,0,0,0,0,1,2,7,72,33
5770,A1,3,14,0,1,0,0,0,0,0,0,0,0,0,0,1,2,6,69,28
5770,B0,0,3,13,1,0,0,0,0,0,0,0,0,0,0,1,2,8,123,20
5770,B1,1,1,2,3,0,0,0,0,0,0,0,0,0,0,1,2,61,618,94
5770,B2,1,0,3,13,0,0,0,0,0,0,0,0,0,0,1,2,9,130,20
5770,C1,14,2,2,0,0,0,0,0,0,0,0,0,0,0,1,2,7,72,33
5780,A1,2,14,0,2,0,0,0,0,0,0,0,0,0,1,0,2,6,69,28
5780,B0,0,1,13,1,0,0,0,0,0,0,0,0,0,1,0,1,8,123,20
5780,B1,4,1,2,2,0,0,0,0,0,0,0,0,0,1,0,2,61,618,94
5780,B2,1,0,3,13,0,0,0,0,0,0,0,0,0,1,0,2,9,130,20
5780,C1,14,1,2,0,0,0,0,0,0,0,0,0,0,1,0,2,7,72,33
5790,A1,4,13,0,2,0,0,0,0,0,0,0,0,0,1,0,2,6,69,28
5790,B0,0,1,14,1,0,0,0,0,0,0,0,0,0,1,0,1,8,123,20
5790,B1,2,2,2,2,0,0,0,0,0,0,0,0,0,1,0,2,61,618,94
5790,B2,2,0,3,13,0,0,0,0,0,0,0,0,0,1,0,2,9,130,20
5790,C1,12,1,2,0,0,0,0,0,0,0,0,0,0,1,0,2,7,72,33
5800,A1,1,13,0,1,0,0,0,0,0,0,0,0,0,0,1,2,6,69,28
5800,B0,0,1,14,2,0,0,0,0,0,0,0,0,0,0,1,2,8,123,20
5800,B1,2,2,1,1,0,0,0,0,0,0,0,0,0,0,1,2,61,618,94
5800,B2,2,0,1,13,0,0,0,0,0,0,0,0,0,0,1,2,9,130,20
5800,C1,11,2,2,0,0,0,0,0,0,0,0,0,0,0,1,2,7,72,33
5810,A1,1,14,0,1,0,0,0,0,0,0,0,0,0,0,1,2,6,69,28
5810,B0,0,3,12,1,0,0,0,0,0,0,0,0,0,0,1,2,8,123,20
5810,B1,2,2,2,1,0,0,0,0,0,0,0,0,0,0,1,2,61,618,94
5810,B2,3,0,2,14,0,0,0,0,0,0,0,0,0,0,1,2,9,130,20
5810,C1,13,2,1,0,0,0,0,0,0,0,0,0,0,0,1,2,7,72,33
5820,A1,3,14,0,2,0,0,0,0,0,0,0,0,0,1,0,2,6,69,28
5820,B0,0,4,9,1,0,0,0,0,0,0,0,0,0,1,0,2,8,123,20
5820,B1,1,2,1,5,0,0,0,0,0,0,0,0,0,1,0,2,61,618,94
5820,B2,3,0,1,13,0,0,0,0,0,0,0,0,0,1,0,2,9,130,20
5820,C1,14,3,1,0,0,0,0,0,0,0,0,0,0,1,0,2,7,72,33
5830,A1,1,13,0,3,0,0,0,0,0,0,0,0,0,1,0,2,6,69,28
5830,B0,0,2,12,1,0,0,0,0,0,0,0,0,0,1,0,2,8,123,20
5830,B1,2,1,1,4,0,0,0,0,0,0,0,0,0,1,0,2,61,618,94
5830,B2,2,0,2,13,0,0,0,0,0,0,0,0,0,1,0,2,9,130,20
5830,C1,14,1,2,0,0,0,0,0,0,0,0,0,0,1,0,2,7,72,33
5840,A1,2,13,0,3,0,0,0,0,0,0,0,0,0,1,0,2,6,69,28
5840,B0,0,1,14,2,0,0,0,0,0,0,0,0,0,1,0,2,8,123,20
5840,B1,2,1,1,4,0,0,0,0,0,0,0,0,0,1,0,2,61,618,94
5840,B2,2,0,2,13,0,0,0,0,0,0,0,0,0,1,0,2,9,130,20
5840,C1,12,1,2,0,0,0,0,0,0,0,0,0,0,1,0,2,7,72,33
5850,A1,2,13,0,1,0,0,0,0,0,0,0,0,0,0,1,2,6,69,28
5850,B0,0,1,14,1,0,0,0,0,0,0,0,0,0,0,1,2,8,123,20
5850,B1,4,2,2,2,0,0,0,0,0,0,0,0,0,0,1,2,62,629,95
5850,B2,2,0,2,12,0,0,0,0,0,0,0,0,0,0,1,2,9,130,20
5850,C1,12,1,2,0,0,0,0,0,0,0,0,0,0,0,1,2,7,72,33
5860,A1,2,14,0,4,0,0,0,0,0,0,0,0,0,0,1,2,6,69,28
5860,B0,0,1,13,1,0,0,0,0,0,0,0,0,0,0,1,2,8,123,20
5860,B1,4,2,3,1,0,0,0,0,0,0,0,0,0,0,1,2,62,629,95
5860,B2,3,0,2,13,0,0,0,0,0,0,0,0,0,0,1,2,9,130,20
5860,C1,14,1,1,0,0,0,0,0,0,0,0,0,0,0,1,2,7,72,33
5870,A1,1,14,0,4,0,0,13,0,0,0,0,0,0,1,0,2,7,80,28
5870,B0,0,1,13,1,0,0,0,0,0,0,0,0,0,1,0,1,8,123,20
5870,B1,2,1,2,2,0,0,0,0,0,0,0,0,0,1,0,2,62,629,95
5870,B2,1,0,1,13,0,0,0,0,0,0,0,0,0,1,0,2,9,130,20
5870,C1,14,2,1,0,0,0,0,0,0,0,0,0,0,1,0,2,7,72,33
5880,A1,2,11,0,4,0,0,0,0,0,0,0,0,0,1,0,2,7,94,41
5880,B0,0,1,13,3,0,0,0,0,0,0,0,0,0,1,0,2,8,123,20
5880,B1,1,2,2,2,0,0,0,0,0,0,0,0,0,1,0,2,62,629,95
5880,B2,1,0,1,14,0,0,0,0,0,0,0,0,0,1,0,2,9,130,20
5880,C1,12,1,1,0,0,0,0,0,0,0,0,0,0,1,0,2,7,72,33
5890,A1,1,11,0,5,0,0,0,0,0,0,0,0,0,0,1,2,7,94,41
5890,B0,0,2,14,2,0,0,0,0,0,0,0,0,0,0,1,2,8,123,20
5890,B1,2,2,1,2,0,0,0,0,0,0,0,0,0,0,1,2,63,630,97
5890,B2,2,0,1,14,0,0,0,0,0,0,0,0,0,0,1,2,9,130,20
5890,C1,10,3,1,0,0,0,0,0,0,0,0,0,0,0,1,2,7,72,33
5900,A1,2,13,0,1,0,0,0,0,0,0,0,0,0,0,1,2,7,94,41
5900,B0,0,2,13,1,0,0,0,0,0,0,0,0,0,0,1,2,8,123,20
5900,B1,2,1,2,2,0,0,0,0,0,0,0,0,0,0,1,2,63,630,97
5900,B2,4,0,1,14,0,0,0,0,0,0,0,0,0,0,1,2,9,130,20
5900,C1,12,1,2,0,0,0,0,0,0,0,0,0,0,0,1,2,7,72,33
5910,A1,2,14,0,3,0,0,0,0,0,0,0,0,0,0,1,2,7,94,41
5910,B0,0,2,12,2,0,0,0,0,0,0,0,0,0,0,1,2,8,123,20
5910,B1,2,1,1,4,0,0,0,0,0,0,0,0,0,0,1,2,63,630,97
5910,B2,4,0,1,13,0,0,0,0,0,0,0,0,0,0,1,2,9,130,20
5910,C1,14,2,1,0,0,0,0,0,0,0,0,0,0,0,1,2,7,72,33
5920,A1,1,13,0,3,0,0,0,0,0,0,0,0,0,1,0,2,7,94,41
5920,B0,0,1,13,2,0,0,0,0,0,0,0,0,0,1,0,2,8,123,20
5920,B1,1,1,1,3,0,0,0,0,0,0,0,0,0,1,0,2,63,630,97
5920,B2,3,0,1,13,0,0,0,0,0,0,0,0,0,1,0,2,9,130,20
5920,C1,13,1,1,0,0,0,0,0,0,0,0,0,0,1,0,2,7,72,33
5930,A1,1,13,0,3,0,0,0,0,0,0,0,0,0,1,0,2,7,94,41
5930,B0,0,1,14,3,0,0,0,0,0,0,0,0,0,1,0,2,8,123,20
5930,B1,3,1,1,3,0,0,0,0,0,0,0,0,0,1,0,2,63,630,97
5930,B2,1,0,1,14,0,0,0,0,0,0,0,0,0,1,0,2,9,130,20
5930,C1,10,2,6,0,0,0,0,0,0,0,0,0,0,1,0,2,7,72,33
5940,A1,2,13,0,2,0,0,0,0,1,0,0,0,0,0,1,2,8,107,41
5940,B0,0,2,14,3,0,0,0,0,0,0,0,0,0,0,1,2,8,123,20
5940,B1,3,2,1,3,0,0,0,0,0,0,0,1,0,0,1,2,63,630,97
5940,B2,1,0,1,14,0,0,0,0,0,0,0,0,0,0,1,2,9,130,20
5940,C1,11,2,5,0,0,0,0,0,0,0,0,0,0,0,1,2,7,72,33
5950,A1,2,14,0,2,0,0,0,0,0,0,0,0,0,0,1,2,8,107,44
5950,B0,0,2,13,1,0,0,0,0,0,0,0,0,0,0,1,2,8,123,20
5950,B1,3,1,2,2,0,0,0,0,0,0,0,0,0,0,1,2,63,630,97
5950,B2,4,0,3,12,0,0,0,0,0,0,0,0,0,0,1,2,9,130,20
5950,C1,14,2,2,0,0,0,0,0,0,0,0,0,0,0,1,2,7,72,33
5960,A1,2,14,0,2,0,0,0,0,0,0,0,0,0,1,0,2,8,107,44
5960,B0,0,1,11,1,0,0,0,0,0,0,0,0,0,1,0,2,8,123,20
5960,B1,2,1,2,1,0,0,0,0,0,0,0,0,0,1,0,2,63,630,97
5960,B2,2,0,1,12,0,0,0,0,0,0,0,0,0,1,0,2,9,130,20
5960,C1,14,1,2,0,0,0,0,0,0,0,0,0,0,1,0,2,7,72,33
5970,A1,1,13,0,3,0,0,0,0,0,0,0,0,0,1,0,2,8,107,44
5970,B0,0,1,13,1,0,0,0,0,0,0,0,0,0,1,0,1,8,123,20
5970,B1,2,1,2,2,0,0,0,0,0,0,0,0,0,1,0,2,63,630,97
5970,B2,1,0,3,13,0,0,0,0,0,0,0,0,0,1,0,2,9,130,20
5970,C1,12,4,3,0,0,0,0,0,0,0,0,0,0,1,0,2,7,72,33
5980,A1,2,10,0,3,0,0,0,0,0,0,0,0,0,0,1,2,8,107,44
5980,B0,0,1,14,2,0,0,0,0,0,0,0,0,0,0,1,2,8,123,20
5980,B1,2,3,3,2,0,0,0,0,0,0,0,0,0,0,1,2,63,630,97
5980,B2,1,0,4,14,0,0,0,0,0,0,0,0,0,0,1,2,9,130,20
5980,C1,9,3,5,0,0,0,0,0,0,0,0,0,0,0,1,2,7,72,33
5990,A1,2,12,0,2,0,0,0,0,0,0,0,0,0,0,1,2,8,107,44
5990,B0,0,1,12,1,0,0,0,0,0,0,0,0,0,0,1,2,8,123,20
5990,B1,2,3,4,1,0,0,0,0,0,0,0,0,0,0,1,2,63,630,97
5990,B2,1,0,1,14,0,0,0,0,0,0,0,0,0,0,1,2,9,130,20
5990,C1,12,1,4,0,0,0,0,0,0,0,0,0,0,0,1,2,7,72,33
6000,A1,4,14,0,1,0,0,0,0,0,0,0,0,0,0,1,2,8,107,44
6000,B0,0,1,8,3,0,0,0,0,0,0,0,0,0,0,1,2,8,123,20
6000,B1,2,3,3,2,0,0,0,0,0,0,0,0,0,0,1,2,63,630,97
6000,B2,1,0,1,11,0,0,0,0,0,0,0,0,0,0,1,2,9,130,20
6000,C1,14,2,6,0,0,0,0,0,0,0,0,0,0,0,1,2,7,72,33
6010,A1,2,14,0,1,0,0,0,0,0,0,0,0,0,1,0,2,8,107,44
6010,B0,0,1,10,1,0,0,0,0,0,0,0,0,0,1,0,2,8,123,20
6010,B1,1,3,3,4,0,0,0,0,0,0,0,0,0,1,0,2,63,630,97
6010,B2,1,0,1,12,0,0,0,0,0,0,0,0,0,1,0,2,9,130,20
6010,C1,13,3,8,0,0,0,0,0,0,0,0,0,0,1,0,2,7,72,33
6020,A1,1,14,0,2,0,0,0,0,0,0,0,0,0,1,0,2,8,107,44
6020,B0,0,1,12,2,0,0,0,0,0,0,0,0,0,1,0,2,8,123,20
6020,B1,2,3,3,4,0,0,0,0,0,0,0,0,0,1,0,2,63,630,97
6020,B2,1,0,1,14,0,0,0,0,0,0,0,0,0,1,0,2,9,130,20
6020,C1,13,1,8,0,0,0,0,0,0,0,0,0,0,1,0,2,7,72,33
6030,A1,1,13,0,1,0,0,0,0,0,0,0,0,0,0,1,2,8,107,44
6030,B0,0,1,12,1,0,0,0,0,0,0,0,0,0,0,1,2,8,123,20
6030,B1,2,4,3,4,0,0,0,0,0,0,0,0,0,0,1,2,63,630,97
6030,B2,1,0,1,14,0,0,0,0,0,0,0,0,0,0,1,2,9,130,20
6030,C1,13,1,10,0,0,0,0,0,0,0,0,0,0,0,1,2,7,72,33
6040,A1,1,14,0,1,0,0,0,0,0,0,0,0,0,0,1,2,8,107,44
6040,B0,0,3,10,3,0,0,0,0,0,0,0,0,0,0,1,2,8,123,20
6040,B1,2,4,3,4,0,0,0,0,0,0,0,0,0,0,1,2,63,630,97
6040,B2,4,0,2,12,0,0,0,0,0,0,0,0,0,0,1,2,9,130,20
6040,C1,14,1,11,0,0,0,0,0,0,0,0,0,0,0,1,2,7,72,33
6050,A1,1,14,0,1,0,0,0,0,0,0,0,0,0,1,0,2,8,107,44
6050,B0,0,3,9,1,0,0,0,0,0,0,0,0,0,1,0,2,8,123,20
6050,B1,2,4,2,1,0,0,0,0,0,0,0,0,0,1,0,2,63,630,97
6050,B2,3,0,1,11,0,0,0,0,0,0,0,0,0,1,0,2,9,130,20
6050,C1,14,4,13,0,0,0,0,0,0,0,0,0,0,1,0,2,7,72,33
6060,A1,1,12,0,4,0,0,0,0,0,0,0,0,0,1,0,2,8,107,44
6060,B0,0,1,11,2,0,0,0,0,0,0,0,0,0,1,0,2,8,123,20
6060,B1,1,4,2,1,0,0,0,0,0,0,0,0,0,1,0,2,63,630,97
6060,B2,1,0,2,13,0,0,0,0,0,0,0,0,0,1,0,2,9,130,20
6060,C1,14,1,13,0,0,0,0,0,0,0,0,0,0,1,0,2,7,72,33
6070,A1,1,8,0,4,0,0,0,0,0,0,0,0,0,1,0,2,8,107,44
6070,B0,0,2,12,3,0,0,0,0,0,0,0,0,0,1,0,2,8,123,20
6070,B1,1,4,2,1,0,0,0,0,0,0,0,0,0,1,0,2,63,630,97
6070,B2,1,0,4,14,0,0,0,0,0,0,0,0,0,1,0,2,9,130,20
6070,C1,12,1,14,0,0,0,0,0,0,0,0,0,0,1,0,2,7,72,33
6080,A1,2,11,0,2,0,0,0,0,0,0,0,0,0,0,1,2,8,107,44
6080,B0,0,3,13,1,0,0,0,0,0,0,0,0,0,0,1,2,8,123,20
6080,B1,1,3,2,1,0,0,0,0,0,0,0,0,0,0,1,2,63,630,97
6080,B2,3,0,4,14,0,0,0,0,0,0,0,0,0,0,1,2,9,130,20
6080,C1,13,1,14,0,0,0,0,0,0,0,0,0,0,0,1,2,7,72,33
6090,A1,4,14,0,1,0,0,0,0,0,0,0,0,0,0,1,2,8,107,44
6090,B0,0,3,10,1,0,0,0,0,0,0,0,0,0,0,1,2,8,123,20
6090,B1,1,3,2,1,0,0,0,0,0,0,0,0,0,0,1,2,63,630,97
6090,B2,4,0,2,14,0,0,0,0,0,0,0,0,0,0,1,2,9,130,20
6090,C1,14,2,14,0,0,0,0,0,0,0,0,0,0,0,1,2,7,72,33
6100,A1,2,13,0,2,0,0,0,0,0,0,0,0,0,1,0,2,8,107,44
6100,B0,0,2,9,1,0,0,0,0,0,0,0,0,0,1,0,2,9,124,22
6100,B1,1,2,2,1,0,0,0,0,0,0,0,0,0,1,0,2,63,630,97
6100,B2,3,0,2,13,0,0,0,0,0,0,0,0,0,1,0,2,9,130,20
6100,C1,14,1,14,0,0,0,0,0,0,0,0,0,0,1,0,2,7,72,33
6110,A1,1,13,0,2,0,0,0,0,0,0,0,0,0,1,0,2,8,107,44
6110,B0,0,1,12,3,0,0,0,0,0,0,0,0,0,1,0,2,9,124,22
6110,B1,1,2,2,1,0,0,0,0,0,0,0,0,0,1,0,2,63,630,97
6110,B2,2,0,2,14,0,0,0,0,0,0,0,0,0,1,0,2,9,130,20
6110,C1,12,2,14,0,0,0,0,0,0,0,0,0,0,1,0,2,7,72,33
6120,A1,1,13,0,2,0,0,0,0,0,0,0,0,0,0,1,2,8,107,44
6120,B0,0,1,12,1,0,0,0,0,0,0,0,0,0,0,1,2,9,124,22
6120,B1,2,1,2,1,0,0,0,0,0,0,0,0,0,0,1,2,63,630,97
6120,B2,3,0,2,14,0,0,0,0,0,0,0,0,0,0,1,2,9,130,20
6120,C1,11,3,13,0,0,0,0,0,0,0,0,0,0,0,1,2,7,72,33
6130,A1,1,14,0,1,0,0,0,0,0,0,0,0,0,0,1,2,8,107,44
6130,B0,0,1,13,1,0,0,0,0,0,0,0,0,0,0,1,2,9,124,22
6130,B1,3,1,2,1,0,0,0,0,0,0,0,0,0,0,1,2,63,630,97
6130,B2,3,0,2,13,0,0,0,0,0,0,0,0,0,0,1,2,9,130,20
6130,C1,13,3,9,0,0,0,0,0,0,0,0,0,0,0,1,2,7,72,33
6140,A1,2,14,0,1,0,0,0,0,0,0,0,0,0,0,1,2,8,107,44
6140,B0,0,1,11,1,0,0,0,0,0,0,0,0,0,0,1,2,9,124,22
6140,B1,3,1,1,2,0,0,0,0,0,0,0,0,0,0,1,2,63,630,97
6140,B2,3,0,1,12,0,0,0,0,0,0,0,0,0,0,1,2,9,130,20
6140,C1,14,4,8,0,0,0,0,0,0,0,0,0,0,0,1,2,7,72,33
6150,A1,2,13,0,2,0,0,0,0,0,0,0,0,0,1,0,2,8,107,44
6150,B0,0,1,11,2,0,0,0,0,0,0,0,0,0,1,0,2,9,124,22
6150,B1,2,1,1,2,0,0,0,0,0,0,0,0,0,1,0,2,63,630,97
6150,B2,1,0,3,13,0,0,0,0,0,0,0,0,0,1,0,2,9,130,20
6150,C1,14,3,10,0,0,0,0,0,0,0,0,0,0,1,0,2,7,72,33
6160,A1,1,9,0,2,0,0,0,0,0,0,0,0,0,1,0,2,8,107,44
6160,B0,0,1,12,2,0,0,0,0,0,0,0,0,0,1,0,2,9,124,22
6160,B1,2,1,1,2,0,0,0,0,0,0,0,0,0,1,0,2,63,630,97
6160,B2,1,0,3,14,0,0,0,0,0,0,0,0,0,1,0,2,9,130,20
6160,C1,13,2,10,0,0,0,0,0,0,0,0,0,0,1,0,2,7,72,33
6170,A1,2,11,0,1,0,0,0,0,0,0,0,0,0,0,1,2,8,107,44
6170,B0,0,2,14,1,0,0,0,0,0,0,0,0,0,0,1,2,9,124,22
6170,B1,2,1,1,2,0,0,0,0,0,0,0,0,0,0,1,2,64,635,99
6170,B2,2,0,2,14,0,0,0,0,0,0,0,0,0,0,1,2,9,130,20
6170,C1,13,2,10,0,0,0,0,0,0,0,0,0,0,0,1,2,7,72,33
6180,A1,1,13,0,1,0,0,0,0,0,0,0,0,0,0,1,2,8,107,44
6180,B0,0,3,14,2,0,0,0,0,0,0,0,0,0,0,1,2,9,124,22
6180,B1,2,2,3,1,0,0,0,0,0,0,0,0,0,0,1,2,64,635,99
6180,B2,4,0,1,14,0,0,0,0,0,0,0,0,0,0,1,2,9,130,20
6180,C1,14,4,11,0,0,0,0,0,0,0,0,0,0,0,1,2,7,72,33
6190,A1,2,14,0,1,0,0,0,0,0,0,0,0,0,1,0,2,8,107,44
6190,B0,0,3,13,1,0,0,0,0,0,0,0,0,0,1,0,2,9,124,22
6190,B1,2,1,4,1,0,0,0,0,0,0,0,0,0,1,0,2,64,635,99
6190,B2,5,0,1,13,0,0,0,0,0,0,0,0,0,1,0,2,9,130,20
6190,C1,14,4,10,0,0,0,0,0,0,0,0,0,0,1,0,2,7,72,33
6200,A1,3,10,0,1,0,0,0,0,0,0,0,0,0,1,0,2,8,107,44
6200,B0,0,1,13,2,0,0,0,0,0,0,0,0,0,1,0,2,9,124,22
6200,B1,1,2,4,1,0,0,0,0,0,0,0,0,0,1,0,2,64,635,99
6200,B2,1,0,2,14,0,0,0,0,0,0,0,0,0,1,0,2,9,130,20
6200,C1,14,1,10,0,0,0,0,0,0,0,0,0,0,1,0,2,7,72,33
6210,A1,1,10,0,1,0,0,0,0,0,0,0,0,0,0,1,2,8,107,44
6210,B0,0,1,14,5,0,0,0,0,0,0,0,0,0,0,1,2,9,124,22
6210,B1,1,2,4,1,0,0,0,0,1,0,0,0,0,0,1,1,65,636,99
6210,B2,1,0,3,14,0,0,0,0,0,0,0,0,0,0,1,2,9,130,20
6210,C1,11,1,11,0,0,0,0,0,0,0,0,1,0,0,1,2,7,72,33
6220,A1,1,12,0,1,0,0,0,0,0,0,0,0,0,0,1,2,8,107,44
6220,B0,0,2,14,4,0,0,0,0,0,0,0,0,0,0,1,2,9,124,22
6220,B1,1,2,2,2,0,0,0,0,0,0,0,0,0,0,1,2,65,642,100
6220,B2,2,0,1,14,0,0,0,0,0,0,0,0,0,0,1,2,9,130,20
6220,C1,12,2,9,0,0,0,0,0,0,0,0,0,0,0,1,2,7,72,33
6230,A1,2,13,0,2,0,0,0,0,0,0,0,0,0,0,1,2,8,107,44
6230,B0,0,2,14,1,0,0,0,0,0,0,0,0,0,0,1,2,9,124,22
6230,B1,1,2,1,2,0,0,0,0,0,0,0,0,0,0,1,2,65,642,100
6230,B2,2,0,2,14,0,0,0,0,0,0,0,0,0,0,1,2,9,130,20
6230,C1,14,1,7,0,0,0,0,0,0,0,0,0,0,0,1,2,7,72,33
6240,A1,2,14,0,2,0,0,0,0,0,0,0,0,0,1,0,2,8,107,44
6240,B0,0,1,13,3,0,0,0,0,0,0,1,0,0,1,0,1,9,124,22
6240,B1,1,1,3,3,0,1,0,0,0,0,0,0,0,1,0,2,66,658,100
6240,B2,1,0,1,13,0,0,0,0,0,0,0,0,0,1,0,2,9,130,20
6240,C1,14,2,9,0,0,0,0,0,0,0,0,0,0,1,0,2,7,72,33
6250,A1,2,12,0,2,0,0,0,0,0,0,0,0,0,1,0,2,8,107,44
6250,B0,0,1,14,3,0,0,0,0,0,0,0,0,0,1,0,2,9,124,22
6250,B1,2,1,3,3,0,0,0,0,0,0,0,0,0,1,0,2,66,662,101
6250,B2,1,0,2,14,0,0,0,0,0,0,0,0,0,1,0,2,9,130,20
6250,C1,14,2,11,0,0,0,0,0,0,0,0,0,0,1,0,2,7,72,33
6260,A1,1,11,0,1,0,0,0,0,0,0,0,0,0,0,1,2,8,107,44
6260,B0,0,2,14,4,0,0,0,0,0,0,0,0,0,0,1,2,9,124,22
6260,B1,2,1,2,4,0,0,0,0,0,0,0,0,0,0,1,2,66,662,101
6260,B2,1,0,1,14,0,0,0,0,0,0,0,0,0,0,1,2,9,130,20
6260,C1,13,1,12,0,0,0,0,0,0,0,0,0,0,0,1,2,7,72,33
6270,A1,1,13,0,1,0,0,0,0,0,0,0,0,0,0,1,2,8,107,44
6270,B0,0,3,14,1,0,0,0,0,0,0,0,0,0,0,1,2,9,124,22
6270,B1,2,1,2,1,0,0,0,0,0,0,0,0,0,0,1,2,66,662,101
6270,B2,1,0,1,14,0,0,0,0,0,0,0,0,0,0,1,2,9,130,20
6270,C1,14,2,13,0,0,0,0,0,0,0,0,0,0,0,1,2,7,72,33
6280,A1,4,14,0,1,0,0,0,0,0,0,0,0,0,1,0,2,8,107,44
6280,B0,0,3,13,2,0,0,0,0,0,0,0,0,0,1,0,2,9,124,22
6280,B1,2,2,3,1,0,0,1,0,0,0,0,0,0,1,0,2,67,666,101
6280,B2,1,0,1,13,0,0,0,0,0,1,0,0,0,1,0,1,9,130,20
6280,C1,14,2,13,0,0,0,0,0,0,0,0,0,0,1,0,2,7,72,33
6290,A1,2,14,0,2,0,0,0,0,0,0,0,0,0,1,0,2,8,107,44
6290,B0,0,1,13,3,0,0,0,0,0,0,0,0,0,1,0,2,9,124,22
6290,B1,2,1,3,1,0,0,0,0,0,0,0,0,0,1,0,2,67,666,102
6290,B2,1,0,1,13,0,0,0,0,0,0,0,0,0,1,0,2,9,130,20
6290,C1,14,1,14,0,0,0,0,0,0,0,0,0,0,1,0,2,7,72,33
6300,A1,1,13,0,2,0,0,0,0,0,0,0,0,0,1,0,2,8,107,44
6300,B0,0,1,14,2,0,0,0,0,0,0,0,0,0,1,0,2,9,124,22
6300,B1,1,1,3,1,0,0,0,0,0,0,0,0,0,1,0,2,67,666,102
6300,B2,1,0,2,14,0,0,0,0,0,0,0,0,0,1,0,2,9,130,20
6300,C1,13,1,14,0,0,0,0,0,0,0,0,0,0,1,0,2,7,72,33
6310,A1,2,13,0,2,0,0,0,0,0,0,0,0,0,0,1,2,8,107,44
6310,B0,0,1,14,1,0,0,0,0,0,0,0,0,0,0,1,2,9,124,22
6310,B1,1,1,2,2,0,0,0,0,0,0,0,0,0,0,1,2,68,674,103
6310,B2,2,0,5,13,0,0,0,0,0,0,0,0,0,0,1,2,9,130,20
6310,C1,13,1,14,0,0,0,0,0,0,0,0,0,0,0,1,2,7,72,33
6320,A1,3,14,0,1,0,0,0,0,0,0,0,0,0,0,1,2,8,107,44
6320,B0,0,1,11,2,0,0,0,0,0,0,0,0,0,0,1,2,9,124,22
6320,B1,1,1,3,1,0,0,0,0,0,0,0,0,0,0,1,2,68,674,103
6320,B2,2,0,1,13,0,0,0,0,0,0,0,0,0,0,1,2,9,130,20
6320,C1,14,3,14,0,0,0,0,0,0,0,0,0,0,0,1,2,7,72,33
6330,A1,3,14,0,1,0,0,0,0,0,0,0,0,0,1,0,2,8,107,44
6330,B0,0,1,11,3,0,0,0,0,0,0,0,0,0,1,0,2,9,124,22
6330,B1,3,1,2,1,0,0,0,0,0,0,0,0,0,1,0,2,69,677,104
6330,B2,2,0,1,13,0,0,0,0,0,0,0,0,0,1,0,2,9,130,20
6330,C1,14,2,14,0,0,0,0,0,0,0,0,0,0,1,0,2,7,72,33
6340,A1,1,14,0,1,0,0,0,0,0,0,0,0,0,1,0,2,8,107,44
6340,B0,0,1,13,2,0,0,0,0,0,0,0,0,0,1,0,2,9,124,22
6340,B1,3,2,2,1,0,0,0,0,0,0,0,0,0,1,0,2,69,677,104
6340,B2,1,0,2,14,0,0,0,0,0,0,0,0,0,1,0,2,9,130,20
6340,C1,12,2,14,0,0,0,0,0,0,0,0,0,0,1,0,2,7,72,33
6350,A1,1,12,0,2,0,0,0,0,0,0,0,0,0,0,1,2,8,107,44
6350,B0,0,2,14,2,0,0,0,0,0,0,0,0,0,0,1,2,9,124,22
6350,B1,1,2,2,1,0,0,0,0,0,0,0,0,0,0,1,2,69,677,104
6350,B2,1,0,2,14,0,0,0,0,0,0,0,0,0,0,1,2,9,130,20
6350,C1,10,1,13,0,0,0,0,0,0,0,0,0,0,0,1,2,7,72,33
6360,A1,1,13,0,1,0,0,0,0,0,0,0,0,0,0,1,2,8,107,44
6360,B0,0,2,14,1,0,0,0,0,0,0,0,0,0,0,1,2,9,124,22
6360,B1,1,2,3,2,0,0,0,0,0,0,0,0,0,0,1,2,69,677,104
6360,B2,1,0,1,14,0,0,0,0,0,0,0,0,0,0,1,2,9,130,20
6360,C1,13,3,9,0,0,0,0,0,0,0,0,0,0,0,1,2,7,72,33
6370,A1,1,14,0,1,0,0,0,0,0,0,0,0,0,0,1,2,8,107,44
6370,B0,0,3,12,2,0,0,0,0,0,0,0,0,0,0,1,2,9,124,22
6370,B1,1,3,3,3,0,0,0,0,0,0,0,0,0,0,1,2,69,677,104
6370,B2,2,0,1,13,0,0,0,0,0,0,0,0,0,0,1,2,9,130,20
6370,C1,14,2,8,0,0,0,0,0,0,0,0,0,0,0,1,2,7,72,33
6380,A1,1,12,0,1,0,0,0,0,0,0,0,0,0,1,0,2,8,107,44
6380,B0,0,1,13,2,0,0,0,0,0,0,0,0,0,1,0,2,9,124,22
6380,B1,2,2,3,3,0,0,0,0,0,0,0,0,0,1,0,2,69,677,104
6380,B2,1,0,1,13,0,0,0,0,0,0,0,0,0,1,0,2,9,130,20
6380,C1,14,1,9,0,0,0,0,0,0,0,0,0,0,1,0,2,7,72,33
6390,A1,2,10,0,1,0,0,0,0,0,0,0,0,0,1,0,2,8,107,44
6390,B0,0,1,14,2,0,0,0,0,0,0,0,0,0,1,0,2,9,124,22
6390,B1,1,1,3,3,0,0,0,0,0,0,0,0,0,1,0,2,69,677,104
6390,B2,1,0,2,14,0,0,0,0,0,0,0,0,0,1,0,2,9,130,20
6390,C1,13,1,10,0,0,0,0,0,0,0,0,0,0,1,0,2,7,72,33
6400,A1,3,13,0,1,0,0,0,0,0,0,0,0,0,0,1,2,8,107,44
6400,B0,0,1,14,1,0,0,0,0,0,0,0,0,0,0,1,2,9,124,22
6400,B1,2,1,2,2,0,0,0,0,0,0,0,0,0,0,1,2,69,677,104
6400,B2,3,0,2,14,0,0,0,0,0,0,0,0,0,0,1,2,9,130,20
6400,C1,12,2,8,0,0,0,0,0,0,0,0,0,0,0,1,2,7,72,33
6410,A1,3,14,0,2,0,0,0,0,0,0,0,0,0,0,1,2,8,107,44
6410,B0,0,2,14,2,0,0,0,0,0,0,0,0,0,0,1,2,9,124,22
6410,B1,2,1,2,2,0,0,0,0,0,0,0,0,0,0,1,2,69,677,104
6410,B2,3,0,1,14,0,0,0,0,0,0,0,0,0,0,1,2,9,130,20
6410,C1,13,1,6,0,0,0,0,0,0,0,0,0,0,0,1,2,7,72,33
6420,A1,3,14,0,2,0,0,0,0,0,0,0,0,0,1,0,2,8,107,44
6420,B0,0,1,13,1,0,0,0,0,0,0,0,0,0,1,0,1,9,124,22
6420,B1,2,2,3,2,0,0,0,0,0,0,0,0,0,1,0,2,69,677,104
6420,B2,3,0,1,13,0,0,0,0,0,0,0,0,0,1,0,2,9,130,20
6420,C1,14,2,6,0,0,0,0,0,0,0,0,0,0,1,0,2,7,72,33
6430,A1,2,13,0,3,0,0,0,0,0,0,0,0,0,1,0,2,8,107,44
6430,B0,0,1,14,2,0,0,0,0,0,0,0,0,0,1,0,2,9,124,22
6430,B1,1,1,3,2,0,0,0,0,0,0,0,0,0,1,0,2,69,677,104
6430,B2,1,0,1,13,0,0,0,0,0,0,0,0,0,1,0,2,9,130,20
6430,C1,14,1,8,0,0,0,0,0,0,0,0,0,0,1,0,2,7,72,33
6440,A1,1,11,0,3,0,0,0,0,0,0,0,0,0,0,1,2,8,107,44
6440,B0,0,2,14,2,0,0,0,0,0,0,0,0,0,0,1,2,9,124,22
6440,B1,1,1,3,2,0,0,0,0,0,0,0,0,0,0,1,2,69,677,104
6440,B2,1,0,2,13,0,0,0,0,0,0,0,0,0,0,1,2,9,130,20
6440,C1,13,1,8,0,0,0,0,0,0,0,0,0,0,0,1,2,7,72,33
6450,A1,1,13,0,1,0,0,0,0,0,0,0,0,0,0,1,2,8,107,44
6450,B0,0,1,13,1,0,0,0,0,0,0,0,0,0,0,1,2,9,124,22
6450,B1,1,1,1,2,0,0,0,0,0,0,0,0,0,0,1,2,69,677,104
6450,B2,2,0,1,11,0,0,0,0,0,0,0,0,0,0,1,2,9,130,20
6450,C1,14,1,5,0,0,0,0,0,0,0,0,0,0,0,1,2,7,72,33
6460,A1,1,14,0,1,0,0,0,0,0,0,0,0,0,0,1,2,8,107,44
6460,B0,0,2,13,1,0,0,0,0,0,0,0,0,0,0,1,2,9,124,22
6460,B1,1,1,2,2,0,0,0,0,0,0,0,0,0,0,1,2,69,677,104
6460,B2,3,0,1,11,0,0,0,0,0,0,0,0,0,0,1,2,9,130,20
6460,C1,14,2,4,0,0,0,0,0,0,0,0,0,0,0,1,2,7,72,33
6470,A1,1,14,0,1,0,0,0,0,0,0,0,0,0,1,0,2,8,107,44
6470,B0,0,1,13,2,0,0,0,0,0,0,0,0,0,1,0,2,9,124,22
6470,B1,1,3,2,2,0,0,0,0,0,0,0,0,0,1,0,2,69,677,104
6470,B2,1,0,2,13,0,0,0,0,0,0,0,0,0,1,0,2,9,130,20
6470,C1,13,2,5,0,0,0,0,0,0,0,0,0,0,1,0,2,7,72,33
6480,A1,2,13,0,1,0,0,0,0,0,0,0,0,0,1,0,2,8,107,44
6480,B0,0,2,14,2,0,0,0,0,0,0,0,0,0,1,0,2,9,124,22
6480,B1,1,2,2,2,0,0,0,0,0,0,0,0,0,1,0,2,69,677,104
6480,B2,1,0,2,14,0,0,0,0,0,0,0,0,0,1,0,2,9,130,20
6480,C1,13,1,6,0,0,0,0,0,0,0,0,0,0,1,0,2,7,72,33
6490,A1,1,12,0,1,0,0,0,0,0,0,0,0,0,0,1,2,8,107,44
6490,B0,0,3,14,1,0,0,0,0,0,0,0,0,0,0,1,2,9,124,22
6490,B1,2,2,1,2,0,0,0,0,0,0,0,0,0,0,1,2,69,677,104
6490,B2,1,0,1,14,0,0,0,0,0,0,0,0,0,0,1,2,9,130,20
6490,C1,13,1,5,0,0,0,0,0,0,0,0,0,0,0,1,2,7,72,33
6500,A1,2,13,0,1,0,0,0,0,0,0,0,0,0,0,1,2,8,107,44
6500,B0,0,4,12,1,0,0,0,0,0,0,0,0,0,0,1,2,9,124,22
6500,B1,1,2,1,2,0,0,0,0,0,0,0,0,0,0,1,2,69,677,104
6500,B2,2,0,2,11,0,0,0,0,0,0,0,0,0,0,1,2,9,130,20
6500,C1,14,1,5,0,0,0,0,0,0,0,0,0,0,0,1,2,7,72,33
6510,A1,3,13,0,1,0,0,0,0,0,0,0,0,0,1,0,2,8,107,44
6510,B0,0,4,9,3,0,0,0,0,0,0,0,0,0,1,0,2,9,124,22
6510,B1,1,3,1,2,0,0,0,0,0,0,0,0,0,1,0,2,69,677,104
6510,B2,1,0,2,10,0,0,0,0,0,0,0,0,0,1,0,2,9,130,20
6510,C1,14,2,6,0,0,0,0,0,0,0,0,0,0,1,0,2,7,72,33
6520,A1,1,14,0,1,0,0,0,0,0,0,0,0,0,1,0,2,8,107,44
6520,B0,0,3,12,3,0,0,0,0,0,0,0,0,0,1,0,2,9,124,22
6520,B1,2,4,2,2,0,0,0,0,0,0,0,0,0,1,0,2,69,677,104
6520,B2,1,0,2,12,0,0,0,0,0,0,0,0,0,1,0,2,9,130,20
6520,C1,14,1,6,0,0,0,0,0,0,0,0,0,0,1,0,2,7,72,33
6530,A1,1,13,0,1,0,0,0,0,0,0,0,0,0,1,0,2,8,107,44
6530,B0,0,1,14,5,0,0,0,0,0,0,0,0,0,1,0,2,9,124,22
6530,B1,4,3,2,2,0,0,0,0,0,0,0,0,0,1,0,2,69,677,104
6530,B2,1,0,3,14,0,0,0,0,0,0,0,0,0,1,0,2,9,130,20
6530,C1,13,2,6,0,0,0,0,0,0,0,0,0,0,1,0,2,7,72,33
6540,A1,1,13,0,1,0,0,0,0,0,0,0,0,0,0,1,2,8,107,44
6540,B0,0,2,11,2,0,0,0,0,0,0,0,0,0,0,1,2,10,135,25
6540,B1,3,4,1,1,0,0,0,0,0,0,0,0,0,0,1,2,69,677,104
6540,B2,1,0,2,14,0,0,0,0,0,0,0,0,0,0,1,2,9,130,20
6540,C1,13,3,6,0,0,0,0,0,0,0,0,0,0,0,1,2,7,72,33
6550,A1,3,14,0,1,0,0,0,0,0,0,0,0,0,0,1,2,8,107,44
6550,B0,0,3,10,2,0,0,0,0,0,0,0,0,0,0,1,2,10,135,25
6550,B1,3,4,1,1,0,0,0,0,0,0,0,0,0,0,1,2,69,677,104
6550,B2,2,0,1,13,0,0,0,0,0,0,0,0,0,0,1,2,9,130,20
6550,C1,14,1,7,0,0,0,0,0,0,0,0,0,0,0,1,2,7,72,33
6560,A1,1,14,0,1,0,0,0,0,0,0,0,0,0,1,0,2,8,107,44
6560,B0,0,1,11,1,0,0,0,0,0,0,0,0,0,1,0,2,10,135,25
6560,B1,4,4,2,1,0,0,0,0,0,0,0,0,0,1,0,2,69,677,104
6560,B2,1,0,1,12,0,0,0,0,0,0,0,0,0,1,0,2,9,130,20
6560,C1,13,2,8,0,0,0,0,0,0,0,0,0,0,1,0,2,7,72,33
6570,A1,1,13,0,2,0,0,0,0,0,0,0,0,0,1,0,2,8,107,44
6570,B0,0,1,12,4,0,0,0,0,0,0,0,0,0,1,0,2,10,135,25
6570,B1,6,3,2,1,0,0,0,0,0,0,0,0,0,1,0,2,69,677,104
6570,B2,1,0,1,13,0,0,0,0,0,0,0,0,0,1,0,2,9,130,20
6570,C1,9,1,8,0,0,0,0,0,0,0,0,0,0,1,0,2,7,72,33
6580,A1,2,12,0,1,0,0,0,0,0,0,0,0,1,0,1,2,8,107,44
6580,B0,0,1,14,3,0,0,0,0,0,0,0,0,0,0,1,2,10,135,25
6580,B1,5,2,2,1,0,0,0,1,1,0,0,0,0,0,1,1,71,689,104
6580,B2,1,0,1,14,0,0,0,0,0,0,0,0,0,0,1,2,9,130,20
6580,C1,9,1,7,0,0,0,0,0,0,0,0,1,0,0,1,2,7,72,33
6590,A1,3,13,0,2,0,0,0,0,0,0,0,0,0,0,1,2,8,107,44
6590,B0,0,2,10,1,0,0,0,0,0,0,0,0,0,0,1,2,10,135,25
6590,B1,5,2,2,2,0,0,0,0,0,0,0,0,0,0,1,2,71,693,107
6590,B2,3,0,1,14,0,0,0,0,0,0,0,0,0,0,1,2,9,130,20
6590,C1,13,1,4,0,0,0,0,0,0,0,0,0,0,0,1,2,7,72,33
6600,A1,3,14,0,2,0,0,0,0,0,0,0,0,0,0,1,2,8,107,44
6600,B0,0,2,10,1,0,0,0,0,0,0,0,0,0,0,1,2,10,135,25
6600,B1,5,2,3,2,0,0,0,0,0,0,0,0,0,0,1,2,71,693,107
6600,B2,4,0,1,13,0,0,0,0,0,0,0,0,0,0,1,2,9,130,20
6600,C1,14,1,2,0,0,0,0,0,0,0,0,0,0,0,1,2,7,72,33
6610,A1,4,14,0,1,0,0,0,0,0,0,0,0,0,1,0,2,8,107,44
6610,B0,0,2,9,1,0,0,0,0,0,0,0,0,0,1,0,2,10,135,25
6610,B1,7,2,1,2,0,0,0,0,0,0,0,0,0,1,0,2,71,693,107
6610,B2,1,0,3,13,0,0,0,0,0,0,0,0,0,1,0,2,9,130,20
6610,C1,12,2,3,0,0,0,0,0,0,0,0,0,0,1,0,2,7,72,33
6620,A1,3,13,0,3,0,0,0,0,0,0,0,0,0,1,0,2,8,107,44
6620,B0,0,1,11,2,0,0,0,0,0,0,0,0,0,1,0,2,10,135,25
6620,B1,7,4,1,2,0,0,0,0,0,0,0,0,0,1,0,2,71,693,107
6620,B2,1,0,2,14,0,0,0,0,0,0,0,0,0,1,0,2,9,130,20
6620,C1,8,3,3,0,0,0,0,0,0,0,0,0,0,1,0,2,7,72,33
6630,A1,1,13,0,1,0,0,0,0,0,0,0,0,0,0,1,2,8,107,44
6630,B0,0,2,11,1,0,0,0,0,0,0,0,0,0,0,1,2,10,135,25
6630,B1,6,3,1,1,0,0,0,0,0,0,0,0,0,0,1,2,71,693,107
6630,B2,1,0,2,14,0,0,0,0,0,0,0,0,0,0,1,2,9,130,20
6630,C1,11,1,1,0,0,0,0,0,0,0,0,0,0,0,1,2,7,72,33
6640,A1,2,14,0,1,0,0,0,0,0,0,0,0,0,0,1,2,8,107,44
6640,B0,0,5,7,1,0,0,0,0,0,0,0,0,0,0,1,2,10,135,25
6640,B1,6,3,1,3,0,0,0,0,0,0,0,0,0,0,1,2,71,693,107
6640,B2,1,0,1,13,0,0,0,0,0,0,0,0,0,0,1,2,9,130,20
6640,C1,14,2,1,0,0,0,0,0,0,0,0,0,0,0,1,2,7,72,33
6650,A1,2,14,0,3,0,0,0,0,0,0,0,0,0,1,0,2,8,107,44
6650,B0,0,4,5,1,0,0,0,0,0,0,0,0,0,1,0,2,10,135,25
6650,B1,8,2,1,2,0,0,0,0,0,0,0,0,0,1,0,2,71,693,107
6650,B2,1,0,2,12,0,0,0,0,0,0,0,0,0,1,0,2,9,130,20
6650,C1,14,2,1,0,0,0,0,0,0,0,0,0,0,1,0,2,7,72,33
6660,A1,2,13,0,4,0,0,0,0,0,0,0,0,0,1,0,2,8,107,44
6660,B0,0,2,5,1,0,0,0,0,0,0,0,0,0,1,0,2,10,135,25
6660,B1,6,2,2,2,0,0,0,0,0,0,0,0,0,1,0,2,71,693,107
6660,B2,1,0,1,13,0,0,0,0,0,0,0,0,0,1,0,2,9,130,20
6660,C1,13,1,2,0,0,0,0,0,0,0,0,0,0,1,0,2,7,72,33
6670,A1,3,12,0,5,0,0,0,0,2,0,0,0,0,0,1,2,9,108,44
6670,B0,0,1,8,1,0,0,0,0,0,0,0,0,0,0,1,2,10,135,25
6670,B1,5,2,2,2,0,0,0,0,0,0,0,1,0,0,1,2,71,693,107
6670,B2,1,0,3,13,0,0,0,0,0,0,0,0,0,0,1,2,9,130,20
6670,C1,11,1,2,0,0,0,0,0,0,0,0,0,0,0,1,2,7,72,33
6680,A1,1,13,0,3,0,0,0,0,0,0,0,0,0,0,1,2,9,114,46
6680,B0,0,2,5,1,0,0,0,0,0,0,0,0,0,0,1,2,10,135,25
6680,B1,5,2,2,3,0,0,0,0,0,0,0,0,0,0,1,2,71,693,107
6680,B2,3,0,1,14,0,0,0,0,0,0,0,0,0,0,1,2,9,130,20
6680,C1,12,2,1,0,0,0,0,0,0,0,0,0,0,0,1,2,7,72,33
6690,A1,2,14,0,1,0,0,0,0,0,0,0,0,0,0,1,2,9,114,46
6690,B0,0,2,2,2,0,0,0,0,0,0,0,0,0,0,1,2,10,135,25
6690,B1,5,2,2,2,0,0,0,0,0,0,0,0,0,0,1,2,71,693,107
6690,B2,4,0,1,12,0,0,0,0,0,0,0,0,0,0,1,2,9,130,20
6690,C1,14,2,1,0,0,0,0,0,0,0,0,0,0,0,1,2,7,72,33
6700,A1,1,13,0,2,0,0,0,0,0,0,0,0,0,1,0,2,9,114,46
6700,B0,0,1,1,2,0,0,0,0,0,0,0,0,0,1,0,2,10,135,25
6700,B1,4,3,1,2,0,0,0,0,0,0,0,0,0,1,0,2,71,693,107
6700,B2,1,0,1,13,0,0,0,0,0,0,0,0,0,1,0,2,9,130,20
6700,C1,13,2,1,0,0,0,0,0,0,0,0,0,0,1,0,2,7,72,33
6710,A1,2,10,0,2,0,0,0,0,0,0,0,0,0,1,0,2,9,114,46
6710,B0,0,1,1,2,0,0,0,0,0,0,0,0,0,1,0,2,10,135,25
6710,B1,6,4,1,2,0,0,0,0,0,0,0,0,0,1,0,2,71,693,107
6710,B2,2,0,2,14,0,0,0,0,0,0,0,0,0,1,0,2,9,130,20
6710,C1,11,1,2,0,0,0,0,0,0,0,0,0,0,1,0,2,7,72,33
6720,A1,4,11,0,1,0,0,0,0,0,0,0,0,0,0,1,2,9,114,46
6720,B0,0,2,4,1,0,0,0,0,0,0,0,0,0,0,1,2,10,135,25
6720,B1,4,2,1,1,0,0,0,0,0,0,0,0,0,0,1,2,71,693,107
6720,B2,1,0,2,14,0,0,0,0,0,0,0,0,0,0,1,2,9,130,20
6720,C1,13,2,2,0,0,0,0,0,0,0,0,0,0,0,1,2,7,72,33
6730,A1,4,12,0,1,0,0,0,0,0,0,0,0,0,0,1,2,9,114,46
6730,B0,0,1,3,1,0,0,0,0,0,0,0,0,0,0,1,2,10,135,25
6730,B1,4,2,3,2,0,0,0,0,0,0,0,0,0,0,1,2,71,693,107
6730,B2,1,0,2,13,0,0,0,0,0,0,0,0,0,0,1,2,9,130,20
6730,C1,14,1,2,0,0,0,0,0,0,0,0,0,0,0,1,2,7,72,33
6740,A1,3,13,0,1,0,0,0,0,0,0,0,0,0,1,0,2,9,114,46
6740,B0,0,1,4,1,0,0,0,0,0,0,0,0,0,1,0,2,10,135,25
6740,B1,4,2,2,1,0,0,0,0,0,0,0,0,0,1,0,2,71,693,107
6740,B2,2,0,1,10,0,0,0,0,0,0,0,0,0,1,0,2,9,130,20
6740,C1,13,2,4,0,0,0,0,0,0,0,0,0,0,1,0,2,7,72,33
6750,A1,1,13,0,3,0,0,0,0,0,0,0,0,0,1,0,2,9,114,46
6750,B0,0,1,5,2,0,0,0,0,0,0,0,0,0,1,0,2,10,135,25
6750,B1,5,2,2,1,0,0,0,0,0,0,0,0,0,1,0,2,71,693,107
6750,B2,2,0,1,12,0,0,0,0,0,0,0,0,0,1,0,2,9,130,20
6750,C1,13,3,5,0,0,0,0,0,0,0,0,0,0,1,0,2,7,72,33
6760,A1,2,13,0,4,0,0,0,0,0,0,0,0,0,1,0,2,9,114,46
6760,B0,0,1,5,2,0,0,0,0,0,0,0,0,0,1,0,2,10,135,25
6760,B1,6,3,2,1,0,0,0,0,0,0,0,0,0,1,0,2,71,693,107
6760,B2,1,0,1,14,0,0,0,0,0,0,0,0,0,1,0,2,9,130,20
6760,C1,14,1,5,0,0,0,0,0,0,0,0,0,0,1,0,2,7,72,33
6770,A1,2,12,0,2,0,0,0,0,0,0,0,0,0,0,1,2,9,114,46
6770,B0,0,2,6,1,0,0,0,0,0,0,0,0,0,0,1,2,10,135,25
6770,B1,5,3,1,1,0,0,0,0,0,0,0,0,0,0,1,2,71,693,107
6770,B2,1,0,3,12,0,0,0,0,0,0,0,0,0,0,1,2,9,130,20
6770,C1,14,1,5,0,0,0,0,0,0,0,0,0,0,0,1,2,7,72,33
6780,A1,2,13,0,1,0,0,0,0,0,0,0,0,0,0,1,2,9,114,46
6780,B0,0,4,3,4,0,0,0,0,0,0,0,0,0,0,1,2,10,135,25
6780,B1,5,3,1,1,0,0,0,0,0,0,0,0,0,0,1,2,71,693,107
6780,B2,2,0,2,11,0,0,0,0,0,0,0,0,0,0,1,2,9,130,20
6780,C1,14,2,8,0,0,0,0,0,0,0,0,0,0,0,1,2,7,72,33
6790,A1,2,14,0,1,0,0,0,0,0,0,0,0,0,1,0,2,9,114,46
6790,B0,0,2,2,1,0,0,0,0,0,0,0,0,0,1,0,2,10,135,25
6790,B1,6,1,1,1,0,0,0,0,0,0,0,0,0,1,0,2,71,693,107
6790,B2,1,0,1,12,0,0,0,0,0,0,0,0,0,1,0,2,9,130,20
6790,C1,14,1,9,0,0,0,0,0,0,0,0,0,0,1,0,2,7,72,33
6800,A1,3,13,0,3,0,0,0,0,0,0,0,0,0,1,0,2,9,114,46
6800,B0,0,1,4,2,0,0,0,0,0,0,0,0,0,1,0,2,10,135,25
6800,B1,5,1,1,1,0,0,0,0,0,0,0,0,0,1,0,2,71,693,107
6800,B2,2,0,2,13,0,0,0,0,0,0,0,0,0,1,0,2,9,130,20
6800,C1,14,3,9,0,0,0,0,0,0,0,0,0,0,1,0,2,7,72,33
6810,A1,1,12,0,3,0,0,0,0,0,0,0,0,0,0,1,2,9,114,46
6810,B0,0,1,5,3,0,0,0,0,0,0,0,0,0,0,1,2,10,135,25
6810,B1,5,1,1,1,0,0,0,0,0,0,0,0,0,0,1,2,72,697,108
6810,B2,2,0,4,14,0,0,0,0,0,0,0,0,0,0,1,2,9,130,20
6810,C1,14,1,10,0,0,0,0,0,0,0,0,0,0,0,1,2,7,72,33
6820,A1,2,13,0,1,0,0,0,0,0,0,0,0,0,0,1,2,9,114,46
6820,B0,0,4,4,1,0,0,0,0,0,0,0,0,0,0,1,2,10,135,25
6820,B1,4,1,2,1,0,0,0,0,0,0,0,0,0,0,1,2,72,697,108
6820,B2,4,0,1,14,0,0,0,0,0,0,0,0,0,0,1,2,9,130,20
6820,C1,14,2,10,0,0,0,0,0,0,0,0,0,0,0,1,2,7,72,33
6830,A1,3,14,0,2,0,0,0,0,0,0,0,0,0,0,1,2,9,114,46
6830,B0,0,3,3,1,0,0,0,0,0,0,0,0,0,0,1,2,10,135,25
6830,B1,4,1,2,1,0,0,0,0,0,0,0,0,0,0,1,2,72,697,108
6830,B2,4,0,1,13,0,0,0,0,0,0,0,0,0,0,1,2,9,130,20
6830,C1,14,3,10,0,0,0,0,0,0,0,0,0,0,0,1,2,7,72,33
6840,A1,2,13,0,2,0,0,0,0,0,0,0,0,0,1,0,2,9,114,46
6840,B0,0,1,3,2,0,0,0,0,0,0,0,0,0,1,0,2,10,135,25
6840,B1,4,1,1,1,0,0,0,0,0,0,0,0,0,1,0,2,72,697,108
6840,B2,1,0,1,13,0,0,0,0,0,0,0,0,0,1,0,2,9,130,20
6840,C1,12,2,10,0,0,0,0,0,0,0,0,0,0,1,0,2,7,72,33
6850,A1,1,12,0,2,0,0,0,0,0,0,0,0,0,1,0,2,9,114,46
6850,B0,0,1,6,1,0,0,0,0,0,0,0,0,0,1,0,2,10,135,25
6850,B1,4,1,1,1,0,0,0,0,0,0,0,0,0,1,0,2,72,697,108
6850,B2,1,0,2,13,0,0,0,0,0,0,0,0,0,1,0,2,9,130,20
6850,C1,10,2,10,0,0,0,0,0,0,0,0,0,0,1,0,2,7,72,33
6860,A1,1,12,0,2,0,0,0,0,0,0,0,0,0,0,1,2,9,114,46
6860,B0,0,1,6,2,0,0,0,0,0,0,0,0,0,0,1,2,10,135,25
6860,B1,4,1,1,1,0,0,0,0,0,0,0,0,0,0,1,2,72,697,108
6860,B2,1,0,1,13,0,0,0,0,0,0,0,0,0,0,1,2,9,130,20
6860,C1,12,3,8,0,0,0,0,0,0,0,0,0,0,0,1,2,7,72,33
6870,A1,2,12,0,1,0,0,0,0,0,0,0,0,0,0,1,2,9,114,46
6870,B0,0,3,6,1,0,0,0,0,0,0,0,0,0,0,1,2,10,135,25
6870,B1,4,1,1,1,0,0,0,0,0,0,0,0,0,0,1,2,72,697,108
6870,B2,2,0,1,13,0,0,0,0,0,0,0,0,0,0,1,2,9,130,20
6870,C1,14,4,4,0,0,0,0,0,0,0,0,0,0,0,1,2,7,72,33
6880,A1,3,12,0,1,0,0,0,0,0,0,0,0,0,1,0,2,9,114,46
6880,B0,0,3,4,1,0,0,0,0,0,0,0,0,0,1,0,2,10,135,25
6880,B1,4,1,1,1,0,0,0,0,0,0,0,0,0,1,0,2,72,697,108
6880,B2,1,0,2,14,0,0,0,0,0,0,0,0,0,1,0,2,9,130,20
6880,C1,13,5,3,0,0,0,0,0,0,0,0,0,0,1,0,2,7,72,33
6890,A1,1,13,0,1,0,0,0,0,0,0,0,0,0,1,0,2,9,114,46
6890,B0,0,1,5,2,0,0,0,0,0,0,0,0,0,1,0,2,10,135,25
6890,B1,2,1,2,1,0,0,0,0,0,0,0,0,0,1,0,2,72,697,108
6890,B2,1,0,2,14,0,0,0,0,0,0,0,0,0,1,0,2,9,130,20
6890,C1,12,2,4,0,0,0,0,0,0,0,0,0,0,1,0,2,7,72,33
6900,A1,1,13,0,1,0,0,0,0,0,0,0,0,1,0,1,2,9,114,46
6900,B0,0,2,6,4,0,0,0,0,0,0,0,0,0,0,1,2,10,135,25
6900,B1,3,1,2,1,0,0,0,1,1,0,0,0,0,0,1,1,74,701,108
6900,B2,1,0,5,14,0,0,0,0,0,0,0,0,0,0,1,2,9,130,20
6900,C1,13,1,6,0,0,0,0,0,0,0,0,1,0,0,1,2,7,72,33
6910,A1,1,13,0,1,0,0,0,0,0,0,0,0,0,0,1,2,9,114,46
6910,B0,0,1,7,2,0,0,0,0,0,0,0,0,0,0,1,2,10,135,25
6910,B1,3,1,3,1,0,0,0,0,1,0,0,0,0,0,1,2,74,722,109
6910,B2,1,0,1,14,0,0,0,0,0,0,0,0,0,0,1,2,9,130,20
6910,C1,13,1,2,0,0,0,0,0,0,0,0,1,0,0,1,2,7,72,33
6920,A1,2,13,0,2,0,0,0,0,0,0,0,0,0,0,1,2,9,114,46
6920,B0,0,1,3,1,0,0,0,0,0,0,0,0,0,0,1,2,10,135,25
6920,B1,3,1,1,1,0,0,0,0,0,0,0,0,0,0,1,2,74,727,110
6920,B2,1,0,1,13,0,0,0,0,0,0,0,0,0,0,1,2,9,130,20
6920,C1,14,2,1,0,0,0,0,0,0,0,0,0,0,0,1,2,7,72,33
6930,A1,1,13,0,3,0,0,0,0,0,0,0,0,0,1,0,2,9,114,46
6930,B0,0,2,3,1,0,0,0,0,0,0,0,0,0,1,0,2,10,135,25
6930,B1,2,1,1,2,0,0,0,0,0,0,0,0,0,1,0,2,74,727,110
6930,B2,1,0,2,13,0,0,0,0,0,0,0,0,0,1,0,2,9,130,20
6930,C1,12,2,1,0,0,0,0,0,0,0,0,0,0,1,0,2,7,72,33
6940,A1,2,13,0,3,0,0,0,0,0,0,0,0,0,1,0,2,9,114,46
6940,B0,0,1,3,2,0,0,0,0,0,0,0,0,0,1,0,2,10,135,25
6940,B1,2,1,1,2,0,0,0,0,0,0,0,0,0,1,0,2,74,727,110
6940,B2,2,0,1,13,0,0,0,0,0,0,0,0,0,1,0,2,9,130,20
6940,C1,10,2,1,0,0,0,0,0,0,0,0,0,0,1,0,2,7,72,33
6950,A1,3,11,0,2,0,0,0,0,0,0,0,0,0,0,1,2,9,114,46
6950,B0,0,2,5,4,0,0,0,0,0,0,0,0,0,0,1,2,10,135,25
6950,B1,2,1,1,1,0,0,0,0,0,0,0,0,0,0,1,2,75,735,111
6950,B2,1,0,2,14,0,0,0,0,0,0,0,0,0,0,1,2,9,130,20
6950,C1,12,2,1,0,0,0,0,0,0,0,0,0,0,0,1,2,7,72,33
6960,A1,2,11,0,1,0,0,0,0,0,0,0,0,0,0,1,2,9,114,46
6960,B0,0,1,3,2,0,0,0,0,0,0,0,0,0,0,1,2,10,135,25
6960,B1,2,1,1,2,0,0,0,0,0,0,0,0,0,0,1,2,75,735,111
6960,B2,1,0,2,14,0,0,0,0,0,0,0,0,0,0,1,2,9,130,20
6960,C1,13,3,2,0,0,0,0,0,0,0,0,0,0,0,1,2,7,72,33
6970,A1,3,12,0,2,0,0,0,0,0,0,0,0,0,1,0,2,9,114,46
6970,B0,0,2,1,2,0,0,0,0,0,0,0,0,0,1,0,2,10,135,25
6970,B1,1,3,1,2,0,0,0,0,0,0,0,0,0,1,0,2,75,735,111
6970,B2,2,0,2,13,0,0,0,0,0,0,0,0,0,1,0,2,9,130,20
6970,C1,14,3,1,0,0,0,0,0,0,0,0,0,0,1,0,2,7,72,33
6980,A1,1,12,0,3,0,0,0,0,0,0,0,0,0,1,0,2,9,114,46
6980,B0,0,1,1,2,0,0,0,0,0,0,0,0,0,1,0,2,10,135,25
6980,B1,1,1,2,2,0,0,0,0,0,0,0,0,0,1,0,2,75,735,111
6980,B2,1,0,1,13,0,0,0,0,0,0,0,0,0,1,0,2,9,130,20
6980,C1,13,2,1,0,0,0,0,0,0,0,0,0,0,1,0,2,7,72,33
6990,A1,2,11,0,3,0,0,0,0,0,0,0,0,0,1,0,2,9,114,46
6990,B0,0,1,2,2,0,0,0,0,0,0,0,0,0,1,0,2,10,135,25
6990,B1,2,1,2,2,0,0,0,0,0,0,0,0,0,1,0,2,75,735,111
6990,B2,1,0,2,13,0,0,0,0,0,0,0,0,0,1,0,2,9,130,20
6990,C1,12,1,1,0,0,0,0,0,0,0,0,0,0,1,0,2,7,72,33
7000,A1,3,11,0,2,0,0,0,0,0,0,0,0,0,0,1,2,9,114,46
7000,B0,0,3,3,1,0,0,0,0,0,0,0,0,0,0,1,2,10,135,25
7000,B1,1,1,2,2,0,0,0,0,0,0,0,0,0,0,1,2,75,735,111
7000,B2,2,0,2,13,0,0,0,0,0,0,0,0,0,0,1,2,9,130,20
7000,C1,12,1,2,0,0,0,0,0,0,0,0,0,0,0,1,2,8,81,34
7010,A1,3,11,0,1,0,0,0,0,0,0,0,0,0,0,1,2,9,114,46
7010,B0,0,3,3,1,0,0,0,0,0,0,0,0,0,0,1,2,10,135,25
7010,B1,1,1,1,2,0,0,0,0,0,0,0,0,0,0,1,2,75,735,111
7010,B2,2,0,1,10,0,0,0,0,0,0,0,0,0,0,1,2,9,130,20
7010,C1,14,2,1,0,0,0,0,0,0,0,0,0,0,0,1,2,8,81,34
7020,A1,3,11,0,2,0,0,0,0,0,0,0,0,0,1,0,2,9,114,46
7020,B0,0,1,2,1,0,0,0,0,0,0,0,0,0,1,0,2,10,135,25
7020,B1,1,1,2,2,0,0,0,0,0,0,0,0,0,1,0,2,75,735,111
7020,B2,1,0,1,11,0,0,0,0,0,0,0,0,0,1,0,2,9,130,20
7020,C1,14,1,2,0,0,0,0,0,0,0,0,0,0,1,0,2,8,81,34
7030,A1,1,11,0,2,0,0,0,0,0,0,0,0,0,1,0,2,9,114,46
7030,B0,0,2,4,2,0,0,0,0,0,0,0,0,0,1,0,2,10,135,25
7030,B1,1,1,1,2,0,0,0,0,0,0,0,0,0,1,0,2,75,735,111
7030,B2,2,0,2,13,0,0,0,0,0,0,0,0,0,1,0,2,9,130,20
7030,C1,14,2,3,0,0,0,0,0,0,0,0,0,0,1,0,2,8,81,34
7040,A1,2,11,0,3,0,0,0,0,0,0,0,0,0,0,1,2,9,114,46
7040,B0,0,2,4,3,0,0,0,0,0,0,0,0,0,0,1,2,10,135,25
7040,B1,3,2,1,1,0,0,0,0,0,0,0,0,0,0,1,2,76,740,113
7040,B2,1,0,2,14,0,0,0,0,0,0,0,0,0,0,1,2,9,130,20
7040,C1,14,2,3,0,0,0,0,0,0,0,0,0,0,0,1,2,8,81,34
7050,A1,1,11,0,2,0,0,0,0,0,0,0,0,0,0,1,2,9,114,46
7050,B0,0,2,4,1,0,0,0,0,0,0,0,0,0,0,1,2,10,135,25
7050,B1,1,3,1,1,0,0,0,0,0,0,0,0,0,0,1,2,76,740,113
7050,B2,2,0,1,14,0,0,0,0,0,0,0,0,0,0,1,2,9,130,20
7050,C1,14,4,3,0,0,0,0,0,0,0,0,0,0,0,1,2,8,81,34
7060,A1,3,11,0,1,0,0,0,0,0,0,0,0,0,0,1,2,9,114,46
7060,B0,0,2,2,1,0,0,0,0,0,0,0,0,0,0,1,2,10,135,25
7060,B1,1,3,1,1,0,0,0,0,0,0,0,0,0,0,1,2,76,740,113
7060,B2,4,0,2,12,0,0,0,0,0,0,0,0,0,0,1,2,9,130,20
7060,C1,14,2,4,0,0,0,0,0,0,0,0,0,0,0,1,2,8,81,34
7070,A1,1,11,0,1,0,0,0,0,0,0,0,0,0,1,0,2,9,114,46
7070,B0,0,1,3,1,0,0,0,0,0,0,0,0,0,1,0,2,10,135,25
7070,B1,1,1,1,1,0,0,0,0,0,0,0,0,0,1,0,2,76,740,113
7070,B2,1,0,1,12,0,0,0,0,0,0,0,0,0,1,0,2,9,130,20
7070,C1,14,1,4,0,0,0,0,0,0,0,0,0,0,1,0,2,8,81,34
7080,A1,1,8,0,1,0,0,0,0,0,0,0,0,0,1,0,2,9,114,46
7080,B0,0,1,4,2,0,0,0,0,0,0,0,0,0,1,0,2,10,135,25
7080,B1,2,1,1,1,0,0,0,0,0,0,0,0,0,1,0,2,76,740,113
7080,B2,1,0,3,13,0,0,0,0,0,0,0,0,0,1,0,2,9,130,20
7080,C1,14,1,5,0,0,0,0,0,0,0,0,0,0,1,0,2,8,81,34
7090,A1,2,9,0,1,0,0,0,0,0,0,0,0,0,0,1,2,9,114,46
7090,B0,0,2,4,2,0,0,0,0,0,0,0,0,0,0,1,2,10,135,25
7090,B1,1,1,1,2,0,0,0,0,0,0,0,0,0,0,1,2,77,743,114
7090,B2,1,0,1,13,0,0,0,0,0,0,0,0,0,0,1,2,9,130,20
7090,C1,14,2,3,0,0,0,0,0,0,0,0,0,0,0,1,2,8,81,34
7100,A1,4,9,0,1,0,0,0,0,0,0,0,0,0,0,1,2,9,114,46
7100,B0,0,3,2,1,0,0,0,0,0,0,0,0,0,0,1,2,10,135,25
7100,B1,1,1,2,1,0,0,0,0,0,0,0,0,0,0,1,2,77,743,114
7100,B2,1,0,1,14,0,0,0,0,0,0,0,0,0,0,1,2,9,130,20
7100,C1,14,2,3,0,0,0,0,0,0,0,0,0,0,0,1,2,8,81,34
7110,A1,3,9,0,1,0,0,0,0,0,0,0,0,0,1,0,2,9,114,46
7110,B0,0,2,2,1,0,0,0,0,0,0,0,0,0,1,0,2,10,135,25
7110,B1,1,1,1,1,0,0,0,0,0,0,0,0,0,1,0,2,77,743,114
7110,B2,2,0,1,13,0,0,0,0,0,0,0,0,0,1,0,2,9,130,20
7110,C1,13,3,3,0,0,0,0,0,0,0,0,0,0,1,0,2,8,81,34
7120,A1,2,9,0,1,0,0,0,0,0,0,0,0,0,1,0,2,9,114,46
7120,B0,0,1,4,2,0,0,0,0,0,0,0,0,0,1,0,2,10,135,25
7120,B1,3,3,1,1,0,0,0,0,0,0,0,0,0,1,0,2,77,743,114
7120,B2,1,0,1,13,0,0,0,0,0,0,0,0,0,1,0,2,9,130,20
7120,C1,13,1,3,0,0,0,0,0,0,0,0,0,0,1,0,2,8,81,34
7130,A1,1,9,0,2,0,0,0,0,0,0,0,0,0,0,1,2,9,114,46
7130,B0,0,1,5,2,0,0,0,0,0,0,0,0,0,0,1,2,10,135,25
7130,B1,2,1,1,1,0,0,0,0,0,0,0,0,0,0,1,2,77,743,114
7130,B2,2,0,1,13,0,0,0,0,0,0,0,0,0,0,1,2,9,130,20
7130,C1,14,2,3,0,0,0,0,0,0,0,0,0,0,0,1,2,8,81,34
7140,A1,1,8,0,1,0,0,0,0,0,0,0,0,0,0,1,2,9,114,46
7140,B0,0,4,1,2,0,0,0,0,0,0,0,0,0,0,1,2,10,135,25
7140,B1,2,1,2,1,0,0,0,0,0,0,0,0,0,0,1,2,77,743,114
7140,B2,1,0,1,14,0,0,0,0,0,0,0,0,0,0,1,2,9,130,20
7140,C1,14,1,3,0,0,0,0,0,0,0,0,0,0,0,1,2,8,81,34
7150,A1,2,10,0,1,0,0,0,0,0,0,0,0,0,0,1,2,9,114,46
7150,B0,0,4,1,1,0,0,0,0,0,0,0,0,0,0,1,2,10,135,25
7150,B1,2,1,1,1,0,0,0,0,0,0,0,0,0,0,1,2,77,743,114
7150,B2,2,0,2,12,0,0,0,0,0,0,0,0,0,0,1,2,9,130,20
7150,C1,14,2,3,0,0,0,0,0,0,0,0,0,0,0,1,2,8,81,34
7160,A1,1,9,0,1,0,0,0,0,0,0,0,0,0,1,0,2,9,114,46
7160,B0,0,2,1,2,0,0,0,0,0,0,0,0,0,1,0,2,10,135,25
7160,B1,3,1,1,1,0,0,0,0,0,0,0,0,0,1,0,2,77,743,114
7160,B2,1,0,2,13,0,0,0,0,0,0,0,0,0,1,0,2,9,130,20
7160,C1,14,1,4,0,0,0,0,0,0,0,0,0,0,1,0,2,8,81,34
7170,A1,2,8,0,1,0,0,0,0,0,0,0,0,0,1,0,2,9,114,46
7170,B0,0,1,2,3,0,0,0,0,0,0,0,0,0,1,0,2,10,135,25
7170,B1,1,1,1,1,0,0,0,0,0,0,0,0,0,1,0,2,77,743,114
7170,B2,1,0,3,13,0,0,0,0,0,0,0,0,0,1,0,2,9,130,20
7170,C1,14,1,5,0,0,0,0,0,0,0,0,0,0,1,0,2,8,81,34
7180,A1,1,7,0,1,0,0,0,0,0,0,0,0,0,0,1,2,9,114,46
7180,B0,0,1,1,2,0,0,0,0,0,0,0,0,0,0,1,2,10,135,25
7180,B1,1,1,1,1,0,0,0,0,0,0,0,0,0,0,1,2,78,750,115
7180,B2,1,0,4,13,0,0,0,0,0,0,0,0,0,0,1,2,9,130,20
7180,C1,14,3,6,0,0,0,0,0,0,0,0,0,0,0,1,2,8,81,34
7190,A1,2,6,0,1,0,0,0,0,0,0,0,0,0,0,1,2,9,114,46
7190,B0,0,1,1,1,0,0,0,0,0,0,0,0,0,0,1,2,10,135,25
7190,B1,1,1,2,2,0,0,0,0,0,0,0,0,0,0,1,2,78,750,115
7190,B2,3,0,1,14,0,0,0,0,0,0,0,0,0,0,1,2,9,130,20
7190,C1,14,2,3,0,0,0,0,0,0,0,0,0,0,0,1,2,8,81,34
7200,A1,3,7,0,1,0,0,0,0,0,0,0,0,0,1,0,2,9,114,46
7200,B0,0,1,1,1,0,0,0,0,0,0,0,0,0,1,0,2,10,135,25
7200,B1,2,1,1,1,0,0,0,0,0,0,0,0,0,1,0,2,78,750,115
7200,B2,2,0,2,13,0,0,0,0,0,0,0,0,0,1,0,2,9,130,20
7200,C1,13,3,3,0,0,0,0,0,0,0,0,0,0,1,0,2,8,81,34
7210,A1,1,7,0,1,0,0,0,0,0,0,0,0,0,1,0,2,9,114,46
7210,B0,0,1,1,1,0,0,0,0,0,0,0,0,0,1,0,2,10,135,25
7210,B1,1,1,1,1,0,0,0,0,0,0,0,0,0,1,0,2,78,750,115
7210,B2,1,0,1,13,0,0,0,0,0,0,0,0,0,1,0,2,9,130,20
7210,C1,13,1,3,0,0,0,0,0,0,0,0,0,0,1,0,2,8,81,34
7220,A1,2,6,0,1,0,0,0,0,0,0,0,0,0,1,0,2,9,114,46
7220,B0,0,1,3,3,0,0,0,0,0,0,0,0,0,1,0,2,10,135,25
7220,B1,1,2,1,1,0,0,0,0,0,0,0,0,0,1,0,2,78,750,115
7220,B2,1,0,3,13,0,0,0,0,0,0,0,0,0,1,0,2,9,130,20
7220,C1,14,2,3,0,0,0,0,0,0,0,0,0,0,1,0,2,8,81,34
7230,A1,1,7,0,1,0,0,0,0,0,0,0,0,0,0,1,2,9,114,46
7230,B0,0,1,2,1,0,0,0,0,0,0,0,0,0,0,1,2,10,135,25
7230,B1,1,1,2,1,0,0,0,0,0,0,0,0,0,0,1,2,78,750,115
7230,B2,1,0,1,14,0,0,0,0,0,0,0,0,0,0,1,2,9,130,20
7230,C1,13,2,3,0,0,0,0,0,0,0,0,0,0,0,1,2,8,81,34
7240,A1,4,7,0,1,0,0,0,0,0,0,0,0,0,0,1,2,9,114,46
7240,B0,0,1,2,1,0,0,0,0,0,0,0,0,0,0,1,2,10,135,25
7240,B1,1,1,2,1,0,0,0,0,0,0,0,0,0,0,1,2,78,750,115
7240,B2,1,0,2,12,0,0,0,0,0,0,0,0,0,0,1,2,9,130,20
7240,C1,14,1,3,0,0,0,0,0,0,0,0,0,0,0,1,2,8,81,34
7250,A1,2,7,0,1,0,0,6,0,0,0,0,0,0,1,0,2,10,125,46
7250,B0,0,2,1,2,0,0,0,0,0,0,0,0,0,1,0,2,10,135,25
7250,B1,1,1,1,2,0,0,0,0,0,0,0,0,0,1,0,2,78,750,115
7250,B2,1,0,1,12,0,0,0,0,0,0,0,0,0,1,0,2,9,130,20
7250,C1,14,2,3,0,0,0,0,0,0,0,0,0,0,1,0,2,8,81,34
7260,A1,3,8,0,1,0,0,0,0,0,0,0,0,0,1,0,2,10,129,52
7260,B0,0,1,3,3,0,0,0,0,0,0,0,0,0,1,0,2,10,135,25
7260,B1,1,2,1,1,0,0,0,0,0,0,0,0,0,1,0,2,78,750,115
7260,B2,1,0,1,14,0,0,0,0,0,0,0,0,0,1,0,2,9,130,20
7260,C1,14,3,4,0,0,0,0,0,0,0,0,0,0,1,0,2,8,81,34
7270,A1,2,6,0,1,0,0,0,0,0,0,0,0,0,0,1,2,10,129,52
7270,B0,0,1,4,1,0,0,0,0,0,0,0,0,0,0,1,2,10,135,25
7270,B1,2,1,2,1,0,0,0,0,0,0,0,0,0,0,1,2,78,750,115
7270,B2,1,0,2,14,0,0,0,0,0,0,0,0,0,0,1,2,9,130,20
7270,C1,13,2,4,0,0,0,0,0,0,0,0,0,0,0,1,2,8,81,34
7280,A1,1,6,0,2,0,0,0,0,0,0,0,0,0,0,1,2,10,129,52
7280,B0,0,1,3,3,0,0,0,0,0,0,0,0,0,0,1,2,10,135,25
7280,B1,2,1,2,2,0,0,0,0,0,0,0,0,0,0,1,2,78,750,115
7280,B2,1,0,1,14,0,0,0,0,0,0,0,0,0,0,1,2,9,130,20
7280,C1,13,2,3,0,0,0,0,0,0,0,0,0,0,0,1,2,8,81,34
7290,A1,3,6,0,1,0,0,0,0,0,0,0,0,0,0,1,2,10,129,52
7290,B0,0,1,1,1,0,0,0,0,0,0,0,0,0,0,1,2,10,135,25
7290,B1,2,2,2,1,0,0,0,0,0,0,0,0,0,0,1,2,78,750,115
7290,B2,1,0,1,13,0,0,0,0,0,0,0,0,0,0,1,2,9,130,20
7290,C1,14,5,2,0,0,0,0,0,0,0,0,0,0,0,1,2,8,81,34
7300,A1,2,6,0,2,0,0,6,0,0,0,0,0,0,1,0,2,11,148,52
7300,B0,0,2,1,1,0,0,0,0,0,0,0,0,0,1,0,2,10,135,25
7300,B1,2,1,3,1,0,0,0,0,0,0,0,0,0,1,0,2,78,750,115
7300,B2,1,0,1,13,0,0,0,0,0,0,0,0,0,1,0,2,9,130,20
7300,C1,14,2,2,0,0,0,0,0,0,0,0,0,0,1,0,2,8,81,34
7310,A1,1,5,0,2,0,0,5,0,0,0,0,0,0,1,0,2,11,168,52
7310,B0,0,1,1,1,0,0,0,0,0,0,0,0,0,1,0,2,10,135,25
7310,B1,1,1,3,1,0,0,0,0,0,0,0,0,0,1,0,2,78,750,115
7310,B2,1,0,2,14,0,0,0,0,0,0,0,0,0,1,0,2,9,130,20
7310,C1,13,1,3,0,0,0,0,0,0,0,0,0,0,1,0,2,8,81,34
7320,A1,1,5,0,1,0,0,5,0,0,0,0,0,0,0,1,2,11,188,52
7320,B0,0,1,1,3,0,0,0,0,0,0,0,0,0,0,1,2,10,135,25
7320,B1,1,1,3,1,0,0,0,0,0,0,0,0,0,0,1,2,78,750,115
7320,B2,1,0,3,14,0,0,0,0,0,0,0,0,0,0,1,2,9,130,20
7320,C1,12,3,1,0,0,0,0,0,0,0,0,0,0,0,1,2,8,81,34
7330,A1,3,6,0,2,0,0,0,0,0,0,0,0,0,0,1,2,11,200,58
7330,B0,0,1,1,1,0,0,0,0,0,0,0,0,0,0,1,2,10,135,25
7330,B1,2,1,1,2,0,0,0,0,0,0,0,0,0,0,1,2,78,750,115
7330,B2,1,0,1,13,0,0,0,0,0,0,0,0,0,0,1,2,9,130,20
7330,C1,13,1,1,0,0,0,0,0,0,0,0,0,0,0,1,2,8,81,34
7340,A1,2,7,0,2,0,0,0,0,0,0,0,0,0,1,0,2,11,200,58
7340,B0,0,1,1,1,0,0,0,0,0,0,0,0,0,1,0,2,10,135,25
7340,B1,2,1,1,1,0,0,0,0,0,0,0,0,0,1,0,2,79,755,116
7340,B2,1,0,1,12,0,0,0,0,0,0,0,0,0,1,0,2,9,130,20
7340,C1,14,4,1,0,0,0,0,0,0,0,0,0,0,1,0,2,8,81,34
7350,A1,1,5,0,2,0,0,0,0,0,0,0,0,0,1,0,2,11,200,58
7350,B0,0,1,1,1,0,0,0,0,0,0,0,0,0,1,0,2,10,135,25
7350,B1,1,1,1,1,0,0,0,0,0,0,0,0,0,1,0,2,79,755,116
7350,B2,1,0,1,13,0,0,0,0,0,0,0,0,0,1,0,2,9,130,20
7350,C1,14,1,2,0,0,0,0,0,0,0,0,0,0,1,0,2,8,81,34
7360,A1,1,3,0,2,0,0,0,0,0,0,0,0,0,0,1,2,11,200,58
7360,B0,0,2,1,1,0,0,0,0,0,0,0,0,0,0,1,2,10,135,25
7360,B1,1,1,1,1,0,0,0,0,0,0,0,0,0,0,1,2,79,755,116
7360,B2,2,0,1,14,0,0,0,0,0,0,0,0,0,0,1,2,9,130,20
7360,C1,12,1,2,0,0,0,0,0,0,0,0,0,0,0,1,2,8,81,34
7370,A1,1,3,0,1,0,0,0,0,0,0,0,0,0,0,1,2,11,200,58
7370,B0,0,2,1,2,0,0,0,0,0,0,0,0,0,0,1,2,10,135,25
7370,B1,1,1,1,1,0,0,0,0,0,0,0,0,0,0,1,2,79,755,116
7370,B2,2,0,1,13,0,0,0,0,0,0,0,0,0,0,1,2,9,130,20
7370,C1,13,1,1,0,0,0,0,0,0,0,0,0,0,0,1,2,8,81,34
7380,A1,1,5,0,1,0,0,0,0,0,0,0,0,0,0,1,2,11,200,58
7380,B0,0,2,1,4,0,0,0,0,0,0,0,0,0,0,1,2,10,135,25
7380,B1,1,1,2,2,0,0,0,0,0,0,0,0,0,0,1,2,79,755,116
7380,B2,4,0,1,10,0,0,0,0,0,0,0,0,0,0,1,2,9,130,20
7380,C1,14,2,1,0,0,0,0,0,0,0,0,0,0,0,1,2,8,81,34
7390,A1,1,6,0,2,0,0,0,0,0,0,0,0,0,1,0,2,11,200,58
7390,B0,0,1,1,2,0,0,0,0,0,0,1,0,0,1,0,1,10,135,25
7390,B1,1,2,3,2,0,1,0,0,0,0,0,0,0,1,0,2,80,771,116
7390,B2,1,0,3,12,0,0,0,0,0,0,0,0,0,1,0,2,9,130,20
7390,C1,12,2,2,0,0,0,0,0,0,0,0,0,0,1,0,2,8,81,34
7400,A1,1,5,0,2,0,0,0,0,0,0,0,0,0,1,0,2,11,200,58
7400,B0,0,1,1,3,0,0,0,0,0,0,1,0,0,1,0,1,10,135,25
7400,B1,1,2,3,1,0,1,0,0,0,0,0,0,0,1,0,2,80,791,116
7400,B2,1,0,4,14,0,0,0,0,0,0,0,0,0,1,0,2,9,130,20
7400,C1,12,2,1,0,0,0,0,0,0,0,0,0,0,1,0,2,8,81,34
7410,A1,1,4,0,1,0,0,0,0,0,0,0,0,1,0,1,2,11,200,58
7410,B0,0,1,2,3,0,0,0,0,0,0,0,0,0,0,1,2,10,135,25
7410,B1,1,2,1,1,0,0,0,1,0,0,0,0,0,0,1,2,81,809,117
7410,B2,1,0,3,14,0,0,0,0,0,0,0,0,0,0,1,2,9,130,20
7410,C1,14,1,1,0,0,0,0,0,0,0,0,0,0,0,1,2,8,81,34
7420,A1,3,4,0,1,0,0,0,0,0,0,0,0,0,0,1,2,11,200,58
7420,B0,0,2,2,1,0,0,0,0,0,0,0,0,0,0,1,2,10,135,25
7420,B1,1,2,1,1,0,0,0,0,0,0,0,0,0,0,1,2,81,811,120
7420,B2,1,0,2,14,0,0,0,0,0,0,0,0,0,0,1,2,9,130,20
7420,C1,14,3,1,0,0,0,0,0,0,0,0,0,0,0,1,2,8,81,34
7430,A1,2,4,0,1,0,0,0,0,0,0,0,0,0,1,0,2,11,200,58
7430,B0,0,2,1,1,0,0,0,0,0,0,1,0,0,1,0,1,10,135,25
7430,B1,1,1,1,1,0,1,0,0,0,0,0,0,0,1,0,2,82,815,120
7430,B2,1,0,1,13,0,0,0,0,0,0,0,0,0,1,0,2,10,131,21
7430,C1,14,3,2,0,0,0,0,0,0,0,0,0,0,1,0,2,8,81,34
7440,A1,1,6,0,1,0,0,0,0,0,0,0,0,0,1,0,2,11,200,58
7440,B0,0,2,1,2,0,0,0,0,0,0,0,0,0,1,0,2,10,135,25
7440,B1,1,1,1,1,0,0,0,0,0,0,0,0,0,1,0,2,82,820,121
7440,B2,1,0,2,13,0,0,0,0,0,0,0,0,0,1,0,2,10,131,21
7440,C1,13,1,2,0,0,0,0,0,0,0,0,0,0,1,0,2,8,81,34
7450,A1,1,5,0,1,0,0,0,0,0,0,0,0,0,1,0,2,11,200,58
7450,B0,0,1,3,3,0,0,0,0,0,0,0,0,0,1,0,2,10,135,25
7450,B1,2,2,1,1,0,0,0,0,0,0,0,0,0,1,0,2,82,820,121
7450,B2,1,0,3,14,0,0,0,0,0,0,0,0,0,1,0,2,10,131,21
7450,C1,13,2,2,0,0,0,0,0,0,0,0,0,0,1,0,2,8,81,34
7460,A1,1,6,0,1,0,0,0,0,0,0,0,0,0,0,1,2,11,200,58
7460,B0,0,1,3,2,0,0,0,0,0,0,0,0,0,0,1,2,10,135,25
7460,B1,3,2,1,2,0,0,0,0,0,0,0,0,0,0,1,2,83,825,122
7460,B2,1,0,1,14,0,0,0,0,0,0,0,0,0,0,1,2,10,131,21
7460,C1,14,2,2,0,0,0,0,0,0,0,0,0,0,0,1,2,8,81,34
7470,A1,1,6,0,2,0,0,0,0,0,0,0,0,0,0,1,2,11,200,58
7470,B0,0,2,1,2,0,0,0,0,0,0,0,0,0,0,1,2,10,135,25
7470,B1,3,2,2,1,0,0,0,0,0,0,0,0,0,0,1,2,83,825,122
7470,B2,2,0,1,12,0,0,0,0,0,0,0,0,0,0,1,2,10,131,21
7470,C1,14,3,2,0,0,0,0,0,0,0,0,0,0,0,1,2,8,81,34
7480,A1,1,7,0,2,0,0,0,0,0,0,0,0,0,1,0,2,11,200,58
7480,B0,0,1,1,1,0,0,0,0,0,0,0,0,0,1,0,2,10,135,25
7480,B1,1,1,1,1,0,0,0,0,0,0,0,0,0,1,0,2,84,833,124
7480,B2,1,0,1,11,0,0,0,0,0,0,0,0,0,1,0,2,10,131,21
7480,C1,13,3,2,0,0,0,0,0,0,0,0,0,0,1,0,2,8,81,34
7490,A1,1,7,0,2,0,0,0,0,0,0,0,0,0,1,0,2,11,200,58
7490,B0,0,1,3,1,0,0,0,0,0,0,0,0,0,1,0,2,10,135,25
7490,B1,3,1,1,1,0,0,0,0,0,0,0,0,0,1,0,2,84,833,124
7490,B2,1,0,2,13,0,0,0,0,0,0,0,0,0,1,0,2,10,131,21
7490,C1,13,2,2,0,0,0,0,0,0,0,0,0,0,1,0,2,8,81,34
7500,A1,1,5,0,2,0,0,0,0,0,0,0,0,0,0,1,2,11,200,58
7500,B0,0,1,3,2,0,0,0,0,0,0,0,0,0,0,1,2,10,135,25
7500,B1,2,2,3,1,0,0,0,0,0,0,0,0,0,0,1,2,84,833,124
7500,B2,3,0,1,14,0,0,0,0,0,0,0,0,0,0,1,2,10,131,21
7500,C1,13,1,1,0,0,0,0,0,0,0,0,0,0,0,1,2,8,81,34
7510,A1,2,5,0,1,0,0,0,0,0,0,0,0,0,0,1,2,11,200,58
7510,B0,0,1,2,1,0,0,0,0,0,0,0,0,0,0,1,2,10,135,25
7510,B1,2,2,2,3,0,0,0,0,0,0,0,0,0,0,1,2,84,833,124
7510,B2,5,0,3,14,0,0,0,0,0,0,0,0,0,0,1,2,10,131,21
7510,C1,14,1,1,0,0,0,0,0,0,0,0,0,0,0,1,2,8,81,34
7520,A1,1,5,0,2,0,0,0,0,0,0,0,0,0,0,1,2,11,200,58
7520,B0,0,2,1,2,0,0,0,0,0,0,0,0,0,0,1,2,10,135,25
7520,B1,2,2,1,1,0,0,0,0,0,0,0,0,0,0,1,2,84,833,124
7520,B2,6,0,3,12,0,0,0,0,0,0,0,0,0,0,1,2,10,131,21
7520,C1,14,1,1,0,0,0,0,0,0,0,0,0,0,0,1,2,8,81,34
7530,A1,1,6,0,2,0,0,0,0,0,0,0,0,0,1,0,2,11,200,58
7530,B0,0,2,1,3,0,0,0,0,0,0,0,0,0,1,0,2,10,135,25
7530,B1,1,1,1,1,0,0,0,0,0,0,0,0,0,1,0,2,84,833,124
7530,B2,3,0,1,13,0,0,0,0,0,0,0,0,0,1,0,2,10,131,21
7530,C1,14,2,1,0,0,0,0,0,0,0,0,0,0,1,0,2,8,81,34
7540,A1,1,3,0,2,0,0,0,0,0,0,0,0,0,1,0,2,11,200,58
7540,B0,0,1,3,2,0,0,0,0,0,0,0,0,0,1,0,2,10,135,25
7540,B1,2,2,1,1,0,0,0,0,0,0,0,0,0,1,0,2,84,833,124
7540,B2,2,0,3,14,0,0,0,0,0,0,0,0,0,1,0,2,10,131,21
7540,C1,13,2,3,0,0,0,0,0,0,0,0,0,0,1,0,2,8,81,34
7550,A1,1,3,0,1,0,0,0,0,0,0,0,0,1,0,1,2,12,205,60
7550,B0,0,1,5,1,0,0,0,0,0,0,0,0,0,0,1,2,10,135,25
7550,B1,1,2,1,1,0,0,0,1,0,0,0,0,0,0,1,2,85,847,124
7550,B2,3,0,2,14,0,0,0,0,0,0,0,0,0,0,1,2,10,131,21
7550,C1,13,1,1,0,0,0,0,0,0,0,0,0,0,0,1,2,8,81,34
7560,A1,1,4,0,1,0,0,0,0,0,0,0,0,0,0,1,2,12,205,60
7560,B0,0,1,2,2,0,0,0,0,0,0,0,0,0,0,1,2,10,135,25
7560,B1,1,2,1,1,0,0,0,0,0,0,0,0,0,0,1,2,85,848,125
7560,B2,3,0,2,12,0,0,0,0,0,0,0,0,0,0,1,2,10,131,21
7560,C1,14,2,1,0,0,0,0,0,0,0,0,0,0,0,1,2,8,81,34
7570,A1,1,5,0,1,0,0,0,0,0,0,0,0,0,1,0,2,12,205,60
7570,B0,0,2,1,2,0,0,0,0,0,0,0,0,0,1,0,2,10,135,25
7570,B1,1,2,1,2,0,0,0,0,0,0,0,0,0,1,0,2,85,848,125
7570,B2,2,0,1,11,0,0,0,0,0,0,0,0,0,1,0,2,10,131,21
7570,C1,14,1,1,0,0,0,0,0,0,0,0,0,0,1,0,2,8,81,34
7580,A1,1,4,0,1,0,0,0,0,0,0,0,0,0,1,0,2,12,205,60
7580,B0,0,1,2,2,0,0,0,0,0,0,0,0,0,1,0,2,10,135,25
7580,B1,2,3,1,2,0,0,0,0,0,0,0,0,0,1,0,2,85,848,125
7580,B2,1,0,1,13,0,0,0,0,0,0,0,0,0,1,0,2,10,131,21
7580,C1,12,1,1,0,0,0,0,0,0,0,0,0,0,1,0,2,8,81,34
7590,A1,1,3,0,1,0,0,0,0,0,0,0,0,0,0,1,2,12,205,60
7590,B0,0,1,2,3,0,0,0,0,0,0,0,0,0,0,1,2,10,135,25
7590,B1,3,2,1,2,0,0,0,0,1,0,0,0,0,0,1,2,86,849,125
7590,B2,2,0,2,14,0,0,0,0,0,0,0,0,0,0,1,2,10,131,21
7590,C1,11,2,2,0,0,0,0,0,0,0,0,1,0,0,1,2,8,81,34
7600,A1,1,4,0,1,0,0,0,0,0,0,0,0,0,0,1,2,12,205,60
7600,B0,0,1,1,3,0,0,0,0,0,0,0,0,0,0,1,2,10,135,25
7600,B1,3,2,2,2,0,0,0,0,0,0,0,0,0,0,1,2,86,851,126
7600,B2,2,0,1,12,0,0,0,0,0,0,0,0,0,0,1,2,10,131,21
7600,C1,13,3,2,0,0,0,0,0,0,0,0,0,0,0,1,2,8,81,34
7610,A1,2,7,0,2,0,0,0,0,0,0,0,0,0,0,1,2,12,205,60
7610,B0,0,1,2,2,0,0,0,0,0,0,0,0,0,0,1,2,10,135,25
7610,B1,3,2,1,2,0,0,0,0,0,0,0,0,0,0,1,2,86,851,126
7610,B2,2,0,1,8,0,0,0,0,0,0,0,0,0,0,1,2,10,131,21
7610,C1,14,4,2,0,0,0,0,0,0,0,0,0,0,0,1,2,8,81,34
7620,A1,2,7,0,2,0,0,0,0,0,0,0,0,0,1,0,2,12,205,60
7620,B0,0,1,2,2,0,0,0,0,0,0,0,0,0,1,0,2,10,135,25
7620,B1,1,1,2,1,0,0,0,0,0,0,0,0,0,1,0,2,87,860,128
7620,B2,1,0,1,11,0,0,0,0,0,0,0,0,0,1,0,2,10,131,21
7620,C1,14,1,2,0,0,0,0,0,0,0,0,0,0,1,0,2,8,81,34
7630,A1,1,5,0,2,0,0,0,0,0,0,0,0,0,1,0,2,12,205,60
7630,B0,0,3,4,2,0,0,0,0,0,0,0,0,0,1,0,2,10,135,25
7630,B1,1,1,2,1,0,0,0,0,0,0,0,0,0,1,0,2,87,860,128
7630,B2,1,0,1,14,0,0,0,0,0,0,0,0,0,1,0,2,10,131,21
7630,C1,13,4,2,0,0,0,0,0,0,0,0,0,0,1,0,2,8,81,34
7640,A1,1,2,0,1,0,0,0,0,0,0,0,0,0,0,1,2,12,205,60
7640,B0,0,5,5,1,0,0,0,0,0,0,0,0,0,0,1,2,10,135,25
7640,B1,1,2,2,1,0,0,0,0,1,0,0,0,0,0,1,2,88,870,128
7640,B2,2,0,2,14,0,0,0,0,0,0,0,0,0,0,1,2,10,131,21
7640,C1,12,2,1,0,0,0,0,0,0,0,0,1,0,0,1,2,8,81,34
7650,A1,2,2,0,1,0,0,0,0,0,0,0,0,0,0,1,2,12,205,60
7650,B0,0,6,1,1,0,0,0,0,0,0,0,0,0,0,1,2,10,135,25
7650,B1,1,2,2,2,0,0,0,0,0,0,0,0,0,0,1,2,88,874,129
7650,B2,2,0,1,10,0,0,0,0,0,0,0,0,0,0,1,2,10,131,21
7650,C1,13,2,2,0,0,0,0,0,0,0,0,0,0,0,1,2,8,81,34
7660,A1,2,5,0,2,0,0,0,0,0,0,0,0,0,1,0,2,12,205,60
7660,B0,0,6,1,2,0,0,0,0,0,0,0,0,0,1,0,2,10,135,25
7660,B1,1,2,2,1,0,0,0,0,0,0,0,0,0,1,0,2,88,874,129
7660,B2,2,0,2,8,0,0,0,0,0,0,0,0,0,1,0,2,10,131,21
7660,C1,14,2,4,0,0,0,0,0,0,0,0,0,0,1,0,2,8,81,34
7670,A1,1,5,0,2,0,0,0,0,0,0,0,0,0,1,0,2,12,205,60
7670,B0,0,2,2,3,0,0,0,0,0,0,0,0,0,1,0,2,10,135,25
7670,B1,2,3,2,1,0,0,0,0,0,0,0,0,0,1,0,2,88,874,129
7670,B2,1,0,2,12,0,0,0,0,0,0,0,0,0,1,0,2,10,131,21
7670,C1,14,2,3,0,0,0,0,0,0,0,0,0,0,1,0,2,8,81,34
7680,A1,1,1,0,2,0,0,0,0,0,0,0,0,0,1,0,2,12,205,60
7680,B0,0,1,2,5,0,0,0,0,0,0,0,0,0,1,0,2,10,135,25
7680,B1,2,3,2,1,0,0,0,0,0,0,0,0,0,1,0,2,88,874,129
7680,B2,1,0,2,14,0,0,0,0,0,0,0,0,0,1,0,2,10,131,21
7680,C1,13,1,6,0,0,0,0,0,0,0,0,0,0,1,0,2,8,81,34
7690,A1,1,2,0,1,0,0,0,0,0,0,0,0,0,0,1,2,13,209,61
7690,B0,0,3,5,3,0,0,0,0,0,0,0,0,0,0,1,2,10,135,25
7690,B1,2,3,1,1,0,0,0,0,0,0,0,0,0,0,1,2,88,874,129
7690,B2,2,0,1,14,0,0,0,0,0,0,0,0,0,0,1,2,10,131,21
7690,C1,13,1,4,0,0,0,0,0,0,0,0,0,0,0,1,2,8,81,34
7700,A1,2,3,0,1,0,0,0,0,0,0,0,0,0,0,1,2,13,209,61
7700,B0,0,5,4,1,0,0,0,0,0,0,0,0,0,0,1,2,10,135,25
7700,B1,2,3,1,2,0,0,0,0,0,0,0,0,0,0,1,2,88,874,129
7700,B2,2,0,1,12,0,0,0,0,0,0,0,0,0,0,1,2,10,131,21
7700,C1,14,1,1,0,0,0,0,0,0,0,0,0,0,0,1,2,8,81,34
7710,A1,3,2,0,4,0,0,0,0,0,0,0,0,0,1,0,2,13,209,61
7710,B0,0,3,3,1,0,0,0,0,0,0,0,0,0,1,0,2,10,135,25
7710,B1,1,3,1,1,0,0,0,0,0,0,0,0,0,1,0,2,88,874,129
7710,B2,1,0,1,12,0,0,0,0,0,0,0,0,0,1,0,2,10,131,21
7710,C1,13,1,2,0,0,0,0,0,0,0,0,0,0,1,0,2,8,81,34
7720,A1,1,1,0,4,0,0,0,0,0,0,0,0,0,1,0,2,13,209,61
7720,B0,0,1,4,1,0,0,0,0,0,0,0,0,0,1,0,2,10,135,25
7720,B1,1,3,1,1,0,0,0,0,0,0,0,0,0,1,0,2,88,874,129
7720,B2,2,0,1,13,0,0,0,0,0,0,0,0,0,1,0,2,10,131,21
7720,C1,10,2,3,0,0,0,0,0,0,0,0,0,0,1,0,2,8,81,34
7730,A1,1,1,0,3,0,0,0,0,0,0,0,0,0,0,1,2,13,209,61
7730,B0,0,1,5,2,0,0,0,0,0,0,0,0,0,0,1,2,10,135,25
7730,B1,1,3,1,1,0,0,0,0,0,0,0,0,0,0,1,2,88,874,129
7730,B2,2,0,2,13,0,0,0,0,0,0,0,0,0,0,1,2,10,131,21
7730,C1,10,1,4,0,0,0,0,0,0,0,0,0,0,0,1,2,8,81,34
7740,A1,3,2,0,1,0,0,0,0,0,0,0,0,0,0,1,2,13,209,61
7740,B0,0,3,7,2,0,0,0,0,0,0,0,0,0,0,1,2,10,135,25
7740,B1,1,3,1,1,0,0,0,0,0,0,0,0,0,0,1,2,88,874,129
7740,B2,4,0,1,13,0,0,0,0,0,0,0,0,0,0,1,2,10,131,21
7740,C1,13,2,1,0,0,0,0,0,0,0,0,0,0,0,1,2,8,81,34
7750,A1,3,2,0,1,0,0,0,0,0,0,0,0,0,0,1,2,13,209,61
7750,B0,0,4,5,2,0,0,0,0,0,0,0,0,0,0,1,2,10,135,25
7750,B1,1,3,1,3,0,0,0,0,0,0,0,0,0,0,1,2,88,874,129
7750,B2,4,0,1,11,0,0,0,0,0,0,0,0,0,0,1,2,10,131,21
7750,C1,14,2,1,0,0,0,0,0,0,0,0,0,0,0,1,2,8,81,34
7760,A1,3,1,0,1,0,0,0,0,0,0,0,0,0,1,0,2,13,209,61
7760,B0,0,1,5,1,0,0,0,0,0,0,0,0,0,1,0,2,10,135,25
7760,B1,1,1,1,1,0,0,0,0,0,0,0,0,0,1,0,2,89,882,130
7760,B2,2,0,1,12,0,0,0,0,0,0,0,0,0,1,0,2,10,131,21
7760,C1,14,1,2,0,0,0,0,0,0,0,0,0,0,1,0,2,8,81,34
7770,A1,5,2,0,1,0,0,0,0,0,0,0,0,0,1,0,2,13,209,61
7770,B0,0,1,8,2,0,0,0,0,0,0,0,0,0,1,0,2,10,135,25
7770,B1,1,3,1,1,0,0,0,0,0,0,0,0,0,1,0,2,89,882,130
7770,B2,1,0,1,14,0,0,0,0,0,0,0,0,0,1,0,2,10,131,21
7770,C1,10,1,3,0,0,0,0,0,0,0,0,0,0,1,0,2,8,81,34
7780,A1,1,1,0,1,0,0,0,0,0,0,0,0,0,0,1,2,13,209,61
7780,B0,0,1,9,4,0,0,0,0,0,0,0,0,0,0,1,2,10,135,25
7780,B1,1,2,1,1,0,0,0,0,0,0,0,0,0,0,1,2,89,882,130
7780,B2,1,0,2,14,0,0,0,0,0,0,0,0,0,0,1,2,10,131,21
7780,C1,11,1,3,0,0,0,0,0,0,0,0,0,0,0,1,2,8,81,34
7790,A1,3,2,0,1,0,0,0,0,0,0,0,0,0,0,1,2,13,209,61
7790,B0,0,1,6,2,0,0,0,0,0,0,0,0,0,0,1,2,10,135,25
7790,B1,1,2,1,2,0,0,0,0,0,0,0,0,0,0,1,2,89,882,130
7790,B2,2,0,1,14,0,0,0,0,0,0,0,0,0,0,1,2,10,131,21
7790,C1,14,1,1,0,0,0,0,0,0,0,0,0,0,0,1,2,8,81,34
7800,A1,3,4,0,2,0,0,0,0,0,0,0,0,0,1,0,2,13,209,61
7800,B0,0,1,5,2,0,0,0,0,0,0,1,0,0,1,0,1,10,135,25
7800,B1,2,2,2,1,0,1,0,0,0,0,0,0,0,1,0,2,90,889,130
7800,B2,2,0,1,13,0,0,0,0,0,0,0,0,0,1,0,2,10,131,21
7800,C1,13,1,1,0,0,0,0,0,0,0,0,0,0,1,0,2,9,83,35
7810,A1,3,3,0,3,0,0,0,0,0,0,0,0,0,1,0,2,13,209,61
7810,B0,0,1,7,2,0,0,0,0,0,0,0,0,0,1,0,2,10,135,25
7810,B1,3,1,2,1,0,0,0,0,0,0,0,0,0,1,0,2,90,889,131
7810,B2,1,0,2,14,0,0,0,0,0,0,0,0,0,1,0,2,10,131,21
7810,C1,12,3,1,0,0,0,0,0,0,0,0,0,0,1,0,2,9,83,35
7820,A1,2,1,0,4,0,0,0,0,0,0,0,0,0,0,1,2,13,209,61
7820,B0,0,1,6,3,0,0,0,0,0,0,0,0,0,0,1,2,10,135,25
7820,B1,3,1,2,1,0,0,0,0,0,0,0,0,0,0,1,2,90,889,131
7820,B2,1,0,2,14,0,0,0,0,0,0,0,0,0,0,1,2,10,131,21
7820,C1,10,1,2,0,0,0,0,0,0,0,0,0,0,0,1,2,9,83,35
7830,A1,2,1,0,1,0,0,0,0,0,0,0,0,0,0,1,2,13,209,61
7830,B0,0,4,7,1,0,0,0,0,0,0,0,0,0,0,1,2,10,135,25
7830,B1,4,1,1,1,0,0,0,0,0,0,0,0,0,0,1,2,90,889,131
7830,B2,1,0,2,13,0,0,0,0,0,0,0,0,0,0,1,2,10,131,21
7830,C1,12,2,1,0,0,0,0,0,0,0,0,0,0,0,1,2,9,83,35
7840,A1,4,4,0,1,0,0,0,0,0,0,0,0,0,0,1,2,13,209,61
7840,B0,0,4,4,1,0,0,0,0,0,0,0,0,0,0,1,2,10,135,25
7840,B1,4,1,3,4,0,0,0,0,0,0,0,0,0,0,1,2,90,889,131
7840,B2,1,0,1,12,0,0,0,0,0,0,0,0,0,0,1,2,10,131,21
7840,C1,14,2,1,0,0,0,0,0,0,0,0,0,0,0,1,2,9,83,35
7850,A1,1,2,0,1,0,0,0,0,0,0,0,0,0,1,0,2,14,210,63
7850,B0,0,1,5,1,0,0,0,0,0,0,0,0,0,1,0,2,10,135,25
7850,B1,2,3,3,3,0,0,0,0,0,0,0,0,0,1,0,2,90,889,131
7850,B2,1,0,2,13,0,0,0,0,0,0,0,0,0,1,0,2,10,131,21
7850,C1,14,3,1,0,0,0,0,0,0,0,0,0,0,1,0,2,9,83,35
7860,A1,1,1,0,2,0,0,0,0,0,0,0,0,0,1,0,2,14,210,63
7860,B0,0,1,6,1,0,0,0,0,0,0,0,0,0,1,0,2,10,135,25
7860,B1,1,3,3,3,0,0,0,0,0,0,0,0,0,1,0,2,90,889,131
7860,B2,1,0,3,14,0,0,0,0,0,0,0,0,0,1,0,2,10,131,21
7860,C1,12,1,3,0,0,0,0,0,0,0,0,0,0,1,0,2,9,83,35
7870,A1,1,2,0,1,0,0,0,0,0,0,0,0,0,0,1,2,14,210,63
7870,B0,0,1,10,1,0,0,0,0,0,0,0,0,0,0,1,2,10,135,25
7870,B1,1,3,2,4,0,0,0,0,0,0,0,0,0,0,1,2,90,889,131
7870,B2,1,0,2,14,0,0,0,0,0,0,0,0,0,0,1,2,10,131,21
7870,C1,12,1,2,0,0,0,0,0,0,0,0,0,0,0,1,2,9,83,35
7880,A1,1,1,0,2,0,0,0,0,0,0,0,0,0,0,1,2,14,210,63
7880,B0,0,2,5,1,0,0,0,0,0,0,0,0,0,0,1,2,10,135,25
7880,B1,1,1,2,5,0,0,0,0,0,0,0,0,0,0,1,2,90,889,131
7880,B2,2,0,1,14,0,0,0,0,0,0,0,0,0,0,1,2,10,131,21
7880,C1,13,3,1,0,0,0,0,0,0,0,0,0,0,0,1,2,9,83,35
7890,A1,2,4,0,2,0,0,0,0,0,0,0,0,0,1,0,2,14,210,63
7890,B0,0,1,3,1,0,0,0,0,0,0,0,0,0,1,0,2,10,135,25
7890,B1,1,1,1,5,0,0,0,0,0,0,0,0,0,1,0,2,90,889,131
7890,B2,3,0,1,13,0,0,0,0,0,0,0,0,0,1,0,2,10,131,21
7890,C1,14,2,1,0,0,0,0,0,0,0,0,0,0,1,0,2,9,83,35
7900,A1,1,1,0,3,0,0,0,0,0,0,0,0,0,1,0,2,14,210,63
7900,B0,0,1,3,1,0,0,0,0,0,0,0,0,0,1,0,2,10,135,25
7900,B1,2,2,1,4,0,0,0,0,0,0,0,0,0,1,0,2,90,889,131
7900,B2,2,0,1,13,0,0,0,0,0,0,0,0,0,1,0,2,10,131,21
7900,C1,13,1,2,0,0,0,0,0,0,0,0,0,0,1,0,2,9,83,35
7910,A1,1,1,0,3,0,0,0,0,0,0,0,0,0,1,0,2,14,210,63
7910,B0,0,1,5,2,0,0,0,0,0,0,0,0,0,1,0,2,10,135,25
7910,B1,1,2,1,4,0,0,0,0,0,0,0,0,0,1,0,2,90,889,131
7910,B2,2,0,2,14,0,0,0,0,0,0,0,0,0,1,0,2,10,131,21
7910,C1,9,2,3,0,0,0,0,0,0,0,0,0,0,1,0,2,9,83,35
7920,A1,1,1,0,1,0,0,0,0,0,0,0,0,0,0,1,2,14,210,63
7920,B0,0,2,5,1,0,0,0,0,0,0,0,0,0,0,1,2,10,135,25
7920,B1,1,1,2,4,0,0,0,0,0,0,0,0,0,0,1,2,90,889,131
7920,B2,3,0,1,12,0,0,0,0,0,0,0,0,0,0,1,2,11,133,22
7920,C1,11,2,1,0,0,0,0,0,0,0,0,0,0,0,1,2,9,83,35
7930,A1,1,3,0,1,0,0,0,0,0,0,0,0,0,0,1,2,14,210,63
7930,B0,0,3,4,1,0,0,0,0,0,0,0,0,0,0,1,2,10,135,25
7930,B1,1,1,1,5,0,0,0,0,0,0,0,0,0,0,1,2,90,889,131
7930,B2,3,0,1,10,0,0,0,0,0,0,0,0,0,0,1,2,11,133,22
7930,C1,14,4,1,0,0,0,0,0,0,0,0,0,0,0,1,2,9,83,35
7940,A1,1,2,0,1,0,0,0,0,0,0,0,0,0,1,0,2,14,210,63
7940,B0,0,1,3,2,0,0,0,0,0,0,0,0,0,1,0,2,10,135,25
7940,B1,1,1,1,3,0,0,0,0,0,0,0,0,0,1,0,2,90,889,131
7940,B2,1,0,3,12,0,0,0,0,0,0,0,0,0,1,0,2,11,133,22
7940,C1,14,4,1,0,0,0,0,0,0,0,0,0,0,1,0,2,9,83,35
7950,A1,1,1,0,2,0,0,0,0,0,0,0,0,0,1,0,2,14,210,63
7950,B0,0,1,3,2,0,0,0,0,0,0,0,0,0,1,0,2,10,135,25
7950,B1,2,2,1,3,0,0,0,0,0,0,0,0,0,1,0,2,90,889,131
7950,B2,1,0,1,14,0,0,0,0,0,0,0,0,0,1,0,2,11,133,22
7950,C1,14,1,3,0,0,0,0,0,0,0,0,0,0,1,0,2,9,83,35
7960,A1,1,2,0,1,0,0,0,0,0,0,0,0,0,0,1,2,14,210,63
7960,B0,0,1,7,2,0,0,0,0,0,0,0,0,0,0,1,2,10,135,25
7960,B1,1,2,1,3,0,0,0,0,0,0,0,0,0,0,1,2,90,889,131
7960,B2,1,0,2,14,0,0,0,0,0,0,0,0,0,0,1,2,11,133,22
7960,C1,12,2,3,0,0,0,0,0,0,0,0,0,0,0,1,2,9,83,35
7970,A1,1,1,0,1,0,0,0,0,0,0,0,0,0,0,1,2,14,210,63
7970,B0,0,1,7,1,0,0,0,0,0,0,0,0,0,0,1,2,10,135,25
7970,B1,2,2,5,3,0,0,0,0,0,0,0,0,0,0,1,2,90,889,131
7970,B2,2,0,1,12,0,0,0,0,0,0,0,0,0,0,1,2,11,133,22
7970,C1,13,2,1,0,0,0,0,0,0,0,0,0,0,0,1,2,9,83,35
7980,A1,1,4,0,1,0,0,0,0,0,0,0,0,0,0,1,2,14,210,63
7980,B0,0,2,5,2,0,0,0,0,0,0,0,0,0,0,1,2,10,135,25
7980,B1,2,2,2,2,0,0,0,0,0,0,0,0,0,0,1,2,90,889,131
7980,B2,3,0,1,9,0,0,0,0,0,0,0,0,0,0,1,2,11,133,22
7980,C1,14,2,1,0,0,0,0,0,0,0,0,0,0,0,1,2,9,83,35
7990,A1,1,4,0,1,0,0,0,0,0,0,0,0,0,1,0,2,14,210,63
7990,B0,0,1,6,1,0,0,0,0,0,0,0,0,0,1,0,2,10,135,25
7990,B1,1,1,2,2,0,0,0,0,0,0,0,0,0,1,0,2,90,889,131
7990,B2,1,0,1,12,0,0,0,0,0,0,0,0,0,1,0,2,11,133,22
7990,C1,13,1,2,0,0,0,0,0,0,0,0,0,0,1,0,2,9,83,35
8000,A1,1,4,0,2,0,0,0,0,0,0,0,0,0,1,0,2,14,210,63
8000,B0,0,1,6,1,0,0,0,0,0,0,0,0,0,1,0,2,10,135,25
8000,B1,1,2,2,2,0,0,0,0,0,0,0,0,0,1,0,2,90,889,131
8000,B2,1,0,1,14,0,0,0,0,0,0,0,0,0,1,0,2,11,133,22
8000,C1,12,1,2,0,0,0,0,0,0,0,0,0,0,1,0,2,9,83,35
8010,A1,2,4,0,1,0,0,0,0,0,0,0,0,0,0,1,2,14,210,63
8010,B0,0,2,6,3,0,0,0,0,0,0,0,0,0,0,1,2,10,135,25
8010,B1,1,2,1,2,0,0,0,0,0,0,0,0,0,0,1,2,90,889,131
8010,B2,3,0,1,14,0,0,0,0,0,0,0,0,0,0,1,2,11,133,22
8010,C1,12,1,1,0,0,0,0,0,0,0,0,0,0,0,1,2,9,83,35
8020,A1,2,7,0,1,0,0,0,0,0,0,0,0,0,0,1,2,14,210,63
8020,B0,0,2,7,3,0,0,0,0,0,0,0,0,0,0,1,2,10,135,25
8020,B1,1,2,2,2,0,0,0,0,0,0,0,0,0,0,1,2,90,889,131
8020,B2,3,0,2,10,0,0,0,0,0,0,0,0,0,0,1,2,11,133,22
8020,C1,14,1,1,0,0,0,0,0,0,0,0,0,0,0,1,2,9,83,35
8030,A1,4,6,0,1,0,0,0,0,0,0,0,0,0,1,0,2,14,210,63
8030,B0,0,1,6,2,0,0,0,0,0,0,0,0,0,1,0,2,10,135,25
8030,B1,1,1,1,2,0,0,0,0,0,0,0,0,0,1,0,2,90,889,131
8030,B2,2,0,2,9,0,0,0,0,0,0,0,0,0,1,0,2,11,133,22
8030,C1,14,2,3,0,0,0,0,0,0,0,0,0,0,1,0,2,9,83,35
8040,A1,1,5,0,1,0,0,0,0,0,0,0,0,0,1,0,2,14,210,63
8040,B0,0,1,6,4,0,0,0,0,0,0,0,0,0,1,0,2,10,135,25
8040,B1,1,1,1,2,0,0,0,0,0,0,0,0,0,1,0,2,90,889,131
8040,B2,1,0,3,13,0,0,0,0,0,0,0,0,0,1,0,2,11,133,22
8040,C1,12,1,4,0,0,0,0,0,0,0,0,0,0,1,0,2,9,83,35
8050,A1,1,3,0,1,0,0,0,0,0,0,0,0,0,0,1,2,14,210,63
8050,B0,0,1,8,5,0,0,0,0,0,0,0,0,0,0,1,2,10,135,25
8050,B1,4,3,1,2,0,0,0,0,0,0,0,0,0,0,1,2,90,889,131
8050,B2,1,0,2,14,0,0,0,0,0,0,0,0,0,0,1,2,11,133,22
8050,C1,11,1,5,0,0,0,0,0,0,0,0,0,0,0,1,2,9,83,35
8060,A1,1,3,0,1,0,0,0,0,0,0,0,0,0,0,1,2,14,210,63
8060,B0,0,1,9,2,0,0,0,0,0,0,0,0,0,0,1,2,10,135,25
8060,B1,4,3,1,1,0,0,0,0,0,0,0,0,0,0,1,2,90,889,131
8060,B2,1,0,2,13,0,0,0,0,0,0,0,0,0,0,1,2,11,133,22
8060,C1,13,1,1,0,0,0,0,0,0,0,0,0,0,0,1,2,9,83,35
8070,A1,2,6,0,1,0,0,0,0,0,0,0,0,0,0,1,2,14,210,63
8070,B0,0,2,8,2,0,0,0,0,0,0,0,0,0,0,1,2,10,135,25
8070,B1,4,3,1,4,0,0,0,0,0,0,0,0,0,0,1,2,90,889,131
8070,B2,2,0,1,14,0,0,0,0,0,0,0,0,0,0,1,2,11,133,22
8070,C1,14,1,1,0,0,0,0,0,0,0,0,0,0,0,1,2,9,83,35
8080,A1,1,7,0,1,0,0,0,0,0,0,0,0,0,1,0,2,14,210,63
8080,B0,0,1,9,3,0,0,0,0,0,0,0,0,0,1,0,2,10,135,25
8080,B1,1,2,1,1,0,0,0,0,0,0,0,0,0,1,0,2,91,894,135
8080,B2,2,0,1,13,0,0,0,0,0,0,0,0,0,1,0,2,11,133,22
8080,C1,14,1,1,0,0,0,0,0,0,0,0,0,0,1,0,2,9,83,35
8090,A1,2,6,0,2,0,0,0,0,0,0,0,0,0,1,0,2,14,210,63
8090,B0,0,1,10,3,0,0,0,0,0,0,0,0,0,1,0,2,10,135,25
8090,B1,3,1,1,1,0,0,0,0,0,0,0,0,0,1,0,2,91,894,135
8090,B2,1,0,2,14,0,0,0,0,0,0,0,0,0,1,0,2,11,133,22
8090,C1,11,1,1,0,0,0,0,0,0,0,0,0,0,1,0,2,9,83,35
8100,A1,4,5,0,2,0,0,0,0,0,0,0,0,0,0,1,2,14,210,63
8100,B0,0,2,11,3,0,0,0,0,0,0,0,0,0,0,1,2,10,135,25
8100,B1,2,2,1,1,0,0,0,0,0,0,0,0,0,0,1,2,91,894,135
8100,B2,1,0,2,12,0,0,0,0,0,0,0,0,0,0,1,2,11,133,22
8100,C1,11,1,1,0,0,0,0,0,0,0,0,0,0,0,1,2,9,83,35
8110,A1,4,6,0,1,0,0,0,0,0,0,0,0,0,0,1,2,14,210,63
8110,B0,0,2,9,1,0,0,0,0,0,0,0,0,0,0,1,2,10,135,25
8110,B1,1,2,1,1,0,0,0,0,0,0,0,0,0,0,1,2,91,894,135
8110,B2,1,0,1,11,0,0,0,0,0,0,0,0,0,0,1,2,11,133,22
8110,C1,13,1,3,0,0,0,0,0,0,0,0,0,0,0,1,2,9,83,35
8120,A1,5,6,0,1,0,0,0,0,0,0,0,0,0,1,0,2,14,210,63
8120,B0,0,2,7,3,0,0,0,0,0,0,0,0,0,1,0,2,10,135,25
8120,B1,1,2,2,2,0,0,1,0,0,0,0,0,0,1,0,2,92,897,135
8120,B2,1,0,1,10,0,0,0,0,0,1,0,0,0,1,0,1,11,133,22
8120,C1,14,1,2,0,0,0,0,0,0,0,0,0,0,1,0,2,9,83,35
8130,A1,4,8,0,2,0,0,0,0,0,0,0,0,0,1,0,2,14,210,63
8130,B0,0,1,8,4,0,0,0,0,0,0,0,0,0,1,0,2,10,135,25
8130,B1,2,1,1,2,0,0,0,0,0,0,0,0,0,1,0,2,92,904,136
8130,B2,1,0,2,12,0,0,0,0,0,0,0,0,0,1,0,2,11,133,22
8130,C1,12,3,4,0,0,0,0,0,0,0,0,0,0,1,0,2,9,83,35
8140,A1,2,7,0,1,0,0,0,0,0,0,0,0,0,1,0,2,14,210,63
8140,B0,0,1,7,5,0,0,0,0,0,0,0,0,0,1,0,2,10,135,25
8140,B1,1,1,1,2,0,0,0,0,0,0,0,0,0,1,0,2,92,904,136
8140,B2,2,0,3,14,0,0,0,0,0,0,0,0,0,1,0,2,11,133,22
8140,C1,9,1,4,0,0,0,0,0,0,0,0,0,0,1,0,2,9,83,35
8150,A1,2,8,0,1,0,0,0,0,0,0,0,0,0,0,1,2,14,210,63
8150,B0,0,1,9,2,0,0,0,0,0,0,0,0,0,0,1,2,10,135,25
8150,B1,1,1,2,1,0,0,0,0,0,0,0,0,0,0,1,2,92,904,136
8150,B2,2,0,1,12,0,0,0,0,0,0,0,0,0,0,1,2,11,133,22
8150,C1,12,1,1,0,0,0,0,0,0,0,0,0,0,0,1,2,9,83,35
8160,A1,1,9,0,1,0,0,0,0,0,0,0,0,0,0,1,2,14,210,63
8160,B0,0,1,9,1,0,0,0,0,0,0,0,0,0,0,1,2,10,135,25
8160,B1,1,1,1,3,0,0,0,0,0,0,0,0,0,0,1,2,92,904,136
8160,B2,3,0,1,11,0,0,0,0,0,0,0,0,0,0,1,2,11,133,22
8160,C1,14,2,1,0,0,0,0,0,0,0,0,0,0,0,1,2,9,83,35
8170,A1,4,9,0,1,0,0,0,0,0,0,0,0,0,1,0,2,14,210,63
8170,B0,0,1,8,1,0,0,0,0,0,0,0,0,0,1,0,2,10,135,25
8170,B1,2,1,1,3,0,0,0,0,0,0,0,0,0,1,0,2,92,904,136
8170,B2,2,0,1,11,0,0,0,0,0,0,0,0,0,1,0,2,11,133,22
8170,C1,14,3,2,0,0,0,0,0,0,0,0,0,0,1,0,2,9,83,35
8180,A1,1,6,0,1,0,0,0,0,0,0,0,0,0,1,0,2,14,210,63
8180,B0,0,1,10,2,0,0,0,0,0,0,0,0,0,1,0,2,10,135,25
8180,B1,1,2,1,3,0,0,0,0,0,0,0,0,0,1,0,2,92,904,136
8180,B2,1,0,1,13,0,0,0,0,0,0,0,0,0,1,0,2,11,133,22
8180,C1,14,1,2,0,0,0,0,0,0,0,0,0,0,1,0,2,9,83,35
8190,A1,1,4,0,2,0,0,0,0,0,0,0,0,0,0,1,2,14,210,63
8190,B0,0,2,11,1,0,0,0,0,0,0,0,0,0,0,1,2,10,135,25
8190,B1,2,2,1,2,0,0,0,0,0,0,0,0,0,0,1,2,92,904,136
8190,B2,1,0,3,14,0,0,0,0,0,0,0,0,0,0,1,2,11,133,22
8190,C1,13,2,3,0,0,0,0,0,0,0,0,0,0,0,1,2,9,83,35
8200,A1,1,6,0,1,0,0,0,0,0,0,0,0,0,0,1,2,14,210,63
8200,B0,0,2,10,2,0,0,0,0,0,0,0,0,0,0,1,2,10,135,25
8200,B1,1,2,4,1,0,0,0,0,0,0,0,0,0,0,1,2,92,904,136
8200,B2,1,0,2,14,0,0,0,0,0,0,0,0,0,0,1,2,11,133,22
8200,C1,13,1,1,0,0,0,0,0,0,0,0,0,0,0,1,2,9,83,35
8210,A1,4,7,0,1,0,0,0,0,0,0,0,0,0,0,1,2,14,210,63
8210,B0,0,2,9,1,0,0,0,0,0,0,0,0,0,0,1,2,10,135,25
8210,B1,1,2,3,1,0,0,0,0,0,0,0,0,0,0,1,2,92,904,136
8210,B2,1,0,1,13,0,0,0,0,0,0,0,0,0,0,1,2,11,133,22
8210,C1,14,4,1,0,0,0,0,0,0,0,0,0,0,0,1,2,9,83,35
8220,A1,2,9,0,2,0,0,0,0,0,0,0,0,0,1,0,2,14,210,63
8220,B0,0,2,9,1,0,0,0,0,0,0,0,0,0,1,0,2,10,135,25
8220,B1,1,1,3,1,0,0,0,0,0,0,0,0,0,1,0,2,92,904,136
8220,B2,1,0,1,13,0,0,0,0,0,0,0,0,0,1,0,2,11,133,22
8220,C1,14,1,1,0,0,0,0,0,0,0,0,0,0,1,0,2,9,83,35
8230,A1,1,7,0,2,0,0,0,0,0,0,0,0,0,1,0,2,14,210,63
8230,B0,0,1,11,2,0,0,0,0,0,0,0,0,0,1,0,2,10,135,25
8230,B1,1,2,3,1,0,0,0,0,0,0,0,0,0,1,0,2,92,904,136
8230,B2,1,0,2,14,0,0,0,0,0,0,0,0,0,1,0,2,11,133,22
8230,C1,12,1,2,0,0,0,0,0,0,0,0,0,0,1,0,2,9,83,35
8240,A1,1,6,0,1,0,0,0,0,0,0,0,0,0,0,1,2,14,210,63
8240,B0,0,1,14,2,0,0,0,0,0,0,0,0,0,0,1,2,10,135,25
8240,B1,1,3,2,1,0,0,0,0,0,0,0,0,0,0,1,2,92,904,136
8240,B2,2,0,4,14,0,0,0,0,0,0,0,0,0,0,1,2,11,133,22
8240,C1,12,1,1,0,0,0,0,0,0,0,0,0,0,0,1,2,9,83,35
8250,A1,1,6,0,1,0,0,0,0,0,0,0,0,0,0,1,2,14,210,63
8250,B0,0,3,14,2,0,0,0,0,0,0,0,0,0,0,1,2,10,135,25
8250,B1,1,3,2,3,0,0,0,0,0,0,0,0,0,0,1,2,92,904,136
8250,B2,1,0,3,10,0,0,0,0,0,0,0,0,0,0,1,2,11,133,22
8250,C1,14,1,1,0,0,0,0,0,0,0,0,0,0,0,1,2,9,83,35
8260,A1,1,8,0,1,0,0,0,0,0,0,0,0,0,1,0,2,14,210,63
8260,B0,0,2,13,1,0,0,0,0,0,0,0,0,0,1,0,2,10,135,25
8260,B1,1,2,1,3,0,0,0,0,0,0,0,0,0,1,0,2,92,904,136
8260,B2,2,0,1,9,0,0,0,0,0,0,0,0,0,1,0,2,11,133,22
8260,C1,14,2,1,0,0,0,0,0,0,0,0,0,0,1,0,2,9,83,35
8270,A1,2,6,0,1,0,0,0,0,0,0,0,0,0,1,0,2,14,210,63
8270,B0,0,1,13,1,0,0,0,0,0,0,0,0,0,1,0,1,10,135,25
8270,B1,1,3,1,2,0,0,0,0,0,0,0,0,0,1,0,2,92,904,136
8270,B2,2,0,1,13,0,0,0,0,0,0,0,0,0,1,0,2,11,133,22
8270,C1,14,1,1,0,0,0,0,0,0,0,0,0,0,1,0,2,9,83,35
8280,A1,1,4,0,1,0,0,0,0,0,0,0,0,0,0,1,2,14,210,63
8280,B0,0,1,14,2,0,0,0,0,0,0,0,0,0,0,1,2,10,135,25
8280,B1,1,5,1,2,0,0,0,0,0,0,0,0,0,0,1,2,92,904,136
8280,B2,2,0,4,14,0,0,0,0,0,0,0,0,0,0,1,2,11,133,22
8280,C1,13,1,3,0,0,0,0,0,0,0,0,0,0,0,1,2,9,83,35
8290,A1,1,5,0,1,0,0,0,0,0,0,0,0,0,0,1,2,14,210,63
8290,B0,0,3,14,2,0,0,0,0,0,0,0,0,0,0,1,2,10,135,25
8290,B1,1,4,3,2,0,0,0,0,0,0,0,0,0,0,1,2,92,904,136
8290,B2,2,0,1,14,0,0,0,0,0,0,0,0,0,0,1,2,11,133,22
8290,C1,13,2,1,0,0,0,0,0,0,0,0,0,0,0,1,2,9,83,35
8300,A1,3,6,0,1,0,0,0,0,0,0,0,0,0,0,1,2,14,210,63
8300,B0,0,6,13,1,0,0,0,0,0,0,0,0,0,0,1,2,10,135,25
8300,B1,1,4,2,3,0,0,0,0,0,0,0,0,0,0,1,2,92,904,136
8300,B2,2,0,1,12,0,0,0,0,0,0,0,0,0,0,1,2,11,133,22
8300,C1,14,2,1,0,0,0,0,0,0,0,0,0,0,0,1,2,9,83,35
8310,A1,1,9,0,1,0,0,0,0,0,0,0,0,0,1,0,2,14,210,63
8310,B0,0,3,13,1,0,0,0,0,0,0,0,0,0,1,0,2,10,135,25
8310,B1,1,4,3,3,0,0,0,0,0,0,0,0,0,1,0,2,92,904,136
8310,B2,1,0,1,13,0,0,0,0,0,0,0,0,0,1,0,2,11,133,22
8310,C1,13,1,1,0,0,0,0,0,0,0,0,0,0,1,0,2,9,83,35
8320,A1,2,9,0,1,0,0,0,0,0,0,0,0,0,1,0,2,14,210,63
8320,B0,0,1,14,1,0,0,0,0,0,0,0,0,0,1,0,1,10,135,25
8320,B1,1,4,3,3,0,0,0,0,0,0,0,0,0,1,0,2,92,904,136
8320,B2,1,0,2,14,0,0,0,0,0,0,0,0,0,1,0,2,11,133,22
8320,C1,9,1,3,0,0,0,0,0,0,0,0,0,0,1,0,2,9,83,35
8330,A1,3,8,0,1,0,0,0,0,0,0,0,0,0,0,1,2,14,210,63
8330,B0,0,1,14,2,0,0,0,0,0,0,0,0,0,0,1,2,10,135,25
8330,B1,1,3,3,1,0,0,0,0,0,0,0,0,0,0,1,2,92,904,136
8330,B2,1,0,2,14,0,0,0,0,0,0,0,0,0,0,1,2,11,133,22
8330,C1,10,1,2,0,0,0,0,0,0,0,0,0,0,0,1,2,9,83,35
8340,A1,3,9,0,1,0,0,0,0,0,0,0,0,0,0,1,2,14,210,63
8340,B0,0,4,13,1,0,0,0,0,0,0,0,0,0,0,1,2,10,135,25
8340,B1,1,3,2,2,0,0,0,0,0,0,0,0,0,0,1,2,92,904,136
8340,B2,1,0,1,12,0,0,0,0,0,0,0,0,0,0,1,2,11,133,22
8340,C1,13,1,1,0,0,0,0,0,0,0,0,0,0,0,1,2,9,83,35
8350,A1,3,9,0,1,0,0,0,0,0,0,0,0,0,1,0,2,14,210,63
8350,B0,0,6,12,1,0,0,0,0,0,0,0,0,0,1,0,2,10,135,25
8350,B1,1,2,1,1,0,0,0,0,0,0,0,0,0,1,0,2,92,904,136
8350,B2,2,0,2,10,0,0,0,0,0,0,0,0,0,1,0,2,11,133,22
8350,C1,14,3,1,0,0,0,0,0,0,0,0,0,0,1,0,2,9,83,35
8360,A1,3,8,0,1,0,0,0,0,0,0,0,0,0,1,0,2,14,210,63
8360,B0,0,3,13,1,0,0,0,0,0,0,0,0,0,1,0,2,10,135,25
8360,B1,2,1,2,2,0,0,0,0,0,0,0,0,0,1,0,2,92,904,136
8360,B2,1,0,1,12,0,0,0,0,0,0,0,0,0,1,0,2,11,133,22
8360,C1,14,1,2,0,0,0,0,0,0,0,0,0,0,1,0,2,9,83,35
8370,A1,1,7,0,5,0,0,0,0,0,0,0,0,0,1,0,2,14,210,63
8370,B0,0,1,14,1,0,0,0,0,0,0,0,0,0,1,0,1,10,135,25
8370,B1,1,1,2,2,0,0,0,0,0,0,0,0,0,1,0,2,92,904,136
8370,B2,1,0,4,14,0,0,0,0,0,0,0,0,0,1,0,2,11,133,22
8370,C1,11,2,3,0,0,0,0,0,0,0,0,0,0,1,0,2,9,83,35
8380,A1,3,8,0,2,0,0,0,0,0,0,0,0,0,0,1,2,14,210,63
8380,B0,0,3,13,2,0,0,0,0,0,0,0,0,0,0,1,2,10,135,25
8380,B1,1,1,1,2,0,0,0,0,0,0,0,0,0,0,1,2,93,908,137
8380,B2,1,0,1,13,0,0,0,0,0,0,0,0,0,0,1,2,11,133,22
8380,C1,12,1,1,0,0,0,0,0,0,0,0,0,0,0,1,2,9,83,35
8390,A1,4,9,0,1,0,0,0,0,0,0,0,0,0,0,1,2,14,210,63
8390,B0,0,3,9,1,0,0,0,0,0,0,0,0,0,0,1,2,10,135,25
8390,B1,1,1,1,1,0,0,0,0,0,0,0,0,0,0,1,2,93,908,137
8390,B2,1,0,3,11,0,0,0,0,0,0,0,0,0,0,1,2,11,133,22
8390,C1,14,1,1,0,0,0,0,0,0,0,0,0,0,0,1,2,9,83,35
8400,A1,3,10,0,1,0,0,0,0,0,0,0,0,0,1,0,2,14,210,63
8400,B0,0,1,10,2,0,0,0,0,0,0,0,0,0,1,0,2,10,135,25
8400,B1,1,3,1,1,0,0,0,0,0,0,0,0,0,1,0,2,93,908,137
8400,B2,1,0,1,12,0,0,0,0,0,0,0,0,0,1,0,2,12,137,23
8400,C1,14,1,2,0,0,0,0,0,0,0,0,0,0,1,0,2,9,83,35
8410,A1,1,10,0,2,0,0,0,0,0,0,0,0,0,1,0,2,14,210,63
8410,B0,0,1,13,4,0,0,0,0,0,0,0,0,0,1,0,2,10,135,25
8410,B1,3,1,1,1,0,0,0,0,0,0,0,0,0,1,0,2,93,908,137
8410,B2,1,0,1,14,0,0,0,0,0,0,0,0,0,1,0,2,12,137,23
8410,C1,13,1,2,0,0,0,0,0,0,0,0,0,0,1,0,2,9,83,35
8420,A1,2,9,0,3,0,0,0,0,0,0,0,0,0,0,1,2,14,210,63
8420,B0,0,1,14,4,0,0,0,0,0,0,0,0,0,0,1,2,10,135,25
8420,B1,2,1,2,2,0,0,0,0,0,0,0,0,0,0,1,2,93,908,137
8420,B2,2,0,1,14,0,0,0,0,0,0,0,0,0,0,1,2,12,137,23
8420,C1,12,1,1,0,0,0,0,0,0,0,0,0,0,0,1,2,9,83,35
8430,A1,1,9,0,1,0,0,0,0,0,0,0,0,0,0,1,2,14,210,63
8430,B0,0,2,13,2,0,0,0,0,0,0,0,0,0,0,1,2,10,135,25
8430,B1,2,2,1,1,0,0,0,0,0,0,0,0,0,0,1,2,93,908,137
8430,B2,3,0,2,14,0,0,0,0,0,0,0,0,0,0,1,2,12,137,23
8430,C1,13,1,1,0,0,0,0,0,0,0,0,0,0,0,1,2,9,83,35
8440,A1,1,12,0,1,0,0,0,0,0,0,0,0,0,0,1,2,14,210,63
8440,B0,0,2,12,4,0,0,0,0,0,0,0,0,0,0,1,2,10,135,25
8440,B1,2,2,1,1,0,0,0,0,0,0,0,0,0,0,1,2,93,908,137
8440,B2,3,0,2,13,0,0,0,0,0,0,0,0,0,0,1,2,12,137,23
8440,C1,14,1,1,0,0,0,0,0,0,0,0,0,0,0,1,2,9,83,35
8450,A1,1,9,0,1,0,0,0,0,0,0,0,0,0,1,0,2,14,210,63
8450,B0,0,1,12,5,0,0,0,0,0,0,0,0,0,1,0,2,10,135,25
8450,B1,2,2,1,1,0,0,0,0,0,0,0,0,0,1,0,2,93,908,137
8450,B2,2,0,3,13,0,0,0,0,0,0,0,0,0,1,0,2,12,137,23
8450,C1,14,1,2,0,0,0,0,0,0,0,0,0,0,1,0,2,9,83,35
8460,A1,1,7,0,2,0,0,0,0,0,0,0,0,0,1,0,2,14,210,63
8460,B0,0,1,14,3,0,0,0,0,0,0,0,0,0,1,0,2,10,135,25
8460,B1,1,2,1,1,0,0,0,0,0,0,0,0,0,1,0,2,93,908,137
8460,B2,1,0,4,14,0,0,0,0,0,0,0,0,0,1,0,2,12,137,23
8460,C1,12,1,2,0,0,0,0,0,0,0,0,0,0,1,0,2,9,83,35
8470,A1,2,8,0,1,0,0,0,0,0,0,0,0,0,0,1,2,14,210,63
8470,B0,0,1,14,4,0,0,0,0,0,0,0,0,0,0,1,2,10,135,25
8470,B1,1,1,1,1,0,0,0,0,0,0,0,0,0,0,1,2,94,909,138
8470,B2,2,0,5,14,0,0,0,0,0,0,0,0,0,0,1,2,12,137,23
8470,C1,12,1,1,0,0,0,0,0,0,0,0,0,0,0,1,2,9,83,35
8480,A1,4,9,0,1,0,0,0,0,0,0,0,0,0,0,1,2,14,210,63
8480,B0,0,2,10,1,0,0,0,0,0,0,0,0,0,0,1,2,10,135,25
8480,B1,1,1,2,1,0,0,0,0,0,0,0,0,0,0,1,2,94,909,138
8480,B2,2,0,3,14,0,0,0,0,0,0,0,0,0,0,1,2,12,137,23
8480,C1,14,2,2,0,0,0,0,0,0,0,0,0,0,0,1,2,9,83,35
8490,A1,2,12,0,2,0,0,0,0,0,0,0,0,0,1,0,2,14,210,63
8490,B0,0,1,9,1,0,0,0,0,0,0,0,0,0,1,0,2,10,135,25
8490,B1,3,2,2,1,0,0,0,0,0,0,0,0,0,1,0,2,94,909,138
8490,B2,1,0,3,13,0,0,0,0,0,0,0,0,0,1,0,2,12,137,23
8490,C1,14,1,3,0,0,0,0,0,0,0,0,0,0,1,0,2,9,83,35
8500,A1,3,12,0,3,0,0,0,0,0,0,0,0,0,1,0,2,14,210,63
8500,B0,0,1,9,2,0,0,0,0,0,0,0,0,0,1,0,2,10,135,25
8500,B1,3,1,2,1,0,0,0,0,0,0,0,0,0,1,0,2,94,909,138
8500,B2,1,0,3,13,0,0,0,0,0,0,0,0,0,1,0,2,12,137,23
8500,C1,14,1,4,0,0,0,0,0,0,0,0,0,0,1,0,2,9,83,35
8510,A1,1,11,0,3,0,0,0,0,0,0,0,0,0,0,1,2,14,210,63
8510,B0,0,1,10,2,0,0,0,0,0,0,0,0,0,0,1,2,10,135,25
8510,B1,3,1,2,1,0,0,0,0,0,0,0,0,0,0,1,2,94,909,138
8510,B2,1,0,3,14,0,0,0,0,0,0,0,0,0,0,1,2,12,137,23
8510,C1,13,3,4,0,0,0,0,0,0,0,0,0,0,0,1,2,9,83,35
8520,A1,1,12,0,1,0,0,0,0,0,0,0,0,0,0,1,2,14,210,63
8520,B0,0,2,12,1,0,0,0,0,0,0,0,0,0,0,1,2,10,135,25
8520,B1,4,1,2,2,0,0,0,0,0,0,0,0,0,0,1,2,94,909,138
8520,B2,1,0,2,14,0,0,0,0,0,0,0,0,0,0,1,2,12,137,23
8520,C1,13,3,2,0,0,0,0,0,0,0,0,0,0,0,1,2,9,83,35
8530,A1,2,12,0,1,0,0,0,0,0,0,0,0,0,0,1,2,14,210,63
8530,B0,0,3,9,3,0,0,0,0,0,0,0,0,0,0,1,2,10,135,25
8530,B1,4,1,2,2,0,0,0,0,0,0,0,0,0,0,1,2,94,909,138
8530,B2,4,0,5,13,0,0,0,0,0,0,0,0,0,0,1,2,12,137,23
8530,C1,14,4,1,0,0,0,0,0,0,0,0,0,0,0,1,2,9,83,35
8540,A1,1,14,0,2,0,0,0,0,0,0,0,0,0,1,0,2,14,210,63
8540,B0,0,1,9,1,0,0,0,0,0,0,0,0,0,1,0,2,10,135,25
8540,B1,3,1,1,1,0,0,0,0,0,0,0,0,0,1,0,2,94,909,138
8540,B2,1,0,2,13,0,0,0,0,0,0,0,0,0,1,0,2,12,137,23
8540,C1,13,2,3,0,0,0,0,0,0,0,0,0,0,1,0,2,9,83,35
8550,A1,2,11,0,1,0,0,0,0,0,0,0,0,0,1,0,2,14,210,63
8550,B0,0,1,10,3,0,0,0,0,0,0,0,0,0,1,0,2,10,135,25
8550,B1,2,4,1,1,0,0,0,0,0,0,0,0,0,1,0,2,94,909,138
8550,B2,1,0,3,14,0,0,0,0,0,0,0,0,0,1,0,2,12,137,23
8550,C1,13,2,4,0,0,0,0,0,0,0,0,0,0,1,0,2,9,83,35
8560,A1,1,10,0,1,0,0,0,0,0,0,0,0,0,0,1,2,14,210,63
8560,B0,0,1,11,2,0,0,0,0,0,0,0,0,0,0,1,2,10,135,25
8560,B1,1,4,1,1,0,0,0,0,0,0,0,0,0,0,1,2,94,909,138
8560,B2,1,0,2,14,0,0,0,0,0,0,0,0,0,0,1,2,12,137,23
8560,C1,13,1,5,0,0,0,0,0,0,0,0,0,0,0,1,2,9,83,35
8570,A1,1,12,0,5,0,0,0,0,0,0,0,0,0,0,1,2,14,210,63
8570,B0,0,2,11,1,0,0,0,0,0,0,0,0,0,0,1,2,10,135,25
8570,B1,1,4,1,1,0,0,0,0,0,0,0,0,0,0,1,2,94,909,138
8570,B2,1,0,1,13,0,0,0,0,0,0,0,0,0,0,1,2,12,137,23
8570,C1,14,1,1,0,0,0,0,0,0,0,0,0,0,0,1,2,9,83,35
8580,A1,3,12,0,3,0,0,0,0,0,0,0,0,0,1,0,2,14,210,63
8580,B0,0,2,11,2,0,0,0,0,0,0,0,0,0,1,0,2,10,135,25
8580,B1,2,4,3,1,0,0,0,0,0,0,0,0,0,1,0,2,94,909,138
8580,B2,2,0,1,12,0,0,0,0,0,0,0,0,0,1,0,2,12,137,23
8580,C1,14,2,1,0,0,0,0,0,0,0,0,0,0,1,0,2,9,83,35
8590,A1,3,14,0,3,0,0,0,0,0,0,0,0,0,1,0,2,14,210,63
8590,B0,0,1,11,2,0,0,0,0,0,0,0,0,0,1,0,2,10,135,25
8590,B1,1,3,3,1,0,0,0,0,0,0,0,0,0,1,0,2,94,909,138
8590,B2,2,0,1,13,0,0,0,0,0,0,0,0,0,1,0,2,12,137,23
8590,C1,14,1,2,0,0,0,0,0,0,0,0,0,0,1,0,2,9,83,35
8600,A1,1,12,0,3,0,0,0,0,0,0,0,0,0,1,0,2,14,210,63
8600,B0,0,1,12,4,0,0,0,0,0,0,0,0,0,1,0,2,10,135,25
8600,B1,1,1,3,1,0,0,0,0,0,0,0,0,0,1,0,2,94,909,138
8600,B2,1,0,1,14,0,0,0,0,0,0,0,0,0,1,0,2,12,137,23
8600,C1,11,3,2,0,0,0,0,0,0,0,0,0,0,1,0,2,9,83,35
8610,A1,1,13,0,1,0,0,0,0,0,0,0,0,0,0,1,2,14,210,63
8610,B0,0,3,12,1,0,0,0,0,0,0,0,0,0,0,1,2,10,135,25
8610,B1,1,1,2,1,0,0,0,0,0,0,0,0,0,0,1,2,94,909,138
8610,B2,1,0,1,14,0,0,0,0,0,0,0,0,0,0,1,2,12,137,23
8610,C1,12,2,2,0,0,0,0,0,0,0,0,0,0,0,1,2,9,83,35
8620,A1,5,13,0,1,0,0,0,0,0,0,0,0,0,0,1,2,14,210,63
8620,B0,0,4,12,1,0,0,0,0,0,0,0,0,0,0,1,2,10,135,25
8620,B1,1,1,2,2,0,0,0,0,0,0,0,0,0,0,1,2,94,909,138
8620,B2,1,0,1,12,0,0,0,0,0,0,0,0,0,0,1,2,12,137,23
8620,C1,14,4,3,0,0,0,0,0,0,0,0,0,0,0,1,2,9,83,35
8630,A1,4,14,0,2,0,0,0,0,0,0,0,0,0,1,0,2,14,210,63
8630,B0,0,2,10,2,0,0,0,0,0,0,0,0,0,1,0,2,10,135,25
8630,B1,1,1,1,1,0,0,0,0,0,0,0,0,0,1,0,2,95,913,139
8630,B2,1,0,1,11,0,0,0,0,0,0,0,0,0,1,0,2,12,137,23
8630,C1,14,3,4,0,0,0,0,0,0,0,0,0,0,1,0,2,9,83,35
8640,A1,2,14,0,2,0,0,0,0,0,0,0,0,0,1,0,2,14,210,63
8640,B0,0,1,12,2,0,0,0,0,0,0,0,0,0,1,0,2,10,135,25
8640,B1,2,1,1,1,0,0,0,0,0,0,0,0,0,1,0,2,95,913,139
8640,B2,1,0,3,13,0,0,0,0,0,0,0,0,0,1,0,2,12,137,23
8640,C1,13,1,5,0,0,0,0,0,0,0,0,0,0,1,0,2,9,83,35
8650,A1,1,13,0,2,0,0,0,0,0,0,0,0,0,0,1,2,14,210,63
8650,B0,0,2,13,3,0,0,0,0,0,0,0,0,0,0,1,2,10,135,25
8650,B1,2,2,2,1,0,0,0,0,0,0,0,0,0,0,1,2,95,913,139
8650,B2,1,0,3,14,0,0,0,0,0,0,0,0,0,0,1,2,12,137,23
8650,C1,12,2,4,0,0,0,0,0,0,0,0,0,0,0,1,2,9,83,35
8660,A1,3,13,0,1,0,0,0,0,0,0,0,0,0,0,1,2,14,210,63
8660,B0,0,1,14,1,0,0,0,0,0,0,0,0,0,0,1,2,10,135,25
8660,B1,2,2,2,2,0,0,0,0,0,0,0,0,0,0,1,2,95,913,139
8660,B2,1,0,2,14,0,0,0,0,0,0,0,0,0,0,1,2,12,137,23
8660,C1,13,3,1,0,0,0,0,0,0,0,0,0,0,0,1,2,9,83,35
8670,A1,4,14,0,1,0,0,0,0,0,0,0,0,0,0,1,2,14,210,63
8670,B0,0,2,13,2,0,0,0,0,0,0,0,0,0,0,1,2,10,135,25
8670,B1,2,2,1,3,0,0,0,0,0,0,0,0,0,0,1,2,95,913,139
8670,B2,1,0,2,13,0,0,0,0,0,0,0,0,0,0,1,2,12,137,23
8670,C1,14,4,1,0,0,0,0,0,0,0,0,0,0,0,1,2,9,83,35
8680,A1,1,14,0,1,0,0,0,0,0,0,0,0,0,1,0,2,14,210,63
8680,B0,0,1,13,1,0,0,0,0,0,0,0,0,0,1,0,1,10,135,25
8680,B1,1,1,2,3,0,0,0,0,0,0,0,0,0,1,0,2,96,917,140
8680,B2,1,0,2,13,0,0,0,0,0,0,0,0,0,1,0,2,12,137,23
8680,C1,14,2,1,0,0,0,0,0,0,0,0,0,0,1,0,2,9,83,35
8690,A1,1,12,0,1,0,0,0,0,0,0,0,0,0,1,0,2,14,210,63
8690,B0,0,1,13,2,0,0,0,0,0,0,0,0,0,1,0,2,10,135,25
8690,B1,4,1,2,3,0,0,0,0,0,0,0,0,0,1,0,2,96,917,140
8690,B2,1,0,5,14,0,0,0,0,0,0,0,0,0,1,0,1,12,137,23
8690,C1,12,1,1,0,0,0,0,0,0,0,0,0,0,1,0,2,9,83,35
8700,A1,1,12,0,1,0,0,0,0,0,0,0,0,0,0,1,2,14,210,63
8700,B0,0,2,13,2,0,0,0,0,0,0,0,0,0,0,1,2,10,135,25
8700,B1,3,1,3,3,0,0,0,0,0,0,0,0,0,0,1,2,96,917,140
8700,B2,1,0,4,14,0,0,0,0,0,0,0,0,0,0,1,2,12,137,23
8700,C1,12,1,2,0,0,0,0,0,0,0,0,0,0,0,1,2,10,86,36
8710,A1,1,14,0,1,0,0,0,0,0,0,0,0,0,0,1,2,14,210,63
8710,B0,0,1,13,1,0,0,0,0,0,0,0,0,0,0,1,2,10,135,25
8710,B1,3,1,1,1,0,0,0,0,0,0,0,0,0,0,1,2,96,917,140
8710,B2,1,0,4,14,0,0,0,0,0,0,0,0,0,0,1,2,12,137,23
8710,C1,14,1,1,0,0,0,0,0,0,0,0,0,0,0,1,2,10,86,36
8720,A1,2,14,0,1,0,0,0,0,0,0,0,0,0,1,0,2,14,210,63
8720,B0,0,1,12,3,0,0,0,0,0,0,0,0,0,1,0,2,10,135,25
8720,B1,2,1,2,1,0,0,0,0,0,0,1,0,0,1,0,1,97,921,141
8720,B2,1,0,1,12,0,1,0,0,0,0,0,0,0,1,0,2,13,145,23
8720,C1,14,1,2,0,0,0,0,0,0,0,0,0,0,1,0,2,10,86,36
8730,A1,1,13,0,1,0,0,0,0,0,0,0,0,0,1,0,2,14,210,63
8730,B0,0,1,13,2,0,0,0,0,0,0,0,0,0,1,0,2,10,135,25
8730,B1,1,2,2,1,0,0,0,0,0,0,0,0,0,1,0,2,97,921,141
8730,B2,1,0,2,13,0,0,0,0,0,0,0,0,0,1,0,2,13,145,24
8730,C1,12,2,2,0,0,0,0,0,0,0,0,0,0,1,0,2,10,86,36
8740,A1,1,11,0,2,0,0,0,0,0,0,0,0,0,0,1,2,14,210,63
8740,B0,0,1,14,2,0,0,0,0,0,0,0,0,0,0,1,2,10,135,25
8740,B1,2,2,2,1,0,0,0,0,0,0,0,0,0,0,1,2,97,921,141
8740,B2,1,0,3,14,0,0,0,0,0,0,0,0,0,0,1,2,13,145,24
8740,C1,10,2,2,0,0,0,0,0,0,0,0,0,0,0,1,2,10,86,36
8750,A1,2,13,0,3,0,0,0,0,0,0,0,0,0,0,1,2,14,210,63
8750,B0,0,1,14,1,0,0,0,0,0,0,0,0,0,0,1,2,10,135,25
8750,B1,2,2,1,2,0,0,0,0,0,0,0,0,0,0,1,2,97,921,141
8750,B2,1,0,1,14,0,0,0,0,0,0,0,0,0,0,1,2,13,145,24
8750,C1,13,3,1,0,0,0,0,0,0,0,0,0,0,0,1,2,10,86,36
8760,A1,3,14,0,1,0,0,0,0,0,0,0,0,0,0,1,2,14,210,63
8760,B0,0,1,13,1,0,0,0,0,0,0,0,0,0,0,1,2,10,135,25
8760,B1,2,2,1,3,0,0,0,0,0,0,0,0,0,0,1,2,97,921,141
8760,B2,1,0,1,10,0,0,0,0,0,0,0,0,0,0,1,2,13,145,24
8760,C1,14,5,1,0,0,0,0,0,0,0,0,0,0,0,1,2,10,86,36
8770,A1,2,14,0,3,0,0,0,0,0,0,0,0,0,1,0,2,14,210,63
8770,B0,0,1,13,1,0,0,0,0,0,0,0,0,0,1,0,1,10,135,25
8770,B1,1,1,1,3,0,0,0,0,0,0,0,0,0,1,0,2,97,921,141
8770,B2,1,0,2,11,0,0,0,0,0,0,0,0,0,1,0,2,13,145,24
8770,C1,14,3,3,0,0,0,0,0,0,0,0,0,0,1,0,2,10,86,36
8780,A1,1,12,0,3,0,0,0,0,0,0,0,0,0,1,0,2,14,210,63
8780,B0,0,1,14,1,0,0,0,0,0,0,0,0,0,1,0,1,10,135,25
8780,B1,1,2,1,3,0,0,0,0,0,0,0,0,0,1,0,2,97,921,141
8780,B2,1,0,2,13,0,0,0,0,0,0,0,0,0,1,0,2,13,145,24
8780,C1,14,1,3,0,0,0,0,0,0,0,0,0,0,1,0,2,10,86,36
8790,A1,3,11,0,3,0,0,0,0,0,0,0,0,0,0,1,2,14,210,63
8790,B0,0,3,14,1,0,0,0,0,0,0,0,0,0,0,1,2,10,135,25
8790,B1,1,1,1,1,0,0,0,0,0,0,0,0,0,0,1,2,97,921,141
8790,B2,2,0,2,13,0,0,0,0,0,0,0,0,0,0,1,2,13,145,24
8790,C1,13,1,2,0,0,0,0,0,0,0,0,0,0,0,1,2,10,86,36
8800,A1,3,13,0,1,0,0,0,0,0,0,0,0,0,0,1,2,14,210,63
8800,B0,0,4,11,1,0,0,0,0,0,0,0,0,0,0,1,2,10,135,25
8800,B1,1,1,2,2,0,0,0,0,0,0,0,0,0,0,1,2,97,921,141
8800,B2,2,0,1,12,0,0,0,0,0,0,0,0,0,0,1,2,13,145,24
8800,C1,13,1,1,0,0,0,0,0,0,0,0,0,0,0,1,2,10,86,36
8810,A1,4,14,0,1,0,0,0,0,0,0,0,0,0,1,0,2,14,210,63
8810,B0,0,4,10,2,0,0,0,0,0,0,1,0,0,1,0,1,10,135,25
8810,B1,1,1,4,2,0,1,0,0,0,0,0,0,0,1,0,2,98,925,141
8810,B2,2,0,2,12,0,0,0,0,0,0,0,0,0,1,0,2,13,145,24
8810,C1,14,2,1,0,0,0,0,0,0,0,0,0,0,1,0,2,10,86,36
8820,A1,1,14,0,4,0,0,0,0,0,0,0,0,0,1,0,2,14,210,63
8820,B0,0,1,13,2,0,0,0,0,0,0,0,0,0,1,0,2,10,135,25
8820,B1,2,2,4,2,0,0,0,0,0,0,0,0,0,1,0,2,98,927,142
8820,B2,1,0,2,13,0,0,0,0,0,0,0,0,0,1,0,2,13,145,24
8820,C1,13,1,2,0,0,0,0,0,0,0,0,0,0,1,0,2,10,86,36
8830,A1,1,13,0,4,0,0,0,0,0,0,0,0,0,1,0,2,14,210,63
8830,B0,0,1,14,3,0,0,0,0,0,0,0,0,0,1,0,2,10,135,25
8830,B1,2,2,3,2,0,0,0,0,0,0,0,0,0,1,0,2,98,927,142
8830,B2,1,0,4,14,0,0,0,0,0,0,0,0,0,1,0,2,13,145,24
8830,C1,12,1,2,0,0,0,0,0,0,0,0,0,0,1,0,2,10,86,36
8840,A1,1,13,0,2,0,0,0,0,0,0,0,0,0,0,1,2,14,210,63
8840,B0,0,1,13,3,0,0,0,0,0,0,0,0,0,0,1,2,10,135,25
8840,B1,3,2,3,1,0,0,0,0,0,0,0,0,0,0,1,2,98,927,142
8840,B2,1,0,1,13,0,0,0,0,0,0,0,0,0,0,1,2,13,145,24
8840,C1,13,1,1,0,0,0,0,0,0,0,0,0,0,0,1,2,10,86,36
8850,A1,2,14,0,1,0,0,0,0,0,0,0,0,0,0,1,2,14,210,63
8850,B0,0,2,14,1,0,0,0,0,0,0,0,0,0,0,1,2,10,135,25
8850,B1,3,2,1,2,0,0,0,0,0,0,0,0,0,0,1,2,98,927,142
8850,B2,1,0,1,11,0,0,0,0,0,0,0,0,0,0,1,2,13,145,24
8850,C1,14,3,1,0,0,0,0,0,0,0,0,0,0,0,1,2,10,86,36
8860,A1,2,14,0,2,0,0,0,0,0,0,0,0,0,1,0,2,14,210,63
8860,B0,0,1,13,2,0,0,0,0,0,0,0,0,0,1,0,2,10,135,25
8860,B1,1,1,1,1,0,0,0,0,0,0,0,0,0,1,0,2,99,935,144
8860,B2,1,0,1,11,0,0,0,0,0,0,0,0,0,1,0,2,13,145,24
8860,C1,14,2,2,0,0,0,0,0,0,0,0,0,0,1,0,2,10,86,36
8870,A1,1,12,0,2,0,0,0,0,0,0,0,0,0,1,0,2,14,210,63
8870,B0,0,1,13,2,0,0,0,0,0,0,0,0,0,1,0,2,10,135,25
8870,B1,3,2,1,1,0,0,0,0,0,0,0,0,0,1,0,2,99,935,144
8870,B2,1,0,1,13,0,0,0,0,0,0,0,0,0,1,0,2,13,145,24
8870,C1,13,1,4,0,0,0,0,0,0,0,0,0,0,1,0,2,10,86,36
8880,A1,1,12,0,1,0,0,0,0,0,0,0,0,0,0,1,2,14,210,63
8880,B0,0,1,14,2,0,0,0,0,0,0,0,0,0,0,1,2,10,135,25
8880,B1,2,2,1,1,0,0,0,0,0,0,0,0,0,0,1,2,99,935,144
8880,B2,2,0,4,14,0,0,0,0,0,0,0,0,0,0,1,2,13,145,24
8880,C1,11,1,2,0,0,0,0,0,0,0,0,0,0,0,1,2,10,86,36
8890,A1,2,13,0,4,0,0,0,0,0,0,0,0,0,0,1,2,14,210,63
8890,B0,0,1,14,3,0,0,0,0,0,0,0,0,0,0,1,2,10,135,25
8890,B1,2,2,2,2,0,0,0,0,0,0,0,0,0,0,1,2,99,935,144
8890,B2,1,0,1,14,0,0,0,0,0,0,0,0,0,0,1,2,13,145,24
8890,C1,13,1,1,0,0,0,0,0,0,0,0,0,0,0,1,2,10,86,36
8900,A1,6,14,0,3,0,0,0,0,0,0,0,0,0,0,1,2,14,210,63
8900,B0,0,2,13,3,0,0,0,0,0,0,0,0,0,0,1,2,10,135,25
8900,B1,2,2,1,2,0,0,0,0,0,0,0,0,0,0,1,2,99,935,144
8900,B2,1,0,1,12,0,0,0,0,0,0,0,0,0,0,1,2,13,145,24
8900,C1,14,3,1,0,0,0,0,0,0,0,0,0,0,0,1,2,10,86,36
8910,A1,2,14,0,3,0,0,0,0,0,0,0,0,0,1,0,2,15,211,64
8910,B0,0,1,13,1,0,0,0,0,0,0,0,0,0,1,0,1,10,135,25
8910,B1,2,1,1,2,0,0,1,0,0,0,0,0,0,1,0,2,100,955,144
8910,B2,1,0,1,13,0,0,0,0,0,1,0,0,0,1,0,1,13,145,24
8910,C1,13,3,1,0,0,0,0,0,0,0,0,0,0,1,0,2,10,86,36
8920,A1,3,13,0,3,0,0,0,0,0,0,0,0,0,1,0,2,15,211,64
8920,B0,0,1,14,2,0,0,0,0,0,0,0,0,0,1,0,2,10,135,25
8920,B1,1,5,1,2,0,0,0,0,0,0,0,0,0,1,0,2,100,956,146
8920,B2,1,0,2,14,0,0,0,0,0,0,0,0,0,1,0,2,13,145,24
8920,C1,10,1,2,0,0,0,0,0,0,0,0,0,0,1,0,2,10,86,36
8930,A1,1,13,0,1,0,0,0,0,0,0,0,0,0,0,1,2,15,211,64
8930,B0,0,1,13,6,0,0,0,0,0,0,0,0,0,0,1,2,10,135,25
8930,B1,1,3,1,1,0,0,0,0,0,0,0,0,0,0,1,2,100,956,146
8930,B2,2,0,4,14,0,0,0,0,0,0,0,0,0,0,1,2,13,145,24
8930,C1,11,1,1,0,0,0,0,0,0,0,0,0,0,0,1,2,10,86,36
8940,A1,2,14,0,1,0,0,0,0,0,0,0,0,0,0,1,2,15,211,64
8940,B0,0,1,13,1,0,0,0,0,0,0,0,0,0,0,1,2,10,135,25
8940,B1,1,3,1,1,0,0,0,0,0,0,0,0,0,0,1,2,100,956,146
8940,B2,3,0,1,13,0,0,0,0,0,0,0,0,0,0,1,2,13,145,24
8940,C1,13,1,1,0,0,0,0,0,0,0,0,0,0,0,1,2,10,86,36
8950,A1,3,14,0,1,0,0,0,0,0,0,0,0,0,1,0,2,15,211,64
8950,B0,0,2,13,1,0,0,0,0,0,0,0,0,0,1,0,2,10,135,25
8950,B1,1,2,1,2,0,0,0,0,0,0,0,0,0,1,0,2,100,956,146
8950,B2,3,0,1,13,0,0,0,0,0,0,0,0,0,1,0,2,13,145,24
8950,C1,14,1,1,0,0,0,0,0,0,0,0,0,0,1,0,2,10,86,36
8960,A1,1,14,0,1,0,0,0,0,0,0,0,0,0,1,0,2,15,211,64
8960,B0,0,1,13,1,0,0,0,0,0,0,0,0,0,1,0,1,10,135,25
8960,B1,2,3,1,2,0,0,0,0,0,0,0,0,0,1,0,2,100,956,146
8960,B2,1,0,3,14,0,0,0,0,0,0,0,0,0,1,0,2,13,145,24
8960,C1,12,3,2,0,0,0,0,0,0,0,0,0,0,1,0,2,10,86,36
8970,A1,2,12,0,1,0,0,0,0,0,0,0,0,1,0,1,2,15,211,64
8970,B0,0,1,14,2,0,0,0,0,0,0,0,0,0,0,1,2,10,135,25
8970,B1,1,5,1,2,0,0,0,1,0,0,0,0,0,0,1,2,101,957,146
8970,B2,2,0,4,14,0,0,0,0,0,0,0,0,0,0,1,2,13,145,24
8970,C1,9,1,3,0,0,0,0,0,0,0,0,0,0,0,1,2,10,86,36
8980,A1,3,13,0,1,0,0,0,0,0,0,0,0,0,0,1,2,15,211,64
8980,B0,0,3,12,2,0,0,0,0,0,0,0,0,0,0,1,2,10,135,25
8980,B1,1,4,1,1,0,0,0,0,0,0,0,0,0,0,1,2,101,959,147
8980,B2,5,0,1,14,0,0,0,0,0,0,0,0,0,0,1,2,13,145,24
8980,C1,12,2,1,0,0,0,0,0,0,0,0,0,0,0,1,2,10,86,36
8990,A1,1,14,0,1,0,0,0,0,0,0,0,0,0,0,1,2,15,211,64
8990,B0,0,4,10,2,0,0,0,0,0,0,0,0,0,0,1,2,10,135,25
8990,B1,1,4,1,2,0,0,0,0,0,0,0,0,0,0,1,2,101,959,147
8990,B2,6,0,1,14,0,0,0,0,0,0,0,0,0,0,1,2,13,145,24
8990,C1,14,1,1,0,0,0,0,0,0,0,0,0,0,0,1,2,10,86,36
9000,A1,3,14,0,2,0,0,0,0,0,0,0,0,0,1,0,2,15,211,64
9000,B0,0,2,12,1,0,0,0,0,0,0,0,0,0,1,0,2,10,135,25
9000,B1,1,1,2,4,0,0,0,0,0,0,0,0,0,1,0,2,101,959,147
9000,B2,3,0,1,13,0,0,0,0,0,0,0,0,0,1,0,2,13,145,24
9000,C1,14,1,1,0,0,0,0,0,0,0,0,0,0,1,0,2,10,86,36
9010,A1,1,13,0,3,0,0,0,0,0,0,0,0,0,1,0,2,15,211,64
9010,B0,0,1,13,1,0,0,0,0,0,0,0,0,0,1,0,1,10,135,25
9010,B1,3,3,1,4,0,0,0,0,0,0,0,0,0,1,0,2,101,959,147
9010,B2,1,0,3,14,0,0,0,0,0,0,0,0,0,1,0,2,13,145,24
9010,C1,12,1,2,0,0,0,0,0,0,0,0,0,0,1,0,2,10,86,36
9020,A1,1,12,0,2,0,0,0,0,0,0,0,0,0,0,1,2,15,211,64
9020,B0,0,2,14,1,0,0,0,0,0,0,0,0,0,0,1,2,10,135,25
9020,B1,2,1,2,3,0,0,0,0,0,0,0,0,0,0,1,2,101,959,147
9020,B2,1,0,4,14,0,0,0,0,0,0,0,0,0,0,1,2,13,145,24
9020,C1,11,1,2,0,0,0,0,0,0,0,0,0,0,0,1,2,10,86,36
9030,A1,3,13,0,1,0,0,0,0,0,0,0,0,0,0,1,2,15,211,64
9030,B0,0,3,12,1,0,0,0,0,0,0,0,0,0,0,1,2,10,135,25
9030,B1,2,1,1,4,0,0,0,0,0,0,0,0,0,0,1,2,101,959,147
9030,B2,1,0,2,14,0,0,0,0,0,0,0,0,0,0,1,2,13,145,24
9030,C1,13,2,2,0,0,0,0,0,0,0,0,0,0,0,1,2,10,86,36
9040,A1,3,14,0,2,0,0,0,0,0,0,0,0,0,1,0,2,15,211,64
9040,B0,0,2,9,1,0,0,0,0,0,0,0,0,0,1,0,2,10,135,25
9040,B1,1,4,2,3,0,0,0,0,0,0,0,0,0,1,0,2,101,959,147
9040,B2,1,0,2,12,0,0,0,0,0,0,0,0,0,1,0,2,13,145,24
9040,C1,14,3,2,0,0,0,0,0,0,0,0,0,0,1,0,2,10,86,36
9050,A1,1,14,0,2,0,0,0,0,0,0,0,0,0,1,0,2,15,211,64
9050,B0,0,1,11,1,0,0,0,0,0,0,0,0,0,1,0,2,10,135,25
9050,B1,1,2,2,3,0,0,0,0,0,0,0,0,0,1,0,2,101,959,147
9050,B2,1,0,3,13,0,0,0,0,0,0,0,0,0,1,0,2,13,145,24
9050,C1,14,1,4,0,0,0,0,0,0,0,0,0,0,1,0,2,10,86,36
9060,A1,1,11,0,2,0,0,0,0,0,0,0,0,0,1,0,2,15,211,64
9060,B0,0,1,10,1,0,0,0,0,0,0,0,0,0,1,0,2,10,135,25
9060,B1,1,3,2,3,0,0,0,0,0,0,0,0,0,1,0,2,101,959,147
9060,B2,1,0,1,14,0,0,0,0,0,0,0,0,0,1,0,2,13,145,24
9060,C1,13,3,4,0,0,0,0,0,0,0,0,0,0,1,0,2,10,86,36
9070,A1,2,12,0,1,0,0,0,0,0,0,0,0,0,0,1,2,15,211,64
9070,B0,0,1,10,2,0,0,0,0,0,0,0,0,0,0,1,2,10,135,25
9070,B1,2,1,3,1,0,0,0,0,0,0,0,0,0,0,1,2,101,959,147
9070,B2,3,0,1,14,0,0,0,0,0,0,0,0,0,0,1,2,13,145,24
9070,C1,13,1,1,0,0,0,0,0,0,0,0,0,0,0,1,2,10,86,36
9080,A1,1,14,0,1,0,0,0,0,0,0,0,0,0,0,1,2,15,211,64
9080,B0,0,1,10,1,0,0,0,0,0,0,0,0,0,0,1,2,10,135,25
9080,B1,2,1,5,1,0,0,0,0,0,0,0,0,0,0,1,2,101,959,147
9080,B2,4,0,1,11,0,0,0,0,0,0,0,0,0,0,1,2,13,145,24
9080,C1,14,5,1,0,0,0,0,0,0,0,0,0,0,0,1,2,10,86,36
9090,A1,1,14,0,1,0,0,0,0,0,0,0,0,0,1,0,2,15,211,64
9090,B0,0,2,9,2,0,0,0,0,0,0,0,0,0,1,0,2,10,135,25
9090,B1,2,2,4,1,0,0,0,0,0,0,0,0,0,1,0,2,101,959,147
9090,B2,3,0,2,11,0,0,0,0,0,0,0,0,0,1,0,2,13,145,24
9090,C1,14,3,1,0,0,0,0,0,0,0,0,0,0,1,0,2,10,86,36
9100,A1,1,13,0,2,0,0,0,0,0,0,0,0,0,1,0,2,15,211,64
9100,B0,0,1,9,4,0,0,0,0,0,0,0,0,0,1,0,2,10,135,25
9100,B1,2,1,4,1,0,0,0,0,0,0,0,0,0,1,0,2,101,959,147
9100,B2,1,0,2,14,0,0,0,0,0,0,0,0,0,1,0,2,13,145,24
9100,C1,13,1,1,0,0,0,0,0,0,0,0,0,0,1,0,2,10,86,36
9110,A1,1,13,0,2,0,0,0,0,0,0,0,0,0,0,1,2,15,211,64
9110,B0,0,1,10,4,0,0,0,0,0,0,0,0,0,0,1,2,10,135,25
9110,B1,2,1,4,2,0,0,0,0,0,0,0,0,0,0,1,2,101,959,147
9110,B2,1,0,3,14,0,0,0,0,0,0,0,0,0,0,1,2,13,145,24
9110,C1,11,1,1,0,0,0,0,0,0,0,0,0,0,0,1,2,10,86,36
9120,A1,1,13,0,2,0,0,0,0,0,0,0,0,0,0,1,2,15,211,64
9120,B0,0,1,10,1,0,0,0,0,0,0,0,0,0,0,1,2,10,135,25
9120,B1,2,1,3,3,0,0,0,0,0,0,0,0,0,0,1,2,101,959,147
9120,B2,1,0,2,13,0,0,0,0,0,0,0,0,0,0,1,2,13,145,24
9120,C1,13,1,1,0,0,0,0,0,0,0,0,0,0,0,1,2,10,86,36
9130,A1,1,14,0,1,0,0,0,0,0,0,0,0,0,0,1,2,15,211,64
9130,B0,0,1,8,3,0,0,0,0,0,0,0,0,0,0,1,2,10,135,25
9130,B1,2,1,2,3,0,0,0,0,0,0,0,0,0,0,1,2,101,959,147
9130,B2,2,0,2,11,0,0,0,0,0,0,0,0,0,0,1,2,13,145,24
9130,C1,14,1,1,0,0,0,0,0,0,0,0,0,0,0,1,2,10,86,36
9140,A1,2,14,0,2,0,0,0,0,0,0,0,0,0,1,0,2,15,211,64
9140,B0,0,1,8,3,0,0,0,0,0,0,0,0,0,1,0,2,10,135,25
9140,B1,1,1,2,3,0,0,0,0,0,0,0,0,0,1,0,2,101,959,147
9140,B2,1,0,3,12,0,0,0,0,0,0,0,0,0,1,0,2,13,145,24
9140,C1,13,1,1,0,0,0,0,0,0,0,0,0,0,1,0,2,10,86,36
9150,A1,1,14,0,3,0,0,0,0,0,0,0,0,0,1,0,2,15,211,64
9150,B0,0,2,11,4,0,0,0,0,0,0,0,0,0,1,0,2,10,135,25
9150,B1,1,2,2,3,0,0,0,0,0,0,0,0,0,1,0,2,101,959,147
9150,B2,1,0,4,14,0,0,0,0,0,0,0,0,0,1,0,2,13,145,24
9150,C1,13,1,1,0,0,0,0,0,0,0,0,0,0,1,0,2,10,86,36
9160,A1,2,13,0,1,0,0,0,0,0,0,0,0,0,0,1,2,15,211,64
9160,B0,0,4,12,3,0,0,0,0,0,0,0,0,0,0,1,2,10,135,25
9160,B1,1,2,2,1,0,0,0,0,0,0,0,0,0,0,1,2,101,959,147
9160,B2,1,0,3,13,0,0,0,0,0,0,0,0,0,0,1,2,13,145,24
9160,C1,13,1,1,0,0,0,0,0,0,0,0,0,0,0,1,2,10,86,36
9170,A1,1,14,0,2,0,0,0,0,0,0,0,0,0,0,1,2,15,211,64
9170,B0,0,6,13,1,0,0,0,0,0,0,0,0,0,0,1,2,10,135,25
9170,B1,1,2,1,1,0,0,0,0,0,0,0,0,0,0,1,2,101,959,147
9170,B2,2,0,1,13,0,0,0,0,0,0,0,0,0,0,1,2,13,145,24
9170,C1,14,1,1,0,0,0,0,0,0,0,0,0,0,0,1,2,10,86,36
9180,A1,3,14,0,3,0,0,0,0,0,0,0,0,0,1,0,2,15,211,64
9180,B0,0,5,12,1,0,0,0,0,0,0,0,0,0,1,0,2,10,135,25
9180,B1,2,1,1,1,0,0,0,0,0,0,0,0,0,1,0,2,101,959,147
9180,B2,1,0,1,13,0,0,0,0,0,0,0,0,0,1,0,2,13,145,24
9180,C1,14,1,1,0,0,0,0,0,0,0,0,0,0,1,0,2,10,86,36
9190,A1,2,13,0,5,0,0,0,0,0,0,0,0,0,1,0,2,15,211,64
9190,B0,0,3,13,1,0,0,0,0,0,0,0,0,0,1,0,2,10,135,25
9190,B1,2,1,1,1,0,0,0,0,0,0,0,0,0,1,0,2,101,959,147
9190,B2,2,0,2,14,0,0,0,0,0,0,0,0,0,1,0,2,13,145,24
9190,C1,13,1,1,0,0,0,0,0,0,0,0,0,0,1,0,2,10,86,36
9200,A1,1,10,0,6,0,0,0,0,0,0,0,0,0,0,1,2,15,211,64
9200,B0,0,1,13,3,0,0,0,0,0,0,0,0,0,0,1,2,10,135,25
9200,B1,1,4,1,1,0,0,0,0,0,0,0,0,0,0,1,2,101,959,147
9200,B2,1,0,3,14,0,0,0,0,0,0,0,0,0,0,1,2,13,145,24
9200,C1,13,1,1,0,0,0,0,0,0,0,0,0,0,0,1,2,10,86,36
9210,A1,2,12,0,2,0,0,0,0,0,0,0,0,0,0,1,2,15,211,64
9210,B0,0,3,13,1,0,0,0,0,0,0,0,0,0,0,1,2,10,135,25
9210,B1,2,1,2,2,0,0,0,0,0,0,0,0,0,0,1,2,101,959,147
9210,B2,1,0,1,14,0,0,0,0,0,0,0,0,0,0,1,2,13,145,24
9210,C1,13,3,1,0,0,0,0,0,0,0,0,0,0,0,1,2,10,86,36
9220,A1,1,14,0,1,0,0,0,0,0,0,0,0,0,0,1,2,15,211,64
9220,B0,0,3,9,1,0,0,0,0,0,0,0,0,0,0,1,2,10,135,25
9220,B1,2,1,3,1,0,0,0,0,0,0,0,0,0,0,1,2,101,959,147
9220,B2,2,0,2,12,0,0,0,0,0,0,0,0,0,0,1,2,13,145,24
9220,C1,14,2,1,0,0,0,0,0,0,0,0,0,0,0,1,2,10,86,36
9230,A1,3,13,0,1,0,0,0,0,0,0,0,0,0,1,0,2,15,211,64
9230,B0,0,1,11,1,0,0,0,0,0,0,0,0,0,1,0,2,10,135,25
9230,B1,2,1,3,3,0,0,0,0,0,0,0,0,0,1,0,2,101,959,147
9230,B2,1,0,1,12,0,0,0,0,0,0,0,0,0,1,0,2,13,145,24
9230,C1,14,3,2,0,0,0,0,0,0,0,0,0,0,1,0,2,10,86,36
9240,A1,1,13,0,2,0,0,0,0,0,0,0,0,0,1,0,2,15,211,64
9240,B0,0,1,11,3,0,0,0,0,0,0,0,0,0,1,0,2,10,135,25
9240,B1,1,1,3,1,0,0,0,0,0,0,0,0,0,1,0,2,101,959,147
9240,B2,1,0,1,13,0,0,0,0,0,0,0,0,0,1,0,2,13,145,24
9240,C1,13,2,2,0,0,0,0,0,0,0,0,0,0,1,0,2,10,86,36
9250,A1,1,13,0,1,0,0,0,0,0,0,0,0,0,0,1,2,15,211,64
9250,B0,0,1,12,2,0,0,0,0,0,0,0,0,0,0,1,2,10,135,25
9250,B1,3,1,2,2,0,0,0,0,0,0,0,0,0,0,1,2,101,959,147
9250,B2,3,0,2,14,0,0,0,0,0,0,0,0,0,0,1,2,13,145,24
9250,C1,12,1,2,0,0,0,0,0,0,0,0,0,0,0,1,2,10,86,36
9260,A1,1,14,0,1,0,0,0,0,0,0,0,0,0,0,1,2,15,211,64
9260,B0,0,3,10,2,0,0,0,0,0,0,0,0,0,0,1,2,10,135,25
9260,B1,3,1,1,1,0,0,0,0,0,0,0,0,0,0,1,2,101,959,147
9260,B2,6,0,3,14,0,0,0,0,0,0,0,0,0,0,1,2,13,145,24
9260,C1,13,1,2,0,0,0,0,0,0,0,0,0,0,0,1,2,10,86,36
9270,A1,1,14,0,1,0,0,0,0,0,0,0,0,0,1,0,2,15,211,64
9270,B0,0,3,10,1,0,0,0,0,0,0,0,0,0,1,0,2,10,135,25
9270,B1,3,1,2,2,0,0,0,0,0,0,1,0,0,1,0,1,101,959,147
9270,B2,6,0,1,13,0,2,0,0,0,0,0,0,0,1,0,2,14,148,24
9270,C1,13,4,1,0,0,0,0,0,0,0,0,0,0,1,0,2,10,86,36
9280,A1,1,14,0,1,0,0,0,0,0,0,0,0,0,1,0,2,15,211,64
9280,B0,0,1,11,1,0,0,0,0,0,0,0,0,0,1,0,2,10,135,25
9280,B1,1,1,2,2,0,0,0,0,0,0,0,0,0,1,0,2,101,959,147
9280,B2,5,0,2,13,0,0,0,0,0,0,0,0,0,1,0,2,14,150,26
9280,C1,14,2,2,0,0,0,0,0,0,0,0,0,0,1,0,2,10,86,36
9290,A1,1,11,0,1,0,0,0,0,0,0,0,0,0,1,0,2,15,211,64
9290,B0,0,1,12,3,0,0,0,0,0,0,0,0,0,1,0,2,10,135,25
9290,B1,1,2,2,2,0,0,0,0,0,0,0,0,0,1,0,2,101,959,147
9290,B2,1,0,2,13,0,0,0,0,0,0,0,0,0,1,0,2,14,150,26
9290,C1,12,1,4,0,0,0,0,0,0,0,0,0,0,1,0,2,10,86,36
9300,A1,1,12,0,2,0,0,0,0,0,0,0,0,0,0,1,2,15,211,64
9300,B0,0,2,13,2,0,0,0,0,0,0,0,0,0,0,1,2,10,135,25
9300,B1,1,1,2,2,0,0,0,0,0,0,0,0,0,0,1,2,101,959,147
9300,B2,1,0,1,13,0,0,0,0,0,0,0,0,0,0,1,2,14,150,26
9300,C1,13,1,3,0,0,0,0,0,0,0,0,0,0,0,1,2,10,86,36
9310,A1,2,14,0,1,0,0,0,0,0,0,0,0,0,0,1,2,15,211,64
9310,B0,0,2,13,1,0,0,0,0,0,0,0,0,0,0,1,2,10,135,25
9310,B1,1,1,1,2,0,0,0,0,0,0,0,0,0,0,1,2,101,959,147
9310,B2,3,0,3,12,0,0,0,0,0,0,0,0,0,0,1,2,14,150,26
9310,C1,14,2,1,0,0,0,0,0,0,0,0,0,0,0,1,2,10,86,36
9320,A1,1,14,0,2,0,0,0,0,0,0,0,0,0,1,0,2,15,211,64
9320,B0,0,1,12,2,0,0,0,0,0,0,0,0,0,1,0,2,11,136,27
9320,B1,1,1,1,2,0,0,0,0,0,0,0,0,0,1,0,2,101,959,147
9320,B2,2,0,2,12,0,0,0,0,0,0,0,0,0,1,0,2,14,150,26
9320,C1,14,3,2,0,0,0,0,0,0,0,0,0,0,1,0,2,10,86,36
9330,A1,1,13,0,2,0,0,0,0,0,0,0,0,0,1,0,2,15,211,64
9330,B0,0,1,13,1,0,0,0,0,0,0,0,0,0,1,0,1,11,136,27
9330,B1,1,2,1,2,0,0,0,0,0,0,0,0,0,1,0,2,101,959,147
9330,B2,1,0,4,13,0,0,0,0,0,0,0,0,0,1,0,2,14,150,26
9330,C1,13,1,1,0,0,0,0,0,0,0,0,0,0,1,0,2,10,86,36
9340,A1,1,13,0,2,0,0,0,0,0,0,0,0,0,0,1,2,15,211,64
9340,B0,0,1,14,2,0,0,0,0,0,0,0,0,0,0,1,2,11,136,27
9340,B1,1,1,1,2,0,0,0,0,0,0,0,0,0,0,1,2,101,959,147
9340,B2,2,0,3,14,0,0,0,0,0,0,0,0,0,0,1,2,14,150,26
9340,C1,12,1,1,0,0,0,0,0,0,0,0,0,0,0,1,2,10,86,36
9350,A1,1,14,0,1,0,0,0,0,0,0,0,0,0,0,1,2,15,211,64
9350,B0,0,2,12,2,0,0,0,0,0,0,0,0,0,0,1,2,11,136,27
9350,B1,2,1,1,1,0,0,0,0,0,0,0,0,0,0,1,2,101,959,147
9350,B2,2,0,1,14,0,0,0,0,0,0,0,0,0,0,1,2,14,150,26
9350,C1,13,2,1,0,0,0,0,0,0,0,0,0,0,0,1,2,10,86,36
9360,A1,2,14,0,1,0,0,0,0,0,0,0,0,0,0,1,2,15,211,64
9360,B0,0,3,11,1,0,0,0,0,0,0,0,0,0,0,1,2,11,136,27
9360,B1,2,1,1,1,0,0,0,0,0,0,0,0,0,0,1,2,101,959,147
9360,B2,3,0,1,11,0,0,0,0,0,0,0,0,0,0,1,2,14,150,26
9360,C1,14,2,1,0,0,0,0,0,0,0,0,0,0,0,1,2,10,86,36
9370,A1,1,14,0,1,0,0,0,0,0,0,0,0,0,1,0,2,15,211,64
9370,B0,0,2,12,1,0,0,0,0,0,0,0,0,0,1,0,2,11,136,27
9370,B1,1,1,1,1,0,0,0,0,0,0,0,0,0,1,0,2,101,959,147
9370,B2,1,0,1,12,0,0,0,0,0,0,0,0,0,1,0,2,14,150,26
9370,C1,14,1,3,0,0,0,0,0,0,0,0,0,0,1,0,2,10,86,36
9380,A1,1,14,0,1,0,0,0,0,0,0,0,0,0,1,0,2,15,211,64
9380,B0,0,1,12,3,0,0,0,0,0,0,0,0,0,1,0,2,11,136,27
9380,B1,2,1,1,1,0,0,0,0,0,0,0,0,0,1,0,2,101,959,147
9380,B2,1,0,2,14,0,0,0,0,0,0,0,0,0,1,0,2,14,150,26
9380,C1,12,1,3,0,0,0,0,0,0,0,0,0,0,1,0,2,10,86,36
9390,A1,1,13,0,2,0,0,0,0,0,0,0,0,0,0,1,2,15,211,64
9390,B0,0,1,12,4,0,0,0,0,0,0,0,0,0,0,1,2,11,136,27
9390,B1,2,1,2,2,0,0,0,0,0,0,0,0,0,0,1,2,102,963,148
9390,B2,2,0,3,13,0,0,0,0,0,0,0,0,0,0,1,2,14,150,26
9390,C1,12,1,1,0,0,0,0,0,0,0,0,0,0,0,1,2,10,86,36
9400,A1,2,14,0,1,0,0,0,0,0,0,0,0,0,0,1,2,15,211,64
9400,B0,0,1,12,1,0,0,0,0,0,0,0,0,0,0,1,2,11,136,27
9400,B1,2,1,1,1,0,0,0,0,0,0,0,0,0,0,1,2,102,963,148
9400,B2,4,0,1,13,0,0,0,0,0,0,0,0,0,0,1,2,14,150,26
9400,C1,14,4,2,0,0,0,0,0,0,0,0,0,0,0,1,2,10,86,36
9410,A1,1,14,0,1,0,0,0,0,0,0,0,0,0,1,0,2,15,211,64
9410,B0,0,1,10,1,0,0,0,0,0,0,0,0,0,1,0,2,11,136,27
9410,B1,1,2,2,1,0,0,0,0,0,0,0,0,0,1,0,2,102,963,148
9410,B2,4,0,1,13,0,0,0,0,0,0,0,0,0,1,0,2,14,150,26
9410,C1,14,4,1,0,0,0,0,0,0,0,0,0,0,1,0,2,10,86,36
9420,A1,1,13,0,1,0,0,0,0,0,0,0,0,0,1,0,2,15,211,64
9420,B0,0,1,10,1,0,0,0,0,0,0,0,0,0,1,0,2,11,136,27
9420,B1,1,3,1,1,0,0,0,0,0,0,0,0,0,1,0,2,102,963,148
9420,B2,1,0,3,14,0,0,0,0,0,0,0,0,0,1,0,2,14,150,26
9420,C1,14,3,2,0,0,0,0,0,0,0,0,0,0,1,0,2,10,86,36
9430,A1,1,12,0,1,0,0,0,0,0,0,0,0,0,0,1,2,15,211,64
9430,B0,0,2,10,4,0,0,0,0,0,0,0,0,0,0,1,2,11,136,27
9430,B1,1,1,1,1,0,0,0,0,0,0,0,0,0,0,1,2,102,963,148
9430,B2,1,0,4,14,0,0,0,0,0,0,0,0,0,0,1,2,14,150,26
9430,C1,12,1,2,0,0,0,0,0,0,0,0,0,0,0,1,2,10,86,36
9440,A1,1,13,0,1,0,0,0,0,0,0,0,0,0,0,1,2,15,211,64
9440,B0,0,3,10,3,0,0,0,0,0,0,0,0,0,0,1,2,11,136,27
9440,B1,1,1,1,1,0,0,0,0,0,0,0,0,0,0,1,2,102,963,148
9440,B2,1,0,1,14,0,0,0,0,0,0,0,0,0,0,1,2,14,150,26
9440,C1,13,1,1,0,0,0,0,0,0,0,0,0,0,0,1,2,10,86,36
9450,A1,4,14,0,1,0,0,0,0,0,0,0,0,0,0,1,2,15,211,64
9450,B0,0,3,6,1,0,0,0,0,0,0,0,0,0,0,1,2,11,136,27
9450,B1,1,1,1,2,0,0,0,0,0,0,0,0,0,0,1,2,102,963,148
9450,B2,2,0,1,12,0,0,0,0,0,0,0,0,0,0,1,2,14,150,26
9450,C1,14,4,1,0,0,0,0,0,0,0,0,0,0,0,1,2,10,86,36
9460,A1,2,14,0,1,0,0,0,0,0,0,0,0,0,1,0,2,15,211,64
9460,B0,0,1,6,1,0,0,0,0,0,0,0,0,0,1,0,2,11,136,27
9460,B1,1,1,1,3,0,0,0,0,0,0,0,0,0,1,0,2,102,963,148
9460,B2,1,0,1,13,0,0,0,0,0,0,0,0,0,1,0,2,14,150,26
9460,C1,13,1,1,0,0,0,0,0,0,0,0,0,0,1,0,2,10,86,36
9470,A1,1,14,0,2,0,0,0,0,0,0,0,0,0,1,0,2,15,211,64
9470,B0,0,1,9,1,0,0,0,0,0,0,0,0,0,1,0,2,11,136,27
9470,B1,2,3,1,3,0,0,0,0,0,0,0,0,0,1,0,2,102,963,148
9470,B2,1,0,4,14,0,0,0,0,0,0,0,0,0,1,0,2,14,150,26
9470,C1,10,2,1,0,0,0,0,0,0,0,0,0,0,1,0,2,10,86,36
9480,A1,2,13,0,1,0,0,0,0,0,0,0,0,0,0,1,2,15,211,64
9480,B0,0,1,8,4,0,0,0,0,0,0,0,0,0,0,1,2,11,136,27
9480,B1,3,3,1,4,0,0,0,0,0,0,0,0,0,0,1,2,102,963,148
9480,B2,1,0,3,14,0,0,0,0,0,0,0,0,0,0,1,2,14,150,26
9480,C1,11,2,1,0,0,0,0,0,0,0,0,0,0,0,1,2,10,86,36
9490,A1,2,14,0,1,0,0,0,0,0,0,0,0,0,0,1,2,15,211,64
9490,B0,0,2,7,2,0,0,0,0,0,0,0,0,0,0,1,2,11,136,27
9490,B1,3,3,1,4,0,0,0,0,0,0,0,0,0,0,1,2,102,963,148
9490,B2,2,0,1,13,0,0,0,0,0,0,0,0,0,0,1,2,14,150,26
9490,C1,13,2,1,0,0,0,0,0,0,0,0,0,0,0,1,2,10,86,36
9500,A1,2,14,0,1,0,0,0,0,0,0,0,0,0,1,0,2,15,211,64
9500,B0,0,1,6,1,0,0,0,0,0,0,0,0,0,1,0,2,11,136,27
9500,B1,3,3,1,2,0,0,0,0,0,0,0,0,0,1,0,2,102,963,148
9500,B2,2,0,2,10,0,0,0,0,0,0,0,0,0,1,0,2,14,150,26
9500,C1,14,2,1,0,0,0,0,0,0,0,0,0,0,1,0,2,10,86,36
9510,A1,1,13,0,2,0,0,0,0,0,0,0,0,0,1,0,2,15,211,64
9510,B0,0,1,6,1,0,0,0,0,0,0,0,0,0,1,0,2,11,136,27
9510,B1,3,1,1,2,0,0,0,0,0,0,0,0,0,1,0,2,102,963,148
9510,B2,2,0,1,12,0,0,0,0,0,0,0,0,0,1,0,2,14,150,26
9510,C1,14,1,3,0,0,0,0,0,0,0,0,0,0,1,0,2,10,86,36
9520,A1,1,10,0,1,0,0,0,0,0,0,0,0,0,1,0,2,15,211,64
9520,B0,0,1,8,1,0,0,0,0,0,0,0,0,0,1,0,2,11,136,27
9520,B1,1,2,1,2,0,0,0,0,0,0,0,0,0,1,0,2,102,963,148
9520,B2,2,0,3,14,0,0,0,0,0,0,0,0,0,1,0,2,14,150,26
9520,C1,13,1,3,0,0,0,0,0,0,0,0,0,0,1,0,2,10,86,36
9530,A1,2,12,0,1,0,0,0,0,0,0,0,0,0,0,1,2,15,211,64
9530,B0,0,3,7,1,0,0,0,0,0,0,0,0,0,0,1,2,11,136,27
9530,B1,2,3,1,1,0,0,0,0,0,0,0,0,0,0,1,2,103,977,149
9530,B2,2,0,1,14,0,0,0,0,0,0,0,0,0,0,1,2,14,150,26
9530,C1,13,2,1,0,0,0,0,0,0,0,0,0,0,0,1,2,10,86,36
9540,A1,1,14,0,1,0,0,0,0,0,0,0,0,0,0,1,2,15,211,64
9540,B0,0,4,3,1,0,0,0,0,0,0,0,0,0,0,1,2,11,136,27
9540,B1,2,3,2,1,0,0,0,0,0,0,0,0,0,0,1,2,103,977,149
9540,B2,2,0,1,12,0,0,0,0,0,0,0,0,0,0,1,2,14,150,26
9540,C1,13,3,1,0,0,0,0,0,0,0,0,0,0,0,1,2,10,86,36
9550,A1,1,13,0,1,0,0,0,0,0,0,0,0,0,1,0,2,15,211,64
9550,B0,0,3,2,2,0,0,0,0,0,0,0,0,0,1,0,2,11,136,27
9550,B1,1,3,1,1,0,0,0,0,0,0,0,0,0,1,0,2,103,977,149
9550,B2,1,0,1,12,0,0,0,0,0,0,0,0,0,1,0,2,14,150,26
9550,C1,14,2,1,0,0,0,0,0,0,0,0,0,0,1,0,2,10,86,36
9560,A1,1,12,0,1,0,0,0,0,0,0,0,0,0,1,0,2,15,211,64
9560,B0,0,1,3,3,0,0,0,0,0,0,0,0,0,1,0,2,11,136,27
9560,B1,1,1,1,1,0,0,0,0,0,0,0,0,0,1,0,2,103,977,149
9560,B2,2,0,1,13,0,0,0,0,0,0,0,0,0,1,0,2,14,150,26
9560,C1,13,1,1,0,0,0,0,0,0,0,0,0,0,1,0,2,10,86,36
9570,A1,1,12,0,1,0,0,0,0,0,0,0,0,0,0,1,2,15,211,64
9570,B0,0,1,4,2,0,0,0,0,0,0,0,0,0,0,1,2,11,136,27
9570,B1,1,1,1,1,0,0,0,0,0,0,0,0,0,0,1,2,103,977,149
9570,B2,3,0,2,14,0,0,0,0,0,0,0,0,0,0,1,2,14,150,26
9570,C1,13,1,1,0,0,0,0,0,0,0,0,0,0,0,1,2,10,86,36
9580,A1,1,13,0,1,0,0,0,0,0,0,0,0,0,0,1,2,15,211,64
9580,B0,0,2,2,3,0,0,0,0,0,0,0,0,0,0,1,2,11,136,27
9580,B1,1,1,1,2,0,0,0,0,0,0,0,0,0,0,1,2,103,977,149
9580,B2,3,0,2,13,0,0,0,0,0,0,0,0,0,0,1,2,14,150,26
9580,C1,13,1,1,0,0,0,0,0,0,0,0,0,0,0,1,2,10,86,36
9590,A1,1,14,0,1,0,0,0,0,0,0,0,0,0,0,1,2,15,211,64
9590,B0,0,4,1,1,0,0,0,0,0,0,0,0,0,0,1,2,11,136,27
9590,B1,1,1,3,5,0,0,0,0,0,0,0,0,0,0,1,2,103,977,149
9590,B2,4,0,1,9,0,0,0,0,0,0,0,0,0,0,1,2,14,150,26
9590,C1,14,4,1,0,0,0,0,0,0,0,0,0,0,0,1,2,10,86,36
9600,A1,1,12,0,1,0,0,0,0,0,0,0,0,0,1,0,2,15,211,64
9600,B0,0,2,1,1,0,0,0,0,0,0,0,0,0,1,0,2,11,136,27
9600,B1,1,1,1,5,0,0,0,0,0,0,0,0,0,1,0,2,103,977,149
9600,B2,2,0,1,11,0,0,0,0,0,0,0,0,0,1,0,2,14,150,26
9600,C1,14,1,1,0,0,0,0,0,0,0,0,0,0,1,0,2,10,86,36
9610,A1,2,10,0,1,0,0,0,0,0,0,0,0,0,1,0,2,15,211,64
9610,B0,0,1,3,3,0,0,0,0,0,0,0,0,0,1,0,2,11,136,27
9610,B1,2,1,1,5,0,0,0,0,0,0,0,0,0,1,0,2,103,977,149
9610,B2,1,0,2,14,0,0,0,0,0,0,0,0,0,1,0,2,14,150,26
9610,C1,13,1,3,0,0,0,0,0,0,0,0,0,0,1,0,2,10,86,36
9620,A1,2,12,0,1,0,0,0,0,0,0,0,0,0,0,1,2,15,211,64
9620,B0,0,1,3,1,0,0,0,0,0,0,0,0,0,0,1,2,11,136,27
9620,B1,2,3,1,3,0,0,0,0,0,0,0,0,0,0,1,2,103,977,149
9620,B2,1,0,1,14,0,0,0,0,0,0,0,0,0,0,1,2,14,150,26
9620,C1,13,2,2,0,0,0,0,0,0,0,0,0,0,0,1,2,10,86,36
9630,A1,2,13,0,1,0,0,0,0,0,0,0,0,0,0,1,2,15,211,64
9630,B0,0,1,1,1,0,0,0,0,0,0,0,0,0,0,1,2,11,136,27
9630,B1,2,3,2,2,0,0,0,0,0,0,0,0,0,0,1,2,103,977,149
9630,B2,1,0,2,13,0,0,0,0,0,0,0,0,0,0,1,2,14,150,26
9630,C1,14,2,1,0,0,0,0,0,0,0,0,0,0,0,1,2,10,86,36
9640,A1,3,14,0,1,0,0,0,0,0,0,0,0,0,1,0,2,15,211,64
9640,B0,0,1,1,1,0,0,0,0,0,0,0,0,0,1,0,2,11,136,27
9640,B1,1,5,1,1,0,0,0,0,0,0,0,0,0,1,0,2,103,977,149
9640,B2,1,0,2,13,0,0,0,0,0,0,0,0,0,1,0,2,14,150,26
9640,C1,14,3,1,0,0,0,0,0,0,0,0,0,0,1,0,2,10,86,36
9650,A1,2,14,0,2,0,0,0,0,0,0,0,0,0,1,0,2,15,211,64
9650,B0,0,2,3,3,0,0,0,0,0,0,0,0,0,1,0,2,11,136,27
9650,B1,3,1,2,1,0,0,0,0,0,0,0,0,0,1,0,2,103,977,149
9650,B2,1,0,2,14,0,0,0,0,0,0,0,0,0,1,0,2,14,150,26
9650,C1,14,1,1,0,0,0,0,0,0,0,0,0,0,1,0,2,10,86,36
9660,A1,1,13,0,2,0,0,0,0,0,0,0,0,0,0,1,2,15,211,64
9660,B0,0,1,4,1,0,0,0,0,0,0,0,0,0,0,1,2,11,136,27
9660,B1,3,2,2,1,0,0,0,0,0,0,0,0,0,0,1,2,103,977,149
9660,B2,1,0,2,14,0,0,0,0,0,0,0,0,0,0,1,2,14,150,26
9660,C1,13,3,1,0,0,0,0,0,0,0,0,0,0,0,1,2,10,86,36
9670,A1,3,13,0,1,0,0,0,0,0,0,0,0,0,0,1,2,15,211,64
9670,B0,0,2,1,1,0,0,0,0,0,0,0,0,0,0,1,2,11,136,27
9670,B1,3,2,2,2,0,0,0,0,0,0,0,0,0,0,1,2,103,977,149
9670,B2,2,0,2,13,0,0,0,0,0,0,0,0,0,0,1,2,14,150,26
9670,C1,13,1,1,0,0,0,0,0,0,0,0,0,0,0,1,2,10,86,36
9680,A1,6,14,0,1,0,0,0,0,0,0,0,0,0,0,1,2,15,211,64
9680,B0,0,3,1,3,0,0,0,0,0,0,0,0,0,0,1,2,11,136,27
9680,B1,3,2,1,1,0,0,0,0,0,0,0,0,0,0,1,2,103,977,149
9680,B2,2,0,2,9,0,0,0,0,0,0,0,0,0,0,1,2,14,150,26
9680,C1,14,2,3,0,0,0,0,0,0,0,0,0,0,0,1,2,10,86,36
9690,A1,3,14,0,1,0,0,0,0,0,0,0,0,0,1,0,2,15,211,64
9690,B0,0,1,1,1,0,0,0,0,0,0,0,0,0,1,0,2,11,136,27
9690,B1,2,1,2,2,0,0,0,0,0,0,0,0,0,1,0,2,103,977,149
9690,B2,1,0,1,11,0,0,0,0,0,0,0,0,0,1,0,2,14,150,26
9690,C1,13,2,6,0,0,0,0,0,0,0,0,0,0,1,0,2,10,86,36
9700,A1,2,13,0,3,0,0,0,0,0,0,0,0,0,1,0,2,15,211,64
9700,B0,0,1,3,2,0,0,0,0,0,0,0,0,0,1,0,2,11,136,27
9700,B1,1,2,2,2,0,0,0,0,0,0,0,0,0,1,0,2,103,977,149
9700,B2,1,0,2,14,0,0,0,0,0,0,0,0,0,1,0,2,14,150,26
9700,C1,11,1,6,0,0,0,0,0,0,0,0,0,0,1,0,2,10,86,36
9710,A1,3,12,0,2,0,0,0,0,0,0,0,0,0,0,1,2,15,211,64
9710,B0,0,1,4,2,0,0,0,0,0,0,0,0,0,0,1,2,11,136,27
9710,B1,1,2,1,2,0,0,0,0,0,0,0,0,0,0,1,2,103,977,149
9710,B2,2,0,1,14,0,0,0,0,0,0,0,0,0,0,1,2,14,150,26
9710,C1,10,1,5,0,0,0,0,0,0,0,0,0,0,0,1,2,10,86,36
9720,A1,1,13,0,1,0,0,0,0,0,0,0,0,0,0,1,2,15,211,64
9720,B0,0,1,3,2,0,0,0,0,0,0,0,0,0,0,1,2,11,136,27
9720,B1,1,2,1,1,0,0,0,0,0,0,0,0,0,0,1,2,103,977,149
9720,B2,1,0,1,14,0,0,0,0,0,0,0,0,0,0,1,2,14,150,26
9720,C1,13,1,3,0,0,0,0,0,0,0,0,0,0,0,1,2,10,86,36
9730,A1,1,14,0,2,0,0,0,0,0,0,0,0,0,1,0,2,15,211,64
9730,B0,0,2,1,2,0,0,0,0,0,0,0,0,0,1,0,2,11,136,27
9730,B1,1,1,1,2,0,0,0,0,0,0,0,0,0,1,0,2,103,977,149
9730,B2,1,0,2,13,0,0,0,0,0,0,0,0,0,1,0,2,14,150,26
9730,C1,14,2,2,0,0,0,0,0,0,0,0,0,0,1,0,2,10,86,36
9740,A1,1,13,0,4,0,0,0,0,0,0,0,0,0,1,0,2,15,211,64
9740,B0,0,1,2,2,0,0,0,0,0,0,0,0,0,1,0,2,11,136,27
9740,B1,1,1,2,2,0,0,0,0,0,0,0,0,0,1,0,2,103,977,149
9740,B2,1,0,1,14,0,0,0,0,0,0,0,0,0,1,0,2,14,150,26
9740,C1,13,1,3,0,0,0,0,0,0,0,0,0,0,1,0,2,10,86,36
9750,A1,2,10,0,6,0,0,0,0,0,0,0,0,0,1,0,2,15,211,64
9750,B0,0,1,4,2,0,0,0,0,0,0,0,0,0,1,0,2,11,136,27
9750,B1,3,2,2,2,0,0,0,0,0,0,0,0,0,1,0,2,103,977,149
9750,B2,2,0,4,14,0,0,0,0,0,0,0,0,0,1,0,2,14,150,26
9750,C1,10,1,3,0,0,0,0,0,0,0,0,0,0,1,0,2,10,86,36
9760,A1,4,12,0,3,0,0,0,0,0,0,0,0,0,0,1,2,15,211,64
9760,B0,0,1,6,1,0,0,0,0,0,0,0,0,0,0,1,2,11,136,27
9760,B1,2,1,1,1,0,0,0,0,0,0,0,0,0,0,1,2,103,977,149
9760,B2,2,0,3,14,0,0,0,0,0,0,0,0,0,0,1,2,14,150,26
9760,C1,11,1,1,0,0,0,0,0,0,0,0,0,0,0,1,2,10,86,36
9770,A1,5,14,0,2,0,0,0,0,0,0,0,0,0,0,1,2,15,211,64
9770,B0,0,2,3,1,0,0,0,0,0,0,0,0,0,0,1,2,11,136,27
9770,B1,2,1,2,3,0,0,0,0,0,0,0,0,0,0,1,2,103,977,149
9770,B2,2,0,1,13,0,0,0,0,0,0,0,0,0,0,1,2,14,150,26
9770,C1,14,1,2,0,0,0,0,0,0,0,0,0,0,0,1,2,10,86,36
9780,A1,3,14,0,1,0,0,0,0,0,0,0,0,0,1,0,2,15,211,64
9780,B0,0,2,2,2,0,0,0,0,0,0,0,0,0,1,0,2,11,136,27
9780,B1,1,1,2,2,0,0,0,0,0,0,0,0,0,1,0,2,103,977,149
9780,B2,1,0,2,13,0,0,0,0,0,0,0,0,0,1,0,2,14,150,26
9780,C1,14,1,2,0,0,0,0,0,0,0,0,0,0,1,0,2,10,86,36
9790,A1,1,14,0,3,0,0,0,0,0,0,0,0,0,1,0,2,15,211,64
9790,B0,0,1,4,1,0,0,0,0,0,0,0,0,0,1,0,2,11,136,27
9790,B1,3,1,2,2,0,0,0,0,0,0,0,0,0,1,0,2,103,977,149
9790,B2,1,0,2,14,0,0,0,0,0,0,0,0,0,1,0,2,14,150,26
9790,C1,12,1,4,0,0,0,0,0,0,0,0,0,0,1,0,2,10,86,36
9800,A1,1,12,0,2,0,0,0,0,0,0,0,0,0,0,1,2,15,211,64
9800,B0,0,1,5,1,0,0,0,0,0,0,0,0,0,0,1,2,11,136,27
9800,B1,1,2,2,2,0,0,0,0,0,0,0,0,0,0,1,2,103,977,149
9800,B2,1,0,1,14,0,0,0,0,0,0,0,0,0,0,1,2,14,150,26
9800,C1,11,1,4,0,0,0,0,0,0,0,0,0,0,0,1,2,10,86,36
9810,A1,2,13,0,1,0,0,0,0,0,0,0,0,0,0,1,2,15,211,64
9810,B0,0,2,3,1,0,0,0,0,0,0,0,0,0,0,1,2,11,136,27
9810,B1,2,2,1,1,0,0,0,0,0,0,0,0,0,0,1,2,103,977,149
9810,B2,2,0,1,14,0,0,0,0,0,0,0,0,0,0,1,2,14,150,26
9810,C1,13,1,1,0,0,0,0,0,0,0,0,0,0,0,1,2,10,86,36
9820,A1,5,14,0,1,0,0,0,0,0,0,0,0,0,0,1,2,15,211,64
9820,B0,0,3,4,1,0,0,0,0,0,0,0,0,0,0,1,2,11,136,27
9820,B1,2,2,1,2,0,0,0,0,0,0,0,0,0,0,1,2,103,977,149
9820,B2,2,0,2,12,0,0,0,0,0,0,0,0,0,0,1,2,14,150,26
9820,C1,14,3,1,0,0,0,0,0,0,0,0,0,0,0,1,2,10,86,36
9830,A1,1,13,0,2,0,0,0,0,0,0,0,0,0,1,0,2,15,211,64
9830,B0,0,1,5,1,0,0,0,0,0,0,0,0,0,1,0,2,11,136,27
9830,B1,3,1,1,2,0,0,0,0,0,0,0,0,0,1,0,2,103,977,149
9830,B2,1,0,1,13,0,0,0,0,0,0,0,0,0,1,0,2,14,150,26
9830,C1,14,3,3,0,0,0,0,0,0,0,0,0,0,1,0,2,10,86,36
9840,A1,1,13,0,3,0,0,0,0,0,0,0,0,0,1,0,2,15,211,64
9840,B0,0,1,5,3,0,0,0,0,0,0,0,0,0,1,0,2,11,136,27
9840,B1,2,4,1,2,0,0,0,0,0,0,0,0,0,1,0,2,103,977,149
9840,B2,1,0,2,14,0,0,0,0,0,0,0,0,0,1,0,2,14,150,26
9840,C1,14,2,4,0,0,0,0,0,0,0,0,0,0,1,0,2,10,86,36
9850,A1,2,12,0,1,0,0,0,0,0,0,0,0,0,0,1,2,15,211,64
9850,B0,0,2,5,1,0,0,0,0,0,0,0,0,0,0,1,2,11,136,27
9850,B1,2,1,2,1,0,0,0,0,0,0,0,0,0,0,1,2,103,977,149
9850,B2,1,0,2,13,0,0,0,0,0,0,0,0,0,0,1,2,14,150,26
9850,C1,13,2,3,0,0,0,0,0,0,0,0,0,0,0,1,2,10,86,36
9860,A1,2,13,0,2,0,0,0,0,0,0,0,0,0,0,1,2,15,211,64
9860,B0,0,2,4,2,0,0,0,0,0,0,0,0,0,0,1,2,11,136,27
9860,B1,2,1,3,1,0,0,0,0,0,0,0,0,0,0,1,2,103,977,149
9860,B2,2,0,2,13,0,0,0,0,0,0,0,0,0,0,1,2,14,150,26
9860,C1,13,3,1,0,0,0,0,0,0,0,0,0,0,0,1,2,10,86,36
9870,A1,2,14,0,2,0,0,0,0,0,0,0,0,0,1,0,2,15,211,64
9870,B0,0,1,3,1,0,0,0,0,0,0,0,0,0,1,0,2,11,136,27
9870,B1,1,3,1,1,0,0,0,0,0,0,0,0,0,1,0,2,103,977,149
9870,B2,2,0,1,13,0,0,0,0,0,0,0,0,0,1,0,2,14,150,26
9870,C1,13,1,2,0,0,0,0,0,0,0,0,0,0,1,0,2,10,86,36
9880,A1,2,13,0,3,0,0,0,0,0,0,0,0,0,1,0,2,15,211,64
9880,B0,0,1,3,3,0,0,0,0,0,0,0,0,0,1,0,2,11,136,27
9880,B1,1,1,2,1,0,0,0,0,0,0,0,0,0,1,0,2,103,977,149
9880,B2,1,0,2,14,0,0,0,0,0,0,0,0,0,1,0,2,14,150,26
9880,C1,11,1,2,0,0,0,0,0,0,0,0,0,0,1,0,2,10,86,36
9890,A1,1,12,0,3,0,0,0,0,0,0,0,0,0,0,1,2,15,211,64
9890,B0,0,1,6,6,0,0,0,0,0,0,0,0,0,0,1,2,11,136,27
9890,B1,1,1,2,1,0,0,0,0,1,0,0,0,0,0,1,2,104,979,149
9890,B2,3,0,2,14,0,0,0,0,0,0,0,0,0,0,1,2,14,150,26
9890,C1,10,1,3,0,0,0,0,0,0,0,0,1,0,0,1,2,10,86,36
9900,A1,1,13,0,1,0,0,0,0,0,0,0,0,0,0,1,2,15,211,64
9900,B0,0,2,6,4,0,0,0,0,0,0,0,0,0,0,1,2,11,136,27
9900,B1,1,1,1,2,0,0,0,0,0,0,0,0,0,0,1,2,104,981,150
9900,B2,3,0,1,13,0,0,0,0,0,0,0,0,0,0,1,2,14,150,26
9900,C1,13,2,2,0,0,0,0,0,0,0,0,0,0,0,1,2,10,86,36
9910,A1,2,14,0,1,0,0,0,0,0,0,0,0,0,0,1,2,15,211,64
9910,B0,0,2,4,1,0,0,0,0,0,0,0,0,0,0,1,2,11,136,27
9910,B1,1,1,2,4,0,0,0,0,0,0,0,0,0,0,1,2,104,981,150
9910,B2,3,0,3,12,0,0,0,0,0,0,0,0,0,0,1,2,14,150,26
9910,C1,14,3,1,0,0,0,0,0,0,0,0,0,0,0,1,2,10,86,36
9920,A1,1,14,0,1,0,0,0,0,0,0,0,0,0,1,0,2,15,211,64
9920,B0,0,1,3,3,0,0,0,0,0,0,0,0,0,1,0,2,11,136,27
9920,B1,2,1,1,4,0,0,0,0,0,0,0,0,0,1,0,2,104,981,150
9920,B2,1,0,2,13,0,0,0,0,0,0,0,0,0,1,0,2,14,150,26
9920,C1,14,2,1,0,0,0,0,0,0,0,0,0,0,1,0,2,10,86,36
9930,A1,1,12,0,2,0,0,0,0,0,0,0,0,0,1,0,2,15,211,64
9930,B0,0,1,4,3,0,0,0,0,0,0,0,0,0,1,0,2,11,136,27
9930,B1,2,2,1,4,0,0,0,0,0,0,0,0,0,1,0,2,104,981,150
9930,B2,1,0,4,14,0,0,0,0,0,0,0,0,0,1,0,2,14,150,26
9930,C1,13,2,2,0,0,0,0,0,0,0,0,0,0,1,0,2,10,86,36
9940,A1,2,11,0,1,0,0,0,0,0,0,0,0,0,0,1,2,15,211,64
9940,B0,0,2,6,2,0,0,0,0,0,0,0,0,0,0,1,2,11,136,27
9940,B1,3,1,2,3,0,0,0,0,0,0,0,0,0,0,1,2,104,981,150
9940,B2,1,0,3,14,0,0,0,0,0,0,0,0,0,0,1,2,14,150,26
9940,C1,12,1,1,0,0,0,0,0,0,0,0,0,0,0,1,2,10,86,36
9950,A1,3,13,0,1,0,0,0,0,0,0,0,0,0,0,1,2,15,211,64
9950,B0,0,1,6,1,0,0,0,0,0,0,0,0,0,0,1,2,11,136,27
9950,B1,1,1,1,1,0,0,0,0,0,0,0,0,0,0,1,2,104,981,150
9950,B2,1,0,1,14,0,0,0,0,0,0,0,0,0,0,1,2,14,150,26
9950,C1,13,2,1,0,0,0,0,0,0,0,0,0,0,0,1,2,10,86,36
9960,A1,5,14,0,1,0,0,0,0,0,0,0,0,0,1,0,2,15,211,64
9960,B0,0,2,4,1,0,0,0,0,0,0,0,0,0,1,0,2,11,136,27
9960,B1,1,2,1,2,0,0,0,0,0,0,0,0,0,1,0,2,104,981,150
9960,B2,1,0,1,12,0,0,0,0,0,0,0,0,0,1,0,2,14,150,26
9960,C1,14,1,1,0,0,0,0,0,0,0,0,0,0,1,0,2,10,86,36
9970,A1,3,14,0,1,0,0,0,0,0,0,0,0,0,1,0,2,15,211,64
9970,B0,0,1,6,1,0,0,0,0,0,0,0,0,0,1,0,2,11,136,27
9970,B1,1,1,2,2,0,0,0,0,0,0,0,0,0,1,0,2,104,981,150
9970,B2,1,0,1,13,0,0,0,0,0,0,0,0,0,1,0,2,14,150,26
9970,C1,13,1,2,0,0,0,0,0,0,0,0,0,0,1,0,2,10,86,36
9980,A1,2,13,0,1,0,0,0,0,0,0,0,0,0,1,0,2,15,211,64
9980,B0,0,2,8,4,0,0,0,0,0,0,0,0,0,1,0,2,11,136,27
9980,B1,2,1,2,2,0,0,0,0,0,0,0,0,0,1,0,2,104,981,150
9980,B2,1,0,3,14,0,0,0,0,0,0,0,0,0,1,0,2,14,150,26
9980,C1,11,1,2,0,0,0,0,0,0,0,0,0,0,1,0,2,10,86,36
9990,A1,3,13,0,1,0,0,0,0,0,0,0,0,0,0,1,2,15,211,64
9990,B0,0,3,9,1,0,0,0,0,0,0,0,0,0,0,1,2,11,136,27
9990,B1,3,1,3,2,0,0,0,0,0,0,0,0,0,0,1,2,104,981,150
9990,B2,2,0,1,14,0,0,0,0,0,0,0,0,0,0,1,2,14,150,26
9990,C1,13,2,1,0,0,0,0,0,0,0,0,0,0,0,1,2,10,86,36
10000,A1,4,14,0,1,0,0,0,0,0,0,0,0,0,0,1,2,15,211,64
10000,B0,0,3,6,3,0,0,0,0,0,0,0,0,0,0,1,2,11,136,27
10000,B1,3,1,1,1,0,0,0,0,0,0,0,0,0,0,1,2,104,981,150
10000,B2,2,0,1,14,0,0,0,0,0,0,0,0,0,0,1,2,14,150,26
10000,C1,14,3,1,0,0,0,0,0,0,0,0,0,0,0,1,2,10,86,36
