time_of_info,tls_id,count_to_r,count_to_l,count_to_b,count_to_t,count_stuck_middle,count_stuck_to_r,count_stuck_to_l,count_stuck_to_b,count_stuck_to_t,is_jam_next_l,is_jam_next_r,is_jam_next_t,is_jam_next_b,is_green_horizontal,is_green_vertical,y,jams_count,jams_time,jams_car_count
10,A1,0,0,0,0,0,0,0,0,0,0,0,0,0,1,0,2,0,0,0
10,B0,0,0,0,0,0,0,0,0,0,0,0,0,0,1,0,2,0,0,0
10,B1,0,0,0,0,0,0,0,0,0,0,0,0,0,1,0,2,0,0,0
10,B2,0,0,0,0,0,0,0,0,0,0,0,0,0,1,0,2,0,0,0
10,C1,0,0,0,0,0,0,0,0,0,0,0,0,0,1,0,2,0,0,0
20,A1,0,0,0,0,0,0,0,0,0,0,0,0,0,1,0,2,0,0,0
20,B0,0,0,0,0,0,0,0,0,0,0,0,0,0,1,0,2,0,0,0
20,B1,0,0,0,0,0,0,0,0,0,0,0,0,0,1,0,2,0,0,0
20,B2,0,0,0,0,0,0,0,0,0,0,0,0,0,1,0,2,0,0,0
20,C1,0,0,0,0,0,0,0,0,0,0,0,0,0,1,0,2,0,0,0
30,A1,2,1,0,1,0,0,0,0,0,0,0,0,0,1,0,2,0,0,0
30,B0,0,1,2,1,0,0,0,0,0,0,0,0,0,1,0,2,0,0,0
30,B1,1,2,1,1,0,0,0,0,0,0,0,0,0,1,0,2,0,0,0
30,B2,2,0,2,1,0,0,0,0,0,0,0,0,0,1,0,2,0,0,0
30,C1,1,2,1,0,0,0,0,0,0,0,0,0,0,1,0,2,0,0,0
40,A1,1,2,0,3,0,0,0,0,0,0,0,0,0,1,0,2,0,0,0
40,B0,0,2,4,2,0,0,0,0,0,0,0,0,0,1,0,2,0,0,0
40,B1,2,3,1,2,0,0,0,0,0,0,0,0,0,1,0,2,0,0,0
40,B2,2,0,2,2,0,0,0,0,0,0,0,0,0,1,0,2,0,0,0
40,C1,2,2,2,0,0,0,0,0,0,0,0,0,0,1,0,2,0,0,0
50,A1,1,3,0,3,0,0,0,0,0,0,0,0,0,0,1,2,0,0,0
50,B0,0,2,5,2,0,0,0,0,0,0,0,0,0,0,1,2,0,0,0
50,B1,1,2,3,3,0,0,0,0,0,0,0,0,0,0,1,2,0,0,0
50,B2,4,0,1,3,0,0,0,0,0,0,0,0,0,0,1,2,0,0,0
50,C1,3,3,3,0,0,0,0,0,0,0,0,0,0,0,1,2,0,0,0
60,A1,2,4,0,3,0,0,0,0,0,0,0,0,0,0,1,2,0,0,0
60,B0,0,3,3,1,0,0,0,0,0,0,0,0,0,0,1,2,0,0,0
60,B1,1,5,2,2,0,0,0,0,0,0,0,0,0,0,1,2,0,0,0
60,B2,4,0,1,2,0,0,0,0,0,0,0,0,0,0,1,2,0,0,0
60,C1,4,4,2,0,0,0,0,0,0,0,0,0,0,0,1,2,0,0,0
70,A1,4,7,0,3,0,0,0,0,0,0,0,0,0,1,0,2,0,0,0
70,B0,0,2,3,1,0,0,0,0,0,0,0,0,0,1,0,2,0,0,0
70,B1,1,4,2,2,0,0,0,0,0,0,0,0,0,1,0,2,0,0,0
70,B2,4,0,2,3,0,0,0,0,0,0,0,0,0,1,0,2,0,0,0
70,C1,6,5,1,0,0,0,0,0,0,0,0,0,0,1,0,2,0,0,0
80,A1,3,11,0,6,0,0,0,0,0,0,0,0,0,1,0,2,0,0,0
80,B0,0,2,5,2,0,0,0,0,0,0,0,0,0,1,0,2,0,0,0
80,B1,1,5,2,4,0,0,0,0,0,0,0,0,0,1,0,2,0,0,0
80,B2,1,0,2,4,0,0,0,0,0,0,0,0,0,1,0,2,0,0,0
80,C1,8,3,1,0,0,0,0,0,0,0,0,0,0,1,0,2,0,0,0
90,A1,1,13,0,9,0,0,0,0,0,0,0,0,0,1,0,2,0,0,0
90,B0,0,2,7,5,0,0,0,0,0,0,0,0,0,1,0,2,0,0,0
90,B1,1,2,2,4,0,0,0,0,0,0,0,0,0,1,0,2,0,0,0
90,B2,2,0,4,5,0,0,0,0,0,0,0,0,0,1,0,2,0,0,0
90,C1,7,4,1,0,0,0,0,0,0,0,0,0,0,1,0,2,0,0,0
100,A1,3,13,0,8,0,0,0,0,0,0,0,0,0,0,1,2,0,0,0
100,B0,0,3,9,3,0,0,0,0,0,0,0,0,0,0,1,2,0,0,0
100,B1,1,3,2,2,0,0,0,0,0,0,0,0,0,0,1,2,1,7,2
100,B2,2,0,3,4,0,0,0,0,0,0,0,0,0,0,1,2,0,0,0
100,C1,8,4,1,0,0,0,0,0,0,0,0,0,0,0,1,2,0,0,0
110,A1,4,13,0,4,0,0,0,0,0,0,0,0,0,0,1,2,0,0,0
110,B0,0,5,9,1,0,0,0,0,0,0,0,0,0,0,1,2,0,0,0
110,B1,1,3,1,1,0,0,0,0,0,0,0,0,0,0,1,2,1,7,2
110,B2,3,0,2,5,0,0,0,0,0,0,0,0,0,0,1,2,0,0,0
110,C1,8,6,3,0,0,0,0,0,0,0,0,0,0,0,1,2,0,0,0
120,A1,5,13,0,5,0,0,0,0,0,0,0,0,0,1,0,2,0,0,0
120,B0,0,4,10,2,0,0,0,0,0,0,0,0,0,1,0,2,0,0,0
120,B1,1,2,1,1,0,0,0,0,0,0,0,0,0,1,0,2,1,7,2
120,B2,1,0,3,5,0,0,0,0,0,0,0,0,0,1,0,2,0,0,0
120,C1,11,5,2,0,0,0,0,0,0,0,0,0,0,1,0,2,0,0,0
130,A1,2,13,0,6,0,0,0,0,0,0,0,0,0,1,0,2,0,0,0
130,B0,0,2,10,3,0,0,0,0,0,0,0,0,0,1,0,2,0,0,0
130,B1,2,3,1,1,0,0,0,0,0,0,0,0,0,1,0,2,1,7,2
130,B2,2,0,3,5,0,0,0,0,0,0,0,0,0,1,0,2,0,0,0
130,C1,11,3,2,0,0,0,0,0,0,0,0,0,0,1,0,2,0,0,0
140,A1,4,13,0,6,0,0,0,0,0,0,0,0,0,0,1,2,0,0,0
140,B0,0,1,11,3,0,0,0,0,0,0,0,0,0,0,1,2,0,0,0
140,B1,2,2,4,3,0,0,0,0,0,0,0,0,0,0,1,2,1,7,2
140,B2,2,0,3,6,0,0,0,0,0,0,0,0,0,0,1,2,0,0,0
140,C1,10,2,1,0,0,0,0,0,0,0,0,0,0,0,1,2,0,0,0
150,A1,4,13,0,4,0,0,0,0,0,0,0,0,0,0,1,2,0,0,0
150,B0,0,1,12,1,0,0,0,0,0,0,0,0,0,0,1,2,0,0,0
150,B1,2,2,1,2,0,0,0,0,0,0,0,0,0,0,1,2,1,7,2
150,B2,2,0,3,8,0,0,0,0,0,0,0,0,0,0,1,2,0,0,0
150,C1,10,3,1,0,0,0,0,0,0,0,0,0,0,0,1,2,0,0,0
160,A1,6,14,0,1,0,0,0,0,0,0,0,0,0,0,1,2,0,0,0
160,B0,0,2,10,2,0,0,0,0,0,0,0,0,0,0,1,2,0,0,0
160,B1,2,2,3,2,0,0,0,0,0,0,0,0,0,0,1,2,1,7,2
160,B2,3,0,1,6,0,0,0,0,0,0,0,0,0,0,1,2,0,0,0
160,C1,11,5,1,0,0,0,0,0,0,0,0,0,0,0,1,2,0,0,0
170,A1,3,13,0,2,0,0,0,0,0,0,0,0,0,1,0,2,0,0,0
170,B0,0,1,10,3,0,0,0,0,0,0,0,0,0,1,0,2,0,0,0
170,B1,1,2,3,2,0,0,0,0,0,0,0,0,0,1,0,2,1,7,2
170,B2,2,0,4,6,0,0,0,0,0,0,0,0,0,1,0,2,0,0,0
170,C1,13,3,2,0,0,0,0,0,0,0,0,0,0,1,0,2,0,0,0
180,A1,3,13,0,2,0,0,0,0,0,0,0,0,0,1,0,2,0,0,0
180,B0,0,1,11,5,0,0,0,0,0,0,0,0,0,1,0,2,0,0,0
180,B1,4,2,3,2,0,0,0,0,0,0,0,0,0,1,0,2,1,7,2
180,B2,1,0,6,7,0,0,0,0,0,0,0,0,0,1,0,2,0,0,0
180,C1,13,1,2,0,0,0,0,0,0,0,0,0,0,1,0,2,0,0,0
190,A1,6,13,0,3,0,0,0,0,0,0,0,0,0,0,1,2,0,0,0
190,B0,0,1,12,5,0,0,0,0,0,0,0,0,0,0,1,2,0,0,0
190,B1,1,1,1,1,0,0,0,0,0,0,0,0,0,0,1,2,1,7,2
190,B2,2,0,5,8,0,0,0,0,0,0,0,0,0,0,1,2,0,0,0
190,C1,11,2,1,0,0,0,0,0,0,0,0,0,0,0,1,2,0,0,0
200,A1,8,14,0,2,0,0,0,0,0,0,0,0,0,0,1,2,0,0,0
200,B0,0,2,13,2,0,0,0,0,0,0,0,0,0,0,1,2,0,0,0
200,B1,1,1,1,1,0,0,0,0,0,0,0,0,0,0,1,2,1,7,2
200,B2,3,0,4,9,0,0,0,0,0,0,0,0,0,0,1,2,0,0,0
200,C1,11,4,1,0,0,0,0,0,0,0,0,0,0,0,1,2,0,0,0
210,A1,9,14,0,2,0,0,0,0,0,0,0,0,0,1,0,2,0,0,0
210,B0,0,1,11,3,0,0,0,0,0,0,0,0,0,1,0,2,0,0,0
210,B1,4,2,1,1,0,0,0,0,0,0,0,0,0,1,0,2,1,7,2
210,B2,2,0,6,8,0,0,0,0,0,0,0,0,0,1,0,2,0,0,0
210,C1,12,5,1,0,0,0,0,0,0,0,0,0,0,1,0,2,0,0,0
220,A1,5,14,0,2,0,0,0,0,0,0,0,0,0,1,0,2,0,0,0
220,B0,0,1,13,3,0,0,0,0,0,0,0,0,0,1,0,2,0,0,0
220,B1,2,3,1,1,0,0,0,0,0,0,0,0,0,1,0,2,1,7,2
220,B2,2,0,7,9,0,0,0,0,0,0,0,0,0,1,0,1,0,0,0
220,C1,14,4,2,0,0,0,0,0,0,0,0,0,0,1,0,2,0,0,0
230,A1,3,13,0,2,0,0,0,0,0,0,0,0,0,0,1,2,0,0,0
230,B0,0,1,14,6,0,0,0,0,0,0,0,0,0,0,1,2,0,0,0
230,B1,1,2,1,1,0,0,0,0,0,0,0,0,0,0,1,2,1,7,2
230,B2,1,0,8,11,0,0,0,0,0,0,0,0,0,0,1,1,0,0,0
230,C1,13,3,4,0,0,0,0,0,0,0,0,0,0,0,1,2,0,0,0
240,A1,4,13,0,2,0,0,0,0,0,0,0,0,0,0,1,2,0,0,0
240,B0,0,2,14,4,0,0,0,0,0,0,0,0,0,0,1,2,0,0,0
240,B1,2,2,2,1,0,0,0,0,0,0,0,0,0,0,1,2,1,7,2
240,B2,2,0,7,11,0,0,0,0,0,0,0,0,0,0,1,2,0,0,0
240,C1,13,3,2,0,0,0,0,0,0,0,0,0,0,0,1,2,0,0,0
250,A1,6,14,0,1,0,0,0,0,0,0,0,0,0,0,1,2,0,0,0
250,B0,0,2,14,1,0,0,0,0,0,0,0,0,0,0,1,2,0,0,0
250,B1,2,2,2,1,0,0,0,0,0,0,0,0,0,0,1,2,1,7,2
250,B2,3,0,4,10,0,0,0,0,0,0,0,0,0,0,1,2,0,0,0
250,C1,14,4,1,0,0,0,0,0,0,0,0,0,0,0,1,2,0,0,0
260,A1,5,14,0,2,0,0,0,0,0,0,0,0,0,1,0,2,0,0,0
260,B0,0,1,13,1,0,0,0,0,0,0,0,0,0,1,0,1,0,0,0
260,B1,3,1,1,1,0,0,0,0,0,0,0,0,0,1,0,2,1,7,2
260,B2,1,0,5,9,0,0,0,0,0,0,0,0,0,1,0,1,0,0,0
260,C1,14,3,2,0,0,0,0,0,0,0,0,0,0,1,0,2,0,0,0
270,A1,2,14,0,1,0,0,0,0,0,0,0,0,0,1,0,2,0,0,0
270,B0,0,1,13,2,0,0,0,0,0,0,0,0,0,1,0,2,0,0,0
270,B1,3,1,1,1,0,0,0,0,0,0,0,0,0,1,0,2,1,7,2
270,B2,1,0,6,10,0,0,0,0,0,0,0,0,0,1,0,1,0,0,0
270,C1,14,3,3,0,0,0,0,0,0,0,0,0,0,1,0,2,0,0,0
280,A1,3,13,0,1,0,0,0,0,0,0,0,0,0,0,1,2,0,0,0
280,B0,0,2,14,3,0,0,0,0,0,0,0,0,0,0,1,2,0,0,0
280,B1,1,3,1,2,0,0,0,0,0,0,0,0,0,0,1,2,1,7,2
280,B2,1,0,7,10,0,0,0,0,0,0,0,0,0,0,1,2,0,0,0
280,C1,13,1,1,0,0,0,0,0,0,0,0,0,0,0,1,2,0,0,0
290,A1,5,14,0,1,0,0,0,0,0,0,0,0,0,0,1,2,0,0,0
290,B0,0,2,14,2,0,0,0,0,0,0,0,0,0,0,1,2,0,0,0
290,B1,2,1,1,2,0,0,0,0,0,0,0,0,0,0,1,2,1,7,2
290,B2,2,0,5,11,0,0,0,0,0,0,0,0,0,0,1,2,0,0,0
290,C1,14,2,1,0,0,0,0,0,0,0,0,0,0,0,1,2,0,0,0
300,A1,7,14,0,1,0,0,0,0,0,0,0,0,0,1,0,2,0,0,0
300,B0,0,3,13,2,0,0,0,0,0,0,0,0,0,1,0,2,0,0,0
300,B1,2,2,1,2,0,0,0,0,0,0,0,0,0,1,0,2,1,7,2
300,B2,2,0,3,8,0,0,0,0,0,0,0,0,0,1,0,2,0,0,0
300,C1,14,1,1,0,0,0,0,0,0,0,0,0,0,1,0,2,0,0,0
310,A1,4,14,0,2,0,0,0,0,0,0,0,0,0,1,0,2,0,0,0
310,B0,0,2,13,5,0,0,0,0,0,0,0,0,0,1,0,2,0,0,0
310,B1,1,1,2,1,0,0,0,0,0,0,0,0,0,1,0,2,1,7,2
310,B2,1,0,4,8,0,0,0,0,0,0,0,0,0,1,0,2,0,0,0
310,C1,13,4,1,0,0,0,0,0,0,0,0,0,0,1,0,2,0,0,0
320,A1,3,13,0,2,0,0,0,0,0,0,0,0,0,1,0,2,0,0,0
320,B0,0,1,14,8,0,0,0,0,0,0,0,0,0,1,0,1,0,0,0
320,B1,1,2,2,1,0,0,0,0,0,0,0,0,0,1,0,2,1,7,2
320,B2,1,0,7,10,0,0,0,0,0,0,0,0,0,1,0,1,0,0,0
320,C1,13,3,1,0,0,0,0,0,0,0,0,0,0,1,0,2,0,0,0
330,A1,4,13,0,1,0,0,0,0,0,0,0,0,0,0,1,2,0,0,0
330,B0,0,1,14,4,0,0,0,0,0,0,0,0,0,0,1,2,0,0,0
330,B1,1,3,1,1,0,0,0,0,0,0,0,0,0,0,1,2,1,7,2
330,B2,1,0,7,11,0,0,0,0,0,0,0,0,0,0,1,1,0,0,0
330,C1,13,4,1,0,0,0,0,0,0,0,0,0,0,0,1,2,0,0,0
340,A1,6,14,0,1,0,0,0,0,0,0,0,0,0,0,1,2,0,0,0
340,B0,0,1,14,3,0,0,0,0,0,0,0,0,0,0,1,2,0,0,0
340,B1,1,3,2,1,0,0,0,0,0,0,0,0,0,0,1,2,1,7,2
340,B2,2,0,4,11,0,0,0,0,0,0,0,0,0,0,1,2,0,0,0
340,C1,14,7,1,0,0,0,0,0,0,0,0,0,0,0,1,2,0,0,0
350,A1,6,14,0,1,0,0,0,0,0,0,0,0,0,1,0,2,0,0,0
350,B0,0,1,13,3,0,0,0,0,0,0,0,0,0,1,0,2,0,0,0
350,B1,3,3,2,1,0,0,0,0,0,0,0,0,0,1,0,2,2,14,4
350,B2,1,0,3,10,0,0,0,0,0,0,0,0,0,1,0,2,0,0,0
350,C1,14,7,3,0,0,0,0,0,0,0,0,0,0,1,0,2,0,0,0
360,A1,2,14,0,2,0,0,0,0,0,0,0,0,0,1,0,2,0,0,0
360,B0,0,1,14,4,0,0,0,0,0,0,0,0,0,1,0,2,0,0,0
360,B1,2,3,2,1,0,0,0,0,0,0,0,0,0,1,0,2,2,14,4
360,B2,1,0,5,10,0,0,0,0,0,0,0,0,0,1,0,1,0,0,0
360,C1,14,4,2,0,0,0,0,0,0,0,0,0,0,1,0,2,0,0,0
370,A1,1,13,0,2,0,0,0,0,0,0,0,0,0,0,1,2,0,0,0
370,B0,0,1,14,4,0,0,0,0,0,0,0,0,0,0,1,2,0,0,0
370,B1,3,3,2,1,0,0,0,0,0,0,0,0,0,0,1,2,2,14,4
370,B2,2,0,7,12,0,0,0,0,0,0,0,0,0,0,1,2,0,0,0
370,C1,13,2,3,0,0,0,0,0,0,0,0,0,0,0,1,2,0,0,0
380,A1,2,13,0,1,0,0,0,0,0,0,0,0,0,0,1,2,0,0,0
380,B0,0,1,14,2,0,0,0,0,0,0,0,0,0,0,1,2,0,0,0
380,B1,2,3,1,2,0,0,0,0,0,0,0,0,0,0,1,2,2,14,4
380,B2,1,0,4,11,0,0,0,0,0,0,0,0,0,0,1,2,0,0,0
380,C1,13,2,3,0,0,0,0,0,0,0,0,0,0,0,1,2,0,0,0
390,A1,5,14,0,1,0,0,0,0,0,0,0,0,0,0,1,2,0,0,0
390,B0,0,1,13,2,0,0,0,0,0,0,0,0,0,0,1,2,0,0,0
390,B1,2,3,1,1,0,0,0,0,0,0,0,0,0,0,1,2,2,14,4
390,B2,2,0,2,10,0,0,0,0,0,0,0,0,0,0,1,2,0,0,0
390,C1,14,4,2,0,0,0,0,0,0,0,0,0,0,0,1,2,0,0,0
400,A1,2,14,0,2,0,0,0,0,0,0,0,0,0,1,0,2,0,0,0
400,B0,0,1,13,3,0,0,0,0,0,0,0,0,0,1,0,2,0,0,0
400,B1,1,2,2,1,0,0,0,0,0,0,0,0,0,1,0,2,2,14,4
400,B2,1,0,4,10,0,0,0,0,0,0,0,0,0,1,0,2,0,0,0
400,C1,14,1,3,0,0,0,0,0,0,0,0,0,0,1,0,2,0,0,0
410,A1,3,12,0,2,0,0,0,0,0,0,0,0,0,1,0,2,0,0,0
410,B0,0,1,14,3,0,0,0,0,0,0,0,0,0,1,0,2,0,0,0
410,B1,2,1,2,1,0,0,0,0,0,0,0,0,0,1,0,2,2,14,4
410,B2,1,0,7,11,0,0,0,0,0,0,0,0,0,1,0,1,0,0,0
410,C1,13,1,3,0,0,0,0,0,0,0,0,0,0,1,0,2,0,0,0
420,A1,2,12,0,1,0,0,0,0,0,0,0,0,0,0,1,2,0,0,0
420,B0,0,1,13,4,0,0,0,0,0,0,0,0,0,0,1,2,0,0,0
420,B1,1,2,1,1,0,0,0,0,0,0,0,0,0,0,1,2,2,14,4
420,B2,1,0,7,11,0,0,0,0,0,0,0,0,0,0,1,1,0,0,0
420,C1,13,2,2,0,0,0,0,0,0,0,0,0,0,0,1,2,0,0,0
430,A1,3,14,0,1,0,0,0,0,0,0,0,0,0,0,1,2,0,0,0
430,B0,0,3,13,3,0,0,0,0,0,0,0,0,0,0,1,2,0,0,0
430,B1,1,2,1,3,0,0,0,0,0,0,0,0,0,0,1,2,2,14,4
430,B2,2,0,4,10,0,0,0,0,0,0,0,0,0,0,1,2,0,0,0
430,C1,14,2,2,0,0,0,0,0,0,0,0,0,0,0,1,2,0,0,0
440,A1,5,14,0,2,0,0,0,0,0,0,0,0,0,1,0,2,0,0,0
440,B0,0,2,13,4,0,0,0,0,0,0,0,0,0,1,0,2,0,0,0
440,B1,1,1,3,2,0,0,0,0,0,0,0,0,0,1,0,2,2,14,4
440,B2,1,0,4,10,0,0,0,0,0,0,0,0,0,1,0,2,0,0,0
440,C1,14,4,3,0,0,0,0,0,0,0,0,0,0,1,0,2,0,0,0
450,A1,3,14,0,2,0,0,0,0,0,0,0,0,0,1,0,2,0,0,0
450,B0,0,1,14,6,0,0,0,0,0,0,0,0,0,1,0,2,0,0,0
450,B1,1,2,3,2,0,0,0,0,0,0,0,0,0,1,0,2,2,14,4
450,B2,1,0,5,10,0,0,0,0,0,0,0,0,0,1,0,1,0,0,0
450,C1,14,2,3,0,0,0,0,0,0,0,0,0,0,1,0,2,0,0,0
460,A1,1,13,0,2,0,0,0,0,0,0,0,0,0,0,1,2,0,0,0
460,B0,0,2,14,8,0,0,0,0,0,0,0,0,0,0,1,2,0,0,0
460,B1,1,1,3,2,0,0,0,0,0,0,0,0,0,0,1,2,2,14,4
460,B2,2,0,7,10,0,0,0,0,0,0,0,0,0,0,1,2,0,0,0
460,C1,13,1,3,0,0,0,0,0,0,0,0,0,0,0,1,2,0,0,0
470,A1,2,13,0,2,0,0,0,0,0,0,0,0,0,0,1,2,0,0,0
470,B0,0,1,14,4,0,0,0,0,0,0,0,0,0,0,1,2,0,0,0
470,B1,1,1,2,3,0,0,0,0,0,0,0,0,0,0,1,2,2,14,4
470,B2,1,0,3,11,0,0,0,0,0,0,0,0,0,0,1,2,0,0,0
470,C1,13,1,1,0,0,0,0,0,0,0,0,0,0,0,1,2,0,0,0
480,A1,4,14,0,2,0,0,0,0,0,0,0,0,0,0,1,2,0,0,0
480,B0,0,1,14,2,0,0,0,0,0,0,0,0,0,0,1,2,0,0,0
480,B1,1,1,1,2,0,0,0,0,0,0,0,0,0,0,1,2,2,14,4
480,B2,1,0,1,10,0,0,0,0,0,0,0,0,0,0,1,2,0,0,0
480,C1,14,3,1,0,0,0,0,0,0,0,0,0,0,0,1,2,0,0,0
490,A1,2,14,0,3,0,0,0,0,0,0,0,0,0,1,0,2,0,0,0
490,B0,0,2,13,2,0,0,0,0,0,0,0,0,0,1,0,2,0,0,0
490,B1,2,1,1,1,0,0,0,0,0,0,0,0,0,1,0,2,2,14,4
490,B2,1,0,1,10,0,0,0,0,0,0,0,0,0,1,0,2,0,0,0
490,C1,14,2,1,0,0,0,0,0,0,0,0,0,0,1,0,2,0,0,0
500,A1,2,13,0,3,0,0,0,0,0,0,0,0,0,1,0,2,0,0,0
500,B0,0,2,14,3,0,0,0,0,0,0,0,0,0,1,0,2,0,0,0
500,B1,2,1,1,1,0,0,0,0,0,0,0,0,0,1,0,2,2,14,4
500,B2,1,0,1,11,0,0,0,0,0,0,0,0,0,1,0,2,0,0,0
500,C1,14,3,2,0,0,0,0,0,0,0,0,0,0,1,0,2,0,0,0
510,A1,4,12,0,2,0,0,0,0,0,0,0,0,1,0,1,2,0,0,0
510,B0,0,1,14,4,0,0,0,0,0,0,0,0,0,0,1,2,0,0,0
510,B1,2,1,1,1,0,0,0,1,0,0,0,0,0,0,1,2,3,24,4
510,B2,1,0,3,13,0,0,0,0,0,0,0,0,0,0,1,2,0,0,0
510,C1,13,2,1,0,0,0,0,0,0,0,0,0,0,0,1,2,0,0,0
520,A1,5,13,0,1,0,0,0,0,0,0,0,0,0,0,1,2,0,0,0
520,B0,0,2,14,3,0,0,0,0,0,0,0,0,0,0,1,2,0,0,0
520,B1,2,1,1,1,0,0,0,0,0,0,0,0,0,0,1,2,3,31,5
520,B2,1,0,1,14,0,0,0,0,0,0,0,0,0,0,1,2,0,0,0
520,C1,13,2,1,0,0,0,0,0,0,0,0,0,0,0,1,2,0,0,0
530,A1,7,14,0,1,0,0,0,0,0,0,0,0,0,1,0,2,0,0,0
530,B0,0,2,13,2,0,0,0,0,0,0,0,0,0,1,0,2,0,0,0
530,B1,1,1,1,1,0,0,0,0,0,0,0,0,0,1,0,2,3,31,5
530,B2,2,0,3,12,0,0,0,0,0,0,0,0,0,1,0,2,0,0,0
530,C1,14,3,1,0,0,0,0,0,0,0,0,0,0,1,0,2,0,0,0
540,A1,7,14,0,1,0,0,0,0,0,0,0,0,0,1,0,2,0,0,0
540,B0,0,1,13,3,0,0,0,0,0,0,0,0,0,1,0,2,0,0,0
540,B1,1,1,1,1,0,0,0,0,0,0,0,0,0,1,0,2,3,31,5
540,B2,1,0,2,12,0,0,0,0,0,0,0,0,0,1,0,2,0,0,0
540,C1,14,2,1,0,0,0,0,0,0,0,0,0,0,1,0,2,0,0,0
550,A1,4,13,0,1,0,0,0,0,0,0,0,0,0,1,0,2,0,0,0
550,B0,0,1,14,7,0,0,0,0,0,0,0,0,0,1,0,2,0,0,0
550,B1,2,2,1,1,0,0,0,0,0,0,0,0,0,1,0,2,3,31,5
550,B2,1,0,3,13,0,0,0,0,0,0,0,0,0,1,0,2,0,0,0
550,C1,13,1,1,0,0,0,0,0,0,0,0,0,0,1,0,2,0,0,0
560,A1,4,13,0,1,0,0,0,0,0,0,0,0,0,0,1,2,0,0,0
560,B0,0,3,14,6,0,0,0,0,0,0,0,0,0,0,1,2,0,0,0
560,B1,2,2,1,1,0,0,0,0,0,0,0,0,0,0,1,2,3,31,5
560,B2,2,0,3,13,0,0,0,0,0,0,0,0,0,0,1,2,0,0,0
560,C1,13,4,1,0,0,0,0,0,0,0,0,0,0,0,1,2,0,0,0
570,A1,8,14,0,1,0,0,0,0,0,0,0,0,0,0,1,2,0,0,0
570,B0,0,3,14,4,0,0,0,0,0,0,0,0,0,0,1,2,0,0,0
570,B1,2,2,1,1,0,0,0,0,0,0,0,0,0,0,1,2,3,31,5
570,B2,2,0,3,14,0,0,0,0,0,0,0,0,0,0,1,2,0,0,0
570,C1,14,4,1,0,0,0,0,0,0,0,0,0,0,0,1,2,0,0,0
580,A1,7,14,0,2,0,0,0,0,0,0,0,0,0,1,0,2,0,0,0
580,B0,0,2,13,3,0,0,0,0,0,0,0,0,0,1,0,2,1,3,1
580,B1,2,2,2,1,0,0,0,0,0,0,0,0,0,1,0,2,3,31,5
580,B2,1,0,1,13,0,0,0,0,0,0,0,0,0,1,0,2,0,0,0
580,C1,14,4,1,0,0,0,0,0,0,0,0,0,0,1,0,2,0,0,0
590,A1,4,14,0,2,0,0,0,0,0,0,0,0,0,1,0,2,0,0,0
590,B0,0,1,14,3,0,0,0,0,0,0,0,0,0,1,0,2,1,3,1
590,B1,2,1,2,1,0,0,0,0,0,0,0,0,0,1,0,2,3,31,5
590,B2,1,0,3,14,0,0,0,0,0,0,0,0,0,1,0,2,0,0,0
590,C1,14,2,1,0,0,0,0,0,0,0,0,0,0,1,0,2,0,0,0
600,A1,4,13,0,2,0,0,0,0,0,0,0,0,0,0,1,2,0,0,0
600,B0,0,1,14,4,0,0,0,0,0,0,0,0,0,0,1,2,1,3,1
600,B1,2,1,1,1,0,0,0,0,0,0,0,0,0,0,1,2,3,31,5
600,B2,1,0,5,14,0,0,0,0,0,0,0,0,0,0,1,2,0,0,0
600,C1,13,1,1,0,0,0,0,0,0,0,0,0,0,0,1,2,0,0,0
610,A1,4,13,0,1,0,0,0,0,0,0,0,0,0,0,1,2,0,0,0
610,B0,0,4,14,3,0,0,0,0,0,0,0,0,0,0,1,2,1,3,1
610,B1,2,1,1,1,0,0,0,0,0,0,0,0,0,0,1,2,3,31,5
610,B2,1,0,4,14,0,0,0,0,0,0,0,0,0,0,1,2,0,0,0
610,C1,14,1,1,0,0,0,0,0,0,0,0,0,0,0,1,2,0,0,0
620,A1,7,14,0,1,0,0,0,0,0,0,0,0,0,0,1,2,0,0,0
620,B0,0,4,13,1,0,0,0,0,0,0,0,0,0,0,1,2,1,3,1
620,B1,2,1,1,2,0,0,0,0,0,0,0,0,0,0,1,2,3,31,5
620,B2,1,0,2,13,0,0,0,0,0,0,0,0,0,0,1,2,0,0,0
620,C1,14,2,1,0,0,0,0,0,0,0,0,0,0,0,1,2,0,0,0
630,A1,6,14,0,2,0,0,0,0,0,0,0,0,0,1,0,2,0,0,0
630,B0,0,2,13,3,0,0,0,0,0,0,0,0,0,1,0,2,1,3,1
630,B1,1,1,1,2,0,0,0,0,0,0,0,0,0,1,0,2,3,31,5
630,B2,1,0,2,13,0,0,0,0,0,0,0,0,0,1,0,2,0,0,0
630,C1,14,2,2,0,0,0,0,0,0,0,0,0,0,1,0,2,0,0,0
640,A1,3,14,0,2,0,0,0,0,0,0,0,0,0,1,0,2,0,0,0
640,B0,0,2,14,2,0,0,0,0,0,0,0,0,0,1,0,2,1,3,1
640,B1,2,1,1,2,0,0,0,0,0,0,0,0,0,1,0,2,3,31,5
640,B2,2,0,3,14,0,0,0,0,0,0,0,0,0,1,0,2,0,0,0
640,C1,14,1,2,0,0,0,0,0,0,0,0,0,0,1,0,2,0,0,0
650,A1,4,13,0,2,0,0,0,0,0,0,0,0,0,0,1,2,0,0,0
650,B0,0,4,14,2,0,0,0,0,0,0,0,0,0,0,1,2,1,3,1
650,B1,2,2,1,2,0,0,0,0,0,0,0,0,0,0,1,2,3,31,5
650,B2,2,0,4,14,0,0,0,0,0,0,0,0,0,0,1,2,0,0,0
650,C1,13,2,1,0,0,0,0,0,0,0,0,0,0,0,1,2,0,0,0
660,A1,5,14,0,1,0,0,0,0,0,0,0,0,0,0,1,2,0,0,0
660,B0,0,3,13,3,0,0,0,0,0,0,0,0,0,0,1,2,1,3,1
660,B1,2,2,2,1,0,0,0,0,0,0,0,0,0,0,1,2,3,31,5
660,B2,2,0,1,14,0,0,0,0,0,0,0,0,0,0,1,2,0,0,0
660,C1,14,4,1,0,0,0,0,0,0,0,0,0,0,0,1,2,0,0,0
670,A1,6,14,0,2,0,0,0,0,0,0,0,0,0,1,0,2,0,0,0
670,B0,0,3,12,2,0,0,0,0,0,0,0,0,0,1,0,2,1,3,1
670,B1,1,1,2,3,0,0,0,0,0,0,0,0,0,1,0,2,3,31,5
670,B2,1,0,4,13,0,0,0,0,0,0,0,0,0,1,0,2,1,4,1
670,C1,14,4,1,0,0,0,0,0,0,0,0,0,0,1,0,2,0,0,0
680,A1,5,14,0,3,0,0,0,0,0,0,0,0,0,1,0,2,0,0,0
680,B0,0,2,13,2,0,0,0,0,0,0,0,0,0,1,0,2,1,3,1
680,B1,1,2,2,1,0,0,0,0,0,0,0,0,0,1,0,2,3,31,5
680,B2,1,0,2,14,0,0,0,0,0,0,0,0,0,1,0,2,1,4,1
680,C1,14,1,1,0,0,0,0,0,0,0,0,0,0,1,0,2,0,0,0
690,A1,2,13,0,4,0,0,0,0,0,0,0,0,0,0,1,2,0,0,0
690,B0,0,3,14,1,0,0,0,0,0,0,0,0,0,0,1,2,1,3,1
690,B1,3,1,2,1,0,0,0,0,0,0,0,0,0,0,1,2,3,31,5
690,B2,1,0,5,14,0,0,0,0,0,0,0,0,0,0,1,2,1,4,1
690,C1,12,1,1,0,0,0,0,0,0,0,0,0,0,0,1,2,0,0,0
700,A1,3,13,0,2,0,0,0,0,0,0,0,0,0,0,1,2,0,0,0
700,B0,0,5,12,2,0,0,0,0,0,0,0,0,0,0,1,2,1,3,1
700,B1,3,1,3,1,0,0,0,0,0,0,0,0,0,0,1,2,3,31,5
700,B2,2,0,3,14,0,0,0,0,0,0,0,0,0,0,1,2,1,4,1
700,C1,13,1,1,0,0,0,0,0,0,0,0,0,0,0,1,2,0,0,0
710,A1,5,14,0,1,0,0,0,0,0,0,0,0,0,0,1,2,0,0,0
710,B0,0,5,12,3,0,0,0,0,0,0,0,0,0,0,1,2,1,3,1
710,B1,3,1,1,1,0,0,0,0,0,0,0,0,0,0,1,2,3,31,5
710,B2,2,0,2,14,0,0,0,0,0,0,0,0,0,0,1,2,1,4,1
710,C1,14,3,1,0,0,0,0,0,0,0,0,0,0,0,1,2,0,0,0
720,A1,4,14,0,2,0,0,0,0,0,0,0,0,0,1,0,2,0,0,0
720,B0,0,4,13,1,0,0,0,0,0,0,0,0,0,1,0,2,1,3,1
720,B1,2,1,2,2,0,0,0,0,0,0,0,0,0,1,0,2,3,31,5
720,B2,2,0,3,13,0,0,0,0,0,0,0,0,0,1,0,2,1,4,1
720,C1,14,1,1,0,0,0,0,0,0,0,0,0,0,1,0,2,0,0,0
730,A1,1,14,0,2,0,0,0,0,0,0,0,0,0,1,0,2,0,0,0
730,B0,0,1,14,1,0,0,0,0,0,0,0,0,0,1,0,1,1,3,1
730,B1,4,3,2,2,0,0,0,0,0,0,0,0,0,1,0,2,3,31,5
730,B2,1,0,2,14,0,0,0,0,0,0,0,0,0,1,0,2,1,4,1
730,C1,13,1,1,0,0,0,0,0,0,0,0,0,0,1,0,2,0,0,0
740,A1,1,13,0,1,0,0,0,0,0,0,0,0,0,0,1,2,0,0,0
740,B0,0,2,14,1,0,0,0,0,0,0,0,0,0,0,1,2,1,3,1
740,B1,2,1,1,2,0,0,0,0,0,0,0,0,0,0,1,2,3,31,5
740,B2,2,0,1,14,0,0,0,0,0,0,0,0,0,0,1,2,1,4,1
740,C1,12,1,1,0,0,0,0,0,0,0,0,0,0,0,1,2,0,0,0
750,A1,2,14,0,3,0,0,0,0,0,0,0,0,0,0,1,2,0,0,0
750,B0,0,2,13,2,0,0,0,0,0,0,0,0,0,0,1,2,1,3,1
750,B1,2,1,3,1,0,0,0,0,0,0,0,0,0,0,1,2,3,31,5
750,B2,3,0,3,14,0,0,0,0,0,0,0,0,0,0,1,2,1,4,1
750,C1,13,1,1,0,0,0,0,0,0,0,0,0,0,0,1,2,0,0,0
760,A1,2,14,0,1,0,0,0,0,0,0,0,0,0,1,0,2,0,0,0
760,B0,0,3,13,1,0,0,0,0,0,0,0,0,0,1,0,2,1,3,1
760,B1,1,1,1,2,0,0,0,0,0,0,0,0,0,1,0,2,3,31,5
760,B2,4,0,1,13,0,0,0,0,0,0,0,0,0,1,0,2,1,4,1
760,C1,14,2,1,0,0,0,0,0,0,0,0,0,0,1,0,2,0,0,0
770,A1,2,13,0,4,0,0,0,0,0,0,0,0,0,1,0,2,0,0,0
770,B0,0,1,13,1,0,0,0,0,0,0,0,0,0,1,0,1,1,3,1
770,B1,2,1,1,1,0,0,0,0,0,0,0,0,0,1,0,2,3,31,5
770,B2,1,0,3,13,0,0,0,0,0,0,0,0,0,1,0,2,1,4,1
770,C1,14,1,1,0,0,0,0,0,0,0,0,0,0,1,0,2,0,0,0
780,A1,2,12,0,4,0,0,0,0,0,0,0,0,0,1,0,2,0,0,0
780,B0,0,1,14,5,0,0,0,0,0,0,0,0,0,1,0,2,1,3,1
780,B1,2,2,1,1,0,0,0,0,0,0,0,0,0,1,0,2,3,31,5
780,B2,1,0,5,14,0,0,0,0,0,0,0,0,0,1,0,1,1,4,1
780,C1,12,1,2,0,0,0,0,0,0,0,0,0,0,1,0,2,0,0,0
790,A1,2,12,0,4,0,0,0,0,0,0,0,0,0,0,1,2,0,0,0
790,B0,0,2,12,1,0,0,0,0,0,0,0,0,0,0,1,2,1,3,1
790,B1,2,2,1,1,0,0,0,0,0,0,0,0,0,0,1,2,3,31,5
790,B2,2,0,2,14,0,0,0,0,0,0,0,0,0,0,1,2,1,4,1
790,C1,13,1,2,0,0,0,0,0,0,0,0,0,0,0,1,2,0,0,0
800,A1,3,14,0,1,0,0,0,0,0,0,0,0,0,0,1,2,0,0,0
800,B0,0,2,12,1,0,0,0,0,0,0,0,0,0,0,1,2,1,3,1
800,B1,2,2,2,1,0,0,0,0,0,0,0,0,0,0,1,2,3,31,5
800,B2,2,0,1,14,0,0,0,0,0,0,0,0,0,0,1,2,1,4,1
800,C1,14,3,1,0,0,0,0,0,0,0,0,0,0,0,1,2,0,0,0
810,A1,2,14,0,2,0,0,0,0,0,0,0,0,0,1,0,2,0,0,0
810,B0,0,1,13,1,0,0,0,0,0,0,0,0,0,1,0,1,1,3,1
810,B1,1,2,1,2,0,0,0,0,0,0,0,0,0,1,0,2,3,31,5
810,B2,1,0,1,13,0,0,0,0,0,0,0,0,0,1,0,2,1,4,1
810,C1,14,2,2,0,0,0,0,0,0,0,0,0,0,1,0,2,0,0,0
820,A1,2,14,0,2,0,0,0,0,0,0,0,0,0,1,0,2,0,0,0
820,B0,0,1,14,3,0,0,0,0,0,0,0,0,0,1,0,2,1,3,1
820,B1,1,2,2,2,0,0,0,0,0,0,0,0,0,1,0,2,3,31,5
820,B2,1,0,1,14,0,0,0,0,0,0,0,0,0,1,0,2,1,4,1
820,C1,13,1,2,0,0,0,0,0,0,0,0,0,0,1,0,2,0,0,0
830,A1,2,13,0,2,0,0,0,0,0,0,0,0,0,0,1,2,0,0,0
830,B0,0,2,14,2,0,0,0,0,0,0,0,0,0,0,1,2,1,3,1
830,B1,3,1,2,1,0,0,0,0,0,0,0,0,0,0,1,2,3,31,5
830,B2,1,0,1,14,0,0,0,0,0,0,0,0,0,0,1,2,1,4,1
830,C1,12,2,1,0,0,0,0,0,0,0,0,0,0,0,1,2,0,0,0
840,A1,3,14,0,1,0,0,0,0,0,0,0,0,0,0,1,2,0,0,0
840,B0,0,1,13,2,0,0,0,0,0,0,0,0,0,0,1,2,1,3,1
840,B1,3,1,1,1,0,0,0,0,0,0,0,0,0,0,1,2,3,31,5
840,B2,3,0,1,11,0,0,0,0,0,0,0,0,0,0,1,2,1,4,1
840,C1,13,3,1,0,0,0,0,0,0,0,0,0,0,0,1,2,0,0,0
850,A1,3,14,0,1,0,0,0,0,0,0,0,0,0,0,1,2,0,0,0
850,B0,0,2,12,1,0,0,0,0,0,0,0,0,0,0,1,2,1,3,1
850,B1,3,1,1,1,0,0,0,0,0,0,0,0,0,0,1,2,3,31,5
850,B2,3,0,1,9,0,0,0,0,0,0,0,0,0,0,1,2,1,4,1
850,C1,14,3,3,0,0,0,0,0,0,0,0,0,0,0,1,2,0,0,0
860,A1,1,14,0,3,0,0,0,0,0,0,0,0,0,1,0,2,0,0,0
860,B0,0,1,13,2,0,0,0,0,0,0,0,0,0,1,0,2,1,3,1
860,B1,2,2,1,1,0,0,0,0,0,0,0,0,0,1,0,2,3,31,5
860,B2,2,0,2,13,0,0,0,0,0,0,0,0,0,1,0,2,1,4,1
860,C1,14,4,3,0,0,0,0,0,0,0,0,0,0,1,0,2,0,0,0
870,A1,4,12,0,3,0,0,0,0,0,0,0,0,0,1,0,2,0,0,0
870,B0,0,1,14,1,0,0,0,0,0,0,0,0,0,1,0,1,1,3,1
870,B1,1,2,1,1,0,0,0,0,0,0,0,0,0,1,0,2,3,31,5
870,B2,1,0,4,14,0,0,0,0,0,0,0,0,0,1,0,2,1,4,1
870,C1,13,2,4,0,0,0,0,0,0,0,0,0,0,1,0,2,0,0,0
880,A1,1,12,0,1,0,0,0,0,0,0,0,0,0,0,1,2,0,0,0
880,B0,0,1,14,2,0,0,0,0,0,0,0,0,0,0,1,2,1,3,1
880,B1,1,2,1,1,0,0,0,0,0,0,0,0,0,0,1,2,3,31,5
880,B2,1,0,3,14,0,0,0,0,0,0,0,0,0,0,1,2,1,4,1
880,C1,13,1,2,0,0,0,0,0,0,0,0,0,0,0,1,2,0,0,0
890,A1,3,14,0,1,0,0,0,0,0,0,0,0,0,0,1,2,0,0,0
890,B0,0,1,10,1,0,0,0,0,0,0,0,0,0,0,1,2,1,3,1
890,B1,1,2,2,3,0,0,0,0,0,0,0,0,0,0,1,2,3,31,5
890,B2,2,0,1,14,0,0,0,0,0,0,0,0,0,0,1,2,1,4,1
890,C1,14,1,1,0,0,0,0,0,0,0,0,0,0,0,1,2,0,0,0
900,A1,4,14,0,1,0,0,0,0,0,0,0,0,0,1,0,2,0,0,0
900,B0,0,1,10,1,0,0,0,0,0,0,0,0,0,1,0,2,1,3,1
900,B1,1,1,2,2,0,0,0,0,0,0,0,0,0,1,0,2,3,31,5
900,B2,1,0,1,13,0,0,0,0,0,0,0,0,0,1,0,2,1,4,1
900,C1,14,4,1,0,0,0,0,0,0,0,0,0,0,1,0,2,0,0,0
910,A1,2,14,0,3,0,0,0,0,0,0,0,0,0,1,0,2,0,0,0
910,B0,0,1,13,1,0,0,0,0,0,0,0,0,0,1,0,1,1,3,1
910,B1,2,2,2,2,0,0,0,0,0,0,0,0,0,1,0,2,3,31,5
910,B2,1,0,1,14,0,0,0,0,0,0,0,0,0,1,0,2,1,4,1
910,C1,10,2,1,0,0,0,0,0,0,0,0,0,0,1,0,2,0,0,0
920,A1,1,13,0,3,0,0,0,0,0,0,0,0,0,0,1,2,0,0,0
920,B0,0,2,14,4,0,0,0,0,0,0,0,0,0,0,1,2,1,3,1
920,B1,3,1,2,2,0,0,0,0,0,0,0,0,0,0,1,2,3,31,5
920,B2,1,0,2,14,0,0,0,0,0,0,0,0,0,0,1,2,1,4,1
920,C1,10,2,1,0,0,0,0,0,0,0,0,0,0,0,1,2,0,0,0
930,A1,2,13,0,1,0,0,0,0,0,0,0,0,0,0,1,2,0,0,0
930,B0,0,2,14,1,0,0,0,0,0,0,0,0,0,0,1,2,1,3,1
930,B1,3,1,1,2,0,0,0,0,0,0,0,0,0,0,1,2,3,31,5
930,B2,1,0,1,14,0,0,0,0,0,0,0,0,0,0,1,2,1,4,1
930,C1,13,1,1,0,0,0,0,0,0,0,0,0,0,0,1,2,0,0,0
940,A1,2,14,0,1,0,0,0,0,0,0,0,0,0,0,1,2,0,0,0
940,B0,0,4,11,2,0,0,0,0,0,0,0,0,0,0,1,2,1,3,1
940,B1,3,1,1,2,0,0,0,0,0,0,0,0,0,0,1,2,3,31,5
940,B2,1,0,2,14,0,0,0,0,0,0,0,0,0,0,1,2,1,4,1
940,C1,14,3,1,0,0,0,0,0,0,0,0,0,0,0,1,2,0,0,0
950,A1,3,13,0,2,0,0,0,0,0,0,0,0,0,1,0,2,0,0,0
950,B0,0,2,12,4,0,0,0,0,0,0,0,0,0,1,0,2,1,3,1
950,B1,2,1,1,2,0,0,0,0,0,0,0,0,0,1,0,2,3,31,5
950,B2,1,0,1,13,0,0,0,0,0,0,0,0,0,1,0,2,1,4,1
950,C1,14,2,2,0,0,0,0,0,0,0,0,0,0,1,0,2,0,0,0
960,A1,1,13,0,3,0,0,0,0,0,0,0,0,0,1,0,2,0,0,0
960,B0,0,1,13,2,0,0,0,0,0,0,0,0,0,1,0,2,1,3,1
960,B1,1,3,1,2,0,0,0,0,0,0,0,0,0,1,0,2,3,31,5
960,B2,1,0,2,14,0,0,0,0,0,0,0,0,0,1,0,2,1,4,1
960,C1,14,1,2,0,0,0,0,0,0,0,0,0,0,1,0,2,0,0,0
970,A1,1,13,0,1,0,0,0,0,0,0,0,0,0,0,1,2,0,0,0
970,B0,0,1,14,3,0,0,0,0,0,0,0,0,0,0,1,2,1,3,1
970,B1,2,1,1,1,0,0,0,0,0,0,0,0,0,0,1,2,3,31,5
970,B2,1,0,3,14,0,0,0,0,0,0,0,0,0,0,1,2,1,4,1
970,C1,13,1,1,0,0,0,0,0,0,0,0,0,0,0,1,2,0,0,0
980,A1,1,14,0,1,0,0,0,0,0,0,0,0,0,0,1,2,0,0,0
980,B0,0,2,14,2,0,0,0,0,0,0,0,0,0,0,1,2,1,3,1
980,B1,2,1,1,3,0,0,0,0,0,0,0,0,0,0,1,2,3,31,5
980,B2,3,0,1,14,0,0,0,0,0,0,0,0,0,0,1,2,1,4,1
980,C1,14,2,1,0,0,0,0,0,0,0,0,0,0,0,1,2,0,0,0
990,A1,3,14,0,2,0,0,0,0,0,0,0,0,0,1,0,2,0,0,0
990,B0,0,3,12,1,0,0,0,0,0,0,0,0,0,1,0,2,1,3,1
990,B1,2,1,1,3,0,0,0,0,0,0,0,0,0,1,0,2,3,31,5
990,B2,4,0,1,12,0,0,0,0,0,0,0,0,0,1,0,2,1,4,1
990,C1,14,3,1,0,0,0,0,0,0,0,0,0,0,1,0,2,0,0,0
1000,A1,1,14,0,2,0,0,0,0,0,0,0,0,0,1,0,2,0,0,0
1000,B0,0,1,13,2,0,0,0,0,0,0,0,0,0,1,0,2,1,3,1
1000,B1,3,1,1,3,0,0,0,0,0,0,0,0,0,1,0,2,3,31,5
1000,B2,1,0,1,13,0,0,0,0,0,0,0,0,0,1,0,2,1,4,1
1000,C1,14,4,2,0,0,0,0,0,0,0,0,0,0,1,0,2,0,0,0
1010,A1,3,12,0,2,0,0,0,0,0,0,0,0,0,1,0,2,0,0,0
1010,B0,0,1,14,3,0,0,0,0,0,0,0,0,0,1,0,2,1,3,1
1010,B1,1,2,1,3,0,0,0,0,0,0,0,0,0,1,0,2,3,31,5
1010,B2,2,0,3,14,0,0,0,0,0,0,0,0,0,1,0,2,1,4,1
1010,C1,10,1,2,0,0,0,0,0,0,0,0,0,0,1,0,2,0,0,0
1020,A1,2,13,0,1,0,0,0,0,0,0,0,0,0,0,1,2,0,0,0
1020,B0,0,2,14,1,0,0,0,0,0,0,0,0,0,0,1,2,1,3,1
1020,B1,2,2,1,3,0,0,0,0,0,0,0,0,0,0,1,2,3,31,5
1020,B2,2,0,4,14,0,0,0,0,0,0,0,0,0,0,1,2,1,4,1
1020,C1,11,1,2,0,0,0,0,0,0,0,0,0,0,0,1,2,0,0,0
1030,A1,2,14,0,1,0,0,0,0,0,0,0,0,0,0,1,2,0,0,0
1030,B0,0,2,14,1,0,0,0,0,0,0,0,0,0,0,1,2,1,3,1
1030,B1,2,2,1,5,0,0,0,0,0,0,0,0,0,0,1,2,3,31,5
1030,B2,3,0,1,13,0,0,0,0,0,0,0,0,0,0,1,2,1,4,1
1030,C1,14,4,1,0,0,0,0,0,0,0,0,0,0,0,1,2,0,0,0
1040,A1,1,14,0,3,0,0,0,0,0,0,0,0,0,1,0,2,0,0,0
1040,B0,0,1,13,1,0,0,0,0,0,0,0,0,0,1,0,1,1,3,1
1040,B1,1,1,2,5,0,0,0,0,0,0,0,0,0,1,0,2,3,31,5
1040,B2,3,0,1,13,0,0,0,0,0,0,0,0,0,1,0,2,1,4,1
1040,C1,14,3,2,0,0,0,0,0,0,0,0,0,0,1,0,2,0,0,0
1050,A1,2,12,0,4,0,0,0,0,0,0,0,0,0,1,0,2,0,0,0
1050,B0,0,1,14,1,0,0,0,0,0,0,0,0,0,1,0,1,1,3,1
1050,B1,1,2,2,5,0,0,0,0,0,0,0,0,0,1,0,2,3,31,5
1050,B2,1,0,1,14,0,0,0,0,0,0,0,0,0,1,0,2,1,4,1
1050,C1,14,1,3,0,0,0,0,0,0,0,0,0,0,1,0,2,0,0,0
1060,A1,3,12,0,2,0,0,0,0,0,0,0,0,0,0,1,2,0,0,0
1060,B0,0,1,14,1,0,0,0,0,0,0,0,0,0,0,1,2,1,3,1
1060,B1,1,2,2,5,0,0,0,0,0,0,0,0,0,0,1,2,3,31,5
1060,B2,3,0,1,14,0,0,0,0,0,0,0,0,0,0,1,2,1,4,1
1060,C1,13,2,2,0,0,0,0,0,0,0,0,0,0,0,1,2,0,0,0
1070,A1,4,13,0,1,0,0,0,0,0,0,0,0,0,0,1,2,0,0,0
1070,B0,0,2,12,1,0,0,0,0,0,0,0,0,0,0,1,2,1,3,1
1070,B1,1,2,3,3,0,0,0,0,0,0,0,0,0,0,1,2,3,31,5
1070,B2,3,0,3,14,0,0,0,0,0,0,0,0,0,0,1,2,1,4,1
1070,C1,13,3,1,0,0,0,0,0,0,0,0,0,0,0,1,2,0,0,0
1080,A1,6,14,0,1,0,0,0,0,0,0,0,0,0,0,1,2,0,0,0
1080,B0,0,2,9,1,0,0,0,0,0,0,0,0,0,0,1,2,1,3,1
1080,B1,1,2,1,1,0,0,0,0,0,0,0,0,0,0,1,2,3,31,5
1080,B2,3,0,2,13,0,0,0,0,0,0,0,0,0,0,1,2,1,4,1
1080,C1,14,4,1,0,0,0,0,0,0,0,0,0,0,0,1,2,0,0,0
1090,A1,2,14,0,2,0,0,0,0,0,0,0,0,0,1,0,2,0,0,0
1090,B0,0,3,12,1,0,0,0,0,0,0,1,0,0,1,0,1,1,3,1
1090,B1,1,1,1,1,0,1,0,0,0,0,0,0,0,1,0,2,4,51,5
1090,B2,1,0,2,13,0,0,0,0,0,0,0,0,0,1,0,2,1,4,1
1090,C1,14,2,2,0,0,0,0,0,0,0,0,0,0,1,0,2,0,0,0
1100,A1,1,14,0,5,0,0,0,0,0,0,0,0,0,1,0,2,0,0,0
1100,B0,0,1,14,3,0,0,0,0,0,0,0,0,0,1,0,2,1,3,1
1100,B1,1,2,1,1,0,0,0,0,0,0,0,0,0,1,0,2,4,51,6
1100,B2,2,0,1,14,0,0,0,0,0,0,0,0,0,1,0,2,1,4,1
1100,C1,13,2,2,0,0,0,0,0,0,0,0,0,0,1,0,2,0,0,0
1110,A1,1,13,0,2,0,0,0,0,0,0,0,0,0,0,1,2,0,0,0
1110,B0,0,3,14,3,0,0,0,0,0,0,0,0,0,0,1,2,1,3,1
1110,B1,3,2,1,1,0,0,0,0,0,0,0,0,0,0,1,2,4,51,6
1110,B2,2,0,2,14,0,0,0,0,0,0,0,0,0,0,1,2,1,4,1
1110,C1,13,2,1,0,0,0,0,0,0,0,0,0,0,0,1,2,1,1,1
1120,A1,1,14,0,1,0,0,0,0,0,0,0,0,0,0,1,2,0,0,0
1120,B0,0,3,14,1,0,0,0,0,0,0,0,0,0,0,1,2,1,3,1
1120,B1,3,2,1,1,0,0,0,0,0,0,0,0,0,0,1,2,4,51,6
1120,B2,2,0,2,14,0,0,0,0,0,0,0,0,0,0,1,2,1,4,1
1120,C1,14,4,1,0,0,0,0,0,0,0,0,0,0,0,1,2,1,1,1
1130,A1,1,14,0,1,0,0,0,0,0,0,0,0,0,1,0,2,0,0,0
1130,B0,0,2,13,1,0,0,0,0,0,0,0,0,0,1,0,2,1,3,1
1130,B1,2,1,1,1,0,0,1,0,0,0,0,0,0,1,0,2,5,59,6
1130,B2,1,0,1,13,0,0,0,0,0,1,0,0,0,1,0,1,1,4,1
1130,C1,14,4,1,0,0,0,0,0,0,0,0,0,0,1,0,2,1,1,1
1140,A1,1,11,0,1,0,0,0,0,0,0,0,0,0,1,0,2,0,0,0
1140,B0,0,1,14,1,0,0,0,0,0,0,0,0,0,1,0,1,1,3,1
1140,B1,1,1,1,1,0,0,0,0,0,0,0,0,0,1,0,2,5,63,8
1140,B2,1,0,1,14,0,0,0,0,0,0,0,0,0,1,0,2,1,4,1
1140,C1,14,1,1,0,0,0,0,0,0,0,0,0,0,1,0,2,1,1,1
1150,A1,2,11,0,1,0,0,0,0,0,0,0,0,1,0,1,2,0,0,0
1150,B0,0,2,14,3,0,0,0,0,0,0,0,0,0,0,1,2,1,3,1
1150,B1,2,1,2,1,0,0,0,1,1,0,0,0,0,0,1,1,7,66,8
1150,B2,1,0,3,14,0,0,0,0,0,0,0,0,0,0,1,2,1,4,1
1150,C1,13,3,1,0,0,0,0,0,0,0,0,1,0,0,1,2,1,1,1
1160,A1,2,13,0,2,0,0,0,0,0,0,0,0,0,0,1,2,0,0,0
1160,B0,0,2,14,1,0,0,0,0,0,0,0,0,0,0,1,2,1,3,1
1160,B1,2,1,1,2,0,0,0,0,0,0,0,0,0,0,1,2,7,76,10
1160,B2,2,0,3,14,0,0,0,0,0,0,0,0,0,0,1,2,1,4,1
1160,C1,13,1,1,0,0,0,0,0,0,0,0,0,0,0,1,2,1,1,1
1170,A1,5,14,0,1,0,0,0,0,0,0,0,0,0,0,1,2,0,0,0
1170,B0,0,2,10,1,0,0,0,0,0,0,0,0,0,0,1,2,1,3,1
1170,B1,2,1,1,1,0,0,0,0,0,0,0,0,0,0,1,2,7,76,10
1170,B2,2,0,3,14,0,0,0,0,0,0,0,0,0,0,1,2,1,4,1
1170,C1,14,2,1,0,0,0,0,0,0,0,0,0,0,0,1,2,1,1,1
1180,A1,2,14,0,1,0,0,0,0,0,0,0,0,0,1,0,2,0,0,0
1180,B0,0,1,11,1,0,0,0,0,0,0,0,0,0,1,0,2,1,3,1
1180,B1,1,1,1,1,0,0,0,0,0,0,0,0,0,1,0,2,8,84,11
1180,B2,1,0,4,13,0,0,0,0,0,0,0,0,0,1,0,2,1,4,1
1180,C1,14,1,1,0,0,0,0,0,0,0,0,0,0,1,0,2,1,1,1
1190,A1,4,13,0,1,0,0,0,0,0,0,0,0,0,1,0,2,0,0,0
1190,B0,0,1,13,2,0,0,0,0,0,0,0,0,0,1,0,2,1,3,1
1190,B1,1,1,1,1,0,0,0,0,0,0,0,0,0,1,0,2,8,84,11
1190,B2,1,0,6,14,0,0,0,0,0,0,0,0,0,1,0,1,1,4,1
1190,C1,12,1,2,0,0,0,0,0,0,0,0,0,0,1,0,2,1,1,1
1200,A1,2,12,0,1,0,0,0,0,0,0,0,0,0,0,1,2,0,0,0
1200,B0,0,1,14,1,0,0,0,0,0,0,0,0,0,0,1,2,1,3,1
1200,B1,1,1,1,1,0,0,0,0,0,0,0,0,0,0,1,2,8,84,11
1200,B2,2,0,4,14,0,0,0,0,0,0,0,0,0,0,1,2,1,4,1
1200,C1,12,3,1,0,0,0,0,0,0,0,0,0,0,0,1,2,1,1,1
1210,A1,3,13,0,1,0,0,0,0,0,0,0,0,0,0,1,2,0,0,0
1210,B0,0,1,13,1,0,0,0,0,0,0,0,0,0,0,1,2,1,3,1
1210,B1,1,1,2,1,0,0,0,0,0,0,0,0,0,0,1,2,8,84,11
1210,B2,2,0,2,14,0,0,0,0,0,0,0,0,0,0,1,2,1,4,1
1210,C1,13,2,3,0,0,0,0,0,0,0,0,0,0,0,1,2,1,1,1
1220,A1,3,14,0,1,0,0,0,0,0,0,0,0,0,1,0,2,0,0,0
1220,B0,0,1,12,1,0,0,0,0,0,0,0,0,0,1,0,1,1,3,1
1220,B1,1,1,2,2,0,0,0,0,0,0,1,0,0,1,0,1,8,84,11
1220,B2,2,0,1,13,0,1,0,0,0,0,0,0,0,1,0,2,2,7,1
1220,C1,14,4,1,0,0,0,0,0,0,0,0,0,0,1,0,2,1,1,1
1230,A1,1,14,0,1,0,0,0,0,0,0,0,0,0,1,0,2,0,0,0
1230,B0,0,1,13,1,0,0,0,0,0,0,0,0,0,1,0,1,1,3,1
1230,B1,2,1,2,2,0,0,0,0,0,0,0,0,0,1,0,2,8,84,11
1230,B2,1,0,1,13,0,0,0,0,0,0,0,0,0,1,0,2,2,9,2
1230,C1,14,4,2,0,0,0,0,0,0,0,0,0,0,1,0,2,1,1,1
1240,A1,1,12,0,2,0,0,0,0,0,0,0,0,0,1,0,2,0,0,0
1240,B0,0,1,14,2,0,0,0,0,0,0,0,0,0,1,0,2,1,3,1
1240,B1,1,1,2,2,0,0,0,0,0,0,0,0,0,1,0,2,8,84,11
1240,B2,1,0,3,14,0,0,0,0,0,0,0,0,0,1,0,2,2,9,2
1240,C1,14,1,2,0,0,0,0,0,0,0,0,0,0,1,0,2,1,1,1
1250,A1,2,13,0,1,0,0,0,0,0,0,0,0,0,0,1,2,0,0,0
1250,B0,0,1,14,4,0,0,0,0,0,0,0,0,0,0,1,2,1,3,1
1250,B1,1,2,2,2,0,0,0,0,0,0,0,0,0,0,1,2,8,84,11
1250,B2,1,0,1,14,0,0,0,0,0,0,0,0,0,0,1,2,2,9,2
1250,C1,13,1,1,0,0,0,0,0,0,0,0,0,0,0,1,2,1,1,1
1260,A1,3,14,0,1,0,0,0,0,0,0,0,0,0,0,1,2,0,0,0
1260,B0,0,3,14,1,0,0,0,0,0,0,0,0,0,0,1,2,1,3,1
1260,B1,1,2,2,1,0,0,0,0,0,0,0,0,0,0,1,2,8,84,11
1260,B2,1,0,1,11,0,0,0,0,0,0,0,0,0,0,1,2,2,9,2
1260,C1,14,2,2,0,0,0,0,0,0,0,0,0,0,0,1,2,1,1,1
1270,A1,3,14,0,1,0,0,0,0,0,0,0,0,0,1,0,2,0,0,0
1270,B0,0,2,13,2,0,0,0,0,0,0,0,0,0,1,0,2,1,3,1
1270,B1,1,2,2,2,0,0,0,0,0,0,0,0,0,1,0,2,9,86,12
1270,B2,1,0,1,11,0,0,0,0,0,0,0,0,0,1,0,2,2,9,2
1270,C1,14,4,3,0,0,0,0,0,0,0,0,0,0,1,0,2,1,1,1
1280,A1,2,13,0,2,0,0,0,0,0,0,0,0,0,1,0,2,0,0,0
1280,B0,0,1,14,2,0,0,0,0,0,0,0,0,0,1,0,2,1,3,1
1280,B1,1,2,2,1,0,0,0,0,0,0,0,0,0,1,0,2,9,86,12
1280,B2,1,0,3,13,0,0,0,0,0,0,0,0,0,1,0,2,2,9,2
1280,C1,14,2,4,0,0,0,0,0,0,0,0,0,0,1,0,2,1,1,1
1290,A1,1,11,0,2,0,0,0,0,0,0,0,0,0,0,1,2,0,0,0
1290,B0,0,1,14,3,0,0,0,0,0,0,0,0,0,0,1,2,1,3,1
1290,B1,2,1,2,1,0,0,0,0,0,0,0,0,0,0,1,2,9,86,12
1290,B2,2,0,2,14,0,0,0,0,0,0,0,0,0,0,1,2,2,9,2
1290,C1,13,1,5,0,0,0,0,0,0,0,0,0,0,0,1,2,1,1,1
1300,A1,1,13,0,1,0,0,0,0,0,0,0,0,0,0,1,2,0,0,0
1300,B0,0,2,14,3,0,0,0,0,0,0,0,0,0,0,1,2,1,3,1
1300,B1,2,1,2,2,0,0,0,0,0,0,0,0,0,0,1,2,9,86,12
1300,B2,1,0,1,14,0,0,0,0,0,0,0,0,0,0,1,2,2,9,2
1300,C1,13,2,1,0,0,0,0,0,0,0,0,0,0,0,1,2,1,1,1
1310,A1,2,14,0,1,0,0,0,0,0,0,0,0,0,0,1,2,0,0,0
1310,B0,0,2,13,2,0,0,0,0,0,0,0,0,0,0,1,2,1,3,1
1310,B1,2,1,2,1,0,0,0,0,0,0,0,0,0,0,1,2,9,86,12
1310,B2,2,0,1,12,0,0,0,0,0,0,0,0,0,0,1,2,2,9,2
1310,C1,14,2,1,0,0,0,0,0,0,0,0,0,0,0,1,2,1,1,1
1320,A1,1,14,0,1,0,0,0,0,0,0,0,0,0,1,0,2,0,0,0
1320,B0,0,1,13,3,0,0,0,0,0,0,0,0,0,1,0,2,1,3,1
1320,B1,1,1,3,1,0,0,0,0,0,0,0,0,0,1,0,2,9,86,12
1320,B2,2,0,2,13,0,0,0,0,0,0,0,0,0,1,0,2,2,9,2
1320,C1,14,1,1,0,0,0,0,0,0,0,0,0,0,1,0,2,1,1,1
1330,A1,1,14,0,2,0,0,0,0,0,0,0,0,0,1,0,2,0,0,0
1330,B0,0,1,14,5,0,0,0,0,0,0,0,0,0,1,0,2,1,3,1
1330,B1,2,1,3,1,0,0,0,0,0,0,0,0,0,1,0,2,9,86,12
1330,B2,1,0,1,14,0,0,0,0,0,0,0,0,0,1,0,2,2,9,2
1330,C1,10,1,2,0,0,0,0,0,0,0,0,0,0,1,0,2,1,1,1
1340,A1,1,13,0,1,0,0,0,0,0,0,0,0,0,0,1,2,0,0,0
1340,B0,0,2,14,3,0,0,0,0,0,0,0,0,0,0,1,2,1,3,1
1340,B1,3,2,2,2,0,0,0,0,0,0,0,0,0,0,1,2,9,86,12
1340,B2,1,0,1,14,0,0,0,0,0,0,0,0,0,0,1,2,2,9,2
1340,C1,11,2,1,0,0,0,0,0,0,0,0,0,0,0,1,2,1,1,1
1350,A1,2,14,0,1,0,0,0,0,0,0,0,0,0,0,1,2,0,0,0
1350,B0,0,5,14,3,0,0,0,0,0,0,0,0,0,0,1,2,1,3,1
1350,B1,3,2,1,2,0,0,0,0,0,0,0,0,0,0,1,2,9,86,12
1350,B2,1,0,2,11,0,0,0,0,0,0,0,0,0,0,1,2,2,9,2
1350,C1,13,4,1,0,0,0,0,0,0,0,0,0,0,0,1,2,1,1,1
1360,A1,2,14,0,2,0,0,0,0,0,0,0,0,0,1,0,2,0,0,0
1360,B0,0,4,13,3,0,0,0,0,0,0,0,0,0,1,0,2,1,3,1
1360,B1,2,1,1,2,0,0,1,0,0,0,0,0,0,1,0,2,10,94,12
1360,B2,1,0,2,11,0,0,0,0,0,1,0,0,0,1,0,1,2,9,2
1360,C1,13,3,1,0,0,0,0,0,0,0,0,0,0,1,0,2,2,3,2
1370,A1,3,13,0,2,0,0,0,0,0,0,0,0,0,1,0,2,0,0,0
1370,B0,0,1,13,4,0,0,0,0,0,0,0,0,0,1,0,2,1,3,1
1370,B1,2,1,1,2,0,0,0,0,0,0,0,0,0,1,0,2,10,104,14
1370,B2,1,0,3,13,0,0,0,0,0,0,0,0,0,1,0,2,2,9,2
1370,C1,13,2,2,0,0,0,0,0,0,0,0,0,0,1,0,2,2,3,2
1380,A1,1,10,0,3,0,0,0,0,0,0,0,0,0,0,1,2,0,0,0
1380,B0,0,1,14,5,0,0,0,0,0,0,0,0,0,0,1,2,1,3,1
1380,B1,1,5,1,2,0,0,0,0,0,0,0,0,0,0,1,2,10,104,14
1380,B2,1,0,4,14,0,0,0,0,0,0,0,0,0,0,1,2,2,9,2
1380,C1,12,2,2,0,0,0,0,0,0,0,0,0,0,0,1,2,2,3,2
1390,A1,1,12,0,1,0,0,0,0,0,0,0,0,0,0,1,2,0,0,0
1390,B0,0,1,14,3,0,0,0,0,0,0,0,0,0,0,1,2,1,3,1
1390,B1,1,5,1,3,0,0,0,0,0,0,0,0,0,0,1,2,10,104,14
1390,B2,3,0,1,14,0,0,0,0,0,0,0,0,0,0,1,2,2,9,2
1390,C1,13,2,1,0,0,0,0,0,0,0,0,0,0,0,1,2,2,3,2
1400,A1,2,14,0,1,0,0,0,0,0,0,0,0,0,0,1,2,0,0,0
1400,B0,0,1,13,1,0,0,0,0,0,0,0,0,0,0,1,2,1,3,1
1400,B1,1,1,2,1,0,0,0,0,0,0,0,0,0,0,1,2,10,104,14
1400,B2,3,0,1,13,0,0,0,0,0,0,0,0,0,0,1,2,2,9,2
1400,C1,14,3,1,0,0,0,0,0,0,0,0,0,0,0,1,2,2,3,2
1410,A1,2,14,0,3,0,0,0,0,0,0,0,0,0,1,0,2,0,0,0
1410,B0,0,1,13,2,0,0,0,0,0,0,0,0,0,1,0,2,1,3,1
1410,B1,1,1,3,1,0,0,0,0,0,0,0,0,0,1,0,2,10,104,14
1410,B2,2,0,1,13,0,0,0,0,0,0,0,0,0,1,0,2,2,9,2
1410,C1,14,1,1,0,0,0,0,0,0,0,0,0,0,1,0,2,2,3,2
1420,A1,2,13,0,2,0,0,0,0,0,0,0,0,0,1,0,2,0,0,0
1420,B0,0,1,14,2,0,0,0,0,0,0,0,0,0,1,0,2,1,3,1
1420,B1,1,1,3,1,0,0,0,0,0,0,0,0,0,1,0,2,10,104,14
1420,B2,1,0,1,14,0,0,0,0,0,0,0,0,0,1,0,2,2,9,2
1420,C1,11,1,1,0,0,0,0,0,0,0,0,0,0,1,0,2,2,3,2
1430,A1,1,12,0,1,0,0,0,0,0,0,0,0,0,0,1,2,0,0,0
1430,B0,0,2,12,1,0,0,0,0,1,0,0,0,0,0,1,1,2,13,1
1430,B1,2,1,5,1,0,0,0,0,0,0,0,0,0,0,1,2,10,104,14
1430,B2,3,0,1,14,0,0,0,0,0,0,0,0,0,0,1,2,2,9,2
1430,C1,11,1,1,0,0,0,0,0,0,0,0,0,0,0,1,2,2,3,2
1440,A1,2,13,0,3,0,0,0,0,0,0,0,0,0,0,1,2,0,0,0
1440,B0,0,2,10,2,0,0,0,0,0,0,0,0,0,0,1,2,2,13,3
1440,B1,2,1,1,2,0,0,0,0,0,0,0,0,0,0,1,2,10,104,14
1440,B2,3,0,1,12,0,0,0,0,0,0,0,0,0,0,1,2,2,9,2
1440,C1,13,2,1,0,0,0,0,0,0,0,0,0,0,0,1,2,2,3,2
1450,A1,3,14,0,1,0,0,0,0,0,0,0,0,0,1,0,2,0,0,0
1450,B0,0,2,12,1,0,0,0,0,0,0,0,0,0,1,0,2,2,13,3
1450,B1,2,1,2,1,0,0,0,0,0,0,0,0,0,1,0,2,10,104,14
1450,B2,2,0,3,9,0,0,0,0,0,0,0,0,0,1,0,2,2,9,2
1450,C1,14,4,1,0,0,0,0,0,0,0,0,0,0,1,0,2,2,3,2
1460,A1,1,14,0,1,0,0,0,0,0,0,0,0,0,1,0,2,0,0,0
1460,B0,0,2,13,2,0,0,0,0,0,0,0,0,0,1,0,2,2,13,3
1460,B1,2,2,2,2,0,0,0,0,0,0,0,0,0,1,0,2,10,104,14
1460,B2,1,0,2,12,0,0,0,0,0,0,0,0,0,1,0,2,2,9,2
1460,C1,14,2,2,0,0,0,0,0,0,0,0,0,0,1,0,2,2,3,2
1470,A1,3,13,0,1,0,0,0,0,0,0,0,0,0,1,0,2,0,0,0
1470,B0,0,1,14,4,0,0,0,0,0,0,0,0,0,1,0,2,2,13,3
1470,B1,2,1,1,2,0,0,0,0,0,0,0,0,0,1,0,2,10,104,14
1470,B2,1,0,4,14,0,0,0,0,0,0,0,0,0,1,0,2,2,9,2
1470,C1,12,1,3,0,0,0,0,0,0,0,0,0,0,1,0,2,2,3,2
1480,A1,1,13,0,1,0,0,0,0,0,0,0,0,0,0,1,2,0,0,0
1480,B0,0,2,14,1,0,0,0,0,0,0,0,0,0,0,1,2,2,13,3
1480,B1,3,1,1,1,0,0,0,0,0,0,0,0,0,0,1,2,10,104,14
1480,B2,2,0,1,14,0,0,0,0,0,0,0,0,0,0,1,2,2,9,2
1480,C1,12,3,1,0,0,0,0,0,0,0,0,0,0,0,1,2,2,3,2
1490,A1,1,14,0,1,0,0,0,0,0,0,0,0,0,0,1,2,0,0,0
1490,B0,0,3,11,1,0,0,0,0,0,0,0,0,0,0,1,2,2,13,3
1490,B1,3,1,2,1,0,0,0,0,0,0,0,0,0,0,1,2,10,104,14
1490,B2,2,0,1,12,0,0,0,0,0,0,0,0,0,0,1,2,2,9,2
1490,C1,14,4,3,0,0,0,0,0,0,0,0,0,0,0,1,2,2,3,2
1500,A1,2,13,0,1,0,0,0,0,0,0,0,0,0,1,0,2,0,0,0
1500,B0,0,2,11,1,0,0,0,0,0,0,0,0,0,1,0,2,2,13,3
1500,B1,3,1,1,1,0,0,0,0,0,0,0,0,0,1,0,2,10,104,14
1500,B2,1,0,2,12,0,0,0,0,0,0,0,0,0,1,0,2,2,9,2
1500,C1,14,3,1,0,0,0,0,0,0,0,0,0,0,1,0,2,2,3,2
1510,A1,3,9,0,3,0,0,0,0,0,0,0,0,0,1,0,2,0,0,0
1510,B0,0,2,13,1,0,0,0,0,0,0,0,0,0,1,0,2,2,13,3
1510,B1,4,1,1,1,0,0,0,0,0,0,0,0,0,1,0,2,10,104,14
1510,B2,1,0,4,14,0,0,0,0,0,0,0,0,0,1,0,2,2,9,2
1510,C1,13,1,1,0,0,0,0,0,0,0,0,0,0,1,0,2,2,3,2
1520,A1,1,10,0,3,0,0,0,0,0,0,0,0,0,0,1,2,0,0,0
1520,B0,0,2,14,2,0,0,0,0,0,0,0,0,0,0,1,2,2,13,3
1520,B1,3,1,1,1,0,0,0,0,0,0,0,0,0,0,1,2,10,104,14
1520,B2,1,0,3,14,0,0,0,0,0,0,0,0,0,0,1,2,2,9,2
1520,C1,12,1,1,0,0,0,0,0,0,0,0,0,0,0,1,2,2,3,2
1530,A1,1,13,0,1,0,0,0,0,0,0,0,0,0,0,1,2,0,0,0
1530,B0,0,1,14,2,0,0,0,0,0,0,0,0,0,0,1,2,2,13,3
1530,B1,3,1,3,1,0,0,0,0,0,0,0,0,0,0,1,2,10,104,14
1530,B2,1,0,2,14,0,0,0,0,0,0,0,0,0,0,1,2,2,9,2
1530,C1,13,1,1,0,0,0,0,0,0,0,0,0,0,0,1,2,2,3,2
1540,A1,4,14,0,1,0,0,0,0,0,0,0,0,0,0,1,2,0,0,0
1540,B0,0,1,13,1,0,0,0,0,0,0,0,0,0,0,1,2,2,13,3
1540,B1,3,1,2,1,0,0,0,0,0,0,0,0,0,0,1,2,10,104,14
1540,B2,3,0,1,13,0,0,0,0,0,0,0,0,0,0,1,2,2,9,2
1540,C1,14,1,1,0,0,0,0,0,0,0,0,0,0,0,1,2,2,3,2
1550,A1,1,14,0,2,0,0,0,0,0,0,0,0,0,1,0,2,0,0,0
1550,B0,0,2,13,1,0,0,0,0,0,0,0,0,0,1,0,2,2,13,3
1550,B1,1,2,2,2,0,0,0,0,0,0,0,0,0,1,0,2,10,104,14
1550,B2,1,0,2,13,0,0,0,0,0,0,0,0,0,1,0,2,2,9,2
1550,C1,14,2,2,0,0,0,0,0,0,0,0,0,0,1,0,2,2,3,2
1560,A1,1,11,0,3,0,0,0,0,0,0,0,0,0,1,0,2,0,0,0
1560,B0,0,2,14,2,0,0,0,0,0,0,0,0,0,1,0,2,2,13,3
1560,B1,1,3,2,2,0,0,0,0,0,0,0,0,0,1,0,2,10,104,14
1560,B2,1,0,3,14,0,0,0,0,0,0,0,0,0,1,0,2,2,9,2
1560,C1,14,1,2,0,0,0,0,0,0,0,0,0,0,1,0,2,2,3,2
1570,A1,1,11,0,3,0,0,0,0,0,0,0,0,0,0,1,2,0,0,0
1570,B0,0,1,14,1,0,0,0,0,0,0,0,0,0,0,1,2,2,13,3
1570,B1,1,3,1,1,0,0,0,0,0,0,0,0,0,0,1,2,10,104,14
1570,B2,1,0,1,14,0,0,0,0,0,0,0,0,0,0,1,2,2,9,2
1570,C1,13,1,1,0,0,0,0,0,0,0,0,0,0,0,1,2,2,3,2
1580,A1,1,13,0,1,0,0,0,0,0,0,0,0,0,0,1,2,0,0,0
1580,B0,0,1,11,3,0,0,0,0,0,0,0,0,0,0,1,2,2,13,3
1580,B1,1,3,2,1,0,0,0,0,0,0,0,0,0,0,1,2,10,104,14
1580,B2,4,0,1,12,0,0,0,0,0,0,0,0,0,0,1,2,2,9,2
1580,C1,14,2,1,0,0,0,0,0,0,0,0,0,0,0,1,2,2,3,2
1590,A1,4,14,0,1,0,0,0,0,0,0,0,0,0,1,0,2,0,0,0
1590,B0,0,1,11,1,0,0,0,0,0,0,0,0,0,1,0,2,2,13,3
1590,B1,1,3,1,2,0,0,0,0,0,0,0,0,0,1,0,2,10,104,14
1590,B2,3,0,1,10,0,0,0,0,0,0,0,0,0,1,0,2,2,9,2
1590,C1,14,2,1,0,0,0,0,0,0,0,0,0,0,1,0,2,2,3,2
1600,A1,1,14,0,1,0,0,0,0,0,0,0,0,0,1,0,2,0,0,0
1600,B0,0,1,13,1,0,0,0,0,0,0,0,0,0,1,0,1,2,13,3
1600,B1,1,2,2,1,0,0,0,0,0,0,0,0,0,1,0,2,10,104,14
1600,B2,1,0,1,13,0,0,0,0,0,0,0,0,0,1,0,2,2,9,2
1600,C1,12,4,4,0,0,0,0,0,0,0,0,0,0,1,0,2,2,3,2
1610,A1,1,13,0,2,0,0,0,0,0,0,0,0,0,0,1,2,0,0,0
1610,B0,0,1,14,3,0,0,0,0,0,0,0,0,0,0,1,2,2,13,3
1610,B1,2,1,2,1,0,0,0,0,0,0,0,0,0,0,1,2,10,104,14
1610,B2,1,0,2,14,0,0,0,0,0,0,0,0,0,0,1,2,2,9,2
1610,C1,11,1,5,0,0,0,0,0,0,0,0,0,0,0,1,2,2,3,2
1620,A1,1,13,0,1,0,0,0,0,0,0,0,0,0,0,1,2,0,0,0
1620,B0,0,2,14,1,0,0,0,0,0,0,0,0,0,0,1,2,2,13,3
1620,B1,3,1,1,1,0,0,0,0,0,0,0,0,0,0,1,2,10,104,14
1620,B2,1,0,1,12,0,0,0,0,0,0,0,0,0,0,1,2,2,9,2
1620,C1,13,1,3,0,0,0,0,0,0,0,0,0,0,0,1,2,2,3,2
1630,A1,3,14,0,1,0,0,0,0,0,0,0,0,0,0,1,2,0,0,0
1630,B0,0,2,12,2,0,0,0,0,0,0,0,0,0,0,1,2,2,13,3
1630,B1,3,1,1,3,0,0,0,0,0,0,0,0,0,0,1,2,10,104,14
1630,B2,1,0,1,8,0,0,0,0,0,0,0,0,0,0,1,2,2,9,2
1630,C1,14,2,1,0,0,0,0,0,0,0,0,0,0,0,1,2,2,3,2
1640,A1,3,14,0,2,0,0,0,0,0,0,0,0,0,1,0,2,0,0,0
1640,B0,0,1,12,2,0,0,0,0,0,0,0,0,0,1,0,2,2,13,3
1640,B1,3,2,2,3,0,0,0,0,0,0,0,0,0,1,0,2,10,104,14
1640,B2,1,0,2,11,0,0,0,0,0,0,0,0,0,1,0,2,2,9,2
1640,C1,14,2,1,0,0,0,0,0,0,0,0,0,0,1,0,2,2,3,2
1650,A1,2,12,0,2,0,0,0,0,0,0,0,0,0,1,0,2,0,0,0
1650,B0,0,1,14,2,0,0,0,0,0,0,0,0,0,1,0,2,2,13,3
1650,B1,1,2,2,3,0,0,0,0,0,0,0,0,0,1,0,2,10,104,14
1650,B2,1,0,3,14,0,0,0,0,0,0,0,0,0,1,0,2,2,9,2
1650,C1,13,1,2,0,0,0,0,0,0,0,0,0,0,1,0,2,2,3,2
1660,A1,2,12,0,1,0,0,0,0,0,0,0,0,1,0,1,2,0,0,0
1660,B0,0,2,14,1,0,0,0,0,0,0,0,0,0,0,1,2,2,13,3
1660,B1,3,2,2,3,0,0,0,2,0,0,0,0,0,0,1,2,11,113,14
1660,B2,1,0,3,14,0,0,0,0,0,0,0,0,0,0,1,2,2,9,2
1660,C1,12,1,1,0,0,0,0,0,0,0,0,0,0,0,1,2,2,3,2
1670,A1,2,14,0,1,0,0,0,0,0,0,0,0,0,0,1,2,0,0,0
1670,B0,0,3,14,1,0,0,0,0,0,0,0,0,0,0,1,2,2,13,3
1670,B1,1,2,3,2,0,0,0,0,0,0,0,0,0,0,1,2,11,117,16
1670,B2,1,0,3,13,0,0,0,0,0,0,0,0,0,0,1,2,2,9,2
1670,C1,13,1,2,0,0,0,0,0,0,0,0,0,0,0,1,2,2,3,2
1680,A1,3,14,0,1,0,0,0,0,0,0,0,0,0,1,0,2,0,0,0
1680,B0,0,4,13,1,0,0,0,0,0,0,0,0,0,1,0,2,2,13,3
1680,B1,1,2,2,1,0,0,0,0,0,0,0,0,0,1,0,2,11,117,16
1680,B2,2,0,1,11,0,0,0,0,0,0,0,0,0,1,0,2,2,9,2
1680,C1,14,7,2,0,0,0,0,0,0,0,0,0,0,1,0,2,2,3,2
1690,A1,1,14,0,3,0,0,0,0,0,0,0,0,0,1,0,2,0,0,0
1690,B0,0,1,13,2,0,0,0,0,0,0,0,0,0,1,0,2,2,13,3
1690,B1,1,2,3,1,0,0,0,0,0,0,0,0,0,1,0,2,11,117,16
1690,B2,2,0,2,13,0,0,0,0,0,0,0,0,0,1,0,2,2,9,2
1690,C1,11,5,2,0,0,0,0,0,0,0,0,0,0,1,0,2,2,3,2
1700,A1,1,10,0,5,0,0,0,0,0,0,0,0,0,1,0,2,0,0,0
1700,B0,0,1,14,3,0,0,0,0,0,0,0,0,0,1,0,2,2,13,3
1700,B1,1,4,3,1,0,0,0,0,0,0,0,0,0,1,0,2,11,117,16
1700,B2,4,0,4,14,0,0,0,0,0,0,0,0,0,1,0,2,2,9,2
1700,C1,9,2,3,0,0,0,0,0,0,0,0,0,0,1,0,2,2,3,2
1710,A1,1,11,0,3,0,0,0,0,0,0,0,0,0,0,1,2,0,0,0
1710,B0,0,1,14,1,0,0,0,0,0,0,0,0,0,0,1,2,2,13,3
1710,B1,1,4,4,4,0,0,0,0,0,0,0,0,0,0,1,2,11,117,16
1710,B2,6,0,2,14,0,0,0,0,0,0,0,0,0,0,1,2,2,9,2
1710,C1,11,1,1,0,0,0,0,0,0,0,0,0,0,0,1,2,2,3,2
1720,A1,2,14,0,1,0,0,0,0,0,0,0,0,0,0,1,2,0,0,0
1720,B0,0,2,13,1,0,0,0,0,0,0,0,0,0,0,1,2,2,13,3
1720,B1,1,4,5,3,0,0,0,0,0,0,0,0,0,0,1,2,11,117,16
1720,B2,6,0,1,12,0,0,0,0,0,0,0,0,0,0,1,2,2,9,2
1720,C1,14,3,1,0,0,0,0,0,0,0,0,0,0,0,1,2,2,3,2
1730,A1,1,14,0,3,0,0,0,0,0,0,0,0,0,1,0,2,0,0,0
1730,B0,0,1,12,1,0,0,0,0,0,0,0,0,0,1,0,1,2,13,3
1730,B1,1,2,4,4,0,0,0,0,0,0,0,0,0,1,0,2,11,117,16
1730,B2,5,0,1,11,0,0,0,0,0,0,0,0,0,1,0,2,2,9,2
1730,C1,14,2,1,0,0,0,0,0,0,0,0,0,0,1,0,2,2,3,2
1740,A1,2,14,0,3,0,0,0,0,0,0,0,0,0,1,0,2,0,0,0
1740,B0,0,3,13,2,0,0,0,0,0,0,0,0,0,1,0,2,2,13,3
1740,B1,1,2,4,4,0,0,0,0,0,0,0,0,0,1,0,2,11,117,16
1740,B2,1,0,1,13,0,0,0,0,0,0,0,0,0,1,0,2,2,9,2
1740,C1,14,2,1,0,0,0,0,0,0,0,0,0,0,1,0,2,2,3,2
1750,A1,1,13,0,2,0,0,0,0,0,0,0,0,0,0,1,2,0,0,0
1750,B0,0,2,14,1,0,0,0,0,0,0,0,0,0,0,1,2,2,13,3
1750,B1,1,2,4,4,0,0,0,0,0,0,0,0,1,0,1,2,11,117,16
1750,B2,1,0,1,14,0,0,0,0,0,0,0,0,0,0,1,2,2,9,2
1750,C1,13,3,2,0,0,0,0,1,0,0,0,0,0,0,1,2,3,8,2
1760,A1,1,13,0,1,0,0,0,0,0,0,0,0,0,0,1,2,0,0,0
1760,B0,0,4,12,1,0,0,0,0,0,0,0,0,0,0,1,2,2,13,3
1760,B1,1,2,3,4,0,0,0,0,0,0,0,0,0,0,1,2,11,117,16
1760,B2,2,0,1,12,0,0,0,0,0,0,0,0,0,0,1,2,2,9,2
1760,C1,13,3,1,0,0,0,0,0,0,0,0,0,0,0,1,2,3,11,3
1770,A1,2,14,0,1,0,0,0,0,0,0,0,0,0,0,1,2,0,0,0
1770,B0,0,5,9,2,0,0,0,0,0,0,0,0,0,0,1,2,2,13,3
1770,B1,1,2,2,3,0,0,0,0,0,0,0,0,0,0,1,2,11,117,16
1770,B2,3,0,3,10,0,0,0,0,0,0,0,0,0,0,1,2,2,9,2
1770,C1,14,2,1,0,0,0,0,0,0,0,0,0,0,0,1,2,3,11,3
1780,A1,1,13,0,1,0,0,0,0,0,0,0,0,0,1,0,2,0,0,0
1780,B0,0,2,12,1,0,0,0,0,0,0,0,0,0,1,0,2,2,13,3
1780,B1,1,2,2,3,0,0,0,0,0,0,0,0,0,1,0,2,11,117,16
1780,B2,1,0,2,13,0,0,0,0,0,0,0,0,0,1,0,2,2,9,2
1780,C1,14,2,1,0,0,0,0,0,0,0,0,0,0,1,0,2,3,11,3
1790,A1,1,11,0,2,0,0,0,0,0,0,0,0,0,1,0,2,0,0,0
1790,B0,0,1,14,2,0,0,0,0,0,0,0,0,0,1,0,2,2,13,3
1790,B1,3,1,2,3,0,0,0,0,0,0,0,0,0,1,0,2,11,117,16
1790,B2,1,0,4,14,0,0,0,0,0,0,0,0,0,1,0,2,2,9,2
1790,C1,12,1,1,0,0,0,0,0,0,0,0,0,0,1,0,2,3,11,3
1800,A1,1,12,0,1,0,0,0,0,0,0,0,0,0,0,1,2,0,0,0
1800,B0,0,4,14,2,0,0,0,0,0,0,0,0,0,0,1,2,2,13,3
1800,B1,3,2,2,1,0,0,0,0,0,0,0,0,0,0,1,2,11,117,16
1800,B2,2,0,2,14,0,0,0,0,0,0,0,0,0,0,1,2,2,9,2
1800,C1,12,1,1,0,0,0,0,0,0,0,0,0,0,0,1,2,3,11,3
1810,A1,2,14,0,1,0,0,0,0,0,0,0,0,0,0,1,2,0,0,0
1810,B0,0,4,13,1,0,0,0,0,0,0,0,0,0,0,1,2,2,13,3
1810,B1,2,2,3,1,0,0,0,0,0,0,0,0,0,0,1,2,11,117,16
1810,B2,2,0,1,13,0,0,0,0,0,0,0,0,0,0,1,2,2,9,2
1810,C1,13,3,1,0,0,0,0,0,0,0,0,0,0,0,1,2,3,11,3
1820,A1,2,14,0,1,0,0,0,0,0,0,0,0,0,1,0,2,0,0,0
1820,B0,0,3,12,1,0,0,0,0,0,0,0,0,0,1,0,2,2,13,3
1820,B1,2,1,3,1,0,0,0,0,0,0,0,0,0,1,0,2,11,117,16
1820,B2,2,0,1,11,0,0,0,0,0,0,0,0,0,1,0,2,2,9,2
1820,C1,14,2,1,0,0,0,0,0,0,0,0,0,0,1,0,2,3,11,3
1830,A1,2,12,0,3,0,0,0,0,0,0,0,0,0,1,0,2,0,0,0
1830,B0,0,1,13,1,0,0,0,0,0,0,0,0,0,1,0,1,2,13,3
1830,B1,2,2,3,1,0,0,0,0,0,0,0,0,0,1,0,2,11,117,16
1830,B2,1,0,1,13,0,0,0,0,0,0,0,0,0,1,0,2,2,9,2
1830,C1,12,3,1,0,0,0,0,0,0,0,0,0,0,1,0,2,3,11,3
1840,A1,2,10,0,4,0,0,0,0,0,0,0,0,0,0,1,2,0,0,0
1840,B0,0,1,14,1,0,0,0,0,0,0,0,0,0,0,1,2,2,13,3
1840,B1,2,3,4,1,0,0,0,0,0,0,0,0,0,0,1,2,11,117,16
1840,B2,1,0,5,14,0,0,0,0,0,0,0,0,0,0,1,2,2,9,2
1840,C1,10,2,1,0,0,0,0,0,0,0,0,0,0,0,1,2,3,11,3
1850,A1,4,13,0,1,0,0,0,0,0,0,0,0,0,0,1,2,0,0,0
1850,B0,0,2,14,1,0,0,0,0,0,0,0,0,0,0,1,2,2,13,3
1850,B1,2,3,2,1,0,0,0,0,0,0,0,0,0,0,1,2,11,117,16
1850,B2,1,0,2,14,0,0,0,0,0,0,0,0,0,0,1,2,2,9,2
1850,C1,13,3,2,0,0,0,0,0,0,0,0,0,0,0,1,2,3,11,3
1860,A1,6,14,0,1,0,0,0,0,0,0,0,0,0,0,1,2,0,0,0
1860,B0,0,4,12,1,0,0,0,0,0,0,0,0,0,0,1,2,2,13,3
1860,B1,2,3,2,6,0,0,0,0,0,0,0,0,0,0,1,2,11,117,16
1860,B2,1,0,1,14,0,0,0,0,0,0,0,0,0,0,1,2,2,9,2
1860,C1,14,5,1,0,0,0,0,0,0,0,0,0,0,0,1,2,3,11,3
1870,A1,5,14,0,2,0,0,0,0,0,0,0,0,0,1,0,2,0,0,0
1870,B0,0,1,12,1,0,0,0,0,0,0,0,0,0,1,0,1,2,13,3
1870,B1,2,2,2,5,0,0,0,0,0,0,0,0,0,1,0,2,11,117,16
1870,B2,1,0,1,13,0,0,0,0,0,0,0,0,0,1,0,2,2,9,2
1870,C1,14,3,1,0,0,0,0,0,0,0,0,0,0,1,0,2,3,11,3
1880,A1,1,14,0,2,0,0,0,0,0,0,0,0,0,1,0,2,0,0,0
1880,B0,0,1,14,3,0,0,0,0,0,0,0,0,0,1,0,2,2,13,3
1880,B1,3,2,2,5,0,0,0,0,0,0,0,0,0,1,0,2,11,117,16
1880,B2,1,0,2,14,0,0,0,0,0,0,0,0,0,1,0,2,2,9,2
1880,C1,13,1,1,0,0,0,0,0,0,0,0,0,0,1,0,2,3,11,3
1890,A1,3,13,0,1,0,0,0,0,0,0,0,0,0,0,1,2,0,0,0
1890,B0,0,1,14,3,0,0,0,0,0,0,0,0,0,0,1,2,2,13,3
1890,B1,1,1,3,4,0,0,0,0,0,0,0,0,0,0,1,2,11,117,16
1890,B2,2,0,4,14,0,0,0,0,0,0,0,0,0,0,1,2,2,9,2
1890,C1,12,1,1,0,0,0,0,0,0,0,0,0,0,0,1,2,3,11,3
1900,A1,4,13,0,1,0,0,0,0,0,0,0,0,0,0,1,2,0,0,0
1900,B0,0,3,13,1,0,0,0,0,0,0,0,0,0,0,1,2,2,13,3
1900,B1,1,1,5,1,0,0,0,0,0,0,0,0,0,0,1,2,11,117,16
1900,B2,2,0,3,10,0,0,0,0,0,0,0,0,0,0,1,2,2,9,2
1900,C1,13,2,1,0,0,0,0,0,0,0,0,0,0,0,1,2,3,11,3
1910,A1,4,14,0,1,0,0,0,0,0,0,0,0,0,1,0,2,0,0,0
1910,B0,0,4,11,1,0,0,0,0,0,0,0,0,0,1,0,2,2,13,3
1910,B1,1,1,5,2,0,0,1,0,0,0,0,0,0,1,0,2,12,121,16
1910,B2,1,0,3,10,0,0,0,0,0,1,0,0,0,1,0,1,2,9,2
1910,C1,14,2,1,0,0,0,0,0,0,0,0,0,0,1,0,2,3,11,3
1920,A1,1,11,0,4,0,0,0,0,0,0,0,0,0,1,0,2,0,0,0
1920,B0,0,1,13,1,0,0,0,0,0,0,0,0,0,1,0,1,2,13,3
1920,B1,1,1,5,2,0,0,0,0,0,0,0,0,0,1,0,2,12,129,17
1920,B2,1,0,5,13,0,0,0,0,0,0,0,0,0,1,0,1,2,9,2
1920,C1,14,2,1,0,0,0,0,0,0,0,0,0,0,1,0,2,3,11,3
1930,A1,1,10,0,5,0,0,0,0,0,0,0,0,0,1,0,2,0,0,0
1930,B0,0,3,14,3,0,0,0,0,0,0,0,0,0,1,0,2,2,13,3
1930,B1,2,3,5,2,0,0,0,0,0,0,0,0,0,1,0,2,12,129,17
1930,B2,1,0,5,14,0,0,0,0,0,0,0,0,0,1,0,1,2,9,2
1930,C1,13,1,1,0,0,0,0,0,0,0,0,0,0,1,0,2,3,11,3
1940,A1,2,13,0,3,0,0,0,0,0,0,0,0,0,0,1,2,0,0,0
1940,B0,0,3,14,2,0,0,0,0,0,0,0,0,0,0,1,2,2,13,3
1940,B1,2,4,7,1,0,0,0,0,0,0,0,0,1,0,1,2,12,129,17
1940,B2,3,0,3,14,0,0,0,0,0,0,0,0,0,0,1,2,2,9,2
1940,C1,13,1,1,0,0,0,0,1,0,0,0,0,0,0,1,2,4,29,3
1950,A1,4,14,0,1,0,0,0,0,0,0,0,0,0,0,1,2,0,0,0
1950,B0,0,3,14,2,0,0,0,0,0,0,0,0,0,0,1,2,2,13,3
1950,B1,2,4,7,1,0,0,0,0,0,0,0,0,1,0,1,2,12,129,17
1950,B2,4,0,1,14,0,0,0,0,0,0,0,0,0,0,1,2,2,9,2
1950,C1,14,1,1,0,0,0,0,1,0,0,0,0,0,0,1,2,4,49,3
1960,A1,3,14,0,2,0,0,0,0,0,0,0,0,0,1,0,2,0,0,0
1960,B0,0,1,13,1,0,0,0,0,0,0,0,0,0,1,0,1,2,13,3
1960,B1,1,3,6,1,0,0,0,0,0,0,0,0,0,1,0,2,12,129,17
1960,B2,3,0,2,13,0,0,0,0,0,0,0,0,0,1,0,2,2,9,2
1960,C1,14,2,1,0,0,0,0,0,0,0,0,0,0,1,0,2,4,64,4
1970,A1,2,13,0,3,0,0,0,0,0,0,0,0,0,1,0,2,0,0,0
1970,B0,0,1,14,3,0,0,0,0,0,0,0,0,0,1,0,2,2,13,3
1970,B1,1,3,6,1,0,0,0,0,0,0,0,0,0,1,0,2,12,129,17
1970,B2,1,0,4,14,0,0,0,0,0,0,0,0,0,1,0,2,2,9,2
1970,C1,12,3,1,0,0,0,0,0,0,0,0,0,0,1,0,2,4,64,4
1980,A1,2,12,0,2,0,0,0,0,0,0,0,0,0,0,1,2,0,0,0
1980,B0,0,1,14,4,0,0,0,0,0,0,0,0,0,0,1,2,2,13,3
1980,B1,1,2,5,1,0,0,0,0,1,0,0,0,0,0,1,1,13,134,17
1980,B2,2,0,3,14,0,0,0,0,0,0,0,0,0,0,1,2,2,9,2
1980,C1,12,2,1,0,0,0,0,0,0,0,0,1,0,0,1,2,4,64,4
1990,A1,2,13,0,1,0,0,0,0,0,0,0,0,0,0,1,2,0,0,0
1990,B0,0,2,14,1,0,0,0,0,0,0,0,0,0,0,1,2,2,13,3
1990,B1,1,2,2,2,0,0,0,0,0,0,0,0,0,0,1,2,13,142,18
1990,B2,2,0,1,14,0,0,0,0,0,0,0,0,0,0,1,2,2,9,2
1990,C1,13,2,1,0,0,0,0,0,0,0,0,0,0,0,1,2,4,64,4
2000,A1,3,14,0,1,0,0,0,0,0,0,0,0,0,0,1,2,0,0,0
2000,B0,0,2,11,1,0,0,0,0,0,0,0,0,0,0,1,2,2,13,3
2000,B1,1,2,3,2,0,0,0,0,0,0,0,0,0,0,1,2,13,142,18
2000,B2,3,0,3,13,0,0,0,0,0,0,0,0,0,0,1,2,2,9,2
2000,C1,14,5,1,0,0,0,0,0,0,0,0,0,0,0,1,2,4,64,4
2010,A1,2,14,0,1,0,0,0,0,0,0,0,0,0,1,0,2,0,0,0
2010,B0,0,1,12,2,0,0,0,0,0,0,0,0,0,1,0,2,2,13,3
2010,B1,1,2,3,1,0,0,0,0,0,0,0,0,0,1,0,2,13,142,18
2010,B2,2,0,3,13,0,0,0,0,0,0,0,0,0,1,0,2,2,9,2
2010,C1,14,5,1,0,0,0,0,0,0,0,0,0,0,1,0,2,4,64,4
2020,A1,1,13,0,2,0,0,0,0,0,0,0,0,0,1,0,2,0,0,0
2020,B0,0,1,14,2,0,0,0,0,0,0,0,0,0,1,0,2,2,13,3
2020,B1,2,1,3,1,0,0,0,0,0,0,0,0,0,1,0,2,13,142,18
2020,B2,1,0,4,14,0,0,0,0,0,0,0,0,0,1,0,2,2,9,2
2020,C1,14,2,2,0,0,0,0,0,0,0,0,0,0,1,0,2,4,64,4
2030,A1,1,12,0,3,0,0,0,0,0,0,0,0,0,0,1,2,0,0,0
2030,B0,0,2,13,1,0,0,0,0,0,0,0,0,0,0,1,2,2,13,3
2030,B1,2,1,2,1,0,0,0,0,0,0,0,0,0,0,1,2,13,142,18
2030,B2,2,0,4,14,0,0,0,0,0,0,0,0,0,0,1,2,2,9,2
2030,C1,13,3,1,0,0,0,0,0,0,0,0,0,0,0,1,2,4,64,4
2040,A1,4,14,0,1,0,0,0,0,0,0,0,0,0,0,1,2,0,0,0
2040,B0,0,3,10,1,0,0,0,0,0,0,0,0,0,0,1,2,2,13,3
2040,B1,2,1,1,2,0,0,0,0,0,0,0,0,0,0,1,2,13,142,18
2040,B2,2,0,2,14,0,0,0,0,0,0,0,0,0,0,1,2,2,9,2
2040,C1,14,3,1,0,0,0,0,0,0,0,0,0,0,0,1,2,4,64,4
2050,A1,2,14,0,3,0,0,0,0,0,0,0,0,0,1,0,2,0,0,0
2050,B0,0,3,10,1,0,0,0,0,0,0,0,0,0,1,0,2,2,13,3
2050,B1,1,1,1,1,0,0,1,0,0,0,0,0,0,1,0,2,14,150,18
2050,B2,2,0,1,13,0,0,0,0,0,1,0,0,0,1,0,1,2,9,2
2050,C1,14,3,1,0,0,0,0,0,0,0,0,0,0,1,0,2,4,64,4
2060,A1,1,12,0,1,0,0,0,0,0,0,0,0,0,1,0,2,0,0,0
2060,B0,0,3,13,2,0,0,0,0,0,0,0,0,0,1,0,2,2,13,3
2060,B1,2,1,1,1,0,0,0,0,0,0,0,0,0,1,0,2,14,150,19
2060,B2,1,0,4,13,0,0,0,0,0,0,0,0,0,1,0,2,2,9,2
2060,C1,14,1,2,0,0,0,0,0,0,0,0,0,0,1,0,2,4,64,4
2070,A1,1,10,0,1,0,0,0,0,0,0,0,0,0,0,1,2,0,0,0
2070,B0,0,1,14,1,0,0,0,0,0,0,0,0,0,0,1,2,2,13,3
2070,B1,2,1,1,1,0,0,0,0,0,0,0,0,0,0,1,2,14,150,19
2070,B2,1,0,6,14,0,0,0,0,0,0,0,0,0,0,1,2,2,9,2
2070,C1,13,2,2,0,0,0,0,0,0,0,0,0,0,0,1,2,4,64,4
2080,A1,2,12,0,1,0,0,0,0,0,0,0,0,0,0,1,2,0,0,0
2080,B0,0,1,14,2,0,0,0,0,0,0,0,0,0,0,1,2,2,13,3
2080,B1,2,2,3,1,0,0,0,0,0,0,0,0,0,0,1,2,14,150,19
2080,B2,2,0,3,14,0,0,0,0,0,0,0,0,0,0,1,2,2,9,2
2080,C1,13,3,1,0,0,0,0,0,0,0,0,0,0,0,1,2,4,64,4
2090,A1,3,13,0,1,0,0,0,0,0,0,0,0,0,0,1,2,0,0,0
2090,B0,0,2,13,1,0,0,0,0,0,0,0,0,0,0,1,2,2,13,3
2090,B1,2,2,3,3,0,0,0,0,0,0,0,0,0,0,1,2,14,150,19
2090,B2,3,0,2,14,0,0,0,0,0,0,0,0,0,0,1,2,2,9,2
2090,C1,14,4,1,0,0,0,0,0,0,0,0,0,0,0,1,2,4,64,4
2100,A1,2,13,0,3,0,0,0,0,0,0,0,0,0,1,0,2,0,0,0
2100,B0,0,1,13,1,0,0,0,0,0,0,0,0,0,1,0,1,2,13,3
2100,B1,3,2,3,2,0,0,0,0,0,0,0,0,0,1,0,2,14,150,19
2100,B2,1,0,2,13,0,0,0,0,0,0,0,0,0,1,0,2,2,9,2
2100,C1,14,4,1,0,0,0,0,0,0,0,0,0,0,1,0,2,4,64,4
2110,A1,1,11,0,4,0,0,0,0,0,0,0,0,0,1,0,2,0,0,0
2110,B0,0,2,14,1,0,0,0,0,0,0,0,0,0,1,0,2,2,13,3
2110,B1,3,1,3,2,0,0,0,0,0,0,0,0,0,1,0,2,14,150,19
2110,B2,1,0,3,14,0,0,0,0,0,0,0,0,0,1,0,2,2,9,2
2110,C1,14,1,1,0,0,0,0,0,0,0,0,0,0,1,0,2,4,64,4
2120,A1,1,9,0,3,0,0,0,0,0,0,0,0,0,0,1,2,0,0,0
2120,B0,0,4,14,1,0,0,0,0,0,0,0,0,0,0,1,2,2,13,3
2120,B1,2,3,2,4,0,0,0,0,0,0,0,0,0,0,1,2,14,150,19
2120,B2,2,0,2,14,0,0,0,0,0,0,0,0,0,0,1,2,2,9,2
2120,C1,13,1,1,0,0,0,0,0,0,0,0,0,0,0,1,2,4,64,4
2130,A1,1,9,0,1,0,0,0,0,0,0,0,0,0,0,1,2,0,0,0
2130,B0,0,6,11,2,0,0,0,0,0,0,0,0,0,0,1,2,2,13,3
2130,B1,2,3,2,3,0,0,0,0,0,0,0,0,0,0,1,2,14,150,19
2130,B2,2,0,2,14,0,0,0,0,0,0,0,0,0,0,1,2,2,9,2
2130,C1,14,1,1,0,0,0,0,0,0,0,0,0,0,0,1,2,4,64,4
2140,A1,3,11,0,1,0,0,0,0,0,0,0,0,0,1,0,2,0,0,0
2140,B0,0,6,11,1,0,0,0,0,0,0,0,0,0,1,0,2,2,13,3
2140,B1,2,3,2,2,0,0,3,0,0,0,0,0,0,1,0,2,15,154,19
2140,B2,3,0,1,13,0,0,0,0,0,1,0,0,0,1,0,1,2,9,2
2140,C1,14,4,1,0,0,0,0,0,0,0,0,0,0,1,0,2,4,64,4
2150,A1,3,11,0,1,0,0,0,0,0,0,0,0,0,1,0,2,0,0,0
2150,B0,0,3,13,1,0,0,0,0,0,0,0,0,0,1,0,2,2,13,3
2150,B1,1,1,2,2,0,0,0,0,0,0,0,0,0,1,0,2,15,164,22
2150,B2,2,0,1,13,0,0,0,0,0,0,0,0,0,1,0,2,2,9,2
2150,C1,14,2,3,0,0,0,0,0,0,0,0,0,0,1,0,2,4,64,4
2160,A1,1,8,0,2,0,0,0,0,0,0,0,0,0,1,0,2,0,0,0
2160,B0,0,2,14,1,0,0,0,0,0,0,0,0,0,1,0,2,2,13,3
2160,B1,2,1,2,2,0,0,0,0,0,0,0,0,0,1,0,2,15,164,22
2160,B2,1,0,3,14,0,0,0,0,0,0,0,0,0,1,0,2,2,9,2
2160,C1,13,2,4,0,0,0,0,0,0,0,0,0,0,1,0,2,4,64,4
2170,A1,1,9,0,1,0,0,0,0,0,0,0,0,0,0,1,2,0,0,0
2170,B0,0,1,14,1,0,0,0,0,0,0,0,0,0,0,1,2,2,13,3
2170,B1,2,1,1,2,0,0,0,0,0,0,0,0,0,0,1,2,15,164,22
2170,B2,1,0,1,14,0,0,0,0,0,0,0,0,0,0,1,2,2,9,2
2170,C1,13,1,1,0,0,0,0,0,0,0,0,0,0,0,1,2,4,64,4
2180,A1,2,11,0,1,0,0,0,0,0,0,0,0,0,0,1,2,0,0,0
2180,B0,0,2,13,1,0,0,0,0,0,0,0,0,0,0,1,2,2,13,3
2180,B1,2,1,3,2,0,0,0,0,0,0,0,0,0,0,1,2,15,164,22
2180,B2,1,0,2,13,0,0,0,0,0,0,0,0,0,0,1,2,2,9,2
2180,C1,14,2,1,0,0,0,0,0,0,0,0,0,0,0,1,2,4,64,4
2190,A1,1,10,0,1,0,0,0,0,0,0,0,0,0,1,0,2,0,0,0
2190,B0,0,2,12,2,0,0,0,0,0,0,0,0,0,1,0,2,2,13,3
2190,B1,1,1,4,2,0,0,0,0,0,0,0,0,0,1,0,2,15,164,22
2190,B2,1,0,1,12,0,0,0,0,0,0,0,0,0,1,0,2,2,9,2
2190,C1,14,3,2,0,0,0,0,0,0,0,0,0,0,1,0,2,4,64,4
2200,A1,3,8,0,3,0,0,0,0,0,0,0,0,0,1,0,2,0,0,0
2200,B0,0,1,14,3,0,0,0,0,0,0,0,0,0,1,0,2,2,13,3
2200,B1,1,2,4,2,0,0,0,0,0,0,0,0,0,1,0,2,15,164,22
2200,B2,1,0,1,13,0,0,0,0,0,0,0,0,0,1,0,2,2,9,2
2200,C1,14,2,2,0,0,0,0,0,0,0,0,0,0,1,0,2,4,64,4
2210,A1,1,7,0,2,0,0,0,0,0,0,0,0,0,0,1,2,0,0,0
2210,B0,0,1,14,3,0,0,0,0,0,0,0,0,0,0,1,2,2,13,3
2210,B1,2,1,4,1,0,0,0,0,0,0,0,0,0,0,1,2,15,164,22
2210,B2,1,0,1,14,0,0,0,0,0,0,0,0,0,0,1,2,2,9,2
2210,C1,13,2,1,0,0,0,0,0,0,0,0,0,0,0,1,2,4,64,4
2220,A1,2,8,0,1,0,0,0,0,0,0,0,0,0,0,1,2,0,0,0
2220,B0,0,2,13,2,0,0,0,0,0,0,0,0,0,0,1,2,2,13,3
2220,B1,2,1,2,1,0,0,0,0,0,0,0,0,0,0,1,2,15,164,22
2220,B2,1,0,1,14,0,0,0,0,0,0,0,0,0,0,1,2,2,9,2
2220,C1,13,2,1,0,0,0,0,0,0,0,0,0,0,0,1,2,4,64,4
2230,A1,2,8,0,1,0,0,0,0,0,0,0,0,0,0,1,2,0,0,0
2230,B0,0,5,12,2,0,0,0,0,0,0,0,0,0,0,1,2,2,13,3
2230,B1,2,1,2,2,0,0,0,0,0,0,0,0,0,0,1,2,15,164,22
2230,B2,1,0,2,11,0,0,0,0,0,0,0,0,0,0,1,2,2,9,2
2230,C1,14,3,1,0,0,0,0,0,0,0,0,0,0,0,1,2,4,64,4
2240,A1,1,7,0,2,0,0,0,0,0,0,0,0,0,1,0,2,0,0,0
2240,B0,0,2,13,3,0,0,0,0,0,0,0,0,0,1,0,2,2,13,3
2240,B1,1,2,2,1,0,0,0,0,0,0,0,0,0,1,0,2,15,164,22
2240,B2,1,0,2,12,0,0,0,0,0,0,0,0,0,1,0,2,2,9,2
2240,C1,14,2,2,0,0,0,0,0,0,0,0,0,0,1,0,2,4,64,4
2250,A1,1,7,0,3,0,0,0,0,0,0,0,0,0,1,0,2,0,0,0
2250,B0,0,1,14,6,0,0,0,0,0,0,0,0,0,1,0,2,2,13,3
2250,B1,1,2,2,1,0,0,0,0,0,0,0,0,0,1,0,2,15,164,22
2250,B2,1,0,4,14,0,0,0,0,0,0,0,0,0,1,0,2,2,9,2
2250,C1,14,2,3,0,0,0,0,0,0,0,0,0,0,1,0,2,4,64,4
2260,A1,1,6,0,2,0,0,0,0,0,0,0,0,0,0,1,2,0,0,0
2260,B0,0,2,14,4,0,0,0,0,0,0,0,0,0,0,1,2,2,13,3
2260,B1,1,2,1,1,0,0,0,0,0,0,0,0,0,0,1,2,15,164,22
2260,B2,1,0,2,14,0,0,0,0,0,0,0,0,0,0,1,2,2,9,2
2260,C1,13,2,2,0,0,0,0,0,0,0,0,0,0,0,1,2,4,64,4
2270,A1,1,6,0,1,0,0,0,0,0,0,0,0,0,0,1,2,0,0,0
2270,B0,0,3,14,1,0,0,0,0,0,0,0,0,0,0,1,2,2,13,3
2270,B1,1,1,1,2,0,0,0,0,0,0,0,0,0,0,1,2,15,164,22
2270,B2,4,0,2,12,0,0,0,0,0,0,0,0,0,0,1,2,2,9,2
2270,C1,14,1,1,0,0,0,0,0,0,0,0,0,0,0,1,2,4,64,4
2280,A1,1,7,0,2,0,0,0,0,0,0,0,0,0,1,0,2,0,0,0
2280,B0,0,3,13,2,0,0,0,0,0,0,0,0,0,1,0,2,2,13,3
2280,B1,3,1,1,2,0,0,0,0,0,0,0,0,0,1,0,2,15,164,22
2280,B2,4,0,2,10,0,0,0,0,0,0,0,0,0,1,0,2,2,9,2
2280,C1,14,4,1,0,0,0,0,0,0,0,0,0,0,1,0,2,4,64,4
2290,A1,1,7,0,1,0,0,0,0,0,0,0,0,0,1,0,2,0,0,0
2290,B0,0,2,14,1,0,0,0,0,0,0,0,0,0,1,0,2,2,13,3
2290,B1,1,2,1,2,0,0,0,0,0,0,0,0,0,1,0,2,15,164,22
2290,B2,1,0,2,13,0,0,0,0,0,0,0,0,0,1,0,2,2,9,2
2290,C1,10,3,3,0,0,0,0,0,0,0,0,0,0,1,0,2,4,64,4
2300,A1,1,6,0,1,0,0,0,0,0,0,0,0,0,0,1,2,0,0,0
2300,B0,0,1,14,4,0,0,0,0,0,0,0,0,0,0,1,2,2,13,3
2300,B1,2,3,2,2,0,0,0,0,0,0,0,0,0,0,1,2,15,164,22
2300,B2,1,0,4,14,0,0,0,0,0,0,0,0,0,0,1,2,2,9,2
2300,C1,8,1,3,0,0,0,0,0,0,0,0,0,0,0,1,2,4,64,4
2310,A1,1,6,0,1,0,0,0,0,0,0,0,0,0,0,1,2,0,0,0
2310,B0,0,2,14,2,0,0,0,0,0,0,0,0,0,0,1,2,2,13,3
2310,B1,2,3,1,1,0,0,0,0,0,0,0,0,0,0,1,2,15,164,22
2310,B2,1,0,2,14,0,0,0,0,0,0,0,0,0,0,1,2,2,9,2
2310,C1,12,1,1,0,0,0,0,0,0,0,0,0,0,0,1,2,4,64,4
2320,A1,5,9,0,1,0,0,0,0,0,0,0,0,0,0,1,2,0,0,0
2320,B0,0,2,14,1,0,0,0,0,0,0,0,0,0,0,1,2,2,13,3
2320,B1,2,3,1,4,0,0,0,0,0,0,0,0,0,0,1,2,15,164,22
2320,B2,1,0,2,13,0,0,0,0,0,0,0,0,0,0,1,2,2,9,2
2320,C1,14,1,1,0,0,0,0,0,0,0,0,0,0,0,1,2,4,64,4
2330,A1,5,11,0,1,0,0,0,0,0,0,0,0,0,1,0,2,0,0,0
2330,B0,0,2,13,2,0,0,0,0,0,0,0,0,0,1,0,2,2,13,3
2330,B1,1,3,1,4,0,0,0,0,0,0,0,0,0,1,0,2,15,164,22
2330,B2,1,0,3,13,0,0,0,0,0,0,0,0,0,1,0,2,2,9,2
2330,C1,14,2,1,0,0,0,0,0,0,0,0,0,0,1,0,2,4,64,4
2340,A1,1,11,0,2,0,0,0,0,0,0,0,0,0,1,0,2,0,0,0
2340,B0,0,1,14,3,0,0,0,0,0,0,0,0,0,1,0,2,2,13,3
2340,B1,1,2,1,4,0,0,0,0,0,0,0,0,0,1,0,2,15,164,22
2340,B2,1,0,3,14,0,0,0,0,0,0,0,0,0,1,0,2,2,9,2
2340,C1,14,2,2,0,0,0,0,0,0,0,0,0,0,1,0,2,4,64,4
2350,A1,1,9,0,1,0,0,0,0,0,0,0,0,0,0,1,2,0,0,0
2350,B0,0,1,14,2,0,0,0,0,0,0,0,0,0,0,1,2,2,13,3
2350,B1,2,1,1,3,0,0,0,0,0,0,0,0,0,0,1,2,15,164,22
2350,B2,1,0,2,14,0,0,0,0,0,0,0,0,0,0,1,2,2,9,2
2350,C1,13,1,1,0,0,0,0,0,0,0,0,0,0,0,1,2,4,64,4
2360,A1,2,9,0,1,0,0,0,0,0,0,0,0,0,0,1,2,0,0,0
2360,B0,0,1,12,1,0,0,0,0,0,0,0,0,0,0,1,2,2,13,3
2360,B1,1,1,1,1,0,0,0,0,0,0,0,0,0,0,1,2,15,164,22
2360,B2,2,0,2,14,0,0,0,0,0,0,0,0,0,0,1,2,2,9,2
2360,C1,14,1,1,0,0,0,0,0,0,0,0,0,0,0,1,2,4,64,4
2370,A1,3,11,0,1,0,0,0,0,0,0,0,0,0,1,0,2,0,0,0
2370,B0,0,2,10,3,0,0,0,0,0,0,0,0,0,1,0,2,2,13,3
2370,B1,1,1,2,2,0,0,0,0,0,0,0,0,0,1,0,2,15,164,22
2370,B2,2,0,2,13,0,0,0,0,0,0,0,0,0,1,0,2,2,9,2
2370,C1,14,1,1,0,0,0,0,0,0,0,0,0,0,1,0,2,4,64,4
2380,A1,1,12,0,4,0,0,0,0,0,0,0,0,0,1,0,2,0,0,0
2380,B0,0,2,12,1,0,0,0,0,0,0,0,0,0,1,0,2,2,13,3
2380,B1,1,1,2,2,0,0,0,0,0,0,0,0,0,1,0,2,15,164,22
2380,B2,1,0,3,13,0,0,0,0,0,0,0,0,0,1,0,2,2,9,2
2380,C1,14,3,1,0,0,0,0,0,0,0,0,0,0,1,0,2,4,64,4
2390,A1,1,10,0,5,0,0,0,0,0,0,0,0,0,1,0,2,0,0,0
2390,B0,0,1,14,3,0,0,0,0,0,0,0,0,0,1,0,2,2,13,3
2390,B1,1,1,2,2,0,0,0,0,0,0,0,0,0,1,0,2,15,164,22
2390,B2,1,0,4,14,0,0,0,0,0,0,0,0,0,1,0,2,2,9,2
2390,C1,13,4,1,0,0,0,0,0,0,0,0,0,0,1,0,2,4,64,4
2400,A1,1,10,0,3,0,0,0,0,0,0,0,0,0,0,1,2,0,0,0
2400,B0,0,1,14,1,0,0,0,0,0,0,0,0,0,0,1,2,2,13,3
2400,B1,2,1,1,1,0,0,0,0,0,0,0,0,0,0,1,2,16,166,23
2400,B2,2,0,2,14,0,0,0,0,0,0,0,0,0,0,1,2,2,9,2
2400,C1,13,1,1,0,0,0,0,0,0,0,0,0,0,0,1,2,4,64,4
2410,A1,2,10,0,1,0,0,0,0,0,0,0,0,0,0,1,2,0,0,0
2410,B0,0,1,11,1,0,0,0,0,0,0,0,0,0,0,1,2,2,13,3
2410,B1,2,1,2,1,0,0,0,0,0,0,0,0,0,0,1,2,16,166,23
2410,B2,2,0,1,14,0,0,0,0,0,0,0,0,0,0,1,2,2,9,2
2410,C1,14,3,2,0,0,0,0,0,0,0,0,0,0,0,1,2,4,64,4
2420,A1,1,11,0,1,0,0,0,0,0,0,0,0,0,1,0,2,0,0,0
2420,B0,0,1,11,1,0,0,0,0,0,0,0,0,0,1,0,2,2,13,3
2420,B1,1,1,1,2,0,0,0,0,0,0,0,0,0,1,0,2,16,166,23
2420,B2,2,0,1,13,0,0,0,0,0,0,0,0,0,1,0,2,2,9,2
2420,C1,14,4,2,0,0,0,0,0,0,0,0,0,0,1,0,2,4,64,4
2430,A1,1,9,0,1,0,0,0,0,0,0,0,0,0,1,0,2,0,0,0
2430,B0,0,1,13,1,0,0,0,0,0,0,0,0,0,1,0,1,2,13,3
2430,B1,1,1,1,2,0,0,0,0,0,0,0,0,0,1,0,2,16,166,23
2430,B2,1,0,1,14,0,0,0,0,0,0,0,0,0,1,0,2,2,9,2
2430,C1,14,2,2,0,0,0,0,0,0,0,0,0,0,1,0,2,4,64,4
2440,A1,1,8,0,1,0,0,0,0,0,0,0,0,0,0,1,2,0,0,0
2440,B0,0,1,14,1,0,0,0,0,0,0,0,0,0,0,1,2,2,13,3
2440,B1,2,1,1,1,0,0,0,0,0,0,0,0,0,0,1,2,16,166,23
2440,B2,1,0,3,14,0,0,0,0,0,0,0,0,0,0,1,2,2,9,2
2440,C1,13,1,2,0,0,0,0,0,0,0,0,0,0,0,1,2,4,64,4
2450,A1,2,8,0,1,0,0,0,0,0,0,0,0,0,0,1,2,0,0,0
2450,B0,0,1,13,2,0,0,0,0,0,0,0,0,0,0,1,2,2,13,3
2450,B1,2,1,2,1,0,0,0,0,0,0,0,0,0,0,1,2,16,166,23
2450,B2,1,0,4,14,0,0,0,0,0,0,0,0,0,0,1,2,2,9,2
2450,C1,13,3,1,0,0,0,0,0,0,0,0,0,0,0,1,2,4,64,4
2460,A1,3,9,0,1,0,0,0,0,0,0,0,0,0,0,1,2,0,0,0
2460,B0,0,1,11,2,0,0,0,0,0,0,0,0,0,0,1,2,2,13,3
2460,B1,2,1,1,1,0,0,0,0,0,0,0,0,0,0,1,2,16,166,23
2460,B2,2,0,1,12,0,0,0,0,0,0,0,0,0,0,1,2,2,9,2
2460,C1,14,4,1,0,0,0,0,0,0,0,0,0,0,0,1,2,4,64,4
2470,A1,2,9,0,2,0,0,0,0,0,0,0,0,0,1,0,2,0,0,0
2470,B0,0,1,13,2,0,0,0,0,0,0,0,0,0,1,0,2,2,13,3
2470,B1,1,1,1,1,0,0,0,0,0,0,0,0,0,1,0,2,16,166,23
2470,B2,1,0,3,13,0,0,0,0,0,0,0,0,0,1,0,2,2,9,2
2470,C1,14,3,1,0,0,0,0,0,0,0,0,0,0,1,0,2,4,64,4
2480,A1,2,9,0,2,0,0,0,0,0,0,0,0,0,1,0,2,0,0,0
2480,B0,0,1,14,2,0,0,0,0,0,0,0,0,0,1,0,2,2,13,3
2480,B1,1,3,1,1,0,0,0,0,0,0,0,0,0,1,0,2,16,166,23
2480,B2,2,0,4,14,0,0,0,0,0,0,0,0,0,1,0,2,2,9,2
2480,C1,14,2,1,0,0,0,0,0,0,0,0,0,0,1,0,2,4,64,4
2490,A1,1,9,0,1,0,0,0,0,0,0,0,0,0,0,1,2,0,0,0
2490,B0,0,3,14,1,0,0,0,0,0,0,0,0,0,0,1,2,2,13,3
2490,B1,1,3,1,1,0,0,0,0,0,0,0,0,0,0,1,2,16,166,23
2490,B2,3,0,3,14,0,0,0,0,0,0,0,0,0,0,1,2,2,9,2
2490,C1,13,1,1,0,0,0,0,0,0,0,0,0,0,0,1,2,4,64,4
2500,A1,2,9,0,1,0,0,0,0,0,0,0,0,0,0,1,2,0,0,0
2500,B0,0,1,12,5,0,0,0,0,0,0,0,0,0,0,1,2,2,13,3
2500,B1,1,3,1,2,0,0,0,0,0,0,0,0,0,0,1,2,16,166,23
2500,B2,5,0,1,13,0,0,0,0,0,0,0,0,0,0,1,2,2,9,2
2500,C1,14,3,1,0,0,0,0,0,0,0,0,0,0,0,1,2,4,64,4
2510,A1,1,11,0,1,0,0,0,0,0,0,0,0,0,1,0,2,0,0,0
2510,B0,0,1,10,4,0,0,0,0,0,0,0,0,0,1,0,2,2,13,3
2510,B1,1,3,2,2,0,0,0,0,0,0,0,0,0,1,0,2,16,166,23
2510,B2,5,0,1,11,0,0,0,0,0,0,0,0,0,1,0,2,2,9,2
2510,C1,14,4,1,0,0,0,0,0,0,0,0,0,0,1,0,2,4,64,4
2520,A1,1,9,0,1,0,0,0,0,0,0,0,0,0,1,0,2,0,0,0
2520,B0,0,1,13,2,0,0,0,0,0,0,0,0,0,1,0,2,2,13,3
2520,B1,2,1,2,2,0,0,0,0,0,0,0,0,0,1,0,2,16,166,23
2520,B2,2,0,2,13,0,0,0,0,0,0,0,0,0,1,0,2,2,9,2
2520,C1,14,1,2,0,0,0,0,0,0,0,0,0,0,1,0,2,4,64,4
2530,A1,2,8,0,1,0,0,0,0,0,0,0,0,0,0,1,2,0,0,0
2530,B0,0,1,14,3,0,0,0,0,0,0,0,0,0,0,1,2,2,13,3
2530,B1,3,1,2,2,0,0,0,0,0,0,0,0,0,0,1,2,16,166,23
2530,B2,1,0,2,14,0,0,0,0,0,0,0,0,0,0,1,2,2,9,2
2530,C1,12,3,2,0,0,0,0,0,0,0,0,0,0,0,1,2,4,64,4
2540,A1,2,8,0,1,0,0,0,0,0,0,0,0,0,0,1,2,0,0,0
2540,B0,0,2,14,3,0,0,0,0,0,0,0,0,0,0,1,2,2,13,3
2540,B1,3,2,2,1,0,0,0,0,0,0,0,0,0,0,1,2,16,166,23
2540,B2,1,0,1,14,0,0,0,0,0,0,0,0,0,0,1,2,2,9,2
2540,C1,12,1,1,0,0,0,0,0,0,0,0,0,0,0,1,2,4,64,4
2550,A1,4,11,0,1,0,0,0,0,0,0,0,0,0,0,1,2,0,0,0
2550,B0,0,3,13,2,0,0,0,0,0,0,0,0,0,0,1,2,2,13,3
2550,B1,3,2,1,1,0,0,0,0,0,0,0,0,0,0,1,2,16,166,23
2550,B2,1,0,1,11,0,0,0,0,0,0,0,0,0,0,1,2,2,9,2
2550,C1,13,2,1,0,0,0,0,0,0,0,0,0,0,0,1,2,4,64,4
2560,A1,2,11,0,2,0,0,0,0,0,0,0,0,0,1,0,2,0,0,0
2560,B0,0,1,13,1,0,0,0,0,0,0,0,0,0,1,0,1,2,13,3
2560,B1,4,1,1,1,0,0,0,0,0,0,0,0,0,1,0,2,16,166,23
2560,B2,1,0,1,12,0,0,0,0,0,0,0,0,0,1,0,2,2,9,2
2560,C1,14,3,1,0,0,0,0,0,0,0,0,0,0,1,0,2,4,64,4
2570,A1,3,12,0,3,0,0,0,0,0,0,0,0,0,1,0,2,0,0,0
2570,B0,0,1,14,1,0,0,0,0,0,0,0,0,0,1,0,1,2,13,3
2570,B1,1,1,1,1,0,0,0,0,0,0,0,0,0,1,0,2,16,166,23
2570,B2,1,0,2,14,0,0,0,0,0,0,0,0,0,1,0,2,2,9,2
2570,C1,14,2,2,0,0,0,0,0,0,0,0,0,0,1,0,2,4,64,4
2580,A1,1,10,0,2,0,0,0,0,0,0,0,0,0,0,1,2,0,0,0
2580,B0,0,3,14,2,0,0,0,0,0,0,0,0,0,0,1,2,2,13,3
2580,B1,1,1,1,1,0,0,0,0,0,0,0,0,0,0,1,2,16,166,23
2580,B2,1,0,1,14,0,0,0,0,0,0,0,0,0,0,1,2,2,9,2
2580,C1,13,1,1,0,0,0,0,0,0,0,0,0,0,0,1,2,4,64,4
2590,A1,1,11,0,1,0,0,0,0,0,0,0,0,0,0,1,2,0,0,0
2590,B0,0,3,12,2,0,0,0,0,0,0,0,0,0,0,1,2,2,13,3
2590,B1,1,1,1,1,0,0,0,0,0,0,0,0,0,0,1,2,16,166,23
2590,B2,2,0,1,14,0,0,0,0,0,0,0,0,0,0,1,2,2,9,2
2590,C1,14,3,1,0,0,0,0,0,0,0,0,0,0,0,1,2,4,64,4
2600,A1,4,11,0,1,0,0,0,0,0,0,0,0,0,1,0,2,0,0,0
2600,B0,0,4,10,1,0,0,0,0,0,0,0,0,0,1,0,2,2,13,3
2600,B1,1,1,4,1,0,0,0,0,0,0,0,0,0,1,0,2,16,166,23
2600,B2,3,0,1,12,0,0,0,0,0,0,0,0,0,1,0,2,2,9,2
2600,C1,14,4,2,0,0,0,0,0,0,0,0,0,0,1,0,2,4,64,4
2610,A1,1,12,0,2,0,0,0,0,0,0,0,0,0,1,0,2,0,0,0
2610,B0,0,1,13,3,0,0,0,0,0,0,0,0,0,1,0,2,2,13,3
2610,B1,1,1,4,1,0,0,0,0,0,0,0,0,0,1,0,2,16,166,23
2610,B2,1,0,1,13,0,0,0,0,0,0,0,0,0,1,0,2,2,9,2
2610,C1,13,2,1,0,0,0,0,0,0,0,0,0,0,1,0,2,4,64,4
2620,A1,1,13,0,2,0,0,0,0,0,0,0,0,0,1,0,2,0,0,0
2620,B0,0,2,14,2,0,0,0,0,0,0,0,0,0,1,0,2,2,13,3
2620,B1,2,1,4,1,0,0,0,0,0,0,0,0,0,1,0,2,16,166,23
2620,B2,1,0,3,14,0,0,0,0,0,0,0,0,0,1,0,2,2,9,2
2620,C1,11,1,1,0,0,0,0,0,0,0,0,0,0,1,0,2,4,64,4
2630,A1,1,13,0,1,0,0,0,0,0,0,0,0,0,0,1,2,0,0,0
2630,B0,0,2,14,2,0,0,0,0,0,0,0,0,0,0,1,2,2,13,3
2630,B1,2,1,1,3,0,0,0,0,0,0,0,0,0,0,1,2,17,171,27
2630,B2,2,0,1,14,0,0,0,0,0,0,0,0,0,0,1,2,2,9,2
2630,C1,12,1,1,0,0,0,0,0,0,0,0,0,0,0,1,2,4,64,4
2640,A1,4,14,0,1,0,0,0,0,0,0,0,0,0,0,1,2,0,0,0
2640,B0,0,3,14,2,0,0,0,0,0,0,0,0,0,0,1,2,2,13,3
2640,B1,2,1,1,1,0,0,0,0,0,0,0,0,0,0,1,2,17,171,27
2640,B2,2,0,1,14,0,0,0,0,0,0,0,0,0,0,1,2,2,9,2
2640,C1,14,1,1,0,0,0,0,0,0,0,0,0,0,0,1,2,4,64,4
2650,A1,4,14,0,1,0,0,0,0,0,0,0,0,0,1,0,2,0,0,0
2650,B0,0,1,13,3,0,0,0,0,0,0,0,0,0,1,0,2,2,13,3
2650,B1,2,1,2,4,0,0,0,0,0,0,0,0,0,1,0,2,17,171,27
2650,B2,2,0,1,13,0,0,0,0,0,0,0,0,0,1,0,2,2,9,2
2650,C1,14,2,2,0,0,0,0,0,0,0,0,0,0,1,0,2,4,64,4
2660,A1,2,14,0,1,0,0,0,0,0,0,0,0,0,1,0,2,0,0,0
2660,B0,0,1,14,3,0,0,0,0,0,0,0,0,0,1,0,2,2,13,3
2660,B1,1,1,1,3,0,0,0,0,0,0,0,0,0,1,0,2,17,171,27
2660,B2,1,0,2,14,0,0,0,0,0,0,0,0,0,1,0,2,2,9,2
2660,C1,13,2,2,0,0,0,0,0,0,0,0,0,0,1,0,2,4,64,4
2670,A1,1,13,0,2,0,0,0,0,0,0,0,0,0,0,1,2,0,0,0
2670,B0,0,1,14,4,0,0,0,0,0,0,0,0,0,0,1,2,2,13,3
2670,B1,1,1,1,2,0,0,0,0,0,0,0,0,0,0,1,2,17,171,27
2670,B2,1,0,3,14,0,0,0,0,0,0,0,0,0,0,1,2,2,9,2
2670,C1,12,2,1,0,0,0,0,0,0,0,0,0,0,0,1,2,4,64,4
2680,A1,1,13,0,1,0,0,0,0,0,0,0,0,0,0,1,2,0,0,0
2680,B0,0,1,14,1,0,0,0,0,0,0,0,0,0,0,1,2,2,13,3
2680,B1,1,1,1,2,0,0,0,0,0,0,0,0,0,0,1,2,17,171,27
2680,B2,1,0,1,14,0,0,0,0,0,0,0,0,0,0,1,2,2,9,2
2680,C1,13,2,3,0,0,0,0,0,0,0,0,0,0,0,1,2,4,64,4
2690,A1,3,14,0,2,0,0,0,0,0,0,0,0,0,0,1,2,0,0,0
2690,B0,0,1,13,2,0,0,0,0,0,0,0,0,0,0,1,2,2,13,3
2690,B1,1,1,1,1,0,0,0,0,0,0,0,0,0,0,1,2,17,171,27
2690,B2,1,0,1,11,0,0,0,0,0,0,0,0,0,0,1,2,2,9,2
2690,C1,14,5,1,0,0,0,0,0,0,0,0,0,0,0,1,2,4,64,4
2700,A1,1,14,0,3,0,0,0,0,0,0,0,0,0,1,0,2,0,0,0
2700,B0,0,2,13,2,0,0,0,0,0,0,0,0,0,1,0,2,3,26,4
2700,B1,2,3,2,1,0,0,0,0,0,0,0,0,0,1,0,2,18,175,28
2700,B2,1,0,2,12,0,0,0,0,0,0,0,0,0,1,0,2,2,9,2
2700,C1,14,2,1,0,0,0,0,0,0,0,0,0,0,1,0,2,4,64,4
2710,A1,2,13,0,6,0,0,0,0,0,0,0,0,0,1,0,2,0,0,0
2710,B0,0,2,14,2,0,0,0,0,0,0,0,0,0,1,0,2,3,26,4
2710,B1,1,2,2,1,0,0,0,0,0,0,0,0,0,1,0,2,18,175,28
2710,B2,1,0,2,14,0,0,0,0,0,0,0,0,0,1,0,2,2,9,2
2710,C1,13,3,1,0,0,0,0,0,0,0,0,0,0,1,0,2,4,64,4
2720,A1,2,12,0,2,0,0,0,0,0,0,0,0,0,0,1,2,0,0,0
2720,B0,0,2,14,1,0,0,0,0,0,0,0,0,0,0,1,2,3,26,4
2720,B1,1,2,2,1,0,0,0,0,0,0,0,0,0,0,1,2,19,179,29
2720,B2,1,0,5,14,0,0,0,0,0,0,0,0,0,0,1,2,2,9,2
2720,C1,13,4,2,0,0,0,0,0,0,0,0,0,0,0,1,2,4,64,4
2730,A1,4,14,0,1,0,0,0,0,0,0,0,0,0,0,1,2,0,0,0
2730,B0,0,3,13,1,0,0,0,0,0,0,0,0,0,0,1,2,3,26,4
2730,B1,1,2,1,2,0,0,0,0,0,0,0,0,0,0,1,2,19,179,29
2730,B2,2,0,1,14,0,0,0,0,0,0,0,0,0,0,1,2,2,9,2
2730,C1,13,2,1,0,0,0,0,0,0,0,0,0,0,0,1,2,4,64,4
2740,A1,5,14,0,1,0,0,0,0,0,0,0,0,0,1,0,2,0,0,0
2740,B0,0,2,12,2,0,0,0,0,0,0,0,0,0,1,0,2,3,26,4
2740,B1,1,1,2,1,0,0,0,0,0,0,0,0,0,1,0,2,19,179,29
2740,B2,1,0,1,13,0,0,0,0,0,0,0,0,0,1,0,2,2,9,2
2740,C1,14,2,1,0,0,0,0,0,0,0,0,0,0,1,0,2,4,64,4
2750,A1,2,14,0,1,0,0,0,0,0,0,0,0,0,1,0,2,0,0,0
2750,B0,0,1,13,1,0,0,0,0,0,0,0,0,0,1,0,1,3,26,4
2750,B1,1,2,2,1,0,0,0,0,0,0,0,0,0,1,0,2,19,179,29
2750,B2,1,0,1,14,0,0,0,0,0,0,0,0,0,1,0,2,2,9,2
2750,C1,14,1,2,0,0,0,0,0,0,0,0,0,0,1,0,2,4,64,4
2760,A1,1,13,0,1,0,0,0,0,0,0,0,0,0,0,1,2,0,0,0
2760,B0,0,1,14,4,0,0,0,0,0,0,0,0,0,0,1,2,3,26,4
2760,B1,2,1,2,1,0,0,0,0,0,0,0,0,0,0,1,2,19,179,29
2760,B2,1,0,2,14,0,0,0,0,0,0,0,0,0,0,1,2,2,9,2
2760,C1,13,1,1,0,0,0,0,0,0,0,0,0,0,0,1,2,4,64,4
2770,A1,1,13,0,1,0,0,0,0,0,0,0,0,0,0,1,2,0,0,0
2770,B0,0,2,14,1,0,0,0,0,0,0,0,0,0,0,1,2,3,26,4
2770,B1,2,1,2,2,0,0,0,0,0,0,0,0,0,0,1,2,19,179,29
2770,B2,1,0,1,12,0,0,0,0,0,0,0,0,0,0,1,2,2,9,2
2770,C1,14,1,1,0,0,0,0,0,0,0,0,0,0,0,1,2,4,64,4
2780,A1,1,14,0,1,0,0,0,0,0,0,0,0,0,0,1,2,0,0,0
2780,B0,0,3,14,1,0,0,0,0,0,0,0,0,0,0,1,2,3,26,4
2780,B1,2,1,2,2,0,0,0,0,0,0,0,0,0,0,1,2,19,179,29
2780,B2,2,0,2,8,0,0,0,0,0,0,0,0,0,0,1,2,2,9,2
2780,C1,14,1,1,0,0,0,0,0,0,0,0,0,0,0,1,2,4,64,4
2790,A1,2,13,0,1,0,0,0,0,0,0,0,0,0,1,0,2,0,0,0
2790,B0,0,1,13,1,0,0,0,0,0,0,0,0,0,1,0,1,3,26,4
2790,B1,1,1,3,2,0,0,0,0,0,0,0,0,0,1,0,2,19,179,29
2790,B2,1,0,1,11,0,0,0,0,0,0,0,0,0,1,0,2,2,9,2
2790,C1,14,2,1,0,0,0,0,0,0,0,0,0,0,1,0,2,4,64,4
2800,A1,1,13,0,2,0,0,0,0,0,0,0,0,0,1,0,2,0,0,0
2800,B0,0,2,14,1,0,0,0,0,0,0,0,0,0,1,0,2,3,26,4
2800,B1,1,4,3,2,0,0,0,0,0,0,0,0,0,1,0,2,19,179,29
2800,B2,1,0,4,13,0,0,0,0,0,0,0,0,0,1,0,2,2,9,2
2800,C1,14,1,1,0,0,0,0,0,0,0,0,0,0,1,0,2,4,64,4
2810,A1,2,13,0,1,0,0,0,0,0,0,0,0,0,0,1,2,0,0,0
2810,B0,0,3,13,4,0,0,0,0,0,0,0,0,0,0,1,2,3,26,4
2810,B1,1,5,1,1,0,0,0,0,0,0,0,0,0,0,1,2,19,179,29
2810,B2,1,0,4,14,0,0,0,0,0,0,0,0,0,0,1,2,2,9,2
2810,C1,13,2,2,0,0,0,0,0,0,0,0,0,0,0,1,2,4,64,4
2820,A1,2,14,0,1,0,0,0,0,0,0,0,0,0,0,1,2,0,0,0
2820,B0,0,4,10,2,0,0,0,0,0,0,0,0,0,0,1,2,3,26,4
2820,B1,1,4,2,1,0,0,0,0,0,0,0,0,0,0,1,2,19,179,29
2820,B2,2,0,3,14,0,0,0,0,0,0,0,0,0,0,1,2,2,9,2
2820,C1,13,2,1,0,0,0,0,0,0,0,0,0,0,0,1,2,4,64,4
2830,A1,4,14,0,1,0,0,0,0,0,0,0,0,0,1,0,2,0,0,0
2830,B0,0,4,11,1,0,0,0,0,0,0,0,0,0,1,0,2,3,26,4
2830,B1,1,4,2,1,0,0,0,0,0,0,0,0,0,1,0,2,19,179,29
2830,B2,2,0,1,13,0,0,0,0,0,0,0,0,0,1,0,2,2,9,2
2830,C1,13,2,1,0,0,0,0,0,0,0,0,0,0,1,0,2,4,64,4
2840,A1,1,14,0,1,0,0,0,0,0,0,0,0,0,1,0,2,0,0,0
2840,B0,0,4,13,1,0,0,0,0,0,0,0,0,0,1,0,2,3,26,4
2840,B1,3,3,2,2,0,0,0,0,0,0,0,0,0,1,0,2,19,179,29
2840,B2,1,0,1,13,0,0,0,0,0,0,0,0,0,1,0,2,2,9,2
2840,C1,13,1,1,0,0,0,0,0,0,0,0,0,0,1,0,2,4,64,4
2850,A1,1,13,0,1,0,0,0,0,0,0,0,0,0,1,0,2,0,0,0
2850,B0,0,3,14,2,0,0,0,0,0,0,0,0,0,1,0,2,3,26,4
2850,B1,4,3,2,2,0,0,0,0,0,0,0,0,0,1,0,2,19,179,29
2850,B2,2,0,2,14,0,0,0,0,0,0,0,0,0,1,0,2,2,9,2
2850,C1,12,1,1,0,0,0,0,0,0,0,0,0,0,1,0,2,4,64,4
2860,A1,1,13,0,1,0,0,0,0,0,0,0,0,0,0,1,2,0,0,0
2860,B0,0,3,13,2,0,0,0,0,0,0,0,0,0,0,1,2,3,26,4
2860,B1,4,3,1,2,0,0,0,0,0,0,0,0,0,0,1,2,19,179,29
2860,B2,3,0,1,14,0,0,0,0,0,0,0,0,0,0,1,2,2,9,2
2860,C1,13,1,1,0,0,0,0,0,0,0,0,0,0,0,1,2,5,76,5
2870,A1,1,14,0,1,0,0,0,0,0,0,0,0,0,0,1,2,0,0,0
2870,B0,0,5,10,2,0,0,0,0,0,0,0,0,0,0,1,2,3,26,4
2870,B1,4,3,1,1,0,0,0,0,0,0,0,0,0,0,1,2,19,179,29
2870,B2,3,0,1,14,0,0,0,0,0,0,0,0,0,0,1,2,2,9,2
2870,C1,14,4,1,0,0,0,0,0,0,0,0,0,0,0,1,2,5,76,5
2880,A1,1,13,0,1,0,0,0,0,0,0,0,0,0,1,0,2,0,0,0
2880,B0,0,3,10,2,0,0,0,0,0,0,0,0,0,1,0,2,3,26,4
2880,B1,4,3,1,1,0,0,0,0,0,0,0,0,0,1,0,2,19,179,29
2880,B2,1,0,2,13,0,0,0,0,0,0,0,0,0,1,0,2,2,9,2
2880,C1,14,2,2,0,0,0,0,0,0,0,0,0,0,1,0,2,5,76,5
2890,A1,3,11,0,1,0,0,0,0,0,0,0,0,0,1,0,2,0,0,0
2890,B0,0,2,13,2,0,0,0,0,0,0,0,0,0,1,0,2,3,26,4
2890,B1,5,1,1,1,0,0,0,0,0,0,0,0,0,1,0,2,19,179,29
2890,B2,1,0,2,14,0,0,0,0,0,0,0,0,0,1,0,2,2,9,2
2890,C1,13,1,1,0,0,0,0,0,0,0,0,0,0,1,0,2,5,76,5
2900,A1,1,12,0,2,0,0,0,0,0,0,0,0,1,0,1,2,0,0,0
2900,B0,0,1,14,1,0,0,0,0,0,0,0,0,0,0,1,2,3,26,4
2900,B1,4,1,1,1,0,0,0,1,0,0,0,0,0,0,1,2,20,185,29
2900,B2,1,0,4,14,0,0,0,0,13,0,0,0,0,0,1,1,3,14,2
2900,C1,12,1,1,0,0,0,0,0,0,0,0,0,0,0,1,2,5,76,5
2910,A1,2,13,0,1,0,0,0,0,0,0,0,0,0,0,1,2,0,0,0
2910,B0,0,2,12,1,0,0,0,0,0,0,0,0,0,0,1,2,3,26,4
2910,B1,4,1,2,1,0,0,0,0,0,0,0,0,0,0,1,2,20,189,30
2910,B2,1,0,2,14,0,0,0,0,13,0,0,0,0,0,1,1,3,34,2
2910,C1,13,1,2,0,0,0,0,0,0,0,0,0,0,0,1,2,5,76,5
2920,A1,3,14,0,1,0,0,0,0,0,0,0,0,0,0,1,2,0,0,0
2920,B0,0,3,8,1,0,0,0,0,0,0,0,0,0,0,1,2,3,26,4
2920,B1,4,1,1,3,0,0,0,0,0,0,0,0,0,0,1,2,20,189,30
2920,B2,1,0,2,13,0,0,0,0,12,0,0,0,0,0,1,1,3,54,2
2920,C1,14,2,1,0,0,0,0,0,0,0,0,0,0,0,1,2,5,76,5
2930,A1,1,14,0,1,0,0,0,0,0,0,0,0,0,1,0,2,0,0,0
2930,B0,0,1,11,1,0,0,0,0,0,0,0,0,0,1,0,2,3,26,4
2930,B1,2,1,1,1,0,0,0,0,0,0,0,0,0,1,0,2,20,189,30
2930,B2,1,0,1,13,0,0,0,0,13,0,0,0,0,1,0,1,3,74,2
2930,C1,13,1,1,0,0,0,0,0,0,0,0,0,0,1,0,2,5,76,5
2940,A1,2,11,0,1,0,0,0,0,0,0,0,0,0,1,0,2,0,0,0
2940,B0,0,1,14,3,0,0,0,0,0,0,0,0,0,1,0,2,3,26,4
2940,B1,4,2,1,1,0,0,0,0,0,0,0,0,0,1,0,2,20,189,30
2940,B2,1,0,1,14,0,0,0,0,0,0,0,0,0,1,0,2,3,88,16
2940,C1,10,1,1,0,0,0,0,0,0,0,0,0,0,1,0,2,5,76,5
2950,A1,1,11,0,1,0,0,0,0,0,0,0,0,0,0,1,2,0,0,0
2950,B0,0,2,14,2,0,0,0,0,0,0,0,0,0,0,1,2,3,26,4
2950,B1,4,3,1,1,0,0,0,0,0,0,0,0,0,0,1,2,20,189,30
2950,B2,1,0,2,13,0,0,0,0,0,0,0,0,0,0,1,2,3,88,16
2950,C1,10,2,1,0,0,0,0,0,0,0,0,0,0,0,1,2,5,76,5
2960,A1,3,13,0,1,0,0,0,0,0,0,0,0,0,0,1,2,0,0,0
2960,B0,0,2,12,1,0,0,0,0,0,0,0,0,0,0,1,2,3,26,4
2960,B1,4,3,1,1,0,0,0,0,0,0,0,0,0,0,1,2,20,189,30
2960,B2,1,0,1,9,0,0,0,0,0,0,0,0,0,0,1,2,3,88,16
2960,C1,13,2,1,0,0,0,0,0,0,0,0,0,0,0,1,2,5,76,5
2970,A1,2,13,0,2,0,0,0,0,0,0,0,0,0,1,0,2,0,0,0
2970,B0,0,1,11,3,0,0,0,0,0,0,0,0,0,1,0,2,3,26,4
2970,B1,3,3,2,2,0,0,0,0,0,0,0,0,0,1,0,2,20,189,30
2970,B2,1,0,1,10,0,0,0,0,0,0,0,0,0,1,0,2,3,88,16
2970,C1,14,2,2,0,0,0,0,0,0,0,0,0,0,1,0,2,5,76,5
2980,A1,1,13,0,2,0,0,0,0,0,0,0,0,0,1,0,2,0,0,0
2980,B0,0,1,13,4,0,0,0,0,0,0,0,0,0,1,0,2,3,26,4
2980,B1,1,4,2,2,0,0,0,0,0,0,0,0,0,1,0,2,20,189,30
2980,B2,1,0,2,13,0,0,0,0,0,0,0,0,0,1,0,2,3,88,16
2980,C1,12,3,2,0,0,0,0,0,0,0,0,0,0,1,0,2,5,76,5
2990,A1,2,12,0,3,0,0,0,0,0,0,0,0,0,0,1,2,0,0,0
2990,B0,0,1,14,5,0,0,0,0,0,0,0,0,0,0,1,2,3,26,4
2990,B1,2,1,2,2,0,0,0,0,0,0,0,0,0,0,1,2,20,189,30
2990,B2,1,0,4,14,0,0,0,0,0,0,0,0,0,0,1,2,3,88,16
2990,C1,11,1,2,0,0,0,0,0,0,0,0,0,0,0,1,2,5,76,5
3000,A1,1,12,0,1,0,0,0,0,0,0,0,0,0,0,1,2,0,0,0
3000,B0,0,1,14,1,0,0,0,0,0,0,0,0,0,0,1,2,3,26,4
3000,B1,2,2,1,2,0,0,0,0,0,0,0,0,0,0,1,2,20,189,30
3000,B2,2,0,1,14,0,0,0,0,0,0,0,0,0,0,1,2,3,88,16
3000,C1,13,2,3,0,0,0,0,0,0,0,0,0,0,0,1,2,5,76,5
3010,A1,4,13,0,1,0,0,0,0,0,0,0,0,0,0,1,2,0,0,0
3010,B0,0,2,12,3,0,0,0,0,0,0,0,0,0,0,1,2,3,26,4
3010,B1,2,2,1,5,0,0,0,0,0,0,0,0,0,0,1,2,20,189,30
3010,B2,2,0,1,10,0,0,0,0,0,0,0,0,0,0,1,2,3,88,16
3010,C1,14,2,2,0,0,0,0,0,0,0,0,0,0,0,1,2,5,76,5
3020,A1,1,14,0,3,0,0,0,0,0,0,0,0,0,1,0,2,0,0,0
3020,B0,0,1,12,1,0,0,0,0,0,0,0,0,0,1,0,1,3,26,4
3020,B1,2,2,1,5,0,0,0,0,0,0,0,0,0,1,0,2,20,189,30
3020,B2,1,0,1,11,0,0,0,0,0,0,0,0,0,1,0,2,3,88,16
3020,C1,13,1,5,0,0,0,0,0,0,0,0,0,0,1,0,2,5,76,5
3030,A1,1,11,0,3,0,0,0,0,0,0,0,0,0,1,0,2,0,0,0
3030,B0,0,1,14,2,0,0,0,0,0,0,0,0,0,1,0,2,3,26,4
3030,B1,1,3,1,5,0,0,0,0,0,0,0,0,0,1,0,2,20,189,30
3030,B2,1,0,2,14,0,0,0,0,0,0,0,0,0,1,0,2,3,88,16
3030,C1,10,2,5,0,0,0,0,0,0,0,0,0,0,1,0,2,5,76,5
3040,A1,1,11,0,2,0,0,0,0,0,0,0,0,0,0,1,2,0,0,0
3040,B0,0,1,14,1,0,0,0,0,0,0,0,0,0,0,1,2,3,26,4
3040,B1,4,2,1,7,0,0,0,0,0,0,0,0,0,0,1,2,20,189,30
3040,B2,1,0,2,14,0,0,0,0,0,0,0,0,0,0,1,2,3,88,16
3040,C1,10,2,3,0,0,0,0,0,0,0,0,0,0,0,1,2,5,76,5
3050,A1,3,11,0,1,0,0,0,0,0,0,0,0,0,0,1,2,0,0,0
3050,B0,0,2,12,2,0,0,0,0,0,0,0,0,0,0,1,2,3,26,4
3050,B1,3,3,2,4,0,0,0,0,0,0,0,0,0,0,1,2,20,189,30
3050,B2,3,0,1,13,0,0,0,0,0,0,0,0,0,0,1,2,3,88,16
3050,C1,13,1,1,0,0,0,0,0,0,0,0,0,0,0,1,2,5,76,5
3060,A1,5,11,0,1,0,0,0,0,0,0,0,0,0,1,0,2,0,0,0
3060,B0,0,3,11,1,0,0,0,0,0,0,0,0,0,1,0,2,3,26,4
3060,B1,2,3,3,3,0,0,0,0,0,0,0,0,0,1,0,2,20,189,30
3060,B2,4,0,3,12,0,0,0,0,0,0,0,0,0,1,0,2,3,88,16
3060,C1,14,2,1,0,0,0,0,0,0,0,0,0,0,1,0,2,5,76,5
3070,A1,1,13,0,1,0,0,0,0,0,0,0,0,0,1,0,2,0,0,0
3070,B0,0,2,13,1,0,0,0,0,0,0,0,0,0,1,0,2,3,26,4
3070,B1,2,2,3,3,0,0,0,0,0,0,0,0,0,1,0,2,20,189,30
3070,B2,3,0,3,13,0,0,0,0,0,0,0,0,0,1,0,2,3,88,16
3070,C1,14,1,1,0,0,0,0,0,0,0,0,0,0,1,0,2,5,76,5
3080,A1,1,11,0,2,0,0,0,0,0,0,0,0,0,1,0,2,0,0,0
3080,B0,0,1,14,3,0,0,0,0,0,0,0,0,0,1,0,2,3,26,4
3080,B1,2,2,3,3,0,0,0,0,0,0,0,0,0,1,0,2,20,189,30
3080,B2,2,0,6,14,0,0,0,0,0,0,0,0,0,1,0,1,3,88,16
3080,C1,13,2,1,0,0,0,0,0,0,0,0,0,0,1,0,2,5,76,5
3090,A1,1,11,0,1,0,0,0,0,0,0,0,0,0,0,1,2,0,0,0
3090,B0,0,3,14,1,0,0,0,0,0,0,0,0,0,0,1,2,3,26,4
3090,B1,2,3,2,3,0,0,0,0,0,0,0,0,0,0,1,2,20,189,30
3090,B2,4,0,3,14,0,0,0,0,0,0,0,0,0,0,1,2,3,88,16
3090,C1,13,1,1,0,0,0,0,0,0,0,0,0,0,0,1,2,5,76,5
3100,A1,2,13,0,1,0,0,0,0,0,0,0,0,0,0,1,2,0,0,0
3100,B0,0,5,12,2,0,0,0,0,0,0,0,0,0,0,1,2,3,26,4
3100,B1,2,3,2,2,0,0,0,0,0,0,0,0,0,0,1,2,20,189,30
3100,B2,5,0,1,14,0,0,0,0,0,0,0,0,0,0,1,2,3,88,16
3100,C1,14,1,3,0,0,0,0,0,0,0,0,0,0,0,1,2,5,76,5
3110,A1,1,13,0,1,0,0,0,0,0,0,0,0,0,1,0,2,0,0,0
3110,B0,0,4,12,2,0,0,0,0,0,0,0,0,0,1,0,2,3,26,4
3110,B1,1,4,2,1,0,0,0,0,0,0,0,0,0,1,0,2,20,189,30
3110,B2,6,0,1,13,0,0,0,0,0,0,0,0,0,1,0,2,3,88,16
3110,C1,14,1,2,0,0,0,0,0,0,0,0,0,0,1,0,2,5,76,5
3120,A1,2,11,0,1,0,0,0,0,0,0,0,0,0,1,0,2,0,0,0
3120,B0,0,2,14,3,0,0,0,0,0,0,0,0,0,1,0,2,3,26,4
3120,B1,1,1,2,1,0,0,0,0,0,0,0,0,0,1,0,2,20,189,30
3120,B2,2,0,1,14,0,0,0,0,0,0,0,0,0,1,0,2,3,88,16
3120,C1,14,1,2,0,0,0,0,0,0,0,0,0,0,1,0,2,5,76,5
3130,A1,1,9,0,1,0,0,0,0,0,0,0,0,0,0,1,2,0,0,0
3130,B0,0,1,14,3,0,0,0,0,0,0,0,0,0,0,1,2,3,26,4
3130,B1,2,2,1,1,0,0,0,0,0,0,0,0,0,0,1,2,20,189,30
3130,B2,1,0,2,14,0,0,0,0,0,0,0,0,0,0,1,2,3,88,16
3130,C1,13,1,4,0,0,0,0,0,0,0,0,0,0,0,1,2,5,76,5
3140,A1,1,8,0,1,0,0,0,0,0,0,0,0,0,0,1,2,0,0,0
3140,B0,0,4,13,1,0,0,0,0,0,0,0,0,0,0,1,2,3,26,4
3140,B1,2,2,1,2,0,0,0,0,0,0,0,0,0,0,1,2,20,189,30
3140,B2,4,0,1,14,0,0,0,0,0,0,0,0,0,0,1,2,3,88,16
3140,C1,13,3,1,0,0,0,0,0,0,0,0,0,0,0,1,2,5,76,5
3150,A1,2,9,0,1,0,0,0,0,0,0,0,0,0,0,1,2,0,0,0
3150,B0,0,5,12,1,0,0,0,0,0,0,0,0,0,0,1,2,3,26,4
3150,B1,2,2,3,1,0,0,0,0,0,0,0,0,0,0,1,2,20,189,30
3150,B2,4,0,2,11,0,0,0,0,0,0,0,0,0,0,1,2,3,88,16
3150,C1,13,4,2,0,0,0,0,0,0,0,0,0,0,0,1,2,5,76,5
3160,A1,3,11,0,3,0,0,0,0,0,0,0,0,0,1,0,2,0,0,0
3160,B0,0,3,13,1,0,0,0,0,0,0,0,0,0,1,0,2,3,26,4
3160,B1,1,2,3,1,0,0,0,0,0,0,0,0,0,1,0,2,20,189,30
3160,B2,1,0,1,12,0,0,0,0,0,0,0,0,0,1,0,2,3,88,16
3160,C1,14,3,2,0,0,0,0,0,0,0,0,0,0,1,0,2,5,76,5
3170,A1,2,9,0,3,0,0,0,0,0,0,0,0,0,1,0,2,0,0,0
3170,B0,0,2,14,3,0,0,0,0,0,0,0,0,0,1,0,2,3,26,4
3170,B1,1,1,3,1,0,0,0,0,0,0,0,0,0,1,0,2,20,189,30
3170,B2,1,0,3,14,0,0,0,0,0,0,0,0,0,1,0,2,3,88,16
3170,C1,14,2,2,0,0,0,0,0,0,0,0,0,0,1,0,2,5,76,5
3180,A1,1,10,0,1,0,0,0,0,0,0,0,0,0,0,1,2,0,0,0
3180,B0,0,4,14,1,0,0,0,0,0,0,0,0,0,0,1,2,3,26,4
3180,B1,2,1,1,1,0,0,0,0,0,0,0,0,0,0,1,2,20,189,30
3180,B2,2,0,2,14,0,0,0,0,0,0,0,0,0,0,1,2,3,88,16
3180,C1,13,2,1,0,0,0,0,0,0,0,0,0,0,0,1,2,5,76,5
3190,A1,1,11,0,1,0,0,0,0,0,0,0,0,0,0,1,2,0,0,0
3190,B0,0,5,14,2,0,0,0,0,0,0,0,0,0,0,1,2,3,26,4
3190,B1,2,1,1,1,0,0,0,0,0,0,0,0,0,0,1,2,20,189,30
3190,B2,3,0,1,13,0,0,0,0,0,0,0,0,0,0,1,2,3,88,16
3190,C1,14,3,1,0,0,0,0,0,0,0,0,0,0,0,1,2,5,76,5
3200,A1,2,13,0,2,0,0,0,0,0,0,0,0,0,1,0,2,0,0,0
3200,B0,0,4,13,2,0,0,1,0,0,0,0,0,0,1,0,2,4,33,4
3200,B1,1,1,3,2,0,0,0,0,0,1,0,0,0,1,0,1,20,189,30
3200,B2,2,0,1,12,0,0,0,0,0,0,0,0,0,1,0,2,3,88,16
3200,C1,14,3,2,0,0,0,0,0,0,0,0,0,0,1,0,2,5,76,5
3210,A1,1,12,0,1,0,0,0,0,0,0,0,0,0,1,0,2,0,0,0
3210,B0,0,1,13,3,0,0,0,0,0,0,0,0,0,1,0,2,4,38,6
3210,B1,2,1,2,2,0,0,0,0,0,0,0,0,0,1,0,2,20,189,30
3210,B2,1,0,1,13,0,0,0,0,0,0,0,0,0,1,0,2,3,88,16
3210,C1,14,2,3,0,0,0,0,0,0,0,0,0,0,1,0,2,5,76,5
3220,A1,1,12,0,1,0,0,0,0,0,0,0,0,0,0,1,2,0,0,0
3220,B0,0,1,14,5,0,0,0,0,0,0,0,0,0,0,1,2,4,38,6
3220,B1,1,2,2,2,0,0,0,0,0,0,0,0,0,0,1,2,20,189,30
3220,B2,1,0,1,14,0,0,0,0,0,0,0,0,0,0,1,2,3,88,16
3220,C1,13,2,3,0,0,0,0,0,0,0,0,0,0,0,1,2,5,76,5
3230,A1,2,13,0,1,0,0,0,0,0,0,0,0,0,0,1,2,0,0,0
3230,B0,0,3,14,5,0,0,0,0,0,0,0,0,0,0,1,2,4,38,6
3230,B1,1,2,1,1,0,0,0,0,0,0,0,0,0,0,1,2,20,189,30
3230,B2,2,0,1,12,0,0,0,0,0,0,0,0,0,0,1,2,3,88,16
3230,C1,13,2,1,0,0,0,0,0,0,0,0,0,0,0,1,2,5,76,5
3240,A1,4,14,0,1,0,0,0,0,0,0,0,0,0,0,1,2,0,0,0
3240,B0,0,3,14,1,0,0,0,0,0,0,0,0,0,0,1,2,4,38,6
3240,B1,1,2,3,1,0,0,0,0,0,0,0,0,0,0,1,2,20,189,30
3240,B2,1,0,2,11,0,0,0,0,0,0,0,0,0,0,1,2,3,88,16
3240,C1,14,2,2,0,0,0,0,0,0,0,0,0,0,0,1,2,5,76,5
3250,A1,2,14,0,1,0,0,0,0,0,0,0,0,0,1,0,2,0,0,0
3250,B0,0,1,13,1,0,0,0,0,0,0,0,0,0,1,0,1,4,38,6
3250,B1,1,1,4,1,0,0,0,0,0,0,0,0,0,1,0,2,20,189,30
3250,B2,1,0,3,13,0,0,0,0,0,0,0,0,0,1,0,2,3,88,16
3250,C1,14,1,3,0,0,0,0,0,0,0,0,0,0,1,0,2,5,76,5
3260,A1,1,13,0,1,0,0,0,0,0,0,0,0,0,1,0,2,0,0,0
3260,B0,0,1,14,1,0,0,0,0,0,0,0,0,0,1,0,1,4,38,6
3260,B1,1,1,4,1,0,0,0,0,0,0,0,0,0,1,0,2,20,189,30
3260,B2,1,0,3,14,0,0,0,0,0,0,0,0,0,1,0,2,3,88,16
3260,C1,13,1,3,0,0,0,0,0,0,0,0,0,0,1,0,2,5,76,5
3270,A1,1,12,0,1,0,0,0,0,0,0,0,0,0,0,1,2,0,0,0
3270,B0,0,1,14,3,0,0,0,0,0,0,0,0,0,0,1,2,4,38,6
3270,B1,3,1,3,1,0,0,0,0,0,0,0,0,0,0,1,2,20,189,30
3270,B2,1,0,2,14,0,0,0,0,0,0,0,0,0,0,1,2,3,88,16
3270,C1,12,2,2,0,0,0,0,0,0,0,0,0,0,0,1,2,5,76,5
3280,A1,3,12,0,1,0,0,0,0,0,0,0,0,0,0,1,2,0,0,0
3280,B0,0,2,13,2,0,0,0,0,0,0,0,0,0,0,1,2,4,38,6
3280,B1,3,1,2,2,0,0,0,0,0,0,0,0,0,0,1,2,20,189,30
3280,B2,1,0,2,14,0,0,0,0,0,0,0,0,0,0,1,2,3,88,16
3280,C1,13,2,2,0,0,0,0,0,0,0,0,0,0,0,1,2,5,76,5
3290,A1,4,12,0,1,0,0,0,0,0,0,0,0,0,1,0,2,0,0,0
3290,B0,0,3,12,2,0,0,0,0,0,0,1,0,0,1,0,1,4,38,6
3290,B1,2,1,1,3,0,1,0,0,0,0,0,0,0,1,0,2,21,193,30
3290,B2,1,0,1,13,0,0,0,0,0,0,0,0,0,1,0,2,3,88,16
3290,C1,13,1,1,0,0,0,0,0,0,0,0,0,0,1,0,2,5,76,5
3300,A1,1,12,0,2,0,0,0,0,0,0,0,0,0,1,0,2,0,0,0
3300,B0,0,1,13,3,0,0,0,0,0,0,0,0,0,1,0,2,4,38,6
3300,B1,2,1,2,3,0,0,0,0,0,0,0,0,0,1,0,2,21,197,32
3300,B2,1,0,2,13,0,0,0,0,0,0,0,0,0,1,0,2,3,88,16
3300,C1,13,1,2,0,0,0,0,0,0,0,0,0,0,1,0,2,5,76,5
3310,A1,2,11,0,3,0,0,0,0,0,0,0,0,0,1,0,2,0,0,0
3310,B0,0,1,14,5,0,0,0,0,0,0,0,0,0,1,0,2,4,38,6
3310,B1,4,1,2,3,0,0,0,0,0,0,0,0,0,1,0,2,21,197,32
3310,B2,1,0,2,14,0,0,0,0,0,0,0,0,0,1,0,2,3,88,16
3310,C1,12,1,2,0,0,0,0,0,0,0,0,0,0,1,0,2,5,76,5
3320,A1,2,11,0,1,0,0,0,0,0,0,0,0,0,0,1,2,0,0,0
3320,B0,0,1,14,2,0,0,0,0,0,0,0,0,0,0,1,2,4,38,6
3320,B1,2,1,2,1,0,0,0,0,0,0,0,0,0,0,1,2,21,197,32
3320,B2,1,0,2,14,0,0,0,0,0,0,0,0,0,0,1,2,3,88,16
3320,C1,13,2,2,0,0,0,0,0,0,0,0,0,0,0,1,2,5,76,5
3330,A1,4,11,0,1,0,0,0,0,0,0,0,0,0,0,1,2,0,0,0
3330,B0,0,1,13,1,0,0,0,0,0,0,0,0,0,0,1,2,4,38,6
3330,B1,2,1,1,1,0,0,0,0,0,0,0,0,0,0,1,2,21,197,32
3330,B2,2,0,1,14,0,0,0,0,0,0,0,0,0,0,1,2,3,88,16
3330,C1,13,2,1,0,0,0,0,0,0,0,0,0,0,0,1,2,5,76,5
3340,A1,2,12,0,1,0,0,0,0,0,0,0,0,0,1,0,2,0,0,0
3340,B0,0,1,13,2,0,0,0,0,0,0,0,0,0,1,0,2,4,38,6
3340,B1,1,1,2,2,0,0,0,0,0,0,0,0,0,1,0,2,21,197,32
3340,B2,2,0,1,13,0,0,0,0,0,0,0,0,0,1,0,2,3,88,16
3340,C1,13,4,1,0,0,0,0,0,0,0,0,0,0,1,0,2,5,76,5
3350,A1,3,10,0,2,0,0,0,0,0,0,0,0,0,1,0,2,0,0,0
3350,B0,0,1,14,1,0,0,0,0,0,0,0,0,0,1,0,1,4,38,6
3350,B1,1,1,2,2,0,0,0,0,0,0,0,0,0,1,0,2,21,197,32
3350,B2,1,0,4,14,0,0,0,0,0,0,0,0,0,1,0,2,3,88,16
3350,C1,13,3,2,0,0,0,0,0,0,0,0,0,0,1,0,2,5,76,5
3360,A1,1,9,0,1,0,0,0,0,0,0,0,0,1,0,1,2,0,0,0
3360,B0,0,1,14,2,0,0,0,0,0,0,0,0,0,0,1,2,4,38,6
3360,B1,1,1,1,1,0,0,0,1,1,0,0,0,0,0,1,1,23,209,32
3360,B2,1,0,1,14,0,0,0,0,0,0,0,0,0,0,1,2,3,88,16
3360,C1,13,1,3,0,0,0,0,0,0,0,0,1,0,0,1,2,5,76,5
3370,A1,3,11,0,1,0,0,0,0,0,0,0,0,0,0,1,2,0,0,0
3370,B0,0,1,13,1,0,0,0,0,0,0,0,0,0,0,1,2,4,38,6
3370,B1,1,1,1,1,0,0,0,0,0,0,0,0,0,0,1,2,23,230,36
3370,B2,3,0,1,14,0,0,0,0,0,0,0,0,0,0,1,2,3,88,16
3370,C1,13,2,2,0,0,0,0,0,0,0,0,0,0,0,1,2,5,76,5
3380,A1,4,11,0,1,0,0,0,0,0,0,0,0,0,0,1,2,0,0,0
3380,B0,0,1,12,2,0,0,0,0,0,0,0,0,0,0,1,2,4,38,6
3380,B1,1,1,1,1,0,0,0,0,0,0,0,0,0,0,1,2,23,230,36
3380,B2,3,0,1,13,0,0,0,0,0,0,0,0,0,0,1,2,3,88,16
3380,C1,14,3,1,0,0,0,0,0,0,0,0,0,0,0,1,2,5,76,5
3390,A1,2,11,0,1,0,0,0,0,0,0,0,0,0,1,0,2,0,0,0
3390,B0,0,1,13,3,0,0,0,0,0,0,0,0,0,1,0,2,4,38,6
3390,B1,2,3,2,1,0,0,0,0,0,0,0,0,0,1,0,2,24,238,37
3390,B2,1,0,2,13,0,0,0,0,0,0,0,0,0,1,0,2,3,88,16
3390,C1,14,3,1,0,0,0,0,0,0,0,0,0,0,1,0,2,5,76,5
3400,A1,1,12,0,2,0,0,0,0,0,0,0,0,0,1,0,2,0,0,0
3400,B0,0,1,14,1,0,0,0,0,0,0,0,0,0,1,0,1,4,38,6
3400,B1,1,1,2,1,0,0,0,0,0,0,0,0,0,1,0,2,24,238,37
3400,B2,1,0,4,14,0,0,0,0,0,0,0,0,0,1,0,2,3,88,16
3400,C1,14,2,2,0,0,0,0,0,0,0,0,0,0,1,0,2,5,76,5
3410,A1,2,11,0,1,0,0,0,0,0,0,0,0,0,0,1,2,0,0,0
3410,B0,0,1,14,3,0,0,0,0,0,0,0,0,0,0,1,2,4,38,6
3410,B1,1,1,2,1,0,0,0,0,0,0,0,0,0,0,1,2,24,238,37
3410,B2,1,0,4,14,0,0,0,0,0,0,0,0,0,0,1,2,3,88,16
3410,C1,13,2,1,0,0,0,0,0,0,0,0,0,0,0,1,2,6,80,6
3420,A1,2,11,0,1,0,0,0,0,0,0,0,0,0,0,1,2,0,0,0
3420,B0,0,2,13,2,0,0,0,0,0,0,0,0,0,0,1,2,4,38,6
3420,B1,1,1,1,1,0,0,0,0,0,0,0,0,0,0,1,2,24,238,37
3420,B2,1,0,1,14,0,0,0,0,0,0,0,0,0,0,1,2,3,88,16
3420,C1,13,4,1,0,0,0,0,0,0,0,0,0,0,0,1,2,6,80,6
3430,A1,2,13,0,1,0,0,0,0,0,0,0,0,0,1,0,2,0,0,0
3430,B0,0,1,12,1,0,0,0,0,0,0,0,0,0,1,0,1,4,38,6
3430,B1,1,1,1,4,0,0,0,0,0,0,0,0,0,1,0,2,24,238,37
3430,B2,2,0,1,12,0,0,0,0,0,0,0,0,0,1,0,2,3,88,16
3430,C1,14,4,1,0,0,0,0,0,0,0,0,0,0,1,0,2,6,80,6
3440,A1,1,11,0,1,0,0,0,0,0,0,0,0,0,1,0,2,0,0,0
3440,B0,0,1,13,1,0,0,0,0,0,0,0,0,0,1,0,1,4,38,6
3440,B1,1,1,1,1,0,0,0,0,0,0,0,0,0,1,0,2,24,238,37
3440,B2,1,0,2,13,0,0,0,0,0,0,0,0,0,1,0,2,3,88,16
3440,C1,14,1,3,0,0,0,0,0,0,0,0,0,0,1,0,2,6,80,6
3450,A1,1,8,0,2,0,0,0,0,0,0,0,0,0,0,1,2,0,0,0
3450,B0,0,1,14,4,0,0,0,0,0,0,0,0,0,0,1,2,4,38,6
3450,B1,2,3,1,1,0,0,0,0,0,0,0,0,0,0,1,2,24,238,37
3450,B2,1,0,3,14,0,0,0,0,0,0,0,0,0,0,1,2,3,88,16
3450,C1,13,2,3,0,0,0,0,0,0,0,0,0,0,0,1,2,6,80,6
3460,A1,1,8,0,1,0,0,0,0,0,0,0,0,0,0,1,2,0,0,0
3460,B0,0,1,14,2,0,0,0,0,0,0,0,0,0,0,1,2,4,38,6
3460,B1,2,1,1,3,0,0,0,0,0,0,0,0,0,0,1,2,24,238,37
3460,B2,1,0,2,14,0,0,0,0,0,0,0,0,0,0,1,2,3,88,16
3460,C1,13,3,1,0,0,0,0,0,0,0,0,0,0,0,1,2,6,80,6
3470,A1,3,9,0,1,0,0,0,0,0,0,0,0,0,0,1,2,0,0,0
3470,B0,0,1,12,1,0,0,0,0,0,0,0,0,0,0,1,2,4,38,6
3470,B1,2,1,2,1,0,0,0,0,0,0,0,0,0,0,1,2,24,238,37
3470,B2,3,0,1,13,0,0,0,0,0,0,0,0,0,0,1,2,3,88,16
3470,C1,14,2,1,0,0,0,0,0,0,0,0,0,0,0,1,2,6,80,6
3480,A1,1,10,0,2,0,0,0,0,0,0,0,0,0,1,0,2,0,0,0
3480,B0,0,1,12,1,0,0,0,0,0,0,0,0,0,1,0,1,4,38,6
3480,B1,2,1,1,1,0,0,0,0,0,0,0,0,0,1,0,2,24,238,37
3480,B2,1,0,1,13,0,0,0,0,0,0,0,0,0,1,0,2,3,88,16
3480,C1,14,2,2,0,0,0,0,0,0,0,0,0,0,1,0,2,6,80,6
3490,A1,3,7,0,2,0,0,0,0,0,0,0,0,0,1,0,2,0,0,0
3490,B0,0,1,14,3,0,0,0,0,0,0,0,0,0,1,0,2,4,38,6
3490,B1,3,1,2,1,0,0,0,0,0,0,0,0,0,1,0,2,24,238,37
3490,B2,1,0,2,14,0,0,0,0,0,0,0,0,0,1,0,2,3,88,16
3490,C1,14,1,4,0,0,0,0,0,0,0,0,0,0,1,0,2,6,80,6
3500,A1,1,6,0,1,0,0,0,0,0,0,0,0,0,0,1,2,0,0,0
3500,B0,0,1,14,3,0,0,0,0,0,0,0,0,0,0,1,2,4,38,6
3500,B1,2,2,1,1,0,0,0,0,0,0,0,0,0,0,1,2,24,238,37
3500,B2,3,0,1,14,0,0,0,0,0,0,0,0,0,0,1,2,3,88,16
3500,C1,13,1,4,0,0,0,0,0,0,0,0,0,0,0,1,2,6,80,6
3510,A1,1,6,0,2,0,0,0,0,0,0,0,0,0,0,1,2,0,0,0
3510,B0,0,2,14,1,0,0,0,0,0,0,0,0,0,0,1,2,4,38,6
3510,B1,3,2,2,1,0,0,0,0,0,0,0,0,0,0,1,2,24,238,37
3510,B2,4,0,2,13,0,0,0,0,0,0,0,0,0,0,1,2,3,88,16
3510,C1,13,3,3,0,0,0,0,0,0,0,0,0,0,0,1,2,6,80,6
3520,A1,2,6,0,1,0,0,0,0,0,0,0,0,0,1,0,2,0,0,0
3520,B0,0,1,12,1,0,0,0,0,0,0,0,0,0,1,0,1,4,38,6
3520,B1,3,3,3,2,0,0,2,0,0,0,0,0,0,1,0,2,25,242,37
3520,B2,3,0,1,12,0,0,0,0,0,1,0,0,0,1,0,1,3,88,16
3520,C1,13,2,2,0,0,0,0,0,0,0,0,0,0,1,0,2,6,80,6
3530,A1,1,6,0,1,0,0,0,0,0,0,0,0,0,1,0,2,0,0,0
3530,B0,0,1,13,1,0,0,0,0,0,0,0,0,0,1,0,1,4,38,6
3530,B1,2,1,3,2,0,0,0,0,0,0,0,0,0,1,0,2,25,246,39
3530,B2,1,0,1,14,0,0,0,0,0,0,0,0,0,1,0,2,3,88,16
3530,C1,14,1,2,0,0,0,0,0,0,0,0,0,0,1,0,2,6,80,6
3540,A1,1,2,0,2,0,0,0,0,0,0,0,0,0,1,0,2,0,0,0
3540,B0,0,1,14,1,0,0,0,0,0,0,0,0,0,1,0,1,4,38,6
3540,B1,1,2,3,2,0,0,0,0,0,0,0,0,0,1,0,2,25,246,39
3540,B2,1,0,2,14,0,0,0,0,0,0,0,0,0,1,0,2,3,88,16
3540,C1,13,1,2,0,0,0,0,0,0,0,0,0,0,1,0,2,6,80,6
3550,A1,1,2,0,2,0,0,0,0,0,0,0,0,0,0,1,2,0,0,0
3550,B0,0,1,14,2,0,0,0,0,0,0,0,0,0,0,1,2,4,38,6
3550,B1,1,1,1,3,0,0,0,0,0,0,0,0,0,0,1,2,25,246,39
3550,B2,2,0,1,14,0,0,0,0,12,0,0,0,0,0,1,1,4,105,16
3550,C1,13,2,1,0,0,0,0,0,0,0,0,0,0,0,1,2,6,80,6
3560,A1,2,3,0,1,0,0,0,0,0,0,0,0,0,0,1,2,0,0,0
3560,B0,0,1,14,3,0,0,0,0,0,0,0,0,0,0,1,2,4,38,6
3560,B1,1,1,2,3,0,0,0,0,0,0,0,0,0,0,1,2,25,246,39
3560,B2,3,0,1,11,0,0,0,0,0,0,0,0,0,0,1,2,4,109,28
3560,C1,13,4,2,0,0,0,0,0,0,0,0,0,0,0,1,2,6,80,6
3570,A1,1,3,0,1,0,0,0,0,0,0,0,0,0,1,0,2,0,0,0
3570,B0,0,1,13,1,0,0,0,0,0,0,0,0,0,1,0,1,4,38,6
3570,B1,2,1,3,2,0,0,0,0,0,0,0,0,0,1,0,2,25,246,39
3570,B2,2,0,1,11,0,0,0,0,0,0,0,0,0,1,0,2,4,109,28
3570,C1,14,3,2,0,0,0,0,0,0,0,0,0,0,1,0,2,6,80,6
3580,A1,1,2,0,1,0,0,0,0,0,0,0,0,0,1,0,2,0,0,0
3580,B0,0,1,14,2,0,0,0,0,0,0,0,0,0,1,0,2,4,38,6
3580,B1,1,1,3,2,0,0,0,0,0,0,0,0,0,1,0,2,25,246,39
3580,B2,1,0,1,14,0,0,0,0,0,0,0,0,0,1,0,2,4,109,28
3580,C1,13,3,4,0,0,0,0,0,0,0,0,0,0,1,0,2,6,80,6
3590,A1,1,1,0,1,0,0,0,0,0,0,0,0,0,0,1,2,0,0,0
3590,B0,0,1,14,2,0,0,0,0,0,0,0,0,0,0,1,2,4,38,6
3590,B1,1,2,4,1,0,0,0,0,0,0,0,0,0,0,1,2,25,246,39
3590,B2,1,0,2,14,0,0,0,0,0,0,0,0,0,0,1,2,4,109,28
3590,C1,13,1,3,0,0,0,0,0,0,0,0,0,0,0,1,2,6,80,6
3600,A1,2,1,0,1,0,0,0,0,0,0,0,0,0,0,1,2,0,0,0
3600,B0,0,2,14,1,0,0,0,0,0,0,0,0,0,0,1,2,4,38,6
3600,B1,1,2,5,1,0,0,0,0,0,0,0,0,0,0,1,2,25,246,39
3600,B2,1,0,1,12,0,0,0,0,0,0,0,0,0,0,1,2,4,109,28
3600,C1,13,3,1,0,0,0,0,0,0,0,0,0,0,0,1,2,6,80,6
3610,A1,1,2,0,1,0,0,0,0,0,0,0,0,0,0,1,2,0,0,0
3610,B0,0,2,13,2,0,0,0,0,0,0,0,0,0,0,1,2,4,38,6
3610,B1,1,2,2,4,0,0,0,0,0,0,0,0,0,0,1,2,25,246,39
3610,B2,1,0,3,9,0,0,0,0,0,0,0,0,0,0,1,2,4,109,28
3610,C1,14,5,1,0,0,0,0,0,0,0,0,0,0,0,1,2,6,80,6
3620,A1,1,1,0,1,0,0,0,0,0,0,0,0,0,1,0,2,0,0,0
3620,B0,0,3,13,1,0,0,0,0,0,0,0,0,0,1,0,2,4,38,6
3620,B1,1,1,2,4,0,0,0,0,0,0,0,0,0,1,0,2,26,258,40
3620,B2,2,0,1,12,0,0,0,0,0,0,0,0,0,1,0,2,4,109,28
3620,C1,14,1,1,0,0,0,0,0,0,0,0,0,0,1,0,2,6,80,6
3630,A1,1,1,0,1,0,0,0,0,0,0,0,0,0,1,0,2,0,0,0
3630,B0,0,1,14,6,0,0,0,0,0,0,0,0,0,1,0,2,4,38,6
3630,B1,1,2,2,4,0,0,0,0,0,0,0,0,0,1,0,2,26,258,40
3630,B2,2,0,1,14,0,0,0,0,0,0,0,0,0,1,0,2,4,109,28
3630,C1,13,1,1,0,0,0,0,0,0,0,0,0,0,1,0,2,6,80,6
3640,A1,1,2,0,2,0,0,0,0,0,0,0,0,0,0,1,2,0,0,0
3640,B0,0,2,14,3,0,0,0,0,0,0,0,0,0,0,1,2,4,38,6
3640,B1,1,2,1,3,0,0,0,0,0,0,0,0,0,0,1,2,26,258,40
3640,B2,2,0,2,14,0,0,0,0,0,0,0,0,0,0,1,2,4,109,28
3640,C1,13,1,2,0,0,0,0,0,0,0,0,0,0,0,1,2,6,80,6
3650,A1,2,3,0,1,0,0,0,0,0,0,0,0,0,0,1,2,0,0,0
3650,B0,0,3,14,1,0,0,0,0,0,0,0,0,0,0,1,2,4,38,6
3650,B1,1,2,1,1,0,0,0,0,0,0,0,0,0,0,1,2,26,258,40
3650,B2,2,0,2,10,0,0,0,0,0,0,0,0,0,0,1,2,4,109,28
3650,C1,14,3,1,0,0,0,0,0,0,0,0,0,0,0,1,2,6,80,6
3660,A1,1,3,0,1,0,0,0,0,0,0,0,0,0,1,0,2,0,0,0
3660,B0,0,3,13,2,0,0,0,0,0,0,0,0,0,1,0,2,4,38,6
3660,B1,1,2,1,2,0,0,0,0,0,0,0,0,0,1,0,2,26,258,40
3660,B2,2,0,1,10,0,0,0,0,0,0,0,0,0,1,0,2,4,109,28
3660,C1,14,3,2,0,0,0,0,0,0,0,0,0,0,1,0,2,6,80,6
3670,A1,1,2,0,2,0,0,0,0,0,0,0,0,0,1,0,2,0,0,0
3670,B0,0,2,13,2,0,0,0,0,0,0,0,0,0,1,0,2,4,38,6
3670,B1,2,3,1,2,0,0,0,0,0,0,0,0,0,1,0,2,26,258,40
3670,B2,2,0,1,13,0,0,0,0,0,0,0,0,0,1,0,2,4,109,28
3670,C1,13,1,2,0,0,0,0,0,0,0,0,0,0,1,0,2,6,80,6
3680,A1,2,1,0,2,0,0,0,0,1,0,0,0,0,0,1,2,1,1,0
3680,B0,0,3,14,4,0,0,0,0,0,0,0,0,0,0,1,2,4,38,6
3680,B1,1,2,1,2,0,0,0,0,0,0,0,1,0,0,1,2,26,258,40
3680,B2,2,0,2,13,0,0,0,0,0,0,0,0,0,0,1,2,4,109,28
3680,C1,10,1,2,0,0,0,0,0,0,0,0,0,0,0,1,2,6,80,6
3690,A1,2,1,0,3,0,0,0,0,0,0,0,0,0,0,1,2,1,6,1
3690,B0,0,4,14,2,0,0,0,0,0,0,0,0,0,0,1,2,4,38,6
3690,B1,2,3,2,1,0,0,0,0,0,0,0,0,0,0,1,2,26,258,40
3690,B2,2,0,1,13,0,0,0,0,0,0,0,0,0,0,1,2,4,109,28
3690,C1,12,1,1,0,0,0,0,0,0,0,0,0,0,0,1,2,6,80,6
3700,A1,4,2,0,3,0,0,0,0,0,0,0,0,0,0,1,2,1,6,1
3700,B0,0,4,14,2,0,0,0,0,0,0,0,0,0,0,1,2,4,38,6
3700,B1,2,3,2,3,0,0,0,0,0,0,0,0,0,0,1,2,26,258,40
3700,B2,3,0,1,13,0,0,0,0,0,0,0,0,0,0,1,2,4,109,28
3700,C1,14,1,1,0,0,0,0,0,0,0,0,0,0,0,1,2,6,80,6
3710,A1,3,1,0,5,0,0,0,0,0,0,0,0,0,1,0,2,1,6,1
3710,B0,0,2,13,2,0,0,0,0,0,0,0,0,0,1,0,2,4,38,6
3710,B1,1,1,2,3,0,0,0,0,0,0,0,0,0,1,0,2,27,260,41
3710,B2,2,0,1,12,0,0,0,0,0,0,0,0,0,1,0,2,4,109,28
3710,C1,13,1,1,0,0,0,0,0,0,0,0,0,0,1,0,2,6,80,6
3720,A1,2,1,0,6,0,0,0,0,0,0,0,0,0,1,0,2,1,6,1
3720,B0,0,1,14,2,0,0,0,0,0,0,0,0,0,1,0,2,4,38,6
3720,B1,1,1,2,3,0,0,0,0,0,0,0,0,0,1,0,2,27,260,41
3720,B2,1,0,2,14,0,0,0,0,0,0,0,0,0,1,0,2,4,109,28
3720,C1,10,1,2,0,0,0,0,0,0,0,0,0,0,1,0,2,6,80,6
3730,A1,1,1,0,6,0,0,0,0,0,0,0,0,0,0,1,2,1,6,1
3730,B0,0,1,14,4,0,0,0,0,0,0,0,0,0,0,1,2,4,38,6
3730,B1,2,1,3,2,0,0,0,0,0,0,0,0,0,0,1,2,27,260,41
3730,B2,1,0,2,14,0,0,0,0,0,0,0,0,0,0,1,2,4,109,28
3730,C1,11,1,1,0,0,0,0,0,0,0,0,0,0,0,1,2,6,80,6
3740,A1,2,2,0,3,0,0,0,0,0,0,0,0,0,0,1,2,1,6,1
3740,B0,0,1,14,2,0,0,0,0,0,0,0,0,0,0,1,2,4,38,6
3740,B1,1,1,4,1,0,0,0,0,0,0,0,0,0,0,1,2,27,260,41
3740,B2,1,0,1,14,0,0,0,0,0,0,0,0,0,0,1,2,4,109,28
3740,C1,13,1,1,0,0,0,0,0,0,0,0,0,0,0,1,2,6,80,6
3750,A1,4,1,0,1,0,0,0,0,0,0,0,0,0,1,0,2,1,6,1
3750,B0,0,1,13,1,0,0,0,0,0,0,0,0,0,1,0,1,4,38,6
3750,B1,1,1,4,1,0,0,0,0,0,0,0,0,0,1,0,2,27,260,41
3750,B2,1,0,1,12,0,0,0,0,0,0,0,0,0,1,0,2,4,109,28
3750,C1,14,1,1,0,0,0,0,0,0,0,0,0,0,1,0,2,6,80,6
3760,A1,1,1,0,6,0,0,0,0,0,0,0,0,0,1,0,2,1,6,1
3760,B0,0,1,13,1,0,0,0,0,0,0,0,0,0,1,0,1,4,38,6
3760,B1,1,1,4,2,0,0,0,0,0,0,0,0,0,1,0,2,27,260,41
3760,B2,1,0,1,13,0,0,0,0,0,0,0,0,0,1,0,2,4,109,28
3760,C1,14,2,1,0,0,0,0,0,0,0,0,0,0,1,0,2,6,80,6
3770,A1,1,1,0,6,0,0,0,0,0,0,0,0,0,1,0,2,1,6,1
3770,B0,0,1,14,1,0,0,0,0,0,0,0,0,0,1,0,1,4,38,6
3770,B1,1,2,4,2,0,0,0,0,0,0,0,0,0,1,0,2,27,260,41
3770,B2,1,0,1,14,0,0,0,0,0,0,0,0,0,1,0,2,4,109,28
3770,C1,13,1,1,0,0,0,0,0,0,0,0,0,0,1,0,2,6,80,6
3780,A1,2,1,0,3,0,0,0,0,0,0,0,0,0,0,1,2,2,8,2
3780,B0,0,1,13,1,0,0,0,0,0,0,0,0,0,0,1,2,4,38,6
3780,B1,2,2,5,1,0,0,0,0,0,0,0,0,0,0,1,2,27,260,41
3780,B2,2,0,1,14,0,0,0,0,0,0,0,0,0,0,1,2,4,109,28
3780,C1,13,1,1,0,0,0,0,0,0,0,0,0,0,0,1,2,6,80,6
3790,A1,2,4,0,1,0,0,0,0,0,0,0,0,0,0,1,2,2,8,2
3790,B0,0,1,13,1,0,0,0,0,0,0,0,0,0,0,1,2,4,38,6
3790,B1,2,2,4,3,0,0,0,0,0,0,0,0,0,0,1,2,27,260,41
3790,B2,2,0,1,14,0,0,0,0,0,0,0,0,0,0,1,2,4,109,28
3790,C1,13,2,1,0,0,0,0,0,0,0,0,0,0,0,1,2,6,80,6
3800,A1,1,4,0,2,0,0,0,0,0,0,0,0,0,1,0,2,2,8,2
3800,B0,0,1,13,1,0,0,0,0,0,0,0,0,0,1,0,1,4,38,6
3800,B1,1,3,3,2,0,0,0,0,0,0,0,0,0,1,0,2,27,260,41
3800,B2,1,0,2,13,0,0,0,0,0,0,0,0,0,1,0,2,4,109,28
3800,C1,13,1,1,0,0,0,0,0,0,0,0,0,0,1,0,2,6,80,6
3810,A1,1,2,0,2,0,0,0,0,0,0,0,0,0,1,0,2,2,8,2
3810,B0,0,1,14,1,0,0,0,0,0,0,0,0,0,1,0,1,4,38,6
3810,B1,1,2,3,2,0,0,0,0,0,0,0,0,0,1,0,2,27,260,41
3810,B2,1,0,2,14,0,0,0,0,0,0,0,0,0,1,0,2,4,109,28
3810,C1,14,1,1,0,0,0,0,0,0,0,0,0,0,1,0,2,6,80,6
3820,A1,1,1,0,1,0,0,0,0,0,0,0,0,0,0,1,2,2,8,2
3820,B0,0,1,14,2,0,0,0,0,0,0,0,0,0,0,1,2,4,38,6
3820,B1,1,1,4,1,0,0,0,0,0,0,0,0,0,0,1,2,27,260,41
3820,B2,1,0,3,14,0,0,0,0,0,0,0,0,0,0,1,2,4,109,28
3820,C1,13,1,1,0,0,0,0,0,0,0,0,0,0,0,1,2,6,80,6
3830,A1,1,1,0,2,0,0,0,0,0,0,0,0,0,0,1,2,2,8,2
3830,B0,0,1,14,1,0,0,0,0,0,0,0,0,0,0,1,2,4,38,6
3830,B1,1,1,4,1,0,0,0,0,0,0,0,0,0,0,1,2,27,260,41
3830,B2,2,0,2,14,0,0,0,0,0,0,0,0,0,0,1,2,4,109,28
3830,C1,13,1,1,0,0,0,0,0,0,0,0,0,0,0,1,2,6,80,6
3840,A1,3,4,0,1,0,0,0,0,0,0,0,0,0,0,1,2,2,8,2
3840,B0,0,1,11,1,0,0,0,0,0,0,0,0,0,0,1,2,4,38,6
3840,B1,1,1,2,1,0,0,0,0,0,0,0,0,0,0,1,2,27,260,41
3840,B2,3,0,1,12,0,0,0,0,0,0,0,0,0,0,1,2,4,109,28
3840,C1,13,3,1,0,0,0,0,0,0,0,0,0,0,0,1,2,6,80,6
3850,A1,1,1,0,2,0,0,0,0,0,0,0,0,0,1,0,2,2,8,2
3850,B0,0,1,12,1,0,0,0,0,0,0,0,0,0,1,0,1,4,38,6
3850,B1,2,1,2,1,0,0,0,0,0,0,0,0,0,1,0,2,28,268,42
3850,B2,1,0,2,13,0,0,0,0,0,0,0,0,0,1,0,2,4,109,28
3850,C1,14,1,2,0,0,0,0,0,0,0,0,0,0,1,0,2,6,80,6
3860,A1,1,1,0,2,0,0,0,0,0,0,0,0,0,1,0,2,2,8,2
3860,B0,0,1,14,3,0,0,0,0,0,0,0,0,0,1,0,2,4,38,6
3860,B1,2,2,2,1,0,0,0,0,0,0,0,0,0,1,0,2,28,268,42
3860,B2,2,0,1,14,0,0,0,0,0,0,0,0,0,1,0,2,4,109,28
3860,C1,13,2,3,0,0,0,0,0,0,0,0,0,0,1,0,2,6,80,6
3870,A1,1,2,0,1,0,0,0,0,0,0,0,0,0,0,1,2,2,8,2
3870,B0,0,1,14,5,0,0,0,0,0,0,0,0,0,0,1,2,4,38,6
3870,B1,1,2,1,2,0,0,0,0,0,0,0,0,0,0,1,2,28,268,42
3870,B2,2,0,1,14,0,0,0,0,0,0,0,0,0,0,1,2,4,109,28
3870,C1,12,1,1,0,0,0,0,0,0,0,0,0,0,0,1,2,6,80,6
3880,A1,2,4,0,1,0,0,0,0,0,0,0,0,0,0,1,2,2,8,2
3880,B0,0,1,13,1,0,0,0,0,0,0,0,0,0,0,1,2,4,38,6
3880,B1,1,2,1,1,0,0,0,0,0,0,0,0,0,0,1,2,28,268,42
3880,B2,3,0,1,12,0,0,0,0,0,0,0,0,0,0,1,2,4,109,28
3880,C1,12,2,1,0,0,0,0,0,0,0,0,0,0,0,1,2,6,80,6
3890,A1,1,4,0,1,0,0,0,0,0,0,0,0,0,1,0,2,2,8,2
3890,B0,0,1,13,1,0,0,0,0,0,0,0,0,0,1,0,1,4,38,6
3890,B1,1,1,1,2,0,0,0,0,0,0,0,0,0,1,0,2,28,268,42
3890,B2,2,0,1,11,0,0,0,0,0,0,0,0,0,1,0,2,4,109,28
3890,C1,13,4,1,0,0,0,0,0,0,0,0,0,0,1,0,2,6,80,6
3900,A1,1,1,0,1,0,0,0,0,0,0,0,0,0,1,0,2,2,8,2
3900,B0,0,1,14,1,0,0,0,0,0,0,0,0,0,1,0,1,4,38,6
3900,B1,1,1,1,2,0,0,0,0,0,0,0,0,0,1,0,2,28,268,42
3900,B2,3,0,2,11,0,0,0,0,0,0,0,0,0,1,0,2,4,109,28
3900,C1,14,2,1,0,0,0,0,0,0,0,0,0,0,1,0,2,6,80,6
3910,A1,1,1,0,1,0,0,0,0,0,0,0,0,0,0,1,2,2,8,2
3910,B0,0,1,14,1,0,0,0,0,0,0,0,0,0,0,1,2,4,38,6
3910,B1,1,1,1,2,0,0,0,0,0,0,0,0,0,0,1,2,28,268,42
3910,B2,2,0,5,11,0,0,0,0,0,0,0,0,0,0,1,2,4,109,28
3910,C1,13,2,1,0,0,0,0,0,0,0,0,0,0,0,1,2,6,80,6
3920,A1,1,1,0,1,0,0,0,0,0,0,0,0,0,0,1,2,2,8,2
3920,B0,0,2,13,1,0,0,0,0,0,0,0,0,0,0,1,2,4,38,6
3920,B1,2,1,1,2,0,0,0,0,0,0,0,0,0,0,1,2,28,268,42
3920,B2,2,0,3,12,0,0,0,0,0,0,0,0,0,0,1,2,4,109,28
3920,C1,13,3,2,0,0,0,0,0,0,0,0,0,0,0,1,2,6,80,6
3930,A1,2,1,0,1,0,0,0,0,0,0,0,0,0,0,1,2,2,8,2
3930,B0,0,2,12,1,0,0,0,0,0,0,0,0,0,0,1,2,4,38,6
3930,B1,2,1,1,1,0,0,0,0,0,0,0,0,0,0,1,2,28,268,42
3930,B2,2,0,2,12,0,0,0,0,0,0,0,0,0,0,1,2,4,109,28
3930,C1,13,3,2,0,0,0,0,0,0,0,0,0,0,0,1,2,6,80,6
3940,A1,1,1,0,2,0,0,0,0,0,0,0,0,0,1,0,2,2,8,2
3940,B0,0,1,13,2,0,0,0,0,0,0,0,0,0,1,0,2,4,38,6
3940,B1,1,2,1,1,0,0,0,0,0,0,0,0,0,1,0,2,29,272,43
3940,B2,1,0,2,13,0,0,0,0,0,0,0,0,0,1,0,2,4,109,28
3940,C1,14,1,2,0,0,0,0,0,0,0,0,0,0,1,0,2,6,80,6
3950,A1,2,1,0,1,0,0,0,0,0,0,0,0,0,1,0,2,2,8,2
3950,B0,0,1,14,2,0,0,0,0,0,0,0,0,0,1,0,2,4,38,6
3950,B1,1,1,1,1,0,0,0,0,0,0,0,0,0,1,0,2,29,272,43
3950,B2,1,0,4,14,0,0,0,0,0,0,0,0,0,1,0,2,4,109,28
3950,C1,14,3,2,0,0,0,0,0,0,0,0,0,0,1,0,2,6,80,6
3960,A1,1,3,0,1,0,0,0,0,0,0,0,0,0,0,1,2,2,8,2
3960,B0,0,1,14,3,0,0,0,0,0,0,0,0,0,0,1,2,4,38,6
3960,B1,2,2,1,1,0,0,0,0,0,0,0,0,0,0,1,2,30,279,44
3960,B2,1,0,2,14,0,0,0,0,12,0,0,0,0,0,1,1,5,118,28
3960,C1,13,1,2,0,0,0,0,0,0,0,0,0,0,0,1,2,6,80,6
3970,A1,1,2,0,1,0,0,0,0,0,0,0,0,0,0,1,2,2,8,2
3970,B0,0,1,13,2,0,0,0,0,0,0,0,0,0,0,1,2,4,38,6
3970,B1,1,2,1,1,0,0,0,0,0,0,0,0,0,0,1,2,30,279,44
3970,B2,2,0,2,13,0,0,0,0,11,0,0,0,0,0,1,1,5,138,28
3970,C1,14,2,1,0,0,0,0,0,0,0,0,0,0,0,1,2,6,80,6
3980,A1,1,2,0,1,0,0,0,0,0,0,0,0,0,1,0,2,2,8,2
3980,B0,0,1,11,1,0,0,0,0,0,0,0,0,0,1,0,2,4,38,6
3980,B1,1,2,1,2,0,0,2,0,0,0,0,0,0,1,0,2,31,283,44
3980,B2,2,0,1,11,0,0,0,0,0,1,0,0,0,1,0,1,5,148,40
3980,C1,14,4,1,0,0,0,0,0,0,0,0,0,0,1,0,2,6,80,6
3990,A1,1,1,0,1,0,0,0,0,0,0,0,0,0,1,0,2,2,8,2
3990,B0,0,1,12,1,0,0,0,0,0,0,0,0,0,1,0,1,4,38,6
3990,B1,1,1,1,2,0,0,1,0,0,0,0,0,0,1,0,2,31,303,44
3990,B2,1,0,1,12,0,0,0,0,0,1,0,0,0,1,0,1,5,148,40
3990,C1,14,1,1,0,0,0,0,0,0,0,0,0,0,1,0,2,6,80,6
4000,A1,2,1,0,1,0,0,0,0,0,0,0,0,0,1,0,2,2,8,2
4000,B0,0,1,14,2,0,0,0,0,0,0,0,0,0,1,0,2,4,38,6
4000,B1,4,1,1,2,0,0,0,0,0,0,0,0,0,1,0,2,31,305,46
4000,B2,1,0,3,13,0,0,0,0,0,0,0,0,0,1,0,2,5,148,40
4000,C1,12,3,1,0,0,0,0,0,0,0,0,0,0,1,0,2,6,80,6
4010,A1,1,1,0,1,0,0,0,0,0,0,0,0,0,0,1,2,2,8,2
4010,B0,0,1,14,3,0,0,0,0,0,0,0,0,0,0,1,2,4,38,6
4010,B1,2,2,2,1,0,0,0,0,0,0,0,0,0,0,1,2,32,307,47
4010,B2,3,0,2,14,0,0,0,0,0,0,0,0,0,0,1,2,5,148,40
4010,C1,12,2,1,0,0,0,0,0,0,0,0,0,0,0,1,2,6,80,6
4020,A1,3,1,0,1,0,0,0,0,0,0,0,0,0,0,1,2,2,8,2
4020,B0,0,1,10,1,0,0,0,0,0,0,0,0,0,0,1,2,4,38,6
4020,B1,2,2,1,2,0,0,0,0,0,0,0,0,0,0,1,2,32,307,47
4020,B2,4,0,1,13,0,0,0,0,0,0,0,0,0,0,1,2,5,148,40
4020,C1,13,4,1,0,0,0,0,0,0,0,0,0,0,0,1,2,6,80,6
4030,A1,3,1,0,1,0,0,0,0,0,0,0,0,0,1,0,2,2,8,2
4030,B0,0,1,10,1,0,0,0,0,0,0,0,0,0,1,0,2,5,44,7
4030,B1,2,2,1,2,0,0,0,0,0,0,0,0,0,1,0,2,32,307,47
4030,B2,2,0,1,13,0,0,0,0,0,0,0,0,0,1,0,2,5,148,40
4030,C1,14,5,1,0,0,0,0,0,0,0,0,0,0,1,0,2,6,80,6
4040,A1,1,1,0,1,0,0,0,0,0,0,0,0,0,1,0,2,2,8,2
4040,B0,0,1,13,2,0,0,0,0,0,0,0,0,0,1,0,2,5,44,7
4040,B1,3,1,1,2,0,0,0,0,0,0,0,0,0,1,0,2,32,307,47
4040,B2,1,0,2,14,0,0,0,0,0,0,0,0,0,1,0,2,5,148,40
4040,C1,14,2,2,0,0,0,0,0,0,0,0,0,0,1,0,2,6,80,6
4050,A1,1,1,0,1,0,0,0,0,0,0,0,0,0,0,1,2,2,8,2
4050,B0,0,1,14,3,0,0,0,0,0,0,0,0,0,0,1,2,5,44,7
4050,B1,3,1,1,1,0,0,0,0,0,0,0,0,0,0,1,2,32,307,47
4050,B2,1,0,1,14,0,0,0,0,0,0,0,0,0,0,1,2,5,148,40
4050,C1,13,1,1,0,0,0,0,0,0,0,0,0,0,0,1,2,6,80,6
4060,A1,2,2,0,1,0,0,0,0,0,0,0,0,0,0,1,2,2,8,2
4060,B0,0,2,14,1,0,0,0,0,0,0,0,0,0,0,1,2,5,44,7
4060,B1,3,1,2,1,0,0,0,0,0,0,0,0,0,0,1,2,32,307,47
4060,B2,3,0,1,14,0,0,0,0,0,0,0,0,0,0,1,2,5,148,40
4060,C1,13,1,1,0,0,0,0,0,0,0,0,0,0,0,1,2,6,80,6
4070,A1,2,3,0,1,0,0,0,0,0,0,0,0,0,0,1,2,2,8,2
4070,B0,0,3,12,1,0,0,0,0,0,0,0,0,0,0,1,2,5,44,7
4070,B1,3,1,1,2,0,0,0,0,0,0,0,0,0,0,1,2,32,307,47
4070,B2,3,0,1,11,0,0,0,0,0,0,0,0,0,0,1,2,5,148,40
4070,C1,14,3,1,0,0,0,0,0,0,0,0,0,0,0,1,2,6,80,6
4080,A1,1,3,0,2,0,0,0,0,0,0,0,0,0,1,0,2,2,8,2
4080,B0,0,1,13,1,0,0,0,0,0,0,0,0,0,1,0,1,5,44,7
4080,B1,1,1,1,2,0,0,0,0,0,0,0,0,0,1,0,2,32,307,47
4080,B2,2,0,1,12,0,0,0,0,0,0,0,0,0,1,0,2,5,148,40
4080,C1,14,1,1,0,0,0,0,0,0,0,0,0,0,1,0,2,6,80,6
4090,A1,1,1,0,2,0,0,0,0,0,0,0,0,0,1,0,2,2,8,2
4090,B0,0,1,13,1,0,0,0,0,0,0,0,0,0,1,0,1,5,44,7
4090,B1,1,2,1,2,0,0,0,0,0,0,0,0,0,1,0,2,32,307,47
4090,B2,1,0,2,14,0,0,0,0,0,0,0,0,0,1,0,2,5,148,40
4090,C1,14,1,1,0,0,0,0,0,0,0,0,0,0,1,0,2,6,80,6
4100,A1,1,1,0,1,0,0,0,0,0,0,0,0,0,0,1,2,2,8,2
4100,B0,0,1,11,2,0,0,0,0,0,0,0,0,0,0,1,2,5,44,7
4100,B1,1,1,1,2,0,0,0,0,0,0,0,0,0,0,1,2,32,307,47
4100,B2,2,0,1,14,0,0,0,0,0,0,0,0,0,0,1,2,5,148,40
4100,C1,13,1,1,0,0,0,0,0,0,0,0,0,0,0,1,2,6,80,6
4110,A1,2,3,0,1,0,0,0,0,0,0,0,0,0,0,1,2,2,8,2
4110,B0,0,1,11,2,0,0,0,0,0,0,0,0,0,0,1,2,5,44,7
4110,B1,1,1,2,1,0,0,0,0,0,0,0,0,0,0,1,2,32,307,47
4110,B2,3,0,1,13,0,0,0,0,0,0,0,0,0,0,1,2,5,148,40
4110,C1,13,2,1,0,0,0,0,0,0,0,0,0,0,0,1,2,6,80,6
4120,A1,3,4,0,1,0,0,0,0,0,0,0,0,0,1,0,2,2,8,2
4120,B0,0,2,10,2,0,0,0,0,0,0,0,0,0,1,0,2,5,44,7
4120,B1,1,2,2,1,0,0,0,0,0,0,0,0,0,1,0,2,32,307,47
4120,B2,2,0,1,13,0,0,0,0,0,0,0,0,0,1,0,2,5,148,40
4120,C1,13,2,2,0,0,0,0,0,0,0,0,0,0,1,0,2,6,80,6
4130,A1,1,3,0,2,0,0,0,0,0,0,0,0,0,1,0,2,2,8,2
4130,B0,0,1,10,3,0,0,0,0,0,0,0,0,0,1,0,2,5,44,7
4130,B1,1,1,2,1,0,0,0,0,0,0,0,0,0,1,0,2,32,307,47
4130,B2,1,0,1,14,0,0,0,0,0,0,0,0,0,1,0,2,5,148,40
4130,C1,13,3,1,0,0,0,0,0,0,0,0,0,0,1,0,2,6,80,6
4140,A1,1,2,0,2,0,0,0,0,0,0,0,0,0,0,1,2,2,8,2
4140,B0,0,1,10,5,0,0,0,0,0,0,0,0,0,0,1,2,5,44,7
4140,B1,2,1,2,1,0,0,0,0,0,0,0,0,0,0,1,2,32,307,47
4140,B2,1,0,2,14,0,0,0,0,0,0,0,0,0,0,1,2,5,148,40
4140,C1,13,1,1,0,0,0,0,0,0,0,0,0,0,0,1,2,6,80,6
4150,A1,2,2,0,1,0,0,0,0,0,0,0,0,0,0,1,2,2,8,2
4150,B0,0,1,10,2,0,0,0,0,0,0,0,0,0,0,1,2,5,44,7
4150,B1,2,1,1,1,0,0,0,0,0,0,0,0,0,0,1,2,32,307,47
4150,B2,1,0,1,14,0,0,0,0,0,0,0,0,0,0,1,2,5,148,40
4150,C1,13,1,1,0,0,0,0,0,0,0,0,0,0,0,1,2,6,80,6
4160,A1,2,2,0,1,0,0,0,0,0,0,0,0,0,0,1,2,2,8,2
4160,B0,0,2,9,1,0,0,0,0,0,0,0,0,0,0,1,2,5,44,7
4160,B1,2,1,1,3,0,0,0,0,0,0,0,0,0,0,1,2,32,307,47
4160,B2,1,0,1,12,0,0,0,0,0,0,0,0,0,0,1,2,5,148,40
4160,C1,13,3,2,0,0,0,0,0,0,0,0,0,0,0,1,2,6,80,6
4170,A1,2,2,0,1,0,0,0,0,0,0,0,0,0,1,0,2,2,8,2
4170,B0,0,1,9,1,0,0,0,0,0,0,0,0,0,1,0,2,5,44,7
4170,B1,1,1,1,3,0,0,0,0,0,0,0,0,0,1,0,2,32,307,47
4170,B2,1,0,2,12,0,0,0,0,0,0,0,0,0,1,0,2,5,148,40
4170,C1,13,1,4,0,0,0,0,0,0,0,0,0,0,1,0,2,6,80,6
4180,A1,1,3,0,1,0,0,0,0,0,0,0,0,0,1,0,2,2,8,2
4180,B0,0,1,11,1,0,0,0,0,0,0,0,0,0,1,0,2,5,44,7
4180,B1,1,1,1,3,0,0,0,0,0,0,0,0,0,1,0,2,32,307,47
4180,B2,1,0,1,14,0,0,0,0,0,0,0,0,0,1,0,2,5,148,40
4180,C1,13,2,5,0,0,0,0,0,0,0,0,0,0,1,0,2,6,80,6
4190,A1,1,2,0,1,0,0,0,0,0,0,0,0,0,0,1,2,2,8,2
4190,B0,0,1,10,1,0,0,0,0,0,0,0,0,0,0,1,2,5,44,7
4190,B1,2,2,1,1,0,0,0,0,0,0,0,0,0,0,1,2,32,307,47
4190,B2,1,0,2,14,0,0,0,0,0,0,0,0,0,0,1,2,5,148,40
4190,C1,13,1,4,0,0,0,0,0,0,0,0,0,0,0,1,2,6,80,6
4200,A1,1,2,0,1,0,0,0,0,0,0,0,0,0,0,1,2,2,8,2
4200,B0,0,2,10,3,0,0,0,0,0,0,0,0,0,0,1,2,5,44,7
4200,B1,2,2,1,1,0,0,0,0,0,0,0,0,0,0,1,2,32,307,47
4200,B2,1,0,1,14,0,0,0,0,0,0,0,0,0,0,1,2,5,148,40
4200,C1,13,1,2,0,0,0,0,0,0,0,0,0,0,0,1,2,6,80,6
4210,A1,2,2,0,1,0,0,0,0,0,0,0,0,0,1,0,2,2,8,2
4210,B0,0,2,9,1,0,0,0,0,0,0,0,0,0,1,0,2,5,44,7
4210,B1,1,2,1,1,0,0,2,0,0,0,0,0,0,1,0,2,33,311,47
4210,B2,1,0,1,13,0,0,0,0,0,1,0,0,0,1,0,1,5,148,40
4210,C1,14,3,1,0,0,0,0,0,0,0,0,0,0,1,0,2,6,80,6
4220,A1,1,2,0,2,0,0,0,0,0,0,0,0,0,1,0,2,2,8,2
4220,B0,0,1,9,1,0,0,0,0,0,0,0,0,0,1,0,2,5,44,7
4220,B1,1,1,1,1,0,0,0,0,0,0,0,0,0,1,0,2,33,315,49
4220,B2,1,0,1,13,0,0,0,0,0,0,0,0,0,1,0,2,5,148,40
4220,C1,13,2,1,0,0,0,0,0,0,0,0,0,0,1,0,2,6,80,6
4230,A1,1,1,0,2,0,0,0,0,0,0,0,0,0,1,0,2,2,8,2
4230,B0,0,1,10,4,0,0,0,0,0,0,0,0,0,1,0,2,5,44,7
4230,B1,1,1,1,1,0,0,0,0,0,0,0,0,0,1,0,2,33,315,49
4230,B2,1,0,1,14,0,0,0,0,0,0,0,0,0,1,0,2,5,148,40
4230,C1,10,1,1,0,0,0,0,0,0,0,0,0,0,1,0,2,6,80,6
4240,A1,1,2,0,1,0,0,0,0,0,0,0,0,0,0,1,2,2,8,2
4240,B0,0,1,11,3,0,0,0,0,0,0,0,0,0,0,1,2,5,44,7
4240,B1,1,1,1,1,0,0,0,0,0,0,0,0,0,0,1,2,35,333,51
4240,B2,2,0,2,14,0,0,0,0,0,0,0,0,0,0,1,2,5,148,40
4240,C1,12,1,1,0,0,0,0,0,0,0,0,0,0,0,1,2,6,80,6
4250,A1,1,2,0,1,0,0,0,0,0,0,0,0,0,0,1,2,2,8,2
4250,B0,0,1,11,2,0,0,0,0,0,0,0,0,0,0,1,2,5,44,7
4250,B1,1,1,1,1,0,0,0,0,0,0,0,0,0,0,1,2,35,333,51
4250,B2,2,0,1,13,0,0,0,0,0,0,0,0,0,0,1,2,5,148,40
4250,C1,14,1,1,0,0,0,0,0,0,0,0,0,0,0,1,2,6,80,6
4260,A1,1,3,0,1,0,0,0,0,0,0,0,0,0,1,0,2,2,8,2
4260,B0,0,1,10,2,0,0,0,0,0,0,0,0,0,1,0,2,5,44,7
4260,B1,1,2,1,4,0,0,0,0,0,0,0,0,0,1,0,2,35,333,51
4260,B2,1,0,1,12,0,0,0,0,0,0,0,0,0,1,0,2,5,148,40
4260,C1,14,1,1,0,0,0,0,0,0,0,0,0,0,1,0,2,6,80,6
4270,A1,1,2,0,1,0,0,0,0,0,0,0,0,0,1,0,2,2,8,2
4270,B0,0,1,10,3,0,0,0,0,0,0,0,0,0,1,0,2,5,44,7
4270,B1,1,2,1,3,0,0,0,0,0,0,0,0,0,1,0,2,35,333,51
4270,B2,1,0,1,13,0,0,0,0,0,0,0,0,0,1,0,2,5,148,40
4270,C1,12,1,1,0,0,0,0,0,0,0,0,0,0,1,0,2,6,80,6
4280,A1,1,1,0,1,0,0,0,0,0,0,0,0,1,0,1,2,2,8,2
4280,B0,0,1,11,4,0,0,0,0,0,0,0,0,0,0,1,2,5,44,7
4280,B1,1,2,1,2,0,0,0,1,0,0,0,0,1,0,1,2,36,339,51
4280,B2,1,0,1,14,0,0,0,0,0,0,0,0,0,0,1,2,5,148,40
4280,C1,10,1,1,0,0,0,0,1,0,0,0,0,0,0,1,2,7,86,6
4290,A1,2,1,0,1,0,0,0,0,0,0,0,0,0,0,1,2,2,8,2
4290,B0,0,3,11,1,0,0,0,0,0,0,0,0,0,0,1,2,5,44,7
4290,B1,1,2,2,1,0,0,0,0,0,0,0,0,1,0,1,2,36,345,52
4290,B2,2,0,2,14,0,0,0,0,0,0,0,0,0,0,1,2,5,148,40
4290,C1,13,1,1,0,0,0,0,1,0,0,0,0,0,0,1,2,7,106,6
4300,A1,4,2,0,1,0,0,0,0,0,0,0,0,0,0,1,2,2,8,2
4300,B0,0,3,11,1,0,0,0,0,0,0,0,0,0,0,1,2,5,44,7
4300,B1,1,2,2,1,0,0,0,0,0,0,0,0,0,0,1,2,36,345,52
4300,B2,4,0,1,13,0,0,0,0,0,0,0,0,0,0,1,2,5,148,40
4300,C1,14,1,1,0,0,0,0,0,0,0,0,0,0,0,1,2,7,117,7
4310,A1,1,1,0,2,0,0,0,0,0,0,0,0,0,1,0,2,2,8,2
4310,B0,0,1,11,2,0,0,0,0,0,0,0,0,0,1,0,2,5,44,7
4310,B1,1,3,2,1,0,0,0,0,0,0,0,0,0,1,0,2,36,345,52
4310,B2,1,0,2,13,0,0,0,0,0,0,0,0,0,1,0,2,5,148,40
4310,C1,12,2,1,0,0,0,0,0,0,0,0,0,0,1,0,2,7,117,7
4320,A1,2,1,0,3,0,0,0,0,0,0,0,0,0,1,0,2,2,8,2
4320,B0,0,1,12,3,0,0,0,0,0,0,0,0,0,1,0,2,5,44,7
4320,B1,2,1,2,1,0,0,0,0,0,0,0,0,0,1,0,2,36,345,52
4320,B2,1,0,4,14,0,0,0,0,0,0,0,0,0,1,0,2,5,148,40
4320,C1,12,2,1,0,0,0,0,0,0,0,0,0,0,1,0,2,7,117,7
4330,A1,2,1,0,2,0,0,0,0,0,0,0,0,0,0,1,2,2,8,2
4330,B0,0,1,12,1,0,0,0,0,0,0,0,0,0,0,1,2,5,44,7
4330,B1,2,1,1,1,0,0,0,0,0,0,0,0,0,0,1,2,36,345,52
4330,B2,2,0,2,14,0,0,0,0,0,0,0,0,0,0,1,2,5,148,40
4330,C1,13,2,1,0,0,0,0,0,0,0,0,0,0,0,1,2,7,117,7
4340,A1,1,2,0,1,0,0,0,0,0,0,0,0,0,0,1,2,2,8,2
4340,B0,0,1,9,1,0,0,0,0,0,0,0,0,0,0,1,2,5,44,7
4340,B1,2,1,1,2,0,0,0,0,0,0,0,0,0,0,1,2,36,345,52
4340,B2,2,0,1,12,0,0,0,0,0,0,0,0,0,0,1,2,5,148,40
4340,C1,14,4,3,0,0,0,0,0,0,0,0,0,0,0,1,2,7,117,7
4350,A1,3,3,0,1,0,0,0,0,0,0,0,0,0,1,0,2,2,8,2
4350,B0,0,1,7,1,0,0,0,0,0,0,0,0,0,1,0,2,5,44,7
4350,B1,2,1,2,1,0,0,0,0,0,0,0,0,0,1,0,2,37,348,54
4350,B2,1,0,1,12,0,0,0,0,0,0,0,0,0,1,0,2,5,148,40
4350,C1,14,4,5,0,0,0,0,0,0,0,0,0,0,1,0,2,7,117,7
4360,A1,2,3,0,1,0,0,0,0,0,0,0,0,0,1,0,2,2,8,2
4360,B0,0,1,7,1,0,0,0,0,0,0,0,0,0,1,0,2,5,44,7
4360,B1,1,3,2,1,0,0,0,0,0,0,0,0,0,1,0,2,37,348,54
4360,B2,2,0,1,13,0,0,0,0,0,0,0,0,0,1,0,2,5,148,40
4360,C1,14,1,5,0,0,0,0,0,0,0,0,0,0,1,0,2,7,117,7
4370,A1,2,2,0,1,0,0,0,0,1,0,0,0,0,0,1,2,3,9,2
4370,B0,0,1,10,1,0,0,0,0,0,0,0,0,0,0,1,2,5,44,7
4370,B1,1,2,2,1,0,0,0,0,0,0,0,1,0,0,1,2,37,348,54
4370,B2,2,0,2,14,0,0,0,0,0,0,0,0,0,0,1,2,5,148,40
4370,C1,11,1,7,0,0,0,0,0,0,0,0,0,0,0,1,2,7,117,7
4380,A1,2,2,0,1,0,0,0,0,1,0,0,0,0,0,1,2,3,29,2
4380,B0,0,1,7,2,0,0,0,0,0,0,0,0,0,0,1,2,5,44,7
4380,B1,1,2,2,1,0,0,0,0,0,0,0,1,0,0,1,2,37,348,54
4380,B2,2,0,2,14,0,0,0,0,0,0,0,0,0,0,1,2,5,148,40
4380,C1,12,1,4,0,0,0,0,0,0,0,0,0,0,0,1,2,7,117,7
4390,A1,2,4,0,3,0,0,0,0,0,0,0,0,0,0,1,2,3,29,3
4390,B0,0,1,4,1,0,0,0,0,0,0,0,0,0,0,1,2,5,44,7
4390,B1,1,2,1,2,0,0,0,0,0,0,0,0,0,0,1,2,37,348,54
4390,B2,3,0,1,13,0,0,0,0,0,0,0,0,0,0,1,2,5,148,40
4390,C1,14,1,3,0,0,0,0,0,0,0,0,0,0,0,1,2,7,117,7
4400,A1,1,6,0,3,0,0,0,0,0,0,0,0,0,1,0,2,3,29,3
4400,B0,0,1,4,1,0,0,0,0,0,0,0,0,0,1,0,2,5,44,7
4400,B1,1,1,2,3,0,0,0,0,0,0,0,0,0,1,0,2,37,348,54
4400,B2,1,0,1,13,0,0,0,0,0,0,0,0,0,1,0,2,5,148,40
4400,C1,11,1,2,0,0,0,0,0,0,0,0,0,0,1,0,2,7,117,7
4410,A1,1,3,0,4,0,0,0,0,0,0,0,0,0,1,0,2,3,29,3
4410,B0,0,2,5,2,0,0,0,0,0,0,0,0,0,1,0,2,5,44,7
4410,B1,1,1,2,3,0,0,0,0,0,0,0,0,0,1,0,2,37,348,54
4410,B2,1,0,1,14,0,0,0,0,0,0,0,0,0,1,0,2,5,148,40
4410,C1,11,1,4,0,0,0,0,0,0,0,0,0,0,1,0,2,7,117,7
4420,A1,1,2,0,2,0,0,0,0,0,0,0,0,0,0,1,2,3,29,3
4420,B0,0,2,7,1,0,0,0,0,0,0,0,0,0,0,1,2,5,44,7
4420,B1,2,1,2,3,0,0,0,0,0,0,0,0,0,0,1,2,37,348,54
4420,B2,1,0,3,14,0,0,0,0,0,0,0,0,0,0,1,2,5,148,40
4420,C1,13,1,2,0,0,0,0,0,0,0,0,0,0,0,1,2,7,117,7
4430,A1,1,2,0,1,0,0,0,0,0,0,0,0,0,0,1,2,3,29,3
4430,B0,0,3,5,1,0,0,0,0,0,0,0,0,0,0,1,2,5,44,7
4430,B1,2,1,4,2,0,0,0,0,0,0,0,0,0,0,1,2,37,348,54
4430,B2,1,0,1,10,0,0,0,0,0,0,0,0,0,0,1,2,5,148,40
4430,C1,14,2,1,0,0,0,0,0,0,0,0,0,0,0,1,2,7,117,7
4440,A1,3,4,0,2,0,0,0,0,0,0,0,0,0,1,0,2,3,29,3
4440,B0,0,3,4,1,0,0,0,0,0,0,0,0,0,1,0,2,5,44,7
4440,B1,2,1,3,1,0,0,1,0,0,0,0,0,0,1,0,2,38,352,54
4440,B2,2,0,1,8,0,0,0,0,0,1,0,0,0,1,0,1,5,148,40
4440,C1,14,3,1,0,0,0,0,0,0,0,0,0,0,1,0,2,7,117,7
4450,A1,1,2,0,2,0,0,0,0,0,0,0,0,0,1,0,2,3,29,3
4450,B0,0,1,5,2,0,0,0,0,0,0,0,0,0,1,0,2,5,44,7
4450,B1,2,2,1,1,0,0,0,0,0,0,0,0,0,1,0,2,38,354,55
4450,B2,2,0,1,12,0,0,0,0,0,0,0,0,0,1,0,2,5,148,40
4450,C1,14,1,2,0,0,0,0,0,0,0,0,0,0,1,0,2,7,117,7
4460,A1,1,1,0,5,0,0,0,0,0,0,0,0,0,1,0,2,3,29,3
4460,B0,0,1,6,2,0,0,0,0,0,0,0,0,0,1,0,2,5,44,7
4460,B1,2,4,1,1,0,0,0,0,0,0,0,0,0,1,0,2,38,354,55
4460,B2,1,0,3,14,0,0,0,0,0,0,0,0,0,1,0,2,5,148,40
4460,C1,13,1,2,0,0,0,0,0,0,0,0,0,0,1,0,2,7,117,7
4470,A1,2,1,0,2,0,0,0,0,0,0,0,0,0,0,1,2,3,29,3
4470,B0,0,2,5,2,0,0,0,0,0,0,0,0,0,0,1,2,5,44,7
4470,B1,1,4,1,2,0,0,0,0,0,0,0,0,0,0,1,2,39,363,56
4470,B2,2,0,1,11,0,0,0,0,0,0,0,0,0,0,1,2,5,148,40
4470,C1,13,2,1,0,0,0,0,0,0,0,0,0,0,0,1,2,7,117,7
4480,A1,4,1,0,1,0,0,0,0,0,0,0,0,0,0,1,2,3,29,3
4480,B0,0,3,4,2,0,0,0,0,0,0,0,0,0,0,1,2,5,44,7
4480,B1,1,4,2,1,0,0,0,0,0,0,0,0,0,0,1,2,39,363,56
4480,B2,3,0,2,9,0,0,0,0,0,0,0,0,0,0,1,2,5,148,40
4480,C1,14,3,1,0,0,0,0,0,0,0,0,0,0,0,1,2,7,117,7
4490,A1,2,2,0,2,0,0,0,0,0,0,0,0,0,1,0,2,3,29,3
4490,B0,0,4,3,1,0,0,0,0,0,0,0,0,0,1,0,2,5,44,7
4490,B1,1,5,1,2,0,0,0,0,0,0,0,0,0,1,0,2,39,363,56
4490,B2,1,0,2,11,0,0,0,0,0,0,0,0,0,1,0,2,5,148,40
4490,C1,14,2,1,0,0,0,0,0,0,0,0,0,0,1,0,2,7,117,7
4500,A1,2,1,0,1,0,0,0,0,0,0,0,0,0,1,0,2,3,29,3
4500,B0,0,1,3,1,0,0,0,0,0,0,0,0,0,1,0,2,5,44,7
4500,B1,2,6,1,1,0,0,0,0,0,0,0,0,0,1,0,2,39,363,56
4500,B2,1,0,2,12,0,0,0,0,0,0,0,0,0,1,0,2,5,148,40
4500,C1,13,1,1,0,0,0,0,0,0,0,0,0,0,1,0,2,7,117,7
4510,A1,3,1,0,1,0,0,0,0,0,0,0,0,0,0,1,2,3,29,3
4510,B0,0,3,4,4,0,0,0,0,0,0,0,0,0,0,1,2,5,44,7
4510,B1,1,6,1,1,0,0,0,0,0,0,0,0,0,0,1,2,39,363,56
4510,B2,1,0,1,13,0,0,0,0,0,0,0,0,0,0,1,2,5,148,40
4510,C1,12,2,1,0,0,0,0,0,0,0,0,0,0,0,1,2,7,117,7
4520,A1,4,1,0,1,0,0,0,0,0,0,0,0,0,0,1,2,3,29,3
4520,B0,0,4,4,2,0,0,0,0,0,0,0,0,0,0,1,2,5,44,7
4520,B1,1,6,1,2,0,0,0,0,0,0,0,0,0,0,1,2,39,363,56
4520,B2,4,0,1,12,0,0,0,0,0,0,0,0,0,0,1,2,5,148,40
4520,C1,13,2,2,0,0,0,0,0,0,0,0,0,0,0,1,2,7,117,7
4530,A1,3,4,0,1,0,0,0,0,0,0,0,0,0,0,1,2,3,29,3
4530,B0,0,5,3,1,0,0,0,0,0,0,0,0,0,0,1,2,5,44,7
4530,B1,1,6,1,3,0,0,0,0,0,0,0,0,0,0,1,2,39,363,56
4530,B2,5,0,3,9,0,0,0,0,0,0,0,0,0,0,1,2,5,148,40
4530,C1,14,2,2,0,0,0,0,0,0,0,0,0,0,0,1,2,7,117,7
4540,A1,1,4,0,2,0,0,0,0,0,0,0,0,0,1,0,2,3,29,3
4540,B0,0,1,3,2,0,0,0,0,0,0,0,0,0,1,0,2,5,44,7
4540,B1,2,4,1,3,0,0,0,0,0,0,0,0,0,1,0,2,39,363,56
4540,B2,2,0,3,9,0,0,0,0,0,0,0,0,0,1,0,2,5,148,40
4540,C1,10,1,3,0,0,0,1,0,0,0,0,0,0,1,0,2,8,137,7
4550,A1,1,4,0,2,0,0,0,0,0,0,0,0,0,1,0,2,3,29,3
4550,B0,0,1,6,1,0,0,0,0,0,0,0,0,0,1,0,2,5,44,7
4550,B1,1,2,1,3,0,0,0,0,0,0,0,0,0,1,0,2,39,363,56
4550,B2,1,0,5,11,0,0,0,0,0,0,0,0,0,1,0,1,5,148,40
4550,C1,11,3,3,0,0,0,0,0,0,0,0,0,0,1,0,2,8,139,9
4560,A1,3,3,0,2,0,0,0,0,0,0,0,0,0,0,1,2,3,29,3
4560,B0,0,1,5,3,0,0,0,0,0,0,0,0,0,0,1,2,5,44,7
4560,B1,1,1,1,3,0,0,0,0,0,0,0,0,0,0,1,2,39,363,56
4560,B2,1,0,4,11,0,0,0,0,0,0,0,0,0,0,1,2,5,148,40
4560,C1,12,1,3,0,0,0,0,0,0,0,0,0,0,0,1,2,8,139,9
4570,A1,5,4,0,2,0,0,0,0,0,0,0,0,0,0,1,2,3,29,3
4570,B0,0,1,2,2,0,0,0,0,0,0,0,0,0,0,1,2,5,44,7
4570,B1,1,2,3,3,0,0,0,0,0,0,0,0,0,0,1,2,39,363,56
4570,B2,1,0,1,11,0,0,0,0,0,0,0,0,0,0,1,2,5,148,40
4570,C1,14,3,2,0,0,0,0,0,0,0,0,0,0,0,1,2,8,139,9
4580,A1,7,4,0,2,0,0,0,0,0,0,0,0,0,1,0,2,3,29,3
4580,B0,0,1,1,3,0,0,0,0,0,0,0,0,0,1,0,2,5,44,7
4580,B1,1,1,2,2,0,0,0,0,0,0,0,0,0,1,0,2,39,363,56
4580,B2,1,0,4,10,0,0,0,0,0,0,0,0,0,1,0,2,5,148,40
4580,C1,14,2,2,0,0,0,0,0,0,0,0,0,0,1,0,2,8,139,9
4590,A1,3,6,0,3,0,0,0,0,0,0,0,0,0,1,0,2,3,29,3
4590,B0,0,1,1,1,0,0,0,0,0,0,0,0,0,1,0,2,5,44,7
4590,B1,1,2,2,2,0,0,0,0,0,0,0,0,0,1,0,2,39,363,56
4590,B2,1,0,2,10,0,0,0,0,0,0,0,0,0,1,0,2,5,148,40
4590,C1,12,1,2,0,0,0,0,0,0,0,0,0,0,1,0,2,8,139,9
4600,A1,3,6,0,4,0,0,0,0,0,0,0,0,0,0,1,2,3,29,3
4600,B0,0,1,3,1,0,0,0,0,0,0,0,0,0,0,1,2,5,44,7
4600,B1,2,3,2,2,0,0,0,0,0,0,0,0,0,0,1,2,39,363,56
4600,B2,1,0,2,12,0,0,0,0,0,0,0,0,0,0,1,2,5,148,40
4600,C1,9,1,2,0,0,0,0,0,0,0,0,0,0,0,1,2,8,139,9
4610,A1,3,6,0,1,0,0,0,0,0,0,0,0,0,0,1,2,3,29,3
4610,B0,0,4,3,1,0,0,0,0,0,0,0,0,0,0,1,2,5,44,7
4610,B1,2,2,1,2,0,0,0,0,0,0,0,0,0,0,1,2,39,363,56
4610,B2,1,0,3,13,0,0,0,0,0,0,0,0,0,0,1,2,5,148,40
4610,C1,12,2,1,0,0,0,0,0,0,0,0,0,0,0,1,2,8,139,9
4620,A1,3,8,0,1,0,0,0,0,0,0,0,0,0,0,1,2,3,29,3
4620,B0,0,4,1,2,0,0,0,0,0,0,0,0,0,0,1,2,5,44,7
4620,B1,2,2,1,3,0,0,0,0,0,0,0,0,0,0,1,2,39,363,56
4620,B2,3,0,2,11,0,0,0,0,0,0,0,0,0,0,1,2,5,148,40
4620,C1,14,2,1,0,0,0,0,0,0,0,0,0,0,0,1,2,8,139,9
4630,A1,3,9,0,3,0,0,0,0,0,0,0,0,0,1,0,2,3,29,3
4630,B0,0,4,1,4,0,0,0,0,0,0,0,0,0,1,0,2,5,44,7
4630,B1,1,2,1,3,0,0,0,0,0,0,0,0,0,1,0,2,39,363,56
4630,B2,1,0,2,12,0,0,0,0,0,0,0,0,0,1,0,2,5,148,40
4630,C1,14,1,1,0,0,0,0,0,0,0,0,0,0,1,0,2,8,139,9
4640,A1,2,9,0,4,0,0,0,0,0,0,0,0,0,1,0,2,3,29,3
4640,B0,0,1,1,2,0,0,0,0,0,0,0,0,0,1,0,2,5,44,7
4640,B1,2,4,1,3,0,0,0,0,0,0,0,0,0,1,0,2,39,363,56
4640,B2,1,0,4,14,0,0,0,0,0,0,0,0,0,1,0,2,5,148,40
4640,C1,14,2,2,0,0,0,0,0,0,0,0,0,0,1,0,2,8,139,9
4650,A1,3,8,0,2,0,0,0,0,0,0,0,0,0,0,1,2,3,29,3
4650,B0,0,2,4,2,0,0,0,0,0,0,0,0,0,0,1,2,5,44,7
4650,B1,2,4,2,2,0,0,0,0,0,0,0,0,0,0,1,2,39,363,56
4650,B2,1,0,4,14,0,0,0,0,0,0,0,0,0,0,1,2,5,148,40
4650,C1,13,1,1,0,0,0,0,0,0,0,0,0,0,0,1,2,8,139,9
4660,A1,1,9,0,1,0,0,0,0,0,0,0,0,0,0,1,2,3,29,3
4660,B0,0,3,3,1,0,0,0,0,0,0,0,0,0,0,1,2,5,44,7
4660,B1,2,4,2,1,0,0,0,0,0,0,0,0,0,0,1,2,39,363,56
4660,B2,3,0,2,14,0,0,0,0,0,0,0,0,0,0,1,2,5,148,40
4660,C1,14,3,1,0,0,0,0,0,0,0,0,0,0,0,1,2,8,139,9
4670,A1,3,9,0,1,0,0,0,0,0,0,0,0,0,1,0,2,3,29,3
4670,B0,0,2,2,2,0,0,0,0,0,0,0,0,0,1,0,2,5,44,7
4670,B1,2,4,1,1,0,0,0,0,0,0,0,0,0,1,0,2,39,363,56
4670,B2,3,0,2,13,0,0,0,0,0,0,0,0,0,1,0,2,5,148,40
4670,C1,14,1,1,0,0,0,0,0,0,0,0,0,0,1,0,2,8,139,9
4680,A1,1,8,0,4,0,0,0,0,0,0,0,0,0,1,0,2,3,29,3
4680,B0,0,1,2,1,0,0,0,0,0,0,0,0,0,1,0,2,5,44,7
4680,B1,1,3,1,1,0,0,0,0,0,0,0,0,0,1,0,2,39,363,56
4680,B2,1,0,2,13,0,0,0,0,0,0,0,0,0,1,0,2,5,148,40
4680,C1,11,1,2,0,0,0,0,0,0,0,0,0,0,1,0,2,8,139,9
4690,A1,1,3,0,7,0,0,0,0,0,0,0,0,0,1,0,2,3,29,3
4690,B0,0,1,4,2,0,0,0,0,0,0,0,0,0,1,0,2,5,44,7
4690,B1,1,1,1,1,0,0,0,0,0,0,0,0,0,1,0,2,39,363,56
4690,B2,1,0,3,14,0,0,0,0,0,0,0,0,0,1,0,2,5,148,40
4690,C1,9,2,2,0,0,0,0,0,0,0,0,0,0,1,0,2,8,139,9
4700,A1,2,3,0,5,0,0,0,0,0,0,0,0,0,0,1,2,3,29,3
4700,B0,0,1,6,1,0,0,0,0,0,0,0,0,0,0,1,2,5,44,7
4700,B1,2,2,1,2,0,0,0,0,0,0,0,0,0,0,1,2,40,368,57
4700,B2,1,0,3,14,0,0,0,0,0,0,0,0,0,0,1,2,5,148,40
4700,C1,13,1,1,0,0,0,0,0,0,0,0,0,0,0,1,2,8,139,9
4710,A1,1,4,0,1,0,0,0,0,0,0,0,0,0,0,1,2,3,29,3
4710,B0,0,3,5,1,0,0,0,0,0,0,0,0,0,0,1,2,5,44,7
4710,B1,2,2,4,5,0,0,0,0,0,0,0,0,0,0,1,2,40,368,57
4710,B2,2,0,1,14,0,0,0,0,0,0,0,0,0,0,1,2,5,148,40
4710,C1,14,3,1,0,0,0,0,0,0,0,0,0,0,0,1,2,8,139,9
4720,A1,1,6,0,1,0,0,0,0,0,0,0,0,0,1,0,2,3,29,3
4720,B0,0,2,5,1,0,0,0,0,0,0,0,0,0,1,0,2,5,44,7
4720,B1,3,2,3,3,0,0,0,0,0,0,0,0,0,1,0,2,40,368,57
4720,B2,1,0,1,13,0,0,0,0,0,0,0,0,0,1,0,2,5,148,40
4720,C1,14,3,2,0,0,0,0,0,0,0,0,0,0,1,0,2,8,139,9
4730,A1,1,5,0,1,0,0,0,0,0,0,0,0,0,1,0,2,3,29,3
4730,B0,0,1,7,2,0,0,0,0,0,0,0,0,0,1,0,2,5,44,7
4730,B1,2,3,3,3,0,0,0,0,0,0,0,0,0,1,0,2,40,368,57
4730,B2,1,0,2,14,0,0,0,0,0,0,0,0,0,1,0,2,5,148,40
4730,C1,14,1,4,0,0,0,0,0,0,0,0,0,0,1,0,2,8,139,9
4740,A1,1,4,0,1,0,0,0,0,0,0,0,0,0,0,1,2,3,29,3
4740,B0,0,2,7,1,0,0,0,0,0,0,0,0,0,0,1,2,5,44,7
4740,B1,1,1,2,3,0,0,0,0,0,0,0,0,0,0,1,2,40,368,57
4740,B2,1,0,1,14,0,0,0,0,0,0,0,0,0,0,1,2,5,148,40
4740,C1,13,1,3,0,0,0,0,0,0,0,0,0,0,0,1,2,8,139,9
4750,A1,2,5,0,1,0,0,0,0,0,0,0,0,0,0,1,2,3,29,3
4750,B0,0,3,4,2,0,0,0,0,0,0,0,0,0,0,1,2,5,44,7
4750,B1,2,2,3,3,0,0,0,0,0,0,0,0,0,0,1,2,40,368,57
4750,B2,3,0,1,13,0,0,0,0,0,0,0,0,0,0,1,2,5,148,40
4750,C1,13,2,1,0,0,0,0,0,0,0,0,0,0,0,1,2,8,139,9
4760,A1,3,5,0,1,0,0,0,0,0,0,0,0,0,0,1,2,3,29,3
4760,B0,0,3,6,2,0,0,0,0,0,0,0,0,0,0,1,2,5,44,7
4760,B1,2,2,3,2,0,0,0,0,0,0,0,0,0,0,1,2,40,368,57
4760,B2,2,0,1,12,0,0,0,0,0,0,0,0,0,0,1,2,5,148,40
4760,C1,13,3,1,0,0,0,0,0,0,0,0,0,0,0,1,2,8,139,9
4770,A1,1,5,0,1,0,0,0,0,0,0,0,0,0,1,0,2,3,29,3
4770,B0,0,2,8,3,0,0,0,0,0,0,0,0,0,1,0,2,5,44,7
4770,B1,4,1,3,2,0,0,0,0,0,0,0,0,0,1,0,2,40,368,57
4770,B2,1,0,2,13,0,0,0,0,0,0,0,0,0,1,0,2,5,148,40
4770,C1,13,2,2,0,0,0,0,0,0,0,0,0,0,1,0,2,8,139,9
4780,A1,1,3,0,2,0,0,0,0,0,0,0,0,0,1,0,2,3,29,3
4780,B0,0,2,8,3,0,0,0,0,0,0,0,0,0,1,0,2,5,44,7
4780,B1,4,1,3,2,0,0,0,0,0,0,0,0,0,1,0,2,40,368,57
4780,B2,1,0,2,14,0,0,0,0,0,0,0,0,0,1,0,2,5,148,40
4780,C1,13,1,2,0,0,0,0,0,0,0,0,0,0,1,0,2,8,139,9
4790,A1,1,2,0,1,0,0,0,0,0,0,0,0,0,0,1,2,3,29,3
4790,B0,0,3,10,2,0,0,0,0,0,0,0,0,0,0,1,2,5,44,7
4790,B1,4,1,1,2,0,0,0,0,0,0,0,0,0,0,1,2,40,368,57
4790,B2,1,0,2,14,0,0,0,0,0,0,0,0,0,0,1,2,5,148,40
4790,C1,12,1,1,0,0,0,0,0,0,0,0,0,0,0,1,2,8,139,9
4800,A1,1,4,0,1,0,0,0,0,0,0,0,0,0,0,1,2,3,29,3
4800,B0,0,5,9,2,0,0,0,0,0,0,0,0,0,0,1,2,5,44,7
4800,B1,4,1,1,2,0,0,0,0,0,0,0,0,0,0,1,2,40,368,57
4800,B2,1,0,1,11,0,0,0,0,0,0,0,0,0,0,1,2,5,148,40
4800,C1,13,3,1,0,0,0,0,0,0,0,0,0,0,0,1,2,8,139,9
4810,A1,2,6,0,1,0,0,0,0,0,0,0,0,0,1,0,2,3,29,3
4810,B0,0,6,6,2,0,0,0,0,0,0,0,0,0,1,0,2,5,44,7
4810,B1,4,1,3,1,0,0,1,0,0,0,0,0,0,1,0,2,41,376,57
4810,B2,2,0,1,10,0,0,0,0,0,1,0,0,0,1,0,1,5,148,40
4810,C1,13,3,1,0,0,0,0,0,0,0,0,0,0,1,0,2,8,139,9
4820,A1,2,2,0,1,0,0,0,0,0,0,0,0,0,1,0,2,3,29,3
4820,B0,0,2,6,2,0,0,0,0,0,0,0,0,0,1,0,2,5,44,7
4820,B1,4,2,3,1,0,0,0,0,0,0,0,0,0,1,0,2,41,376,58
4820,B2,1,0,2,13,0,0,0,0,0,0,0,0,0,1,0,2,5,148,40
4820,C1,13,2,2,0,0,0,0,0,0,0,0,0,0,1,0,2,8,139,9
4830,A1,2,2,0,1,0,0,0,0,0,0,0,0,0,0,1,2,3,29,3
4830,B0,0,2,6,4,0,0,0,0,0,0,0,0,0,0,1,2,5,44,7
4830,B1,2,2,3,1,0,0,0,0,0,0,0,0,0,0,1,2,41,376,58
4830,B2,1,0,1,14,0,0,0,0,0,0,0,0,0,0,1,2,5,148,40
4830,C1,12,2,2,0,0,0,0,0,0,0,0,0,0,0,1,2,8,139,9
4840,A1,2,2,0,1,0,0,0,0,0,0,0,0,0,0,1,2,3,29,3
4840,B0,0,1,6,3,0,0,0,0,0,0,0,0,0,0,1,2,5,44,7
4840,B1,2,2,3,3,0,0,0,0,0,0,0,0,0,0,1,2,41,376,58
4840,B2,1,0,1,11,0,0,0,0,0,0,0,0,0,0,1,2,5,148,40
4840,C1,12,2,1,0,0,0,0,0,0,0,0,0,0,0,1,2,8,139,9
4850,A1,3,4,0,1,0,0,0,0,0,0,0,0,0,0,1,2,3,29,3
4850,B0,0,2,6,1,0,0,0,0,0,0,0,0,0,0,1,2,5,44,7
4850,B1,2,2,1,2,0,0,0,0,0,0,0,0,0,0,1,2,41,376,58
4850,B2,1,0,1,8,0,0,0,0,0,0,0,0,0,0,1,2,5,148,40
4850,C1,13,3,1,0,0,0,0,0,0,0,0,0,0,0,1,2,8,139,9
4860,A1,1,6,0,2,0,0,0,0,0,0,0,0,0,1,0,2,3,29,3
4860,B0,0,1,5,1,0,0,0,0,0,0,0,0,0,1,0,2,5,44,7
4860,B1,3,2,3,2,0,0,0,0,0,0,0,0,0,1,0,2,41,376,58
4860,B2,1,0,2,11,0,0,0,0,0,0,0,0,0,1,0,2,5,148,40
4860,C1,13,1,2,0,0,0,0,0,0,0,0,0,0,1,0,2,8,139,9
4870,A1,2,2,0,2,0,0,0,0,0,0,0,0,0,1,0,2,3,29,3
4870,B0,0,1,7,3,0,0,0,0,0,0,0,0,0,1,0,2,5,44,7
4870,B1,4,5,1,2,0,0,0,0,0,0,0,0,0,1,0,2,41,376,58
4870,B2,1,0,2,11,0,0,0,0,0,0,0,0,0,1,0,2,5,148,40
4870,C1,12,1,4,0,0,0,0,0,0,0,0,0,0,1,0,2,8,139,9
4880,A1,1,2,0,1,0,0,0,0,0,0,0,0,0,0,1,2,3,29,3
4880,B0,0,1,7,4,0,0,0,0,0,0,0,0,0,0,1,2,5,44,7
4880,B1,5,3,1,2,0,0,0,0,0,0,0,0,0,0,1,2,41,376,58
4880,B2,1,0,1,11,0,0,0,0,0,0,0,0,0,0,1,2,5,148,40
4880,C1,11,1,2,0,0,0,0,0,0,0,0,0,0,0,1,2,8,139,9
4890,A1,1,3,0,2,0,0,0,0,0,0,0,0,0,0,1,2,3,29,3
4890,B0,0,4,8,3,0,0,0,0,0,0,0,0,0,0,1,2,5,44,7
4890,B1,4,3,2,2,0,0,0,0,0,0,0,0,0,0,1,2,41,376,58
4890,B2,1,0,1,10,0,0,0,0,0,0,0,0,0,0,1,2,5,148,40
4890,C1,13,1,1,0,0,0,0,0,0,0,0,0,0,0,1,2,8,139,9
4900,A1,3,4,0,1,0,0,0,0,0,0,0,0,0,1,0,2,3,29,3
4900,B0,0,4,6,1,0,0,0,0,0,0,0,0,0,1,0,2,5,44,7
4900,B1,3,3,3,1,0,0,0,0,0,0,0,0,0,1,0,2,41,376,58
4900,B2,2,0,1,9,0,0,0,0,0,0,0,0,0,1,0,2,5,148,40
4900,C1,13,2,1,0,0,0,0,0,0,0,0,0,0,1,0,2,8,139,9
4910,A1,3,3,0,2,0,0,0,0,0,0,0,0,0,1,0,2,3,29,3
4910,B0,0,3,6,1,0,0,0,0,0,0,0,0,0,1,0,2,5,44,7
4910,B1,3,2,3,1,0,0,0,0,0,0,0,0,0,1,0,2,41,376,58
4910,B2,1,0,3,9,0,0,0,0,0,0,0,0,0,1,0,2,5,148,40
4910,C1,11,1,2,0,0,0,0,0,0,0,0,0,0,1,0,2,8,139,9
4920,A1,2,1,0,3,0,0,0,0,0,0,0,0,0,1,0,2,3,29,3
4920,B0,0,1,7,3,0,0,0,0,0,0,0,0,0,1,0,2,5,44,7
4920,B1,1,2,3,1,0,0,0,0,0,0,0,0,0,1,0,2,41,376,58
4920,B2,1,0,2,9,0,0,0,0,0,0,0,0,0,1,0,2,5,148,40
4920,C1,7,3,1,0,0,0,0,0,0,0,0,0,0,1,0,2,8,139,9
4930,A1,2,2,0,1,0,0,0,0,0,0,0,0,0,0,1,2,3,29,3
4930,B0,0,1,8,1,0,0,0,0,0,0,0,0,0,0,1,2,5,44,7
4930,B1,2,1,1,2,0,0,0,0,0,0,0,0,0,0,1,2,41,376,58
4930,B2,2,0,1,9,0,0,0,0,0,0,0,0,0,0,1,2,5,148,40
4930,C1,10,1,1,0,0,0,0,0,0,0,0,0,0,0,1,2,8,139,9
4940,A1,6,3,0,1,0,0,0,0,0,0,0,0,0,0,1,2,3,29,3
4940,B0,0,1,7,1,0,0,0,0,0,0,0,0,0,0,1,2,5,44,7
4940,B1,2,1,2,1,0,0,0,0,0,0,0,0,0,0,1,2,41,376,58
4940,B2,2,0,1,10,0,0,0,0,0,0,0,0,0,0,1,2,5,148,40
4940,C1,13,3,1,0,0,0,0,0,0,0,0,0,0,0,1,2,8,139,9
4950,A1,4,3,0,3,0,0,0,0,0,0,0,0,0,1,0,2,3,29,3
4950,B0,0,1,6,2,0,0,0,0,0,0,0,0,0,1,0,2,5,44,7
4950,B1,2,2,3,1,0,0,0,0,0,0,0,0,0,1,0,2,41,376,58
4950,B2,1,0,1,8,0,0,0,0,0,0,0,0,0,1,0,2,5,148,40
4950,C1,13,1,2,0,0,0,0,0,0,0,0,0,0,1,0,2,8,139,9
4960,A1,1,2,0,3,0,0,0,0,0,0,0,0,0,1,0,2,3,29,3
4960,B0,0,2,9,3,0,0,0,0,0,0,0,0,0,1,0,2,5,44,7
4960,B1,2,3,3,1,0,0,0,0,0,0,0,0,0,1,0,2,41,376,58
4960,B2,1,0,1,9,0,0,0,0,0,0,0,0,0,1,0,2,5,148,40
4960,C1,12,1,2,0,0,0,0,0,0,0,0,0,0,1,0,2,8,139,9
4970,A1,3,1,0,2,0,0,0,0,0,0,0,0,0,0,1,2,3,29,3
4970,B0,0,1,9,2,0,0,0,0,0,0,0,0,0,0,1,2,5,44,7
4970,B1,1,1,2,3,0,0,0,0,0,0,0,0,0,0,1,2,41,376,58
4970,B2,1,0,1,10,0,0,0,0,0,0,0,0,0,0,1,2,5,148,40
4970,C1,11,1,3,0,0,0,0,0,0,0,0,0,0,0,1,2,8,139,9
4980,A1,3,2,0,1,0,0,0,0,0,0,0,0,0,0,1,2,3,29,3
4980,B0,0,1,9,1,0,0,0,0,0,0,0,0,0,0,1,2,5,44,7
4980,B1,1,2,1,3,0,0,0,0,0,0,0,0,0,0,1,2,41,376,58
4980,B2,1,0,1,12,0,0,0,0,0,0,0,0,0,0,1,2,5,148,40
4980,C1,12,1,1,0,0,0,0,0,0,0,0,0,0,0,1,2,8,139,9
4990,A1,6,2,0,1,0,0,0,0,0,0,0,0,0,0,1,2,3,29,3
4990,B0,0,2,4,2,0,0,0,0,0,0,0,0,0,0,1,2,5,44,7
4990,B1,1,2,2,1,0,0,0,0,0,0,0,0,0,0,1,2,41,376,58
4990,B2,1,0,1,11,0,0,0,0,0,0,0,0,0,0,1,2,5,148,40
4990,C1,13,4,1,0,0,0,0,0,0,0,0,0,0,0,1,2,8,139,9
5000,A1,4,2,0,1,0,0,1,0,0,0,0,0,0,1,0,2,4,48,3
5000,B0,0,1,4,3,0,0,0,0,0,0,0,0,0,1,0,2,5,44,7
5000,B1,1,1,1,2,0,0,0,0,0,0,0,0,0,1,0,2,41,376,58
5000,B2,1,0,3,12,0,0,0,0,0,0,0,0,0,1,0,2,5,148,40
5000,C1,13,1,1,0,0,0,0,0,0,0,0,0,0,1,0,2,8,139,9
5010,A1,1,2,0,1,0,0,0,0,0,0,0,0,0,1,0,2,4,54,4
5010,B0,0,1,5,1,0,0,0,0,0,0,0,0,0,1,0,2,5,44,7
5010,B1,2,2,1,2,0,0,0,0,0,0,0,0,0,1,0,2,41,376,58
5010,B2,4,0,4,12,0,0,0,0,0,0,0,0,0,1,0,2,5,148,40
5010,C1,11,1,1,0,0,0,0,0,0,0,0,0,0,1,0,2,8,139,9
5020,A1,3,2,0,1,0,0,0,0,0,0,0,0,0,0,1,2,4,54,4
5020,B0,0,3,6,3,0,0,0,0,0,0,0,0,0,0,1,2,5,44,7
5020,B1,2,1,1,3,0,0,0,0,0,0,0,0,0,0,1,2,41,376,58
5020,B2,4,0,5,13,0,0,0,0,0,0,0,0,0,0,1,2,5,148,40
5020,C1,12,1,1,0,0,0,0,0,0,0,0,0,0,0,1,2,8,139,9
5030,A1,2,2,0,1,0,0,0,0,0,0,0,0,0,0,1,2,4,54,4
5030,B0,0,4,3,2,0,0,0,0,0,0,0,0,0,0,1,2,5,44,7
5030,B1,2,1,1,1,0,0,0,0,0,0,0,0,0,0,1,2,41,376,58
5030,B2,4,0,4,14,0,0,0,0,0,0,0,0,0,0,1,2,5,148,40
5030,C1,14,3,1,0,0,0,0,0,0,0,0,0,0,0,1,2,8,139,9
5040,A1,3,4,0,2,0,0,0,0,0,0,0,0,0,1,0,2,4,54,4
5040,B0,0,3,1,1,0,0,0,0,0,0,0,0,0,1,0,2,5,44,7
5040,B1,2,1,3,1,0,0,0,0,0,0,0,0,0,1,0,2,41,376,58
5040,B2,3,0,4,13,0,0,0,0,0,0,0,0,0,1,0,2,5,148,40
5040,C1,14,2,2,0,0,0,0,0,0,0,0,0,0,1,0,2,8,139,9
5050,A1,3,5,0,2,0,0,0,0,0,0,0,0,0,1,0,2,4,54,4
5050,B0,0,1,1,2,0,0,0,0,0,0,0,0,0,1,0,2,5,44,7
5050,B1,2,2,3,1,0,0,0,0,0,0,0,0,0,1,0,2,41,376,58
5050,B2,2,0,4,14,0,0,0,0,0,0,0,0,0,1,0,2,5,148,40
5050,C1,13,2,2,0,0,0,0,0,0,0,0,0,0,1,0,2,8,139,9
5060,A1,1,3,0,2,0,0,0,0,0,0,0,0,0,0,1,2,4,54,4
5060,B0,0,1,1,3,0,0,0,0,0,0,0,0,0,0,1,2,5,44,7
5060,B1,4,1,3,1,0,0,0,0,0,0,0,0,0,0,1,2,41,376,58
5060,B2,2,0,6,14,0,0,0,0,0,0,0,0,0,0,1,2,5,148,40
5060,C1,12,1,2,0,0,0,0,0,0,0,0,0,0,0,1,2,8,139,9
5070,A1,1,4,0,1,0,0,0,0,0,0,0,0,0,0,1,2,4,54,4
5070,B0,0,1,1,1,0,0,0,0,0,0,0,0,0,0,1,2,5,44,7
5070,B1,4,1,2,1,0,0,0,0,0,0,0,0,0,0,1,2,41,376,58
5070,B2,3,0,4,14,0,0,0,0,0,0,0,0,0,0,1,2,5,148,40
5070,C1,13,1,1,0,0,0,0,0,0,0,0,0,0,0,1,2,8,139,9
5080,A1,1,7,0,1,0,0,0,0,0,0,0,0,0,0,1,2,4,54,4
5080,B0,0,2,1,1,0,0,0,0,0,0,0,0,0,0,1,2,5,44,7
5080,B1,4,1,2,1,0,0,0,0,0,0,0,0,0,0,1,2,41,376,58
5080,B2,4,0,3,14,0,0,0,0,0,0,0,0,0,0,1,2,5,148,40
5080,C1,14,2,1,0,0,0,0,0,0,0,0,0,0,0,1,2,8,139,9
5090,A1,1,3,0,2,0,0,0,0,0,0,0,0,0,1,0,2,4,54,4
5090,B0,0,2,1,1,0,0,0,0,0,0,0,0,0,1,0,2,5,44,7
5090,B1,3,2,2,1,0,0,0,0,0,0,0,0,0,1,0,2,41,376,58
5090,B2,2,0,1,13,0,0,0,0,0,0,0,0,0,1,0,2,5,148,40
5090,C1,14,3,3,0,0,0,0,0,0,0,0,0,0,1,0,2,8,139,9
5100,A1,2,1,0,4,0,0,0,0,0,0,0,0,0,1,0,2,4,54,4
5100,B0,0,1,1,1,0,0,0,0,0,0,0,0,0,1,0,2,5,44,7
5100,B1,1,3,2,1,0,0,0,0,0,0,0,0,0,1,0,2,41,376,58
5100,B2,1,0,3,14,0,0,0,0,0,0,0,0,0,1,0,2,5,148,40
5100,C1,14,1,4,0,0,0,0,0,0,0,0,0,0,1,0,2,8,139,9
5110,A1,2,2,0,3,0,0,0,0,0,0,0,0,0,0,1,2,4,54,4
5110,B0,0,2,2,1,0,0,0,0,0,0,0,0,0,0,1,2,5,44,7
5110,B1,1,1,1,1,0,0,0,0,0,0,0,0,0,0,1,2,41,376,58
5110,B2,2,0,2,14,0,0,0,0,0,0,0,0,0,0,1,2,5,148,40
5110,C1,13,2,2,0,0,0,0,0,0,0,0,0,0,0,1,2,8,139,9
5120,A1,3,4,0,1,0,0,0,0,0,0,0,0,0,0,1,2,4,54,4
5120,B0,0,2,1,1,0,0,0,0,0,0,0,0,0,0,1,2,5,44,7
5120,B1,1,2,2,1,0,0,0,0,0,0,0,0,0,0,1,2,41,376,58
5120,B2,4,0,1,14,0,0,0,0,0,0,0,0,0,0,1,2,5,148,40
5120,C1,14,4,1,0,0,0,0,0,0,0,0,0,0,0,1,2,8,139,9
5130,A1,5,3,0,1,0,0,0,0,0,0,0,0,0,1,0,2,4,54,4
5130,B0,0,1,1,1,0,0,0,0,0,0,1,0,0,1,0,1,5,44,7
5130,B1,1,3,1,1,0,1,0,0,0,0,0,0,0,1,0,2,42,380,58
5130,B2,6,0,2,13,0,0,0,0,0,0,0,0,0,1,0,2,5,148,40
5130,C1,14,5,1,0,0,0,0,0,0,0,0,0,0,1,0,2,8,139,9
5140,A1,2,5,0,3,0,0,0,0,0,0,0,0,0,1,0,2,4,54,4
5140,B0,0,1,2,3,0,0,0,0,0,0,0,0,0,1,0,2,5,44,7
5140,B1,1,1,1,2,0,0,0,0,0,0,0,0,0,1,0,2,42,386,59
5140,B2,2,0,3,13,0,0,0,0,0,0,0,0,0,1,0,2,5,148,40
5140,C1,14,3,2,0,0,0,0,0,0,0,0,0,0,1,0,2,8,139,9
5150,A1,1,2,0,4,0,0,0,0,0,0,0,0,0,1,0,2,4,54,4
5150,B0,0,1,4,2,0,0,0,0,0,0,0,0,0,1,0,2,5,44,7
5150,B1,1,1,1,1,0,0,0,0,0,0,0,0,0,1,0,2,42,386,59
5150,B2,2,0,4,14,0,0,0,0,0,0,0,0,0,1,0,2,5,148,40
5150,C1,13,3,2,0,0,0,0,0,0,0,0,0,0,1,0,2,8,139,9
5160,A1,1,5,0,1,0,0,0,0,0,0,0,0,0,0,1,2,4,54,4
5160,B0,0,1,3,1,0,0,0,0,0,0,0,0,0,0,1,2,5,44,7
5160,B1,1,1,1,2,0,0,0,0,0,0,0,0,0,0,1,2,43,402,60
5160,B2,2,0,1,14,0,0,0,0,0,0,0,0,0,0,1,2,5,148,40
5160,C1,13,1,1,0,0,0,0,0,0,0,0,0,0,0,1,2,8,139,9
5170,A1,1,7,0,1,0,0,0,0,0,0,0,0,0,0,1,2,4,54,4
5170,B0,0,2,5,1,0,0,0,0,0,0,0,0,0,0,1,2,5,44,7
5170,B1,1,1,2,2,0,0,0,0,0,0,0,0,0,0,1,2,43,402,60
5170,B2,3,0,1,11,0,0,0,0,0,0,0,0,0,0,1,2,5,148,40
5170,C1,14,3,1,0,0,0,0,0,0,0,0,0,0,0,1,2,8,139,9
5180,A1,1,7,0,2,0,0,0,0,0,0,0,0,0,1,0,2,4,54,4
5180,B0,0,1,4,1,0,0,0,0,0,0,0,0,0,1,0,2,5,44,7
5180,B1,1,2,3,1,0,0,0,0,0,0,0,0,0,1,0,2,43,402,60
5180,B2,1,0,2,11,0,0,0,0,0,0,0,0,0,1,0,2,5,148,40
5180,C1,14,1,1,0,0,0,0,0,0,0,0,0,0,1,0,2,8,139,9
5190,A1,1,6,0,1,0,0,0,0,0,0,0,0,0,1,0,2,4,54,4
5190,B0,0,1,5,2,0,0,0,0,0,0,0,0,0,1,0,2,5,44,7
5190,B1,2,1,3,2,0,0,0,0,0,0,0,0,0,1,0,2,43,402,60
5190,B2,1,0,2,14,0,0,0,0,0,0,0,0,0,1,0,2,5,148,40
5190,C1,12,2,1,0,0,0,0,0,0,0,0,0,0,1,0,2,8,139,9
5200,A1,1,6,0,1,0,0,0,0,0,0,0,0,0,0,1,2,4,54,4
5200,B0,0,1,6,3,0,0,0,0,0,0,0,0,0,0,1,2,5,44,7
5200,B1,1,1,3,1,0,0,0,0,0,0,0,0,1,0,1,2,43,402,60
5200,B2,1,0,3,14,0,0,0,0,0,0,0,0,0,0,1,2,5,148,40
5200,C1,11,3,1,0,0,0,0,1,0,0,0,0,0,0,1,2,9,145,9
5210,A1,2,5,0,1,0,0,0,0,0,0,0,0,0,0,1,2,4,54,4
5210,B0,0,3,5,6,0,0,0,0,0,0,0,0,0,0,1,2,5,44,7
5210,B1,1,1,4,2,0,0,0,0,0,0,0,0,1,0,1,2,43,402,60
5210,B2,3,0,1,14,0,0,0,0,0,0,0,0,0,0,1,2,5,148,40
5210,C1,13,1,1,0,0,0,0,1,0,0,0,0,0,0,1,2,9,165,9
5220,A1,3,6,0,1,0,0,0,0,0,0,0,0,0,0,1,2,4,54,4
5220,B0,0,3,5,1,0,0,0,0,0,0,0,0,0,0,1,2,5,44,7
5220,B1,1,1,5,3,0,0,0,0,0,0,0,0,0,0,1,2,43,402,60
5220,B2,3,0,1,13,0,0,0,0,0,0,0,0,0,0,1,2,5,148,40
5220,C1,14,4,1,0,0,0,0,0,0,0,0,0,0,0,1,2,9,176,10
5230,A1,2,7,0,1,0,0,0,0,0,0,0,0,0,1,0,2,4,54,4
5230,B0,0,2,5,1,0,0,0,0,0,0,0,0,0,1,0,2,5,44,7
5230,B1,1,1,4,3,0,0,0,0,0,0,0,0,0,1,0,2,43,402,60
5230,B2,1,0,1,13,0,0,0,0,0,0,0,0,0,1,0,2,5,148,40
5230,C1,14,1,2,0,0,0,0,0,0,0,0,0,0,1,0,2,9,176,10
5240,A1,1,8,0,3,0,0,0,0,0,0,0,0,0,1,0,2,4,54,4
5240,B0,0,1,7,3,0,0,0,0,0,0,0,0,0,1,0,2,5,44,7
5240,B1,3,1,4,3,0,0,0,0,0,0,0,0,0,1,0,2,43,402,60
5240,B2,1,0,1,14,0,0,0,0,0,0,0,0,0,1,0,2,5,148,40
5240,C1,11,1,2,0,0,0,0,0,0,0,0,0,0,1,0,2,9,176,10
5250,A1,2,6,0,1,0,0,0,0,0,0,0,0,0,0,1,2,4,54,4
5250,B0,0,1,6,2,0,0,0,0,0,0,0,0,0,0,1,2,5,44,7
5250,B1,2,1,4,3,0,0,0,0,0,0,0,0,0,0,1,2,43,402,60
5250,B2,2,0,1,14,0,0,0,0,0,0,0,0,0,0,1,2,5,148,40
5250,C1,11,2,1,0,0,0,0,0,0,0,0,0,0,0,1,2,9,176,10
5260,A1,4,6,0,1,0,0,0,0,0,0,0,0,0,0,1,2,4,54,4
5260,B0,0,1,4,1,0,0,0,0,0,0,0,0,0,0,1,2,5,44,7
5260,B1,2,1,2,3,0,0,0,0,0,0,0,0,0,0,1,2,43,402,60
5260,B2,2,0,1,11,0,0,0,0,0,0,0,0,0,0,1,2,5,148,40
5260,C1,13,2,1,0,0,0,0,0,0,0,0,0,0,0,1,2,9,176,10
5270,A1,3,9,0,2,0,0,0,0,0,0,0,0,0,1,0,2,4,54,4
5270,B0,0,1,3,1,0,0,0,0,0,0,0,0,0,1,0,2,5,44,7
5270,B1,1,2,2,1,0,0,0,0,0,0,0,0,0,1,0,2,43,402,60
5270,B2,4,0,1,11,0,0,0,0,0,0,0,0,0,1,0,2,5,148,40
5270,C1,14,3,1,0,0,0,0,0,0,0,0,0,0,1,0,2,9,176,10
5280,A1,1,9,0,2,0,0,0,0,0,0,0,0,0,1,0,2,4,54,4
5280,B0,0,1,4,1,0,0,0,0,0,0,0,0,0,1,0,2,5,44,7
5280,B1,3,1,2,2,0,0,0,0,0,0,0,0,0,1,0,2,43,402,60
5280,B2,1,0,2,13,0,0,0,0,0,0,0,0,0,1,0,2,5,148,40
5280,C1,13,4,1,0,0,0,0,0,0,0,0,0,0,1,0,2,9,176,10
5290,A1,2,6,0,2,0,0,0,0,0,0,0,0,0,0,1,2,4,54,4
5290,B0,0,2,4,1,0,0,0,0,0,0,0,0,0,0,1,2,5,44,7
5290,B1,1,1,2,2,0,0,0,0,0,0,0,0,0,0,1,2,43,402,60
5290,B2,2,0,2,14,0,0,0,0,0,0,0,0,0,0,1,2,5,148,40
5290,C1,10,1,1,0,0,0,0,0,0,0,0,0,0,0,1,2,9,176,10
5300,A1,3,6,0,1,0,0,0,0,0,0,0,0,0,0,1,2,4,54,4
5300,B0,0,4,3,3,0,0,0,0,0,0,0,0,0,0,1,2,5,44,7
5300,B1,2,1,2,1,0,0,0,0,0,0,0,0,0,0,1,2,43,402,60
5300,B2,4,0,1,14,0,0,0,0,0,0,0,0,0,0,1,2,5,148,40
5300,C1,12,2,1,0,0,0,0,0,0,0,0,0,0,0,1,2,9,176,10
5310,A1,4,7,0,1,0,0,0,0,0,0,0,0,0,0,1,2,4,54,4
5310,B0,0,4,4,1,0,0,0,0,0,0,0,0,0,0,1,2,5,44,7
5310,B1,2,1,1,4,0,0,0,0,0,0,0,0,0,0,1,2,43,402,60
5310,B2,4,0,2,13,0,0,0,0,0,0,0,0,0,0,1,2,5,148,40
5310,C1,14,3,1,0,0,0,0,0,0,0,0,0,0,0,1,2,9,176,10
5320,A1,1,7,0,2,0,0,0,0,0,0,0,0,0,1,0,2,4,54,4
5320,B0,0,4,4,1,0,0,0,0,0,0,0,0,0,1,0,2,5,44,7
5320,B1,2,2,2,4,0,0,0,0,0,0,0,0,0,1,0,2,43,402,60
5320,B2,2,0,2,13,0,0,0,0,0,0,0,0,0,1,0,2,5,148,40
5320,C1,14,1,1,0,0,0,0,0,0,0,0,0,0,1,0,2,9,176,10
5330,A1,1,7,0,3,0,0,0,0,0,0,0,0,0,1,0,2,4,54,4
5330,B0,0,1,5,1,0,0,0,0,0,0,0,0,0,1,0,2,5,44,7
5330,B1,1,2,2,4,0,0,0,0,0,0,0,0,0,1,0,2,43,402,60
5330,B2,1,0,2,14,0,0,0,0,0,0,0,0,0,1,0,2,5,148,40
5330,C1,10,1,1,0,0,0,0,0,0,0,0,0,0,1,0,2,9,176,10
5340,A1,1,6,0,1,0,0,0,0,0,0,0,0,0,0,1,2,4,54,4
5340,B0,0,1,7,1,0,0,0,0,0,0,0,0,0,0,1,2,5,44,7
5340,B1,1,1,1,2,0,0,0,0,0,0,0,0,0,0,1,2,43,402,60
5340,B2,2,0,3,14,0,0,0,0,0,0,0,0,0,0,1,2,5,148,40
5340,C1,10,3,1,0,0,0,0,0,0,0,0,0,0,0,1,2,9,176,10
5350,A1,1,7,0,1,0,0,0,0,0,0,0,0,0,0,1,2,4,54,4
5350,B0,0,1,5,1,0,0,0,0,0,0,0,0,0,0,1,2,5,44,7
5350,B1,1,1,1,2,0,0,0,0,0,0,0,0,0,0,1,2,43,402,60
5350,B2,3,0,1,14,0,0,0,0,0,0,0,0,0,0,1,2,5,148,40
5350,C1,13,3,1,0,0,0,0,0,0,0,0,0,0,0,1,2,9,176,10
5360,A1,1,8,0,1,0,0,0,0,0,0,0,0,0,1,0,2,4,54,4
5360,B0,0,2,3,1,0,0,0,0,0,0,0,0,0,1,0,2,5,44,7
5360,B1,1,1,2,2,0,0,0,0,0,0,0,0,0,1,0,2,43,402,60
5360,B2,3,0,2,13,0,0,0,0,0,0,0,0,0,1,0,2,5,148,40
5360,C1,14,4,1,0,0,0,0,0,0,0,0,0,0,1,0,2,9,176,10
5370,A1,2,6,0,3,0,0,0,0,0,0,0,0,0,1,0,2,4,54,4
5370,B0,0,1,4,1,0,0,0,0,0,0,0,0,0,1,0,2,5,44,7
5370,B1,1,1,2,2,0,0,0,0,0,0,0,0,0,1,0,2,43,402,60
5370,B2,1,0,2,14,0,0,0,0,0,0,0,0,0,1,0,2,5,148,40
5370,C1,14,3,1,0,0,0,0,0,0,0,0,0,0,1,0,2,9,176,10
5380,A1,1,4,0,3,0,0,0,0,0,0,0,0,0,1,0,2,4,54,4
5380,B0,0,1,5,1,0,0,0,0,0,0,0,0,0,1,0,2,5,44,7
5380,B1,1,1,2,2,0,0,0,0,0,0,0,0,0,1,0,2,43,402,60
5380,B2,1,0,4,14,0,0,0,0,0,0,0,0,0,1,0,2,5,148,40
5380,C1,13,2,2,0,0,0,0,0,0,0,0,0,0,1,0,2,9,176,10
5390,A1,2,4,0,1,0,0,0,0,0,0,0,0,0,0,1,2,4,54,4
5390,B0,0,1,4,2,0,0,0,0,0,0,0,0,0,0,1,2,5,44,7
5390,B1,1,1,2,2,0,0,0,0,0,0,0,0,0,0,1,2,43,402,60
5390,B2,1,0,2,14,0,0,0,0,0,0,0,0,0,0,1,2,5,148,40
5390,C1,13,1,2,0,0,0,0,0,0,0,0,0,0,0,1,2,9,176,10
5400,A1,3,4,0,1,0,0,0,0,0,0,0,0,0,0,1,2,4,54,4
5400,B0,0,2,3,2,0,0,0,0,0,0,0,0,0,0,1,2,5,44,7
5400,B1,1,1,4,1,0,0,0,0,0,0,0,0,0,0,1,2,43,402,60
5400,B2,1,0,1,12,0,0,0,0,0,0,0,0,0,0,1,2,5,148,40
5400,C1,14,3,1,0,0,0,0,0,0,0,0,0,0,0,1,2,9,176,10
5410,A1,2,5,0,3,0,0,0,0,0,0,0,0,0,1,0,2,4,54,4
5410,B0,0,1,2,1,0,0,0,0,0,0,1,0,0,1,0,1,5,44,7
5410,B1,1,1,3,2,0,1,0,0,0,0,0,0,0,1,0,2,45,421,61
5410,B2,1,0,1,11,0,0,0,0,0,0,0,0,0,1,0,2,5,148,40
5410,C1,14,1,1,0,0,0,0,0,0,0,0,0,0,1,0,2,9,176,10
5420,A1,1,3,0,3,0,0,0,0,0,0,0,0,0,1,0,2,4,54,4
5420,B0,0,1,4,2,0,0,0,0,0,0,0,0,0,1,0,2,5,44,7
5420,B1,1,2,3,1,0,0,0,0,0,0,0,0,0,1,0,2,45,431,62
5420,B2,1,0,2,13,0,0,0,0,0,0,0,0,0,1,0,2,5,148,40
5420,C1,13,3,1,0,0,0,0,0,0,0,0,0,0,1,0,2,9,176,10
5430,A1,1,1,0,3,0,0,0,0,0,0,0,0,0,0,1,2,4,54,4
5430,B0,0,1,3,5,0,0,0,0,0,0,0,0,0,0,1,2,5,44,7
5430,B1,1,3,4,1,0,0,0,0,0,0,0,0,0,0,1,2,45,431,62
5430,B2,3,0,1,14,0,0,0,0,0,0,0,0,0,0,1,2,5,148,40
5430,C1,13,4,1,0,0,0,0,0,0,0,0,0,0,0,1,2,10,177,11
5440,A1,1,1,0,1,0,0,0,0,0,0,0,0,0,0,1,2,4,54,4
5440,B0,0,1,4,1,0,0,0,0,0,0,0,0,0,0,1,2,5,44,7
5440,B1,2,3,3,3,0,0,0,0,0,0,0,0,0,0,1,2,45,431,62
5440,B2,3,0,2,14,0,0,0,0,0,0,0,0,0,0,1,2,5,148,40
5440,C1,14,5,1,0,0,0,0,0,0,0,0,0,0,0,1,2,10,177,11
5450,A1,2,3,0,1,0,0,0,0,0,0,0,0,0,0,1,2,4,54,4
5450,B0,0,1,4,2,0,0,0,0,0,0,0,0,0,0,1,2,5,44,7
5450,B1,2,3,2,4,0,0,0,0,0,0,0,0,0,0,1,2,45,431,62
5450,B2,3,0,3,12,0,0,0,0,0,0,0,0,0,0,1,2,5,148,40
5450,C1,14,6,1,0,0,0,0,0,0,0,0,0,0,0,1,2,10,177,11
5460,A1,1,5,0,1,0,0,0,0,0,0,0,0,0,1,0,2,4,54,4
5460,B0,0,1,4,1,0,0,0,0,0,0,0,0,0,1,0,2,5,44,7
5460,B1,2,1,3,4,0,0,0,0,0,0,0,0,0,1,0,2,45,431,62
5460,B2,1,0,3,13,0,0,0,0,0,0,0,0,0,1,0,2,6,152,41
5460,C1,14,2,1,0,0,0,0,0,0,0,0,0,0,1,0,2,10,177,11
5470,A1,1,2,0,1,0,0,0,0,0,0,0,0,0,1,0,2,4,54,4
5470,B0,0,2,4,4,0,0,0,0,0,0,0,0,0,1,0,2,5,44,7
5470,B1,2,1,3,4,0,0,0,0,0,0,0,0,0,1,0,2,45,431,62
5470,B2,1,0,4,14,0,0,0,0,0,0,0,0,0,1,0,2,6,152,41
5470,C1,14,2,3,0,0,0,0,0,0,0,0,0,0,1,0,2,10,177,11
5480,A1,1,1,0,1,0,0,0,0,0,0,0,0,0,0,1,2,4,54,4
5480,B0,0,4,6,2,0,0,0,0,0,0,0,0,0,0,1,2,5,44,7
5480,B1,1,2,2,5,0,0,0,0,0,0,0,0,0,0,1,2,45,431,62
5480,B2,1,0,1,14,0,0,0,0,0,0,0,0,0,0,1,2,6,152,41
5480,C1,13,1,2,0,0,0,0,0,0,0,0,0,0,0,1,2,10,177,11
5490,A1,1,3,0,1,0,0,0,0,0,0,0,0,0,0,1,2,4,54,4
5490,B0,0,5,6,1,0,0,0,0,0,0,0,0,0,0,1,2,5,44,7
5490,B1,1,2,1,3,0,0,0,0,0,0,0,0,0,0,1,2,45,431,62
5490,B2,2,0,2,13,0,0,0,0,0,0,0,0,0,0,1,2,6,152,41
5490,C1,14,2,1,0,0,0,0,0,0,0,0,0,0,0,1,2,10,177,11
5500,A1,3,4,0,1,0,0,0,0,0,0,0,0,0,1,0,2,4,54,4
5500,B0,0,5,5,1,0,0,0,0,0,0,0,0,0,1,0,2,5,44,7
5500,B1,1,2,1,3,0,0,1,0,0,0,0,0,0,1,0,2,46,439,62
5500,B2,3,0,1,11,0,0,0,0,0,1,0,0,0,1,0,1,6,152,41
5500,C1,14,3,1,0,0,0,0,0,0,0,0,0,0,1,0,2,10,177,11
5510,A1,2,5,0,1,0,0,0,0,0,0,0,0,0,1,0,2,4,54,4
5510,B0,0,2,6,1,0,0,0,0,0,0,0,0,0,1,0,2,5,44,7
5510,B1,2,1,1,3,0,0,0,0,0,0,0,0,0,1,0,2,46,439,64
5510,B2,1,0,1,13,0,0,0,0,0,0,0,0,0,1,0,2,6,152,41
5510,C1,14,1,2,0,0,0,0,0,0,0,0,0,0,1,0,2,10,177,11
5520,A1,3,5,0,1,0,0,0,0,0,0,0,0,0,0,1,2,4,54,4
5520,B0,0,1,8,2,0,0,0,0,0,0,0,0,0,0,1,2,5,44,7
5520,B1,1,2,2,3,0,0,0,0,0,0,0,0,0,0,1,2,46,439,64
5520,B2,1,0,2,14,0,0,0,0,0,0,0,0,0,0,1,2,6,152,41
5520,C1,12,1,2,0,0,0,0,0,0,0,0,0,0,0,1,2,10,177,11
5530,A1,2,5,0,1,0,0,0,0,0,0,0,0,0,0,1,2,4,54,4
5530,B0,0,2,7,3,0,0,0,0,0,0,0,0,0,0,1,2,5,44,7
5530,B1,1,2,2,1,0,0,0,0,0,0,0,0,0,0,1,2,46,439,64
5530,B2,2,0,1,12,0,0,0,0,0,0,0,0,0,0,1,2,6,152,41
5530,C1,13,1,2,0,0,0,0,0,0,0,0,0,0,0,1,2,10,177,11
5540,A1,3,6,0,1,0,0,0,0,0,0,0,0,0,0,1,2,4,54,4
5540,B0,0,3,8,2,0,0,0,0,0,0,0,0,0,0,1,2,5,44,7
5540,B1,1,2,1,2,0,0,0,0,0,0,0,0,0,0,1,2,46,439,64
5540,B2,3,0,1,9,0,0,0,0,0,0,0,0,0,0,1,2,6,152,41
5540,C1,14,3,1,0,0,0,0,0,0,0,0,0,0,0,1,2,10,177,11
5550,A1,1,8,0,1,0,0,0,0,0,0,0,0,0,1,0,2,4,54,4
5550,B0,0,1,8,2,0,0,0,0,0,0,0,0,0,1,0,2,5,44,7
5550,B1,1,2,1,1,0,0,0,0,0,0,0,0,0,1,0,2,46,439,64
5550,B2,1,0,3,12,0,0,0,0,0,0,0,0,0,1,0,2,6,152,41
5550,C1,14,1,1,0,0,0,0,0,0,0,0,0,0,1,0,2,10,177,11
5560,A1,1,8,0,2,0,0,0,0,0,0,0,0,0,1,0,2,4,54,4
5560,B0,0,1,7,4,0,0,0,0,0,0,0,0,0,1,0,2,5,44,7
5560,B1,1,2,1,1,0,0,0,0,0,0,0,0,0,1,0,2,46,439,64
5560,B2,1,0,1,14,0,0,0,0,0,0,0,0,0,1,0,2,6,152,41
5560,C1,13,1,1,0,0,0,0,0,0,0,0,0,0,1,0,2,10,177,11
5570,A1,2,6,0,1,0,0,0,0,0,0,0,0,0,0,1,2,4,54,4
5570,B0,0,1,7,4,0,0,0,0,0,0,0,0,0,0,1,2,5,44,7
5570,B1,2,1,1,1,0,0,0,0,0,0,0,0,0,0,1,2,47,445,65
5570,B2,2,0,3,14,0,0,0,0,0,0,0,0,0,0,1,2,6,152,41
5570,C1,12,1,1,0,0,0,0,0,0,0,0,0,0,0,1,2,10,177,11
5580,A1,4,7,0,1,0,0,0,0,0,0,0,0,0,0,1,2,4,54,4
5580,B0,0,4,7,1,0,0,0,0,0,0,0,0,0,0,1,2,5,44,7
5580,B1,1,1,1,2,0,0,0,0,0,0,0,0,0,0,1,2,47,445,65
5580,B2,2,0,1,13,0,0,0,0,0,0,0,0,0,0,1,2,6,152,41
5580,C1,13,2,1,0,0,0,0,0,0,0,0,0,0,0,1,2,10,177,11
5590,A1,5,8,0,1,0,0,0,0,0,0,0,0,0,1,0,2,4,54,4
5590,B0,0,4,6,3,0,0,0,0,0,0,0,0,0,1,0,2,5,44,7
5590,B1,1,2,1,2,0,0,0,0,0,0,0,0,0,1,0,2,47,445,65
5590,B2,2,0,2,11,0,0,0,0,0,0,0,0,0,1,0,2,6,152,41
5590,C1,14,2,1,0,0,0,0,0,0,0,0,0,0,1,0,2,10,177,11
5600,A1,2,8,0,1,0,0,0,0,0,0,0,0,0,1,0,2,4,54,4
5600,B0,0,1,6,2,0,0,0,0,0,0,0,0,0,1,0,2,5,44,7
5600,B1,1,2,1,2,0,0,0,0,0,0,0,0,0,1,0,2,47,445,65
5600,B2,1,0,1,13,0,0,0,0,0,0,0,0,0,1,0,2,6,152,41
5600,C1,13,1,1,0,0,0,0,0,0,0,0,0,0,1,0,2,10,177,11
5610,A1,1,7,0,2,0,0,0,0,0,0,0,0,0,1,0,2,4,54,4
5610,B0,0,1,8,4,0,0,0,0,0,0,0,0,0,1,0,2,5,44,7
5610,B1,3,2,1,2,0,0,0,0,0,0,0,0,0,1,0,2,47,445,65
5610,B2,1,0,2,14,0,0,0,0,0,0,0,0,0,1,0,2,6,152,41
5610,C1,10,2,3,0,0,0,0,0,0,0,0,0,0,1,0,2,10,177,11
5620,A1,2,6,0,1,0,0,0,0,0,0,0,0,0,0,1,2,4,54,4
5620,B0,0,1,10,2,0,0,0,0,0,0,0,0,0,0,1,2,5,44,7
5620,B1,2,2,1,1,0,0,0,0,0,0,0,0,0,0,1,2,47,445,65
5620,B2,1,0,1,14,0,0,0,0,0,0,0,0,0,0,1,2,6,152,41
5620,C1,12,1,1,0,0,0,0,0,0,0,0,0,0,0,1,2,10,177,11
5630,A1,3,8,0,1,0,0,0,0,0,0,0,0,0,0,1,2,4,54,4
5630,B0,0,2,9,2,0,0,0,0,0,0,0,0,0,0,1,2,5,44,7
5630,B1,2,2,1,1,0,0,0,0,0,0,0,0,0,0,1,2,47,445,65
5630,B2,1,0,2,13,0,0,0,0,0,0,0,0,0,0,1,2,6,152,41
5630,C1,14,2,1,0,0,0,0,0,0,0,0,0,0,0,1,2,10,177,11
5640,A1,3,10,0,1,0,0,0,0,0,0,0,0,0,1,0,2,4,54,4
5640,B0,0,2,8,1,0,0,0,0,0,0,0,0,0,1,0,2,5,44,7
5640,B1,3,2,1,1,0,0,0,0,0,0,0,0,0,1,0,2,47,445,65
5640,B2,2,0,1,13,0,0,0,0,0,0,0,0,0,1,0,2,6,152,41
5640,C1,14,3,1,0,0,0,0,0,0,0,0,0,0,1,0,2,10,177,11
5650,A1,2,10,0,2,0,0,0,0,0,0,0,0,0,1,0,2,4,54,4
5650,B0,0,1,8,1,0,0,0,0,0,0,0,0,0,1,0,2,5,44,7
5650,B1,1,1,1,1,0,0,0,0,0,0,0,0,0,1,0,2,47,445,65
5650,B2,1,0,2,14,0,0,0,0,0,0,0,0,0,1,0,2,6,152,41
5650,C1,12,2,2,0,0,0,0,0,0,0,0,0,0,1,0,2,10,177,11
5660,A1,1,7,0,3,0,0,0,0,1,0,0,0,1,0,1,2,5,59,4
5660,B0,0,1,12,1,0,0,0,0,0,0,0,0,0,0,1,2,5,44,7
5660,B1,1,3,1,1,0,0,0,1,0,0,0,1,0,0,1,2,48,451,65
5660,B2,2,0,2,14,0,0,0,0,0,0,0,0,0,0,1,2,6,152,41
5660,C1,12,1,1,0,0,0,0,0,0,0,0,0,0,0,1,2,10,177,11
5670,A1,2,7,0,2,0,0,0,0,0,0,0,0,0,0,1,2,5,62,5
5670,B0,0,2,11,1,0,0,0,0,0,0,0,0,0,0,1,2,5,44,7
5670,B1,1,1,1,3,0,0,0,0,0,0,0,0,0,0,1,2,48,465,66
5670,B2,4,0,2,14,0,0,0,0,0,0,0,0,0,0,1,2,6,152,41
5670,C1,14,1,1,0,0,0,0,0,0,0,0,0,0,0,1,2,10,177,11
5680,A1,1,9,0,2,0,0,0,0,0,0,0,0,0,0,1,2,5,62,5
5680,B0,0,2,8,1,0,0,0,0,0,0,0,0,0,0,1,2,5,44,7
5680,B1,1,1,1,1,0,0,0,0,0,0,0,0,0,0,1,2,48,465,66
5680,B2,5,0,4,13,0,0,0,0,0,0,0,0,0,0,1,2,6,152,41
5680,C1,14,2,2,0,0,0,0,0,0,0,0,0,0,0,1,2,10,177,11
5690,A1,3,10,0,2,0,0,0,0,0,0,0,0,0,1,0,2,5,62,5
5690,B0,0,1,8,1,0,0,0,0,0,0,0,0,0,1,0,2,5,44,7
5690,B1,2,1,1,2,0,0,0,0,0,0,0,0,0,1,0,2,48,465,66
5690,B2,2,0,6,13,0,0,0,0,0,0,0,0,0,1,0,1,6,152,41
5690,C1,14,2,1,0,0,0,0,0,0,0,0,0,0,1,0,2,10,177,11
5700,A1,1,9,0,3,0,0,0,0,0,0,0,0,0,1,0,2,5,62,5
5700,B0,0,1,10,3,0,0,0,0,0,0,0,0,0,1,0,2,5,44,7
5700,B1,3,1,1,2,0,0,0,0,0,0,0,0,0,1,0,2,48,465,66
5700,B2,1,0,8,14,0,0,0,0,0,0,0,0,0,1,0,1,6,152,41
5700,C1,13,1,1,0,0,0,0,0,0,0,0,0,0,1,0,2,10,177,11
5710,A1,1,7,0,3,0,0,0,0,0,0,0,0,0,0,1,2,5,62,5
5710,B0,0,1,9,1,0,0,0,0,0,0,0,0,0,0,1,2,5,44,7
5710,B1,3,1,1,1,0,0,0,0,0,0,0,0,0,0,1,2,48,465,66
5710,B2,1,0,7,14,0,0,0,0,0,0,0,0,0,0,1,2,6,152,41
5710,C1,13,2,1,0,0,0,0,0,0,0,0,0,0,0,1,2,10,177,11
5720,A1,3,10,0,1,0,0,0,0,0,0,0,0,0,0,1,2,5,62,5
5720,B0,0,1,11,1,0,0,0,0,0,0,0,0,0,0,1,2,5,44,7
5720,B1,3,1,2,1,0,0,0,0,0,0,0,0,0,0,1,2,48,465,66
5720,B2,1,0,4,14,0,0,0,0,0,0,0,0,0,0,1,2,6,152,41
5720,C1,14,3,1,0,0,0,0,0,0,0,0,0,0,0,1,2,10,177,11
5730,A1,2,11,0,2,0,0,0,0,0,0,0,0,0,1,0,2,5,62,5
5730,B0,0,1,9,1,0,0,0,0,0,0,0,0,0,1,0,2,5,44,7
5730,B1,3,1,2,2,0,0,0,0,0,0,0,0,0,1,0,2,48,465,66
5730,B2,1,0,3,13,0,0,0,0,0,0,0,0,0,1,0,2,6,152,41
5730,C1,14,3,1,0,0,0,0,0,0,0,0,0,0,1,0,2,10,177,11
5740,A1,2,11,0,2,0,0,0,0,0,0,0,0,0,1,0,2,5,62,5
5740,B0,0,1,9,3,0,0,0,0,0,0,0,0,0,1,0,2,5,44,7
5740,B1,2,1,2,2,0,0,0,0,0,0,0,0,0,1,0,2,48,465,66
5740,B2,2,0,3,13,0,0,0,0,0,0,0,0,0,1,0,2,6,152,41
5740,C1,13,1,1,0,0,0,0,0,0,0,0,0,0,1,0,2,10,177,11
5750,A1,2,8,0,3,0,0,0,0,0,0,0,0,0,0,1,2,5,62,5
5750,B0,0,1,13,1,0,0,0,0,0,0,0,0,0,0,1,2,5,44,7
5750,B1,2,2,2,2,0,0,0,0,2,0,0,0,0,0,1,1,49,467,66
5750,B2,1,0,4,14,0,0,0,0,0,0,0,0,0,0,1,2,6,152,41
5750,C1,11,2,1,0,0,0,0,0,0,0,0,1,0,0,1,2,10,177,11
5760,A1,4,10,0,1,0,0,0,0,0,0,0,0,0,0,1,2,5,62,5
5760,B0,0,2,12,3,0,0,0,0,0,0,0,0,0,0,1,2,5,44,7
5760,B1,2,2,2,2,0,0,0,0,0,0,0,0,0,0,1,2,49,477,68
5760,B2,1,0,4,14,0,0,0,0,0,0,0,0,0,0,1,2,6,152,41
5760,C1,13,2,1,0,0,0,0,0,0,0,0,0,0,0,1,2,10,177,11
5770,A1,3,10,0,1,0,0,0,0,0,0,0,0,0,0,1,2,5,62,5
5770,B0,0,1,10,1,0,0,0,0,0,0,0,0,0,0,1,2,5,44,7
5770,B1,2,2,2,3,0,0,0,0,0,0,0,0,0,0,1,2,49,477,68
5770,B2,2,0,2,14,0,0,0,0,0,0,0,0,0,0,1,2,6,152,41
5770,C1,13,3,2,0,0,0,0,0,0,0,0,0,0,0,1,2,10,177,11
5780,A1,1,11,0,1,0,0,0,0,0,0,0,0,0,1,0,2,5,62,5
5780,B0,0,1,11,1,0,0,0,0,0,0,0,0,0,1,0,2,5,44,7
5780,B1,2,1,3,1,0,0,0,0,0,0,0,0,0,1,0,2,49,477,68
5780,B2,3,0,1,13,0,0,0,0,0,0,0,0,0,1,0,2,6,152,41
5780,C1,13,4,3,0,0,0,0,0,0,0,0,0,0,1,0,2,10,177,11
5790,A1,2,11,0,2,0,0,0,0,0,0,0,0,0,1,0,2,5,62,5
5790,B0,0,1,11,1,0,0,0,0,0,0,0,0,0,1,0,2,5,44,7
5790,B1,3,1,3,1,0,0,0,0,0,0,0,0,0,1,0,2,49,477,68
5790,B2,1,0,2,14,0,0,0,0,0,0,0,0,0,1,0,2,6,152,41
5790,C1,14,2,3,0,0,0,0,0,0,0,0,0,0,1,0,2,10,177,11
5800,A1,1,10,0,1,0,0,0,0,0,0,0,0,0,0,1,2,5,62,5
5800,B0,0,1,13,2,0,0,0,0,0,0,0,0,0,0,1,2,5,44,7
5800,B1,3,1,3,1,0,0,0,0,0,0,0,0,0,0,1,2,49,477,68
5800,B2,1,0,2,14,0,0,0,0,0,0,0,0,0,0,1,2,6,152,41
5800,C1,13,3,1,0,0,0,0,0,0,0,0,0,0,0,1,2,10,177,11
5810,A1,2,11,0,1,0,0,0,0,0,0,0,0,0,0,1,2,5,62,5
5810,B0,0,2,12,1,0,0,0,0,0,0,0,0,0,0,1,2,5,44,7
5810,B1,3,1,2,2,0,0,0,0,0,0,0,0,0,0,1,2,49,477,68
5810,B2,2,0,1,13,0,0,0,0,0,0,0,0,0,0,1,2,6,152,41
5810,C1,13,4,1,0,0,0,0,0,0,0,0,0,0,0,1,2,10,177,11
5820,A1,1,12,0,3,0,0,0,0,0,0,0,0,0,1,0,2,5,62,5
5820,B0,0,4,12,1,0,0,0,0,0,0,0,0,0,1,0,2,5,44,7
5820,B1,2,1,1,1,0,0,0,0,0,0,0,0,0,1,0,2,49,477,68
5820,B2,2,0,1,10,0,0,0,0,0,0,0,0,0,1,0,2,6,152,41
5820,C1,14,6,1,0,0,0,0,0,0,0,0,0,0,1,0,2,10,177,11
5830,A1,1,11,0,3,0,0,0,0,0,0,0,0,0,1,0,2,5,62,5
5830,B0,0,1,13,1,0,0,0,0,0,0,0,0,0,1,0,1,5,44,7
5830,B1,2,1,1,2,0,0,0,0,0,0,0,0,0,1,0,2,49,477,68
5830,B2,2,0,1,12,0,0,0,0,0,0,0,0,0,1,0,2,6,152,41
5830,C1,14,3,1,0,0,0,0,0,0,0,0,0,0,1,0,2,10,177,11
5840,A1,1,11,0,3,0,0,0,0,0,0,0,0,0,1,0,2,5,62,5
5840,B0,0,1,14,2,0,0,0,0,0,0,0,0,0,1,0,2,5,44,7
5840,B1,1,3,1,2,0,0,0,0,0,0,0,0,0,1,0,2,49,477,68
5840,B2,1,0,3,14,0,0,0,0,0,0,0,0,0,1,0,2,6,152,41
5840,C1,13,2,3,0,0,0,0,0,0,0,0,0,0,1,0,2,10,177,11
5850,A1,1,11,0,2,0,0,0,0,0,0,0,0,1,0,1,2,5,62,5
5850,B0,0,2,12,4,0,0,0,0,0,0,0,0,0,0,1,2,6,47,8
5850,B1,1,2,1,1,0,0,0,1,0,0,0,0,0,0,1,2,50,494,68
5850,B2,3,0,3,14,0,0,0,0,0,0,0,0,0,0,1,2,6,152,41
5850,C1,13,1,1,0,0,0,0,0,0,0,0,0,0,0,1,2,10,177,11
5860,A1,2,13,0,1,0,0,0,0,0,0,0,0,0,0,1,2,5,62,5
5860,B0,0,2,12,2,0,0,0,0,0,0,0,0,0,0,1,2,6,47,8
5860,B1,1,2,1,1,0,0,0,0,0,0,0,0,0,0,1,2,50,495,69
5860,B2,4,0,1,13,0,0,0,0,0,0,0,0,0,0,1,2,6,152,41
5860,C1,13,3,2,0,0,0,0,0,0,0,0,0,0,0,1,2,10,177,11
5870,A1,1,14,0,2,0,0,0,0,0,0,0,0,0,1,0,2,5,62,5
5870,B0,0,1,13,1,0,0,0,0,0,0,0,0,0,1,0,1,6,47,8
5870,B1,3,1,1,2,0,0,0,0,0,0,0,0,0,1,0,2,50,495,69
5870,B2,2,0,1,13,0,0,0,0,0,0,0,0,0,1,0,2,6,152,41
5870,C1,14,2,3,0,0,0,0,0,0,0,0,0,0,1,0,2,10,177,11
5880,A1,2,11,0,2,0,0,0,0,0,0,0,0,0,1,0,2,5,62,5
5880,B0,0,1,14,4,0,0,0,0,0,0,0,0,0,1,0,2,6,47,8
5880,B1,1,2,1,2,0,0,0,0,0,0,0,0,0,1,0,2,50,495,69
5880,B2,1,0,2,14,0,0,0,0,0,0,0,0,0,1,0,2,6,152,41
5880,C1,14,1,3,0,0,0,0,0,0,0,0,0,0,1,0,2,10,177,11
5890,A1,1,9,0,2,0,0,0,0,0,0,0,0,1,0,1,2,5,62,5
5890,B0,0,1,14,5,0,0,0,0,0,0,0,0,0,0,1,2,6,47,8
5890,B1,2,3,1,1,0,0,0,1,0,0,0,0,0,0,1,2,51,501,69
5890,B2,1,0,2,14,0,0,0,0,0,0,0,0,0,0,1,2,6,152,41
5890,C1,13,1,4,0,0,0,0,0,0,0,0,0,0,0,1,2,10,177,11
5900,A1,2,11,0,1,0,0,0,0,0,0,0,0,0,0,1,2,5,62,5
5900,B0,0,3,14,1,0,0,0,0,0,0,0,0,0,0,1,2,6,47,8
5900,B1,2,2,1,1,0,0,0,0,0,0,0,0,0,0,1,2,51,509,70
5900,B2,1,0,1,12,0,0,0,0,0,0,0,0,0,0,1,2,6,152,41
5900,C1,13,3,1,0,0,0,0,0,0,0,0,0,0,0,1,2,10,177,11
5910,A1,3,10,0,2,0,0,0,0,0,0,0,0,0,0,1,2,5,62,5
5910,B0,0,3,12,2,0,0,0,0,0,0,0,0,0,0,1,2,6,47,8
5910,B1,2,2,2,1,0,0,0,0,0,0,0,0,0,0,1,2,51,509,70
5910,B2,2,0,1,9,0,0,0,0,0,0,0,0,0,0,1,2,6,152,41
5910,C1,14,2,1,0,0,0,0,0,0,0,0,0,0,0,1,2,10,177,11
5920,A1,2,10,0,2,0,0,0,0,0,0,0,0,0,1,0,2,5,62,5
5920,B0,0,1,13,1,0,0,0,0,0,0,0,0,0,1,0,1,6,47,8
5920,B1,2,1,2,1,0,0,0,0,0,0,0,0,0,1,0,2,51,509,70
5920,B2,1,0,1,12,0,0,0,0,0,0,0,0,0,1,0,2,6,152,41
5920,C1,14,2,1,0,0,0,0,0,0,0,0,0,0,1,0,2,10,177,11
5930,A1,1,11,0,2,0,0,0,0,0,0,0,0,0,1,0,2,5,62,5
5930,B0,0,1,14,2,0,0,0,0,0,0,0,0,0,1,0,2,6,47,8
5930,B1,2,1,2,1,0,0,0,0,0,0,0,0,0,1,0,2,51,509,70
5930,B2,1,0,2,14,0,0,0,0,0,0,0,0,0,1,0,2,6,152,41
5930,C1,11,1,1,0,0,0,0,0,0,0,0,0,0,1,0,2,10,177,11
5940,A1,1,10,0,1,0,0,0,0,0,0,0,0,0,0,1,2,5,62,5
5940,B0,0,2,14,1,0,0,0,0,0,0,0,0,0,0,1,2,6,47,8
5940,B1,2,1,3,1,0,0,0,0,1,0,0,0,0,0,1,2,52,523,70
5940,B2,1,0,3,14,0,0,0,0,0,0,0,0,0,0,1,2,6,152,41
5940,C1,12,2,1,0,0,0,0,0,0,0,0,1,0,0,1,2,10,177,11
5950,A1,2,11,0,1,0,0,0,0,0,0,0,0,0,0,1,2,5,62,5
5950,B0,0,4,14,2,0,0,0,0,0,0,0,0,0,0,1,2,6,47,8
5950,B1,2,1,2,1,0,0,0,0,0,0,0,0,0,0,1,2,52,523,71
5950,B2,1,0,1,10,0,0,0,0,0,0,0,0,0,0,1,2,6,152,41
5950,C1,14,4,2,0,0,0,0,0,0,0,0,0,0,0,1,2,10,177,11
5960,A1,2,11,0,2,0,0,0,0,0,0,0,0,0,1,0,2,5,62,5
5960,B0,0,3,12,2,0,0,0,0,0,0,0,0,0,1,0,2,6,47,8
5960,B1,1,1,2,2,0,0,0,0,0,0,0,0,0,1,0,2,52,523,71
5960,B2,1,0,2,9,0,0,0,0,0,0,0,0,0,1,0,2,6,152,41
5960,C1,14,3,1,0,0,0,0,0,0,0,0,0,0,1,0,2,10,177,11
5970,A1,2,11,0,2,0,0,0,0,0,0,0,0,0,1,0,2,5,62,5
5970,B0,0,3,13,1,0,0,0,0,0,0,0,0,0,1,0,2,6,47,8
5970,B1,1,2,2,2,0,0,0,0,0,0,0,0,0,1,0,2,52,523,71
5970,B2,1,0,3,9,0,0,0,0,0,0,0,0,0,1,0,2,6,152,41
5970,C1,14,2,2,0,0,0,0,0,0,0,0,0,0,1,0,2,10,177,11
5980,A1,1,10,0,3,0,0,0,0,0,0,0,0,0,0,1,2,5,62,5
5980,B0,0,1,14,2,0,0,0,0,0,0,0,0,0,0,1,2,6,47,8
5980,B1,1,2,2,2,0,0,0,0,0,0,0,0,0,0,1,2,52,523,71
5980,B2,2,0,6,9,0,0,0,2,0,0,0,0,0,0,1,1,7,154,41
5980,C1,13,1,2,0,0,0,0,0,0,0,0,0,0,0,1,2,10,177,11
5990,A1,1,10,0,3,0,0,0,0,0,0,0,0,0,0,1,2,5,62,5
5990,B0,0,1,13,2,0,0,0,0,0,0,0,0,0,0,1,2,6,47,8
5990,B1,2,3,1,2,0,0,0,0,0,0,0,0,0,0,1,2,52,523,71
5990,B2,1,0,2,8,0,0,0,0,0,0,0,0,0,0,1,2,7,155,43
5990,C1,13,1,1,0,0,0,0,0,0,0,0,0,0,0,1,2,10,177,11
6000,A1,2,10,0,1,0,0,0,0,0,0,0,0,0,0,1,2,5,62,5
6000,B0,0,2,9,1,0,0,0,0,0,0,0,0,0,0,1,2,6,47,8
6000,B1,2,3,1,2,0,0,0,0,0,0,0,0,0,0,1,2,52,523,71
6000,B2,2,0,2,8,0,0,0,0,0,0,0,0,0,0,1,2,7,155,43
6000,C1,14,3,1,0,0,0,0,0,0,0,0,0,0,0,1,2,10,177,11
6010,A1,2,11,0,1,0,0,0,0,0,0,0,0,0,1,0,2,5,62,5
6010,B0,0,1,11,1,0,0,0,0,0,0,0,0,0,1,0,2,6,47,8
6010,B1,2,5,1,2,0,0,0,0,0,0,0,0,0,1,0,2,52,523,71
6010,B2,2,0,1,8,0,0,0,0,0,0,0,0,0,1,0,2,7,155,43
6010,C1,14,1,1,0,0,0,0,0,0,0,0,0,0,1,0,2,10,177,11
6020,A1,2,10,0,1,0,0,0,0,0,0,0,0,0,1,0,2,5,62,5
6020,B0,0,1,14,1,0,0,0,0,0,0,0,0,0,1,0,1,6,47,8
6020,B1,1,4,1,2,0,0,0,0,0,0,0,0,0,1,0,2,52,523,71
6020,B2,1,0,3,9,0,0,0,0,0,0,0,0,0,1,0,2,7,155,43
6020,C1,10,1,2,0,0,0,0,0,0,0,0,0,0,1,0,2,10,177,11
6030,A1,1,9,0,1,0,0,0,0,0,0,0,0,0,0,1,2,5,62,5
6030,B0,0,1,14,4,0,0,0,0,0,0,0,0,0,0,1,2,6,47,8
6030,B1,2,3,1,1,0,0,0,0,0,0,0,0,0,0,1,2,53,527,72
6030,B2,1,0,1,11,0,0,0,0,0,0,0,0,0,0,1,2,7,155,43
6030,C1,10,1,2,0,0,0,0,0,0,0,0,0,0,0,1,2,10,177,11
6040,A1,2,9,0,1,0,0,0,0,0,0,0,0,0,0,1,2,5,62,5
6040,B0,0,1,14,1,0,0,0,0,0,0,0,0,0,0,1,2,6,47,8
6040,B1,2,3,1,1,0,0,0,0,0,0,0,0,0,0,1,2,53,527,72
6040,B2,2,0,4,11,0,0,0,0,0,0,0,0,0,0,1,2,7,155,43
6040,C1,13,2,1,0,0,0,0,0,0,0,0,0,0,0,1,2,10,177,11
6050,A1,2,11,0,1,0,0,0,0,0,0,0,0,0,1,0,2,5,62,5
6050,B0,0,1,13,1,0,0,0,0,0,0,0,0,0,1,0,1,6,47,8
6050,B1,2,4,1,3,0,0,0,0,0,0,0,0,0,1,0,2,53,527,72
6050,B2,1,0,2,8,0,0,0,0,0,0,0,0,0,1,0,2,7,155,43
6050,C1,14,3,1,0,0,0,0,0,0,0,0,0,0,1,0,2,10,177,11
6060,A1,1,9,0,1,0,0,0,0,0,0,0,0,0,1,0,2,5,62,5
6060,B0,0,1,14,1,0,0,0,0,0,0,0,0,0,1,0,1,6,47,8
6060,B1,2,3,1,3,0,0,0,0,0,0,0,0,0,1,0,2,53,527,72
6060,B2,1,0,1,9,0,0,0,0,0,0,0,0,0,1,0,2,7,155,43
6060,C1,13,3,1,0,0,0,0,0,0,0,0,0,0,1,0,2,10,177,11
6070,A1,2,6,0,1,0,0,0,0,0,0,0,0,0,1,0,2,5,62,5
6070,B0,0,1,14,2,0,0,0,0,0,0,0,0,0,1,0,2,6,47,8
6070,B1,2,4,1,3,0,0,0,0,0,0,0,0,0,1,0,2,53,527,72
6070,B2,1,0,3,11,0,0,0,0,0,0,0,0,0,1,0,2,7,155,43
6070,C1,9,2,1,0,0,0,0,0,0,0,0,0,0,1,0,2,10,177,11
6080,A1,1,7,0,1,0,0,0,0,0,0,0,0,0,0,1,2,5,62,5
6080,B0,0,2,14,1,0,0,0,0,0,0,0,0,0,0,1,2,6,47,8
6080,B1,1,4,2,2,0,0,0,0,0,0,0,0,0,0,1,2,53,527,72
6080,B2,1,0,1,11,0,0,0,0,0,0,0,0,0,0,1,2,7,155,43
6080,C1,11,1,2,0,0,0,0,0,0,0,0,0,0,0,1,2,10,177,11
6090,A1,2,7,0,1,0,0,0,0,0,0,0,0,0,0,1,2,5,62,5
6090,B0,0,3,13,2,0,0,0,0,0,0,0,0,0,0,1,2,6,47,8
6090,B1,1,4,3,4,0,0,0,0,0,0,0,0,0,0,1,2,53,527,72
6090,B2,1,0,1,10,0,0,0,0,0,0,0,0,0,0,1,2,7,155,43
6090,C1,14,2,2,0,0,0,0,0,0,0,0,0,0,0,1,2,10,177,11
6100,A1,2,7,0,1,0,0,0,0,0,0,0,0,0,1,0,2,5,62,5
6100,B0,0,1,12,2,0,0,0,0,0,0,0,0,0,1,0,2,6,47,8
6100,B1,1,3,3,4,0,0,0,0,0,0,0,0,0,1,0,2,53,527,72
6100,B2,1,0,3,9,0,0,0,0,0,0,0,0,0,1,0,2,7,155,43
6100,C1,14,1,3,0,0,0,0,0,0,0,0,0,0,1,0,2,10,177,11
6110,A1,1,6,0,3,0,0,0,0,0,0,0,0,0,1,0,2,5,62,5
6110,B0,0,1,13,3,0,0,0,0,0,0,0,0,0,1,0,2,6,47,8
6110,B1,1,3,3,4,0,0,0,0,0,0,0,0,0,1,0,2,53,527,72
6110,B2,1,0,2,9,0,0,0,0,0,0,0,0,0,1,0,2,7,155,43
6110,C1,11,1,4,0,0,0,0,0,0,0,0,0,0,1,0,2,10,177,11
6120,A1,2,6,0,2,0,0,0,0,0,0,0,0,0,0,1,2,5,62,5
6120,B0,0,2,14,2,0,0,0,0,0,0,0,0,0,0,1,2,6,47,8
6120,B1,1,2,3,3,0,0,0,0,0,0,0,0,0,0,1,2,53,527,72
6120,B2,1,0,2,10,0,0,0,0,0,0,0,0,0,0,1,2,7,155,43
6120,C1,10,1,3,0,0,0,0,0,0,0,0,0,0,0,1,2,10,177,11
6130,A1,2,6,0,3,0,0,0,0,0,0,0,0,0,0,1,2,5,62,5
6130,B0,0,5,14,1,0,0,0,0,0,0,0,0,0,0,1,2,6,47,8
6130,B1,1,2,4,1,0,0,0,0,0,0,0,0,0,0,1,2,53,527,72
6130,B2,2,0,1,8,0,0,0,0,0,0,0,0,0,0,1,2,7,155,43
6130,C1,13,1,1,0,0,0,0,0,0,0,0,0,0,0,1,2,10,177,11
6140,A1,3,7,0,1,0,0,0,0,0,0,0,0,0,0,1,2,5,62,5
6140,B0,0,5,12,1,0,0,0,0,0,0,0,0,0,0,1,2,6,47,8
6140,B1,1,2,3,2,0,0,0,0,0,0,0,0,0,0,1,2,53,527,72
6140,B2,3,0,1,5,0,0,0,0,0,0,0,0,0,0,1,2,7,155,43
6140,C1,14,3,1,0,0,0,0,0,0,0,0,0,0,0,1,2,10,177,11
6150,A1,4,9,0,1,0,0,0,0,0,0,0,0,0,1,0,2,5,62,5
6150,B0,0,3,13,1,0,0,0,0,0,0,0,0,0,1,0,2,6,47,8
6150,B1,1,2,3,2,0,0,0,0,0,0,0,0,0,1,0,2,53,527,72
6150,B2,3,0,1,5,0,0,0,0,0,0,0,0,0,1,0,2,7,155,43
6150,C1,14,2,1,0,0,0,0,0,0,0,0,0,0,1,0,2,10,177,11
6160,A1,2,8,0,3,0,0,0,0,0,0,0,0,0,1,0,2,5,62,5
6160,B0,0,1,14,1,0,0,0,0,0,0,0,0,0,1,0,1,6,47,8
6160,B1,1,3,3,2,0,0,0,0,0,0,0,0,0,1,0,2,53,527,72
6160,B2,1,0,3,8,0,0,0,0,0,0,0,0,0,1,0,2,7,155,43
6160,C1,13,1,1,0,0,0,0,0,0,0,0,0,0,1,0,2,10,177,11
6170,A1,2,7,0,1,0,0,0,0,0,0,0,0,0,0,1,2,5,62,5
6170,B0,0,2,14,1,0,0,0,0,0,0,0,0,0,0,1,2,6,47,8
6170,B1,1,2,2,2,0,0,0,0,0,0,0,0,0,0,1,2,53,527,72
6170,B2,1,0,1,8,0,0,0,0,0,0,0,0,0,0,1,2,7,155,43
6170,C1,12,2,1,0,0,0,0,0,0,0,0,0,0,0,1,2,10,177,11
6180,A1,3,8,0,1,0,0,0,0,0,0,0,0,0,0,1,2,5,62,5
6180,B0,0,3,14,5,0,0,0,0,0,0,0,0,0,0,1,2,6,47,8
6180,B1,1,2,2,3,0,0,0,0,0,0,0,0,0,0,1,2,53,527,72
6180,B2,1,0,1,8,0,0,0,0,0,0,0,0,0,0,1,2,7,155,43
6180,C1,14,4,2,0,0,0,0,0,0,0,0,0,0,0,1,2,10,177,11
6190,A1,4,9,0,1,0,0,0,0,0,0,0,0,0,1,0,2,5,62,5
6190,B0,0,2,13,1,0,0,0,0,0,0,0,0,0,1,0,2,6,47,8
6190,B1,1,2,2,2,0,0,0,0,0,0,0,0,0,1,0,2,53,527,72
6190,B2,2,0,3,6,0,0,0,0,0,0,0,0,0,1,0,2,7,155,43
6190,C1,14,4,2,0,0,0,0,0,0,0,0,0,0,1,0,2,10,177,11
6200,A1,3,11,0,1,0,0,0,0,0,0,0,0,0,1,0,2,5,62,5
6200,B0,0,2,14,2,0,0,0,0,0,0,0,0,0,1,0,2,6,47,8
6200,B1,2,1,3,2,0,0,0,0,0,0,0,0,0,1,0,2,53,527,72
6200,B2,2,0,3,8,0,0,0,0,0,0,0,0,0,1,0,2,7,155,43
6200,C1,14,1,3,0,0,0,0,0,0,0,0,0,0,1,0,2,10,177,11
6210,A1,1,10,0,2,0,0,0,0,0,0,0,0,0,0,1,2,5,62,5
6210,B0,0,2,14,4,0,0,0,0,0,0,0,0,0,0,1,2,6,47,8
6210,B1,1,1,3,2,0,0,0,0,0,0,0,0,0,0,1,2,53,527,72
6210,B2,1,0,5,10,0,0,0,0,0,0,0,0,0,0,1,2,7,155,43
6210,C1,12,1,4,0,0,0,0,0,0,0,0,0,0,0,1,2,10,177,11
6220,A1,2,11,0,1,0,0,0,0,0,0,0,0,0,0,1,2,5,62,5
6220,B0,0,2,14,2,0,0,0,0,0,0,0,0,0,0,1,2,6,47,8
6220,B1,1,1,4,1,0,0,0,0,0,0,0,0,0,0,1,2,53,527,72
6220,B2,2,0,3,10,0,0,0,0,0,0,0,0,0,0,1,2,7,155,43
6220,C1,13,1,1,0,0,0,0,0,0,0,0,0,0,0,1,2,10,177,11
6230,A1,3,13,0,1,0,0,0,0,0,0,0,0,0,0,1,2,5,62,5
6230,B0,0,2,13,1,0,0,0,0,0,0,0,0,0,0,1,2,6,47,8
6230,B1,1,1,4,2,0,0,0,0,0,0,0,0,0,0,1,2,53,527,72
6230,B2,3,0,1,9,0,0,0,0,0,0,0,0,0,0,1,2,7,155,43
6230,C1,14,2,1,0,0,0,0,0,0,0,0,0,0,0,1,2,10,177,11
6240,A1,2,14,0,1,0,0,0,0,0,0,0,0,0,1,0,2,5,62,5
6240,B0,0,1,13,1,0,0,0,0,0,0,0,0,0,1,0,1,6,47,8
6240,B1,1,1,2,1,0,0,0,0,0,0,0,0,0,1,0,2,53,527,72
6240,B2,1,0,1,8,0,0,0,0,0,0,0,0,0,1,0,2,7,155,43
6240,C1,14,1,1,0,0,0,0,0,0,0,0,0,0,1,0,2,10,177,11
6250,A1,1,12,0,3,0,0,0,0,0,0,0,0,0,1,0,2,5,62,5
6250,B0,0,1,14,2,0,0,0,0,0,0,0,0,0,1,0,2,6,47,8
6250,B1,2,1,2,1,0,0,0,0,0,0,0,0,0,1,0,2,53,527,72
6250,B2,1,0,2,8,0,0,0,0,0,0,0,0,0,1,0,2,7,155,43
6250,C1,12,1,2,0,0,0,0,0,0,0,0,0,0,1,0,2,10,177,11
6260,A1,1,11,0,1,0,0,0,0,0,0,0,0,0,0,1,2,5,62,5
6260,B0,0,1,14,2,0,0,0,0,0,0,0,0,0,0,1,2,6,47,8
6260,B1,2,1,2,1,0,0,0,0,0,0,0,0,0,0,1,2,53,527,72
6260,B2,1,0,2,9,0,0,0,0,0,0,0,0,0,0,1,2,7,155,43
6260,C1,12,2,2,0,0,0,0,0,0,0,0,0,0,0,1,2,10,177,11
6270,A1,2,12,0,1,0,0,0,0,0,0,0,0,0,0,1,2,5,62,5
6270,B0,0,1,14,2,0,0,0,0,0,0,0,0,0,0,1,2,6,47,8
6270,B1,1,1,2,1,0,0,0,0,0,0,0,0,0,0,1,2,53,527,72
6270,B2,1,0,1,11,0,0,0,0,0,0,0,0,0,0,1,2,7,155,43
6270,C1,13,4,1,0,0,0,0,0,0,0,0,0,0,0,1,2,10,177,11
6280,A1,4,13,0,1,0,0,11,0,0,0,0,0,0,1,0,2,6,65,5
6280,B0,0,1,13,1,0,0,0,0,0,0,0,0,0,1,0,1,6,47,8
6280,B1,1,1,2,1,0,0,0,0,0,0,0,0,0,1,0,2,53,527,72
6280,B2,3,0,2,8,0,0,0,0,0,0,0,0,0,1,0,2,7,155,43
6280,C1,14,6,1,0,0,0,0,0,0,0,0,0,0,1,0,2,10,177,11
6290,A1,2,14,0,1,0,0,0,0,0,0,0,0,0,1,0,2,6,67,16
6290,B0,0,1,13,2,0,0,0,0,0,0,0,0,0,1,0,2,6,47,8
6290,B1,1,2,2,1,0,0,0,0,0,0,0,0,0,1,0,2,53,527,72
6290,B2,1,0,1,8,0,0,0,0,0,0,0,0,0,1,0,2,7,155,43
6290,C1,14,4,2,0,0,0,0,0,0,0,0,0,0,1,0,2,10,177,11
6300,A1,1,12,0,1,0,0,0,0,0,0,0,0,0,1,0,2,6,67,16
6300,B0,0,1,14,2,0,0,0,0,0,0,0,0,0,1,0,2,6,47,8
6300,B1,1,1,2,1,0,0,0,0,0,0,0,0,0,1,0,2,53,527,72
6300,B2,2,0,1,9,0,0,0,0,0,0,0,0,0,1,0,2,7,155,43
6300,C1,13,2,2,0,0,0,0,0,0,0,0,0,0,1,0,2,10,177,11
6310,A1,1,12,0,1,0,0,0,0,0,0,0,0,0,0,1,2,6,67,16
6310,B0,0,1,14,4,0,0,0,0,0,0,0,0,0,0,1,2,6,47,8
6310,B1,1,1,2,1,0,0,0,0,0,0,0,0,0,0,1,2,53,527,72
6310,B2,3,0,2,11,0,0,0,0,0,0,0,0,0,0,1,2,7,155,43
6310,C1,13,2,1,0,0,0,0,0,0,0,0,0,0,0,1,2,10,177,11
6320,A1,3,14,0,1,0,0,0,0,0,0,0,0,0,0,1,2,6,67,16
6320,B0,0,1,10,2,0,0,0,0,0,0,0,0,0,0,1,2,6,47,8
6320,B1,1,1,4,1,0,0,0,0,0,0,0,0,0,0,1,2,53,527,72
6320,B2,4,0,3,12,0,0,0,0,0,0,0,0,0,0,1,2,7,155,43
6320,C1,14,4,1,0,0,0,0,0,0,0,0,0,0,0,1,2,10,177,11
6330,A1,2,14,0,2,0,0,0,0,0,0,0,0,0,1,0,2,6,67,16
6330,B0,0,1,10,1,0,0,0,0,0,0,0,0,0,1,0,2,6,47,8
6330,B1,1,1,3,1,0,0,0,0,0,0,0,0,0,1,0,2,53,527,72
6330,B2,2,0,2,11,0,0,0,0,0,0,0,0,0,1,0,2,7,155,43
6330,C1,14,3,1,0,0,0,0,0,0,0,0,0,0,1,0,2,10,177,11
6340,A1,3,14,0,3,0,0,0,0,0,0,0,0,0,1,0,2,6,67,16
6340,B0,0,1,13,3,0,0,0,0,0,0,0,0,0,1,0,2,6,47,8
6340,B1,3,1,3,2,0,0,0,0,0,0,0,0,0,1,0,2,53,527,72
6340,B2,1,0,3,13,0,0,0,0,0,0,0,0,0,1,0,2,7,155,43
6340,C1,14,1,2,0,0,0,0,0,0,0,0,0,0,1,0,2,10,177,11
6350,A1,1,12,0,3,0,0,0,0,0,0,0,0,0,0,1,2,6,67,16
6350,B0,0,1,14,3,0,0,0,0,0,0,0,0,0,0,1,2,6,47,8
6350,B1,5,1,4,1,0,0,0,0,0,0,0,0,0,0,1,2,53,527,72
6350,B2,1,0,4,14,0,0,0,0,0,0,0,0,0,0,1,2,7,155,43
6350,C1,13,3,2,0,0,0,0,0,0,0,0,0,0,0,1,2,10,177,11
6360,A1,2,13,0,1,0,0,0,0,0,0,0,0,0,0,1,2,6,67,16
6360,B0,0,1,14,3,0,0,0,0,0,0,0,0,0,0,1,2,6,47,8
6360,B1,4,1,3,1,0,0,0,0,0,0,0,0,0,0,1,2,53,527,72
6360,B2,2,0,1,14,0,0,0,0,0,0,0,0,0,0,1,2,7,155,43
6360,C1,13,6,1,0,0,0,0,0,0,0,0,0,0,0,1,2,10,177,11
6370,A1,2,14,0,1,0,0,0,0,0,0,0,0,0,0,1,2,6,67,16
6370,B0,0,2,13,1,0,0,0,0,0,0,0,0,0,0,1,2,6,47,8
6370,B1,4,1,3,1,0,0,0,0,0,0,0,0,0,0,1,2,53,527,72
6370,B2,2,0,1,13,0,0,0,0,0,0,0,0,0,0,1,2,7,155,43
6370,C1,14,2,1,0,0,0,0,0,0,0,0,0,0,0,1,2,10,177,11
6380,A1,1,14,0,3,0,0,0,0,0,0,0,0,0,1,0,2,6,67,16
6380,B0,0,1,13,1,0,0,0,0,0,0,0,0,0,1,0,1,6,47,8
6380,B1,1,1,3,1,0,0,0,0,0,0,0,0,0,1,0,2,53,527,72
6380,B2,1,0,2,13,0,0,0,0,0,0,0,0,0,1,0,2,7,155,43
6380,C1,12,1,1,0,0,0,0,0,0,0,0,0,0,1,0,2,10,177,11
6390,A1,1,12,0,3,0,0,0,0,0,0,0,0,0,1,0,2,6,67,16
6390,B0,0,2,14,1,0,0,0,0,0,0,0,0,0,1,0,2,6,47,8
6390,B1,1,1,3,1,0,0,0,0,0,0,0,0,0,1,0,2,53,527,72
6390,B2,1,0,1,14,0,0,0,0,0,0,0,0,0,1,0,2,7,155,43
6390,C1,12,4,2,0,0,0,0,0,0,0,0,0,0,1,0,2,10,177,11
6400,A1,1,12,0,3,0,0,0,0,0,0,0,0,0,0,1,2,6,67,16
6400,B0,0,2,14,2,0,0,0,0,0,0,0,0,0,0,1,2,6,47,8
6400,B1,1,1,2,1,0,0,0,0,0,0,0,0,0,0,1,2,53,527,72
6400,B2,3,0,2,14,0,0,0,0,0,0,0,0,0,0,1,2,7,155,43
6400,C1,13,1,1,0,0,0,0,0,0,0,0,0,0,0,1,2,10,177,11
6410,A1,1,14,0,1,0,0,0,0,0,0,0,0,0,0,1,2,6,67,16
6410,B0,0,2,14,1,0,0,0,0,0,0,0,0,0,0,1,2,6,47,8
6410,B1,1,1,2,3,0,0,0,0,0,0,0,0,0,0,1,2,53,527,72
6410,B2,4,0,1,13,0,0,0,0,0,0,0,0,0,0,1,2,7,155,43
6410,C1,14,2,1,0,0,0,0,0,0,0,0,0,0,0,1,2,10,177,11
6420,A1,3,14,0,1,0,0,0,0,0,0,0,0,0,1,0,2,6,67,16
6420,B0,0,1,13,1,0,0,0,0,0,0,0,0,0,1,0,1,6,47,8
6420,B1,1,1,1,2,0,0,0,0,0,0,0,0,0,1,0,2,53,527,72
6420,B2,4,0,1,13,0,0,0,0,0,0,0,0,0,1,0,2,7,155,43
6420,C1,14,5,1,0,0,0,0,0,0,0,0,0,0,1,0,2,10,177,11
6430,A1,2,14,0,1,0,0,0,0,0,0,0,0,0,1,0,2,6,67,16
6430,B0,0,1,14,1,0,0,0,0,0,0,0,0,0,1,0,1,6,47,8
6430,B1,1,1,1,2,0,0,0,0,0,0,0,0,0,1,0,2,53,527,72
6430,B2,2,0,3,14,0,0,0,0,0,0,0,0,0,1,0,2,7,155,43
6430,C1,14,1,2,0,0,0,0,0,0,0,0,0,0,1,0,2,10,177,11
6440,A1,2,13,0,1,0,0,0,0,0,0,0,0,0,0,1,2,6,67,16
6440,B0,0,1,14,2,0,0,0,0,0,0,0,0,0,0,1,2,6,47,8
6440,B1,1,1,1,2,0,0,0,0,0,0,0,0,0,0,1,2,53,527,72
6440,B2,3,0,3,14,0,0,0,0,0,0,0,0,0,0,1,2,7,155,43
6440,C1,12,1,2,0,0,0,0,0,0,0,0,0,0,0,1,2,10,177,11
6450,A1,2,13,0,1,0,0,0,0,0,0,0,0,0,0,1,2,6,67,16
6450,B0,0,2,13,2,0,0,0,0,0,0,0,0,0,0,1,2,6,47,8
6450,B1,1,1,2,1,0,0,0,0,0,0,0,0,0,0,1,2,53,527,72
6450,B2,3,0,4,14,0,0,0,0,0,0,0,0,0,0,1,2,7,155,43
6450,C1,13,3,1,0,0,0,0,0,0,0,0,0,0,0,1,2,10,177,11
6460,A1,3,14,0,1,0,0,0,0,0,0,0,0,0,0,1,2,6,67,16
6460,B0,0,2,12,1,0,0,0,0,0,0,0,0,0,0,1,2,6,47,8
6460,B1,1,1,1,1,0,0,0,0,0,0,0,0,0,0,1,2,53,527,72
6460,B2,5,0,1,11,0,0,0,0,0,0,0,0,0,0,1,2,7,155,43
6460,C1,14,3,1,0,0,0,0,0,0,0,0,0,0,0,1,2,10,177,11
6470,A1,4,14,0,1,0,0,0,0,0,0,0,0,0,1,0,2,6,67,16
6470,B0,0,1,13,1,0,0,0,0,0,0,0,0,0,1,0,1,6,47,8
6470,B1,1,2,2,1,0,0,0,0,0,0,0,0,0,1,0,2,54,540,73
6470,B2,2,0,2,12,0,0,0,0,0,0,0,0,0,1,0,2,7,155,43
6470,C1,14,1,1,0,0,0,0,0,0,0,0,0,0,1,0,2,10,177,11
6480,A1,1,13,0,3,0,0,0,0,0,0,0,0,0,1,0,2,6,67,16
6480,B0,0,2,14,3,0,0,0,0,0,0,0,0,0,1,0,2,6,47,8
6480,B1,1,1,2,1,0,0,0,0,0,0,0,0,0,1,0,2,54,540,73
6480,B2,2,0,4,14,0,0,0,0,0,0,0,0,0,1,0,2,7,155,43
6480,C1,12,1,1,0,0,0,0,0,0,0,0,0,0,1,0,2,10,177,11
6490,A1,1,13,0,2,0,0,0,0,0,0,0,0,0,0,1,2,6,67,16
6490,B0,0,3,14,3,0,0,0,0,0,0,0,0,0,0,1,2,6,47,8
6490,B1,1,4,1,1,0,0,0,0,1,0,0,0,0,0,1,2,55,550,73
6490,B2,2,0,2,14,0,0,0,0,0,0,0,0,0,0,1,2,7,155,43
6490,C1,12,1,1,0,0,0,0,0,0,0,0,1,0,0,1,2,10,177,11
6500,A1,1,14,0,1,0,0,0,0,0,0,0,0,0,0,1,2,6,67,16
6500,B0,0,3,14,1,0,0,0,0,0,0,0,0,0,0,1,2,6,47,8
6500,B1,1,4,1,1,0,0,0,0,0,0,0,0,0,0,1,2,55,556,74
6500,B2,2,0,1,14,0,0,0,0,0,0,0,0,0,0,1,2,7,155,43
6500,C1,13,3,1,0,0,0,0,0,0,0,0,0,0,0,1,2,10,177,11
6510,A1,1,14,0,2,0,0,0,0,0,0,0,0,0,1,0,2,6,67,16
6510,B0,0,3,13,1,0,0,0,0,0,0,1,0,0,1,0,1,6,47,8
6510,B1,1,4,2,2,0,1,0,0,0,0,0,0,0,1,0,2,56,560,74
6510,B2,3,0,1,13,0,0,0,0,0,0,0,0,0,1,0,2,7,155,43
6510,C1,14,4,1,0,0,0,0,0,0,0,0,0,0,1,0,2,10,177,11
6520,A1,1,14,0,2,0,0,0,0,0,0,0,0,0,1,0,2,6,67,16
6520,B0,0,1,13,1,0,0,0,0,0,0,0,0,0,1,0,1,6,47,8
6520,B1,2,1,2,3,0,0,0,0,0,0,0,0,0,1,0,2,56,570,75
6520,B2,1,0,1,13,0,0,0,0,0,0,0,0,0,1,0,2,7,155,43
6520,C1,14,1,1,0,0,0,0,0,0,0,0,0,0,1,0,2,10,177,11
6530,A1,1,13,0,2,0,0,0,0,0,0,0,0,0,1,0,2,6,67,16
6530,B0,0,1,14,1,0,0,0,0,0,0,0,0,0,1,0,1,6,47,8
6530,B1,1,1,2,3,0,0,0,0,0,0,0,0,0,1,0,2,56,570,75
6530,B2,1,0,1,14,0,0,0,0,0,0,0,0,0,1,0,2,7,155,43
6530,C1,13,2,1,0,0,0,0,0,0,0,0,0,0,1,0,2,10,177,11
6540,A1,1,13,0,1,0,0,0,0,0,0,0,0,0,0,1,2,6,67,16
6540,B0,0,1,14,1,0,0,0,0,0,0,0,0,0,0,1,2,6,47,8
6540,B1,1,1,1,1,0,0,0,0,0,0,0,0,0,0,1,2,56,570,75
6540,B2,1,0,1,14,0,0,0,0,0,0,0,0,0,0,1,2,7,155,43
6540,C1,13,2,1,0,0,0,0,0,0,0,0,0,0,0,1,2,10,177,11
6550,A1,2,14,0,1,0,0,0,0,0,0,0,0,0,0,1,2,6,67,16
6550,B0,0,1,12,2,0,0,0,0,0,0,0,0,0,0,1,2,6,47,8
6550,B1,1,1,1,1,0,0,0,0,0,0,0,0,0,0,1,2,56,570,75
6550,B2,1,0,1,13,0,0,0,0,0,0,0,0,0,0,1,2,7,155,43
6550,C1,14,5,2,0,0,0,0,0,0,0,0,0,0,0,1,2,10,177,11
6560,A1,2,14,0,1,0,0,0,0,0,0,0,0,0,1,0,2,6,67,16
6560,B0,0,1,11,1,0,0,0,0,0,0,0,0,0,1,0,2,6,47,8
6560,B1,1,1,1,2,0,0,0,0,0,0,0,0,0,1,0,2,56,570,75
6560,B2,1,0,1,13,0,0,0,0,0,0,0,0,0,1,0,2,7,155,43
6560,C1,14,5,3,0,0,0,0,0,0,0,0,0,0,1,0,2,10,177,11
6570,A1,2,13,0,2,0,0,0,0,0,0,0,0,0,1,0,2,6,67,16
6570,B0,0,1,13,1,0,0,0,0,0,0,0,0,0,1,0,1,6,47,8
6570,B1,2,1,1,1,0,0,0,0,0,0,0,0,0,1,0,2,56,570,75
6570,B2,1,0,2,13,0,0,0,0,0,0,0,0,0,1,0,2,7,155,43
6570,C1,14,3,3,0,0,0,0,0,0,0,0,0,0,1,0,2,10,177,11
6580,A1,1,11,0,1,0,0,0,0,0,0,0,0,0,0,1,2,6,67,16
6580,B0,0,3,14,3,0,0,0,0,0,0,0,0,0,0,1,2,6,47,8
6580,B1,2,2,1,1,0,0,0,0,0,0,0,0,0,0,1,2,56,570,75
6580,B2,2,0,1,14,0,0,0,0,0,0,0,0,0,0,1,2,7,155,43
6580,C1,13,1,2,0,0,0,0,0,0,0,0,0,0,0,1,2,10,177,11
6590,A1,2,13,0,1,0,0,0,0,0,0,0,0,0,0,1,2,6,67,16
6590,B0,0,3,13,4,0,0,0,0,0,0,0,0,0,0,1,2,6,47,8
6590,B1,2,2,1,3,0,0,0,0,0,0,0,0,0,0,1,2,56,570,75
6590,B2,1,0,2,13,0,0,0,0,0,0,0,0,0,0,1,2,7,155,43
6590,C1,13,2,1,0,0,0,0,0,0,0,0,0,0,0,1,2,10,177,11
6600,A1,4,14,0,1,0,0,0,0,0,0,0,0,0,0,1,2,6,67,16
6600,B0,0,3,10,3,0,0,0,0,0,0,0,0,0,0,1,2,6,47,8
6600,B1,2,2,2,1,0,0,0,0,0,0,0,0,0,0,1,2,56,570,75
6600,B2,1,0,2,12,0,0,0,0,0,0,0,0,0,0,1,2,7,155,43
6600,C1,14,3,1,0,0,0,0,0,0,0,0,0,0,0,1,2,10,177,11
6610,A1,1,14,0,2,0,0,0,0,0,0,0,0,0,1,0,2,6,67,16
6610,B0,0,1,12,2,0,0,0,0,0,0,0,0,0,1,0,2,6,47,8
6610,B1,2,1,2,2,0,0,0,0,0,0,0,0,0,1,0,2,56,570,75
6610,B2,1,0,1,13,0,0,0,0,0,0,0,0,0,1,0,2,7,155,43
6610,C1,13,1,1,0,0,0,0,0,0,0,0,0,0,1,0,2,10,177,11
6620,A1,1,11,0,4,0,0,0,0,0,0,0,0,0,1,0,2,6,67,16
6620,B0,0,1,14,5,0,0,0,0,0,0,0,0,0,1,0,2,6,47,8
6620,B1,4,1,2,2,0,0,0,0,0,0,0,0,0,1,0,2,56,570,75
6620,B2,1,0,1,14,0,0,0,0,0,0,0,0,0,1,0,2,7,155,43
6620,C1,10,1,1,0,0,0,0,0,0,0,0,0,0,1,0,2,10,177,11
6630,A1,2,12,0,1,0,0,0,0,0,0,0,0,0,0,1,2,6,67,16
6630,B0,0,3,14,3,0,0,0,0,0,0,0,0,0,0,1,2,6,47,8
6630,B1,4,1,1,1,0,0,0,0,0,0,0,0,0,0,1,2,56,570,75
6630,B2,1,0,1,14,0,0,0,0,0,0,0,0,0,0,1,2,7,155,43
6630,C1,11,1,1,0,0,0,0,0,0,0,0,0,0,0,1,2,10,177,11
6640,A1,1,13,0,1,0,0,0,0,0,0,0,0,0,0,1,2,6,67,16
6640,B0,0,4,14,2,0,0,0,0,0,0,0,0,0,0,1,2,6,47,8
6640,B1,4,2,3,1,0,0,0,0,0,0,0,0,0,0,1,2,56,570,75
6640,B2,3,0,1,14,0,0,0,0,0,0,0,0,0,0,1,2,7,155,43
6640,C1,14,1,1,0,0,0,0,0,0,0,0,0,0,0,1,2,10,177,11
6650,A1,2,14,0,3,0,0,0,0,0,0,0,0,0,1,0,2,6,67,16
6650,B0,0,3,13,1,0,0,0,0,0,0,0,0,0,1,0,2,6,47,8
6650,B1,4,1,2,1,0,0,0,0,0,0,0,0,0,1,0,2,56,570,75
6650,B2,2,0,1,13,0,0,0,0,0,0,0,0,0,1,0,2,7,155,43
6650,C1,13,2,1,0,0,0,0,0,0,0,0,0,0,1,0,2,10,177,11
6660,A1,1,12,0,5,0,0,0,0,0,0,0,0,0,1,0,2,6,67,16
6660,B0,0,1,13,1,0,0,0,0,0,0,0,0,0,1,0,1,6,47,8
6660,B1,1,1,3,1,0,0,0,0,0,0,0,0,0,1,0,2,56,570,75
6660,B2,1,0,2,13,0,0,0,0,0,0,0,0,0,1,0,2,7,155,43
6660,C1,11,1,2,0,0,0,0,0,0,0,0,0,0,1,0,2,10,177,11
6670,A1,1,9,0,6,0,0,0,0,0,0,0,0,0,0,1,2,6,67,16
6670,B0,0,3,14,2,0,0,0,0,0,0,0,0,0,0,1,2,6,47,8
6670,B1,1,2,3,1,0,0,0,0,0,0,0,0,0,0,1,2,56,570,75
6670,B2,2,0,2,13,0,0,0,0,0,0,0,0,0,0,1,2,7,155,43
6670,C1,11,2,2,0,0,0,0,0,0,0,0,0,0,0,1,2,10,177,11
6680,A1,3,12,0,5,0,0,0,0,0,0,0,0,0,0,1,2,6,67,16
6680,B0,0,3,12,1,0,0,0,0,0,0,0,0,0,0,1,2,6,47,8
6680,B1,1,2,3,1,0,0,0,0,0,0,0,0,0,0,1,2,56,570,75
6680,B2,2,0,1,14,0,0,0,0,0,0,0,0,0,0,1,2,7,155,43
6680,C1,13,3,1,0,0,0,0,0,0,0,0,0,0,0,1,2,10,177,11
6690,A1,2,14,0,2,0,0,0,0,0,0,0,0,0,0,1,2,6,67,16
6690,B0,0,3,11,1,0,0,0,0,0,0,0,0,0,0,1,2,6,47,8
6690,B1,1,2,2,1,0,0,0,0,0,0,0,0,0,0,1,2,56,570,75
6690,B2,4,0,1,10,0,0,0,0,0,0,0,0,0,0,1,2,7,155,43
6690,C1,14,4,1,0,0,0,0,0,0,0,0,0,0,0,1,2,10,177,11
6700,A1,3,14,0,3,0,0,0,0,0,0,0,0,0,1,0,2,6,67,16
6700,B0,0,2,12,1,0,0,0,0,0,0,0,0,0,1,0,2,6,47,8
6700,B1,1,2,2,2,0,0,0,0,0,0,0,0,0,1,0,2,56,570,75
6700,B2,2,0,1,11,0,0,0,0,0,0,0,0,0,1,0,2,7,155,43
6700,C1,14,2,2,0,0,0,0,0,0,0,0,0,0,1,0,2,10,177,11
6710,A1,4,14,0,4,0,0,0,0,0,0,0,0,0,1,0,2,6,67,16
6710,B0,0,2,14,1,0,0,0,0,0,0,0,0,0,1,0,2,6,47,8
6710,B1,2,1,2,2,0,0,0,0,0,0,0,0,0,1,0,2,56,570,75
6710,B2,2,0,1,13,0,0,0,0,0,0,0,0,0,1,0,2,7,155,43
6710,C1,14,1,3,0,0,0,0,0,0,0,0,0,0,1,0,2,10,177,11
6720,A1,1,13,0,4,0,0,0,0,0,0,0,0,0,0,1,2,6,67,16
6720,B0,0,1,14,1,0,0,0,0,0,0,0,0,0,0,1,2,6,47,8
6720,B1,1,2,1,2,0,0,0,0,0,0,0,0,0,0,1,2,56,570,75
6720,B2,1,0,5,13,0,0,0,0,0,0,0,0,0,0,1,2,7,155,43
6720,C1,13,1,2,0,0,0,0,0,0,0,0,0,0,0,1,2,10,177,11
6730,A1,1,14,0,1,0,0,0,0,0,0,0,0,0,0,1,2,6,67,16
6730,B0,0,2,14,2,0,0,0,0,0,0,0,0,0,0,1,2,6,47,8
6730,B1,1,2,2,2,0,0,0,0,0,0,0,0,0,0,1,2,56,570,75
6730,B2,1,0,1,9,0,0,0,0,0,0,0,0,0,0,1,2,7,155,43
6730,C1,13,2,1,0,0,0,0,0,0,0,0,0,0,0,1,2,10,177,11
6740,A1,1,14,0,1,0,0,0,0,0,0,0,0,0,1,0,2,6,67,16
6740,B0,0,1,13,1,0,0,0,0,0,0,0,0,0,1,0,1,6,47,8
6740,B1,2,2,1,2,0,0,0,0,0,0,0,0,0,1,0,2,56,570,75
6740,B2,1,0,1,7,0,0,0,0,0,0,0,0,0,1,0,2,7,155,43
6740,C1,14,1,1,0,0,0,0,0,0,0,0,0,0,1,0,2,10,177,11
6750,A1,2,12,0,1,0,0,0,0,0,0,0,0,0,1,0,2,6,67,16
6750,B0,0,1,13,1,0,0,0,0,0,0,0,0,0,1,0,1,6,47,8
6750,B1,2,1,1,2,0,0,0,0,0,0,0,0,0,1,0,2,56,570,75
6750,B2,1,0,1,8,0,0,0,0,0,0,0,0,0,1,0,2,7,155,43
6750,C1,14,1,4,0,0,0,0,0,0,0,0,0,0,1,0,2,10,177,11
6760,A1,1,9,0,1,0,0,0,0,0,0,0,0,0,1,0,2,6,67,16
6760,B0,0,1,14,2,0,0,0,0,0,0,0,0,0,1,0,2,6,47,8
6760,B1,2,4,1,2,0,0,0,0,0,0,0,0,0,1,0,2,56,570,75
6760,B2,1,0,2,9,0,0,0,0,0,0,0,0,0,1,0,2,7,155,43
6760,C1,12,1,5,0,0,0,0,0,0,0,0,0,0,1,0,2,10,177,11
6770,A1,1,12,0,1,0,0,0,0,0,0,0,0,0,0,1,2,6,67,16
6770,B0,0,3,14,3,0,0,0,0,0,0,0,0,0,0,1,2,6,47,8
6770,B1,1,4,1,1,0,0,0,0,0,0,0,0,0,0,1,2,57,576,76
6770,B2,1,0,2,8,0,0,0,0,0,0,0,0,0,0,1,2,7,155,43
6770,C1,12,2,3,0,0,0,0,0,0,0,0,0,0,0,1,2,10,177,11
6780,A1,2,14,0,1,0,0,0,0,0,0,0,0,0,0,1,2,6,67,16
6780,B0,0,4,14,2,0,0,0,0,0,0,0,0,0,0,1,2,6,47,8
6780,B1,1,3,5,1,0,0,0,0,0,0,0,0,0,0,1,2,57,576,76
6780,B2,1,0,1,9,0,0,0,0,0,0,0,0,0,0,1,2,7,155,43
6780,C1,14,4,2,0,0,0,0,0,0,0,0,0,0,0,1,2,10,177,11
6790,A1,1,14,0,3,0,0,0,0,0,0,0,0,0,1,0,2,6,67,16
6790,B0,0,4,13,1,0,0,0,0,0,0,0,0,0,1,0,2,6,47,8
6790,B1,1,3,3,2,0,0,0,0,0,0,0,0,0,1,0,2,57,576,76
6790,B2,1,0,1,9,0,0,0,0,0,0,0,0,0,1,0,2,7,155,43
6790,C1,14,2,3,0,0,0,0,0,0,0,0,0,0,1,0,2,10,177,11
6800,A1,1,13,0,3,0,0,0,0,0,0,0,0,0,1,0,2,6,67,16
6800,B0,0,1,14,2,0,0,0,0,0,0,0,0,0,1,0,2,6,47,8
6800,B1,2,1,3,2,0,0,0,0,0,0,0,0,0,1,0,2,57,576,76
6800,B2,1,0,1,10,0,0,0,0,0,0,0,0,0,1,0,2,7,155,43
6800,C1,14,1,3,0,0,0,0,0,0,0,0,0,0,1,0,2,10,177,11
6810,A1,1,13,0,3,0,0,0,0,0,0,0,0,0,0,1,2,6,67,16
6810,B0,0,1,14,1,0,0,0,0,0,0,0,0,0,0,1,2,6,47,8
6810,B1,3,2,2,1,0,0,0,0,0,0,0,0,0,0,1,2,57,576,76
6810,B2,1,0,1,10,0,0,0,0,0,0,0,0,0,0,1,2,7,155,43
6810,C1,13,1,2,0,0,0,0,0,0,0,0,0,0,0,1,2,10,177,11
6820,A1,2,14,0,1,0,0,0,0,0,0,0,0,0,0,1,2,6,67,16
6820,B0,0,1,14,1,0,0,0,0,0,0,0,0,0,0,1,2,6,47,8
6820,B1,3,2,1,1,0,0,0,0,0,0,0,0,0,0,1,2,57,576,76
6820,B2,1,0,1,10,0,0,0,0,0,0,0,0,0,0,1,2,7,155,43
6820,C1,13,2,1,0,0,0,0,0,0,0,0,0,0,0,1,2,10,177,11
6830,A1,4,14,0,1,0,0,0,0,0,0,0,0,0,0,1,2,6,67,16
6830,B0,0,2,13,3,0,0,0,0,0,0,0,0,0,0,1,2,6,47,8
6830,B1,3,2,1,1,0,0,0,0,0,0,0,0,0,0,1,2,57,576,76
6830,B2,1,0,2,9,0,0,0,0,0,0,0,0,0,0,1,2,7,155,43
6830,C1,13,2,1,0,0,0,0,0,0,0,0,0,0,0,1,2,10,177,11
6840,A1,3,14,0,3,0,0,0,0,0,0,0,0,0,1,0,2,6,67,16
6840,B0,0,1,13,1,0,0,0,0,0,0,0,0,0,1,0,1,6,47,8
6840,B1,1,1,1,1,0,0,0,0,0,0,0,0,0,1,0,2,57,576,76
6840,B2,1,0,3,9,0,0,0,0,0,0,0,0,0,1,0,2,7,155,43
6840,C1,14,1,3,0,0,0,0,0,0,0,0,0,0,1,0,2,10,177,11
6850,A1,2,14,0,3,0,0,0,0,0,0,0,0,0,1,0,2,6,67,16
6850,B0,0,1,14,2,0,0,0,0,0,0,0,0,0,1,0,2,6,47,8
6850,B1,2,2,1,1,0,0,0,0,0,0,0,0,0,1,0,2,57,576,76
6850,B2,1,0,1,10,0,0,0,0,0,0,0,0,0,1,0,2,7,155,43
6850,C1,13,2,3,0,0,0,0,0,0,0,0,0,0,1,0,2,10,177,11
6860,A1,1,13,0,2,0,0,0,0,0,0,0,0,0,0,1,2,6,67,16
6860,B0,0,1,14,3,0,0,0,0,0,0,0,0,0,0,1,2,6,47,8
6860,B1,1,1,2,1,0,0,0,0,0,0,0,0,0,0,1,2,59,583,78
6860,B2,1,0,1,10,0,0,0,0,0,0,0,0,0,0,1,2,7,155,43
6860,C1,13,1,2,0,0,0,0,0,0,0,0,0,0,0,1,2,10,177,11
6870,A1,2,14,0,1,0,0,0,0,0,0,0,0,0,0,1,2,6,67,16
6870,B0,0,1,14,2,0,0,0,0,0,0,0,0,0,0,1,2,6,47,8
6870,B1,1,1,2,1,0,0,0,0,0,0,0,0,0,0,1,2,59,583,78
6870,B2,1,0,2,9,0,0,0,0,0,0,0,0,0,0,1,2,7,155,43
6870,C1,14,2,1,0,0,0,0,0,0,0,0,0,0,0,1,2,10,177,11
6880,A1,1,14,0,2,0,0,0,0,0,0,0,0,0,1,0,2,6,67,16
6880,B0,0,1,12,2,0,0,0,0,0,0,0,0,0,1,0,2,6,47,8
6880,B1,1,1,1,1,0,0,0,0,0,0,0,0,0,1,0,2,59,583,78
6880,B2,1,0,1,8,0,0,0,0,0,0,0,0,0,1,0,2,7,155,43
6880,C1,14,1,1,0,0,0,0,0,0,0,0,0,0,1,0,2,10,177,11
6890,A1,2,14,0,2,0,0,0,0,0,0,0,0,0,1,0,2,6,67,16
6890,B0,0,1,13,3,0,0,0,0,0,0,0,0,0,1,0,2,6,47,8
6890,B1,1,3,1,1,0,0,0,0,0,0,0,0,0,1,0,2,59,583,78
6890,B2,1,0,1,8,0,0,0,0,0,0,0,0,0,1,0,2,7,155,43
6890,C1,12,3,2,0,0,0,0,0,0,0,0,0,0,1,0,2,10,177,11
6900,A1,2,13,0,2,0,0,0,0,0,0,0,0,0,0,1,2,6,67,16
6900,B0,0,1,14,3,0,0,0,0,0,0,0,0,0,0,1,2,6,47,8
6900,B1,2,1,1,1,0,0,0,0,0,0,0,0,0,0,1,2,59,583,78
6900,B2,1,0,2,9,0,0,0,0,0,0,0,0,0,0,1,2,7,155,43
6900,C1,10,1,3,0,0,0,0,0,0,0,0,0,0,0,1,2,10,177,11
6910,A1,3,13,0,2,0,0,0,0,0,0,0,0,0,0,1,2,6,67,16
6910,B0,0,1,13,5,0,0,0,0,0,0,0,0,0,0,1,2,6,47,8
6910,B1,1,1,1,1,0,0,0,0,0,0,0,0,0,0,1,2,59,583,78
6910,B2,1,0,2,9,0,0,0,0,0,0,0,0,0,0,1,2,7,155,43
6910,C1,13,1,1,0,0,0,0,0,0,0,0,0,0,0,1,2,10,177,11
6920,A1,5,14,0,1,0,0,0,0,0,0,0,0,0,0,1,2,6,67,16
6920,B0,0,1,9,2,0,0,0,0,0,0,0,0,0,0,1,2,6,47,8
6920,B1,1,1,1,2,0,0,0,0,0,0,0,0,0,0,1,2,59,583,78
6920,B2,1,0,3,8,0,0,0,0,0,0,0,0,0,0,1,2,7,155,43
6920,C1,14,2,1,0,0,0,0,0,0,0,0,0,0,0,1,2,10,177,11
6930,A1,3,14,0,3,0,0,0,0,0,0,0,0,0,1,0,2,6,67,16
6930,B0,0,1,11,3,0,0,0,0,0,0,0,0,0,1,0,2,6,47,8
6930,B1,1,1,1,3,0,0,0,0,0,0,0,0,0,1,0,2,59,583,78
6930,B2,1,0,3,8,0,0,0,0,0,0,0,0,0,1,0,2,7,155,43
6930,C1,14,2,2,0,0,0,0,0,0,0,0,0,0,1,0,2,10,177,11
6940,A1,1,14,0,3,0,0,0,0,0,0,0,0,0,1,0,2,6,67,16
6940,B0,0,1,14,4,0,0,0,0,0,0,0,0,0,1,0,2,6,47,8
6940,B1,2,1,1,3,0,0,0,0,0,0,0,0,0,1,0,2,59,583,78
6940,B2,1,0,5,8,0,0,0,0,0,0,0,0,0,1,0,1,7,155,43
6940,C1,14,2,2,0,0,0,0,0,0,0,0,0,0,1,0,2,10,177,11
6950,A1,1,13,0,2,0,0,0,0,0,0,0,0,0,0,1,2,7,73,17
6950,B0,0,1,14,2,0,0,0,0,0,0,0,0,0,0,1,2,6,47,8
6950,B1,5,1,1,2,0,0,0,0,0,0,0,0,0,0,1,2,59,583,78
6950,B2,1,0,3,9,0,0,0,0,0,0,0,0,0,0,1,2,7,155,43
6950,C1,13,2,2,0,0,0,0,0,0,0,0,0,0,0,1,2,10,177,11
6960,A1,1,13,0,1,0,0,0,0,0,0,0,0,0,0,1,2,7,73,17
6960,B0,0,1,13,1,0,0,0,0,0,0,0,0,0,0,1,2,6,47,8
6960,B1,5,2,1,1,0,0,0,0,0,0,0,0,0,0,1,2,59,583,78
6960,B2,1,0,1,11,0,0,0,0,0,0,0,0,0,0,1,2,7,155,43
6960,C1,14,1,1,0,0,0,0,0,0,0,0,0,0,0,1,2,10,177,11
6970,A1,4,14,0,1,0,0,0,0,0,0,0,0,0,1,0,2,7,73,17
6970,B0,0,1,11,1,0,0,0,0,0,0,0,0,0,1,0,2,6,47,8
6970,B1,5,2,2,1,0,0,0,0,0,0,0,0,0,1,0,2,59,583,78
6970,B2,1,0,3,9,0,0,0,0,0,0,0,0,0,1,0,2,7,155,43
6970,C1,14,3,1,0,0,0,0,0,0,0,0,0,0,1,0,2,10,177,11
6980,A1,1,13,0,4,0,0,0,0,0,0,0,0,0,1,0,2,7,73,17
6980,B0,0,1,13,2,0,0,0,0,0,0,0,0,0,1,0,2,6,47,8
6980,B1,3,1,2,1,0,0,0,0,0,0,0,0,0,1,0,2,59,583,78
6980,B2,1,0,3,10,0,0,0,0,0,0,0,0,0,1,0,2,7,155,43
6980,C1,14,1,2,0,0,0,0,0,0,0,0,0,0,1,0,2,10,177,11
6990,A1,1,9,0,4,0,0,0,0,0,0,0,0,0,1,0,2,7,73,17
6990,B0,0,1,14,5,0,0,0,0,0,0,0,0,0,1,0,2,6,47,8
6990,B1,2,2,2,1,0,0,0,0,0,0,0,0,0,1,0,2,59,583,78
6990,B2,1,0,3,10,0,0,0,0,0,0,0,0,0,1,0,2,7,155,43
6990,C1,12,1,2,0,0,0,0,0,0,0,0,0,0,1,0,2,10,177,11
7000,A1,2,11,0,2,0,0,0,0,0,0,0,0,0,0,1,2,7,73,17
7000,B0,0,2,14,2,0,0,0,0,0,0,0,0,0,0,1,2,6,47,8
7000,B1,2,2,3,1,0,0,0,0,0,0,0,0,0,0,1,2,59,583,78
7000,B2,2,0,1,11,0,0,0,0,0,0,0,0,0,0,1,2,7,155,43
7000,C1,12,1,2,0,0,0,0,0,0,0,0,0,0,0,1,2,10,177,11
7010,A1,3,14,0,1,0,0,0,0,0,0,0,0,0,0,1,2,7,73,17
7010,B0,0,2,14,1,0,0,0,0,0,0,0,0,0,0,1,2,6,47,8
7010,B1,2,2,4,1,0,0,0,0,0,0,0,0,0,0,1,2,59,583,78
7010,B2,4,0,1,11,0,0,0,0,0,0,0,0,0,0,1,2,7,155,43
7010,C1,14,1,1,0,0,0,0,0,0,0,0,0,0,0,1,2,10,177,11
7020,A1,1,14,0,1,0,0,0,0,0,0,0,0,0,1,0,2,7,73,17
7020,B0,0,1,13,1,0,0,0,0,0,0,0,0,0,1,0,1,6,47,8
7020,B1,1,2,2,1,0,0,0,0,0,0,0,0,0,1,0,2,59,583,78
7020,B2,2,0,2,10,0,0,0,0,0,0,0,0,0,1,0,2,7,155,43
7020,C1,14,1,1,0,0,0,0,0,0,0,0,0,0,1,0,2,10,177,11
7030,A1,1,11,0,1,0,0,0,0,0,0,0,0,0,1,0,2,7,73,17
7030,B0,0,1,14,3,0,0,0,0,0,0,0,0,0,1,0,2,6,47,8
7030,B1,2,4,2,1,0,0,0,0,0,0,0,0,0,1,0,2,59,583,78
7030,B2,1,0,2,11,0,0,0,0,0,0,0,0,0,1,0,2,7,155,43
7030,C1,12,2,2,0,0,0,0,0,0,0,0,0,0,1,0,2,10,177,11
7040,A1,1,10,0,1,0,0,0,0,0,0,0,0,0,0,1,2,8,74,18
7040,B0,0,2,14,3,0,0,0,0,0,0,0,0,0,0,1,2,6,47,8
7040,B1,2,2,2,1,0,0,0,0,0,0,0,0,0,0,1,2,59,583,78
7040,B2,1,0,1,12,0,0,0,0,0,0,0,0,0,0,1,2,7,155,43
7040,C1,11,1,2,0,0,0,0,0,0,0,0,0,0,0,1,2,10,177,11
7050,A1,1,13,0,1,0,0,0,0,0,0,0,0,0,0,1,2,8,74,18
7050,B0,0,2,14,1,0,0,0,0,0,0,0,0,0,0,1,2,6,47,8
7050,B1,2,2,1,1,0,0,0,0,0,0,0,0,0,0,1,2,59,583,78
7050,B2,1,0,1,10,0,0,0,0,0,0,0,0,0,0,1,2,7,155,43
7050,C1,13,1,3,0,0,0,0,0,0,0,0,0,0,0,1,2,10,177,11
7060,A1,3,14,0,1,0,0,0,0,0,0,0,0,0,0,1,2,8,74,18
7060,B0,0,2,13,1,0,0,0,0,0,0,0,0,0,0,1,2,6,47,8
7060,B1,2,2,1,1,0,0,0,0,0,0,0,0,0,0,1,2,59,583,78
7060,B2,2,0,1,10,0,0,0,0,0,0,0,0,0,0,1,2,7,155,43
7060,C1,14,2,2,0,0,0,0,0,0,0,0,0,0,0,1,2,10,177,11
7070,A1,2,14,0,1,0,0,0,0,0,0,0,0,0,1,0,2,8,74,18
7070,B0,0,2,13,1,0,0,0,0,0,0,0,0,0,1,0,2,6,47,8
7070,B1,3,1,2,1,0,0,0,0,0,0,0,0,0,1,0,2,59,583,78
7070,B2,2,0,1,11,0,0,0,0,0,0,0,0,0,1,0,2,7,155,43
7070,C1,14,1,1,0,0,0,0,0,0,0,0,0,0,1,0,2,10,177,11
7080,A1,3,13,0,1,0,0,0,0,0,0,0,0,0,1,0,2,8,74,18
7080,B0,0,1,14,2,0,0,0,0,0,0,0,0,0,1,0,2,6,47,8
7080,B1,2,1,2,1,0,0,0,0,0,0,0,0,0,1,0,2,59,583,78
7080,B2,1,0,2,11,0,0,0,0,0,0,0,0,0,1,0,2,7,155,43
7080,C1,14,1,2,0,0,0,0,0,0,0,0,0,0,1,0,2,10,177,11
7090,A1,2,12,0,2,0,0,0,0,0,0,0,0,0,0,1,2,8,74,18
7090,B0,0,1,14,4,0,0,0,0,0,0,0,0,0,0,1,2,6,47,8
7090,B1,2,1,2,2,0,0,0,0,0,0,0,0,0,0,1,2,59,583,78
7090,B2,1,0,3,13,0,0,0,0,0,0,0,0,0,0,1,2,7,155,43
7090,C1,13,1,1,0,0,0,0,0,0,0,0,0,0,0,1,2,10,177,11
7100,A1,2,13,0,1,0,0,0,0,0,0,0,0,0,0,1,2,8,74,18
7100,B0,0,2,11,1,0,0,0,0,0,0,0,0,0,0,1,2,6,47,8
7100,B1,2,1,1,1,0,0,0,0,0,0,0,0,0,0,1,2,59,583,78
7100,B2,2,0,1,10,0,0,0,0,0,0,0,0,0,0,1,2,7,155,43
7100,C1,14,1,2,0,0,0,0,0,0,0,0,0,0,0,1,2,10,177,11
7110,A1,3,14,0,1,0,0,0,0,0,0,0,0,0,1,0,2,8,74,18
7110,B0,0,2,11,1,0,0,0,0,0,0,0,0,0,1,0,2,6,47,8
7110,B1,2,1,1,1,0,0,1,0,0,0,0,0,0,1,0,2,60,591,78
7110,B2,1,0,1,8,0,0,0,0,0,1,0,0,0,1,0,1,7,155,43
7110,C1,13,2,1,0,0,0,0,0,0,0,0,0,0,1,0,2,10,177,11
7120,A1,1,14,0,2,0,0,0,0,0,0,0,0,0,1,0,2,8,74,18
7120,B0,0,1,13,2,0,0,0,0,0,0,0,0,0,1,0,2,6,47,8
7120,B1,1,1,1,1,0,0,0,0,0,0,0,0,0,1,0,2,60,601,79
7120,B2,1,0,3,9,0,0,0,0,0,0,0,0,0,1,0,2,7,155,43
7120,C1,13,2,2,0,0,0,0,0,0,0,0,0,0,1,0,2,10,177,11
7130,A1,1,13,0,2,0,0,0,0,0,0,0,0,0,0,1,2,8,74,18
7130,B0,0,1,14,4,0,0,0,0,0,0,0,0,0,0,1,2,6,47,8
7130,B1,2,2,2,1,0,0,0,0,0,0,0,0,0,0,1,2,60,601,79
7130,B2,1,0,4,11,0,0,0,0,0,0,0,0,0,0,1,2,7,155,43
7130,C1,11,1,2,0,0,0,0,0,0,0,0,0,0,0,1,2,10,177,11
7140,A1,2,13,0,1,0,0,0,0,0,0,0,0,0,0,1,2,8,74,18
7140,B0,0,1,14,2,0,0,0,0,0,0,0,0,0,0,1,2,6,47,8
7140,B1,2,2,2,1,0,0,0,0,0,0,0,0,0,0,1,2,60,601,79
7140,B2,1,0,1,10,0,0,0,0,0,0,0,0,0,0,1,2,7,155,43
7140,C1,12,1,1,0,0,0,0,0,0,0,0,0,0,0,1,2,10,177,11
7150,A1,4,14,0,1,0,0,0,0,0,0,0,0,0,0,1,2,8,74,18
7150,B0,0,1,13,1,0,0,0,0,0,0,0,0,0,0,1,2,6,47,8
7150,B1,2,2,1,1,0,0,0,0,0,0,0,0,0,0,1,2,60,601,79
7150,B2,1,0,1,9,0,0,0,0,0,0,0,0,0,0,1,2,7,155,43
7150,C1,13,3,1,0,0,0,0,0,0,0,0,0,0,0,1,2,10,177,11
7160,A1,1,14,0,3,0,0,0,0,0,0,0,0,0,1,0,2,8,74,18
7160,B0,0,1,13,1,0,0,0,0,0,0,0,0,0,1,0,1,6,47,8
7160,B1,1,1,1,1,0,0,0,0,0,0,0,0,0,1,0,2,60,601,79
7160,B2,1,0,2,8,0,0,0,0,0,0,0,0,0,1,0,2,7,155,43
7160,C1,13,1,2,0,0,0,0,0,0,0,0,0,0,1,0,2,10,177,11
7170,A1,2,14,0,4,0,0,0,0,0,0,0,0,0,1,0,2,8,74,18
7170,B0,0,1,14,1,0,0,0,0,0,0,0,0,0,1,0,1,6,47,8
7170,B1,2,2,1,1,0,0,0,0,0,0,0,0,0,1,0,2,60,601,79
7170,B2,1,0,3,9,0,0,0,0,0,0,0,0,0,1,0,2,7,155,43
7170,C1,12,2,3,0,0,0,0,0,0,0,0,0,0,1,0,2,10,177,11
7180,A1,1,13,0,2,0,0,0,0,0,0,0,0,1,0,1,2,8,74,18
7180,B0,0,1,14,1,0,0,0,0,0,0,0,0,0,0,1,2,6,47,8
7180,B1,1,3,1,3,0,0,0,1,0,0,0,0,0,0,1,2,61,611,79
7180,B2,2,0,3,9,0,0,0,0,0,0,0,0,0,0,1,2,7,155,43
7180,C1,12,1,1,0,0,0,0,0,0,0,0,0,0,0,1,2,10,177,11
7190,A1,2,14,0,2,0,0,0,0,0,0,0,0,0,0,1,2,8,74,18
7190,B0,0,1,12,1,0,0,0,0,0,0,0,0,0,0,1,2,6,47,8
7190,B1,1,2,2,3,0,0,0,0,0,0,0,0,0,0,1,2,61,617,80
7190,B2,2,0,1,10,0,0,0,0,0,0,0,0,0,0,1,2,7,155,43
7190,C1,13,3,3,0,0,0,0,0,0,0,0,0,0,0,1,2,10,177,11
7200,A1,3,14,0,1,0,0,0,0,0,0,0,0,0,1,0,2,8,74,18
7200,B0,0,2,9,2,0,0,0,0,0,0,0,0,0,1,0,2,6,47,8
7200,B1,1,3,1,2,0,0,0,0,0,0,0,0,0,1,0,2,61,617,80
7200,B2,3,0,1,9,0,0,0,0,0,0,0,0,0,1,0,2,7,155,43
7200,C1,14,3,1,0,0,0,0,0,0,0,0,0,0,1,0,2,10,177,11
7210,A1,1,14,0,2,0,0,0,0,0,0,0,0,0,1,0,2,8,74,18
7210,B0,0,1,12,2,0,0,0,0,0,0,0,0,0,1,0,2,6,47,8
7210,B1,1,2,1,2,0,0,0,0,0,0,0,0,0,1,0,2,61,617,80
7210,B2,1,0,2,9,0,0,0,0,0,0,0,0,0,1,0,2,7,155,43
7210,C1,14,1,1,0,0,0,0,0,0,0,0,0,0,1,0,2,10,177,11
7220,A1,1,13,0,2,0,0,0,0,0,0,0,0,0,1,0,2,8,74,18
7220,B0,0,1,14,2,0,0,0,0,0,0,0,0,0,1,0,2,6,47,8
7220,B1,1,1,1,2,0,0,0,0,0,0,0,0,0,1,0,2,61,617,80
7220,B2,1,0,4,9,0,0,0,0,0,0,0,0,0,1,0,2,7,155,43
7220,C1,13,1,2,0,0,0,0,0,0,0,0,0,0,1,0,2,10,177,11
7230,A1,1,13,0,1,0,0,0,0,0,0,0,0,0,0,1,2,8,74,18
7230,B0,0,1,11,1,0,0,0,0,0,0,0,0,0,0,1,2,7,63,10
7230,B1,2,1,1,1,0,0,0,0,0,0,0,0,0,0,1,2,61,617,80
7230,B2,2,0,2,9,0,0,0,0,0,0,0,0,0,0,1,2,7,155,43
7230,C1,13,1,3,0,0,0,0,0,0,0,0,0,0,0,1,2,10,177,11
7240,A1,1,14,0,1,0,0,0,0,0,0,0,0,0,0,1,2,8,74,18
7240,B0,0,1,10,2,0,0,0,0,0,0,0,0,0,0,1,2,7,63,10
7240,B1,2,1,2,2,0,0,0,0,0,0,0,0,0,0,1,2,61,617,80
7240,B2,2,0,1,8,0,0,0,0,0,0,0,0,0,0,1,2,7,155,43
7240,C1,13,1,1,0,0,0,0,0,0,0,0,0,0,0,1,2,10,177,11
7250,A1,1,14,0,2,0,0,0,0,0,0,0,0,0,1,0,2,8,74,18
7250,B0,0,1,12,3,0,0,0,0,0,0,0,0,0,1,0,2,7,63,10
7250,B1,2,1,1,1,0,0,0,0,0,0,0,0,0,1,0,2,62,621,81
7250,B2,2,0,1,6,0,0,0,0,0,0,0,0,0,1,0,2,7,155,43
7250,C1,14,1,2,0,0,0,0,0,0,0,0,0,0,1,0,2,10,177,11
7260,A1,2,12,0,2,0,0,0,0,0,0,0,0,0,1,0,2,8,74,18
7260,B0,0,2,14,6,0,0,0,0,0,0,0,0,0,1,0,2,7,63,10
7260,B1,2,1,1,1,0,0,0,0,0,0,0,0,0,1,0,2,62,621,81
7260,B2,1,0,3,7,0,0,0,0,0,0,0,0,0,1,0,2,7,155,43
7260,C1,14,1,2,0,0,0,0,0,0,0,0,0,0,1,0,2,10,177,11
7270,A1,2,10,0,1,0,0,0,0,0,0,0,0,1,0,1,2,8,74,18
7270,B0,0,2,14,6,0,0,0,0,0,0,0,0,0,0,1,2,7,63,10
7270,B1,2,1,1,1,0,0,0,1,0,0,0,0,0,0,1,2,63,627,81
7270,B2,2,0,4,8,0,0,0,0,0,0,0,0,0,0,1,2,7,155,43
7270,C1,13,1,3,0,0,0,0,0,0,0,0,0,0,0,1,2,10,177,11
7280,A1,2,13,0,1,0,0,0,0,0,0,0,0,0,0,1,2,8,74,18
7280,B0,0,2,14,3,0,0,0,0,0,0,0,0,0,0,1,2,7,63,10
7280,B1,2,1,1,1,0,0,0,0,0,0,0,0,0,0,1,2,63,644,82
7280,B2,4,0,1,7,0,0,0,0,0,0,0,0,0,0,1,2,7,155,43
7280,C1,13,2,1,0,0,0,0,0,0,0,0,0,0,0,1,2,10,177,11
7290,A1,2,14,0,2,0,0,0,0,0,0,0,0,0,0,1,2,8,74,18
7290,B0,0,2,13,1,0,0,0,0,0,0,0,0,0,0,1,2,7,63,10
7290,B1,2,1,1,1,0,0,0,0,0,0,0,0,0,0,1,2,63,644,82
7290,B2,4,0,1,6,0,0,0,0,0,0,0,0,0,0,1,2,7,155,43
7290,C1,13,4,1,0,0,0,0,0,0,0,0,0,0,0,1,2,10,177,11
7300,A1,1,14,0,3,0,0,0,0,0,0,0,0,0,1,0,2,8,74,18
7300,B0,0,1,13,1,0,0,1,0,0,0,0,0,0,1,0,2,8,82,10
7300,B1,1,1,1,1,0,0,0,0,0,1,0,0,0,1,0,1,63,644,82
7300,B2,2,0,1,7,0,0,0,0,0,0,0,0,0,1,0,2,7,155,43
7300,C1,13,3,1,0,0,0,0,0,0,0,0,0,0,1,0,2,10,177,11
7310,A1,1,13,0,4,0,0,0,0,0,0,0,0,0,1,0,2,8,74,18
7310,B0,0,1,14,2,0,0,1,0,0,0,0,0,0,1,0,2,8,102,10
7310,B1,3,1,1,1,0,0,0,0,0,1,0,0,0,1,0,1,63,644,82
7310,B2,1,0,1,7,0,0,0,0,0,0,0,0,0,1,0,2,7,155,43
7310,C1,13,1,1,0,0,0,0,0,0,0,0,0,0,1,0,2,10,177,11
7320,A1,1,12,0,2,0,0,0,0,0,0,0,0,0,0,1,2,8,74,18
7320,B0,0,1,14,2,0,0,0,0,0,0,0,0,0,0,1,2,8,112,12
7320,B1,4,1,1,2,0,0,0,0,0,0,0,0,0,0,1,2,63,644,82
7320,B2,2,0,1,7,0,0,0,0,0,0,0,0,0,0,1,2,7,155,43
7320,C1,12,2,1,0,0,0,0,0,0,0,0,0,0,0,1,2,10,177,11
7330,A1,1,13,0,1,0,0,0,0,0,0,0,0,0,0,1,2,8,74,18
7330,B0,0,1,14,2,0,0,0,0,0,0,0,0,0,0,1,2,8,112,12
7330,B1,4,1,1,1,0,0,0,0,0,0,0,0,0,0,1,2,63,644,82
7330,B2,2,0,1,5,0,0,0,0,0,0,0,0,0,0,1,2,7,155,43
7330,C1,13,2,1,0,0,0,0,0,0,0,0,0,0,0,1,2,10,177,11
7340,A1,1,14,0,2,0,0,0,0,0,0,0,0,0,1,0,2,8,74,18
7340,B0,0,1,13,2,0,0,0,0,0,0,0,0,0,1,0,2,8,112,12
7340,B1,4,1,1,1,0,0,0,0,0,0,0,0,0,1,0,2,63,644,82
7340,B2,2,0,1,3,0,0,0,0,0,0,0,0,0,1,0,2,7,155,43
7340,C1,13,3,1,0,0,0,0,0,0,0,0,0,0,1,0,2,10,177,11
7350,A1,1,14,0,3,0,0,0,0,0,0,0,0,0,1,0,2,8,74,18
7350,B0,0,1,14,2,0,0,0,0,0,0,0,0,0,1,0,2,8,112,12
7350,B1,2,2,1,1,0,0,0,0,0,0,0,0,0,1,0,2,63,644,82
7350,B2,2,0,1,3,0,0,0,0,0,0,0,0,0,1,0,2,7,155,43
7350,C1,13,2,2,0,0,0,0,0,0,0,0,0,0,1,0,2,10,177,11
7360,A1,1,13,0,3,0,0,0,0,1,0,0,0,0,0,1,2,9,75,18
7360,B0,0,1,14,4,0,0,0,0,0,0,0,0,0,0,1,2,8,112,12
7360,B1,2,1,1,1,0,0,0,0,0,0,0,1,0,0,1,2,63,644,82
7360,B2,1,0,3,3,0,0,0,0,0,0,0,0,0,0,1,2,7,155,43
7360,C1,13,1,2,0,0,0,0,0,0,0,0,0,0,0,1,2,10,177,11
7370,A1,1,13,0,1,0,0,0,0,0,0,0,0,0,0,1,2,9,78,19
7370,B0,0,2,14,1,0,0,0,0,0,0,0,0,0,0,1,2,8,112,12
7370,B1,2,2,2,1,0,0,0,0,0,0,0,0,0,0,1,2,63,644,82
7370,B2,2,0,1,3,0,0,0,0,0,0,0,0,0,0,1,2,7,155,43
7370,C1,13,1,1,0,0,0,0,0,0,0,0,0,0,0,1,2,10,177,11
7380,A1,1,14,0,1,0,0,0,0,0,0,0,0,0,0,1,2,9,78,19
7380,B0,0,2,14,1,0,0,0,0,0,0,0,0,0,0,1,2,8,112,12
7380,B1,2,2,1,2,0,0,0,0,0,0,0,0,0,0,1,2,63,644,82
7380,B2,2,0,3,1,0,0,0,0,0,0,0,0,0,0,1,2,7,155,43
7380,C1,13,2,1,0,0,0,0,0,0,0,0,0,0,0,1,2,10,177,11
7390,A1,1,14,0,3,0,0,0,0,0,0,0,0,0,1,0,2,9,78,19
7390,B0,0,1,13,1,0,0,0,0,0,0,0,0,0,1,0,1,8,112,12
7390,B1,1,1,2,2,0,0,0,0,0,0,0,0,0,1,0,2,63,644,82
7390,B2,1,0,1,1,0,0,0,0,0,0,0,0,0,1,0,2,7,155,43
7390,C1,14,1,1,0,0,0,0,0,0,0,0,0,0,1,0,2,10,177,11
7400,A1,1,13,0,4,0,0,0,0,0,0,0,0,0,1,0,2,9,78,19
7400,B0,0,1,14,2,0,0,0,0,0,0,0,0,0,1,0,2,8,112,12
7400,B1,1,1,2,2,0,0,0,0,0,0,0,0,0,1,0,2,63,644,82
7400,B2,1,0,3,1,0,0,0,0,0,0,0,0,0,1,0,2,7,155,43
7400,C1,14,1,1,0,0,0,0,0,0,0,0,0,0,1,0,2,10,177,11
7410,A1,1,13,0,2,0,0,0,0,0,0,0,0,0,0,1,2,9,78,19
7410,B0,0,1,14,2,0,0,0,0,0,0,0,0,0,0,1,2,8,112,12
7410,B1,1,1,1,1,0,0,0,0,0,0,0,0,0,0,1,2,63,644,82
7410,B2,1,0,1,1,0,0,0,0,0,0,0,0,0,0,1,2,7,155,43
7410,C1,13,2,2,0,0,0,0,0,0,0,0,0,0,0,1,2,10,177,11
7420,A1,2,14,0,1,0,0,0,0,0,0,0,0,0,0,1,2,9,78,19
7420,B0,0,2,14,2,0,0,0,0,0,0,0,0,0,0,1,2,8,112,12
7420,B1,1,1,1,3,0,0,0,0,0,0,0,0,0,0,1,2,63,644,82
7420,B2,1,0,1,1,0,0,0,0,0,0,0,0,0,0,1,2,7,155,43
7420,C1,14,3,1,0,0,0,0,0,0,0,0,0,0,0,1,2,10,177,11
7430,A1,4,14,0,1,0,0,0,0,0,0,0,0,0,1,0,2,9,78,19
7430,B0,0,2,13,1,0,0,0,0,0,0,0,0,0,1,0,2,8,112,12
7430,B1,1,1,1,2,0,0,0,0,0,0,0,0,0,1,0,2,63,644,82
7430,B2,2,0,1,1,0,0,0,0,0,0,0,0,0,1,0,2,7,155,43
7430,C1,14,4,1,0,0,0,0,0,0,0,0,0,0,1,0,2,10,177,11
7440,A1,1,14,0,1,0,0,0,0,0,0,0,0,0,1,0,2,9,78,19
7440,B0,0,1,14,1,0,0,0,0,0,0,0,0,0,1,0,1,8,112,12
7440,B1,1,2,1,2,0,0,0,0,0,0,0,0,0,1,0,2,63,644,82
7440,B2,1,0,1,1,0,0,0,0,0,0,0,0,0,1,0,2,7,155,43
7440,C1,14,2,1,0,0,0,0,0,0,0,0,0,0,1,0,2,10,177,11
7450,A1,1,13,0,1,0,0,0,0,0,0,0,0,0,1,0,2,9,78,19
7450,B0,0,1,14,2,0,0,0,0,0,0,0,0,0,1,0,2,8,112,12
7450,B1,1,1,1,2,0,0,0,0,0,0,0,0,0,1,0,2,63,644,82
7450,B2,1,0,1,1,0,0,0,0,0,0,0,0,0,1,0,2,7,155,43
7450,C1,13,1,1,0,0,0,0,0,0,0,0,0,0,1,0,2,10,177,11
7460,A1,2,13,0,1,0,0,0,0,1,0,0,0,0,0,1,2,10,96,19
7460,B0,0,1,14,2,0,0,0,0,0,0,0,0,0,0,1,2,8,112,12
7460,B1,1,1,1,1,0,0,0,0,0,0,0,1,0,0,1,2,65,665,85
7460,B2,2,0,1,1,0,0,0,0,0,0,0,0,0,0,1,2,8,163,44
7460,C1,13,1,1,0,0,0,0,0,0,0,0,0,0,0,1,2,10,177,11
7470,A1,2,14,0,1,0,0,0,0,1,0,0,0,0,0,1,2,10,116,19
7470,B0,0,2,13,1,0,0,0,0,0,0,0,0,0,0,1,2,8,112,12
7470,B1,1,1,1,1,0,0,0,0,0,0,0,1,0,0,1,2,65,665,85
7470,B2,3,0,1,1,0,0,0,0,0,0,0,0,0,0,1,2,8,163,44
7470,C1,13,3,1,0,0,0,0,0,0,0,0,0,0,0,1,2,10,177,11
7480,A1,3,14,0,1,0,0,0,0,1,0,0,0,0,1,0,2,10,136,19
7480,B0,0,1,13,1,0,0,0,0,0,0,0,0,0,1,0,1,8,112,12
7480,B1,1,1,2,1,0,0,0,0,0,0,0,1,0,1,0,2,65,665,85
7480,B2,2,0,1,1,0,0,0,0,0,0,0,0,0,1,0,2,8,163,44
7480,C1,13,2,1,0,0,0,0,0,0,0,0,0,0,1,0,2,11,178,12
7490,A1,3,11,0,1,0,0,0,0,0,0,0,0,0,1,0,2,10,145,20
7490,B0,0,1,13,1,0,0,0,0,0,0,0,0,0,1,0,1,8,112,12
7490,B1,1,1,2,1,0,0,0,0,0,0,0,0,0,1,0,2,65,665,85
7490,B2,1,0,4,1,0,0,0,0,0,0,0,0,0,1,0,2,8,163,44
7490,C1,13,1,2,0,0,0,0,0,0,0,0,0,0,1,0,2,11,178,12
7500,A1,1,10,0,1,0,0,0,0,0,0,0,0,0,0,1,2,10,145,20
7500,B0,0,2,14,1,0,0,0,0,0,0,0,0,0,0,1,2,8,112,12
7500,B1,2,1,2,1,0,0,0,0,0,0,0,0,0,0,1,2,65,665,85
7500,B2,1,0,4,1,0,0,0,0,0,0,0,0,0,0,1,2,8,163,44
7500,C1,12,1,2,0,0,0,0,0,0,0,0,0,0,0,1,2,11,178,12
7510,A1,1,13,0,1,0,0,0,0,0,0,0,0,0,0,1,2,10,145,20
7510,B0,0,2,13,1,0,0,0,0,0,0,0,0,0,0,1,2,8,112,12
7510,B1,2,1,1,1,0,0,0,0,0,0,0,0,0,0,1,2,65,665,85
7510,B2,1,0,1,2,0,0,0,0,0,0,0,0,0,0,1,2,8,163,44
7510,C1,13,2,1,0,0,0,0,0,0,0,0,0,0,0,1,2,11,178,12
7520,A1,3,14,0,1,0,0,0,0,0,0,0,0,0,0,1,2,10,145,20
7520,B0,0,2,13,1,0,0,0,0,0,0,0,0,0,0,1,2,8,112,12
7520,B1,2,1,2,1,0,0,0,0,0,0,0,0,0,0,1,2,65,665,85
7520,B2,1,0,1,1,0,0,0,0,0,0,0,0,0,0,1,2,8,163,44
7520,C1,13,2,1,0,0,0,0,0,0,0,0,0,0,0,1,2,11,178,12
7530,A1,2,14,0,1,0,0,0,0,0,0,0,0,0,1,0,2,10,145,20
7530,B0,0,1,13,1,0,0,0,0,0,0,0,0,0,1,0,1,8,112,12
7530,B1,1,1,2,1,0,0,0,0,0,0,0,0,0,1,0,2,67,687,87
7530,B2,3,0,1,1,0,0,0,0,0,0,0,0,0,1,0,2,8,163,44
7530,C1,13,3,2,0,0,0,0,0,0,0,0,0,0,1,0,2,11,178,12
7540,A1,1,14,0,1,0,0,0,0,0,0,0,0,0,1,0,2,10,145,20
7540,B0,0,2,14,1,0,0,0,0,0,0,0,0,0,1,0,2,8,112,12
7540,B1,2,1,2,2,0,0,0,0,0,0,0,0,0,1,0,2,67,687,87
7540,B2,1,0,1,1,0,0,0,0,0,0,0,0,0,1,0,2,8,163,44
7540,C1,12,1,2,0,0,0,0,0,0,0,0,0,0,1,0,2,11,178,12
7550,A1,1,13,0,1,0,0,0,0,0,0,0,0,0,0,1,2,10,145,20
7550,B0,0,2,14,1,0,0,0,0,0,0,0,0,0,0,1,2,8,112,12
7550,B1,2,2,2,1,0,0,0,0,0,0,0,0,0,0,1,2,67,687,87
7550,B2,1,0,1,2,0,0,0,0,0,0,0,0,0,0,1,2,9,166,45
7550,C1,13,2,1,0,0,0,0,0,0,0,0,0,0,0,1,2,11,178,12
7560,A1,1,14,0,2,0,0,0,0,0,0,0,0,0,0,1,2,10,145,20
7560,B0,0,3,13,1,0,0,0,0,0,0,0,0,0,0,1,2,8,112,12
7560,B1,2,1,3,3,0,0,0,0,0,0,0,0,0,0,1,2,67,687,87
7560,B2,2,0,1,1,0,0,0,0,0,0,0,0,0,0,1,2,9,166,45
7560,C1,14,3,1,0,0,0,0,0,0,0,0,0,0,0,1,2,11,178,12
7570,A1,3,14,0,2,0,0,0,0,0,0,0,0,0,1,0,2,10,145,20
7570,B0,0,2,12,1,0,0,0,0,0,0,0,0,0,1,0,2,8,112,12
7570,B1,1,1,3,2,0,0,0,0,0,0,0,0,0,1,0,2,67,687,87
7570,B2,1,0,1,2,0,0,0,0,0,0,0,0,0,1,0,2,9,166,45
7570,C1,14,4,1,0,0,0,0,0,0,0,0,0,0,1,0,2,11,178,12
7580,A1,1,11,0,3,0,0,0,0,0,0,0,0,0,1,0,2,10,145,20
7580,B0,0,1,13,1,0,0,0,0,0,0,0,0,0,1,0,1,8,112,12
7580,B1,1,1,3,2,0,0,0,0,0,0,0,0,0,1,0,2,67,687,87
7580,B2,1,0,1,3,0,0,0,0,0,0,0,0,0,1,0,2,9,166,45
7580,C1,14,1,2,0,0,0,0,0,0,0,0,0,0,1,0,2,11,178,12
7590,A1,1,9,0,4,0,0,0,0,0,0,0,0,0,0,1,2,10,145,20
7590,B0,0,1,14,2,0,0,0,12,0,0,0,0,0,0,1,1,9,113,12
7590,B1,1,1,3,2,0,0,0,0,0,0,0,0,0,0,1,2,67,687,87
7590,B2,1,0,3,2,0,0,0,0,0,0,0,0,0,0,1,2,9,166,45
7590,C1,12,2,2,0,0,0,0,0,0,0,0,0,0,0,1,2,11,178,12
7600,A1,1,9,0,1,0,0,0,0,0,0,0,0,0,0,1,2,10,145,20
7600,B0,0,1,12,1,0,0,0,0,0,0,0,0,0,0,1,2,9,121,24
7600,B1,1,1,4,1,0,0,0,0,0,0,0,0,0,0,1,2,67,687,87
7600,B2,2,0,1,3,0,0,0,0,0,0,0,0,0,0,1,2,9,166,45
7600,C1,13,2,1,0,0,0,0,0,0,0,0,0,0,0,1,2,11,178,12
7610,A1,2,9,0,1,0,0,0,0,0,0,0,0,0,0,1,2,10,145,20
7610,B0,0,1,11,1,0,0,0,0,0,0,0,0,0,0,1,2,9,121,24
7610,B1,1,1,4,1,0,0,0,0,0,0,0,0,0,0,1,2,67,687,87
7610,B2,2,0,1,1,0,0,0,0,0,0,0,0,0,0,1,2,9,166,45
7610,C1,14,3,1,0,0,0,0,0,0,0,0,0,0,0,1,2,11,178,12
7620,A1,2,9,0,2,0,0,0,0,0,0,0,0,0,1,0,2,10,145,20
7620,B0,0,2,12,1,0,0,0,0,0,0,0,0,0,1,0,2,9,121,24
7620,B1,1,1,5,1,0,0,0,0,0,0,0,0,0,1,0,2,67,687,87
7620,B2,1,0,1,1,0,0,0,0,0,0,0,0,0,1,0,2,9,166,45
7620,C1,14,1,1,0,0,0,0,0,0,0,0,0,0,1,0,2,11,178,12
7630,A1,1,9,0,4,0,0,0,0,0,0,0,0,0,1,0,2,10,145,20
7630,B0,0,1,14,1,0,0,0,0,0,0,0,0,0,1,0,1,9,121,24
7630,B1,2,1,5,1,0,0,0,0,0,0,0,0,0,1,0,2,67,687,87
7630,B2,1,0,1,2,0,0,0,0,0,0,0,0,0,1,0,2,9,166,45
7630,C1,13,3,1,0,0,0,0,0,0,0,0,0,0,1,0,2,11,178,12
7640,A1,1,8,0,2,0,0,0,0,0,0,0,0,0,0,1,2,10,145,20
7640,B0,0,1,14,2,0,0,0,0,0,0,0,0,0,0,1,2,9,121,24
7640,B1,3,1,4,1,0,0,0,0,0,0,0,0,0,0,1,2,67,687,87
7640,B2,3,0,1,4,0,0,0,0,0,0,0,0,0,0,1,2,9,166,45
7640,C1,12,1,1,0,0,0,0,0,0,0,0,0,0,0,1,2,11,178,12
7650,A1,2,10,0,1,0,0,0,0,0,0,0,0,0,0,1,2,10,145,20
7650,B0,0,1,13,1,0,0,0,0,0,0,0,0,0,0,1,2,9,121,24
7650,B1,3,1,1,1,0,0,0,0,0,0,0,0,0,0,1,2,67,687,87
7650,B2,3,0,3,3,0,0,0,0,0,0,0,0,0,0,1,2,9,166,45
7650,C1,13,2,1,0,0,0,0,0,0,0,0,0,0,0,1,2,11,178,12
7660,A1,3,10,0,1,0,0,0,0,0,0,0,0,0,1,0,2,10,145,20
7660,B0,0,2,12,2,0,0,0,0,0,0,0,0,0,1,0,2,9,121,24
7660,B1,4,1,1,2,0,0,0,0,0,0,0,0,0,1,0,2,67,687,87
7660,B2,2,0,3,2,0,0,0,0,0,0,0,0,0,1,0,2,10,168,46
7660,C1,14,2,1,0,0,0,0,0,0,0,0,0,0,1,0,2,11,178,12
7670,A1,1,10,0,1,0,0,0,0,0,0,0,0,0,1,0,2,10,145,20
7670,B0,0,2,13,2,0,0,0,0,0,0,0,0,0,1,0,2,9,121,24
7670,B1,1,1,2,1,0,0,0,0,0,0,0,0,0,1,0,2,67,687,87
7670,B2,3,0,4,3,0,0,0,0,0,0,0,0,0,1,0,2,10,168,46
7670,C1,13,2,1,0,0,0,0,0,0,0,0,0,0,1,0,2,11,178,12
7680,A1,1,8,0,2,0,0,0,0,0,0,0,0,0,1,0,2,10,145,20
7680,B0,0,1,14,2,0,0,0,0,0,0,0,0,0,1,0,2,9,121,24
7680,B1,1,2,2,1,0,0,0,0,0,0,0,0,0,1,0,2,67,687,87
7680,B2,1,0,4,3,0,0,0,0,0,0,0,0,0,1,0,2,10,168,46
7680,C1,10,1,2,0,0,0,0,0,0,0,0,0,0,1,0,2,11,178,12
7690,A1,2,9,0,1,0,0,0,0,0,0,0,0,0,0,1,2,10,145,20
7690,B0,0,1,14,1,0,0,0,0,0,0,0,0,0,0,1,2,9,121,24
7690,B1,1,1,2,2,0,0,0,0,0,0,0,0,0,0,1,2,67,687,87
7690,B2,2,0,2,5,0,0,0,0,0,0,0,0,0,0,1,2,10,168,46
7690,C1,11,1,1,0,0,0,0,0,0,0,0,0,0,0,1,2,11,178,12
7700,A1,2,8,0,1,0,0,0,0,0,0,0,0,0,0,1,2,10,145,20
7700,B0,0,1,13,1,0,0,0,0,0,0,0,0,0,0,1,2,9,121,24
7700,B1,1,1,1,4,0,0,0,0,0,0,0,0,0,0,1,2,67,687,87
7700,B2,3,0,2,2,0,0,0,0,0,0,0,0,0,0,1,2,10,168,46
7700,C1,14,2,2,0,0,0,0,0,0,0,0,0,0,0,1,2,11,178,12
7710,A1,1,8,0,1,0,0,0,0,0,0,0,0,0,1,0,2,10,145,20
7710,B0,0,1,12,1,0,0,0,0,0,0,0,0,0,1,0,1,9,121,24
7710,B1,1,1,2,3,0,0,0,0,0,0,0,0,0,1,0,2,67,687,87
7710,B2,1,0,2,1,0,0,0,0,0,0,0,0,0,1,0,2,10,168,46
7710,C1,14,1,1,0,0,0,0,0,0,0,0,0,0,1,0,2,11,178,12
7720,A1,2,10,0,1,0,0,0,0,0,0,0,0,0,1,0,2,10,145,20
7720,B0,0,1,14,1,0,0,0,0,0,0,0,0,0,1,0,1,9,121,24
7720,B1,1,1,2,3,0,0,0,0,0,0,0,0,0,1,0,2,67,687,87
7720,B2,1,0,3,2,0,0,0,0,0,0,0,0,0,1,0,2,10,168,46
7720,C1,12,1,2,0,0,0,0,0,0,0,0,0,0,1,0,2,11,178,12
7730,A1,1,10,0,1,0,0,0,0,0,0,0,0,0,0,1,2,10,145,20
7730,B0,0,1,14,4,0,0,0,0,0,0,0,0,0,0,1,2,9,121,24
7730,B1,2,2,2,3,0,0,0,0,0,0,0,0,0,0,1,2,68,691,88
7730,B2,1,0,3,4,0,0,0,0,0,0,0,0,0,0,1,2,10,168,46
7730,C1,10,1,4,0,0,0,0,0,0,0,0,0,0,0,1,2,11,178,12
7740,A1,1,10,0,1,0,0,0,0,0,0,0,0,0,0,1,2,10,145,20
7740,B0,0,3,11,1,0,0,0,0,0,0,0,0,0,0,1,2,9,121,24
7740,B1,1,2,1,1,0,0,0,0,0,0,0,0,0,0,1,2,68,691,88
7740,B2,1,0,1,4,0,0,0,0,0,0,0,0,0,0,1,2,10,168,46
7740,C1,13,2,1,0,0,0,0,0,0,0,0,0,0,0,1,2,11,178,12
7750,A1,2,12,0,1,0,0,0,0,0,0,0,0,0,0,1,2,10,145,20
7750,B0,0,4,10,1,0,0,0,0,0,0,0,0,0,0,1,2,9,121,24
7750,B1,1,2,1,1,0,0,0,0,0,0,0,0,0,0,1,2,68,691,88
7750,B2,1,0,1,1,0,0,0,0,0,0,0,0,0,0,1,2,10,168,46
7750,C1,14,4,1,0,0,0,0,0,0,0,0,0,0,0,1,2,11,178,12
7760,A1,1,13,0,2,0,0,0,0,0,0,0,0,0,1,0,2,10,145,20
7760,B0,0,2,13,1,0,0,0,0,0,0,0,0,0,1,0,2,9,121,24
7760,B1,1,1,1,1,0,0,0,0,0,0,0,0,0,1,0,2,68,691,88
7760,B2,1,0,1,1,0,0,0,0,0,0,0,0,0,1,0,2,10,168,46
7760,C1,14,2,1,0,0,0,0,0,0,0,0,0,0,1,0,2,11,178,12
7770,A1,1,12,0,2,0,0,0,0,0,0,0,0,0,1,0,2,10,145,20
7770,B0,0,2,14,3,0,0,0,0,0,0,0,0,0,1,0,2,9,121,24
7770,B1,3,1,1,1,0,0,0,0,0,0,0,0,0,1,0,2,68,691,88
7770,B2,1,0,1,3,0,0,0,0,0,0,0,0,0,1,0,2,10,168,46
7770,C1,14,1,1,0,0,0,0,0,0,0,0,0,0,1,0,2,11,178,12
7780,A1,1,11,0,2,0,0,0,0,0,0,0,0,0,0,1,2,10,145,20
7780,B0,0,2,14,2,0,0,0,0,0,0,0,0,0,0,1,2,9,121,24
7780,B1,2,2,1,1,0,0,0,0,0,0,0,0,0,0,1,2,68,691,88
7780,B2,1,0,2,6,0,0,0,0,0,0,0,0,0,0,1,2,10,168,46
7780,C1,13,2,1,0,0,0,0,0,0,0,0,0,0,0,1,2,11,178,12
7790,A1,1,11,0,1,0,0,0,0,0,0,0,0,0,0,1,2,10,145,20
7790,B0,0,2,12,2,0,0,0,0,0,0,0,0,0,0,1,2,9,121,24
7790,B1,2,2,1,1,0,0,0,0,0,0,0,0,0,0,1,2,68,691,88
7790,B2,2,0,2,4,0,0,0,0,0,0,0,0,0,0,1,2,10,168,46
7790,C1,14,1,1,0,0,0,0,0,0,0,0,0,0,0,1,2,11,178,12
7800,A1,1,14,0,1,0,0,0,0,0,0,0,0,0,1,0,2,10,145,20
7800,B0,0,2,11,1,0,0,0,0,0,0,0,0,0,1,0,2,9,121,24
7800,B1,2,2,2,2,0,0,0,0,0,0,0,0,0,1,0,2,68,691,88
7800,B2,1,0,3,3,0,0,0,0,0,0,0,0,0,1,0,2,10,168,46
7800,C1,14,2,2,0,0,0,0,0,0,0,0,0,0,1,0,2,11,178,12
7810,A1,2,10,0,3,0,0,0,0,0,0,0,0,0,1,0,2,10,145,20
7810,B0,0,1,13,2,0,0,0,0,0,0,0,0,0,1,0,2,9,121,24
7810,B1,3,1,2,2,0,0,0,0,0,0,0,0,0,1,0,2,68,691,88
7810,B2,1,0,1,5,0,0,0,0,0,0,0,0,0,1,0,2,10,168,46
7810,C1,14,3,3,0,0,0,0,0,0,0,0,0,0,1,0,2,11,178,12
7820,A1,2,7,0,4,0,0,0,0,0,0,0,0,1,0,1,2,10,145,20
7820,B0,0,1,14,5,0,0,0,0,0,0,0,0,0,0,1,2,9,121,24
7820,B1,2,2,2,2,0,0,0,1,1,0,0,0,0,0,1,1,70,695,88
7820,B2,1,0,2,5,0,0,0,0,0,0,0,0,0,0,1,2,10,168,46
7820,C1,12,1,3,0,0,0,0,0,0,0,0,1,0,0,1,2,11,178,12
7830,A1,4,7,0,1,0,0,0,0,0,0,0,0,0,0,1,2,10,145,20
7830,B0,0,1,14,3,0,0,0,0,0,0,0,0,0,0,1,2,9,121,24
7830,B1,2,2,1,2,0,0,0,0,0,0,0,0,0,0,1,2,70,695,90
7830,B2,1,0,1,6,0,0,0,0,0,0,0,0,0,0,1,2,10,168,46
7830,C1,13,2,1,0,0,0,0,0,0,0,0,0,0,0,1,2,11,178,12
7840,A1,3,10,0,2,0,0,0,0,0,0,0,0,0,0,1,2,10,145,20
7840,B0,0,2,13,1,0,0,0,0,0,0,0,0,0,0,1,2,9,121,24
7840,B1,2,2,3,3,0,0,0,0,0,0,0,0,0,0,1,2,70,695,90
7840,B2,1,0,2,3,0,0,0,0,0,0,0,0,0,0,1,2,10,168,46
7840,C1,14,2,1,0,0,0,0,0,0,0,0,0,0,0,1,2,11,178,12
7850,A1,2,11,0,2,0,0,0,0,0,0,0,0,0,1,0,2,10,145,20
7850,B0,0,1,13,1,0,0,0,0,0,0,0,0,0,1,0,1,9,121,24
7850,B1,1,2,3,3,0,0,0,0,0,0,0,0,0,1,0,2,71,703,92
7850,B2,1,0,1,3,0,0,0,0,0,0,0,0,0,1,0,2,10,168,46
7850,C1,14,1,1,0,0,0,0,0,0,0,0,0,0,1,0,2,11,178,12
7860,A1,2,9,0,3,0,0,0,0,0,0,0,0,0,1,0,2,10,145,20
7860,B0,0,1,14,1,0,0,0,0,0,0,0,0,0,1,0,1,9,121,24
7860,B1,1,1,3,3,0,0,0,0,0,0,0,0,0,1,0,2,71,703,92
7860,B2,1,0,1,5,0,0,0,0,0,0,0,0,0,1,0,2,10,168,46
7860,C1,13,1,1,0,0,0,0,0,0,0,0,0,0,1,0,2,11,178,12
7870,A1,1,7,0,1,0,0,0,0,0,0,0,0,0,0,1,2,10,145,20
7870,B0,0,1,13,1,0,0,0,0,0,0,0,0,0,0,1,2,9,121,24
7870,B1,1,1,1,3,0,0,0,0,0,0,0,0,0,0,1,2,71,703,92
7870,B2,1,0,2,8,0,0,0,0,0,0,0,0,0,0,1,2,10,168,46
7870,C1,12,1,1,0,0,0,0,0,0,0,0,0,0,0,1,2,11,178,12
7880,A1,1,8,0,1,0,0,0,0,0,0,0,0,0,0,1,2,10,145,20
7880,B0,0,1,12,1,0,0,0,0,0,0,0,0,0,0,1,2,9,121,24
7880,B1,1,1,2,4,0,0,0,0,0,0,0,0,0,0,1,2,71,703,92
7880,B2,2,0,1,7,0,0,0,0,0,0,0,0,0,0,1,2,10,168,46
7880,C1,13,1,1,0,0,0,0,0,0,0,0,0,0,0,1,2,11,178,12
7890,A1,3,10,0,1,0,0,0,0,0,0,0,0,0,1,0,2,10,145,20
7890,B0,0,2,12,1,0,0,0,0,0,0,0,0,0,1,0,2,9,121,24
7890,B1,4,1,2,2,0,0,0,0,0,0,0,0,0,1,0,2,71,703,92
7890,B2,1,0,1,4,0,0,0,0,0,0,0,0,0,1,0,2,10,168,46
7890,C1,14,1,1,0,0,0,0,0,0,0,0,0,0,1,0,2,11,178,12
7900,A1,2,10,0,1,0,0,0,0,0,0,0,0,0,1,0,2,10,145,20
7900,B0,0,1,13,1,0,0,0,0,0,0,0,0,0,1,0,1,9,121,24
7900,B1,3,1,2,2,0,0,0,0,0,0,0,0,0,1,0,2,71,703,92
7900,B2,2,0,2,4,0,0,0,0,0,0,0,0,0,1,0,2,10,168,46
7900,C1,12,2,2,0,0,0,0,0,0,0,0,0,0,1,0,2,11,178,12
7910,A1,2,8,0,1,0,0,0,0,0,0,0,0,0,1,0,2,10,145,20
7910,B0,0,2,14,3,0,0,0,0,0,0,0,0,0,1,0,2,9,121,24
7910,B1,2,3,2,2,0,0,0,0,0,0,0,0,0,1,0,2,71,703,92
7910,B2,1,0,2,7,0,0,0,0,0,0,0,0,0,1,0,2,10,168,46
7910,C1,10,2,2,0,0,0,0,0,0,0,0,0,0,1,0,2,11,178,12
7920,A1,2,8,0,1,0,0,0,0,0,0,0,0,0,0,1,2,10,145,20
7920,B0,0,3,14,1,0,0,0,0,0,0,0,0,0,0,1,2,9,121,24
7920,B1,2,3,1,1,0,0,0,0,0,0,0,0,0,0,1,2,71,703,92
7920,B2,1,0,2,6,0,0,0,0,0,0,0,0,0,0,1,2,10,168,46
7920,C1,13,4,1,0,0,0,0,0,0,0,0,0,0,0,1,2,11,178,12
7930,A1,2,8,0,1,0,0,0,0,0,0,0,0,0,0,1,2,10,145,20
7930,B0,0,3,11,1,0,0,0,0,0,0,0,0,0,0,1,2,9,121,24
7930,B1,2,3,1,2,0,0,0,0,0,0,0,0,0,0,1,2,71,703,92
7930,B2,1,0,1,3,0,0,0,0,0,0,0,0,0,0,1,2,10,168,46
7930,C1,14,5,1,0,0,0,0,0,0,0,0,0,0,0,1,2,11,178,12
7940,A1,3,9,0,3,0,0,0,0,0,0,0,0,0,1,0,2,10,145,20
7940,B0,0,2,11,1,0,0,0,0,0,0,0,0,0,1,0,2,9,121,24
7940,B1,1,2,1,1,0,0,1,0,0,0,0,0,0,1,0,2,72,715,92
7940,B2,2,0,1,2,0,0,0,0,0,1,0,0,0,1,0,1,10,168,46
7940,C1,13,3,1,0,0,0,0,0,0,0,0,0,0,1,0,2,11,178,12
7950,A1,2,10,0,3,0,0,0,0,0,0,0,0,0,1,0,2,10,145,20
7950,B0,0,1,13,1,0,0,0,0,0,0,0,0,0,1,0,1,9,121,24
7950,B1,2,1,1,1,0,0,0,0,0,0,0,0,0,1,0,2,72,717,95
7950,B2,1,0,2,4,0,0,0,0,0,0,0,0,0,1,0,2,10,168,46
7950,C1,10,2,2,0,0,0,0,0,0,0,0,0,0,1,0,2,11,178,12
7960,A1,3,9,0,2,0,0,0,0,0,0,0,0,0,0,1,2,10,145,20
7960,B0,0,1,14,2,0,0,0,0,0,0,0,0,0,0,1,2,9,121,24
7960,B1,3,4,1,3,0,0,0,0,0,0,0,0,0,0,1,2,72,717,95
7960,B2,1,0,3,7,0,0,0,0,0,0,0,0,0,0,1,2,10,168,46
7960,C1,12,2,1,0,0,0,0,0,0,0,0,0,0,0,1,2,11,178,12
7970,A1,3,10,0,1,0,0,0,0,0,0,0,0,0,0,1,2,10,145,20
7970,B0,0,1,12,2,0,0,0,0,0,0,0,0,0,0,1,2,9,121,24
7970,B1,3,4,2,2,0,0,0,0,0,0,0,0,0,0,1,2,72,717,95
7970,B2,2,0,3,4,0,0,0,0,0,0,0,0,0,0,1,2,10,168,46
7970,C1,13,3,1,0,0,0,0,0,0,0,0,0,0,0,1,2,11,178,12
7980,A1,2,12,0,1,0,0,0,0,0,0,0,0,0,0,1,2,10,145,20
7980,B0,0,1,9,2,0,0,0,0,0,0,0,0,0,0,1,2,9,121,24
7980,B1,3,4,1,2,0,0,0,0,0,0,0,0,0,0,1,2,72,717,95
7980,B2,3,0,1,1,0,0,0,0,0,0,0,0,0,0,1,2,10,168,46
7980,C1,14,3,1,0,0,0,0,0,0,0,0,0,0,0,1,2,11,178,12
7990,A1,2,13,0,3,0,0,0,0,0,0,0,0,0,1,0,2,10,145,20
7990,B0,0,1,12,3,0,0,0,0,0,0,0,0,0,1,0,2,9,121,24
7990,B1,2,4,1,2,0,0,0,0,0,0,0,0,0,1,0,2,72,717,95
7990,B2,1,0,3,2,0,0,0,0,0,0,0,0,0,1,0,2,10,168,46
7990,C1,14,1,1,0,0,0,0,0,0,0,0,0,0,1,0,2,11,178,12
8000,A1,2,9,0,3,0,0,0,0,0,0,0,0,0,1,0,2,10,145,20
8000,B0,0,1,14,1,0,0,0,0,0,0,0,0,0,1,0,1,9,121,24
8000,B1,3,5,1,2,0,0,0,0,0,0,0,0,0,1,0,2,72,717,95
8000,B2,3,0,3,5,0,0,0,0,0,0,0,0,0,1,0,2,10,168,46
8000,C1,11,1,2,0,0,0,0,0,0,0,0,0,0,1,0,2,11,178,12
8010,A1,1,10,0,1,0,0,0,0,0,0,0,0,0,0,1,2,10,145,20
8010,B0,0,1,13,2,0,0,0,0,0,0,0,0,0,0,1,2,9,121,24
8010,B1,3,4,1,1,0,0,0,0,0,0,0,0,0,0,1,2,73,721,96
8010,B2,4,0,1,3,0,0,0,0,0,0,0,0,0,0,1,2,10,168,46
8010,C1,11,2,1,0,0,0,0,0,0,0,0,0,0,0,1,2,11,178,12
8020,A1,3,10,0,1,0,0,0,0,0,0,0,0,0,0,1,2,10,145,20
8020,B0,0,1,12,1,0,0,0,0,0,0,0,0,0,0,1,2,9,121,24
8020,B1,3,4,3,1,0,0,0,0,0,0,0,0,0,0,1,2,73,721,96
8020,B2,6,0,1,2,0,0,0,0,0,0,0,0,0,0,1,2,10,168,46
8020,C1,13,1,1,0,0,0,0,0,0,0,0,0,0,0,1,2,11,178,12
8030,A1,2,11,0,1,0,0,0,0,0,0,0,0,0,1,0,2,10,145,20
8030,B0,0,1,12,2,0,0,0,0,0,0,0,0,0,1,0,2,9,121,24
8030,B1,3,4,4,2,0,0,0,0,0,0,0,0,0,1,0,2,73,721,96
8030,B2,6,0,3,1,0,0,0,0,0,0,0,0,0,1,0,2,10,168,46
8030,C1,14,2,1,0,0,0,0,0,0,0,0,0,0,1,0,2,11,178,12
8040,A1,1,9,0,1,0,0,0,0,0,0,0,0,0,1,0,2,10,145,20
8040,B0,0,2,13,2,0,0,0,0,0,0,0,0,0,1,0,2,9,121,24
8040,B1,2,5,4,2,0,0,0,0,0,0,0,0,0,1,0,2,73,721,96
8040,B2,2,0,4,1,0,0,0,0,0,0,0,0,0,1,0,2,10,168,46
8040,C1,13,1,2,0,0,0,0,0,0,0,0,0,0,1,0,2,11,178,12
8050,A1,1,7,0,1,0,0,0,0,0,0,0,0,0,0,1,2,10,145,20
8050,B0,0,1,14,3,0,0,0,0,0,0,0,0,0,0,1,2,9,121,24
8050,B1,2,3,4,2,0,0,0,0,0,0,0,0,0,0,1,2,73,721,96
8050,B2,1,0,4,5,0,0,0,0,0,0,0,0,0,0,1,2,10,168,46
8050,C1,11,1,3,0,0,0,0,0,0,0,0,0,0,0,1,2,11,178,12
8060,A1,2,7,0,1,0,0,0,0,0,0,0,0,0,0,1,2,10,145,20
8060,B0,0,2,14,2,0,0,0,0,0,0,0,0,0,0,1,2,9,121,24
8060,B1,3,3,4,2,0,0,0,0,0,0,0,0,0,0,1,2,73,721,96
8060,B2,4,0,1,5,0,0,0,0,0,0,0,0,0,0,1,2,10,168,46
8060,C1,13,3,1,0,0,0,0,0,0,0,0,0,0,0,1,2,11,178,12
8070,A1,1,10,0,2,0,0,0,0,0,0,0,0,0,0,1,2,10,145,20
8070,B0,0,2,10,1,0,0,0,0,0,0,0,0,0,0,1,2,9,121,24
8070,B1,3,3,4,2,0,0,0,0,0,0,0,0,0,0,1,2,73,721,96
8070,B2,5,0,1,1,0,0,0,0,0,0,0,0,0,0,1,2,10,168,46
8070,C1,14,4,1,0,0,0,0,0,0,0,0,0,0,0,1,2,11,178,12
8080,A1,1,9,0,3,0,0,0,0,0,0,0,0,0,1,0,2,10,145,20
8080,B0,0,1,11,1,0,0,0,0,0,0,0,0,0,1,0,2,9,121,24
8080,B1,1,1,4,2,0,0,0,0,0,0,0,0,0,1,0,2,74,724,98
8080,B2,2,0,1,1,0,0,0,0,0,0,0,0,0,1,0,2,10,168,46
8080,C1,14,3,1,0,0,0,0,0,0,0,0,0,0,1,0,2,11,178,12
8090,A1,1,8,0,5,0,0,0,0,0,0,0,0,0,1,0,2,10,145,20
8090,B0,0,1,13,1,0,0,0,0,0,0,0,0,0,1,0,1,9,121,24
8090,B1,1,1,4,2,0,0,0,0,0,0,0,0,0,1,0,2,74,724,98
8090,B2,1,0,2,2,0,0,0,0,0,0,0,0,0,1,0,2,10,168,46
8090,C1,14,2,4,0,0,0,0,0,0,0,0,0,0,1,0,2,11,178,12
8100,A1,1,7,0,3,0,0,0,0,0,0,0,0,0,0,1,2,10,145,20
8100,B0,0,2,14,1,0,0,0,0,0,0,0,0,0,0,1,2,9,121,24
8100,B1,1,3,2,1,0,0,0,0,0,0,0,0,0,0,1,2,74,724,98
8100,B2,1,0,3,5,0,0,0,0,0,0,0,0,0,0,1,2,10,168,46
8100,C1,13,3,4,0,0,0,0,0,0,0,0,0,0,0,1,2,11,178,12
8110,A1,2,8,0,1,0,0,0,0,0,0,0,0,0,0,1,2,10,145,20
8110,B0,0,2,14,1,0,0,0,0,0,0,0,0,0,0,1,2,9,121,24
8110,B1,1,3,1,1,0,0,0,0,0,0,0,0,0,0,1,2,74,724,98
8110,B2,1,0,1,1,0,0,0,0,0,0,0,0,0,0,1,2,10,168,46
8110,C1,14,4,2,0,0,0,0,0,0,0,0,0,0,0,1,2,11,178,12
8120,A1,2,9,0,1,0,0,0,0,0,0,0,0,0,1,0,2,10,145,20
8120,B0,0,1,12,1,0,0,0,0,0,0,0,0,0,1,0,1,9,121,24
8120,B1,1,3,1,2,0,0,2,0,0,0,0,0,0,1,0,2,75,728,98
8120,B2,1,0,1,1,0,0,0,0,0,1,0,0,0,1,0,1,10,168,46
8120,C1,14,6,1,0,0,0,0,0,0,0,0,0,0,1,0,2,11,178,12
8130,A1,1,10,0,2,0,0,0,0,0,0,0,0,0,1,0,2,10,145,20
8130,B0,0,1,13,2,0,0,0,0,0,0,0,0,0,1,0,2,9,121,24
8130,B1,2,1,1,1,0,0,0,0,0,0,0,0,0,1,0,2,75,737,101
8130,B2,1,0,1,2,0,0,0,0,0,0,0,0,0,1,0,2,10,168,46
8130,C1,14,4,4,0,0,0,0,0,0,0,0,0,0,1,0,2,11,178,12
8140,A1,3,8,0,2,0,0,0,0,0,0,0,0,0,1,0,2,10,145,20
8140,B0,0,1,14,5,0,0,0,0,0,0,0,0,0,1,0,2,9,121,24
8140,B1,2,2,1,2,0,0,0,0,0,0,0,0,0,1,0,2,75,737,101
8140,B2,1,0,2,5,0,0,0,0,0,0,0,0,0,1,0,2,10,168,46
8140,C1,14,1,4,0,0,0,0,0,0,0,0,0,0,1,0,2,11,178,12
8150,A1,2,8,0,2,0,0,0,0,0,0,0,0,0,0,1,2,10,145,20
8150,B0,0,2,14,4,0,0,0,0,0,0,0,0,0,0,1,2,9,121,24
8150,B1,2,2,1,1,0,0,0,0,0,0,0,0,0,0,1,2,75,737,101
8150,B2,1,0,1,4,0,0,0,0,0,0,0,0,0,0,1,2,10,168,46
8150,C1,13,2,4,0,0,0,0,0,0,0,0,0,0,0,1,2,11,178,12
8160,A1,2,12,0,1,0,0,0,0,0,0,0,0,0,0,1,2,10,145,20
8160,B0,0,2,14,2,0,0,0,0,0,0,0,0,0,0,1,2,9,121,24
8160,B1,2,2,1,1,0,0,0,0,0,0,0,0,0,0,1,2,75,737,101
8160,B2,1,0,2,3,0,0,0,0,0,0,0,0,0,0,1,2,10,168,46
8160,C1,14,3,1,0,0,0,0,0,0,0,0,0,0,0,1,2,11,178,12
8170,A1,1,12,0,1,0,0,0,0,0,0,0,0,0,1,0,2,10,145,20
8170,B0,0,1,13,3,0,0,0,0,0,0,1,0,0,1,0,1,9,121,24
8170,B1,1,1,1,2,0,1,1,0,0,0,0,0,0,1,0,2,77,761,101
8170,B2,1,0,1,5,0,0,0,0,0,1,0,0,0,1,0,1,10,168,46
8170,C1,14,2,1,0,0,0,0,0,0,0,0,0,0,1,0,2,11,178,12
8180,A1,1,10,0,3,0,0,0,0,0,0,0,0,0,1,0,2,10,145,20
8180,B0,0,1,14,5,0,0,0,0,0,0,0,0,0,1,0,2,9,121,24
8180,B1,2,2,1,2,0,0,0,0,0,0,0,0,0,1,0,2,77,764,105
8180,B2,1,0,3,5,0,0,0,0,0,0,0,0,0,1,0,2,10,168,46
8180,C1,13,1,2,0,0,0,0,0,0,0,0,0,0,1,0,2,11,178,12
8190,A1,1,9,0,2,0,0,0,0,0,0,0,0,1,0,1,2,10,145,20
8190,B0,0,1,14,8,0,0,0,0,0,0,0,0,0,0,1,2,9,121,24
8190,B1,3,2,1,2,0,0,0,1,0,0,0,0,0,0,1,2,78,770,105
8190,B2,1,0,3,5,0,0,0,0,0,0,0,0,0,0,1,2,10,168,46
8190,C1,12,1,3,0,0,0,0,0,0,0,0,0,0,0,1,2,11,178,12
8200,A1,1,8,0,1,0,0,0,0,0,0,0,0,0,0,1,2,10,145,20
8200,B0,0,1,14,5,0,0,0,0,0,0,0,0,0,0,1,2,9,121,24
8200,B1,3,2,2,2,0,0,0,0,0,0,0,0,0,0,1,2,78,772,106
8200,B2,1,0,1,5,0,0,0,0,0,0,0,0,0,0,1,2,10,168,46
8200,C1,13,2,1,0,0,0,0,0,0,0,0,0,0,0,1,2,11,178,12
8210,A1,4,10,0,1,0,0,0,0,0,0,0,0,0,0,1,2,10,145,20
8210,B0,0,1,13,5,0,0,0,0,0,0,0,0,0,0,1,2,9,121,24
8210,B1,3,2,3,2,0,0,0,0,0,0,0,0,0,0,1,2,78,772,106
8210,B2,1,0,5,6,0,0,0,0,0,0,0,0,0,0,1,2,10,168,46
8210,C1,13,1,1,0,0,0,0,0,0,0,0,0,0,0,1,2,11,178,12
8220,A1,3,10,0,1,0,0,0,0,0,0,0,0,0,1,0,2,10,145,20
8220,B0,0,1,13,5,0,0,0,0,0,0,0,0,0,1,0,2,9,121,24
8220,B1,3,1,3,2,0,0,0,0,0,0,0,0,0,1,0,2,80,794,110
8220,B2,1,0,7,7,0,0,0,0,0,0,0,0,0,1,0,2,10,168,46
8220,C1,14,1,1,0,0,0,0,0,0,0,0,0,0,1,0,2,11,178,12
8230,A1,1,9,0,1,0,0,0,0,0,0,0,0,0,1,0,2,10,145,20
8230,B0,0,1,14,7,0,0,0,0,0,0,0,0,0,1,0,2,9,121,24
8230,B1,5,3,3,2,0,0,0,0,0,0,0,0,0,1,0,2,80,794,110
8230,B2,1,0,2,7,0,0,0,0,0,0,0,0,0,1,0,2,10,168,46
8230,C1,13,1,1,0,0,0,0,0,0,0,0,0,0,1,0,2,11,178,12
8240,A1,1,8,0,2,0,0,0,0,0,0,0,0,0,0,1,2,10,145,20
8240,B0,0,1,14,6,0,0,0,0,0,0,0,0,0,0,1,2,9,121,24
8240,B1,4,3,1,2,0,0,0,0,0,0,0,0,0,0,1,2,81,802,112
8240,B2,1,0,7,5,0,0,0,0,0,0,0,0,0,0,1,2,10,168,46
8240,C1,13,1,1,0,0,0,0,0,0,0,0,0,0,0,1,2,11,178,12
8250,A1,2,10,0,1,0,0,0,0,0,0,0,0,0,0,1,2,10,145,20
8250,B0,0,1,14,2,0,0,0,0,0,0,0,0,0,0,1,2,9,121,24
8250,B1,4,3,1,1,0,0,0,0,0,0,0,0,0,0,1,2,81,802,112
8250,B2,1,0,3,4,0,0,0,0,0,0,0,0,0,0,1,2,10,168,46
8250,C1,14,1,1,0,0,0,0,0,0,0,0,0,0,0,1,2,11,178,12
8260,A1,2,10,0,1,0,0,0,0,0,0,0,0,0,1,0,2,10,145,20
8260,B0,0,1,13,1,0,0,0,0,0,0,0,0,0,1,0,1,9,121,24
8260,B1,5,3,1,1,0,0,0,0,0,0,0,0,0,1,0,2,81,802,112
8260,B2,1,0,1,3,0,0,0,0,0,0,0,0,0,1,0,2,10,168,46
8260,C1,14,2,2,0,0,0,0,0,0,0,0,0,0,1,0,2,11,178,12
8270,A1,1,10,0,2,0,0,0,0,0,0,0,0,0,1,0,2,10,145,20
8270,B0,0,2,14,1,0,0,0,0,0,0,0,0,0,1,0,2,9,121,24
8270,B1,5,4,1,1,0,0,0,0,0,0,0,0,0,1,0,2,81,802,112
8270,B2,1,0,2,3,0,0,0,0,0,0,0,0,0,1,0,2,10,168,46
8270,C1,14,1,2,0,0,0,0,0,0,0,0,0,0,1,0,2,11,178,12
8280,A1,2,8,0,3,0,0,0,0,0,0,0,0,0,0,1,2,10,145,20
8280,B0,0,1,14,1,0,0,0,0,0,0,0,0,0,0,1,2,9,121,24
8280,B1,4,5,1,1,0,0,0,0,0,0,0,0,0,0,1,2,81,802,112
8280,B2,1,0,6,5,0,0,0,1,0,0,0,0,0,0,1,1,11,170,46
8280,C1,12,1,3,0,0,0,0,0,0,0,0,0,0,0,1,2,11,178,12
8290,A1,1,9,0,1,0,0,0,0,0,0,0,0,0,0,1,2,10,145,20
8290,B0,0,5,14,1,0,0,0,0,0,0,0,0,0,0,1,2,9,121,24
8290,B1,4,5,1,1,0,0,0,0,0,0,0,0,0,0,1,2,81,802,112
8290,B2,2,0,2,3,0,0,0,0,0,0,0,0,0,0,1,2,11,170,47
8290,C1,13,3,1,0,0,0,0,0,0,0,0,0,0,0,1,2,11,178,12
8300,A1,3,8,0,1,0,0,0,0,0,0,0,0,0,0,1,2,10,145,20
8300,B0,0,5,11,1,0,0,0,0,0,0,0,0,0,0,1,2,9,121,24
8300,B1,4,5,3,2,0,0,0,0,0,0,0,0,0,0,1,2,81,802,112
8300,B2,4,0,2,3,0,0,0,0,0,0,0,0,0,0,1,2,11,170,47
8300,C1,14,1,1,0,0,0,0,0,0,0,0,0,0,0,1,2,11,178,12
8310,A1,2,7,0,1,0,0,0,0,0,0,0,0,0,1,0,2,10,145,20
8310,B0,0,2,12,2,0,0,0,0,0,0,0,0,0,1,0,2,9,121,24
8310,B1,4,6,2,1,0,0,0,0,0,0,0,0,0,1,0,2,81,802,112
8310,B2,1,0,1,2,0,0,0,0,0,0,0,0,0,1,0,2,11,170,47
8310,C1,13,1,3,0,0,0,0,0,0,0,0,0,0,1,0,2,11,178,12
8320,A1,2,8,0,2,0,0,0,0,0,0,0,0,0,1,0,2,10,145,20
8320,B0,0,1,14,4,0,0,0,0,0,0,0,0,0,1,0,2,9,121,24
8320,B1,4,4,2,1,0,0,0,0,0,0,0,0,0,1,0,2,81,802,112
8320,B2,1,0,2,4,0,0,0,0,0,0,0,0,0,1,0,2,11,170,47
8320,C1,9,1,3,0,0,0,0,0,0,0,0,0,0,1,0,2,11,178,12
8330,A1,1,7,0,2,0,0,0,0,0,0,0,0,0,0,1,2,10,145,20
8330,B0,0,2,14,2,0,0,0,0,0,0,0,0,0,0,1,2,10,125,25
8330,B1,3,4,3,2,0,0,0,0,0,0,0,0,0,0,1,2,81,802,112
8330,B2,2,0,3,4,0,0,0,0,0,0,0,0,0,0,1,2,11,170,47
8330,C1,9,1,1,0,0,0,0,0,0,0,0,0,0,0,1,2,11,178,12
8340,A1,2,8,0,2,0,0,0,0,0,0,0,0,0,0,1,2,10,145,20
8340,B0,0,4,13,2,0,0,0,0,0,0,0,0,0,0,1,2,10,125,25
8340,B1,3,4,2,2,0,0,0,0,0,0,0,0,0,0,1,2,81,802,112
8340,B2,2,0,1,2,0,0,0,0,0,0,0,0,0,0,1,2,11,170,47
8340,C1,13,1,1,0,0,0,0,0,0,0,0,0,0,0,1,2,11,178,12
8350,A1,1,8,0,2,0,0,0,0,0,0,0,0,0,1,0,2,11,147,21
8350,B0,0,5,13,1,0,0,0,0,0,0,0,0,0,1,0,2,10,125,25
8350,B1,3,4,1,3,0,0,0,0,0,0,0,0,0,1,0,2,81,802,112
8350,B2,3,0,1,2,0,0,0,0,0,0,0,0,0,1,0,2,11,170,47
8350,C1,13,1,1,0,0,0,0,0,0,0,0,0,0,1,0,2,11,178,12
8360,A1,2,9,0,2,0,0,0,0,0,0,0,0,0,1,0,2,11,147,21
8360,B0,0,1,13,1,0,0,0,0,0,0,0,0,0,1,0,1,10,125,25
8360,B1,4,6,1,4,0,0,0,0,0,0,0,0,0,1,0,2,81,802,112
8360,B2,2,0,1,2,0,0,0,0,0,0,0,0,0,1,0,2,11,170,47
8360,C1,10,1,2,0,0,0,0,0,0,0,0,0,0,1,0,2,11,178,12
8370,A1,2,9,0,2,0,0,0,0,0,0,0,0,0,1,0,2,11,147,21
8370,B0,0,1,14,1,0,0,0,0,0,0,0,0,0,1,0,1,10,125,25
8370,B1,3,4,1,4,0,0,0,0,0,0,0,0,0,1,0,2,81,802,112
8370,B2,2,0,4,4,0,0,0,0,0,0,0,0,0,1,0,2,11,170,47
8370,C1,9,1,2,0,0,0,0,0,0,0,0,0,0,1,0,2,11,178,12
8380,A1,2,9,0,2,0,0,0,0,0,0,0,0,0,0,1,2,11,147,21
8380,B0,0,1,12,1,0,0,0,0,0,0,0,0,0,0,1,2,10,125,25
8380,B1,4,4,2,4,0,0,0,0,0,0,0,0,0,0,1,2,81,802,112
8380,B2,4,0,2,6,0,0,0,0,0,0,0,0,0,0,1,2,11,170,47
8380,C1,12,3,1,0,0,0,0,0,0,0,0,0,0,0,1,2,11,178,12
8390,A1,2,11,0,1,0,0,0,0,0,0,0,0,0,0,1,2,11,147,21
8390,B0,0,2,8,1,0,0,0,0,0,0,0,0,0,0,1,2,10,125,25
8390,B1,4,4,2,3,0,0,0,0,0,0,0,0,0,0,1,2,81,802,112
8390,B2,4,0,1,6,0,0,0,0,0,0,0,0,0,0,1,2,11,170,47
8390,C1,14,4,1,0,0,0,0,0,0,0,0,0,0,0,1,2,11,178,12
8400,A1,1,10,0,2,0,0,0,0,0,0,0,0,0,1,0,2,11,147,21
8400,B0,0,1,10,2,0,0,0,0,0,0,0,0,0,1,0,2,10,125,25
8400,B1,5,3,1,3,0,0,0,0,0,0,0,0,0,1,0,2,81,802,112
8400,B2,4,0,1,5,0,0,0,0,0,0,0,0,0,1,0,2,11,170,47
8400,C1,14,2,2,0,0,0,0,0,0,0,0,0,0,1,0,2,11,178,12
8410,A1,1,8,0,7,0,0,0,0,0,0,0,0,0,1,0,2,11,147,21
8410,B0,0,1,13,2,0,0,0,0,0,0,0,0,0,1,0,2,10,125,25
8410,B1,7,2,1,3,0,0,0,0,0,0,0,0,0,1,0,2,81,802,112
8410,B2,1,0,1,6,0,0,0,0,0,0,0,0,0,1,0,2,11,170,47
8410,C1,14,1,2,0,0,0,0,0,0,0,0,0,0,1,0,2,11,178,12
8420,A1,2,5,0,6,0,0,0,0,0,0,0,0,0,0,1,2,11,147,21
8420,B0,0,1,14,1,0,0,0,0,0,0,0,0,0,0,1,2,10,125,25
8420,B1,6,2,1,3,0,0,0,0,0,0,0,0,0,0,1,2,81,802,112
8420,B2,2,0,1,8,0,0,0,0,0,0,0,0,0,0,1,2,11,170,47
8420,C1,13,2,2,0,0,0,0,0,0,0,0,0,0,0,1,2,11,178,12
8430,A1,1,6,0,2,0,0,0,0,0,0,0,0,0,0,1,2,11,147,21
8430,B0,0,3,12,1,0,0,0,0,0,0,0,0,0,0,1,2,10,125,25
8430,B1,6,3,1,1,0,0,0,0,0,0,0,0,0,0,1,2,81,802,112
8430,B2,1,0,1,8,0,0,0,0,0,0,0,0,0,0,1,2,11,170,47
8430,C1,14,1,1,0,0,0,0,0,0,0,0,0,0,0,1,2,11,178,12
8440,A1,1,7,0,1,0,0,0,0,0,0,0,0,0,0,1,2,11,147,21
8440,B0,0,4,10,1,0,0,0,0,0,0,0,0,0,0,1,2,10,125,25
8440,B1,6,3,3,1,0,0,0,0,0,0,0,0,0,0,1,2,81,802,112
8440,B2,3,0,2,5,0,0,0,0,0,0,0,0,0,0,1,2,11,170,47
8440,C1,14,3,1,0,0,0,0,0,0,0,0,0,0,0,1,2,11,178,12
8450,A1,1,5,0,3,0,0,0,0,0,0,0,0,0,1,0,2,11,147,21
8450,B0,0,1,12,2,0,0,0,0,0,0,0,0,0,1,0,2,10,125,25
8450,B1,5,2,3,2,0,0,0,0,0,0,0,0,0,1,0,2,81,802,112
8450,B2,1,0,2,5,0,0,0,0,0,0,0,0,0,1,0,2,11,170,47
8450,C1,14,2,1,0,0,0,0,0,0,0,0,0,0,1,0,2,11,178,12
8460,A1,2,3,0,4,0,0,0,0,0,0,0,0,0,1,0,2,11,147,21
8460,B0,0,3,14,4,0,0,0,0,0,0,0,0,0,1,0,2,10,125,25
8460,B1,5,1,3,2,0,0,0,0,0,0,0,0,0,1,0,2,81,802,112
8460,B2,1,0,2,6,0,0,0,0,0,0,0,0,0,1,0,2,11,170,47
8460,C1,14,2,1,0,0,0,0,0,0,0,0,0,0,1,0,2,11,178,12
8470,A1,1,2,0,2,0,0,0,0,0,0,0,0,0,0,1,2,11,147,21
8470,B0,0,3,14,1,0,0,0,0,0,0,0,0,0,0,1,2,10,125,25
8470,B1,3,2,1,2,0,0,0,0,0,0,0,0,0,0,1,2,81,802,112
8470,B2,2,0,1,7,0,0,0,0,0,0,0,0,0,0,1,2,11,170,47
8470,C1,13,2,1,0,0,0,0,0,0,0,0,0,0,0,1,2,11,178,12
8480,A1,1,3,0,1,0,0,0,0,0,0,0,0,0,0,1,2,11,147,21
8480,B0,0,5,13,1,0,0,0,0,0,0,0,0,0,0,1,2,10,125,25
8480,B1,4,2,1,2,0,0,0,0,0,0,0,0,0,0,1,2,81,802,112
8480,B2,5,0,1,5,0,0,0,0,0,0,0,0,0,0,1,2,11,170,47
8480,C1,14,2,1,0,0,0,0,0,0,0,0,0,0,0,1,2,11,178,12
8490,A1,2,5,0,1,0,0,0,0,0,0,0,0,0,1,0,2,11,147,21
8490,B0,0,4,11,1,0,0,0,0,0,0,0,0,0,1,0,2,10,125,25
8490,B1,4,1,2,1,0,0,0,0,0,0,0,0,0,1,0,2,81,802,112
8490,B2,4,0,1,4,0,0,0,0,0,0,0,0,0,1,0,2,11,170,47
8490,C1,14,4,1,0,0,0,0,0,0,0,0,0,0,1,0,2,11,178,12
8500,A1,1,2,0,1,0,0,0,0,0,0,0,0,0,1,0,2,11,147,21
8500,B0,0,1,13,1,0,0,0,0,0,0,0,0,0,1,0,1,10,125,25
8500,B1,4,1,2,1,0,0,0,0,0,0,0,0,0,1,0,2,81,802,112
8500,B2,1,0,1,4,0,0,0,0,0,0,0,0,0,1,0,2,11,170,47
8500,C1,14,4,2,0,0,0,0,0,0,0,0,0,0,1,0,2,11,178,12
8510,A1,1,1,0,2,0,0,0,0,0,0,0,0,0,0,1,2,11,147,21
8510,B0,0,1,14,3,0,0,0,0,0,0,0,0,0,0,1,2,10,125,25
8510,B1,1,1,2,1,0,0,0,0,0,0,0,0,0,0,1,2,81,802,112
8510,B2,1,0,2,5,0,0,0,0,0,0,0,0,0,0,1,2,11,170,47
8510,C1,12,3,3,0,0,0,0,0,0,0,0,0,0,0,1,2,11,178,12
8520,A1,1,1,0,1,0,0,0,0,0,0,0,0,0,0,1,2,11,147,21
8520,B0,0,1,14,1,0,0,0,0,0,0,0,0,0,0,1,2,10,125,25
8520,B1,2,1,1,1,0,0,0,0,0,0,0,0,0,0,1,2,81,802,112
8520,B2,3,0,1,3,0,0,0,0,0,0,0,0,0,0,1,2,11,170,47
8520,C1,13,4,1,0,0,0,0,0,0,0,0,0,0,0,1,2,11,178,12
8530,A1,5,2,0,2,0,0,0,0,0,0,0,0,0,0,1,2,11,147,21
8530,B0,0,2,13,1,0,0,0,0,0,0,0,0,0,0,1,2,10,125,25
8530,B1,2,1,1,2,0,0,0,0,0,0,0,0,0,0,1,2,81,802,112
8530,B2,3,0,3,1,0,0,0,0,0,0,0,0,0,0,1,2,11,170,47
8530,C1,14,5,1,0,0,0,0,0,0,0,0,0,0,0,1,2,11,178,12
8540,A1,3,5,0,2,0,0,0,0,0,0,0,0,0,1,0,2,11,147,21
8540,B0,0,2,13,1,0,0,0,0,0,0,0,0,0,1,0,2,10,125,25
8540,B1,1,1,2,3,0,0,0,0,0,0,0,0,0,1,0,2,81,802,112
8540,B2,1,0,1,1,0,0,0,0,0,0,0,0,0,1,0,2,11,170,47
8540,C1,14,3,1,0,0,0,0,0,0,0,0,0,0,1,0,2,11,178,12
8550,A1,1,2,0,3,0,0,0,0,0,0,0,0,0,1,0,2,11,147,21
8550,B0,0,1,14,2,0,0,0,0,0,0,0,0,0,1,0,2,10,125,25
8550,B1,1,2,2,3,0,0,0,0,0,0,0,0,0,1,0,2,81,802,112
8550,B2,1,0,2,2,0,0,0,0,0,0,0,0,0,1,0,2,11,170,47
8550,C1,14,1,2,0,0,0,0,0,0,0,0,0,0,1,0,2,11,178,12
8560,A1,1,3,0,1,0,0,0,0,0,0,0,0,0,0,1,2,11,147,21
8560,B0,0,2,14,2,0,0,0,0,0,0,0,0,0,0,1,2,10,125,25
8560,B1,2,1,2,3,0,0,0,0,0,0,0,0,0,0,1,2,81,802,112
8560,B2,1,0,1,4,0,0,0,0,0,0,0,0,0,0,1,2,11,170,47
8560,C1,13,1,2,0,0,0,0,0,0,0,0,0,0,0,1,2,11,178,12
8570,A1,2,5,0,1,0,0,0,0,0,0,0,0,0,0,1,2,11,147,21
8570,B0,0,2,14,3,0,0,0,0,0,0,0,0,0,0,1,2,10,125,25
8570,B1,2,1,1,2,0,0,0,0,0,0,0,0,0,0,1,2,81,802,112
8570,B2,2,0,1,3,0,0,0,0,0,0,0,0,0,0,1,2,11,170,47
8570,C1,14,2,1,0,0,0,0,0,0,0,0,0,0,0,1,2,11,178,12
8580,A1,2,6,0,1,0,0,0,0,0,0,0,0,0,1,0,2,11,147,21
8580,B0,0,2,13,1,0,0,0,0,0,0,0,0,0,1,0,2,10,125,25
8580,B1,2,1,1,2,0,0,0,0,0,0,0,0,0,1,0,2,81,802,112
8580,B2,2,0,1,3,0,0,0,0,0,0,0,0,0,1,0,2,11,170,47
8580,C1,14,1,2,0,0,0,0,0,0,0,0,0,0,1,0,2,11,178,12
8590,A1,1,6,0,2,0,0,0,0,0,0,0,0,0,1,0,2,11,147,21
8590,B0,0,1,13,1,0,0,0,0,0,0,0,0,0,1,0,1,10,125,25
8590,B1,2,1,1,2,0,0,0,0,0,0,0,0,0,1,0,2,81,802,112
8590,B2,1,0,3,3,0,0,0,0,0,0,0,0,0,1,0,2,11,170,47
8590,C1,13,1,2,0,0,0,0,0,0,0,0,0,0,1,0,2,11,178,12
8600,A1,1,4,0,2,0,0,0,0,0,0,0,0,0,1,0,2,11,147,21
8600,B0,0,1,14,4,0,0,0,0,0,0,0,0,0,1,0,2,10,125,25
8600,B1,1,2,1,2,0,0,0,0,0,0,0,0,0,1,0,2,81,802,112
8600,B2,2,0,5,5,0,0,0,0,0,0,0,0,0,1,0,2,11,170,47
8600,C1,11,1,2,0,0,0,0,0,0,0,0,0,0,1,0,2,11,178,12
8610,A1,2,3,0,2,0,0,0,0,0,0,0,0,0,0,1,2,11,147,21
8610,B0,0,1,14,4,0,0,0,0,0,0,0,0,0,0,1,2,10,125,25
8610,B1,1,1,1,1,0,0,0,0,0,0,0,0,0,0,1,2,82,807,113
8610,B2,2,0,4,7,0,0,0,0,0,0,0,0,0,0,1,2,11,170,47
8610,C1,12,1,1,0,0,0,0,0,0,0,0,0,0,0,1,2,11,178,12
8620,A1,2,4,0,1,0,0,0,0,0,0,0,0,0,0,1,2,11,147,21
8620,B0,0,3,14,1,0,0,0,0,0,0,0,0,0,0,1,2,10,125,25
8620,B1,1,1,1,1,0,0,0,0,0,0,0,0,0,0,1,2,82,807,113
8620,B2,3,0,3,7,0,0,0,0,0,0,0,0,0,0,1,2,11,170,47
8620,C1,14,2,1,0,0,0,0,0,0,0,0,0,0,0,1,2,11,178,12
8630,A1,2,4,0,1,0,0,0,0,0,0,0,0,0,1,0,2,11,147,21
8630,B0,0,1,13,2,0,0,0,0,0,0,0,0,0,1,0,2,10,125,25
8630,B1,2,2,2,1,0,0,0,0,0,0,0,0,0,1,0,2,82,807,113
8630,B2,3,0,3,4,0,0,0,0,0,0,0,0,0,1,0,2,11,170,47
8630,C1,14,1,1,0,0,0,0,0,0,0,0,0,0,1,0,2,11,178,12
8640,A1,1,3,0,1,0,0,0,0,0,0,0,0,0,1,0,2,11,147,21
8640,B0,0,1,14,1,0,0,0,0,0,0,0,0,0,1,0,1,10,125,25
8640,B1,3,1,1,1,0,0,0,0,0,0,0,0,0,1,0,2,82,807,113
8640,B2,1,0,4,5,0,0,0,0,0,0,0,0,0,1,0,2,11,170,47
8640,C1,14,1,1,0,0,0,0,0,0,0,0,0,0,1,0,2,11,178,12
8650,A1,1,1,0,1,0,0,0,0,0,0,0,0,0,0,1,2,11,147,21
8650,B0,0,2,14,1,0,0,0,0,0,0,0,0,0,0,1,2,10,125,25
8650,B1,3,2,1,1,0,0,0,0,0,0,0,0,0,0,1,2,82,807,113
8650,B2,1,0,3,6,0,0,0,0,0,0,0,0,0,0,1,2,11,170,47
8650,C1,12,2,1,0,0,0,0,0,0,0,0,0,0,0,1,2,11,178,12
8660,A1,1,1,0,1,0,0,0,0,0,0,0,0,0,0,1,2,11,147,21
8660,B0,0,1,12,1,0,0,0,0,0,0,0,0,0,0,1,2,10,125,25
8660,B1,3,2,1,2,0,0,0,0,0,0,0,0,0,0,1,2,82,807,113
8660,B2,1,0,1,7,0,0,0,0,0,0,0,0,0,0,1,2,11,170,47
8660,C1,13,1,1,0,0,0,0,0,0,0,0,0,0,0,1,2,11,178,12
8670,A1,3,4,0,1,0,0,0,0,0,0,0,0,0,0,1,2,11,147,21
8670,B0,0,2,12,2,0,0,0,0,0,0,0,0,0,0,1,2,10,125,25
8670,B1,3,2,2,2,0,0,0,0,0,0,0,0,0,0,1,2,82,807,113
8670,B2,2,0,1,4,0,0,0,0,0,0,0,0,0,0,1,2,11,170,47
8670,C1,14,2,1,0,0,0,0,0,0,0,0,0,0,0,1,2,11,178,12
8680,A1,2,6,0,1,0,0,0,0,0,0,0,0,0,1,0,2,11,147,21
8680,B0,0,1,13,4,0,0,0,0,0,0,0,0,0,1,0,2,10,125,25
8680,B1,4,1,1,1,0,0,0,0,0,0,0,0,0,1,0,2,82,807,113
8680,B2,1,0,1,5,0,0,0,0,0,0,0,0,0,1,0,2,11,170,47
8680,C1,14,1,3,0,0,0,0,0,0,0,0,0,0,1,0,2,11,178,12
8690,A1,2,6,0,2,0,0,0,0,0,0,0,0,0,1,0,2,11,147,21
8690,B0,0,1,14,3,0,0,0,0,0,0,0,0,0,1,0,2,10,125,25
8690,B1,4,2,1,1,0,0,0,0,0,0,0,0,0,1,0,2,82,807,113
8690,B2,1,0,1,6,0,0,0,0,0,0,0,0,0,1,0,2,11,170,47
8690,C1,14,1,4,0,0,0,0,0,0,0,0,0,0,1,0,2,11,178,12
8700,A1,1,6,0,1,0,0,0,0,0,0,0,0,0,0,1,2,11,147,21
8700,B0,0,1,14,4,0,0,0,0,0,0,0,0,0,0,1,2,10,125,25
8700,B1,3,2,1,1,0,0,0,0,0,0,0,0,0,0,1,2,82,807,113
8700,B2,2,0,2,6,0,0,0,0,0,0,0,0,0,0,1,2,11,170,47
8700,C1,13,2,1,0,0,0,0,0,0,0,0,0,0,0,1,2,11,178,12
8710,A1,2,8,0,1,0,0,0,0,0,0,0,0,0,0,1,2,11,147,21
8710,B0,0,2,11,1,0,0,0,0,0,0,0,0,0,0,1,2,10,125,25
8710,B1,3,2,2,1,0,0,0,0,0,0,0,0,0,0,1,2,82,807,113
8710,B2,2,0,1,5,0,0,0,0,0,0,0,0,0,0,1,2,11,170,47
8710,C1,14,2,1,0,0,0,0,0,0,0,0,0,0,0,1,2,11,178,12
8720,A1,2,7,0,1,0,0,0,0,0,0,0,0,0,1,0,2,11,147,21
8720,B0,0,1,11,1,0,0,0,0,0,0,0,0,0,1,0,2,10,125,25
8720,B1,3,2,2,1,0,0,0,0,0,0,0,0,0,1,0,2,82,807,113
8720,B2,2,0,1,3,0,0,0,0,0,0,0,0,0,1,0,2,11,170,47
8720,C1,14,2,1,0,0,0,0,0,0,0,0,0,0,1,0,2,11,178,12
8730,A1,1,9,0,2,0,0,0,0,0,0,0,0,0,1,0,2,11,147,21
8730,B0,0,1,13,1,0,0,0,0,0,0,0,0,0,1,0,1,10,125,25
8730,B1,3,3,2,1,0,0,0,0,0,0,0,0,0,1,0,2,82,807,113
8730,B2,1,0,2,4,0,0,0,0,0,0,0,0,0,1,0,2,11,170,47
8730,C1,14,1,2,0,0,0,0,0,0,0,0,0,0,1,0,2,11,178,12
8740,A1,1,8,0,2,0,0,0,0,0,0,0,0,0,0,1,2,11,147,21
8740,B0,0,1,14,4,0,0,0,0,0,0,0,0,0,0,1,2,10,125,25
8740,B1,1,2,3,1,0,0,0,0,0,0,0,0,0,0,1,2,82,807,113
8740,B2,2,0,4,6,0,0,0,0,0,0,0,0,0,0,1,2,11,170,47
8740,C1,13,1,2,0,0,0,0,0,0,0,0,0,0,0,1,2,11,178,12
8750,A1,1,9,0,1,0,0,0,0,0,0,0,0,0,0,1,2,11,147,21
8750,B0,0,1,14,1,0,0,0,0,0,0,0,0,0,0,1,2,10,125,25
8750,B1,3,2,1,1,0,0,0,0,0,0,0,0,0,0,1,2,82,807,113
8750,B2,3,0,1,5,0,0,0,0,0,0,0,0,0,0,1,2,11,170,47
8750,C1,13,1,1,0,0,0,0,0,0,0,0,0,0,0,1,2,11,178,12
8760,A1,2,11,0,1,0,0,0,0,0,0,0,0,0,0,1,2,11,147,21
8760,B0,0,1,10,1,0,0,0,0,0,0,0,0,0,0,1,2,10,125,25
8760,B1,3,2,2,1,0,0,0,0,0,0,0,0,0,0,1,2,82,807,113
8760,B2,4,0,2,4,0,0,0,0,0,0,0,0,0,0,1,2,11,170,47
8760,C1,13,1,1,0,0,0,0,0,0,0,0,0,0,0,1,2,11,178,12
8770,A1,1,11,0,1,0,0,0,0,0,0,0,0,0,1,0,2,11,147,21
8770,B0,0,1,11,1,0,0,0,0,0,0,0,0,0,1,0,2,10,125,25
8770,B1,1,2,3,2,0,0,0,0,0,0,0,0,0,1,0,2,82,807,113
8770,B2,2,0,2,4,0,0,0,0,0,0,0,0,0,1,0,2,11,170,47
8770,C1,13,1,1,0,0,0,0,0,0,0,0,0,0,1,0,2,11,178,12
8780,A1,1,11,0,3,0,0,0,0,0,0,0,0,0,1,0,2,11,147,21
8780,B0,0,1,14,1,0,0,0,0,0,0,0,0,0,1,0,1,10,125,25
8780,B1,1,3,1,2,0,0,0,0,0,0,0,0,0,1,0,2,82,807,113
8780,B2,1,0,3,4,0,0,0,0,0,0,0,0,0,1,0,2,11,170,47
8780,C1,13,3,2,0,0,0,0,0,0,0,0,0,0,1,0,2,11,178,12
8790,A1,1,10,0,2,0,0,0,0,0,0,0,0,0,0,1,2,11,147,21
8790,B0,0,1,14,1,0,0,0,0,0,0,0,0,0,0,1,2,10,125,25
8790,B1,2,3,1,2,0,0,0,0,1,0,0,0,0,0,1,2,83,817,113
8790,B2,1,0,2,4,0,0,0,0,0,0,0,0,0,0,1,2,11,170,47
8790,C1,13,2,1,0,0,0,0,0,0,0,0,1,0,0,1,2,11,178,12
8800,A1,1,11,0,1,0,0,0,0,0,0,0,0,0,0,1,2,11,147,21
8800,B0,0,1,14,2,0,0,0,0,0,0,0,0,0,0,1,2,10,125,25
8800,B1,2,3,1,1,0,0,0,0,0,0,0,0,0,0,1,2,83,817,115
8800,B2,4,0,2,2,0,0,0,0,0,0,0,0,0,0,1,2,11,170,47
8800,C1,14,2,1,0,0,0,0,0,0,0,0,0,0,0,1,2,11,178,12
8810,A1,3,12,0,1,0,0,0,0,0,0,0,0,0,1,0,2,11,147,21
8810,B0,0,2,13,1,0,0,0,0,0,0,0,0,0,1,0,2,10,125,25
8810,B1,2,3,2,1,0,0,0,0,0,0,0,0,0,1,0,2,83,817,115
8810,B2,3,0,2,1,0,0,0,0,0,0,0,0,0,1,0,2,11,170,47
8810,C1,14,5,1,0,0,0,0,0,0,0,0,0,0,1,0,2,11,178,12
8820,A1,3,12,0,1,0,0,0,0,0,0,0,0,0,1,0,2,11,147,21
8820,B0,0,1,13,1,0,0,0,0,0,0,0,0,0,1,0,1,10,125,25
8820,B1,1,1,2,1,0,0,0,0,0,0,0,0,0,1,0,2,83,817,115
8820,B2,1,0,1,1,0,0,0,0,0,0,0,0,0,1,0,2,11,170,47
8820,C1,14,2,1,0,0,0,0,0,0,0,0,0,0,1,0,2,11,178,12
8830,A1,1,11,0,1,0,0,0,0,0,0,0,0,0,1,0,2,11,147,21
8830,B0,0,1,14,1,0,0,0,0,0,0,0,0,0,1,0,1,10,125,25
8830,B1,1,2,2,1,0,0,0,0,0,0,0,0,0,1,0,2,83,817,115
8830,B2,1,0,3,1,0,0,0,0,0,0,0,0,0,1,0,2,11,170,47
8830,C1,13,1,1,0,0,0,0,0,0,0,0,0,0,1,0,2,11,178,12
8840,A1,1,11,0,2,0,0,0,0,0,0,0,0,0,0,1,2,11,147,21
8840,B0,0,1,14,1,0,0,0,0,0,0,0,0,0,0,1,2,10,125,25
8840,B1,1,3,2,1,0,0,0,0,0,0,0,0,0,0,1,2,83,817,115
8840,B2,1,0,2,1,0,0,0,0,1,0,0,0,0,0,1,2,12,187,47
8840,C1,13,2,1,0,0,0,0,0,0,0,0,0,0,0,1,2,11,178,12
8850,A1,1,10,0,1,0,0,0,0,0,0,0,0,0,0,1,2,11,147,21
8850,B0,0,1,12,1,0,0,0,0,0,0,0,0,0,0,1,2,10,125,25
8850,B1,1,3,4,2,0,0,0,0,0,0,0,0,0,0,1,2,83,817,115
8850,B2,1,0,1,1,0,0,0,0,0,0,0,0,0,0,1,2,12,193,48
8850,C1,13,3,2,0,0,0,0,0,0,0,0,0,0,0,1,2,11,178,12
8860,A1,1,10,0,1,0,0,0,0,0,0,0,0,0,1,0,2,11,147,21
8860,B0,0,1,11,1,0,0,0,0,0,0,0,0,0,1,0,2,10,125,25
8860,B1,1,1,3,2,0,0,0,0,0,0,0,0,0,1,0,2,84,825,117
8860,B2,1,0,1,1,0,0,0,0,0,0,0,0,0,1,0,2,12,193,48
8860,C1,13,2,3,0,0,0,0,0,0,0,0,0,0,1,0,2,11,178,12
8870,A1,1,8,0,1,0,0,0,0,0,0,0,0,0,1,0,2,11,147,21
8870,B0,0,1,13,2,0,0,0,0,0,0,0,0,0,1,0,2,10,125,25
8870,B1,1,1,3,2,0,0,0,0,0,0,0,0,0,1,0,2,84,825,117
8870,B2,1,0,2,1,0,0,0,0,0,0,0,0,0,1,0,2,12,193,48
8870,C1,14,2,3,0,0,0,0,0,0,0,0,0,0,1,0,2,11,178,12
8880,A1,1,7,0,1,0,0,0,0,0,0,0,0,0,0,1,2,11,147,21
8880,B0,0,1,14,3,0,0,0,0,0,0,0,0,0,0,1,2,10,125,25
8880,B1,3,1,4,3,0,0,0,0,0,0,0,0,0,0,1,2,84,825,117
8880,B2,1,0,2,3,0,0,0,0,0,0,0,0,0,0,1,2,12,193,48
8880,C1,13,1,3,0,0,0,0,0,0,0,0,0,0,0,1,2,11,178,12
8890,A1,2,7,0,1,0,0,0,0,0,0,0,0,0,0,1,2,11,147,21
8890,B0,0,1,14,1,0,0,0,0,0,0,0,0,0,0,1,2,10,125,25
8890,B1,3,1,2,3,0,0,0,0,0,0,0,0,0,0,1,2,84,825,117
8890,B2,1,0,1,1,0,0,0,0,0,0,0,0,0,0,1,2,12,193,48
8890,C1,13,3,1,0,0,0,0,0,0,0,0,0,0,0,1,2,11,178,12
8900,A1,3,7,0,1,0,0,0,0,0,0,0,0,0,0,1,2,11,147,21
8900,B0,0,1,12,1,0,0,0,0,0,0,0,0,0,0,1,2,10,125,25
8900,B1,3,1,2,2,0,0,0,0,0,0,0,0,0,0,1,2,84,825,117
8900,B2,1,0,1,1,0,0,0,0,0,0,0,0,0,0,1,2,12,193,48
8900,C1,13,5,1,0,0,0,0,0,0,0,0,0,0,0,1,2,11,178,12
8910,A1,1,7,0,1,0,0,0,0,0,0,0,0,0,1,0,2,11,147,21
8910,B0,0,1,13,2,0,0,0,0,0,0,0,0,0,1,0,2,11,141,26
8910,B1,1,2,2,2,0,0,0,0,0,0,0,0,0,1,0,2,85,837,118
8910,B2,1,0,3,1,0,0,0,0,0,0,0,0,0,1,0,2,13,195,49
8910,C1,13,3,1,0,0,0,0,0,0,0,0,0,0,1,0,2,11,178,12
8920,A1,1,4,0,1,0,0,0,0,0,0,0,0,0,1,0,2,11,147,21
8920,B0,0,1,14,1,0,0,0,0,0,0,0,0,0,1,0,1,11,141,26
8920,B1,1,1,2,2,0,0,0,0,0,0,0,0,0,1,0,2,85,837,118
8920,B2,1,0,2,2,0,0,0,0,0,0,0,0,0,1,0,2,13,195,49
8920,C1,13,2,1,0,0,0,0,0,0,0,0,0,0,1,0,2,11,178,12
8930,A1,1,4,0,2,0,0,0,0,0,0,0,0,0,0,1,2,11,147,21
8930,B0,0,1,14,1,0,0,0,0,0,0,0,0,0,0,1,2,11,141,26
8930,B1,1,1,3,1,0,0,0,0,0,0,0,0,0,0,1,2,85,837,118
8930,B2,2,0,1,1,0,0,0,0,0,0,0,0,0,0,1,2,13,195,49
8930,C1,12,2,1,0,0,0,0,0,0,0,0,0,0,0,1,2,11,178,12
8940,A1,1,4,0,3,0,0,0,0,0,0,0,0,0,0,1,2,11,147,21
8940,B0,0,1,13,3,0,0,0,0,0,0,0,0,0,0,1,2,11,141,26
8940,B1,1,1,2,2,0,0,0,0,0,0,0,0,0,0,1,2,85,837,118
8940,B2,1,0,2,1,0,0,0,0,0,0,0,0,0,0,1,2,13,195,49
8940,C1,12,1,1,0,0,0,0,0,0,0,0,0,0,0,1,2,11,178,12
8950,A1,2,4,0,3,0,0,0,0,0,0,0,0,0,1,0,2,11,147,21
8950,B0,0,2,12,4,0,0,0,0,0,0,0,0,0,1,0,2,12,143,27
8950,B1,1,1,2,1,0,0,0,0,0,0,0,0,0,1,0,2,86,840,119
8950,B2,1,0,1,1,0,0,0,0,0,0,0,0,0,1,0,2,13,195,49
8950,C1,13,2,1,0,0,0,0,0,0,0,0,0,0,1,0,2,11,178,12
8960,A1,1,4,0,3,0,0,0,0,0,0,0,0,0,1,0,2,11,147,21
8960,B0,0,1,13,4,0,0,0,0,0,0,0,0,0,1,0,2,12,143,27
8960,B1,1,1,2,1,0,0,0,0,0,0,0,0,0,1,0,2,86,840,119
8960,B2,1,0,3,1,0,0,0,0,0,0,0,0,0,1,0,2,13,195,49
8960,C1,14,2,1,0,0,0,0,0,0,0,0,0,0,1,0,2,11,178,12
8970,A1,1,2,0,3,0,0,0,0,0,0,0,0,0,0,1,2,11,147,21
8970,B0,0,1,14,7,0,0,0,0,0,0,0,0,0,0,1,2,12,143,27
8970,B1,2,1,2,1,0,0,0,0,0,0,0,0,0,0,1,2,86,840,119
8970,B2,1,0,2,1,0,0,0,0,0,0,0,0,0,0,1,2,13,195,49
8970,C1,13,1,1,0,0,0,0,0,0,0,0,0,0,0,1,2,11,178,12
8980,A1,2,2,0,1,0,0,0,0,0,0,0,0,0,0,1,2,11,147,21
8980,B0,0,2,14,5,0,0,0,0,0,0,0,0,0,0,1,2,12,143,27
8980,B1,2,1,1,1,0,0,0,0,0,0,0,0,0,0,1,2,86,840,119
8980,B2,1,0,1,1,0,0,0,0,0,0,0,0,0,0,1,2,13,195,49
8980,C1,13,2,1,0,0,0,0,0,0,0,0,0,0,0,1,2,11,178,12
8990,A1,3,2,0,1,0,0,0,0,0,0,0,0,0,0,1,2,11,147,21
8990,B0,0,2,14,2,0,0,0,0,0,0,0,0,0,0,1,2,12,143,27
8990,B1,2,1,2,1,0,0,0,0,0,0,0,0,0,0,1,2,86,840,119
8990,B2,1,0,1,1,0,0,0,0,0,0,0,0,0,0,1,2,13,195,49
8990,C1,13,3,1,0,0,0,0,0,0,0,0,0,0,0,1,2,11,178,12
9000,A1,1,1,0,1,0,0,0,0,0,0,0,0,0,1,0,2,11,147,21
9000,B0,0,1,13,3,0,0,0,0,0,0,0,0,0,1,0,2,12,143,27
9000,B1,1,1,2,1,0,0,0,0,0,0,0,0,0,1,0,2,87,854,120
9000,B2,3,0,2,1,0,0,0,0,0,0,0,0,0,1,0,2,13,195,49
9000,C1,13,2,3,0,0,0,0,0,0,0,0,0,0,1,0,2,11,178,12
9010,A1,1,1,0,1,0,0,0,0,0,0,0,0,0,1,0,2,11,147,21
9010,B0,0,1,14,3,0,0,0,0,0,0,0,0,0,1,0,2,12,143,27
9010,B1,3,1,2,1,0,0,0,0,0,0,0,0,0,1,0,2,87,854,120
9010,B2,1,0,1,1,0,0,0,0,0,0,0,0,0,1,0,2,13,195,49
9010,C1,14,1,3,0,0,0,0,0,0,0,0,0,0,1,0,2,11,178,12
9020,A1,1,1,0,1,0,0,0,0,0,0,0,0,0,0,1,2,11,147,21
9020,B0,0,1,14,2,0,0,0,0,0,0,0,0,0,0,1,2,12,143,27
9020,B1,2,1,1,1,0,0,0,0,0,0,0,0,0,0,1,2,87,854,120
9020,B2,2,0,4,1,0,0,0,0,0,0,0,0,0,0,1,2,13,195,49
9020,C1,13,2,3,0,0,0,0,0,0,0,0,0,0,0,1,2,11,178,12
9030,A1,2,1,0,1,0,0,0,0,0,0,0,0,0,0,1,2,11,147,21
9030,B0,0,1,14,2,0,0,0,0,0,0,0,0,0,0,1,2,12,143,27
9030,B1,2,1,1,1,0,0,0,0,0,0,0,0,0,0,1,2,87,854,120
9030,B2,3,0,2,1,0,0,0,0,0,0,0,0,0,0,1,2,13,195,49
9030,C1,13,3,1,0,0,0,0,0,0,0,0,0,0,0,1,2,11,178,12
9040,A1,4,2,0,1,0,0,0,0,0,0,0,0,0,1,0,2,11,147,21
9040,B0,0,1,13,1,0,0,1,0,0,0,0,0,0,1,0,2,13,147,27
9040,B1,2,1,1,2,0,0,1,0,0,1,0,0,0,1,0,1,88,858,120
9040,B2,3,0,2,1,0,0,0,0,0,1,0,0,0,1,0,1,13,195,49
9040,C1,13,4,1,0,0,0,0,0,0,0,0,0,0,1,0,2,11,178,12
9050,A1,2,2,0,2,0,0,0,0,0,0,0,0,0,1,0,2,11,147,21
9050,B0,0,1,13,2,0,0,0,0,0,0,0,0,0,1,0,2,13,148,28
9050,B1,1,1,1,1,0,0,0,0,0,0,0,0,0,1,0,2,88,868,121
9050,B2,4,0,2,1,0,0,0,0,0,0,0,0,0,1,0,2,13,195,49
9050,C1,14,2,2,0,0,0,0,0,0,0,0,0,0,1,0,2,11,178,12
9060,A1,1,1,0,2,0,0,0,0,0,0,0,0,0,1,0,2,11,147,21
9060,B0,0,1,14,3,0,0,0,0,0,0,0,0,0,1,0,2,13,148,28
9060,B1,1,1,1,1,0,0,0,0,0,0,0,0,0,1,0,2,88,868,121
9060,B2,3,0,1,2,0,0,0,0,0,0,0,0,0,1,0,2,13,195,49
9060,C1,12,2,2,0,0,0,0,0,0,0,0,0,0,1,0,2,11,178,12
9070,A1,3,1,0,2,0,0,0,0,0,0,0,0,0,0,1,2,11,147,21
9070,B0,0,1,14,1,0,0,0,13,0,0,0,0,0,0,1,1,14,165,28
9070,B1,1,1,1,1,0,0,0,0,0,0,0,0,0,0,1,2,88,868,121
9070,B2,4,0,1,1,0,0,0,0,0,0,0,0,0,0,1,2,13,195,49
9070,C1,13,1,1,0,0,0,0,0,0,0,0,0,0,0,1,2,11,178,12
9080,A1,2,1,0,1,0,0,0,0,0,0,0,0,0,0,1,2,11,147,21
9080,B0,0,2,14,3,0,0,0,13,0,0,0,0,0,0,1,1,14,185,28
9080,B1,1,1,2,3,0,0,0,0,0,0,0,0,0,0,1,2,88,868,121
9080,B2,4,0,1,1,0,0,0,0,0,0,0,0,0,0,1,2,13,195,49
9080,C1,13,1,1,0,0,0,0,0,0,0,0,0,0,0,1,2,11,178,12
9090,A1,3,2,0,2,0,0,0,0,0,0,0,0,0,1,0,2,11,147,21
9090,B0,0,2,13,3,0,0,0,0,0,0,0,0,0,1,0,2,14,189,41
9090,B1,2,2,1,3,0,0,0,0,0,0,0,0,0,1,0,2,88,868,121
9090,B2,2,0,1,1,0,0,0,0,0,0,0,0,0,1,0,2,13,195,49
9090,C1,13,4,1,0,0,0,0,0,0,0,0,0,0,1,0,2,11,178,12
9100,A1,3,1,0,2,0,0,0,0,0,0,0,0,0,1,0,2,11,147,21
9100,B0,0,1,14,4,0,0,0,0,0,0,0,0,0,1,0,2,14,189,41
9100,B1,1,1,1,3,0,0,0,0,0,0,0,0,0,1,0,2,88,868,121
9100,B2,1,0,3,1,0,0,0,0,0,0,0,0,0,1,0,2,13,195,49
9100,C1,14,1,1,0,0,0,0,0,0,0,0,0,0,1,0,2,11,178,12
9110,A1,2,1,0,1,0,0,0,0,0,0,0,0,0,0,1,2,11,147,21
9110,B0,0,1,14,6,0,0,0,0,0,0,0,0,0,0,1,2,14,189,41
9110,B1,1,1,1,3,0,0,0,0,0,0,0,0,0,0,1,2,88,868,121
9110,B2,1,0,2,1,0,0,0,0,0,0,0,0,0,0,1,2,13,195,49
9110,C1,12,1,1,0,0,0,0,0,0,0,0,0,0,0,1,2,11,178,12
9120,A1,1,3,0,1,0,0,0,0,0,0,0,0,0,0,1,2,11,147,21
9120,B0,0,1,14,3,0,0,0,0,0,0,0,0,0,0,1,2,14,189,41
9120,B1,1,1,2,1,0,0,0,0,0,0,0,0,0,0,1,2,88,868,121
9120,B2,1,0,1,1,0,0,0,0,0,0,0,0,0,0,1,2,13,195,49
9120,C1,13,2,1,0,0,0,0,0,0,0,0,0,0,0,1,2,11,178,12
9130,A1,1,4,0,1,0,0,0,0,0,0,0,0,0,0,1,2,11,147,21
9130,B0,0,1,13,2,0,0,0,0,0,0,0,0,0,0,1,2,14,189,41
9130,B1,1,1,1,3,0,0,0,0,0,0,0,0,0,0,1,2,88,868,121
9130,B2,1,0,1,1,0,0,0,0,0,0,0,0,0,0,1,2,13,195,49
9130,C1,13,2,2,0,0,0,0,0,0,0,0,0,0,0,1,2,11,178,12
9140,A1,4,1,0,3,0,0,0,0,0,0,0,0,0,1,0,2,11,147,21
9140,B0,0,1,13,1,0,0,0,0,0,0,0,0,0,1,0,1,14,189,41
9140,B1,1,2,1,3,0,0,0,0,0,0,0,0,0,1,0,2,88,868,121
9140,B2,1,0,1,1,0,0,0,0,0,0,0,0,0,1,0,2,13,195,49
9140,C1,12,1,3,0,0,0,0,0,0,0,0,0,0,1,0,2,11,178,12
9150,A1,1,2,0,5,0,0,0,0,0,0,0,0,0,1,0,2,11,147,21
9150,B0,0,2,14,1,0,0,0,0,0,0,0,0,0,1,0,2,14,189,41
9150,B1,1,2,1,3,0,0,0,0,0,0,0,0,0,1,0,2,88,868,121
9150,B2,1,0,2,2,0,0,0,0,0,0,0,0,0,1,0,2,13,195,49
9150,C1,9,2,4,0,0,0,0,0,0,0,0,0,0,1,0,2,11,178,12
9160,A1,1,1,0,2,0,0,0,0,0,0,0,0,0,0,1,2,11,147,21
9160,B0,0,2,13,1,0,0,0,0,0,0,0,0,0,0,1,2,14,189,41
9160,B1,1,2,2,2,0,0,0,0,0,0,0,0,0,0,1,2,88,868,121
9160,B2,1,0,1,1,0,0,0,0,0,0,0,0,0,0,1,2,13,195,49
9160,C1,11,1,2,0,0,0,0,0,0,0,0,0,0,0,1,2,11,178,12
9170,A1,2,1,0,1,0,0,0,0,0,0,0,0,0,0,1,2,11,147,21
9170,B0,0,3,10,1,0,0,0,0,0,0,0,0,0,0,1,2,14,189,41
9170,B1,1,2,3,1,0,0,0,0,0,0,0,0,0,0,1,2,88,868,121
9170,B2,1,0,3,1,0,0,0,0,0,0,0,0,0,0,1,2,13,195,49
9170,C1,14,3,1,0,0,0,0,0,0,0,0,0,0,0,1,2,11,178,12
9180,A1,3,1,0,1,0,0,0,0,0,0,0,0,0,1,0,2,11,147,21
9180,B0,0,2,10,1,0,0,1,0,0,0,0,0,0,1,0,2,15,196,41
9180,B1,2,3,2,5,0,0,0,0,0,1,0,0,0,1,0,1,88,868,121
9180,B2,1,0,2,1,0,0,0,0,0,0,0,0,0,1,0,2,13,195,49
9180,C1,14,2,2,0,0,0,0,0,0,0,0,0,0,1,0,2,11,178,12
9190,A1,1,1,0,3,0,0,0,0,0,0,0,0,0,1,0,2,11,147,21
9190,B0,0,1,13,3,0,0,0,0,0,0,0,0,0,1,0,2,15,197,43
9190,B1,1,3,2,5,0,0,0,0,0,0,0,0,0,1,0,2,88,868,121
9190,B2,1,0,3,1,0,0,0,0,0,0,0,0,0,1,0,2,13,195,49
9190,C1,13,2,1,0,0,0,0,0,0,0,0,0,0,1,0,2,11,178,12
9200,A1,1,1,0,3,0,0,0,0,0,0,0,0,0,0,1,2,11,147,21
9200,B0,0,1,14,3,0,0,0,0,1,0,0,0,0,0,1,1,16,199,43
9200,B1,3,2,2,5,0,0,0,0,5,0,0,0,0,0,1,1,89,870,121
9200,B2,1,0,3,1,0,0,0,2,0,0,0,0,0,0,1,1,14,197,49
9200,C1,13,1,1,0,0,0,0,0,0,0,0,1,0,0,1,2,11,178,12
9210,A1,2,2,0,1,0,0,0,0,0,0,0,0,0,0,1,2,11,147,21
9210,B0,0,1,11,2,0,0,0,0,0,0,0,0,0,0,1,2,16,199,44
9210,B1,2,2,1,1,0,0,0,0,0,0,0,0,0,0,1,2,89,877,126
9210,B2,1,0,2,2,0,0,0,0,0,0,0,0,0,0,1,2,14,203,51
9210,C1,13,1,1,0,0,0,0,0,0,0,0,0,0,0,1,2,11,178,12
9220,A1,2,2,0,1,0,0,0,0,0,0,0,0,0,0,1,2,11,147,21
9220,B0,0,1,11,1,0,0,0,0,0,0,0,0,0,0,1,2,16,199,44
9220,B1,2,2,1,1,0,0,0,0,0,0,0,0,0,0,1,2,89,877,126
9220,B2,3,0,2,2,0,0,0,0,0,0,0,0,0,0,1,2,14,203,51
9220,C1,14,2,2,0,0,0,0,0,0,0,0,0,0,0,1,2,11,178,12
9230,A1,1,1,0,1,0,0,0,0,0,0,0,0,0,1,0,2,11,147,21
9230,B0,0,1,13,1,0,0,0,0,0,0,0,0,0,1,0,1,16,199,44
9230,B1,2,5,1,1,0,0,0,0,0,0,0,0,0,1,0,2,89,877,126
9230,B2,1,0,2,3,0,0,0,0,0,0,0,0,0,1,0,2,14,203,51
9230,C1,14,1,3,0,0,0,0,0,0,0,0,0,0,1,0,2,11,178,12
9240,A1,1,1,0,1,0,0,0,0,0,0,0,0,0,1,0,2,11,147,21
9240,B0,0,1,14,5,0,0,0,0,0,0,0,0,0,1,0,2,16,199,44
9240,B1,1,5,1,1,0,0,0,0,0,0,0,0,0,1,0,2,89,877,126
9240,B2,1,0,5,5,0,0,0,0,0,0,0,0,0,1,0,2,14,203,51
9240,C1,12,1,4,0,0,0,0,0,0,0,0,0,0,1,0,2,11,178,12
9250,A1,1,1,0,1,0,0,0,0,0,0,0,0,0,0,1,2,11,147,21
9250,B0,0,1,13,1,0,0,0,0,0,0,0,0,0,0,1,2,16,199,44
9250,B1,2,4,1,1,0,0,0,0,0,0,0,0,0,0,1,2,89,877,126
9250,B2,2,0,4,4,0,0,0,0,0,0,0,0,0,0,1,2,14,203,51
9250,C1,12,1,2,0,0,0,0,0,0,0,0,0,0,0,1,2,11,178,12
9260,A1,1,1,0,2,0,0,0,0,0,0,0,0,0,0,1,2,11,147,21
9260,B0,0,1,13,1,0,0,0,0,0,0,0,0,0,0,1,2,16,199,44
9260,B1,1,4,1,3,0,0,0,0,0,0,0,0,0,0,1,2,89,877,126
9260,B2,3,0,1,3,0,0,0,0,0,0,0,0,0,0,1,2,14,203,51
9260,C1,13,1,2,0,0,0,0,0,0,0,0,0,0,0,1,2,11,178,12
9270,A1,1,1,0,2,0,0,0,0,0,0,0,0,0,1,0,2,11,147,21
9270,B0,0,1,11,1,0,0,0,0,0,0,0,0,0,1,0,2,16,199,44
9270,B1,2,4,1,2,0,0,0,0,0,0,0,0,0,1,0,2,89,877,126
9270,B2,3,0,3,1,0,0,0,0,0,0,0,0,0,1,0,2,14,203,51
9270,C1,14,1,2,0,0,0,0,0,0,0,0,0,0,1,0,2,11,178,12
9280,A1,2,2,0,2,0,0,0,0,0,0,0,0,0,1,0,2,11,147,21
9280,B0,0,1,13,3,0,0,0,0,0,0,0,0,0,1,0,2,16,199,44
9280,B1,2,4,1,2,0,0,0,0,0,0,0,0,0,1,0,2,89,877,126
9280,B2,1,0,3,1,0,0,0,0,0,0,0,0,0,1,0,2,14,203,51
9280,C1,12,1,3,0,0,0,0,0,0,0,0,0,0,1,0,2,11,178,12
9290,A1,1,1,0,3,0,0,0,0,0,0,0,0,0,1,0,2,11,147,21
9290,B0,0,1,14,3,0,0,0,0,0,0,0,0,0,1,0,2,16,199,44
9290,B1,2,3,1,2,0,0,0,0,0,0,0,0,0,1,0,2,89,877,126
9290,B2,1,0,3,4,0,0,0,0,0,0,0,0,0,1,0,2,14,203,51
9290,C1,11,1,3,0,0,0,0,0,0,0,0,0,0,1,0,2,11,178,12
9300,A1,1,1,0,1,0,0,0,0,0,0,0,0,0,0,1,2,11,147,21
9300,B0,0,1,14,1,0,0,0,0,0,0,0,0,0,0,1,2,16,199,44
9300,B1,1,3,1,1,0,0,0,0,0,0,0,0,0,0,1,2,89,877,126
9300,B2,3,0,1,5,0,0,0,0,0,0,0,0,0,0,1,2,14,203,51
9300,C1,12,1,1,0,0,0,0,0,0,0,0,0,0,0,1,2,11,178,12
9310,A1,1,4,0,1,0,0,0,0,0,0,0,0,0,0,1,2,11,147,21
9310,B0,0,1,13,2,0,0,0,0,0,0,0,0,0,0,1,2,16,199,44
9310,B1,1,3,1,2,0,0,0,0,0,0,0,0,0,0,1,2,89,877,126
9310,B2,3,0,1,3,0,0,0,0,0,0,0,0,0,0,1,2,14,203,51
9310,C1,14,5,1,0,0,0,0,0,0,0,0,0,0,0,1,2,11,178,12
9320,A1,1,3,0,1,0,0,0,0,0,0,0,0,0,1,0,2,11,147,21
9320,B0,0,1,13,1,0,0,0,0,0,0,0,0,0,1,0,1,16,199,44
9320,B1,1,3,1,1,0,0,0,0,0,0,0,0,0,1,0,2,89,877,126
9320,B2,3,0,1,2,0,0,0,0,0,0,0,0,0,1,0,2,14,203,51
9320,C1,14,5,1,0,0,0,0,0,0,0,0,0,0,1,0,2,11,178,12
9330,A1,1,1,0,1,0,0,0,0,0,0,0,0,0,1,0,2,11,147,21
9330,B0,0,1,14,1,0,0,0,0,0,0,0,0,0,1,0,1,16,199,44
9330,B1,1,1,1,1,0,0,0,0,0,0,0,0,0,1,0,2,89,877,126
9330,B2,1,0,1,3,0,0,0,0,0,0,0,0,0,1,0,2,14,203,51
9330,C1,14,3,1,0,0,0,0,0,0,0,0,0,0,1,0,2,11,178,12
9340,A1,1,1,0,1,0,0,0,0,0,0,0,0,0,0,1,2,11,147,21
9340,B0,0,1,14,3,0,0,0,0,0,0,0,0,0,0,1,2,16,199,44
9340,B1,3,3,1,1,0,0,0,0,0,0,0,0,0,0,1,2,89,877,126
9340,B2,1,0,1,4,0,0,0,0,0,0,0,0,0,0,1,2,14,203,51
9340,C1,13,3,2,0,0,0,0,0,0,0,0,0,0,0,1,2,11,178,12
9350,A1,1,1,0,1,0,0,0,0,0,0,0,0,0,0,1,2,11,147,21
9350,B0,0,1,10,2,0,0,0,0,0,0,0,0,0,0,1,2,16,199,44
9350,B1,3,3,2,1,0,0,0,0,0,0,0,0,0,0,1,2,89,877,126
9350,B2,1,0,1,1,0,0,0,0,0,0,0,0,0,0,1,2,14,203,51
9350,C1,13,4,2,0,0,0,0,0,0,0,0,0,0,0,1,2,11,178,12
9360,A1,1,1,0,1,0,0,0,0,0,0,0,0,0,0,1,2,11,147,21
9360,B0,0,1,8,1,0,0,0,0,0,0,0,0,0,0,1,2,16,199,44
9360,B1,3,3,1,1,0,0,0,0,0,0,0,0,0,0,1,2,89,877,126
9360,B2,1,0,2,1,0,0,0,0,0,0,0,0,0,0,1,2,14,203,51
9360,C1,13,6,1,0,0,0,0,0,0,0,0,0,0,0,1,2,11,178,12
9370,A1,1,1,0,1,0,0,0,0,0,0,0,0,0,1,0,2,11,147,21
9370,B0,0,1,12,1,0,0,0,0,0,0,0,0,0,1,0,1,16,199,44
9370,B1,2,1,1,2,0,0,0,0,0,0,0,0,0,1,0,2,90,891,129
9370,B2,1,0,3,1,0,0,0,0,0,0,0,0,0,1,0,2,14,203,51
9370,C1,13,4,1,0,0,0,0,0,0,0,0,0,0,1,0,2,11,178,12
9380,A1,1,1,0,1,0,0,0,0,0,0,0,0,0,1,0,2,11,147,21
9380,B0,0,1,14,3,0,0,0,0,0,0,0,0,0,1,0,2,16,199,44
9380,B1,4,1,1,2,0,0,0,0,0,0,0,0,0,1,0,2,90,891,129
9380,B2,1,0,3,2,0,0,0,0,0,0,0,0,0,1,0,2,14,203,51
9380,C1,14,1,1,0,0,0,0,0,0,0,0,0,0,1,0,2,11,178,12
9390,A1,1,3,0,1,0,0,0,0,0,0,0,0,0,0,1,2,11,147,21
9390,B0,0,1,14,4,0,0,0,0,0,0,0,0,0,0,1,2,16,199,44
9390,B1,4,1,1,2,0,0,0,0,0,0,0,0,0,0,1,2,90,891,129
9390,B2,1,0,2,2,0,0,0,0,0,0,0,0,0,0,1,2,15,211,53
9390,C1,13,3,1,0,0,0,0,0,0,0,0,0,0,0,1,2,11,178,12
9400,A1,2,8,0,1,0,0,0,0,0,0,0,0,0,0,1,2,11,147,21
9400,B0,0,1,14,1,0,0,0,0,0,0,0,0,0,0,1,2,16,199,44
9400,B1,4,1,2,3,0,0,0,0,0,0,0,0,0,0,1,2,90,891,129
9400,B2,1,0,3,1,0,0,0,0,0,0,0,0,0,0,1,2,15,211,53
9400,C1,14,3,1,0,0,0,0,0,0,0,0,0,0,0,1,2,11,178,12
9410,A1,1,11,0,1,0,0,0,0,0,0,0,0,0,1,0,2,11,147,21
9410,B0,0,1,13,1,0,0,0,0,0,0,0,0,0,1,0,1,16,199,44
9410,B1,3,1,2,1,0,0,0,0,0,0,1,0,0,1,0,1,90,891,129
9410,B2,1,0,1,1,0,1,0,0,0,0,0,0,0,1,0,2,16,218,53
9410,C1,14,2,3,0,0,0,0,0,0,0,0,0,0,1,0,2,11,178,12
9420,A1,2,6,0,1,0,0,0,0,0,0,0,0,0,1,0,2,11,147,21
9420,B0,0,1,13,2,0,0,0,0,0,0,0,0,0,1,0,2,16,199,44
9420,B1,3,2,2,1,0,0,0,0,0,0,0,0,0,1,0,2,90,891,129
9420,B2,1,0,2,1,0,0,0,0,0,0,0,0,0,1,0,2,16,233,54
9420,C1,13,1,4,0,0,0,0,0,0,0,0,0,0,1,0,2,11,178,12
9430,A1,1,6,0,2,0,0,0,0,0,0,0,0,1,0,1,2,11,147,21
9430,B0,0,2,14,4,0,0,0,0,0,0,0,0,0,0,1,2,16,199,44
9430,B1,3,1,2,1,0,0,0,2,0,0,0,0,0,0,1,1,91,893,129
9430,B2,2,0,3,1,0,0,0,0,0,0,0,0,0,0,1,2,16,233,54
9430,C1,12,1,4,0,0,0,0,0,0,0,0,0,0,0,1,2,11,178,12
9440,A1,2,6,0,1,0,0,0,0,0,0,0,0,0,0,1,2,11,147,21
9440,B0,0,2,14,2,0,0,0,0,0,0,0,0,0,0,1,2,16,199,44
9440,B1,4,1,1,1,0,0,0,0,0,0,0,0,0,0,1,2,91,899,131
9440,B2,4,0,1,1,0,0,0,0,0,0,0,0,0,0,1,2,16,233,54
9440,C1,12,1,1,0,0,0,0,0,0,0,0,0,0,0,1,2,11,178,12
9450,A1,3,10,0,1,0,0,0,0,0,0,0,0,0,0,1,2,11,147,21
9450,B0,0,2,12,1,0,0,0,0,0,0,0,0,0,0,1,2,16,199,44
9450,B1,4,1,1,1,0,0,0,0,0,0,0,0,0,0,1,2,91,899,131
9450,B2,6,0,1,1,0,0,0,0,0,0,0,0,0,0,1,2,16,233,54
9450,C1,14,2,1,0,0,0,0,0,0,0,0,0,0,0,1,2,11,178,12
9460,A1,3,9,0,1,0,0,0,0,0,0,0,0,0,1,0,2,11,147,21
9460,B0,0,1,12,2,0,0,0,0,0,0,0,0,0,1,0,2,16,199,44
9460,B1,1,1,1,2,0,0,0,0,0,0,0,0,0,1,0,2,92,913,134
9460,B2,2,0,1,1,0,0,0,0,0,0,0,0,0,1,0,2,16,233,54
9460,C1,13,1,1,0,0,0,0,0,0,0,0,0,0,1,0,2,11,178,12
9470,A1,1,9,0,2,0,0,0,0,0,0,0,0,0,1,0,2,11,147,21
9470,B0,0,1,14,5,0,0,0,0,0,0,0,0,0,1,0,2,16,199,44
9470,B1,1,1,1,2,0,0,0,0,0,0,0,0,0,1,0,2,92,913,134
9470,B2,1,0,1,1,0,0,0,0,0,0,0,0,0,1,0,2,16,233,54
9470,C1,10,1,1,0,0,0,0,0,0,0,0,0,0,1,0,2,11,178,12
9480,A1,1,8,0,1,0,0,0,0,0,0,0,0,0,0,1,2,11,147,21
9480,B0,0,1,14,4,0,0,0,0,0,0,0,0,0,0,1,2,16,199,44
9480,B1,1,1,1,1,0,0,0,0,0,0,0,0,0,0,1,2,93,917,135
9480,B2,1,0,1,1,0,0,0,0,0,0,0,0,0,0,1,2,17,237,55
9480,C1,9,1,1,0,0,0,0,0,0,0,0,0,0,0,1,2,11,178,12
9490,A1,1,8,0,1,0,0,0,0,0,0,0,0,0,0,1,2,11,147,21
9490,B0,0,1,14,1,0,0,0,0,0,0,0,0,0,0,1,2,16,199,44
9490,B1,1,1,3,2,0,0,0,0,0,0,0,0,0,0,1,2,93,917,135
9490,B2,1,0,1,1,0,0,0,0,0,0,0,0,0,0,1,2,17,237,55
9490,C1,13,1,2,0,0,0,0,0,0,0,0,0,0,0,1,2,11,178,12
9500,A1,2,8,0,1,0,0,0,0,0,0,0,0,0,1,0,2,11,147,21
9500,B0,0,1,13,1,0,0,0,0,0,0,0,0,0,1,0,1,16,199,44
9500,B1,1,1,2,2,0,0,0,0,0,0,0,0,0,1,0,2,93,917,135
9500,B2,1,0,1,2,0,0,0,0,0,0,0,0,0,1,0,2,17,237,55
9500,C1,14,3,1,0,0,0,0,0,0,0,0,0,0,1,0,2,11,178,12
9510,A1,2,8,0,1,0,0,0,0,0,0,0,0,0,1,0,2,11,147,21
9510,B0,0,1,13,1,0,0,0,0,0,0,0,0,0,1,0,1,16,199,44
9510,B1,2,1,2,2,0,0,0,0,0,0,0,0,0,1,0,2,93,917,135
9510,B2,2,0,2,3,0,0,0,0,0,0,0,0,0,1,0,2,17,237,55
9510,C1,14,1,1,0,0,0,0,0,0,0,0,0,0,1,0,2,11,178,12
9520,A1,1,7,0,1,0,0,0,0,0,0,0,0,0,1,0,2,11,147,21
9520,B0,0,1,14,2,0,0,0,0,0,0,0,0,0,1,0,2,16,199,44
9520,B1,1,1,2,2,0,0,0,0,0,0,0,0,0,1,0,2,93,917,135
9520,B2,1,0,1,5,0,0,0,0,0,0,0,0,0,1,0,2,17,237,55
9520,C1,12,2,1,0,0,0,0,0,0,0,0,0,0,1,0,2,11,178,12
9530,A1,1,7,0,1,0,0,0,0,0,0,0,0,0,0,1,2,11,147,21
9530,B0,0,1,13,2,0,0,0,0,0,0,0,0,0,0,1,2,16,199,44
9530,B1,1,1,2,2,0,0,0,0,0,0,0,0,0,0,1,2,93,917,135
9530,B2,1,0,3,7,0,0,0,0,0,0,0,0,0,0,1,2,17,237,55
9530,C1,12,3,1,0,0,0,0,0,0,0,0,0,0,0,1,2,11,178,12
9540,A1,4,7,0,1,0,0,0,0,0,0,0,0,0,0,1,2,11,147,21
9540,B0,0,2,10,2,0,0,0,0,0,0,0,0,0,0,1,2,16,199,44
9540,B1,1,1,2,1,0,0,0,0,0,0,0,0,0,0,1,2,93,917,135
9540,B2,2,0,1,5,0,0,0,0,0,0,0,0,0,0,1,2,17,237,55
9540,C1,14,4,1,0,0,0,0,0,0,0,0,0,0,0,1,2,11,178,12
9550,A1,2,7,0,1,0,0,0,0,0,0,0,0,0,1,0,2,11,147,21
9550,B0,0,1,11,1,0,0,0,0,0,0,0,0,0,1,0,2,16,199,44
9550,B1,3,1,2,1,0,0,0,0,0,0,0,0,0,1,0,2,93,917,135
9550,B2,1,0,1,4,0,0,0,0,0,0,0,0,0,1,0,2,17,237,55
9550,C1,14,2,2,0,0,0,0,0,0,0,0,0,0,1,0,2,11,178,12
9560,A1,2,7,0,4,0,0,0,0,0,0,0,0,0,1,0,2,11,147,21
9560,B0,0,1,14,2,0,0,0,0,0,0,0,0,0,1,0,2,16,199,44
9560,B1,2,1,2,1,0,0,0,0,0,0,0,0,0,1,0,2,93,917,135
9560,B2,1,0,1,5,0,0,0,0,0,0,0,0,0,1,0,2,17,237,55
9560,C1,12,2,1,0,0,0,0,0,0,0,0,0,0,1,0,2,11,178,12
9570,A1,1,6,0,3,0,0,0,0,0,0,0,0,0,0,1,2,11,147,21
9570,B0,0,1,14,2,0,0,0,0,0,0,0,0,0,0,1,2,16,199,44
9570,B1,2,1,1,1,0,0,0,0,0,0,0,0,0,0,1,2,93,917,135
9570,B2,2,0,1,7,0,0,0,0,0,0,0,0,0,0,1,2,17,237,55
9570,C1,11,1,1,0,0,0,0,0,0,0,0,0,0,0,1,2,11,178,12
9580,A1,1,8,0,1,0,0,0,0,0,0,0,0,0,0,1,2,11,147,21
9580,B0,0,1,14,2,0,0,0,0,0,0,0,0,0,0,1,2,16,199,44
9580,B1,2,1,1,2,0,0,0,0,0,0,0,0,0,0,1,2,93,917,135
9580,B2,1,0,2,3,0,0,0,0,0,0,0,0,0,0,1,2,17,237,55
9580,C1,12,2,2,0,0,0,0,0,0,0,0,0,0,0,1,2,11,178,12
9590,A1,1,8,0,1,0,0,0,0,0,0,0,0,0,0,1,2,11,147,21
9590,B0,0,1,11,1,0,0,0,0,0,0,0,0,0,0,1,2,16,199,44
9590,B1,2,2,2,5,0,0,0,0,0,0,0,0,0,0,1,2,93,917,135
9590,B2,2,0,1,2,0,0,0,0,0,0,0,0,0,0,1,2,17,237,55
9590,C1,14,1,2,0,0,0,0,0,0,0,0,0,0,0,1,2,11,178,12
9600,A1,1,8,0,1,0,0,0,0,0,0,0,0,0,1,0,2,11,147,21
9600,B0,0,1,12,1,0,0,0,0,0,0,0,0,0,1,0,1,16,199,44
9600,B1,1,1,2,4,0,0,0,0,0,0,0,0,0,1,0,2,93,917,135
9600,B2,1,0,1,2,0,0,0,0,0,0,0,0,0,1,0,2,17,237,55
9600,C1,14,3,3,0,0,0,0,0,0,0,0,0,0,1,0,2,11,178,12
9610,A1,1,7,0,1,0,0,0,0,0,0,0,0,0,1,0,2,11,147,21
9610,B0,0,1,14,4,0,0,0,0,0,0,0,0,0,1,0,2,16,199,44
9610,B1,1,1,2,4,0,0,0,0,0,0,0,0,0,1,0,2,93,917,135
9610,B2,1,0,4,4,0,0,0,0,0,0,0,0,0,1,0,2,17,237,55
9610,C1,14,1,3,0,0,0,0,0,0,0,0,0,0,1,0,2,11,178,12
9620,A1,1,6,0,1,0,0,0,0,0,0,0,0,0,0,1,2,11,147,21
9620,B0,0,1,13,2,0,0,0,0,0,0,0,0,0,0,1,2,16,199,44
9620,B1,2,1,1,3,0,0,0,0,0,0,0,0,0,0,1,2,94,928,137
9620,B2,2,0,3,5,0,0,0,0,0,0,0,0,0,0,1,2,17,237,55
9620,C1,13,2,3,0,0,0,0,0,0,0,0,0,0,0,1,2,11,178,12
9630,A1,3,7,0,1,0,0,0,0,0,0,0,0,0,0,1,2,11,147,21
9630,B0,0,1,13,1,0,0,0,0,0,0,0,0,0,0,1,2,16,199,44
9630,B1,2,1,2,1,0,0,0,0,0,0,0,0,0,0,1,2,94,928,137
9630,B2,2,0,1,3,0,0,0,0,0,0,0,0,0,0,1,2,17,237,55
9630,C1,14,3,2,0,0,0,0,0,0,0,0,0,0,0,1,2,11,178,12
9640,A1,3,7,0,2,0,0,0,0,0,0,0,0,0,1,0,2,11,147,21
9640,B0,0,2,13,1,0,0,0,0,0,0,0,0,0,1,0,2,16,199,44
9640,B1,2,2,3,1,0,0,0,0,0,0,0,0,0,1,0,2,94,928,137
9640,B2,2,0,1,1,0,0,0,0,0,0,0,0,0,1,0,2,17,237,55
9640,C1,14,2,1,0,0,0,0,0,0,0,0,0,0,1,0,2,11,178,12
9650,A1,1,7,0,3,0,0,0,0,0,0,0,0,0,1,0,2,11,147,21
9650,B0,0,1,14,1,0,0,0,0,0,0,0,0,0,1,0,1,16,199,44
9650,B1,1,1,3,1,0,0,0,0,0,0,0,0,0,1,0,2,94,928,137
9650,B2,1,0,1,2,0,0,0,0,0,0,0,0,0,1,0,2,17,237,55
9650,C1,12,2,1,0,0,0,0,0,0,0,0,0,0,1,0,2,11,178,12
9660,A1,1,4,0,3,0,0,0,0,0,0,0,0,1,0,1,2,11,147,21
9660,B0,0,1,14,3,0,0,0,0,0,0,0,0,0,0,1,2,16,199,44
9660,B1,1,1,3,1,0,0,0,2,0,0,0,0,0,0,1,1,95,930,137
9660,B2,1,0,1,4,0,0,0,0,0,0,0,0,0,0,1,2,17,237,55
9660,C1,12,3,1,0,0,0,0,0,0,0,0,0,0,0,1,2,11,178,12
9670,A1,1,6,0,1,0,0,0,0,0,0,0,0,0,0,1,2,11,147,21
9670,B0,0,1,14,1,0,0,0,0,0,0,0,0,0,0,1,2,16,199,44
9670,B1,1,2,1,1,0,0,0,0,0,0,0,0,0,0,1,2,95,936,139
9670,B2,2,0,1,2,0,0,0,0,0,0,0,0,0,0,1,2,17,237,55
9670,C1,14,3,1,0,0,0,0,0,0,0,0,0,0,0,1,2,11,178,12
9680,A1,2,8,0,1,0,0,0,0,0,0,0,0,0,0,1,2,11,147,21
9680,B0,0,3,13,1,0,0,0,0,0,0,0,0,0,0,1,2,16,199,44
9680,B1,1,2,1,2,0,0,0,0,0,0,0,0,0,0,1,2,95,936,139
9680,B2,1,0,2,2,0,0,0,0,0,0,0,0,0,0,1,2,17,237,55
9680,C1,14,5,1,0,0,0,0,0,0,0,0,0,0,0,1,2,11,178,12
9690,A1,1,8,0,1,0,0,0,0,0,0,0,0,0,1,0,2,11,147,21
9690,B0,0,2,13,1,0,0,0,0,0,0,0,0,0,1,0,2,16,199,44
9690,B1,2,1,2,3,0,0,0,0,0,0,0,0,0,1,0,2,95,936,139
9690,B2,1,0,2,3,0,0,0,0,0,0,0,0,0,1,0,2,17,237,55
9690,C1,14,3,1,0,0,0,0,0,0,0,0,0,0,1,0,2,11,178,12
9700,A1,1,8,0,1,0,0,0,0,0,0,0,0,0,1,0,2,11,147,21
9700,B0,0,3,14,2,0,0,0,0,0,0,0,0,0,1,0,2,16,199,44
9700,B1,1,1,2,3,0,0,0,0,0,0,0,0,0,1,0,2,95,936,139
9700,B2,2,0,3,4,0,0,0,0,0,0,0,0,0,1,0,2,17,237,55
9700,C1,14,1,1,0,0,0,0,0,0,0,0,0,0,1,0,2,11,178,12
9710,A1,1,9,0,1,0,0,0,0,0,0,0,0,0,0,1,2,11,147,21
9710,B0,0,3,14,1,0,0,0,0,0,0,0,0,0,0,1,2,16,199,44
9710,B1,2,1,2,1,0,0,0,0,0,0,0,0,0,0,1,2,95,936,139
9710,B2,2,0,3,2,0,0,0,0,0,0,0,0,0,0,1,2,17,237,55
9710,C1,13,1,1,0,0,0,0,0,0,0,0,0,0,0,1,2,11,178,12
9720,A1,2,11,0,1,0,0,0,0,0,0,0,0,0,0,1,2,11,147,21
9720,B0,0,3,14,1,0,0,0,0,0,0,0,0,0,0,1,2,16,199,44
9720,B1,1,1,1,1,0,0,0,0,0,0,0,0,0,0,1,2,95,936,139
9720,B2,4,0,2,2,0,0,0,0,0,0,0,0,0,0,1,2,17,237,55
9720,C1,14,3,1,0,0,0,0,0,0,0,0,0,0,0,1,2,11,178,12
9730,A1,3,10,0,1,0,0,0,0,0,0,0,0,0,1,0,2,11,147,21
9730,B0,0,5,12,1,0,0,0,0,0,0,0,0,0,1,0,2,16,199,44
9730,B1,1,1,1,3,0,0,1,0,0,0,0,0,0,1,0,2,96,940,139
9730,B2,3,0,2,1,0,0,0,0,0,1,0,0,0,1,0,1,17,237,55
9730,C1,14,3,1,0,0,0,0,0,0,0,0,0,0,1,0,2,12,180,13
9740,A1,1,10,0,3,0,0,0,0,0,0,0,0,0,1,0,2,11,147,21
9740,B0,0,2,13,1,0,0,0,0,0,0,0,0,0,1,0,2,16,199,44
9740,B1,1,1,1,1,0,0,0,0,0,0,0,0,0,1,0,2,96,947,140
9740,B2,2,0,3,3,0,0,0,0,0,0,0,0,0,1,0,2,17,237,55
9740,C1,13,1,2,0,0,0,0,0,0,0,0,0,0,1,0,2,12,180,13
9750,A1,3,11,0,4,0,0,0,0,0,0,0,0,0,1,0,2,11,147,21
9750,B0,0,2,14,1,0,0,0,0,0,0,0,0,0,1,0,2,16,199,44
9750,B1,1,1,1,1,0,0,0,0,0,0,0,0,0,1,0,2,96,947,140
9750,B2,1,0,4,4,0,0,0,0,0,0,0,0,0,1,0,2,17,237,55
9750,C1,13,1,2,0,0,0,0,0,0,0,0,0,0,1,0,2,12,180,13
9760,A1,1,12,0,1,0,0,0,0,0,0,0,0,0,0,1,2,11,147,21
9760,B0,0,2,13,1,0,0,0,0,0,0,0,0,0,0,1,2,16,199,44
9760,B1,1,2,1,3,0,0,0,0,0,0,0,0,0,0,1,2,96,947,140
9760,B2,2,0,1,3,0,0,0,0,0,0,0,0,0,0,1,2,17,237,55
9760,C1,13,1,1,0,0,0,0,0,0,0,0,0,0,0,1,2,12,180,13
9770,A1,1,12,0,1,0,0,0,0,0,0,0,0,0,0,1,2,11,147,21
9770,B0,0,2,12,1,0,0,0,0,0,0,0,0,0,0,1,2,16,199,44
9770,B1,1,2,1,1,0,0,0,0,0,0,0,0,0,0,1,2,96,947,140
9770,B2,3,0,1,1,0,0,0,0,0,0,0,0,0,0,1,2,17,237,55
9770,C1,14,2,1,0,0,0,0,0,0,0,0,0,0,0,1,2,12,180,13
9780,A1,2,12,0,2,0,0,0,0,0,0,0,0,0,1,0,2,11,147,21
9780,B0,0,1,12,2,0,0,0,0,0,0,0,0,0,1,0,2,16,199,44
9780,B1,1,1,2,1,0,0,0,0,0,0,0,0,0,1,0,2,96,947,140
9780,B2,2,0,1,1,0,0,0,0,0,0,0,0,0,1,0,2,17,237,55
9780,C1,14,2,1,0,0,0,0,0,0,0,0,0,0,1,0,2,12,180,13
9790,A1,2,11,0,2,0,0,0,0,0,0,0,0,0,1,0,2,11,147,21
9790,B0,0,1,13,2,0,0,0,0,0,0,0,0,0,1,0,2,16,199,44
9790,B1,2,2,2,1,0,0,0,0,0,0,0,0,0,1,0,2,96,947,140
9790,B2,1,0,2,1,0,0,0,0,0,0,0,0,0,1,0,2,17,237,55
9790,C1,12,1,1,0,0,0,0,0,0,0,0,0,0,1,0,2,12,180,13
9800,A1,1,10,0,1,0,0,0,0,0,0,0,0,1,0,1,2,11,147,21
9800,B0,0,1,14,1,0,0,0,0,0,0,0,0,0,0,1,2,16,199,44
9800,B1,2,3,1,1,0,0,0,1,1,0,0,0,0,0,1,1,98,957,140
9800,B2,2,0,2,2,0,0,0,0,0,0,0,0,0,0,1,2,17,237,55
9800,C1,11,1,1,0,0,0,0,0,0,0,0,1,0,0,1,2,12,180,13
9810,A1,1,11,0,1,0,0,0,0,0,0,0,0,0,0,1,2,11,147,21
9810,B0,0,1,14,1,0,0,0,0,0,0,0,0,0,0,1,2,16,199,44
9810,B1,1,3,2,1,0,0,0,0,0,0,0,0,0,0,1,2,98,969,143
9810,B2,1,0,1,4,0,0,0,0,0,0,0,0,0,0,1,2,17,237,55
9810,C1,13,3,1,0,0,0,0,0,0,0,0,0,0,0,1,2,12,180,13
9820,A1,2,12,0,2,0,0,0,0,0,0,0,0,0,0,1,2,11,147,21
9820,B0,0,1,11,1,0,0,0,0,0,0,0,0,0,0,1,2,16,199,44
9820,B1,1,3,2,1,0,0,0,0,0,0,0,0,0,0,1,2,98,969,143
9820,B2,2,0,1,3,0,0,0,0,0,0,0,0,0,0,1,2,17,237,55
9820,C1,14,6,1,0,0,0,0,0,0,0,0,0,0,0,1,2,12,180,13
9830,A1,2,10,0,1,0,0,0,0,0,0,0,0,0,1,0,2,11,147,21
9830,B0,0,1,12,1,0,0,0,0,0,0,0,0,0,1,0,1,16,199,44
9830,B1,1,2,2,1,0,0,0,0,0,0,0,0,0,1,0,2,98,969,143
9830,B2,1,0,1,3,0,0,0,0,0,0,0,0,0,1,0,2,17,237,55
9830,C1,14,2,2,0,0,0,0,0,0,0,0,0,0,1,0,2,12,180,13
9840,A1,1,10,0,2,0,0,0,0,0,0,0,0,0,1,0,2,11,147,21
9840,B0,0,1,14,2,0,0,0,0,0,0,0,0,0,1,0,2,16,199,44
9840,B1,1,1,2,1,0,0,0,0,0,0,0,0,0,1,0,2,98,969,143
9840,B2,1,0,3,4,0,0,0,0,0,0,0,0,0,1,0,2,17,237,55
9840,C1,12,1,2,0,0,0,0,0,0,0,0,0,0,1,0,2,12,180,13
9850,A1,1,9,0,1,0,0,0,0,0,0,0,0,0,0,1,2,11,147,21
9850,B0,0,2,14,1,0,0,0,0,0,0,0,0,0,0,1,2,16,199,44
9850,B1,1,3,1,1,0,0,0,0,0,0,0,0,0,0,1,2,98,969,143
9850,B2,1,0,3,6,0,0,0,0,0,0,0,0,0,0,1,2,17,237,55
9850,C1,12,1,1,0,0,0,0,0,0,0,0,0,0,0,1,2,12,180,13
9860,A1,1,10,0,1,0,0,0,0,0,0,0,0,0,0,1,2,11,147,21
9860,B0,0,2,12,1,0,0,0,0,0,0,0,0,0,0,1,2,16,199,44
9860,B1,1,3,1,1,0,0,0,0,0,0,0,0,0,0,1,2,98,969,143
9860,B2,1,0,1,5,0,0,0,0,0,0,0,0,0,0,1,2,17,237,55
9860,C1,13,1,1,0,0,0,0,0,0,0,0,0,0,0,1,2,12,180,13
9870,A1,2,10,0,1,0,0,0,0,0,0,0,0,0,1,0,2,11,147,21
9870,B0,0,2,10,1,0,0,0,0,0,0,0,0,0,1,0,2,16,199,44
9870,B1,1,2,3,1,0,0,2,0,0,0,0,0,0,1,0,2,99,977,143
9870,B2,1,0,1,5,0,0,0,0,0,1,0,0,0,1,0,1,17,237,55
9870,C1,14,1,3,0,0,0,0,0,0,0,0,0,0,1,0,2,12,180,13
9880,A1,1,9,0,1,0,0,0,0,0,0,0,0,0,1,0,2,11,147,21
9880,B0,0,2,13,1,0,0,0,0,0,0,0,0,0,1,0,2,16,199,44
9880,B1,2,1,3,1,0,0,1,0,0,0,0,0,0,1,0,2,99,997,143
9880,B2,1,0,2,5,0,0,0,0,0,1,0,0,0,1,0,1,17,237,55
9880,C1,14,2,3,0,0,0,0,0,0,0,0,0,0,1,0,2,12,180,13
9890,A1,2,7,0,1,0,0,0,0,0,0,0,0,0,0,1,2,11,147,21
9890,B0,0,1,14,4,0,0,0,0,0,0,0,0,0,0,1,2,16,199,44
9890,B1,2,1,3,1,0,0,0,0,0,0,0,0,1,0,1,2,99,1015,146
9890,B2,1,0,1,6,0,0,0,0,0,0,0,0,0,0,1,2,17,237,55
9890,C1,13,1,4,0,0,0,0,1,0,0,0,0,0,0,1,2,13,181,13
9900,A1,2,7,0,2,0,0,0,0,0,0,0,0,0,0,1,2,11,147,21
9900,B0,0,1,14,1,0,0,0,0,0,0,0,0,0,0,1,2,16,199,44
9900,B1,3,1,3,1,0,0,0,0,0,0,0,0,0,0,1,2,99,1015,146
9900,B2,1,0,1,8,0,0,0,0,0,0,0,0,0,0,1,2,17,237,55
9900,C1,13,2,1,0,0,0,0,0,0,0,0,0,0,0,1,2,13,186,14
9910,A1,3,9,0,1,0,0,0,0,0,0,0,0,0,0,1,2,11,147,21
9910,B0,0,1,11,1,0,0,0,0,0,0,0,0,0,0,1,2,16,199,44
9910,B1,3,1,1,1,0,0,0,0,0,0,0,0,0,0,1,2,99,1015,146
9910,B2,1,0,2,5,0,0,0,0,0,0,0,0,0,0,1,2,17,237,55
9910,C1,14,1,1,0,0,0,0,0,0,0,0,0,0,0,1,2,13,186,14
9920,A1,1,8,0,2,0,0,0,0,0,0,0,0,0,1,0,2,11,147,21
9920,B0,0,1,12,1,0,0,0,0,0,0,0,0,0,1,0,1,16,199,44
9920,B1,2,1,1,1,0,0,0,0,0,0,0,0,0,1,0,2,99,1015,146
9920,B2,2,0,2,6,0,0,0,0,0,0,0,0,0,1,0,2,17,237,55
9920,C1,14,4,2,0,0,0,0,0,0,0,0,0,0,1,0,2,13,186,14
9930,A1,1,7,0,2,0,0,0,0,0,0,0,0,0,1,0,2,11,147,21
9930,B0,0,1,14,3,0,0,0,0,0,0,0,0,0,1,0,2,16,199,44
9930,B1,1,3,1,1,0,0,0,0,0,0,0,0,0,1,0,2,99,1015,146
9930,B2,2,0,3,9,0,0,0,0,0,0,0,0,0,1,0,2,17,237,55
9930,C1,14,1,3,0,0,0,0,0,0,0,0,0,0,1,0,2,13,186,14
9940,A1,1,6,0,1,0,0,0,0,0,0,0,0,0,0,1,2,11,147,21
9940,B0,0,2,14,1,0,0,0,0,0,0,0,0,0,0,1,2,16,199,44
9940,B1,2,1,1,1,0,0,0,0,0,0,0,0,0,0,1,2,99,1015,146
9940,B2,2,0,2,12,0,0,0,0,0,0,0,0,0,0,1,2,17,237,55
9940,C1,13,1,1,0,0,0,0,0,0,0,0,0,0,0,1,2,13,186,14
9950,A1,1,6,0,2,0,0,0,0,0,0,0,0,0,0,1,2,11,147,21
9950,B0,0,2,14,1,0,0,0,0,0,0,0,0,0,0,1,2,16,199,44
9950,B1,2,1,1,1,0,0,0,0,0,0,0,0,0,0,1,2,99,1015,146
9950,B2,3,0,1,12,0,0,0,0,0,0,0,0,0,0,1,2,17,237,55
9950,C1,14,2,1,0,0,0,0,0,0,0,0,0,0,0,1,2,13,186,14
9960,A1,7,9,0,1,0,0,0,0,0,0,0,0,0,1,0,2,11,147,21
9960,B0,0,2,12,1,0,0,0,0,0,0,0,0,0,1,0,2,16,199,44
9960,B1,2,2,1,2,0,0,0,0,0,0,0,0,0,1,0,2,99,1015,146
9960,B2,3,0,1,8,0,0,0,0,0,0,0,0,0,1,0,2,17,237,55
9960,C1,14,2,1,0,0,0,0,0,0,0,0,0,0,1,0,2,13,186,14
9970,A1,3,7,0,1,0,0,0,0,0,0,0,0,0,1,0,2,11,147,21
9970,B0,0,1,13,1,0,0,0,0,0,0,0,0,0,1,0,1,16,199,44
9970,B1,1,1,1,2,0,0,0,0,0,0,0,0,0,1,0,2,99,1015,146
9970,B2,1,0,1,10,0,0,0,0,0,0,0,0,0,1,0,2,17,237,55
9970,C1,13,1,2,0,0,0,0,0,0,0,0,0,0,1,0,2,13,186,14
9980,A1,1,4,0,2,0,0,0,0,0,0,0,0,0,1,0,2,11,147,21
9980,B0,0,1,14,1,0,0,0,0,0,0,0,0,0,1,0,1,16,199,44
9980,B1,2,2,1,2,0,0,0,0,0,0,0,0,0,1,0,2,99,1015,146
9980,B2,1,0,3,12,0,0,0,0,0,0,0,0,0,1,0,2,17,237,55
9980,C1,9,2,3,0,0,0,0,0,0,0,0,0,0,1,0,2,13,186,14
9990,A1,1,4,0,2,0,0,0,0,0,0,0,0,0,0,1,2,11,147,21
9990,B0,0,3,13,1,0,0,0,0,0,0,0,0,0,0,1,2,16,199,44
9990,B1,2,2,2,3,0,0,0,0,0,0,0,0,0,0,1,2,99,1015,146
9990,B2,2,0,1,13,0,0,0,0,0,0,0,0,0,0,1,2,17,237,55
9990,C1,12,2,1,0,0,0,0,0,0,0,0,0,0,0,1,2,13,186,14
10000,A1,3,5,0,1,0,0,0,0,0,0,0,0,0,0,1,2,11,147,21
10000,B0,0,3,12,3,0,0,0,0,0,0,0,0,0,0,1,2,16,199,44
10000,B1,2,2,1,4,0,0,0,0,0,0,0,0,0,0,1,2,99,1015,146
10000,B2,3,0,2,11,0,0,0,0,0,0,0,0,0,0,1,2,17,237,55
10000,C1,14,2,1,0,0,0,0,0,0,0,0,0,0,0,1,2,13,186,14
