time_of_info,tls_id,count_to_r,count_to_l,count_to_b,count_to_t,count_stuck_middle,count_stuck_to_r,count_stuck_to_l,count_stuck_to_b,count_stuck_to_t,is_jam_next_l,is_jam_next_r,is_jam_next_t,is_jam_next_b,is_green_horizontal,is_green_vertical,y,jams_count,jams_time,jams_car_count
15,A1,0,0,0,0,0,0,0,0,0,0,0,0,0,0,1,1,0,0,0
15,B0,0,0,0,0,0,0,0,0,0,0,0,0,0,0,1,1,0,0,0
15,B1,0,0,0,0,0,0,0,0,0,0,0,0,0,0,1,1,0,0,0
15,B2,0,0,0,0,0,0,0,0,0,0,0,0,0,0,1,1,0,0,0
15,C1,0,0,0,0,0,0,0,0,0,0,0,0,0,0,1,1,0,0,0
30,A1,4,1,0,2,0,0,0,0,0,0,0,0,0,1,0,2,0,0,0
30,B0,0,1,3,1,0,0,0,0,0,0,0,0,0,0,1,1,0,0,0
30,B1,2,2,1,2,0,0,0,0,0,0,0,0,0,1,0,2,0,0,0
30,B2,2,0,4,3,0,0,0,0,0,0,0,0,0,0,1,1,0,0,0
30,C1,2,3,2,0,0,0,0,0,0,0,0,0,0,1,0,2,0,0,0
45,A1,2,2,0,2,0,0,0,0,0,0,0,0,0,0,1,2,0,0,0
45,B0,0,4,4,1,0,0,0,0,0,0,0,0,0,0,1,1,0,0,0
45,B1,3,1,3,4,0,0,0,0,0,0,0,0,0,0,1,1,0,0,0
45,B2,3,0,2,4,0,0,0,0,0,0,0,0,0,1,0,1,0,0,0
45,C1,3,3,5,0,0,0,0,0,0,0,0,0,0,0,1,2,0,0,0
60,A1,1,5,0,6,0,0,0,0,0,0,0,0,0,1,0,2,0,0,0
60,B0,0,8,7,3,0,0,0,0,0,0,0,0,0,0,1,1,0,0,0
60,B1,3,5,4,3,0,0,0,0,0,0,0,0,0,1,0,1,0,0,0
60,B2,6,0,1,4,0,0,0,0,0,0,0,0,0,0,1,1,0,0,0
60,C1,6,3,7,0,0,0,0,0,0,0,0,0,0,1,0,2,0,0,0
75,A1,2,7,0,11,0,0,0,0,0,0,0,0,0,1,0,2,0,0,0
75,B0,0,11,8,1,0,0,0,0,0,0,0,0,0,0,1,1,0,0,0
75,B1,3,6,5,7,0,0,0,0,0,0,0,0,0,0,1,1,0,0,0
75,B2,8,0,3,6,0,0,0,0,0,0,0,0,0,1,0,1,0,0,0
75,C1,10,3,7,0,0,0,0,0,0,0,0,0,0,1,0,2,0,0,0
90,A1,1,11,0,14,0,0,0,0,0,0,0,0,0,1,0,2,0,0,0
90,B0,0,14,7,1,0,0,0,0,0,0,0,0,0,0,1,1,0,0,0
90,B1,2,7,4,4,0,0,0,0,0,0,0,0,0,1,0,1,0,0,0
90,B2,9,0,1,5,0,0,0,0,0,0,0,0,0,0,1,1,0,0,0
90,C1,11,2,8,0,0,0,0,0,0,0,0,0,0,1,0,2,0,0,0
105,A1,2,10,0,16,0,0,0,0,0,0,0,0,0,1,0,2,0,0,0
105,B0,0,15,9,2,0,0,0,0,0,0,0,0,0,0,1,1,0,0,0
105,B1,3,8,2,3,0,0,0,0,0,0,0,0,0,0,1,2,0,0,0
105,B2,11,0,2,6,0,0,0,0,0,0,0,0,0,0,1,1,0,0,0
105,C1,13,2,10,0,0,0,0,0,0,0,0,0,0,1,0,2,0,0,0
120,A1,3,10,0,20,0,0,0,0,0,0,0,0,0,1,0,2,0,0,0
120,B0,0,15,10,3,0,0,0,0,0,0,0,0,0,0,1,1,0,0,0
120,B1,4,6,3,4,0,0,0,0,0,0,0,0,0,1,0,2,0,0,0
120,B2,12,0,1,7,0,0,0,0,0,0,0,0,0,0,1,1,0,0,0
120,C1,14,4,13,0,0,0,0,0,0,0,0,0,0,1,0,2,0,0,0
135,A1,3,12,0,20,0,0,0,0,0,0,0,0,0,1,0,2,0,0,0
135,B0,0,18,10,2,0,0,0,0,0,0,0,0,0,0,1,1,0,0,0
135,B1,2,4,4,5,0,0,0,0,0,0,0,0,0,0,1,1,0,0,0
135,B2,13,0,1,9,0,0,0,0,0,0,0,0,0,0,1,1,0,0,0
135,C1,14,1,16,0,0,0,0,0,0,0,0,0,0,1,0,2,0,0,0
150,A1,1,10,0,20,0,0,0,0,0,0,0,0,0,1,0,2,0,0,0
150,B0,0,19,11,2,0,0,0,0,0,0,0,0,0,0,1,1,0,0,0
150,B1,3,6,3,3,0,0,0,0,0,0,0,0,0,1,0,2,0,0,0
150,B2,13,0,1,10,0,0,0,0,0,0,0,0,0,0,1,1,0,0,0
150,C1,15,1,17,0,0,0,0,0,0,0,0,0,0,1,0,2,0,0,0
165,A1,2,9,0,20,0,0,0,0,0,0,0,0,0,1,0,2,0,0,0
165,B0,0,20,12,3,0,0,0,0,0,0,0,0,0,0,1,1,0,0,0
165,B1,3,6,4,5,0,0,0,0,0,0,0,0,0,0,1,1,0,0,0
165,B2,15,0,1,8,0,0,0,0,0,0,0,0,0,0,1,1,0,0,0
165,C1,17,2,19,0,0,0,0,0,0,0,0,0,0,1,0,2,0,0,0
180,A1,2,9,0,20,0,0,0,0,0,0,0,0,0,1,0,2,0,0,0
180,B0,0,20,11,1,0,0,0,0,0,0,0,0,0,0,1,1,0,0,0
180,B1,4,7,3,4,0,0,0,0,0,0,0,0,0,1,0,2,0,0,0
180,B2,15,0,1,4,0,0,0,0,0,0,0,0,0,0,1,1,0,0,0
180,C1,19,1,20,0,0,0,0,0,0,0,0,0,0,1,0,2,0,0,0
195,A1,2,5,0,20,0,0,0,0,0,0,0,0,0,1,0,2,0,0,0
195,B0,0,20,12,3,0,0,0,0,0,0,0,0,0,0,1,1,0,0,0
195,B1,3,6,4,4,0,0,0,0,0,0,0,0,0,1,0,1,0,0,0
195,B2,12,0,3,3,0,0,0,0,0,0,0,0,0,1,0,1,0,0,0
195,C1,18,1,20,0,0,0,0,0,0,0,0,0,0,1,0,2,0,0,0
210,A1,2,6,0,20,0,0,0,0,0,0,0,0,0,1,0,2,0,0,0
210,B0,0,20,11,1,0,0,0,0,0,0,0,0,0,0,1,1,0,0,0
210,B1,3,5,4,7,0,0,0,0,0,0,0,0,0,0,1,1,0,0,0
210,B2,14,0,2,2,0,0,0,0,0,0,0,0,0,1,0,2,0,0,0
210,C1,17,2,20,0,0,0,0,0,0,0,0,0,0,1,0,2,0,0,0
225,A1,2,7,0,20,0,0,0,0,0,0,0,0,0,1,0,2,0,0,0
225,B0,0,20,10,1,0,0,0,0,0,0,0,0,0,0,1,1,0,0,0
225,B1,5,5,4,3,0,0,0,0,0,0,0,0,0,1,0,2,0,0,0
225,B2,11,0,4,4,0,0,0,0,0,0,0,0,0,0,1,1,0,0,0
225,C1,15,1,20,0,0,0,0,0,0,0,0,0,0,1,0,2,0,0,0
240,A1,1,5,0,20,0,0,0,0,0,0,0,0,0,1,0,2,0,0,0
240,B0,0,20,10,1,0,0,0,0,0,0,0,0,0,0,1,1,0,0,0
240,B1,7,5,4,6,0,0,0,0,0,0,0,0,0,1,0,2,0,0,0
240,B2,12,0,1,2,0,0,0,0,0,0,0,0,0,0,1,2,0,0,0
240,C1,13,2,18,0,0,0,0,0,0,0,0,0,0,0,1,2,0,0,0
255,A1,1,5,0,20,0,0,0,0,0,0,0,0,0,1,0,2,0,0,0
255,B0,0,20,7,2,0,0,0,0,0,0,0,0,0,0,1,1,0,0,0
255,B1,5,5,6,6,0,0,0,0,0,0,0,0,0,0,1,1,0,0,0
255,B2,8,0,3,3,0,0,0,0,0,0,0,0,0,1,0,1,0,0,0
255,C1,12,1,18,0,0,0,0,0,0,0,0,0,0,1,0,2,0,0,0
270,A1,1,5,0,20,0,0,0,0,0,0,0,0,0,1,0,2,0,0,0
270,B0,0,20,6,3,0,0,0,0,0,0,0,0,0,0,1,1,0,0,0
270,B1,7,7,5,4,0,0,0,0,0,0,0,0,0,0,1,2,0,0,0
270,B2,8,0,2,4,0,0,0,0,0,0,0,0,0,0,1,1,0,0,0
270,C1,12,2,19,0,0,0,0,0,0,0,0,0,0,0,1,2,0,0,0
285,A1,3,3,0,20,0,0,0,0,0,0,0,0,0,1,0,2,0,0,0
285,B0,0,20,3,2,0,0,0,0,0,0,0,0,0,0,1,1,0,0,0
285,B1,4,5,5,4,0,0,0,0,0,0,0,0,0,0,1,1,0,0,0
285,B2,8,0,1,5,0,0,0,0,0,0,0,0,0,0,1,1,0,0,0
285,C1,12,1,18,0,0,0,0,0,0,0,0,0,0,1,0,2,0,0,0
300,A1,2,3,0,16,0,0,0,0,0,0,0,0,0,0,1,1,0,0,0
300,B0,0,16,3,1,0,0,0,0,0,0,0,0,0,1,0,2,0,0,0
300,B1,3,5,5,4,0,0,0,0,0,0,0,0,0,1,0,1,0,0,0
300,B2,13,0,1,3,0,0,0,0,0,0,0,0,0,1,0,2,0,0,0
300,C1,11,2,18,0,0,0,0,0,0,0,0,0,0,0,1,2,0,0,0
315,A1,2,4,0,17,0,0,0,0,0,0,0,0,0,1,0,2,0,0,0
315,B0,0,16,6,2,0,0,0,0,0,0,0,0,0,0,1,1,0,0,0
315,B1,5,7,4,3,0,0,0,0,0,0,0,0,0,1,0,2,0,0,0
315,B2,11,0,1,4,0,0,0,0,0,0,0,0,0,0,1,1,0,0,0
315,C1,10,1,16,0,0,0,0,0,0,0,0,0,0,0,1,1,0,0,0
330,A1,1,4,0,20,0,0,0,0,0,0,0,0,0,1,0,2,0,0,0
330,B0,0,18,2,2,0,0,0,0,0,0,0,0,0,1,0,2,0,0,0
330,B1,2,5,4,4,0,0,0,0,0,0,0,0,0,0,1,1,0,0,0
330,B2,11,0,1,4,0,0,0,0,0,0,0,0,0,1,0,1,0,0,0
330,C1,11,2,18,0,0,0,0,0,0,0,0,0,0,1,0,2,1,13,10
345,A1,2,3,0,20,0,0,0,0,0,0,0,0,0,1,0,1,0,0,0
345,B0,0,14,3,3,0,0,0,0,0,0,0,0,0,1,0,1,0,0,0
345,B1,2,5,5,3,0,0,0,0,0,0,0,0,0,0,1,1,0,0,0
345,B2,14,0,2,6,0,0,0,0,0,0,0,0,0,0,1,1,0,0,0
345,C1,10,2,18,0,0,0,0,0,0,0,0,0,0,1,0,2,1,13,10
360,A1,2,3,0,18,0,0,0,0,0,0,0,0,0,1,0,1,0,0,0
360,B0,0,18,5,1,0,0,0,0,0,0,0,0,0,0,1,1,0,0,0
360,B1,2,4,4,4,0,0,0,0,0,0,0,0,0,1,0,1,0,0,0
360,B2,13,0,2,3,0,0,0,0,0,0,0,0,0,1,0,2,0,0,0
360,C1,10,1,17,0,0,0,0,0,0,0,0,0,0,0,1,1,1,13,10
375,A1,3,4,0,19,0,0,0,0,0,0,0,0,0,1,0,2,0,0,0
375,B0,0,20,2,1,0,0,0,0,0,0,0,0,0,0,1,2,0,0,0
375,B1,1,5,2,2,0,0,0,0,0,0,0,0,0,1,0,2,0,0,0
375,B2,8,0,2,3,0,0,0,0,0,0,0,0,0,1,0,1,0,0,0
375,C1,11,2,17,0,0,0,0,0,0,0,0,0,0,1,0,2,1,13,10
390,A1,2,7,0,18,0,0,0,0,0,0,0,0,0,1,0,2,0,0,0
390,B0,0,17,4,2,0,0,0,0,0,0,0,0,0,0,1,1,0,0,0
390,B1,1,3,3,2,0,0,0,0,0,0,0,0,0,0,1,1,0,0,0
390,B2,8,0,3,2,0,0,0,0,0,0,0,0,0,0,1,2,0,0,0
390,C1,10,2,18,0,0,0,0,0,0,0,0,0,0,0,1,2,1,13,10
405,A1,3,7,0,19,0,0,0,0,0,0,0,0,0,1,0,2,0,0,0
405,B0,0,18,2,1,0,0,0,0,0,0,0,0,0,1,0,2,0,0,0
405,B1,2,3,1,1,0,0,0,0,0,0,0,0,0,1,0,2,0,0,0
405,B2,6,0,1,3,0,0,0,0,0,0,0,0,0,1,0,2,0,0,0
405,C1,12,1,18,0,0,0,0,0,0,0,0,0,0,1,0,2,1,13,10
420,A1,2,8,0,20,0,0,0,0,0,0,0,0,0,1,0,2,0,0,0
420,B0,0,18,6,1,0,0,0,0,0,0,0,0,0,0,1,1,0,0,0
420,B1,3,1,2,3,0,0,0,0,0,0,0,0,0,0,1,1,0,0,0
420,B2,7,0,1,4,0,0,0,0,0,0,0,0,0,0,1,1,0,0,0
420,C1,12,1,19,0,0,0,0,0,0,0,0,0,0,0,1,1,1,13,10
435,A1,4,5,0,20,0,0,0,0,0,0,0,0,0,1,0,2,0,0,0
435,B0,0,20,4,1,0,0,0,0,0,0,0,0,0,0,1,1,0,0,0
435,B1,1,1,1,1,0,0,0,0,0,0,0,0,0,1,0,1,0,0,0
435,B2,5,0,2,5,0,0,0,0,0,0,0,0,0,1,0,1,0,0,0
435,C1,12,1,18,0,0,0,0,0,0,0,0,0,0,1,0,2,1,13,10
450,A1,4,5,0,18,0,0,0,0,0,0,0,0,0,0,1,2,0,0,0
450,B0,0,20,5,1,0,0,0,0,0,0,0,0,0,0,1,1,0,0,0
450,B1,3,3,2,1,0,0,0,0,0,0,0,0,0,1,0,2,0,0,0
450,B2,7,0,2,3,0,0,0,0,0,0,0,0,0,0,1,1,0,0,0
450,C1,14,2,18,0,0,0,0,0,0,0,0,0,0,0,1,2,1,13,10
465,A1,1,6,0,18,0,0,0,0,0,0,0,0,0,1,0,2,0,0,0
465,B0,0,18,5,2,0,0,0,0,0,0,0,0,0,1,0,1,0,0,0
465,B1,2,1,2,2,0,0,0,0,0,0,0,0,0,0,1,1,0,0,0
465,B2,8,0,2,5,0,0,0,0,0,0,0,0,0,0,1,1,0,0,0
465,C1,14,4,18,0,0,0,0,0,0,0,0,0,0,1,0,2,1,13,10
480,A1,1,4,0,20,0,0,0,0,0,0,0,0,0,1,0,2,0,0,0
480,B0,0,18,2,3,0,0,0,0,0,0,1,0,0,0,1,1,0,0,0
480,B1,3,2,1,1,0,1,0,0,0,0,0,0,0,1,0,2,1,5,0
480,B2,8,0,2,6,0,0,0,0,0,0,0,0,0,0,1,1,0,0,0
480,C1,13,2,19,0,0,0,0,0,0,0,0,0,0,0,1,2,1,13,10
495,A1,2,7,0,20,0,0,0,0,0,0,0,0,0,1,0,2,0,0,0
495,B0,0,17,3,1,0,0,0,0,0,0,0,0,0,1,0,2,0,0,0
495,B1,3,1,1,2,0,0,0,0,0,0,0,0,0,0,1,2,2,9,3
495,B2,10,0,1,4,0,0,0,0,0,0,0,0,0,0,1,1,0,0,0
495,C1,15,1,18,0,0,0,0,0,0,0,0,0,0,1,0,2,1,13,10
510,A1,1,5,0,20,0,0,0,0,0,0,0,0,0,1,0,2,0,0,0
510,B0,0,17,4,7,0,0,0,0,0,0,0,0,0,0,1,1,0,0,0
510,B1,3,2,3,1,0,0,0,0,0,0,0,0,0,1,0,2,2,9,3
510,B2,8,0,1,4,0,0,0,1,0,0,0,0,0,0,1,1,1,8,0
510,C1,16,1,20,0,0,0,0,0,0,0,0,0,0,1,0,2,1,13,10
525,A1,1,3,0,20,0,0,0,0,0,0,0,0,0,1,0,1,0,0,0
525,B0,0,18,5,2,0,0,0,0,0,0,0,0,0,0,1,1,0,0,0
525,B1,4,3,2,2,0,0,0,0,0,0,0,0,0,1,0,2,2,9,3
525,B2,7,0,3,6,0,0,0,0,0,0,0,0,0,1,0,1,1,10,2
525,C1,13,4,20,0,0,0,0,0,0,0,0,0,0,1,0,2,1,13,10
540,A1,2,4,0,16,0,0,0,0,0,0,0,0,0,0,1,2,0,0,0
540,B0,0,20,3,2,0,0,0,0,0,0,0,0,0,0,1,1,0,0,0
540,B1,4,2,3,4,0,0,0,0,0,0,0,0,0,0,1,1,2,9,3
540,B2,7,0,1,4,0,0,0,0,0,0,0,0,0,0,1,1,1,10,2
540,C1,12,1,18,0,0,0,0,0,0,0,0,0,0,0,1,1,1,13,10
555,A1,2,2,0,17,0,0,0,0,0,0,0,0,0,1,0,1,0,0,0
555,B0,0,17,2,2,0,0,0,0,0,0,0,0,0,1,0,2,0,0,0
555,B1,4,1,1,7,0,0,0,0,0,0,0,0,0,1,0,1,2,9,3
555,B2,8,0,3,4,0,0,0,0,0,0,0,0,0,0,1,1,1,10,2
555,C1,11,1,17,0,0,0,0,0,0,0,0,0,0,1,0,2,1,13,10
570,A1,2,4,0,16,0,0,0,0,0,0,0,0,0,0,1,2,0,0,0
570,B0,0,15,3,2,0,0,0,0,0,0,0,0,0,0,1,1,0,0,0
570,B1,4,1,1,5,0,0,0,0,0,0,0,0,0,0,1,1,2,9,3
570,B2,10,0,1,4,0,0,0,0,0,0,0,0,0,0,1,1,1,10,2
570,C1,11,2,18,0,0,0,0,0,0,0,0,0,0,0,1,2,1,13,10
585,A1,1,4,0,18,0,0,0,0,0,0,0,0,0,1,0,2,0,0,0
585,B0,0,17,4,1,0,0,0,0,0,0,0,0,0,1,0,1,0,0,0
585,B1,3,3,1,7,0,0,0,0,0,0,0,0,0,1,0,2,2,9,3
585,B2,9,0,1,4,0,0,0,0,0,0,0,0,0,1,0,1,1,10,2
585,C1,13,3,18,0,0,0,0,0,0,0,0,0,0,1,0,2,1,13,10
600,A1,1,4,0,20,0,0,0,0,0,0,0,0,0,1,0,2,0,0,0
600,B0,0,17,3,1,0,0,0,0,0,0,0,0,0,1,0,2,0,0,0
600,B1,1,2,4,4,0,0,0,0,0,0,0,0,0,0,1,1,2,9,3
600,B2,11,0,2,6,0,0,0,0,0,0,0,0,0,0,1,1,1,10,2
600,C1,13,1,20,0,0,0,0,0,0,0,0,0,0,1,0,2,1,13,10
615,A1,2,3,0,18,0,0,0,0,0,0,0,0,0,1,0,1,0,0,0
615,B0,0,18,6,2,0,0,0,0,0,0,0,0,0,0,1,1,0,0,0
615,B1,2,2,5,2,0,0,0,0,0,0,0,0,0,0,1,1,2,9,3
615,B2,12,0,3,5,0,0,0,0,0,0,0,0,0,0,1,1,1,10,2
615,C1,12,1,20,0,0,0,0,0,0,0,0,0,0,1,0,1,1,13,10
630,A1,5,2,0,18,0,0,0,0,0,0,0,0,0,1,0,2,0,0,0
630,B0,0,20,2,1,0,0,0,0,0,0,0,0,0,0,1,2,0,0,0
630,B1,3,3,2,1,0,0,0,0,0,0,0,0,0,0,1,2,2,9,3
630,B2,12,0,1,5,0,0,0,0,0,0,0,0,0,0,1,1,1,10,2
630,C1,13,1,17,0,0,0,0,0,0,0,0,0,0,1,0,2,1,13,10
645,A1,3,2,0,18,0,0,0,0,0,0,0,0,0,0,1,1,0,0,0
645,B0,0,18,3,2,0,0,0,0,0,0,0,0,0,0,1,1,0,0,0
645,B1,2,3,2,2,0,0,0,0,0,0,0,0,0,1,0,2,2,9,3
645,B2,14,0,1,4,0,0,0,0,0,0,0,0,0,1,0,1,1,10,2
645,C1,9,2,19,0,0,0,0,0,0,0,0,0,0,1,0,2,1,13,10
660,A1,3,1,0,18,0,0,0,0,0,0,0,0,0,1,0,1,0,0,0
660,B0,0,17,3,3,0,0,0,0,0,0,0,0,0,1,0,1,0,0,0
660,B1,2,3,1,1,0,0,0,0,0,0,0,0,0,0,1,2,2,9,3
660,B2,12,0,1,5,0,0,0,0,0,0,0,0,0,0,1,1,1,10,2
660,C1,10,1,17,0,0,0,0,0,0,0,0,0,0,0,1,1,1,13,10
675,A1,3,3,0,18,0,0,0,0,0,0,0,0,0,1,0,2,0,0,0
675,B0,0,16,3,4,0,0,0,0,0,0,0,0,0,1,0,1,0,0,0
675,B1,3,1,1,3,0,0,0,0,0,0,0,0,0,1,0,1,2,9,3
675,B2,13,0,2,3,0,0,0,0,0,0,0,0,0,1,0,2,1,10,2
675,C1,12,2,17,0,0,0,0,0,0,0,0,0,0,1,0,2,1,13,10
690,A1,2,2,0,15,0,0,0,0,0,0,0,0,0,0,1,1,0,0,0
690,B0,0,18,3,1,0,0,0,0,0,0,0,0,0,0,1,2,0,0,0
690,B1,2,1,1,2,0,0,0,0,0,0,0,0,0,0,1,1,2,9,3
690,B2,15,0,3,7,0,0,0,0,0,0,0,0,0,0,1,1,1,10,2
690,C1,12,1,20,0,0,0,0,0,0,0,0,0,0,1,0,1,1,13,10
705,A1,4,3,0,13,0,0,0,0,0,0,0,0,0,1,0,2,0,0,0
705,B0,0,16,4,1,0,0,0,0,0,0,0,0,0,1,0,1,0,0,0
705,B1,2,2,2,1,0,0,0,0,0,0,0,0,0,1,0,2,2,9,3
705,B2,15,0,1,8,0,0,0,0,0,0,0,0,0,0,1,1,1,10,2
705,C1,13,1,18,0,0,0,0,0,0,0,0,0,0,1,0,2,1,13,10
720,A1,3,3,0,17,0,0,0,0,0,0,0,0,0,0,1,2,0,0,0
720,B0,0,16,1,4,0,0,0,0,0,0,0,0,0,0,1,2,0,0,0
720,B1,1,2,2,1,0,0,0,0,0,0,0,0,0,0,1,1,2,9,3
720,B2,18,0,1,5,0,0,0,0,0,0,0,0,0,0,1,1,1,10,2
720,C1,11,2,19,0,0,0,0,0,0,0,0,0,0,1,0,2,1,13,10
735,A1,4,3,0,17,0,0,0,0,0,0,0,0,0,0,1,2,0,0,0
735,B0,0,18,2,3,0,0,0,0,0,0,0,0,0,0,1,1,0,0,0
735,B1,2,4,1,1,0,0,0,0,0,0,0,0,0,1,0,2,2,9,3
735,B2,18,0,2,4,0,0,0,0,0,0,0,0,0,0,1,1,1,10,2
735,C1,9,2,20,0,0,0,0,0,0,0,0,0,0,1,0,2,1,13,10
750,A1,5,4,0,18,0,0,0,0,0,0,0,0,0,1,0,2,0,0,0
750,B0,0,17,5,2,0,0,0,0,0,0,0,0,0,1,0,1,0,0,0
750,B1,1,4,2,2,0,0,0,0,0,0,0,0,0,1,0,2,2,9,3
750,B2,18,0,2,4,0,0,0,0,0,0,0,0,0,0,1,1,1,10,2
750,C1,10,3,18,0,0,0,0,0,0,0,0,0,0,1,0,2,1,13,10
765,A1,4,1,0,19,0,0,0,0,0,0,0,0,0,0,1,1,0,0,0
765,B0,0,18,6,2,0,0,0,0,0,0,0,0,0,0,1,1,0,0,0
765,B1,1,6,1,1,0,0,0,0,0,0,0,0,0,1,0,2,3,10,4
765,B2,19,0,1,6,0,0,0,0,0,0,0,0,0,0,1,1,1,10,2
765,C1,11,1,19,0,0,0,0,0,0,0,0,0,0,1,0,1,1,13,10
780,A1,5,2,0,13,0,0,0,0,0,0,0,0,0,0,1,2,0,0,0
780,B0,0,18,4,1,0,0,0,0,0,0,0,0,0,1,0,1,0,0,0
780,B1,1,5,2,2,0,0,0,0,0,0,0,0,0,0,1,2,3,10,4
780,B2,19,0,2,8,0,0,0,0,0,0,0,0,0,0,1,1,1,10,2
780,C1,13,2,18,0,0,0,0,0,0,0,0,0,0,1,0,2,1,13,10
795,A1,5,2,0,17,0,0,0,0,0,0,0,0,0,1,0,2,0,0,0
795,B0,0,18,4,2,0,0,0,0,0,0,0,0,0,0,1,1,1,2,1
795,B1,1,4,2,1,0,0,0,0,0,0,0,0,0,1,0,2,3,10,4
795,B2,20,0,2,7,0,0,0,0,0,0,0,0,0,0,1,1,1,10,2
795,C1,13,1,19,0,0,0,0,0,0,0,0,0,0,1,0,2,1,13,10
810,A1,3,1,0,17,0,0,0,0,0,0,0,0,0,0,1,1,0,0,0
810,B0,0,20,3,3,0,0,0,0,0,0,0,0,0,0,1,1,1,2,1
810,B1,3,2,3,1,0,0,0,0,0,0,0,0,0,1,0,2,3,10,4
810,B2,20,0,2,6,0,0,0,0,0,0,0,0,0,0,1,1,1,10,2
810,C1,13,1,18,0,0,0,0,0,0,0,0,0,0,0,1,2,1,13,10
825,A1,5,2,0,13,0,0,0,0,0,0,0,0,0,0,1,2,0,0,0
825,B0,0,18,1,2,0,0,0,0,0,0,0,0,0,1,0,2,1,2,1
825,B1,1,2,4,1,0,0,0,0,0,0,0,0,0,1,0,1,4,17,7
825,B2,20,0,2,7,0,0,0,0,0,0,0,0,0,0,1,1,1,10,2
825,C1,14,3,18,0,0,0,0,0,0,0,0,0,0,1,0,2,1,13,10
840,A1,4,1,0,16,0,0,0,0,0,0,0,0,0,0,1,1,0,0,0
840,B0,0,17,5,2,0,0,0,0,0,0,0,0,0,0,1,1,1,2,1
840,B1,3,1,1,1,0,0,0,0,0,0,0,0,0,1,0,2,4,17,7
840,B2,20,0,2,7,0,0,0,0,0,0,0,0,0,0,1,1,1,10,2
840,C1,15,2,20,0,0,0,0,0,0,0,0,0,0,1,0,2,1,13,10
855,A1,5,3,0,14,0,0,0,0,0,0,0,0,0,1,0,2,0,0,0
855,B0,0,17,3,1,0,0,0,0,0,0,0,0,0,1,0,2,1,2,1
855,B1,1,2,1,1,0,0,0,0,0,0,0,0,0,0,1,2,4,17,7
855,B2,20,0,1,5,0,0,0,0,0,0,0,0,0,0,1,1,1,10,2
855,C1,12,2,20,0,0,0,0,0,0,0,0,0,0,1,0,2,1,13,10
870,A1,5,2,0,16,0,0,0,0,0,0,0,0,0,0,1,2,0,0,0
870,B0,0,16,5,3,0,0,0,0,0,0,0,0,0,0,1,1,1,2,1
870,B1,1,3,1,1,0,0,0,0,0,0,0,0,0,0,1,2,4,17,7
870,B2,20,0,2,6,0,0,0,0,0,0,0,0,0,0,1,1,1,10,2
870,C1,12,2,20,0,0,0,0,0,0,0,0,0,0,1,0,2,1,13,10
885,A1,4,1,0,17,0,0,0,0,0,0,0,0,0,0,1,1,0,0,0
885,B0,0,20,3,3,0,0,0,0,0,0,0,0,0,0,1,1,1,2,1
885,B1,1,1,1,4,0,0,0,0,0,0,0,0,0,1,0,1,4,17,7
885,B2,20,0,4,6,0,0,0,0,0,0,0,0,0,0,1,1,1,10,2
885,C1,10,1,19,0,0,0,0,0,0,0,0,0,0,0,1,1,1,13,10
900,A1,6,2,0,15,0,0,0,0,0,0,0,0,0,1,0,2,0,0,0
900,B0,0,17,4,1,0,0,0,0,0,0,0,0,0,1,0,1,1,2,1
900,B1,3,1,2,2,0,0,0,0,0,0,0,0,0,0,1,1,4,17,7
900,B2,20,0,3,7,0,0,0,0,0,0,0,0,0,0,1,1,1,10,2
900,C1,12,4,15,0,0,0,0,0,0,0,0,0,0,1,0,2,1,13,10
915,A1,3,3,0,19,0,0,0,0,0,0,0,0,0,1,0,2,0,0,0
915,B0,0,18,6,1,0,0,0,0,0,0,0,0,0,0,1,1,1,2,1
915,B1,2,2,1,1,0,0,0,0,0,0,0,0,0,1,0,2,4,17,7
915,B2,20,0,3,7,0,0,0,0,0,0,0,0,0,0,1,1,1,10,2
915,C1,13,4,18,0,0,0,0,0,0,0,0,0,0,1,0,2,1,13,10
930,A1,5,2,0,17,0,0,0,0,0,0,0,0,0,0,1,2,0,0,0
930,B0,0,20,4,1,0,0,0,0,0,0,0,0,0,1,0,1,1,2,1
930,B1,1,1,1,1,0,0,0,0,0,0,0,0,0,0,1,1,4,17,7
930,B2,20,0,1,3,0,0,0,0,0,0,0,0,0,0,1,2,1,10,2
930,C1,10,2,20,0,0,0,0,0,0,0,0,0,0,1,0,2,1,13,10
945,A1,3,1,0,17,0,0,0,0,0,0,0,0,0,1,0,1,0,0,0
945,B0,0,18,6,2,0,0,0,0,0,0,0,0,0,0,1,1,2,4,2
945,B1,2,2,1,3,0,0,0,0,0,0,0,0,0,1,0,1,4,17,7
945,B2,18,0,2,4,0,0,0,0,0,0,0,0,0,0,1,1,1,10,2
945,C1,11,3,18,0,0,0,0,0,0,0,0,0,0,1,0,2,1,13,10
960,A1,5,1,0,15,0,0,0,0,0,0,0,0,0,0,1,1,0,0,0
960,B0,0,19,2,1,0,0,0,0,0,0,0,0,0,1,0,2,2,4,2
960,B1,2,3,2,2,0,0,0,0,0,0,0,0,0,0,1,2,4,17,7
960,B2,20,0,2,4,0,0,0,0,0,0,0,0,0,0,1,1,1,10,2
960,C1,13,2,18,0,0,0,0,0,0,0,0,0,0,0,1,2,1,13,10
975,A1,6,2,0,11,0,0,0,0,0,0,0,0,0,0,1,2,0,0,0
975,B0,0,17,5,5,0,0,0,0,0,0,0,0,0,0,1,1,2,4,2
975,B1,2,2,1,2,0,0,0,0,0,0,0,0,0,0,1,2,4,17,7
975,B2,18,0,8,4,0,0,0,0,0,0,0,0,0,1,0,1,1,10,2
975,C1,11,3,18,0,0,0,0,0,0,0,0,0,0,1,0,2,1,13,10
990,A1,4,1,0,14,0,0,0,0,0,0,0,0,0,0,1,1,0,0,0
990,B0,0,19,2,1,0,0,0,0,0,0,0,0,0,1,0,2,2,4,2
990,B1,1,2,1,3,0,0,0,0,0,0,0,0,0,1,0,1,4,17,7
990,B2,18,0,5,4,0,0,0,0,0,0,0,0,0,0,1,1,1,10,2
990,C1,11,3,20,0,0,0,0,0,0,0,0,0,0,1,0,2,1,13,10
1005,A1,3,1,0,14,0,0,0,0,0,0,0,0,0,1,0,1,0,0,0
1005,B0,0,16,2,3,0,0,0,0,0,0,0,0,0,0,1,1,2,4,2
1005,B1,4,2,1,3,0,0,0,0,0,0,0,0,0,0,1,2,4,17,7
1005,B2,20,0,1,5,0,0,0,0,0,0,0,0,0,0,1,1,1,10,2
1005,C1,13,1,18,0,0,0,0,0,0,0,0,0,0,1,0,2,1,13,10
1020,A1,3,3,0,13,0,0,0,0,0,0,0,0,0,1,0,2,0,0,0
1020,B0,0,17,2,3,0,0,0,0,0,0,0,0,0,1,0,1,2,4,2
1020,B1,2,1,1,2,0,0,0,0,0,0,0,0,0,0,1,1,4,17,7
1020,B2,20,0,3,4,0,0,0,0,0,0,0,0,0,0,1,1,1,10,2
1020,C1,12,1,19,0,0,0,0,0,0,0,0,0,0,1,0,1,1,13,10
1035,A1,3,4,0,13,0,0,0,0,0,0,0,0,0,1,0,2,0,0,0
1035,B0,0,16,3,1,0,0,0,0,0,0,0,0,0,1,0,2,2,4,2
1035,B1,3,4,1,3,0,0,0,0,0,0,0,0,0,1,0,2,4,17,7
1035,B2,20,0,4,4,0,0,0,0,0,0,0,0,0,0,1,1,1,10,2
1035,C1,13,2,18,0,0,0,0,0,0,0,0,0,0,1,0,2,1,13,10
1050,A1,2,3,0,13,0,0,0,0,0,0,0,0,0,0,1,1,0,0,0
1050,B0,0,18,2,2,0,0,0,0,0,0,0,0,0,0,1,2,2,4,2
1050,B1,2,3,1,5,0,0,0,0,0,0,0,0,0,0,1,1,4,17,7
1050,B2,18,0,6,3,0,0,0,0,0,0,0,0,0,1,0,1,1,10,2
1050,C1,14,2,20,0,0,0,0,0,0,0,0,0,0,1,0,2,1,13,10
1065,A1,2,3,0,11,0,0,0,0,0,0,0,0,0,1,0,2,0,0,0
1065,B0,0,18,3,2,0,0,0,0,0,0,0,0,0,0,1,1,2,4,2
1065,B1,2,3,1,3,0,0,0,0,0,0,0,0,0,1,0,2,4,17,7
1065,B2,18,0,3,6,0,0,0,0,0,0,0,0,0,0,1,1,1,10,2
1065,C1,14,5,20,0,0,0,0,0,0,0,0,0,0,1,0,2,1,13,10
1080,A1,5,4,0,12,0,0,0,0,0,0,0,0,0,1,0,2,0,0,0
1080,B0,0,18,3,1,0,0,0,0,0,0,0,0,0,1,0,2,2,4,2
1080,B1,1,2,1,2,0,0,0,0,0,0,0,0,0,0,1,1,4,17,7
1080,B2,20,0,1,5,0,0,0,0,0,0,0,0,0,0,1,1,1,10,2
1080,C1,13,2,20,0,0,0,0,0,0,0,0,0,0,1,0,2,1,13,10
1095,A1,1,4,0,15,0,0,0,0,0,0,0,0,0,1,0,2,0,0,0
1095,B0,0,17,2,2,0,0,0,0,0,0,0,0,0,0,1,2,2,4,2
1095,B1,2,3,2,2,0,0,0,0,0,0,0,0,0,0,1,2,4,17,7
1095,B2,20,0,5,6,0,0,0,0,0,0,0,0,0,0,1,1,1,10,2
1095,C1,11,1,20,0,0,0,0,0,0,0,0,0,0,1,0,1,1,13,10
1110,A1,6,2,0,16,0,0,0,0,0,0,0,0,0,0,1,2,0,0,0
1110,B0,0,18,2,1,0,0,0,0,0,0,0,0,0,0,1,2,2,4,2
1110,B1,1,1,2,6,0,0,0,0,0,0,0,0,0,1,0,1,5,18,8
1110,B2,20,0,2,7,0,0,0,0,0,0,0,0,0,0,1,1,1,10,2
1110,C1,12,1,17,0,0,0,0,0,0,0,0,0,0,1,0,2,1,13,10
1125,A1,5,2,0,16,0,0,0,0,0,0,0,0,0,0,1,2,0,0,0
1125,B0,0,18,2,5,0,0,0,0,0,0,0,0,0,0,1,1,2,4,2
1125,B1,1,3,2,3,0,0,0,0,0,0,0,0,0,0,1,1,5,18,8
1125,B2,20,0,1,7,0,0,0,0,0,0,0,0,0,0,1,1,1,10,2
1125,C1,11,2,19,0,0,0,0,0,0,0,0,0,0,1,0,2,1,13,10
1140,A1,4,1,0,16,0,0,0,0,0,0,0,0,0,1,0,1,0,0,0
1140,B0,0,18,2,2,0,0,0,0,0,0,0,0,0,1,0,2,2,4,2
1140,B1,3,1,1,3,0,0,0,0,0,0,0,0,0,1,0,1,5,18,8
1140,B2,20,0,1,5,0,0,0,0,0,0,0,0,0,0,1,1,1,10,2
1140,C1,12,3,18,0,0,0,0,0,0,0,0,0,0,0,1,2,1,13,10
1155,A1,4,3,0,14,0,0,0,0,0,0,0,0,0,1,0,2,0,0,0
1155,B0,0,17,2,1,0,0,0,0,0,0,0,0,0,0,1,2,2,4,2
1155,B1,4,1,1,3,0,0,0,0,0,0,0,0,0,1,0,2,5,18,8
1155,B2,18,0,1,4,0,0,0,0,0,0,0,0,0,1,0,1,1,10,2
1155,C1,13,1,18,0,0,0,0,0,0,0,0,0,0,1,0,2,1,13,10
1170,A1,4,3,0,13,0,0,0,0,0,0,0,0,0,0,1,2,0,0,0
1170,B0,0,18,3,2,0,0,0,0,0,0,0,0,0,0,1,1,2,4,2
1170,B1,3,1,2,2,0,0,0,0,0,0,0,0,0,0,1,1,5,18,8
1170,B2,18,0,1,3,0,0,0,0,0,0,0,0,0,0,1,2,1,10,2
1170,C1,12,3,17,0,0,0,0,0,0,0,0,0,0,0,1,2,1,13,10
1185,A1,3,2,0,14,0,0,0,0,0,0,0,0,0,0,1,1,0,0,0
1185,B0,0,17,1,2,0,0,0,0,0,0,0,0,0,1,0,2,2,4,2
1185,B1,4,1,2,3,0,0,0,0,0,0,0,0,0,1,0,1,5,18,8
1185,B2,18,0,2,6,0,0,0,0,0,0,0,0,0,0,1,1,1,10,2
1185,C1,12,1,17,0,0,0,0,0,0,0,0,0,0,1,0,2,1,13,10
1200,A1,2,3,0,11,0,0,0,0,0,0,0,0,0,1,0,2,0,0,0
1200,B0,0,15,6,3,0,0,0,0,0,0,0,0,0,0,1,1,2,4,2
1200,B1,4,3,1,2,0,0,0,0,0,0,0,0,0,1,0,2,6,22,9
1200,B2,19,0,3,5,0,0,0,0,0,0,0,0,0,0,1,1,1,10,2
1200,C1,12,1,18,0,0,0,0,0,0,0,0,0,0,0,1,1,1,13,10
1215,A1,3,4,0,12,0,0,0,0,0,0,0,0,0,0,1,2,0,0,0
1215,B0,0,19,7,2,0,0,0,0,0,0,0,0,0,0,1,1,2,4,2
1215,B1,3,3,1,4,0,0,1,0,0,0,0,0,0,0,1,2,7,34,9
1215,B2,20,0,2,3,0,0,0,0,0,1,0,0,0,0,1,2,1,10,2
1215,C1,9,1,17,0,0,0,0,0,0,0,0,0,0,1,0,1,1,13,10
1230,A1,4,4,0,13,0,0,0,0,0,0,0,0,0,1,0,2,0,0,0
1230,B0,0,20,4,4,0,0,0,0,0,0,0,0,0,0,1,1,2,4,2
1230,B1,3,4,1,4,0,0,0,0,0,0,0,0,0,1,0,2,8,46,12
1230,B2,16,0,3,4,0,0,0,0,0,0,0,0,0,1,0,1,1,10,2
1230,C1,11,3,18,0,0,0,0,0,0,0,0,0,0,1,0,2,1,13,10
1245,A1,2,4,0,15,0,0,0,0,0,0,0,0,0,1,0,2,0,0,0
1245,B0,0,20,5,2,0,0,0,0,0,0,0,0,0,0,1,1,2,4,2
1245,B1,4,3,3,3,0,0,0,0,0,0,0,0,0,0,1,2,8,46,12
1245,B2,18,0,1,4,0,0,0,0,0,0,0,0,0,0,1,1,1,10,2
1245,C1,11,4,17,0,0,0,0,0,0,0,0,0,0,0,1,2,1,13,10
1260,A1,1,5,0,17,0,0,0,0,0,0,0,0,0,1,0,2,0,0,0
1260,B0,0,20,4,2,0,0,0,0,0,0,0,0,0,0,1,1,2,4,2
1260,B1,5,2,4,4,0,0,0,0,0,0,0,0,0,0,1,1,8,46,12
1260,B2,18,0,2,2,0,0,0,0,0,0,0,0,0,1,0,2,1,10,2
1260,C1,9,1,18,0,0,0,0,0,0,0,0,0,0,1,0,1,1,13,10
1275,A1,2,6,0,18,0,0,0,0,0,0,0,0,0,1,0,2,0,0,0
1275,B0,0,20,5,1,0,0,0,0,0,0,0,0,0,0,1,1,2,4,2
1275,B1,4,4,2,4,0,0,0,0,0,0,0,0,0,1,0,2,8,46,12
1275,B2,16,0,3,3,0,0,0,0,0,0,0,0,0,0,1,2,1,10,2
1275,C1,10,2,15,0,0,0,0,0,0,0,0,0,0,0,1,2,1,13,10
1290,A1,3,4,0,18,0,0,0,0,0,0,0,0,0,1,0,2,0,0,0
1290,B0,0,20,4,3,0,0,0,0,0,0,0,0,0,0,1,1,2,4,2
1290,B1,4,3,5,1,0,0,0,0,0,0,0,0,0,0,1,2,8,46,12
1290,B2,16,0,4,4,0,0,0,0,0,0,0,0,0,1,0,1,1,10,2
1290,C1,10,2,17,0,0,0,0,0,0,0,0,0,0,1,0,2,1,13,10
1305,A1,2,6,0,18,0,0,0,0,0,0,0,0,0,0,1,2,0,0,0
1305,B0,0,19,1,2,0,0,0,0,0,0,0,0,0,1,0,2,2,4,2
1305,B1,4,1,5,2,0,0,0,0,0,0,0,0,0,1,0,1,8,46,12
1305,B2,16,0,4,3,0,0,0,0,0,0,0,0,0,1,0,1,1,10,2
1305,C1,9,3,18,0,0,0,0,0,0,0,0,0,0,0,1,2,1,13,10
1320,A1,3,6,0,18,0,0,0,0,0,0,0,0,0,1,0,2,0,0,0
1320,B0,0,14,2,5,0,0,0,0,0,0,0,0,0,1,0,1,2,4,2
1320,B1,5,1,3,2,0,0,0,0,0,0,0,0,0,0,1,2,8,46,12
1320,B2,18,0,2,5,0,0,0,0,0,0,0,0,0,0,1,1,1,10,2
1320,C1,9,1,17,0,0,0,0,0,0,0,0,0,0,0,1,1,1,13,10
1335,A1,2,3,0,20,0,0,0,0,0,0,0,0,0,1,0,1,0,0,0
1335,B0,0,17,3,1,0,0,0,0,0,0,0,0,0,0,1,2,2,4,2
1335,B1,2,2,3,1,0,0,0,0,0,0,0,0,0,0,1,1,8,46,12
1335,B2,19,0,1,3,0,0,0,0,0,0,0,0,0,1,0,2,1,10,2
1335,C1,11,2,17,0,0,0,0,0,0,0,0,0,0,1,0,2,1,13,10
1350,A1,2,4,0,18,0,1,0,0,0,0,0,0,0,1,0,2,1,6,0
1350,B0,0,18,3,3,0,0,0,0,0,0,0,0,0,0,1,1,2,4,2
1350,B1,3,3,2,1,0,0,0,0,0,0,0,0,0,0,1,2,8,46,12
1350,B2,18,0,2,6,0,0,0,0,0,0,0,0,0,0,1,1,1,10,2
1350,C1,10,1,19,0,0,0,0,0,0,0,0,0,0,0,1,1,1,13,10
1365,A1,1,4,0,19,0,0,0,0,0,0,0,0,0,0,1,2,1,8,2
1365,B0,0,19,7,2,0,0,0,0,0,0,0,0,0,0,1,1,2,4,2
1365,B1,4,1,2,2,0,0,0,0,0,0,0,0,0,1,0,2,8,46,12
1365,B2,20,0,3,3,0,0,0,0,0,0,0,0,0,1,0,2,1,10,2
1365,C1,9,2,17,0,0,0,0,0,0,0,0,0,0,1,0,2,1,13,10
1380,A1,3,6,0,18,0,0,0,0,0,0,0,0,0,1,0,2,1,8,2
1380,B0,0,20,8,1,0,0,0,0,0,0,0,0,0,0,1,1,2,4,2
1380,B1,4,1,2,1,0,0,0,0,0,0,0,0,0,1,0,2,8,46,12
1380,B2,13,0,3,3,0,0,0,0,0,0,0,0,0,1,0,2,1,10,2
1380,C1,9,3,18,0,0,0,0,0,0,0,0,0,0,1,0,2,1,13,10
1395,A1,4,5,0,20,0,0,0,0,0,0,0,0,0,1,0,2,1,8,2
1395,B0,0,20,6,2,0,0,0,0,0,0,0,0,0,0,1,1,2,4,2
1395,B1,4,1,1,1,0,0,0,0,0,0,0,0,0,0,1,2,8,46,12
1395,B2,15,0,2,5,0,0,0,0,0,0,0,0,0,0,1,1,1,10,2
1395,C1,10,2,19,0,0,0,0,0,0,0,0,0,0,1,0,2,1,13,10
1410,A1,2,4,0,19,0,0,0,0,0,0,0,0,0,0,1,2,1,8,2
1410,B0,0,20,7,3,0,0,0,0,0,0,0,0,0,0,1,1,2,4,2
1410,B1,3,1,1,2,0,0,0,0,0,0,0,0,0,0,1,2,9,47,13
1410,B2,20,0,2,4,0,0,0,0,0,0,0,0,0,0,1,1,1,10,2
1410,C1,10,2,18,0,0,0,0,0,0,0,0,0,0,0,1,2,1,13,10
1425,A1,1,5,0,18,0,0,0,0,0,0,0,0,0,1,0,2,1,8,2
1425,B0,0,20,3,2,0,0,0,0,0,0,0,0,0,0,1,1,2,4,2
1425,B1,2,2,3,3,0,0,1,0,0,0,0,0,0,0,1,2,10,49,13
1425,B2,18,0,4,5,0,0,0,2,0,1,0,0,0,0,1,1,2,18,2
1425,C1,10,3,18,0,0,0,0,0,0,0,0,0,0,0,1,2,1,13,10
1440,A1,2,6,0,20,0,0,0,0,0,0,0,0,0,1,0,2,1,8,2
1440,B0,0,18,3,2,0,0,0,0,0,0,0,0,0,0,1,1,2,4,2
1440,B1,6,1,3,3,0,0,0,0,0,0,0,0,0,1,0,1,10,50,14
1440,B2,19,0,1,4,0,0,0,0,0,0,0,0,0,0,1,1,2,24,5
1440,C1,11,5,18,0,0,0,0,0,0,0,0,0,0,1,0,2,1,13,10
1455,A1,2,6,0,20,0,0,0,0,0,0,0,0,0,1,0,2,1,8,2
1455,B0,0,20,5,2,0,0,0,0,0,0,0,0,0,0,1,1,2,4,2
1455,B1,5,2,2,2,0,0,0,0,0,0,0,0,0,1,0,2,10,50,14
1455,B2,20,0,2,3,0,0,0,0,0,0,0,0,0,0,1,2,2,24,5
1455,C1,12,3,20,0,0,0,0,0,0,0,0,0,0,1,0,2,1,13,10
1470,A1,1,7,0,20,0,0,0,0,0,0,0,0,0,1,0,2,1,8,2
1470,B0,0,18,3,2,0,0,0,0,0,0,0,0,0,1,0,1,2,4,2
1470,B1,3,1,1,4,0,0,0,0,0,0,0,0,0,0,1,1,10,50,14
1470,B2,18,0,1,3,0,0,0,0,0,0,0,0,0,0,1,2,2,24,5
1470,C1,12,1,19,0,0,0,0,0,0,0,0,0,0,0,1,1,1,13,10
1485,A1,2,4,0,20,0,0,0,0,0,0,0,0,0,1,0,2,1,8,2
1485,B0,0,18,4,1,0,0,0,0,0,0,0,0,0,1,0,1,2,4,2
1485,B1,4,3,1,3,0,0,0,0,0,0,0,0,0,1,0,2,10,50,14
1485,B2,16,0,3,3,0,0,0,0,0,0,0,0,0,1,0,2,2,24,5
1485,C1,13,1,17,0,0,0,0,0,0,0,0,0,0,1,0,2,1,13,10
1500,A1,2,3,0,17,0,0,0,0,0,0,0,0,0,0,1,1,1,8,2
1500,B0,0,18,3,2,0,0,0,0,0,0,0,0,0,0,1,1,2,4,2
1500,B1,1,1,1,3,0,0,0,0,0,0,0,0,0,0,1,1,10,50,14
1500,B2,16,0,2,5,0,0,0,0,0,0,0,0,0,0,1,1,2,24,5
1500,C1,10,2,19,0,0,0,0,0,0,0,0,0,0,0,1,2,1,13,10
1515,A1,1,4,0,13,0,0,0,0,0,0,0,0,0,1,0,2,1,8,2
1515,B0,0,18,4,3,0,0,0,0,0,0,0,0,0,0,1,1,2,4,2
1515,B1,1,1,1,1,0,0,0,0,0,0,0,0,0,0,1,1,10,50,14
1515,B2,20,0,2,4,0,0,0,0,0,0,0,0,0,0,1,1,2,24,5
1515,C1,9,1,18,0,0,0,0,0,0,0,0,0,0,0,1,1,1,13,10
1530,A1,2,3,0,19,0,0,0,0,0,0,0,0,0,0,1,1,1,8,2
1530,B0,0,19,3,2,0,0,0,0,0,0,0,0,0,0,1,1,2,4,2
1530,B1,2,2,1,1,0,0,0,0,0,0,0,0,0,1,0,2,10,50,14
1530,B2,20,0,2,3,0,0,0,0,0,0,0,0,0,0,1,2,2,24,5
1530,C1,14,1,18,0,0,0,0,0,0,0,0,0,0,1,0,2,1,13,10
1545,A1,1,5,0,18,0,0,0,0,0,0,0,0,0,1,0,2,1,8,2
1545,B0,0,18,4,3,0,0,0,0,0,0,0,0,0,1,0,1,2,4,2
1545,B1,2,1,1,1,0,0,0,0,0,0,0,0,0,0,1,2,10,50,14
1545,B2,16,0,1,3,0,0,0,0,0,0,0,0,0,1,0,2,2,24,5
1545,C1,11,1,20,0,0,0,0,0,0,0,0,0,0,0,1,1,1,13,10
1560,A1,2,3,0,20,0,0,0,0,0,0,0,0,0,1,0,1,1,8,2
1560,B0,0,18,5,2,0,0,0,0,0,0,0,0,0,0,1,1,2,4,2
1560,B1,4,1,2,1,0,0,0,0,0,0,0,0,0,1,0,2,10,50,14
1560,B2,11,0,2,3,0,0,0,0,0,0,0,0,0,1,0,2,2,24,5
1560,C1,11,2,18,0,0,0,0,0,0,0,0,0,0,1,0,2,1,13,10
1575,A1,3,3,0,18,0,0,0,0,0,0,0,0,0,1,0,2,1,8,2
1575,B0,0,20,6,2,0,0,0,0,0,0,0,0,0,0,1,1,2,4,2
1575,B1,3,1,1,1,0,0,0,0,0,0,0,0,0,0,1,2,10,50,14
1575,B2,16,0,1,7,0,0,0,0,0,0,0,0,0,0,1,1,2,24,5
1575,C1,12,2,18,0,0,0,0,0,0,0,0,0,0,0,1,2,1,13,10
1590,A1,2,2,0,16,0,0,0,0,0,0,0,0,0,0,1,1,1,8,2
1590,B0,0,20,3,2,0,0,0,0,0,0,0,0,0,0,1,1,2,4,2
1590,B1,1,1,2,2,0,0,0,0,0,0,0,0,0,0,1,1,10,50,14
1590,B2,20,0,1,6,0,0,0,0,0,0,0,0,0,0,1,1,2,24,5
1590,C1,12,2,18,0,0,0,0,0,0,0,0,0,0,1,0,2,1,13,10
1605,A1,1,3,0,15,0,0,0,0,0,0,0,0,0,1,0,1,1,8,2
1605,B0,0,18,4,2,0,0,0,0,0,0,0,0,0,1,0,1,2,4,2
1605,B1,5,2,2,1,0,0,0,0,0,0,0,0,0,1,0,2,10,50,14
1605,B2,20,0,2,7,0,0,0,0,0,0,0,0,0,0,1,1,2,24,5
1605,C1,9,3,19,0,0,0,0,0,0,0,0,0,0,0,1,2,1,13,10
1620,A1,3,4,0,17,0,0,0,0,0,0,0,0,1,0,1,2,1,8,2
1620,B0,0,18,5,1,0,0,0,0,0,0,0,0,0,0,1,1,2,4,2
1620,B1,2,1,2,2,0,0,0,2,0,0,0,0,0,0,1,1,11,53,14
1620,B2,20,0,3,4,0,0,0,0,0,0,0,0,0,0,1,1,2,24,5
1620,C1,9,2,18,0,0,0,0,0,0,0,0,0,0,1,0,2,1,13,10
1635,A1,2,5,0,18,0,0,0,0,0,0,0,0,0,1,0,2,1,8,2
1635,B0,0,20,6,3,0,0,0,0,0,0,0,0,0,0,1,1,2,4,2
1635,B1,1,4,1,2,0,0,0,0,0,0,0,0,0,1,0,2,11,59,16
1635,B2,18,0,3,3,0,0,0,0,0,0,0,0,0,1,0,2,2,24,5
1635,C1,9,5,18,0,0,0,0,0,0,0,0,0,0,1,0,2,1,13,10
1650,A1,3,4,0,18,0,0,0,0,0,0,0,0,0,0,1,2,1,8,2
1650,B0,0,20,6,2,0,0,0,0,0,0,0,0,0,0,1,1,2,4,2
1650,B1,1,2,1,2,0,0,0,0,0,0,0,0,0,0,1,1,11,59,16
1650,B2,16,0,2,7,0,0,0,0,0,0,0,0,0,0,1,1,2,24,5
1650,C1,10,1,19,0,0,0,0,0,0,0,0,0,0,1,0,1,1,13,10
1665,A1,4,4,0,18,0,0,0,0,0,0,0,0,0,1,0,2,1,8,2
1665,B0,0,19,3,1,0,0,0,0,0,0,0,0,0,1,0,2,2,4,2
1665,B1,1,2,3,1,0,0,0,0,0,0,0,0,0,0,1,1,11,59,16
1665,B2,20,0,1,7,0,0,0,0,0,0,0,0,0,0,1,1,2,24,5
1665,C1,11,2,17,0,0,0,0,0,0,0,0,0,0,1,0,2,1,13,10
1680,A1,3,4,0,17,0,0,0,0,0,0,0,0,0,0,1,2,1,8,2
1680,B0,0,16,5,1,0,0,0,0,0,0,0,0,0,0,1,1,2,4,2
1680,B1,3,5,1,2,0,0,0,0,0,0,0,0,0,1,0,2,11,59,16
1680,B2,20,0,1,7,0,0,0,0,0,0,0,0,0,0,1,1,2,24,5
1680,C1,8,3,18,0,0,0,0,0,0,0,0,0,0,1,0,2,1,13,10
1695,A1,2,4,0,16,0,0,0,0,0,0,0,0,0,0,1,2,1,8,2
1695,B0,0,19,5,2,0,0,0,0,0,0,0,0,0,0,1,1,2,4,2
1695,B1,1,5,1,5,0,0,0,0,0,0,0,0,0,1,0,2,11,59,16
1695,B2,20,0,3,8,0,0,0,0,0,0,0,0,0,0,1,1,2,24,5
1695,C1,7,2,17,0,0,0,0,0,0,0,0,0,0,0,1,2,1,13,10
1710,A1,1,6,0,18,0,0,0,0,0,0,0,0,0,1,0,2,1,8,2
1710,B0,0,20,5,2,0,0,0,0,0,0,0,0,0,0,1,1,2,4,2
1710,B1,1,3,1,5,0,0,0,0,0,0,0,0,0,0,1,1,11,59,16
1710,B2,20,0,2,8,0,0,0,0,0,0,0,0,0,0,1,1,2,24,5
1710,C1,6,2,17,0,0,0,0,0,0,0,0,0,0,0,1,1,1,13,10
1725,A1,3,3,0,19,0,0,0,0,0,0,0,0,0,0,1,2,1,8,2
1725,B0,0,20,5,3,0,0,0,0,0,0,0,0,0,0,1,1,2,4,2
1725,B1,1,4,1,4,0,0,0,0,0,0,0,0,0,1,0,2,11,59,16
1725,B2,20,0,2,8,0,0,0,0,0,0,0,0,0,0,1,1,2,24,5
1725,C1,6,2,17,0,0,0,0,0,0,0,0,0,0,1,0,1,1,13,10
1740,A1,4,1,0,18,0,0,0,0,0,0,0,0,0,0,1,1,1,8,2
1740,B0,0,20,4,1,0,0,0,0,0,0,0,0,0,0,1,1,2,4,2
1740,B1,2,4,3,3,0,0,0,0,0,0,0,0,0,0,1,1,11,59,16
1740,B2,20,0,1,3,0,0,0,0,0,0,0,0,0,0,1,2,2,24,5
1740,C1,8,1,16,0,0,0,0,0,0,0,0,0,0,0,1,1,1,13,10
1755,A1,5,2,0,14,0,0,0,0,0,0,0,0,0,0,1,2,1,8,2
1755,B0,0,20,6,1,0,0,0,0,0,0,0,0,0,0,1,1,2,4,2
1755,B1,2,5,2,2,0,0,0,0,0,0,0,0,0,0,1,2,11,59,16
1755,B2,15,0,1,4,0,0,0,0,0,0,0,0,0,1,0,1,2,24,5
1755,C1,8,2,15,0,0,0,0,0,0,0,0,0,0,1,0,2,1,13,10
1770,A1,2,3,0,15,0,0,0,0,0,0,0,0,0,1,0,1,1,8,2
1770,B0,0,20,6,1,0,0,0,0,0,0,0,0,0,0,1,1,2,4,2
1770,B1,3,5,2,2,0,0,0,0,0,0,0,0,0,1,0,2,11,59,16
1770,B2,17,0,1,2,0,0,0,0,0,0,0,0,0,0,1,2,2,24,5
1770,C1,7,2,17,0,0,0,0,0,0,0,0,0,0,0,1,2,1,13,10
1785,A1,3,1,0,16,0,0,0,0,0,0,0,0,0,0,1,1,1,8,2
1785,B0,0,20,5,1,0,0,0,0,0,0,0,0,0,1,0,1,2,4,2
1785,B1,2,3,3,3,0,0,0,0,0,0,0,0,0,0,1,1,11,59,16
1785,B2,14,0,3,3,0,0,0,0,0,0,0,0,0,1,0,2,2,24,5
1785,C1,5,1,17,0,0,0,0,0,0,0,0,0,0,0,1,1,1,13,10
1800,A1,3,3,0,14,0,0,0,0,0,0,0,0,0,1,0,2,1,8,2
1800,B0,0,18,5,1,0,0,0,0,0,0,0,0,0,0,1,1,2,4,2
1800,B1,3,4,3,2,0,0,0,0,0,0,0,0,0,0,1,2,11,59,16
1800,B2,16,0,1,3,0,0,0,0,0,0,0,0,0,0,1,2,2,24,5
1800,C1,6,2,14,0,0,0,0,0,0,0,0,0,0,0,1,2,1,13,10
1815,A1,3,3,0,17,0,0,0,0,0,0,0,0,0,0,1,2,1,8,2
1815,B0,0,20,2,4,0,0,0,0,0,0,0,0,0,0,1,1,2,4,2
1815,B1,1,2,3,2,0,0,0,0,0,0,0,0,0,1,0,1,11,59,16
1815,B2,18,0,3,3,0,0,0,0,0,0,0,0,0,0,1,2,2,24,5
1815,C1,9,2,15,0,0,0,0,0,0,0,0,0,0,0,1,2,1,13,10
1830,A1,1,3,0,17,0,0,0,0,0,0,0,0,0,0,1,1,1,8,2
1830,B0,0,18,4,3,0,0,0,0,0,0,0,0,0,0,1,1,2,4,2
1830,B1,2,3,1,2,0,0,0,0,0,0,0,0,0,1,0,2,11,59,16
1830,B2,19,0,1,3,0,0,0,0,0,0,0,0,0,0,1,2,2,24,5
1830,C1,9,2,15,0,0,0,0,0,0,0,0,0,0,1,0,2,1,13,10
1845,A1,1,7,0,18,0,0,0,0,0,0,0,0,0,1,0,2,1,8,2
1845,B0,0,18,3,2,0,0,0,0,0,0,0,0,0,1,0,1,2,4,2
1845,B1,3,3,2,2,0,0,0,0,0,0,0,0,0,1,0,2,11,59,16
1845,B2,17,0,5,3,0,0,0,0,0,0,0,0,0,1,0,1,2,24,5
1845,C1,8,3,15,0,0,0,0,0,0,0,0,0,0,0,1,2,1,13,10
1860,A1,2,6,0,19,0,0,0,0,0,0,0,0,0,1,0,2,1,8,2
1860,B0,0,18,3,5,0,0,0,0,0,0,0,0,0,0,1,1,2,4,2
1860,B1,2,1,3,1,0,0,0,0,0,0,0,0,0,0,1,1,11,59,16
1860,B2,18,0,3,5,0,0,0,0,0,0,0,0,0,0,1,1,2,24,5
1860,C1,7,2,15,0,0,0,0,0,0,0,0,0,0,1,0,2,1,13,10
1875,A1,1,4,0,20,0,0,0,0,0,0,0,0,0,1,0,2,1,8,2
1875,B0,0,18,6,3,0,0,0,0,0,0,0,0,0,0,1,1,2,4,2
1875,B1,2,1,4,1,0,0,0,0,0,0,0,0,0,1,0,1,11,59,16
1875,B2,20,0,1,4,0,0,0,0,0,0,0,0,0,0,1,1,2,24,5
1875,C1,6,3,13,0,0,0,0,0,0,0,0,0,0,1,0,2,1,13,10
1890,A1,2,6,0,18,0,0,0,0,0,0,0,0,0,1,0,2,1,8,2
1890,B0,0,19,3,2,0,0,0,0,0,0,0,0,0,1,0,1,2,4,2
1890,B1,3,2,5,1,0,0,0,0,0,0,0,0,0,1,0,1,11,59,16
1890,B2,20,0,1,9,0,0,0,0,0,0,0,0,0,0,1,1,2,24,5
1890,C1,7,3,13,0,0,0,0,0,0,0,0,0,0,0,1,2,1,13,10
1905,A1,2,6,0,19,0,0,0,0,0,0,0,0,0,1,0,2,1,8,2
1905,B0,0,18,6,1,0,0,0,0,0,0,0,0,0,0,1,1,2,4,2
1905,B1,3,2,3,1,0,0,0,0,0,0,0,0,0,0,1,2,11,59,16
1905,B2,20,0,3,8,0,0,0,0,0,0,0,0,0,0,1,1,2,24,5
1905,C1,9,2,15,0,0,0,0,0,0,0,0,0,0,1,0,2,1,13,10
1920,A1,2,4,0,20,0,0,0,0,0,0,0,0,0,1,0,2,1,8,2
1920,B0,0,19,6,1,0,0,0,0,0,0,0,0,0,1,0,1,2,4,2
1920,B1,3,1,4,2,0,0,0,0,0,0,0,0,0,1,0,1,11,59,16
1920,B2,20,0,2,6,0,0,0,0,0,0,0,0,0,0,1,1,2,24,5
1920,C1,8,1,13,0,0,0,0,0,0,0,0,0,0,0,1,2,1,13,10
1935,A1,3,3,0,17,0,0,0,0,0,0,0,0,0,0,1,2,1,8,2
1935,B0,0,18,6,3,0,0,0,0,0,0,0,0,0,0,1,1,2,4,2
1935,B1,4,2,2,2,0,0,0,0,0,0,0,0,0,0,1,2,11,59,16
1935,B2,20,0,1,4,0,0,0,0,0,0,0,0,0,0,1,1,2,24,5
1935,C1,9,3,13,0,0,0,0,0,0,0,0,0,0,0,1,2,1,13,10
1950,A1,1,4,0,17,0,0,0,0,0,0,0,0,0,1,0,2,1,8,2
1950,B0,0,20,4,2,0,0,0,0,0,0,0,0,0,0,1,1,2,4,2
1950,B1,3,2,3,2,0,0,0,0,0,0,0,0,0,0,1,1,11,59,16
1950,B2,18,0,3,4,0,0,0,0,0,0,0,0,0,1,0,1,2,24,5
1950,C1,8,3,14,0,0,0,0,0,0,0,0,0,0,1,0,2,1,13,10
1965,A1,5,2,0,18,0,0,0,0,0,0,0,0,0,0,1,2,1,8,2
1965,B0,0,20,5,1,0,0,0,0,0,0,0,0,0,0,1,1,2,4,2
1965,B1,5,1,4,1,0,0,0,0,0,0,0,0,0,1,0,2,11,59,16
1965,B2,18,0,1,5,0,0,0,0,0,0,0,0,0,0,1,1,2,24,5
1965,C1,9,1,13,0,0,0,0,0,0,0,0,0,0,0,1,2,1,13,10
1980,A1,2,2,0,18,0,0,0,0,0,0,0,0,0,0,1,1,2,11,6
1980,B0,0,18,3,3,0,0,0,0,0,0,0,0,0,1,0,1,2,4,2
1980,B1,3,2,5,2,0,0,0,0,0,0,0,0,0,0,1,1,11,59,16
1980,B2,20,0,1,3,0,0,0,0,0,0,0,0,0,1,0,2,2,24,5
1980,C1,8,1,15,0,0,0,0,0,0,0,0,0,0,0,1,1,1,13,10
1995,A1,2,3,0,14,0,0,0,0,0,0,0,0,0,0,1,1,2,11,6
1995,B0,0,18,4,1,0,0,0,0,0,0,0,0,0,0,1,1,2,4,2
1995,B1,5,3,5,1,0,0,0,0,0,0,0,0,0,0,1,2,11,59,16
1995,B2,18,0,1,2,0,0,0,0,0,0,0,0,0,0,1,2,2,24,5
1995,C1,10,2,14,0,0,0,0,0,0,0,0,0,0,1,0,2,2,17,11
2010,A1,4,3,0,13,0,0,0,0,0,0,0,0,0,1,0,2,2,11,6
2010,B0,0,19,3,2,0,0,0,0,0,0,0,0,0,1,0,1,2,4,2
2010,B1,2,3,5,1,0,0,0,0,0,0,0,0,0,0,1,1,11,59,16
2010,B2,18,0,2,6,0,0,0,0,0,0,0,0,0,0,1,1,2,24,5
2010,C1,9,1,15,0,0,0,0,0,0,0,0,0,0,0,1,2,2,17,11
2025,A1,3,1,0,16,0,0,0,0,0,0,0,0,0,0,1,1,2,11,6
2025,B0,0,18,4,2,0,0,0,0,0,0,0,0,0,0,1,1,2,4,2
2025,B1,1,3,3,1,0,0,0,0,0,0,0,0,0,1,0,1,11,59,16
2025,B2,19,0,1,7,0,0,0,0,0,0,0,0,0,0,1,1,2,24,5
2025,C1,8,2,13,0,0,0,0,0,0,0,0,0,0,1,0,2,2,17,11
2040,A1,4,2,0,11,0,0,0,0,0,0,0,0,0,0,1,2,2,11,6
2040,B0,0,20,4,5,0,0,0,0,0,0,0,0,0,1,0,1,2,4,2
2040,B1,1,4,6,1,0,0,0,0,0,0,0,0,0,1,0,1,11,59,16
2040,B2,20,0,2,5,0,0,0,0,0,0,0,0,0,0,1,1,2,24,5
2040,C1,8,1,12,0,0,0,0,0,0,0,0,0,0,0,1,2,2,17,11
2055,A1,4,2,0,13,0,0,0,0,0,0,0,0,0,1,0,2,2,11,6
2055,B0,0,18,4,3,0,0,0,0,0,0,0,0,0,0,1,1,2,4,2
2055,B1,3,4,3,2,0,0,0,0,0,0,0,0,0,0,1,2,11,59,16
2055,B2,20,0,4,8,0,0,0,0,0,0,0,0,0,0,1,1,2,24,5
2055,C1,7,2,13,0,0,0,0,0,0,0,0,0,0,1,0,2,2,17,11
2070,A1,6,3,0,11,0,0,0,0,0,0,0,0,0,1,0,2,2,11,6
2070,B0,0,18,6,1,0,0,0,0,0,0,0,0,0,1,0,1,2,4,2
2070,B1,2,3,2,1,0,0,0,0,0,0,0,0,0,0,1,2,12,69,18
2070,B2,20,0,1,7,0,0,0,0,0,0,0,0,0,0,1,1,2,24,5
2070,C1,7,4,13,0,0,0,0,0,0,0,0,0,0,0,1,2,2,17,11
2085,A1,4,1,0,10,0,0,0,0,0,0,0,0,0,0,1,1,2,11,6
2085,B0,0,18,6,1,0,0,0,0,0,0,0,0,0,0,1,1,2,4,2
2085,B1,4,3,3,1,0,0,0,0,0,0,0,0,0,1,0,2,12,69,18
2085,B2,20,0,3,4,0,0,0,0,0,0,0,0,0,0,1,1,2,24,5
2085,C1,7,2,14,0,0,0,0,0,0,0,0,0,0,1,0,2,2,17,11
2100,A1,4,2,0,7,0,0,0,0,0,0,0,0,0,1,0,2,2,11,6
2100,B0,0,20,7,1,0,0,0,0,0,0,0,0,0,0,1,1,2,4,2
2100,B1,1,3,5,2,0,0,0,0,0,0,0,0,0,0,1,1,12,69,18
2100,B2,17,0,5,5,0,0,0,0,0,0,0,0,0,1,0,1,2,24,5
2100,C1,7,1,13,0,0,0,0,0,0,0,0,0,0,0,1,2,2,17,11
2115,A1,3,2,0,7,0,0,0,0,0,0,0,0,0,0,1,2,2,11,6
2115,B0,0,19,3,1,0,0,0,0,0,0,0,0,0,1,0,2,2,4,2
2115,B1,1,4,5,1,0,0,0,0,0,0,0,0,0,1,0,1,12,69,18
2115,B2,18,0,2,5,0,0,0,0,0,0,0,0,0,0,1,1,2,24,5
2115,C1,6,2,13,0,0,0,0,0,0,0,0,0,0,1,0,2,2,17,11
2130,A1,4,6,0,8,0,0,0,0,0,0,0,0,0,1,0,2,2,11,6
2130,B0,0,14,6,1,0,0,0,0,0,0,0,0,0,1,0,1,2,4,2
2130,B1,2,4,4,2,0,0,0,0,0,0,0,0,0,1,0,1,12,69,18
2130,B2,20,0,1,4,0,0,0,0,0,0,0,0,0,0,1,1,2,24,5
2130,C1,6,1,11,0,0,0,0,0,0,0,0,0,0,0,1,2,2,17,11
2145,A1,2,2,0,7,0,0,0,0,0,0,0,0,0,1,0,1,2,11,6
2145,B0,0,17,7,3,0,0,0,0,0,0,0,0,0,0,1,1,2,4,2
2145,B1,1,4,5,1,0,0,0,0,0,0,0,0,0,0,1,1,12,69,18
2145,B2,17,0,2,3,0,0,0,0,0,0,0,0,0,1,0,2,2,24,5
2145,C1,9,2,13,0,0,0,0,0,0,0,0,0,0,1,0,2,2,17,11
2160,A1,2,3,0,6,0,0,0,0,0,0,0,0,0,1,0,2,2,11,6
2160,B0,0,20,6,1,0,0,0,0,0,0,0,0,0,0,1,1,2,4,2
2160,B1,1,5,7,1,0,0,0,0,0,0,0,0,0,0,1,1,12,69,18
2160,B2,15,0,5,2,0,0,0,0,0,0,0,0,0,0,1,1,2,24,5
2160,C1,6,2,13,0,0,0,0,0,0,0,0,0,0,0,1,2,2,17,11
2175,A1,4,5,0,6,0,0,0,0,0,0,0,0,0,0,1,2,2,11,6
2175,B0,0,20,6,2,0,0,0,0,0,0,0,0,0,0,1,1,2,4,2
2175,B1,2,5,3,1,0,0,0,0,0,0,0,0,0,0,1,2,12,69,18
2175,B2,18,0,6,3,0,0,0,0,0,0,0,0,0,0,1,1,2,24,5
2175,C1,7,1,14,0,0,0,0,0,0,0,0,0,0,1,0,1,2,17,11
2190,A1,1,2,0,6,0,0,0,0,0,0,0,0,0,1,0,1,3,12,7
2190,B0,0,20,8,2,0,0,0,0,0,0,0,0,0,0,1,1,2,4,2
2190,B1,1,4,5,1,0,0,0,0,0,0,0,0,0,0,1,1,12,69,18
2190,B2,17,0,5,3,0,0,0,0,0,0,0,0,0,1,0,1,2,24,5
2190,C1,8,1,14,0,0,0,0,0,0,0,0,0,0,0,1,1,2,17,11
2205,A1,3,3,0,4,0,0,0,0,0,0,0,0,0,1,0,2,3,12,7
2205,B0,0,20,5,4,0,0,0,0,0,0,0,0,0,0,1,1,2,4,2
2205,B1,1,4,3,1,0,0,0,0,0,0,0,0,0,1,0,2,12,69,18
2205,B2,18,0,3,4,0,0,0,0,0,0,0,0,0,0,1,1,2,24,5
2205,C1,12,4,14,0,0,0,0,0,0,0,0,0,0,1,0,2,2,17,11
2220,A1,2,5,0,2,0,0,0,0,0,0,0,0,0,0,1,2,3,12,7
2220,B0,0,20,5,1,0,0,0,0,0,0,0,0,0,0,1,1,2,4,2
2220,B1,2,4,3,1,0,0,0,0,0,0,0,0,0,0,1,2,12,69,18
2220,B2,20,0,2,4,0,0,0,0,0,0,0,0,0,0,1,1,2,24,5
2220,C1,7,3,15,0,0,0,0,0,0,0,0,0,0,0,1,2,2,17,11
2235,A1,2,5,0,2,0,0,0,0,0,0,0,0,0,1,0,2,3,12,7
2235,B0,0,20,3,2,0,0,0,0,0,0,0,0,0,1,0,1,2,4,2
2235,B1,1,5,2,3,0,0,0,0,0,0,0,0,0,0,1,1,12,69,18
2235,B2,20,0,4,2,0,0,0,0,0,0,0,0,0,0,1,2,2,24,5
2235,C1,6,2,13,0,0,0,0,0,0,0,0,0,0,1,0,2,2,17,11
2250,A1,1,3,0,3,0,0,0,0,0,0,0,0,0,1,0,2,3,12,7
2250,B0,0,18,4,7,0,0,0,0,0,0,0,0,0,0,1,1,2,4,2
2250,B1,3,5,2,3,0,0,0,0,0,0,0,0,0,1,0,2,12,69,18
2250,B2,14,0,2,3,0,0,0,0,0,0,0,0,0,1,0,2,2,24,5
2250,C1,4,1,13,0,0,0,0,0,0,0,0,0,0,0,1,1,2,17,11
2265,A1,1,5,0,3,0,0,0,0,0,0,0,0,0,1,0,2,3,12,7
2265,B0,0,20,5,1,0,0,0,0,0,0,0,0,0,0,1,1,2,4,2
2265,B1,3,6,2,3,0,0,0,0,0,0,0,0,0,0,1,2,12,69,18
2265,B2,15,0,2,6,0,0,0,0,0,0,0,0,0,0,1,1,2,24,5
2265,C1,4,3,12,0,0,0,0,0,0,0,0,0,0,1,0,2,2,17,11
2280,A1,1,7,0,4,0,0,0,0,0,0,0,0,0,1,0,2,3,12,7
2280,B0,0,20,2,3,0,0,0,0,0,0,0,0,0,0,1,1,2,4,2
2280,B1,3,6,3,4,0,0,0,0,0,0,0,0,0,0,1,2,12,69,18
2280,B2,20,0,3,4,0,0,0,0,0,0,0,0,0,0,1,1,2,24,5
2280,C1,3,4,11,0,0,0,0,0,0,0,0,0,0,0,1,2,2,17,11
2295,A1,3,3,0,6,0,0,0,0,0,0,0,0,0,1,0,2,3,12,7
2295,B0,0,18,4,2,0,0,0,0,0,0,0,0,0,0,1,1,2,4,2
2295,B1,4,5,1,4,0,0,0,0,0,0,0,0,0,1,0,2,12,69,18
2295,B2,20,0,2,8,0,0,0,0,0,0,0,0,0,0,1,1,2,24,5
2295,C1,5,2,11,0,0,0,0,0,0,0,0,0,0,1,0,2,2,17,11
2310,A1,2,2,0,2,0,0,0,0,0,0,0,0,0,0,1,2,3,12,7
2310,B0,0,19,4,3,0,0,0,0,0,0,0,0,0,1,0,1,2,4,2
2310,B1,3,5,3,6,0,0,0,0,0,0,0,0,0,1,0,1,12,69,18
2310,B2,20,0,1,4,0,0,0,0,0,0,0,0,0,0,1,1,2,24,5
2310,C1,3,3,10,0,0,0,0,0,0,0,0,0,0,0,1,2,2,17,11
2325,A1,2,3,0,2,0,0,0,0,0,0,0,0,0,1,0,2,3,12,7
2325,B0,0,18,6,1,0,0,0,0,0,0,0,0,0,0,1,1,2,4,2
2325,B1,2,4,5,6,0,0,0,0,0,0,0,0,0,0,1,1,12,69,18
2325,B2,18,0,1,4,0,0,0,0,0,0,0,0,0,1,0,1,2,24,5
2325,C1,4,4,10,0,0,0,0,0,0,0,0,0,0,1,0,2,2,17,11
2340,A1,2,5,0,3,0,0,0,0,0,0,0,0,0,1,0,2,3,12,7
2340,B0,0,20,4,4,0,0,0,0,0,0,0,0,0,0,1,1,2,4,2
2340,B1,3,6,4,5,0,0,0,0,0,0,0,0,0,1,0,1,12,69,18
2340,B2,18,0,1,5,0,0,0,0,0,0,0,0,0,0,1,1,2,24,5
2340,C1,5,2,10,0,0,0,0,0,0,0,0,0,0,0,1,2,2,17,11
2355,A1,1,2,0,5,0,0,0,0,0,0,0,0,0,0,1,1,3,12,7
2355,B0,0,18,2,4,0,0,0,0,0,0,0,0,0,0,1,1,2,4,2
2355,B1,2,7,4,5,0,0,0,0,0,0,0,0,0,0,1,1,12,69,18
2355,B2,20,0,2,2,0,0,0,0,0,0,0,0,0,0,1,2,2,24,5
2355,C1,8,2,11,0,0,0,0,0,0,0,0,0,0,1,0,2,2,17,11
2370,A1,2,5,0,4,0,0,0,0,0,0,0,0,0,1,0,2,3,12,7
2370,B0,0,17,3,4,0,0,0,0,0,0,0,0,0,1,0,1,2,4,2
2370,B1,4,7,3,4,0,0,0,0,0,0,0,0,0,1,0,2,12,69,18
2370,B2,18,0,2,5,0,0,0,0,0,0,0,0,0,0,1,1,2,24,5
2370,C1,5,1,12,0,0,0,0,0,0,0,0,0,0,0,1,2,2,17,11
2385,A1,2,3,0,5,0,0,0,0,0,0,0,0,0,0,1,2,3,12,7
2385,B0,0,18,4,1,0,0,0,0,0,0,0,0,0,0,1,1,2,4,2
2385,B1,2,6,2,5,0,0,0,0,0,0,0,0,0,0,1,1,12,69,18
2385,B2,17,0,2,4,0,0,0,0,0,0,0,0,0,1,0,1,2,24,5
2385,C1,4,3,12,0,0,0,0,0,0,0,0,0,0,1,0,2,2,17,11
2400,A1,1,5,0,5,0,0,0,0,0,0,0,0,0,1,0,2,3,12,7
2400,B0,0,20,3,3,0,0,0,0,0,0,0,0,0,0,1,1,2,4,2
2400,B1,2,8,2,4,0,0,0,0,0,0,0,0,0,1,0,2,12,69,18
2400,B2,18,0,3,5,0,0,0,0,0,0,0,0,0,0,1,1,2,24,5
2400,C1,5,2,10,0,0,0,0,0,0,0,0,0,0,0,1,2,2,17,11
2415,A1,1,3,0,7,0,0,0,0,0,0,0,0,0,1,0,1,3,12,7
2415,B0,0,18,4,5,0,0,0,0,0,0,0,0,0,0,1,1,2,4,2
2415,B1,4,8,2,4,0,0,0,0,0,0,0,0,0,0,1,2,12,69,18
2415,B2,19,0,1,3,0,0,0,0,0,0,0,0,0,1,0,2,2,24,5
2415,C1,4,1,10,0,0,0,0,0,0,0,0,0,0,1,0,1,2,17,11
2430,A1,1,4,0,5,0,0,0,0,0,0,0,0,0,0,1,2,3,12,7
2430,B0,0,19,5,1,0,0,0,0,0,0,0,0,0,0,1,1,2,4,2
2430,B1,5,3,5,5,0,0,0,0,0,0,0,0,0,1,0,1,12,69,18
2430,B2,16,0,2,5,0,0,0,0,0,0,0,0,0,0,1,1,2,24,5
2430,C1,4,1,6,0,0,0,0,0,0,0,0,0,0,0,1,2,2,17,11
2445,A1,1,5,0,8,0,0,0,0,0,0,0,0,0,1,0,2,3,12,7
2445,B0,0,18,4,1,0,0,0,0,0,0,0,0,0,1,0,1,2,4,2
2445,B1,3,3,4,3,0,0,0,0,0,0,0,0,0,0,1,1,12,69,18
2445,B2,18,0,2,5,0,0,0,0,0,0,0,0,0,1,0,1,2,24,5
2445,C1,6,1,6,0,0,0,0,0,0,0,0,0,0,1,0,2,2,17,11
2460,A1,3,2,0,10,0,0,0,0,0,0,0,0,0,1,0,2,3,12,7
2460,B0,0,18,6,1,0,0,0,0,0,0,0,0,0,0,1,1,2,4,2
2460,B1,4,6,3,3,0,0,0,0,0,0,0,0,0,1,0,2,12,69,18
2460,B2,18,0,1,6,0,0,0,0,0,0,0,0,0,0,1,1,2,24,5
2460,C1,3,2,8,0,0,0,0,0,0,0,0,0,0,0,1,1,2,17,11
2475,A1,3,1,0,10,0,0,0,0,0,0,0,0,0,0,1,1,3,12,7
2475,B0,0,20,4,2,0,0,0,0,0,0,0,0,0,0,1,1,2,4,2
2475,B1,4,5,2,3,0,0,0,0,0,0,0,0,0,0,1,2,12,69,18
2475,B2,20,0,1,4,0,0,0,0,0,0,0,0,0,0,1,1,2,24,5
2475,C1,2,4,6,0,0,0,0,0,0,0,0,0,0,1,0,2,2,17,11
2490,A1,1,5,0,9,0,0,0,0,0,0,0,0,0,1,0,2,3,12,7
2490,B0,0,20,5,3,0,0,0,0,0,0,0,0,0,0,1,1,2,4,2
2490,B1,4,6,3,3,0,0,0,0,0,0,0,0,0,0,1,2,12,69,18
2490,B2,18,0,1,6,0,0,0,0,0,0,0,0,0,0,1,1,2,24,5
2490,C1,4,2,7,0,0,0,0,0,0,0,0,0,0,1,0,2,2,17,11
2505,A1,1,3,0,9,0,0,0,0,0,0,0,0,0,1,0,1,3,12,7
2505,B0,0,20,6,4,0,0,0,0,0,0,0,0,0,0,1,1,2,4,2
2505,B1,3,6,4,6,0,0,0,0,0,0,0,0,0,0,1,1,12,69,18
2505,B2,19,0,1,7,0,0,0,0,0,0,0,0,0,0,1,1,2,24,5
2505,C1,5,1,7,0,0,0,0,0,0,0,0,0,0,1,0,2,2,17,11
2520,A1,1,5,0,8,0,0,0,0,0,0,0,0,0,0,1,2,3,12,7
2520,B0,0,20,4,2,0,0,0,0,0,0,0,0,0,0,1,1,2,4,2
2520,B1,3,6,3,6,0,0,0,0,0,0,0,0,0,1,0,1,12,69,18
2520,B2,20,0,1,7,0,0,0,0,0,0,0,0,0,0,1,1,2,24,5
2520,C1,4,1,9,0,0,0,0,0,0,0,0,0,0,1,0,1,2,17,11
2535,A1,1,4,0,8,0,0,0,0,0,0,0,0,0,0,1,2,3,12,7
2535,B0,0,20,2,1,0,0,0,0,0,0,0,0,0,0,1,2,2,4,2
2535,B1,4,7,2,7,0,0,0,0,0,0,0,0,0,0,1,2,12,69,18
2535,B2,20,0,1,3,0,0,0,0,0,0,0,0,0,0,1,2,2,24,5
2535,C1,5,1,8,0,0,0,0,0,0,0,0,0,0,1,0,2,2,17,11
2550,A1,2,4,0,8,0,0,0,0,0,0,0,0,0,1,0,2,4,16,8
2550,B0,0,17,4,2,0,0,0,0,0,0,0,0,0,0,1,1,2,4,2
2550,B1,1,9,3,7,0,0,0,0,0,0,0,0,0,0,1,1,12,69,18
2550,B2,15,0,3,3,0,0,0,0,0,0,0,0,0,1,0,2,2,24,5
2550,C1,4,2,7,0,0,0,0,0,0,0,0,0,0,0,1,2,2,17,11
2565,A1,2,5,0,8,0,0,0,0,0,0,0,0,0,1,0,2,4,16,8
2565,B0,0,18,4,3,0,0,0,0,0,0,0,0,0,0,1,1,2,4,2
2565,B1,2,9,2,8,0,0,0,0,0,0,0,0,0,0,1,1,12,69,18
2565,B2,15,0,1,7,0,0,0,0,0,0,0,0,0,0,1,1,2,24,5
2565,C1,6,1,8,0,0,0,0,0,0,0,0,0,0,1,0,2,2,17,11
2580,A1,2,2,0,9,0,0,0,0,0,0,0,0,0,0,1,1,4,16,8
2580,B0,0,18,4,1,0,0,0,0,0,0,0,0,0,1,0,1,2,4,2
2580,B1,1,9,3,8,0,0,0,0,0,0,0,0,0,0,1,1,12,69,18
2580,B2,20,0,1,6,0,0,0,0,0,0,0,0,0,0,1,1,2,24,5
2580,C1,3,2,8,0,0,0,0,0,0,0,0,0,0,1,0,1,2,17,11
2595,A1,1,5,0,6,0,0,0,0,0,0,0,0,0,1,0,2,4,16,8
2595,B0,0,18,4,3,0,0,0,0,0,0,0,0,0,0,1,1,2,4,2
2595,B1,3,12,4,8,0,0,0,0,0,0,0,0,0,1,0,2,12,69,18
2595,B2,20,0,1,8,0,0,0,0,0,0,0,0,0,0,1,1,2,24,5
2595,C1,4,1,6,0,0,0,0,0,0,0,0,0,0,1,0,2,3,18,14
2610,A1,2,3,0,5,0,0,0,0,0,0,0,0,0,0,1,2,4,16,8
2610,B0,0,18,3,2,0,0,0,0,0,0,0,0,0,1,0,1,2,4,2
2610,B1,2,14,3,7,0,0,0,0,0,0,0,0,0,1,0,2,12,69,18
2610,B2,20,0,1,3,0,0,0,0,0,0,0,0,0,0,1,2,2,24,5
2610,C1,3,2,5,0,0,0,0,0,0,0,0,0,0,0,1,2,3,18,14
2625,A1,1,4,0,6,0,0,0,0,0,0,0,0,0,1,0,2,4,16,8
2625,B0,0,18,5,4,0,0,0,0,0,0,0,0,0,0,1,1,2,4,2
2625,B1,1,16,4,7,0,0,0,0,0,0,0,0,0,0,1,1,12,69,18
2625,B2,16,0,1,6,0,0,0,0,0,0,0,0,0,1,0,1,2,24,5
2625,C1,2,2,7,0,0,0,0,0,0,0,0,0,0,1,0,1,3,18,14
2640,A1,1,2,0,4,0,0,0,0,1,0,0,0,0,0,1,1,5,33,8
2640,B0,0,20,4,2,0,0,0,0,0,0,0,0,0,0,1,1,2,4,2
2640,B1,3,15,4,8,0,0,0,0,0,0,0,1,0,1,0,2,12,69,18
2640,B2,18,0,3,4,0,0,0,0,0,0,0,0,0,0,1,1,3,35,6
2640,C1,4,3,6,0,0,0,0,0,0,0,0,0,0,1,0,2,3,18,14
2655,A1,4,3,0,3,0,0,0,0,0,0,0,0,0,1,0,2,5,34,12
2655,B0,0,20,2,1,0,0,0,0,0,0,0,0,0,0,1,2,2,4,2
2655,B1,1,16,3,8,0,0,0,0,0,0,0,0,0,0,1,1,12,69,18
2655,B2,18,0,1,3,0,0,0,0,0,0,0,0,0,0,1,2,3,35,6
2655,C1,5,2,5,0,0,0,0,0,0,0,0,0,0,0,1,2,3,18,14
2670,A1,3,3,0,1,0,0,0,0,0,0,0,0,0,0,1,2,5,34,12
2670,B0,0,14,4,1,0,0,0,0,0,0,0,0,0,1,0,1,2,4,2
2670,B1,3,15,2,8,0,0,0,0,0,0,0,0,0,1,0,2,12,69,18
2670,B2,16,0,1,3,0,0,0,0,0,0,0,0,0,1,0,2,3,35,6
2670,C1,5,1,6,0,0,0,0,0,0,0,0,0,0,1,0,2,3,18,14
2685,A1,2,4,0,2,0,0,0,0,0,0,0,0,0,0,1,2,5,34,12
2685,B0,0,16,5,2,0,0,0,0,0,0,0,0,0,0,1,1,2,4,2
2685,B1,3,15,4,7,0,0,0,0,0,0,0,0,0,1,0,2,12,69,18
2685,B2,14,0,3,4,0,0,0,0,0,0,0,0,0,0,1,1,3,35,6
2685,C1,5,5,5,0,0,0,0,0,0,0,0,0,0,0,1,2,3,18,14
2700,A1,1,3,0,1,0,0,0,0,0,0,0,0,0,1,0,2,5,34,12
2700,B0,0,19,4,3,0,0,0,0,0,0,0,0,0,1,0,1,2,4,2
2700,B1,2,15,6,7,0,0,0,0,0,0,0,0,0,1,0,1,12,69,18
2700,B2,17,0,1,2,0,0,0,0,0,0,0,0,0,1,0,2,3,35,6
2700,C1,3,2,6,0,0,0,0,0,0,0,0,0,0,1,0,2,4,26,16
2715,A1,3,3,0,2,0,0,0,0,0,0,0,0,0,1,0,2,5,34,12
2715,B0,0,18,6,2,0,0,0,0,0,0,0,0,0,0,1,1,2,4,2
2715,B1,3,17,6,10,0,0,0,0,0,0,0,0,0,0,1,1,12,69,18
2715,B2,13,0,2,4,0,0,0,0,0,0,0,0,0,1,0,1,3,35,6
2715,C1,3,2,3,0,0,0,0,0,0,0,0,0,0,1,0,2,4,26,16
2730,A1,1,1,0,2,0,0,0,0,0,0,0,0,0,1,0,1,5,34,12
2730,B0,0,20,7,1,0,0,0,0,0,0,0,0,0,0,1,1,2,4,2
2730,B1,1,17,9,9,0,0,0,0,0,0,0,0,0,0,1,1,12,69,18
2730,B2,17,0,4,4,0,0,0,0,0,0,0,0,0,0,1,1,3,35,6
2730,C1,2,1,4,0,0,0,0,0,0,0,0,0,0,1,0,1,4,26,16
2745,A1,2,1,0,1,0,0,0,0,0,0,0,0,0,1,0,2,5,34,12
2745,B0,0,20,6,1,0,0,0,0,0,0,0,0,0,0,1,1,2,4,2
2745,B1,2,19,5,10,0,0,0,0,0,0,0,0,0,0,1,1,12,69,18
2745,B2,18,0,2,4,0,0,0,0,0,0,0,0,0,1,0,1,3,35,6
2745,C1,4,3,3,0,0,0,0,0,0,0,0,0,0,1,0,2,4,26,16
2760,A1,1,1,0,2,0,0,0,0,0,0,0,0,0,0,1,1,5,34,12
2760,B0,0,19,4,3,0,0,0,0,0,0,0,0,0,1,0,1,2,4,2
2760,B1,3,19,3,9,0,0,0,0,0,0,0,0,0,1,0,2,12,69,18
2760,B2,17,0,1,3,0,0,0,0,0,0,0,0,0,1,0,2,3,35,6
2760,C1,3,4,5,0,0,0,0,0,0,0,0,0,0,1,0,2,4,26,16
2775,A1,1,1,0,2,0,0,0,0,0,0,0,0,0,1,0,1,5,34,12
2775,B0,0,18,9,1,0,0,0,0,0,0,0,0,0,0,1,1,2,4,2
2775,B1,3,19,4,9,0,0,0,0,0,0,0,0,0,1,0,2,12,69,18
2775,B2,17,0,2,6,0,0,0,0,0,0,0,0,0,0,1,1,3,35,6
2775,C1,4,3,6,0,0,0,0,0,0,0,0,0,0,1,0,2,4,26,16
2790,A1,3,4,0,1,0,0,0,0,0,0,0,0,0,1,0,2,5,34,12
2790,B0,0,20,9,2,0,0,0,0,0,0,0,0,0,0,1,1,2,4,2
2790,B1,2,19,4,10,0,0,0,0,0,0,0,0,0,0,1,2,12,69,18
2790,B2,20,0,2,6,0,0,0,0,0,0,0,0,0,0,1,1,3,35,6
2790,C1,4,2,6,0,0,0,0,0,0,0,0,0,0,0,1,2,4,26,16
2805,A1,3,5,0,1,0,0,0,0,0,0,0,0,0,1,0,2,5,34,12
2805,B0,0,20,6,3,0,0,0,0,0,0,0,0,0,0,1,1,2,4,2
2805,B1,1,20,5,9,0,0,0,0,0,0,0,0,0,1,0,1,12,69,18
2805,B2,20,0,1,4,0,0,0,0,0,0,0,0,0,0,1,1,3,35,6
2805,C1,4,3,7,0,0,0,0,0,0,0,0,0,0,1,0,2,4,26,16
2820,A1,3,3,0,2,0,0,0,0,0,0,0,0,0,0,1,2,5,34,12
2820,B0,0,20,4,4,0,0,0,0,0,0,0,0,0,0,1,1,2,4,2
2820,B1,1,20,5,10,0,0,0,0,0,0,0,0,0,1,0,1,12,69,18
2820,B2,20,0,1,5,0,0,0,0,0,0,0,0,0,0,1,1,3,35,6
2820,C1,2,3,6,0,0,0,0,0,0,0,0,0,0,0,1,2,4,26,16
2835,A1,4,3,0,2,0,0,0,0,0,0,0,0,0,1,0,2,5,34,12
2835,B0,0,18,4,3,0,0,0,0,0,0,0,0,0,1,0,1,2,4,2
2835,B1,2,20,6,10,0,0,0,0,0,0,0,0,0,0,1,1,12,69,18
2835,B2,20,0,4,3,0,0,0,0,0,0,0,0,0,0,1,2,3,35,6
2835,C1,2,3,5,0,0,0,0,0,0,0,0,0,0,0,1,2,4,26,16
2850,A1,1,4,0,3,0,0,0,0,0,0,0,0,0,1,0,2,5,34,12
2850,B0,0,18,5,3,0,0,0,0,0,0,0,0,0,0,1,1,2,4,2
2850,B1,4,20,7,12,0,0,0,0,0,0,0,0,0,1,0,2,12,69,18
2850,B2,18,0,4,4,0,0,0,0,0,0,0,0,0,0,1,1,3,35,6
2850,C1,2,1,5,0,0,0,0,0,0,0,0,0,0,0,1,1,4,26,16
2865,A1,1,4,0,4,0,0,0,0,0,0,0,0,0,0,1,2,5,34,12
2865,B0,0,20,4,2,0,0,0,0,0,0,0,0,0,0,1,1,2,4,2
2865,B1,3,20,7,12,0,0,0,0,0,0,0,0,0,0,1,2,12,69,18
2865,B2,17,0,1,4,0,0,0,0,0,0,0,0,0,1,0,1,3,35,6
2865,C1,2,3,5,0,0,0,0,0,0,0,0,0,0,1,0,2,4,26,16
2880,A1,2,4,0,3,0,0,0,0,0,0,0,0,0,1,0,2,5,34,12
2880,B0,0,19,3,3,0,0,0,0,0,0,0,0,0,1,0,1,2,4,2
2880,B1,2,20,8,11,0,0,0,0,0,0,0,0,0,1,0,1,12,69,18
2880,B2,17,0,1,3,0,0,0,0,0,0,0,0,0,1,0,2,3,35,6
2880,C1,1,2,4,0,0,0,0,0,0,0,0,0,0,0,1,1,4,26,16
2895,A1,1,3,0,2,0,0,0,0,0,0,0,0,0,0,1,2,5,34,12
2895,B0,0,18,4,1,0,0,0,0,0,0,0,0,0,0,1,1,2,4,2
2895,B1,2,20,5,14,0,0,0,0,0,0,0,0,0,0,1,1,12,69,18
2895,B2,12,0,3,3,0,0,0,0,0,0,0,0,0,1,0,1,3,35,6
2895,C1,2,1,2,0,0,0,0,0,0,0,0,0,0,1,0,2,4,26,16
2910,A1,1,3,0,3,0,0,0,0,0,0,0,0,0,1,0,2,5,34,12
2910,B0,0,18,4,3,0,0,0,0,0,0,0,0,0,1,0,1,2,4,2
2910,B1,1,20,5,14,0,0,0,0,0,0,0,0,0,1,0,1,12,69,18
2910,B2,16,0,1,3,0,0,0,0,0,0,0,0,0,0,1,2,3,35,6
2910,C1,1,2,1,0,0,0,0,0,0,0,0,0,0,0,1,2,4,26,16
2925,A1,1,4,0,2,0,0,3,0,0,0,0,0,0,1,0,2,6,35,12
2925,B0,0,18,4,3,0,0,0,0,0,0,0,0,0,0,1,1,2,4,2
2925,B1,3,19,5,16,0,0,0,0,0,0,0,0,0,1,0,1,12,69,18
2925,B2,18,0,1,6,0,0,0,0,0,0,0,0,0,0,1,1,3,35,6
2925,C1,2,1,2,0,0,0,0,0,0,0,0,0,0,1,0,2,4,26,16
2940,A1,1,4,0,3,0,0,0,0,0,0,0,0,0,1,0,2,6,37,15
2940,B0,0,20,5,1,0,0,0,0,0,0,0,0,0,0,1,1,2,4,2
2940,B1,4,19,6,15,0,0,0,0,0,0,0,0,0,0,1,2,12,69,18
2940,B2,18,0,1,2,0,0,0,0,0,0,0,0,0,1,0,2,3,35,6
2940,C1,1,2,1,0,0,0,0,0,0,0,0,0,0,1,0,2,4,26,16
2955,A1,1,4,0,5,0,0,0,0,0,0,0,0,0,1,0,2,6,37,15
2955,B0,0,20,4,1,0,0,0,0,0,0,0,0,0,0,1,1,2,4,2
2955,B1,3,18,6,15,0,0,0,0,0,0,0,0,0,0,1,1,12,69,18
2955,B2,13,0,2,3,0,0,0,0,0,0,0,0,0,1,0,2,3,35,6
2955,C1,1,3,2,0,0,0,0,0,0,0,0,0,0,0,1,2,4,26,16
2970,A1,1,4,0,3,0,0,0,0,0,0,0,0,0,0,1,2,6,37,15
2970,B0,0,18,3,3,0,0,0,0,0,0,0,0,0,1,0,1,2,4,2
2970,B1,4,19,5,18,0,0,0,0,0,0,0,0,0,1,0,1,12,69,18
2970,B2,13,0,1,5,0,0,0,0,0,0,0,0,0,0,1,1,3,35,6
2970,C1,2,2,2,0,0,0,0,0,0,0,0,0,0,1,0,2,4,26,16
2985,A1,1,3,0,3,0,0,0,0,0,0,0,0,0,0,1,2,6,37,15
2985,B0,0,18,2,1,0,0,0,0,0,0,0,0,0,1,0,2,3,7,4
2985,B1,4,19,4,17,0,0,0,0,0,0,0,0,0,0,1,2,12,69,18
2985,B2,18,0,2,4,0,0,0,0,0,0,0,0,0,1,0,1,3,35,6
2985,C1,2,3,3,0,0,0,0,0,0,0,0,0,0,0,1,2,4,26,16
3000,A1,4,6,0,4,0,0,0,0,0,0,0,0,0,1,0,2,6,37,15
3000,B0,0,16,3,3,0,0,0,2,0,0,0,0,0,0,1,1,4,8,4
3000,B1,3,18,4,17,0,0,0,0,0,0,0,0,0,0,1,1,12,69,18
3000,B2,18,0,1,2,0,0,0,0,0,0,0,0,0,1,0,2,3,35,6
3000,C1,1,2,5,0,0,0,0,0,0,0,0,0,0,1,0,1,4,26,16
3015,A1,1,6,0,5,0,0,0,0,0,0,0,0,0,1,0,2,6,37,15
3015,B0,0,18,4,2,0,0,0,0,0,0,0,0,0,0,1,1,4,20,6
3015,B1,4,20,4,17,0,0,0,0,0,0,0,0,0,1,0,2,12,69,18
3015,B2,14,0,2,2,0,0,0,0,0,0,0,0,0,1,0,2,3,35,6
3015,C1,3,3,4,0,0,0,0,0,0,0,0,0,0,1,0,2,4,26,16
3030,A1,1,6,0,7,0,0,0,0,0,0,0,0,0,1,0,2,6,37,15
3030,B0,0,18,4,2,0,0,0,0,0,0,0,0,0,1,0,1,4,20,6
3030,B1,4,19,5,18,0,0,0,0,17,0,0,0,0,0,1,1,13,82,18
3030,B2,12,0,4,5,0,0,0,0,0,0,0,0,0,0,1,1,3,35,6
3030,C1,3,4,3,0,0,0,0,0,0,0,0,1,0,1,0,2,4,26,16
3045,A1,4,3,0,8,0,0,0,0,0,0,0,0,0,1,0,2,6,37,15
3045,B0,0,19,3,1,0,0,0,0,0,0,0,0,0,0,1,2,4,20,6
3045,B1,3,19,4,18,0,0,0,0,0,0,0,0,0,0,1,1,13,82,35
3045,B2,15,0,1,5,0,0,0,0,0,0,0,0,0,0,1,1,3,35,6
3045,C1,1,2,3,0,0,0,0,0,0,0,0,0,0,0,1,1,4,26,16
3060,A1,1,4,0,9,0,0,0,0,0,0,0,0,0,1,0,2,6,37,15
3060,B0,0,18,8,2,0,0,0,0,0,0,0,0,0,0,1,1,4,20,6
3060,B1,3,18,5,19,0,0,0,0,0,0,0,0,0,1,0,1,13,82,35
3060,B2,16,0,1,4,0,0,0,0,0,0,0,0,0,0,1,1,3,35,6
3060,C1,3,1,3,0,0,0,0,0,0,0,0,0,0,1,0,2,4,26,16
3075,A1,1,5,0,11,0,0,0,0,0,0,0,0,0,1,0,2,6,37,15
3075,B0,0,19,10,4,0,0,0,0,0,0,0,0,0,0,1,1,4,20,6
3075,B1,4,18,4,18,0,0,0,0,0,0,0,0,0,1,0,1,13,82,35
3075,B2,14,0,1,4,0,0,0,0,0,0,0,0,0,1,0,1,3,35,6
3075,C1,2,3,3,0,0,0,0,0,0,0,0,0,0,0,1,2,4,26,16
3090,A1,1,4,0,13,0,0,0,0,0,0,0,0,0,0,1,2,6,37,15
3090,B0,0,20,5,2,0,0,0,0,0,0,0,0,0,0,1,1,4,20,6
3090,B1,3,19,3,19,0,0,0,0,0,0,0,0,0,0,1,2,13,82,35
3090,B2,15,0,2,5,0,0,0,0,0,0,0,0,0,0,1,1,3,35,6
3090,C1,2,2,5,0,0,0,0,0,0,0,0,0,0,1,0,1,5,30,17
3105,A1,1,5,0,12,0,0,0,0,0,0,0,0,0,1,0,2,6,37,15
3105,B0,0,20,5,2,0,0,0,0,0,0,0,0,0,0,1,1,4,20,6
3105,B1,2,19,2,19,0,0,0,0,19,0,0,0,0,0,1,1,14,89,35
3105,B2,15,0,1,3,0,0,0,0,0,0,0,0,0,1,0,2,3,35,6
3105,C1,2,2,3,0,0,0,0,0,0,0,0,1,0,1,0,2,5,30,17
3120,A1,1,4,0,13,0,0,0,0,0,0,0,0,0,1,0,2,6,37,15
3120,B0,0,20,3,2,0,0,0,0,0,0,0,0,0,1,0,1,4,20,6
3120,B1,4,20,1,19,0,0,0,0,19,0,0,0,0,0,1,1,14,119,35
3120,B2,14,0,4,3,0,0,0,0,0,0,0,0,0,0,1,1,3,35,6
3120,C1,1,1,3,0,0,0,0,0,0,0,0,1,0,1,0,1,5,30,17
3135,A1,2,2,0,12,0,0,0,0,0,0,0,0,0,1,0,1,6,37,15
3135,B0,0,18,2,3,0,0,0,0,0,0,0,0,0,0,1,1,4,20,6
3135,B1,7,19,3,20,0,0,0,0,0,0,0,0,0,1,0,2,14,129,54
3135,B2,13,0,3,4,0,0,0,0,0,0,0,0,0,0,1,1,3,35,6
3135,C1,1,1,3,0,0,0,0,0,0,0,0,0,0,1,0,1,5,30,17
3150,A1,2,7,0,11,0,0,0,0,0,0,0,0,0,1,0,2,6,37,15
3150,B0,0,18,5,5,0,0,0,0,0,0,0,0,0,1,0,1,4,20,6
3150,B1,5,17,4,20,0,0,0,0,0,0,0,0,0,1,0,1,14,129,54
3150,B2,11,0,2,5,0,0,0,0,0,0,0,0,0,1,0,1,3,35,6
3150,C1,1,1,1,0,0,0,0,0,0,0,0,0,0,1,0,2,6,31,18
3165,A1,1,3,0,11,0,0,0,0,0,0,0,0,0,1,0,1,6,37,15
3165,B0,0,18,4,1,0,0,0,0,0,0,0,0,0,0,1,1,4,20,6
3165,B1,5,20,3,20,0,0,0,0,0,0,0,0,0,1,0,2,14,129,54
3165,B2,12,0,1,3,0,0,0,0,0,0,0,0,0,0,1,2,3,35,6
3165,C1,1,1,3,0,0,0,0,0,0,0,0,0,0,0,1,1,6,31,18
3180,A1,1,3,0,10,0,1,0,0,0,0,0,0,0,1,0,2,7,43,15
3180,B0,0,19,4,2,0,0,0,0,0,0,0,0,0,1,0,1,4,20,6
3180,B1,2,20,5,20,0,0,0,0,0,0,0,0,0,0,1,1,14,129,54
3180,B2,10,0,1,4,0,0,0,0,0,0,0,0,0,0,1,1,3,35,6
3180,C1,2,1,3,0,0,0,0,0,0,0,0,0,0,1,0,1,6,31,18
3195,A1,2,4,0,10,0,0,0,0,0,0,0,0,0,0,1,2,7,45,17
3195,B0,0,18,5,2,0,0,0,0,0,0,0,0,0,0,1,1,4,20,6
3195,B1,6,19,3,19,0,0,0,0,0,0,0,0,0,1,0,2,14,129,54
3195,B2,11,0,1,8,0,0,0,0,0,0,0,0,0,1,0,1,3,35,6
3195,C1,1,2,2,0,0,0,0,0,0,0,0,0,0,1,0,2,6,31,18
3210,A1,1,3,0,10,0,0,0,0,0,0,0,0,0,1,0,1,7,45,17
3210,B0,0,20,6,1,0,0,0,0,0,0,0,0,0,0,1,1,4,20,6
3210,B1,3,18,4,20,0,0,0,0,0,0,0,0,0,0,1,1,14,129,54
3210,B2,11,0,3,6,0,0,0,0,0,0,0,0,0,0,1,1,3,35,6
3210,C1,4,3,4,0,0,0,0,0,0,0,0,0,0,0,1,2,6,31,18
3225,A1,3,6,0,9,0,0,0,0,0,0,0,0,0,1,0,2,7,45,17
3225,B0,0,20,1,2,0,0,0,0,0,0,0,0,0,0,1,2,4,20,6
3225,B1,2,20,3,19,0,0,0,0,0,0,0,0,0,1,0,1,14,129,54
3225,B2,13,0,1,4,0,0,0,0,0,0,0,0,0,0,1,1,3,35,6
3225,C1,2,2,4,0,0,0,0,0,0,0,0,0,0,0,1,1,6,31,18
3240,A1,1,5,0,9,0,0,0,0,0,0,0,0,0,1,0,2,7,45,17
3240,B0,0,18,3,1,0,0,0,0,0,0,0,0,0,0,1,2,4,20,6
3240,B1,3,19,2,19,0,0,0,0,0,0,0,0,0,0,1,2,14,129,54
3240,B2,13,0,1,5,0,0,0,0,0,0,0,0,0,1,0,1,3,35,6
3240,C1,2,1,5,0,0,0,0,0,0,0,0,0,0,1,0,1,6,31,18
3255,A1,1,4,0,10,0,0,0,0,0,0,0,0,0,1,0,2,7,45,17
3255,B0,0,17,3,3,0,0,0,0,0,0,0,0,0,1,0,1,4,20,6
3255,B1,2,18,5,19,0,0,0,0,0,0,0,0,0,0,1,1,14,129,54
3255,B2,16,0,1,5,0,0,0,0,0,0,0,0,0,0,1,1,3,35,6
3255,C1,3,2,2,0,0,0,0,0,0,0,0,0,0,0,1,2,6,31,18
3270,A1,1,5,0,9,0,0,0,0,0,0,0,0,0,1,0,2,7,45,17
3270,B0,0,18,5,1,0,0,0,0,0,0,0,0,0,0,1,1,4,20,6
3270,B1,3,19,6,20,0,0,0,0,0,0,0,0,0,0,1,1,14,129,54
3270,B2,16,0,3,3,0,0,0,0,0,0,0,0,0,0,1,2,3,35,6
3270,C1,1,1,4,0,0,0,0,0,0,0,0,0,0,0,1,1,6,31,18
3285,A1,1,2,0,10,0,0,0,0,0,0,0,0,0,1,0,1,7,45,17
3285,B0,0,20,6,1,0,0,0,0,0,0,0,0,0,0,1,1,4,20,6
3285,B1,4,20,3,20,0,0,0,0,0,0,0,0,0,0,1,2,14,129,54
3285,B2,13,0,2,3,0,0,0,0,0,0,0,0,0,1,0,2,3,35,6
3285,C1,3,2,2,0,0,0,0,0,0,0,0,0,0,1,0,2,6,31,18
3300,A1,2,4,0,8,0,0,0,0,0,0,0,0,0,1,0,2,7,45,17
3300,B0,0,20,6,2,0,0,0,0,0,0,0,0,0,0,1,1,4,20,6
3300,B1,4,19,3,20,0,0,0,0,0,0,0,0,0,0,1,2,14,129,54
3300,B2,11,0,1,4,0,0,0,0,0,0,0,0,0,0,1,1,3,35,6
3300,C1,3,1,3,0,0,0,0,0,0,0,0,0,0,0,1,2,6,31,18
3315,A1,2,3,0,9,0,0,0,0,0,0,0,0,0,1,0,2,7,45,17
3315,B0,0,20,6,1,0,0,0,0,0,0,0,0,0,0,1,1,4,20,6
3315,B1,3,19,3,19,0,0,0,0,0,0,0,0,0,1,0,2,14,129,54
3315,B2,12,0,1,6,0,0,0,0,0,0,0,0,0,0,1,1,3,35,6
3315,C1,2,1,3,0,0,0,0,0,0,0,0,0,0,1,0,1,6,31,18
3330,A1,2,3,0,9,0,0,0,0,0,0,0,0,0,1,0,2,7,45,17
3330,B0,0,20,8,2,0,0,0,0,0,0,0,0,0,0,1,1,4,20,6
3330,B1,2,18,2,19,0,0,0,0,0,0,0,0,0,1,0,1,14,129,54
3330,B2,10,0,1,3,0,0,0,0,0,0,0,0,0,1,0,2,3,35,6
3330,C1,2,2,3,0,0,0,0,0,0,0,0,0,0,1,0,2,6,31,18
3345,A1,2,2,0,6,0,0,0,0,0,0,0,0,0,0,1,1,7,45,17
3345,B0,0,20,6,1,0,0,0,0,0,0,0,0,0,0,1,1,4,20,6
3345,B1,3,19,2,20,0,0,0,0,0,0,0,0,0,1,0,2,14,129,54
3345,B2,10,0,2,4,0,0,0,0,0,0,0,0,0,0,1,1,3,35,6
3345,C1,1,4,4,0,0,0,0,0,0,0,0,0,0,0,1,2,6,31,18
3360,A1,2,5,0,6,0,0,0,0,0,0,0,0,0,1,0,2,7,45,17
3360,B0,0,20,3,3,0,0,0,0,0,0,0,0,0,0,1,1,4,20,6
3360,B1,1,20,1,20,0,0,0,0,0,0,0,0,0,0,1,2,14,129,54
3360,B2,10,0,1,6,0,0,0,0,0,0,0,0,0,0,1,1,3,35,6
3360,C1,5,4,3,0,0,0,0,0,0,0,0,0,0,0,1,2,6,31,18
3375,A1,3,4,0,5,0,0,0,0,0,0,0,0,0,0,1,2,7,45,17
3375,B0,0,20,4,2,0,0,0,0,0,0,0,0,0,0,1,1,4,20,6
3375,B1,4,20,1,20,0,0,0,0,0,0,0,0,0,1,0,2,14,129,54
3375,B2,11,0,2,3,0,0,0,0,0,0,0,0,0,0,1,2,3,35,6
3375,C1,2,2,3,0,0,0,0,0,0,0,0,0,0,1,0,2,6,31,18
3390,A1,1,5,0,6,0,0,0,0,0,0,0,0,0,1,0,2,7,45,17
3390,B0,0,18,3,3,0,0,0,0,0,0,0,0,0,1,0,1,4,20,6
3390,B1,1,20,1,20,0,0,0,0,0,0,0,0,0,1,0,2,14,129,54
3390,B2,9,0,1,4,0,0,0,0,0,0,0,0,0,0,1,1,3,35,6
3390,C1,2,2,2,0,0,0,0,0,0,0,0,0,0,0,1,2,6,31,18
3405,A1,1,3,0,8,0,0,0,0,0,0,0,0,0,1,0,1,7,45,17
3405,B0,0,18,4,1,0,0,0,0,0,0,0,0,0,0,1,1,4,20,6
3405,B1,1,20,1,20,0,0,0,0,0,0,0,0,0,1,0,2,14,129,54
3405,B2,10,0,3,4,0,0,0,0,0,0,0,0,0,1,0,1,3,35,6
3405,C1,5,2,3,0,0,0,0,0,0,0,0,0,0,1,0,2,6,31,18
3420,A1,1,4,0,6,0,1,0,0,0,0,0,0,0,1,0,2,8,47,17
3420,B0,0,19,2,2,0,0,0,0,0,0,0,0,0,1,0,2,4,20,6
3420,B1,1,20,1,20,0,0,0,0,0,0,0,0,0,1,0,2,14,129,54
3420,B2,11,0,3,3,0,0,0,0,0,0,0,0,0,0,1,1,3,35,6
3420,C1,5,1,3,0,0,0,0,0,0,0,0,0,0,1,0,2,6,31,18
3435,A1,2,1,0,6,0,0,0,0,0,0,0,0,0,1,0,1,8,47,18
3435,B0,0,15,4,4,0,0,0,0,0,0,0,0,0,0,1,1,4,20,6
3435,B1,2,20,1,20,0,0,0,0,0,0,0,0,0,1,0,2,14,129,54
3435,B2,10,0,4,4,0,0,0,0,0,0,0,0,0,1,0,1,3,35,6
3435,C1,2,2,2,0,0,0,0,0,0,0,0,0,0,0,1,2,6,31,18
3450,A1,3,2,0,5,0,0,0,0,0,0,0,0,0,1,0,2,8,47,18
3450,B0,0,19,5,2,0,0,0,0,0,0,0,0,0,0,1,1,4,20,6
3450,B1,1,20,1,20,0,0,0,0,0,0,0,0,0,0,1,2,14,129,54
3450,B2,9,0,3,2,0,0,0,0,0,0,0,0,0,0,1,2,4,42,8
3450,C1,2,3,2,0,0,0,0,0,0,0,0,0,0,1,0,2,6,31,18
3465,A1,2,3,0,5,0,0,0,0,0,0,0,0,0,1,0,2,8,47,18
3465,B0,0,20,3,2,0,0,0,0,0,0,0,0,0,1,0,1,4,20,6
3465,B1,3,20,1,19,0,0,0,0,0,0,0,0,0,1,0,2,14,129,54
3465,B2,7,0,3,3,0,0,0,0,0,0,0,0,0,0,1,1,4,42,8
3465,C1,1,1,2,0,0,0,0,0,0,0,0,0,0,0,1,1,6,31,18
3480,A1,1,4,0,7,0,0,0,0,0,0,0,0,0,1,0,2,8,47,18
3480,B0,0,18,3,2,0,0,0,0,0,0,0,0,0,0,1,1,4,20,6
3480,B1,1,20,1,20,0,0,0,0,0,0,0,0,0,0,1,2,14,129,54
3480,B2,7,0,1,2,0,0,0,0,0,0,0,0,0,1,0,2,4,42,8
3480,C1,2,3,1,0,0,0,0,0,0,0,0,0,0,1,0,2,6,31,18
3495,A1,4,4,0,7,0,0,0,0,0,0,0,0,0,1,0,2,8,47,18
3495,B0,0,20,5,2,0,0,0,0,0,0,0,0,0,0,1,1,4,20,6
3495,B1,1,17,2,19,0,0,0,0,0,0,0,0,0,1,0,1,14,129,54
3495,B2,4,0,2,2,0,0,0,0,0,0,0,0,0,0,1,1,4,42,8
3495,C1,3,1,3,0,0,0,0,0,0,0,0,0,0,1,0,2,6,31,18
3510,A1,2,4,0,8,0,0,0,0,0,0,0,0,0,1,0,2,8,47,18
3510,B0,0,20,4,1,0,0,0,0,0,0,0,0,0,0,1,1,4,20,6
3510,B1,3,18,2,19,0,0,0,0,0,0,0,0,0,1,0,2,15,146,55
3510,B2,2,0,2,3,0,0,0,0,0,0,0,0,0,1,0,1,4,42,8
3510,C1,1,2,3,0,0,0,0,0,0,0,0,0,0,1,0,1,6,31,18
3525,A1,3,4,0,7,0,0,0,0,0,0,0,0,0,1,0,2,8,47,18
3525,B0,0,18,2,5,0,0,0,0,0,0,0,0,0,1,0,1,4,20,6
3525,B1,2,20,1,20,0,0,0,0,0,0,0,0,0,0,1,2,15,146,55
3525,B2,2,0,3,4,0,0,0,0,0,0,0,0,0,0,1,1,4,42,8
3525,C1,1,2,2,0,0,0,0,0,0,0,0,0,0,1,0,2,6,31,18
3540,A1,4,2,0,8,0,0,0,0,0,0,0,0,0,1,0,2,8,47,18
3540,B0,0,17,1,1,0,0,0,0,0,0,0,0,0,1,0,2,4,20,6
3540,B1,1,20,1,19,0,0,0,0,0,0,0,0,0,1,0,2,15,146,55
3540,B2,2,0,2,5,0,0,0,0,0,0,0,0,0,0,1,1,4,42,8
3540,C1,3,5,2,0,0,0,0,0,0,0,0,0,0,1,0,2,6,31,18
3555,A1,4,2,0,6,0,0,0,0,0,0,0,0,0,0,1,2,8,47,18
3555,B0,0,13,2,1,0,0,0,0,0,0,0,0,0,1,0,2,4,20,6
3555,B1,1,20,1,20,0,0,0,0,0,0,0,0,0,0,1,2,15,146,55
3555,B2,4,0,1,4,0,0,0,0,0,0,0,0,0,0,1,1,4,42,8
3555,C1,2,2,3,0,0,0,0,0,0,0,0,0,0,1,0,2,6,31,18
3570,A1,1,5,0,7,0,0,0,0,0,0,0,0,0,1,0,2,8,47,18
3570,B0,0,10,2,2,0,0,0,0,0,0,0,0,0,1,0,2,4,20,6
3570,B1,1,20,4,20,0,0,0,0,0,0,0,0,0,0,1,1,15,146,55
3570,B2,2,0,3,3,0,0,0,0,0,0,0,0,0,1,0,1,4,42,8
3570,C1,3,2,3,0,0,0,0,0,0,0,0,0,0,0,1,2,6,31,18
3585,A1,1,3,0,6,0,0,0,0,0,0,0,0,0,0,1,1,8,47,18
3585,B0,0,15,2,2,0,0,0,0,0,0,0,0,0,0,1,2,4,20,6
3585,B1,1,20,5,18,0,0,0,0,0,0,0,0,0,0,1,1,15,146,55
3585,B2,4,0,1,4,0,0,0,0,0,0,0,0,0,0,1,1,4,42,8
3585,C1,3,1,3,0,0,0,0,0,0,0,0,0,0,1,0,2,6,31,18
3600,A1,1,3,0,6,0,0,0,0,0,0,0,0,0,1,0,1,9,60,21
3600,B0,0,16,1,3,0,0,0,0,0,0,0,0,0,1,0,2,4,20,6
3600,B1,1,20,7,18,0,0,0,0,0,0,0,0,0,0,1,1,15,146,55
3600,B2,2,0,2,4,0,0,0,0,0,0,0,0,0,1,0,1,4,42,8
3600,C1,3,3,2,0,0,0,0,0,0,0,0,0,0,1,0,2,6,31,18
3615,A1,2,3,0,7,0,0,0,0,0,0,0,0,0,1,0,2,9,60,21
3615,B0,0,13,2,5,0,0,0,0,0,0,0,0,0,0,1,1,4,20,6
3615,B1,2,20,5,16,0,0,0,0,0,0,0,0,0,0,1,1,15,146,55
3615,B2,4,0,1,1,0,0,0,0,0,0,0,0,0,1,0,2,5,44,9
3615,C1,5,1,2,0,0,0,0,0,0,0,0,0,0,1,0,2,6,31,18
3630,A1,3,3,0,7,0,0,0,0,0,0,0,0,0,0,1,2,9,60,21
3630,B0,0,16,2,5,0,0,0,0,0,0,0,0,0,1,0,1,4,20,6
3630,B1,2,19,2,15,0,0,0,0,0,0,0,0,0,1,0,2,15,146,55
3630,B2,3,0,2,4,0,0,0,0,0,0,0,0,0,0,1,1,5,44,9
3630,C1,3,3,4,0,0,0,0,0,0,0,0,0,0,1,0,2,6,31,18
3645,A1,2,4,0,6,0,0,0,0,0,0,0,0,0,1,0,2,9,60,21
3645,B0,0,17,1,5,0,0,0,0,0,0,0,0,0,1,0,2,4,20,6
3645,B1,1,18,3,16,0,0,0,0,0,0,0,0,0,0,1,1,15,146,55
3645,B2,4,0,4,2,0,0,0,0,0,0,0,0,0,0,1,1,5,44,9
3645,C1,4,4,4,0,0,0,0,0,0,0,0,0,0,0,1,2,6,31,18
3660,A1,4,4,0,5,0,0,0,0,0,0,0,0,0,1,0,2,9,60,21
3660,B0,0,13,2,8,0,0,0,0,0,0,0,0,0,1,0,1,4,20,6
3660,B1,1,18,1,15,0,0,0,0,0,0,0,0,0,1,0,2,15,146,55
3660,B2,4,0,1,2,0,0,0,0,0,0,0,0,0,1,0,2,5,44,9
3660,C1,5,2,4,0,0,0,0,0,0,0,0,0,0,1,0,2,6,31,18
3675,A1,3,5,0,5,0,0,0,0,0,0,0,0,0,1,0,2,9,60,21
3675,B0,0,16,2,5,0,0,0,0,0,0,0,0,0,0,1,1,4,20,6
3675,B1,1,17,3,14,0,0,0,0,0,0,0,0,0,0,1,1,15,146,55
3675,B2,3,0,1,2,0,0,0,0,0,0,0,0,0,0,1,1,5,44,9
3675,C1,3,3,4,0,0,0,0,0,0,0,0,0,0,1,0,2,6,31,18
3690,A1,2,6,0,7,0,0,0,0,0,0,0,0,0,1,0,2,9,60,21
3690,B0,0,19,2,5,0,0,0,0,0,0,0,0,0,1,0,1,4,20,6
3690,B1,1,20,1,12,0,0,0,0,0,0,0,0,0,1,0,2,15,146,55
3690,B2,5,0,2,3,0,0,0,0,0,0,0,0,0,1,0,1,5,44,9
3690,C1,2,2,4,0,0,0,0,0,0,0,0,0,0,0,1,1,6,31,18
3705,A1,2,4,0,8,0,0,0,0,0,0,0,0,0,1,0,2,9,60,21
3705,B0,0,18,1,4,0,0,0,0,0,0,0,0,0,0,1,2,4,20,6
3705,B1,2,18,4,12,0,0,0,0,0,0,0,0,0,1,0,1,15,146,55
3705,B2,7,0,4,5,0,0,0,0,0,0,0,0,0,0,1,1,5,44,9
3705,C1,1,3,3,0,0,0,0,0,0,0,0,0,0,0,1,2,6,31,18
3720,A1,2,3,0,10,0,0,0,0,0,0,0,0,0,1,0,2,9,60,21
3720,B0,0,15,2,7,0,0,0,0,0,0,0,0,0,1,0,1,4,20,6
3720,B1,3,18,5,10,0,0,0,0,0,0,0,0,0,1,0,1,15,146,55
3720,B2,6,0,1,7,0,0,0,0,0,0,0,0,0,0,1,1,5,44,9
3720,C1,1,1,3,0,0,0,0,0,0,0,0,0,0,1,0,1,6,31,18
3735,A1,3,3,0,10,0,0,0,0,0,0,0,0,0,0,1,2,9,60,21
3735,B0,0,17,3,5,0,0,0,0,0,0,0,0,0,0,1,1,4,20,6
3735,B1,2,18,4,9,0,0,0,0,0,0,0,0,0,0,1,1,15,146,55
3735,B2,7,0,2,6,0,0,0,0,0,0,0,0,0,0,1,1,5,44,9
3735,C1,1,3,1,0,0,0,0,0,0,0,0,0,0,1,0,2,6,31,18
3750,A1,1,4,0,12,0,0,0,0,0,0,0,0,0,1,0,2,9,60,21
3750,B0,0,19,2,3,0,0,0,0,0,0,0,0,0,1,0,1,4,20,6
3750,B1,4,18,4,8,0,0,0,0,0,0,0,0,0,1,0,2,15,146,55
3750,B2,9,0,3,5,0,0,0,0,0,0,0,0,0,0,1,1,5,44,9
3750,C1,2,3,1,0,0,0,0,0,0,0,0,0,0,0,1,2,7,33,19
3765,A1,5,5,0,14,0,0,0,0,0,0,0,0,0,1,0,2,9,60,21
3765,B0,0,18,3,2,0,0,0,0,0,0,0,0,0,0,1,1,4,20,6
3765,B1,2,17,3,7,0,0,0,0,0,0,0,0,0,1,0,2,15,146,55
3765,B2,10,0,3,5,0,0,0,0,0,0,0,0,0,0,1,1,5,44,9
3765,C1,2,1,3,0,0,0,0,0,0,0,0,0,0,1,0,1,7,33,19
3780,A1,3,4,0,16,0,0,0,0,0,0,0,0,0,1,0,2,9,60,21
3780,B0,0,17,2,2,0,0,0,0,0,0,0,0,0,1,0,2,4,20,6
3780,B1,1,18,2,7,0,0,0,0,0,0,0,0,0,0,1,2,15,146,55
3780,B2,11,0,1,4,0,0,0,0,0,0,0,0,0,0,1,1,5,44,9
3780,C1,3,1,3,0,0,0,0,0,0,0,0,0,0,1,0,2,7,33,19
3795,A1,1,10,0,16,0,0,0,0,0,0,0,0,0,1,0,2,9,60,21
3795,B0,0,14,2,2,0,0,0,0,0,0,0,0,0,0,1,2,4,20,6
3795,B1,1,18,3,7,0,0,0,0,0,0,0,0,0,1,0,1,15,146,55
3795,B2,13,0,2,5,0,0,0,0,0,0,0,0,0,0,1,1,5,44,9
3795,C1,4,6,3,0,0,0,0,0,0,0,0,0,0,0,1,2,8,38,21
3810,A1,2,8,0,18,0,0,0,0,0,0,0,0,0,1,0,2,9,60,21
3810,B0,0,17,2,2,0,0,0,0,0,0,0,0,0,0,1,2,4,20,6
3810,B1,1,19,4,7,0,0,0,0,0,0,0,0,0,0,1,1,15,146,55
3810,B2,16,0,5,3,0,0,0,0,0,0,0,0,0,0,1,1,5,44,9
3810,C1,3,1,2,0,0,0,0,0,0,0,0,0,0,0,1,2,9,43,26
3825,A1,2,7,0,19,0,0,0,0,0,0,0,0,0,1,0,2,9,60,21
3825,B0,0,16,1,2,0,0,0,0,0,0,0,0,0,1,0,2,4,20,6
3825,B1,1,18,3,8,0,0,0,0,0,0,0,0,0,0,1,1,15,146,55
3825,B2,13,0,2,3,0,0,0,0,0,0,0,0,0,1,0,2,5,44,9
3825,C1,2,3,4,0,0,0,0,0,0,0,0,0,0,1,0,2,9,43,26
3840,A1,1,8,0,19,0,0,0,0,0,0,0,0,0,1,0,2,9,60,21
3840,B0,0,14,1,5,0,0,0,0,0,0,0,0,0,0,1,2,4,20,6
3840,B1,1,17,4,7,0,0,0,0,0,0,0,0,0,1,0,1,16,154,56
3840,B2,14,0,1,5,0,0,0,0,0,0,0,0,0,0,1,1,5,44,9
3840,C1,3,1,3,0,0,0,0,0,0,0,0,0,0,0,1,2,9,43,26
3855,A1,4,12,0,20,0,0,0,0,0,0,0,0,0,1,0,2,9,60,21
3855,B0,0,16,1,5,0,0,0,0,0,0,0,0,0,1,0,2,4,20,6
3855,B1,1,18,1,7,0,0,0,0,0,0,0,0,0,0,1,2,16,154,56
3855,B2,14,0,3,5,0,0,0,0,0,0,0,0,0,0,1,1,5,44,9
3855,C1,4,1,6,0,0,0,0,0,0,0,0,0,0,1,0,2,9,43,26
3870,A1,3,11,0,20,0,0,0,0,0,0,0,0,0,1,0,2,9,60,21
3870,B0,0,16,1,4,0,0,0,0,0,0,0,0,0,1,0,2,4,20,6
3870,B1,2,16,2,8,0,0,0,0,0,0,0,0,0,1,0,2,17,158,57
3870,B2,15,0,1,3,0,0,0,0,0,0,0,0,0,1,0,2,5,44,9
3870,C1,4,2,6,0,0,0,0,0,0,0,0,0,0,1,0,2,9,43,26
3885,A1,2,12,0,20,0,0,0,0,0,0,0,0,0,1,0,2,9,60,21
3885,B0,0,17,1,3,0,0,0,0,0,0,0,0,0,0,1,2,4,20,6
3885,B1,1,11,3,8,0,0,0,0,0,0,0,0,0,1,0,1,17,158,57
3885,B2,15,0,1,5,0,0,0,0,0,0,0,0,0,0,1,1,5,44,9
3885,C1,4,2,6,0,0,0,0,0,0,0,0,0,0,0,1,2,9,43,26
3900,A1,5,11,0,20,0,0,0,0,0,0,0,0,0,1,0,2,9,60,21
3900,B0,0,16,1,4,0,0,0,0,0,0,0,0,0,1,0,2,4,20,6
3900,B1,2,15,1,9,0,0,0,0,0,0,0,0,0,1,0,2,17,158,57
3900,B2,15,0,1,5,0,0,0,0,0,0,0,0,0,0,1,1,5,44,9
3900,C1,3,2,9,0,0,0,0,0,0,0,0,0,0,0,1,1,9,43,26
3915,A1,2,12,0,20,0,0,0,0,0,0,0,0,0,1,0,2,9,60,21
3915,B0,0,14,1,3,0,0,0,0,0,0,0,0,0,0,1,2,4,20,6
3915,B1,2,13,2,10,0,0,0,0,0,0,0,0,0,1,0,2,17,158,57
3915,B2,15,0,1,6,0,0,0,0,0,0,0,0,0,0,1,1,5,44,9
3915,C1,3,1,8,0,0,0,0,0,0,0,0,0,0,1,0,1,9,43,26
3930,A1,2,10,0,20,0,0,0,0,0,0,0,0,0,1,0,2,9,60,21
3930,B0,0,15,1,5,0,0,0,0,0,0,0,0,0,1,0,2,4,20,6
3930,B1,1,15,4,10,0,0,0,0,0,0,0,0,0,0,1,1,17,158,57
3930,B2,15,0,1,2,0,0,0,0,0,0,0,0,0,0,1,2,5,44,9
3930,C1,4,2,4,0,0,0,0,0,0,0,0,0,0,0,1,2,9,43,26
3945,A1,4,8,0,20,0,0,0,0,0,0,0,0,0,1,0,2,9,60,21
3945,B0,0,11,1,6,0,0,0,0,0,0,0,0,0,1,0,2,4,20,6
3945,B1,2,19,3,8,0,0,0,0,0,0,0,0,0,1,0,2,18,162,58
3945,B2,11,0,2,4,0,0,0,0,0,0,0,0,0,1,0,1,5,44,9
3945,C1,6,2,6,0,0,0,0,0,0,0,0,0,0,1,0,2,9,43,26
3960,A1,1,8,0,20,0,0,0,0,0,0,0,0,0,1,0,2,9,60,21
3960,B0,0,15,1,8,0,0,0,0,0,0,1,0,0,1,0,1,4,20,6
3960,B1,1,19,2,9,0,1,0,0,0,0,0,0,0,1,0,2,19,182,58
3960,B2,13,0,2,4,0,0,0,0,0,0,0,0,0,0,1,1,5,44,9
3960,C1,4,1,7,0,0,0,0,0,0,0,0,0,0,1,0,1,9,43,26
3975,A1,1,5,0,20,0,0,0,0,0,0,0,0,0,1,0,2,9,60,21
3975,B0,0,18,1,6,0,0,0,1,0,0,0,0,0,0,1,1,5,43,6
3975,B1,1,14,5,8,0,0,0,0,0,0,0,0,0,1,0,1,19,206,59
3975,B2,12,0,2,3,0,0,0,0,0,0,0,0,0,1,0,2,5,44,9
3975,C1,7,2,7,0,0,0,0,0,0,0,0,0,0,1,0,2,9,43,26
3990,A1,1,4,0,20,0,0,0,0,0,0,0,0,0,1,0,2,9,60,21
3990,B0,0,18,3,7,0,0,0,0,0,0,0,0,0,1,0,1,5,51,7
3990,B1,2,16,6,8,0,0,0,0,0,0,0,0,0,0,1,1,19,206,59
3990,B2,12,0,2,5,0,0,0,0,0,0,0,0,0,0,1,1,5,44,9
3990,C1,8,1,8,0,0,0,0,0,0,0,0,0,0,1,0,2,9,43,26
4005,A1,2,4,0,20,0,0,0,0,0,0,0,0,0,1,0,2,9,60,21
4005,B0,0,18,4,2,0,0,0,0,0,0,0,0,0,0,1,1,5,51,7
4005,B1,2,20,3,7,0,0,0,0,0,0,0,0,0,1,0,2,19,206,59
4005,B2,12,0,3,2,0,0,0,0,0,0,0,0,0,1,0,2,5,44,9
4005,C1,5,1,10,0,0,0,0,0,0,0,0,0,0,1,0,2,9,43,26
4020,A1,1,6,0,20,0,0,0,0,0,0,0,0,0,1,0,2,9,60,21
4020,B0,0,20,4,3,0,0,0,0,0,0,0,0,0,0,1,1,5,51,7
4020,B1,2,19,4,7,0,0,0,0,0,0,0,0,0,0,1,2,19,206,59
4020,B2,12,0,3,2,0,0,0,0,0,0,0,0,0,0,1,2,6,56,11
4020,C1,3,1,8,0,0,0,0,0,0,0,0,0,0,0,1,1,9,43,26
4035,A1,1,6,0,20,0,0,0,0,0,0,0,0,0,1,0,2,9,60,21
4035,B0,0,20,5,2,0,0,0,0,0,0,0,0,0,0,1,1,5,51,7
4035,B1,1,18,4,8,0,0,0,0,0,0,0,0,0,0,1,1,19,206,59
4035,B2,12,0,1,3,0,0,0,0,0,0,0,0,0,0,1,2,7,67,13
4035,C1,3,1,8,0,0,0,0,0,0,0,0,0,0,1,0,1,9,43,26
4050,A1,2,8,0,19,0,0,0,0,0,0,0,0,0,1,0,2,9,60,21
4050,B0,0,20,5,1,0,0,0,0,0,0,0,0,0,0,1,1,5,51,7
4050,B1,1,17,2,6,0,0,0,0,0,0,0,0,0,1,0,2,19,206,59
4050,B2,12,0,1,6,0,0,0,0,0,0,0,0,0,0,1,1,7,67,13
4050,C1,3,2,6,0,0,0,0,0,0,0,0,0,0,0,1,2,9,43,26
4065,A1,3,5,0,20,0,0,0,0,0,0,0,0,0,1,0,2,9,60,21
4065,B0,0,18,4,1,0,0,0,0,0,0,0,0,0,1,0,1,5,51,7
4065,B1,1,16,3,4,0,0,0,0,0,0,0,0,0,0,1,1,19,206,59
4065,B2,14,0,3,3,0,0,0,0,0,0,0,0,0,0,1,2,7,67,13
4065,C1,2,3,8,0,0,0,0,0,0,0,0,0,0,1,0,2,9,43,26
4080,A1,3,8,0,20,0,0,0,0,0,0,0,0,0,1,0,2,9,60,21
4080,B0,0,18,4,2,0,0,0,0,0,0,0,0,0,1,0,1,5,51,7
4080,B1,2,20,3,3,0,0,0,0,0,0,0,0,0,0,1,2,19,206,59
4080,B2,12,0,3,3,0,0,0,0,0,0,0,0,0,1,0,1,7,67,13
4080,C1,2,3,6,0,0,0,0,0,0,0,0,0,0,0,1,2,9,43,26
4095,A1,1,7,0,20,0,0,0,0,0,0,0,0,0,1,0,2,9,60,21
4095,B0,0,18,4,3,0,0,0,0,0,0,0,0,0,0,1,1,5,51,7
4095,B1,3,17,3,6,0,0,0,0,0,0,0,0,0,1,0,2,19,206,59
4095,B2,14,0,2,5,0,0,0,0,0,0,0,0,0,0,1,1,7,67,13
4095,C1,2,1,5,0,0,0,0,0,0,0,0,0,0,0,1,1,10,44,28
4110,A1,3,8,0,20,0,0,0,0,0,0,0,0,0,1,0,2,9,60,21
4110,B0,0,20,5,2,0,0,0,0,0,0,0,0,0,0,1,1,5,51,7
4110,B1,2,14,6,6,0,0,0,0,0,0,0,0,0,1,0,1,19,206,59
4110,B2,12,0,1,4,0,0,0,0,0,0,0,0,0,0,1,1,7,67,13
4110,C1,1,3,4,0,0,0,0,0,0,0,0,0,0,1,0,1,10,44,28
4125,A1,2,8,0,20,0,0,0,0,0,0,0,0,0,1,0,2,9,60,21
4125,B0,0,17,3,1,0,0,0,0,0,0,0,0,0,1,0,2,5,51,7
4125,B1,1,16,5,5,0,0,0,0,0,0,0,0,0,1,0,1,19,206,59
4125,B2,12,0,1,3,0,0,0,0,0,0,0,0,0,0,1,2,7,67,13
4125,C1,2,3,4,0,0,0,0,0,0,0,0,0,0,1,0,2,10,44,28
4140,A1,3,8,0,20,0,0,0,0,0,0,0,0,0,1,0,2,9,60,21
4140,B0,0,14,4,2,0,0,0,0,0,0,0,0,0,0,1,1,5,51,7
4140,B1,1,18,5,6,0,0,0,0,0,0,0,0,0,0,1,1,19,206,59
4140,B2,12,0,2,3,0,0,0,0,0,0,0,0,0,0,1,2,7,67,13
4140,C1,3,3,2,0,0,0,0,0,0,0,0,0,0,0,1,2,10,44,28
4155,A1,2,7,0,20,0,0,0,0,0,0,0,0,0,1,0,2,9,60,21
4155,B0,0,18,2,1,0,0,0,0,0,0,0,0,0,1,0,2,5,51,7
4155,B1,1,18,3,3,0,0,0,0,0,0,0,0,0,0,1,2,19,206,59
4155,B2,10,0,3,3,0,0,0,0,0,0,0,0,0,1,0,1,7,67,13
4155,C1,3,2,2,0,0,0,0,0,0,0,0,0,0,1,0,2,10,44,28
4170,A1,1,7,0,20,0,0,0,0,0,0,0,0,0,1,0,2,9,60,21
4170,B0,0,13,3,2,0,0,0,0,0,0,0,0,0,1,0,1,5,51,7
4170,B1,3,16,5,2,0,0,0,0,0,0,0,0,0,1,0,2,19,206,59
4170,B2,10,0,1,2,0,0,0,0,0,0,0,0,0,1,0,2,7,67,13
4170,C1,2,1,6,0,0,0,0,0,0,0,0,0,0,1,0,1,10,44,28
4185,A1,5,6,0,20,0,0,0,0,0,0,0,0,0,1,0,2,9,60,21
4185,B0,0,16,3,2,0,0,0,0,0,0,0,0,0,0,1,1,5,51,7
4185,B1,2,12,5,3,0,0,0,0,0,0,0,0,0,1,0,1,19,206,59
4185,B2,8,0,2,3,0,0,0,0,0,0,0,0,0,0,1,1,7,67,13
4185,C1,3,2,5,0,0,0,0,0,0,0,0,0,0,0,1,2,10,44,28
4200,A1,2,8,0,20,0,0,0,0,0,0,0,0,0,1,0,2,9,60,21
4200,B0,0,18,3,4,0,0,0,0,0,0,0,0,0,1,0,1,5,51,7
4200,B1,1,12,3,3,0,0,0,0,0,0,0,0,0,0,1,1,19,206,59
4200,B2,7,0,1,4,0,0,0,0,0,0,0,0,0,0,1,1,7,67,13
4200,C1,4,1,5,0,0,0,0,0,0,0,0,0,0,1,0,2,10,44,28
4215,A1,2,9,0,20,0,0,0,0,0,0,0,0,0,1,0,2,9,60,21
4215,B0,0,17,1,4,0,0,0,0,0,0,0,0,0,1,0,2,5,51,7
4215,B1,2,11,4,3,0,0,0,0,0,0,0,0,0,1,0,1,19,206,59
4215,B2,5,0,2,4,0,0,0,0,0,0,0,0,0,1,0,1,7,67,13
4215,C1,3,1,5,0,0,0,0,0,0,0,0,0,0,1,0,1,10,44,28
4230,A1,2,7,0,20,0,0,0,0,0,0,0,0,0,1,0,2,9,60,21
4230,B0,0,17,2,5,0,0,0,0,0,0,0,0,0,0,1,1,5,51,7
4230,B1,3,9,4,5,0,0,0,0,0,0,0,0,0,1,0,1,19,206,59
4230,B2,5,0,2,2,0,0,0,0,0,0,0,0,0,1,0,2,7,67,13
4230,C1,4,2,5,0,0,0,0,0,0,0,0,0,0,1,0,2,10,44,28
4245,A1,1,9,0,20,0,0,0,0,0,0,0,0,0,1,0,2,9,60,21
4245,B0,0,20,2,4,0,0,0,0,0,0,0,0,0,0,1,1,5,51,7
4245,B1,3,9,3,6,0,0,0,0,0,0,0,0,0,1,0,2,19,206,59
4245,B2,5,0,1,4,0,0,0,0,0,0,0,0,0,0,1,1,7,67,13
4245,C1,4,1,6,0,0,0,0,0,0,0,0,0,0,1,0,2,10,44,28
4260,A1,3,6,0,20,0,0,0,0,0,0,0,0,0,1,0,2,9,60,21
4260,B0,0,15,1,6,0,0,0,0,0,0,0,0,0,1,0,2,5,51,7
4260,B1,4,8,1,7,0,0,0,0,0,0,0,0,0,0,1,2,19,206,59
4260,B2,5,0,2,4,0,0,0,0,0,0,0,0,0,1,0,1,7,67,13
4260,C1,7,1,9,0,0,0,0,0,0,0,0,0,0,1,0,2,10,44,28
4275,A1,3,8,0,20,0,0,0,0,0,0,0,0,0,1,0,2,9,60,21
4275,B0,0,15,4,4,0,0,0,0,0,0,0,0,0,0,1,1,5,51,7
4275,B1,4,7,2,9,0,0,0,0,0,0,0,0,0,1,0,2,19,206,59
4275,B2,5,0,1,2,0,0,0,0,0,0,0,0,0,0,1,2,8,75,14
4275,C1,3,3,9,0,0,0,0,0,0,0,0,0,0,0,1,2,10,44,28
4290,A1,1,8,0,20,0,0,0,0,0,0,0,0,0,1,0,2,9,60,21
4290,B0,0,20,2,3,0,0,0,0,0,0,0,0,0,1,0,1,5,51,7
4290,B1,3,8,2,10,0,0,0,0,0,0,0,0,0,1,0,2,19,206,59
4290,B2,4,0,1,2,0,0,0,0,0,0,0,0,0,0,1,2,8,75,14
4290,C1,3,3,7,0,0,0,0,0,0,0,0,0,0,1,0,2,10,44,28
4305,A1,1,9,0,20,0,0,0,0,0,0,0,0,0,1,0,2,9,60,21
4305,B0,0,18,7,2,0,0,0,0,0,0,0,0,0,0,1,1,5,51,7
4305,B1,4,5,3,11,0,0,0,0,0,0,0,0,0,1,0,1,19,206,59
4305,B2,2,0,1,2,0,0,0,0,0,0,0,0,0,0,1,1,8,75,14
4305,C1,3,2,8,0,0,0,0,0,0,0,0,0,0,0,1,1,10,44,28
4320,A1,3,10,0,20,0,0,0,0,0,0,0,0,0,1,0,2,9,60,21
4320,B0,0,20,5,2,0,0,0,0,0,0,0,0,0,0,1,1,5,51,7
4320,B1,5,6,2,12,0,0,0,0,0,0,0,0,0,1,0,2,19,206,59
4320,B2,2,0,2,3,0,0,0,0,0,0,0,0,0,0,1,1,8,75,14
4320,C1,4,3,6,0,0,0,0,0,0,0,0,0,0,1,0,2,10,44,28
4335,A1,2,12,0,20,0,0,0,0,0,0,0,0,0,1,0,2,9,60,21
4335,B0,0,20,4,1,0,0,0,0,0,0,0,0,0,0,1,1,5,51,7
4335,B1,5,8,2,12,0,0,0,0,0,0,0,0,0,0,1,2,19,206,59
4335,B2,3,0,2,1,0,0,0,0,0,0,0,0,0,1,0,1,8,75,14
4335,C1,3,2,4,0,0,0,0,0,0,0,0,0,0,0,1,2,10,44,28
4350,A1,2,10,0,19,0,0,0,0,0,0,0,0,0,1,0,2,9,60,21
4350,B0,0,18,5,2,0,0,0,0,0,0,0,0,0,0,1,1,5,51,7
4350,B1,6,9,2,13,0,0,0,0,0,0,0,0,0,1,0,2,19,206,59
4350,B2,1,0,3,1,0,0,0,0,0,0,0,0,0,0,1,1,8,75,14
4350,C1,5,2,3,0,0,0,0,0,0,0,0,0,0,0,1,2,10,44,28
4365,A1,3,5,0,19,0,0,0,0,0,0,0,0,0,1,0,2,9,60,21
4365,B0,0,19,2,1,0,0,0,0,0,0,0,0,0,0,1,2,5,51,7
4365,B1,6,7,2,16,0,0,0,0,0,0,0,0,0,1,0,2,19,206,59
4365,B2,3,0,2,2,0,0,0,0,0,0,0,0,0,0,1,1,8,75,14
4365,C1,5,1,5,0,0,0,0,0,0,0,0,0,0,1,0,2,10,44,28
4380,A1,4,5,0,20,0,0,0,0,0,0,0,0,0,1,0,2,9,60,21
4380,B0,0,18,4,4,0,0,0,0,0,0,0,0,0,0,1,1,5,51,7
4380,B1,6,10,2,16,0,0,0,0,0,0,0,0,0,0,1,2,19,206,59
4380,B2,3,0,3,4,0,0,0,0,0,0,0,0,0,0,1,1,8,75,14
4380,C1,4,2,6,0,0,0,0,0,0,0,0,0,0,0,1,2,10,44,28
4395,A1,1,3,0,19,0,0,0,0,0,0,0,0,0,0,1,1,9,60,21
4395,B0,0,20,1,2,0,0,0,0,0,0,0,0,0,1,0,2,5,51,7
4395,B1,7,10,4,17,0,0,0,0,0,0,0,0,0,1,0,1,19,206,59
4395,B2,5,0,1,7,0,0,0,0,0,0,0,0,0,0,1,1,8,75,14
4395,C1,3,2,5,0,0,0,0,0,0,0,0,0,0,0,1,2,11,45,29
4410,A1,2,3,0,17,0,0,0,0,0,0,0,0,0,1,0,1,9,60,21
4410,B0,0,18,3,3,0,0,0,0,0,0,0,0,0,0,1,1,5,51,7
4410,B1,9,9,6,15,0,0,0,0,0,0,0,0,0,0,1,1,19,206,59
4410,B2,6,0,1,8,0,0,0,0,0,0,0,0,0,0,1,1,8,75,14
4410,C1,5,1,4,0,0,0,0,0,0,0,0,0,0,1,0,2,12,46,30
4425,A1,3,3,0,18,0,0,0,0,0,0,0,0,0,1,0,2,9,60,21
4425,B0,0,18,4,1,0,0,0,0,0,0,0,0,0,1,0,1,5,51,7
4425,B1,7,9,4,16,0,0,0,0,0,0,0,0,0,1,0,1,19,206,59
4425,B2,6,0,3,3,0,0,0,0,0,0,0,0,0,0,1,1,8,75,14
4425,C1,3,2,5,0,0,0,0,0,0,0,0,0,0,1,0,2,12,46,30
4440,A1,5,3,0,17,0,0,0,0,0,0,0,0,0,0,1,2,9,60,21
4440,B0,0,18,1,2,0,0,0,0,0,0,0,0,0,0,1,2,5,51,7
4440,B1,7,10,3,17,0,0,0,0,0,0,0,0,0,1,0,2,19,206,59
4440,B2,7,0,1,4,0,0,0,0,0,0,0,0,0,0,1,1,8,75,14
4440,C1,4,2,5,0,0,0,0,0,0,0,0,0,0,1,0,2,13,47,32
4455,A1,5,1,0,16,0,0,0,0,0,0,0,0,0,0,1,1,9,60,21
4455,B0,0,15,1,1,0,0,0,0,0,0,0,0,0,1,0,2,5,51,7
4455,B1,8,11,2,19,0,0,0,0,0,0,0,0,0,0,1,2,19,206,59
4455,B2,6,0,2,4,0,0,0,0,0,0,0,0,0,1,0,1,8,75,14
4455,C1,5,1,5,0,0,0,0,0,0,0,0,0,0,1,0,2,13,47,32
4470,A1,6,3,0,15,0,0,0,0,0,0,0,0,0,1,0,2,9,60,21
4470,B0,0,10,1,2,0,0,0,0,0,0,0,0,0,1,0,2,5,51,7
4470,B1,8,8,3,18,0,0,0,0,0,0,0,0,0,1,0,2,19,206,59
4470,B2,7,0,1,2,0,0,0,0,0,0,0,0,0,1,0,2,8,75,14
4470,C1,5,2,5,0,0,0,0,0,0,0,0,0,0,1,0,2,13,47,32
4485,A1,2,4,0,19,0,0,0,0,0,0,0,0,0,0,1,2,9,60,21
4485,B0,0,15,3,2,0,0,0,0,0,0,0,0,0,1,0,1,5,51,7
4485,B1,7,8,1,18,0,0,0,0,0,0,0,0,0,0,1,2,19,206,59
4485,B2,4,0,5,3,0,0,0,0,0,0,0,0,0,0,1,1,8,75,14
4485,C1,6,2,7,0,0,0,0,0,0,0,0,0,0,1,0,2,13,47,32
4500,A1,1,3,0,18,0,0,0,0,0,0,0,0,0,1,0,1,9,60,21
4500,B0,0,17,3,4,0,0,0,0,0,0,0,0,0,0,1,1,5,51,7
4500,B1,7,5,2,18,0,0,0,0,0,0,0,0,0,1,0,2,19,206,59
4500,B2,6,0,3,2,0,0,0,0,0,0,0,0,0,0,1,1,8,75,14
4500,C1,9,3,9,0,0,0,0,0,0,0,0,0,0,1,0,2,13,47,32
4515,A1,4,3,0,18,0,0,0,0,0,0,0,0,0,1,0,2,9,60,21
4515,B0,0,19,1,1,0,0,0,0,0,0,0,0,0,1,0,2,5,51,7
4515,B1,6,4,2,19,0,0,0,0,0,0,0,0,0,0,1,1,19,206,59
4515,B2,6,0,3,4,0,0,0,0,0,0,0,0,0,0,1,1,8,75,14
4515,C1,9,1,11,0,0,0,0,0,0,0,0,0,0,1,0,2,13,47,32
4530,A1,5,3,0,17,0,0,0,0,0,0,0,0,0,0,1,2,9,60,21
4530,B0,0,17,2,1,0,0,0,0,0,0,0,0,0,0,1,2,5,51,7
4530,B1,7,3,1,16,0,0,0,0,0,0,0,0,0,0,1,2,20,214,61
4530,B2,6,0,3,2,0,0,0,0,0,0,0,0,0,1,0,1,8,75,14
4530,C1,10,2,14,0,0,0,0,0,0,0,0,0,0,1,0,2,13,47,32
4545,A1,2,5,0,18,0,0,0,0,0,0,0,0,0,1,0,2,9,60,21
4545,B0,0,15,2,1,0,0,0,0,0,0,0,0,0,1,0,2,5,51,7
4545,B1,7,1,2,17,0,0,0,0,0,0,0,0,0,0,1,1,21,221,62
4545,B2,4,0,4,3,0,0,0,0,0,0,0,0,0,0,1,1,8,75,14
4545,C1,7,2,13,0,0,0,0,0,0,0,0,0,0,0,1,2,13,47,32
4560,A1,2,3,0,20,0,0,0,0,0,0,0,0,0,1,0,1,9,60,21
4560,B0,0,14,5,1,0,0,0,0,0,0,0,0,0,0,1,1,5,51,7
4560,B1,7,2,2,14,0,0,0,0,0,0,0,0,0,0,1,1,21,221,62
4560,B2,4,0,1,5,0,0,0,0,0,0,0,0,0,0,1,1,8,75,14
4560,C1,10,2,13,0,0,0,0,0,0,0,0,0,0,1,0,2,13,47,32
4575,A1,1,5,0,18,0,0,0,0,0,0,0,0,0,1,0,2,10,63,23
4575,B0,0,19,3,1,0,0,0,0,0,0,0,0,0,0,1,2,5,51,7
4575,B1,7,4,1,13,0,0,0,0,0,0,0,0,0,1,0,2,21,221,62
4575,B2,5,0,1,6,0,0,0,0,0,0,0,0,0,0,1,1,8,75,14
4575,C1,11,1,14,0,0,0,0,0,0,0,0,0,0,1,0,2,13,47,32
4590,A1,2,4,0,19,0,0,0,0,0,0,0,0,0,1,0,2,10,63,23
4590,B0,0,16,3,1,0,0,0,0,0,0,0,0,0,1,0,2,5,51,7
4590,B1,5,4,2,14,0,0,0,0,0,0,0,0,0,1,0,2,21,221,62
4590,B2,9,0,2,7,0,0,0,0,0,0,0,0,0,0,1,1,8,75,14
4590,C1,12,3,14,0,0,0,0,0,0,0,0,0,0,1,0,2,13,47,32
4605,A1,1,6,0,20,0,0,0,0,0,0,0,0,0,1,0,2,10,63,23
4605,B0,0,16,5,1,0,0,0,0,0,0,0,0,0,0,1,1,5,51,7
4605,B1,5,4,1,13,0,0,0,0,0,0,0,0,0,0,1,2,21,221,62
4605,B2,11,0,2,8,0,0,0,0,0,0,0,0,0,0,1,1,8,75,14
4605,C1,14,4,14,0,0,0,0,0,0,0,0,0,0,1,0,2,13,47,32
4620,A1,2,6,0,20,0,0,0,0,0,0,0,0,0,1,0,2,10,63,23
4620,B0,0,18,4,1,0,0,0,0,0,0,0,0,0,0,1,1,5,51,7
4620,B1,6,4,4,14,0,0,0,0,0,0,0,0,0,0,1,1,21,221,62
4620,B2,12,0,3,8,0,0,0,0,0,0,0,0,0,0,1,1,8,75,14
4620,C1,17,2,16,0,0,0,0,0,0,0,0,0,0,1,0,2,13,47,32
4635,A1,3,5,0,20,0,0,0,0,0,0,0,0,0,1,0,2,10,63,23
4635,B0,0,16,5,3,0,0,0,0,0,0,0,0,0,0,1,1,5,51,7
4635,B1,5,4,2,16,0,0,0,0,0,0,0,0,0,1,0,1,21,221,62
4635,B2,14,0,2,6,0,0,0,0,0,0,0,0,0,0,1,1,8,75,14
4635,C1,16,4,16,0,0,0,0,0,0,0,0,0,0,1,0,2,13,47,32
4650,A1,2,5,0,20,0,0,0,0,0,0,0,0,0,1,0,2,10,63,23
4650,B0,0,18,3,4,0,0,0,0,0,0,0,0,0,0,1,1,5,51,7
4650,B1,5,7,1,17,0,0,0,0,0,0,0,0,0,0,1,2,22,239,64
4650,B2,15,0,3,8,0,0,0,0,0,0,0,0,0,0,1,1,8,75,14
4650,C1,17,1,16,0,0,0,0,0,0,0,0,0,0,1,0,2,13,47,32
4665,A1,1,3,0,20,0,0,0,0,0,0,0,0,0,1,0,1,10,63,23
4665,B0,0,18,2,2,0,0,0,0,0,0,0,0,0,1,0,2,5,51,7
4665,B1,5,5,2,17,0,0,0,0,0,0,0,0,0,1,0,1,22,239,64
4665,B2,15,0,1,5,0,0,0,0,0,0,0,0,0,0,1,1,8,75,14
4665,C1,18,1,17,0,0,0,0,0,0,0,0,0,0,1,0,2,13,47,32
4680,A1,3,4,0,18,0,0,0,0,0,0,0,0,0,1,0,2,10,63,23
4680,B0,0,16,3,4,0,0,0,2,0,0,0,0,0,0,1,1,6,64,7
4680,B1,4,5,3,17,0,0,0,0,0,0,0,0,0,1,0,1,22,239,64
4680,B2,16,0,2,9,0,0,0,0,0,0,0,0,0,0,1,1,8,75,14
4680,C1,18,1,17,0,0,0,0,0,0,0,0,0,0,1,0,2,13,47,32
4695,A1,2,3,0,16,0,0,0,0,0,0,0,0,0,0,1,1,10,63,23
4695,B0,0,16,1,4,0,0,0,0,0,0,0,0,0,1,0,2,6,75,9
4695,B1,4,7,1,18,0,0,0,0,0,0,0,0,0,0,1,2,22,239,64
4695,B2,17,0,2,8,0,0,0,0,0,0,0,0,0,0,1,1,8,75,14
4695,C1,15,1,18,0,0,0,0,0,0,0,0,0,0,1,0,2,13,47,32
4710,A1,2,4,0,17,0,0,0,0,0,0,0,0,0,1,0,2,10,63,23
4710,B0,0,10,1,2,0,0,0,0,0,0,0,0,0,1,0,2,6,75,9
4710,B1,7,5,2,20,0,0,0,0,0,0,0,0,0,0,1,1,22,239,64
4710,B2,19,0,2,6,0,0,0,0,0,0,0,0,0,0,1,1,8,75,14
4710,C1,14,1,19,0,0,0,0,0,0,0,0,0,0,1,0,2,13,47,32
4725,A1,3,2,0,18,0,0,0,0,0,0,0,0,0,0,1,1,10,63,23
4725,B0,0,5,2,3,0,0,0,0,0,0,0,0,0,1,0,1,6,75,9
4725,B1,7,3,1,20,0,0,0,0,0,0,0,0,0,1,0,1,22,239,64
4725,B2,17,0,2,3,0,0,0,0,0,0,0,0,0,1,0,2,8,75,14
4725,C1,13,2,20,0,0,0,0,0,0,0,0,0,0,1,0,2,13,47,32
4740,A1,2,3,0,17,0,0,0,0,0,0,0,0,0,1,0,1,10,63,23
4740,B0,0,5,1,1,0,0,0,0,0,0,0,0,0,0,1,2,7,76,10
4740,B1,7,6,1,20,0,0,0,0,0,0,0,0,0,0,1,2,22,239,64
4740,B2,11,0,2,3,0,0,0,0,0,0,0,0,0,1,0,2,8,75,14
4740,C1,12,1,18,0,0,0,0,0,0,0,0,0,0,0,1,1,13,47,32
4755,A1,1,3,0,18,0,0,0,0,0,0,0,0,0,1,0,1,10,63,23
4755,B0,0,5,5,1,0,0,0,0,0,0,0,0,0,0,1,1,7,76,10
4755,B1,7,3,1,20,0,0,0,0,0,0,0,0,0,0,1,1,22,239,64
4755,B2,8,0,2,4,0,0,0,0,0,0,0,0,0,1,0,1,8,75,14
4755,C1,12,2,17,0,0,0,0,0,0,0,0,0,0,1,0,2,13,47,32
4770,A1,5,2,0,18,0,0,0,0,0,0,0,0,0,1,0,2,10,63,23
4770,B0,0,7,3,1,0,0,0,0,0,0,0,0,0,1,0,1,7,76,10
4770,B1,7,3,1,18,0,0,0,0,0,0,0,0,0,0,1,1,22,239,64
4770,B2,8,0,1,2,0,0,0,0,0,0,0,0,0,0,1,2,8,75,14
4770,C1,13,1,20,0,0,0,0,0,0,0,0,0,0,1,0,2,13,47,32
4785,A1,3,3,0,19,0,0,0,0,0,0,0,0,0,1,0,2,10,63,23
4785,B0,0,6,4,1,0,0,0,0,0,0,0,0,0,0,1,1,8,84,11
4785,B1,9,4,1,20,0,0,0,0,0,0,0,0,0,0,1,2,22,239,64
4785,B2,7,0,3,3,0,0,0,0,0,0,0,0,0,0,1,1,8,75,14
4785,C1,11,4,17,0,0,0,0,0,0,0,0,0,0,0,1,2,13,47,32
4800,A1,1,7,0,20,0,0,0,0,0,0,0,0,0,1,0,2,10,63,23
4800,B0,0,8,3,1,0,0,0,0,0,0,0,0,0,0,1,1,8,84,11
4800,B1,8,5,2,20,0,0,0,0,0,0,0,0,0,0,1,1,22,239,64
4800,B2,6,0,4,3,0,0,0,0,0,0,0,0,0,1,0,1,8,75,14
4800,C1,12,3,17,0,0,0,0,0,0,0,0,0,0,1,0,2,13,47,32
4815,A1,2,5,0,20,0,0,0,0,0,0,0,0,0,1,0,2,10,63,23
4815,B0,0,8,4,1,0,0,0,0,0,0,0,0,0,0,1,1,8,84,11
4815,B1,8,5,4,20,0,0,0,0,0,0,0,0,0,1,0,1,22,239,64
4815,B2,6,0,2,2,0,0,0,0,0,0,0,0,0,1,0,2,8,75,14
4815,C1,11,3,19,0,0,0,0,0,0,0,0,0,0,0,1,2,13,47,32
4830,A1,1,5,0,20,0,0,0,0,0,0,0,0,0,1,0,2,10,63,23
4830,B0,0,9,3,1,0,0,0,0,0,0,0,0,0,0,1,1,8,84,11
4830,B1,7,5,2,19,0,0,0,0,0,0,0,0,0,0,1,1,22,239,64
4830,B2,4,0,5,2,0,0,0,0,0,0,0,0,0,0,1,1,8,75,14
4830,C1,13,3,18,0,0,0,0,0,0,0,0,0,0,1,0,2,13,47,32
4845,A1,1,4,0,18,0,0,0,0,0,0,0,0,0,0,1,2,10,63,23
4845,B0,0,8,3,2,0,0,0,0,0,0,0,0,0,0,1,1,8,84,11
4845,B1,8,3,1,20,0,0,0,0,0,0,0,0,0,0,1,1,22,239,64
4845,B2,5,0,5,3,0,0,0,0,0,0,0,0,0,1,0,1,8,75,14
4845,C1,11,6,18,0,0,0,0,0,0,0,0,0,0,0,1,2,13,47,32
4860,A1,1,4,0,18,0,0,0,0,0,0,0,0,0,1,0,2,10,63,23
4860,B0,0,8,2,3,0,0,0,0,0,0,0,0,0,1,0,1,8,84,11
4860,B1,9,5,2,20,0,0,0,0,0,0,0,0,0,1,0,2,22,239,64
4860,B2,6,0,2,4,0,0,0,0,0,0,0,0,0,0,1,1,8,75,14
4860,C1,9,2,17,0,0,0,0,0,0,0,0,0,0,0,1,2,13,47,32
4875,A1,1,5,0,20,0,0,0,0,0,0,0,0,0,1,0,2,10,63,23
4875,B0,0,8,6,1,0,0,0,0,0,0,0,0,0,0,1,1,8,84,11
4875,B1,8,3,2,20,0,0,0,0,0,0,0,0,0,1,0,1,22,239,64
4875,B2,7,0,3,4,0,0,0,0,0,0,0,0,0,1,0,1,8,75,14
4875,C1,8,2,18,0,0,0,0,0,0,0,0,0,0,0,1,1,13,47,32
4890,A1,1,2,0,18,0,0,0,0,0,0,0,0,0,0,1,1,10,63,23
4890,B0,0,11,2,2,0,0,0,0,0,0,0,0,0,1,0,2,8,84,11
4890,B1,8,4,1,20,0,0,0,0,0,0,0,0,0,1,0,2,22,239,64
4890,B2,7,0,3,4,0,0,0,0,0,0,0,0,0,0,1,1,8,75,14
4890,C1,10,2,18,0,0,0,0,0,0,0,0,0,0,1,0,2,13,47,32
4905,A1,3,2,0,12,0,0,0,0,0,0,0,0,0,0,1,1,10,63,23
4905,B0,0,9,2,4,0,0,0,0,0,0,0,0,0,0,1,1,8,84,11
4905,B1,9,4,3,20,0,0,0,0,0,0,0,0,0,0,1,1,22,239,64
4905,B2,7,0,1,4,0,0,0,0,0,0,0,0,0,0,1,1,8,75,14
4905,C1,10,3,18,0,0,0,0,0,0,0,0,0,0,1,0,2,13,47,32
4920,A1,3,2,0,10,0,0,0,0,0,0,0,0,0,0,1,1,10,63,23
4920,B0,0,9,1,4,0,0,0,0,0,0,0,0,0,1,0,1,8,84,11
4920,B1,8,3,1,20,0,0,0,0,0,0,0,0,0,1,0,1,22,239,64
4920,B2,6,0,2,3,0,0,0,0,0,0,0,0,0,0,1,1,8,75,14
4920,C1,9,2,17,0,0,0,0,0,0,0,0,0,0,0,1,2,13,47,32
4935,A1,4,4,0,15,0,0,0,0,0,0,0,0,1,1,0,2,10,63,23
4935,B0,0,4,1,2,0,0,0,0,0,0,0,0,0,1,0,2,8,84,11
4935,B1,7,4,1,20,0,0,0,1,0,0,0,0,0,0,1,1,23,260,64
4935,B2,5,0,1,4,0,0,0,0,0,0,0,0,0,1,0,1,8,75,14
4935,C1,10,1,18,0,0,0,0,0,0,0,0,0,0,1,0,1,13,47,32
4950,A1,2,6,0,20,0,0,0,0,0,0,0,0,1,1,0,2,10,63,23
4950,B0,0,3,4,2,0,0,0,0,0,0,0,0,0,0,1,1,8,84,11
4950,B1,7,4,1,20,0,0,0,1,0,0,0,0,0,0,1,1,23,290,64
4950,B2,8,0,2,3,0,0,0,0,0,0,0,0,0,0,1,1,8,75,14
4950,C1,11,4,18,0,0,0,0,0,0,0,0,0,0,1,0,2,13,47,32
4965,A1,1,5,0,20,0,0,0,0,0,0,0,0,0,1,0,2,10,63,23
4965,B0,0,3,4,2,0,0,0,0,0,0,0,0,0,0,1,1,8,84,11
4965,B1,8,2,2,17,0,0,0,0,0,0,0,0,0,1,0,1,23,299,65
4965,B2,8,0,3,3,0,0,0,0,0,0,0,0,0,0,1,1,8,75,14
4965,C1,13,1,19,0,0,0,0,0,0,0,0,0,0,1,0,2,13,47,32
4980,A1,2,4,0,20,0,0,0,0,0,0,0,0,0,1,0,2,10,63,23
4980,B0,0,4,3,3,0,0,0,0,0,0,0,0,0,0,1,1,8,84,11
4980,B1,7,2,1,19,0,0,0,0,0,0,0,0,0,0,1,1,23,299,65
4980,B2,5,0,4,3,0,0,0,0,0,0,0,0,0,1,0,1,8,75,14
4980,C1,13,2,17,0,0,0,0,0,0,0,0,0,0,0,1,2,13,47,32
4995,A1,2,7,0,18,0,0,0,0,0,0,0,0,0,0,1,2,10,63,23
4995,B0,0,6,3,5,0,0,0,0,0,0,0,0,0,0,1,1,8,84,11
4995,B1,7,3,2,19,0,0,0,0,0,0,0,0,0,1,0,1,23,299,65
4995,B2,6,0,2,4,0,0,0,0,0,0,0,0,0,0,1,1,8,75,14
4995,C1,15,1,18,0,0,0,0,0,0,0,0,0,0,1,0,2,13,47,32
5010,A1,1,7,0,18,0,0,0,0,0,0,0,0,0,1,0,2,10,63,23
5010,B0,0,6,2,1,0,0,0,0,0,0,0,0,0,1,0,2,8,84,11
5010,B1,7,3,2,16,0,0,0,0,0,0,0,0,0,0,1,1,23,299,65
5010,B2,7,0,3,5,0,0,0,0,0,0,0,0,0,0,1,1,8,75,14
5010,C1,14,1,20,0,0,0,0,0,0,0,0,0,0,1,0,2,13,47,32
5025,A1,2,4,0,20,0,0,0,0,0,0,0,0,0,1,0,2,10,63,23
5025,B0,0,5,2,2,0,0,0,0,0,0,0,0,0,0,1,1,8,84,11
5025,B1,11,8,2,15,0,0,0,0,0,0,0,0,0,1,0,2,23,299,65
5025,B2,9,0,1,4,0,0,0,0,0,0,0,0,0,0,1,1,8,75,14
5025,C1,13,1,20,0,0,0,0,0,0,0,0,0,0,1,0,2,13,47,32
5040,A1,1,5,0,18,0,0,0,0,0,0,0,0,0,0,1,2,10,63,23
5040,B0,0,4,1,1,0,0,0,0,0,0,0,0,0,1,0,2,8,84,11
5040,B1,10,8,2,20,0,0,0,0,0,0,0,0,0,1,0,2,23,299,65
5040,B2,9,0,3,6,0,0,0,0,0,0,0,0,0,1,0,1,8,75,14
5040,C1,14,3,18,0,0,0,0,0,0,0,0,0,0,1,0,2,13,47,32
5055,A1,2,5,0,18,0,0,0,0,0,0,0,0,0,1,0,2,10,63,23
5055,B0,0,4,2,1,0,0,0,0,0,0,0,0,0,0,1,2,8,84,11
5055,B1,8,7,2,20,0,0,0,0,0,0,0,0,0,0,1,1,23,299,65
5055,B2,13,0,1,6,0,0,0,0,0,0,0,0,0,0,1,1,8,75,14
5055,C1,14,5,19,0,0,0,0,0,0,0,0,0,0,1,0,2,13,47,32
5070,A1,1,4,0,18,0,0,0,0,0,0,0,0,0,0,1,2,10,63,23
5070,B0,0,4,3,2,0,0,0,0,0,0,0,0,0,0,1,1,8,84,11
5070,B1,7,5,2,19,0,0,0,0,0,0,0,0,0,0,1,1,23,299,65
5070,B2,14,0,4,4,0,0,0,0,0,0,0,0,0,0,1,1,8,75,14
5070,C1,10,1,20,0,0,0,0,0,0,0,0,0,0,1,0,1,13,47,32
5085,A1,2,4,0,18,0,0,0,0,0,0,0,0,0,1,0,2,10,63,23
5085,B0,0,4,2,2,0,0,0,0,0,0,0,0,0,1,0,1,8,84,11
5085,B1,7,5,2,17,0,0,0,0,0,0,0,0,0,0,1,1,23,299,65
5085,B2,14,0,1,6,0,0,0,0,0,0,0,0,0,0,1,1,8,75,14
5085,C1,12,3,17,0,0,0,0,0,0,0,0,0,0,1,0,2,13,47,32
5100,A1,1,5,0,20,0,0,0,0,0,0,0,0,0,1,0,2,10,63,23
5100,B0,0,3,4,4,0,0,0,0,0,0,0,0,0,1,0,1,8,84,11
5100,B1,8,6,1,17,0,0,0,0,0,0,0,0,0,1,0,2,23,299,65
5100,B2,13,0,3,4,0,0,0,0,0,0,0,0,0,1,0,1,8,75,14
5100,C1,13,1,18,0,0,0,0,0,0,0,0,0,0,1,0,2,13,47,32
5115,A1,3,6,0,20,0,0,0,0,0,0,0,0,0,1,0,2,10,63,23
5115,B0,0,4,4,1,0,0,0,0,0,0,0,0,0,0,1,1,8,84,11
5115,B1,5,8,1,20,0,0,0,0,0,0,0,0,0,0,1,2,23,299,65
5115,B2,15,0,3,3,0,0,0,0,0,0,0,0,0,0,1,2,8,75,14
5115,C1,15,1,20,0,0,0,0,0,0,0,0,0,0,1,0,2,13,47,32
5130,A1,1,4,0,20,0,0,0,0,0,0,0,0,0,1,0,2,10,63,23
5130,B0,0,5,5,1,0,0,0,0,0,0,0,0,0,0,1,1,8,84,11
5130,B1,3,5,1,20,0,0,0,0,0,0,0,0,0,1,0,2,23,299,65
5130,B2,14,0,2,4,0,0,0,0,0,0,0,0,0,0,1,1,8,75,14
5130,C1,17,2,20,0,0,0,0,0,0,0,0,0,0,1,0,2,13,47,32
5145,A1,1,4,0,18,0,0,0,0,0,0,0,0,0,0,1,2,10,63,23
5145,B0,0,6,4,1,0,0,0,0,0,0,0,0,0,0,1,1,8,84,11
5145,B1,6,3,1,20,0,0,0,0,0,0,0,0,0,1,0,1,23,299,65
5145,B2,15,0,4,4,0,0,0,0,0,0,0,0,0,0,1,1,8,75,14
5145,C1,17,1,20,0,0,0,0,0,0,0,0,0,0,1,0,2,13,47,32
5160,A1,1,4,0,19,0,0,0,0,0,0,0,0,0,1,0,2,10,63,23
5160,B0,0,6,5,2,0,0,0,0,0,0,0,0,0,0,1,1,8,84,11
5160,B1,7,3,2,20,0,0,0,0,0,0,0,0,0,0,1,1,23,299,65
5160,B2,15,0,2,2,0,0,0,0,0,0,0,0,0,1,0,2,8,75,14
5160,C1,12,3,20,0,0,0,0,0,0,0,0,0,0,1,0,2,13,47,32
5175,A1,1,4,0,20,0,0,0,0,0,0,0,0,0,1,0,2,10,63,23
5175,B0,0,7,7,2,0,0,0,0,0,0,0,0,0,0,1,1,8,84,11
5175,B1,7,3,3,20,0,0,0,0,0,0,0,0,0,0,1,1,23,299,65
5175,B2,10,0,2,4,0,0,0,0,0,0,0,0,0,1,0,1,8,75,14
5175,C1,12,2,20,0,0,0,0,0,0,0,0,0,0,1,0,2,13,47,32
5190,A1,2,3,0,20,0,0,0,0,0,0,0,0,0,1,0,1,10,63,23
5190,B0,0,7,4,1,0,0,0,0,0,0,0,0,0,0,1,1,8,84,11
5190,B1,7,4,2,20,0,0,0,0,0,0,0,0,0,0,1,1,23,299,65
5190,B2,12,0,1,5,0,0,0,0,0,0,0,0,0,0,1,1,8,75,14
5190,C1,8,4,20,0,0,0,0,0,0,0,0,0,0,1,0,2,13,47,32
5205,A1,3,6,0,18,0,0,0,0,0,0,0,0,0,1,0,2,10,63,23
5205,B0,0,7,2,1,0,0,0,0,0,0,0,0,0,0,1,2,8,84,11
5205,B1,7,5,1,20,0,0,0,0,0,0,0,0,0,1,0,2,23,299,65
5205,B2,13,0,2,5,0,0,0,0,0,0,0,0,0,0,1,1,8,75,14
5205,C1,7,1,18,0,0,0,0,0,0,0,0,0,0,1,0,1,13,47,32
5220,A1,1,6,0,19,0,0,0,0,0,0,0,0,0,1,0,2,10,63,23
5220,B0,0,4,2,1,0,0,0,0,0,0,0,0,0,1,0,2,8,84,11
5220,B1,10,4,3,20,0,0,0,0,0,0,0,0,0,0,1,1,23,299,65
5220,B2,17,0,1,4,0,0,0,0,0,0,0,0,0,0,1,1,8,75,14
5220,C1,7,3,18,0,0,0,0,0,0,0,0,0,0,1,0,2,13,47,32
5235,A1,3,4,0,20,0,0,0,0,0,0,0,0,0,1,0,2,10,63,23
5235,B0,0,5,2,2,0,0,0,0,0,0,0,0,0,0,1,1,8,84,11
5235,B1,11,4,1,20,0,0,0,0,0,0,0,0,0,1,0,2,23,299,65
5235,B2,17,0,1,4,0,0,0,0,0,0,0,0,0,0,1,1,8,75,14
5235,C1,6,1,17,0,0,0,0,0,0,0,0,0,0,0,1,1,13,47,32
5250,A1,1,2,0,19,0,0,0,0,0,0,0,0,0,0,1,1,10,63,23
5250,B0,0,4,3,3,0,0,0,0,0,0,0,0,0,0,1,1,8,84,11
5250,B1,11,4,2,20,0,0,0,0,0,0,0,0,0,0,1,1,23,299,65
5250,B2,14,0,1,3,0,0,0,0,0,0,0,0,0,1,0,2,8,75,14
5250,C1,7,5,16,0,0,0,0,0,0,0,0,0,0,1,0,2,13,47,32
5265,A1,2,1,0,17,0,0,0,0,0,0,0,0,0,1,0,1,10,63,23
5265,B0,0,3,1,1,0,0,0,0,0,0,0,0,0,1,0,2,8,84,11
5265,B1,9,4,2,20,0,0,0,0,0,0,0,0,0,1,0,1,23,299,65
5265,B2,14,0,2,5,0,0,0,0,0,0,0,0,0,0,1,1,8,75,14
5265,C1,6,2,17,0,0,0,0,0,0,0,0,0,0,0,1,1,13,47,32
5280,A1,4,1,0,15,0,0,0,0,0,0,0,0,0,0,1,1,10,63,23
5280,B0,0,2,3,1,0,0,0,0,0,0,0,0,0,0,1,1,8,84,11
5280,B1,9,4,1,20,0,0,0,0,0,0,0,0,0,0,1,2,23,299,65
5280,B2,14,0,1,3,0,0,0,0,0,0,0,0,0,0,1,2,8,75,14
5280,C1,6,1,17,0,0,0,0,0,0,0,0,0,0,1,0,1,13,47,32
5295,A1,5,1,0,10,0,0,0,0,0,0,0,0,0,0,1,1,10,63,23
5295,B0,0,3,1,2,0,0,0,0,0,0,0,0,0,0,1,1,8,84,11
5295,B1,9,3,1,20,0,0,0,0,0,0,0,0,0,0,1,1,23,299,65
5295,B2,12,0,1,5,0,0,0,0,0,0,0,0,0,0,1,1,8,75,14
5295,C1,7,1,18,0,0,0,0,0,0,0,0,0,0,1,0,1,13,47,32
5310,A1,3,3,0,14,0,0,0,0,0,0,0,0,0,1,0,2,10,63,23
5310,B0,0,2,2,2,0,0,0,0,0,0,0,0,0,1,0,1,8,84,11
5310,B1,8,4,1,20,0,0,0,0,0,0,0,0,0,1,0,2,23,299,65
5310,B2,13,0,1,6,0,0,0,0,0,0,0,0,0,0,1,1,8,75,14
5310,C1,6,3,16,0,0,0,0,0,0,0,0,0,0,0,1,2,13,47,32
5325,A1,3,6,0,17,0,0,0,0,0,0,0,0,0,0,1,2,10,63,23
5325,B0,0,2,3,1,0,0,0,0,0,0,0,0,0,1,0,1,8,84,11
5325,B1,5,3,1,19,0,0,0,0,0,0,0,0,0,0,1,1,23,299,65
5325,B2,13,0,2,4,0,0,0,0,0,0,0,0,0,0,1,1,8,75,14
5325,C1,9,1,17,0,0,0,0,0,0,0,0,0,0,1,0,1,13,47,32
5340,A1,5,5,0,18,0,0,0,0,0,0,0,0,0,1,0,2,10,63,23
5340,B0,0,2,1,2,0,0,0,0,0,0,0,0,0,0,1,1,8,84,11
5340,B1,6,4,1,16,0,0,0,0,0,0,0,0,0,0,1,2,23,299,65
5340,B2,14,0,1,4,0,0,0,0,0,0,0,0,0,1,0,1,8,75,14
5340,C1,7,1,18,0,0,0,0,0,0,0,0,0,0,1,0,1,13,47,32
5355,A1,3,4,0,19,0,0,0,0,0,0,0,0,1,0,1,2,10,63,23
5355,B0,0,2,3,1,0,0,0,0,0,0,0,0,0,0,1,1,8,84,11
5355,B1,6,3,2,18,0,0,0,1,0,0,0,0,0,0,1,1,24,301,65
5355,B2,13,0,4,5,0,0,0,0,0,0,0,0,0,0,1,1,8,75,14
5355,C1,9,2,17,0,0,0,0,0,0,0,0,0,0,0,1,2,13,47,32
5370,A1,1,5,0,18,0,0,0,0,0,0,0,0,0,1,0,2,10,63,23
5370,B0,0,5,2,1,0,0,0,0,0,0,0,0,0,0,1,2,8,84,11
5370,B1,6,4,2,19,0,0,0,0,0,0,0,0,0,0,1,1,24,301,66
5370,B2,14,0,2,7,0,0,0,0,0,0,0,0,0,0,1,1,8,75,14
5370,C1,10,1,18,0,0,0,0,0,0,0,0,0,0,1,0,1,13,47,32
5385,A1,2,4,0,18,0,0,0,0,0,0,0,0,0,0,1,2,10,63,23
5385,B0,0,4,3,4,0,0,0,0,0,0,0,0,0,1,0,1,8,84,11
5385,B1,5,4,2,19,0,0,0,0,0,0,0,0,0,1,0,1,24,301,66
5385,B2,16,0,3,6,0,0,0,0,0,0,0,0,0,0,1,1,8,75,14
5385,C1,11,1,15,0,0,0,0,0,0,0,0,0,0,0,1,2,13,47,32
5400,A1,1,5,0,18,0,0,0,0,0,0,0,0,0,1,0,2,10,63,23
5400,B0,0,5,4,1,0,0,0,0,0,0,0,0,0,0,1,1,8,84,11
5400,B1,6,6,1,19,0,0,0,0,0,0,0,0,0,1,0,2,24,301,66
5400,B2,16,0,2,6,0,0,0,0,0,0,0,0,0,0,1,1,8,75,14
5400,C1,11,2,15,0,0,0,0,0,0,0,0,0,0,1,0,2,13,47,32
5415,A1,1,4,0,20,0,0,0,0,0,0,0,0,0,1,0,2,10,63,23
5415,B0,0,6,2,1,0,0,0,0,0,0,0,0,0,0,1,2,8,84,11
5415,B1,6,3,1,20,0,0,0,0,0,0,0,0,0,1,0,1,24,301,66
5415,B2,16,0,1,6,0,0,0,0,0,0,0,0,0,0,1,1,8,75,14
5415,C1,9,1,16,0,0,0,0,0,0,0,0,0,0,1,0,2,13,47,32
5430,A1,2,4,0,20,0,0,0,0,0,0,0,0,0,1,0,2,10,63,23
5430,B0,0,9,6,2,0,0,0,0,0,0,0,0,0,0,1,1,8,84,11
5430,B1,6,4,1,18,0,0,0,0,0,0,0,0,0,0,1,2,24,301,66
5430,B2,17,0,3,8,0,0,0,0,0,0,0,0,0,0,1,1,8,75,14
5430,C1,9,2,16,0,0,0,0,0,0,0,0,0,0,0,1,2,13,47,32
5445,A1,3,4,0,18,0,0,0,0,0,0,0,0,0,0,1,2,10,63,23
5445,B0,0,9,4,3,0,0,0,0,0,0,0,0,0,0,1,1,8,84,11
5445,B1,5,2,1,19,0,0,0,0,0,0,0,0,0,0,1,1,25,305,67
5445,B2,19,0,1,3,0,0,0,0,0,0,0,0,0,0,1,2,8,75,14
5445,C1,7,1,17,0,0,0,0,0,0,0,0,0,0,1,0,1,13,47,32
5460,A1,2,5,0,18,0,0,0,0,0,0,0,0,0,1,0,2,10,63,23
5460,B0,0,11,3,2,0,0,0,0,0,0,0,0,0,0,1,1,8,84,11
5460,B1,6,4,1,16,0,0,0,0,0,0,0,0,0,1,0,2,25,305,67
5460,B2,17,0,2,8,0,0,0,0,0,0,0,0,0,0,1,1,8,75,14
5460,C1,9,2,15,0,0,0,0,0,0,0,0,0,0,1,0,2,13,47,32
5475,A1,1,5,0,20,0,0,0,0,0,0,0,0,0,1,0,2,10,63,23
5475,B0,0,11,4,1,0,0,0,0,0,0,0,0,0,0,1,1,8,84,11
5475,B1,7,4,2,19,0,0,0,0,0,0,0,0,0,1,0,1,25,305,67
5475,B2,18,0,4,6,0,0,0,0,0,0,0,0,0,0,1,1,8,75,14
5475,C1,6,3,15,0,0,0,0,0,0,0,0,0,0,1,0,2,13,47,32
5490,A1,1,4,0,20,0,0,0,0,0,0,0,0,0,1,0,2,10,63,23
5490,B0,0,11,2,4,0,0,0,0,0,0,0,0,0,1,0,1,8,84,11
5490,B1,5,2,1,17,0,0,0,0,0,0,0,0,0,0,1,1,25,305,67
5490,B2,20,0,2,4,0,0,0,0,0,0,0,0,0,0,1,1,8,75,14
5490,C1,7,2,14,0,0,0,0,0,0,0,0,0,0,1,0,2,13,47,32
5505,A1,2,3,0,20,0,0,0,0,0,0,0,0,0,0,1,1,10,63,23
5505,B0,0,11,4,1,0,0,0,0,0,0,0,0,0,0,1,1,8,84,11
5505,B1,7,4,1,13,0,0,0,0,0,0,0,0,0,0,1,2,25,305,67
5505,B2,19,0,5,5,0,0,0,0,0,0,0,0,0,1,0,1,8,75,14
5505,C1,7,2,13,0,0,0,0,0,0,0,0,0,0,1,0,2,13,47,32
5520,A1,1,3,0,18,0,0,0,0,0,0,0,0,0,1,0,1,10,63,23
5520,B0,0,13,2,1,0,0,0,0,0,0,0,0,0,0,1,2,8,84,11
5520,B1,6,5,2,17,0,0,0,0,0,0,0,0,0,1,0,2,25,305,67
5520,B2,18,0,1,4,0,0,0,0,0,0,0,0,0,0,1,1,8,75,14
5520,C1,6,4,13,0,0,0,0,0,0,0,0,0,0,1,0,2,13,47,32
5535,A1,1,5,0,18,0,0,0,0,0,0,0,0,0,1,0,2,10,63,23
5535,B0,0,10,2,2,0,0,0,0,0,0,0,0,0,1,0,2,8,84,11
5535,B1,5,4,2,20,0,0,0,0,0,0,0,0,0,0,1,1,25,305,67
5535,B2,19,0,1,4,0,0,0,0,0,0,0,0,0,1,0,1,8,75,14
5535,C1,4,4,13,0,0,0,0,0,0,0,0,0,0,1,0,2,13,47,32
5550,A1,1,5,0,19,0,0,0,0,0,0,0,0,0,1,0,2,10,63,23
5550,B0,0,9,1,2,0,0,0,0,0,0,0,0,0,0,1,2,8,84,11
5550,B1,4,4,3,19,0,0,0,0,0,0,0,0,0,0,1,1,25,305,67
5550,B2,18,0,1,2,0,0,0,0,0,0,0,0,0,0,1,2,8,75,14
5550,C1,4,2,12,0,0,0,0,0,0,0,0,0,0,1,0,1,13,47,32
5565,A1,2,5,0,20,0,0,0,0,0,0,0,0,0,1,0,2,10,63,23
5565,B0,0,8,2,4,0,0,0,0,0,0,0,0,0,0,1,1,8,84,11
5565,B1,3,3,2,19,0,0,0,0,0,0,0,0,0,1,0,1,25,305,67
5565,B2,18,0,2,4,0,0,0,0,0,0,0,0,0,0,1,1,8,75,14
5565,C1,6,2,11,0,0,0,0,0,0,0,0,0,0,1,0,2,13,47,32
5580,A1,3,5,0,20,0,0,0,0,0,0,0,0,0,1,0,2,10,63,23
5580,B0,0,10,4,1,0,0,0,0,0,0,0,0,0,0,1,1,8,84,11
5580,B1,3,4,1,18,0,0,0,0,0,0,0,0,0,1,0,2,25,305,67
5580,B2,18,0,3,4,0,0,0,0,0,0,0,0,0,1,0,1,8,75,14
5580,C1,6,1,13,0,0,0,0,0,0,0,0,0,0,1,0,2,13,47,32
5595,A1,2,3,0,19,0,0,0,0,0,0,0,0,0,0,1,1,10,63,23
5595,B0,0,8,4,1,0,0,0,0,0,0,0,0,0,1,0,1,8,84,11
5595,B1,3,3,2,17,0,0,0,0,0,0,0,0,0,0,1,1,25,305,67
5595,B2,18,0,1,4,0,0,0,0,0,0,0,0,0,0,1,1,9,83,16
5595,C1,7,2,15,0,0,0,0,0,0,0,0,0,0,0,1,2,13,47,32
5610,A1,3,4,0,16,0,0,0,0,0,0,0,0,0,1,0,2,10,63,23
5610,B0,0,9,6,4,0,0,0,0,0,0,0,0,0,0,1,1,8,84,11
5610,B1,4,3,2,17,0,0,0,0,0,0,0,0,0,0,1,1,25,305,67
5610,B2,18,0,2,5,0,0,0,0,0,0,0,0,0,1,0,1,9,83,16
5610,C1,8,1,13,0,0,0,0,0,0,0,0,0,0,1,0,2,13,47,32
5625,A1,3,5,0,19,0,0,0,0,0,0,0,0,0,1,0,2,10,63,23
5625,B0,0,11,5,2,0,0,0,0,0,0,0,0,0,0,1,1,8,84,11
5625,B1,5,4,1,17,0,0,0,0,0,0,0,0,0,1,0,2,25,305,67
5625,B2,18,0,1,8,0,0,0,0,0,0,0,0,0,0,1,1,10,84,17
5625,C1,7,1,13,0,0,0,0,0,0,0,0,0,0,1,0,2,13,47,32
5640,A1,4,6,0,20,0,0,0,0,0,0,0,0,0,1,0,2,10,63,23
5640,B0,0,12,7,1,0,0,0,0,0,0,0,0,0,0,1,1,8,84,11
5640,B1,7,3,2,17,0,0,0,0,0,0,0,0,0,0,1,1,25,305,67
5640,B2,20,0,2,7,0,0,0,0,0,0,0,0,0,0,1,1,10,84,17
5640,C1,3,3,13,0,0,0,0,0,0,0,0,0,0,1,0,2,13,47,32
5655,A1,1,4,0,20,0,0,0,0,0,0,0,0,0,1,0,2,10,63,23
5655,B0,0,13,7,2,0,0,0,0,0,0,0,0,0,0,1,1,8,84,11
5655,B1,6,2,3,20,0,0,0,0,0,0,0,0,0,1,0,1,25,305,67
5655,B2,20,0,2,3,0,0,0,0,0,0,0,0,0,0,1,2,10,84,17
5655,C1,4,2,11,0,0,0,0,0,0,0,0,0,0,0,1,2,13,47,32
5670,A1,1,3,0,17,0,0,0,0,0,0,0,0,0,0,1,1,10,63,23
5670,B0,0,13,7,1,0,0,0,0,0,0,0,0,0,0,1,1,8,84,11
5670,B1,6,5,7,17,0,0,0,0,0,0,0,0,0,0,1,1,25,305,67
5670,B2,18,0,2,6,0,0,0,0,0,0,0,0,0,0,1,1,10,84,17
5670,C1,7,1,12,0,0,0,0,0,0,0,0,0,0,1,0,2,13,47,32
5685,A1,1,2,0,16,0,0,0,0,0,0,0,0,0,1,0,1,10,63,23
5685,B0,0,15,8,1,0,0,0,0,0,0,0,0,0,0,1,1,8,84,11
5685,B1,8,6,3,18,0,0,0,0,0,0,0,0,0,0,1,1,25,305,67
5685,B2,18,0,1,4,0,0,0,0,0,0,0,0,0,1,0,1,10,84,17
5685,C1,4,3,13,0,0,0,0,0,0,0,0,0,0,1,0,2,13,47,32
5700,A1,3,3,0,16,0,0,0,0,0,0,0,0,0,0,1,2,10,63,23
5700,B0,0,15,5,1,0,0,0,0,0,0,0,0,0,0,1,1,8,84,11
5700,B1,8,7,1,20,0,0,0,0,0,0,0,0,0,1,0,2,25,305,67
5700,B2,18,0,1,4,0,0,0,0,0,0,0,0,0,0,1,1,10,84,17
5700,C1,2,1,14,0,0,0,0,0,0,0,0,0,0,0,1,1,13,47,32
5715,A1,1,2,0,16,0,0,0,0,0,0,0,0,0,0,1,1,10,63,23
5715,B0,0,13,5,3,0,0,0,0,0,0,0,0,0,0,1,1,8,84,11
5715,B1,8,9,2,20,0,0,0,0,0,0,0,0,0,1,0,2,25,305,67
5715,B2,18,0,2,4,0,0,0,0,0,0,0,0,0,1,0,1,10,84,17
5715,C1,2,3,10,0,0,0,0,0,0,0,0,0,0,0,1,1,13,47,32
5730,A1,4,3,0,13,0,0,0,0,0,0,0,0,0,0,1,2,10,63,23
5730,B0,0,14,5,2,0,0,0,0,0,0,0,0,0,0,1,1,8,84,11
5730,B1,7,8,1,17,0,0,0,0,0,0,0,0,0,1,0,2,25,305,67
5730,B2,16,0,1,3,0,0,0,0,0,0,0,0,0,1,0,2,11,85,18
5730,C1,2,1,11,0,0,0,0,0,0,0,0,0,0,1,0,1,13,47,32
5745,A1,1,4,0,17,0,0,0,0,0,0,0,0,0,1,0,2,10,63,23
5745,B0,0,15,4,1,0,0,0,0,0,0,0,0,0,0,1,1,8,84,11
5745,B1,6,8,1,18,0,0,0,0,0,0,0,0,0,1,0,2,25,305,67
5745,B2,16,0,1,5,0,0,0,0,0,0,0,0,0,0,1,1,11,85,18
5745,C1,4,2,7,0,0,0,0,0,0,0,0,0,0,0,1,2,13,47,32
5760,A1,1,3,0,16,0,0,0,0,0,0,0,0,0,0,1,1,10,63,23
5760,B0,0,13,5,2,0,0,0,0,0,0,0,0,0,0,1,1,8,84,11
5760,B1,7,4,1,19,0,0,0,0,0,0,0,0,0,1,0,2,25,305,67
5760,B2,20,0,1,2,0,0,0,0,0,0,0,0,0,1,0,2,11,85,18
5760,C1,5,1,7,0,0,0,0,0,0,0,0,0,0,1,0,2,13,47,32
5775,A1,1,4,0,16,0,0,0,0,0,0,0,0,0,1,0,2,10,63,23
5775,B0,0,15,6,4,0,0,0,0,0,0,0,0,0,1,0,1,8,84,11
5775,B1,5,3,1,19,0,0,0,0,0,0,0,0,0,0,1,1,25,305,67
5775,B2,14,0,3,4,0,0,0,0,0,0,0,0,0,1,0,1,11,85,18
5775,C1,5,1,8,0,0,0,0,0,0,0,0,0,0,1,0,2,13,47,32
5790,A1,2,4,0,18,0,0,0,0,0,0,0,0,0,0,1,2,10,63,23
5790,B0,0,13,7,2,0,0,0,0,0,0,0,0,0,0,1,1,8,84,11
5790,B1,4,1,1,18,0,0,0,0,0,0,0,0,0,1,0,1,25,305,67
5790,B2,15,0,5,4,0,0,0,0,0,0,0,0,0,1,0,1,11,85,18
5790,C1,3,3,10,0,0,0,0,0,0,0,0,0,0,1,0,2,13,47,32
5805,A1,1,2,0,18,0,0,0,0,0,0,0,0,0,0,1,1,10,63,23
5805,B0,0,14,6,2,0,0,0,0,0,0,0,0,0,0,1,1,8,84,11
5805,B1,3,1,2,15,0,0,0,0,0,0,0,0,0,0,1,1,26,310,68
5805,B2,18,0,4,3,0,0,0,0,0,0,0,0,0,0,1,1,11,85,18
5805,C1,3,4,8,0,0,0,0,0,0,0,0,0,0,1,0,2,13,47,32
5820,A1,2,4,0,17,0,0,0,0,0,0,0,0,0,1,0,2,10,63,23
5820,B0,0,16,6,1,0,0,0,0,0,0,0,0,0,0,1,1,8,84,11
5820,B1,5,2,2,8,0,0,0,0,0,0,0,0,0,0,1,1,26,310,68
5820,B2,18,0,8,7,0,0,0,0,0,0,0,0,0,0,1,1,11,85,18
5820,C1,5,3,6,0,0,0,0,0,0,0,0,0,0,0,1,2,13,47,32
5835,A1,2,7,0,17,0,0,0,0,0,0,0,0,0,1,0,2,10,63,23
5835,B0,0,17,6,3,0,0,0,0,0,0,0,0,0,0,1,1,8,84,11
5835,B1,6,3,1,5,0,0,0,0,0,0,0,0,0,1,0,2,26,310,68
5835,B2,18,0,4,7,0,0,0,0,0,0,0,0,0,0,1,1,11,85,18
5835,C1,8,2,6,0,0,0,0,0,0,0,0,0,0,1,0,2,13,47,32
5850,A1,3,7,0,19,0,0,0,0,0,0,0,0,0,1,0,2,10,63,23
5850,B0,0,19,3,3,0,0,0,0,0,0,0,0,0,0,1,1,8,84,11
5850,B1,6,1,2,7,0,0,0,0,0,0,0,0,0,1,0,1,26,310,68
5850,B2,20,0,2,8,0,0,0,0,0,0,0,0,0,0,1,1,11,85,18
5850,C1,7,4,6,0,0,0,0,0,0,0,0,0,0,1,0,2,13,47,32
5865,A1,2,7,0,20,0,0,0,0,0,0,0,0,0,1,0,2,10,63,23
5865,B0,0,18,2,4,0,0,0,0,0,0,0,0,0,1,0,1,8,84,11
5865,B1,7,4,1,6,0,0,0,0,0,0,0,0,0,1,0,2,26,310,68
5865,B2,20,0,2,7,0,0,0,0,0,0,0,0,0,0,1,1,11,85,18
5865,C1,9,1,7,0,0,0,0,0,0,0,0,0,0,1,0,2,13,47,32
5880,A1,2,6,0,20,0,0,0,0,0,0,0,0,0,1,0,2,10,63,23
5880,B0,0,18,2,3,0,0,0,0,0,0,0,0,0,0,1,1,8,84,11
5880,B1,7,1,2,6,0,0,0,0,0,0,0,0,0,0,1,1,26,310,68
5880,B2,20,0,2,8,0,0,0,0,0,0,0,0,0,0,1,1,11,85,18
5880,C1,9,1,8,0,0,0,0,0,0,0,0,0,0,1,0,2,13,47,32
5895,A1,4,4,0,20,0,0,0,0,0,0,0,0,0,1,0,2,10,63,23
5895,B0,0,18,2,3,0,0,0,0,0,0,0,0,0,0,1,1,8,84,11
5895,B1,9,1,1,8,0,0,0,0,0,0,0,0,0,0,1,1,26,310,68
5895,B2,20,0,2,3,0,0,0,0,0,0,0,0,0,0,1,2,11,85,18
5895,C1,9,3,11,0,0,0,0,0,0,0,0,0,0,1,0,2,13,47,32
5910,A1,1,2,0,18,0,0,0,0,0,0,0,0,0,0,1,1,10,63,23
5910,B0,0,19,6,1,0,0,0,0,0,0,0,0,0,0,1,1,8,84,11
5910,B1,10,4,4,6,0,0,0,0,0,0,0,0,0,1,0,2,26,310,68
5910,B2,15,0,2,3,0,0,0,0,0,0,0,0,0,1,0,2,11,85,18
5910,C1,8,1,12,0,0,0,0,0,0,0,0,0,0,1,0,2,13,47,32
5925,A1,1,3,0,13,0,0,0,0,0,0,0,0,0,0,1,1,10,63,23
5925,B0,0,19,2,2,0,0,0,0,0,0,0,0,0,1,0,2,8,84,11
5925,B1,11,5,6,6,0,0,0,0,0,0,0,0,0,1,0,2,26,310,68
5925,B2,13,0,2,3,0,0,0,0,0,0,0,0,0,0,1,2,11,85,18
5925,C1,7,1,12,0,0,0,0,0,0,0,0,0,0,1,0,2,13,47,32
5940,A1,1,3,0,13,0,0,0,0,0,0,0,0,0,1,0,1,10,63,23
5940,B0,0,16,4,1,0,0,0,0,0,0,0,0,0,0,1,1,8,84,11
5940,B1,11,3,5,7,0,0,0,0,0,0,0,0,0,1,0,1,26,310,68
5940,B2,15,0,3,2,0,0,0,0,0,0,0,0,0,1,0,2,11,85,18
5940,C1,7,1,13,0,0,0,0,0,0,0,0,0,0,1,0,2,13,47,32
5955,A1,5,3,0,17,0,0,0,0,0,0,0,0,0,1,0,2,10,63,23
5955,B0,0,16,2,1,0,0,0,0,0,0,0,0,0,1,0,2,8,84,11
5955,B1,11,4,3,9,0,0,0,0,0,0,0,0,0,1,0,2,26,310,68
5955,B2,13,0,5,4,0,0,0,0,0,0,0,0,0,0,1,1,11,85,18
5955,C1,4,1,13,0,0,0,0,0,0,0,0,0,0,1,0,1,13,47,32
5970,A1,1,5,0,19,0,0,0,0,0,0,0,0,0,1,0,2,10,63,23
5970,B0,0,13,3,2,0,0,0,0,0,0,0,0,0,0,1,1,8,84,11
5970,B1,11,3,4,10,0,0,0,0,0,0,0,0,0,0,1,1,26,310,68
5970,B2,19,0,3,2,0,0,0,0,0,0,0,0,0,1,0,2,11,85,18
5970,C1,6,2,11,0,0,0,0,0,0,0,0,0,0,1,0,2,13,47,32
5985,A1,1,2,0,20,0,0,0,0,0,0,0,0,0,1,0,1,10,63,23
5985,B0,0,13,5,2,0,0,0,0,0,0,0,0,0,0,1,1,8,84,11
5985,B1,11,4,4,8,0,0,0,0,0,0,0,0,0,1,0,2,26,310,68
5985,B2,15,0,6,2,0,0,0,0,0,0,0,0,0,1,0,1,11,85,18
5985,C1,7,1,12,0,0,0,0,0,0,0,0,0,0,1,0,2,13,47,32
6000,A1,2,4,0,18,0,0,0,0,0,0,0,0,0,1,0,2,10,63,23
6000,B0,0,13,4,1,0,0,0,0,0,0,0,0,0,1,0,1,8,84,11
6000,B1,10,3,6,8,0,0,0,0,0,0,0,0,0,0,1,1,26,310,68
6000,B2,16,0,7,2,0,0,0,0,0,0,0,0,0,1,0,1,11,85,18
6000,C1,7,1,14,0,0,0,0,0,0,0,0,0,0,1,0,1,13,47,32
6015,A1,2,3,0,18,0,0,0,0,0,0,0,0,0,0,1,1,10,63,23
6015,B0,0,12,4,1,0,0,0,0,0,0,0,0,0,0,1,1,8,84,11
6015,B1,10,4,5,8,0,0,0,0,0,0,0,0,0,0,1,2,26,310,68
6015,B2,17,0,6,2,0,0,0,0,0,0,0,0,0,1,0,2,11,85,18
6015,C1,8,1,13,0,0,0,0,0,0,0,0,0,0,1,0,2,13,47,32
6030,A1,3,5,0,17,0,0,0,0,0,0,0,0,0,1,0,2,10,63,23
6030,B0,0,13,3,2,0,0,0,0,0,0,0,0,0,1,0,1,8,84,11
6030,B1,9,4,5,8,0,0,0,0,0,0,0,0,0,0,1,2,26,310,68
6030,B2,18,0,5,1,0,0,0,0,0,0,0,0,0,0,1,2,11,85,18
6030,C1,10,3,13,0,0,0,0,0,0,0,0,0,0,0,1,2,13,47,32
6045,A1,4,2,0,19,0,0,0,0,0,0,0,0,0,0,1,1,10,63,23
6045,B0,0,13,4,1,0,0,0,0,0,0,0,0,0,0,1,1,8,84,11
6045,B1,9,3,4,9,0,0,0,0,0,0,0,0,0,1,0,1,26,310,68
6045,B2,18,0,5,2,0,0,0,0,0,0,0,0,0,0,1,2,11,85,18
6045,C1,12,4,14,0,0,0,0,0,0,0,0,0,0,1,0,2,13,47,32
6060,A1,2,4,0,15,0,0,0,0,0,0,0,0,0,1,0,2,10,63,23
6060,B0,0,14,5,1,0,0,0,0,0,0,0,0,0,0,1,1,8,84,11
6060,B1,9,3,3,7,0,0,0,0,0,0,0,0,0,1,0,2,26,310,68
6060,B2,17,0,8,2,0,0,0,0,0,0,0,0,0,1,0,1,11,85,18
6060,C1,12,4,15,0,0,0,0,0,0,0,0,0,0,1,0,2,13,47,32
6075,A1,2,2,0,18,0,0,0,0,0,0,0,0,0,1,0,1,10,63,23
6075,B0,0,16,3,2,0,0,0,0,0,0,0,0,0,0,1,1,8,84,11
6075,B1,9,2,3,7,0,0,0,0,0,0,0,0,0,0,1,1,26,310,68
6075,B2,17,0,7,1,0,0,0,0,0,0,0,0,0,1,0,2,11,85,18
6075,C1,11,1,15,0,0,0,0,0,0,0,0,0,0,1,0,2,13,47,32
6090,A1,2,3,0,15,0,0,0,0,0,0,0,0,0,0,1,1,10,63,23
6090,B0,0,16,4,2,0,0,0,0,0,0,0,0,0,0,1,1,8,84,11
6090,B1,8,2,2,6,0,0,0,0,0,0,0,0,0,0,1,1,26,310,68
6090,B2,16,0,9,5,0,0,0,0,0,0,0,0,0,0,1,1,11,85,18
6090,C1,13,1,16,0,0,0,0,0,0,0,0,0,0,1,0,2,13,47,32
6105,A1,2,5,0,15,0,0,0,0,0,0,0,0,0,1,0,2,10,63,23
6105,B0,0,18,3,3,0,0,0,0,0,0,0,0,0,1,0,1,8,84,11
6105,B1,8,3,1,4,0,0,0,0,0,0,0,0,0,1,0,2,26,310,68
6105,B2,17,0,6,6,0,0,0,0,0,0,0,0,0,0,1,1,11,85,18
6105,C1,13,2,16,0,0,0,0,0,0,0,0,0,0,1,0,2,13,47,32
6120,A1,2,4,0,20,0,0,0,0,0,0,0,0,0,1,0,2,10,63,23
6120,B0,0,18,3,3,0,0,0,0,0,0,0,0,0,0,1,1,8,84,11
6120,B1,6,4,2,5,0,0,0,0,0,0,0,0,0,0,1,2,26,310,68
6120,B2,20,0,3,4,0,0,0,0,0,0,0,0,0,0,1,1,11,85,18
6120,C1,14,1,18,0,0,0,0,0,0,0,0,0,0,1,0,2,13,47,32
6135,A1,1,5,0,18,0,0,0,0,0,0,0,0,0,0,1,2,10,63,23
6135,B0,0,17,3,2,0,0,0,0,0,0,0,0,0,1,0,1,8,84,11
6135,B1,6,2,5,6,0,0,0,0,0,0,0,0,0,1,0,1,26,310,68
6135,B2,17,0,5,2,0,0,0,0,0,0,0,0,0,1,0,2,11,85,18
6135,C1,13,3,19,0,0,0,0,0,0,0,0,0,0,1,0,2,13,47,32
6150,A1,2,4,0,17,0,0,0,0,0,0,0,0,0,0,1,2,10,63,23
6150,B0,0,17,5,1,0,0,0,0,0,0,0,0,0,0,1,1,8,84,11
6150,B1,7,3,1,4,0,0,0,0,0,0,0,0,0,0,1,2,26,310,68
6150,B2,15,0,4,4,0,0,0,0,0,0,0,0,0,0,1,1,11,85,18
6150,C1,14,1,19,0,0,0,0,0,0,0,0,0,0,1,0,2,13,47,32
6165,A1,1,4,0,18,0,0,0,0,0,0,0,0,0,1,0,2,10,63,23
6165,B0,0,20,3,1,0,0,0,0,0,0,0,0,0,0,1,2,8,84,11
6165,B1,5,1,1,3,0,0,0,0,0,0,0,0,0,1,0,2,26,310,68
6165,B2,16,0,6,2,0,0,0,0,0,0,0,0,0,1,0,1,11,85,18
6165,C1,15,1,20,0,0,0,0,0,0,0,0,0,0,1,0,2,13,47,32
6180,A1,1,3,0,18,0,0,0,0,0,0,0,0,0,0,1,1,10,63,23
6180,B0,0,18,7,1,0,0,0,0,0,0,0,0,0,0,1,1,8,84,11
6180,B1,6,2,1,4,0,0,0,0,0,0,0,0,0,1,0,2,26,310,68
6180,B2,16,0,5,1,0,0,0,0,0,0,0,0,0,1,0,2,11,85,18
6180,C1,16,1,20,0,0,0,0,0,0,0,0,0,0,1,0,2,13,47,32
6195,A1,3,4,0,14,0,0,0,0,0,0,0,0,0,1,0,2,10,63,23
6195,B0,0,19,7,2,0,0,0,0,0,0,0,0,0,0,1,1,8,84,11
6195,B1,5,2,1,5,0,0,0,0,0,0,0,0,0,0,1,2,26,310,68
6195,B2,15,0,6,1,0,0,0,0,0,0,0,0,0,0,1,2,11,85,18
6195,C1,14,2,20,0,0,0,0,0,0,0,0,0,0,1,0,2,13,47,32
6210,A1,2,4,0,18,0,0,0,0,0,0,0,0,0,1,0,2,10,63,23
6210,B0,0,20,7,1,0,0,0,0,0,0,0,0,0,0,1,1,8,84,11
6210,B1,3,1,1,6,0,0,1,0,0,0,0,0,0,0,1,2,28,317,69
6210,B2,12,0,6,1,0,0,0,0,0,1,0,0,0,1,0,1,11,85,18
6210,C1,14,4,20,0,0,0,0,0,0,0,0,0,0,1,0,2,13,47,32
6225,A1,2,4,0,20,0,0,0,0,0,0,0,0,0,1,0,2,10,63,23
6225,B0,0,20,3,4,0,0,0,0,0,0,0,0,0,0,1,1,8,84,11
6225,B1,4,1,2,5,0,0,0,0,0,0,0,0,0,1,0,1,29,346,73
6225,B2,12,0,4,2,0,0,0,0,0,0,0,0,0,0,1,1,11,85,18
6225,C1,13,2,20,0,0,0,0,0,0,0,0,0,0,1,0,2,13,47,32
6240,A1,3,4,0,18,0,0,0,0,0,0,0,0,0,1,0,2,10,63,23
6240,B0,0,18,3,1,0,0,0,0,0,0,0,0,0,1,0,2,8,84,11
6240,B1,4,2,2,8,0,0,0,0,0,0,0,0,0,0,1,1,29,346,73
6240,B2,8,0,6,2,0,0,0,0,0,0,0,0,0,1,0,1,11,85,18
6240,C1,15,2,20,0,0,0,0,0,0,0,0,0,0,1,0,2,13,47,32
6255,A1,2,4,0,19,0,0,0,0,0,0,0,0,0,1,0,2,10,63,23
6255,B0,0,18,3,1,0,0,0,0,0,0,0,0,0,0,1,2,8,84,11
6255,B1,6,2,1,8,0,0,0,0,0,0,0,0,0,1,0,2,29,346,73
6255,B2,9,0,5,3,0,0,0,0,0,0,0,0,0,0,1,1,11,85,18
6255,C1,16,4,20,0,0,0,0,0,0,0,0,0,0,1,0,2,13,47,32
6270,A1,2,6,0,18,0,0,0,0,0,0,0,0,0,0,1,2,10,63,23
6270,B0,0,18,7,1,0,0,0,0,0,0,0,0,0,0,1,1,8,84,11
6270,B1,3,2,1,8,0,0,0,0,0,0,0,0,0,0,1,1,29,346,73
6270,B2,9,0,2,3,0,0,0,0,0,0,0,0,0,0,1,2,11,85,18
6270,C1,14,1,20,0,0,0,0,0,0,0,0,0,0,1,0,2,13,47,32
6285,A1,1,3,0,18,0,0,0,0,0,0,0,0,0,0,1,1,10,63,23
6285,B0,0,19,4,1,0,0,0,0,0,0,0,0,0,0,1,1,8,84,11
6285,B1,4,4,1,9,0,0,0,0,0,0,0,0,0,1,0,2,29,346,73
6285,B2,6,0,4,3,0,0,0,0,0,0,0,0,0,0,1,1,11,85,18
6285,C1,14,5,20,0,0,0,0,0,0,0,0,0,0,1,0,2,13,47,32
6300,A1,4,3,0,16,0,0,0,0,0,0,0,0,0,1,0,2,10,63,23
6300,B0,0,20,8,1,0,0,0,0,0,0,0,0,0,0,1,1,8,84,11
6300,B1,2,2,2,9,0,0,0,0,0,0,0,0,0,0,1,1,29,346,73
6300,B2,7,0,1,4,0,0,0,0,0,0,0,0,0,0,1,1,11,85,18
6300,C1,14,2,20,0,0,0,0,0,0,0,0,0,0,1,0,2,13,47,32
6315,A1,3,4,0,18,0,0,0,0,0,0,0,0,0,1,0,2,10,63,23
6315,B0,0,20,6,1,0,0,0,0,0,0,0,0,0,0,1,1,8,84,11
6315,B1,5,3,2,5,0,0,0,0,0,0,0,0,0,0,1,2,29,346,73
6315,B2,5,0,2,2,0,0,0,0,0,0,0,0,0,1,0,2,11,85,18
6315,C1,15,2,20,0,0,0,0,0,0,0,0,0,0,1,0,2,13,47,32
6330,A1,2,2,0,18,0,0,0,0,0,0,0,0,0,0,1,1,10,63,23
6330,B0,0,20,2,3,0,0,0,0,0,0,0,0,0,1,0,1,8,84,11
6330,B1,5,3,1,5,0,0,0,0,0,0,0,0,0,1,0,2,29,346,73
6330,B2,6,0,2,4,0,0,0,0,0,0,0,0,0,0,1,1,11,85,18
6330,C1,15,2,20,0,0,0,0,0,0,0,0,0,0,1,0,2,13,47,32
6345,A1,2,6,0,17,0,0,0,0,0,0,0,0,0,1,0,2,10,63,23
6345,B0,0,18,5,1,0,0,0,0,0,0,0,0,0,0,1,1,9,85,13
6345,B1,7,1,1,4,0,0,0,0,0,0,0,0,0,0,1,2,29,346,73
6345,B2,7,0,3,5,0,0,0,0,0,0,0,0,0,0,1,1,11,85,18
6345,C1,15,3,19,0,0,0,0,0,0,0,0,0,0,1,0,2,13,47,32
6360,A1,1,5,0,20,0,0,0,0,0,0,0,0,0,1,0,2,10,63,23
6360,B0,0,20,4,2,0,0,0,0,0,0,0,0,0,0,1,1,9,85,13
6360,B1,6,1,1,4,0,0,0,0,0,0,0,0,0,0,1,1,31,351,75
6360,B2,7,0,2,2,0,0,0,0,0,0,0,0,0,1,0,2,11,85,18
6360,C1,15,1,20,0,0,0,0,0,0,0,0,0,0,1,0,2,13,47,32
6375,A1,2,5,0,19,0,0,0,0,0,0,0,0,0,0,1,2,10,63,23
6375,B0,0,20,5,2,0,0,0,0,0,0,0,0,0,0,1,1,9,85,13
6375,B1,5,1,2,4,0,0,0,0,0,0,0,0,0,1,0,1,31,351,75
6375,B2,6,0,3,1,0,0,0,0,0,0,0,0,0,0,1,2,11,85,18
6375,C1,13,1,20,0,0,0,0,0,0,0,0,0,0,1,0,2,13,47,32
6390,A1,1,4,0,18,0,0,0,0,0,0,0,0,0,1,0,2,11,66,24
6390,B0,0,20,7,3,0,0,0,0,0,0,0,0,0,0,1,1,9,85,13
6390,B1,4,1,2,3,0,0,0,0,0,0,0,0,0,1,0,1,31,351,75
6390,B2,4,0,2,3,0,0,0,0,0,0,0,0,0,0,1,1,11,85,18
6390,C1,12,2,20,0,0,0,0,0,0,0,0,0,0,1,0,2,13,47,32
6405,A1,2,4,0,18,0,0,0,0,0,0,0,0,0,0,1,2,11,66,24
6405,B0,0,20,6,1,0,0,0,0,0,0,0,0,0,0,1,1,9,85,13
6405,B1,3,2,1,2,0,0,0,0,0,0,0,0,0,0,1,2,31,351,75
6405,B2,4,0,4,2,0,0,0,0,0,0,0,0,0,1,0,1,11,85,18
6405,C1,13,1,20,0,0,0,0,0,0,0,0,0,0,1,0,2,13,47,32
6420,A1,1,3,0,18,0,0,0,0,0,0,0,0,0,1,0,1,12,79,26
6420,B0,0,20,2,2,0,0,0,0,0,0,0,0,0,0,1,2,9,85,13
6420,B1,3,1,1,2,0,0,0,0,0,0,0,0,0,0,1,2,31,351,75
6420,B2,6,0,1,1,0,0,0,0,0,0,0,0,0,0,1,2,12,88,20
6420,C1,13,1,20,0,0,0,0,0,0,0,0,0,0,0,1,2,13,47,32
6435,A1,2,4,0,16,0,0,0,0,0,0,0,0,0,1,0,2,12,79,26
6435,B0,0,18,2,2,0,0,0,0,0,0,0,0,0,0,1,2,9,85,13
6435,B1,5,3,1,1,0,0,0,0,0,0,0,0,0,1,0,2,31,351,75
6435,B2,6,0,3,3,0,0,0,0,0,0,0,0,0,0,1,1,12,88,20
6435,C1,13,2,18,0,0,0,0,0,0,0,0,0,0,1,0,2,13,47,32
6450,A1,2,5,0,18,0,0,0,0,0,0,0,0,0,1,0,2,12,79,26
6450,B0,0,17,3,1,0,0,0,0,0,0,0,0,0,0,1,2,9,85,13
6450,B1,3,1,2,1,0,0,0,0,0,0,0,0,0,1,0,2,31,351,75
6450,B2,6,0,2,1,0,0,0,0,0,0,0,0,0,1,0,2,12,88,20
6450,C1,13,1,20,0,0,0,0,0,0,0,0,0,0,1,0,2,13,47,32
6465,A1,1,3,0,18,0,0,0,0,0,0,0,0,0,0,1,1,12,79,26
6465,B0,0,16,2,3,0,0,0,0,0,0,0,0,0,1,0,1,9,85,13
6465,B1,2,3,3,1,0,0,0,0,0,0,0,0,0,1,0,2,31,351,75
6465,B2,5,0,3,1,0,0,0,0,0,0,0,0,0,0,1,2,12,88,20
6465,C1,12,2,20,0,0,0,0,0,0,0,0,0,0,1,0,2,13,47,32
6480,A1,1,5,0,17,0,0,0,0,0,0,0,0,0,1,0,2,12,79,26
6480,B0,0,17,1,2,0,0,0,0,0,0,0,0,0,1,0,2,9,85,13
6480,B1,1,2,1,1,0,0,0,0,0,0,0,0,0,0,1,2,31,351,75
6480,B2,2,0,3,1,0,0,0,0,0,0,0,0,0,0,1,1,12,88,20
6480,C1,11,5,18,0,0,0,0,0,0,0,0,0,0,0,1,2,13,47,32
6495,A1,1,5,0,20,0,0,0,0,0,0,0,0,0,1,0,2,12,79,26
6495,B0,0,17,3,2,0,0,0,0,0,0,0,0,0,0,1,1,9,85,13
6495,B1,1,2,1,1,0,0,0,0,0,0,0,0,0,1,0,2,32,363,77
6495,B2,3,0,3,1,0,0,0,0,0,0,0,0,0,1,0,1,12,88,20
6495,C1,5,3,18,0,0,0,0,0,0,0,0,0,0,1,0,2,14,61,35
6510,A1,1,6,0,20,0,0,0,0,0,0,0,0,0,1,0,2,12,79,26
6510,B0,0,17,4,2,0,0,0,0,0,0,0,0,0,1,0,1,9,85,13
6510,B1,1,1,1,4,0,0,0,0,0,0,0,0,0,1,0,1,33,364,78
6510,B2,4,0,1,1,0,0,0,0,0,0,0,0,0,0,1,2,12,88,20
6510,C1,7,2,16,0,0,0,0,0,0,0,0,0,0,0,1,2,14,61,35
6525,A1,4,5,0,20,0,0,0,0,0,0,0,0,0,1,0,2,12,79,26
6525,B0,0,17,3,1,0,0,0,0,0,0,0,0,0,1,0,2,9,85,13
6525,B1,1,1,1,4,0,0,0,0,0,0,0,0,0,0,1,1,33,364,78
6525,B2,2,0,3,5,0,0,0,0,0,0,0,0,0,0,1,1,12,88,20
6525,C1,7,1,17,0,0,0,0,0,0,0,0,0,0,0,1,1,14,61,35
6540,A1,1,8,0,20,0,0,0,0,0,0,0,0,0,1,0,2,12,79,26
6540,B0,0,17,3,1,0,0,0,0,0,0,0,0,0,0,1,2,9,85,13
6540,B1,1,1,1,1,0,0,0,0,0,0,0,0,0,1,0,1,33,364,78
6540,B2,3,0,1,5,0,0,0,0,0,0,0,0,0,0,1,1,12,88,20
6540,C1,8,1,18,0,0,0,0,0,0,0,0,0,0,1,0,1,14,61,35
6555,A1,2,5,0,20,0,0,0,0,0,0,0,0,0,1,0,2,12,79,26
6555,B0,0,18,6,2,0,0,0,0,0,0,0,0,0,0,1,1,9,85,13
6555,B1,1,2,1,1,0,0,0,0,0,0,0,0,0,0,1,2,33,364,78
6555,B2,6,0,3,2,0,0,0,0,0,0,0,0,0,0,1,1,12,88,20
6555,C1,12,4,18,0,0,0,0,0,0,0,0,0,0,1,0,2,14,61,35
6570,A1,2,5,0,20,0,0,0,0,0,0,0,0,0,1,0,2,12,79,26
6570,B0,0,19,4,1,0,0,0,0,0,0,0,0,0,0,1,1,9,85,13
6570,B1,1,1,4,1,0,0,0,0,0,0,0,0,0,0,1,1,34,366,79
6570,B2,6,0,2,4,0,0,0,0,0,0,0,0,0,0,1,1,12,88,20
6570,C1,14,3,19,0,0,0,0,0,0,0,0,0,0,1,0,2,14,61,35
6585,A1,2,5,0,20,0,0,0,0,0,0,0,0,0,1,0,2,12,79,26
6585,B0,0,18,2,1,0,0,0,0,0,0,0,0,0,1,0,2,9,85,13
6585,B1,1,2,1,1,0,0,0,0,0,0,0,0,0,1,0,2,34,366,79
6585,B2,5,0,2,2,0,0,0,0,0,0,0,0,0,1,0,2,12,88,20
6585,C1,15,2,20,0,0,0,0,0,0,0,0,0,0,1,0,2,14,61,35
6600,A1,1,3,0,20,0,0,0,0,0,0,0,0,0,1,0,1,12,79,26
6600,B0,0,16,2,3,0,0,0,0,0,0,0,0,0,1,0,1,9,85,13
6600,B1,3,2,1,1,0,0,0,0,0,0,0,0,0,0,1,2,34,366,79
6600,B2,6,0,3,2,0,0,0,0,0,0,0,0,0,0,1,1,12,88,20
6600,C1,15,1,20,0,0,0,0,0,0,0,0,0,0,1,0,2,14,61,35
6615,A1,3,4,0,17,0,0,0,0,0,0,0,0,0,0,1,2,12,79,26
6615,B0,0,18,2,3,0,0,0,0,0,0,0,0,0,1,0,1,9,85,13
6615,B1,4,4,2,2,0,0,0,0,0,0,0,0,0,1,0,2,34,366,79
6615,B2,6,0,6,3,0,0,0,0,0,0,0,0,0,1,0,1,12,88,20
6615,C1,14,1,20,0,0,0,0,0,0,0,0,0,0,1,0,2,14,61,35
6630,A1,2,4,0,18,0,0,0,0,0,0,0,0,0,1,0,2,12,79,26
6630,B0,0,18,1,3,0,0,0,0,0,0,0,0,0,0,1,2,9,85,13
6630,B1,5,2,1,2,0,0,0,0,0,0,0,0,0,0,1,2,34,366,79
6630,B2,5,0,2,2,0,0,0,0,0,0,0,0,0,1,0,2,13,99,23
6630,C1,14,1,18,0,0,0,0,0,0,0,0,0,0,0,1,2,14,61,35
6645,A1,1,5,0,18,0,0,0,0,0,0,0,0,0,0,1,2,12,79,26
6645,B0,0,15,1,8,0,0,0,0,0,0,0,0,0,1,0,2,9,85,13
6645,B1,4,3,1,3,0,0,0,0,0,0,0,0,0,1,0,2,34,366,79
6645,B2,5,0,3,1,0,0,0,0,0,0,0,0,0,0,1,2,13,99,23
6645,C1,14,1,18,0,0,0,0,0,0,0,0,0,0,1,0,2,14,61,35
6660,A1,2,5,0,18,0,0,0,0,0,0,0,0,0,1,0,2,12,79,26
6660,B0,0,16,2,7,0,0,0,0,0,0,0,0,0,0,1,1,9,85,13
6660,B1,5,7,2,3,0,0,0,0,0,0,0,0,0,1,0,2,34,366,79
6660,B2,5,0,3,2,0,0,0,0,0,0,0,0,0,0,1,1,13,99,23
6660,C1,15,4,20,0,0,0,0,0,0,0,0,0,0,1,0,2,14,61,35
6675,A1,2,5,0,20,0,0,0,0,0,0,0,0,0,1,0,2,12,79,26
6675,B0,0,17,1,2,0,0,0,0,0,0,0,0,0,0,1,2,9,85,13
6675,B1,3,1,1,2,0,0,0,0,0,0,0,0,0,0,1,2,34,366,79
6675,B2,3,0,2,2,0,0,0,0,0,0,0,0,0,1,0,1,13,99,23
6675,C1,12,1,20,0,0,0,0,0,0,0,0,0,0,1,0,1,14,61,35
6690,A1,1,4,0,20,0,0,0,0,0,0,0,0,0,1,0,2,12,79,26
6690,B0,0,11,1,4,0,0,0,0,0,0,0,0,0,1,0,2,9,85,13
6690,B1,4,2,3,4,0,0,0,0,0,0,0,0,0,1,0,1,34,366,79
6690,B2,3,0,2,3,0,0,0,0,0,0,0,0,0,0,1,1,13,99,23
6690,C1,14,1,18,0,0,0,0,0,0,0,0,0,0,1,0,2,14,61,35
6705,A1,5,4,0,20,0,0,0,0,0,0,0,0,0,0,1,2,12,79,26
6705,B0,0,14,1,2,0,0,0,0,0,0,0,0,0,0,1,2,9,85,13
6705,B1,4,2,2,5,0,0,0,0,0,0,0,0,0,1,0,1,34,366,79
6705,B2,3,0,4,5,0,0,0,0,0,0,0,0,0,0,1,1,13,99,23
6705,C1,11,4,19,0,0,0,0,0,0,0,0,0,0,1,0,2,14,61,35
6720,A1,5,5,0,18,0,0,0,0,0,0,0,0,0,1,0,2,12,79,26
6720,B0,0,13,3,1,0,0,0,0,0,0,0,0,0,0,1,2,9,85,13
6720,B1,3,4,2,7,0,0,0,0,0,0,0,0,0,0,1,1,34,366,79
6720,B2,3,0,1,1,0,0,0,0,0,0,0,0,0,0,1,2,13,99,23
6720,C1,13,3,20,0,0,0,0,0,0,0,0,0,0,1,0,2,14,61,35
6735,A1,1,3,0,20,0,0,0,0,0,0,0,0,0,1,0,1,12,79,26
6735,B0,0,13,4,2,0,0,0,0,0,0,0,0,0,0,1,1,9,85,13
6735,B1,5,3,2,9,0,0,0,0,0,0,0,0,0,1,0,2,34,366,79
6735,B2,1,0,1,2,0,0,0,0,0,0,0,0,0,0,1,1,14,101,24
6735,C1,12,1,20,0,0,0,0,0,0,0,0,0,0,0,1,1,14,61,35
6750,A1,3,5,0,18,0,0,0,0,0,0,0,0,0,1,0,2,12,79,26
6750,B0,0,15,5,1,0,0,0,0,0,0,0,0,0,0,1,1,9,85,13
6750,B1,4,5,2,11,0,0,0,0,0,0,0,0,0,0,1,2,34,366,79
6750,B2,2,0,3,1,0,0,0,0,0,0,0,0,0,0,1,1,14,101,24
6750,C1,13,2,18,0,0,0,0,0,0,0,0,0,0,1,0,2,14,61,35
6765,A1,1,5,0,19,0,0,0,0,0,0,0,0,0,1,0,2,12,79,26
6765,B0,0,16,3,2,0,0,0,0,0,0,0,0,0,1,0,1,9,85,13
6765,B1,6,4,2,11,0,0,0,0,0,0,0,0,0,1,0,2,34,366,79
6765,B2,2,0,1,4,0,0,0,0,0,0,0,0,0,0,1,1,14,101,24
6765,C1,12,2,20,0,0,0,0,0,0,0,0,0,0,1,0,2,14,61,35
6780,A1,3,4,0,18,0,0,0,0,0,0,0,0,0,0,1,2,12,79,26
6780,B0,0,16,3,1,0,0,0,0,0,0,0,0,0,1,0,2,10,87,14
6780,B1,8,3,1,9,0,0,0,0,0,0,0,0,0,0,1,2,34,366,79
6780,B2,4,0,2,2,0,0,0,0,0,0,0,0,0,0,1,1,14,101,24
6780,C1,11,1,17,0,0,0,0,0,0,0,0,0,0,0,1,2,14,61,35
6795,A1,1,4,0,18,0,0,0,0,0,0,0,0,0,1,0,2,12,79,26
6795,B0,0,15,5,4,0,0,0,0,0,0,0,0,0,0,1,1,10,87,14
6795,B1,8,2,5,10,0,0,0,0,0,0,0,0,0,0,1,1,34,366,79
6795,B2,4,0,1,2,0,0,0,0,0,0,0,0,0,0,1,2,14,101,24
6795,C1,12,1,17,0,0,0,0,0,0,0,0,0,0,1,0,2,14,61,35
6810,A1,2,5,0,20,0,0,0,0,0,0,0,0,0,1,0,2,12,79,26
6810,B0,0,14,5,2,0,0,0,0,0,0,0,0,0,0,1,1,10,87,14
6810,B1,8,3,2,8,0,0,0,0,0,0,0,0,0,0,1,1,34,366,79
6810,B2,2,0,5,1,0,0,0,0,0,0,0,0,0,0,1,1,14,101,24
6810,C1,11,1,20,0,0,0,0,0,0,0,0,0,0,0,1,1,14,61,35
6825,A1,1,3,0,20,0,0,0,0,0,0,0,0,0,1,0,1,12,79,26
6825,B0,0,14,3,1,0,0,0,0,0,0,0,0,0,1,0,2,10,87,14
6825,B1,7,3,3,8,0,0,0,0,0,0,0,0,0,0,1,1,34,366,79
6825,B2,4,0,2,2,0,0,0,0,0,0,0,0,0,1,0,1,14,101,24
6825,C1,12,1,17,0,0,0,0,0,0,0,0,0,0,1,0,2,14,61,35
6840,A1,1,4,0,18,0,0,0,0,0,0,0,0,0,1,0,2,12,79,26
6840,B0,0,12,3,2,0,0,0,0,0,0,1,0,0,0,1,1,10,87,14
6840,B1,8,4,2,7,0,7,0,0,0,0,0,0,0,1,0,2,35,377,79
6840,B2,5,0,3,2,0,0,0,0,0,0,0,0,0,0,1,1,14,101,24
6840,C1,8,1,18,0,0,0,0,0,0,0,0,0,0,0,1,1,14,61,35
6855,A1,4,3,0,17,0,0,0,0,0,0,0,0,0,0,1,2,12,79,26
6855,B0,0,9,1,2,0,0,0,0,0,0,1,0,0,1,0,2,10,87,14
6855,B1,8,4,2,8,0,7,0,0,0,0,0,0,0,1,0,2,35,407,79
6855,B2,6,0,3,2,0,0,0,0,0,0,0,0,0,0,1,1,14,101,24
6855,C1,11,1,16,0,0,0,0,0,0,0,0,0,0,1,0,2,14,61,35
6870,A1,1,5,0,18,0,0,0,0,0,0,0,0,0,1,0,2,12,79,26
6870,B0,0,6,2,2,0,0,0,0,0,0,0,0,0,1,0,1,10,87,14
6870,B1,9,2,3,8,0,0,0,0,0,0,0,0,0,0,1,1,35,421,86
6870,B2,4,0,4,2,0,0,0,0,0,0,0,0,0,0,1,1,14,101,24
6870,C1,10,2,19,0,0,0,0,0,0,0,0,0,0,1,0,2,14,61,35
6885,A1,1,3,0,20,0,0,0,0,0,0,0,0,0,0,1,1,12,79,26
6885,B0,0,6,2,2,0,0,0,0,0,0,0,0,0,0,1,1,10,87,14
6885,B1,8,2,1,7,0,0,0,0,0,0,0,0,0,1,0,2,35,421,86
6885,B2,4,0,3,1,0,0,0,0,0,0,0,0,0,0,1,1,14,101,24
6885,C1,11,3,18,0,0,0,0,0,0,0,0,0,0,1,0,2,14,61,35
6900,A1,3,3,0,16,0,0,0,0,0,0,0,0,0,1,0,2,12,79,26
6900,B0,0,4,1,2,0,0,0,0,0,0,0,0,0,1,0,2,10,87,14
6900,B1,8,2,1,7,0,0,0,0,0,0,0,0,0,0,1,2,35,421,86
6900,B2,5,0,1,3,0,0,0,0,0,0,0,0,0,1,0,1,14,101,24
6900,C1,11,3,18,0,0,0,0,0,0,0,0,0,0,0,1,2,14,61,35
6915,A1,4,3,0,17,0,0,0,0,0,0,0,0,0,1,0,2,12,79,26
6915,B0,0,3,3,1,0,0,0,0,0,0,0,0,0,0,1,1,10,87,14
6915,B1,9,1,1,7,0,0,0,0,0,0,0,0,0,0,1,1,36,432,93
6915,B2,6,0,3,1,0,0,0,0,0,0,0,0,0,0,1,2,14,101,24
6915,C1,14,1,18,0,0,0,0,0,0,0,0,0,0,1,0,2,14,61,35
6930,A1,2,4,0,18,0,0,0,0,0,0,0,0,0,1,0,2,12,79,26
6930,B0,0,4,1,1,0,0,0,0,0,0,0,0,0,0,1,2,10,87,14
6930,B1,8,1,1,8,0,0,0,0,0,0,0,0,0,0,1,1,36,432,93
6930,B2,4,0,2,4,0,0,0,0,0,0,0,0,0,0,1,1,14,101,24
6930,C1,12,1,20,0,0,0,0,0,0,0,0,0,0,1,0,1,14,61,35
6945,A1,1,4,0,20,0,0,0,0,0,0,0,0,0,1,0,2,12,79,26
6945,B0,0,3,2,2,0,0,0,0,0,0,0,0,0,0,1,1,11,88,15
6945,B1,8,2,1,10,0,0,0,0,0,0,0,0,0,1,0,2,36,432,93
6945,B2,3,0,2,2,0,0,0,0,0,0,0,0,0,1,0,1,14,101,24
6945,C1,12,3,18,0,0,0,0,0,0,0,0,0,0,1,0,2,14,61,35
6960,A1,1,4,0,18,0,0,0,0,0,0,0,0,0,1,0,2,12,79,26
6960,B0,0,4,5,1,0,0,0,0,0,0,0,0,0,0,1,1,11,88,15
6960,B1,7,3,3,10,0,0,0,0,0,0,0,0,0,0,1,1,36,432,93
6960,B2,3,0,1,2,0,0,0,0,0,0,0,0,0,0,1,1,14,101,24
6960,C1,12,1,19,0,0,0,0,0,0,0,0,0,0,1,0,1,14,61,35
6975,A1,1,3,0,19,0,0,0,0,0,0,0,0,0,0,1,1,12,79,26
6975,B0,0,4,4,1,0,0,0,0,0,0,0,0,0,0,1,1,11,88,15
6975,B1,6,6,1,10,0,0,0,0,0,0,0,0,0,1,0,2,36,432,93
6975,B2,4,0,1,4,0,0,0,0,0,0,0,0,0,0,1,1,14,101,24
6975,C1,13,2,18,0,0,0,0,0,0,0,0,0,0,0,1,2,14,61,35
6990,A1,1,5,0,18,0,0,0,0,0,0,0,0,0,1,0,2,12,79,26
6990,B0,0,5,3,4,0,0,0,0,0,0,0,0,0,0,1,1,11,88,15
6990,B1,6,4,3,11,0,0,0,0,0,0,0,0,0,1,0,1,36,432,93
6990,B2,4,0,2,5,0,0,0,0,0,0,0,0,0,0,1,1,14,101,24
6990,C1,11,2,19,0,0,0,0,0,0,0,0,0,0,1,0,2,14,61,35
7005,A1,2,3,0,19,0,0,0,0,0,0,0,0,0,0,1,1,12,79,26
7005,B0,0,4,1,1,0,0,0,0,0,0,0,0,0,1,0,2,11,88,15
7005,B1,8,2,3,12,0,0,0,0,0,0,0,0,0,1,0,1,36,432,93
7005,B2,5,0,1,5,0,0,0,0,0,0,0,0,0,0,1,1,14,101,24
7005,C1,11,1,18,0,0,0,0,0,0,0,0,0,0,1,0,1,14,61,35
7020,A1,1,7,0,18,0,0,0,0,0,0,0,0,0,1,0,2,12,79,26
7020,B0,0,5,2,1,0,0,0,0,0,0,0,0,0,0,1,2,11,88,15
7020,B1,7,3,3,12,0,0,0,0,0,0,0,0,0,0,1,1,36,432,93
7020,B2,7,0,3,4,0,0,0,0,0,0,0,0,0,0,1,1,14,101,24
7020,C1,10,2,17,0,0,0,0,0,0,0,0,0,0,1,0,2,14,61,35
7035,A1,1,8,0,20,0,0,0,0,0,0,0,0,0,1,0,2,12,79,26
7035,B0,0,4,1,1,0,0,0,0,0,0,0,0,0,0,1,2,11,88,15
7035,B1,8,4,2,12,0,0,0,0,0,0,0,0,0,1,0,2,36,432,93
7035,B2,8,0,2,3,0,0,0,0,0,0,0,0,0,0,1,1,14,101,24
7035,C1,10,1,16,0,0,0,0,0,0,0,0,0,0,0,1,1,14,61,35
7050,A1,1,2,0,20,0,0,0,0,0,0,0,0,0,1,0,1,12,79,26
7050,B0,0,2,3,2,0,0,0,0,0,0,0,0,0,1,0,1,11,88,15
7050,B1,5,3,3,14,0,0,0,0,0,0,0,0,0,1,0,1,36,432,93
7050,B2,9,0,2,5,0,0,0,0,0,0,0,0,0,0,1,1,14,101,24
7050,C1,10,2,16,0,0,0,0,0,0,0,0,0,0,1,0,2,14,61,35
7065,A1,4,5,0,17,0,0,0,0,0,0,0,0,0,1,0,2,12,79,26
7065,B0,0,3,2,1,0,0,0,0,0,0,0,0,0,0,1,1,11,88,15
7065,B1,4,4,4,13,0,0,0,0,0,0,0,0,0,0,1,1,36,432,93
7065,B2,10,0,3,4,0,0,0,0,0,0,0,0,0,0,1,1,14,101,24
7065,C1,11,1,19,0,0,0,0,0,0,0,0,0,0,0,1,1,14,61,35
7080,A1,1,3,0,18,0,0,0,0,0,0,0,0,0,0,1,1,12,79,26
7080,B0,0,3,2,2,0,0,0,0,0,0,0,0,0,1,0,1,11,88,15
7080,B1,6,5,2,14,0,0,0,0,0,0,0,0,0,0,1,2,36,432,93
7080,B2,8,0,2,2,0,0,0,0,0,0,0,0,0,1,0,2,14,101,24
7080,C1,9,2,18,0,0,0,0,0,0,0,0,0,0,1,0,2,14,61,35
7095,A1,4,3,0,13,0,0,0,0,0,0,0,0,0,0,1,2,12,79,26
7095,B0,0,2,3,1,0,0,0,0,0,0,0,0,0,0,1,1,12,90,16
7095,B1,6,5,2,11,0,0,0,0,0,0,0,0,0,1,0,2,36,432,93
7095,B2,11,0,1,6,0,0,0,0,0,0,0,0,0,0,1,1,14,101,24
7095,C1,9,2,18,0,0,0,0,0,0,0,0,0,0,1,0,2,14,61,35
7110,A1,3,2,0,16,0,0,0,0,0,0,0,0,0,0,1,1,12,79,26
7110,B0,0,3,1,1,0,0,0,0,0,0,0,0,0,0,1,2,12,90,16
7110,B1,4,4,1,11,0,0,0,0,0,0,0,0,0,0,1,2,36,432,93
7110,B2,12,0,2,3,0,0,0,0,0,0,0,0,0,0,1,2,14,101,24
7110,C1,8,1,18,0,0,0,0,0,0,0,0,0,0,0,1,1,14,61,35
7125,A1,4,3,0,18,0,0,0,0,0,0,0,0,0,1,0,2,12,79,26
7125,B0,0,2,5,3,0,0,0,0,0,0,0,0,0,0,1,1,12,90,16
7125,B1,4,7,1,12,0,0,0,0,0,0,0,0,0,1,0,2,36,432,93
7125,B2,9,0,2,3,0,0,0,0,0,0,0,0,0,1,0,2,14,101,24
7125,C1,9,2,15,0,0,0,0,0,0,0,0,0,0,1,0,2,14,61,35
7140,A1,2,2,0,18,0,0,0,0,0,0,0,0,0,0,1,1,12,79,26
7140,B0,0,3,6,5,0,0,0,0,0,0,0,0,0,0,1,1,12,90,16
7140,B1,3,4,1,13,0,0,0,0,0,0,0,0,0,1,0,2,36,432,93
7140,B2,9,0,2,3,0,0,0,0,0,0,0,0,0,1,0,2,14,101,24
7140,C1,8,1,19,0,0,0,0,0,0,0,0,0,0,1,0,1,14,61,35
7155,A1,3,5,0,14,0,0,0,0,0,0,0,0,0,1,0,2,12,79,26
7155,B0,0,6,6,2,0,0,0,0,0,0,0,0,0,0,1,1,12,90,16
7155,B1,4,2,1,14,0,0,0,0,0,0,0,0,0,0,1,1,36,432,93
7155,B2,8,0,6,5,0,0,0,0,0,0,0,0,0,0,1,1,14,101,24
7155,C1,8,2,16,0,0,0,0,0,0,0,0,0,0,0,1,2,14,61,35
7170,A1,3,3,0,18,0,0,0,0,0,0,0,0,0,1,0,2,12,79,26
7170,B0,0,7,4,2,0,0,0,0,0,0,0,0,0,0,1,1,12,90,16
7170,B1,5,2,1,11,0,0,0,0,0,0,0,0,0,0,1,1,36,432,93
7170,B2,7,0,3,3,0,0,0,0,0,0,0,0,0,1,0,1,14,101,24
7170,C1,8,1,18,0,0,0,0,0,0,0,0,0,0,0,1,1,14,61,35
7185,A1,2,3,0,18,0,0,0,0,0,0,0,0,0,1,0,1,13,82,29
7185,B0,0,9,4,1,0,0,0,0,0,0,0,0,0,0,1,1,12,90,16
7185,B1,6,2,1,10,0,0,0,0,0,0,0,0,0,1,0,2,36,432,93
7185,B2,11,0,2,4,0,0,0,0,0,0,0,0,0,0,1,1,14,101,24
7185,C1,11,5,18,0,0,0,0,0,0,0,0,0,0,1,0,2,14,61,35
7200,A1,1,5,0,18,0,0,0,0,0,0,0,0,0,1,0,2,13,82,29
7200,B0,0,6,4,2,0,0,0,0,0,0,0,0,0,1,0,1,12,90,16
7200,B1,6,2,1,10,0,0,0,0,0,0,0,0,0,0,1,2,36,432,93
7200,B2,11,0,1,3,0,0,0,0,0,0,0,0,0,0,1,2,14,101,24
7200,C1,10,1,20,0,0,0,0,0,0,0,0,0,0,1,0,1,14,61,35
7215,A1,1,3,0,19,0,0,0,0,0,0,0,0,0,0,1,1,13,82,29
7215,B0,0,8,5,2,0,0,0,0,0,0,0,0,0,0,1,1,12,90,16
7215,B1,5,2,1,10,0,0,0,0,0,0,0,0,0,0,1,1,36,432,93
7215,B2,11,0,6,3,0,0,0,0,0,0,0,0,0,0,1,1,14,101,24
7215,C1,10,1,18,0,0,0,0,0,0,0,0,0,0,1,0,1,14,61,35
7230,A1,2,2,0,16,0,0,0,0,0,0,0,0,0,1,0,1,13,82,29
7230,B0,0,11,5,4,0,0,0,0,0,0,0,0,0,0,1,1,12,90,16
7230,B1,2,3,1,9,0,0,0,0,0,0,0,0,0,1,0,1,36,432,93
7230,B2,13,0,1,4,0,0,0,0,0,0,0,0,0,0,1,1,14,101,24
7230,C1,10,1,16,0,0,0,0,0,0,0,0,0,0,0,1,1,14,61,35
7245,A1,1,5,0,16,0,0,0,0,0,0,0,0,0,0,1,2,13,82,29
7245,B0,0,11,4,3,0,0,0,0,0,0,0,0,0,1,0,1,12,90,16
7245,B1,4,3,2,7,0,0,0,0,0,0,0,0,0,1,0,1,36,432,93
7245,B2,14,0,1,6,0,0,0,0,0,0,0,0,0,1,0,1,14,101,24
7245,C1,9,3,17,0,0,0,0,0,0,0,0,0,0,1,0,2,14,61,35
7260,A1,2,3,0,18,0,0,0,0,0,0,0,0,0,0,1,1,13,82,29
7260,B0,0,10,2,3,0,0,0,0,0,0,0,0,0,1,0,1,12,90,16
7260,B1,4,3,1,7,0,0,0,0,0,0,0,0,0,0,1,2,36,432,93
7260,B2,14,0,1,4,0,0,0,0,0,0,0,0,0,0,1,1,14,101,24
7260,C1,8,2,20,0,0,0,0,0,0,0,0,0,0,0,1,1,14,61,35
7275,A1,3,5,0,17,0,0,0,0,0,0,0,0,0,1,0,2,13,82,29
7275,B0,0,10,3,3,0,0,0,0,0,0,0,0,0,0,1,1,12,90,16
7275,B1,4,1,1,8,0,0,0,0,0,0,0,0,0,1,0,1,36,432,93
7275,B2,14,0,1,3,0,0,0,0,0,0,0,0,0,0,1,2,14,101,24
7275,C1,10,2,18,0,0,0,0,0,0,0,0,0,0,1,0,2,14,61,35
7290,A1,1,3,0,20,0,0,0,0,0,0,0,0,0,1,0,1,13,82,29
7290,B0,0,14,5,4,0,0,0,0,0,0,0,0,0,0,1,1,12,90,16
7290,B1,2,2,1,7,0,0,0,0,0,0,0,0,0,1,0,1,36,432,93
7290,B2,12,0,2,4,0,0,0,0,0,0,0,0,0,0,1,1,14,101,24
7290,C1,10,3,18,0,0,0,0,0,0,0,0,0,0,0,1,2,14,61,35
7305,A1,3,3,0,18,0,0,0,0,0,0,0,0,0,1,0,2,14,84,30
7305,B0,0,15,6,2,0,0,0,0,0,0,0,0,0,0,1,1,12,90,16
7305,B1,3,4,1,7,0,0,0,0,0,0,0,0,0,1,0,2,37,435,94
7305,B2,12,0,2,4,0,0,0,0,0,0,0,0,0,0,1,1,14,101,24
7305,C1,12,1,18,0,0,0,0,0,0,0,0,0,0,0,1,1,14,61,35
7320,A1,1,3,0,17,0,0,0,0,0,0,0,0,0,1,0,1,15,101,31
7320,B0,0,16,5,4,0,0,0,0,0,0,0,0,0,0,1,1,12,90,16
7320,B1,5,2,1,8,0,0,0,0,0,0,0,0,0,0,1,2,37,435,94
7320,B2,10,0,3,3,0,0,0,0,0,0,0,0,0,1,0,1,14,101,24
7320,C1,11,1,18,0,0,0,0,0,0,0,0,0,0,1,0,1,14,61,35
7335,A1,4,2,0,19,0,0,0,0,0,0,0,0,0,0,1,1,15,101,31
7335,B0,0,17,9,2,0,0,0,0,0,0,0,0,0,0,1,1,12,90,16
7335,B1,3,1,2,8,0,0,0,0,0,0,0,0,0,0,1,1,37,435,94
7335,B2,11,0,3,6,0,0,0,0,0,0,0,0,0,0,1,1,14,101,24
7335,C1,9,3,18,0,0,0,0,0,0,0,0,0,0,1,0,2,15,63,36
7350,A1,2,3,0,18,0,0,0,0,0,0,0,0,0,1,0,1,15,101,31
7350,B0,0,17,7,1,0,0,0,0,0,0,0,0,0,0,1,1,12,90,16
7350,B1,7,1,3,4,0,0,0,0,0,0,0,0,0,1,0,1,38,437,95
7350,B2,14,0,3,6,0,0,0,0,0,0,0,0,0,0,1,1,14,101,24
7350,C1,10,3,20,0,0,0,0,0,0,0,0,0,0,1,0,2,15,63,36
7365,A1,2,3,0,18,0,0,0,0,0,0,0,0,0,1,0,1,15,101,31
7365,B0,0,18,3,5,0,0,0,0,0,0,0,0,0,0,1,1,12,90,16
7365,B1,6,1,1,5,0,0,0,0,0,0,0,0,0,0,1,1,38,437,95
7365,B2,15,0,3,4,0,0,0,0,0,0,0,0,0,1,0,1,14,101,24
7365,C1,8,3,18,0,0,0,0,0,0,0,0,0,0,1,0,2,15,63,36
7380,A1,3,3,0,17,0,0,0,0,0,0,0,0,0,0,1,2,15,101,31
7380,B0,0,18,6,1,0,0,0,0,0,0,0,0,0,0,1,1,12,90,16
7380,B1,8,2,2,3,0,0,0,0,0,0,0,0,0,1,0,2,38,437,95
7380,B2,16,0,2,3,0,0,0,0,0,0,0,0,0,0,1,2,14,101,24
7380,C1,8,7,17,0,0,0,0,0,0,0,0,0,0,0,1,2,15,63,36
7395,A1,3,2,0,17,0,0,0,0,0,0,0,0,0,0,1,1,15,101,31
7395,B0,0,19,7,1,0,0,0,0,0,0,0,0,0,0,1,1,12,90,16
7395,B1,8,2,2,4,0,0,0,0,0,0,0,0,0,1,0,2,38,437,95
7395,B2,14,0,4,5,0,0,0,0,0,0,0,0,0,0,1,1,14,101,24
7395,C1,9,4,18,0,0,0,0,0,0,0,0,0,0,1,0,2,15,63,36
7410,A1,3,1,0,18,0,0,0,0,0,0,0,0,0,1,0,1,16,115,34
7410,B0,0,20,3,3,0,0,0,0,0,0,0,0,0,0,1,1,12,90,16
7410,B1,7,2,1,3,0,0,0,0,0,0,0,0,0,1,0,2,38,437,95
7410,B2,16,0,1,6,0,0,0,0,0,0,0,0,0,0,1,1,14,101,24
7410,C1,10,2,20,0,0,0,0,0,0,0,0,0,0,0,1,2,15,63,36
7425,A1,2,3,0,18,0,2,0,0,0,0,0,0,0,1,0,2,17,137,34
7425,B0,0,18,4,2,0,0,0,0,0,0,0,0,0,1,0,1,12,90,16
7425,B1,8,3,2,3,0,0,0,0,0,0,0,0,0,0,1,2,38,437,95
7425,B2,17,0,4,7,0,0,0,0,0,0,0,0,0,0,1,1,14,101,24
7425,C1,9,1,18,0,0,0,0,0,0,0,0,0,0,1,0,1,15,63,36
7440,A1,1,3,0,17,0,0,0,0,0,0,0,0,0,0,1,1,17,147,37
7440,B0,0,18,5,5,0,0,0,0,0,0,0,0,0,0,1,1,12,90,16
7440,B1,11,1,1,3,0,0,0,0,0,0,0,0,0,1,0,2,38,437,95
7440,B2,17,0,1,3,0,0,0,0,0,0,0,0,0,0,1,2,14,101,24
7440,C1,9,3,18,0,0,0,0,0,0,0,0,0,0,1,0,2,16,67,37
7455,A1,1,4,0,16,0,0,0,0,0,0,0,0,0,1,0,2,17,147,37
7455,B0,0,20,5,3,0,0,0,0,0,0,0,0,0,0,1,1,12,90,16
7455,B1,6,1,4,4,0,0,0,0,0,0,0,0,0,0,1,1,38,437,95
7455,B2,17,0,3,3,0,0,0,1,0,0,0,0,0,0,1,1,15,107,24
7455,C1,6,3,19,0,0,0,0,0,0,0,0,0,0,0,1,2,16,67,37
7470,A1,1,5,0,20,0,0,0,0,0,0,0,0,0,0,1,2,17,147,37
7470,B0,0,20,5,2,0,0,0,0,0,0,0,0,0,0,1,1,12,90,16
7470,B1,8,4,2,4,0,0,0,0,0,0,0,0,0,1,0,2,38,437,95
7470,B2,16,0,1,2,0,0,0,0,0,0,0,0,0,1,0,2,15,109,26
7470,C1,6,1,14,0,0,0,0,0,0,0,0,0,0,0,1,1,16,67,37
7485,A1,1,6,0,18,0,0,0,0,0,0,0,0,0,1,0,2,17,147,37
7485,B0,0,20,7,2,0,0,0,0,0,0,0,0,0,0,1,1,12,90,16
7485,B1,7,3,4,4,0,0,0,0,0,0,0,0,0,1,0,2,38,437,95
7485,B2,11,0,1,3,0,0,0,0,0,0,0,0,0,1,0,2,15,109,26
7485,C1,6,1,16,0,0,0,0,0,0,0,0,0,0,0,1,1,16,67,37
7500,A1,2,3,0,19,0,0,0,0,0,0,0,0,0,0,1,1,17,147,37
7500,B0,0,20,8,1,0,0,0,0,0,0,0,0,0,0,1,1,12,90,16
7500,B1,7,2,4,3,0,0,0,0,0,0,0,0,0,0,1,1,38,437,95
7500,B2,10,0,1,7,0,0,0,0,0,0,0,0,0,0,1,1,15,109,26
7500,C1,8,2,15,0,0,0,0,0,0,0,0,0,0,0,1,2,16,67,37
7515,A1,1,2,0,17,0,0,0,0,0,0,0,0,0,1,0,1,18,155,39
7515,B0,0,19,2,2,0,0,0,0,0,0,0,0,0,1,0,2,12,90,16
7515,B1,6,2,3,2,0,0,0,0,0,0,0,0,0,1,0,2,38,437,95
7515,B2,11,0,5,4,0,0,0,0,0,0,0,0,0,0,1,1,15,109,26
7515,C1,10,2,18,0,0,0,0,0,0,0,0,0,0,0,1,2,16,67,37
7530,A1,3,3,0,18,0,0,0,0,0,0,0,0,0,1,0,2,18,155,39
7530,B0,0,16,4,3,0,0,0,0,0,0,0,0,0,0,1,1,12,90,16
7530,B1,4,1,3,4,0,0,0,0,0,0,0,0,0,1,0,1,38,437,95
7530,B2,13,0,1,5,0,0,0,0,0,0,0,0,0,0,1,1,15,109,26
7530,C1,9,2,17,0,0,0,0,0,0,0,0,0,0,1,0,2,16,67,37
7545,A1,5,3,0,17,0,0,0,0,0,0,0,0,0,0,1,2,18,155,39
7545,B0,0,19,4,2,0,0,0,0,0,0,0,0,0,0,1,1,12,90,16
7545,B1,4,2,1,2,0,0,0,0,0,0,0,0,0,0,1,2,38,437,95
7545,B2,15,0,1,4,0,0,0,0,0,0,0,0,0,0,1,1,15,109,26
7545,C1,9,2,19,0,0,0,0,0,0,0,0,0,0,0,1,2,16,67,37
7560,A1,3,5,0,17,0,0,0,0,0,0,0,0,0,0,1,2,18,155,39
7560,B0,0,20,2,1,0,0,0,0,0,0,0,0,0,0,1,2,12,90,16
7560,B1,6,1,2,3,0,0,0,0,0,0,0,0,0,1,0,2,38,437,95
7560,B2,15,0,1,3,0,0,0,0,0,0,0,0,0,1,0,2,15,109,26
7560,C1,9,7,18,0,0,0,0,0,0,0,0,0,0,1,0,2,16,67,37
7575,A1,1,5,0,18,0,0,0,0,0,0,0,0,0,1,0,2,18,155,39
7575,B0,0,17,3,2,0,0,0,0,0,0,0,0,0,0,1,1,12,90,16
7575,B1,6,1,1,4,0,0,0,0,0,0,0,0,0,0,1,1,38,437,95
7575,B2,11,0,2,3,0,0,0,0,0,0,0,0,0,1,0,2,15,109,26
7575,C1,9,1,17,0,0,0,0,0,0,0,0,0,0,0,1,1,16,67,37
7590,A1,3,2,0,19,0,0,0,0,0,0,0,0,0,0,1,1,18,155,39
7590,B0,0,19,6,1,0,0,0,0,0,0,0,0,0,0,1,1,12,90,16
7590,B1,6,1,2,3,0,0,0,0,0,0,0,0,0,0,1,2,38,437,95
7590,B2,9,0,1,6,0,0,0,0,0,0,0,0,0,0,1,1,15,109,26
7590,C1,9,6,15,0,0,0,0,0,0,0,0,0,0,1,0,2,16,67,37
7605,A1,3,4,0,18,0,0,0,0,0,0,0,0,0,1,0,2,18,155,39
7605,B0,0,20,5,1,0,0,0,0,0,0,0,0,0,0,1,1,12,90,16
7605,B1,4,2,2,2,0,0,0,0,0,0,0,0,0,1,0,2,38,437,95
7605,B2,11,0,2,5,0,0,0,0,0,0,0,0,0,0,1,1,15,109,26
7605,C1,9,1,18,0,0,0,0,0,0,0,0,0,0,0,1,1,16,67,37
7620,A1,2,2,0,18,0,0,0,0,0,0,0,0,0,0,1,1,18,155,39
7620,B0,0,20,4,2,0,0,0,0,0,0,0,0,0,0,1,1,12,90,16
7620,B1,4,3,2,5,0,0,0,0,0,0,0,0,0,0,1,1,38,437,95
7620,B2,12,0,3,6,0,0,0,0,0,0,0,0,0,0,1,1,15,109,26
7620,C1,10,3,15,0,0,0,0,0,0,0,0,0,0,1,0,2,16,67,37
7635,A1,3,4,0,15,0,0,0,0,0,0,0,0,0,1,0,2,18,155,39
7635,B0,0,18,5,1,0,0,0,0,0,0,0,0,0,1,0,1,12,90,16
7635,B1,5,3,1,4,0,0,0,0,0,0,0,0,0,1,0,2,38,437,95
7635,B2,14,0,3,7,0,0,0,0,0,0,0,0,0,0,1,1,15,109,26
7635,C1,10,3,18,0,0,0,0,0,0,0,0,0,0,1,0,2,16,67,37
7650,A1,4,4,0,17,0,0,0,0,0,0,0,0,0,0,1,2,18,155,39
7650,B0,0,18,7,1,0,0,0,0,0,0,0,0,0,0,1,1,12,90,16
7650,B1,3,2,1,4,0,0,0,0,0,0,0,0,0,0,1,1,38,437,95
7650,B2,16,0,1,8,0,0,0,0,0,0,0,0,0,0,1,1,15,109,26
7650,C1,10,1,20,0,0,0,0,0,0,0,0,0,0,1,0,1,16,67,37
7665,A1,1,6,0,18,0,0,0,0,0,0,0,0,0,1,0,2,18,155,39
7665,B0,0,20,5,2,0,0,0,0,0,0,0,0,0,0,1,1,12,90,16
7665,B1,3,2,3,5,0,0,0,0,0,0,0,0,0,1,0,1,38,437,95
7665,B2,18,0,3,7,0,0,0,0,0,0,0,0,0,0,1,1,15,109,26
7665,C1,10,1,15,0,0,0,0,0,0,0,0,0,0,0,1,2,16,67,37
7680,A1,1,2,0,20,0,0,0,0,0,0,0,0,0,0,1,1,18,155,39
7680,B0,0,20,4,1,0,0,0,0,0,0,0,0,0,0,1,1,12,90,16
7680,B1,2,2,2,5,0,0,0,0,0,0,0,0,0,0,1,1,39,438,96
7680,B2,19,0,2,9,0,0,0,0,0,0,0,0,0,0,1,1,15,109,26
7680,C1,10,1,17,0,0,0,0,0,0,0,0,0,0,1,0,2,16,67,37
7695,A1,2,3,0,14,0,0,0,0,0,0,0,0,0,0,1,1,18,155,39
7695,B0,0,20,6,1,0,0,0,0,0,0,0,0,0,0,1,1,12,90,16
7695,B1,4,2,1,1,0,0,0,0,0,0,0,0,0,1,0,2,39,438,96
7695,B2,20,0,2,6,0,0,0,0,0,0,0,0,0,0,1,1,15,109,26
7695,C1,10,1,18,0,0,0,0,0,0,0,0,0,0,0,1,1,16,67,37
7710,A1,2,3,0,12,0,0,0,0,0,0,0,0,0,1,0,2,18,155,39
7710,B0,0,20,6,4,0,0,0,0,0,0,0,0,0,0,1,1,12,90,16
7710,B1,6,4,1,5,0,0,0,0,0,0,0,0,0,1,0,2,39,438,96
7710,B2,20,0,4,7,0,0,0,0,0,0,0,0,0,0,1,1,15,109,26
7710,C1,14,4,14,0,0,0,0,0,0,0,0,0,0,1,0,2,16,67,37
7725,A1,1,5,0,16,0,0,0,0,0,0,0,0,0,0,1,2,18,155,39
7725,B0,0,20,5,1,0,0,0,0,0,0,0,0,0,0,1,1,12,90,16
7725,B1,5,1,1,5,0,0,0,0,0,0,0,0,0,1,0,1,39,438,96
7725,B2,19,0,2,3,0,0,0,0,0,0,0,0,0,1,0,2,15,109,26
7725,C1,11,1,15,0,0,0,0,0,0,0,0,0,0,1,0,2,16,67,37
7740,A1,2,3,0,18,0,0,0,0,0,0,0,0,0,1,0,1,18,155,39
7740,B0,0,20,5,3,0,0,0,0,0,0,0,0,0,0,1,1,12,90,16
7740,B1,8,3,1,6,0,0,0,0,0,0,0,0,0,1,0,2,39,438,96
7740,B2,16,0,3,7,0,0,0,0,0,0,0,0,0,0,1,1,15,109,26
7740,C1,12,1,16,0,0,0,0,0,0,0,0,0,0,1,0,2,16,67,37
7755,A1,4,5,0,18,0,0,0,0,0,0,0,0,0,1,0,2,18,155,39
7755,B0,0,20,7,2,0,0,0,0,0,0,0,0,0,0,1,1,12,90,16
7755,B1,6,1,1,5,0,0,0,0,0,0,0,0,0,0,1,1,39,438,96
7755,B2,19,0,3,4,0,0,0,0,0,0,0,0,0,0,1,1,15,109,26
7755,C1,9,1,17,0,0,0,0,0,0,0,0,0,0,1,0,1,16,67,37
7770,A1,1,5,0,19,0,0,0,0,0,0,0,0,0,1,0,2,18,155,39
7770,B0,0,20,5,3,0,0,0,0,0,0,0,0,0,0,1,1,12,90,16
7770,B1,7,3,1,4,0,0,0,0,0,0,0,0,0,1,0,2,39,438,96
7770,B2,20,0,4,4,0,0,0,0,0,0,0,0,0,0,1,1,15,109,26
7770,C1,9,1,17,0,0,0,0,0,0,0,0,0,0,1,0,1,16,67,37
7785,A1,4,4,0,18,0,0,0,0,0,0,0,0,0,0,1,2,18,155,39
7785,B0,0,20,4,3,0,0,0,0,0,0,0,0,0,0,1,1,12,90,16
7785,B1,4,3,1,5,0,0,0,0,0,0,0,0,0,0,1,2,40,439,97
7785,B2,20,0,2,9,0,0,0,0,0,0,0,0,0,0,1,1,15,109,26
7785,C1,8,2,15,0,0,0,0,0,0,0,0,0,0,1,0,2,16,67,37
7800,A1,2,4,0,18,0,0,0,0,0,0,0,0,0,1,0,2,18,155,39
7800,B0,0,17,3,1,0,0,0,0,0,0,0,0,0,1,0,2,12,90,16
7800,B1,7,3,2,5,0,0,0,0,0,0,0,0,0,1,0,2,40,439,97
7800,B2,20,0,2,5,0,0,0,0,0,0,0,0,0,0,1,1,15,109,26
7800,C1,8,1,14,0,0,0,0,0,0,0,0,0,0,0,1,1,16,67,37
7815,A1,2,5,0,18,0,0,0,0,0,0,0,0,0,0,1,2,18,155,39
7815,B0,0,16,7,1,0,0,0,0,0,0,0,0,0,0,1,1,12,90,16
7815,B1,6,2,1,3,0,0,0,0,0,0,0,0,0,0,1,2,40,439,97
7815,B2,20,0,1,3,0,0,0,0,0,0,0,0,0,0,1,2,15,109,26
7815,C1,9,2,15,0,0,0,0,0,0,0,0,0,0,1,0,2,16,67,37
7830,A1,1,3,0,18,0,0,0,0,0,0,0,0,0,1,0,1,18,155,39
7830,B0,0,20,3,2,0,0,0,0,0,0,0,0,0,0,1,1,12,90,16
7830,B1,5,2,3,4,0,0,0,0,0,0,0,0,0,0,1,1,40,439,97
7830,B2,16,0,2,3,0,0,0,0,0,0,0,0,0,1,0,2,15,109,26
7830,C1,8,1,16,0,0,0,0,0,0,0,0,0,0,0,1,1,16,67,37
7845,A1,1,3,0,15,0,0,0,0,0,0,0,0,0,0,1,1,18,155,39
7845,B0,0,18,1,2,0,0,0,0,0,0,0,0,0,0,1,2,12,90,16
7845,B1,6,1,2,4,0,0,0,0,0,0,0,0,0,1,0,1,40,439,97
7845,B2,14,0,3,3,0,0,0,0,0,0,0,0,0,0,1,2,15,109,26
7845,C1,7,1,18,0,0,0,0,0,0,0,0,0,0,1,0,1,16,67,37
7860,A1,4,5,0,16,0,0,0,0,0,0,0,0,0,1,0,2,18,155,39
7860,B0,0,16,2,3,0,0,0,0,0,0,0,0,0,0,1,1,12,90,16
7860,B1,5,2,1,2,0,0,0,0,0,0,0,0,0,1,0,2,40,439,97
7860,B2,18,0,1,2,0,0,0,0,0,0,0,0,0,1,0,2,15,109,26
7860,C1,9,1,17,0,0,0,0,0,0,0,0,0,0,1,0,1,16,67,37
7875,A1,1,2,0,19,0,0,0,0,0,0,0,0,0,0,1,1,18,155,39
7875,B0,0,16,3,3,0,0,0,0,0,0,0,0,0,1,0,1,12,90,16
7875,B1,3,1,1,1,0,0,0,0,0,0,0,0,0,0,1,2,40,439,97
7875,B2,13,0,1,5,0,0,0,0,0,0,0,0,0,1,0,1,15,109,26
7875,C1,10,2,15,0,0,0,0,0,0,0,0,0,0,1,0,2,16,67,37
7890,A1,3,3,0,13,0,0,0,0,0,0,0,0,0,0,1,2,18,155,39
7890,B0,0,18,4,3,0,0,0,0,0,0,0,0,0,0,1,1,12,90,16
7890,B1,1,1,2,1,0,0,0,0,0,0,0,0,0,0,1,1,40,439,97
7890,B2,16,0,3,4,0,0,0,0,0,0,0,0,0,0,1,1,15,109,26
7890,C1,12,2,17,0,0,0,0,0,0,0,0,0,0,1,0,2,16,67,37
7905,A1,1,4,0,17,0,0,0,0,0,0,0,0,0,1,0,2,18,155,39
7905,B0,0,20,5,1,0,0,0,0,0,0,0,0,0,0,1,1,12,90,16
7905,B1,1,2,1,2,0,0,0,0,0,0,0,0,0,0,1,1,40,439,97
7905,B2,17,0,4,3,0,0,0,0,0,0,0,0,0,1,0,1,15,109,26
7905,C1,11,4,18,0,0,0,0,0,0,0,0,0,0,0,1,2,16,67,37
7920,A1,4,3,0,18,0,0,0,0,0,0,0,0,0,0,1,2,18,155,39
7920,B0,0,20,6,1,0,0,0,0,0,0,0,0,0,0,1,1,12,90,16
7920,B1,1,2,1,2,0,0,0,0,0,0,0,0,0,1,0,1,40,439,97
7920,B2,17,0,3,4,0,0,0,0,0,0,0,0,0,0,1,1,15,109,26
7920,C1,12,3,18,0,0,0,0,0,0,0,0,0,0,1,0,2,16,67,37
7935,A1,4,2,0,16,0,0,0,0,0,0,0,0,0,0,1,2,18,155,39
7935,B0,0,20,6,2,0,0,0,0,0,0,0,0,0,0,1,1,12,90,16
7935,B1,2,1,1,1,0,0,0,0,0,0,0,0,0,0,1,2,40,439,97
7935,B2,17,0,2,6,0,0,0,0,0,0,0,0,0,1,0,1,15,109,26
7935,C1,12,1,18,0,0,0,0,0,0,0,0,0,0,1,0,2,16,67,37
7950,A1,4,2,0,17,0,0,0,0,0,0,0,0,0,0,1,2,18,155,39
7950,B0,0,20,6,1,0,0,0,0,0,0,0,0,0,0,1,1,12,90,16
7950,B1,1,1,1,2,0,0,0,0,0,0,0,0,0,0,1,1,40,439,97
7950,B2,18,0,1,3,0,0,0,0,0,0,0,0,0,0,1,2,15,109,26
7950,C1,12,2,18,0,0,0,0,0,0,0,0,0,0,0,1,2,16,67,37
7965,A1,3,2,0,18,0,0,0,0,0,0,0,0,0,1,0,1,18,155,39
7965,B0,0,20,3,4,0,0,0,0,0,0,0,0,0,0,1,1,12,90,16
7965,B1,2,1,1,3,0,0,0,0,0,0,0,0,0,1,0,1,41,443,98
7965,B2,17,0,3,4,0,0,0,0,0,0,0,0,0,0,1,1,15,109,26
7965,C1,12,2,17,0,0,0,0,0,0,0,0,0,0,0,1,2,16,67,37
7980,A1,3,4,0,18,0,0,0,0,0,0,0,0,0,1,0,2,18,155,39
7980,B0,0,18,4,4,0,0,0,0,0,0,0,0,0,0,1,1,12,90,16
7980,B1,3,1,2,2,0,0,0,0,0,0,0,0,0,1,0,1,42,458,100
7980,B2,17,0,3,6,0,0,0,0,0,0,0,0,0,0,1,1,15,109,26
7980,C1,13,2,17,0,0,0,0,0,0,0,0,0,0,1,0,2,16,67,37
7995,A1,4,4,0,17,0,0,0,0,0,0,0,0,0,0,1,2,18,155,39
7995,B0,0,19,4,3,0,0,0,0,0,0,0,0,0,0,1,1,12,90,16
7995,B1,3,1,1,2,0,0,0,0,0,0,0,0,0,1,0,2,42,458,100
7995,B2,18,0,2,5,0,0,0,0,0,0,0,0,0,0,1,1,15,109,26
7995,C1,12,2,18,0,0,0,0,0,0,0,0,0,0,0,1,2,16,67,37
8010,A1,1,4,0,18,0,0,0,0,0,0,0,0,0,1,0,2,18,155,39
8010,B0,0,18,4,2,0,0,0,0,0,0,0,0,0,1,0,1,12,90,16
8010,B1,1,2,2,2,0,0,0,0,0,0,0,0,0,1,0,1,42,458,100
8010,B2,18,0,1,8,0,0,0,0,0,0,0,0,0,0,1,1,15,109,26
8010,C1,15,2,17,0,0,0,0,0,0,0,0,0,0,1,0,2,16,67,37
8025,A1,3,4,0,19,0,0,0,0,0,0,0,0,0,0,1,2,18,155,39
8025,B0,0,18,4,2,0,0,0,0,0,0,0,0,0,0,1,1,12,90,16
8025,B1,1,1,3,2,0,0,1,0,0,0,0,0,0,1,0,2,43,468,100
8025,B2,18,0,2,7,0,0,0,0,0,1,0,0,0,0,1,1,15,109,26
8025,C1,10,1,20,0,0,0,0,0,0,0,0,0,0,1,0,1,16,67,37
8040,A1,3,4,0,18,0,0,0,0,0,0,0,0,0,0,1,2,19,157,40
8040,B0,0,20,4,2,0,0,0,0,0,0,0,0,0,0,1,1,12,90,16
8040,B1,2,2,4,5,0,0,0,0,0,0,0,0,0,0,1,1,43,479,102
8040,B2,19,0,1,6,0,0,0,0,0,0,0,0,0,0,1,1,15,109,26
8040,C1,11,1,18,0,0,0,0,0,0,0,0,0,0,1,0,1,16,67,37
8055,A1,4,3,0,18,0,0,0,0,0,0,0,0,0,1,0,2,19,157,40
8055,B0,0,18,8,1,0,0,0,0,0,0,0,0,0,0,1,1,12,90,16
8055,B1,3,3,2,1,0,0,0,0,0,0,0,0,0,0,1,2,43,479,102
8055,B2,19,0,2,2,0,0,0,0,0,0,0,0,0,1,0,2,15,109,26
8055,C1,10,3,17,0,0,0,0,0,0,0,0,0,0,0,1,2,16,67,37
8070,A1,2,1,0,16,0,0,0,0,0,0,0,0,0,0,1,1,19,157,40
8070,B0,0,20,9,3,0,0,0,0,0,0,0,0,0,0,1,1,12,90,16
8070,B1,1,4,2,2,0,0,0,0,0,0,0,0,0,0,1,2,43,479,102
8070,B2,16,0,4,3,0,0,0,0,0,0,0,0,0,0,1,1,15,109,26
8070,C1,13,1,17,0,0,0,0,0,0,0,0,0,0,1,0,2,16,67,37
8085,A1,4,2,0,11,0,0,0,0,0,0,0,0,0,0,1,2,19,157,40
8085,B0,0,20,7,1,0,0,0,0,0,0,0,0,0,0,1,1,12,90,16
8085,B1,1,5,5,2,0,0,0,0,0,0,0,0,0,1,0,1,44,483,103
8085,B2,17,0,3,2,0,0,0,0,0,0,0,0,0,1,0,2,15,109,26
8085,C1,13,1,18,0,0,0,0,0,0,0,0,0,0,1,0,2,16,67,37
8100,A1,5,2,0,13,0,0,0,0,0,0,0,0,0,0,1,2,19,157,40
8100,B0,0,20,5,3,0,0,0,0,0,0,0,0,0,0,1,1,12,90,16
8100,B1,1,4,3,3,0,0,0,0,0,0,0,0,0,1,0,1,45,500,104
8100,B2,16,0,3,4,0,0,0,0,0,0,0,0,0,0,1,1,15,109,26
8100,C1,12,1,19,0,0,0,0,0,0,0,0,0,0,0,1,1,16,67,37
8115,A1,4,4,0,15,0,0,0,0,0,0,0,0,0,0,1,2,19,157,40
8115,B0,0,20,3,2,0,0,0,0,0,0,0,0,0,0,1,1,12,90,16
8115,B1,3,4,1,2,0,0,0,0,0,0,0,0,0,1,0,2,45,500,104
8115,B2,16,0,3,4,0,0,0,0,0,0,0,0,0,1,0,1,15,109,26
8115,C1,13,2,18,0,0,0,0,0,0,0,0,0,0,1,0,2,16,67,37
8130,A1,5,2,0,13,0,0,0,0,0,0,0,0,0,1,0,2,19,157,40
8130,B0,0,20,4,1,0,0,0,0,0,0,0,0,0,0,1,1,12,90,16
8130,B1,2,3,2,2,0,0,0,0,0,0,0,0,0,1,0,2,45,500,104
8130,B2,16,0,2,4,0,0,0,0,0,0,0,0,0,1,0,1,15,109,26
8130,C1,13,1,20,0,0,0,0,0,0,0,0,0,0,1,0,2,16,67,37
8145,A1,4,3,0,14,0,0,0,0,0,0,0,0,0,0,1,2,19,157,40
8145,B0,0,18,5,5,0,0,0,0,0,0,0,0,0,1,0,1,12,90,16
8145,B1,2,3,2,1,0,0,0,0,0,0,0,0,0,0,1,2,45,500,104
8145,B2,18,0,3,3,0,0,0,0,0,0,0,0,0,0,1,2,15,109,26
8145,C1,18,1,18,0,0,0,0,0,0,0,0,0,0,1,0,2,16,67,37
8160,A1,2,4,0,16,0,0,0,0,0,0,0,0,0,1,0,2,19,157,40
8160,B0,0,18,7,2,0,0,0,0,0,0,0,0,0,0,1,1,12,90,16
8160,B1,1,3,3,2,0,0,0,0,0,0,0,0,0,0,1,1,45,500,104
8160,B2,17,0,4,3,0,0,0,0,0,0,0,0,0,0,1,1,15,109,26
8160,C1,16,2,19,0,0,0,0,0,0,0,0,0,0,1,0,2,16,67,37
8175,A1,3,4,0,14,0,0,0,0,0,0,0,0,0,0,1,2,19,157,40
8175,B0,0,20,3,1,0,0,0,0,0,0,0,0,0,0,1,2,12,90,16
8175,B1,2,6,4,3,0,0,0,0,0,0,0,0,0,1,0,1,45,500,104
8175,B2,15,0,3,3,0,0,0,0,0,0,0,0,0,1,0,2,15,109,26
8175,C1,15,2,20,0,0,0,0,0,0,0,0,0,0,1,0,2,16,67,37
8190,A1,2,3,0,14,0,0,0,0,0,0,0,0,0,1,0,1,20,158,42
8190,B0,0,18,5,1,0,0,0,0,0,0,0,0,0,0,1,1,12,90,16
8190,B1,3,9,4,6,0,0,0,0,0,0,0,0,0,0,1,1,45,500,104
8190,B2,16,0,2,3,0,0,0,0,0,0,0,0,0,0,1,2,15,109,26
8190,C1,13,1,20,0,0,0,0,0,0,0,0,0,0,1,0,2,16,67,37
8205,A1,1,5,0,13,0,0,0,0,0,0,0,0,0,1,0,2,20,158,42
8205,B0,0,19,2,2,0,0,0,0,0,0,0,0,0,0,1,2,12,90,16
8205,B1,1,7,4,7,0,0,0,0,0,0,0,0,0,0,1,1,45,500,104
8205,B2,14,0,6,4,0,0,0,0,0,0,0,0,0,1,0,1,15,109,26
8205,C1,14,2,18,0,0,0,0,0,0,0,0,0,0,1,0,2,16,67,37
8220,A1,2,4,0,13,0,0,0,0,0,0,0,0,0,1,0,2,20,158,42
8220,B0,0,17,4,1,0,0,0,0,0,0,0,0,0,0,1,1,12,90,16
8220,B1,2,7,2,6,0,0,0,0,0,0,0,0,0,1,0,1,45,500,104
8220,B2,17,0,2,4,0,0,0,0,0,0,0,0,0,0,1,1,15,109,26
8220,C1,14,3,19,0,0,0,0,0,0,0,0,0,0,1,0,2,16,67,37
8235,A1,2,4,0,14,0,0,0,0,0,0,0,0,0,1,0,2,20,158,42
8235,B0,0,18,4,2,0,0,0,0,0,0,0,0,0,1,0,1,12,90,16
8235,B1,2,8,3,6,0,0,0,0,0,0,0,0,0,0,1,1,45,500,104
8235,B2,18,0,2,4,0,0,0,0,0,0,0,0,0,0,1,1,15,109,26
8235,C1,16,1,20,0,0,0,0,0,0,0,0,0,0,1,0,2,16,67,37
8250,A1,1,3,0,12,0,0,0,0,0,0,0,0,0,0,1,1,20,158,42
8250,B0,0,18,4,2,0,0,0,0,0,0,0,0,0,0,1,1,12,90,16
8250,B1,4,10,3,3,0,0,0,0,0,0,0,0,0,0,1,2,45,500,104
8250,B2,17,0,2,2,0,0,0,0,0,0,0,0,0,1,0,2,15,109,26
8250,C1,15,1,20,0,0,0,0,0,0,0,0,0,0,1,0,2,16,67,37
8265,A1,2,4,0,11,0,0,0,0,0,0,0,0,0,1,0,2,20,158,42
8265,B0,0,18,6,1,0,0,0,0,0,0,0,0,0,0,1,1,12,90,16
8265,B1,3,10,3,4,0,0,0,0,0,0,0,0,0,0,1,2,45,500,104
8265,B2,13,0,5,3,0,0,0,0,0,0,0,0,0,1,0,1,15,109,26
8265,C1,16,2,20,0,0,0,0,0,0,0,0,0,0,1,0,2,16,67,37
8280,A1,3,3,0,11,0,0,0,0,0,0,0,0,0,1,0,2,20,158,42
8280,B0,0,19,6,1,0,0,0,0,0,0,0,0,0,0,1,1,12,90,16
8280,B1,3,9,2,5,0,0,0,0,0,0,0,0,0,1,0,2,45,500,104
8280,B2,14,0,3,3,0,0,0,0,0,0,0,0,0,1,0,2,15,109,26
8280,C1,16,1,20,0,0,0,0,0,0,0,0,0,0,1,0,2,16,67,37
8295,A1,1,3,0,10,0,0,0,0,0,0,0,0,0,0,1,1,20,158,42
8295,B0,0,20,6,1,0,0,0,0,0,0,0,0,0,0,1,1,12,90,16
8295,B1,1,9,1,4,0,0,0,0,0,0,0,0,0,0,1,2,45,500,104
8295,B2,13,0,4,6,0,0,0,0,0,0,0,0,0,0,1,1,15,109,26
8295,C1,15,2,20,0,0,0,0,0,0,0,0,0,0,1,0,2,16,67,37
8310,A1,3,6,0,10,0,0,0,0,0,0,0,0,0,1,0,2,20,158,42
8310,B0,0,20,4,1,0,0,0,0,0,0,0,0,0,0,1,1,12,90,16
8310,B1,2,7,3,5,0,0,0,0,0,0,0,0,0,0,1,1,45,500,104
8310,B2,13,0,2,7,0,0,0,0,0,0,0,0,0,0,1,1,15,109,26
8310,C1,16,2,20,0,0,0,0,0,0,0,0,0,0,1,0,2,16,67,37
8325,A1,2,5,0,11,0,0,0,0,0,0,0,0,0,1,0,2,20,158,42
8325,B0,0,20,3,2,0,0,0,0,0,0,0,0,0,0,1,1,12,90,16
8325,B1,1,8,6,3,0,0,0,0,0,0,0,0,0,0,1,1,45,500,104
8325,B2,14,0,1,5,0,0,0,0,0,0,0,0,0,0,1,1,15,109,26
8325,C1,15,3,20,0,0,0,0,0,0,0,0,0,0,1,0,2,16,67,37
8340,A1,2,9,0,13,0,0,0,0,0,0,0,0,0,1,0,2,20,158,42
8340,B0,0,18,3,3,0,0,0,0,0,0,0,0,0,1,0,1,12,90,16
8340,B1,3,10,5,4,0,0,0,0,0,0,0,0,0,0,1,1,45,500,104
8340,B2,15,0,1,3,0,0,0,0,0,0,0,0,0,0,1,2,15,109,26
8340,C1,14,2,20,0,0,0,0,0,0,0,0,0,0,1,0,2,16,67,37
8355,A1,1,10,0,14,0,0,0,0,0,0,0,0,0,1,0,2,20,158,42
8355,B0,0,16,4,2,0,0,0,0,0,0,0,0,0,1,0,1,12,90,16
8355,B1,2,10,4,5,0,0,0,0,0,0,0,0,0,1,0,1,45,500,104
8355,B2,14,0,1,2,0,0,0,0,0,0,0,0,0,0,1,2,16,114,27
8355,C1,16,2,20,0,0,0,0,0,0,0,0,0,0,1,0,2,16,67,37
8370,A1,2,7,0,15,0,0,0,0,0,0,0,0,0,1,0,2,20,158,42
8370,B0,0,18,5,3,0,0,0,0,0,0,0,0,0,0,1,1,12,90,16
8370,B1,3,11,3,5,0,0,0,0,0,0,0,0,0,1,0,2,45,500,104
8370,B2,10,0,4,2,0,0,0,0,0,0,0,0,0,1,0,1,16,114,27
8370,C1,16,1,20,0,0,0,0,0,0,0,0,0,0,1,0,2,16,67,37
8385,A1,1,5,0,15,0,0,0,0,0,0,0,0,0,1,0,2,20,158,42
8385,B0,0,19,3,2,0,0,0,0,0,0,0,0,0,1,0,1,12,90,16
8385,B1,2,10,5,6,0,0,0,0,0,0,0,0,0,0,1,1,45,500,104
8385,B2,11,0,2,1,0,0,0,0,0,0,0,0,0,1,0,2,16,114,27
8385,C1,14,2,20,0,0,0,0,0,0,0,0,0,0,1,0,2,16,67,37
8400,A1,1,4,0,14,0,0,0,0,0,0,0,0,0,0,1,2,20,158,42
8400,B0,0,18,1,1,0,0,0,0,0,0,0,0,0,1,0,2,12,90,16
8400,B1,2,10,4,7,0,0,0,0,0,0,0,0,0,1,0,1,45,500,104
8400,B2,6,0,5,2,0,0,0,0,0,0,0,0,0,0,1,1,16,114,27
8400,C1,11,3,20,0,0,0,0,0,0,0,0,0,0,1,0,2,16,67,37
8415,A1,1,4,0,15,0,0,0,0,0,0,0,0,0,1,0,2,20,158,42
8415,B0,0,16,2,4,0,0,0,0,0,0,0,0,0,0,1,1,12,90,16
8415,B1,2,10,4,11,0,0,0,0,0,0,0,0,0,0,1,1,45,500,104
8415,B2,6,0,3,1,0,0,0,0,0,0,0,0,0,1,0,2,16,114,27
8415,C1,10,1,16,0,0,0,0,0,0,0,0,0,0,0,1,1,16,67,37
8430,A1,2,4,0,14,0,0,0,0,0,0,0,0,0,1,0,2,20,158,42
8430,B0,0,18,3,3,0,0,0,0,0,0,0,0,0,0,1,1,12,90,16
8430,B1,2,10,4,9,0,0,0,0,0,0,0,0,0,0,1,1,45,500,104
8430,B2,6,0,1,1,0,0,0,0,1,0,0,0,0,1,0,1,18,120,28
8430,C1,10,2,17,0,0,0,0,0,0,0,0,0,0,1,0,2,16,67,37
8445,A1,1,4,0,14,0,0,0,0,0,0,0,0,0,0,1,2,20,158,42
8445,B0,0,18,3,2,0,0,0,0,0,0,0,0,0,1,0,1,12,90,16
8445,B1,2,11,3,8,0,0,0,0,0,0,0,0,0,1,0,2,45,500,104
8445,B2,5,0,1,2,0,0,0,0,0,0,0,0,0,0,1,2,18,140,29
8445,C1,11,3,18,0,0,0,0,0,0,0,0,0,0,0,1,2,16,67,37
8460,A1,3,8,0,13,0,0,0,0,0,0,0,0,0,1,0,2,20,158,42
8460,B0,0,18,2,1,0,0,0,0,0,0,0,0,0,1,0,2,12,90,16
8460,B1,2,10,2,8,0,0,0,0,0,0,0,0,0,0,1,2,45,500,104
8460,B2,3,0,3,2,0,0,0,0,0,0,0,0,0,1,0,1,19,147,30
8460,C1,12,3,17,0,0,0,0,0,0,0,0,0,0,0,1,2,16,67,37
8475,A1,1,6,0,15,0,0,0,0,0,0,0,0,0,1,0,2,20,158,42
8475,B0,0,17,4,2,0,0,0,0,0,0,0,0,0,0,1,1,12,90,16
8475,B1,2,9,4,9,0,0,0,0,0,0,0,0,0,1,0,1,45,500,104
8475,B2,3,0,3,2,0,0,0,0,0,0,0,0,0,1,0,1,19,147,30
8475,C1,12,2,18,0,0,0,0,0,0,0,0,0,0,1,0,2,16,67,37
8490,A1,2,2,0,15,0,0,0,0,0,0,0,0,0,1,0,1,20,158,42
8490,B0,0,18,1,3,0,0,0,0,0,0,0,0,0,1,0,2,12,90,16
8490,B1,2,10,1,9,0,0,0,0,0,0,0,0,0,1,0,2,45,500,104
8490,B2,3,0,1,2,0,0,0,0,0,0,0,0,0,0,1,1,19,147,30
8490,C1,13,1,20,0,0,0,0,0,0,0,0,0,0,1,0,2,16,67,37
8505,A1,3,3,0,13,0,0,0,0,0,0,0,0,0,0,1,2,20,158,42
8505,B0,0,15,4,3,0,0,0,0,0,0,0,0,0,0,1,1,12,90,16
8505,B1,1,8,2,9,0,0,0,0,0,0,0,0,0,0,1,1,45,500,104
8505,B2,4,0,1,4,0,0,0,0,0,0,0,0,0,0,1,1,19,147,30
8505,C1,13,2,20,0,0,0,0,0,0,0,0,0,0,1,0,2,16,67,37
8520,A1,5,4,0,12,0,0,0,0,0,0,0,0,0,0,1,2,20,158,42
8520,B0,0,17,5,4,0,0,0,0,0,0,0,0,0,1,0,1,12,90,16
8520,B1,1,9,2,8,0,0,0,0,0,0,0,0,0,1,0,1,45,500,104
8520,B2,5,0,1,3,0,0,0,0,0,0,0,0,0,1,0,1,19,147,30
8520,C1,13,1,20,0,0,0,0,0,0,0,0,0,0,1,0,2,16,67,37
8535,A1,2,5,0,12,0,0,0,0,0,0,0,0,0,1,0,2,20,158,42
8535,B0,0,18,3,1,0,0,0,0,0,0,0,0,0,0,1,2,12,90,16
8535,B1,2,8,1,7,0,0,0,0,0,0,0,0,0,1,0,2,45,500,104
8535,B2,5,0,3,5,0,0,0,0,0,0,0,0,0,0,1,1,19,147,30
8535,C1,13,1,18,0,0,0,0,0,0,0,0,0,0,0,1,2,16,67,37
8550,A1,1,4,0,13,0,0,0,0,0,0,0,0,0,1,0,2,20,158,42
8550,B0,0,16,4,3,0,0,0,0,0,0,0,0,0,1,0,1,12,90,16
8550,B1,1,7,1,9,0,0,0,0,0,0,0,0,0,1,0,2,45,500,104
8550,B2,7,0,1,3,0,0,0,0,0,0,0,0,0,0,1,2,19,147,30
8550,C1,12,2,18,0,0,0,0,0,0,0,0,0,0,1,0,2,16,67,37
8565,A1,5,2,0,12,0,0,0,0,0,0,0,0,0,1,0,2,20,158,42
8565,B0,0,16,4,4,0,0,0,0,0,0,0,0,0,1,0,1,12,90,16
8565,B1,2,4,3,10,0,0,0,0,0,0,0,0,0,0,1,1,45,500,104
8565,B2,4,0,3,4,0,0,0,0,0,0,0,0,0,0,1,1,19,147,30
8565,C1,11,2,18,0,0,0,0,0,0,0,0,0,0,0,1,2,16,67,37
8580,A1,4,2,0,12,0,0,0,0,0,0,0,0,0,0,1,2,20,158,42
8580,B0,0,18,4,1,0,0,0,0,0,0,0,0,0,0,1,1,12,90,16
8580,B1,2,3,1,8,0,0,0,0,0,0,0,0,0,1,0,1,45,500,104
8580,B2,4,0,1,4,0,0,0,0,0,0,0,0,0,0,1,1,19,147,30
8580,C1,13,1,18,0,0,0,0,0,0,0,0,0,0,1,0,2,16,67,37
8595,A1,3,7,0,14,0,0,0,0,0,0,0,0,0,1,0,2,20,158,42
8595,B0,0,20,4,1,0,0,0,0,0,0,0,0,0,1,0,1,12,90,16
8595,B1,2,4,1,8,0,0,0,0,0,0,0,0,0,0,1,2,45,500,104
8595,B2,4,0,3,2,0,0,0,0,0,0,0,0,0,1,0,1,19,147,30
8595,C1,12,2,20,0,0,0,0,0,0,0,0,0,0,1,0,2,16,67,37
8610,A1,4,5,0,15,0,0,0,0,0,0,0,0,0,1,0,2,20,158,42
8610,B0,0,18,5,5,0,0,0,0,0,0,0,0,0,0,1,1,12,90,16
8610,B1,3,7,2,7,0,0,0,0,0,0,0,0,0,1,0,2,45,500,104
8610,B2,4,0,1,4,0,0,0,0,0,0,0,0,0,0,1,1,19,147,30
8610,C1,14,3,18,0,0,0,1,0,0,0,0,0,0,1,0,2,17,69,37
8625,A1,1,5,0,15,0,0,0,0,0,0,0,0,0,1,0,2,20,158,42
8625,B0,0,20,4,1,0,0,0,0,0,0,0,0,0,0,1,1,12,90,16
8625,B1,2,5,3,8,0,0,0,0,0,0,0,0,0,0,1,1,45,500,104
8625,B2,2,0,1,3,0,0,0,0,0,0,0,0,0,1,0,1,19,147,30
8625,C1,12,2,16,0,0,0,0,0,0,0,0,0,0,0,1,2,17,71,38
8640,A1,1,7,0,17,0,0,0,0,0,0,0,0,0,1,0,2,20,158,42
8640,B0,0,18,3,2,0,0,0,0,0,0,0,0,0,0,1,1,12,90,16
8640,B1,4,5,3,10,0,0,0,0,0,0,0,0,0,0,1,1,45,500,104
8640,B2,4,0,3,1,0,0,0,0,0,0,0,0,0,1,0,1,19,147,30
8640,C1,10,1,18,0,0,0,0,0,0,0,0,0,0,1,0,1,17,71,38
8655,A1,1,9,0,19,0,0,0,0,0,0,0,0,0,1,0,2,20,158,42
8655,B0,0,16,4,3,0,0,0,0,0,0,0,0,0,1,0,1,12,90,16
8655,B1,2,6,3,9,0,0,0,0,0,0,0,0,0,1,0,1,45,500,104
8655,B2,4,0,5,3,0,0,0,0,0,0,0,0,0,0,1,1,19,147,30
8655,C1,10,1,18,0,0,0,0,0,0,0,0,0,0,1,0,1,17,71,38
8670,A1,2,8,0,19,0,0,0,0,0,0,0,0,0,1,0,2,20,158,42
8670,B0,0,18,3,1,0,0,0,0,0,0,0,0,0,0,1,2,12,90,16
8670,B1,2,7,1,8,0,0,0,0,0,0,0,0,0,1,0,2,45,500,104
8670,B2,3,0,1,3,0,0,0,0,0,0,0,0,0,0,1,1,19,147,30
8670,C1,10,2,17,0,0,0,0,0,0,0,0,0,0,1,0,2,17,71,38
8685,A1,3,4,0,18,0,0,0,0,0,0,0,0,0,0,1,2,20,158,42
8685,B0,0,17,4,1,0,0,0,0,0,0,0,0,0,0,1,1,12,90,16
8685,B1,1,5,1,9,0,0,0,0,0,0,0,0,0,1,0,2,45,500,104
8685,B2,5,0,1,4,0,0,0,0,0,0,0,0,0,0,1,1,19,147,30
8685,C1,11,1,16,0,0,0,0,0,0,0,0,0,0,0,1,2,17,71,38
8700,A1,1,8,0,17,0,0,0,0,0,0,0,0,0,1,0,2,20,158,42
8700,B0,0,18,5,1,0,0,0,0,0,0,0,0,0,0,1,1,12,90,16
8700,B1,1,6,2,8,0,0,0,0,0,0,0,0,0,0,1,1,45,500,104
8700,B2,6,0,1,3,0,0,0,0,0,0,0,0,0,0,1,2,19,147,30
8700,C1,11,1,18,0,0,0,0,0,0,0,0,0,0,1,0,1,17,71,38
8715,A1,1,3,0,18,0,0,0,0,0,0,0,0,0,1,0,1,20,158,42
8715,B0,0,20,6,1,0,0,0,0,0,0,0,0,0,0,1,1,12,90,16
8715,B1,1,6,1,8,0,0,0,0,0,0,0,0,0,0,1,2,45,500,104
8715,B2,5,0,1,4,0,0,0,0,0,0,0,0,0,0,1,1,19,147,30
8715,C1,10,3,18,0,0,0,0,0,0,0,0,0,0,1,0,2,17,71,38
8730,A1,2,5,0,17,0,0,0,0,0,0,0,0,0,1,0,2,20,158,42
8730,B0,0,20,7,1,0,0,0,0,0,0,0,0,0,0,1,1,12,90,16
8730,B1,1,4,3,8,0,0,0,0,0,0,0,0,0,1,0,1,46,512,105
8730,B2,5,0,2,5,0,0,0,0,0,0,0,0,0,1,0,1,19,147,30
8730,C1,10,1,17,0,0,0,0,0,0,0,0,0,0,0,1,1,17,71,38
8745,A1,1,4,0,17,0,0,0,0,0,0,0,0,0,1,0,2,20,158,42
8745,B0,0,20,7,4,0,0,0,0,0,0,0,0,0,0,1,1,12,90,16
8745,B1,2,4,1,8,0,0,0,0,0,0,0,0,0,0,1,2,46,512,105
8745,B2,4,0,2,5,0,0,0,0,0,0,0,0,0,0,1,1,20,149,32
8745,C1,10,1,17,0,0,0,0,0,0,0,0,0,0,1,0,2,17,71,38
8760,A1,3,3,0,18,0,0,0,0,0,0,0,0,0,1,0,2,20,158,42
8760,B0,0,20,5,1,0,0,0,0,0,0,0,0,0,0,1,1,12,90,16
8760,B1,2,2,1,7,0,0,0,0,0,0,0,0,0,0,1,1,48,520,107
8760,B2,5,0,1,3,0,0,0,0,0,0,0,0,0,0,1,1,20,149,32
8760,C1,9,1,17,0,0,0,0,0,0,0,0,0,0,0,1,1,17,71,38
8775,A1,1,4,0,17,0,0,0,0,0,0,0,0,0,1,0,2,20,158,42
8775,B0,0,20,6,2,0,0,0,0,0,0,0,0,0,0,1,1,12,90,16
8775,B1,5,2,2,7,0,0,0,0,0,0,0,0,0,1,0,1,48,520,107
8775,B2,6,0,1,2,0,0,0,0,0,0,0,0,0,1,0,2,20,149,32
8775,C1,11,4,15,0,0,0,0,0,0,0,0,0,0,1,0,2,17,71,38
8790,A1,1,4,0,17,0,0,0,0,0,0,0,0,0,0,1,2,20,158,42
8790,B0,0,20,5,2,0,0,0,0,0,0,0,0,0,0,1,1,12,90,16
8790,B1,5,2,2,7,0,0,0,0,0,0,0,0,0,0,1,1,48,520,107
8790,B2,5,0,2,6,0,0,0,0,0,0,0,0,0,0,1,1,20,149,32
8790,C1,9,1,19,0,0,0,0,0,0,0,0,0,0,0,1,1,17,71,38
8805,A1,1,8,0,18,0,0,0,0,0,0,0,0,0,1,0,2,20,158,42
8805,B0,0,20,2,2,0,0,0,0,0,0,0,0,0,0,1,2,12,90,16
8805,B1,2,3,1,8,0,0,0,0,0,0,0,0,0,1,0,1,48,520,107
8805,B2,7,0,1,5,0,0,0,0,0,0,0,0,0,0,1,1,20,149,32
8805,C1,10,2,15,0,0,0,0,0,0,0,0,0,0,1,0,2,17,71,38
8820,A1,1,9,0,19,0,0,0,0,0,0,0,0,0,1,0,2,20,158,42
8820,B0,0,18,3,2,0,0,0,0,0,0,0,0,0,0,1,1,12,90,16
8820,B1,2,3,1,8,0,0,0,0,0,0,0,0,0,0,1,1,48,520,107
8820,B2,8,0,1,4,0,0,0,0,0,0,0,0,0,0,1,1,20,149,32
8820,C1,10,1,19,0,0,0,0,0,0,0,0,0,0,0,1,1,17,71,38
8835,A1,2,7,0,19,0,0,0,0,0,0,0,0,0,1,0,2,20,158,42
8835,B0,0,17,3,2,0,0,0,0,0,0,0,0,0,1,0,1,12,90,16
8835,B1,3,4,5,9,0,0,0,0,0,0,0,0,0,0,1,1,48,520,107
8835,B2,7,0,1,3,0,0,0,0,0,0,0,0,0,1,0,2,20,149,32
8835,C1,13,1,18,0,0,0,0,0,0,0,0,0,0,1,0,2,17,71,38
8850,A1,1,8,0,19,0,0,0,0,0,0,0,0,0,1,0,2,20,158,42
8850,B0,0,17,3,3,0,0,0,0,0,0,0,0,0,1,0,1,12,90,16
8850,B1,2,5,4,8,0,0,0,0,0,0,0,0,0,1,0,1,48,520,107
8850,B2,6,0,3,4,0,0,0,0,0,0,0,0,0,0,1,1,20,149,32
8850,C1,10,3,20,0,0,0,0,0,0,0,0,0,0,1,0,2,17,71,38
8865,A1,1,6,0,20,0,0,0,0,0,0,0,0,0,1,0,2,20,158,42
8865,B0,0,18,3,1,0,0,0,0,0,0,0,0,0,0,1,2,12,90,16
8865,B1,2,6,1,8,0,0,0,0,0,0,0,0,0,1,0,2,48,520,107
8865,B2,6,0,2,3,0,0,0,0,0,0,0,0,0,0,1,1,20,149,32
8865,C1,9,2,18,0,0,0,0,0,0,0,0,0,0,0,1,2,17,71,38
8880,A1,2,6,0,20,0,0,0,0,0,0,0,0,0,1,0,2,20,158,42
8880,B0,0,18,3,2,0,0,0,0,0,0,0,0,0,0,1,1,12,90,16
8880,B1,1,5,3,8,0,0,0,0,0,0,0,0,0,0,1,1,48,520,107
8880,B2,6,0,1,4,0,0,0,0,0,0,0,0,0,0,1,1,20,149,32
8880,C1,9,1,17,0,0,0,0,0,0,0,0,0,0,0,1,1,17,71,38
8895,A1,1,6,0,20,0,0,0,0,0,0,0,0,0,1,0,2,20,158,42
8895,B0,0,17,2,2,0,0,0,0,0,0,0,0,0,1,0,2,12,90,16
8895,B1,1,7,3,8,0,0,0,0,0,0,0,0,0,0,1,1,48,520,107
8895,B2,6,0,2,3,0,0,0,0,0,0,0,0,0,1,0,1,20,149,32
8895,C1,11,1,16,0,0,0,0,0,0,0,0,0,0,1,0,2,17,71,38
8910,A1,2,4,0,20,0,0,0,0,0,0,0,0,0,1,0,2,20,158,42
8910,B0,0,18,2,1,0,0,0,0,0,0,0,0,0,1,0,2,12,90,16
8910,B1,4,8,2,6,0,0,0,0,0,0,0,0,0,1,0,2,48,520,107
8910,B2,7,0,2,5,0,0,0,0,0,0,0,0,0,0,1,1,21,153,33
8910,C1,7,2,19,0,0,0,0,0,0,0,0,0,0,1,0,1,17,71,38
8925,A1,2,4,0,18,0,0,0,0,0,0,0,0,0,0,1,2,20,158,42
8925,B0,0,14,3,1,0,0,0,0,0,0,0,0,0,1,0,2,12,90,16
8925,B1,3,7,4,7,0,0,0,0,0,0,0,0,0,0,1,1,48,520,107
8925,B2,9,0,1,3,0,0,0,0,0,0,0,0,0,0,1,2,21,153,33
8925,C1,8,2,17,0,0,0,0,0,0,0,0,0,0,1,0,2,17,71,38
8940,A1,5,3,0,17,0,0,0,0,0,0,0,0,0,1,0,2,20,158,42
8940,B0,0,16,2,1,0,0,0,0,0,0,0,0,0,0,1,2,12,90,16
8940,B1,1,8,4,8,0,0,0,0,0,0,0,0,0,1,0,1,48,520,107
8940,B2,7,0,4,4,0,0,0,1,0,0,0,0,0,0,1,1,22,155,33
8940,C1,8,1,16,0,0,0,0,0,0,0,0,0,0,0,1,1,17,71,38
8955,A1,3,5,0,18,0,0,0,0,0,0,0,0,0,0,1,2,20,158,42
8955,B0,0,18,4,3,0,0,0,0,0,0,0,0,0,0,1,1,12,90,16
8955,B1,1,8,2,8,0,0,0,0,0,0,0,0,0,0,1,1,48,520,107
8955,B2,8,0,1,5,0,0,0,0,0,0,0,0,0,0,1,1,22,157,34
8955,C1,8,2,13,0,0,0,0,0,0,0,0,0,0,1,0,2,17,71,38
8970,A1,2,2,0,19,0,0,0,0,0,0,0,0,0,1,0,1,20,158,42
8970,B0,0,19,6,3,0,0,0,0,0,0,0,0,0,0,1,1,12,90,16
8970,B1,2,7,1,7,0,0,0,0,0,0,0,0,0,1,0,2,48,520,107
8970,B2,6,0,1,3,0,0,0,0,0,0,0,0,0,1,0,2,22,157,34
8970,C1,10,2,18,0,0,0,0,0,0,0,0,0,0,1,0,2,17,71,38
8985,A1,3,2,0,15,0,0,0,0,0,0,0,0,0,0,1,1,20,158,42
8985,B0,0,20,5,1,0,0,0,0,0,0,0,0,0,0,1,1,12,90,16
8985,B1,3,7,2,7,0,0,0,0,0,0,0,0,0,0,1,2,48,520,107
8985,B2,8,0,3,3,0,0,0,0,0,0,0,0,0,0,1,1,22,157,34
8985,C1,9,2,19,0,0,0,0,0,0,0,0,0,0,0,1,2,17,71,38
9000,A1,5,4,0,16,0,0,0,0,0,0,0,0,0,1,0,2,20,158,42
9000,B0,0,20,5,3,0,0,0,0,0,0,0,0,0,0,1,1,12,90,16
9000,B1,6,7,3,7,0,0,0,0,0,0,0,0,0,1,0,2,48,520,107
9000,B2,9,0,2,2,0,0,0,0,0,0,0,0,0,1,0,2,22,157,34
9000,C1,10,1,18,0,0,0,0,0,0,0,0,0,0,1,0,1,17,71,38
9015,A1,3,4,0,19,0,0,0,0,0,0,0,0,0,0,1,2,20,158,42
9015,B0,0,20,7,2,0,0,0,0,0,0,0,0,0,0,1,1,12,90,16
9015,B1,3,6,2,6,0,0,0,0,0,0,0,0,0,0,1,2,48,520,107
9015,B2,8,0,3,3,0,0,0,0,0,0,0,0,0,0,1,1,23,158,36
9015,C1,11,2,18,0,0,0,0,0,0,0,0,0,0,1,0,2,18,77,39
9030,A1,1,7,0,18,0,0,0,0,0,0,0,0,0,1,0,2,20,158,42
9030,B0,0,20,6,2,0,0,0,0,0,0,0,0,0,0,1,1,12,90,16
9030,B1,3,4,2,6,0,0,0,0,0,0,0,0,0,1,0,2,48,520,107
9030,B2,10,0,1,4,0,0,0,0,0,0,0,0,0,0,1,1,23,158,36
9030,C1,9,1,20,0,0,0,0,0,0,0,0,0,0,0,1,1,18,77,39
9045,A1,1,5,0,20,0,0,0,0,0,0,0,0,0,1,0,2,20,158,42
9045,B0,0,20,4,2,0,0,0,0,0,0,0,0,0,0,1,1,12,90,16
9045,B1,3,5,3,6,0,0,0,0,0,0,0,0,0,0,1,1,48,520,107
9045,B2,8,0,3,4,0,0,0,0,0,0,0,0,0,1,0,1,23,158,36
9045,C1,6,2,17,0,0,0,0,0,0,0,0,0,0,1,0,1,18,77,39
9060,A1,3,4,0,20,0,0,0,0,0,0,0,0,0,0,1,2,20,158,42
9060,B0,0,20,3,1,0,0,0,0,0,0,0,0,0,0,1,2,12,90,16
9060,B1,3,6,4,5,0,0,0,0,0,0,0,0,0,0,1,1,48,520,107
9060,B2,8,0,1,5,0,0,0,0,0,0,0,0,0,0,1,1,23,158,36
9060,C1,8,2,15,0,0,0,0,0,0,0,0,0,0,0,1,2,18,77,39
9075,A1,2,7,0,18,0,0,0,0,0,0,0,0,0,1,0,2,20,158,42
9075,B0,0,16,2,1,0,0,0,0,0,0,0,0,0,1,0,2,12,90,16
9075,B1,2,6,3,5,0,0,0,0,0,0,0,0,0,1,0,1,48,520,107
9075,B2,9,0,2,6,0,0,0,0,0,0,0,0,0,0,1,1,23,158,36
9075,C1,6,2,16,0,0,0,0,0,0,0,0,0,0,0,1,1,18,77,39
9090,A1,1,3,0,20,0,0,0,0,0,0,0,0,0,1,0,1,20,158,42
9090,B0,0,15,6,1,0,0,0,0,0,0,0,0,0,0,1,1,12,90,16
9090,B1,3,8,2,5,0,0,0,0,0,0,0,0,0,1,0,2,48,520,107
9090,B2,10,0,1,4,0,0,0,0,0,0,0,0,0,0,1,1,23,158,36
9090,C1,6,1,18,0,0,0,0,0,0,0,0,0,0,1,0,1,18,77,39
9105,A1,1,5,0,18,0,0,0,0,0,0,0,0,0,1,0,2,20,158,42
9105,B0,0,20,3,1,0,0,0,0,0,0,0,0,0,0,1,2,12,90,16
9105,B1,1,8,4,6,0,0,0,0,0,0,0,0,0,0,1,1,48,520,107
9105,B2,10,0,1,6,0,0,0,0,0,0,0,0,0,0,1,1,23,158,36
9105,C1,9,2,15,0,0,0,0,0,0,0,0,0,0,0,1,2,18,77,39
9120,A1,3,5,0,19,0,0,0,0,0,0,0,0,0,1,0,2,20,158,42
9120,B0,0,18,3,1,0,0,0,0,0,0,0,0,0,0,1,2,12,90,16
9120,B1,2,9,2,8,0,0,0,0,7,0,0,0,0,0,1,1,49,529,107
9120,B2,12,0,2,5,0,0,0,0,0,0,0,0,0,1,0,1,23,158,36
9120,C1,8,1,15,0,0,0,0,0,0,0,0,1,0,0,1,2,18,77,39
9135,A1,1,4,0,20,0,0,0,0,0,0,0,0,0,1,0,2,20,158,42
9135,B0,0,18,7,1,0,0,0,0,0,0,0,0,0,0,1,1,12,90,16
9135,B1,2,10,1,8,0,0,0,0,0,0,0,0,0,0,1,2,49,549,114
9135,B2,11,0,3,6,0,0,0,0,0,0,0,0,0,0,1,1,23,158,36
9135,C1,11,3,14,0,0,0,0,0,0,0,0,0,0,1,0,2,18,77,39
9150,A1,2,3,0,19,0,0,0,0,0,0,0,0,0,0,1,1,20,158,42
9150,B0,0,19,7,1,0,0,0,0,0,0,0,0,0,0,1,1,12,90,16
9150,B1,2,5,2,9,0,0,0,0,0,0,0,0,0,1,0,1,49,549,114
9150,B2,12,0,2,6,0,0,0,0,0,0,0,0,0,0,1,1,23,158,36
9150,C1,11,1,15,0,0,0,0,0,0,0,0,0,0,1,0,2,18,77,39
9165,A1,2,5,0,13,0,0,0,0,0,0,0,0,0,0,1,2,20,158,42
9165,B0,0,20,6,2,0,0,0,0,0,0,0,0,0,0,1,1,12,90,16
9165,B1,2,7,4,8,0,0,0,0,0,0,0,0,0,0,1,1,49,549,114
9165,B2,14,0,1,5,0,0,0,0,0,0,0,0,0,0,1,1,23,158,36
9165,C1,8,4,16,0,0,0,0,0,0,0,0,0,0,1,0,2,18,77,39
9180,A1,1,7,0,17,0,0,0,0,0,0,0,0,0,1,0,2,20,158,42
9180,B0,0,20,6,1,0,0,0,0,0,0,0,0,0,0,1,1,12,90,16
9180,B1,3,8,3,9,0,0,0,0,0,0,0,0,0,1,0,1,49,549,114
9180,B2,15,0,1,5,0,0,0,0,0,0,0,0,0,0,1,1,23,158,36
9180,C1,5,5,17,0,0,0,0,0,0,0,0,0,0,0,1,2,18,77,39
9195,A1,2,4,0,19,0,0,0,0,0,0,0,0,0,1,0,2,20,158,42
9195,B0,0,19,3,1,0,0,0,0,0,0,0,0,0,1,0,2,12,90,16
9195,B1,2,9,4,11,0,0,0,0,0,0,0,0,0,0,1,1,49,549,114
9195,B2,17,0,1,5,0,0,0,0,0,0,0,0,0,0,1,1,23,158,36
9195,C1,6,3,16,0,0,0,0,0,0,0,0,0,0,0,1,2,19,80,41
9210,A1,2,4,0,20,0,0,0,0,0,0,0,0,0,1,0,2,20,158,42
9210,B0,0,16,5,2,0,0,0,0,0,0,0,0,0,0,1,1,12,90,16
9210,B1,3,10,4,10,0,0,0,0,0,0,0,0,0,1,0,1,49,549,114
9210,B2,19,0,2,5,0,0,0,0,0,0,0,0,0,0,1,1,23,158,36
9210,C1,5,2,16,0,0,0,0,0,0,0,0,0,0,1,0,1,19,80,41
9225,A1,2,3,0,16,0,0,0,0,0,0,0,0,0,0,1,1,20,158,42
9225,B0,0,18,4,1,0,0,0,0,0,0,0,0,0,1,0,1,12,90,16
9225,B1,2,10,2,11,0,0,0,0,0,0,0,0,0,0,1,1,49,549,114
9225,B2,18,0,3,2,0,0,0,0,0,0,0,0,0,1,0,2,23,158,36
9225,C1,8,2,14,0,0,0,0,0,0,0,0,0,0,1,0,2,19,80,41
9240,A1,1,4,0,15,0,0,0,0,0,0,0,0,0,1,0,2,20,158,42
9240,B0,0,18,6,3,0,0,0,0,0,0,0,0,0,0,1,1,12,90,16
9240,B1,5,11,3,11,0,0,0,0,0,0,0,0,0,0,1,2,49,549,114
9240,B2,16,0,3,3,0,0,0,0,0,0,0,0,0,0,1,2,23,158,36
9240,C1,6,2,15,0,0,0,0,0,0,0,0,0,0,1,0,1,19,80,41
9255,A1,1,3,0,15,0,0,0,0,0,0,0,0,0,0,1,1,20,158,42
9255,B0,0,20,5,3,0,0,0,0,0,0,0,0,0,0,1,1,12,90,16
9255,B1,3,11,2,12,0,0,0,0,0,0,0,0,0,0,1,2,49,549,114
9255,B2,15,0,3,5,0,0,0,0,0,0,0,0,0,0,1,1,23,158,36
9255,C1,5,2,14,0,0,0,0,0,0,0,0,0,0,1,0,1,20,88,43
9270,A1,3,4,0,15,0,0,0,0,0,0,0,0,0,1,0,2,20,158,42
9270,B0,0,19,2,1,0,0,0,0,0,0,0,0,0,1,0,2,12,90,16
9270,B1,1,10,3,10,0,0,0,0,0,0,0,0,0,1,0,1,49,549,114
9270,B2,17,0,3,4,0,0,0,0,0,0,0,0,0,0,1,1,23,158,36
9270,C1,8,2,14,0,0,0,0,0,0,0,0,0,0,1,0,2,21,109,45
9285,A1,2,5,0,16,0,0,0,0,0,0,0,0,0,1,0,2,20,158,42
9285,B0,0,17,5,2,0,0,0,0,0,0,0,0,0,0,1,1,12,90,16
9285,B1,1,10,1,11,0,0,0,0,0,0,0,0,0,1,0,2,49,549,114
9285,B2,16,0,2,4,0,0,0,0,0,0,0,0,0,0,1,1,23,158,36
9285,C1,7,2,14,0,0,0,0,0,0,0,0,0,0,0,1,2,21,109,45
9300,A1,2,4,0,17,0,0,0,0,0,0,0,0,0,1,0,2,20,158,42
9300,B0,0,19,5,1,0,0,0,0,0,0,0,0,0,0,1,1,12,90,16
9300,B1,1,10,2,11,0,0,0,0,0,0,0,0,0,0,1,1,49,549,114
9300,B2,18,0,2,4,0,0,0,0,0,0,0,0,0,0,1,1,23,158,36
9300,C1,10,1,14,0,0,0,0,0,0,0,0,0,0,0,1,2,21,109,45
9315,A1,2,5,0,17,0,0,0,0,0,0,0,0,0,0,1,2,20,158,42
9315,B0,0,20,2,3,0,0,0,0,0,0,0,0,0,0,1,1,12,90,16
9315,B1,1,10,3,12,0,0,0,0,0,0,0,0,0,0,1,1,49,549,114
9315,B2,17,0,3,2,0,0,0,0,0,0,0,0,0,1,0,2,23,158,36
9315,C1,9,4,15,0,0,0,0,0,0,0,0,0,0,1,0,2,21,109,45
9330,A1,1,4,0,16,0,0,0,0,0,0,0,0,0,1,0,2,20,158,42
9330,B0,0,18,5,2,0,0,0,0,1,0,0,0,0,0,1,1,13,100,16
9330,B1,2,10,3,11,0,0,0,0,0,0,0,0,0,1,0,1,49,549,114
9330,B2,15,0,3,4,0,0,0,0,0,0,0,0,0,0,1,1,23,158,36
9330,C1,10,1,16,0,0,0,0,0,0,0,0,0,0,1,0,2,21,109,45
9345,A1,3,3,0,17,0,0,0,0,0,0,0,0,0,0,1,2,20,158,42
9345,B0,0,18,2,1,0,0,0,0,0,0,0,0,0,1,0,2,13,101,19
9345,B1,1,8,2,11,0,0,0,0,0,0,0,0,0,1,0,1,49,549,114
9345,B2,17,0,5,6,0,0,0,0,0,0,0,0,0,0,1,1,23,158,36
9345,C1,4,1,16,0,0,0,0,0,0,0,0,0,0,1,0,1,21,109,45
9360,A1,2,2,0,17,0,0,0,0,0,0,0,0,0,0,1,1,20,158,42
9360,B0,0,14,2,2,0,0,0,0,0,0,0,0,0,1,0,2,13,101,19
9360,B1,1,9,1,9,0,0,0,0,0,0,0,0,0,0,1,2,49,549,114
9360,B2,17,0,1,7,0,0,0,0,0,0,0,0,0,0,1,1,23,158,36
9360,C1,5,1,12,0,0,0,0,0,0,0,0,0,0,0,1,2,21,109,45
9375,A1,2,5,0,14,0,0,0,0,0,0,0,0,0,0,1,2,20,158,42
9375,B0,0,13,2,2,0,0,0,0,0,0,0,0,0,0,1,2,13,101,19
9375,B1,1,9,3,11,0,0,0,0,0,0,0,0,0,1,0,1,49,549,114
9375,B2,19,0,1,5,0,0,0,0,0,0,0,0,0,0,1,1,23,158,36
9375,C1,6,4,12,0,0,0,0,0,0,0,0,0,0,0,1,2,21,109,45
9390,A1,1,2,0,16,0,0,0,0,0,0,0,0,0,1,0,1,20,158,42
9390,B0,0,17,4,5,0,0,0,0,0,0,1,0,0,0,1,1,13,101,19
9390,B1,1,9,1,12,0,1,0,0,0,0,0,0,0,1,0,2,50,557,114
9390,B2,20,0,1,6,0,0,0,0,0,0,0,0,0,0,1,1,23,158,36
9390,C1,9,3,13,0,0,0,0,0,0,0,0,0,0,1,0,2,21,109,45
9405,A1,1,4,0,14,0,0,0,0,0,0,0,0,0,0,1,2,20,158,42
9405,B0,0,19,1,2,0,0,0,0,0,0,0,0,0,1,0,2,13,101,19
9405,B1,1,8,3,12,0,0,0,0,0,0,0,0,0,0,1,1,50,561,115
9405,B2,20,0,1,5,0,0,0,0,0,0,0,0,0,0,1,1,23,158,36
9405,C1,8,2,13,0,0,0,0,0,0,0,0,0,0,1,0,2,21,109,45
9420,A1,3,3,0,15,0,0,0,0,0,0,0,0,0,1,0,2,20,158,42
9420,B0,0,18,4,2,0,0,0,0,0,0,0,0,0,0,1,1,13,101,19
9420,B1,1,8,1,7,0,0,0,0,0,0,0,0,0,0,1,2,50,561,115
9420,B2,18,0,1,4,0,0,0,0,0,0,0,0,0,1,0,1,23,158,36
9420,C1,7,3,13,0,0,0,0,0,0,0,0,0,0,1,0,2,21,109,45
9435,A1,1,5,0,17,0,0,0,0,0,0,0,0,0,1,0,2,20,158,42
9435,B0,0,19,3,1,0,0,0,0,0,0,0,0,0,1,0,2,13,101,19
9435,B1,1,6,2,7,0,0,0,0,0,0,0,0,0,1,0,1,50,561,115
9435,B2,17,0,3,3,0,0,0,0,0,0,0,0,0,1,0,2,23,158,36
9435,C1,7,1,13,0,0,0,0,0,0,0,0,0,0,1,0,2,21,109,45
9450,A1,1,4,0,18,0,0,0,0,0,0,0,0,0,1,0,2,20,158,42
9450,B0,0,18,7,2,0,0,0,0,0,0,0,0,0,0,1,1,13,101,19
9450,B1,1,5,1,5,0,0,0,0,0,0,0,0,0,1,0,2,50,561,115
9450,B2,18,0,1,7,0,0,0,0,0,0,0,0,0,0,1,1,23,158,36
9450,C1,5,1,14,0,0,0,0,0,0,0,0,0,0,0,1,1,21,109,45
9465,A1,2,6,0,17,0,0,0,0,0,0,0,0,0,1,0,2,20,158,42
9465,B0,0,20,4,1,0,0,0,0,0,0,0,0,0,0,1,1,13,101,19
9465,B1,2,4,1,7,0,0,0,0,0,0,0,0,0,0,1,2,50,561,115
9465,B2,20,0,2,4,0,0,0,0,0,0,0,0,0,0,1,1,23,158,36
9465,C1,8,2,13,0,0,0,0,0,0,0,0,0,0,1,0,2,21,109,45
9480,A1,2,5,0,17,0,0,0,0,0,0,0,0,0,1,0,2,20,158,42
9480,B0,0,18,5,4,0,0,0,0,0,0,0,0,0,1,0,1,13,101,19
9480,B1,4,6,2,5,0,0,0,0,0,0,0,0,0,0,1,2,50,561,115
9480,B2,18,0,4,5,0,0,0,0,0,0,0,0,0,1,0,1,23,158,36
9480,C1,5,1,13,0,0,0,0,0,0,0,0,0,0,0,1,1,21,109,45
9495,A1,1,2,0,19,0,0,0,0,0,0,0,0,0,0,1,1,20,158,42
9495,B0,0,18,6,2,0,0,0,0,0,0,0,0,0,0,1,1,13,101,19
9495,B1,4,7,1,6,0,0,0,0,0,0,0,0,0,1,0,2,50,561,115
9495,B2,17,0,4,5,0,0,0,0,0,0,0,0,0,1,0,1,23,158,36
9495,C1,6,2,13,0,0,0,0,0,0,0,0,0,0,1,0,2,21,109,45
9510,A1,2,2,0,13,0,0,0,0,0,0,0,0,0,0,1,1,20,158,42
9510,B0,0,20,4,1,0,0,0,0,0,0,0,0,0,0,1,1,13,101,19
9510,B1,3,2,3,6,0,0,0,0,0,0,0,0,0,1,0,1,50,561,115
9510,B2,18,0,5,6,0,0,0,0,0,0,0,0,0,0,1,1,23,158,36
9510,C1,6,2,13,0,0,0,0,0,0,0,0,0,0,1,0,2,21,109,45
9525,A1,1,4,0,10,0,0,0,0,0,0,0,0,0,1,0,2,20,158,42
9525,B0,0,18,6,3,0,0,0,0,0,0,0,0,0,1,0,1,13,101,19
9525,B1,2,2,1,4,0,0,0,0,0,0,0,0,0,0,1,1,50,561,115
9525,B2,19,0,3,6,0,0,0,0,0,0,0,0,0,1,0,1,23,158,36
9525,C1,8,1,12,0,0,0,0,0,0,0,0,0,0,1,0,2,21,109,45
9540,A1,1,7,0,12,0,0,0,0,0,0,0,0,0,1,0,2,20,158,42
9540,B0,0,18,7,2,0,0,0,0,0,0,0,0,0,0,1,1,13,101,19
9540,B1,1,5,1,2,0,0,0,0,0,0,0,0,0,1,0,2,50,561,115
9540,B2,18,0,2,6,0,0,0,0,0,0,0,0,0,0,1,1,23,158,36
9540,C1,8,5,14,0,0,0,0,0,0,0,0,0,0,1,0,2,21,109,45
9555,A1,1,7,0,15,0,0,0,0,0,0,0,0,0,1,0,2,20,158,42
9555,B0,0,20,6,3,0,0,0,0,0,0,0,0,0,0,1,1,13,101,19
9555,B1,1,4,2,1,0,0,0,0,0,0,0,0,0,0,1,2,50,561,115
9555,B2,20,0,1,10,0,0,0,0,0,0,0,0,0,0,1,1,23,158,36
9555,C1,7,1,13,0,0,0,0,0,0,0,0,0,0,0,1,2,21,109,45
9570,A1,1,8,0,16,0,0,0,0,0,0,0,0,0,1,0,2,20,158,42
9570,B0,0,20,6,2,0,0,0,0,0,0,0,0,0,0,1,1,13,101,19
9570,B1,2,3,2,1,0,0,0,0,0,0,0,0,0,1,0,2,51,562,116
9570,B2,20,0,2,8,0,0,0,0,0,0,0,0,0,0,1,1,23,158,36
9570,C1,6,1,14,0,0,0,0,0,0,0,0,0,0,1,0,1,21,109,45
9585,A1,3,6,0,19,0,0,0,0,0,0,0,0,0,1,0,2,20,158,42
9585,B0,0,19,4,1,0,0,0,0,0,0,0,0,0,1,0,1,13,101,19
9585,B1,3,1,2,2,0,0,0,0,0,0,0,0,0,1,0,1,51,562,116
9585,B2,20,0,1,10,0,0,0,0,0,0,0,0,0,0,1,1,23,158,36
9585,C1,8,2,12,0,0,0,0,0,0,0,0,0,0,1,0,2,21,109,45
9600,A1,1,4,0,20,0,0,0,0,0,0,0,0,0,1,0,2,20,158,42
9600,B0,0,18,5,2,0,0,0,0,0,0,0,0,0,1,0,1,13,101,19
9600,B1,6,1,2,2,0,0,0,0,0,0,0,0,0,1,0,2,51,562,116
9600,B2,20,0,2,11,0,0,0,0,0,0,0,0,0,0,1,1,23,158,36
9600,C1,9,2,13,0,0,0,0,0,0,0,0,0,0,1,0,2,21,109,45
9615,A1,4,5,0,18,0,0,0,0,0,0,0,0,0,0,1,2,20,158,42
9615,B0,0,18,6,1,0,0,0,0,0,0,0,0,0,0,1,1,13,101,19
9615,B1,3,1,2,3,0,0,0,0,0,0,0,0,0,0,1,1,51,562,116
9615,B2,20,0,1,12,0,0,0,0,0,0,0,0,0,0,1,1,23,158,36
9615,C1,9,2,15,0,0,0,0,0,0,0,0,0,0,1,0,2,21,109,45
9630,A1,1,4,0,17,0,1,0,0,0,0,0,0,0,0,1,2,22,178,45
9630,B0,0,20,4,1,0,0,0,0,0,0,0,0,0,0,1,1,13,101,19
9630,B1,4,1,2,3,0,0,0,0,0,0,0,0,0,1,0,1,51,562,116
9630,B2,20,0,1,10,0,0,0,0,0,0,0,0,0,0,1,1,23,158,36
9630,C1,9,1,16,0,0,0,0,0,0,0,0,0,0,0,1,1,21,109,45
9645,A1,3,2,0,18,0,0,0,0,0,0,0,0,0,1,0,1,22,194,46
9645,B0,0,18,2,1,0,0,0,0,0,0,0,0,0,1,0,2,13,101,19
9645,B1,4,3,3,3,0,0,0,0,0,0,0,0,0,1,0,2,51,562,116
9645,B2,20,0,1,10,0,0,0,0,0,0,0,0,0,0,1,1,23,158,36
9645,C1,9,1,15,0,0,0,0,0,0,0,0,0,0,1,0,2,21,109,45
9660,A1,1,3,0,18,0,0,0,0,0,0,0,0,0,1,0,1,23,209,47
9660,B0,0,17,4,3,0,0,0,0,0,0,0,0,0,0,1,1,13,101,19
9660,B1,3,2,2,3,0,0,0,0,0,0,0,0,0,0,1,1,51,562,116
9660,B2,20,0,1,12,0,0,0,0,0,0,0,0,0,0,1,1,23,158,36
9660,C1,7,2,14,0,0,0,0,0,0,0,0,0,0,0,1,2,21,109,45
9675,A1,2,3,0,15,0,0,0,0,0,0,0,0,0,0,1,1,23,209,47
9675,B0,0,20,3,1,0,0,0,0,0,0,0,0,0,0,1,2,13,101,19
9675,B1,2,2,1,7,0,0,0,0,0,0,0,0,0,0,1,1,51,562,116
9675,B2,20,0,1,11,0,0,0,0,0,0,0,0,0,0,1,1,23,158,36
9675,C1,8,1,15,0,0,0,0,0,0,0,0,0,0,0,1,1,21,109,45
9690,A1,3,1,0,15,0,0,0,0,0,0,0,0,0,1,0,1,23,209,47
9690,B0,0,18,2,2,0,0,0,0,0,0,0,0,0,0,1,2,13,101,19
9690,B1,2,2,2,5,0,0,0,0,0,0,0,0,0,0,1,1,51,562,116
9690,B2,20,0,1,9,0,0,0,0,0,0,0,0,0,0,1,1,23,158,36
9690,C1,6,1,13,0,0,0,0,0,0,0,0,0,0,1,0,2,22,115,46
9705,A1,3,2,0,18,0,0,0,0,0,0,0,0,0,1,0,1,23,209,47
9705,B0,0,18,3,1,0,0,0,0,0,0,0,0,0,0,1,2,13,101,19
9705,B1,3,2,1,3,0,0,0,0,0,0,0,0,0,0,1,2,51,562,116
9705,B2,20,0,2,3,0,0,0,0,0,0,0,0,0,0,1,2,23,158,36
9705,C1,3,2,14,0,0,0,0,0,0,0,0,0,0,0,1,1,22,115,46
9720,A1,5,2,0,16,0,0,0,0,0,0,0,0,0,0,1,2,23,209,47
9720,B0,0,17,3,2,0,0,0,0,0,0,0,0,0,1,0,1,13,101,19
9720,B1,1,3,1,3,0,0,0,0,0,0,0,0,0,0,1,1,52,566,117
9720,B2,18,0,2,5,0,0,0,0,0,0,0,0,0,0,1,1,23,158,36
9720,C1,5,1,12,0,0,0,0,0,0,0,0,0,0,1,0,2,22,115,46
9735,A1,4,1,0,15,0,0,0,0,0,0,0,0,0,0,1,1,23,209,47
9735,B0,0,17,4,1,0,0,0,0,0,0,0,0,0,1,0,1,13,101,19
9735,B1,2,3,1,4,0,0,0,0,0,0,0,0,0,1,0,1,52,566,117
9735,B2,19,0,4,6,0,0,0,0,0,0,0,0,0,0,1,1,23,158,36
9735,C1,5,2,13,0,0,0,0,0,0,0,0,0,0,0,1,2,22,115,46
9750,A1,6,1,0,15,0,0,0,0,0,0,0,0,0,1,0,1,23,209,47
9750,B0,0,18,5,1,0,0,0,0,0,0,0,0,0,0,1,1,13,101,19
9750,B1,1,4,2,3,0,0,0,0,0,0,0,0,0,0,1,1,52,566,117
9750,B2,20,0,2,7,0,0,0,0,0,0,0,0,0,0,1,1,23,158,36
9750,C1,7,1,13,0,0,0,0,0,0,0,0,0,0,1,0,2,23,117,47
9765,A1,6,1,0,15,0,0,0,0,0,0,0,0,0,1,0,1,23,209,47
9765,B0,0,18,2,1,0,0,0,0,0,0,0,0,0,1,0,2,13,101,19
9765,B1,1,3,1,2,0,0,0,0,0,0,0,0,0,0,1,2,52,566,117
9765,B2,20,0,2,6,0,0,0,0,0,0,0,0,0,0,1,1,23,158,36
9765,C1,7,2,12,0,0,0,0,0,0,0,0,0,0,0,1,2,23,117,47
9780,A1,6,2,0,15,0,0,0,0,0,0,0,0,1,0,1,2,23,209,47
9780,B0,0,12,3,2,0,0,0,0,0,0,0,0,0,1,0,1,13,101,19
9780,B1,2,3,1,4,0,0,0,1,0,0,0,0,0,0,1,1,53,570,117
9780,B2,20,0,1,6,0,0,0,0,0,0,0,0,0,0,1,1,23,158,36
9780,C1,5,1,12,0,0,0,0,0,0,0,0,0,0,1,0,2,23,117,47
9795,A1,6,3,0,13,0,0,0,0,0,0,0,0,0,0,1,2,23,209,47
9795,B0,0,17,3,1,0,0,0,0,0,0,0,0,0,0,1,2,13,101,19
9795,B1,1,2,1,3,0,0,0,0,0,0,0,0,0,1,0,1,53,574,118
9795,B2,20,0,1,5,0,0,0,0,0,0,0,0,0,0,1,1,23,158,36
9795,C1,7,2,12,0,0,0,0,0,0,0,0,0,0,0,1,2,23,117,47
9810,A1,4,3,0,14,0,0,0,0,0,0,0,0,0,1,0,2,23,209,47
9810,B0,0,17,3,2,0,0,0,0,0,0,0,0,0,1,0,1,13,101,19
9810,B1,2,2,1,1,0,0,0,0,0,0,0,0,0,1,0,2,53,574,118
9810,B2,20,0,4,5,0,0,0,0,0,0,0,0,0,0,1,1,23,158,36
9810,C1,7,2,13,0,0,0,0,0,0,0,0,0,0,1,0,2,23,117,47
9825,A1,3,2,0,15,0,0,0,0,0,0,0,0,0,0,1,1,23,209,47
9825,B0,0,17,4,2,0,0,0,0,0,0,0,0,0,1,0,1,13,101,19
9825,B1,1,1,1,1,0,0,0,0,0,0,0,0,0,1,0,1,53,574,118
9825,B2,20,0,1,6,0,0,0,0,0,0,0,0,0,0,1,1,23,158,36
9825,C1,7,2,11,0,0,0,0,0,0,0,0,0,0,0,1,2,23,117,47
9840,A1,5,4,0,14,0,0,0,0,0,0,0,0,0,1,0,2,23,209,47
9840,B0,0,18,3,2,0,0,0,0,0,0,0,0,0,0,1,1,13,101,19
9840,B1,3,3,2,1,0,0,0,0,0,0,0,0,0,0,1,2,53,574,118
9840,B2,20,0,1,5,0,0,0,0,0,0,0,0,0,0,1,1,23,158,36
9840,C1,6,4,11,0,0,0,0,0,0,0,0,0,0,1,0,2,23,117,47
9855,A1,3,4,0,14,0,0,0,0,0,0,0,0,0,1,0,2,23,209,47
9855,B0,0,17,4,1,0,0,0,0,0,0,0,0,0,0,1,1,13,101,19
9855,B1,1,3,2,2,0,0,0,0,0,0,0,0,0,1,0,1,53,574,118
9855,B2,18,0,3,4,0,0,0,0,0,0,0,0,0,1,0,1,23,158,36
9855,C1,5,2,11,0,0,0,0,0,0,0,0,0,0,0,1,2,23,117,47
9870,A1,5,2,0,12,0,0,0,0,0,0,0,0,0,0,1,2,23,209,47
9870,B0,0,18,3,1,0,0,0,0,0,0,0,0,0,1,0,2,13,101,19
9870,B1,3,4,1,2,0,0,0,0,0,0,0,0,0,1,0,2,53,574,118
9870,B2,18,0,3,8,0,0,0,0,0,0,0,0,0,0,1,1,23,158,36
9870,C1,5,3,12,0,0,0,0,0,0,0,0,0,0,1,0,2,23,117,47
9885,A1,3,1,0,13,0,0,0,0,0,0,0,0,0,0,1,1,23,209,47
9885,B0,0,16,3,1,0,0,0,0,0,0,0,0,0,0,1,2,13,101,19
9885,B1,1,2,3,3,0,0,0,0,0,0,0,0,0,0,1,1,53,574,118
9885,B2,20,0,3,5,0,0,0,0,0,0,0,0,0,0,1,1,23,158,36
9885,C1,5,2,10,0,0,0,0,0,0,0,0,0,0,0,1,2,23,117,47
9900,A1,4,2,0,10,0,0,0,0,0,0,0,0,0,0,1,2,23,209,47
9900,B0,0,17,4,2,0,0,0,0,0,0,0,0,0,0,1,1,13,101,19
9900,B1,1,3,1,2,0,0,0,0,0,0,0,0,0,0,1,2,53,574,118
9900,B2,20,0,1,4,0,0,0,0,0,0,0,0,0,0,1,1,23,158,36
9900,C1,5,1,12,0,0,0,0,0,0,0,0,0,0,1,0,2,23,117,47
9915,A1,2,1,0,13,0,0,0,0,0,0,0,0,0,0,1,1,23,209,47
9915,B0,0,19,7,1,0,0,0,0,0,0,0,0,0,0,1,1,13,101,19
9915,B1,1,3,1,3,0,0,0,0,0,0,0,0,0,0,1,1,53,574,118
9915,B2,20,0,3,5,0,0,0,0,0,0,0,0,0,0,1,1,23,158,36
9915,C1,7,4,11,0,0,0,1,0,0,0,0,0,0,1,0,2,24,119,47
9930,A1,1,5,0,11,0,0,0,0,0,0,0,0,0,1,0,2,23,209,47
9930,B0,0,20,3,2,0,0,0,0,0,0,0,0,0,0,1,1,13,101,19
9930,B1,1,3,1,3,0,0,0,0,0,0,0,0,0,1,0,1,53,574,118
9930,B2,20,0,1,5,0,0,0,0,0,0,0,0,0,0,1,1,23,158,36
9930,C1,6,3,13,0,0,0,0,0,0,0,0,0,0,1,0,2,24,125,48
9945,A1,1,6,0,12,0,0,0,0,0,0,0,0,0,1,0,2,23,209,47
9945,B0,0,18,6,2,0,0,0,0,0,0,0,0,0,0,1,1,13,101,19
9945,B1,2,2,1,1,0,0,0,0,0,0,0,0,0,1,0,2,53,574,118
9945,B2,20,0,3,4,0,0,0,0,0,0,0,0,0,1,0,1,23,158,36
9945,C1,2,1,13,0,0,0,0,0,0,0,0,0,0,1,0,1,24,125,48
9960,A1,2,4,0,12,0,0,0,0,0,0,0,0,0,1,0,2,23,209,47
9960,B0,0,19,5,1,0,0,0,0,0,0,0,0,0,0,1,1,13,101,19
9960,B1,2,2,3,1,0,0,0,0,0,0,0,0,0,0,1,1,53,574,118
9960,B2,18,0,1,6,0,0,0,0,0,0,0,0,0,0,1,1,23,158,36
9960,C1,4,3,9,0,0,0,0,0,0,0,0,0,0,0,1,2,24,125,48
9975,A1,2,3,0,10,0,0,0,0,0,0,0,0,0,0,1,2,23,209,47
9975,B0,0,20,3,2,0,0,0,0,0,0,0,0,0,0,1,1,13,101,19
9975,B1,2,4,2,2,0,0,0,0,0,0,0,0,0,1,0,2,53,574,118
9975,B2,20,0,1,5,0,0,0,0,0,0,0,0,0,0,1,1,23,158,36
9975,C1,4,1,10,0,0,0,0,0,0,0,0,0,0,1,0,1,24,125,48
9990,A1,1,2,0,11,0,0,0,0,0,0,0,0,0,1,0,1,23,209,47
9990,B0,0,18,6,4,0,0,0,0,0,0,0,0,0,0,1,1,13,101,19
9990,B1,5,2,2,1,0,0,0,0,0,0,0,0,0,1,0,2,53,574,118
9990,B2,20,0,1,9,0,0,0,0,0,0,0,0,0,0,1,1,23,158,36
9990,C1,3,1,7,0,0,0,0,0,0,0,0,0,0,0,1,1,24,125,48
