time_of_info,tls_id,count_to_r,count_to_l,count_to_b,count_to_t,count_stuck_middle,count_stuck_to_r,count_stuck_to_l,count_stuck_to_b,count_stuck_to_t,is_jam_next_l,is_jam_next_r,is_jam_next_t,is_jam_next_b,is_green_horizontal,is_green_vertical,y,jams_count,jams_time,jams_car_count
15,A1,0,0,0,0,0,0,0,0,0,0,0,0,0,0,1,1,0,0,0
15,B0,0,0,0,0,0,0,0,0,0,0,0,0,0,0,1,1,0,0,0
15,B1,0,0,0,0,0,0,0,0,0,0,0,0,0,0,1,1,0,0,0
15,B2,0,0,0,0,0,0,0,0,0,0,0,0,0,0,1,1,0,0,0
15,C1,0,0,0,0,0,0,0,0,0,0,0,0,0,0,1,1,0,0,0
30,A1,4,1,0,2,0,0,0,0,0,0,0,0,0,1,0,2,0,0,0
30,B0,0,1,3,1,0,0,0,0,0,0,0,0,0,0,1,1,0,0,0
30,B1,2,2,1,2,0,0,0,0,0,0,0,0,0,1,0,2,0,0,0
30,B2,2,0,4,3,0,0,0,0,0,0,0,0,0,0,1,1,0,0,0
30,C1,2,3,2,0,0,0,0,0,0,0,0,0,0,1,0,2,0,0,0
45,A1,2,2,0,2,0,0,0,0,0,0,0,0,0,0,1,2,0,0,0
45,B0,0,4,4,1,0,0,0,0,0,0,0,0,0,0,1,1,0,0,0
45,B1,3,1,3,4,0,0,0,0,0,0,0,0,0,0,1,1,0,0,0
45,B2,3,0,3,4,0,0,0,0,0,0,0,0,0,1,0,1,0,0,0
45,C1,3,3,5,0,0,0,0,0,0,0,0,0,0,0,1,2,0,0,0
60,A1,1,5,0,6,0,0,0,0,0,0,0,0,0,1,0,2,0,0,0
60,B0,0,7,6,2,0,0,0,0,0,0,0,0,0,0,1,1,0,0,0
60,B1,4,6,4,4,0,0,0,0,0,0,0,0,0,1,0,2,0,0,0
60,B2,6,0,4,6,0,0,0,0,0,0,0,0,0,0,1,1,0,0,0
60,C1,5,3,6,0,0,0,0,0,0,0,0,0,0,1,0,2,0,0,0
75,A1,3,4,0,9,0,0,0,0,0,0,0,0,0,1,0,2,0,0,0
75,B0,0,10,8,2,0,0,0,0,0,0,0,0,0,0,1,1,0,0,0
75,B1,4,7,6,5,0,0,0,0,0,0,0,0,0,1,0,1,0,0,0
75,B2,10,0,3,7,0,0,0,0,0,0,0,0,0,0,1,1,0,0,0
75,C1,8,3,8,0,0,0,0,0,0,0,0,0,0,1,0,2,0,0,0
90,A1,1,9,0,13,0,0,0,0,0,0,0,0,0,1,0,2,0,0,0
90,B0,0,15,9,3,0,0,0,0,0,0,0,0,0,0,1,1,0,0,0
90,B1,5,10,10,4,0,0,0,0,0,0,0,0,0,0,1,2,0,0,0
90,B2,12,0,3,5,0,0,0,0,0,0,0,0,0,0,1,1,0,0,0
90,C1,12,1,11,0,0,0,0,0,0,0,0,0,0,1,0,2,0,0,0
105,A1,2,13,0,18,0,0,0,0,0,0,0,0,0,1,0,2,0,0,0
105,B0,0,18,13,1,0,0,0,0,0,0,0,0,0,0,1,1,0,0,0
105,B1,8,11,10,7,0,0,0,0,0,0,0,0,0,1,0,2,0,0,0
105,B2,15,0,4,9,0,0,0,0,0,0,0,0,0,0,1,1,0,0,0
105,C1,12,1,12,0,0,0,0,0,0,0,0,0,0,1,0,2,0,0,0
120,A1,5,12,0,20,0,0,0,0,0,0,0,0,0,1,0,2,0,0,0
120,B0,0,20,17,4,0,0,0,0,0,0,0,0,0,0,1,1,0,0,0
120,B1,4,11,12,8,0,0,0,0,0,0,0,0,0,0,1,1,0,0,0
120,B2,16,0,2,10,0,0,0,0,0,0,0,0,0,0,1,1,0,0,0
120,C1,15,3,14,0,0,0,0,0,0,0,0,0,0,1,0,2,0,0,0
135,A1,3,14,0,20,0,0,0,0,0,0,0,0,0,1,0,2,0,0,0
135,B0,0,20,19,3,0,0,0,0,0,0,0,0,0,0,1,1,0,0,0
135,B1,5,12,11,11,0,0,0,0,0,0,0,0,0,0,1,1,0,0,0
135,B2,18,0,3,15,0,0,0,0,0,0,0,0,0,0,1,1,0,0,0
135,C1,15,4,16,0,0,0,0,0,0,0,0,0,0,1,0,2,0,0,0
150,A1,1,16,0,20,0,0,0,0,0,0,0,0,0,1,0,2,0,0,0
150,B0,0,20,20,3,0,0,0,0,0,0,0,0,0,0,1,1,0,0,0
150,B1,5,14,10,9,0,0,0,0,0,0,0,0,0,1,0,2,0,0,0
150,B2,18,0,1,14,0,0,0,0,0,0,0,0,0,0,1,1,0,0,0
150,C1,15,3,16,0,0,0,0,0,0,0,0,0,0,1,0,2,0,0,0
165,A1,2,14,0,20,0,0,0,0,0,0,0,0,0,1,0,2,0,0,0
165,B0,0,20,20,5,0,0,0,0,0,0,0,0,0,0,1,1,0,0,0
165,B1,3,14,10,12,0,0,0,0,0,0,0,0,0,1,0,1,0,0,0
165,B2,20,0,4,15,0,0,0,0,0,0,0,0,0,0,1,1,0,0,0
165,C1,15,3,20,0,0,0,0,0,0,0,0,0,0,1,0,2,0,0,0
180,A1,2,15,0,20,0,0,0,0,0,0,0,0,0,1,0,2,0,0,0
180,B0,0,20,21,4,0,0,0,0,0,0,0,0,0,0,1,1,0,0,0
180,B1,7,14,12,11,0,0,0,0,0,0,0,0,0,1,0,2,0,0,0
180,B2,20,0,3,16,0,0,0,0,0,0,0,0,0,0,1,1,0,0,0
180,C1,15,3,20,0,0,0,0,0,0,0,0,0,0,1,0,2,0,0,0
195,A1,2,14,0,20,0,0,0,0,0,0,0,0,0,1,0,2,0,0,0
195,B0,0,20,21,1,0,0,0,0,0,0,0,0,0,0,1,1,0,0,0
195,B1,4,14,11,15,0,0,0,0,0,0,0,0,0,0,1,1,0,0,0
195,B2,20,0,3,19,0,0,0,0,0,0,0,0,0,0,1,1,0,0,0
195,C1,17,2,20,0,0,0,0,0,0,0,0,0,0,1,0,2,0,0,0
210,A1,2,16,0,20,0,0,0,0,0,0,0,0,0,1,0,2,0,0,0
210,B0,0,20,20,1,0,0,0,0,0,0,0,0,0,0,1,1,0,0,0
210,B1,4,15,11,11,0,0,0,0,0,0,0,0,0,0,1,1,0,0,0
210,B2,20,0,2,19,0,0,0,0,0,0,0,0,0,0,1,1,0,0,0
210,C1,17,2,20,0,0,0,0,0,0,0,0,0,0,1,0,2,0,0,0
225,A1,2,18,0,20,0,0,0,0,0,0,0,0,0,1,0,2,0,0,0
225,B0,0,20,19,1,0,0,0,0,0,0,0,0,0,0,1,1,0,0,0
225,B1,5,17,11,10,0,0,0,0,0,0,0,0,0,1,0,2,0,0,0
225,B2,20,0,2,21,0,0,0,0,0,0,0,0,0,0,1,1,0,0,0
225,C1,17,2,20,0,0,0,0,0,0,0,0,0,0,1,0,2,0,0,0
240,A1,3,19,0,20,0,0,0,0,0,0,0,0,0,1,0,2,0,0,0
240,B0,0,20,19,5,0,0,0,0,0,0,0,0,0,0,1,1,0,0,0
240,B1,5,19,12,10,0,0,0,0,0,0,0,0,0,1,0,2,0,0,0
240,B2,20,0,1,21,0,0,0,0,0,0,0,0,0,0,1,1,0,0,0
240,C1,19,1,20,0,0,0,0,0,0,0,0,0,0,1,0,2,0,0,0
255,A1,2,19,0,20,0,0,0,0,0,0,0,0,0,1,0,2,0,0,0
255,B0,0,20,20,2,0,0,0,0,0,0,0,0,0,0,1,1,0,0,0
255,B1,3,15,12,11,0,0,0,0,0,0,0,0,0,0,1,1,0,0,0
255,B2,20,0,2,20,0,0,0,0,0,0,0,0,0,0,1,1,0,0,0
255,C1,19,3,20,0,0,0,0,0,0,0,0,0,0,1,0,2,0,0,0
270,A1,2,20,0,20,0,0,0,0,0,0,0,0,0,1,0,2,0,0,0
270,B0,0,20,21,2,0,0,0,0,0,0,0,0,0,0,1,1,0,0,0
270,B1,3,15,12,14,0,0,0,0,0,0,0,0,0,0,1,1,0,0,0
270,B2,20,0,1,17,0,0,0,0,0,0,0,0,0,0,1,1,0,0,0
270,C1,18,1,20,0,0,0,0,0,0,0,0,0,0,1,0,2,0,0,0
285,A1,3,17,0,20,0,0,0,0,0,0,0,0,0,1,0,2,0,0,0
285,B0,0,20,21,1,0,0,0,0,0,0,0,0,0,0,1,1,0,0,0
285,B1,4,18,10,14,0,0,0,0,0,0,0,0,0,0,1,1,0,0,0
285,B2,20,0,1,16,0,0,0,0,0,0,0,0,0,0,1,1,0,0,0
285,C1,19,2,20,0,0,0,0,0,0,0,0,0,0,1,0,2,0,0,0
300,A1,2,16,0,20,0,0,0,0,0,0,0,0,0,1,0,2,0,0,0
300,B0,0,20,20,1,0,0,0,0,0,0,0,0,0,0,1,1,0,0,0
300,B1,4,19,9,10,0,0,0,0,0,0,0,0,0,0,1,2,0,0,0
300,B2,20,0,5,16,0,0,0,0,0,0,0,0,0,0,1,1,0,0,0
300,C1,18,4,20,0,0,0,0,0,0,0,0,0,0,1,0,2,0,0,0
315,A1,1,16,0,20,0,0,0,0,0,0,0,0,0,1,0,2,0,0,0
315,B0,0,20,19,1,0,0,0,0,0,0,0,0,0,0,1,1,0,0,0
315,B1,2,18,10,8,0,0,0,0,0,0,0,0,0,0,1,1,0,0,0
315,B2,20,0,2,18,0,0,0,0,0,0,0,0,0,0,1,1,0,0,0
315,C1,17,2,20,0,0,0,0,0,0,0,0,0,0,1,0,2,0,0,0
330,A1,3,15,0,20,0,0,0,0,0,0,0,0,0,1,0,2,0,0,0
330,B0,0,20,16,1,0,0,0,0,0,0,0,0,0,0,1,1,0,0,0
330,B1,2,19,10,8,0,0,0,0,0,0,0,0,0,1,0,1,0,0,0
330,B2,20,0,1,20,0,0,0,0,0,0,0,0,0,0,1,1,0,0,0
330,C1,12,1,20,0,0,0,0,0,0,0,0,0,0,1,0,1,0,0,0
345,A1,1,14,0,20,0,0,0,0,0,0,0,0,0,1,0,2,0,0,0
345,B0,0,19,19,3,0,0,0,0,0,0,0,0,0,0,1,1,0,0,0
345,B1,3,19,11,8,0,0,0,0,0,0,0,0,0,0,1,2,0,0,0
345,B2,20,0,2,14,0,0,0,0,0,0,0,0,0,0,1,1,0,0,0
345,C1,12,1,18,0,0,0,0,0,0,0,0,0,0,1,0,2,0,0,0
360,A1,2,16,0,19,0,0,0,0,0,0,0,0,0,1,0,2,0,0,0
360,B0,0,19,19,2,0,0,0,0,0,0,0,0,0,0,1,1,0,0,0
360,B1,3,18,11,9,0,0,0,0,0,0,0,0,0,0,1,1,0,0,0
360,B2,19,0,1,13,0,0,0,0,0,0,0,0,0,0,1,1,0,0,0
360,C1,11,1,18,0,0,0,0,0,0,0,0,0,0,0,1,1,0,0,0
375,A1,1,14,0,20,0,0,0,0,0,0,0,0,0,1,0,2,0,0,0
375,B0,0,20,16,1,0,0,0,0,0,0,0,0,0,0,1,1,0,0,0
375,B1,3,19,10,10,0,0,0,0,0,0,0,0,0,1,0,2,0,0,0
375,B2,20,0,4,17,0,0,0,0,0,0,0,0,0,0,1,1,0,0,0
375,C1,11,2,18,0,0,0,0,0,0,0,0,0,0,1,0,2,1,5,11
390,A1,2,11,0,20,0,0,0,0,0,0,0,0,0,1,0,2,0,0,0
390,B0,0,20,14,1,0,0,0,0,0,0,0,0,0,0,1,1,0,0,0
390,B1,5,20,10,10,0,0,0,0,0,0,0,0,0,1,0,2,0,0,0
390,B2,20,0,4,15,0,0,0,0,0,0,0,0,0,0,1,1,0,0,0
390,C1,16,2,18,0,0,0,0,0,0,0,0,0,0,1,0,2,1,5,11
405,A1,2,8,0,20,0,0,0,0,0,0,0,0,0,1,0,2,0,0,0
405,B0,0,20,14,1,0,0,0,0,0,0,0,0,0,0,1,1,0,0,0
405,B1,7,19,11,10,0,0,0,0,0,0,0,0,0,1,0,2,0,0,0
405,B2,20,0,1,14,0,0,0,0,0,0,0,0,0,0,1,1,0,0,0
405,C1,12,1,20,0,0,0,0,0,0,0,0,0,0,1,0,1,1,5,11
420,A1,1,9,0,20,0,0,0,0,0,0,0,0,0,1,0,2,0,0,0
420,B0,0,20,15,3,0,0,0,0,0,0,0,0,0,0,1,1,0,0,0
420,B1,6,20,12,13,0,0,0,0,0,0,0,0,0,1,0,2,0,0,0
420,B2,20,0,1,12,0,0,0,0,0,0,0,0,0,0,1,1,0,0,0
420,C1,12,1,17,0,0,0,0,0,0,0,0,0,0,1,0,2,1,5,11
435,A1,1,7,0,20,0,0,0,0,0,0,0,0,0,1,0,2,0,0,0
435,B0,0,20,16,2,0,0,0,0,0,0,0,0,0,0,1,1,0,0,0
435,B1,7,19,14,14,0,0,0,0,0,0,0,0,0,1,0,2,0,0,0
435,B2,20,0,1,11,0,0,0,0,0,0,0,0,0,0,1,1,0,0,0
435,C1,10,1,18,0,0,0,0,0,0,0,0,0,0,1,0,1,1,5,11
450,A1,1,3,0,19,0,0,0,0,0,0,0,0,0,0,1,1,0,0,0
450,B0,0,20,15,1,0,0,0,0,0,0,0,0,0,0,1,1,0,0,0
450,B1,6,18,13,15,0,0,0,0,0,0,0,0,0,0,1,1,0,0,0
450,B2,20,0,1,7,0,0,0,0,0,0,0,0,0,0,1,1,0,0,0
450,C1,11,3,17,0,0,0,0,0,0,0,0,0,0,1,0,2,1,5,11
465,A1,2,4,0,14,0,0,0,0,0,0,0,0,0,0,1,2,0,0,0
465,B0,0,20,12,2,0,0,0,0,0,0,0,0,0,0,1,1,0,0,0
465,B1,6,20,14,16,0,0,0,0,0,0,0,0,0,0,1,1,0,0,0
465,B2,20,0,2,3,0,0,0,0,0,0,0,0,0,0,1,2,0,0,0
465,C1,11,1,19,0,0,0,0,0,0,0,0,0,0,1,0,1,1,5,11
480,A1,3,3,0,18,0,0,0,0,0,0,0,0,0,0,1,2,1,4,1
480,B0,0,20,12,1,0,0,0,0,0,0,0,0,0,0,1,1,0,0,0
480,B1,9,20,13,17,0,0,0,0,0,0,0,0,0,0,1,2,0,0,0
480,B2,18,0,2,6,0,0,0,0,0,0,0,0,0,0,1,1,0,0,0
480,C1,10,2,18,0,0,0,0,0,0,0,0,0,0,1,0,2,2,7,12
495,A1,1,1,0,18,0,0,0,0,0,0,0,0,0,1,0,1,2,11,3
495,B0,0,20,9,1,0,0,0,0,0,0,0,0,0,0,1,1,0,0,0
495,B1,10,16,13,17,0,0,0,0,0,0,0,0,0,1,0,2,0,0,0
495,B2,19,0,2,2,0,0,0,0,0,0,0,0,0,1,0,2,0,0,0
495,C1,9,1,20,0,0,0,0,0,0,0,0,0,0,1,0,1,2,7,12
510,A1,1,1,0,15,0,0,0,0,0,0,0,0,0,0,1,1,2,11,3
510,B0,0,20,9,2,0,0,0,0,0,0,0,0,0,0,1,1,0,0,0
510,B1,12,16,14,17,0,0,0,0,0,0,0,0,0,0,1,1,0,0,0
510,B2,14,0,4,2,0,0,0,0,0,0,0,0,0,1,0,2,0,0,0
510,C1,9,1,15,0,0,0,0,0,0,0,0,0,0,0,1,2,2,7,12
525,A1,2,2,0,10,0,0,0,0,0,0,0,0,0,0,1,1,2,11,3
525,B0,0,20,8,1,0,0,0,0,0,0,0,0,0,0,1,1,0,0,0
525,B1,11,17,15,17,0,0,0,0,0,0,0,0,0,1,0,1,0,0,0
525,B2,15,0,3,3,0,0,0,0,0,0,0,0,0,0,1,2,0,0,0
525,C1,7,3,16,0,0,0,1,0,0,0,0,0,0,0,1,2,4,17,13
540,A1,2,3,0,15,0,0,0,0,0,0,0,0,0,1,0,1,2,11,3
540,B0,0,20,6,1,0,0,0,0,0,0,0,0,0,0,1,1,0,0,0
540,B1,13,17,15,15,0,0,0,0,0,0,0,0,0,0,1,2,0,0,0
540,B2,16,0,3,3,0,0,0,0,0,0,0,0,0,1,0,2,0,0,0
540,C1,7,1,13,0,0,0,0,0,0,0,0,0,0,0,1,2,4,20,14
555,A1,3,3,0,17,0,0,0,0,0,0,0,0,0,0,1,2,2,11,3
555,B0,0,19,2,1,0,0,0,0,0,0,0,0,0,1,0,2,0,0,0
555,B1,11,20,14,15,0,0,0,0,0,0,0,0,0,1,0,2,0,0,0
555,B2,12,0,5,4,0,0,0,0,0,0,0,0,0,0,1,1,0,0,0
555,C1,6,1,15,0,0,0,0,0,0,0,0,0,0,0,1,1,4,20,14
570,A1,1,5,0,16,0,0,0,0,0,0,0,0,0,0,1,2,2,11,3
570,B0,0,16,6,6,0,0,0,0,0,0,0,0,0,0,1,1,0,0,0
570,B1,9,20,15,15,0,0,0,0,0,0,0,0,0,1,0,2,0,0,0
570,B2,18,0,3,4,0,0,0,0,0,0,0,0,0,0,1,1,0,0,0
570,C1,7,4,16,0,0,0,0,0,0,0,0,0,0,1,0,2,4,20,14
585,A1,2,5,0,18,0,0,0,0,0,0,0,0,0,1,0,2,2,11,3
585,B0,0,19,4,1,0,0,0,0,0,0,0,0,0,0,1,1,0,0,0
585,B1,7,20,14,13,0,0,0,0,0,0,0,0,0,1,0,2,0,0,0
585,B2,20,0,3,5,0,0,0,0,0,0,0,0,0,0,1,1,0,0,0
585,C1,8,2,19,0,0,0,0,0,0,0,0,0,0,1,0,1,4,20,14
600,A1,1,4,0,18,0,0,0,0,0,0,0,0,0,1,0,2,2,11,3
600,B0,0,20,5,1,0,0,0,0,0,0,0,0,0,0,1,1,0,0,0
600,B1,5,20,14,14,0,0,0,0,0,0,0,0,0,0,1,1,0,0,0
600,B2,20,0,2,4,0,0,0,0,0,0,0,0,0,0,1,1,0,0,0
600,C1,8,3,18,0,0,0,0,0,0,0,0,0,0,1,0,2,4,20,14
615,A1,3,3,0,17,0,0,0,0,0,0,0,0,0,0,1,2,2,11,3
615,B0,0,20,6,4,0,0,0,0,0,0,0,0,0,0,1,1,0,0,0
615,B1,6,18,14,14,0,0,0,0,0,0,0,0,0,1,0,1,0,0,0
615,B2,18,0,2,5,0,0,0,0,0,0,0,0,0,1,0,1,0,0,0
615,C1,9,4,17,0,0,0,0,0,0,0,0,0,0,0,1,2,4,20,14
630,A1,2,6,0,17,0,0,0,0,0,0,0,0,0,1,0,2,2,11,3
630,B0,0,20,7,1,0,0,0,0,0,0,0,0,0,0,1,1,0,0,0
630,B1,6,18,13,13,0,0,0,0,0,0,0,0,0,0,1,1,0,0,0
630,B2,18,0,1,5,0,0,0,0,0,0,0,0,0,0,1,1,0,0,0
630,C1,12,4,18,0,0,0,0,0,0,0,0,0,0,1,0,2,4,20,14
645,A1,1,6,0,20,0,0,0,0,0,0,0,0,0,1,0,2,2,11,3
645,B0,0,20,6,1,0,0,0,0,0,0,0,0,0,0,1,1,0,0,0
645,B1,4,20,12,14,0,0,0,0,0,0,0,0,0,0,1,1,0,0,0
645,B2,20,0,2,5,0,0,0,0,0,0,0,0,0,0,1,1,0,0,0
645,C1,11,2,19,0,0,0,0,0,0,0,0,0,0,0,1,2,4,20,14
660,A1,1,4,0,20,0,0,0,0,0,0,0,0,0,1,0,2,2,11,3
660,B0,0,20,7,1,0,0,0,0,0,0,0,0,0,0,1,1,0,0,0
660,B1,6,20,11,16,0,0,0,0,0,0,0,0,0,0,1,1,0,0,0
660,B2,20,0,1,6,0,0,0,0,0,0,0,0,0,0,1,1,0,0,0
660,C1,12,1,18,0,0,0,0,0,0,0,0,0,0,1,0,2,4,20,14
675,A1,2,4,0,18,0,0,0,0,0,0,0,0,0,0,1,2,2,11,3
675,B0,0,20,5,1,0,0,0,0,0,0,0,0,0,0,1,1,0,0,0
675,B1,6,20,13,15,0,0,0,0,0,0,0,0,0,0,1,1,0,0,0
675,B2,20,0,1,6,0,0,0,0,0,0,0,0,0,0,1,1,0,0,0
675,C1,10,2,18,0,0,0,0,0,0,0,0,0,0,0,1,2,4,20,14
690,A1,2,3,0,16,0,0,0,0,0,0,0,0,0,0,1,1,2,11,3
690,B0,0,20,5,2,0,0,0,0,0,0,0,0,0,0,1,1,0,0,0
690,B1,7,20,12,17,0,0,0,0,0,0,0,0,0,1,0,2,0,0,0
690,B2,20,0,1,5,0,0,0,0,0,0,0,0,0,0,1,1,0,0,0
690,C1,11,1,18,0,0,0,0,0,0,0,0,0,0,1,0,1,4,20,14
705,A1,3,4,0,13,0,0,0,0,0,0,0,0,0,0,1,2,2,11,3
705,B0,0,20,4,1,0,0,0,0,0,0,0,0,0,0,1,1,0,0,0
705,B1,9,20,12,17,0,0,0,0,0,0,0,0,0,1,0,2,0,0,0
705,B2,20,0,3,3,0,0,0,0,0,0,0,0,0,0,1,2,0,0,0
705,C1,13,3,18,0,0,0,0,0,0,0,0,0,0,1,0,2,4,20,14
720,A1,4,3,0,16,0,0,0,0,0,0,0,0,0,0,1,2,2,11,3
720,B0,0,20,5,2,0,0,0,0,0,0,0,0,0,0,1,1,0,0,0
720,B1,8,20,12,17,0,0,0,0,0,0,0,0,0,1,0,2,0,0,0
720,B2,15,0,1,3,0,0,0,0,0,0,0,0,0,1,0,2,0,0,0
720,C1,13,2,19,0,0,0,0,0,0,0,0,0,0,1,0,2,4,20,14
735,A1,3,2,0,18,0,0,0,0,0,0,0,0,0,0,1,1,2,11,3
735,B0,0,19,4,4,0,0,0,0,0,0,0,0,0,1,0,1,0,0,0
735,B1,9,20,12,18,0,0,0,0,0,0,0,0,0,1,0,2,0,0,0
735,B2,12,0,3,4,0,0,0,0,0,0,0,0,0,1,0,1,0,0,0
735,C1,12,1,18,0,0,0,0,0,0,0,0,0,0,0,1,1,4,20,14
750,A1,3,2,0,14,0,0,0,0,0,0,0,0,0,0,1,1,2,11,3
750,B0,0,18,6,2,0,0,0,0,0,0,0,0,0,0,1,1,0,0,0
750,B1,11,20,14,20,0,0,0,0,0,0,0,0,0,1,0,2,0,0,0
750,B2,18,0,2,6,0,0,0,0,0,0,0,0,0,0,1,1,0,0,0
750,C1,12,2,18,0,0,0,0,0,0,0,0,0,0,1,0,2,4,20,14
765,A1,4,2,0,15,0,0,0,0,0,0,0,0,0,0,1,2,2,11,3
765,B0,0,20,5,2,0,0,0,0,0,0,0,0,0,0,1,1,0,0,0
765,B1,11,20,14,20,0,0,0,0,0,0,0,0,0,1,0,2,0,0,0
765,B2,20,0,3,3,0,0,0,0,0,0,0,0,0,0,1,2,0,0,0
765,C1,11,3,18,0,0,0,0,0,0,0,0,0,0,0,1,2,4,20,14
780,A1,1,4,0,13,0,0,0,0,0,0,0,0,0,1,0,2,2,11,3
780,B0,0,20,4,1,0,0,0,0,0,0,0,0,0,0,1,1,0,0,0
780,B1,9,20,15,20,0,0,0,0,0,0,0,0,0,1,0,1,0,0,0
780,B2,18,0,2,4,0,0,0,0,0,0,0,0,0,0,1,1,0,0,0
780,C1,9,1,18,0,0,0,0,0,0,0,0,0,0,1,0,1,5,24,15
795,A1,2,4,0,13,0,0,0,0,0,0,0,0,0,0,1,2,2,11,3
795,B0,0,18,3,4,0,0,0,0,0,0,0,0,0,1,0,1,0,0,0
795,B1,11,20,13,19,0,0,0,0,0,0,0,0,0,0,1,1,0,0,0
795,B2,18,0,1,3,0,0,0,0,0,0,0,0,0,1,0,2,0,0,0
795,C1,10,3,17,0,0,0,0,0,0,0,0,0,0,1,0,2,5,24,15
810,A1,1,5,0,13,0,0,0,0,0,0,0,0,0,1,0,2,2,11,3
810,B0,0,18,4,1,0,0,0,0,0,0,0,0,0,0,1,1,0,0,0
810,B1,12,20,14,19,0,0,0,0,0,0,0,0,0,1,0,2,0,0,0
810,B2,18,0,2,5,0,0,0,0,0,0,0,0,0,0,1,1,0,0,0
810,C1,11,2,18,0,0,0,0,0,0,0,0,0,0,1,0,2,5,24,15
825,A1,3,3,0,12,0,0,0,0,0,0,0,0,0,0,1,2,2,11,3
825,B0,0,18,4,3,0,0,0,0,2,0,0,0,0,0,1,1,1,2,0
825,B1,12,20,16,20,0,0,0,0,0,0,0,0,0,0,1,1,0,0,0
825,B2,19,0,1,5,0,0,0,0,0,0,0,0,0,1,0,1,0,0,0
825,C1,11,1,16,0,0,0,0,0,0,0,0,0,0,1,0,2,5,24,15
840,A1,1,5,0,11,0,0,0,0,0,0,0,0,0,1,0,2,2,11,3
840,B0,0,17,4,1,0,0,0,0,0,0,0,0,0,1,0,1,1,8,2
840,B1,11,20,17,20,0,0,0,0,0,0,0,0,0,0,1,1,0,0,0
840,B2,18,0,1,5,0,0,0,0,0,0,0,0,0,0,1,1,0,0,0
840,C1,10,1,16,0,0,0,0,0,0,0,0,0,0,1,0,2,5,24,15
855,A1,1,4,0,11,0,0,0,0,0,0,0,0,0,1,0,2,2,11,3
855,B0,0,18,4,4,0,0,0,0,0,0,0,0,0,0,1,1,1,8,2
855,B1,12,20,17,15,0,0,0,0,0,0,0,0,0,0,1,1,0,0,0
855,B2,20,0,1,4,0,0,0,0,0,0,0,0,0,1,0,1,0,0,0
855,C1,9,2,16,0,0,0,0,0,0,0,0,0,0,0,1,2,5,24,15
870,A1,1,5,0,14,0,0,0,0,0,0,0,0,0,1,0,2,2,11,3
870,B0,0,20,4,1,0,0,0,0,0,0,0,0,0,1,0,1,1,8,2
870,B1,12,20,16,16,0,0,0,0,0,0,0,0,0,1,0,2,0,0,0
870,B2,18,0,3,5,0,0,0,0,0,0,0,0,0,0,1,1,0,0,0
870,C1,11,3,17,0,0,0,0,0,0,0,0,0,0,1,0,2,5,24,15
885,A1,2,3,0,12,0,0,0,0,0,0,0,0,0,0,1,1,2,11,3
885,B0,0,18,6,1,0,0,0,0,0,0,0,0,0,0,1,1,1,8,2
885,B1,10,20,16,18,0,0,0,0,0,0,0,0,0,0,1,1,0,0,0
885,B2,20,0,3,8,0,0,0,0,0,0,0,0,0,0,1,1,0,0,0
885,C1,10,1,18,0,0,0,0,0,0,0,0,0,0,1,0,1,5,24,15
900,A1,2,4,0,12,0,0,0,0,0,0,0,0,0,0,1,2,2,11,3
900,B0,0,20,5,1,0,0,0,0,0,0,0,0,0,0,1,1,1,8,2
900,B1,9,20,18,13,0,0,0,0,0,0,0,0,0,0,1,1,0,0,0
900,B2,20,0,2,7,0,0,0,0,0,0,0,0,0,0,1,1,0,0,0
900,C1,9,1,18,0,0,0,0,0,0,0,0,0,0,1,0,1,5,24,15
915,A1,1,4,0,12,0,0,0,0,0,0,0,0,0,1,0,2,2,11,3
915,B0,0,20,3,1,0,0,0,0,0,0,0,0,0,0,1,2,1,8,2
915,B1,11,20,16,17,0,0,0,0,0,0,0,0,0,0,1,1,0,0,0
915,B2,20,0,2,7,0,0,0,0,0,0,0,0,0,0,1,1,0,0,0
915,C1,12,3,17,0,0,0,0,0,0,0,0,0,0,1,0,2,5,24,15
930,A1,2,3,0,12,0,0,0,0,0,0,0,0,0,0,1,1,2,11,3
930,B0,0,18,3,2,0,0,0,0,0,0,0,0,0,0,1,1,1,8,2
930,B1,13,20,14,19,0,0,0,0,0,0,0,0,0,0,1,2,0,0,0
930,B2,20,0,2,9,0,0,0,0,0,0,0,0,0,0,1,1,0,0,0
930,C1,10,2,17,0,0,0,0,0,0,0,0,0,0,1,0,2,5,24,15
945,A1,3,4,0,13,0,0,0,0,0,0,0,0,0,1,0,2,3,16,5
945,B0,0,17,2,2,0,0,0,0,0,0,0,0,0,1,0,2,1,8,2
945,B1,13,17,15,19,0,0,0,0,0,0,0,0,0,1,0,2,0,0,0
945,B2,20,0,1,9,0,0,0,0,0,0,0,0,0,0,1,1,0,0,0
945,C1,10,1,17,0,0,0,0,0,0,0,0,0,0,1,0,2,5,24,15
960,A1,2,3,0,11,0,0,0,0,0,0,0,0,0,0,1,1,3,16,5
960,B0,0,15,4,1,0,0,0,0,0,0,0,0,0,0,1,1,1,8,2
960,B1,12,18,15,20,0,0,0,0,0,0,0,0,0,0,1,1,0,0,0
960,B2,20,0,2,9,0,0,0,0,0,0,0,0,0,0,1,1,0,0,0
960,C1,11,3,16,0,0,0,0,0,0,0,0,0,0,0,1,2,5,24,15
975,A1,2,2,0,13,0,0,0,0,0,0,0,0,0,1,0,1,3,16,5
975,B0,0,20,1,4,0,0,0,0,0,0,0,0,0,0,1,2,1,8,2
975,B1,12,20,16,20,0,0,0,0,0,0,0,0,0,0,1,1,0,0,0
975,B2,20,0,1,13,0,0,0,0,0,0,0,0,0,0,1,1,0,0,0
975,C1,10,2,16,0,0,0,0,0,0,0,0,0,0,1,0,2,5,24,15
990,A1,1,3,0,12,0,0,0,0,0,0,0,0,0,1,0,1,3,16,5
990,B0,0,17,1,1,0,0,0,0,0,0,0,0,0,0,1,2,1,8,2
990,B1,16,20,16,19,0,0,0,0,0,0,0,0,0,1,0,2,0,0,0
990,B2,20,0,7,14,0,0,0,0,0,0,0,0,0,0,1,1,0,0,0
990,C1,8,1,16,0,0,0,0,0,0,0,0,0,0,1,0,1,5,24,15
1005,A1,1,5,0,12,0,0,0,0,0,0,0,0,0,1,0,2,3,16,5
1005,B0,0,17,2,3,0,0,0,0,0,0,0,0,0,1,0,1,1,8,2
1005,B1,16,15,17,20,0,0,0,0,0,0,0,0,0,1,0,1,0,0,0
1005,B2,20,0,1,15,0,0,0,0,0,0,0,0,0,0,1,1,0,0,0
1005,C1,10,2,14,0,0,0,0,0,0,0,0,0,0,1,0,2,5,24,15
1020,A1,3,3,0,12,0,0,0,0,0,0,0,0,0,1,0,2,3,16,5
1020,B0,0,19,2,1,0,0,0,0,0,0,0,0,0,0,1,2,1,8,2
1020,B1,18,17,19,17,0,0,0,0,0,0,0,0,0,0,1,1,0,0,0
1020,B2,20,0,2,13,0,0,0,0,0,0,0,0,0,0,1,1,0,0,0
1020,C1,11,1,16,0,0,0,0,0,0,0,0,0,0,1,0,2,5,24,15
1035,A1,3,3,0,11,0,2,0,0,0,0,0,0,0,1,0,2,4,22,5
1035,B0,0,18,6,1,0,0,0,0,0,0,0,0,0,0,1,1,1,8,2
1035,B1,19,18,19,19,0,0,0,0,0,0,0,0,0,1,0,2,0,0,0
1035,B2,20,0,3,13,0,0,0,0,0,0,0,0,0,0,1,1,0,0,0
1035,C1,10,2,15,0,0,0,0,0,0,0,0,0,0,1,0,2,5,24,15
1050,A1,1,3,0,12,0,0,0,0,0,0,0,0,0,0,1,1,4,30,8
1050,B0,0,19,3,1,0,0,0,0,0,0,0,0,0,0,1,2,1,8,2
1050,B1,19,16,20,20,0,0,0,0,0,0,0,0,0,1,0,2,0,0,0
1050,B2,20,0,1,12,0,0,0,0,0,0,0,0,0,0,1,1,0,0,0
1050,C1,6,1,17,0,0,0,0,0,0,0,0,0,0,1,0,1,5,24,15
1065,A1,1,4,0,10,0,0,0,0,0,0,0,0,0,1,0,2,4,30,8
1065,B0,0,18,6,1,0,0,0,0,1,0,0,0,0,0,1,1,2,16,2
1065,B1,20,16,20,20,0,0,0,0,0,0,0,0,0,1,0,2,0,0,0
1065,B2,20,0,6,12,0,0,0,0,0,0,0,0,0,0,1,1,0,0,0
1065,C1,7,2,14,0,0,0,0,0,0,0,0,0,0,1,0,2,5,24,15
1080,A1,1,4,0,12,0,0,0,0,0,0,0,0,0,1,0,2,4,30,8
1080,B0,0,18,4,2,0,0,0,0,0,0,0,0,0,1,0,1,2,28,4
1080,B1,20,18,20,20,0,0,0,0,0,0,0,0,0,1,0,2,0,0,0
1080,B2,20,0,7,9,0,0,0,0,0,0,0,0,0,0,1,1,0,0,0
1080,C1,5,1,12,0,0,0,0,0,0,0,0,0,0,0,1,2,5,24,15
1095,A1,3,2,0,10,0,0,0,0,0,0,0,0,0,0,1,1,4,30,8
1095,B0,0,18,4,1,0,0,0,0,0,0,0,0,0,0,1,1,2,28,4
1095,B1,20,17,20,20,0,0,0,0,0,0,0,0,0,1,0,2,0,0,0
1095,B2,20,0,3,7,0,0,0,0,0,0,0,0,0,0,1,1,0,0,0
1095,C1,6,2,11,0,0,0,0,0,0,0,0,0,0,0,1,2,5,24,15
1110,A1,1,4,0,9,0,0,0,0,0,0,0,0,0,1,0,2,4,30,8
1110,B0,0,18,3,2,0,0,0,0,0,0,0,0,0,1,0,1,2,28,4
1110,B1,19,18,20,20,0,0,0,0,0,0,0,0,0,1,0,2,0,0,0
1110,B2,20,0,2,4,0,0,0,0,0,0,0,0,0,0,1,1,0,0,0
1110,C1,4,2,11,0,0,0,0,0,0,0,0,0,0,1,0,2,5,24,15
1125,A1,1,2,0,11,0,0,0,0,0,0,0,0,0,0,1,1,4,30,8
1125,B0,0,18,6,1,0,0,0,0,0,0,0,0,0,0,1,1,2,28,4
1125,B1,19,16,20,20,0,0,0,0,0,0,0,0,0,1,0,2,0,0,0
1125,B2,18,0,1,6,0,0,0,0,0,0,0,0,0,0,1,1,0,0,0
1125,C1,6,1,8,0,0,0,0,0,0,0,0,0,0,0,1,2,5,24,15
1140,A1,4,3,0,12,0,0,0,0,0,0,0,0,0,1,0,2,4,30,8
1140,B0,0,20,2,1,0,0,0,0,0,0,0,0,0,0,1,2,2,28,4
1140,B1,20,16,20,20,0,0,0,0,0,0,0,0,0,1,0,2,0,0,0
1140,B2,19,0,1,6,0,0,0,0,0,0,0,0,0,0,1,1,0,0,0
1140,C1,4,1,9,0,0,0,0,0,0,0,0,0,0,1,0,1,5,24,15
1155,A1,2,4,0,11,0,0,0,0,0,0,0,0,0,1,0,2,4,30,8
1155,B0,0,17,4,2,0,0,0,0,0,0,0,0,0,0,1,1,2,28,4
1155,B1,20,17,20,20,0,0,0,0,0,0,0,0,0,1,0,2,0,0,0
1155,B2,20,0,1,4,0,0,0,0,0,0,0,0,0,0,1,1,0,0,0
1155,C1,5,1,6,0,0,0,1,0,0,0,0,0,0,1,0,2,6,32,15
1170,A1,1,2,0,13,0,0,0,0,0,0,0,0,0,1,0,1,4,30,8
1170,B0,0,16,2,3,0,0,0,0,0,0,0,0,0,1,0,1,2,28,4
1170,B1,20,20,20,20,0,0,0,0,0,0,0,0,0,1,0,2,0,0,0
1170,B2,20,0,1,3,0,0,0,0,0,0,0,0,0,0,1,2,0,0,0
1170,C1,2,2,5,0,0,0,0,0,0,0,0,0,0,0,1,1,6,46,16
1185,A1,1,3,0,10,0,0,0,0,0,0,0,0,0,0,1,1,4,30,8
1185,B0,0,17,3,1,0,0,0,0,0,0,0,0,0,1,0,2,2,28,4
1185,B1,20,18,20,20,0,0,0,0,0,0,0,0,0,1,0,2,0,0,0
1185,B2,15,0,4,3,0,0,0,0,0,0,0,0,0,1,0,1,0,0,0
1185,C1,2,2,4,0,0,0,0,0,0,0,0,0,0,1,0,1,7,54,18
1200,A1,4,5,0,8,0,0,0,0,0,0,0,0,0,1,0,2,4,30,8
1200,B0,0,18,4,2,0,0,0,0,0,0,0,0,0,0,1,1,2,28,4
1200,B1,19,19,20,20,0,0,0,0,0,0,0,0,0,1,0,2,0,0,0
1200,B2,16,0,5,2,0,0,0,0,0,0,0,0,0,1,0,2,0,0,0
1200,C1,4,1,3,0,0,0,0,0,0,0,0,0,0,1,0,2,7,54,18
1215,A1,3,1,0,9,0,0,0,0,0,0,0,0,0,0,1,1,4,30,8
1215,B0,0,20,6,1,0,0,0,0,0,0,0,0,0,0,1,1,2,28,4
1215,B1,16,20,20,18,0,0,0,0,0,0,0,0,0,0,1,1,0,0,0
1215,B2,16,0,4,4,0,0,0,0,0,0,0,0,0,0,1,1,0,0,0
1215,C1,4,3,2,0,0,0,0,0,0,0,0,0,0,0,1,2,7,54,18
1230,A1,3,2,0,4,0,0,0,0,0,0,0,0,0,0,1,2,4,30,8
1230,B0,0,19,3,4,0,0,0,0,0,0,0,0,0,1,0,1,2,28,4
1230,B1,19,20,19,18,0,0,0,0,0,0,0,0,0,0,1,2,0,0,0
1230,B2,16,0,6,3,0,0,0,0,0,0,0,0,0,1,0,1,0,0,0
1230,C1,3,2,1,0,0,0,0,0,0,0,0,0,0,1,0,2,7,54,18
1245,A1,3,3,0,4,0,0,0,0,0,0,0,0,0,0,1,2,4,30,8
1245,B0,0,18,4,1,0,0,0,0,0,0,0,0,0,1,0,1,4,37,8
1245,B1,18,19,19,20,0,0,0,0,0,0,0,0,0,1,0,2,0,0,0
1245,B2,17,0,4,3,0,0,0,0,0,0,0,0,0,0,1,1,0,0,0
1245,C1,2,1,3,0,0,0,0,0,0,0,0,0,0,0,1,1,7,54,18
1260,A1,2,2,0,6,0,0,0,0,0,0,0,0,0,1,0,1,4,30,8
1260,B0,0,18,5,1,0,0,0,0,0,0,0,0,0,0,1,1,4,37,8
1260,B1,18,19,19,18,0,0,0,0,0,0,0,0,0,0,1,2,0,0,0
1260,B2,20,0,2,3,0,0,0,0,0,0,0,0,0,0,1,2,0,0,0
1260,C1,1,3,3,0,0,0,0,0,0,0,0,0,0,1,0,2,7,54,18
1275,A1,1,4,0,5,0,0,0,0,0,0,0,0,0,1,0,2,4,30,8
1275,B0,0,19,2,1,0,0,0,0,0,0,0,0,0,0,1,2,4,37,8
1275,B1,20,18,19,18,0,0,0,0,0,0,0,0,0,1,0,2,0,0,0
1275,B2,18,0,2,5,0,0,0,0,0,0,0,0,0,0,1,1,0,0,0
1275,C1,1,3,3,0,0,0,0,0,0,0,0,0,0,1,0,2,7,54,18
1290,A1,4,2,0,4,0,0,0,0,0,0,0,0,0,1,0,2,4,30,8
1290,B0,0,17,6,2,0,0,0,0,0,0,0,0,0,0,1,1,4,37,8
1290,B1,19,18,20,20,0,0,0,0,0,0,0,0,1,1,0,2,0,0,0
1290,B2,20,0,2,4,0,0,0,0,0,0,0,0,0,0,1,1,0,0,0
1290,C1,3,5,1,0,0,1,0,1,0,0,0,0,0,1,0,2,10,65,20
1305,A1,1,1,0,4,0,0,0,0,0,0,0,0,0,0,1,1,4,30,8
1305,B0,0,18,3,2,0,0,0,0,0,0,0,0,0,0,1,1,4,37,8
1305,B1,19,18,19,18,0,0,0,0,0,0,0,0,0,1,0,2,0,0,0
1305,B2,20,0,1,6,0,0,0,0,0,0,0,0,0,0,1,1,0,0,0
1305,C1,3,2,1,0,0,0,0,0,0,0,0,0,0,1,0,2,10,68,22
1320,A1,2,1,0,5,0,0,0,0,0,0,0,0,0,0,1,1,4,30,8
1320,B0,0,17,4,2,0,0,0,0,0,0,0,0,0,0,1,1,4,37,8
1320,B1,19,18,20,19,0,0,0,0,0,0,0,0,0,1,0,2,0,0,0
1320,B2,20,0,5,4,0,0,0,0,0,0,0,0,0,0,1,1,0,0,0
1320,C1,5,2,2,0,0,0,0,0,0,0,0,0,0,1,0,2,10,68,22
1335,A1,2,2,0,3,0,0,0,0,0,0,0,0,0,1,0,2,4,30,8
1335,B0,0,16,4,1,0,0,0,0,0,0,0,0,0,1,0,1,4,37,8
1335,B1,19,20,19,18,0,0,0,0,0,0,0,0,0,1,0,2,0,0,0
1335,B2,20,0,1,5,0,0,0,0,0,0,0,0,0,0,1,1,0,0,0
1335,C1,5,4,4,0,0,0,0,0,0,0,0,0,0,1,0,2,10,68,22
1350,A1,2,4,0,3,0,0,0,0,0,0,0,0,0,1,0,2,4,30,8
1350,B0,0,15,4,3,0,0,0,0,0,0,0,0,0,1,0,1,4,37,8
1350,B1,17,19,19,17,0,0,0,0,0,0,0,0,0,0,1,2,0,0,0
1350,B2,20,0,1,3,0,0,0,0,0,0,0,0,0,0,1,2,0,0,0
1350,C1,5,2,5,0,0,0,0,0,0,0,0,0,0,1,0,2,10,68,22
1365,A1,1,3,0,4,0,0,0,0,0,0,0,0,0,1,0,1,4,30,8
1365,B0,0,17,4,1,0,0,0,0,0,0,0,0,0,0,1,1,5,39,9
1365,B1,18,20,19,18,0,0,0,0,0,0,0,0,0,1,0,2,0,0,0
1365,B2,18,0,1,5,0,0,0,0,0,0,0,0,0,0,1,1,0,0,0
1365,C1,4,2,6,0,0,0,0,0,0,0,0,0,0,1,0,2,10,68,22
1380,A1,2,4,0,5,0,0,0,0,0,0,0,0,0,1,0,2,4,30,8
1380,B0,0,19,3,1,0,0,0,0,0,0,0,0,0,0,1,2,5,39,9
1380,B1,20,18,20,20,0,0,0,0,0,0,0,0,0,1,0,2,0,0,0
1380,B2,18,0,2,3,0,0,0,0,0,0,0,0,0,1,0,2,0,0,0
1380,C1,3,1,5,0,0,0,0,0,0,0,0,0,0,0,1,1,10,68,22
1395,A1,2,3,0,5,0,0,0,0,0,0,0,0,0,1,0,2,4,30,8
1395,B0,0,17,5,1,0,0,0,0,0,0,0,0,0,0,1,1,5,39,9
1395,B1,20,17,20,20,0,0,0,0,0,0,0,0,0,1,0,2,0,0,0
1395,B2,17,0,1,6,0,0,0,0,0,0,0,0,0,0,1,1,0,0,0
1395,C1,4,3,3,0,0,0,0,0,0,0,0,0,0,1,0,2,10,68,22
1410,A1,1,3,0,5,0,0,0,0,0,0,0,0,0,1,0,1,4,30,8
1410,B0,0,16,3,2,0,0,0,0,0,0,0,0,0,1,0,1,5,39,9
1410,B1,20,14,20,20,0,0,0,0,0,0,0,0,0,1,0,2,0,0,0
1410,B2,20,0,2,4,0,0,0,0,0,0,0,0,0,0,1,1,0,0,0
1410,C1,2,3,3,0,0,0,0,0,0,0,0,0,0,1,0,2,10,68,22
1425,A1,2,3,0,3,0,0,0,0,0,0,0,0,0,1,0,2,4,30,8
1425,B0,0,17,3,1,0,0,0,0,0,0,0,0,0,1,0,2,5,39,9
1425,B1,20,18,20,20,0,0,0,0,0,0,0,0,0,1,0,2,0,0,0
1425,B2,20,0,2,6,0,0,0,0,0,0,0,0,0,0,1,1,0,0,0
1425,C1,4,1,4,0,0,0,0,0,0,0,0,0,0,1,0,2,10,68,22
1440,A1,4,4,0,2,0,0,0,0,0,0,0,0,0,0,1,2,4,30,8
1440,B0,0,17,3,2,0,0,0,0,0,0,0,0,0,0,1,1,5,39,9
1440,B1,20,20,20,20,0,0,0,0,0,0,0,0,0,1,0,2,0,0,0
1440,B2,20,0,2,5,0,0,0,0,0,0,0,0,0,0,1,1,0,0,0
1440,C1,3,2,4,0,0,0,0,0,0,0,0,0,0,1,0,2,10,68,22
1455,A1,2,7,0,2,0,0,0,0,0,0,0,0,0,1,0,2,4,30,8
1455,B0,0,19,4,1,0,0,0,0,0,0,0,0,0,0,1,1,5,39,9
1455,B1,17,18,20,20,0,0,0,0,0,0,0,0,0,1,0,1,0,0,0
1455,B2,20,0,2,5,0,0,0,0,0,0,0,0,0,0,1,1,0,0,0
1455,C1,4,2,2,0,0,0,0,0,0,0,0,0,0,1,0,2,10,68,22
1470,A1,1,3,0,3,0,0,0,0,0,0,0,0,0,1,0,2,4,30,8
1470,B0,0,19,4,1,0,0,0,0,0,0,0,0,0,0,1,1,5,39,9
1470,B1,19,18,18,18,0,0,0,0,0,0,0,0,0,0,1,2,0,0,0
1470,B2,20,0,1,3,0,0,0,0,0,0,0,0,0,0,1,2,0,0,0
1470,C1,5,2,2,0,0,0,0,0,0,0,0,0,0,1,0,2,10,68,22
1485,A1,2,3,0,1,0,0,0,0,0,0,0,0,0,1,0,2,4,30,8
1485,B0,0,19,2,2,0,0,0,0,0,0,0,0,0,1,0,2,5,39,9
1485,B1,19,16,19,19,0,0,0,0,0,0,0,0,0,1,0,2,0,0,0
1485,B2,15,0,3,3,0,0,0,0,0,0,0,0,0,1,0,2,0,0,0
1485,C1,2,5,3,0,0,0,0,0,0,0,0,0,0,1,0,2,10,68,22
1500,A1,2,2,0,2,0,0,0,0,0,0,0,0,0,0,1,2,4,30,8
1500,B0,0,15,3,1,0,0,0,0,0,0,0,0,0,0,1,2,5,39,9
1500,B1,20,15,20,19,0,0,0,0,0,0,0,0,0,0,1,1,0,0,0
1500,B2,16,0,2,6,0,0,0,0,0,0,0,0,0,0,1,1,0,0,0
1500,C1,4,1,4,0,0,0,0,0,0,0,0,0,0,1,0,2,10,68,22
1515,A1,1,1,0,1,0,0,0,0,0,0,0,0,0,1,0,2,4,30,8
1515,B0,0,17,2,3,0,0,0,0,0,0,0,0,0,1,0,1,5,39,9
1515,B1,20,19,20,18,0,0,0,0,0,0,0,0,0,1,0,2,0,0,0
1515,B2,20,0,1,8,0,0,0,0,0,0,0,0,0,0,1,1,0,0,0
1515,C1,4,2,11,0,0,0,0,0,0,0,0,0,0,0,1,2,10,68,22
1530,A1,2,1,0,3,0,0,0,0,0,0,0,0,0,0,1,1,4,30,8
1530,B0,0,18,1,2,0,0,0,0,0,0,0,0,0,1,0,2,5,39,9
1530,B1,20,19,20,20,0,0,0,0,0,0,0,0,0,1,0,2,0,0,0
1530,B2,20,0,2,3,0,0,0,0,0,0,0,0,0,1,0,2,0,0,0
1530,C1,4,3,8,0,0,0,0,0,0,0,0,0,0,1,0,2,10,68,22
1545,A1,3,3,0,1,0,0,0,0,0,0,0,0,0,1,0,2,4,30,8
1545,B0,0,14,2,2,0,0,0,0,0,0,0,0,0,1,0,2,5,39,9
1545,B1,18,19,20,20,0,0,0,0,0,0,0,0,0,1,0,2,0,0,0
1545,B2,14,0,4,2,0,0,0,0,0,0,0,0,0,1,0,2,0,0,0
1545,C1,6,1,11,0,0,0,0,0,0,0,0,0,0,1,0,2,10,68,22
1560,A1,1,2,0,1,0,0,0,0,0,0,0,0,0,1,0,2,4,30,8
1560,B0,0,15,6,1,0,0,0,0,0,0,0,0,0,0,1,1,5,39,9
1560,B1,17,19,20,20,0,0,0,0,0,0,0,0,0,1,0,2,0,0,0
1560,B2,11,0,2,4,0,0,0,0,0,0,0,0,0,1,0,1,0,0,0
1560,C1,5,3,12,0,0,0,0,0,0,0,0,0,0,1,0,2,10,68,22
1575,A1,2,2,0,3,0,0,0,0,0,0,0,0,0,1,0,2,4,30,8
1575,B0,0,20,4,4,0,0,0,0,0,0,0,0,0,0,1,1,5,39,9
1575,B1,19,16,20,20,0,0,0,0,0,0,0,0,0,1,0,2,0,0,0
1575,B2,17,0,1,2,0,0,0,0,0,0,0,0,0,0,1,2,0,0,0
1575,C1,6,3,12,0,0,0,0,0,0,0,0,0,0,1,0,2,10,68,22
1590,A1,3,3,0,3,0,0,0,0,0,0,0,0,0,1,0,2,4,30,8
1590,B0,0,18,3,3,0,0,0,0,0,0,0,0,0,0,1,1,5,39,9
1590,B1,20,13,20,20,0,0,0,0,0,0,0,0,0,0,1,1,0,0,0
1590,B2,14,0,1,3,0,0,0,0,0,0,0,0,0,1,0,2,0,0,0
1590,C1,5,1,13,0,0,0,0,0,0,0,0,0,0,1,0,1,10,68,22
1605,A1,4,5,0,6,0,0,0,0,0,0,0,0,0,1,0,2,4,30,8
1605,B0,0,19,5,1,0,0,0,0,0,0,0,0,0,0,1,1,5,39,9
1605,B1,20,14,20,19,0,0,0,0,0,0,0,0,0,0,1,1,0,0,0
1605,B2,12,0,4,3,0,0,0,0,0,0,0,0,0,0,1,1,0,0,0
1605,C1,5,2,13,0,0,0,0,0,0,0,0,0,0,1,0,2,10,68,22
1620,A1,3,6,0,7,0,0,0,0,0,0,0,0,0,1,0,2,4,30,8
1620,B0,0,20,6,2,0,0,0,0,0,0,0,0,0,0,1,1,5,39,9
1620,B1,19,14,19,20,0,0,0,0,0,0,0,0,0,1,0,2,0,0,0
1620,B2,17,0,4,3,0,0,0,0,0,0,0,0,0,1,0,1,0,0,0
1620,C1,7,4,13,0,0,0,0,0,0,0,0,0,0,1,0,2,10,68,22
1635,A1,1,3,0,9,0,0,0,0,0,0,0,0,0,1,0,1,4,30,8
1635,B0,0,20,7,1,0,0,0,0,0,0,0,0,0,0,1,1,5,39,9
1635,B1,18,13,17,20,0,0,0,0,0,0,0,0,0,0,1,1,0,0,0
1635,B2,18,0,3,3,0,0,0,0,0,0,0,0,0,1,0,2,0,0,0
1635,C1,5,2,14,0,0,0,0,0,0,0,0,0,0,0,1,1,10,68,22
1650,A1,2,6,0,8,0,0,0,0,0,0,0,0,0,1,0,2,4,30,8
1650,B0,0,20,3,2,0,0,0,0,0,0,0,0,0,0,1,1,5,39,9
1650,B1,18,14,15,19,0,0,0,0,0,0,0,0,0,1,0,1,0,0,0
1650,B2,13,0,3,3,0,0,0,0,0,0,0,0,0,1,0,2,0,0,0
1650,C1,5,4,13,0,0,0,0,0,0,0,0,0,0,1,0,2,10,68,22
1665,A1,3,4,0,8,0,0,0,0,0,0,0,0,0,1,0,2,4,30,8
1665,B0,0,18,6,1,0,0,0,0,0,0,0,0,0,0,1,1,5,39,9
1665,B1,18,13,16,20,0,0,0,0,0,0,0,0,0,0,1,1,0,0,0
1665,B2,15,0,5,2,0,0,0,0,0,0,0,0,0,0,1,1,0,0,0
1665,C1,5,2,16,0,0,0,0,0,0,0,0,0,0,0,1,1,10,68,22
1680,A1,1,4,0,8,0,0,0,0,0,0,0,0,0,1,0,2,4,30,8
1680,B0,0,19,6,1,0,0,0,0,0,0,0,0,0,0,1,1,5,39,9
1680,B1,20,13,15,20,0,0,0,0,0,0,0,0,0,1,0,2,0,0,0
1680,B2,18,0,5,2,0,0,0,0,0,0,0,0,0,0,1,2,0,0,0
1680,C1,4,16,14,0,0,0,0,0,0,0,0,0,0,1,0,2,10,68,22
1695,A1,1,3,0,8,0,0,0,0,0,0,0,0,0,1,0,1,4,30,8
1695,B0,0,20,5,2,0,0,0,0,0,0,0,0,0,0,1,1,5,39,9
1695,B1,18,13,20,20,0,0,0,0,0,0,0,0,0,1,0,1,0,0,0
1695,B2,17,0,5,2,0,0,0,0,0,0,0,0,0,0,1,2,0,0,0
1695,C1,1,2,15,0,0,0,0,0,0,0,0,0,0,0,1,1,10,68,22
1710,A1,1,3,0,7,0,0,0,0,0,0,0,0,0,1,0,1,4,30,8
1710,B0,0,20,6,1,0,0,0,0,0,0,0,0,0,0,1,1,5,39,9
1710,B1,19,13,17,15,0,0,0,0,0,0,0,0,0,0,1,2,0,0,0
1710,B2,17,0,6,3,0,0,0,0,0,0,0,0,0,1,0,1,0,0,0
1710,C1,1,4,10,0,0,0,0,0,0,0,0,0,0,0,1,1,10,68,22
1725,A1,2,6,0,8,0,0,0,0,0,0,0,0,0,0,1,2,4,30,8
1725,B0,0,20,6,4,0,0,0,0,0,0,0,0,0,0,1,1,5,39,9
1725,B1,17,12,19,17,0,0,0,0,0,0,0,0,0,0,1,1,0,0,0
1725,B2,17,0,5,3,0,0,0,0,0,0,0,0,0,1,0,1,0,0,0
1725,C1,5,6,12,0,0,0,0,0,0,0,0,0,0,1,0,2,10,68,22
1740,A1,1,4,0,6,0,0,0,0,0,0,0,0,0,0,1,2,4,30,8
1740,B0,0,19,2,1,0,0,0,0,0,0,0,0,0,1,0,2,5,39,9
1740,B1,18,12,14,20,0,0,0,0,0,0,0,0,0,0,1,2,0,0,0
1740,B2,18,0,1,5,0,0,0,0,0,0,0,0,0,0,1,1,0,0,0
1740,C1,6,4,11,0,0,0,0,0,0,0,0,0,0,1,0,2,10,68,22
1755,A1,1,3,0,6,0,0,0,0,0,0,0,0,0,1,0,1,4,30,8
1755,B0,0,16,3,2,0,0,0,0,0,0,0,0,0,0,1,1,5,39,9
1755,B1,17,11,16,19,0,0,0,0,0,0,0,0,0,0,1,1,0,0,0
1755,B2,20,0,2,5,0,0,0,0,0,0,0,0,0,0,1,1,0,0,0
1755,C1,8,1,15,0,0,0,0,0,0,0,0,0,0,1,0,1,10,68,22
1770,A1,1,4,0,4,0,0,0,0,0,0,0,0,0,1,0,2,4,30,8
1770,B0,0,19,7,1,0,0,0,0,0,0,0,0,0,0,1,1,5,39,9
1770,B1,17,14,20,19,0,0,0,0,0,0,0,0,0,0,1,1,0,0,0
1770,B2,20,0,2,3,0,0,0,0,0,0,0,0,0,0,1,2,0,0,0
1770,C1,8,14,13,0,0,0,0,0,0,0,0,0,0,1,0,2,10,68,22
1785,A1,2,3,0,7,0,0,0,0,0,0,0,0,0,1,0,2,4,30,8
1785,B0,0,20,9,1,0,0,0,0,0,0,0,0,0,0,1,1,5,39,9
1785,B1,19,15,21,20,0,0,0,0,0,0,0,0,0,0,1,1,0,0,0
1785,B2,18,0,2,6,0,0,0,0,0,0,0,0,0,0,1,1,0,0,0
1785,C1,10,4,12,0,0,0,0,0,0,0,0,0,0,0,1,2,10,68,22
1800,A1,2,3,0,5,0,0,0,0,0,0,0,0,0,0,1,2,4,30,8
1800,B0,0,20,10,3,0,0,0,0,0,0,0,0,0,0,1,1,5,39,9
1800,B1,18,15,20,20,0,0,0,0,0,0,0,0,0,0,1,1,0,0,0
1800,B2,20,0,1,5,0,0,0,0,0,0,0,0,0,0,1,1,0,0,0
1800,C1,10,3,12,0,0,0,0,0,0,0,0,0,0,1,0,2,10,68,22
1815,A1,2,2,0,5,0,0,0,0,0,0,0,0,0,0,1,1,4,30,8
1815,B0,0,20,12,3,0,0,0,0,0,0,0,0,0,0,1,1,5,39,9
1815,B1,19,16,15,19,0,0,0,0,0,0,0,0,0,0,1,2,0,0,0
1815,B2,20,0,2,7,0,0,0,0,0,0,0,0,0,0,1,1,0,0,0
1815,C1,8,7,13,0,0,0,0,0,0,0,0,0,0,1,0,2,10,68,22
1830,A1,1,2,0,4,0,0,0,0,0,0,0,0,0,1,0,1,4,30,8
1830,B0,0,20,8,1,0,0,0,0,0,0,0,0,0,0,1,1,5,39,9
1830,B1,18,15,18,20,0,0,0,0,0,0,0,0,0,1,0,1,0,0,0
1830,B2,20,0,2,6,0,0,0,0,0,0,0,0,0,0,1,1,0,0,0
1830,C1,5,1,15,0,0,0,0,0,0,0,0,0,0,0,1,1,10,68,22
1845,A1,4,4,0,3,0,0,0,0,0,0,0,0,0,1,0,2,4,30,8
1845,B0,0,20,4,3,0,0,0,0,0,0,0,0,0,0,1,1,5,39,9
1845,B1,19,16,17,19,0,0,0,0,0,0,0,0,0,0,1,2,0,0,0
1845,B2,20,0,2,6,0,0,0,0,0,0,0,0,0,0,1,1,0,0,0
1845,C1,6,3,14,0,0,0,0,0,0,0,0,0,0,1,0,2,10,68,22
1860,A1,1,3,0,4,0,0,0,0,0,0,0,0,0,1,0,1,4,30,8
1860,B0,0,20,3,1,0,0,0,0,0,0,0,0,0,1,0,2,5,39,9
1860,B1,18,15,17,20,0,0,0,0,0,0,0,0,0,0,1,1,0,0,0
1860,B2,20,0,3,6,0,0,0,0,0,0,0,0,0,0,1,1,0,0,0
1860,C1,5,2,15,0,0,0,0,0,0,0,0,0,0,0,1,1,10,68,22
1875,A1,1,2,0,4,0,0,0,0,0,0,0,0,0,1,0,1,5,32,9
1875,B0,0,17,5,1,0,0,0,0,0,0,0,0,0,0,1,1,5,39,9
1875,B1,20,15,19,20,0,0,0,0,0,0,0,0,0,0,1,2,0,0,0
1875,B2,20,0,4,7,0,0,0,0,0,0,0,0,0,0,1,1,0,0,0
1875,C1,6,2,14,0,0,0,0,0,0,0,0,0,0,1,0,2,10,68,22
1890,A1,1,2,0,3,0,0,0,0,0,0,0,0,0,0,1,1,5,32,9
1890,B0,0,19,2,3,0,0,0,0,0,0,0,0,0,0,1,2,5,39,9
1890,B1,18,14,20,20,0,0,0,0,0,0,0,0,0,0,1,1,0,0,0
1890,B2,20,0,1,4,0,0,0,0,0,0,0,0,0,1,0,1,0,0,0
1890,C1,7,1,12,0,0,0,0,0,0,0,0,0,0,1,0,2,10,68,22
1905,A1,1,2,0,3,0,0,0,0,0,0,0,0,0,1,0,1,5,32,9
1905,B0,0,18,4,1,0,0,0,0,0,0,0,0,0,0,1,1,6,42,12
1905,B1,19,18,19,20,0,0,0,0,0,0,0,0,0,0,1,2,0,0,0
1905,B2,18,0,2,5,0,0,0,0,0,0,0,0,0,0,1,1,0,0,0
1905,C1,4,3,13,0,0,0,0,0,0,0,0,0,0,0,1,2,10,68,22
1920,A1,3,1,0,3,0,0,0,0,0,0,0,0,0,1,0,2,6,34,10
1920,B0,0,19,1,2,0,0,0,0,0,0,0,0,0,0,1,2,6,42,12
1920,B1,18,18,19,20,0,0,0,0,0,0,0,0,0,0,1,1,0,0,0
1920,B2,20,0,1,7,0,0,0,0,0,0,0,0,0,0,1,1,0,0,0
1920,C1,5,3,12,0,0,0,0,0,0,0,0,0,0,1,0,2,10,68,22
1935,A1,1,2,0,4,0,0,0,0,0,0,0,0,0,0,1,1,6,34,10
1935,B0,0,15,1,4,0,0,0,0,0,0,0,0,0,1,0,2,6,42,12
1935,B1,19,19,20,16,0,0,0,0,0,0,0,0,0,0,1,2,0,0,0
1935,B2,20,0,1,5,0,0,0,0,0,0,0,0,0,0,1,1,0,0,0
1935,C1,5,2,13,0,0,0,0,0,0,0,0,0,0,1,0,2,10,68,22
1950,A1,1,4,0,3,0,0,0,0,0,0,0,0,0,1,0,2,6,34,10
1950,B0,0,15,5,3,0,0,0,0,0,0,0,0,0,0,1,1,6,42,12
1950,B1,19,18,20,18,0,0,0,0,0,0,0,0,0,1,0,2,0,0,0
1950,B2,20,0,1,6,0,0,0,0,0,0,0,0,0,0,1,1,0,0,0
1950,C1,6,1,11,0,0,0,0,0,0,0,0,0,0,1,0,2,10,68,22
1965,A1,2,2,0,4,0,0,0,0,0,0,0,0,0,0,1,1,6,34,10
1965,B0,0,20,2,1,0,0,0,0,0,0,0,0,0,0,1,2,6,42,12
1965,B1,19,16,19,18,0,0,0,0,0,0,0,0,0,0,1,1,0,0,0
1965,B2,20,0,1,3,0,0,0,0,0,0,0,0,0,0,1,2,0,0,0
1965,C1,3,2,12,0,0,0,0,0,0,0,0,0,0,1,0,1,10,68,22
1980,A1,1,2,0,5,0,0,0,0,0,0,0,0,0,1,0,1,6,34,10
1980,B0,0,18,5,4,0,0,0,0,0,0,0,0,0,0,1,1,6,42,12
1980,B1,18,17,19,18,0,0,0,0,0,0,0,0,0,1,0,1,0,0,0
1980,B2,18,0,1,4,0,0,0,0,0,0,0,0,0,0,1,1,0,0,0
1980,C1,4,2,11,0,0,0,0,0,0,0,0,0,0,1,0,2,10,68,22
1995,A1,4,2,0,5,0,0,0,0,0,0,0,0,0,1,0,2,6,34,10
1995,B0,0,19,6,1,0,0,0,0,0,0,0,0,0,0,1,1,6,42,12
1995,B1,19,19,19,16,0,0,0,0,0,0,0,0,0,0,1,2,0,0,0
1995,B2,17,0,2,3,0,0,0,0,0,0,0,0,0,1,0,2,0,0,0
1995,C1,5,3,13,0,0,0,0,0,0,0,0,0,0,1,0,2,10,68,22
2010,A1,3,1,0,4,0,0,0,0,0,0,0,0,0,0,1,1,6,34,10
2010,B0,0,20,5,2,0,0,0,0,0,0,0,0,0,0,1,1,6,42,12
2010,B1,20,15,20,17,0,0,0,0,0,0,0,0,0,1,0,2,0,0,0
2010,B2,16,0,1,4,0,0,0,0,0,0,0,0,0,0,1,1,0,0,0
2010,C1,3,1,11,0,0,0,0,0,0,0,0,0,0,0,1,1,10,68,22
2025,A1,4,2,0,6,0,0,0,0,0,0,0,0,0,1,0,2,6,34,10
2025,B0,0,20,5,2,0,0,0,0,0,0,0,0,0,0,1,1,6,42,12
2025,B1,20,15,19,20,0,0,0,0,0,0,0,0,0,0,1,2,0,0,0
2025,B2,19,0,1,5,0,0,0,0,0,0,0,0,0,0,1,1,0,0,0
2025,C1,6,1,8,0,0,0,0,0,0,0,0,0,0,1,0,2,10,68,22
2040,A1,2,2,0,7,0,0,0,0,0,0,0,0,0,0,1,1,6,34,10
2040,B0,0,20,4,2,0,0,0,0,0,0,0,0,0,0,1,1,6,42,12
2040,B1,18,14,19,20,0,0,0,0,0,0,0,0,0,1,0,1,0,0,0
2040,B2,20,0,1,4,0,0,0,0,0,0,0,0,0,0,1,1,0,0,0
2040,C1,5,2,8,0,0,0,0,0,0,0,0,0,0,1,0,2,10,68,22
2055,A1,1,3,0,5,0,0,0,0,0,0,0,0,0,1,0,1,6,34,10
2055,B0,0,20,2,5,0,0,0,0,0,0,0,0,0,0,1,1,6,42,12
2055,B1,19,16,18,19,0,0,0,0,0,0,0,0,0,0,1,2,0,0,0
2055,B2,18,0,1,4,0,0,0,0,0,0,0,0,0,0,1,1,0,0,0
2055,C1,2,1,11,0,0,0,0,0,0,0,0,0,0,0,1,1,10,68,22
2070,A1,3,2,0,4,0,0,0,0,0,0,0,0,0,0,1,2,6,34,10
2070,B0,0,16,1,5,0,0,0,0,0,0,0,0,0,1,0,2,6,42,12
2070,B1,18,15,19,20,0,0,0,0,0,0,0,0,0,1,0,1,0,0,0
2070,B2,20,0,2,6,0,0,0,0,0,0,0,0,0,0,1,1,0,0,0
2070,C1,4,3,11,0,0,0,0,0,0,0,0,0,0,1,0,2,10,68,22
2085,A1,2,3,0,5,0,0,0,0,0,0,0,0,0,1,0,2,6,34,10
2085,B0,0,17,3,2,0,0,0,0,0,0,0,0,0,0,1,1,6,42,12
2085,B1,19,15,20,18,0,0,0,0,0,0,0,0,0,0,1,1,0,0,0
2085,B2,20,0,3,6,0,0,0,0,0,0,0,0,0,0,1,1,0,0,0
2085,C1,3,2,11,0,0,0,0,0,0,0,0,0,0,0,1,1,10,68,22
2100,A1,1,2,0,7,0,0,0,0,0,0,0,0,0,0,1,1,6,34,10
2100,B0,0,18,2,1,0,0,0,0,0,0,0,0,0,1,0,2,6,42,12
2100,B1,20,16,20,20,0,0,0,0,0,0,0,0,0,0,1,2,0,0,0
2100,B2,20,0,1,5,0,0,0,0,0,0,0,0,0,0,1,1,0,0,0
2100,C1,3,2,7,0,0,0,0,0,0,0,0,0,0,0,1,1,10,68,22
2115,A1,1,3,0,6,0,0,0,0,0,0,0,0,0,1,0,1,6,34,10
2115,B0,0,16,1,1,0,0,0,0,0,0,0,0,0,0,1,2,6,42,12
2115,B1,18,16,20,20,0,0,0,0,0,0,0,0,0,1,0,1,0,0,0
2115,B2,20,0,1,6,0,0,0,0,0,0,0,0,0,0,1,1,0,0,0
2115,C1,2,3,4,0,0,0,0,0,0,0,0,0,0,0,1,2,10,68,22
2130,A1,1,5,0,6,0,0,0,0,0,0,0,0,0,1,0,2,6,34,10
2130,B0,0,17,3,3,0,0,0,0,0,0,0,0,0,1,0,1,6,42,12
2130,B1,19,16,20,17,0,0,0,0,0,0,0,0,0,0,1,2,0,0,0
2130,B2,20,0,1,10,0,0,0,0,0,0,0,0,0,0,1,1,0,0,0
2130,C1,1,2,4,0,0,0,0,0,0,0,0,0,0,0,1,1,10,68,22
2145,A1,4,4,0,6,0,0,0,0,0,0,0,0,0,1,0,2,6,34,10
2145,B0,0,18,5,2,0,0,0,0,0,0,0,0,0,0,1,1,6,42,12
2145,B1,18,15,20,18,0,0,0,0,0,0,0,0,0,1,0,1,0,0,0
2145,B2,20,0,1,7,0,0,0,0,0,0,0,0,0,0,1,1,0,0,0
2145,C1,2,3,3,0,0,0,0,0,0,0,0,0,0,1,0,2,10,68,22
2160,A1,4,3,0,5,0,0,0,0,0,0,0,0,0,0,1,2,6,34,10
2160,B0,0,20,5,2,0,0,0,0,0,0,0,0,0,0,1,1,6,42,12
2160,B1,19,15,20,18,0,0,0,0,0,0,0,0,0,1,0,2,0,0,0
2160,B2,20,0,2,10,0,0,0,0,0,0,0,0,0,0,1,1,0,0,0
2160,C1,1,3,3,0,0,0,0,0,0,0,0,0,0,0,1,2,11,69,25
2175,A1,3,5,0,8,0,0,0,0,0,0,0,0,0,1,0,2,6,34,10
2175,B0,0,20,7,1,0,0,0,0,0,0,0,0,0,0,1,1,6,42,12
2175,B1,20,14,20,16,0,0,0,0,0,0,0,0,0,0,1,1,0,0,0
2175,B2,20,0,3,10,0,0,0,0,0,0,0,0,0,0,1,1,0,0,0
2175,C1,1,2,3,0,0,0,0,0,0,0,0,0,0,1,0,1,11,69,25
2190,A1,3,7,0,10,0,0,0,0,0,0,0,0,0,1,0,2,6,34,10
2190,B0,0,20,8,1,0,0,0,0,0,0,0,0,0,0,1,1,6,42,12
2190,B1,20,15,20,16,0,0,0,0,0,0,0,0,0,0,1,1,0,0,0
2190,B2,20,0,2,9,0,0,0,0,0,0,0,0,0,0,1,1,0,0,0
2190,C1,2,1,2,0,0,0,0,0,0,0,0,0,0,1,0,2,11,69,25
2205,A1,2,9,0,10,0,0,0,0,0,0,0,0,0,1,0,2,6,34,10
2205,B0,0,20,8,3,0,0,0,0,0,0,0,0,0,0,1,1,6,42,12
2205,B1,20,13,20,17,0,0,0,0,0,0,0,0,0,0,1,1,0,0,0
2205,B2,20,0,3,6,0,0,0,0,0,0,0,0,0,0,1,1,0,0,0
2205,C1,2,4,2,0,0,0,0,0,0,0,0,0,0,1,0,2,11,69,25
2220,A1,2,3,0,11,0,0,0,0,0,0,0,0,0,1,0,2,6,34,10
2220,B0,0,20,7,1,0,0,0,0,0,0,0,0,0,0,1,1,6,42,12
2220,B1,20,15,20,18,0,0,0,0,0,0,0,0,0,1,0,2,0,0,0
2220,B2,20,0,1,5,0,0,0,0,0,0,0,0,0,0,1,1,0,0,0
2220,C1,1,2,2,0,0,0,0,0,0,0,0,0,0,0,1,2,12,77,27
2235,A1,1,5,0,12,0,0,0,0,0,0,0,0,0,1,0,2,6,34,10
2235,B0,0,20,7,2,0,0,0,0,0,0,0,0,0,0,1,1,6,42,12
2235,B1,20,17,20,20,0,0,0,0,0,0,0,0,0,1,0,2,0,0,0
2235,B2,20,0,1,4,0,0,0,0,0,0,0,0,0,0,1,1,0,0,0
2235,C1,1,2,2,0,0,0,0,0,0,0,0,0,0,1,0,2,12,77,27
2250,A1,1,6,0,13,0,0,0,0,0,0,0,0,0,1,0,2,6,34,10
2250,B0,0,20,7,2,0,0,0,0,0,0,0,0,0,0,1,1,6,42,12
2250,B1,20,18,20,20,0,0,0,0,0,0,0,0,0,1,0,2,0,0,0
2250,B2,20,0,2,5,0,0,0,0,0,0,0,0,0,0,1,1,0,0,0
2250,C1,1,2,1,0,0,0,0,0,0,0,0,0,0,0,1,2,13,87,29
2265,A1,1,5,0,13,0,0,0,0,0,0,0,0,0,1,0,2,6,34,10
2265,B0,0,20,5,1,0,0,0,0,0,0,0,0,0,0,1,1,6,42,12
2265,B1,20,19,20,20,0,0,0,0,0,0,0,0,1,1,0,2,0,0,0
2265,B2,20,0,1,4,0,0,0,0,0,0,0,0,0,0,1,1,0,0,0
2265,C1,4,3,1,0,0,0,0,1,0,0,0,0,0,0,1,1,14,108,29
2280,A1,1,4,0,11,0,0,0,0,0,0,0,0,0,0,1,2,6,34,10
2280,B0,0,19,3,2,0,0,0,0,0,0,0,0,0,1,0,1,6,42,12
2280,B1,20,20,20,20,0,0,0,0,0,0,0,0,1,1,0,2,0,0,0
2280,B2,20,0,1,5,0,0,0,0,0,0,0,0,0,0,1,1,0,0,0
2280,C1,4,1,1,0,0,0,0,1,0,0,0,0,0,0,1,1,14,138,29
2295,A1,1,4,0,11,0,0,0,0,0,0,0,0,0,0,1,2,6,34,10
2295,B0,0,18,3,2,0,0,0,0,0,0,0,0,0,0,1,1,7,46,13
2295,B1,20,20,20,20,0,0,0,0,0,0,0,0,1,1,0,2,0,0,0
2295,B2,19,0,3,3,0,0,0,0,0,0,0,0,0,1,0,2,0,0,0
2295,C1,4,2,1,0,0,0,0,1,0,0,0,0,0,0,1,1,14,168,29
2310,A1,2,4,0,9,0,0,0,0,0,0,0,0,0,1,0,2,7,39,14
2310,B0,0,19,4,1,0,0,0,0,0,0,0,0,0,0,1,1,7,46,13
2310,B1,20,20,20,20,0,0,0,0,0,0,0,0,1,1,0,2,0,0,0
2310,B2,18,0,1,4,0,0,0,0,0,0,0,0,0,0,1,1,0,0,0
2310,C1,5,4,1,0,0,0,0,1,0,0,0,0,0,0,1,1,14,198,29
2325,A1,1,4,0,9,0,0,0,0,0,0,0,0,0,1,0,2,7,39,14
2325,B0,0,18,3,1,0,0,0,0,0,0,0,0,0,1,0,2,7,46,13
2325,B1,20,20,20,20,0,0,0,0,0,0,0,0,1,1,0,2,0,0,0
2325,B2,20,0,3,3,0,0,0,0,0,0,0,0,0,1,0,2,0,0,0
2325,C1,5,5,1,0,0,0,0,1,0,0,0,0,0,0,1,1,14,228,29
2340,A1,2,6,0,7,0,0,0,0,0,0,0,0,0,1,0,2,7,39,14
2340,B0,0,18,2,1,0,0,0,0,0,0,0,0,0,0,1,2,8,69,16
2340,B1,20,20,20,20,0,0,0,0,0,0,0,0,1,1,0,2,0,0,0
2340,B2,14,0,1,3,0,0,0,0,0,0,0,0,0,1,0,2,0,0,0
2340,C1,6,7,1,0,0,0,0,1,0,0,0,0,0,0,1,1,14,258,29
2355,A1,1,2,0,7,0,0,0,0,0,0,0,0,0,1,0,1,7,39,14
2355,B0,0,16,2,1,0,0,0,0,0,0,0,0,0,1,0,2,8,69,16
2355,B1,19,20,20,20,0,0,0,0,0,0,0,0,1,1,0,2,0,0,0
2355,B2,11,0,2,3,0,0,0,0,0,0,0,0,0,1,0,2,0,0,0
2355,C1,8,8,1,0,0,0,0,1,0,0,0,0,0,0,1,1,14,288,29
2370,A1,1,4,0,4,0,0,0,0,0,0,0,0,0,0,1,2,7,39,14
2370,B0,0,11,2,1,0,0,0,0,0,0,0,0,0,1,0,2,8,69,16
2370,B1,18,19,20,20,0,0,0,0,0,0,0,0,1,1,0,2,0,0,0
2370,B2,15,0,3,3,0,0,0,0,3,0,0,0,0,0,1,1,1,13,0
2370,C1,8,9,1,0,0,0,0,1,0,0,0,0,0,1,0,2,14,318,29
2385,A1,4,4,0,5,0,0,0,0,0,0,0,0,0,1,0,2,7,39,14
2385,B0,0,13,2,1,0,0,0,0,0,0,0,0,0,0,1,2,8,69,16
2385,B1,19,19,19,20,0,0,0,0,0,0,0,0,0,1,0,2,0,0,0
2385,B2,20,0,3,3,0,0,0,0,3,0,0,0,0,0,1,1,1,43,0
2385,C1,7,4,1,0,0,0,0,0,0,0,0,0,0,1,0,2,14,340,30
2400,A1,5,4,0,5,0,0,0,0,0,0,0,0,0,1,0,2,7,39,14
2400,B0,0,15,3,1,0,0,0,0,0,0,0,0,0,1,0,2,8,69,16
2400,B1,17,20,20,20,0,0,0,0,0,0,0,0,0,1,0,2,0,0,0
2400,B2,19,0,1,1,0,0,0,0,1,0,0,0,0,1,0,2,1,73,0
2400,C1,5,3,1,0,0,0,0,0,0,0,0,0,0,1,0,2,14,340,30
2415,A1,4,7,0,6,0,0,0,0,0,0,0,0,0,1,0,2,7,39,14
2415,B0,0,11,3,1,0,0,0,0,0,0,0,0,0,1,0,1,8,69,16
2415,B1,19,18,20,17,0,0,0,0,0,0,0,0,0,0,1,2,0,0,0
2415,B2,16,0,2,1,0,0,0,0,1,0,0,0,0,0,1,2,1,103,0
2415,C1,6,4,2,0,0,0,0,0,0,0,0,0,0,1,0,2,14,340,30
2430,A1,3,6,0,6,0,0,0,0,0,0,0,0,0,1,0,2,7,39,14
2430,B0,0,15,2,3,0,0,0,0,0,0,0,0,0,1,0,1,8,69,16
2430,B1,20,18,19,17,0,0,0,0,0,0,0,0,0,1,0,2,0,0,0
2430,B2,16,0,1,3,0,0,0,0,0,0,0,0,0,1,0,2,1,111,3
2430,C1,7,2,1,0,0,0,0,0,0,0,0,0,0,1,0,2,14,340,30
2445,A1,10,6,0,9,0,0,0,0,0,0,0,0,0,1,0,2,7,39,14
2445,B0,0,17,5,2,0,0,0,0,0,0,0,0,0,0,1,1,8,69,16
2445,B1,19,17,20,20,0,0,0,0,0,0,0,0,0,0,1,2,0,0,0
2445,B2,16,0,1,6,0,0,0,0,0,0,0,0,0,0,1,1,1,111,3
2445,C1,7,2,2,0,0,0,0,0,0,0,0,0,0,1,0,2,14,340,30
2460,A1,1,7,0,11,0,0,0,0,0,0,0,0,0,1,0,2,7,39,14
2460,B0,0,20,5,1,0,0,0,0,0,0,0,0,0,0,1,1,8,69,16
2460,B1,17,18,19,19,0,0,0,0,0,0,0,0,0,1,0,1,0,0,0
2460,B2,19,0,1,5,0,0,0,0,0,0,0,0,0,1,0,1,1,111,3
2460,C1,6,1,5,0,0,0,0,0,0,0,0,0,0,1,0,2,14,340,30
2475,A1,3,9,0,12,0,0,0,0,0,0,0,0,0,1,0,2,7,39,14
2475,B0,0,20,5,2,0,0,0,0,0,0,0,0,0,0,1,1,8,69,16
2475,B1,17,19,18,19,0,0,0,0,0,0,0,0,0,1,0,2,0,0,0
2475,B2,18,0,1,2,0,0,0,0,0,0,0,0,0,0,1,2,1,111,3
2475,C1,5,2,5,0,0,0,0,0,0,0,0,0,0,1,0,2,14,340,30
2490,A1,3,11,0,12,0,0,0,0,0,0,0,0,0,1,0,2,7,39,14
2490,B0,0,20,7,2,0,0,0,0,0,0,0,0,0,0,1,1,8,69,16
2490,B1,16,19,19,20,0,0,0,0,0,0,0,0,0,0,1,1,0,0,0
2490,B2,15,0,2,2,0,0,0,0,0,0,0,0,0,1,0,2,1,111,3
2490,C1,5,4,5,0,0,0,0,0,0,0,0,0,0,1,0,2,14,340,30
2505,A1,2,10,0,13,0,0,0,0,0,0,0,0,0,1,0,2,7,39,14
2505,B0,0,20,6,1,0,0,0,0,0,0,0,0,0,0,1,1,8,69,16
2505,B1,18,19,18,19,0,0,0,0,0,0,0,0,0,1,0,2,0,0,0
2505,B2,13,0,3,9,0,0,0,0,0,0,0,0,0,0,1,1,1,111,3
2505,C1,6,1,6,0,0,0,0,0,0,0,0,0,0,1,0,2,14,340,30
2520,A1,11,11,0,14,0,0,0,0,0,0,0,0,0,1,0,2,7,39,14
2520,B0,0,20,2,1,0,0,0,0,0,0,0,0,0,0,1,2,8,69,16
2520,B1,19,16,20,20,0,0,0,0,0,0,0,0,0,1,0,2,0,0,0
2520,B2,19,0,1,6,0,0,0,0,0,0,0,0,0,0,1,1,1,111,3
2520,C1,4,2,7,0,0,0,0,0,0,0,0,0,0,0,1,2,14,340,30
2535,A1,2,9,0,18,0,0,0,0,0,0,0,0,0,1,0,2,7,39,14
2535,B0,0,18,3,1,0,0,0,0,0,0,0,0,0,0,1,2,8,69,16
2535,B1,21,17,20,20,0,0,0,0,0,0,0,0,0,1,0,2,0,0,0
2535,B2,20,0,1,6,0,0,0,0,0,0,0,0,0,0,1,1,1,111,3
2535,C1,1,1,10,0,0,0,0,0,0,0,0,0,0,1,0,1,14,340,30
2550,A1,2,11,0,18,0,0,0,0,0,0,0,0,0,1,0,2,7,39,14
2550,B0,0,18,2,3,0,0,0,0,0,0,0,0,0,1,0,1,8,69,16
2550,B1,20,10,19,20,0,0,0,0,0,0,0,0,0,0,1,1,0,0,0
2550,B2,20,0,1,5,0,0,0,0,0,0,0,0,0,0,1,1,1,111,3
2550,C1,1,6,7,0,0,0,0,0,0,0,0,0,0,0,1,2,14,340,30
2565,A1,1,12,0,20,0,0,0,0,0,0,0,0,0,1,0,2,7,39,14
2565,B0,0,18,1,2,0,0,0,0,0,0,0,0,0,0,1,2,8,69,16
2565,B1,20,10,13,20,0,0,0,0,0,0,0,0,0,0,1,2,0,0,0
2565,B2,20,0,2,4,0,0,0,0,0,0,0,0,0,0,1,1,1,111,3
2565,C1,1,5,8,0,0,0,0,0,0,0,0,0,0,0,1,1,14,340,30
2580,A1,1,11,0,20,0,0,0,0,0,0,0,0,0,1,0,2,7,39,14
2580,B0,0,18,2,3,0,0,0,0,0,0,0,0,0,0,1,1,8,69,16
2580,B1,18,10,16,20,0,0,0,0,0,0,0,0,0,0,1,1,0,0,0
2580,B2,20,0,2,4,0,0,0,0,0,0,0,0,0,1,0,1,1,111,3
2580,C1,1,3,9,0,0,0,0,0,0,0,0,0,0,1,0,1,14,340,30
2595,A1,9,12,0,20,0,0,0,0,0,0,0,0,0,1,0,2,7,39,14
2595,B0,0,17,3,4,0,0,0,0,0,0,0,0,0,1,0,1,8,69,16
2595,B1,19,11,20,16,0,0,0,0,0,0,0,0,0,0,1,1,0,0,0
2595,B2,18,0,1,2,0,0,0,0,0,0,0,0,0,0,1,2,2,119,5
2595,C1,3,3,9,0,0,0,0,0,0,0,0,0,0,1,0,2,14,340,30
2610,A1,8,11,0,20,0,0,0,0,0,0,0,0,0,1,0,2,7,39,14
2610,B0,0,19,6,2,0,0,0,0,0,0,0,0,0,0,1,1,8,69,16
2610,B1,20,11,21,17,0,0,0,0,0,0,0,0,0,0,1,1,0,0,0
2610,B2,17,0,2,4,0,0,0,0,0,0,0,0,0,0,1,1,2,119,5
2610,C1,2,4,8,0,0,0,0,0,0,0,0,0,0,1,0,2,14,340,30
2625,A1,4,9,0,20,0,0,0,0,0,0,0,0,0,1,0,2,7,39,14
2625,B0,0,20,4,2,0,0,0,0,0,0,0,0,0,0,1,1,8,69,16
2625,B1,20,13,20,18,0,0,0,0,0,0,0,0,0,0,1,1,0,0,0
2625,B2,16,0,3,2,0,0,0,0,0,0,0,0,0,1,0,2,2,119,5
2625,C1,1,3,7,0,0,0,0,0,0,0,0,0,0,0,1,1,14,340,30
2640,A1,3,11,0,20,0,0,0,0,0,0,0,0,0,1,0,2,7,39,14
2640,B0,0,20,5,1,0,0,0,0,0,0,0,0,0,0,1,1,8,69,16
2640,B1,18,12,18,19,0,0,0,0,0,0,0,0,0,1,0,1,0,0,0
2640,B2,11,0,2,2,0,0,0,0,0,0,0,0,0,1,0,2,2,119,5
2640,C1,2,2,6,0,0,0,0,0,0,0,0,0,0,1,0,1,14,340,30
2655,A1,1,13,0,20,0,0,0,0,0,0,0,0,0,1,0,2,7,39,14
2655,B0,0,20,5,2,0,0,0,0,0,0,0,0,0,0,1,1,8,69,16
2655,B1,18,12,18,20,0,0,0,0,0,0,0,0,0,0,1,1,0,0,0
2655,B2,11,0,3,3,0,0,0,0,0,0,0,0,0,0,1,1,2,119,5
2655,C1,3,3,7,0,0,0,0,0,0,0,0,0,0,0,1,2,14,340,30
2670,A1,1,12,0,19,0,0,0,0,0,0,0,0,0,1,0,2,7,39,14
2670,B0,0,20,5,2,0,0,0,0,0,0,0,0,0,0,1,1,8,69,16
2670,B1,20,11,18,20,0,0,0,0,0,0,0,0,0,1,0,2,0,0,0
2670,B2,17,0,1,4,0,0,0,0,0,0,0,0,0,0,1,1,2,119,5
2670,C1,2,2,10,0,0,0,0,0,0,0,0,0,0,1,0,1,14,340,30
2685,A1,1,11,0,19,0,0,0,0,0,0,0,0,0,1,0,2,7,39,14
2685,B0,0,18,3,2,0,0,0,0,0,0,0,0,0,1,0,1,8,69,16
2685,B1,19,12,17,20,0,0,0,0,0,0,0,0,0,0,1,2,0,0,0
2685,B2,15,0,1,3,0,0,0,0,0,0,0,0,0,1,0,2,2,119,5
2685,C1,3,2,8,0,0,0,0,0,0,0,0,0,0,1,0,1,14,340,30
2700,A1,1,11,0,20,0,0,0,0,0,0,0,0,0,1,0,2,7,39,14
2700,B0,0,18,2,2,0,0,0,0,0,0,0,0,0,1,0,2,8,69,16
2700,B1,18,14,16,20,0,0,0,0,0,0,0,0,0,0,1,1,0,0,0
2700,B2,13,0,3,3,0,0,0,0,0,0,0,0,0,0,1,2,2,119,5
2700,C1,2,4,10,0,0,0,0,0,0,0,0,0,0,0,1,2,14,340,30
2715,A1,1,11,0,20,0,0,0,0,0,0,0,0,0,1,0,2,7,39,14
2715,B0,0,17,4,3,0,0,0,0,0,0,0,0,0,0,1,1,8,69,16
2715,B1,19,13,14,20,0,0,0,0,0,0,0,0,0,0,1,2,0,0,0
2715,B2,16,0,1,6,0,0,0,0,0,0,0,0,0,0,1,1,2,119,5
2715,C1,1,4,7,0,0,0,0,0,0,0,0,0,0,1,0,1,14,340,30
2730,A1,4,11,0,20,0,0,0,0,0,0,0,0,0,1,0,2,7,39,14
2730,B0,0,19,4,2,0,0,0,0,0,0,0,0,0,0,1,1,8,69,16
2730,B1,18,14,16,20,0,0,0,0,0,0,0,0,0,0,1,1,0,0,0
2730,B2,18,0,2,3,0,0,0,0,0,0,0,0,0,1,0,2,2,119,5
2730,C1,1,4,6,0,0,0,0,0,0,0,0,0,0,1,0,1,14,340,30
2745,A1,2,10,0,20,0,0,0,0,0,0,0,0,0,1,0,2,7,39,14
2745,B0,0,18,3,3,0,0,0,0,0,0,0,0,0,1,0,1,8,69,16
2745,B1,19,16,18,19,0,0,0,0,0,0,0,0,0,1,0,2,0,0,0
2745,B2,16,0,2,5,0,0,0,0,0,0,0,0,0,0,1,1,2,119,5
2745,C1,1,7,7,0,0,0,0,0,0,0,0,0,0,0,1,2,14,340,30
2760,A1,2,9,0,20,0,0,0,0,0,0,0,0,0,1,0,2,7,39,14
2760,B0,0,18,6,1,0,0,0,0,0,0,0,0,0,0,1,1,8,69,16
2760,B1,18,14,20,20,0,0,0,0,0,0,0,0,0,1,0,1,0,0,0
2760,B2,19,0,1,3,0,0,0,0,0,0,0,0,0,0,1,2,2,119,5
2760,C1,1,6,6,0,0,0,0,0,0,0,0,0,0,0,1,2,14,340,30
2775,A1,3,12,0,20,0,0,0,0,0,0,0,0,0,1,0,2,7,39,14
2775,B0,0,20,4,1,0,0,0,0,0,0,0,0,0,0,1,1,8,69,16
2775,B1,20,15,19,20,0,0,0,0,0,0,0,0,0,0,1,2,0,0,0
2775,B2,18,0,1,5,0,0,0,0,0,0,0,0,0,0,1,1,2,119,5
2775,C1,1,4,6,0,0,0,0,0,0,0,0,0,0,1,0,1,14,340,30
2790,A1,1,15,0,20,0,0,0,0,0,0,0,0,0,1,0,2,7,39,14
2790,B0,0,20,4,2,0,0,0,0,0,0,0,0,0,0,1,1,8,69,16
2790,B1,18,14,19,20,0,0,0,0,0,0,0,0,0,0,1,1,0,0,0
2790,B2,19,0,1,5,0,0,0,0,0,0,0,0,0,0,1,1,2,119,5
2790,C1,2,4,5,0,0,0,0,0,0,0,0,0,0,1,0,2,15,341,35
2805,A1,1,12,0,20,0,0,0,0,0,0,0,0,0,1,0,2,7,39,14
2805,B0,0,20,5,2,0,0,0,0,0,0,0,0,0,0,1,1,8,69,16
2805,B1,19,15,19,19,0,0,0,0,0,0,0,0,0,0,1,1,0,0,0
2805,B2,18,0,1,6,0,0,0,0,0,0,0,0,0,0,1,1,2,119,5
2805,C1,1,3,6,0,0,0,0,0,0,0,0,0,0,0,1,1,15,341,35
2820,A1,1,10,0,20,0,0,0,0,0,0,0,0,0,1,0,2,7,39,14
2820,B0,0,20,2,1,0,0,0,0,0,0,0,0,0,0,1,2,8,69,16
2820,B1,18,15,20,19,0,0,0,0,0,0,0,0,0,1,0,1,0,0,0
2820,B2,18,0,1,6,0,0,0,0,0,0,0,0,0,0,1,1,2,119,5
2820,C1,2,5,4,0,0,0,0,0,0,0,0,0,0,1,0,2,15,341,35
2835,A1,2,9,0,20,0,0,0,0,0,0,0,0,0,1,0,2,7,39,14
2835,B0,0,19,3,1,0,0,0,0,0,0,0,0,0,0,1,2,8,69,16
2835,B1,18,16,19,20,0,0,0,0,0,0,0,0,0,0,1,1,0,0,0
2835,B2,20,0,1,5,0,0,0,0,0,0,0,0,0,0,1,1,2,119,5
2835,C1,2,5,2,0,0,0,0,0,0,0,0,0,0,0,1,2,15,341,35
2850,A1,3,6,0,20,0,0,0,0,0,0,0,0,0,1,0,2,7,39,14
2850,B0,0,18,3,2,0,0,0,0,0,0,0,0,0,0,1,1,8,69,16
2850,B1,17,16,19,20,0,0,0,0,0,0,0,0,0,1,0,1,0,0,0
2850,B2,20,0,1,6,0,0,0,0,0,0,0,0,0,0,1,1,2,119,5
2850,C1,1,4,2,0,0,0,0,0,0,0,0,0,0,0,1,2,15,341,35
2865,A1,3,6,0,20,0,0,0,0,0,0,0,0,0,1,0,2,7,39,14
2865,B0,0,17,3,3,0,0,0,0,0,0,0,0,0,1,0,1,8,69,16
2865,B1,18,18,20,20,0,0,0,0,0,0,0,0,0,0,1,1,0,0,0
2865,B2,19,0,2,3,0,0,0,0,0,0,0,0,0,1,0,2,2,119,5
2865,C1,1,1,1,0,0,0,0,0,0,0,0,0,0,1,0,2,15,341,35
2880,A1,1,3,0,20,0,0,0,0,0,0,0,0,0,1,0,1,7,39,14
2880,B0,0,16,3,3,0,0,0,0,0,0,0,0,0,1,0,1,8,69,16
2880,B1,18,20,20,20,0,0,0,0,0,0,0,0,0,1,0,2,0,0,0
2880,B2,17,0,2,4,0,0,0,0,0,0,0,0,0,0,1,1,3,126,7
2880,C1,1,1,1,0,0,0,0,0,0,0,0,0,0,1,0,2,15,341,35
2895,A1,1,4,0,18,0,0,0,0,0,0,0,0,0,1,0,2,7,39,14
2895,B0,0,18,3,2,0,0,0,0,0,0,0,0,0,1,0,1,8,69,16
2895,B1,18,20,20,20,0,0,0,0,0,0,0,0,0,1,0,2,0,0,0
2895,B2,17,0,1,6,0,0,0,0,0,0,0,0,0,1,0,1,3,126,7
2895,C1,1,1,1,0,0,0,0,0,0,0,0,0,0,1,0,2,15,341,35
2910,A1,1,4,0,19,0,0,0,0,0,0,0,0,0,1,0,2,7,39,14
2910,B0,0,18,2,2,0,0,0,0,0,0,0,0,0,0,1,2,8,69,16
2910,B1,18,20,20,20,0,0,0,0,0,0,0,0,0,1,0,2,0,0,0
2910,B2,18,0,1,2,0,0,0,0,0,0,0,0,0,0,1,2,4,136,8
2910,C1,1,1,2,0,0,0,0,0,0,0,0,0,0,0,1,1,15,341,35
2925,A1,3,3,0,17,0,0,0,0,0,0,0,0,0,0,1,2,7,39,14
2925,B0,0,18,3,3,0,0,0,0,0,0,0,0,0,0,1,1,8,69,16
2925,B1,14,19,18,20,0,0,0,0,0,0,0,0,0,0,1,2,0,0,0
2925,B2,16,0,2,3,0,0,0,0,0,0,0,0,0,1,0,2,4,136,8
2925,C1,1,2,2,0,0,0,0,0,0,0,0,0,0,1,0,2,15,341,35
2940,A1,1,4,0,18,0,0,0,0,0,0,0,0,0,1,0,2,7,39,14
2940,B0,0,19,3,2,0,0,0,0,0,0,0,0,0,0,1,1,8,69,16
2940,B1,15,19,18,19,0,0,0,0,0,0,0,0,0,1,0,2,0,0,0
2940,B2,13,0,2,4,0,0,0,0,0,0,0,0,0,0,1,1,4,136,8
2940,C1,2,2,3,0,0,0,0,0,0,0,0,0,0,1,0,2,15,341,35
2955,A1,1,4,0,20,0,0,0,0,0,0,0,0,0,1,0,2,7,39,14
2955,B0,0,17,2,3,0,0,0,0,0,0,0,0,0,1,0,1,8,69,16
2955,B1,16,19,20,20,0,0,0,0,0,0,0,0,0,1,0,2,0,0,0
2955,B2,19,0,2,4,0,0,0,0,0,0,0,0,0,0,1,1,4,136,8
2955,C1,3,1,2,0,0,0,0,0,0,0,0,0,0,0,1,2,15,341,35
2970,A1,3,6,0,18,0,0,0,0,0,0,0,0,0,1,0,2,7,39,14
2970,B0,0,16,2,1,0,0,0,0,0,0,0,0,0,1,0,2,8,69,16
2970,B1,14,20,18,19,0,0,0,0,0,0,0,0,0,0,1,1,0,0,0
2970,B2,20,0,1,3,0,0,0,0,0,0,0,0,0,0,1,2,4,136,8
2970,C1,2,1,3,0,0,0,0,0,0,0,0,0,0,1,0,1,15,341,35
2985,A1,2,6,0,19,0,0,0,0,0,0,0,0,0,1,0,2,7,39,14
2985,B0,0,18,4,1,0,0,0,0,0,0,0,0,0,0,1,1,8,69,16
2985,B1,15,20,17,18,0,0,0,0,0,0,0,0,0,1,0,2,0,0,0
2985,B2,18,0,1,6,0,0,0,0,0,0,0,0,0,0,1,1,4,136,8
2985,C1,2,1,2,0,0,0,0,0,0,0,0,0,0,1,0,2,15,341,35
3000,A1,3,5,0,20,0,0,0,0,0,0,0,0,0,1,0,2,7,39,14
3000,B0,0,18,2,1,0,0,0,0,0,0,0,0,0,1,0,2,8,69,16
3000,B1,14,16,20,18,0,0,0,0,0,0,0,0,0,0,1,1,0,0,0
3000,B2,19,0,1,5,0,0,0,0,0,0,0,0,0,0,1,1,4,136,8
3000,C1,4,4,4,0,0,0,0,0,0,0,0,0,0,1,0,2,15,341,35
3015,A1,1,5,0,20,0,0,0,0,0,0,0,0,0,1,0,2,7,39,14
3015,B0,0,13,4,2,0,0,0,0,0,0,0,0,0,1,0,1,8,69,16
3015,B1,15,19,14,18,0,0,0,0,0,0,0,0,0,0,1,2,0,0,0
3015,B2,20,0,2,4,0,0,0,0,0,0,0,0,0,0,1,1,4,136,8
3015,C1,4,3,5,0,0,0,0,0,0,0,0,0,0,1,0,2,15,341,35
3030,A1,2,5,0,20,0,0,0,0,0,0,0,0,0,1,0,2,7,39,14
3030,B0,0,17,3,2,0,0,0,0,0,0,0,0,0,0,1,1,8,69,16
3030,B1,15,18,17,19,0,0,0,0,0,0,0,0,0,1,0,2,0,0,0
3030,B2,20,0,3,3,0,0,0,0,0,0,0,0,0,0,1,2,4,136,8
3030,C1,5,1,6,0,0,0,0,0,0,0,0,0,0,1,0,2,15,341,35
3045,A1,1,4,0,20,0,0,0,0,0,0,0,0,0,1,0,2,7,39,14
3045,B0,0,18,5,2,0,0,0,0,0,0,0,0,0,0,1,1,8,69,16
3045,B1,15,19,17,20,0,0,0,0,0,0,0,0,0,0,1,2,0,0,0
3045,B2,18,0,1,6,0,0,0,0,0,0,0,0,0,0,1,1,4,136,8
3045,C1,5,1,6,0,0,0,0,0,0,0,0,0,0,0,1,2,15,341,35
3060,A1,2,5,0,18,0,0,0,0,0,0,0,0,0,0,1,2,7,39,14
3060,B0,0,18,2,3,0,0,0,0,0,0,0,0,0,1,0,1,8,69,16
3060,B1,15,19,17,20,0,0,0,0,0,0,0,0,0,1,0,2,0,0,0
3060,B2,19,0,1,3,0,0,0,0,0,0,0,0,0,0,1,2,4,136,8
3060,C1,8,1,8,0,0,0,0,0,0,0,0,0,0,1,0,2,15,341,35
3075,A1,2,4,0,18,0,0,0,0,0,0,0,0,0,1,0,2,7,39,14
3075,B0,0,18,4,4,0,0,0,0,0,0,0,0,0,0,1,1,8,69,16
3075,B1,16,19,19,19,0,0,0,0,0,0,0,0,0,0,1,1,0,0,0
3075,B2,15,0,1,4,0,0,0,0,0,0,0,0,0,1,0,1,4,136,8
3075,C1,5,1,9,0,0,0,0,0,0,0,0,0,0,1,0,2,15,341,35
3090,A1,2,2,0,17,0,0,0,0,0,0,0,0,0,0,1,1,7,39,14
3090,B0,0,19,3,1,0,0,0,0,0,0,0,0,0,1,0,2,8,69,16
3090,B1,15,18,18,18,0,0,0,0,0,0,0,0,0,1,0,1,0,0,0
3090,B2,16,0,4,3,0,0,0,0,0,0,0,0,0,0,1,1,4,136,8
3090,C1,5,2,8,0,0,0,0,0,0,0,0,0,0,0,1,2,15,341,35
3105,A1,3,5,0,14,0,0,0,0,0,0,0,0,0,1,0,2,7,39,14
3105,B0,0,18,1,2,0,0,0,0,0,0,0,0,0,0,1,2,8,69,16
3105,B1,16,18,14,20,0,0,0,0,0,0,0,0,0,0,1,2,0,0,0
3105,B2,15,0,2,3,0,0,0,0,0,0,0,0,0,1,0,2,4,136,8
3105,C1,5,5,10,0,0,0,0,0,0,0,0,0,0,1,0,2,16,343,36
3120,A1,2,5,0,19,0,0,0,0,0,0,0,0,0,1,0,2,7,39,14
3120,B0,0,16,3,3,0,0,0,0,0,0,0,0,0,1,0,1,8,69,16
3120,B1,15,18,16,20,0,0,0,0,0,0,0,0,0,1,0,2,0,0,0
3120,B2,13,0,3,3,0,0,0,0,0,0,0,0,0,0,1,2,4,136,8
3120,C1,5,1,12,0,0,0,0,0,0,0,0,0,0,1,0,2,16,343,36
3135,A1,3,2,0,19,0,0,0,0,0,0,0,0,0,0,1,1,7,39,14
3135,B0,0,17,5,3,0,0,0,0,0,0,0,0,0,0,1,1,8,69,16
3135,B1,15,18,18,20,0,0,0,0,0,0,0,0,0,0,1,1,0,0,0
3135,B2,17,0,4,4,0,0,0,0,0,0,0,0,0,0,1,1,4,136,8
3135,C1,4,4,11,0,0,0,0,0,0,0,0,0,0,0,1,2,16,343,36
3150,A1,2,4,0,18,0,0,0,0,0,0,0,0,0,1,0,2,7,39,14
3150,B0,0,20,2,2,0,0,0,0,0,0,0,0,0,0,1,2,8,69,16
3150,B1,15,17,16,19,0,0,0,0,0,0,0,0,0,1,0,2,0,0,0
3150,B2,19,0,4,6,0,0,0,0,0,0,0,0,0,0,1,1,4,136,8
3150,C1,5,1,13,0,0,0,0,0,0,0,0,0,0,1,0,1,16,343,36
3165,A1,2,5,0,20,0,0,0,0,0,0,0,0,0,1,0,2,7,39,14
3165,B0,0,18,2,1,0,0,0,0,0,0,0,0,0,0,1,2,8,69,16
3165,B1,15,16,16,20,0,0,0,0,0,0,0,0,0,0,1,1,0,0,0
3165,B2,20,0,2,5,0,0,0,0,0,0,0,0,0,0,1,1,4,136,8
3165,C1,7,4,12,0,0,0,0,0,0,0,0,0,0,0,1,2,16,343,36
3180,A1,1,6,0,20,0,0,0,0,0,0,0,0,0,1,0,2,7,39,14
3180,B0,0,17,4,2,0,0,0,0,1,0,0,0,0,0,1,1,9,73,16
3180,B1,15,17,15,19,0,0,0,0,0,0,0,0,0,1,0,2,0,0,0
3180,B2,20,0,1,5,0,0,0,0,0,0,0,0,0,0,1,1,4,136,8
3180,C1,6,1,14,0,0,0,0,0,0,0,0,0,0,1,0,1,16,343,36
3195,A1,1,6,0,20,0,0,0,0,0,0,0,0,0,1,0,2,7,39,14
3195,B0,0,16,3,1,0,0,0,0,0,0,0,0,0,1,0,2,10,80,18
3195,B1,14,18,19,19,0,0,0,0,0,0,0,0,0,0,1,1,0,0,0
3195,B2,19,0,2,4,0,0,0,0,0,0,0,0,0,1,0,1,4,136,8
3195,C1,6,5,14,0,0,0,0,0,0,0,0,0,0,1,0,2,16,343,36
3210,A1,1,4,0,20,0,0,0,0,0,0,0,0,0,1,0,2,7,39,14
3210,B0,0,17,4,2,0,0,0,0,0,0,0,0,0,0,1,1,10,80,18
3210,B1,14,16,18,17,0,0,0,0,0,0,0,0,0,1,0,2,0,0,0
3210,B2,18,0,2,4,0,0,0,0,0,0,0,0,0,0,1,1,4,136,8
3210,C1,6,3,15,0,0,0,0,0,0,0,0,0,0,1,0,2,16,343,36
3225,A1,2,3,0,19,0,0,0,0,0,0,0,0,0,0,1,1,7,39,14
3225,B0,0,19,3,1,0,0,0,0,0,0,0,0,0,1,0,2,10,80,18
3225,B1,13,16,19,19,0,0,0,0,0,0,0,0,0,0,1,1,0,0,0
3225,B2,20,0,2,6,0,0,0,0,0,0,0,0,0,0,1,1,4,136,8
3225,C1,8,4,15,0,0,0,0,0,0,0,0,0,0,1,0,2,16,343,36
3240,A1,5,4,0,18,0,0,0,0,0,0,0,0,0,1,0,2,8,53,15
3240,B0,0,18,2,2,0,0,0,0,0,0,0,0,0,0,1,2,10,80,18
3240,B1,13,16,13,18,0,0,0,0,0,0,0,0,0,0,1,2,0,0,0
3240,B2,20,0,3,9,0,0,0,0,0,0,0,0,0,0,1,1,4,136,8
3240,C1,8,1,14,0,0,0,0,0,0,0,0,0,0,0,1,1,16,343,36
3255,A1,1,3,0,17,0,0,0,0,0,0,0,0,0,0,1,1,8,53,15
3255,B0,0,17,2,3,0,0,0,0,0,0,0,0,0,1,0,1,10,80,18
3255,B1,13,16,17,20,0,0,0,0,0,0,0,0,0,1,0,1,0,0,0
3255,B2,20,0,2,10,0,0,0,0,0,0,0,0,0,0,1,1,4,136,8
3255,C1,9,3,15,0,0,0,0,0,0,0,0,0,0,1,0,2,16,343,36
3270,A1,3,4,0,16,0,0,0,0,0,0,0,0,0,1,0,2,8,53,15
3270,B0,0,16,2,4,0,0,0,0,0,0,0,0,0,1,0,1,10,80,18
3270,B1,13,16,15,20,0,0,0,0,0,0,0,0,0,0,1,1,0,0,0
3270,B2,20,0,1,10,0,0,0,0,0,0,0,0,0,0,1,1,4,136,8
3270,C1,6,3,15,0,0,0,0,0,0,0,0,0,0,0,1,2,16,343,36
3285,A1,3,3,0,18,0,0,0,0,0,0,0,0,0,0,1,2,8,53,15
3285,B0,0,18,3,5,0,0,0,0,0,0,0,0,0,0,1,1,10,80,18
3285,B1,13,19,14,20,0,0,0,0,0,0,0,0,0,1,0,2,0,0,0
3285,B2,20,0,2,5,0,0,0,0,0,0,0,0,0,0,1,1,4,136,8
3285,C1,9,1,15,0,0,0,0,0,0,0,0,0,0,1,0,2,16,343,36
3300,A1,3,3,0,17,0,0,0,0,0,0,0,0,0,0,1,2,8,53,15
3300,B0,0,20,5,1,0,0,0,0,0,0,0,0,0,0,1,1,10,80,18
3300,B1,12,19,20,20,0,0,0,0,0,0,0,0,0,0,1,1,0,0,0
3300,B2,20,0,1,4,0,0,0,0,0,0,0,0,0,0,1,1,4,136,8
3300,C1,8,1,15,0,0,0,0,0,0,0,0,0,0,0,1,1,16,343,36
3315,A1,3,3,0,18,0,0,0,0,0,0,0,0,0,1,0,2,8,53,15
3315,B0,0,20,5,1,0,0,0,0,0,0,0,0,0,0,1,1,10,80,18
3315,B1,13,20,18,17,0,0,0,0,0,0,0,0,0,0,1,2,0,0,0
3315,B2,18,0,3,6,0,0,0,0,0,0,0,0,0,0,1,1,4,136,8
3315,C1,6,1,13,0,0,0,0,0,0,0,0,0,0,1,0,2,16,343,36
3330,A1,3,3,0,18,0,0,0,0,0,0,0,0,0,1,0,2,8,53,15
3330,B0,0,20,5,2,0,0,0,0,0,0,0,0,0,0,1,1,10,80,18
3330,B1,12,18,19,18,0,0,0,0,0,0,0,0,0,0,1,1,0,0,0
3330,B2,19,0,1,4,0,0,0,0,0,0,0,0,0,0,1,1,4,136,8
3330,C1,6,2,13,0,0,0,0,0,0,0,0,0,0,1,0,2,16,343,36
3345,A1,7,4,0,17,0,0,3,0,0,0,0,0,0,1,0,2,9,54,15
3345,B0,0,20,5,2,0,0,0,0,0,0,0,0,0,0,1,1,10,80,18
3345,B1,13,19,16,20,0,0,0,0,0,0,0,0,0,0,1,2,0,0,0
3345,B2,18,0,2,7,0,0,0,0,0,0,0,0,0,0,1,1,4,136,8
3345,C1,5,1,12,0,0,0,0,0,0,0,0,0,0,0,1,2,16,343,36
3360,A1,3,4,0,19,0,0,0,0,0,0,0,0,0,1,0,2,9,54,18
3360,B0,0,20,6,4,0,0,0,0,0,0,0,0,0,0,1,1,10,80,18
3360,B1,12,20,16,20,0,0,0,0,0,0,0,0,0,1,0,1,0,0,0
3360,B2,19,0,4,5,0,0,0,0,0,0,0,0,0,0,1,1,4,136,8
3360,C1,3,2,13,0,0,0,0,0,0,0,0,0,0,0,1,1,16,343,36
3375,A1,2,5,0,20,0,0,0,0,0,0,0,0,0,1,0,2,9,54,18
3375,B0,0,20,4,2,0,0,0,0,0,0,0,0,0,1,0,1,10,80,18
3375,B1,15,20,18,20,0,0,0,0,0,0,0,0,0,1,0,2,0,0,0
3375,B2,19,0,1,4,0,0,0,0,0,0,0,0,0,1,0,1,4,136,8
3375,C1,6,1,11,0,0,0,0,0,0,0,0,0,0,1,0,2,16,343,36
3390,A1,1,4,0,20,0,0,0,0,0,0,0,0,0,1,0,2,9,54,18
3390,B0,0,18,5,2,0,0,0,0,0,0,0,0,0,0,1,1,11,83,20
3390,B1,16,20,19,20,0,0,0,0,0,0,0,0,0,0,1,1,0,0,0
3390,B2,18,0,2,7,0,0,0,0,0,0,0,0,0,0,1,1,4,136,8
3390,C1,3,2,11,0,0,0,0,0,0,0,0,0,0,0,1,1,16,343,36
3405,A1,3,2,0,18,0,0,0,0,0,0,0,0,0,0,1,1,9,54,18
3405,B0,0,20,3,1,0,0,0,0,0,0,0,0,0,1,0,2,11,83,20
3405,B1,17,20,18,20,0,0,0,0,0,0,0,0,0,0,1,2,0,0,0
3405,B2,20,0,1,6,0,0,0,0,0,0,0,0,0,0,1,1,4,136,8
3405,C1,4,4,11,0,0,0,0,0,0,0,0,0,0,1,0,2,16,343,36
3420,A1,1,5,0,14,0,0,0,0,0,0,0,0,0,1,0,2,9,54,18
3420,B0,0,17,4,3,0,0,0,0,0,0,0,0,0,0,1,1,11,83,20
3420,B1,15,20,19,20,0,0,0,0,0,0,0,0,0,0,1,1,0,0,0
3420,B2,20,0,3,4,0,0,0,0,0,0,0,0,0,0,1,1,4,136,8
3420,C1,3,2,9,0,0,0,0,0,0,0,0,0,0,0,1,1,16,343,36
3435,A1,2,4,0,19,0,0,0,0,0,0,0,0,0,0,1,2,9,54,18
3435,B0,0,19,5,3,0,0,0,0,0,0,0,0,0,0,1,1,11,83,20
3435,B1,15,20,19,20,0,0,0,0,0,0,0,0,0,0,1,1,0,0,0
3435,B2,20,0,1,2,0,0,0,0,0,0,0,0,0,0,1,2,4,136,8
3435,C1,4,2,6,0,0,0,0,0,0,0,0,0,0,1,0,2,16,343,36
3450,A1,1,4,0,18,0,0,0,0,0,0,0,0,0,1,0,2,10,60,19
3450,B0,0,20,4,1,0,0,0,0,0,0,0,0,0,0,1,1,11,83,20
3450,B1,18,19,18,19,0,0,0,0,0,0,0,0,0,1,0,2,0,0,0
3450,B2,15,0,2,3,0,0,0,0,0,0,0,0,0,1,0,2,4,136,8
3450,C1,5,2,6,0,0,0,0,0,0,0,0,0,0,1,0,2,16,343,36
3465,A1,1,3,0,20,0,0,0,0,0,0,0,0,0,0,1,1,10,60,19
3465,B0,0,18,6,3,0,0,0,0,0,0,0,0,0,0,1,1,11,83,20
3465,B1,17,19,19,20,0,0,0,0,0,0,0,0,0,1,0,2,0,0,0
3465,B2,15,0,2,5,0,0,0,0,0,0,0,0,0,0,1,1,4,136,8
3465,C1,1,3,7,0,0,0,0,0,0,0,0,0,0,1,0,1,16,343,36
3480,A1,2,5,0,16,0,0,0,0,0,0,0,0,0,1,0,2,10,60,19
3480,B0,0,19,9,1,0,0,0,0,0,0,0,0,0,0,1,1,11,83,20
3480,B1,16,18,19,20,0,0,0,0,0,0,0,0,0,0,1,1,0,0,0
3480,B2,20,0,3,3,0,0,0,0,0,0,0,0,0,0,1,2,4,136,8
3480,C1,2,3,3,0,0,0,0,0,0,0,0,0,0,0,1,2,16,343,36
3495,A1,2,5,0,18,0,0,0,0,0,0,0,0,0,1,0,2,10,60,19
3495,B0,0,20,7,3,0,0,0,0,0,0,0,0,0,0,1,1,11,83,20
3495,B1,17,19,16,19,0,0,0,0,0,0,0,0,0,0,1,2,0,0,0
3495,B2,18,0,4,4,0,0,0,0,0,0,0,0,0,0,1,1,4,136,8
3495,C1,1,2,3,0,0,0,0,0,0,0,0,0,0,1,0,1,16,343,36
3510,A1,3,4,0,20,0,0,0,0,0,0,0,0,0,1,0,2,10,60,19
3510,B0,0,20,9,2,0,0,0,0,0,0,0,0,0,0,1,1,11,83,20
3510,B1,16,20,19,20,0,0,0,0,0,0,0,0,0,1,0,1,0,0,0
3510,B2,17,0,5,4,0,0,0,0,0,0,0,0,0,1,0,1,4,136,8
3510,C1,1,1,5,0,0,0,0,0,0,0,0,0,0,1,0,1,17,351,37
3525,A1,1,2,0,20,0,0,0,0,0,0,0,0,0,1,0,1,10,60,19
3525,B0,0,20,7,1,0,0,0,0,0,0,0,0,0,0,1,1,11,83,20
3525,B1,17,19,18,19,0,0,0,0,0,0,0,0,0,1,0,2,0,0,0
3525,B2,17,0,2,2,0,0,0,0,0,0,0,0,0,1,0,2,6,147,13
3525,C1,1,2,2,0,0,0,0,0,0,0,0,0,0,1,0,2,17,351,37
3540,A1,2,4,0,17,0,0,0,0,0,0,0,0,0,0,1,2,10,60,19
3540,B0,0,20,9,4,0,0,0,0,0,0,0,0,0,0,1,1,11,83,20
3540,B1,14,19,19,20,0,0,0,0,0,0,0,0,0,1,0,2,0,0,0
3540,B2,15,0,4,4,0,0,0,0,0,0,0,0,0,0,1,1,6,147,13
3540,C1,3,4,3,0,0,0,0,0,0,0,0,0,0,1,0,2,17,351,37
3555,A1,2,3,0,18,0,0,0,0,0,0,0,0,0,1,0,1,10,60,19
3555,B0,0,20,6,1,0,0,0,0,0,0,0,0,0,0,1,1,11,83,20
3555,B1,15,20,19,20,0,0,0,0,0,0,0,0,0,0,1,1,0,0,0
3555,B2,19,0,1,5,0,0,0,0,0,0,0,0,0,0,1,1,6,147,13
3555,C1,3,2,2,0,0,0,0,0,0,0,0,0,0,0,1,2,17,351,37
3570,A1,2,6,0,18,0,0,0,0,0,0,0,0,0,1,0,2,10,60,19
3570,B0,0,20,7,3,0,0,0,0,0,0,0,0,0,0,1,1,11,83,20
3570,B1,14,20,17,20,0,0,0,0,0,0,0,0,0,1,0,2,0,0,0
3570,B2,20,0,1,4,0,0,0,0,0,0,0,0,0,0,1,1,6,147,13
3570,C1,1,4,3,0,0,0,0,0,0,0,0,0,0,1,0,2,17,351,37
3585,A1,2,6,0,19,0,0,0,0,0,0,0,0,0,1,0,2,10,60,19
3585,B0,0,20,8,1,0,0,0,0,0,0,0,0,0,0,1,1,11,83,20
3585,B1,14,20,19,20,0,0,0,0,0,0,0,0,0,0,1,1,0,0,0
3585,B2,18,0,2,6,0,0,0,0,0,0,0,0,0,0,1,1,7,149,14
3585,C1,2,1,4,0,0,0,0,0,0,0,0,0,0,0,1,1,17,351,37
3600,A1,3,5,0,19,0,0,0,0,0,0,0,0,0,0,1,2,10,60,19
3600,B0,0,20,7,2,0,0,0,0,0,0,0,0,0,0,1,1,11,83,20
3600,B1,12,20,17,20,0,0,0,0,0,0,0,0,0,1,0,1,0,0,0
3600,B2,19,0,2,5,0,0,0,0,0,0,0,0,0,0,1,1,7,149,14
3600,C1,2,1,4,0,0,0,0,0,0,0,0,0,0,1,0,1,17,351,37
3615,A1,1,4,0,18,0,0,0,0,0,0,0,0,0,1,0,2,11,64,20
3615,B0,0,20,5,3,0,0,0,0,0,0,0,0,0,0,1,1,11,83,20
3615,B1,12,20,15,20,0,0,0,0,0,0,0,0,0,0,1,1,0,0,0
3615,B2,20,0,1,6,0,0,0,0,0,0,0,0,0,0,1,1,7,149,14
3615,C1,1,2,2,0,0,0,0,0,0,0,0,0,0,1,0,2,17,351,37
3630,A1,2,4,0,18,0,0,0,0,0,0,0,0,0,0,1,2,11,64,20
3630,B0,0,20,5,1,0,0,0,0,0,0,0,0,0,0,1,1,11,83,20
3630,B1,13,20,15,20,0,0,0,0,0,0,0,0,0,1,0,2,0,0,0
3630,B2,20,0,2,8,0,0,0,0,0,0,0,0,0,0,1,1,7,149,14
3630,C1,1,2,3,0,0,0,0,0,0,0,0,0,0,0,1,1,17,351,37
3645,A1,1,4,0,18,0,0,0,0,0,0,0,0,0,1,0,2,11,64,20
3645,B0,0,19,4,3,0,0,0,0,0,0,0,0,0,1,0,1,11,83,20
3645,B1,13,20,17,20,0,0,0,0,0,0,0,0,0,1,0,2,0,0,0
3645,B2,20,0,1,8,0,0,0,0,0,0,0,0,0,0,1,1,7,149,14
3645,C1,1,1,2,0,0,0,0,0,0,0,0,0,0,0,1,1,17,351,37
3660,A1,1,3,0,17,0,0,0,0,0,0,0,0,0,0,1,1,11,64,20
3660,B0,0,18,4,2,0,0,0,0,0,0,0,0,0,0,1,1,11,83,20
3660,B1,13,20,16,20,0,0,0,0,0,0,0,0,0,0,1,1,0,0,0
3660,B2,20,0,4,5,0,0,0,0,0,0,0,0,0,0,1,1,7,149,14
3660,C1,2,3,1,0,0,0,0,0,0,0,0,0,0,1,0,2,17,351,37
3675,A1,2,3,0,11,0,0,0,0,0,0,0,0,0,0,1,1,11,64,20
3675,B0,0,20,1,2,0,0,0,0,0,0,0,0,0,0,1,2,11,83,20
3675,B1,12,20,16,20,0,0,0,0,0,0,0,0,0,0,1,1,0,0,0
3675,B2,20,0,1,5,0,0,0,0,0,0,0,0,0,0,1,1,7,149,14
3675,C1,2,1,2,0,0,0,0,0,0,0,0,0,0,0,1,2,17,351,37
3690,A1,1,4,0,15,0,0,0,0,0,0,0,0,0,1,0,2,11,64,20
3690,B0,0,18,1,2,0,0,0,0,0,0,0,0,0,0,1,2,11,83,20
3690,B1,13,20,13,20,0,0,0,0,0,0,0,0,0,1,0,2,0,0,0
3690,B2,18,0,2,8,0,0,0,0,0,0,0,0,0,0,1,1,7,149,14
3690,C1,4,2,2,0,0,0,0,0,0,0,0,0,0,1,0,2,17,351,37
3705,A1,2,4,0,17,0,0,0,0,0,0,0,0,0,0,1,2,11,64,20
3705,B0,0,16,1,3,0,0,0,0,0,0,0,0,0,1,0,2,11,83,20
3705,B1,11,20,13,20,0,0,0,0,0,0,0,0,0,1,0,2,0,0,0
3705,B2,19,0,1,3,0,0,0,0,0,0,0,0,0,0,1,2,7,149,14
3705,C1,2,2,3,0,0,0,0,0,0,0,0,0,0,1,0,2,17,351,37
3720,A1,1,2,0,18,0,0,0,0,0,0,0,0,0,1,0,1,11,64,20
3720,B0,0,17,3,4,0,0,0,0,0,0,0,0,0,0,1,1,11,83,20
3720,B1,9,18,15,20,0,0,0,0,0,0,0,0,0,1,0,1,0,0,0
3720,B2,18,0,2,4,0,0,0,0,0,0,0,0,0,0,1,1,7,149,14
3720,C1,2,2,1,0,0,0,0,0,0,0,0,0,0,0,1,2,17,351,37
3735,A1,1,2,0,14,0,0,0,0,0,0,0,0,0,0,1,1,11,64,20
3735,B0,0,18,6,2,0,0,0,0,0,0,0,0,0,0,1,1,11,83,20
3735,B1,9,19,14,20,0,0,0,0,0,0,0,0,0,1,0,2,0,0,0
3735,B2,17,0,5,3,0,0,0,0,0,0,0,0,0,1,0,1,7,149,14
3735,C1,2,1,3,0,0,0,0,0,0,0,0,0,0,0,1,1,18,352,38
3750,A1,3,6,0,13,0,0,0,0,0,0,0,0,0,1,0,2,11,64,20
3750,B0,0,19,7,4,0,0,0,0,0,0,0,0,0,0,1,1,11,83,20
3750,B1,8,18,13,20,0,0,0,0,0,0,0,0,0,0,1,1,0,0,0
3750,B2,16,0,4,3,0,0,0,0,0,0,0,0,0,1,0,1,7,149,14
3750,C1,4,2,6,0,0,0,0,0,0,0,0,0,0,1,0,2,18,352,38
3765,A1,3,4,0,19,0,0,0,0,0,0,0,0,0,1,0,2,11,64,20
3765,B0,0,20,2,3,0,0,0,0,0,0,0,0,0,0,1,1,11,83,20
3765,B1,8,20,9,19,0,0,0,0,0,0,0,0,0,1,0,2,0,0,0
3765,B2,18,0,4,1,0,0,0,0,0,0,0,0,0,0,1,2,7,149,14
3765,C1,2,2,5,0,0,0,0,0,0,0,0,0,0,1,0,1,18,352,38
3780,A1,1,5,0,18,0,0,0,0,0,0,0,0,0,0,1,2,11,64,20
3780,B0,0,17,4,1,0,0,0,0,0,0,0,0,0,0,1,1,11,83,20
3780,B1,8,17,10,20,0,0,0,0,0,0,0,0,0,0,1,1,0,0,0
3780,B2,15,0,5,2,0,0,0,0,0,0,0,0,0,1,0,2,7,149,14
3780,C1,5,2,8,0,0,0,0,0,0,0,0,0,0,1,0,2,18,352,38
3795,A1,1,5,0,18,0,0,0,0,0,0,0,0,0,1,0,2,11,64,20
3795,B0,0,18,7,2,0,0,0,0,0,0,0,0,0,0,1,1,11,83,20
3795,B1,9,18,10,19,0,0,0,0,0,0,0,0,0,1,0,2,0,0,0
3795,B2,16,0,4,2,0,0,0,0,0,0,0,0,0,0,1,2,7,149,14
3795,C1,3,1,9,0,0,0,0,0,0,0,0,0,0,0,1,1,18,352,38
3810,A1,2,5,0,20,0,0,0,0,0,0,0,0,0,1,0,2,11,64,20
3810,B0,0,20,3,3,0,0,0,0,0,0,0,0,0,0,1,1,11,83,20
3810,B1,6,19,11,20,0,0,0,0,0,0,0,0,0,1,0,1,0,0,0
3810,B2,18,0,6,3,0,0,0,0,0,0,0,0,0,0,1,1,7,149,14
3810,C1,5,3,8,0,0,0,0,0,0,0,0,0,0,1,0,2,18,352,38
3825,A1,1,5,0,20,0,0,0,0,0,0,0,0,0,1,0,2,11,64,20
3825,B0,0,18,4,1,0,0,0,0,0,0,0,0,0,1,0,1,11,83,20
3825,B1,5,20,14,20,0,0,0,0,0,0,0,0,0,0,1,1,0,0,0
3825,B2,17,0,6,3,0,0,0,0,0,0,0,0,0,1,0,1,7,149,14
3825,C1,4,3,8,0,0,0,0,0,0,0,0,0,0,0,1,2,18,352,38
3840,A1,1,4,0,20,0,0,0,0,0,0,0,0,0,1,0,2,11,64,20
3840,B0,0,16,5,2,0,0,0,0,0,0,0,0,0,1,0,1,11,83,20
3840,B1,8,20,14,19,0,0,0,0,0,0,0,0,0,0,1,1,0,0,0
3840,B2,19,0,2,7,0,0,0,0,0,0,0,0,0,0,1,1,7,149,14
3840,C1,6,3,8,0,0,0,0,0,0,0,0,0,0,1,0,2,18,352,38
3855,A1,2,3,0,18,0,0,0,0,0,0,0,0,0,0,1,1,11,64,20
3855,B0,0,18,6,2,0,0,0,0,0,0,0,0,0,0,1,1,11,83,20
3855,B1,8,20,18,19,0,0,0,0,0,0,0,0,0,0,1,1,0,0,0
3855,B2,20,0,2,10,0,0,0,0,0,0,0,0,0,0,1,1,7,149,14
3855,C1,8,4,8,0,0,0,0,0,0,0,0,0,0,1,0,2,18,352,38
3870,A1,1,3,0,17,0,0,0,0,0,0,0,0,0,1,0,1,11,64,20
3870,B0,0,20,5,2,0,0,0,0,0,0,0,0,0,0,1,1,11,83,20
3870,B1,9,20,17,20,0,0,0,0,0,0,0,0,0,0,1,1,0,0,0
3870,B2,20,0,2,7,0,0,0,0,0,0,0,0,0,0,1,1,7,149,14
3870,C1,8,2,8,0,0,0,0,0,0,0,0,0,0,1,0,2,18,352,38
3885,A1,2,3,0,16,0,0,0,0,0,0,0,0,0,0,1,1,11,64,20
3885,B0,0,20,5,1,0,0,0,0,0,0,0,0,0,0,1,1,11,83,20
3885,B1,9,20,17,20,0,0,0,0,0,0,0,0,0,0,1,1,0,0,0
3885,B2,20,0,2,6,0,0,0,0,0,0,0,0,0,0,1,1,7,149,14
3885,C1,8,1,8,0,0,0,0,0,0,0,0,0,0,1,0,2,18,352,38
3900,A1,1,4,0,15,0,0,0,0,0,0,0,0,0,1,0,2,11,64,20
3900,B0,0,20,6,1,0,0,0,0,0,0,0,0,0,0,1,1,11,83,20
3900,B1,10,20,18,16,0,0,0,0,0,0,0,0,0,0,1,1,0,0,0
3900,B2,20,0,1,6,0,0,0,0,0,0,0,0,0,0,1,1,7,149,14
3900,C1,8,4,8,0,0,0,0,0,0,0,0,0,0,1,0,2,18,352,38
3915,A1,1,1,0,19,0,0,0,0,0,0,0,0,0,0,1,1,11,64,20
3915,B0,0,20,7,2,0,0,0,0,0,0,0,0,0,0,1,1,11,83,20
3915,B1,10,20,14,19,0,0,0,0,0,0,0,0,0,0,1,1,0,0,0
3915,B2,18,0,4,3,0,0,0,0,0,0,0,0,0,1,0,1,7,149,14
3915,C1,8,1,8,0,0,0,0,0,0,0,0,0,0,1,0,2,18,352,38
3930,A1,3,4,0,16,0,0,0,0,0,0,0,0,0,1,0,2,11,64,20
3930,B0,0,20,7,2,0,0,0,0,0,0,0,0,0,0,1,1,11,83,20
3930,B1,9,20,13,20,0,0,0,0,0,0,0,0,0,1,0,2,0,0,0
3930,B2,18,0,2,5,0,0,0,0,0,0,0,0,0,0,1,1,7,149,14
3930,C1,6,2,9,0,0,0,0,0,0,0,0,0,0,1,0,2,18,352,38
3945,A1,4,6,0,17,0,0,0,0,0,0,0,0,0,0,1,2,11,64,20
3945,B0,0,20,6,2,0,0,0,0,0,0,0,0,0,0,1,1,11,83,20
3945,B1,6,20,11,20,0,0,0,0,0,0,0,0,0,0,1,1,0,0,0
3945,B2,20,0,3,4,0,0,0,0,0,0,0,0,0,0,1,1,7,149,14
3945,C1,4,1,12,0,0,0,0,0,0,0,0,0,0,1,0,1,18,352,38
3960,A1,4,4,0,18,0,0,0,0,0,0,0,0,0,1,0,2,11,64,20
3960,B0,0,20,6,1,0,0,0,0,0,0,0,0,0,0,1,1,11,83,20
3960,B1,8,20,13,20,0,0,0,0,0,0,0,0,0,0,1,1,0,0,0
3960,B2,17,0,2,3,0,0,0,0,0,0,0,0,0,1,0,2,7,149,14
3960,C1,4,1,7,0,0,0,0,0,0,0,0,0,0,0,1,1,18,352,38
3975,A1,2,4,0,17,0,0,0,0,0,0,0,0,0,0,1,2,11,64,20
3975,B0,0,20,6,1,0,0,0,0,0,0,0,0,0,0,1,1,11,83,20
3975,B1,9,20,12,20,0,0,0,0,0,0,0,0,0,0,1,2,0,0,0
3975,B2,14,0,3,5,0,0,0,0,0,0,0,0,0,0,1,1,7,149,14
3975,C1,5,3,8,0,0,0,0,0,0,0,0,0,0,1,0,2,18,352,38
3990,A1,1,2,0,17,0,0,0,0,0,0,0,0,0,0,1,1,11,64,20
3990,B0,0,19,3,1,0,0,0,0,0,0,0,0,0,1,0,2,11,83,20
3990,B1,7,20,15,20,0,0,0,0,0,0,0,0,0,0,1,1,0,0,0
3990,B2,19,0,1,4,0,0,0,0,0,0,0,0,0,0,1,1,7,149,14
3990,C1,4,1,8,0,0,0,0,0,0,0,0,0,0,0,1,1,18,352,38
4005,A1,1,4,0,17,0,0,0,0,0,0,0,0,0,1,0,2,11,64,20
4005,B0,0,16,4,1,0,0,0,0,0,0,0,0,0,0,1,1,11,83,20
4005,B1,9,20,13,20,0,0,0,0,0,0,0,0,0,1,0,2,0,0,0
4005,B2,18,0,4,6,0,0,0,0,0,0,0,0,0,0,1,1,7,149,14
4005,C1,5,2,6,0,0,0,0,0,0,0,0,0,0,1,0,2,18,352,38
4020,A1,2,5,0,17,0,0,0,0,0,0,0,0,0,0,1,2,11,64,20
4020,B0,0,19,5,2,0,0,0,0,0,0,0,0,0,0,1,1,11,83,20
4020,B1,7,20,14,20,0,0,0,0,0,0,0,0,0,0,1,1,0,0,0
4020,B2,19,0,2,5,0,0,0,0,0,0,0,0,0,0,1,1,7,149,14
4020,C1,7,3,7,0,0,0,0,0,0,0,0,0,0,1,0,2,18,352,38
4035,A1,1,5,0,18,0,0,0,0,0,0,0,0,0,1,0,2,11,64,20
4035,B0,0,20,5,1,0,0,0,0,0,0,0,0,0,0,1,1,11,83,20
4035,B1,7,20,17,20,0,0,0,0,0,0,0,0,0,0,1,1,0,0,0
4035,B2,20,0,3,6,0,0,0,0,0,0,0,0,0,0,1,1,7,149,14
4035,C1,4,1,8,0,0,0,0,0,0,0,0,0,0,1,0,1,18,352,38
4050,A1,2,4,0,18,0,0,0,0,0,0,0,0,0,0,1,2,11,64,20
4050,B0,0,20,2,1,0,0,0,0,0,0,0,0,0,1,0,2,11,83,20
4050,B1,7,20,12,20,0,0,0,0,0,0,0,0,0,0,1,1,0,0,0
4050,B2,20,0,2,7,0,0,0,0,0,0,0,0,0,0,1,1,7,149,14
4050,C1,4,1,6,0,0,0,0,0,0,0,0,0,0,1,0,2,18,352,38
4065,A1,1,4,0,18,0,0,0,0,0,0,0,0,0,1,0,2,11,64,20
4065,B0,0,15,4,3,0,0,0,0,0,0,0,0,0,1,0,1,11,83,20
4065,B1,10,19,10,19,0,0,0,0,0,0,0,0,0,1,0,2,0,0,0
4065,B2,20,0,1,7,0,0,0,0,0,0,0,0,0,0,1,1,7,149,14
4065,C1,4,4,7,0,0,0,0,0,0,0,0,0,0,1,0,2,18,352,38
4080,A1,3,5,0,20,0,0,0,0,0,0,0,0,0,1,0,2,11,64,20
4080,B0,0,18,6,1,0,0,0,0,0,0,0,0,0,0,1,1,11,83,20
4080,B1,6,19,11,20,0,0,0,0,0,0,0,0,0,1,0,1,0,0,0
4080,B2,20,0,1,7,0,0,0,0,0,0,0,0,0,0,1,1,7,149,14
4080,C1,3,3,5,0,0,0,0,0,0,0,0,0,0,0,1,2,18,352,38
4095,A1,1,2,0,20,0,0,0,0,0,0,0,0,0,1,0,1,11,64,20
4095,B0,0,20,7,1,0,0,0,0,0,0,0,0,0,0,1,1,11,83,20
4095,B1,7,20,9,20,0,0,0,0,0,0,0,0,0,1,0,2,0,0,0
4095,B2,20,0,1,7,0,0,0,0,0,0,0,0,0,0,1,1,7,149,14
4095,C1,2,3,7,0,0,0,0,0,0,0,0,0,0,0,1,2,18,352,38
4110,A1,1,2,0,15,0,0,0,0,0,0,0,0,0,0,1,1,11,64,20
4110,B0,0,20,7,3,0,0,0,0,0,0,0,0,0,0,1,1,11,83,20
4110,B1,5,20,12,20,0,0,0,0,0,0,0,0,0,0,1,1,0,0,0
4110,B2,20,0,2,10,0,0,0,0,0,0,0,0,0,0,1,1,7,149,14
4110,C1,2,2,7,0,0,0,0,0,0,0,0,0,0,0,1,1,18,352,38
4125,A1,2,5,0,13,0,0,0,0,0,0,0,0,0,1,0,2,11,64,20
4125,B0,0,20,5,1,0,0,0,0,0,0,0,0,0,0,1,1,11,83,20
4125,B1,5,20,13,18,0,0,0,0,0,0,0,0,0,0,1,1,0,0,0
4125,B2,20,0,1,11,0,0,0,0,0,0,0,0,0,0,1,1,7,149,14
4125,C1,1,2,6,0,0,0,0,0,0,0,0,0,0,1,0,1,18,352,38
4140,A1,1,4,0,19,0,0,0,0,0,0,0,0,0,1,0,2,11,64,20
4140,B0,0,20,4,2,0,0,0,0,0,0,0,0,0,0,1,1,11,83,20
4140,B1,8,20,13,19,0,0,0,0,0,0,0,0,0,0,1,1,0,0,0
4140,B2,20,0,2,13,0,0,0,0,0,0,0,0,0,0,1,1,7,149,14
4140,C1,2,2,3,0,0,0,0,0,0,0,0,0,0,0,1,2,18,352,38
4155,A1,1,5,0,19,0,0,0,0,0,0,0,0,0,0,1,2,11,64,20
4155,B0,0,17,3,1,0,0,0,0,0,0,0,0,0,1,0,2,11,83,20
4155,B1,8,20,12,20,0,0,0,0,0,0,0,0,0,0,1,1,0,0,0
4155,B2,20,0,1,14,0,0,0,0,0,0,0,0,0,0,1,1,7,149,14
4155,C1,2,4,6,0,0,0,0,0,0,0,0,0,0,0,1,2,18,352,38
4170,A1,1,4,0,18,0,0,0,0,0,0,0,0,0,1,0,2,11,64,20
4170,B0,0,16,5,2,0,0,0,0,0,0,0,0,0,0,1,1,11,83,20
4170,B1,9,20,12,20,0,0,0,0,0,0,0,0,0,1,0,2,0,0,0
4170,B2,20,0,1,17,0,0,0,0,0,0,0,0,0,0,1,1,7,149,14
4170,C1,2,2,5,0,0,0,0,0,0,0,0,0,0,1,0,1,18,352,38
4185,A1,1,5,0,17,0,0,0,0,0,0,0,0,0,0,1,2,11,64,20
4185,B0,0,20,6,1,0,0,0,0,0,0,0,0,0,0,1,1,11,83,20
4185,B1,8,20,11,20,0,0,0,0,0,0,0,0,0,1,0,2,0,0,0
4185,B2,20,0,2,17,0,0,0,0,0,0,0,0,0,0,1,1,7,149,14
4185,C1,4,1,2,0,0,0,0,0,0,0,0,0,0,1,0,2,18,352,38
4200,A1,3,5,0,18,0,0,0,0,0,0,0,0,0,1,0,2,11,64,20
4200,B0,0,20,3,1,0,0,0,0,0,0,0,0,0,0,1,2,11,83,20
4200,B1,8,20,12,20,0,0,0,0,0,0,0,0,0,0,1,1,0,0,0
4200,B2,20,0,4,18,0,0,0,0,0,0,0,0,0,0,1,1,7,149,14
4200,C1,2,3,1,0,0,0,0,0,0,0,0,0,0,0,1,2,18,352,38
4215,A1,1,6,0,20,0,0,0,0,0,0,0,0,0,1,0,2,11,64,20
4215,B0,0,18,4,2,0,0,0,0,0,0,0,0,0,0,1,1,11,83,20
4215,B1,12,18,12,20,0,0,0,0,0,0,0,0,0,0,1,1,0,0,0
4215,B2,20,0,2,18,0,0,0,0,0,0,0,0,0,0,1,1,7,149,14
4215,C1,2,1,1,0,0,0,0,0,0,0,0,0,0,1,0,2,18,352,38
4230,A1,2,8,0,20,0,0,0,0,0,0,0,0,0,1,0,2,11,64,20
4230,B0,0,19,4,1,0,0,0,0,0,0,0,0,0,0,1,1,11,83,20
4230,B1,12,19,12,19,0,0,0,0,0,0,0,0,0,0,1,2,0,0,0
4230,B2,20,0,1,18,0,0,0,0,0,0,0,0,0,0,1,1,7,149,14
4230,C1,2,2,1,0,0,0,0,0,0,0,0,0,0,1,0,2,18,352,38
4245,A1,1,6,0,20,0,0,0,0,0,0,0,0,0,1,0,2,11,64,20
4245,B0,0,18,4,1,0,0,0,0,0,0,0,0,0,1,0,1,11,83,20
4245,B1,14,20,12,20,0,0,0,0,0,0,0,0,0,1,0,2,0,0,0
4245,B2,20,0,2,20,0,0,0,0,0,0,0,0,0,0,1,1,7,149,14
4245,C1,2,1,1,0,0,0,0,0,0,0,0,0,0,1,0,2,18,352,38
4260,A1,3,4,0,20,0,0,0,0,0,0,0,0,0,1,0,2,11,64,20
4260,B0,0,17,3,1,0,0,0,0,0,0,0,0,0,1,0,2,11,83,20
4260,B1,15,20,12,20,0,0,0,0,0,0,0,0,0,1,0,2,0,0,0
4260,B2,20,0,1,20,0,0,0,0,0,0,0,0,0,0,1,1,7,149,14
4260,C1,1,1,2,0,0,0,0,0,0,0,0,0,0,1,0,1,18,352,38
4275,A1,1,2,0,20,0,0,0,0,0,0,0,0,0,1,0,1,11,64,20
4275,B0,0,13,3,1,0,0,0,0,0,0,0,0,0,1,0,2,11,83,20
4275,B1,16,19,13,20,0,0,0,0,0,0,0,0,0,1,0,2,0,0,0
4275,B2,20,0,3,20,0,0,0,0,0,0,0,0,0,0,1,1,7,149,14
4275,C1,4,1,1,0,0,0,0,0,0,0,0,0,0,1,0,2,18,352,38
4290,A1,3,3,0,15,0,0,0,0,0,0,0,0,0,0,1,2,11,64,20
4290,B0,0,14,3,1,0,0,0,0,0,0,0,0,0,0,1,2,11,83,20
4290,B1,16,19,13,20,0,0,0,0,0,0,0,0,0,1,0,2,0,0,0
4290,B2,20,0,2,20,0,0,0,0,0,0,0,0,0,0,1,1,7,149,14
4290,C1,1,1,1,0,0,0,0,0,0,0,0,0,0,1,0,2,18,352,38
4305,A1,3,5,0,17,0,0,0,0,0,0,0,0,0,1,0,2,11,64,20
4305,B0,0,17,4,2,0,0,0,0,0,0,0,0,0,0,1,1,11,83,20
4305,B1,16,17,14,20,0,0,0,0,0,0,0,0,0,1,0,2,0,0,0
4305,B2,19,0,1,20,0,0,0,0,0,0,0,0,0,0,1,1,7,149,14
4305,C1,1,1,1,0,0,0,0,0,0,0,0,0,0,1,0,2,18,352,38
4320,A1,1,3,0,20,0,0,0,0,0,0,0,0,0,1,0,1,11,64,20
4320,B0,0,17,3,1,0,0,0,0,0,0,0,0,0,1,0,2,11,83,20
4320,B1,17,14,15,20,0,0,0,0,0,0,0,0,0,1,0,1,0,0,0
4320,B2,19,0,1,20,0,0,0,0,0,0,0,0,0,0,1,1,7,149,14
4320,C1,1,1,1,0,0,0,0,0,0,0,0,0,0,1,0,2,18,352,38
4335,A1,4,3,0,16,0,0,0,0,0,0,0,0,0,1,0,2,11,64,20
4335,B0,0,17,1,2,0,0,0,0,0,0,0,0,0,1,0,2,11,83,20
4335,B1,17,18,18,20,0,0,0,0,0,0,0,0,0,0,1,1,0,0,0
4335,B2,20,0,3,20,0,0,0,0,0,0,0,0,0,0,1,1,7,149,14
4335,C1,2,1,1,0,0,0,0,0,0,0,0,0,0,1,0,2,18,352,38
4350,A1,2,2,0,18,0,0,0,0,0,0,0,0,0,0,1,1,11,64,20
4350,B0,0,13,2,2,0,0,0,0,0,0,0,0,0,1,0,2,11,83,20
4350,B1,19,18,18,19,0,0,0,0,0,0,0,0,0,1,0,2,0,0,0
4350,B2,20,0,2,20,0,0,0,0,0,0,0,0,0,0,1,1,7,149,14
4350,C1,3,1,1,0,0,0,0,0,0,0,0,0,0,1,0,2,18,352,38
4365,A1,3,3,0,15,0,0,0,0,0,0,0,0,0,1,0,2,11,64,20
4365,B0,0,15,5,3,0,0,0,0,0,0,0,0,0,0,1,1,11,83,20
4365,B1,19,15,17,20,0,0,0,0,0,0,0,0,0,1,0,2,0,0,0
4365,B2,20,0,1,20,0,0,0,0,0,0,0,0,0,0,1,1,7,149,14
4365,C1,2,1,2,0,0,0,0,0,0,0,0,0,0,1,0,2,18,352,38
4380,A1,3,2,0,13,0,0,0,0,0,0,0,0,0,0,1,1,11,64,20
4380,B0,0,20,4,1,0,0,0,0,0,0,0,0,0,0,1,1,11,83,20
4380,B1,19,19,18,20,0,0,0,0,0,0,0,0,0,1,0,2,0,0,0
4380,B2,20,0,13,19,0,0,0,0,0,0,0,0,0,0,1,1,7,149,14
4380,C1,4,1,1,0,0,0,0,0,0,0,0,0,0,0,1,2,18,352,38
4395,A1,2,1,0,13,0,0,0,0,0,0,0,0,0,1,0,1,11,64,20
4395,B0,0,18,3,1,0,0,0,0,0,0,0,0,0,1,0,2,11,83,20
4395,B1,20,15,18,20,0,0,0,0,0,0,0,0,0,1,0,2,0,0,0
4395,B2,20,0,1,17,0,0,0,0,0,0,0,0,0,0,1,1,7,149,14
4395,C1,4,1,1,0,0,0,0,0,0,0,0,0,0,1,0,2,19,368,39
4410,A1,5,1,0,9,0,0,0,0,0,0,0,0,0,0,1,2,11,64,20
4410,B0,0,15,5,1,0,0,0,0,0,0,0,0,0,0,1,1,11,83,20
4410,B1,20,11,19,20,0,0,0,0,0,0,0,0,0,1,0,1,0,0,0
4410,B2,20,0,4,18,0,0,0,0,0,0,0,0,0,0,1,1,7,149,14
4410,C1,3,2,2,0,0,0,0,0,0,0,0,0,0,1,0,2,19,368,39
4425,A1,2,2,0,9,0,0,0,0,0,0,0,0,0,1,0,1,11,64,20
4425,B0,0,19,3,2,0,0,0,0,0,0,0,0,0,0,1,1,11,83,20
4425,B1,20,16,18,19,0,0,0,0,0,0,0,0,0,1,0,2,0,0,0
4425,B2,20,0,4,20,0,0,0,0,0,0,0,0,0,0,1,1,7,149,14
4425,C1,4,1,3,0,0,0,0,0,0,0,0,0,0,0,1,2,19,368,39
4440,A1,2,2,0,6,0,0,0,0,0,0,0,0,0,0,1,1,11,64,20
4440,B0,0,17,3,2,0,0,0,0,0,0,0,0,0,0,1,1,11,83,20
4440,B1,20,15,18,20,0,0,0,0,0,0,0,0,0,1,0,2,0,0,0
4440,B2,20,0,2,21,0,0,0,0,0,0,0,0,0,0,1,1,7,149,14
4440,C1,2,2,5,0,0,0,0,0,0,0,0,0,0,0,1,1,19,368,39
4455,A1,2,1,0,5,0,0,0,0,0,0,0,0,0,1,0,1,11,64,20
4455,B0,0,19,2,1,0,0,0,0,0,0,0,0,0,0,1,2,11,83,20
4455,B1,20,16,20,20,0,0,0,0,0,0,0,0,0,1,0,2,0,0,0
4455,B2,20,0,1,20,0,0,0,0,0,0,0,0,0,0,1,1,7,149,14
4455,C1,2,1,4,0,0,0,1,0,0,0,0,0,0,1,0,2,20,388,39
4470,A1,1,2,0,3,0,0,0,0,0,0,0,0,0,1,0,1,11,64,20
4470,B0,0,15,3,1,0,0,0,0,0,0,0,0,0,1,0,2,11,83,20
4470,B1,20,13,20,20,0,0,0,0,0,0,0,0,0,1,0,2,0,0,0
4470,B2,20,0,3,18,0,0,0,0,0,0,0,0,0,0,1,1,7,149,14
4470,C1,3,3,4,0,0,0,0,0,0,0,0,0,0,0,1,2,20,400,41
4485,A1,3,3,0,1,0,0,0,0,0,0,0,0,0,1,0,2,11,64,20
4485,B0,0,15,3,1,0,0,0,0,0,0,0,0,0,0,1,2,11,83,20
4485,B1,19,14,20,20,0,0,0,0,0,0,0,0,0,0,1,1,0,0,0
4485,B2,20,0,4,19,0,0,0,0,0,0,0,0,0,0,1,1,7,149,14
4485,C1,3,3,6,0,0,0,0,0,0,0,0,0,0,0,1,2,20,400,41
4500,A1,1,1,0,2,0,0,0,0,0,0,0,0,0,1,0,1,11,64,20
4500,B0,0,18,5,1,0,0,0,0,0,0,0,0,0,0,1,1,11,83,20
4500,B1,20,17,20,20,0,0,0,0,0,0,0,0,0,1,0,2,0,0,0
4500,B2,20,0,3,21,0,0,0,0,0,0,0,0,0,0,1,1,7,149,14
4500,C1,3,4,6,0,0,0,0,0,0,0,0,0,0,1,0,2,20,400,41
4515,A1,2,2,0,1,0,0,0,0,0,0,0,0,0,1,0,2,11,64,20
4515,B0,0,19,3,1,0,0,0,0,0,0,0,0,0,1,0,2,11,83,20
4515,B1,20,16,20,20,0,0,0,0,0,0,0,0,0,1,0,2,0,0,0
4515,B2,20,0,3,20,0,0,0,0,0,0,0,0,0,0,1,1,7,149,14
4515,C1,5,2,6,0,0,0,0,0,0,0,0,0,0,0,1,2,20,400,41
4530,A1,2,1,0,1,0,0,0,0,0,0,0,0,0,1,0,2,11,64,20
4530,B0,0,18,3,3,0,0,0,0,0,0,0,0,0,0,1,1,12,87,21
4530,B1,20,16,20,20,0,0,0,0,0,0,0,0,0,1,0,2,0,0,0
4530,B2,20,0,2,18,0,0,0,0,0,0,0,0,0,0,1,1,7,149,14
4530,C1,5,1,7,0,0,0,0,0,0,0,0,0,0,0,1,2,20,400,41
4545,A1,1,1,0,1,0,0,0,0,0,0,0,0,0,1,0,2,11,64,20
4545,B0,0,20,5,1,0,0,0,0,0,0,0,0,0,0,1,1,12,87,21
4545,B1,20,11,20,20,0,0,0,0,0,0,0,0,0,1,0,1,0,0,0
4545,B2,20,0,4,18,0,0,0,0,0,0,0,0,0,0,1,1,7,149,14
4545,C1,7,2,6,0,0,0,0,0,0,0,0,0,0,1,0,2,20,400,41
4560,A1,1,3,0,2,0,0,0,0,0,0,0,0,0,1,0,2,11,64,20
4560,B0,0,20,3,1,0,0,0,0,0,0,0,0,0,0,1,2,12,87,21
4560,B1,20,17,20,19,0,0,0,0,0,0,0,0,0,1,0,2,0,0,0
4560,B2,20,0,2,17,0,0,0,0,0,0,0,0,0,0,1,1,7,149,14
4560,C1,7,2,6,0,0,0,0,0,0,0,0,0,0,1,0,2,20,400,41
4575,A1,3,3,0,3,0,0,0,0,0,0,0,0,0,0,1,2,11,64,20
4575,B0,0,18,5,1,0,0,0,0,0,0,0,0,0,0,1,1,12,87,21
4575,B1,20,14,20,20,0,0,0,0,0,0,0,0,0,1,0,2,0,0,0
4575,B2,20,0,1,19,0,0,0,0,0,0,0,0,0,0,1,1,7,149,14
4575,C1,5,3,6,0,0,0,0,0,0,0,0,0,0,1,0,2,20,400,41
4590,A1,1,4,0,4,0,0,0,0,0,0,0,0,0,1,0,2,11,64,20
4590,B0,0,20,2,3,0,0,0,0,0,0,0,0,0,0,1,1,12,87,21
4590,B1,20,13,20,20,0,0,0,0,0,0,0,0,0,1,0,2,0,0,0
4590,B2,20,0,2,20,0,0,0,0,0,0,0,0,0,0,1,1,7,149,14
4590,C1,3,2,6,0,0,0,0,0,0,0,0,0,0,1,0,2,20,400,41
4605,A1,2,4,0,5,0,0,0,0,0,0,0,0,0,1,0,2,11,64,20
4605,B0,0,16,3,2,0,0,0,0,0,0,0,0,0,1,0,1,12,87,21
4605,B1,20,18,20,20,0,0,0,0,0,0,0,0,0,1,0,2,0,0,0
4605,B2,20,0,1,17,0,0,0,0,0,0,0,0,0,0,1,1,7,149,14
4605,C1,3,3,3,0,0,0,0,0,0,0,0,0,0,1,0,2,20,400,41
4620,A1,1,4,0,8,0,0,0,0,0,0,0,0,0,1,0,2,11,64,20
4620,B0,0,17,2,1,0,0,0,0,0,0,0,0,0,1,0,2,12,87,21
4620,B1,20,20,20,20,0,0,0,0,0,0,0,0,0,1,0,2,0,0,0
4620,B2,19,0,1,15,0,0,0,0,0,0,0,0,0,0,1,1,7,149,14
4620,C1,2,2,2,0,0,0,0,0,0,0,0,0,0,0,1,2,20,400,41
4635,A1,1,2,0,5,0,0,0,0,0,0,0,0,0,0,1,1,11,64,20
4635,B0,0,16,2,1,0,0,0,0,0,0,0,0,0,0,1,2,12,87,21
4635,B1,20,19,20,20,0,0,0,0,0,0,0,0,0,1,0,2,0,0,0
4635,B2,19,0,4,15,0,0,0,0,0,0,0,0,0,0,1,1,7,149,14
4635,C1,4,1,1,0,0,0,0,0,0,0,0,0,0,1,0,2,20,400,41
4650,A1,3,2,0,4,0,0,0,0,0,0,0,0,0,0,1,2,11,64,20
4650,B0,0,15,2,2,0,0,0,0,0,0,0,0,0,1,0,2,12,87,21
4650,B1,20,18,20,20,0,0,0,0,0,0,0,0,0,1,0,2,0,0,0
4650,B2,19,0,2,19,0,0,0,0,0,0,0,0,0,0,1,1,7,149,14
4650,C1,1,5,1,0,0,0,0,0,0,0,0,0,0,1,0,2,20,400,41
4665,A1,2,1,0,5,0,0,0,0,0,0,0,0,0,0,1,1,11,64,20
4665,B0,0,16,5,1,0,0,0,0,0,0,0,0,0,0,1,1,12,87,21
4665,B1,20,14,20,20,0,0,0,0,0,0,0,0,0,1,0,2,0,0,0
4665,B2,19,0,3,18,0,0,0,0,0,0,0,0,0,0,1,1,7,149,14
4665,C1,2,2,2,0,0,0,0,0,0,0,0,0,0,1,0,2,20,400,41
4680,A1,2,3,0,4,0,0,0,0,0,0,0,0,0,1,0,2,11,64,20
4680,B0,0,16,2,3,0,0,0,0,0,0,0,0,0,1,0,1,12,87,21
4680,B1,20,12,20,20,0,0,0,0,0,0,0,0,0,0,1,1,0,0,0
4680,B2,19,0,1,16,0,0,0,0,0,0,0,0,0,0,1,1,7,149,14
4680,C1,1,2,2,0,0,0,0,0,0,0,0,0,0,0,1,2,20,400,41
4695,A1,2,3,0,3,0,0,0,0,0,0,0,0,0,0,1,2,11,64,20
4695,B0,0,17,4,3,0,0,0,0,0,0,0,0,0,0,1,1,12,87,21
4695,B1,20,17,20,17,0,0,0,0,0,0,0,0,0,1,0,2,0,0,0
4695,B2,19,0,1,15,0,0,0,0,0,0,0,0,0,0,1,1,7,149,14
4695,C1,1,2,4,0,0,0,0,0,0,0,0,0,0,0,1,1,21,403,42
4710,A1,2,4,0,3,0,0,0,0,0,0,0,0,0,1,0,2,11,64,20
4710,B0,0,20,5,1,0,0,0,0,0,0,0,0,0,0,1,1,12,87,21
4710,B1,20,15,20,19,0,0,0,0,0,0,0,0,0,1,0,2,0,0,0
4710,B2,19,0,3,10,0,0,0,0,0,0,0,0,0,0,1,1,7,149,14
4710,C1,3,1,2,0,0,0,0,0,0,0,0,0,0,1,0,2,21,403,42
4725,A1,1,2,0,5,0,0,0,0,0,0,0,0,0,1,0,1,11,64,20
4725,B0,0,20,2,1,0,0,0,0,0,0,0,0,0,0,1,2,12,87,21
4725,B1,20,12,20,20,0,0,0,0,0,0,0,0,0,1,0,2,0,0,0
4725,B2,19,0,1,9,0,0,0,0,0,0,0,0,0,0,1,1,7,149,14
4725,C1,3,1,3,0,0,0,0,0,0,0,0,0,0,0,1,2,21,403,42
4740,A1,2,2,0,3,0,0,0,0,0,0,0,0,0,1,0,2,11,64,20
4740,B0,0,18,4,3,0,0,0,0,0,0,0,0,0,0,1,1,12,87,21
4740,B1,20,13,20,20,0,0,0,0,0,0,0,0,0,0,1,1,0,0,0
4740,B2,19,0,4,9,0,0,0,0,0,0,0,0,0,0,1,1,7,149,14
4740,C1,5,1,5,0,0,0,0,0,0,0,0,0,0,1,0,2,21,403,42
4755,A1,4,1,0,1,0,0,0,0,0,0,0,0,0,1,0,2,11,64,20
4755,B0,0,20,1,2,0,0,0,0,0,0,0,0,0,0,1,2,12,87,21
4755,B1,20,14,20,19,0,0,0,0,0,0,0,0,0,0,1,1,0,0,0
4755,B2,19,0,3,9,0,0,0,0,0,0,0,0,0,0,1,1,7,149,14
4755,C1,3,2,5,0,0,0,0,0,0,0,0,0,0,0,1,2,21,403,42
4770,A1,1,1,0,1,0,0,0,0,0,0,0,0,0,1,0,2,11,64,20
4770,B0,0,18,2,1,0,0,0,0,0,0,0,0,0,0,1,2,12,87,21
4770,B1,20,15,20,20,0,0,0,0,0,0,0,0,0,0,1,2,0,0,0
4770,B2,19,0,1,10,0,0,0,0,0,0,0,0,0,0,1,1,7,149,14
4770,C1,2,1,5,0,0,0,0,0,0,0,0,0,0,0,1,1,21,403,42
4785,A1,2,2,0,1,0,0,0,0,0,0,0,0,0,1,0,2,11,64,20
4785,B0,0,17,4,2,0,0,0,0,0,0,0,0,0,1,0,1,12,87,21
4785,B1,20,13,19,20,0,0,0,0,0,0,0,0,0,1,0,2,0,0,0
4785,B2,19,0,1,11,0,0,0,0,0,0,0,0,0,0,1,1,7,149,14
4785,C1,2,1,4,0,0,0,0,0,0,0,0,0,0,1,0,1,21,403,42
4800,A1,2,1,0,1,0,0,0,0,0,0,0,0,0,1,0,2,11,64,20
4800,B0,0,17,3,2,0,0,0,0,0,0,0,0,0,1,0,1,12,87,21
4800,B1,20,15,19,20,0,0,0,0,0,0,0,0,0,1,0,2,0,0,0
4800,B2,19,0,1,12,0,0,0,0,0,0,0,0,0,0,1,1,7,149,14
4800,C1,3,1,5,0,0,0,0,0,0,0,0,0,0,1,0,1,21,403,42
4815,A1,2,1,0,1,0,0,0,0,0,0,0,0,0,1,0,2,11,64,20
4815,B0,0,18,3,2,0,0,0,0,0,0,0,0,0,0,1,1,12,87,21
4815,B1,20,16,20,20,0,0,0,0,0,0,0,0,0,1,0,2,0,0,0
4815,B2,19,0,2,7,0,0,0,0,0,0,0,0,0,0,1,1,7,149,14
4815,C1,5,4,2,0,0,0,0,0,0,0,0,0,0,0,1,2,22,419,45
4830,A1,1,1,0,1,0,0,0,0,0,0,0,0,0,1,0,2,11,64,20
4830,B0,0,18,2,1,0,0,0,0,0,0,0,0,0,0,1,2,12,87,21
4830,B1,20,14,20,20,0,0,0,0,0,0,0,0,1,1,0,2,0,0,0
4830,B2,19,0,2,7,0,0,0,0,0,0,0,0,0,0,1,1,7,149,14
4830,C1,3,4,2,0,0,0,0,2,0,0,0,0,0,1,0,2,23,442,45
4845,A1,1,1,0,1,0,0,0,0,0,0,0,0,0,1,0,2,11,64,20
4845,B0,0,16,3,2,0,0,0,0,0,0,0,0,0,1,0,1,12,87,21
4845,B1,20,14,20,20,0,0,0,0,0,0,0,0,1,1,0,2,0,0,0
4845,B2,19,0,2,2,0,0,0,0,0,0,0,0,0,0,1,2,7,149,14
4845,C1,6,6,1,0,0,0,0,1,0,0,0,0,0,0,1,1,23,472,45
4860,A1,1,2,0,3,0,0,0,0,0,0,0,0,0,1,0,1,11,64,20
4860,B0,0,17,1,4,0,0,0,0,0,0,0,0,0,1,0,2,12,87,21
4860,B1,20,15,20,20,0,0,0,0,0,0,0,0,0,1,0,2,0,0,0
4860,B2,16,0,4,5,0,0,0,0,0,0,0,0,0,1,0,1,7,149,14
4860,C1,7,7,1,0,0,0,0,0,0,0,0,0,0,0,1,2,23,496,47
4875,A1,3,5,0,4,0,0,0,0,0,0,0,0,0,1,0,2,11,64,20
4875,B0,0,14,1,1,0,0,0,0,0,0,0,0,0,1,0,2,12,87,21
4875,B1,20,11,20,20,0,0,0,0,0,0,0,0,0,1,0,1,0,0,0
4875,B2,17,0,2,6,0,0,0,0,0,0,0,0,0,1,0,1,8,157,16
4875,C1,9,3,1,0,0,0,0,0,0,0,0,0,0,1,0,2,23,496,47
4890,A1,1,5,0,4,0,0,0,0,0,0,0,0,0,0,1,2,11,64,20
4890,B0,0,11,1,3,0,0,0,0,0,0,0,0,0,1,0,2,12,87,21
4890,B1,20,11,20,18,0,0,0,0,0,0,0,0,0,0,1,1,0,0,0
4890,B2,18,0,1,5,0,0,0,0,0,0,0,0,0,0,1,1,8,157,16
4890,C1,10,8,1,0,0,0,0,0,0,0,0,0,0,1,0,2,23,496,47
4905,A1,2,4,0,4,0,0,0,0,0,0,0,0,0,0,1,2,11,64,20
4905,B0,0,12,2,3,0,0,0,0,0,0,0,0,0,1,0,1,12,87,21
4905,B1,20,11,19,20,0,0,0,0,0,0,0,0,0,0,1,1,0,0,0
4905,B2,19,0,2,2,0,0,0,0,0,0,0,0,0,1,0,2,8,157,16
4905,C1,9,2,2,0,0,0,0,0,0,0,0,0,0,1,0,2,23,496,47
4920,A1,2,5,0,5,0,0,0,0,0,0,0,0,0,1,0,2,11,64,20
4920,B0,0,15,1,1,0,0,0,0,0,0,0,0,0,1,0,2,12,87,21
4920,B1,20,13,18,19,0,0,0,0,0,0,0,0,0,0,1,2,0,0,0
4920,B2,14,0,3,4,0,0,0,0,0,0,0,0,0,1,0,1,8,157,16
4920,C1,11,1,2,0,0,0,0,0,0,0,0,0,0,1,0,2,23,496,47
4935,A1,3,7,0,5,0,0,0,0,0,0,0,0,0,1,0,2,11,64,20
4935,B0,0,15,3,2,0,0,0,0,0,0,0,0,0,0,1,1,12,87,21
4935,B1,20,13,19,20,0,0,0,0,0,0,0,0,0,1,0,2,0,0,0
4935,B2,18,0,2,4,0,0,0,0,0,0,0,0,0,0,1,1,8,157,16
4935,C1,14,1,4,0,0,0,0,0,0,0,0,0,0,1,0,2,23,496,47
4950,A1,2,9,0,6,0,0,0,0,0,0,0,0,0,1,0,2,11,64,20
4950,B0,0,17,5,1,0,0,0,0,0,0,0,0,0,1,0,1,12,87,21
4950,B1,20,11,19,19,0,0,0,0,0,0,0,0,0,0,1,1,0,0,0
4950,B2,18,0,1,8,0,0,0,0,0,0,0,0,0,0,1,1,8,157,16
4950,C1,13,1,4,0,0,0,0,0,0,0,0,0,0,1,0,2,23,496,47
4965,A1,1,9,0,6,0,0,0,0,0,0,0,0,0,1,0,2,11,64,20
4965,B0,0,18,2,3,0,0,0,0,0,0,0,0,0,0,1,1,12,87,21
4965,B1,20,10,18,18,0,0,0,0,0,0,0,0,0,0,1,1,0,0,0
4965,B2,19,0,1,8,0,0,0,0,0,0,0,0,0,0,1,1,8,157,16
4965,C1,11,1,6,0,0,0,0,0,0,0,0,0,0,1,0,2,23,496,47
4980,A1,2,7,0,6,0,0,0,0,0,0,0,0,0,1,0,2,11,64,20
4980,B0,0,17,3,1,0,0,0,0,0,0,0,0,0,1,0,2,12,87,21
4980,B1,20,10,19,20,0,0,0,0,0,0,0,0,0,0,1,1,0,0,0
4980,B2,20,0,1,4,0,0,0,0,0,0,0,0,0,0,1,1,8,157,16
4980,C1,11,2,7,0,0,0,0,0,0,0,0,0,0,1,0,2,23,496,47
4995,A1,2,5,0,7,0,0,0,0,0,0,0,0,0,1,0,2,11,64,20
4995,B0,0,15,5,1,0,0,0,0,0,0,0,0,0,0,1,1,12,87,21
4995,B1,20,11,20,21,0,0,0,0,0,0,0,0,0,0,1,1,0,0,0
4995,B2,20,0,1,5,0,0,0,0,0,0,0,0,0,0,1,1,8,157,16
4995,C1,11,3,9,0,0,0,0,0,0,0,0,0,0,1,0,2,23,496,47
5010,A1,1,6,0,9,0,0,0,0,0,0,0,0,0,1,0,2,11,64,20
5010,B0,0,18,4,1,0,0,0,0,0,0,0,0,0,1,0,1,12,87,21
5010,B1,20,13,20,21,0,0,0,0,0,0,0,0,0,0,1,1,0,0,0
5010,B2,20,0,2,6,0,0,0,0,0,0,0,0,0,0,1,1,8,157,16
5010,C1,11,2,11,0,0,0,0,0,0,0,0,0,0,1,0,2,23,496,47
5025,A1,1,7,0,13,0,0,0,0,0,0,0,0,0,1,0,2,11,64,20
5025,B0,0,18,3,1,0,0,0,0,0,0,0,0,0,1,0,2,12,87,21
5025,B1,19,13,19,20,0,0,0,0,0,0,0,0,0,0,1,1,0,0,0
5025,B2,20,0,1,6,0,0,0,0,0,0,0,0,0,0,1,1,8,157,16
5025,C1,13,1,13,0,0,0,0,0,0,0,0,0,0,1,0,2,23,496,47
5040,A1,1,6,0,15,0,0,0,0,0,0,0,0,0,1,0,2,11,64,20
5040,B0,0,18,6,1,0,0,0,0,0,0,0,0,0,0,1,1,13,89,22
5040,B1,19,12,18,19,0,0,0,0,0,0,0,0,0,1,0,2,0,0,0
5040,B2,20,0,4,3,0,0,0,0,0,0,0,0,0,1,0,2,8,157,16
5040,C1,12,1,15,0,0,0,0,0,0,0,0,0,0,1,0,2,23,496,47
5055,A1,2,5,0,16,0,0,0,0,0,0,0,0,0,1,0,2,11,64,20
5055,B0,0,20,3,1,0,0,0,0,0,0,0,0,0,0,1,2,13,89,22
5055,B1,19,13,20,19,0,0,0,0,0,0,0,0,0,0,1,1,0,0,0
5055,B2,18,0,2,2,0,0,0,0,0,0,0,0,0,0,1,2,9,158,19
5055,C1,9,3,17,0,0,0,0,0,0,0,0,0,0,1,0,2,23,496,47
5070,A1,1,3,0,18,0,0,0,0,0,0,0,0,0,0,1,1,11,64,20
5070,B0,0,18,3,1,0,0,0,0,0,0,0,0,0,0,1,2,13,89,22
5070,B1,20,13,20,20,0,0,0,0,0,0,0,0,0,0,1,1,0,0,0
5070,B2,15,0,3,3,0,0,0,0,0,0,0,0,0,1,0,2,9,158,19
5070,C1,9,2,18,0,0,0,0,0,0,0,0,0,0,0,1,2,23,496,47
5085,A1,1,5,0,17,0,0,0,0,0,0,0,0,0,1,0,2,11,64,20
5085,B0,0,17,6,1,0,0,0,0,0,0,0,0,0,0,1,1,13,89,22
5085,B1,20,14,19,20,0,0,0,0,0,0,0,0,0,0,1,1,0,0,0
5085,B2,14,0,3,5,0,0,0,0,0,0,0,0,0,0,1,1,9,158,19
5085,C1,9,1,18,0,0,0,0,0,0,0,0,0,0,1,0,1,23,496,47
5100,A1,2,3,0,16,0,0,0,0,0,0,0,0,0,0,1,1,11,64,20
5100,B0,0,19,5,3,0,0,0,0,0,0,0,0,0,0,1,1,13,89,22
5100,B1,20,15,20,17,0,0,0,0,0,0,0,0,0,0,1,2,0,0,0
5100,B2,17,0,5,5,0,0,0,0,0,0,0,0,0,0,1,1,9,158,19
5100,C1,10,1,16,0,0,0,0,0,0,0,0,0,0,0,1,1,23,496,47
5115,A1,1,3,0,10,0,0,0,0,0,0,0,0,0,0,1,1,11,64,20
5115,B0,0,20,3,1,0,0,0,0,0,0,0,0,0,0,1,2,13,89,22
5115,B1,19,13,20,17,0,0,0,0,0,0,0,0,0,1,0,1,0,0,0
5115,B2,18,0,1,5,0,0,0,0,0,0,0,0,0,0,1,1,9,158,19
5115,C1,10,2,16,0,0,0,0,0,0,0,0,0,0,1,0,2,23,496,47
5130,A1,1,7,0,10,0,0,0,0,0,0,0,0,0,1,0,2,11,64,20
5130,B0,0,17,4,1,0,0,0,0,0,0,0,0,0,0,1,1,13,89,22
5130,B1,20,16,19,18,0,0,0,0,0,0,0,0,0,0,1,2,0,0,0
5130,B2,18,0,1,4,0,0,0,0,0,0,0,0,0,1,0,1,9,158,19
5130,C1,9,4,18,0,0,0,0,0,0,0,0,0,0,1,0,2,23,496,47
5145,A1,1,6,0,11,0,0,0,0,0,0,0,0,0,1,0,2,11,64,20
5145,B0,0,18,6,7,0,0,0,0,0,0,0,0,0,0,1,1,13,89,22
5145,B1,20,13,19,19,0,0,0,0,0,0,0,0,0,1,0,2,0,0,0
5145,B2,17,0,1,4,0,0,0,0,0,0,0,0,0,0,1,1,9,158,19
5145,C1,10,3,17,0,0,0,0,0,0,0,0,0,0,0,1,2,23,496,47
5160,A1,1,5,0,13,0,0,0,0,0,0,0,0,0,0,1,2,11,64,20
5160,B0,0,20,6,9,0,0,0,0,0,0,0,0,0,0,1,1,13,89,22
5160,B1,19,14,18,18,0,0,0,0,0,0,0,0,0,0,1,1,1,5,18
5160,B2,17,0,1,4,0,0,0,0,0,0,0,0,0,0,1,1,9,158,19
5160,C1,9,1,17,0,0,0,0,0,0,0,0,0,0,1,0,1,23,496,47
5175,A1,2,4,0,13,0,0,0,0,0,0,0,0,0,1,0,2,11,64,20
5175,B0,0,20,7,3,0,0,0,0,0,0,0,0,0,0,1,1,13,89,22
5175,B1,19,11,17,17,0,0,0,0,0,0,0,0,0,1,0,2,1,5,18
5175,B2,18,0,1,3,0,0,0,0,0,0,0,0,0,0,1,2,9,158,19
5175,C1,8,2,17,0,0,0,0,0,0,0,0,0,0,1,0,2,23,496,47
5190,A1,3,2,0,11,0,0,0,0,0,0,0,0,0,0,1,1,11,64,20
5190,B0,0,20,11,1,0,0,0,0,0,0,0,0,0,0,1,1,13,89,22
5190,B1,19,14,19,18,0,0,0,0,0,0,0,0,0,0,1,1,1,5,18
5190,B2,17,0,3,6,0,0,0,0,0,0,0,0,0,0,1,1,9,158,19
5190,C1,10,2,17,0,0,0,0,0,0,0,0,0,0,0,1,2,23,496,47
5205,A1,2,3,0,12,0,1,0,0,0,0,0,0,0,1,0,2,12,76,20
5205,B0,0,20,12,2,0,0,0,0,0,0,0,0,0,0,1,1,13,89,22
5205,B1,19,15,19,18,0,0,0,0,0,0,0,0,0,1,0,2,1,5,18
5205,B2,17,0,2,4,0,0,0,0,0,0,0,0,0,0,1,1,9,158,19
5205,C1,10,3,18,0,0,0,0,0,0,0,0,0,0,0,1,2,23,496,47
5220,A1,2,5,0,11,0,1,0,0,0,0,0,0,0,0,1,2,13,96,23
5220,B0,0,20,13,2,0,0,0,0,0,0,0,0,0,0,1,1,13,89,22
5220,B1,18,16,17,17,0,0,0,0,0,0,0,0,0,0,1,2,1,5,18
5220,B2,15,0,1,3,0,0,0,0,0,0,0,0,0,1,0,2,9,158,19
5220,C1,11,2,18,0,0,0,0,0,0,0,0,0,0,1,0,2,23,496,47
5235,A1,1,4,0,13,0,0,0,0,0,0,0,0,0,0,1,2,13,106,25
5235,B0,0,20,12,2,0,0,0,0,0,0,0,0,0,0,1,1,13,89,22
5235,B1,17,16,17,17,0,0,0,0,0,0,0,0,0,1,0,2,1,5,18
5235,B2,16,0,2,3,0,0,0,0,0,0,0,0,0,0,1,2,9,158,19
5235,C1,10,2,17,0,0,0,0,0,0,0,0,0,0,0,1,2,23,496,47
5250,A1,1,5,0,13,0,0,0,0,0,0,0,0,0,1,0,2,13,106,25
5250,B0,0,20,12,12,0,0,0,0,0,0,0,0,0,0,1,1,13,89,22
5250,B1,17,17,20,19,0,0,0,0,0,0,0,0,0,0,1,1,1,5,18
5250,B2,14,0,2,3,0,0,0,0,0,0,0,0,0,1,0,2,9,158,19
5250,C1,9,1,17,0,0,0,0,0,0,0,0,0,0,0,1,1,23,496,47
5265,A1,1,3,0,16,0,0,0,0,0,0,0,0,0,1,0,1,13,106,25
5265,B0,0,20,13,3,0,0,0,0,0,0,0,0,0,0,1,1,13,89,22
5265,B1,20,17,20,17,0,0,0,0,0,0,0,0,0,1,0,2,1,5,18
5265,B2,13,0,3,4,0,0,0,0,0,0,0,0,0,0,1,1,9,158,19
5265,C1,11,1,16,0,0,0,0,0,0,0,0,0,0,1,0,2,23,496,47
5280,A1,2,3,0,14,0,0,0,0,0,0,0,0,0,0,1,1,13,106,25
5280,B0,0,20,13,1,0,0,0,0,0,0,0,0,0,0,1,1,13,89,22
5280,B1,18,16,20,18,0,0,0,0,0,0,0,0,0,0,1,1,1,5,18
5280,B2,18,0,1,5,0,0,0,0,0,0,0,0,0,0,1,1,9,158,19
5280,C1,11,3,18,0,0,0,0,0,0,0,0,0,0,1,0,2,23,496,47
5295,A1,1,6,0,13,0,0,0,0,0,0,0,0,0,1,0,2,13,106,25
5295,B0,0,20,13,2,0,0,0,0,0,0,0,0,0,0,1,1,13,89,22
5295,B1,20,17,19,15,0,0,0,0,0,0,0,0,0,1,0,2,1,5,18
5295,B2,18,0,4,3,0,0,0,0,0,0,0,0,0,0,1,1,9,158,19
5295,C1,11,2,18,0,0,0,0,0,0,0,0,0,0,1,0,2,23,496,47
5310,A1,1,5,0,16,0,0,0,0,0,0,0,0,0,1,0,2,13,106,25
5310,B0,0,20,16,8,0,0,0,0,0,0,0,0,0,0,1,1,13,89,22
5310,B1,18,14,20,19,0,0,0,0,0,0,0,0,0,1,0,1,1,5,18
5310,B2,15,0,1,4,0,0,0,0,0,0,0,0,0,1,0,1,9,158,19
5310,C1,12,3,18,0,0,0,0,0,0,0,0,0,0,1,0,2,23,496,47
5325,A1,1,3,0,14,0,0,0,0,0,0,0,0,0,0,1,1,13,106,25
5325,B0,0,20,15,3,0,0,0,0,0,0,0,0,0,0,1,1,13,89,22
5325,B1,20,15,20,16,0,0,0,0,0,0,0,0,0,0,1,1,1,5,18
5325,B2,16,0,1,3,0,0,0,0,0,0,0,0,0,0,1,2,9,158,19
5325,C1,11,5,17,0,0,0,0,0,0,0,0,0,0,0,1,2,23,496,47
5340,A1,1,5,0,14,0,0,0,0,0,0,0,0,0,1,0,2,13,106,25
5340,B0,0,20,18,7,0,0,0,0,0,0,0,0,0,0,1,1,13,89,22
5340,B1,18,16,20,16,0,0,0,0,0,0,0,0,0,1,0,2,1,5,18
5340,B2,17,0,3,4,0,0,0,0,0,0,0,0,0,0,1,1,9,158,19
5340,C1,10,1,18,0,0,0,0,0,0,0,0,0,0,0,1,1,23,496,47
5355,A1,3,4,0,15,0,0,0,0,0,0,0,0,0,0,1,2,13,106,25
5355,B0,0,20,19,3,0,0,0,0,0,0,0,0,0,0,1,1,13,89,22
5355,B1,18,18,19,19,0,0,0,0,0,0,0,0,0,0,1,1,1,5,18
5355,B2,17,0,1,3,0,0,0,0,0,0,0,0,0,1,0,2,9,158,19
5355,C1,11,1,15,0,0,0,0,0,0,0,0,0,0,1,0,2,23,496,47
5370,A1,1,4,0,17,0,0,0,0,0,0,0,0,0,1,0,2,14,107,27
5370,B0,0,20,18,2,0,0,0,0,0,0,0,0,0,0,1,1,13,89,22
5370,B1,16,19,19,20,0,0,0,0,0,0,0,0,0,1,0,2,1,5,18
5370,B2,13,0,2,3,0,0,0,0,0,0,0,0,0,1,0,2,9,158,19
5370,C1,14,3,18,0,0,0,0,0,0,0,0,0,0,1,0,2,23,496,47
5385,A1,1,7,0,15,0,0,0,0,0,0,0,0,0,1,0,2,14,107,27
5385,B0,0,20,18,1,0,0,0,0,0,0,0,0,0,0,1,1,13,89,22
5385,B1,16,20,19,17,0,0,0,0,0,0,0,0,0,0,1,1,1,5,18
5385,B2,13,0,2,5,0,0,0,0,0,0,0,0,0,0,1,1,9,158,19
5385,C1,13,1,18,0,0,0,0,0,0,0,0,0,0,1,0,2,23,496,47
5400,A1,1,4,0,15,0,0,0,0,0,0,0,0,0,1,0,2,14,107,27
5400,B0,0,20,19,1,0,0,0,0,0,0,0,0,0,0,1,1,13,89,22
5400,B1,19,20,19,19,0,0,0,0,0,0,0,0,0,1,0,2,1,5,18
5400,B2,18,0,1,6,0,0,0,0,0,0,0,0,0,0,1,1,9,158,19
5400,C1,11,2,16,0,0,0,0,0,0,0,0,0,0,0,1,2,23,496,47
5415,A1,2,4,0,13,0,0,0,0,0,0,0,0,0,0,1,2,14,107,27
5415,B0,0,20,17,3,0,0,0,0,0,0,0,0,0,0,1,1,13,89,22
5415,B1,19,20,20,20,0,0,0,0,0,0,0,0,0,1,0,2,1,5,18
5415,B2,19,0,2,4,0,0,0,0,0,0,0,0,0,0,1,1,9,158,19
5415,C1,10,3,16,0,0,0,0,0,0,0,0,0,0,1,0,2,23,496,47
5430,A1,2,5,0,13,0,0,0,0,0,0,0,0,0,1,0,2,14,107,27
5430,B0,0,19,17,1,0,0,0,0,0,0,0,0,0,0,1,1,13,89,22
5430,B1,17,20,20,20,0,0,0,0,0,0,0,0,0,1,0,2,1,5,18
5430,B2,19,0,1,4,0,0,0,0,0,0,0,0,0,0,1,1,9,158,19
5430,C1,9,2,18,0,0,0,0,0,0,0,0,0,0,1,0,2,23,496,47
5445,A1,2,4,0,11,0,0,0,0,0,0,0,0,0,0,1,2,14,107,27
5445,B0,0,19,17,1,0,0,0,0,0,0,0,0,0,0,1,1,13,89,22
5445,B1,17,20,18,20,0,0,0,0,0,0,0,0,0,0,1,2,1,5,18
5445,B2,19,0,2,4,0,0,0,0,0,0,0,0,0,0,1,1,9,158,19
5445,C1,9,3,17,0,0,0,0,0,0,0,0,0,0,0,1,2,23,496,47
5460,A1,1,5,0,13,0,0,0,0,0,0,0,0,0,1,0,2,14,107,27
5460,B0,0,20,17,2,0,0,0,0,0,0,0,0,0,0,1,1,13,89,22
5460,B1,18,20,18,20,0,0,0,0,0,0,0,0,0,1,0,2,1,5,18
5460,B2,17,0,1,4,0,0,0,0,0,0,0,0,0,1,0,1,9,158,19
5460,C1,8,1,16,0,0,0,0,0,0,0,0,0,0,0,1,1,23,496,47
5475,A1,4,3,0,11,0,0,0,0,0,0,0,0,0,0,1,2,14,107,27
5475,B0,0,20,19,1,0,0,0,0,0,0,0,0,0,0,1,1,13,89,22
5475,B1,19,20,20,20,0,0,0,0,0,0,0,0,0,1,0,2,1,5,18
5475,B2,17,0,2,8,0,0,0,0,0,0,0,0,0,0,1,1,9,158,19
5475,C1,11,1,15,0,0,0,0,0,0,0,0,0,0,1,0,2,23,496,47
5490,A1,2,1,0,9,0,0,0,0,0,0,0,0,0,0,1,1,14,107,27
5490,B0,0,20,14,1,0,0,0,0,0,0,0,0,0,0,1,1,13,89,22
5490,B1,20,20,20,20,0,0,0,0,0,0,0,0,0,1,0,2,1,5,18
5490,B2,19,0,1,8,0,0,0,0,0,0,0,0,0,0,1,1,9,158,19
5490,C1,9,3,15,0,0,0,0,0,0,0,0,0,0,1,0,2,23,496,47
5505,A1,2,1,0,3,0,0,0,0,0,0,0,0,0,0,1,1,14,107,27
5505,B0,0,20,12,1,0,0,0,0,0,0,0,0,0,0,1,1,13,89,22
5505,B1,20,20,20,20,0,0,0,0,0,0,0,0,0,1,0,2,1,5,18
5505,B2,19,0,2,4,0,0,0,0,0,0,0,0,0,0,1,1,9,158,19
5505,C1,10,1,15,0,0,0,0,0,0,0,0,0,0,1,0,2,23,496,47
5520,A1,1,1,0,2,0,0,0,0,0,0,0,0,0,1,0,1,14,107,27
5520,B0,0,20,11,1,0,0,0,0,0,0,0,0,0,0,1,1,13,89,22
5520,B1,20,19,20,20,0,0,0,0,0,0,0,0,0,1,0,2,1,5,18
5520,B2,19,0,1,6,0,0,0,0,0,0,0,0,0,0,1,1,9,158,19
5520,C1,9,2,15,0,0,0,0,0,0,0,0,0,0,1,0,2,23,496,47
5535,A1,2,2,0,1,0,0,0,0,1,0,0,0,0,0,1,1,15,128,27
5535,B0,0,20,10,3,0,0,0,0,0,0,0,0,0,0,1,1,13,89,22
5535,B1,20,18,20,20,0,0,0,0,0,0,0,1,0,1,0,2,1,5,18
5535,B2,19,0,1,6,0,0,0,0,0,0,0,0,0,0,1,1,9,158,19
5535,C1,8,2,13,0,0,0,0,0,0,0,0,0,0,0,1,2,23,496,47
5550,A1,3,2,0,1,0,0,0,0,1,0,0,0,0,0,1,1,15,158,27
5550,B0,0,20,7,1,0,0,0,0,0,0,0,0,0,0,1,1,13,89,22
5550,B1,20,20,20,20,0,0,0,0,0,0,0,1,0,1,0,2,1,5,18
5550,B2,17,0,2,3,0,0,0,0,0,0,0,0,0,1,0,2,9,158,19
5550,C1,10,1,12,0,0,0,0,0,0,0,0,0,0,0,1,2,23,496,47
5565,A1,3,2,0,1,0,0,0,0,1,0,0,0,0,0,1,1,15,188,27
5565,B0,0,20,9,2,0,0,0,0,0,0,0,0,0,0,1,1,13,89,22
5565,B1,20,20,20,20,0,0,0,0,0,0,0,1,0,1,0,2,1,5,18
5565,B2,16,0,3,3,0,0,0,0,0,0,0,0,0,0,1,2,9,158,19
5565,C1,8,2,11,0,0,0,0,0,0,0,0,0,0,1,0,2,23,496,47
5580,A1,3,4,0,1,0,0,0,0,1,0,0,0,0,0,1,1,15,218,27
5580,B0,0,20,8,1,0,0,0,0,0,0,0,0,0,0,1,1,13,89,22
5580,B1,20,20,20,20,0,0,0,0,0,0,0,1,0,1,0,2,1,5,18
5580,B2,16,0,5,3,0,0,0,2,0,0,0,0,0,0,1,1,10,164,19
5580,C1,7,1,14,0,0,0,0,0,0,0,0,0,0,1,0,1,23,496,47
5595,A1,4,5,0,1,0,0,0,0,1,0,0,0,0,0,1,1,15,248,27
5595,B0,0,20,7,2,0,0,0,0,0,0,0,0,0,0,1,1,13,89,22
5595,B1,20,20,20,20,0,0,0,0,0,0,0,1,0,1,0,2,1,5,18
5595,B2,16,0,1,1,0,0,0,0,0,0,0,0,0,1,0,2,10,172,22
5595,C1,9,3,15,0,0,0,0,0,0,0,0,0,0,1,0,2,24,500,48
5610,A1,4,7,0,1,0,0,0,0,1,0,0,0,0,0,1,1,15,278,27
5610,B0,0,20,7,1,0,0,0,0,0,0,0,0,0,0,1,1,13,89,22
5610,B1,20,20,20,20,0,0,0,0,0,0,0,1,0,1,0,2,1,5,18
5610,B2,12,0,1,2,0,0,0,0,0,0,0,0,0,1,0,2,10,172,22
5610,C1,8,3,15,0,0,0,1,0,0,0,0,0,0,0,1,2,25,504,48
5625,A1,5,8,0,1,0,0,0,0,1,0,0,0,0,0,1,1,15,308,27
5625,B0,0,20,6,2,0,0,0,0,0,0,0,0,0,0,1,1,13,89,22
5625,B1,16,20,20,20,0,0,0,0,0,0,0,1,0,1,0,2,1,5,18
5625,B2,16,0,1,3,0,0,0,0,0,0,0,0,0,0,1,2,10,172,22
5625,C1,8,4,13,0,0,0,0,0,0,0,0,0,0,1,0,2,25,519,49
5640,A1,5,8,0,1,0,0,0,0,1,0,0,0,0,0,1,1,15,338,27
5640,B0,0,20,5,1,0,0,0,0,0,0,0,0,0,0,1,1,13,89,22
5640,B1,11,20,20,20,0,0,0,0,0,0,0,1,0,1,0,2,1,5,18
5640,B2,18,0,1,4,0,0,0,0,0,0,0,0,0,0,1,1,10,172,22
5640,C1,11,2,13,0,0,0,0,0,0,0,0,0,0,1,0,2,25,519,49
5655,A1,3,11,0,2,0,0,0,0,0,0,0,0,0,1,0,2,15,343,29
5655,B0,0,20,3,2,0,0,0,0,0,0,0,0,0,0,1,1,13,89,22
5655,B1,14,20,19,19,0,0,0,0,0,0,0,0,0,0,1,1,1,5,18
5655,B2,16,0,1,3,0,0,0,0,0,0,0,0,0,1,0,2,10,172,22
5655,C1,8,1,14,0,0,0,0,0,0,0,0,0,0,0,1,1,25,519,49
5670,A1,4,11,0,4,0,0,0,0,0,0,0,0,0,1,0,2,15,343,29
5670,B0,0,18,3,3,0,0,0,3,0,0,0,0,0,0,1,1,14,90,22
5670,B1,20,20,18,20,0,0,0,0,0,0,0,0,0,0,1,2,1,5,18
5670,B2,12,0,1,5,0,0,0,0,0,0,0,0,0,1,0,1,10,172,22
5670,C1,8,1,13,0,0,0,0,0,0,0,0,0,0,1,0,2,25,519,49
5685,A1,1,8,0,6,0,0,0,0,0,0,0,0,0,1,0,2,15,343,29
5685,B0,0,19,1,1,0,0,0,1,0,0,0,0,0,0,1,1,14,120,22
5685,B1,16,20,20,20,0,0,0,0,0,0,0,0,0,1,0,1,1,5,18
5685,B2,16,0,1,3,0,0,0,0,0,0,0,0,0,1,0,2,10,172,22
5685,C1,8,2,13,0,0,0,0,0,0,0,0,0,0,1,0,2,25,519,49
5700,A1,1,5,0,8,0,0,0,0,0,0,0,0,0,1,0,2,15,343,29
5700,B0,0,20,1,3,0,0,0,0,0,0,0,0,0,0,1,2,14,142,25
5700,B1,18,20,20,20,0,0,0,0,0,0,0,0,0,0,1,1,1,5,18
5700,B2,17,0,1,3,0,0,0,0,0,0,0,0,0,0,1,2,10,172,22
5700,C1,6,3,13,0,0,0,0,0,0,0,0,0,0,1,0,2,25,519,49
5715,A1,1,3,0,8,0,0,0,0,0,0,0,0,0,0,1,1,15,343,29
5715,B0,0,15,3,2,0,0,0,0,0,0,0,0,0,1,0,1,14,142,25
5715,B1,16,20,20,20,0,0,0,0,0,0,0,0,0,1,0,1,1,5,18
5715,B2,18,0,1,5,0,0,0,0,0,0,0,0,0,0,1,1,10,172,22
5715,C1,6,4,11,0,0,0,0,0,0,0,0,0,0,0,1,2,25,519,49
5730,A1,1,4,0,6,0,0,0,0,0,0,0,0,0,1,0,2,15,343,29
5730,B0,0,17,4,3,0,0,0,0,0,0,0,0,0,0,1,1,14,142,25
5730,B1,16,20,20,19,0,0,0,0,0,0,0,0,0,0,1,1,1,5,18
5730,B2,19,0,2,5,0,0,0,0,0,0,0,0,0,0,1,1,10,172,22
5730,C1,6,1,12,0,0,5,0,0,0,0,0,0,0,1,0,2,26,546,49
5745,A1,1,1,0,7,0,0,0,0,0,0,0,0,0,0,1,1,15,343,29
5745,B0,0,20,3,1,0,0,0,0,0,0,0,0,0,0,1,2,14,142,25
5745,B1,20,20,19,19,0,0,0,0,0,0,0,0,0,1,0,2,1,5,18
5745,B2,18,0,3,3,0,0,0,0,0,0,0,0,0,1,0,2,10,172,22
5745,C1,5,2,12,0,0,4,0,0,0,0,0,0,0,1,0,2,26,576,49
5760,A1,2,4,0,5,0,0,0,0,0,0,0,0,0,1,0,2,15,343,29
5760,B0,0,18,4,2,0,0,0,0,1,0,0,0,0,0,1,1,15,146,25
5760,B1,16,20,18,20,0,0,0,0,0,0,0,0,0,0,1,1,1,5,18
5760,B2,12,0,1,3,0,0,0,0,0,0,0,0,0,1,0,2,10,172,22
5760,C1,4,1,13,0,0,0,0,0,0,0,0,0,0,1,0,1,26,586,54
5775,A1,3,3,0,7,0,0,0,0,0,0,0,0,0,0,1,2,15,343,29
5775,B0,0,19,4,1,0,0,0,0,0,0,0,0,0,0,1,1,15,148,26
5775,B1,19,20,19,18,0,0,0,0,0,0,0,0,0,0,1,2,1,5,18
5775,B2,15,0,2,3,0,0,0,0,0,0,0,0,0,0,1,2,10,172,22
5775,C1,6,1,12,0,0,0,0,0,0,0,0,0,0,0,1,2,26,586,54
5790,A1,2,3,0,7,0,0,0,0,0,0,0,0,0,0,1,2,15,343,29
5790,B0,0,20,7,2,0,0,0,0,0,0,0,0,0,0,1,1,15,148,26
5790,B1,16,19,20,18,0,0,0,0,0,0,0,0,0,1,0,2,1,5,18
5790,B2,16,0,2,3,0,0,0,0,0,0,0,0,0,1,0,2,10,172,22
5790,C1,6,1,12,0,0,0,0,0,0,0,0,0,0,0,1,2,26,586,54
5805,A1,1,3,0,4,0,0,0,0,0,0,0,0,0,1,0,1,15,343,29
5805,B0,0,20,8,1,0,0,0,0,0,0,0,0,0,0,1,1,15,148,26
5805,B1,15,19,20,20,0,0,0,0,0,0,0,0,0,0,1,1,1,5,18
5805,B2,13,0,2,3,0,0,0,0,0,0,0,0,0,0,1,2,10,172,22
5805,C1,8,1,13,0,0,0,0,0,0,0,0,0,0,1,0,2,26,586,54
5820,A1,2,5,0,3,0,1,0,0,0,0,0,0,0,1,0,2,16,351,29
5820,B0,0,20,4,2,0,0,0,0,0,0,0,0,0,0,1,1,15,148,26
5820,B1,20,20,19,19,0,0,0,0,0,0,0,0,0,0,1,2,1,5,18
5820,B2,16,0,3,3,0,0,0,0,0,0,0,0,0,1,0,2,10,172,22
5820,C1,8,2,14,0,0,0,0,0,0,0,0,0,0,0,1,2,26,586,54
5835,A1,1,2,0,4,0,0,0,0,0,0,0,0,0,0,1,1,16,351,31
5835,B0,0,18,3,1,0,0,0,0,0,0,0,0,0,1,0,2,15,148,26
5835,B1,18,20,19,20,0,0,0,0,0,0,0,0,0,0,1,1,1,5,18
5835,B2,14,0,5,3,0,0,0,0,0,0,0,0,0,0,1,1,10,172,22
5835,C1,7,1,16,0,0,0,0,0,0,0,0,0,0,1,0,1,26,586,54
5850,A1,2,4,0,3,0,0,0,0,0,0,0,0,0,1,0,2,16,351,31
5850,B0,0,14,5,2,0,0,0,0,0,0,0,0,0,0,1,1,15,148,26
5850,B1,16,20,18,20,0,0,0,0,0,0,0,0,0,1,0,2,1,5,18
5850,B2,17,0,5,4,0,0,0,0,0,0,0,0,0,1,0,1,10,172,22
5850,C1,8,2,14,0,0,0,0,0,0,0,0,0,0,1,0,2,26,586,54
5865,A1,1,6,0,4,0,0,0,0,0,0,0,0,0,1,0,2,16,351,31
5865,B0,0,19,5,2,0,0,0,0,0,0,0,0,0,0,1,1,15,148,26
5865,B1,15,20,18,20,0,0,0,0,0,0,0,0,0,0,1,1,1,5,18
5865,B2,18,0,1,6,0,0,0,0,0,0,0,0,0,0,1,1,10,172,22
5865,C1,7,2,13,0,0,0,0,0,0,0,0,0,0,0,1,2,26,586,54
5880,A1,2,6,0,4,0,0,0,0,0,0,0,0,0,0,1,2,16,351,31
5880,B0,0,20,6,5,0,0,0,0,0,0,0,0,0,0,1,1,15,148,26
5880,B1,17,20,17,20,0,0,0,0,0,0,0,0,0,1,0,2,1,5,18
5880,B2,19,0,1,3,0,0,0,0,0,0,0,0,0,1,0,2,10,172,22
5880,C1,10,3,12,0,0,0,0,0,0,0,0,0,0,1,0,2,26,586,54
5895,A1,2,7,0,4,0,0,0,0,0,0,0,0,0,1,0,2,17,353,32
5895,B0,0,20,3,1,0,0,0,0,0,0,0,0,0,1,0,2,15,148,26
5895,B1,14,20,19,19,0,0,0,0,0,0,0,0,0,0,1,1,1,5,18
5895,B2,17,0,2,5,0,0,0,0,0,0,0,0,0,0,1,1,10,172,22
5895,C1,9,3,12,0,0,0,0,0,0,0,0,0,0,1,0,2,26,586,54
5910,A1,3,5,0,5,0,0,0,0,0,0,0,0,0,1,0,2,17,353,32
5910,B0,0,17,4,1,0,0,0,0,0,0,0,0,0,0,1,1,15,148,26
5910,B1,18,18,17,17,0,0,0,0,0,0,0,0,0,1,0,2,1,5,18
5910,B2,20,0,3,8,0,0,0,0,0,0,0,0,0,0,1,1,10,172,22
5910,C1,8,1,13,0,0,0,0,0,0,0,0,0,0,1,0,2,26,586,54
5925,A1,2,5,0,3,0,0,0,0,0,0,0,0,0,0,1,2,17,353,32
5925,B0,0,19,2,1,0,0,0,0,0,0,0,0,0,1,0,2,15,148,26
5925,B1,16,16,20,20,0,0,0,0,0,0,0,0,0,0,1,1,1,5,18
5925,B2,20,0,1,7,0,0,0,0,0,0,0,0,0,0,1,1,10,172,22
5925,C1,8,3,13,0,0,0,0,0,0,0,0,0,0,1,0,2,26,586,54
5940,A1,1,5,0,7,0,0,0,0,0,0,0,0,0,1,0,2,17,353,32
5940,B0,0,14,4,1,0,0,0,0,0,0,0,0,0,1,0,1,15,148,26
5940,B1,19,19,18,20,0,0,0,0,0,0,0,0,0,0,1,2,1,5,18
5940,B2,20,0,2,6,0,0,0,0,0,0,0,0,0,0,1,1,10,172,22
5940,C1,9,3,14,0,0,0,0,0,0,0,0,0,0,1,0,2,26,586,54
5955,A1,1,3,0,7,0,0,0,0,0,0,0,0,0,1,0,1,17,353,32
5955,B0,0,17,6,1,0,0,0,0,0,0,0,0,0,0,1,1,15,148,26
5955,B1,16,19,20,20,0,0,0,0,0,0,0,0,0,1,0,2,1,5,18
5955,B2,20,0,2,5,0,0,0,0,0,0,0,0,0,0,1,1,10,172,22
5955,C1,8,2,12,0,0,0,0,0,0,0,0,0,0,0,1,2,26,586,54
5970,A1,1,4,0,3,0,0,0,0,0,0,0,0,0,0,1,2,17,353,32
5970,B0,0,20,5,2,0,0,0,0,0,0,0,0,0,0,1,1,15,148,26
5970,B1,17,19,19,19,0,0,0,0,0,0,0,0,0,0,1,1,1,5,18
5970,B2,20,0,1,4,0,0,0,0,0,0,0,0,0,0,1,1,10,172,22
5970,C1,7,1,12,0,0,0,0,0,0,0,0,0,0,1,0,2,26,586,54
5985,A1,1,4,0,3,0,0,0,0,0,0,0,0,0,1,0,2,17,353,32
5985,B0,0,18,3,1,0,0,0,0,0,0,0,0,0,1,0,2,15,148,26
5985,B1,18,19,19,20,0,0,0,0,0,0,0,0,0,1,0,2,1,5,18
5985,B2,20,0,1,4,0,0,0,0,0,0,0,0,0,0,1,1,10,172,22
5985,C1,3,1,13,0,0,0,0,0,0,0,0,0,0,1,0,1,26,586,54
6000,A1,1,2,0,3,0,0,0,0,0,0,0,0,0,0,1,1,17,353,32
6000,B0,0,18,2,3,0,0,0,0,0,0,0,0,0,0,1,1,16,152,27
6000,B1,15,18,19,19,0,0,0,0,0,0,0,0,0,0,1,1,1,5,18
6000,B2,18,0,1,5,0,0,0,0,0,0,0,0,0,0,1,1,10,172,22
6000,C1,5,1,12,0,0,0,0,0,0,0,0,0,0,1,0,2,26,586,54
6015,A1,1,2,0,2,0,0,0,0,0,0,0,0,0,1,0,2,17,353,32
6015,B0,0,17,1,1,0,0,0,0,0,0,0,0,0,1,0,2,16,152,27
6015,B1,19,20,19,17,0,0,0,0,0,0,0,0,0,0,1,2,1,5,18
6015,B2,18,0,1,4,0,0,0,0,0,0,0,0,0,1,0,1,10,172,22
6015,C1,6,1,14,0,0,0,1,0,0,0,0,0,0,1,0,2,27,588,54
6030,A1,1,1,0,3,0,0,0,0,0,0,0,0,0,1,0,1,17,353,32
6030,B0,0,14,3,2,0,0,0,0,0,0,0,0,0,0,1,1,16,152,27
6030,B1,18,19,20,19,0,0,0,0,0,0,0,0,0,1,0,2,1,5,18
6030,B2,18,0,1,7,0,0,0,0,0,0,0,0,0,0,1,1,10,172,22
6030,C1,7,1,14,0,0,0,0,0,0,0,0,0,0,0,1,1,27,594,55
6045,A1,3,1,0,1,0,0,0,0,0,0,0,0,0,0,1,2,17,353,32
6045,B0,0,16,4,2,0,0,0,0,0,0,0,0,0,0,1,1,16,152,27
6045,B1,18,19,20,20,0,0,0,0,0,0,0,0,0,1,0,2,1,5,18
6045,B2,20,0,1,6,0,0,0,0,0,0,0,0,0,0,1,1,10,172,22
6045,C1,7,1,15,0,0,0,0,0,0,0,0,0,0,0,1,1,27,594,55
6060,A1,1,1,0,3,0,1,0,0,0,0,0,0,0,0,1,2,19,373,34
6060,B0,0,17,3,2,0,0,0,0,0,0,0,0,0,1,0,1,16,152,27
6060,B1,19,19,20,19,0,0,0,0,0,0,0,0,0,1,0,2,1,5,18
6060,B2,20,0,1,6,0,0,0,0,0,0,0,0,0,0,1,1,10,172,22
6060,C1,9,1,14,0,0,0,0,0,0,0,0,0,0,1,0,2,27,594,55
6075,A1,1,2,0,1,0,0,0,0,0,0,0,0,0,1,0,2,19,391,35
6075,B0,0,17,2,1,0,0,0,0,0,0,0,0,0,1,0,2,16,152,27
6075,B1,19,20,20,20,0,0,0,0,0,0,0,0,0,1,0,2,1,5,18
6075,B2,20,0,2,7,0,0,0,0,0,0,0,0,0,0,1,1,10,172,22
6075,C1,10,2,13,0,0,0,0,0,0,0,0,0,0,0,1,2,27,594,55
6090,A1,3,2,0,1,0,0,0,0,0,0,0,0,0,0,1,2,19,391,35
6090,B0,0,17,5,3,0,0,0,0,0,0,0,0,0,0,1,1,16,152,27
6090,B1,18,19,20,20,0,0,0,0,0,0,0,0,0,1,0,2,1,5,18
6090,B2,20,0,2,8,0,0,0,0,0,0,0,0,0,0,1,1,10,172,22
6090,C1,9,1,16,0,0,0,0,0,0,0,0,0,0,1,0,2,27,594,55
6105,A1,1,2,0,5,0,0,0,0,0,0,0,0,0,1,0,1,19,391,35
6105,B0,0,16,3,2,0,0,0,0,0,0,0,0,0,1,0,1,16,152,27
6105,B1,15,18,20,20,0,0,0,0,0,0,0,0,0,0,1,1,1,5,18
6105,B2,20,0,2,7,0,0,0,0,0,0,0,0,0,0,1,1,10,172,22
6105,C1,7,3,16,0,0,0,0,0,0,0,0,0,0,1,0,2,27,594,55
6120,A1,5,4,0,3,0,0,0,0,0,0,0,0,0,1,0,2,19,391,35
6120,B0,0,16,2,1,0,0,0,0,0,0,0,0,0,0,1,2,16,152,27
6120,B1,14,20,20,20,0,0,0,0,0,0,0,0,0,0,1,1,1,5,18
6120,B2,20,0,4,7,0,0,0,0,0,0,0,0,0,0,1,1,10,172,22
6120,C1,8,1,16,0,0,0,0,0,0,0,0,0,0,0,1,1,27,594,55
6135,A1,2,3,0,1,0,0,0,0,0,0,0,0,0,0,1,2,19,391,35
6135,B0,0,13,2,1,0,0,0,0,0,0,0,0,0,1,0,2,16,152,27
6135,B1,14,20,20,21,0,0,0,0,0,0,0,0,0,0,1,1,1,5,18
6135,B2,20,0,3,10,0,0,0,0,0,0,0,0,0,0,1,1,10,172,22
6135,C1,9,2,14,0,0,0,0,0,0,0,0,0,0,1,0,2,27,594,55
6150,A1,2,4,0,1,0,0,0,0,0,0,0,0,0,1,0,2,19,391,35
6150,B0,0,13,4,1,0,0,0,0,0,0,0,0,0,0,1,1,16,152,27
6150,B1,16,20,20,19,0,0,0,0,0,0,0,0,0,0,1,1,1,5,18
6150,B2,20,0,3,11,0,0,0,0,0,0,0,0,0,0,1,1,10,172,22
6150,C1,11,1,16,0,0,0,0,0,0,0,0,0,0,1,0,2,27,594,55
6165,A1,1,3,0,1,0,0,0,0,0,0,0,0,0,1,0,2,19,391,35
6165,B0,0,17,3,2,0,0,0,0,0,0,0,0,0,1,0,1,16,152,27
6165,B1,16,20,20,20,0,0,0,0,0,0,0,0,0,0,1,1,1,5,18
6165,B2,20,0,3,10,0,0,0,0,0,0,0,0,0,0,1,1,10,172,22
6165,C1,10,1,17,0,0,0,0,0,0,0,0,0,0,1,0,2,27,594,55
6180,A1,2,2,0,1,0,0,0,0,0,0,0,0,0,1,0,2,19,391,35
6180,B0,0,17,3,1,0,0,0,0,0,0,0,0,0,0,1,2,17,156,28
6180,B1,18,20,18,21,0,0,0,0,0,0,0,0,0,0,1,2,1,5,18
6180,B2,20,0,2,7,0,0,0,0,0,0,0,0,0,0,1,1,10,172,22
6180,C1,11,2,17,0,0,0,1,0,0,0,0,0,0,1,0,2,28,596,55
6195,A1,1,1,0,1,0,0,0,0,0,0,0,0,0,1,0,2,19,391,35
6195,B0,0,17,4,3,0,0,0,0,0,0,0,0,0,0,1,1,17,156,28
6195,B1,18,18,20,19,0,0,0,0,0,0,0,0,0,0,1,1,1,5,18
6195,B2,20,0,5,9,0,0,0,0,0,0,0,0,0,0,1,1,10,172,22
6195,C1,11,1,18,0,0,0,0,0,0,0,0,0,0,0,1,1,28,596,56
6210,A1,1,3,0,3,0,0,0,0,0,0,0,0,0,0,1,2,19,391,35
6210,B0,0,18,3,2,0,0,0,0,0,0,0,0,0,1,0,1,17,156,28
6210,B1,18,17,20,18,0,0,0,0,0,0,0,0,0,1,0,1,1,5,18
6210,B2,20,0,7,11,0,0,0,0,0,0,0,0,0,0,1,1,10,172,22
6210,C1,10,1,18,0,0,0,0,0,0,0,0,0,0,1,0,1,29,598,57
6225,A1,2,5,0,3,0,0,0,0,0,0,0,0,0,1,0,2,19,391,35
6225,B0,0,16,2,1,0,0,0,0,0,0,0,0,0,0,1,2,18,157,30
6225,B1,19,18,20,20,0,0,0,0,0,0,0,0,0,0,1,2,1,5,18
6225,B2,20,0,7,9,0,0,0,0,0,0,0,0,0,0,1,1,10,172,22
6225,C1,12,1,18,0,0,0,0,0,0,0,0,0,0,1,0,2,29,598,57
6240,A1,2,1,0,3,0,0,0,0,0,0,0,0,0,1,0,1,19,391,35
6240,B0,0,15,2,2,0,0,0,0,0,0,0,0,0,1,0,2,18,157,30
6240,B1,19,15,19,20,0,0,0,0,0,0,0,0,0,1,0,2,1,5,18
6240,B2,20,0,2,9,0,0,0,0,0,0,0,0,0,0,1,1,10,172,22
6240,C1,10,1,17,0,0,0,0,0,0,0,0,0,0,0,1,1,29,598,57
6255,A1,4,2,0,3,0,0,0,0,0,0,0,0,0,1,0,2,19,391,35
6255,B0,0,14,2,3,0,0,0,0,0,0,0,0,0,0,1,1,18,157,30
6255,B1,20,14,20,20,0,0,0,0,0,0,0,0,0,0,1,1,1,5,18
6255,B2,20,0,5,7,0,0,0,0,0,0,0,0,0,0,1,1,10,172,22
6255,C1,9,1,15,0,0,0,0,0,0,0,0,0,0,1,0,2,29,598,57
6270,A1,2,3,0,1,0,0,0,0,0,0,0,0,0,0,1,2,19,391,35
6270,B0,0,16,3,2,0,0,0,0,0,0,0,0,0,1,0,1,18,157,30
6270,B1,20,17,20,19,0,0,0,0,0,0,0,0,0,1,0,2,1,5,18
6270,B2,20,0,2,8,0,0,0,0,0,0,0,0,0,0,1,1,10,172,22
6270,C1,12,2,17,0,0,0,1,0,0,0,0,0,0,1,0,2,30,600,57
6285,A1,2,5,0,1,0,0,0,0,0,0,0,0,0,1,0,2,19,391,35
6285,B0,0,16,3,2,0,0,0,0,0,0,0,0,0,1,0,1,18,157,30
6285,B1,20,11,20,20,0,0,0,0,0,0,0,0,0,1,0,1,1,5,18
6285,B2,20,0,2,8,0,0,0,0,0,0,0,0,0,0,1,1,10,172,22
6285,C1,11,1,16,0,0,0,1,0,0,0,0,0,0,0,1,2,31,615,58
6300,A1,1,4,0,2,0,0,0,0,0,0,0,0,0,1,0,2,19,391,35
6300,B0,0,18,2,1,0,0,0,0,0,0,0,0,0,0,1,2,18,157,30
6300,B1,20,17,20,19,0,0,0,0,0,0,0,0,0,0,1,2,1,5,18
6300,B2,20,0,3,8,0,0,0,0,0,0,0,0,0,0,1,1,10,172,22
6300,C1,10,1,17,0,0,0,1,0,0,0,0,0,0,1,0,2,31,645,58
6315,A1,3,3,0,2,0,0,0,0,0,0,0,0,0,0,1,2,19,391,35
6315,B0,0,18,4,1,0,0,0,0,0,0,0,0,0,0,1,1,18,157,30
6315,B1,20,14,20,20,0,0,0,0,0,0,0,0,0,1,0,2,1,5,18
6315,B2,20,0,2,8,0,0,0,0,0,0,0,0,0,0,1,1,10,172,22
6315,C1,10,4,16,0,0,0,0,0,0,0,0,0,0,0,1,2,31,649,59
6330,A1,1,2,0,1,0,0,0,0,0,0,0,0,0,1,0,2,19,391,35
6330,B0,0,19,1,1,0,0,0,0,0,0,0,0,0,1,0,2,18,157,30
6330,B1,20,13,20,18,0,0,0,0,0,0,0,0,0,0,1,1,1,5,18
6330,B2,19,0,1,6,0,0,0,0,0,0,0,0,0,0,1,1,10,172,22
6330,C1,9,1,16,0,0,0,0,0,0,0,0,0,0,1,0,2,32,656,61
6345,A1,1,1,0,1,0,0,0,0,0,0,0,0,0,1,0,2,19,391,35
6345,B0,0,18,5,3,0,0,0,0,0,0,0,0,0,0,1,1,18,157,30
6345,B1,20,17,20,17,0,0,0,0,0,0,0,0,0,1,0,2,1,5,18
6345,B2,20,0,1,5,0,0,0,0,0,0,0,0,0,0,1,1,10,172,22
6345,C1,9,1,15,0,0,0,0,0,0,0,0,0,0,0,1,2,32,656,61
6360,A1,3,3,0,2,0,0,0,0,0,0,0,0,0,0,1,2,19,391,35
6360,B0,0,20,3,1,0,0,0,0,0,0,0,0,0,0,1,2,18,157,30
6360,B1,20,12,19,20,0,0,0,0,0,0,0,0,0,1,0,2,1,5,18
6360,B2,18,0,1,4,0,0,0,0,0,0,0,0,0,1,0,1,10,172,22
6360,C1,8,1,15,0,0,0,0,0,0,0,0,0,0,0,1,1,32,656,61
6375,A1,1,2,0,2,0,0,0,0,2,0,0,0,0,0,1,1,20,396,35
6375,B0,0,17,2,1,0,0,0,0,0,0,0,0,0,0,1,2,18,157,30
6375,B1,20,15,20,19,0,0,0,0,0,0,0,1,0,0,1,2,1,5,18
6375,B2,18,0,1,3,0,0,0,0,0,0,0,0,0,0,1,2,10,172,22
6375,C1,11,2,14,0,0,0,0,0,0,0,0,0,0,1,0,2,32,656,61
6390,A1,4,4,0,1,0,0,0,0,1,0,0,0,0,0,1,1,20,426,35
6390,B0,0,17,2,3,0,0,0,0,0,0,0,0,0,0,1,1,18,157,30
6390,B1,19,15,20,19,0,0,0,0,0,0,0,1,0,1,0,2,1,5,18
6390,B2,16,0,3,4,0,0,0,0,0,0,0,0,0,1,0,1,10,172,22
6390,C1,9,2,15,0,0,0,0,0,0,0,0,0,0,1,0,2,32,656,61
6405,A1,4,7,0,1,0,0,0,0,0,0,0,0,0,1,0,2,20,441,38
6405,B0,0,17,1,2,0,0,0,0,0,0,0,0,0,1,0,2,18,157,30
6405,B1,20,13,20,19,0,0,0,0,0,0,0,0,0,0,1,1,1,5,18
6405,B2,17,0,4,5,0,0,0,0,0,0,0,0,0,0,1,1,10,172,22
6405,C1,8,1,16,0,0,0,0,0,0,0,0,0,0,0,1,1,32,656,61
6420,A1,1,7,0,5,0,0,0,0,0,0,0,0,0,1,0,2,20,441,38
6420,B0,0,16,2,4,0,0,0,0,0,0,0,0,0,0,1,1,18,157,30
6420,B1,18,19,20,18,0,0,0,0,0,0,0,0,0,1,0,2,1,5,18
6420,B2,18,0,1,4,0,0,0,0,0,0,0,0,0,1,0,1,10,172,22
6420,C1,8,1,16,0,0,0,0,0,0,0,0,0,0,1,0,1,32,656,61
6435,A1,3,5,0,5,0,0,0,0,0,0,0,0,0,1,0,2,20,441,38
6435,B0,0,19,3,1,0,0,0,0,0,0,0,0,0,1,0,2,18,157,30
6435,B1,16,19,20,19,0,0,0,0,0,0,0,0,0,0,1,1,1,5,18
6435,B2,18,0,1,5,0,0,0,0,0,0,0,0,0,1,0,1,10,172,22
6435,C1,9,2,16,0,0,0,0,0,0,0,0,0,0,1,0,2,32,656,61
6450,A1,1,3,0,9,0,0,0,0,0,0,0,0,0,1,0,1,20,441,38
6450,B0,0,13,3,1,0,0,0,0,0,0,0,0,0,1,0,2,18,157,30
6450,B1,19,20,18,18,0,0,0,0,0,0,0,0,0,0,1,2,1,5,18
6450,B2,18,0,1,2,0,0,0,0,0,0,0,0,0,0,1,2,10,172,22
6450,C1,8,3,17,0,0,0,0,0,0,0,0,0,0,1,0,2,32,656,61
6465,A1,2,5,0,8,0,0,0,0,0,0,0,0,0,1,0,2,20,441,38
6465,B0,0,14,2,1,0,0,0,0,0,0,0,0,0,0,1,2,18,157,30
6465,B1,20,19,19,20,0,0,0,0,0,0,0,0,0,1,0,2,1,5,18
6465,B2,18,0,2,3,0,0,0,0,0,0,0,0,0,0,1,2,10,172,22
6465,C1,8,4,19,0,0,0,0,0,0,0,0,0,0,1,0,2,32,656,61
6480,A1,2,3,0,8,0,0,0,0,0,0,0,0,0,1,0,2,20,441,38
6480,B0,0,17,2,3,0,0,0,0,0,0,0,0,0,1,0,1,18,157,30
6480,B1,18,14,20,20,0,0,0,0,0,0,0,0,0,1,0,1,1,5,18
6480,B2,15,0,4,3,0,0,0,0,0,0,0,0,0,1,0,1,10,172,22
6480,C1,7,4,18,0,0,0,0,0,0,0,0,0,0,1,0,2,32,656,61
6495,A1,1,4,0,9,0,0,0,0,0,0,0,0,0,0,1,2,20,441,38
6495,B0,0,16,2,1,0,0,0,0,0,0,0,0,0,1,0,2,18,157,30
6495,B1,18,14,20,17,0,0,0,0,0,0,0,0,0,0,1,1,1,5,18
6495,B2,17,0,3,4,0,0,0,0,0,0,0,0,0,0,1,1,10,172,22
6495,C1,7,1,18,0,0,0,0,0,0,0,0,0,0,0,1,1,32,656,61
6510,A1,2,6,0,7,0,0,0,0,0,0,0,0,0,1,0,2,20,441,38
6510,B0,0,14,4,1,0,0,0,0,0,0,0,0,0,1,0,1,18,157,30
6510,B1,20,13,20,17,0,0,0,0,0,0,0,0,0,0,1,1,1,5,18
6510,B2,18,0,2,4,0,0,0,0,0,0,0,0,0,1,0,1,10,172,22
6510,C1,7,2,13,0,0,0,0,0,0,0,0,0,0,0,1,2,32,656,61
6525,A1,1,4,0,13,0,0,0,0,0,0,0,0,0,1,0,2,20,441,38
6525,B0,0,16,3,2,0,0,0,0,0,0,0,0,0,1,0,1,18,157,30
6525,B1,20,15,19,20,0,0,0,0,0,0,0,0,0,0,1,2,1,5,18
6525,B2,18,0,2,4,0,0,0,0,0,0,0,0,0,0,1,1,11,176,23
6525,C1,10,2,16,0,0,0,0,0,0,0,0,0,0,1,0,2,32,656,61
6540,A1,1,6,0,15,0,0,0,0,0,0,0,0,0,1,0,2,20,441,38
6540,B0,0,18,6,1,0,0,0,0,0,0,0,0,0,0,1,1,18,157,30
6540,B1,20,15,20,20,0,0,0,0,0,0,0,0,0,1,0,2,1,5,18
6540,B2,18,0,2,6,0,0,0,0,0,0,0,0,0,0,1,1,11,176,23
6540,C1,8,3,17,0,0,0,0,0,0,0,0,0,0,1,0,2,32,656,61
6555,A1,3,6,0,16,0,0,0,0,0,0,0,0,0,1,0,2,20,441,38
6555,B0,0,20,3,1,0,0,0,0,0,0,0,0,0,0,1,2,18,157,30
6555,B1,19,16,17,20,0,0,0,0,0,0,0,0,0,0,1,2,1,5,18
6555,B2,19,0,1,5,0,0,0,0,0,0,0,0,0,0,1,1,11,176,23
6555,C1,8,2,17,0,0,0,0,0,0,0,0,0,0,1,0,2,32,656,61
6570,A1,1,7,0,18,0,0,0,0,0,0,0,0,0,1,0,2,20,441,38
6570,B0,0,18,7,1,0,0,0,0,0,0,0,0,0,0,1,1,18,157,30
6570,B1,16,16,17,19,0,0,0,0,0,0,0,0,0,1,0,2,1,5,18
6570,B2,18,0,2,5,0,0,0,0,0,0,0,0,0,1,0,1,11,176,23
6570,C1,8,1,17,0,0,0,0,0,0,0,0,0,0,0,1,1,32,656,61
6585,A1,3,6,0,19,0,0,0,0,0,0,0,0,0,1,0,2,20,441,38
6585,B0,0,20,6,3,0,0,0,0,0,0,0,0,0,0,1,1,18,157,30
6585,B1,16,18,20,17,0,0,0,0,0,0,0,0,0,0,1,1,1,5,18
6585,B2,18,0,2,4,0,0,0,0,0,0,0,0,0,0,1,1,11,176,23
6585,C1,8,3,13,0,0,0,0,0,0,0,0,0,0,0,1,2,32,656,61
6600,A1,1,6,0,20,0,0,0,0,0,0,0,0,0,1,0,2,20,441,38
6600,B0,0,20,3,1,0,0,0,0,0,0,0,0,0,0,1,2,18,157,30
6600,B1,19,18,19,16,0,0,0,0,0,0,0,0,0,1,0,2,1,5,18
6600,B2,20,0,2,6,0,0,0,0,0,0,0,0,0,0,1,1,11,176,23
6600,C1,10,6,15,0,0,0,0,0,0,0,0,0,0,1,0,2,32,656,61
6615,A1,1,5,0,20,0,0,0,0,0,0,0,0,0,1,0,2,20,441,38
6615,B0,0,18,7,3,0,0,0,0,0,0,0,0,0,0,1,1,18,157,30
6615,B1,17,16,20,20,0,0,0,0,0,0,0,0,0,0,1,1,1,5,18
6615,B2,20,0,2,4,0,0,0,0,0,0,0,0,0,0,1,1,11,176,23
6615,C1,5,1,18,0,0,0,0,0,0,0,0,0,0,1,0,1,32,656,61
6630,A1,4,6,0,20,0,0,0,0,0,0,0,0,0,1,0,2,20,441,38
6630,B0,0,19,5,2,0,0,0,0,0,0,0,0,0,0,1,1,18,157,30
6630,B1,20,17,19,19,0,0,0,0,0,0,0,0,0,1,0,2,1,5,18
6630,B2,20,0,1,4,0,0,0,0,0,0,0,0,0,0,1,1,11,176,23
6630,C1,8,2,16,0,0,0,0,0,0,0,0,0,0,1,0,2,32,656,61
6645,A1,1,3,0,20,0,0,0,0,0,0,0,0,0,1,0,1,20,441,38
6645,B0,0,20,6,2,0,0,0,0,0,0,0,0,0,0,1,1,18,157,30
6645,B1,20,14,20,20,0,0,0,0,0,0,0,0,0,1,0,2,1,5,18
6645,B2,18,0,2,5,0,0,0,0,0,0,0,0,0,0,1,1,11,176,23
6645,C1,7,5,16,0,0,0,0,0,0,0,0,0,0,1,0,2,32,656,61
6660,A1,1,4,0,17,0,0,0,0,0,0,0,0,0,0,1,2,20,441,38
6660,B0,0,20,5,1,0,0,0,0,0,0,0,0,0,0,1,1,18,157,30
6660,B1,20,10,19,19,0,0,0,0,0,0,0,0,0,0,1,1,1,5,18
6660,B2,19,0,2,8,0,0,0,0,0,0,0,0,0,0,1,1,11,176,23
6660,C1,5,1,18,0,0,0,0,0,0,0,0,0,0,1,0,1,32,656,61
6675,A1,2,3,0,17,0,0,0,0,0,0,0,0,0,0,1,1,20,441,38
6675,B0,0,20,5,3,0,0,0,0,0,0,0,0,0,0,1,1,18,157,30
6675,B1,20,11,19,19,0,0,0,0,0,0,0,0,0,0,1,1,1,5,18
6675,B2,20,0,3,5,0,0,0,0,0,0,0,0,0,0,1,1,11,176,23
6675,C1,7,2,15,0,0,0,0,0,0,0,0,0,0,0,1,2,32,656,61
6690,A1,4,3,0,14,0,0,0,0,0,0,0,0,0,0,1,2,20,441,38
6690,B0,0,20,3,1,0,0,0,0,0,0,0,0,0,0,1,2,18,157,30
6690,B1,20,12,20,20,0,0,0,0,0,0,0,0,0,0,1,1,1,5,18
6690,B2,19,0,1,3,0,0,0,0,0,0,0,0,0,1,0,2,11,176,23
6690,C1,7,1,15,0,0,0,0,0,0,0,0,0,0,1,0,1,32,656,61
6705,A1,2,2,0,17,0,0,0,0,0,0,0,0,0,1,0,1,20,441,38
6705,B0,0,16,5,2,0,0,0,0,0,0,0,0,0,1,0,1,18,157,30
6705,B1,20,15,18,18,0,0,0,0,0,0,0,0,0,0,1,2,1,5,18
6705,B2,18,0,3,4,0,0,0,0,0,0,0,0,0,0,1,1,11,176,23
6705,C1,7,1,14,0,0,0,0,0,0,0,0,0,0,1,0,1,32,656,61
6720,A1,1,6,0,15,0,0,0,0,0,0,0,0,0,1,0,2,20,441,38
6720,B0,0,17,6,5,0,0,0,0,0,0,0,0,0,0,1,1,18,157,30
6720,B1,19,14,20,19,0,0,0,0,0,0,0,0,0,0,1,1,1,5,18
6720,B2,18,0,1,3,0,0,0,0,0,0,0,0,0,1,0,2,11,176,23
6720,C1,6,3,12,0,0,0,0,0,0,0,0,0,0,0,1,2,32,656,61
6735,A1,4,3,0,16,0,0,0,0,0,0,0,0,0,0,1,2,20,441,38
6735,B0,0,20,7,4,0,0,0,0,0,0,0,0,0,0,1,1,18,157,30
6735,B1,20,15,20,19,0,0,0,0,0,0,0,0,0,0,1,1,1,5,18
6735,B2,15,0,2,4,0,0,0,0,0,0,0,0,0,0,1,1,11,176,23
6735,C1,7,1,13,0,0,0,0,0,0,0,0,0,0,1,0,2,32,656,61
6750,A1,2,6,0,14,0,0,0,0,0,0,0,0,0,1,0,2,20,441,38
6750,B0,0,20,10,2,0,0,0,0,0,0,0,0,0,0,1,1,18,157,30
6750,B1,20,15,20,18,0,0,0,0,0,0,0,0,0,1,0,2,1,5,18
6750,B2,19,0,2,2,0,0,0,0,0,0,0,0,0,1,0,2,11,176,23
6750,C1,6,2,13,0,0,0,0,0,0,0,0,0,0,0,1,2,32,656,61
6765,A1,2,8,0,14,0,0,0,0,0,0,0,0,0,1,0,2,20,441,38
6765,B0,0,20,7,2,0,0,0,0,0,0,0,0,0,0,1,1,18,157,30
6765,B1,18,17,20,18,0,0,0,0,0,0,0,0,0,0,1,1,1,5,18
6765,B2,14,0,2,3,0,0,0,0,0,0,0,0,0,1,0,2,11,176,23
6765,C1,5,1,13,0,0,0,0,0,0,0,0,0,0,1,0,1,33,668,63
6780,A1,4,5,0,15,0,0,0,0,0,0,0,0,0,1,0,2,20,441,38
6780,B0,0,20,9,2,0,0,0,0,0,0,0,0,0,0,1,1,18,157,30
6780,B1,19,16,20,16,0,0,0,0,0,0,0,0,0,1,0,2,1,5,18
6780,B2,13,0,3,5,0,0,0,0,0,0,0,0,0,0,1,1,11,176,23
6780,C1,5,3,11,0,0,0,0,0,0,0,0,0,0,1,0,2,34,669,64
6795,A1,3,8,0,17,0,0,0,0,0,0,0,0,0,1,0,2,20,441,38
6795,B0,0,20,9,2,0,0,0,0,0,0,0,0,0,0,1,1,18,157,30
6795,B1,17,15,20,19,0,0,0,0,0,0,0,0,0,0,1,1,1,5,18
6795,B2,18,0,2,3,0,0,0,0,0,0,0,0,0,0,1,2,11,176,23
6795,C1,2,2,12,0,0,0,0,0,0,0,0,0,0,0,1,1,34,669,64
6810,A1,1,8,0,19,0,0,0,0,0,0,0,0,0,1,0,2,20,441,38
6810,B0,0,20,8,3,0,0,0,0,0,0,0,0,0,0,1,1,18,157,30
6810,B1,20,15,18,16,0,0,0,0,0,0,0,0,0,0,1,2,1,5,18
6810,B2,14,0,2,3,0,0,0,0,0,0,0,0,0,1,0,2,11,176,23
6810,C1,3,2,7,0,0,0,0,0,0,0,0,0,0,0,1,1,34,669,64
6825,A1,2,11,0,20,0,0,0,0,0,0,0,0,0,1,0,2,20,441,38
6825,B0,0,20,3,2,0,0,0,0,0,0,0,0,0,0,1,1,18,157,30
6825,B1,18,14,18,19,0,0,0,0,0,0,0,0,0,0,1,1,1,5,18
6825,B2,14,0,3,4,0,0,0,0,0,0,0,0,0,0,1,1,11,176,23
6825,C1,4,3,8,0,0,0,0,0,0,0,0,0,0,1,0,2,34,669,64
6840,A1,1,12,0,20,0,0,0,0,0,0,0,0,0,1,0,2,20,441,38
6840,B0,0,17,2,1,0,0,0,0,0,0,0,0,0,1,0,2,18,157,30
6840,B1,19,15,14,20,0,0,0,0,0,0,0,0,0,0,1,2,1,5,18
6840,B2,16,0,3,7,0,0,0,2,0,0,0,0,0,0,1,1,12,178,23
6840,C1,3,4,7,0,0,0,0,0,0,0,0,0,0,0,1,2,34,669,64
6855,A1,1,9,0,20,0,0,0,0,0,0,0,0,0,1,0,2,20,441,38
6855,B0,0,16,5,1,0,0,0,0,0,0,0,0,0,0,1,1,18,157,30
6855,B1,19,15,16,20,0,0,0,0,0,0,0,0,0,1,0,2,1,5,18
6855,B2,17,0,2,3,0,0,0,0,0,0,0,0,0,1,0,2,12,179,25
6855,C1,2,2,8,0,0,0,0,0,0,0,0,0,0,0,1,1,34,669,64
6870,A1,2,6,0,20,0,0,0,0,0,0,0,0,0,1,0,2,20,441,38
6870,B0,0,20,5,1,0,0,0,0,0,0,0,0,0,0,1,1,18,157,30
6870,B1,19,17,14,20,0,0,0,0,0,0,0,0,0,0,1,2,1,5,18
6870,B2,15,0,3,4,0,0,0,0,0,0,0,0,0,0,1,1,12,179,25
6870,C1,3,3,7,0,0,0,0,0,0,0,0,0,0,1,0,2,34,669,64
6885,A1,2,4,0,18,0,0,0,0,0,0,0,0,0,0,1,2,20,441,38
6885,B0,0,19,4,3,0,0,0,0,0,0,0,0,0,1,0,1,18,157,30
6885,B1,16,18,16,20,0,0,0,0,0,0,0,0,0,1,0,2,1,5,18
6885,B2,17,0,2,5,0,0,0,0,0,0,0,0,0,0,1,1,12,179,25
6885,C1,3,4,9,0,0,0,0,0,0,0,0,0,0,1,0,2,34,669,64
6900,A1,3,3,0,18,0,0,0,0,0,0,0,0,0,1,0,2,20,441,38
6900,B0,0,18,5,3,0,0,0,0,0,0,0,0,0,0,1,1,18,157,30
6900,B1,17,18,16,19,0,0,0,0,0,0,0,0,0,0,1,1,1,5,18
6900,B2,18,0,2,4,0,0,0,0,0,0,0,0,0,0,1,1,12,179,25
6900,C1,4,2,8,0,0,0,0,0,0,0,0,0,0,0,1,2,34,669,64
6915,A1,1,5,0,18,0,0,0,0,0,0,0,0,0,1,0,2,20,441,38
6915,B0,0,20,3,1,0,0,0,0,0,0,0,0,0,0,1,2,18,157,30
6915,B1,20,18,16,18,0,0,0,0,0,0,0,0,0,1,0,2,1,5,18
6915,B2,16,0,2,4,0,0,0,0,0,0,0,0,0,1,0,1,12,179,25
6915,C1,5,3,9,0,0,0,0,0,0,0,0,0,0,1,0,2,34,669,64
6930,A1,2,3,0,19,0,0,0,0,0,0,0,0,0,1,0,1,20,441,38
6930,B0,0,18,3,2,0,0,0,0,0,0,0,0,0,0,1,1,18,157,30
6930,B1,19,18,16,20,0,0,0,0,0,0,0,0,0,1,0,2,1,5,18
6930,B2,16,0,1,1,0,0,0,1,0,0,0,0,0,0,1,1,13,205,25
6930,C1,5,1,9,0,0,0,0,0,0,0,0,0,0,1,0,2,34,669,64
6945,A1,3,5,0,17,0,0,0,0,0,0,0,0,0,1,0,2,20,441,38
6945,B0,0,17,3,3,0,0,0,0,0,0,0,0,0,1,0,1,18,157,30
6945,B1,19,17,16,20,0,0,0,0,0,0,0,0,0,1,0,2,1,5,18
6945,B2,17,0,1,1,0,0,0,0,0,0,0,0,0,1,0,2,13,207,27
6945,C1,5,3,7,0,0,0,0,0,0,0,0,0,0,1,0,2,34,669,64
6960,A1,1,4,0,19,0,0,0,0,0,0,0,0,0,1,0,2,20,441,38
6960,B0,0,18,5,4,0,0,0,0,0,0,0,0,0,0,1,1,18,157,30
6960,B1,20,18,17,20,0,0,0,0,0,0,0,0,0,1,0,2,1,5,18
6960,B2,12,0,3,2,0,0,0,0,0,0,0,0,0,1,0,2,13,207,27
6960,C1,3,2,7,0,0,0,0,0,0,0,0,0,0,1,0,1,34,669,64
6975,A1,1,2,0,17,0,0,0,0,0,0,0,0,0,0,1,1,20,441,38
6975,B0,0,20,2,3,0,0,0,0,0,0,0,0,0,1,0,1,18,157,30
6975,B1,20,18,17,20,0,0,0,0,0,0,0,0,0,1,0,2,1,5,18
6975,B2,15,0,2,2,0,0,0,0,0,0,0,0,0,1,0,2,13,207,27
6975,C1,3,1,6,0,0,0,0,0,0,0,0,0,0,1,0,1,34,669,64
6990,A1,1,5,0,16,0,0,0,0,0,0,0,0,0,1,0,2,20,441,38
6990,B0,0,18,5,1,0,0,0,0,0,0,0,0,0,0,1,1,18,157,30
6990,B1,20,11,18,20,0,0,0,0,0,0,0,0,0,1,0,2,1,5,18
6990,B2,14,0,3,2,0,0,0,0,0,0,0,0,0,1,0,2,13,207,27
6990,C1,6,1,4,0,0,0,0,0,0,0,0,0,0,0,1,2,34,669,64
7005,A1,2,4,0,17,0,0,0,0,0,0,0,0,0,1,0,2,20,441,38
7005,B0,0,20,4,1,0,0,0,0,0,0,0,0,0,1,0,1,18,157,30
7005,B1,19,10,18,20,0,0,0,0,0,0,0,0,0,0,1,1,1,5,18
7005,B2,15,0,3,2,0,0,0,0,0,0,0,0,0,0,1,2,13,207,27
7005,C1,2,2,6,0,0,0,0,0,0,0,0,0,0,0,1,1,34,669,64
7020,A1,2,3,0,17,0,0,0,0,0,0,0,0,0,0,1,1,20,441,38
7020,B0,0,18,4,1,0,0,0,0,0,0,0,0,0,0,1,1,18,157,30
7020,B1,20,10,19,19,0,0,0,0,0,0,0,0,0,0,1,1,1,5,18
7020,B2,16,0,6,4,0,0,0,0,0,0,0,0,0,1,0,1,13,207,27
7020,C1,4,2,3,0,0,0,0,0,0,0,0,0,0,1,0,2,34,669,64
7035,A1,1,6,0,17,0,0,0,0,0,0,0,0,0,1,0,2,20,441,38
7035,B0,0,18,5,3,0,0,0,0,0,0,0,0,0,1,0,1,18,157,30
7035,B1,20,12,21,14,0,0,0,0,0,0,0,0,0,0,1,2,1,5,18
7035,B2,17,0,2,5,0,0,0,0,0,0,0,0,0,0,1,1,13,207,27
7035,C1,5,2,3,0,0,0,0,0,0,0,0,0,0,1,0,2,34,669,64
7050,A1,2,3,0,20,0,0,0,0,0,0,0,0,0,1,0,1,20,441,38
7050,B0,0,18,7,1,0,0,0,0,0,0,0,0,0,0,1,1,18,157,30
7050,B1,19,12,20,16,0,0,0,0,0,0,0,0,0,0,1,1,1,5,18
7050,B2,20,0,2,5,0,0,0,0,0,0,0,0,0,0,1,1,13,207,27
7050,C1,5,1,3,0,0,0,0,0,0,0,0,0,0,1,0,2,34,669,64
7065,A1,2,3,0,16,0,0,0,0,0,0,0,0,0,0,1,1,20,441,38
7065,B0,0,20,3,3,0,0,0,0,0,0,0,0,0,0,1,1,18,157,30
7065,B1,19,13,19,15,0,0,0,0,0,0,0,0,0,1,0,2,1,5,18
7065,B2,20,0,1,6,0,0,0,0,0,0,0,0,0,0,1,1,13,207,27
7065,C1,8,1,4,0,0,0,0,0,0,0,0,0,0,1,0,2,34,669,64
7080,A1,2,5,0,15,0,0,0,0,0,0,0,0,0,1,0,2,20,441,38
7080,B0,0,18,3,2,0,0,0,0,0,0,0,0,0,0,1,1,18,157,30
7080,B1,18,13,19,18,0,0,0,0,0,0,0,0,0,0,1,1,1,5,18
7080,B2,20,0,1,6,0,0,0,0,0,0,0,0,0,0,1,1,13,207,27
7080,C1,9,2,6,0,0,0,0,0,0,0,0,0,0,1,0,2,34,669,64
7095,A1,2,4,0,20,0,0,0,0,0,0,0,0,0,1,0,2,20,441,38
7095,B0,0,19,4,4,0,0,0,0,0,0,0,0,0,0,1,1,18,157,30
7095,B1,20,14,18,19,0,0,0,0,0,0,0,0,0,0,1,2,1,5,18
7095,B2,20,0,2,2,0,0,0,0,0,0,0,0,0,1,0,2,13,207,27
7095,C1,10,4,8,0,0,0,0,0,0,0,0,0,0,1,0,2,34,669,64
7110,A1,1,6,0,20,0,0,0,0,0,0,0,0,0,1,0,2,20,441,38
7110,B0,0,20,5,2,0,0,0,0,0,0,0,0,0,0,1,1,18,157,30
7110,B1,20,15,20,20,0,0,0,0,0,0,0,0,0,1,0,2,1,5,18
7110,B2,17,0,3,6,0,0,0,0,0,0,0,0,0,0,1,1,13,207,27
7110,C1,11,1,10,0,0,0,0,0,0,0,0,0,0,1,0,2,34,669,64
7125,A1,1,4,0,20,0,0,0,0,0,0,0,0,0,1,0,2,20,441,38
7125,B0,0,20,5,1,0,0,0,0,0,0,0,0,0,0,1,1,18,157,30
7125,B1,19,13,18,20,0,0,0,0,0,0,0,0,0,0,1,1,1,5,18
7125,B2,19,0,1,5,0,0,0,0,0,0,0,0,0,0,1,1,13,207,27
7125,C1,12,1,10,0,0,0,0,0,0,0,0,0,0,1,0,2,34,669,64
7140,A1,1,4,0,18,0,0,0,0,0,0,0,0,0,1,0,2,21,442,39
7140,B0,0,20,7,1,0,0,0,0,0,0,0,0,0,0,1,1,18,157,30
7140,B1,18,14,17,19,0,0,0,0,0,0,0,0,0,0,1,1,1,5,18
7140,B2,20,0,1,4,0,0,0,0,0,0,0,0,0,0,1,1,13,207,27
7140,C1,9,2,11,0,0,0,0,0,0,0,0,0,0,1,0,2,34,669,64
7155,A1,3,2,0,19,0,0,0,0,0,0,0,0,0,1,0,1,21,442,39
7155,B0,0,20,6,1,0,0,0,0,0,0,0,0,0,0,1,1,18,157,30
7155,B1,19,15,15,18,0,0,0,0,0,0,0,0,0,0,1,2,1,5,18
7155,B2,20,0,2,6,0,0,0,0,0,0,0,0,0,0,1,1,13,207,27
7155,C1,8,4,12,0,0,0,0,0,0,0,0,0,0,1,0,2,34,669,64
7170,A1,2,5,0,17,0,0,0,0,0,0,0,0,0,1,0,2,21,442,39
7170,B0,0,20,6,2,0,0,0,0,0,0,0,0,0,0,1,1,18,157,30
7170,B1,18,16,17,20,0,0,0,0,0,0,0,0,0,1,0,2,1,5,18
7170,B2,20,0,2,8,0,0,0,0,0,0,0,0,0,0,1,1,13,207,27
7170,C1,5,2,12,0,0,0,0,0,0,0,0,0,0,1,0,2,34,669,64
7185,A1,2,1,0,19,0,0,0,0,0,0,0,0,0,1,0,1,21,442,39
7185,B0,0,20,5,1,0,0,0,0,0,0,0,0,0,0,1,1,18,157,30
7185,B1,18,13,18,20,0,0,0,0,0,0,0,0,0,0,1,1,1,5,18
7185,B2,20,0,2,4,0,0,0,0,0,0,0,0,0,0,1,1,13,207,27
7185,C1,5,4,13,0,0,0,0,0,0,0,0,0,0,1,0,2,34,669,64
7200,A1,2,2,0,15,0,0,0,0,0,0,0,0,0,0,1,1,21,442,39
7200,B0,0,18,5,1,0,0,0,0,0,0,0,0,0,1,0,1,18,157,30
7200,B1,19,13,17,20,0,0,0,0,0,0,0,0,0,1,0,2,1,5,18
7200,B2,18,0,1,3,0,0,0,0,0,0,0,0,0,1,0,2,13,207,27
7200,C1,4,2,12,0,0,0,0,0,0,0,0,0,0,0,1,1,34,669,64
7215,A1,3,3,0,11,0,0,0,0,0,0,0,0,0,0,1,2,21,442,39
7215,B0,0,18,3,1,0,0,0,0,0,0,0,0,0,0,1,2,18,157,30
7215,B1,18,15,20,20,0,0,0,0,0,0,0,0,0,0,1,1,1,5,18
7215,B2,15,0,1,5,0,0,0,0,0,0,0,0,0,0,1,1,13,207,27
7215,C1,6,1,11,0,0,0,0,0,0,0,0,0,0,1,0,2,34,669,64
7230,A1,3,2,0,17,0,0,0,0,0,0,0,0,0,1,0,1,21,442,39
7230,B0,0,17,3,4,0,0,0,0,1,0,0,0,0,0,1,1,19,161,30
7230,B1,20,15,20,20,0,0,0,0,0,0,0,0,0,0,1,2,1,5,18
7230,B2,17,0,2,3,0,0,0,0,0,0,0,0,0,1,0,2,13,207,27
7230,C1,4,1,12,0,0,0,0,0,0,0,0,0,0,1,0,1,34,669,64
7245,A1,1,3,0,17,0,0,0,0,0,0,0,0,0,1,0,1,21,442,39
7245,B0,0,17,4,3,0,0,0,0,0,0,0,0,0,1,0,1,19,161,31
7245,B1,20,16,20,20,0,0,0,0,0,0,0,0,0,1,0,2,1,5,18
7245,B2,16,0,1,4,0,0,0,0,0,0,0,0,0,0,1,1,13,207,27
7245,C1,4,1,6,0,0,0,0,0,0,0,0,0,0,0,1,2,34,669,64
7260,A1,2,4,0,13,0,0,0,0,0,0,0,0,0,0,1,2,21,442,39
7260,B0,0,18,6,2,0,0,0,0,0,0,0,0,0,0,1,1,19,161,31
7260,B1,19,16,20,20,0,0,0,0,0,0,0,0,0,1,0,2,1,5,18
7260,B2,17,0,2,3,0,0,0,0,0,0,0,0,0,1,0,2,13,207,27
7260,C1,3,1,6,0,0,0,0,0,0,0,0,0,0,1,0,1,34,669,64
7275,A1,1,7,0,13,0,0,0,0,0,0,0,0,0,1,0,2,21,442,39
7275,B0,0,20,4,1,0,0,0,0,0,0,0,0,0,0,1,1,19,161,31
7275,B1,18,17,20,16,0,0,0,0,0,0,0,0,0,0,1,1,1,5,18
7275,B2,17,0,3,1,0,0,0,0,0,0,0,0,0,1,0,2,13,207,27
7275,C1,3,2,4,0,0,0,0,0,0,0,0,0,0,1,0,2,34,669,64
7290,A1,4,4,0,13,0,0,0,0,0,0,0,0,0,1,0,2,21,442,39
7290,B0,0,20,2,1,0,0,0,0,0,0,0,0,0,0,1,2,19,161,31
7290,B1,20,16,20,17,0,0,0,0,0,0,0,0,0,1,0,2,1,5,18
7290,B2,17,0,6,2,0,0,0,0,0,0,0,0,0,0,1,1,13,207,27
7290,C1,4,3,2,0,0,0,0,0,0,0,0,0,0,0,1,2,34,669,64
7305,A1,2,5,0,15,0,0,0,0,0,0,0,0,0,0,1,2,21,442,39
7305,B0,0,18,2,2,0,0,0,0,0,0,0,0,0,0,1,2,19,161,31
7305,B1,18,15,20,20,0,0,0,0,0,0,0,0,0,0,1,1,1,5,18
7305,B2,17,0,7,5,0,0,0,0,0,0,0,0,0,1,0,1,13,207,27
7305,C1,3,3,2,0,0,0,0,0,0,0,0,0,0,1,0,2,34,669,64
7320,A1,4,6,0,15,0,0,0,0,0,0,0,0,0,1,0,2,21,442,39
7320,B0,0,16,2,2,0,0,0,0,0,0,0,0,0,1,0,2,19,161,31
7320,B1,19,15,20,15,0,0,0,0,0,0,0,0,0,0,1,2,1,5,18
7320,B2,18,0,4,4,0,0,0,0,0,0,0,0,0,0,1,1,13,207,27
7320,C1,5,1,2,0,0,0,0,0,0,0,0,0,0,1,0,2,34,669,64
7335,A1,1,2,0,18,0,0,0,0,0,0,0,0,0,0,1,1,21,442,39
7335,B0,0,14,4,4,0,0,0,0,0,0,0,0,0,0,1,1,19,161,31
7335,B1,17,17,20,17,0,0,0,0,0,0,0,0,0,1,0,1,1,5,18
7335,B2,20,0,1,7,0,0,0,0,0,0,0,0,0,0,1,1,13,207,27
7335,C1,3,2,3,0,0,0,0,0,0,0,0,0,0,1,0,2,34,669,64
7350,A1,1,3,0,12,0,0,0,0,0,0,0,0,0,0,1,1,21,442,39
7350,B0,0,19,7,2,0,0,0,0,0,0,0,0,0,0,1,1,19,161,31
7350,B1,18,19,20,17,0,0,0,0,0,0,0,0,0,0,1,2,1,5,18
7350,B2,20,0,3,5,0,0,0,0,0,0,0,0,0,0,1,1,13,207,27
7350,C1,2,2,3,0,0,0,0,0,0,0,0,0,0,0,1,2,34,669,64
7365,A1,1,6,0,14,0,0,0,0,0,0,0,0,0,1,0,2,21,442,39
7365,B0,0,20,3,3,0,0,0,0,0,0,0,0,0,0,1,1,19,161,31
7365,B1,16,20,20,19,0,0,0,0,0,0,0,0,0,1,0,1,1,5,18
7365,B2,19,0,1,4,0,0,0,0,0,0,0,0,0,1,0,1,13,207,27
7365,C1,4,3,2,0,0,0,0,0,0,0,0,0,0,1,0,2,34,669,64
7380,A1,3,4,0,17,0,0,0,0,0,0,0,0,0,1,0,2,21,442,39
7380,B0,0,17,3,1,0,0,0,0,0,0,0,0,0,1,0,2,19,161,31
7380,B1,17,20,20,15,0,0,0,0,0,0,0,0,0,0,1,2,1,5,18
7380,B2,13,0,2,3,0,0,0,0,0,0,0,0,0,1,0,2,13,207,27
7380,C1,4,3,2,0,0,0,0,0,0,0,0,0,0,1,0,2,34,669,64
7395,A1,2,2,0,17,0,0,0,0,0,0,0,0,0,0,1,1,21,442,39
7395,B0,0,12,5,3,0,0,0,0,0,0,0,0,0,0,1,1,19,161,31
7395,B1,20,17,20,16,0,0,0,0,0,0,0,0,0,1,0,2,1,5,18
7395,B2,15,0,2,5,0,0,0,0,0,0,0,0,0,0,1,1,13,207,27
7395,C1,5,3,2,0,0,0,0,0,0,0,0,0,0,1,0,2,34,669,64
7410,A1,2,3,0,17,0,0,0,0,0,0,0,0,0,1,0,1,21,442,39
7410,B0,0,18,4,2,0,0,0,0,0,0,0,0,0,0,1,1,19,161,31
7410,B1,20,12,20,20,0,0,0,0,0,0,0,0,0,1,0,2,1,5,18
7410,B2,19,0,5,3,0,0,0,0,0,0,0,0,0,1,0,1,13,207,27
7410,C1,2,2,3,0,0,0,0,0,0,0,0,0,0,1,0,2,34,669,64
7425,A1,4,5,0,15,0,0,0,0,0,0,0,0,0,1,0,2,21,442,39
7425,B0,0,18,3,3,0,0,0,0,0,0,0,0,0,0,1,1,19,161,31
7425,B1,20,17,20,20,0,0,0,0,0,0,0,0,0,1,0,2,1,5,18
7425,B2,18,0,5,3,0,0,0,0,0,0,0,0,0,0,1,1,13,207,27
7425,C1,1,4,2,0,0,0,1,0,0,0,0,0,0,1,0,2,35,671,64
7440,A1,2,4,0,16,0,0,0,0,0,0,0,0,0,1,0,2,21,442,39
7440,B0,0,18,6,2,0,0,0,0,0,0,0,0,0,0,1,1,19,161,31
7440,B1,18,17,20,19,0,0,0,0,0,0,0,0,0,0,1,1,1,5,18
7440,B2,18,0,5,5,0,0,0,0,0,0,0,0,0,0,1,1,13,207,27
7440,C1,1,1,4,0,0,0,0,0,0,0,0,0,0,1,0,1,35,672,65
7455,A1,1,6,0,16,0,0,0,0,0,0,0,0,0,1,0,2,21,442,39
7455,B0,0,20,2,1,0,0,0,0,0,0,0,0,0,0,1,2,19,161,31
7455,B1,20,16,18,18,0,0,0,0,0,0,0,0,0,1,0,2,1,5,18
7455,B2,20,0,3,3,0,0,0,0,0,0,0,0,0,0,1,2,13,207,27
7455,C1,3,1,3,0,0,0,0,0,0,0,0,0,0,1,0,2,35,672,65
7470,A1,2,6,0,19,0,0,0,0,0,0,0,0,0,1,0,2,21,442,39
7470,B0,0,16,4,3,0,0,0,0,0,0,0,0,0,0,1,1,19,161,31
7470,B1,20,13,20,20,0,0,0,0,0,0,0,0,0,1,0,2,1,5,18
7470,B2,18,0,3,4,0,0,0,0,0,0,0,0,0,0,1,1,13,207,27
7470,C1,2,2,3,0,0,0,0,0,0,0,0,0,0,1,0,2,35,672,65
7485,A1,1,4,0,20,0,0,0,0,0,0,0,0,0,1,0,2,21,442,39
7485,B0,0,18,4,2,0,0,0,0,0,0,0,0,0,0,1,1,19,161,31
7485,B1,20,13,18,18,0,0,0,0,0,0,0,0,0,0,1,1,1,5,18
7485,B2,19,0,4,3,0,0,0,0,0,0,0,0,0,1,0,2,13,207,27
7485,C1,3,3,4,0,0,0,0,0,0,0,0,0,0,0,1,2,35,672,65
7500,A1,5,3,0,20,0,0,0,0,0,0,0,0,0,1,0,2,21,442,39
7500,B0,0,20,7,2,0,0,0,0,0,0,0,0,0,0,1,1,19,161,31
7500,B1,18,13,18,19,0,0,0,0,0,0,0,0,0,0,1,1,1,5,18
7500,B2,18,0,4,4,0,0,0,0,0,0,0,0,0,0,1,1,13,207,27
7500,C1,4,2,5,0,0,0,0,0,0,0,0,0,0,1,0,2,35,672,65
7515,A1,3,2,0,17,0,0,0,0,0,0,0,0,0,0,1,1,21,442,39
7515,B0,0,20,6,3,0,0,0,0,0,0,0,0,0,0,1,1,19,161,31
7515,B1,19,12,18,18,0,0,0,0,0,0,0,0,0,0,1,1,1,5,18
7515,B2,20,0,3,5,0,0,0,0,0,0,0,0,0,0,1,1,13,207,27
7515,C1,3,1,6,0,0,0,0,0,0,0,0,0,0,1,0,1,35,672,65
7530,A1,3,6,0,15,0,0,0,0,0,0,0,0,0,1,0,2,21,442,39
7530,B0,0,20,4,1,0,0,0,0,0,0,0,0,0,0,1,1,19,161,31
7530,B1,20,14,20,17,0,0,0,0,0,0,0,0,0,0,1,1,1,5,18
7530,B2,20,0,2,3,0,0,0,0,0,0,0,0,0,0,1,2,13,207,27
7530,C1,3,3,5,0,0,0,0,0,0,0,0,0,0,1,0,2,35,672,65
7545,A1,3,5,0,20,0,0,0,0,0,0,0,0,0,1,0,2,21,442,39
7545,B0,0,18,4,3,0,0,0,0,0,0,0,0,0,1,0,1,19,161,31
7545,B1,20,15,20,19,0,0,0,0,0,0,0,0,0,1,0,2,1,5,18
7545,B2,18,0,4,2,0,0,0,1,0,0,0,0,0,0,1,1,14,215,27
7545,C1,1,1,4,0,0,0,0,0,0,0,0,0,0,0,1,1,35,672,65
7560,A1,1,3,0,18,0,0,0,0,0,0,0,0,0,0,1,1,21,442,39
7560,B0,0,17,2,3,0,0,0,0,0,0,0,0,0,1,0,1,19,161,31
7560,B1,19,17,20,20,0,0,0,0,0,0,0,0,0,1,0,2,1,5,18
7560,B2,17,0,2,5,0,0,0,0,0,0,0,0,0,0,1,1,14,215,29
7560,C1,1,4,1,0,0,0,0,0,0,0,0,0,0,1,0,2,35,672,65
7575,A1,1,3,0,17,0,0,0,0,0,0,0,0,0,0,1,1,21,442,39
7575,B0,0,18,4,4,0,0,0,0,0,0,0,0,0,1,0,1,19,161,31
7575,B1,20,19,20,20,0,0,0,0,0,0,0,0,0,1,0,2,1,5,18
7575,B2,18,0,3,4,0,0,0,0,0,0,0,0,0,1,0,1,14,215,29
7575,C1,1,1,1,0,0,0,0,0,0,0,0,0,0,1,0,2,35,672,65
7590,A1,2,4,0,14,0,0,0,0,0,0,0,0,0,0,1,2,21,442,39
7590,B0,0,18,7,4,0,0,0,0,0,0,0,0,0,0,1,1,19,161,31
7590,B1,20,20,20,20,0,0,0,0,0,0,0,0,0,1,0,2,1,5,18
7590,B2,18,0,1,5,0,0,0,0,0,0,0,0,0,0,1,1,14,215,29
7590,C1,1,4,4,0,0,0,0,0,0,0,0,0,0,0,1,2,35,672,65
7605,A1,4,3,0,15,0,0,0,0,0,0,0,0,0,1,0,2,21,442,39
7605,B0,0,20,7,4,0,0,0,0,0,0,0,0,0,0,1,1,19,161,31
7605,B1,20,20,20,20,0,0,0,0,0,0,0,0,0,1,0,2,1,5,18
7605,B2,18,0,1,5,0,0,0,0,0,0,0,0,0,0,1,1,14,215,29
7605,C1,1,2,4,0,0,0,0,0,0,0,0,0,0,0,1,1,35,672,65
7620,A1,3,2,0,14,0,0,0,0,0,0,0,0,0,0,1,1,21,442,39
7620,B0,0,20,4,1,0,0,0,0,0,0,0,0,0,0,1,1,19,161,31
7620,B1,19,18,20,20,0,0,0,0,0,0,0,0,0,1,0,2,1,5,18
7620,B2,20,0,1,5,0,0,0,0,0,0,0,0,0,0,1,1,14,215,29
7620,C1,3,1,4,0,0,0,0,0,0,0,0,0,0,1,0,1,35,672,65
7635,A1,1,5,0,14,0,0,0,0,0,0,0,0,0,1,0,2,21,442,39
7635,B0,0,18,4,3,0,0,0,0,0,0,0,0,0,1,0,1,19,161,31
7635,B1,18,20,20,20,0,0,0,0,0,0,0,0,0,1,0,2,1,5,18
7635,B2,18,0,1,3,0,0,0,0,0,0,0,0,0,1,0,2,14,215,29
7635,C1,3,2,2,0,0,0,0,0,0,0,0,0,0,1,0,2,35,672,65
7650,A1,5,4,0,13,0,0,0,0,0,0,0,0,0,0,1,2,21,442,39
7650,B0,0,18,4,3,0,0,0,0,0,0,0,0,0,0,1,1,19,161,31
7650,B1,18,18,20,20,0,0,0,0,0,0,0,0,0,1,0,1,1,5,18
7650,B2,14,0,5,4,0,0,0,0,0,0,0,0,0,0,1,1,14,215,29
7650,C1,3,1,3,0,0,0,0,0,0,0,0,0,0,1,0,2,35,672,65
7665,A1,3,3,0,14,0,0,0,0,0,0,0,0,0,1,0,2,21,442,39
7665,B0,0,20,5,1,0,0,0,0,0,0,0,0,0,0,1,1,19,161,31
7665,B1,19,18,16,20,0,0,0,0,0,0,0,0,0,0,1,2,1,5,18
7665,B2,17,0,4,3,0,0,0,0,0,0,0,0,0,1,0,1,14,215,29
7665,C1,3,1,4,0,0,0,0,0,0,0,0,0,0,0,1,1,35,672,65
7680,A1,2,8,0,14,0,0,0,0,0,0,0,0,0,1,0,2,21,442,39
7680,B0,0,20,4,1,0,0,0,0,0,0,0,0,0,0,1,1,19,161,31
7680,B1,19,17,17,20,0,0,0,0,0,0,0,0,0,1,0,2,1,5,18
7680,B2,18,0,1,5,0,0,0,0,0,0,0,0,0,0,1,1,14,215,29
7680,C1,1,2,4,0,0,0,0,0,0,0,0,0,0,1,0,1,35,672,65
7695,A1,2,4,0,15,0,0,0,0,0,0,0,0,0,1,0,2,21,442,39
7695,B0,0,20,4,1,0,0,0,0,0,0,0,0,0,0,1,1,19,161,31
7695,B1,19,16,20,20,0,0,0,0,0,0,0,0,0,0,1,2,1,5,18
7695,B2,20,0,2,8,0,0,0,0,0,0,0,0,0,0,1,1,14,215,29
7695,C1,2,2,4,0,0,0,0,0,0,0,0,0,0,1,0,1,35,672,65
7710,A1,3,3,0,13,0,0,0,0,0,0,0,0,0,0,1,2,21,442,39
7710,B0,0,20,2,1,0,0,0,0,0,0,0,0,0,1,0,2,19,161,31
7710,B1,20,17,19,19,0,0,0,0,0,0,0,0,0,1,0,2,1,5,18
7710,B2,20,0,1,6,0,0,0,0,0,0,0,0,0,0,1,1,14,215,29
7710,C1,2,2,4,0,0,0,0,0,0,0,0,0,0,0,1,1,35,672,65
7725,A1,2,3,0,14,0,0,0,0,0,0,0,0,0,1,0,1,21,442,39
7725,B0,0,14,3,1,0,0,0,0,0,0,0,0,0,1,0,2,19,161,31
7725,B1,20,17,20,20,0,0,0,0,0,0,0,0,0,1,0,2,1,5,18
7725,B2,20,0,1,5,0,0,0,0,0,0,0,0,0,0,1,1,14,215,29
7725,C1,3,1,3,0,0,0,0,0,0,0,0,0,0,1,0,2,35,672,65
7740,A1,2,2,0,10,0,0,0,0,0,0,0,0,0,0,1,1,21,442,39
7740,B0,0,17,4,2,0,0,0,0,0,0,0,0,0,0,1,1,19,161,31
7740,B1,21,18,20,20,0,0,0,0,0,0,0,0,0,1,0,2,1,5,18
7740,B2,20,0,1,8,0,0,0,0,0,0,0,0,0,0,1,1,14,215,29
7740,C1,3,2,3,0,0,0,0,0,0,0,0,0,0,1,0,2,35,672,65
7755,A1,1,3,0,8,0,0,0,0,0,0,0,0,0,1,0,1,21,442,39
7755,B0,0,20,3,1,0,0,0,0,0,0,0,0,0,0,1,2,19,161,31
7755,B1,20,18,20,20,0,0,0,0,0,0,0,0,0,1,0,2,1,5,18
7755,B2,20,0,1,5,0,0,0,0,0,0,0,0,0,0,1,1,14,215,29
7755,C1,3,1,4,0,0,0,0,0,0,0,0,0,0,1,0,1,35,672,65
7770,A1,4,5,0,6,0,1,0,0,0,0,0,0,0,1,0,2,22,448,39
7770,B0,0,18,5,1,0,0,0,0,0,0,0,0,0,0,1,1,19,161,31
7770,B1,21,18,20,20,0,0,0,0,0,0,0,0,0,1,0,2,1,5,18
7770,B2,18,0,1,5,0,0,0,0,0,0,0,0,0,1,0,1,14,215,29
7770,C1,6,1,3,0,0,0,0,0,0,0,0,0,0,1,0,2,35,672,65
7785,A1,1,4,0,6,0,0,0,0,0,0,0,0,0,1,0,2,22,450,41
7785,B0,0,17,3,3,0,0,0,0,0,0,0,0,0,1,0,1,19,161,31
7785,B1,21,16,20,20,0,0,0,0,0,0,0,0,0,1,0,2,1,5,18
7785,B2,18,0,2,3,0,0,0,0,0,0,0,0,0,1,0,2,14,215,29
7785,C1,6,1,4,0,0,0,0,0,0,0,0,0,0,1,0,2,35,672,65
7800,A1,2,2,0,6,0,0,0,0,0,0,0,0,0,0,1,1,22,450,41
7800,B0,0,18,6,1,0,0,0,0,0,0,0,0,0,0,1,1,19,161,31
7800,B1,18,14,20,20,0,0,0,0,0,0,0,0,0,1,0,1,1,5,18
7800,B2,18,0,4,3,0,0,0,0,0,0,0,0,0,0,1,1,14,215,29
7800,C1,6,4,4,0,0,0,0,0,0,0,0,0,0,1,0,2,35,672,65
7815,A1,1,4,0,6,0,0,0,0,0,0,0,0,0,1,0,2,22,450,41
7815,B0,0,20,4,1,0,0,0,0,0,0,0,0,0,0,1,1,19,161,31
7815,B1,18,16,19,19,0,0,0,0,0,0,0,0,0,0,1,1,1,5,18
7815,B2,15,0,5,2,0,0,0,0,0,0,0,0,0,1,0,2,14,215,29
7815,C1,5,1,4,0,0,0,0,0,0,0,0,0,0,1,0,2,35,672,65
7830,A1,1,3,0,7,0,0,0,0,0,0,0,0,0,1,0,1,22,450,41
7830,B0,0,20,7,1,0,0,0,0,0,0,0,0,0,0,1,1,19,161,31
7830,B1,20,16,20,18,0,0,0,0,0,0,0,0,0,1,0,2,1,5,18
7830,B2,13,0,5,3,0,0,0,0,0,0,0,0,0,0,1,1,14,215,29
7830,C1,7,1,6,0,0,0,0,0,0,0,0,0,0,1,0,2,35,672,65
7845,A1,2,3,0,3,0,0,0,0,0,0,0,0,0,0,1,2,22,450,41
7845,B0,0,20,9,2,0,0,0,0,0,0,0,0,0,0,1,1,19,161,31
7845,B1,19,14,20,19,0,0,0,0,0,0,0,0,0,0,1,1,1,5,18
7845,B2,18,0,3,2,0,0,0,0,0,0,0,0,0,1,0,2,14,215,29
7845,C1,4,1,5,0,0,0,0,0,0,0,0,0,0,0,1,2,35,672,65
7860,A1,1,2,0,1,0,0,0,0,0,0,0,0,0,0,1,2,22,450,41
7860,B0,0,20,4,1,0,0,0,0,0,0,0,0,0,0,1,1,19,161,31
7860,B1,20,15,19,20,0,0,0,0,0,0,0,0,0,1,0,2,1,5,18
7860,B2,16,0,5,5,0,0,0,0,0,0,0,0,0,0,1,1,14,215,29
7860,C1,4,3,5,0,0,0,0,0,0,0,0,0,0,1,0,2,35,672,65
7875,A1,2,1,0,1,0,0,0,0,0,0,0,0,0,1,0,2,22,450,41
7875,B0,0,18,4,2,0,0,0,0,0,0,0,0,0,1,0,1,19,161,31
7875,B1,18,16,18,20,0,0,0,0,0,0,0,0,0,0,1,1,1,5,18
7875,B2,19,0,6,4,0,0,0,0,0,0,0,0,0,0,1,1,14,215,29
7875,C1,6,2,5,0,0,0,0,0,0,0,0,0,0,1,0,2,35,672,65
7890,A1,5,1,0,1,0,0,0,0,0,0,0,0,0,1,0,2,22,450,41
7890,B0,0,18,4,1,0,0,0,0,0,0,0,0,0,0,1,1,19,161,31
7890,B1,17,17,15,20,0,0,0,0,0,0,0,0,0,1,0,2,1,5,18
7890,B2,18,0,1,5,0,0,0,0,0,0,0,0,0,1,0,1,14,215,29
7890,C1,5,1,6,0,0,0,0,0,0,0,0,0,0,1,0,2,35,672,65
7905,A1,1,2,0,2,0,0,0,0,0,0,0,0,0,1,0,2,22,450,41
7905,B0,0,20,4,2,0,0,0,0,0,0,0,0,0,1,0,1,19,161,31
7905,B1,12,19,19,20,0,0,0,0,0,0,0,0,0,1,0,1,1,5,18
7905,B2,19,0,1,3,0,0,0,0,0,0,0,0,0,0,1,2,14,215,29
7905,C1,4,3,7,0,0,0,0,0,0,0,0,0,0,0,1,2,35,672,65
7920,A1,1,3,0,3,0,0,0,0,0,0,0,0,0,1,0,2,22,450,41
7920,B0,0,18,3,2,0,0,0,0,0,0,0,0,0,0,1,1,19,161,31
7920,B1,16,20,18,20,0,0,0,0,0,0,0,0,0,0,1,1,1,5,18
7920,B2,18,0,1,5,0,0,0,0,0,0,0,0,0,0,1,1,14,215,29
7920,C1,3,2,7,0,0,0,0,0,0,0,0,0,0,0,1,1,35,672,65
7935,A1,2,2,0,1,0,0,0,0,0,0,0,0,0,0,1,2,22,450,41
7935,B0,0,18,4,2,0,0,0,0,0,0,0,0,0,1,0,1,19,161,31
7935,B1,20,19,18,20,0,0,0,0,0,0,0,0,0,1,0,2,1,5,18
7935,B2,17,0,3,2,0,0,0,0,0,0,0,0,0,1,0,2,14,215,29
7935,C1,5,1,7,0,0,0,0,0,0,0,0,0,0,1,0,2,35,672,65
7950,A1,1,2,0,2,0,0,0,0,0,0,0,0,0,0,1,2,22,450,41
7950,B0,0,18,3,1,0,0,0,0,0,0,0,0,0,0,1,2,19,161,31
7950,B1,16,20,20,20,0,0,0,0,0,0,0,0,0,1,0,1,1,5,18
7950,B2,12,0,1,2,0,0,0,0,0,0,0,0,0,1,0,2,14,215,29
7950,C1,5,2,5,0,0,0,0,0,0,0,0,0,0,1,0,2,35,672,65
7965,A1,1,2,0,3,0,0,0,0,0,0,0,0,0,1,0,1,22,450,41
7965,B0,0,18,2,3,0,0,0,0,0,0,0,0,0,0,1,1,19,161,31
7965,B1,16,20,17,20,0,0,0,0,0,0,0,0,0,0,1,2,1,5,18
7965,B2,15,0,1,3,0,0,0,0,0,0,0,0,0,1,0,2,14,215,29
7965,C1,6,2,5,0,0,0,0,0,0,0,0,0,0,1,0,2,35,672,65
7980,A1,3,3,0,2,0,0,0,0,0,0,0,0,0,1,0,2,22,450,41
7980,B0,0,16,2,2,0,0,0,0,0,0,0,0,0,1,0,2,19,161,31
7980,B1,16,19,18,20,0,0,0,0,0,0,0,0,0,1,0,2,1,5,18
7980,B2,13,0,1,3,0,0,0,0,0,0,0,0,0,1,0,2,14,215,29
7980,C1,6,1,8,0,0,0,0,0,0,0,0,0,0,1,0,2,35,672,65
7995,A1,1,5,0,3,0,0,0,0,0,0,0,0,0,1,0,2,22,450,41
7995,B0,0,15,4,2,0,0,0,0,0,0,0,0,0,0,1,1,19,161,31
7995,B1,12,20,20,20,0,0,0,0,0,0,0,0,0,1,0,1,1,5,18
7995,B2,13,0,3,4,0,0,0,0,0,0,0,0,0,0,1,1,14,215,29
7995,C1,8,2,9,0,0,0,0,0,0,0,0,0,0,1,0,2,35,672,65
8010,A1,1,4,0,10,0,0,0,0,0,0,0,0,0,1,0,2,22,450,41
8010,B0,0,18,3,2,0,0,0,0,0,0,0,0,0,0,1,1,19,161,31
8010,B1,12,19,15,20,0,0,0,0,0,0,0,0,0,0,1,1,1,5,18
8010,B2,18,0,1,2,0,0,0,0,0,0,0,0,0,1,0,2,14,215,29
8010,C1,9,5,12,0,0,0,0,0,0,0,0,0,0,1,0,2,35,672,65
8025,A1,4,5,0,9,0,0,0,0,0,0,0,0,0,1,0,2,22,450,41
8025,B0,0,18,4,3,0,0,0,0,0,0,0,0,0,1,0,1,19,161,31
8025,B1,12,19,15,20,0,0,0,0,0,0,0,0,0,1,0,2,1,5,18
8025,B2,14,0,1,2,0,0,0,0,0,0,0,0,0,1,0,2,14,215,29
8025,C1,8,1,14,0,0,0,0,0,0,0,0,0,0,1,0,1,35,672,65
8040,A1,2,7,0,10,0,0,0,0,0,0,0,0,0,1,0,2,22,450,41
8040,B0,0,18,5,2,0,0,0,0,0,0,0,0,0,1,0,1,19,161,31
8040,B1,12,18,18,19,0,0,0,0,0,0,0,0,0,0,1,1,1,5,18
8040,B2,14,0,2,5,0,0,0,0,0,0,0,0,0,0,1,1,14,215,29
8040,C1,9,2,15,0,0,0,0,0,0,0,0,0,0,1,0,2,35,672,65
8055,A1,3,7,0,12,0,0,0,0,0,0,0,0,0,1,0,2,22,450,41
8055,B0,0,18,6,1,0,0,0,0,0,0,0,0,0,0,1,1,19,161,31
8055,B1,12,19,20,19,0,0,0,0,0,0,0,0,0,0,1,1,1,5,18
8055,B2,19,0,4,4,0,0,0,0,0,0,0,0,0,0,1,1,14,215,29
8055,C1,10,3,15,0,0,0,0,0,0,0,0,0,0,1,0,2,35,672,65
8070,A1,1,7,0,14,0,0,0,0,0,0,0,0,0,1,0,2,22,450,41
8070,B0,0,20,1,2,0,0,0,0,0,0,0,0,0,1,0,2,19,161,31
8070,B1,13,19,19,18,0,0,0,0,0,0,0,0,0,0,1,1,1,5,18
8070,B2,20,0,1,6,0,0,0,0,0,0,0,0,0,0,1,1,14,215,29
8070,C1,11,2,16,0,0,0,0,0,0,0,0,0,0,1,0,2,35,672,65
8085,A1,3,7,0,16,0,0,0,0,0,0,0,0,0,1,0,2,22,450,41
8085,B0,0,14,3,1,0,0,0,0,0,0,0,0,0,1,0,2,19,161,31
8085,B1,15,20,19,18,0,0,0,0,0,0,0,0,0,0,1,1,1,5,18
8085,B2,19,0,1,2,0,0,0,0,0,0,0,0,0,1,0,2,14,215,29
8085,C1,12,1,16,0,0,0,0,0,0,0,0,0,0,1,0,2,35,672,65
8100,A1,3,5,0,16,0,0,0,0,0,0,0,0,0,1,0,2,22,450,41
8100,B0,0,15,2,1,0,0,0,0,0,0,0,0,0,0,1,2,19,161,31
8100,B1,12,20,18,19,0,0,0,0,0,0,0,0,0,1,0,1,1,5,18
8100,B2,15,0,1,5,0,0,0,0,0,0,0,0,0,0,1,1,14,215,29
8100,C1,10,3,16,0,0,0,0,0,0,0,0,0,0,1,0,2,35,672,65
8115,A1,1,7,0,19,0,0,0,0,0,0,0,0,0,1,0,2,22,450,41
8115,B0,0,16,4,2,0,0,0,0,0,0,0,0,0,0,1,1,19,161,31
8115,B1,13,19,18,19,0,0,0,0,0,0,0,0,0,0,1,1,1,5,18
8115,B2,18,0,2,4,0,0,0,0,0,0,0,0,0,0,1,1,14,215,29
8115,C1,13,2,19,0,0,0,0,0,0,0,0,0,0,0,1,2,35,672,65
8130,A1,1,5,0,20,0,0,0,0,0,0,0,0,0,1,0,2,22,450,41
8130,B0,0,18,2,4,0,0,0,0,0,0,0,0,0,0,1,1,19,161,31
8130,B1,13,20,20,19,0,0,0,0,0,0,0,0,0,0,1,1,1,5,18
8130,B2,18,0,1,5,0,0,0,0,0,0,0,0,0,0,1,1,14,215,29
8130,C1,16,1,17,0,0,0,0,0,0,0,0,0,0,1,0,2,35,672,65
8145,A1,2,5,0,18,0,0,0,0,0,0,0,0,0,0,1,2,22,450,41
8145,B0,0,18,2,5,0,0,0,0,4,0,0,0,0,0,1,1,20,167,31
8145,B1,14,20,21,15,0,0,0,0,0,0,0,0,0,0,1,2,1,5,18
8145,B2,19,0,2,3,0,0,0,0,0,0,0,0,0,0,1,2,14,215,29
8145,C1,13,2,17,0,0,0,0,0,0,0,0,0,0,1,0,2,35,672,65
8160,A1,3,5,0,18,0,0,0,0,0,0,0,0,0,1,0,2,22,450,41
8160,B0,0,17,5,3,0,0,0,0,0,0,0,0,0,1,0,1,20,172,36
8160,B1,12,20,20,17,0,0,0,0,0,0,0,0,0,1,0,1,1,5,18
8160,B2,15,0,3,3,0,0,0,0,0,0,0,0,0,1,0,2,14,215,29
8160,C1,14,1,18,0,0,0,0,0,0,0,0,0,0,1,0,2,35,672,65
8175,A1,1,4,0,20,0,0,0,0,0,0,0,0,0,1,0,2,22,450,41
8175,B0,0,18,6,2,0,0,0,0,0,0,0,0,0,0,1,1,20,172,36
8175,B1,14,20,18,18,0,0,0,0,0,0,0,0,0,1,0,2,1,5,18
8175,B2,14,0,2,3,0,0,0,0,0,0,0,0,0,0,1,2,14,215,29
8175,C1,10,2,18,0,0,0,0,0,0,0,0,0,0,1,0,2,35,672,65
8190,A1,4,4,0,18,0,0,0,0,0,0,0,0,0,0,1,2,22,450,41
8190,B0,0,20,7,1,0,0,0,0,0,0,0,0,0,0,1,1,20,172,36
8190,B1,13,19,19,19,0,0,0,0,0,0,0,0,0,1,0,2,1,5,18
8190,B2,17,0,3,4,0,0,0,0,0,0,0,0,0,1,0,1,14,215,29
8190,C1,7,1,20,0,0,0,0,0,0,0,0,0,0,1,0,1,35,672,65
8205,A1,2,4,0,18,0,0,0,0,0,0,0,0,0,1,0,2,22,450,41
8205,B0,0,20,5,1,0,0,0,0,0,0,0,0,0,0,1,1,20,172,36
8205,B1,14,20,18,19,0,0,0,0,0,0,0,0,0,1,0,2,1,5,18
8205,B2,18,0,1,4,0,0,0,0,0,0,0,0,0,0,1,1,14,215,29
8205,C1,7,4,18,0,0,0,0,0,0,0,0,0,0,1,0,2,35,672,65
8220,A1,2,5,0,18,0,0,0,0,0,0,0,0,0,0,1,2,22,450,41
8220,B0,0,18,3,2,0,0,0,0,0,0,0,0,0,1,0,1,20,172,36
8220,B1,14,19,19,20,0,0,0,0,0,0,0,0,0,0,1,1,1,5,18
8220,B2,18,0,2,7,0,0,0,0,0,0,0,0,0,0,1,1,14,215,29
8220,C1,9,2,18,0,0,0,0,0,0,0,0,0,0,0,1,2,35,672,65
8235,A1,2,3,0,18,0,0,0,0,0,0,0,0,0,0,1,1,22,450,41
8235,B0,0,18,5,1,0,0,0,0,0,0,0,0,0,0,1,1,20,172,36
8235,B1,13,18,19,17,0,0,0,0,0,0,0,0,0,0,1,1,1,5,18
8235,B2,19,0,2,3,0,0,0,0,0,0,0,0,0,0,1,2,14,215,29
8235,C1,7,2,18,0,0,0,0,0,0,0,0,0,0,1,0,2,35,672,65
8250,A1,1,6,0,18,0,0,0,0,0,0,0,0,0,1,0,2,22,450,41
8250,B0,0,18,3,1,0,0,0,0,0,0,0,0,0,1,0,2,20,172,36
8250,B1,13,20,20,16,0,0,0,0,0,0,0,0,0,0,1,1,1,5,18
8250,B2,16,0,1,2,0,0,0,0,0,0,0,0,0,1,0,2,14,215,29
8250,C1,7,3,18,0,0,0,0,0,0,0,0,0,0,1,0,2,35,672,65
8265,A1,2,3,0,20,0,0,0,0,0,0,0,0,0,0,1,1,22,450,41
8265,B0,0,16,5,2,0,0,0,0,0,0,0,0,0,0,1,1,20,172,36
8265,B1,14,18,20,18,0,0,0,0,0,0,0,0,0,1,0,1,1,5,18
8265,B2,14,0,2,4,0,0,0,0,0,0,0,0,0,0,1,1,14,215,29
8265,C1,6,2,18,0,0,0,0,0,0,0,0,0,0,0,1,1,35,672,65
8280,A1,1,5,0,18,0,0,0,0,0,0,0,0,0,1,0,2,22,450,41
8280,B0,0,20,2,2,0,0,0,0,0,0,0,0,0,0,1,2,20,172,36
8280,B1,15,18,18,20,0,0,0,0,0,0,0,0,0,0,1,1,1,5,18
8280,B2,19,0,1,4,0,0,0,0,0,0,0,0,0,0,1,1,14,215,29
8280,C1,7,3,17,0,0,0,0,0,0,0,0,0,0,1,0,2,35,672,65
8295,A1,1,3,0,19,0,0,0,0,0,0,0,0,0,0,1,1,22,450,41
8295,B0,0,18,6,1,0,0,0,0,0,0,0,0,0,0,1,1,20,172,36
8295,B1,17,19,19,19,0,0,0,0,0,0,0,0,0,1,0,2,1,5,18
8295,B2,20,0,1,5,0,0,0,0,0,0,0,0,0,0,1,1,14,215,29
8295,C1,6,1,18,0,0,0,0,0,0,0,0,0,0,0,1,1,35,672,65
8310,A1,4,5,0,16,0,0,0,0,0,0,0,0,0,1,0,2,22,450,41
8310,B0,0,19,4,1,0,0,0,0,0,0,0,0,0,0,1,1,20,172,36
8310,B1,17,19,20,20,0,0,0,0,0,0,0,0,0,1,0,2,1,5,18
8310,B2,20,0,1,5,0,0,0,0,0,0,0,0,0,0,1,1,14,215,29
8310,C1,6,2,16,0,0,0,0,0,0,0,0,0,0,1,0,1,35,672,65
8325,A1,1,6,0,19,0,0,0,0,0,0,0,0,0,1,0,2,22,450,41
8325,B0,0,20,5,3,0,0,0,0,0,0,0,0,0,0,1,1,20,172,36
8325,B1,17,17,18,20,0,0,0,0,0,0,0,0,0,0,1,1,1,5,18
8325,B2,20,0,1,4,0,0,0,0,0,0,0,0,0,0,1,1,14,215,29
8325,C1,8,3,17,0,0,0,0,0,0,0,0,0,0,1,0,2,35,672,65
8340,A1,2,3,0,18,0,0,0,0,0,0,0,0,0,0,1,1,22,450,41
8340,B0,0,18,7,2,0,0,0,0,0,0,0,0,0,1,0,1,20,172,36
8340,B1,18,18,17,20,0,0,0,0,0,0,0,0,0,0,1,1,1,5,18
8340,B2,19,0,2,3,0,0,0,0,0,0,0,0,0,1,0,2,14,215,29
8340,C1,7,1,15,0,0,0,0,0,0,0,0,0,0,0,1,1,35,672,65
8355,A1,2,5,0,15,0,0,0,0,0,0,0,0,0,1,0,2,22,450,41
8355,B0,0,18,3,1,0,0,0,0,0,0,0,0,0,0,1,2,20,172,36
8355,B1,20,18,20,20,0,0,0,0,0,0,0,0,0,1,0,2,1,5,18
8355,B2,17,0,4,2,0,0,0,0,0,0,0,0,0,0,1,2,15,225,31
8355,C1,7,2,17,0,0,0,0,0,0,0,0,0,0,1,0,2,35,672,65
8370,A1,2,3,0,19,0,0,0,0,0,0,0,0,0,0,1,1,22,450,41
8370,B0,0,18,6,2,0,0,0,0,0,0,0,0,0,0,1,1,20,172,36
8370,B1,18,16,20,20,0,0,0,0,0,0,0,0,0,1,0,1,1,5,18
8370,B2,17,0,3,5,0,0,0,0,0,0,0,0,0,1,0,1,15,225,31
8370,C1,6,2,17,0,0,0,0,0,0,0,0,0,0,0,1,1,35,672,65
8385,A1,1,2,0,18,0,0,0,0,0,0,0,0,0,1,0,1,23,452,42
8385,B0,0,19,5,2,0,0,0,0,0,0,0,0,0,0,1,1,20,172,36
8385,B1,18,18,19,20,0,0,0,0,0,0,0,0,0,1,0,1,1,5,18
8385,B2,18,0,1,6,0,0,0,0,0,0,0,0,0,0,1,1,15,225,31
8385,C1,7,1,15,0,0,0,0,0,0,0,0,0,0,1,0,1,35,672,65
8400,A1,3,3,0,16,0,0,0,0,0,0,0,0,0,0,1,2,23,452,42
8400,B0,0,20,5,1,0,0,0,0,0,0,0,0,0,0,1,1,20,172,36
8400,B1,18,18,19,20,0,0,0,0,0,0,0,0,0,0,1,1,1,5,18
8400,B2,20,0,2,6,0,0,0,0,0,0,0,0,0,0,1,1,15,225,31
8400,C1,7,2,14,0,0,0,0,0,0,0,0,0,0,0,1,2,35,672,65
8415,A1,1,2,0,16,0,0,0,0,0,0,0,0,0,0,1,1,23,452,42
8415,B0,0,18,6,2,0,0,0,0,0,0,0,0,0,1,0,1,20,172,36
8415,B1,16,17,19,20,0,0,0,0,0,0,0,0,0,1,0,1,1,5,18
8415,B2,20,0,2,8,0,0,0,0,0,0,0,0,0,0,1,1,15,225,31
8415,C1,5,5,15,0,0,0,0,0,0,0,0,0,0,1,0,2,35,672,65
8430,A1,3,5,0,16,0,0,0,0,0,0,0,0,0,1,0,2,23,452,42
8430,B0,0,18,7,2,0,0,0,0,0,0,0,0,0,0,1,1,20,172,36
8430,B1,18,17,17,20,0,0,0,0,0,0,0,0,0,0,1,1,1,5,18
8430,B2,20,0,1,8,0,0,0,0,0,0,0,0,0,0,1,1,15,225,31
8430,C1,4,4,15,0,0,0,0,0,0,0,0,0,0,0,1,2,35,672,65
8445,A1,2,6,0,19,0,0,0,0,0,0,0,0,0,1,0,2,23,452,42
8445,B0,0,20,9,1,0,0,0,0,0,0,0,0,0,0,1,1,20,172,36
8445,B1,18,18,18,20,0,0,0,0,0,0,0,0,0,0,1,1,1,5,18
8445,B2,20,0,2,5,0,0,0,0,0,0,0,0,0,0,1,1,15,225,31
8445,C1,5,2,15,0,0,0,0,0,0,0,0,0,0,1,0,1,35,672,65
8460,A1,1,7,0,20,0,0,0,0,0,0,0,0,0,1,0,2,23,452,42
8460,B0,0,20,9,2,0,0,0,0,0,0,0,0,0,0,1,1,20,172,36
8460,B1,18,18,21,21,0,0,0,0,0,0,0,0,0,0,1,1,1,5,18
8460,B2,20,0,2,5,0,0,0,0,0,0,0,0,0,0,1,1,15,225,31
8460,C1,7,3,14,0,0,0,0,0,0,0,0,0,0,1,0,2,35,672,65
8475,A1,1,6,0,20,0,0,0,0,0,0,0,0,0,1,0,2,23,452,42
8475,B0,0,20,9,1,0,0,0,0,0,0,0,0,0,0,1,1,20,172,36
8475,B1,18,20,20,20,0,0,0,0,0,0,0,0,0,1,0,2,1,5,18
8475,B2,20,0,2,5,0,0,0,0,0,0,0,0,0,0,1,1,15,225,31
8475,C1,6,3,16,0,0,0,0,0,0,0,0,0,0,0,1,2,35,672,65
8490,A1,2,4,0,20,0,0,0,0,0,0,0,0,0,0,1,2,23,452,42
8490,B0,0,20,4,3,0,0,0,0,0,0,0,0,0,0,1,1,20,172,36
8490,B1,16,20,20,18,0,0,0,0,0,0,0,0,0,0,1,1,1,5,18
8490,B2,19,0,2,4,0,0,0,0,0,0,0,0,0,1,0,1,15,225,31
8490,C1,5,2,17,0,0,0,0,0,0,0,0,0,0,0,1,1,35,672,65
8505,A1,1,4,0,18,0,0,0,0,0,0,0,0,0,1,0,2,23,452,42
8505,B0,0,19,2,2,0,0,0,0,0,0,0,0,0,1,0,2,20,172,36
8505,B1,19,19,19,16,0,0,0,0,0,0,0,0,0,1,0,2,1,5,18
8505,B2,18,0,1,4,0,0,0,0,0,0,0,0,0,0,1,1,15,225,31
8505,C1,5,2,18,0,0,0,0,0,0,0,0,0,0,1,0,1,35,672,65
8520,A1,2,3,0,17,0,0,0,0,0,0,0,0,0,0,1,1,23,452,42
8520,B0,0,16,2,3,0,0,0,0,0,0,0,0,0,0,1,1,20,172,36
8520,B1,15,19,20,20,0,0,0,0,0,0,0,0,0,1,0,2,1,5,18
8520,B2,17,0,3,2,0,0,0,0,0,0,0,0,0,1,0,2,15,225,31
8520,C1,5,3,16,0,0,0,0,0,0,0,0,0,0,1,0,2,35,672,65
8535,A1,2,4,0,14,0,0,0,0,0,0,0,0,0,1,0,2,23,452,42
8535,B0,0,17,1,4,0,0,0,0,0,0,0,0,0,1,0,2,20,172,36
8535,B1,16,20,17,19,0,0,0,0,0,0,0,0,0,0,1,2,1,5,18
8535,B2,15,0,1,5,0,0,0,0,0,0,0,0,0,0,1,1,15,225,31
8535,C1,3,3,14,0,0,0,0,0,0,0,0,0,0,0,1,2,35,672,65
8550,A1,1,3,0,19,0,0,0,0,0,0,0,0,0,1,0,1,23,452,42
8550,B0,0,14,4,4,0,0,0,0,0,0,0,0,0,0,1,1,20,172,36
8550,B1,13,20,17,20,0,0,0,0,0,0,0,0,0,1,0,2,1,5,18
8550,B2,20,0,1,4,0,0,0,0,0,0,0,0,0,0,1,1,15,225,31
8550,C1,4,2,14,0,0,0,0,0,0,0,0,0,0,1,0,1,35,672,65
8565,A1,2,8,0,18,0,0,0,0,0,0,0,0,0,1,0,2,23,452,42
8565,B0,0,19,1,2,0,0,0,0,0,0,0,0,0,1,0,2,20,172,36
8565,B1,12,20,19,19,0,0,0,0,0,0,0,0,0,0,1,1,1,5,18
8565,B2,18,0,3,5,0,0,0,0,0,0,0,0,0,0,1,1,15,225,31
8565,C1,5,2,13,0,0,0,0,0,0,0,0,0,0,1,0,2,35,672,65
8580,A1,1,8,0,19,0,0,0,0,0,0,0,0,0,1,0,2,23,452,42
8580,B0,0,18,2,3,0,0,0,0,0,0,0,0,0,0,1,1,20,172,36
8580,B1,14,20,17,19,0,0,0,0,0,0,0,0,0,0,1,1,1,5,18
8580,B2,20,0,4,4,0,0,0,0,0,0,0,0,0,0,1,1,15,225,31
8580,C1,5,3,12,0,0,0,0,0,0,0,0,0,0,0,1,2,35,672,65
8595,A1,2,8,0,20,0,0,0,0,0,0,0,0,0,1,0,2,23,452,42
8595,B0,0,18,4,4,0,0,0,0,0,0,0,0,0,0,1,1,20,172,36
8595,B1,14,17,17,20,0,0,0,0,0,0,0,0,0,1,0,1,1,5,18
8595,B2,20,0,1,8,0,0,0,0,0,0,0,0,0,0,1,1,15,225,31
8595,C1,5,1,13,0,0,0,0,0,0,0,0,0,0,0,1,1,35,672,65
8610,A1,2,9,0,20,0,0,0,0,0,0,0,0,0,1,0,2,23,452,42
8610,B0,0,18,2,2,0,0,0,0,0,0,0,0,0,1,0,2,20,172,36
8610,B1,14,18,17,20,0,0,0,0,0,0,0,0,0,0,1,1,1,5,18
8610,B2,20,0,1,5,0,0,0,0,0,0,0,0,0,0,1,1,15,225,31
8610,C1,7,1,13,0,0,0,0,0,0,0,0,0,0,1,0,2,35,672,65
8625,A1,2,10,0,20,0,0,0,0,0,0,0,0,0,1,0,2,23,452,42
8625,B0,0,16,1,5,0,0,0,0,0,0,0,0,0,0,1,2,20,172,36
8625,B1,15,17,17,20,0,0,0,0,0,0,0,0,0,1,0,2,1,5,18
8625,B2,20,0,3,6,0,0,0,0,0,0,0,0,0,0,1,1,15,225,31
8625,C1,5,3,17,0,0,0,0,0,0,0,0,0,0,1,0,2,35,672,65
8640,A1,2,10,0,20,0,0,0,0,0,0,0,0,0,1,0,2,23,452,42
8640,B0,0,15,1,7,0,0,0,0,0,0,0,0,0,1,0,2,20,172,36
8640,B1,15,16,17,20,0,0,0,0,0,0,0,0,0,0,1,1,1,5,18
8640,B2,20,0,1,5,0,0,0,0,0,0,0,0,0,0,1,1,15,225,31
8640,C1,4,3,13,0,0,0,0,0,0,0,0,0,0,0,1,2,35,672,65
8655,A1,2,8,0,20,0,0,0,0,0,0,0,0,0,1,0,2,23,452,42
8655,B0,0,15,1,6,0,0,0,0,0,0,0,0,0,0,1,2,20,172,36
8655,B1,14,20,16,19,0,0,0,0,0,0,0,0,0,1,0,2,1,5,18
8655,B2,19,0,4,3,0,0,0,0,0,0,0,0,0,1,0,2,15,225,31
8655,C1,5,2,17,0,0,0,0,0,0,0,0,0,0,0,1,1,35,672,65
8670,A1,1,7,0,20,0,0,0,0,0,0,0,0,0,1,0,2,23,452,42
8670,B0,0,15,1,6,0,0,0,0,0,0,0,0,0,1,0,2,20,172,36
8670,B1,13,19,19,20,0,0,0,0,0,0,0,0,0,1,0,2,1,5,18
8670,B2,18,0,2,2,0,0,0,0,0,0,0,0,0,1,0,2,15,225,31
8670,C1,6,2,14,0,0,0,0,0,0,0,0,0,0,0,1,2,35,672,65
8685,A1,1,7,0,20,0,0,0,0,0,0,0,0,0,1,0,2,23,452,42
8685,B0,0,10,1,6,0,0,0,0,0,0,0,0,0,1,0,1,20,172,36
8685,B1,12,20,20,18,0,0,0,0,0,0,0,0,0,0,1,1,1,5,18
8685,B2,14,0,4,2,0,0,0,0,0,0,0,0,0,1,0,2,15,225,31
8685,C1,8,5,16,0,0,0,0,0,0,0,0,0,0,1,0,2,35,672,65
8700,A1,1,8,0,20,0,0,0,0,0,0,0,0,0,1,0,2,23,452,42
8700,B0,0,16,1,5,0,0,0,0,0,0,0,0,0,1,0,2,20,172,36
8700,B1,11,20,18,19,0,0,0,0,0,0,0,0,0,0,1,1,1,5,18
8700,B2,15,0,3,3,0,0,0,0,0,0,0,0,0,0,1,2,15,225,31
8700,C1,7,1,18,0,0,0,0,0,0,0,0,0,0,0,1,1,35,672,65
8715,A1,2,5,0,20,0,0,0,0,0,0,0,0,0,1,0,2,23,452,42
8715,B0,0,18,3,6,0,0,0,0,0,0,0,0,0,0,1,1,20,172,36
8715,B1,11,20,17,21,0,0,0,0,0,0,0,0,0,0,1,1,1,5,18
8715,B2,16,0,3,3,0,0,0,0,0,0,0,0,0,1,0,2,15,225,31
8715,C1,8,3,16,0,0,0,0,0,0,0,0,0,0,1,0,2,35,672,65
8730,A1,3,4,0,20,0,0,0,0,0,0,0,0,0,1,0,2,23,452,42
8730,B0,0,20,3,2,0,0,0,0,0,0,0,0,0,0,1,1,20,172,36
8730,B1,12,20,18,21,0,0,0,0,0,0,0,0,0,0,1,1,1,5,18
8730,B2,15,0,3,6,0,0,0,0,0,0,0,0,0,0,1,1,15,225,31
8730,C1,6,3,18,0,0,0,0,0,0,0,0,0,0,0,1,2,35,672,65
8745,A1,1,4,0,20,0,0,0,0,0,0,0,0,0,1,0,2,23,452,42
8745,B0,0,17,2,1,0,0,0,0,0,0,0,0,0,1,0,2,20,172,36
8745,B1,14,20,17,20,0,0,0,0,0,0,0,0,0,0,1,2,1,5,18
8745,B2,20,0,1,6,0,0,0,0,0,0,0,0,0,0,1,1,15,225,31
8745,C1,5,2,18,0,0,0,0,0,0,0,0,0,0,1,0,1,35,672,65
8760,A1,1,5,0,20,0,0,0,0,0,0,0,0,0,1,0,2,23,452,42
8760,B0,0,15,2,2,0,0,0,0,0,0,0,0,0,0,1,2,20,172,36
8760,B1,13,20,17,20,0,0,0,0,0,0,0,0,0,1,0,2,1,5,18
8760,B2,20,0,1,3,0,0,0,0,0,0,0,0,0,0,1,2,15,225,31
8760,C1,6,4,17,0,0,0,0,0,0,0,0,0,0,0,1,2,35,672,65
8775,A1,2,8,0,20,0,0,0,0,0,0,0,0,0,1,0,2,23,452,42
8775,B0,0,18,4,5,0,0,0,0,0,0,0,0,0,0,1,1,20,172,36
8775,B1,13,20,16,20,0,0,0,0,0,0,0,0,0,0,1,1,1,5,18
8775,B2,18,0,2,7,0,0,0,0,0,0,0,0,0,0,1,1,15,225,31
8775,C1,5,3,18,0,0,0,0,0,0,0,0,0,0,1,0,2,35,672,65
8790,A1,4,10,0,20,0,0,0,0,0,0,0,0,0,1,0,2,23,452,42
8790,B0,0,19,2,3,0,0,0,0,0,0,0,0,0,1,0,1,20,172,36
8790,B1,12,19,15,20,0,0,0,0,0,0,0,0,0,1,0,2,1,5,18
8790,B2,19,0,3,3,0,0,0,0,0,0,0,0,0,1,0,2,15,225,31
8790,C1,3,4,18,0,0,0,0,0,0,0,0,0,0,0,1,2,35,672,65
8805,A1,2,10,0,20,0,0,0,0,0,0,0,0,0,1,0,2,23,452,42
8805,B0,0,18,1,1,0,0,0,0,0,0,0,0,0,0,1,2,20,172,36
8805,B1,13,19,13,20,0,0,0,0,0,0,0,0,0,1,0,2,1,5,18
8805,B2,18,0,2,4,0,0,0,0,0,0,0,0,0,0,1,1,15,225,31
8805,C1,4,3,16,0,0,0,0,0,0,0,0,0,0,0,1,2,35,672,65
8820,A1,1,8,0,20,0,0,0,0,0,0,0,0,0,1,0,2,23,452,42
8820,B0,0,16,2,3,0,0,0,0,0,0,0,0,0,1,0,1,20,172,36
8820,B1,13,20,13,20,0,0,0,0,0,0,0,0,0,1,0,2,1,5,18
8820,B2,20,0,1,5,0,0,0,0,0,0,0,0,0,0,1,1,15,225,31
8820,C1,3,2,18,0,0,0,0,0,0,0,0,0,0,0,1,1,35,672,65
8835,A1,1,8,0,20,0,0,0,0,0,0,0,0,0,1,0,2,23,452,42
8835,B0,0,16,1,2,0,0,0,0,0,0,0,0,0,1,0,2,20,172,36
8835,B1,13,16,13,20,0,0,0,0,0,0,0,0,0,1,0,2,1,5,18
8835,B2,19,0,1,4,0,0,0,0,0,0,0,0,0,1,0,1,15,225,31
8835,C1,5,4,16,0,0,0,0,0,0,0,0,0,0,1,0,2,35,672,65
8850,A1,1,10,0,20,0,0,0,0,0,0,0,0,0,1,0,2,23,452,42
8850,B0,0,17,5,2,0,0,0,0,0,0,0,0,0,0,1,1,20,172,36
8850,B1,13,14,13,20,0,0,0,0,0,0,0,0,0,0,1,1,1,5,18
8850,B2,18,0,1,4,0,0,0,0,0,0,0,0,0,0,1,1,15,225,31
8850,C1,5,4,15,0,0,0,0,0,0,0,0,0,0,0,1,2,35,672,65
8865,A1,3,11,0,19,0,0,0,0,0,0,0,0,0,1,0,2,23,452,42
8865,B0,0,16,2,5,0,0,0,0,0,0,0,0,0,1,0,1,20,172,36
8865,B1,14,19,11,20,0,0,0,0,0,0,0,0,0,1,0,2,1,5,18
8865,B2,18,0,3,5,0,0,0,0,0,0,0,0,0,0,1,1,15,225,31
8865,C1,6,1,18,0,0,0,0,0,0,0,0,0,0,1,0,1,35,672,65
8880,A1,2,9,0,19,0,0,0,0,0,0,0,0,0,1,0,2,23,452,42
8880,B0,0,17,1,4,0,0,0,0,0,0,0,0,0,1,0,2,20,172,36
8880,B1,15,18,12,20,0,0,0,0,0,0,0,0,0,1,0,2,1,5,18
8880,B2,19,0,4,5,0,0,0,0,0,0,0,0,0,0,1,1,15,225,31
8880,C1,6,3,17,0,0,0,0,0,0,0,0,0,0,1,0,2,35,672,65
8895,A1,1,10,0,20,0,0,0,0,0,0,0,0,0,1,0,2,23,452,42
8895,B0,0,11,1,7,0,0,0,0,0,0,0,0,0,1,0,2,20,172,36
8895,B1,16,13,15,20,0,0,0,0,0,0,0,0,0,1,0,1,1,5,18
8895,B2,18,0,1,4,0,0,0,0,0,0,0,0,0,1,0,1,15,225,31
8895,C1,5,3,16,0,0,0,0,0,0,0,0,0,0,0,1,2,35,672,65
8910,A1,3,7,0,20,0,0,0,0,0,0,0,0,0,1,0,2,23,452,42
8910,B0,0,11,3,5,0,0,0,0,0,0,0,0,0,0,1,1,20,172,36
8910,B1,16,17,14,20,0,0,0,0,0,0,0,0,0,1,0,2,1,5,18
8910,B2,18,0,1,5,0,0,0,0,0,0,0,0,0,0,1,1,15,225,31
8910,C1,5,3,16,0,0,0,0,0,0,0,0,0,0,0,1,2,35,672,65
8925,A1,1,5,0,20,0,0,0,0,0,0,0,0,0,1,0,2,23,452,42
8925,B0,0,12,1,2,0,0,0,0,0,0,0,0,0,0,1,2,20,172,36
8925,B1,16,14,15,20,0,0,0,0,0,0,0,0,0,1,0,1,1,5,18
8925,B2,20,0,2,3,0,0,0,0,0,0,0,0,0,0,1,2,15,225,31
8925,C1,7,1,18,0,0,0,0,0,0,0,0,0,0,1,0,1,35,672,65
8940,A1,1,5,0,20,0,0,0,0,0,0,0,0,0,1,0,2,23,452,42
8940,B0,0,11,3,2,0,0,0,0,0,0,0,0,0,0,1,1,20,172,36
8940,B1,17,16,19,16,0,0,0,0,0,0,0,0,0,0,1,1,1,5,18
8940,B2,18,0,1,6,0,0,0,0,0,0,0,0,0,0,1,1,16,230,33
8940,C1,6,2,15,0,0,0,0,0,0,0,0,0,0,1,0,1,35,672,65
8955,A1,3,5,0,20,0,0,0,0,0,0,0,0,0,1,0,2,23,452,42
8955,B0,0,11,2,4,0,0,0,0,0,0,0,0,0,1,0,1,20,172,36
8955,B1,17,18,20,16,0,0,0,0,0,0,0,0,0,1,0,2,1,5,18
8955,B2,19,0,4,7,0,0,0,0,0,0,0,0,0,0,1,1,16,230,33
8955,C1,6,3,14,0,0,0,0,0,0,0,0,0,0,0,1,2,35,672,65
8970,A1,2,4,0,18,0,0,0,0,0,0,0,0,0,0,1,2,23,452,42
8970,B0,0,15,2,3,0,0,0,0,0,0,0,0,0,0,1,1,20,172,36
8970,B1,19,17,19,20,0,0,0,0,0,0,0,0,0,0,1,2,1,5,18
8970,B2,20,0,1,3,0,0,0,0,0,0,0,0,0,0,1,2,16,230,33
8970,C1,6,1,13,0,0,0,0,0,0,0,0,0,0,1,0,2,35,672,65
8985,A1,2,2,0,18,0,0,0,0,0,0,0,0,0,1,0,1,23,452,42
8985,B0,0,15,3,1,0,0,0,0,0,0,0,0,0,0,1,2,20,172,36
8985,B1,20,16,19,19,0,0,0,0,0,0,0,0,0,1,0,2,1,5,18
8985,B2,16,0,2,4,0,0,0,0,0,0,0,0,0,0,1,1,16,230,33
8985,C1,4,1,13,0,0,0,0,0,0,0,0,0,0,0,1,1,35,672,65
9000,A1,3,2,0,18,0,0,0,0,0,0,0,0,0,1,0,1,23,452,42
9000,B0,0,13,2,2,0,0,0,0,0,0,0,0,0,1,0,2,20,172,36
9000,B1,20,13,20,20,0,0,0,0,0,0,0,0,0,1,0,2,1,5,18
9000,B2,16,0,2,6,0,0,0,0,0,0,0,0,0,1,0,1,16,230,33
9000,C1,5,1,9,0,0,0,0,0,0,0,0,0,0,1,0,2,35,672,65
9015,A1,4,3,0,16,0,0,0,0,0,0,0,0,0,0,1,2,23,452,42
9015,B0,0,11,5,3,0,0,0,0,0,0,0,0,0,0,1,1,20,172,36
9015,B1,20,13,19,20,0,0,0,0,0,0,0,0,0,0,1,1,1,5,18
9015,B2,18,0,2,8,0,0,0,0,0,0,0,0,0,0,1,1,16,230,33
9015,C1,4,3,9,0,0,0,0,0,0,0,0,0,0,0,1,2,35,672,65
9030,A1,2,5,0,17,0,0,0,0,0,0,0,0,0,1,0,2,23,452,42
9030,B0,0,14,6,1,0,0,0,0,0,0,0,0,0,0,1,1,20,172,36
9030,B1,20,17,18,19,0,0,0,0,0,0,0,0,0,1,0,2,1,5,18
9030,B2,20,0,1,4,0,0,0,0,0,0,0,0,0,0,1,1,16,230,33
9030,C1,4,3,11,0,0,0,0,0,0,0,0,0,0,1,0,2,36,686,68
9045,A1,1,5,0,20,0,0,0,0,0,0,0,0,0,1,0,2,23,452,42
9045,B0,0,15,5,1,0,0,0,0,0,0,0,0,0,0,1,1,20,172,36
9045,B1,20,12,20,20,0,0,0,0,0,0,0,0,0,1,0,2,1,5,18
9045,B2,20,0,3,3,0,0,0,0,0,0,0,0,0,0,1,2,16,230,33
9045,C1,3,4,10,0,0,0,1,0,0,0,0,0,0,1,0,2,37,696,68
9060,A1,4,3,0,19,0,0,0,0,0,0,0,0,0,0,1,2,23,452,42
9060,B0,0,17,6,2,0,0,0,0,0,0,0,0,0,0,1,1,20,172,36
9060,B1,20,16,19,17,0,0,0,0,0,0,0,0,0,0,1,2,1,5,18
9060,B2,18,0,2,5,0,0,0,0,0,0,0,0,0,0,1,1,16,230,33
9060,C1,2,2,9,0,0,0,0,0,0,0,0,0,0,0,1,1,37,700,71
9075,A1,2,5,0,18,0,0,0,0,0,0,0,0,0,1,0,2,23,452,42
9075,B0,0,20,6,1,0,0,0,0,0,0,0,0,0,0,1,1,20,172,36
9075,B1,19,17,20,18,0,0,0,0,0,0,0,0,0,1,0,2,1,5,18
9075,B2,19,0,3,4,0,0,0,0,0,0,0,0,0,0,1,1,16,230,33
9075,C1,1,2,10,0,0,0,0,0,0,0,0,0,0,1,0,1,37,700,71
9090,A1,1,3,0,20,0,0,0,0,0,0,0,0,0,1,0,1,23,452,42
9090,B0,0,20,4,1,0,0,0,0,0,0,0,0,0,0,1,1,20,172,36
9090,B1,19,18,20,20,0,0,0,0,0,0,0,0,0,1,0,2,1,5,18
9090,B2,18,0,2,6,0,0,0,0,0,0,0,0,0,0,1,1,16,230,33
9090,C1,2,4,5,0,0,0,0,0,0,0,0,0,0,0,1,2,37,700,71
9105,A1,1,6,0,17,0,0,0,0,0,0,0,0,0,1,0,2,23,452,42
9105,B0,0,17,3,1,0,0,0,0,0,0,0,0,0,1,0,2,20,172,36
9105,B1,19,13,20,20,0,0,0,0,0,0,0,0,0,1,0,1,1,5,18
9105,B2,18,0,3,2,0,0,0,0,0,0,0,0,0,1,0,2,16,230,33
9105,C1,1,2,4,0,0,0,0,0,0,0,0,0,0,0,1,1,37,700,71
9120,A1,1,6,0,18,0,0,0,0,0,0,0,0,0,1,0,2,23,452,42
9120,B0,0,17,5,2,0,0,0,0,0,0,0,0,0,0,1,1,20,172,36
9120,B1,20,14,20,19,0,0,0,0,0,0,0,0,0,0,1,1,1,5,18
9120,B2,18,0,1,5,0,0,0,0,0,0,0,0,0,0,1,1,16,230,33
9120,C1,1,3,3,0,0,0,0,0,0,0,0,0,0,1,0,2,37,700,71
9135,A1,3,2,0,20,0,0,0,0,0,0,0,0,0,1,0,1,23,452,42
9135,B0,0,20,5,1,0,0,0,0,0,0,0,0,0,0,1,1,20,172,36
9135,B1,20,16,19,18,0,0,0,0,0,0,0,0,0,0,1,2,1,5,18
9135,B2,20,0,2,3,0,0,0,0,0,0,0,0,0,1,0,2,16,230,33
9135,C1,1,2,3,0,0,0,0,0,0,0,0,0,0,1,0,1,37,700,71
9150,A1,2,3,0,18,0,2,0,0,0,0,0,0,0,1,0,2,24,460,42
9150,B0,0,20,3,1,0,0,0,0,0,0,0,0,0,0,1,2,20,172,36
9150,B1,20,16,19,20,0,0,0,0,0,0,0,0,0,1,0,2,1,5,18
9150,B2,18,0,3,6,0,0,0,0,0,0,0,0,0,0,1,1,16,230,33
9150,C1,2,2,3,0,0,0,0,0,0,0,0,0,0,0,1,2,37,700,71
9165,A1,2,3,0,16,0,0,0,0,0,0,0,0,0,0,1,1,24,466,45
9165,B0,0,18,3,1,0,0,0,0,0,0,0,0,0,0,1,2,20,172,36
9165,B1,19,12,20,20,0,0,0,0,0,0,0,0,0,0,1,1,1,5,18
9165,B2,20,0,1,5,0,0,0,0,0,0,0,0,0,0,1,1,16,230,33
9165,C1,3,1,3,0,0,0,0,0,0,0,0,0,0,1,0,2,37,700,71
9180,A1,2,3,0,16,0,0,0,0,0,0,0,0,0,1,0,1,24,466,45
9180,B0,0,17,7,1,0,0,0,0,0,0,0,0,0,1,0,1,20,172,36
9180,B1,20,15,19,19,0,0,0,0,0,0,0,0,0,1,0,2,1,5,18
9180,B2,20,0,1,3,0,0,0,0,0,0,0,0,0,0,1,2,16,230,33
9180,C1,2,1,3,0,0,0,0,0,0,0,0,0,0,1,0,1,37,700,71
9195,A1,2,4,0,18,0,0,0,0,0,0,0,0,0,1,0,2,24,466,45
9195,B0,0,18,10,1,0,0,0,0,0,0,0,0,0,0,1,1,20,172,36
9195,B1,19,13,20,20,0,0,0,0,0,0,0,0,0,1,0,1,1,5,18
9195,B2,18,0,2,5,0,0,0,1,0,0,0,0,0,0,1,1,17,234,33
9195,C1,3,3,2,0,0,0,0,0,0,0,0,0,0,1,0,2,37,700,71
9210,A1,4,4,0,19,0,0,0,0,0,0,0,0,0,1,0,2,24,466,45
9210,B0,0,20,10,2,0,0,0,0,0,0,0,0,0,0,1,1,20,172,36
9210,B1,20,13,17,19,0,0,0,0,0,0,0,0,0,1,0,2,1,5,18
9210,B2,17,0,2,3,0,0,0,0,0,0,0,0,0,1,0,2,17,234,34
9210,C1,1,1,3,0,0,0,0,0,0,0,0,0,0,0,1,1,37,700,71
9225,A1,5,3,0,19,0,0,0,0,0,0,0,0,0,0,1,2,24,466,45
9225,B0,0,20,10,1,0,0,0,0,0,0,0,0,0,0,1,1,20,172,36
9225,B1,20,12,18,19,0,0,0,0,0,0,0,0,0,0,1,2,1,5,18
9225,B2,13,0,4,3,0,0,0,0,0,0,0,0,0,1,0,1,17,234,34
9225,C1,2,1,4,0,0,0,0,0,0,0,0,0,0,1,0,1,37,700,71
9240,A1,2,2,0,18,0,0,0,0,0,0,0,0,0,1,0,1,25,477,49
9240,B0,0,20,7,2,0,0,0,0,0,0,0,0,0,0,1,1,20,172,36
9240,B1,18,10,19,17,0,0,0,0,0,0,0,0,0,0,1,1,1,5,18
9240,B2,17,0,3,4,0,0,0,0,0,0,0,0,0,1,0,1,17,234,34
9240,C1,2,2,3,0,0,0,0,0,0,0,0,0,0,1,0,2,37,700,71
9255,A1,4,2,0,17,0,0,0,0,0,0,0,0,0,1,0,2,25,477,49
9255,B0,0,20,7,1,0,0,0,0,0,0,0,0,0,0,1,1,20,172,36
9255,B1,19,10,19,19,0,0,0,0,0,0,0,0,0,0,1,1,1,5,18
9255,B2,18,0,4,3,0,0,0,0,0,0,0,0,0,0,1,1,17,234,34
9255,C1,4,3,2,0,0,0,0,0,0,0,0,0,0,0,1,2,37,700,71
9270,A1,3,1,0,16,0,0,0,0,0,0,0,0,0,0,1,1,25,477,49
9270,B0,0,20,8,2,0,0,0,0,0,0,0,0,0,0,1,1,20,172,36
9270,B1,20,10,20,21,0,0,0,0,0,0,0,0,0,0,1,1,1,5,18
9270,B2,18,0,3,4,0,0,0,0,0,0,0,0,0,1,0,1,17,234,34
9270,C1,3,1,3,0,0,0,0,0,0,0,0,0,0,1,0,2,37,700,71
9285,A1,3,2,0,14,0,0,0,0,0,0,0,0,0,1,0,1,25,477,49
9285,B0,0,20,10,3,0,0,0,0,0,0,0,0,0,0,1,1,20,172,36
9285,B1,20,10,14,21,0,0,0,0,0,0,0,0,0,0,1,1,1,5,18
9285,B2,17,0,2,2,0,0,0,0,0,0,0,0,0,1,0,2,17,234,34
9285,C1,4,2,4,0,0,0,0,0,0,0,0,0,0,0,1,2,37,700,71
9300,A1,3,3,0,17,0,0,0,0,0,0,0,0,0,0,1,2,25,477,49
9300,B0,0,20,7,3,0,0,0,0,0,0,0,0,0,0,1,1,20,172,36
9300,B1,20,11,15,20,0,0,0,0,0,0,0,0,0,1,0,2,1,5,18
9300,B2,13,0,5,5,0,0,0,0,0,0,0,0,0,1,0,1,17,234,34
9300,C1,4,4,5,0,0,0,0,0,0,0,0,0,0,1,0,2,37,700,71
9315,A1,2,5,0,16,0,0,0,0,0,0,0,0,0,0,1,2,25,477,49
9315,B0,0,20,7,2,0,0,0,0,0,0,0,0,0,0,1,1,20,172,36
9315,B1,18,10,17,20,0,0,0,0,0,0,0,0,0,0,1,1,1,5,18
9315,B2,17,0,1,5,0,0,0,0,0,0,0,0,0,0,1,1,17,234,34
9315,C1,4,3,7,0,0,0,0,0,0,0,0,0,0,1,0,2,37,700,71
9330,A1,2,4,0,18,0,0,0,0,0,0,0,0,0,1,0,2,25,477,49
9330,B0,0,20,3,3,0,0,0,0,0,0,0,0,0,0,1,1,20,172,36
9330,B1,19,11,15,19,0,0,0,0,0,0,0,0,0,0,1,1,1,5,18
9330,B2,18,0,3,5,0,0,0,0,0,0,0,0,0,1,0,1,17,234,34
9330,C1,5,3,8,0,0,0,0,0,0,0,0,0,0,0,1,2,37,700,71
9345,A1,3,4,0,18,0,0,0,0,0,0,0,0,0,0,1,2,25,477,49
9345,B0,0,18,5,2,0,0,0,0,0,0,0,0,0,0,1,1,20,172,36
9345,B1,19,11,14,19,0,0,0,0,0,0,0,0,0,1,0,2,1,5,18
9345,B2,18,0,3,6,0,0,0,0,0,0,0,0,0,0,1,1,17,234,34
9345,C1,5,3,11,0,0,0,0,0,0,0,0,0,0,1,0,2,37,700,71
9360,A1,3,4,0,17,0,1,0,0,0,0,0,0,0,0,1,2,27,487,50
9360,B0,0,19,2,2,0,0,0,0,0,0,0,0,0,0,1,2,20,172,36
9360,B1,19,11,12,20,0,0,0,0,0,0,0,0,0,0,1,2,1,5,18
9360,B2,20,0,1,5,0,0,0,0,0,0,0,0,0,0,1,1,17,234,34
9360,C1,5,3,12,0,0,0,0,0,0,0,0,0,0,1,0,2,37,700,71
9375,A1,1,4,0,18,0,0,0,0,0,0,0,0,0,1,0,2,27,502,52
9375,B0,0,18,5,2,0,0,0,0,0,0,0,0,0,0,1,1,20,172,36
9375,B1,19,10,13,19,0,0,0,0,0,0,0,0,0,1,0,2,1,5,18
9375,B2,19,0,2,3,0,0,0,0,0,0,0,0,0,1,0,2,17,234,34
9375,C1,5,2,13,0,0,0,0,0,0,0,0,0,0,0,1,2,37,700,71
9390,A1,1,2,0,20,0,0,0,0,0,0,0,0,0,0,1,1,27,502,52
9390,B0,0,19,8,1,0,0,0,0,0,0,0,0,0,0,1,1,20,172,36
9390,B1,19,10,12,20,0,0,0,0,0,0,0,0,0,0,1,1,1,5,18
9390,B2,15,0,3,5,0,0,0,0,0,0,0,0,0,0,1,1,17,234,34
9390,C1,4,1,14,0,0,0,0,0,0,0,0,0,0,1,0,1,37,700,71
9405,A1,1,6,0,17,0,0,0,0,0,0,0,0,0,1,0,2,28,505,53
9405,B0,0,20,7,3,0,0,0,0,0,0,0,0,0,0,1,1,20,172,36
9405,B1,20,10,12,18,0,0,0,0,0,0,0,0,0,0,1,2,1,5,18
9405,B2,19,0,2,5,0,0,0,0,0,0,0,0,0,0,1,1,17,234,34
9405,C1,5,4,13,0,0,0,0,0,0,0,0,0,0,1,0,2,37,700,71
9420,A1,1,6,0,19,0,0,0,0,0,0,0,0,0,1,0,2,28,505,53
9420,B0,0,20,7,1,0,0,0,0,0,0,0,0,0,0,1,1,20,172,36
9420,B1,18,9,11,19,0,0,0,0,0,0,0,0,0,1,0,1,1,5,18
9420,B2,18,0,1,3,0,0,0,0,0,0,0,0,0,1,0,2,17,234,34
9420,C1,4,2,12,0,0,0,0,0,0,0,0,0,0,0,1,1,37,700,71
9435,A1,3,5,0,18,0,0,0,0,0,0,0,0,0,0,1,2,28,505,53
9435,B0,0,20,5,3,0,0,0,0,0,0,0,0,0,0,1,1,20,172,36
9435,B1,19,9,7,20,0,0,0,0,0,0,0,0,0,0,1,2,1,5,18
9435,B2,16,0,1,4,0,0,0,0,0,0,0,0,0,0,1,1,17,234,34
9435,C1,6,1,13,0,0,0,0,0,0,0,0,0,0,1,0,2,37,700,71
9450,A1,1,3,0,18,0,0,0,0,0,0,0,0,0,1,0,1,28,505,53
9450,B0,0,20,5,2,0,0,0,0,0,0,0,0,0,0,1,1,20,172,36
9450,B1,19,9,7,20,0,0,0,0,0,0,0,0,0,1,0,2,1,5,18
9450,B2,19,0,1,3,0,0,0,0,0,0,0,0,0,1,0,2,17,234,34
9450,C1,4,1,13,0,0,0,0,0,0,0,0,0,0,0,1,1,37,700,71
9465,A1,1,3,0,16,0,0,0,0,0,0,0,0,0,0,1,1,28,505,53
9465,B0,0,19,4,3,0,0,0,0,0,0,0,0,0,1,0,1,20,172,36
9465,B1,15,9,8,20,0,0,0,0,0,0,0,0,0,1,0,2,1,5,18
9465,B2,14,0,4,4,0,0,0,0,0,0,0,0,0,0,1,1,17,234,34
9465,C1,7,1,10,0,0,0,0,0,0,0,0,0,0,1,0,2,37,700,71
9480,A1,2,6,0,16,0,0,0,0,0,0,0,0,0,1,0,2,28,505,53
9480,B0,0,18,6,3,0,0,0,0,0,0,0,0,0,0,1,1,20,172,36
9480,B1,16,9,11,20,0,0,0,0,0,0,0,0,0,0,1,1,1,5,18
9480,B2,18,0,1,6,0,0,0,0,0,0,0,0,0,0,1,1,17,234,34
9480,C1,3,3,10,0,0,0,0,0,0,0,0,0,0,1,0,2,37,700,71
9495,A1,2,3,0,19,0,0,0,0,0,0,0,0,0,0,1,1,28,505,53
9495,B0,0,20,6,1,0,0,0,0,0,0,0,0,0,0,1,1,20,172,36
9495,B1,20,10,9,20,0,0,0,0,0,0,0,0,0,1,0,2,1,5,18
9495,B2,20,0,2,4,0,0,0,0,0,0,0,0,0,0,1,1,17,234,34
9495,C1,3,2,7,0,0,0,0,0,0,0,0,0,0,0,1,1,37,700,71
9510,A1,1,6,0,18,0,0,0,0,0,0,0,0,0,1,0,2,28,505,53
9510,B0,0,20,4,2,0,0,0,0,0,0,0,0,0,0,1,1,20,172,36
9510,B1,17,10,10,20,0,0,0,0,0,0,0,0,0,0,1,1,1,5,18
9510,B2,20,0,2,5,0,0,0,0,0,0,0,0,0,0,1,1,17,234,34
9510,C1,3,3,6,0,0,0,0,0,0,0,0,0,0,1,0,2,37,700,71
9525,A1,1,3,0,20,0,0,0,0,0,0,0,0,0,1,0,1,28,505,53
9525,B0,0,19,1,1,0,0,0,0,0,0,0,0,0,1,0,2,20,172,36
9525,B1,18,10,9,20,0,0,0,0,0,0,0,0,0,1,0,2,1,5,18
9525,B2,20,0,1,4,0,0,0,0,0,0,0,0,0,0,1,1,17,234,34
9525,C1,2,3,4,0,0,0,0,0,0,0,0,0,0,1,0,2,37,700,71
9540,A1,1,4,0,16,0,0,0,0,0,0,0,0,0,1,0,2,28,505,53
9540,B0,0,13,4,1,0,0,0,0,0,0,0,0,0,1,0,1,20,172,36
9540,B1,17,12,10,20,0,0,0,0,0,0,0,0,1,1,0,2,1,5,18
9540,B2,18,0,1,7,0,0,0,0,0,0,0,0,0,0,1,1,17,234,34
9540,C1,2,4,1,0,0,0,0,1,0,0,0,0,0,0,1,1,38,719,71
9555,A1,1,2,0,17,0,0,0,0,0,0,0,0,0,0,1,1,28,505,53
9555,B0,0,16,5,2,0,0,0,0,0,0,0,0,0,1,0,1,20,172,36
9555,B1,12,11,11,20,0,0,0,0,0,0,0,0,0,1,0,1,1,5,18
9555,B2,19,0,3,4,0,0,0,0,0,0,0,0,0,0,1,1,17,234,34
9555,C1,3,5,2,0,0,0,0,0,0,0,0,0,0,1,0,2,38,733,75
9570,A1,2,5,0,14,0,0,0,0,0,0,0,0,0,0,1,2,28,505,53
9570,B0,0,18,6,1,0,0,0,0,0,0,0,0,0,0,1,1,20,172,36
9570,B1,14,14,10,20,0,0,0,0,0,0,0,0,0,1,0,2,1,5,18
9570,B2,18,0,4,4,0,0,0,0,0,0,0,0,0,1,0,1,17,234,34
9570,C1,4,2,2,0,0,0,0,0,0,0,0,0,0,1,0,2,38,733,75
9585,A1,5,2,0,17,0,0,0,0,0,0,0,0,0,1,0,2,28,505,53
9585,B0,0,20,7,2,0,0,0,0,0,0,0,0,0,0,1,1,20,172,36
9585,B1,12,15,11,20,0,0,0,0,0,0,0,0,0,0,1,1,1,5,18
9585,B2,18,0,1,6,0,0,0,0,0,0,0,0,0,0,1,1,17,234,34
9585,C1,2,1,3,0,0,0,0,0,0,0,0,0,0,1,0,1,38,733,75
9600,A1,2,4,0,17,0,0,0,0,0,0,0,0,0,0,1,2,28,505,53
9600,B0,0,20,7,1,0,0,0,0,0,0,0,0,0,0,1,1,20,172,36
9600,B1,13,15,13,20,0,0,0,0,0,0,0,0,0,1,0,2,1,5,18
9600,B2,20,0,3,2,0,0,0,0,0,0,0,0,0,0,1,2,17,234,34
9600,C1,4,2,1,0,0,0,0,0,0,0,0,0,0,1,0,2,38,733,75
9615,A1,1,7,0,18,0,0,0,0,0,0,0,0,0,1,0,2,28,505,53
9615,B0,0,20,4,1,0,0,0,0,0,0,0,0,0,0,1,1,20,172,36
9615,B1,14,13,16,19,0,0,0,0,0,0,0,0,0,0,1,1,1,5,18
9615,B2,15,0,1,3,0,0,0,0,0,0,0,0,0,1,0,2,17,234,34
9615,C1,1,1,1,0,0,0,0,0,0,0,0,0,0,1,0,2,38,733,75
9630,A1,1,4,0,20,0,0,0,0,0,0,0,0,0,1,0,2,28,505,53
9630,B0,0,20,5,3,0,0,0,0,0,0,0,0,0,0,1,1,20,172,36
9630,B1,18,14,16,19,0,0,0,0,0,0,0,0,0,0,1,1,1,5,18
9630,B2,14,0,2,6,0,0,0,0,0,0,0,0,0,0,1,1,17,234,34
9630,C1,3,4,1,0,0,0,0,0,0,0,0,0,0,1,0,2,38,733,75
9645,A1,1,4,0,18,0,0,0,0,0,0,0,0,0,0,1,2,28,505,53
9645,B0,0,20,5,4,0,0,0,0,0,0,0,0,0,0,1,1,20,172,36
9645,B1,18,14,14,20,0,0,0,0,0,0,0,0,0,0,1,2,1,5,18
9645,B2,19,0,1,5,0,0,0,0,0,0,0,0,0,0,1,1,17,234,34
9645,C1,8,2,2,0,0,0,0,0,0,0,0,0,0,1,0,2,38,733,75
9660,A1,1,5,0,18,0,0,0,0,0,0,0,0,0,1,0,2,28,505,53
9660,B0,0,20,8,1,0,0,0,0,0,0,0,0,0,0,1,1,20,172,36
9660,B1,15,15,14,20,0,0,0,0,0,0,0,0,0,1,0,2,1,5,18
9660,B2,18,0,2,6,0,0,0,0,0,0,0,0,0,1,0,1,17,234,34
9660,C1,7,2,5,0,0,0,0,0,0,0,0,0,0,1,0,2,38,733,75
9675,A1,3,4,0,18,0,0,0,0,0,0,0,0,0,0,1,2,28,505,53
9675,B0,0,20,6,1,0,0,0,0,0,0,0,0,0,0,1,1,20,172,36
9675,B1,13,16,14,20,0,0,0,0,0,0,0,0,0,0,1,1,1,5,18
9675,B2,18,0,5,4,0,0,0,0,0,0,0,0,0,0,1,1,17,234,34
9675,C1,9,3,5,0,0,0,0,0,0,0,0,0,0,1,0,2,38,733,75
9690,A1,1,2,0,17,0,0,0,0,0,0,0,0,0,0,1,1,29,506,54
9690,B0,0,20,3,1,0,0,0,0,0,0,0,0,0,0,1,2,20,172,36
9690,B1,16,17,16,20,0,0,0,0,0,0,0,0,0,0,1,1,1,5,18
9690,B2,17,0,1,2,0,0,0,0,0,0,0,0,0,1,0,2,17,234,34
9690,C1,9,3,5,0,0,0,0,0,0,0,0,0,0,1,0,2,38,733,75
9705,A1,1,5,0,17,0,0,0,0,0,0,0,0,0,1,0,2,29,506,54
9705,B0,0,18,3,2,0,0,0,0,0,0,0,0,0,0,1,1,20,172,36
9705,B1,20,18,15,20,0,0,0,0,0,0,0,0,0,1,0,2,1,5,18
9705,B2,12,0,3,5,0,0,0,0,0,0,0,0,0,1,0,1,17,234,34
9705,C1,9,1,6,0,0,0,0,0,0,0,0,0,0,1,0,2,38,733,75
9720,A1,3,3,0,20,0,0,0,0,0,0,0,0,0,1,0,2,29,506,54
9720,B0,0,19,5,1,0,0,0,0,0,0,0,0,0,0,1,1,20,172,36
9720,B1,14,18,15,20,0,0,0,0,0,0,0,0,0,1,0,2,1,5,18
9720,B2,17,0,1,4,0,0,0,0,0,0,0,0,0,0,1,1,17,234,34
9720,C1,9,3,6,0,0,0,0,0,0,0,0,0,0,1,0,2,38,733,75
9735,A1,1,5,0,18,0,0,0,0,0,0,0,0,0,0,1,2,29,506,54
9735,B0,0,18,4,4,0,0,0,0,0,0,0,0,0,1,0,1,20,172,36
9735,B1,13,19,14,20,0,0,0,0,0,0,0,0,0,0,1,2,1,5,18
9735,B2,20,0,3,3,0,0,0,0,0,0,0,0,0,0,1,2,17,234,34
9735,C1,10,1,6,0,0,0,0,0,0,0,0,0,0,1,0,2,38,733,75
9750,A1,2,3,0,18,0,0,0,0,0,0,0,0,0,0,1,1,29,506,54
9750,B0,0,18,6,3,0,0,0,0,0,0,0,0,0,0,1,1,20,172,36
9750,B1,12,20,16,20,0,0,0,0,0,0,0,0,0,1,0,1,1,5,18
9750,B2,16,0,2,2,0,0,0,0,0,0,0,0,0,1,0,2,17,234,34
9750,C1,12,3,7,0,0,0,0,0,0,0,0,0,0,1,0,2,38,733,75
9765,A1,2,3,0,18,0,0,0,0,0,0,0,0,0,1,0,1,29,506,54
9765,B0,0,20,6,1,0,0,0,0,0,0,0,0,0,0,1,1,20,172,36
9765,B1,12,20,15,20,0,0,0,0,0,0,0,0,0,1,0,1,1,5,18
9765,B2,13,0,2,3,0,0,0,0,0,0,0,0,0,0,1,2,17,234,34
9765,C1,13,2,7,0,0,0,0,0,0,0,0,0,0,1,0,2,38,733,75
9780,A1,4,6,0,18,0,0,0,0,0,0,0,0,0,1,0,2,29,506,54
9780,B0,0,19,3,1,0,0,0,0,0,0,0,0,0,1,0,2,20,172,36
9780,B1,11,20,16,20,0,0,0,0,0,0,0,0,0,0,1,1,1,5,18
9780,B2,15,0,3,2,0,0,0,0,0,0,0,0,0,1,0,2,17,234,34
9780,C1,12,1,7,0,0,0,0,0,0,0,0,0,0,1,0,2,38,733,75
9795,A1,2,5,0,19,0,0,0,0,0,0,0,0,0,1,0,2,29,506,54
9795,B0,0,18,6,2,0,0,0,0,0,0,0,0,0,0,1,1,20,172,36
9795,B1,12,20,17,20,0,0,0,0,0,0,0,0,0,0,1,1,1,5,18
9795,B2,11,0,4,2,0,0,0,0,0,0,0,0,0,1,0,2,17,234,34
9795,C1,12,2,9,0,0,0,0,0,0,0,0,0,0,1,0,2,38,733,75
9810,A1,1,4,0,20,0,0,0,0,0,0,0,0,0,1,0,2,29,506,54
9810,B0,0,19,4,2,0,0,0,0,0,0,0,0,0,1,0,1,20,172,36
9810,B1,12,20,18,19,0,0,0,0,0,0,0,0,0,0,1,1,1,5,18
9810,B2,13,0,4,2,0,0,0,0,0,0,0,0,0,0,1,2,17,234,34
9810,C1,13,3,9,0,0,0,0,0,0,0,0,0,0,1,0,2,38,733,75
9825,A1,3,3,0,20,0,0,0,0,0,0,0,0,0,1,0,2,29,506,54
9825,B0,0,18,6,2,0,0,0,0,0,0,0,0,0,0,1,1,20,172,36
9825,B1,15,20,16,20,0,0,0,0,0,0,0,0,0,1,0,2,1,5,18
9825,B2,17,0,4,5,0,0,0,0,0,0,0,0,0,1,0,1,17,234,34
9825,C1,15,1,9,0,0,0,0,0,0,0,0,0,0,1,0,2,38,733,75
9840,A1,1,3,0,17,0,0,0,0,0,0,0,0,0,0,1,1,29,506,54
9840,B0,0,20,6,1,0,0,0,0,0,0,0,0,0,0,1,1,20,172,36
9840,B1,11,18,18,20,0,0,0,0,0,0,0,0,0,0,1,1,1,5,18
9840,B2,18,0,3,6,0,0,0,0,0,0,0,0,0,0,1,1,17,234,34
9840,C1,17,2,11,0,0,0,0,0,0,0,0,0,0,1,0,2,38,733,75
9855,A1,1,6,0,15,0,0,0,0,0,0,0,0,0,1,0,2,29,506,54
9855,B0,0,20,7,3,0,0,0,0,0,0,0,0,0,0,1,1,20,172,36
9855,B1,12,20,15,20,0,0,0,0,0,0,0,0,0,0,1,1,1,5,18
9855,B2,20,0,1,4,0,0,0,0,0,0,0,0,0,0,1,1,17,234,34
9855,C1,17,3,12,0,0,0,0,0,0,0,0,0,0,1,0,2,38,733,75
9870,A1,1,7,0,20,0,0,0,0,0,0,0,0,0,1,0,2,29,506,54
9870,B0,0,18,4,4,0,0,0,0,0,0,0,0,0,1,0,1,20,172,36
9870,B1,11,20,14,20,0,0,0,0,0,0,0,0,0,1,0,2,1,5,18
9870,B2,20,0,1,4,0,0,0,0,0,0,0,0,0,0,1,1,17,234,34
9870,C1,17,1,14,0,0,0,0,0,0,0,0,0,0,1,0,2,38,733,75
9885,A1,1,3,0,18,0,0,0,0,0,0,0,0,0,0,1,1,29,506,54
9885,B0,0,18,5,1,0,0,0,0,0,0,0,0,0,0,1,1,20,172,36
9885,B1,13,19,15,19,0,0,0,0,0,0,0,0,0,1,0,2,1,5,18
9885,B2,18,0,1,6,0,0,0,0,0,0,0,0,0,1,0,1,17,234,34
9885,C1,16,2,16,0,0,0,0,0,0,0,0,0,0,1,0,2,38,733,75
9900,A1,2,4,0,18,0,0,0,0,0,0,0,0,0,1,0,2,29,506,54
9900,B0,0,20,3,3,0,0,0,0,0,0,0,0,0,0,1,1,20,172,36
9900,B1,14,18,17,20,0,0,0,0,0,0,0,0,0,1,0,1,1,5,18
9900,B2,18,0,1,6,0,0,0,0,0,0,0,0,0,0,1,1,17,234,34
9900,C1,16,1,18,0,0,0,0,0,0,0,0,0,0,1,0,2,38,733,75
9915,A1,2,2,0,18,0,0,0,0,0,0,0,0,0,0,1,1,29,506,54
9915,B0,0,18,4,2,0,0,0,0,0,0,0,0,0,1,0,1,20,172,36
9915,B1,16,19,17,19,0,0,0,0,0,0,0,0,0,1,0,2,1,5,18
9915,B2,20,0,1,5,0,0,0,0,0,0,0,0,0,0,1,1,17,234,34
9915,C1,16,3,19,0,0,0,0,0,0,0,0,0,0,1,0,2,38,733,75
9930,A1,3,1,0,15,0,0,0,0,0,0,0,0,0,1,0,1,30,514,56
9930,B0,0,18,2,2,0,0,0,0,0,0,0,0,0,0,1,2,20,172,36
9930,B1,12,19,19,19,0,0,0,0,0,0,0,0,0,1,0,1,1,5,18
9930,B2,20,0,1,6,0,0,0,0,0,0,0,0,0,0,1,1,17,234,34
9930,C1,15,1,20,0,0,0,0,0,0,0,0,0,0,1,0,2,38,733,75
9945,A1,2,1,0,15,0,0,0,0,0,0,0,0,0,0,1,1,30,514,56
9945,B0,0,18,4,4,0,0,0,0,0,0,0,0,0,0,1,1,20,172,36
9945,B1,13,20,18,20,0,0,0,0,0,0,0,0,0,0,1,1,1,5,18
9945,B2,20,0,2,3,0,0,0,0,0,0,0,0,0,0,1,2,17,234,34
9945,C1,15,2,20,0,0,0,0,0,0,0,0,0,0,1,0,2,38,733,75
9960,A1,3,2,0,11,0,0,0,0,0,0,0,0,0,0,1,1,30,514,56
9960,B0,0,19,5,1,0,0,0,0,0,0,0,0,0,0,1,1,20,172,36
9960,B1,14,20,19,20,0,0,0,0,0,0,0,0,0,0,1,1,1,5,18
9960,B2,14,0,1,2,0,0,0,0,0,0,0,0,0,1,0,2,17,234,34
9960,C1,15,4,20,0,0,0,0,0,0,0,0,0,0,1,0,2,38,733,75
9975,A1,1,2,0,15,0,0,0,0,0,0,0,0,0,1,0,1,30,514,56
9975,B0,0,19,5,2,0,0,0,0,0,0,0,0,0,1,0,1,20,172,36
9975,B1,12,20,15,20,0,0,0,0,0,0,0,0,0,1,0,1,1,5,18
9975,B2,10,0,3,3,0,0,0,0,0,0,0,0,0,1,0,1,17,234,34
9975,C1,14,1,20,0,0,0,0,0,0,0,0,0,0,1,0,2,38,733,75
9990,A1,3,2,0,18,0,0,0,0,0,0,0,0,0,1,0,1,30,514,56
9990,B0,0,18,6,1,0,0,0,0,0,0,0,0,0,0,1,1,20,172,36
9990,B1,14,19,14,20,0,0,0,0,0,0,0,0,0,1,0,2,1,5,18
9990,B2,16,0,2,4,0,0,0,0,0,0,0,0,0,0,1,1,17,234,34
9990,C1,14,1,20,0,0,0,0,0,0,0,0,0,0,1,0,2,38,733,75
