time_of_info,tls_id,count_to_r,count_to_l,count_to_b,count_to_t,count_stuck_middle,count_stuck_to_r,count_stuck_to_l,count_stuck_to_b,count_stuck_to_t,is_jam_next_l,is_jam_next_r,is_jam_next_t,is_jam_next_b,is_green_horizontal,is_green_vertical,y,jams_count,jams_time,jams_car_count
15,A1,0,0,0,0,0,0,0,0,0,0,0,0,0,0,1,1,0,0,0
15,B0,0,0,0,0,0,0,0,0,0,0,0,0,0,0,1,1,0,0,0
15,B1,0,0,0,0,0,0,0,0,0,0,0,0,0,0,1,1,0,0,0
15,B2,0,0,0,0,0,0,0,0,0,0,0,0,0,0,1,1,0,0,0
15,C1,0,0,0,0,0,0,0,0,0,0,0,0,0,0,1,1,0,0,0
30,A1,4,1,0,2,0,0,0,0,0,0,0,0,0,1,0,2,0,0,0
30,B0,0,1,3,1,0,0,0,0,0,0,0,0,0,0,1,1,0,0,0
30,B1,1,2,1,2,0,0,0,0,0,0,0,0,0,1,0,1,0,0,0
30,B2,2,0,4,3,0,0,0,0,0,0,0,0,0,0,1,1,0,0,0
30,C1,2,3,1,0,0,0,0,0,0,0,0,0,0,1,0,2,0,0,0
45,A1,3,3,0,4,0,0,0,0,0,0,0,0,0,0,1,2,0,0,0
45,B0,0,2,4,1,0,0,0,0,0,0,0,0,0,0,1,1,0,0,0
45,B1,2,2,2,1,0,0,0,0,0,0,0,0,0,1,0,2,0,0,0
45,B2,3,0,1,2,0,0,0,0,0,0,0,0,0,0,1,1,0,0,0
45,C1,1,2,3,0,0,0,0,0,0,0,0,0,0,1,0,1,0,0,0
60,A1,2,6,0,5,0,0,0,0,0,0,0,0,0,1,0,2,0,0,0
60,B0,0,3,3,3,0,0,0,0,0,0,0,0,0,1,0,1,0,0,0
60,B1,1,3,1,4,0,0,0,0,0,0,0,0,0,0,1,1,1,7,2
60,B2,3,0,3,2,0,0,0,0,0,0,0,0,0,0,1,1,0,0,0
60,C1,2,4,1,0,0,0,0,0,0,0,0,0,0,1,0,2,0,0,0
75,A1,2,5,0,7,0,0,0,0,0,0,0,0,0,1,0,2,0,0,0
75,B0,0,3,3,1,0,0,0,0,0,0,0,0,0,0,1,1,0,0,0
75,B1,2,4,1,2,0,0,0,0,0,0,0,0,0,1,0,2,1,7,2
75,B2,2,0,2,3,0,0,0,0,0,0,0,0,0,1,0,1,0,0,0
75,C1,6,1,2,0,0,0,0,0,0,0,0,0,0,1,0,2,0,0,0
90,A1,1,4,0,10,0,0,0,0,0,0,0,0,0,1,0,2,0,0,0
90,B0,0,2,3,3,0,0,0,0,0,0,0,0,0,1,0,1,0,0,0
90,B1,2,2,2,3,0,0,0,0,0,0,0,0,0,0,1,1,1,7,2
90,B2,2,0,2,5,0,0,0,0,0,0,0,0,0,0,1,1,0,0,0
90,C1,4,1,3,0,0,0,0,0,0,0,0,0,0,0,1,2,0,0,0
105,A1,3,6,0,12,0,0,0,0,0,0,0,0,0,1,0,2,0,0,0
105,B0,0,5,3,3,0,0,0,0,0,0,0,0,0,0,1,1,0,0,0
105,B1,2,3,2,2,0,0,0,0,0,0,0,0,0,1,0,2,1,7,2
105,B2,2,0,1,1,0,0,0,0,0,0,0,0,0,0,1,1,0,0,0
105,C1,3,1,3,0,0,0,0,0,0,0,0,0,0,1,0,2,0,0,0
120,A1,3,2,0,12,0,0,0,0,0,0,0,0,0,1,0,1,0,0,0
120,B0,0,5,4,5,0,0,0,0,0,0,0,0,0,0,1,1,0,0,0
120,B1,2,3,1,2,0,0,0,0,0,0,0,0,0,1,0,2,2,9,3
120,B2,3,0,1,2,0,0,0,0,0,0,0,0,0,0,1,1,0,0,0
120,C1,2,2,4,0,0,0,0,0,0,0,0,0,0,0,1,1,0,0,0
135,A1,2,6,0,9,0,0,0,0,0,0,0,0,0,1,0,2,0,0,0
135,B0,0,10,3,1,0,0,0,0,0,0,0,0,0,0,1,1,0,0,0
135,B1,2,2,2,3,0,0,0,0,0,0,0,0,0,0,1,1,3,10,4
135,B2,3,0,2,1,0,0,0,0,0,0,0,0,0,1,0,1,0,0,0
135,C1,2,1,3,0,0,0,0,0,0,0,0,0,0,1,0,1,1,3,2
150,A1,1,5,0,11,0,0,0,0,0,0,0,0,0,1,0,2,0,0,0
150,B0,0,8,1,3,0,0,0,0,0,0,0,0,0,1,0,2,0,0,0
150,B1,3,4,2,3,0,0,0,0,0,0,0,0,0,1,0,2,3,10,4
150,B2,3,0,2,1,0,0,0,0,0,0,0,0,0,1,0,1,0,0,0
150,C1,3,2,2,0,0,0,0,0,0,0,0,0,0,1,0,2,1,3,2
165,A1,2,3,0,11,0,0,0,0,0,0,0,0,0,0,1,1,0,0,0
165,B0,0,5,1,2,0,0,0,0,0,0,0,0,0,0,1,2,0,0,0
165,B1,2,1,1,1,0,0,0,0,0,0,0,0,0,1,0,2,4,15,8
165,B2,3,0,2,2,0,0,0,0,0,0,0,0,0,0,1,1,0,0,0
165,C1,1,2,1,0,0,0,0,0,0,0,0,0,0,0,1,2,2,10,4
180,A1,1,4,0,10,0,0,0,0,0,0,0,0,0,1,0,2,0,0,0
180,B0,0,4,2,2,0,0,0,0,0,0,0,0,0,1,0,1,0,0,0
180,B1,1,1,3,1,0,0,0,0,0,0,0,0,0,0,1,1,4,15,8
180,B2,2,0,1,2,0,0,0,0,0,0,0,0,0,1,0,1,0,0,0
180,C1,1,1,1,0,0,0,0,0,0,0,0,0,0,1,0,2,2,10,4
195,A1,1,3,0,10,0,0,0,0,0,0,0,0,0,0,1,1,0,0,0
195,B0,0,4,2,1,0,0,0,0,0,0,0,0,0,0,1,2,1,3,1
195,B1,2,3,1,1,0,0,0,0,0,0,0,0,0,1,0,2,4,15,8
195,B2,5,0,2,3,0,0,0,0,0,0,0,0,0,0,1,1,0,0,0
195,C1,4,1,3,0,0,0,0,0,0,0,0,0,0,1,0,2,2,10,4
210,A1,2,3,0,6,0,0,0,0,0,0,0,0,0,0,1,2,0,0,0
210,B0,0,3,2,1,0,0,0,0,0,0,0,0,0,0,1,1,1,3,1
210,B1,1,2,1,2,0,0,0,0,0,0,0,0,0,0,1,1,4,15,8
210,B2,5,0,1,3,0,0,0,0,0,0,0,0,0,0,1,1,0,0,0
210,C1,5,4,3,0,0,0,0,0,0,0,0,0,0,1,0,2,2,10,4
225,A1,4,4,0,9,0,0,0,0,0,0,0,0,0,1,0,2,0,0,0
225,B0,0,3,4,1,0,0,0,0,0,0,0,0,0,0,1,1,1,3,1
225,B1,1,1,1,3,0,0,0,0,2,0,0,0,0,0,1,1,5,35,8
225,B2,4,0,1,3,0,0,0,0,0,0,0,0,0,1,0,1,0,0,0
225,C1,2,2,4,0,0,0,0,0,0,0,0,1,0,1,0,2,2,10,4
240,A1,2,4,0,9,0,0,0,0,0,0,0,0,0,1,0,2,0,0,0
240,B0,0,3,3,1,0,0,0,0,0,0,0,0,0,0,1,1,1,3,1
240,B1,1,1,1,2,0,0,0,0,1,0,0,0,0,1,0,1,7,55,11
240,B2,4,0,4,1,0,0,0,0,0,0,0,0,0,1,0,1,0,0,0
240,C1,4,1,3,0,0,0,0,0,0,0,0,1,0,0,1,2,2,10,4
255,A1,1,4,0,9,0,0,0,0,0,0,0,0,0,1,0,2,0,0,0
255,B0,0,3,2,1,0,0,0,0,0,0,0,0,0,0,1,1,1,3,1
255,B1,3,1,1,1,0,0,0,0,0,0,0,0,0,0,1,2,8,68,13
255,B2,4,0,1,4,0,0,0,0,0,0,0,0,0,0,1,1,0,0,0
255,C1,3,1,3,0,0,0,0,0,0,0,0,0,0,0,1,2,2,10,4
270,A1,1,4,0,10,0,0,0,0,0,0,0,0,0,1,0,2,0,0,0
270,B0,0,4,4,1,0,0,0,0,0,0,0,0,0,0,1,1,1,3,1
270,B1,1,1,2,2,0,0,0,0,0,0,0,0,0,0,1,1,8,68,13
270,B2,4,0,5,2,0,0,0,0,0,0,0,0,0,0,1,1,0,0,0
270,C1,3,2,3,0,0,0,0,0,0,0,0,0,0,1,0,2,2,10,4
285,A1,2,4,0,9,0,0,0,0,0,0,0,0,0,0,1,2,0,0,0
285,B0,0,2,4,2,0,0,0,0,0,0,0,0,0,1,0,1,1,3,1
285,B1,1,1,1,1,0,0,0,0,0,0,0,0,0,1,0,1,8,68,13
285,B2,3,0,2,3,0,0,0,0,0,0,0,0,0,1,0,1,0,0,0
285,C1,2,1,4,0,0,0,0,0,0,0,0,0,0,0,1,1,2,10,4
300,A1,1,1,0,9,0,0,0,0,0,0,0,0,0,1,0,1,0,0,0
300,B0,0,2,2,3,0,0,0,0,0,0,0,0,0,0,1,1,1,3,1
300,B1,2,2,1,3,0,0,0,0,0,0,0,0,0,0,1,1,8,68,13
300,B2,5,0,2,3,0,0,0,0,0,0,0,0,0,0,1,1,0,0,0
300,C1,4,2,4,0,0,0,0,0,0,0,0,0,0,1,0,2,2,10,4
315,A1,2,3,0,5,0,0,0,0,0,0,0,0,0,0,1,2,0,0,0
315,B0,0,3,1,1,0,0,0,0,0,0,0,0,0,0,1,2,1,3,1
315,B1,2,3,2,2,0,0,0,0,0,0,0,0,0,1,0,2,8,68,13
315,B2,2,0,1,4,0,0,0,0,0,0,0,0,0,0,1,1,0,0,0
315,C1,4,2,5,0,0,0,0,0,0,0,0,0,0,1,0,2,2,10,4
330,A1,1,2,0,5,0,0,0,0,0,0,0,0,0,1,0,1,0,0,0
330,B0,0,2,2,1,0,0,0,0,0,0,0,0,0,0,1,1,2,5,2
330,B1,3,2,1,1,0,0,0,0,0,0,0,0,0,0,1,2,9,80,15
330,B2,2,0,1,3,0,0,0,0,0,0,0,0,0,0,1,1,0,0,0
330,C1,4,1,5,0,0,0,0,0,0,0,0,0,0,1,0,2,2,10,4
345,A1,1,4,0,3,0,0,0,0,0,0,0,0,0,1,0,2,0,0,0
345,B0,0,3,2,1,0,0,0,0,0,0,0,0,0,0,1,1,2,5,2
345,B1,1,1,2,1,0,0,0,0,0,0,0,0,0,1,0,1,9,80,15
345,B2,3,0,1,1,0,0,0,0,0,0,0,0,0,1,0,2,0,0,0
345,C1,1,4,6,0,0,0,0,0,0,0,0,0,0,1,0,1,2,10,4
360,A1,1,2,0,5,0,0,0,0,0,0,0,0,0,1,0,1,0,0,0
360,B0,0,2,2,2,0,0,0,0,0,0,0,0,0,0,1,1,2,5,2
360,B1,1,2,1,1,0,0,0,0,0,0,0,0,0,1,0,2,11,85,17
360,B2,5,0,3,4,0,0,0,0,0,0,0,0,0,0,1,1,0,0,0
360,C1,3,1,4,0,0,0,0,0,0,0,0,0,0,0,1,1,2,10,4
375,A1,2,4,0,5,0,1,0,0,0,0,0,0,0,1,0,2,1,6,0
375,B0,0,2,2,2,0,0,0,0,0,0,0,0,0,0,1,1,2,5,2
375,B1,1,1,1,1,0,0,0,0,0,0,0,0,0,0,1,1,11,85,17
375,B2,4,0,2,4,0,0,0,0,0,0,0,0,0,1,0,1,0,0,0
375,C1,3,2,4,0,0,0,0,0,0,0,0,0,0,1,0,2,2,10,4
390,A1,1,3,0,5,0,0,0,0,0,0,0,0,0,1,0,1,1,6,1
390,B0,0,2,2,1,0,0,0,0,0,0,0,0,0,1,0,1,2,5,2
390,B1,2,3,1,1,0,0,0,0,0,0,0,0,0,0,1,2,11,85,17
390,B2,4,0,2,1,0,0,0,0,0,0,0,0,0,0,1,2,0,0,0
390,C1,2,2,2,0,0,0,0,0,0,0,0,0,0,1,0,2,2,10,4
405,A1,1,4,0,4,0,0,0,0,0,0,0,0,0,1,0,2,1,6,1
405,B0,0,1,4,1,0,0,0,0,0,0,0,0,0,0,1,1,2,5,2
405,B1,3,1,1,1,0,0,0,0,0,0,0,0,0,1,0,2,11,85,17
405,B2,2,0,3,1,0,0,0,0,0,0,0,0,0,0,1,1,0,0,0
405,C1,1,1,3,0,0,0,0,0,0,0,0,0,0,0,1,1,2,10,4
420,A1,1,3,0,6,0,0,0,0,0,0,0,0,0,1,0,1,1,6,1
420,B0,0,2,3,1,0,0,0,0,0,0,0,0,0,0,1,1,2,5,2
420,B1,1,1,1,1,0,0,0,0,0,0,0,0,0,0,1,1,11,85,17
420,B2,1,0,2,2,0,0,0,0,0,0,0,0,0,1,0,1,0,0,0
420,C1,4,1,3,0,0,0,0,0,0,0,0,0,0,1,0,2,2,10,4
435,A1,2,6,0,7,0,0,0,0,0,0,0,0,0,1,0,2,1,6,1
435,B0,0,4,2,2,0,0,0,0,0,0,0,0,0,0,1,1,2,5,2
435,B1,1,1,2,2,0,0,0,0,0,0,0,0,0,1,0,1,11,85,17
435,B2,2,0,2,4,0,0,0,0,0,0,0,0,0,0,1,1,0,0,0
435,C1,2,1,3,0,0,0,0,0,0,0,0,0,0,0,1,1,2,10,4
450,A1,4,4,0,7,0,0,0,0,0,0,0,0,0,1,0,2,1,6,1
450,B0,0,4,2,4,0,0,0,0,0,0,0,0,0,0,1,1,2,5,2
450,B1,3,1,3,1,0,0,0,0,0,0,0,0,0,0,1,1,11,85,17
450,B2,3,0,4,2,0,0,0,0,0,0,0,0,0,1,0,1,0,0,0
450,C1,3,2,2,0,0,0,0,0,0,0,0,0,0,1,0,2,2,10,4
465,A1,2,2,0,9,0,0,0,0,0,0,0,0,0,0,1,1,1,6,1
465,B0,0,7,1,1,0,0,0,0,0,0,0,0,0,0,1,2,2,5,2
465,B1,2,2,2,2,0,0,0,0,0,0,0,0,0,1,0,1,11,85,17
465,B2,3,0,1,1,0,0,0,0,0,0,0,0,0,0,1,2,0,0,0
465,C1,3,3,2,0,0,0,0,0,0,0,0,0,0,0,1,2,2,10,4
480,A1,3,1,0,7,0,0,0,0,0,0,0,0,0,1,0,1,1,6,1
480,B0,0,3,2,2,0,0,0,1,0,0,0,0,0,0,1,1,3,7,2
480,B1,2,2,3,2,0,0,0,0,0,0,0,0,0,0,1,1,11,85,17
480,B2,3,0,2,4,0,0,0,0,0,0,0,0,0,0,1,1,0,0,0
480,C1,5,2,1,0,0,0,0,0,0,0,0,0,0,1,0,2,2,10,4
495,A1,4,2,0,6,0,0,0,0,0,0,0,0,0,1,0,2,1,6,1
495,B0,0,3,2,2,0,0,0,0,0,0,0,0,0,1,0,1,4,10,4
495,B1,1,1,2,1,0,0,0,0,0,0,0,0,0,1,0,1,12,89,18
495,B2,7,0,1,1,0,0,0,0,0,0,0,0,0,0,1,2,0,0,0
495,C1,3,2,1,0,0,0,0,0,0,0,0,0,0,1,0,2,2,10,4
510,A1,1,5,0,6,0,0,0,0,0,0,0,0,0,1,0,2,1,6,1
510,B0,0,3,7,1,0,0,0,0,0,0,0,0,0,0,1,1,4,10,4
510,B1,1,2,1,3,0,0,0,0,0,0,0,0,0,0,1,1,12,89,18
510,B2,7,0,1,1,0,0,0,0,0,0,0,0,0,0,1,2,0,0,0
510,C1,1,1,2,0,0,0,0,0,0,0,0,0,0,1,0,1,2,10,4
525,A1,3,3,0,6,0,0,0,0,0,0,0,0,0,0,1,2,1,6,1
525,B0,0,3,5,1,0,0,0,0,0,0,0,0,0,0,1,1,4,10,4
525,B1,1,1,2,4,0,0,0,0,0,0,0,0,0,1,0,1,12,89,18
525,B2,6,0,1,1,0,0,0,0,0,0,0,0,0,0,1,2,0,0,0
525,C1,2,1,3,0,0,0,0,0,0,0,0,0,0,1,0,1,2,10,4
540,A1,3,3,0,5,0,0,0,0,0,0,0,0,1,0,1,2,1,6,1
540,B0,0,4,5,1,0,0,0,0,0,0,0,0,0,0,1,1,4,10,4
540,B1,2,1,3,3,0,0,0,1,0,0,0,0,0,1,0,1,14,125,20
540,B2,4,0,1,3,0,0,0,0,0,0,0,0,0,1,0,1,0,0,0
540,C1,1,1,1,0,0,0,0,0,0,0,0,0,0,0,1,2,2,10,4
555,A1,2,5,0,6,0,0,0,0,0,0,0,0,0,1,0,2,1,6,1
555,B0,0,6,4,1,0,0,0,0,0,0,0,0,0,0,1,1,4,10,4
555,B1,3,1,1,1,0,0,1,0,0,0,0,0,0,0,1,2,15,169,23
555,B2,7,0,3,3,0,0,0,0,0,1,0,0,0,0,1,1,0,0,0
555,C1,2,1,1,0,0,0,0,0,0,0,0,0,0,0,1,2,2,10,4
570,A1,2,3,0,10,0,0,0,0,0,0,0,0,0,1,0,2,1,6,1
570,B0,0,7,4,2,0,0,0,0,0,0,0,0,0,0,1,1,4,10,4
570,B1,1,2,2,2,0,0,0,0,0,0,0,0,0,1,0,1,15,189,24
570,B2,6,0,2,1,0,0,0,0,0,0,0,0,0,1,0,2,0,0,0
570,C1,2,2,1,0,0,0,0,0,0,0,0,0,0,1,0,2,2,10,4
585,A1,1,5,0,8,0,0,0,0,0,0,0,0,0,1,0,2,1,6,1
585,B0,0,9,1,3,0,0,0,0,0,0,0,0,0,0,1,2,4,10,4
585,B1,1,2,5,1,0,0,0,0,0,0,0,0,0,1,0,1,15,189,24
585,B2,6,0,3,3,0,0,0,0,0,0,0,0,0,0,1,1,0,0,0
585,C1,2,3,3,0,0,0,0,0,0,0,0,0,0,0,1,2,2,10,4
600,A1,1,3,0,10,0,0,0,0,0,0,0,0,0,1,0,1,1,6,1
600,B0,0,6,1,2,0,0,0,0,0,0,0,0,0,1,0,2,4,10,4
600,B1,2,2,3,4,0,0,0,0,0,0,0,0,0,0,1,1,15,189,24
600,B2,7,0,4,4,0,0,0,0,0,0,0,0,0,0,1,1,0,0,0
600,C1,1,1,2,0,0,0,0,0,0,0,0,0,0,1,0,1,2,10,4
615,A1,1,6,0,10,0,0,0,0,0,0,0,0,0,1,0,2,1,6,1
615,B0,0,6,3,1,0,0,0,0,0,0,0,0,0,0,1,1,4,10,4
615,B1,2,4,3,1,0,0,0,0,0,0,0,0,0,0,1,2,15,189,24
615,B2,6,0,4,3,0,0,0,0,0,0,0,0,0,0,1,1,0,0,0
615,C1,1,1,2,0,0,0,0,0,0,0,0,0,0,1,0,1,2,10,4
630,A1,2,4,0,13,0,0,0,0,0,0,0,0,0,0,1,2,1,6,1
630,B0,0,5,3,2,0,0,0,0,0,0,0,0,0,1,0,1,4,10,4
630,B1,2,3,3,1,0,0,0,0,0,0,0,0,0,0,1,2,16,193,25
630,B2,5,0,1,2,0,0,0,0,0,0,0,0,0,1,0,2,1,3,6
630,C1,1,1,1,0,0,0,0,0,0,0,0,0,0,0,1,2,2,10,4
645,A1,2,3,0,11,0,0,0,0,0,0,0,0,0,1,0,2,2,10,2
645,B0,0,5,5,2,0,0,0,0,0,0,0,0,0,0,1,1,4,10,4
645,B1,3,3,2,1,0,0,0,0,0,0,0,0,0,1,0,2,17,205,26
645,B2,6,0,5,1,0,0,0,0,0,0,0,0,0,0,1,1,1,3,6
645,C1,1,2,1,0,0,0,0,0,0,0,0,0,0,1,0,2,2,10,4
660,A1,2,3,0,8,0,0,0,0,0,0,0,0,0,0,1,2,2,10,2
660,B0,0,7,2,1,0,0,0,0,0,0,1,0,0,0,1,2,4,10,4
660,B1,2,1,3,1,0,1,0,0,0,0,0,0,0,1,0,2,18,217,26
660,B2,4,0,3,4,0,0,0,0,0,0,0,0,0,1,0,1,1,3,6
660,C1,2,1,1,0,0,0,0,0,0,0,0,0,0,1,0,2,2,10,4
675,A1,1,4,0,9,0,0,0,0,0,0,0,0,0,1,0,2,2,10,2
675,B0,0,7,2,2,0,0,0,0,0,0,0,0,0,0,1,2,4,10,4
675,B1,3,3,1,2,0,0,0,0,0,0,0,0,0,0,1,2,18,219,29
675,B2,7,0,3,4,0,0,0,0,0,0,0,0,0,0,1,1,1,3,6
675,C1,1,2,1,0,0,0,0,0,0,0,0,0,0,1,0,2,2,10,4
690,A1,1,1,0,10,0,0,0,0,0,0,0,0,0,1,0,1,2,10,2
690,B0,0,5,2,2,0,0,0,0,0,0,0,0,0,1,0,1,4,10,4
690,B1,1,2,2,2,0,0,0,0,0,0,0,0,0,0,1,1,19,220,30
690,B2,4,0,1,2,0,0,0,0,0,0,0,0,0,1,0,2,1,3,6
690,C1,1,2,3,0,0,0,0,0,0,0,0,0,0,0,1,1,2,10,4
705,A1,3,2,0,7,0,0,0,0,0,0,0,0,0,0,1,2,2,10,2
705,B0,0,8,2,1,0,0,0,0,0,0,0,0,0,0,1,2,4,10,4
705,B1,2,3,3,2,0,0,0,0,0,0,0,0,0,0,1,1,19,220,30
705,B2,4,0,1,3,0,0,0,0,0,0,0,0,0,0,1,1,1,3,6
705,C1,2,1,2,0,0,0,0,0,0,0,0,0,0,1,0,2,2,10,4
720,A1,2,2,0,7,0,0,0,0,0,0,0,0,0,0,1,1,2,10,2
720,B0,0,4,3,1,0,0,0,0,0,0,0,0,0,1,0,1,4,10,4
720,B1,1,2,1,1,0,0,0,0,0,0,0,0,0,0,1,2,20,225,32
720,B2,4,0,2,6,0,0,0,0,0,0,0,0,0,0,1,1,1,3,6
720,C1,2,1,2,0,0,0,0,0,0,0,0,0,0,0,1,2,2,10,4
735,A1,2,2,0,6,0,0,0,0,0,0,0,0,0,0,1,1,2,10,2
735,B0,0,4,3,1,0,0,0,0,0,0,0,0,0,1,0,1,4,10,4
735,B1,1,1,3,1,0,0,0,0,0,0,0,0,0,0,1,1,20,225,32
735,B2,7,0,1,6,0,0,0,0,0,0,0,0,0,0,1,1,1,3,6
735,C1,1,3,3,0,0,0,0,0,0,0,0,0,0,1,0,2,2,10,4
750,A1,4,4,0,4,0,0,0,0,0,0,0,0,0,1,0,2,2,10,2
750,B0,0,4,6,1,0,0,0,0,0,0,0,0,0,0,1,1,4,10,4
750,B1,2,2,2,2,0,0,0,0,0,0,0,0,0,1,0,1,20,225,32
750,B2,10,0,2,5,0,0,0,0,0,0,0,0,0,0,1,1,1,3,6
750,C1,3,1,1,0,0,0,0,0,0,0,0,0,0,1,0,2,2,10,4
765,A1,1,3,0,6,0,0,0,0,0,0,0,0,0,1,0,1,2,10,2
765,B0,0,6,7,4,0,0,0,0,0,0,0,0,0,0,1,1,4,10,4
765,B1,1,2,1,1,0,0,0,0,0,0,0,0,0,0,1,2,20,225,32
765,B2,8,0,1,4,0,0,0,0,0,0,0,0,0,1,0,1,1,3,6
765,C1,3,1,2,0,0,0,0,0,0,0,0,0,0,1,0,2,2,10,4
780,A1,1,5,0,4,0,0,0,0,0,0,0,0,0,1,0,2,2,10,2
780,B0,0,6,6,3,0,0,0,0,0,0,0,0,0,0,1,1,4,10,4
780,B1,1,1,3,2,0,0,0,0,0,0,0,0,0,0,1,1,20,225,32
780,B2,9,0,2,5,0,0,0,0,0,0,0,0,0,0,1,1,1,3,6
780,C1,2,1,4,0,0,0,0,0,0,0,0,0,0,1,0,1,2,10,4
795,A1,1,2,0,4,0,0,0,0,0,0,0,0,0,0,1,1,2,10,2
795,B0,0,7,5,1,0,0,0,0,0,0,0,0,0,0,1,1,4,10,4
795,B1,2,2,3,3,0,0,0,0,0,0,0,0,0,0,1,1,20,225,32
795,B2,10,0,3,6,0,0,0,0,0,0,0,0,0,0,1,1,1,3,6
795,C1,3,1,4,0,0,0,0,0,0,0,0,0,0,1,0,1,2,10,4
810,A1,2,2,0,3,0,0,0,0,0,0,0,0,0,1,0,2,2,10,2
810,B0,0,8,7,1,0,0,0,0,0,0,0,0,0,0,1,1,4,10,4
810,B1,3,2,3,1,0,0,0,0,0,0,0,0,0,1,0,2,20,225,32
810,B2,11,0,5,9,0,0,0,0,0,0,0,0,0,0,1,1,1,3,6
810,C1,1,1,2,0,0,0,0,0,0,0,0,0,0,1,0,1,2,10,4
825,A1,2,1,0,2,0,0,0,0,0,0,0,0,0,1,0,2,2,10,2
825,B0,0,9,5,1,0,0,0,0,0,0,0,0,0,0,1,1,4,10,4
825,B1,2,2,1,1,0,0,0,0,0,0,0,0,0,0,1,2,21,228,33
825,B2,13,0,1,8,0,0,0,0,0,0,0,0,0,0,1,1,1,3,6
825,C1,2,4,2,0,0,0,0,0,0,0,0,0,0,1,0,2,2,10,4
840,A1,2,2,0,3,0,0,0,0,0,0,0,0,0,1,0,2,2,10,2
840,B0,0,9,3,1,0,0,0,0,0,0,0,0,0,0,1,1,4,10,4
840,B1,1,1,1,1,0,0,0,0,0,0,0,0,0,1,0,1,21,228,33
840,B2,15,0,3,8,0,0,0,0,0,0,0,0,0,0,1,1,1,3,6
840,C1,2,4,1,0,0,0,0,0,0,0,0,0,0,1,0,2,2,10,4
855,A1,3,1,0,3,0,0,0,0,0,0,0,0,0,0,1,2,2,10,2
855,B0,0,8,1,1,0,0,0,0,0,0,0,0,0,1,0,2,4,10,4
855,B1,1,1,2,1,0,0,0,0,0,0,0,0,0,0,1,1,21,228,33
855,B2,18,0,2,8,0,0,0,0,0,0,0,0,0,0,1,1,1,3,6
855,C1,1,2,1,0,0,0,0,0,0,0,0,0,0,1,0,2,2,10,4
870,A1,1,3,0,3,0,0,0,0,0,0,0,0,0,0,1,2,2,10,2
870,B0,0,5,4,3,0,0,0,0,0,0,0,0,0,0,1,1,4,10,4
870,B1,2,3,1,1,0,0,0,0,0,0,0,0,0,0,1,2,21,228,33
870,B2,18,0,1,8,0,0,0,0,0,0,0,0,0,0,1,1,1,3,6
870,C1,1,1,1,0,0,0,0,0,0,0,0,0,0,1,0,2,2,10,4
885,A1,2,1,0,2,0,0,0,0,0,0,0,0,0,0,1,2,3,11,3
885,B0,0,6,3,1,0,0,0,0,0,0,0,0,0,0,1,1,4,10,4
885,B1,1,3,3,1,0,0,0,0,0,0,0,0,0,0,1,1,21,228,33
885,B2,18,0,4,6,0,0,0,0,0,0,0,0,0,0,1,1,1,3,6
885,C1,2,2,2,0,0,0,0,0,0,0,0,0,0,0,1,2,2,10,4
900,A1,1,1,0,2,0,0,0,0,0,0,0,0,0,1,0,1,4,14,5
900,B0,0,3,2,2,0,0,0,0,0,0,0,0,0,1,0,1,4,10,4
900,B1,4,4,2,2,0,0,0,0,0,0,0,0,0,1,0,2,21,228,33
900,B2,18,0,1,5,0,0,0,0,0,0,0,0,0,0,1,1,1,3,6
900,C1,1,1,2,0,0,0,0,0,0,0,0,0,0,0,1,1,2,10,4
915,A1,1,3,0,2,0,0,0,0,0,0,0,0,0,1,0,2,4,14,5
915,B0,0,5,3,1,0,0,0,0,0,0,0,0,0,0,1,1,4,10,4
915,B1,2,2,1,3,0,0,0,0,0,0,0,0,0,0,1,1,21,228,33
915,B2,17,0,3,2,0,0,0,0,0,0,0,0,0,1,0,2,1,3,6
915,C1,2,2,1,0,0,0,0,0,0,0,0,0,0,1,0,2,2,10,4
930,A1,2,1,0,1,0,0,0,0,0,0,0,0,0,0,1,2,4,14,5
930,B0,0,2,3,1,0,0,0,0,0,0,0,0,0,0,1,1,4,10,4
930,B1,2,3,2,1,0,0,0,0,0,0,0,0,0,1,0,2,21,228,33
930,B2,13,0,1,3,0,0,0,0,0,0,0,0,0,1,0,2,1,3,6
930,C1,2,1,3,0,0,0,0,0,0,0,0,0,0,0,1,1,2,10,4
945,A1,1,1,0,2,0,0,0,0,0,0,0,0,0,1,0,1,4,14,5
945,B0,0,3,2,1,0,0,0,0,0,0,0,0,0,0,1,1,4,10,4
945,B1,2,1,1,2,0,0,0,0,0,0,0,0,0,0,1,1,21,228,33
945,B2,10,0,3,3,0,0,0,0,0,0,0,0,0,1,0,1,1,3,6
945,C1,6,1,2,0,0,0,0,0,0,0,0,0,0,1,0,2,2,10,4
960,A1,4,1,0,2,0,0,0,0,0,0,0,0,0,1,0,2,4,14,5
960,B0,0,2,2,1,0,0,0,0,0,0,0,0,0,1,0,1,4,10,4
960,B1,1,1,3,1,0,0,1,0,0,0,0,0,0,1,0,2,22,242,33
960,B2,11,0,1,4,0,0,0,0,0,1,0,0,0,0,1,1,1,3,6
960,C1,4,2,4,0,0,0,0,0,0,0,0,0,0,1,0,2,2,10,4
975,A1,1,3,0,2,0,0,0,0,0,0,0,0,0,0,1,2,4,14,5
975,B0,0,3,2,1,0,0,0,0,0,0,0,0,0,0,1,1,5,12,5
975,B1,1,1,1,1,0,0,0,0,0,0,0,0,0,1,0,1,22,268,34
975,B2,10,0,2,7,0,0,0,0,0,0,0,0,0,1,0,1,1,3,6
975,C1,4,1,4,0,0,0,0,0,0,0,0,0,0,0,1,2,2,10,4
990,A1,1,1,0,2,0,0,0,0,0,0,0,0,0,1,0,1,4,14,5
990,B0,0,1,1,1,0,0,0,0,0,0,1,0,0,0,1,1,5,12,5
990,B1,1,1,2,2,0,1,0,0,0,0,0,0,0,1,0,2,23,271,34
990,B2,11,0,1,5,0,0,0,0,0,0,0,0,0,0,1,1,1,3,6
990,C1,6,3,5,0,0,0,0,0,0,0,0,0,0,1,0,2,2,10,4
1005,A1,1,4,0,2,0,0,0,0,0,0,0,0,0,1,0,2,4,14,5
1005,B0,0,2,2,1,0,0,0,0,0,0,0,0,0,0,1,1,5,12,5
1005,B1,1,1,3,3,0,0,0,0,0,0,0,0,0,1,0,1,23,299,35
1005,B2,12,0,2,4,0,0,0,0,0,0,0,0,0,0,1,1,1,3,6
1005,C1,8,1,6,0,0,0,0,0,0,0,0,0,0,1,0,2,2,10,4
1020,A1,1,3,0,2,0,0,0,0,0,0,0,0,0,1,0,2,4,14,5
1020,B0,0,2,1,1,0,0,0,0,0,0,0,0,0,0,1,1,5,12,5
1020,B1,4,1,1,2,0,0,0,0,0,0,0,0,0,0,1,2,23,299,35
1020,B2,11,0,3,2,0,0,0,0,0,0,0,0,0,1,0,2,1,3,6
1020,C1,6,1,7,0,0,0,0,0,0,0,0,0,0,1,0,2,2,10,4
1035,A1,1,1,0,1,0,0,0,0,0,0,0,0,0,0,1,2,4,14,5
1035,B0,0,2,3,1,0,0,0,0,0,0,0,0,0,0,1,1,5,12,5
1035,B1,3,2,1,3,0,0,0,0,0,0,0,0,0,0,1,2,24,301,36
1035,B2,8,0,3,3,0,0,0,0,0,0,0,0,0,0,1,1,1,3,6
1035,C1,5,2,7,0,0,0,0,0,0,0,0,0,0,1,0,2,2,10,4
1050,A1,2,3,0,1,0,0,0,0,0,0,0,0,0,1,0,2,4,14,5
1050,B0,0,2,1,2,0,0,0,0,0,0,0,0,0,0,1,1,5,12,5
1050,B1,2,1,1,3,0,0,0,0,0,0,0,0,0,1,0,1,25,309,38
1050,B2,7,0,1,3,0,0,0,0,0,0,0,0,0,1,0,2,1,3,6
1050,C1,6,1,6,0,0,0,0,0,0,0,0,0,0,1,0,2,2,10,4
1065,A1,1,3,0,2,0,0,0,0,0,0,0,0,0,1,0,2,4,14,5
1065,B0,0,3,4,2,0,0,0,0,0,0,0,0,0,0,1,1,5,12,5
1065,B1,1,1,1,2,0,0,0,0,0,0,0,0,0,1,0,1,26,333,39
1065,B2,6,0,2,1,0,0,0,0,0,0,0,0,0,0,1,2,1,3,6
1065,C1,5,2,7,0,0,0,0,0,0,0,0,0,0,1,0,2,2,10,4
1080,A1,1,4,0,3,0,0,0,0,0,0,0,0,0,0,1,2,4,14,5
1080,B0,0,4,4,2,0,0,0,0,0,0,0,0,0,0,1,1,5,12,5
1080,B1,1,3,1,1,0,0,1,0,0,0,0,0,0,1,0,2,27,337,39
1080,B2,5,0,2,3,0,0,0,0,0,1,0,0,0,0,1,1,1,3,6
1080,C1,4,3,6,0,0,0,0,0,0,0,0,0,0,0,1,2,2,10,4
1095,A1,2,4,0,3,0,0,0,0,0,0,0,0,0,1,0,2,4,14,5
1095,B0,0,4,3,2,0,0,0,0,0,0,0,0,0,0,1,1,5,12,5
1095,B1,1,2,1,3,0,0,0,0,0,0,0,0,0,0,1,1,28,348,41
1095,B2,5,0,2,3,0,0,0,0,0,0,0,0,0,0,1,1,1,3,6
1095,C1,3,2,7,0,0,0,0,0,0,0,0,0,0,0,1,1,2,10,4
1110,A1,1,3,0,3,0,0,0,0,0,0,0,0,0,0,1,2,4,14,5
1110,B0,0,5,4,2,0,0,0,0,0,0,0,0,0,0,1,1,5,12,5
1110,B1,4,1,1,2,0,0,0,0,0,0,0,0,0,1,0,2,28,348,41
1110,B2,6,0,1,2,0,0,0,0,0,0,0,0,0,1,0,2,1,3,6
1110,C1,4,1,6,0,0,0,0,0,0,0,0,0,0,1,0,2,2,10,4
1125,A1,3,3,0,3,0,0,0,0,0,0,0,0,0,1,0,2,4,14,5
1125,B0,0,7,1,3,0,0,0,0,0,0,0,0,0,1,0,2,5,12,5
1125,B1,1,2,1,2,0,0,0,0,0,0,0,0,0,0,1,1,28,348,41
1125,B2,4,0,3,3,0,0,0,0,0,0,0,0,0,0,1,1,1,3,6
1125,C1,3,1,3,0,0,0,0,0,0,0,0,0,0,0,1,2,2,10,4
1140,A1,2,4,0,4,0,0,0,0,0,0,0,0,0,1,0,2,4,14,5
1140,B0,0,6,1,1,0,0,0,0,0,0,0,0,0,0,1,2,6,19,8
1140,B1,1,1,1,2,0,0,0,0,0,0,0,0,0,1,0,1,28,348,41
1140,B2,2,0,2,2,0,0,0,0,0,0,0,0,0,1,0,1,1,3,6
1140,C1,3,1,6,0,0,0,0,0,0,0,0,0,0,1,0,1,2,10,4
1155,A1,3,3,0,4,0,0,0,0,0,0,0,0,0,1,0,2,4,14,5
1155,B0,0,4,3,2,0,0,0,0,0,0,0,0,0,1,0,1,6,19,8
1155,B1,1,3,2,2,0,0,0,0,0,0,0,0,0,0,1,1,28,348,41
1155,B2,3,0,1,1,0,0,0,0,0,0,0,0,0,1,0,2,1,3,6
1155,C1,4,4,4,0,0,0,0,0,0,0,0,0,0,1,0,2,2,10,4
1170,A1,1,4,0,2,0,0,0,0,0,0,0,0,0,1,0,2,4,14,5
1170,B0,0,6,3,2,0,0,0,0,0,0,0,0,0,1,0,1,6,19,8
1170,B1,1,1,1,1,0,0,0,0,0,0,0,0,0,0,1,1,28,348,41
1170,B2,2,0,1,1,0,0,0,0,0,0,0,0,0,0,1,1,1,3,6
1170,C1,3,2,3,0,0,0,0,0,0,0,0,0,0,0,1,2,2,10,4
1185,A1,3,4,0,3,0,0,0,0,0,0,0,0,0,0,1,2,4,14,5
1185,B0,0,6,3,2,0,0,0,0,0,0,0,0,0,0,1,1,6,19,8
1185,B1,1,2,2,1,0,0,0,0,0,0,0,0,0,0,1,1,28,348,41
1185,B2,1,0,1,2,0,0,0,0,0,0,0,0,0,1,0,1,1,3,6
1185,C1,3,2,5,0,0,0,0,0,0,0,0,0,0,0,1,2,2,10,4
1200,A1,1,7,0,5,0,0,0,0,0,0,0,0,0,1,0,2,4,14,5
1200,B0,0,6,2,2,0,0,0,0,0,0,0,0,0,0,1,1,6,19,8
1200,B1,1,2,1,3,0,0,0,0,0,0,0,0,0,1,0,1,28,348,41
1200,B2,1,0,1,1,0,0,0,0,0,0,0,0,0,0,1,1,1,3,6
1200,C1,1,1,4,0,0,0,0,0,0,0,0,0,0,1,0,1,2,10,4
1215,A1,1,6,0,8,0,0,0,0,0,0,0,0,0,1,0,2,4,14,5
1215,B0,0,5,7,1,0,0,0,0,0,0,0,0,0,0,1,1,6,19,8
1215,B1,1,2,1,3,0,0,0,0,0,0,0,0,0,1,0,1,29,353,43
1215,B2,1,0,1,1,0,0,0,0,0,0,0,0,0,0,1,1,1,3,6
1215,C1,2,2,2,0,0,0,0,0,0,0,0,0,0,1,0,2,2,10,4
1230,A1,1,5,0,8,0,0,0,0,0,0,0,0,0,1,0,2,4,14,5
1230,B0,0,6,4,1,0,0,0,0,0,0,0,0,0,0,1,1,6,19,8
1230,B1,1,3,3,1,0,0,0,0,0,0,0,0,0,0,1,1,29,353,43
1230,B2,3,0,3,2,0,0,0,0,0,0,0,0,0,0,1,1,1,3,6
1230,C1,6,1,5,0,0,0,0,0,0,0,0,0,0,1,0,2,2,10,4
1245,A1,1,6,0,9,0,0,0,0,0,0,0,0,0,1,0,2,4,14,5
1245,B0,0,5,5,3,0,0,0,0,0,0,0,0,0,0,1,1,6,19,8
1245,B1,2,1,1,2,0,0,0,0,0,0,0,0,0,1,0,1,30,358,44
1245,B2,4,0,3,2,0,0,0,0,0,0,0,0,0,1,0,1,1,3,6
1245,C1,2,2,6,0,0,0,0,0,0,0,0,0,0,1,0,1,2,10,4
1260,A1,3,4,0,9,0,0,0,0,0,0,0,0,0,1,0,2,4,14,5
1260,B0,0,7,4,3,0,0,0,0,0,0,0,0,0,0,1,1,6,19,8
1260,B1,1,2,3,1,0,0,0,0,0,0,0,0,0,0,1,1,30,358,44
1260,B2,4,0,2,3,0,0,0,0,0,0,0,0,0,0,1,1,1,3,6
1260,C1,3,1,6,0,0,0,0,0,0,0,0,0,0,1,0,1,2,10,4
1275,A1,1,3,0,6,0,0,0,0,0,0,0,0,0,0,1,1,4,14,5
1275,B0,0,10,2,1,0,0,0,0,0,0,0,0,0,1,0,2,6,19,8
1275,B1,2,2,1,2,0,0,0,0,0,0,0,0,0,0,1,2,30,358,44
1275,B2,4,0,1,4,0,0,0,0,0,0,0,0,0,0,1,1,1,3,6
1275,C1,6,5,4,0,0,0,0,0,0,0,0,0,0,0,1,2,2,10,4
1290,A1,1,5,0,5,0,0,0,0,0,0,0,0,0,1,0,2,4,14,5
1290,B0,0,10,7,3,0,0,0,0,0,0,0,0,0,0,1,1,6,19,8
1290,B1,2,1,1,2,0,0,0,0,0,0,0,0,0,0,1,1,30,358,44
1290,B2,4,0,1,1,0,0,0,0,0,0,0,0,0,0,1,2,1,3,6
1290,C1,4,1,4,0,0,0,0,0,0,0,0,0,0,1,0,2,3,15,6
1305,A1,1,3,0,5,0,0,0,0,0,0,0,0,0,1,0,1,4,14,5
1305,B0,0,11,3,1,0,0,0,0,0,0,0,0,0,0,1,2,6,19,8
1305,B1,3,4,1,1,0,0,0,0,0,0,0,0,0,1,0,2,30,358,44
1305,B2,3,0,4,1,0,0,0,0,0,0,0,0,0,0,1,1,1,3,6
1305,C1,3,1,3,0,0,0,0,0,0,0,0,0,0,1,0,2,4,17,7
1320,A1,2,5,0,3,0,0,0,0,0,0,0,0,0,1,0,2,5,18,6
1320,B0,0,10,2,3,0,0,0,0,0,0,0,0,0,0,1,1,6,19,8
1320,B1,2,1,1,2,0,0,0,0,0,0,0,0,0,0,1,1,30,358,44
1320,B2,2,0,2,2,0,0,0,0,0,0,0,0,0,1,0,1,1,3,6
1320,C1,2,1,5,0,0,0,0,0,0,0,0,0,0,0,1,1,4,17,7
1335,A1,2,2,0,3,0,0,0,0,0,0,0,0,0,0,1,2,5,18,6
1335,B0,0,10,3,2,0,0,0,0,0,0,0,0,0,1,0,1,6,19,8
1335,B1,3,1,1,2,0,0,0,0,0,0,0,0,0,1,0,2,30,358,44
1335,B2,4,0,1,3,0,0,0,0,0,0,0,0,0,0,1,1,1,3,6
1335,C1,2,5,3,0,0,0,0,0,0,0,0,0,0,1,0,2,4,17,7
1350,A1,2,2,0,2,0,0,0,0,0,0,0,0,0,1,0,2,5,18,6
1350,B0,0,11,2,5,0,0,0,0,0,0,0,0,0,0,1,1,6,19,8
1350,B1,2,2,2,1,0,0,0,0,0,0,0,0,0,0,1,2,30,358,44
1350,B2,4,0,4,3,0,0,0,0,0,0,0,0,0,0,1,1,1,3,6
1350,C1,1,3,2,0,0,0,0,0,0,0,0,0,0,0,1,2,4,17,7
1365,A1,1,6,0,3,0,0,0,0,0,0,0,0,0,1,0,2,5,18,6
1365,B0,0,9,2,2,0,0,0,0,0,0,0,0,0,1,0,2,6,19,8
1365,B1,1,1,3,2,0,0,0,0,0,0,0,0,0,0,1,1,30,358,44
1365,B2,4,0,2,5,0,0,0,0,0,0,0,0,0,0,1,1,1,3,6
1365,C1,2,1,3,0,0,0,0,0,0,0,0,0,0,0,1,1,4,17,7
1380,A1,1,6,0,3,0,0,0,0,0,0,0,0,0,1,0,2,5,18,6
1380,B0,0,9,6,3,0,0,0,0,0,0,0,0,0,0,1,1,6,19,8
1380,B1,3,1,2,1,0,0,0,0,0,0,0,0,0,1,0,2,30,358,44
1380,B2,3,0,1,2,0,0,0,0,0,0,0,0,0,1,0,1,1,3,6
1380,C1,2,2,2,0,0,0,0,0,0,0,0,0,0,1,0,2,4,17,7
1395,A1,3,6,0,7,0,0,0,0,0,0,0,0,0,1,0,2,5,18,6
1395,B0,0,9,1,1,0,0,0,0,0,0,0,0,0,0,1,2,6,19,8
1395,B1,1,1,1,1,0,0,0,0,0,0,0,0,0,0,1,1,30,358,44
1395,B2,2,0,2,4,0,0,0,0,0,0,0,0,0,0,1,1,1,3,6
1395,C1,5,1,1,0,0,0,0,0,0,0,0,0,0,0,1,2,4,17,7
1410,A1,1,7,0,9,0,0,0,0,0,0,0,0,0,1,0,2,5,18,6
1410,B0,0,9,3,2,0,0,0,0,0,0,0,0,0,0,1,1,6,19,8
1410,B1,3,4,1,1,0,0,0,0,0,0,0,0,0,1,0,2,30,358,44
1410,B2,2,0,2,2,0,0,0,0,0,0,0,0,0,0,1,1,1,3,6
1410,C1,3,1,2,0,0,0,0,0,0,0,0,0,0,1,0,2,4,17,7
1425,A1,2,3,0,9,0,0,0,0,0,0,0,0,0,1,0,2,5,18,6
1425,B0,0,7,2,1,0,0,0,0,0,0,0,0,0,1,0,2,6,19,8
1425,B1,1,2,1,1,0,0,0,0,0,0,0,0,0,1,0,2,30,358,44
1425,B2,4,0,5,1,0,0,0,0,0,0,0,0,0,0,1,1,1,3,6
1425,C1,3,2,4,0,0,0,0,0,0,0,0,0,0,0,1,2,4,17,7
1440,A1,2,3,0,8,0,0,0,0,0,0,0,0,0,0,1,2,5,18,6
1440,B0,0,7,3,4,0,0,0,0,0,0,0,0,0,0,1,1,6,19,8
1440,B1,1,3,2,1,0,0,0,0,0,0,0,0,0,0,1,2,30,358,44
1440,B2,5,0,1,4,0,0,0,0,0,0,0,0,0,1,0,1,1,3,6
1440,C1,4,1,4,0,0,0,0,0,0,0,0,0,0,0,1,2,4,17,7
1455,A1,1,3,0,10,0,0,0,0,0,0,0,0,0,1,0,1,5,18,6
1455,B0,0,6,2,1,0,0,0,0,0,0,0,0,0,1,0,2,6,19,8
1455,B1,1,4,3,2,0,0,0,0,0,0,0,0,0,0,1,1,30,358,44
1455,B2,5,0,1,4,0,0,0,0,0,0,0,0,0,0,1,1,1,3,6
1455,C1,4,2,2,0,0,0,0,0,0,0,0,0,0,1,0,2,4,17,7
1470,A1,2,3,0,9,0,0,0,0,0,0,0,0,0,1,0,2,5,18,6
1470,B0,0,3,3,4,0,0,0,0,0,0,0,0,0,0,1,1,6,19,8
1470,B1,3,2,2,1,0,0,0,0,0,0,0,0,0,1,0,2,30,358,44
1470,B2,6,0,2,7,0,0,0,0,0,0,0,0,0,0,1,1,1,3,6
1470,C1,2,1,3,0,0,0,0,0,0,0,0,0,0,1,0,1,4,17,7
1485,A1,1,2,0,7,0,0,0,0,0,0,0,0,0,0,1,1,5,18,6
1485,B0,0,5,1,3,0,0,0,0,0,0,0,0,0,0,1,1,6,19,8
1485,B1,1,2,1,3,0,0,0,0,0,0,0,0,0,0,1,1,30,358,44
1485,B2,8,0,1,6,0,0,0,0,0,0,0,0,0,0,1,1,1,3,6
1485,C1,3,1,1,0,0,0,0,0,0,0,0,0,0,1,0,2,5,19,8
1500,A1,2,4,0,2,0,0,0,0,0,0,0,0,0,1,0,2,5,18,6
1500,B0,0,4,2,3,0,0,0,0,0,0,0,0,0,0,1,1,6,19,8
1500,B1,2,4,1,3,0,0,0,0,0,0,0,0,0,1,0,2,30,358,44
1500,B2,10,0,4,3,0,0,0,0,0,0,0,0,0,1,0,1,1,3,6
1500,C1,2,2,5,0,0,0,0,0,0,0,0,0,0,1,0,1,5,19,8
1515,A1,1,3,0,5,0,0,0,0,0,0,0,0,1,1,0,2,5,18,6
1515,B0,0,5,2,1,0,0,0,0,0,0,0,0,0,1,0,2,6,19,8
1515,B1,1,3,1,4,0,0,0,1,0,0,0,0,0,0,1,1,31,360,44
1515,B2,8,0,1,7,0,0,0,0,0,0,0,0,0,0,1,1,1,3,6
1515,C1,3,4,2,0,0,0,0,0,0,0,0,0,0,1,0,2,6,22,10
1530,A1,1,2,0,5,0,0,0,0,0,0,0,0,0,1,0,1,5,18,6
1530,B0,0,4,2,2,0,0,0,0,0,0,0,0,0,0,1,1,7,23,9
1530,B1,4,4,2,1,0,0,0,0,0,0,0,0,0,0,1,2,31,384,45
1530,B2,9,0,3,3,0,0,0,0,0,0,0,0,0,1,0,1,1,3,6
1530,C1,2,2,5,0,0,0,0,0,0,0,0,0,0,1,0,1,6,22,10
1545,A1,2,1,0,3,0,0,0,0,0,0,0,0,0,0,1,1,5,18,6
1545,B0,0,4,3,1,0,0,0,0,1,0,0,0,0,1,0,1,8,35,9
1545,B1,5,3,2,3,0,0,0,0,0,0,0,0,0,1,0,2,31,384,45
1545,B2,8,0,6,5,0,0,0,0,0,0,0,0,0,0,1,1,1,3,6
1545,C1,4,1,3,0,0,0,0,0,0,0,0,0,0,1,0,2,6,22,10
1560,A1,1,2,0,2,0,0,0,0,0,0,0,0,0,1,0,2,5,18,6
1560,B0,0,8,2,1,0,0,0,0,0,0,0,0,0,0,1,2,8,55,10
1560,B1,5,2,1,3,0,0,0,0,0,0,0,0,0,0,1,2,31,384,45
1560,B2,9,0,1,4,0,0,0,0,0,0,0,0,0,0,1,1,1,3,6
1560,C1,2,1,3,0,0,0,0,0,0,0,0,0,0,1,0,1,6,22,10
1575,A1,1,3,0,2,0,0,0,0,0,0,0,0,0,1,0,2,5,18,6
1575,B0,0,7,4,1,0,0,0,0,0,0,0,0,0,0,1,1,8,55,10
1575,B1,3,1,1,2,0,0,0,0,0,0,0,0,0,1,0,2,31,384,45
1575,B2,7,0,2,3,0,0,0,0,0,0,0,0,0,1,0,1,1,3,6
1575,C1,3,1,1,0,0,0,0,0,0,0,0,0,0,1,0,2,6,22,10
1590,A1,1,2,0,3,0,0,0,0,0,0,0,0,0,0,1,1,5,18,6
1590,B0,0,6,4,1,0,0,0,0,0,0,0,0,0,1,0,1,8,55,10
1590,B1,2,3,1,3,0,0,0,0,0,0,0,0,0,0,1,2,31,384,45
1590,B2,7,0,1,3,0,0,0,0,0,0,0,0,0,1,0,2,3,14,9
1590,C1,1,2,3,0,0,0,0,0,0,0,0,0,0,1,0,1,6,22,10
1605,A1,1,3,0,3,0,0,0,0,0,0,0,0,0,0,1,2,5,18,6
1605,B0,0,6,3,2,0,0,0,0,0,0,0,0,0,0,1,1,8,55,10
1605,B1,2,1,1,4,0,0,0,0,0,0,0,0,0,1,0,1,32,386,46
1605,B2,6,0,1,6,0,0,0,0,0,0,0,0,0,0,1,1,3,14,9
1605,C1,1,2,2,0,0,0,0,0,0,0,0,0,0,1,0,2,6,22,10
1620,A1,2,2,0,3,0,0,0,0,0,0,0,0,0,0,1,2,5,18,6
1620,B0,0,4,2,3,0,0,0,0,0,0,0,0,0,1,0,1,8,55,10
1620,B1,3,2,2,1,0,0,0,0,0,0,0,0,0,0,1,2,32,386,46
1620,B2,8,0,4,4,0,0,0,0,0,0,0,0,0,0,1,1,3,14,9
1620,C1,2,3,2,0,0,0,0,0,0,0,0,0,0,1,0,2,6,22,10
1635,A1,2,2,0,4,0,0,0,0,0,0,0,0,0,1,0,1,5,18,6
1635,B0,0,5,2,1,0,0,0,0,0,0,0,0,0,1,0,2,8,55,10
1635,B1,2,2,2,2,0,0,0,0,0,0,0,0,0,1,0,1,32,386,46
1635,B2,9,0,1,7,0,0,0,0,0,0,0,0,0,0,1,1,3,14,9
1635,C1,2,1,3,0,0,0,0,0,0,0,0,0,0,1,0,1,6,22,10
1650,A1,2,2,0,3,0,0,0,0,0,0,0,0,0,1,0,2,5,18,6
1650,B0,0,6,2,2,0,0,0,0,0,0,0,0,0,0,1,1,8,55,10
1650,B1,2,2,1,2,0,0,0,0,0,0,0,0,0,0,1,2,33,394,48
1650,B2,11,0,1,6,0,0,0,0,0,0,0,0,0,0,1,1,3,14,9
1650,C1,3,1,2,0,0,0,0,0,0,0,0,0,0,1,0,2,6,22,10
1665,A1,1,6,0,1,0,0,0,0,0,0,0,0,0,0,1,2,5,18,6
1665,B0,0,4,3,2,0,0,0,0,0,0,0,0,0,0,1,1,8,55,10
1665,B1,1,2,1,2,0,0,0,0,0,0,0,0,0,0,1,1,34,399,49
1665,B2,11,0,3,3,0,0,0,0,0,0,0,0,0,0,1,1,3,14,9
1665,C1,4,3,3,0,0,0,0,0,0,0,0,0,0,1,0,2,6,22,10
1680,A1,2,2,0,2,0,0,0,0,0,0,0,0,0,1,0,2,5,18,6
1680,B0,0,4,3,1,0,0,0,0,0,0,0,0,0,0,1,1,8,55,10
1680,B1,2,4,1,2,0,0,0,0,0,0,0,0,0,1,0,2,34,399,49
1680,B2,9,0,2,3,0,0,0,0,0,0,0,0,0,1,0,2,3,14,9
1680,C1,3,2,3,0,0,0,0,0,0,0,0,0,0,0,1,2,6,22,10
1695,A1,2,1,0,2,0,0,0,0,0,0,0,0,0,0,1,2,5,18,6
1695,B0,0,6,3,1,0,0,0,0,0,0,0,0,0,0,1,1,8,55,10
1695,B1,1,3,2,1,0,0,0,0,0,0,0,0,0,1,0,2,34,399,49
1695,B2,11,0,1,2,0,0,0,0,0,0,0,0,0,1,0,2,3,14,9
1695,C1,4,1,2,0,0,0,0,0,0,0,0,0,0,1,0,2,6,22,10
1710,A1,2,1,0,3,0,0,0,0,0,0,0,0,0,0,1,1,6,21,7
1710,B0,0,7,2,2,0,0,0,0,0,0,0,0,0,0,1,2,8,55,10
1710,B1,2,3,2,1,0,0,0,0,0,0,0,0,0,0,1,2,34,399,49
1710,B2,7,0,2,3,0,0,0,0,0,0,0,0,0,1,0,1,3,14,9
1710,C1,2,2,3,0,0,0,0,0,0,0,0,0,0,1,0,2,6,22,10
1725,A1,1,1,0,3,0,0,0,0,0,0,0,0,0,1,0,1,6,21,7
1725,B0,0,6,5,1,0,0,0,0,0,0,0,0,0,0,1,1,9,62,12
1725,B1,3,2,2,2,0,0,0,0,0,0,0,0,0,0,1,2,34,399,49
1725,B2,7,0,1,3,0,0,0,0,0,0,0,0,0,0,1,2,3,14,9
1725,C1,3,1,2,0,0,0,0,0,0,0,0,0,0,1,0,2,6,22,10
1740,A1,3,1,0,3,0,0,0,0,0,0,0,0,0,0,1,2,6,21,7
1740,B0,0,8,3,1,0,0,0,0,0,0,0,0,0,0,1,1,9,62,12
1740,B1,1,3,1,1,0,0,0,0,0,0,0,0,0,1,0,2,34,399,49
1740,B2,5,0,2,5,0,0,0,0,0,0,0,0,0,0,1,1,3,14,9
1740,C1,2,2,3,0,0,0,0,0,0,0,0,0,0,1,0,2,6,22,10
1755,A1,2,1,0,1,0,0,0,0,0,0,0,0,0,0,1,2,6,21,7
1755,B0,0,7,2,2,0,0,0,0,0,0,0,0,0,1,0,1,9,62,12
1755,B1,2,3,1,1,0,0,0,0,0,0,0,0,0,0,1,2,34,399,49
1755,B2,8,0,3,4,0,0,0,0,0,0,0,0,0,0,1,1,3,14,9
1755,C1,2,2,3,0,0,0,0,0,0,0,0,0,0,0,1,2,6,22,10
1770,A1,1,3,0,3,0,0,0,0,0,0,0,0,0,1,0,2,6,21,7
1770,B0,0,6,2,4,0,0,0,0,0,0,0,0,0,0,1,1,9,62,12
1770,B1,1,1,1,2,0,0,0,0,0,0,0,0,0,0,1,1,34,399,49
1770,B2,9,0,2,5,0,0,0,0,0,0,0,0,0,0,1,1,3,14,9
1770,C1,2,3,3,0,0,0,0,0,0,0,0,0,0,0,1,2,6,22,10
1785,A1,2,2,0,3,0,0,0,0,0,0,0,0,0,1,0,2,6,21,7
1785,B0,0,6,3,2,0,0,0,0,0,0,0,0,0,1,0,1,9,62,12
1785,B1,1,1,2,2,0,0,0,0,0,0,0,0,0,0,1,1,34,399,49
1785,B2,9,0,3,4,0,0,0,0,0,0,0,0,0,0,1,1,3,14,9
1785,C1,2,1,4,0,0,0,0,0,0,0,0,0,0,1,0,1,6,22,10
1800,A1,2,2,0,2,0,0,0,0,0,0,0,0,0,0,1,2,6,21,7
1800,B0,0,6,4,1,0,0,0,0,0,0,0,0,0,0,1,1,9,62,12
1800,B1,3,2,2,1,0,0,0,0,0,0,0,0,0,0,1,2,34,399,49
1800,B2,8,0,3,4,0,0,0,0,0,0,0,0,0,1,0,1,3,14,9
1800,C1,4,2,3,0,0,0,0,0,0,0,0,0,0,1,0,2,6,22,10
1815,A1,1,3,0,1,0,0,0,0,0,0,0,0,0,0,1,2,6,21,7
1815,B0,0,8,5,1,0,0,0,0,0,0,0,0,0,0,1,1,9,62,12
1815,B1,1,3,3,1,0,0,0,0,0,0,0,0,0,0,1,1,34,399,49
1815,B2,9,0,1,4,0,0,0,0,0,0,0,0,0,0,1,1,4,15,10
1815,C1,2,2,1,0,0,0,0,0,0,0,0,0,0,0,1,2,6,22,10
1830,A1,1,1,0,2,0,0,0,0,0,0,0,0,0,1,0,1,6,21,7
1830,B0,0,7,5,1,0,0,0,0,0,0,0,0,0,0,1,1,9,62,12
1830,B1,1,4,1,1,0,0,0,0,0,0,0,0,0,1,0,2,34,399,49
1830,B2,11,0,3,4,0,0,0,0,0,0,0,0,0,0,1,1,4,15,10
1830,C1,1,1,1,0,0,0,0,0,0,0,0,0,0,1,0,2,6,22,10
1845,A1,3,1,0,2,0,0,0,0,0,0,0,0,0,1,0,2,7,27,8
1845,B0,0,7,7,2,0,0,0,0,0,0,0,0,0,0,1,1,9,62,12
1845,B1,1,1,2,1,0,0,0,0,0,0,0,0,0,0,1,1,34,399,49
1845,B2,12,0,3,4,0,0,0,0,0,0,0,0,0,0,1,1,4,15,10
1845,C1,1,1,1,0,0,0,0,0,0,0,0,0,0,0,1,2,6,22,10
1860,A1,2,1,0,3,0,0,0,0,0,0,0,0,0,0,1,1,7,27,8
1860,B0,0,8,7,4,0,0,0,0,0,0,0,0,0,0,1,1,9,62,12
1860,B1,1,1,2,1,0,0,0,0,0,0,0,0,0,0,1,1,34,399,49
1860,B2,8,0,3,2,0,0,0,0,0,0,0,0,0,1,0,2,4,15,10
1860,C1,2,1,4,0,0,0,0,0,0,0,0,0,0,1,0,1,6,22,10
1875,A1,3,1,0,4,0,0,0,0,0,0,0,0,0,1,0,1,7,27,8
1875,B0,0,9,7,1,0,0,0,0,0,0,0,0,0,0,1,1,9,62,12
1875,B1,1,1,1,2,0,0,0,0,0,0,0,0,0,1,0,1,34,399,49
1875,B2,6,0,2,3,0,0,0,0,0,0,0,0,0,0,1,1,4,15,10
1875,C1,2,2,2,0,0,0,0,0,0,0,0,0,0,1,0,2,6,22,10
1890,A1,3,1,0,3,0,0,0,0,0,0,0,0,0,1,0,2,8,29,9
1890,B0,0,9,6,2,0,0,0,0,0,0,0,0,0,0,1,1,9,62,12
1890,B1,2,1,1,1,0,0,0,0,0,0,0,0,0,0,1,2,34,399,49
1890,B2,6,0,2,3,0,0,0,0,0,0,0,0,0,0,1,1,4,15,10
1890,C1,2,1,3,0,0,0,0,0,0,0,0,0,0,1,0,1,6,22,10
1905,A1,4,2,0,1,0,0,0,0,0,0,0,0,0,0,1,2,8,29,9
1905,B0,0,9,2,1,0,0,0,0,0,0,0,0,0,1,0,2,9,62,12
1905,B1,6,1,1,1,0,0,0,0,0,0,0,0,0,1,0,2,34,399,49
1905,B2,5,0,4,1,0,0,0,0,0,0,0,0,0,1,0,1,4,15,10
1905,C1,2,1,2,0,0,0,0,0,0,0,0,0,0,1,0,2,6,22,10
1920,A1,1,5,0,1,0,0,0,0,0,0,0,0,0,1,0,2,8,29,9
1920,B0,0,10,2,2,0,0,0,0,0,0,0,0,0,0,1,2,9,62,12
1920,B1,2,2,2,2,0,0,0,0,0,0,0,0,0,0,1,1,34,399,49
1920,B2,6,0,4,1,0,0,0,0,0,0,0,0,0,1,0,2,4,15,10
1920,C1,1,2,2,0,0,0,0,0,0,0,0,0,0,1,0,2,6,22,10
1935,A1,1,2,0,1,0,0,0,0,0,0,0,0,0,1,0,2,8,29,9
1935,B0,0,8,2,6,0,0,0,0,0,0,0,0,0,0,1,1,9,62,12
1935,B1,1,2,1,2,0,0,0,0,0,0,0,0,0,1,0,1,35,407,51
1935,B2,4,0,2,2,0,0,0,0,0,0,0,0,0,0,1,1,4,15,10
1935,C1,3,2,2,0,0,0,0,0,0,0,0,0,0,1,0,2,7,29,12
1950,A1,1,3,0,4,0,0,0,0,0,0,0,0,0,1,0,1,8,29,9
1950,B0,0,7,3,3,0,0,0,0,0,0,0,0,0,1,0,1,9,62,12
1950,B1,3,1,1,1,0,0,0,0,0,0,0,0,0,1,0,2,35,407,51
1950,B2,4,0,5,1,0,0,0,0,0,0,0,0,0,0,1,1,4,15,10
1950,C1,1,4,1,0,0,0,0,0,0,0,0,0,0,0,1,2,7,29,12
1965,A1,1,2,0,5,0,0,0,0,0,0,0,0,0,1,0,1,9,31,10
1965,B0,0,7,1,3,0,0,0,0,0,0,0,0,0,1,0,2,9,62,12
1965,B1,1,1,1,3,0,0,0,0,0,0,0,0,0,0,1,1,35,407,51
1965,B2,5,0,4,4,0,0,0,0,0,0,0,0,0,0,1,1,4,15,10
1965,C1,1,2,3,0,0,0,0,0,0,0,0,0,0,1,0,1,7,29,12
1980,A1,3,3,0,3,0,0,0,0,0,0,0,0,0,1,0,2,9,31,10
1980,B0,0,6,1,4,0,0,0,0,0,0,0,0,0,0,1,1,9,62,12
1980,B1,1,2,1,2,0,0,0,0,0,0,0,0,0,1,0,1,35,407,51
1980,B2,6,0,1,3,0,0,0,0,0,0,0,0,0,0,1,2,4,15,10
1980,C1,3,2,2,0,0,0,0,0,0,0,0,0,0,1,0,2,7,29,12
1995,A1,4,3,0,2,0,0,0,0,0,0,0,0,0,0,1,2,9,31,10
1995,B0,0,7,1,2,0,0,0,0,0,0,0,0,0,0,1,2,9,62,12
1995,B1,1,2,1,1,0,0,0,0,0,0,0,0,0,0,1,2,35,407,51
1995,B2,2,0,1,3,0,0,0,0,0,0,0,0,0,1,0,1,4,15,10
1995,C1,4,3,3,0,0,0,0,0,0,0,0,0,0,1,0,2,7,29,12
2010,A1,1,1,0,4,0,0,0,0,0,0,0,0,0,1,0,1,9,31,10
2010,B0,0,7,3,2,0,0,0,0,0,0,1,0,0,0,1,1,9,62,12
2010,B1,2,2,1,4,0,1,0,0,0,0,0,0,0,0,1,2,36,415,51
2010,B2,3,0,1,1,0,0,0,0,0,0,0,0,0,0,1,2,4,15,10
2010,C1,4,1,4,0,0,0,0,0,0,0,0,0,0,1,0,2,7,29,12
2025,A1,1,1,0,2,0,0,0,0,0,0,0,0,0,1,0,1,9,31,10
2025,B0,0,7,3,3,0,0,0,0,0,0,1,0,0,0,1,1,9,62,12
2025,B1,2,1,1,3,0,2,0,0,0,0,0,0,0,0,1,2,37,431,52
2025,B2,3,0,4,2,0,0,0,3,0,0,0,0,0,0,1,1,5,19,10
2025,C1,4,3,2,0,0,0,0,0,0,0,0,0,0,0,1,2,7,29,12
2040,A1,5,2,0,1,0,0,0,0,0,0,0,0,0,0,1,2,9,31,10
2040,B0,0,6,3,4,0,0,0,0,0,0,0,0,0,1,0,1,9,62,12
2040,B1,1,1,1,1,0,0,0,0,0,0,0,0,0,1,0,1,37,440,54
2040,B2,3,0,4,2,0,0,0,0,0,0,0,0,0,0,1,1,5,24,13
2040,C1,5,2,5,0,0,0,0,0,0,0,0,0,0,1,0,2,7,29,12
2055,A1,2,3,0,1,0,0,0,0,0,0,0,0,0,1,0,2,9,31,10
2055,B0,0,7,1,1,0,0,0,0,0,0,0,0,0,1,0,2,10,63,13
2055,B1,4,1,1,2,0,0,0,0,0,0,0,0,0,1,0,2,37,440,54
2055,B2,4,0,2,3,0,0,0,0,0,0,0,0,0,0,1,1,5,24,13
2055,C1,4,2,6,0,0,0,0,0,0,0,0,0,0,1,0,2,7,29,12
2070,A1,2,3,0,2,0,0,0,0,0,0,0,0,0,1,0,2,9,31,10
2070,B0,0,6,3,3,0,0,0,0,0,0,0,0,0,0,1,1,10,63,13
2070,B1,2,1,1,3,0,0,0,0,0,0,0,0,0,0,1,1,37,440,54
2070,B2,4,0,2,2,0,0,0,0,0,0,0,0,0,1,0,1,5,24,13
2070,C1,5,1,8,0,0,0,0,0,0,0,0,0,0,1,0,2,7,29,12
2085,A1,2,2,0,2,0,0,0,0,0,0,0,0,0,0,1,2,9,31,10
2085,B0,0,5,2,4,0,0,0,0,0,0,0,0,0,1,0,1,10,63,13
2085,B1,1,3,1,2,0,0,0,0,0,0,0,0,0,1,0,2,37,440,54
2085,B2,4,0,1,3,0,0,0,0,0,0,0,0,0,0,1,1,5,24,13
2085,C1,5,1,6,0,0,0,0,0,0,0,0,0,0,1,0,2,7,29,12
2100,A1,2,1,0,3,0,0,0,0,0,0,0,0,0,0,1,1,9,31,10
2100,B0,0,5,3,3,0,0,0,0,0,0,0,0,0,0,1,1,10,63,13
2100,B1,2,2,1,1,0,0,0,0,0,0,0,0,0,1,0,2,37,440,54
2100,B2,7,0,5,6,0,0,0,0,0,0,0,0,0,0,1,1,5,24,13
2100,C1,4,3,7,0,0,0,0,0,0,0,0,0,0,0,1,2,7,29,12
2115,A1,1,3,0,3,0,0,0,0,0,0,0,0,0,1,0,2,9,31,10
2115,B0,0,6,1,1,0,0,0,0,0,0,0,0,0,0,1,2,10,63,13
2115,B1,1,2,3,1,0,0,0,0,0,0,0,0,0,0,1,1,37,440,54
2115,B2,6,0,1,1,0,0,0,0,0,0,0,0,0,0,1,2,5,24,13
2115,C1,6,1,8,0,0,0,0,0,0,0,0,0,0,1,0,2,7,29,12
2130,A1,2,3,0,4,0,0,0,0,0,0,0,0,0,0,1,2,9,31,10
2130,B0,0,2,3,3,0,0,0,0,0,0,0,0,0,0,1,1,10,63,13
2130,B1,3,4,2,1,0,0,0,0,0,0,0,0,0,0,1,2,37,440,54
2130,B2,3,0,2,2,0,0,0,0,0,0,0,0,0,1,0,1,5,24,13
2130,C1,4,1,8,0,0,0,0,0,0,0,0,0,0,0,1,1,7,29,12
2145,A1,2,5,0,3,0,0,0,0,0,0,0,0,0,1,0,2,9,31,10
2145,B0,0,4,2,1,0,0,0,0,0,0,0,0,0,0,1,2,10,63,13
2145,B1,3,2,2,2,0,0,0,0,0,0,0,0,0,1,0,2,37,440,54
2145,B2,5,0,3,3,0,0,0,0,0,0,0,0,0,0,1,1,5,24,13
2145,C1,6,1,6,0,0,0,0,0,0,0,0,0,0,1,0,2,7,29,12
2160,A1,1,7,0,5,0,0,0,0,0,0,0,0,0,1,0,2,9,31,10
2160,B0,0,5,3,1,0,0,0,0,0,0,0,0,0,0,1,1,10,63,13
2160,B1,3,1,1,2,0,0,0,0,0,0,0,0,0,0,1,2,37,440,54
2160,B2,6,0,1,2,0,0,0,0,0,0,0,0,0,0,1,2,5,24,13
2160,C1,4,2,8,0,0,0,0,0,0,0,0,0,0,1,0,2,7,29,12
2175,A1,2,5,0,6,0,0,0,0,0,0,0,0,0,1,0,2,9,31,10
2175,B0,0,5,1,4,0,0,0,0,0,0,0,0,0,1,0,1,10,63,13
2175,B1,3,3,1,2,0,0,0,0,0,0,0,0,0,1,0,2,38,449,56
2175,B2,5,0,1,3,0,0,0,0,2,0,0,0,0,0,1,1,6,35,13
2175,C1,4,2,6,0,0,0,0,0,0,0,0,0,0,0,1,2,7,29,12
2190,A1,4,3,0,5,0,0,0,0,0,0,0,0,0,0,1,2,9,31,10
2190,B0,0,9,1,1,0,0,0,0,0,0,0,0,0,0,1,2,10,63,13
2190,B1,2,1,2,1,0,0,0,0,0,0,0,0,0,0,1,1,38,449,56
2190,B2,4,0,3,4,0,0,0,0,1,0,0,0,0,1,0,1,7,55,15
2190,C1,3,1,4,0,0,0,0,0,0,0,0,0,0,0,1,1,7,29,12
2205,A1,1,4,0,8,0,0,0,0,0,0,0,0,0,1,0,2,9,31,10
2205,B0,0,7,2,2,0,0,0,0,0,0,0,0,0,0,1,2,10,63,13
2205,B1,3,2,3,1,0,0,0,0,0,0,0,0,0,1,0,2,38,449,56
2205,B2,3,0,2,4,0,0,0,0,0,0,0,0,0,0,1,1,7,61,16
2205,C1,4,2,4,0,0,0,0,0,0,0,0,0,0,1,0,2,7,29,12
2220,A1,1,4,0,11,0,0,0,0,0,0,0,0,0,1,0,2,9,31,10
2220,B0,0,6,1,3,0,0,0,0,0,0,0,0,0,1,0,2,10,63,13
2220,B1,2,1,2,1,0,0,0,0,0,0,0,0,0,0,1,1,39,453,57
2220,B2,5,0,1,6,0,0,0,0,0,0,0,0,0,0,1,1,7,61,16
2220,C1,4,3,4,0,0,0,0,0,0,0,0,0,0,1,0,2,7,29,12
2235,A1,2,3,0,13,0,0,0,0,0,0,0,0,0,0,1,1,9,31,10
2235,B0,0,5,1,1,0,0,0,0,0,0,1,0,0,0,1,2,10,63,13
2235,B1,3,1,3,1,0,2,0,0,0,0,0,0,0,1,0,2,40,472,57
2235,B2,5,0,1,6,0,0,0,0,0,0,0,0,0,0,1,1,7,61,16
2235,C1,3,1,4,0,0,0,0,0,0,0,0,0,0,1,0,1,7,29,12
2250,A1,4,2,0,10,0,0,0,0,0,0,0,0,0,1,0,2,9,31,10
2250,B0,0,3,1,1,0,0,0,0,0,0,0,0,0,0,1,2,10,63,13
2250,B1,2,3,3,4,0,0,0,0,1,0,0,0,0,0,1,1,41,492,59
2250,B2,5,0,2,6,0,0,0,0,0,0,0,0,0,0,1,1,7,61,16
2250,C1,3,1,3,0,0,0,0,0,0,0,0,1,0,1,0,2,7,29,12
2265,A1,2,2,0,10,0,0,0,0,0,0,0,0,0,0,1,1,9,31,10
2265,B0,0,2,2,4,0,0,0,0,0,0,0,0,0,0,1,1,10,63,13
2265,B1,1,1,1,1,0,0,0,0,0,0,0,0,0,1,0,1,41,492,60
2265,B2,5,0,1,5,0,0,0,0,0,0,0,0,0,0,1,1,7,61,16
2265,C1,3,2,3,0,0,0,0,0,0,0,0,0,0,1,0,2,7,29,12
2280,A1,1,3,0,9,0,0,0,0,0,0,0,0,0,1,0,1,9,31,10
2280,B0,0,2,1,2,0,0,0,0,0,0,0,0,0,0,1,1,10,63,13
2280,B1,2,1,2,1,0,0,0,0,0,0,0,0,0,1,0,1,41,492,60
2280,B2,6,0,1,7,0,0,0,0,0,0,0,0,0,0,1,1,7,61,16
2280,C1,3,1,4,0,0,0,0,0,0,0,0,0,0,0,1,1,7,29,12
2295,A1,5,2,0,7,0,0,0,0,0,0,0,0,0,1,0,2,9,31,10
2295,B0,0,3,2,2,0,0,0,0,0,0,0,0,0,0,1,1,10,63,13
2295,B1,4,3,1,1,0,0,0,0,0,0,0,0,0,1,0,2,42,494,61
2295,B2,8,0,1,8,0,0,0,0,0,0,0,0,0,0,1,1,7,61,16
2295,C1,3,1,3,0,0,0,0,0,0,0,0,0,0,1,0,2,7,29,12
2310,A1,4,2,0,7,0,0,0,0,0,0,0,0,0,0,1,2,9,31,10
2310,B0,0,2,2,2,0,0,0,0,0,0,0,0,0,1,0,1,10,63,13
2310,B1,1,2,1,1,0,0,0,0,0,0,0,0,0,1,0,2,42,494,61
2310,B2,8,0,2,9,0,0,0,0,0,0,0,0,0,0,1,1,7,61,16
2310,C1,2,1,1,0,0,0,0,0,0,0,0,0,0,0,1,2,7,29,12
2325,A1,1,2,0,8,0,0,0,0,0,0,0,0,0,1,0,1,9,31,10
2325,B0,0,4,1,1,0,0,0,0,0,0,0,0,0,0,1,2,10,63,13
2325,B1,1,2,2,1,0,0,0,0,0,0,0,0,0,0,1,1,42,494,61
2325,B2,11,0,1,4,0,0,0,0,0,0,0,0,0,0,1,1,7,61,16
2325,C1,1,2,2,0,0,0,0,0,0,0,0,0,0,1,0,2,7,29,12
2340,A1,3,3,0,5,0,0,0,0,0,0,0,0,0,1,0,2,9,31,10
2340,B0,0,2,2,2,0,0,0,0,0,0,0,0,0,0,1,1,10,63,13
2340,B1,1,3,2,2,0,0,0,0,2,0,0,0,0,0,1,1,45,504,63
2340,B2,9,0,2,5,0,0,0,0,0,0,0,0,0,1,0,1,7,61,16
2340,C1,3,2,2,0,0,0,0,0,0,0,0,1,0,1,0,2,7,29,12
2355,A1,2,2,0,3,0,0,0,0,0,0,0,0,0,0,1,2,9,31,10
2355,B0,0,4,1,1,0,0,0,0,0,0,0,0,0,0,1,2,10,63,13
2355,B1,1,1,1,1,0,0,0,0,0,0,0,0,0,1,0,1,45,510,65
2355,B2,10,0,4,1,0,0,0,0,0,0,0,0,0,0,1,2,7,61,16
2355,C1,1,4,2,0,0,0,0,0,0,0,0,0,0,1,0,2,7,29,12
2370,A1,1,1,0,3,0,0,0,0,0,0,0,0,0,1,0,1,9,31,10
2370,B0,0,3,4,3,0,0,0,0,0,0,0,0,0,0,1,1,10,63,13
2370,B1,3,4,2,1,0,0,0,0,0,0,0,0,0,0,1,2,46,516,66
2370,B2,7,0,1,4,0,0,0,0,0,0,0,0,0,1,0,1,7,61,16
2370,C1,1,2,2,0,0,0,0,0,0,0,0,0,0,1,0,2,7,29,12
2385,A1,2,2,0,2,0,0,0,0,0,0,0,0,0,1,0,2,9,31,10
2385,B0,0,4,4,1,0,0,0,0,0,0,0,0,0,0,1,1,10,63,13
2385,B1,1,6,1,3,0,0,0,0,0,0,0,0,0,0,1,2,46,516,66
2385,B2,7,0,1,6,0,0,0,0,0,0,0,0,0,0,1,1,7,61,16
2385,C1,3,2,3,0,0,0,0,0,0,0,0,0,0,0,1,2,7,29,12
2400,A1,2,2,0,5,0,0,0,0,0,0,0,0,0,0,1,1,9,31,10
2400,B0,0,4,5,1,0,0,0,0,0,0,0,0,0,0,1,1,10,63,13
2400,B1,1,6,2,3,0,0,0,0,0,0,0,0,0,1,0,2,46,516,66
2400,B2,9,0,2,4,0,0,0,0,0,0,0,0,0,0,1,1,7,61,16
2400,C1,3,1,2,0,0,0,0,0,0,0,0,0,0,0,1,2,7,29,12
2415,A1,1,3,0,3,0,0,0,0,0,0,0,0,0,1,0,2,9,31,10
2415,B0,0,5,4,3,0,0,0,0,0,0,0,0,0,0,1,1,10,63,13
2415,B1,1,5,1,1,0,0,0,0,0,0,0,0,0,0,1,2,46,516,66
2415,B2,7,0,1,4,0,0,0,0,0,0,0,0,0,1,0,1,7,61,16
2415,C1,4,1,3,0,0,0,0,0,0,0,0,0,0,1,0,2,7,29,12
2430,A1,2,2,0,3,0,0,0,0,0,0,0,0,0,1,0,2,9,31,10
2430,B0,0,8,3,2,0,0,0,0,0,0,0,0,0,0,1,1,10,63,13
2430,B1,1,2,1,2,0,0,0,0,0,0,0,0,0,0,1,1,46,516,66
2430,B2,9,0,3,3,0,0,0,0,0,0,0,0,0,1,0,1,7,61,16
2430,C1,4,1,2,0,0,0,0,0,0,0,0,0,0,1,0,2,7,29,12
2445,A1,3,5,0,1,0,0,0,0,0,0,0,0,0,0,1,2,9,31,10
2445,B0,0,9,3,1,0,0,0,0,0,0,0,0,0,1,0,1,10,63,13
2445,B1,4,1,1,1,0,0,0,0,0,0,0,0,0,1,0,2,46,516,66
2445,B2,8,0,2,3,0,0,0,0,0,0,0,0,0,0,1,1,8,62,18
2445,C1,1,1,2,0,0,0,0,0,0,0,0,0,0,0,1,1,7,29,12
2460,A1,1,2,0,1,0,0,0,0,0,0,0,0,0,1,0,2,9,31,10
2460,B0,0,10,1,3,0,0,0,0,0,0,0,0,0,0,1,2,10,63,13
2460,B1,2,1,1,2,0,0,0,0,0,0,0,0,0,0,1,1,46,516,66
2460,B2,7,0,1,2,0,0,0,0,0,0,0,0,0,1,0,2,8,62,18
2460,C1,1,2,2,0,0,0,0,0,0,0,0,0,0,1,0,2,7,29,12
2475,A1,1,1,0,3,0,0,0,0,0,0,0,0,0,1,0,1,9,31,10
2475,B0,0,9,4,2,0,0,0,0,0,0,0,0,0,1,0,1,10,63,13
2475,B1,3,2,1,2,0,0,0,0,0,0,0,0,0,1,0,2,47,517,67
2475,B2,5,0,2,5,0,0,0,0,0,0,0,0,0,0,1,1,8,62,18
2475,C1,2,3,1,0,0,0,0,0,0,0,0,0,0,1,0,2,7,29,12
2490,A1,2,1,0,2,0,0,0,0,0,0,0,0,0,1,0,2,10,33,11
2490,B0,0,9,3,2,0,0,0,0,0,0,0,0,0,1,0,1,10,63,13
2490,B1,3,1,2,2,0,0,0,0,0,0,0,0,0,0,1,1,47,517,67
2490,B2,6,0,4,4,0,0,0,0,0,0,0,0,0,0,1,1,8,62,18
2490,C1,2,2,1,0,0,0,0,0,0,0,0,0,0,1,0,2,7,29,12
2505,A1,2,1,0,2,0,0,0,0,0,0,0,0,0,1,0,2,10,33,11
2505,B0,0,10,4,1,0,0,0,0,0,0,0,0,0,0,1,1,10,63,13
2505,B1,3,2,1,1,0,0,0,0,0,0,0,0,0,1,0,2,47,517,67
2505,B2,7,0,1,5,0,0,0,0,0,0,0,0,0,0,1,1,8,62,18
2505,C1,2,3,1,0,0,0,0,0,0,0,0,0,0,1,0,2,7,29,12
2520,A1,1,2,0,1,0,0,0,0,0,0,0,0,0,0,1,2,10,33,11
2520,B0,0,11,2,1,0,0,0,0,0,0,0,0,0,1,0,2,10,63,13
2520,B1,1,1,2,3,0,0,0,0,0,0,0,0,0,0,1,1,47,517,67
2520,B2,8,0,1,4,0,0,0,0,0,0,0,0,0,0,1,1,8,62,18
2520,C1,2,1,3,0,0,0,0,0,0,0,0,0,0,1,0,1,7,29,12
2535,A1,4,2,0,1,0,0,0,0,0,0,0,0,0,1,0,2,10,33,11
2535,B0,0,10,1,4,0,0,0,0,0,0,0,0,0,0,1,2,10,63,13
2535,B1,2,1,1,1,0,0,0,0,0,0,0,0,0,0,1,2,47,517,67
2535,B2,8,0,1,2,0,0,0,0,0,0,0,0,0,1,0,2,8,62,18
2535,C1,6,4,2,0,0,0,0,0,0,0,0,0,0,1,0,2,7,29,12
2550,A1,1,3,0,2,0,0,0,0,0,0,0,0,0,1,0,2,10,33,11
2550,B0,0,12,1,2,0,0,0,0,0,0,0,0,0,0,1,2,10,63,13
2550,B1,1,1,2,1,0,0,0,0,0,0,0,0,0,1,0,1,47,517,67
2550,B2,4,0,2,2,0,0,0,0,0,0,0,0,0,1,0,1,8,62,18
2550,C1,7,4,3,0,0,0,0,0,0,0,0,0,0,1,0,2,7,29,12
2565,A1,4,4,0,2,0,0,0,0,0,0,0,0,0,1,0,2,10,33,11
2565,B0,0,9,2,3,0,0,0,0,0,0,0,0,0,1,0,1,10,63,13
2565,B1,1,2,2,1,0,0,0,0,0,0,0,0,0,0,1,1,48,521,68
2565,B2,5,0,1,2,0,0,0,0,0,0,0,0,0,0,1,2,8,62,18
2565,C1,7,2,4,0,0,0,0,0,0,0,0,0,0,1,0,2,7,29,12
2580,A1,2,3,0,5,0,0,0,0,0,0,0,0,0,1,0,2,10,33,11
2580,B0,0,9,1,3,0,0,0,0,0,0,1,0,0,1,0,1,10,63,13
2580,B1,1,1,1,3,0,1,0,0,0,0,0,0,0,1,0,2,49,534,68
2580,B2,3,0,1,3,0,0,0,0,0,0,0,0,0,0,1,1,8,62,18
2580,C1,4,2,4,0,0,0,0,0,0,0,0,0,0,1,0,2,7,29,12
2595,A1,2,6,0,4,0,0,0,0,0,0,0,0,0,0,1,2,10,33,11
2595,B0,0,9,2,3,0,0,0,0,0,0,0,0,0,1,0,1,10,63,13
2595,B1,1,2,3,4,0,0,0,0,0,0,0,0,0,0,1,1,49,546,69
2595,B2,3,0,1,5,0,0,0,0,0,0,0,0,0,0,1,1,8,62,18
2595,C1,5,2,3,0,0,0,0,0,0,0,0,0,0,0,1,2,7,29,12
2610,A1,3,6,0,6,0,0,0,0,0,0,0,0,0,1,0,2,11,35,12
2610,B0,0,9,2,3,0,0,0,0,0,0,0,0,0,0,1,1,10,63,13
2610,B1,1,2,2,2,0,0,0,0,0,0,0,0,0,0,1,1,49,546,69
2610,B2,3,0,2,2,0,0,0,0,0,0,0,0,0,0,1,1,8,62,18
2610,C1,4,1,4,0,0,0,0,0,0,0,0,0,0,1,0,2,7,29,12
2625,A1,3,4,0,10,0,0,0,0,0,0,0,0,0,1,0,2,11,35,12
2625,B0,0,7,3,3,0,0,0,0,0,0,0,0,0,0,1,1,10,63,13
2625,B1,1,2,3,2,0,0,0,0,0,0,0,0,0,1,0,1,49,546,69
2625,B2,4,0,1,2,0,0,0,0,0,0,0,0,0,1,0,2,8,62,18
2625,C1,2,1,6,0,0,0,0,0,0,0,0,0,0,1,0,1,7,29,12
2640,A1,1,3,0,10,0,0,0,0,0,0,0,0,0,1,0,1,11,35,12
2640,B0,0,6,1,1,0,0,0,0,0,0,0,0,0,1,0,2,10,63,13
2640,B1,2,4,1,2,0,0,0,0,0,0,0,0,0,1,0,2,50,549,70
2640,B2,5,0,1,3,0,0,0,0,0,0,0,0,0,0,1,1,9,63,19
2640,C1,5,1,4,0,0,0,0,0,0,0,0,0,0,1,0,2,7,29,12
2655,A1,2,3,0,6,0,0,0,0,0,0,0,0,0,0,1,2,11,35,12
2655,B0,0,6,1,2,0,0,0,0,0,0,0,0,0,0,1,2,10,63,13
2655,B1,2,2,3,2,0,0,0,0,0,0,0,0,0,0,1,1,50,549,70
2655,B2,6,0,1,4,0,0,0,0,0,0,0,0,0,1,0,1,9,63,19
2655,C1,1,1,5,0,0,0,0,0,0,0,0,0,0,1,0,1,7,29,12
2670,A1,2,3,0,8,0,0,0,0,0,0,0,0,0,1,0,2,11,35,12
2670,B0,0,3,2,3,0,0,0,0,0,0,0,0,0,1,0,1,10,63,13
2670,B1,1,2,3,2,0,0,0,0,0,0,0,0,0,1,0,1,50,549,70
2670,B2,4,0,1,6,0,0,0,0,0,0,0,0,0,0,1,1,9,63,19
2670,C1,2,1,5,0,0,0,0,0,0,0,0,0,0,1,0,1,7,29,12
2685,A1,2,4,0,6,0,0,0,0,0,0,0,0,0,0,1,2,11,35,12
2685,B0,0,4,1,1,0,0,0,0,0,0,0,0,0,0,1,2,10,63,13
2685,B1,1,2,1,1,0,0,0,0,0,0,0,0,0,0,1,2,50,549,70
2685,B2,6,0,1,2,0,0,0,0,0,0,0,0,0,1,0,2,9,63,19
2685,C1,3,2,3,0,0,0,0,0,0,0,0,0,0,0,1,2,7,29,12
2700,A1,3,1,0,8,0,0,0,0,0,0,0,0,0,1,0,1,11,35,12
2700,B0,0,2,1,2,0,0,0,0,0,0,0,0,0,0,1,1,10,63,13
2700,B1,1,1,2,1,0,0,0,0,0,0,0,0,0,0,1,1,50,549,70
2700,B2,5,0,1,2,0,0,0,0,0,0,0,0,0,0,1,2,9,63,19
2700,C1,4,3,6,0,0,0,0,0,0,0,0,0,0,1,0,2,8,37,14
2715,A1,2,1,0,4,0,0,0,0,0,0,0,0,0,0,1,1,11,35,12
2715,B0,0,3,2,1,0,0,0,0,0,0,1,0,0,0,1,1,10,63,13
2715,B1,3,1,4,2,0,1,0,0,0,0,0,0,0,1,0,2,51,560,70
2715,B2,4,0,4,5,0,0,0,0,0,0,0,0,0,0,1,1,9,63,19
2715,C1,1,2,6,0,0,0,0,0,0,0,0,0,0,0,1,1,8,37,14
2730,A1,1,2,0,2,0,0,0,0,0,0,0,0,0,1,0,2,11,35,12
2730,B0,0,1,3,3,0,0,0,0,0,0,0,0,0,0,1,1,10,63,13
2730,B1,2,1,4,2,0,0,1,0,0,0,0,0,0,1,0,2,53,578,73
2730,B2,6,0,3,4,0,0,0,0,0,1,0,0,0,0,1,1,9,63,19
2730,C1,4,2,2,0,0,0,0,0,0,0,0,0,0,1,0,2,8,37,14
2745,A1,3,3,0,6,0,0,0,0,0,0,0,0,0,1,0,2,11,35,12
2745,B0,0,1,2,1,0,0,0,0,0,0,0,0,0,0,1,1,10,63,13
2745,B1,1,3,3,1,0,0,0,0,0,0,0,0,0,0,1,1,53,585,74
2745,B2,5,0,4,2,0,0,0,0,0,0,0,0,0,1,0,1,9,63,19
2745,C1,3,1,3,0,0,0,0,0,0,0,0,0,0,1,0,2,8,37,14
2760,A1,1,1,0,7,0,0,0,0,0,0,0,0,0,1,0,1,11,35,12
2760,B0,0,3,2,1,0,0,0,0,0,0,0,0,0,1,0,1,10,63,13
2760,B1,2,5,4,1,0,0,0,0,0,0,0,0,0,1,0,2,53,585,74
2760,B2,4,0,2,2,0,0,0,0,0,0,0,0,0,1,0,1,9,63,19
2760,C1,2,2,2,0,0,0,0,0,0,0,0,0,0,0,1,2,8,37,14
2775,A1,3,2,0,3,0,0,0,0,0,0,0,0,0,0,1,2,11,35,12
2775,B0,0,2,2,2,0,0,0,0,0,0,0,0,0,0,1,1,10,63,13
2775,B1,1,6,4,1,0,0,0,0,0,0,0,0,0,1,0,1,53,585,74
2775,B2,5,0,3,2,0,0,0,0,0,0,0,0,0,0,1,1,9,63,19
2775,C1,2,1,3,0,0,0,0,0,0,0,0,0,0,1,0,1,8,37,14
2790,A1,2,1,0,4,0,0,0,0,0,0,0,0,0,1,0,1,11,35,12
2790,B0,0,4,1,3,0,0,2,0,0,0,0,0,0,1,0,2,11,64,13
2790,B1,1,5,2,1,0,0,0,0,0,1,1,0,0,0,1,1,53,585,74
2790,B2,2,0,5,4,0,1,0,0,0,0,0,0,0,0,1,1,11,80,23
2790,C1,3,1,3,0,0,0,0,0,0,0,0,0,0,1,0,2,8,37,14
2805,A1,4,3,0,2,0,0,0,0,0,0,0,0,0,1,0,2,11,35,12
2805,B0,0,3,2,2,0,0,0,0,0,0,0,0,0,0,1,1,11,71,15
2805,B1,1,4,3,1,0,0,0,0,0,0,0,0,0,1,0,2,53,585,74
2805,B2,2,0,4,3,0,0,0,0,0,0,0,0,0,1,0,1,11,107,25
2805,C1,3,4,3,0,0,0,0,0,0,0,0,0,0,0,1,2,8,37,14
2820,A1,1,2,0,3,0,0,0,0,0,0,0,0,0,0,1,1,11,35,12
2820,B0,0,3,2,3,0,0,0,0,0,0,0,0,0,1,0,1,11,71,15
2820,B1,3,2,2,1,0,0,0,0,0,0,0,0,0,0,1,2,53,585,74
2820,B2,3,0,2,5,0,0,0,0,0,0,0,0,0,0,1,1,11,107,25
2820,C1,2,2,3,0,0,0,0,0,0,0,0,0,0,1,0,2,9,51,17
2835,A1,3,2,0,4,0,0,0,0,0,0,0,0,0,1,0,2,11,35,12
2835,B0,0,5,1,2,0,0,0,0,0,0,0,0,0,0,1,2,11,71,15
2835,B1,1,2,3,2,0,0,0,0,0,0,0,0,0,0,1,1,53,585,74
2835,B2,3,0,3,2,0,0,0,0,0,0,0,0,0,0,1,1,11,107,25
2835,C1,1,1,1,0,0,0,0,0,0,0,0,0,0,1,0,2,10,68,19
2850,A1,1,2,0,3,0,0,0,0,0,0,0,0,0,1,0,1,11,35,12
2850,B0,0,4,1,3,0,0,0,0,0,0,0,0,0,0,1,1,11,71,15
2850,B1,3,2,2,2,0,0,0,0,0,0,0,0,0,1,0,2,53,585,74
2850,B2,4,0,1,3,0,0,0,0,0,0,0,0,0,0,1,1,11,107,25
2850,C1,2,1,2,0,0,0,0,0,0,0,0,0,0,0,1,2,10,68,19
2865,A1,2,5,0,3,0,0,0,0,0,0,0,0,0,1,0,2,11,35,12
2865,B0,0,3,3,3,0,0,0,0,0,0,0,0,0,1,0,1,11,71,15
2865,B1,1,1,1,1,0,0,0,0,0,0,0,0,0,0,1,1,53,585,74
2865,B2,3,0,2,3,0,0,0,0,0,0,0,0,0,0,1,1,11,107,25
2865,C1,2,2,2,0,0,0,0,0,0,0,0,0,0,1,0,2,10,68,19
2880,A1,2,3,0,2,0,0,0,0,0,0,0,0,0,0,1,2,11,35,12
2880,B0,0,2,2,3,0,0,0,0,0,0,0,0,0,1,0,1,11,71,15
2880,B1,1,1,1,1,0,0,0,0,0,0,0,0,0,1,0,1,53,585,74
2880,B2,6,0,2,3,0,0,0,0,0,0,0,0,0,0,1,1,11,107,25
2880,C1,2,3,3,0,0,0,0,0,0,0,0,0,0,1,0,2,10,68,19
2895,A1,1,2,0,4,0,0,0,0,0,0,0,0,0,1,0,1,11,35,12
2895,B0,0,4,1,2,0,0,0,0,0,0,0,0,0,0,1,2,11,71,15
2895,B1,1,2,1,2,0,0,0,0,0,0,0,0,0,0,1,1,54,597,75
2895,B2,5,0,2,2,0,0,0,0,0,0,0,0,0,1,0,2,11,107,25
2895,C1,2,2,3,0,0,0,0,0,0,0,0,0,0,1,0,2,10,68,19
2910,A1,3,1,0,2,0,0,0,0,0,0,0,0,0,1,0,2,11,35,12
2910,B0,0,2,5,2,0,0,0,0,0,0,0,0,0,0,1,1,11,71,15
2910,B1,1,3,1,2,0,0,0,0,0,0,0,0,0,0,1,2,55,599,76
2910,B2,5,0,2,2,0,0,0,0,0,0,0,0,0,1,0,2,11,107,25
2910,C1,4,3,3,0,0,0,0,0,0,0,0,0,0,0,1,2,10,68,19
2925,A1,1,1,0,2,0,0,0,0,0,0,0,0,0,1,0,1,11,35,12
2925,B0,0,4,4,1,0,0,0,0,0,0,0,0,0,0,1,1,11,71,15
2925,B1,2,1,1,4,0,0,0,0,0,0,0,0,0,1,0,1,55,599,76
2925,B2,4,0,2,1,0,0,0,0,0,0,0,0,0,0,1,2,11,107,25
2925,C1,2,1,4,0,0,0,0,0,0,0,0,0,0,1,0,1,10,68,19
2940,A1,3,3,0,1,0,0,0,0,0,0,0,0,0,1,0,2,11,35,12
2940,B0,0,5,4,1,0,0,0,0,0,0,0,0,0,0,1,1,11,71,15
2940,B1,1,1,1,1,0,0,0,0,0,0,0,0,0,1,0,1,56,600,77
2940,B2,2,0,8,1,0,0,0,0,0,0,0,0,0,0,1,1,11,107,25
2940,C1,5,2,3,0,0,0,0,0,0,0,0,0,0,1,0,2,10,68,19
2955,A1,1,2,0,2,0,0,0,0,0,0,0,0,0,1,0,2,11,35,12
2955,B0,0,6,2,3,0,0,0,0,0,0,0,0,0,0,1,1,11,71,15
2955,B1,2,1,1,2,0,0,0,0,0,0,0,0,0,0,1,1,56,600,77
2955,B2,3,0,3,2,0,0,0,0,0,0,0,0,0,1,0,1,11,107,25
2955,C1,1,2,2,0,0,0,0,0,0,0,0,0,0,0,1,2,10,68,19
2970,A1,1,3,0,3,0,0,0,0,0,0,0,0,0,1,0,2,11,35,12
2970,B0,0,4,3,1,0,0,0,0,0,0,0,0,0,0,1,1,11,71,15
2970,B1,1,2,1,3,0,0,0,0,0,0,0,0,0,0,1,1,58,622,79
2970,B2,3,0,2,1,0,0,0,0,0,0,0,0,0,0,1,1,11,107,25
2970,C1,2,1,1,0,0,0,0,0,0,0,0,0,0,1,0,2,10,68,19
2985,A1,2,2,0,2,0,0,0,0,0,0,0,0,0,0,1,2,11,35,12
2985,B0,0,6,3,1,0,0,0,0,0,0,0,0,0,0,1,1,11,71,15
2985,B1,1,4,2,2,0,0,0,0,0,0,0,0,0,0,1,2,58,622,79
2985,B2,5,0,1,3,0,0,0,0,0,0,0,0,0,0,1,1,11,107,25
2985,C1,3,1,1,0,0,0,0,0,0,0,0,0,0,1,0,2,10,68,19
3000,A1,2,3,0,2,0,0,0,0,0,0,0,0,0,1,0,2,11,35,12
3000,B0,0,5,5,1,0,0,0,0,0,0,0,0,0,0,1,1,11,71,15
3000,B1,3,2,3,4,0,0,0,0,0,0,0,0,0,0,1,1,58,622,79
3000,B2,5,0,3,4,0,0,0,0,0,0,0,0,0,0,1,1,11,107,25
3000,C1,3,4,2,0,0,0,0,0,0,0,0,0,0,0,1,2,10,68,19
3015,A1,1,2,0,2,0,0,0,0,0,0,0,0,0,1,0,2,11,35,12
3015,B0,0,7,4,3,0,0,0,0,0,0,0,0,0,0,1,1,11,71,15
3015,B1,3,3,2,3,0,0,0,0,0,0,0,0,0,1,0,2,58,622,79
3015,B2,4,0,5,4,0,0,0,0,0,0,0,0,0,1,0,1,11,107,25
3015,C1,1,1,3,0,0,0,0,0,0,0,0,0,0,1,0,1,10,68,19
3030,A1,3,3,0,2,0,0,0,0,0,0,0,0,0,1,0,2,11,35,12
3030,B0,0,9,1,2,0,0,0,0,0,0,0,0,0,1,0,2,11,71,15
3030,B1,2,3,1,2,0,0,0,0,0,0,0,0,0,0,1,2,59,624,80
3030,B2,5,0,3,1,0,0,0,0,0,0,0,0,0,0,1,2,11,107,25
3030,C1,2,3,2,0,0,0,0,0,0,0,0,0,0,1,0,2,10,68,19
3045,A1,1,1,0,3,0,0,0,0,0,0,0,0,0,0,1,1,11,35,12
3045,B0,0,5,3,3,0,0,0,0,0,0,0,0,0,0,1,1,11,71,15
3045,B1,1,2,1,2,0,0,0,0,0,0,0,0,0,1,0,1,59,624,80
3045,B2,4,0,2,3,0,0,0,0,0,0,0,0,0,0,1,1,11,107,25
3045,C1,3,1,5,0,0,0,0,0,0,0,0,0,0,1,0,1,10,68,19
3060,A1,1,5,0,3,0,0,0,0,0,0,0,0,0,1,0,2,11,35,12
3060,B0,0,5,3,1,0,0,0,0,0,0,0,0,0,0,1,1,11,71,15
3060,B1,1,2,1,1,0,0,0,0,0,0,0,0,0,1,0,2,59,624,80
3060,B2,3,0,1,3,0,0,0,0,0,0,0,0,0,1,0,1,11,107,25
3060,C1,6,1,4,0,0,0,0,0,0,0,0,0,0,1,0,2,10,68,19
3075,A1,2,2,0,6,0,0,0,0,0,0,0,0,0,1,0,1,11,35,12
3075,B0,0,4,2,2,0,0,0,0,0,0,0,0,0,1,0,1,11,71,15
3075,B1,1,3,2,1,0,0,0,0,0,0,0,0,0,1,0,2,59,624,80
3075,B2,3,0,2,2,0,0,0,0,0,0,0,0,0,0,1,1,11,107,25
3075,C1,2,1,4,0,0,0,0,0,0,0,0,0,0,1,0,1,10,68,19
3090,A1,1,2,0,5,0,0,0,0,0,0,0,0,0,0,1,1,11,35,12
3090,B0,0,6,2,3,0,0,0,0,0,0,0,0,0,0,1,1,11,71,15
3090,B1,2,3,1,2,0,0,0,0,0,0,0,0,0,0,1,2,59,624,80
3090,B2,4,0,1,2,0,0,0,0,0,0,0,0,0,1,0,2,11,107,25
3090,C1,3,1,2,0,0,0,0,0,0,0,0,0,0,1,0,2,10,68,19
3105,A1,1,5,0,2,0,0,0,0,0,0,0,0,0,1,0,2,11,35,12
3105,B0,0,6,1,5,0,0,0,0,0,0,0,0,0,1,0,1,11,71,15
3105,B1,1,3,3,1,0,0,0,0,0,0,0,0,0,0,1,1,59,624,80
3105,B2,4,0,2,2,0,0,0,0,0,0,0,0,0,0,1,1,11,107,25
3105,C1,2,1,2,0,0,0,0,0,0,0,0,0,0,1,0,2,10,68,19
3120,A1,1,3,0,3,0,0,0,0,0,0,0,0,0,1,0,2,11,35,12
3120,B0,0,5,1,4,0,0,0,0,0,0,0,0,0,1,0,1,11,71,15
3120,B1,2,1,3,1,0,0,0,0,0,0,0,0,0,1,0,1,59,624,80
3120,B2,2,0,3,5,0,0,0,0,0,0,0,0,0,0,1,1,11,107,25
3120,C1,1,2,3,0,0,0,0,0,0,0,0,0,0,1,0,1,10,68,19
3135,A1,2,2,0,3,0,0,0,0,0,0,0,0,0,1,0,2,11,35,12
3135,B0,0,5,1,3,0,0,0,0,0,0,0,0,0,1,0,1,12,74,16
3135,B1,1,2,3,1,0,0,0,0,0,0,0,0,0,1,0,1,60,630,81
3135,B2,5,0,2,4,0,0,0,0,0,0,0,0,0,0,1,1,11,107,25
3135,C1,2,3,1,0,0,0,0,0,0,0,0,0,0,0,1,2,10,68,19
3150,A1,2,2,0,3,0,0,0,0,0,0,0,0,0,0,1,2,11,35,12
3150,B0,0,4,3,1,0,0,0,0,0,0,0,0,0,0,1,1,12,74,16
3150,B1,2,4,2,2,0,0,0,0,0,0,0,0,0,0,1,2,60,630,81
3150,B2,4,0,4,4,0,0,0,0,0,0,0,0,0,1,0,1,11,107,25
3150,C1,2,2,1,0,0,0,0,0,0,0,0,0,0,1,0,2,10,68,19
3165,A1,3,2,0,3,0,0,0,0,0,0,0,0,0,0,1,2,11,35,12
3165,B0,0,2,3,2,0,0,0,0,0,0,0,0,0,0,1,1,12,74,16
3165,B1,1,2,2,1,0,0,0,0,0,0,0,0,0,0,1,1,61,634,82
3165,B2,6,0,3,3,0,0,0,0,0,0,0,0,0,0,1,1,11,107,25
3165,C1,2,3,4,0,0,0,0,0,0,0,0,0,0,1,0,2,10,68,19
3180,A1,1,3,0,1,0,0,0,0,0,0,0,0,0,1,0,2,11,35,12
3180,B0,0,3,6,4,0,0,0,0,0,0,0,0,0,0,1,1,12,74,16
3180,B1,1,2,2,2,0,0,0,0,0,0,0,0,0,1,0,1,61,634,82
3180,B2,6,0,2,3,0,0,0,0,0,0,0,0,0,0,1,1,11,107,25
3180,C1,2,1,6,0,0,0,0,0,0,0,0,0,0,1,0,1,10,68,19
3195,A1,2,2,0,2,0,0,0,0,0,0,0,0,0,1,0,2,11,35,12
3195,B0,0,3,6,1,0,0,0,0,0,0,0,0,0,0,1,1,12,74,16
3195,B1,2,1,2,1,0,0,0,0,1,0,0,0,0,0,1,1,63,658,84
3195,B2,5,0,1,2,0,0,0,0,0,0,0,0,0,1,0,2,11,107,25
3195,C1,3,1,6,0,0,0,0,0,0,0,0,1,0,1,0,1,10,68,19
3210,A1,2,3,0,1,0,0,0,0,0,0,0,0,0,0,1,2,11,35,12
3210,B0,0,3,3,4,0,0,0,0,0,0,0,0,0,0,1,1,12,74,16
3210,B1,3,3,1,2,0,0,0,0,0,0,0,0,0,1,0,2,63,664,86
3210,B2,3,0,1,3,0,0,0,0,0,0,0,0,0,0,1,1,11,107,25
3210,C1,2,1,2,0,0,0,0,0,0,0,0,0,0,0,1,2,10,68,19
3225,A1,5,3,0,2,0,0,0,0,0,0,0,0,0,1,0,2,11,35,12
3225,B0,0,4,2,2,0,0,0,0,0,0,0,0,0,1,0,1,12,74,16
3225,B1,3,1,2,2,0,0,0,0,0,0,0,0,0,1,0,1,63,664,86
3225,B2,4,0,1,1,0,0,0,0,0,0,0,0,0,0,1,2,11,107,25
3225,C1,4,2,2,0,0,0,0,0,0,0,0,0,0,1,0,2,10,68,19
3240,A1,1,1,0,3,0,0,0,0,0,0,0,0,0,0,1,1,11,35,12
3240,B0,0,6,3,1,0,0,0,0,0,0,0,0,0,0,1,1,12,74,16
3240,B1,4,2,3,2,0,0,0,0,0,0,0,0,0,1,0,2,63,664,86
3240,B2,5,0,2,2,0,0,0,0,0,0,0,0,0,0,1,2,11,107,25
3240,C1,1,2,3,0,0,0,0,0,0,0,0,0,0,1,0,1,10,68,19
3255,A1,2,1,0,4,0,0,0,0,0,0,0,0,0,1,0,1,11,35,12
3255,B0,0,6,3,1,0,0,0,0,0,0,0,0,0,0,1,1,12,74,16
3255,B1,3,1,1,1,0,0,0,0,0,0,0,0,0,0,1,2,64,665,88
3255,B2,4,0,3,5,0,0,0,0,0,0,0,0,0,1,0,1,11,107,25
3255,C1,3,3,4,0,0,0,0,0,0,0,0,0,0,1,0,2,10,68,19
3270,A1,1,4,0,3,0,0,0,0,0,0,0,0,0,0,1,2,11,35,12
3270,B0,0,6,2,1,0,0,0,0,0,0,0,0,0,0,1,2,12,74,16
3270,B1,2,1,2,2,0,0,0,0,0,0,0,0,0,1,0,1,64,665,88
3270,B2,5,0,4,4,0,0,0,0,0,0,0,0,0,0,1,1,11,107,25
3270,C1,1,3,3,0,0,0,0,0,0,0,0,0,0,0,1,2,10,68,19
3285,A1,1,2,0,4,0,0,0,0,0,0,0,0,0,1,0,1,11,35,12
3285,B0,0,7,5,2,0,0,0,0,0,0,0,0,0,0,1,1,12,74,16
3285,B1,2,2,1,1,0,0,0,0,0,0,0,0,0,1,0,2,64,665,88
3285,B2,5,0,1,5,0,0,0,0,0,0,0,0,0,0,1,1,11,107,25
3285,C1,1,2,3,0,0,0,0,0,0,0,0,0,0,0,1,1,10,68,19
3300,A1,1,3,0,2,0,0,0,0,0,0,0,0,0,1,0,2,11,35,12
3300,B0,0,6,2,1,0,0,0,0,0,0,0,0,0,1,0,2,12,74,16
3300,B1,1,2,2,1,0,0,0,0,0,0,0,0,0,0,1,1,64,665,88
3300,B2,6,0,2,3,0,0,0,0,0,0,0,0,0,1,0,1,11,107,25
3300,C1,1,1,3,0,0,0,0,0,0,0,0,0,0,1,0,1,10,68,19
3315,A1,1,3,0,2,0,0,0,0,0,0,0,0,0,1,0,2,11,35,12
3315,B0,0,6,1,1,0,0,0,0,0,0,0,0,0,0,1,2,12,74,16
3315,B1,1,2,1,1,0,0,0,0,0,0,0,0,0,1,0,2,64,665,88
3315,B2,5,0,2,4,0,0,0,0,0,0,0,0,0,0,1,1,11,107,25
3315,C1,1,1,2,0,0,0,0,0,0,0,0,0,0,1,0,1,10,68,19
3330,A1,1,3,0,4,0,0,0,0,0,0,0,0,0,0,1,1,11,35,12
3330,B0,0,4,3,3,0,0,0,0,0,0,1,0,0,0,1,1,12,74,16
3330,B1,4,1,1,1,0,4,0,0,0,0,0,0,0,1,0,2,65,667,88
3330,B2,6,0,1,4,0,0,0,0,0,0,0,0,0,0,1,1,11,107,25
3330,C1,2,2,4,0,0,0,0,0,0,0,0,0,0,0,1,1,10,68,19
3345,A1,1,4,0,3,0,0,0,0,0,0,0,0,0,0,1,2,11,35,12
3345,B0,0,7,4,1,0,0,0,0,0,0,0,0,0,0,1,1,12,74,16
3345,B1,4,1,2,3,0,0,0,0,0,0,0,0,0,0,1,1,65,676,92
3345,B2,4,0,3,4,0,0,0,0,0,0,0,0,0,1,0,1,11,107,25
3345,C1,1,1,4,0,0,0,0,0,0,0,0,0,0,1,0,1,10,68,19
3360,A1,1,2,0,3,0,0,0,0,0,0,0,0,0,1,0,1,11,35,12
3360,B0,0,8,2,5,0,0,0,0,0,0,0,0,0,0,1,1,12,74,16
3360,B1,1,1,1,2,0,0,0,0,0,0,0,0,0,1,0,1,66,689,96
3360,B2,4,0,3,2,0,0,0,0,0,0,0,0,0,1,0,1,13,112,27
3360,C1,3,3,4,0,0,0,0,0,0,0,0,0,0,1,0,2,10,68,19
3375,A1,2,2,0,2,0,0,0,0,0,0,0,0,0,1,0,2,11,35,12
3375,B0,0,8,2,3,0,0,0,0,0,0,0,0,0,1,0,1,12,74,16
3375,B1,4,2,1,2,0,0,0,0,0,0,0,0,0,0,1,2,67,690,98
3375,B2,4,0,1,5,0,0,0,0,0,0,0,0,0,0,1,1,13,112,27
3375,C1,2,2,4,0,0,0,0,0,0,0,0,0,0,1,0,1,10,68,19
3390,A1,1,1,0,2,0,0,0,0,0,0,0,0,0,1,0,1,11,35,12
3390,B0,0,7,2,2,0,0,0,0,0,0,0,0,0,1,0,1,12,74,16
3390,B1,3,1,2,4,0,0,0,0,0,0,0,0,0,0,1,1,67,690,98
3390,B2,5,0,1,1,0,0,0,0,0,0,0,0,0,0,1,2,13,112,27
3390,C1,4,1,3,0,0,0,0,0,0,0,0,0,0,0,1,2,10,68,19
3405,A1,3,3,0,1,0,0,0,0,0,0,0,0,0,1,0,2,11,35,12
3405,B0,0,8,4,6,0,0,0,0,0,0,0,0,0,0,1,1,12,74,16
3405,B1,3,1,1,2,0,0,0,0,0,0,0,0,0,1,0,2,67,690,98
3405,B2,4,0,4,2,0,0,0,0,0,0,0,0,0,0,1,1,13,112,27
3405,C1,1,2,4,0,0,0,0,0,0,0,0,0,0,0,1,1,10,68,19
3420,A1,1,2,0,2,0,0,0,0,0,0,0,0,0,1,0,2,11,35,12
3420,B0,0,8,2,2,0,0,0,0,0,0,0,0,0,1,0,2,12,74,16
3420,B1,2,1,1,2,0,0,0,0,0,0,0,0,0,0,1,1,68,692,99
3420,B2,3,0,1,3,0,0,0,0,0,0,0,0,0,0,1,1,13,112,27
3420,C1,1,1,2,0,0,0,0,0,0,0,0,0,0,1,0,1,10,68,19
3435,A1,1,3,0,2,0,0,0,0,0,0,0,0,0,0,1,2,11,35,12
3435,B0,0,7,5,1,0,0,0,0,0,0,0,0,0,0,1,1,12,74,16
3435,B1,2,1,2,2,0,0,1,0,0,0,0,0,0,0,1,2,71,719,101
3435,B2,4,0,3,6,0,0,0,0,0,1,0,0,0,1,0,1,13,112,27
3435,C1,4,1,1,0,0,0,0,0,0,0,0,0,0,1,0,2,10,68,19
3450,A1,2,3,0,4,0,0,0,0,0,0,0,0,0,1,0,2,11,35,12
3450,B0,0,6,2,2,0,0,0,0,0,0,0,0,0,1,0,1,12,74,16
3450,B1,2,2,3,1,0,0,0,0,0,0,0,0,0,0,1,1,71,732,102
3450,B2,4,0,1,6,0,0,0,0,0,0,0,0,0,0,1,1,13,112,27
3450,C1,1,1,1,0,0,0,0,0,0,0,0,0,0,1,0,2,10,68,19
3465,A1,3,4,0,2,0,0,0,0,0,0,0,0,0,1,0,2,11,35,12
3465,B0,0,8,1,1,0,0,0,0,0,0,0,0,0,1,0,2,12,74,16
3465,B1,2,1,1,3,0,0,0,0,0,0,0,0,0,1,0,1,71,732,102
3465,B2,5,0,1,3,0,0,0,0,0,0,0,0,0,0,1,1,13,112,27
3465,C1,1,3,3,0,0,0,0,0,0,0,0,0,0,0,1,2,10,68,19
3480,A1,1,8,0,4,0,0,0,0,0,0,0,0,0,1,0,2,11,35,12
3480,B0,0,6,3,3,0,0,0,0,0,0,0,0,0,0,1,1,12,74,16
3480,B1,3,2,1,2,0,0,0,0,0,0,0,0,0,0,1,2,72,746,105
3480,B2,5,0,1,5,0,0,0,0,0,0,0,0,0,1,0,1,13,112,27
3480,C1,1,1,4,0,0,0,0,0,0,0,0,0,0,0,1,1,10,68,19
3495,A1,1,7,0,4,0,0,0,0,0,0,0,0,0,1,0,2,11,35,12
3495,B0,0,5,2,2,0,0,0,0,0,0,0,0,0,1,0,1,13,77,22
3495,B1,2,2,2,1,0,0,0,0,0,0,0,0,0,0,1,2,73,749,107
3495,B2,9,0,1,3,0,0,0,0,0,0,0,0,0,1,0,2,13,112,27
3495,C1,2,2,3,0,0,0,0,0,0,0,0,0,0,1,0,2,10,68,19
3510,A1,1,5,0,6,0,0,0,0,0,0,0,0,0,1,0,2,11,35,12
3510,B0,0,7,1,1,0,0,0,0,0,0,0,0,0,0,1,2,13,77,22
3510,B1,2,2,2,1,0,0,0,0,0,0,0,0,0,1,0,2,73,749,107
3510,B2,7,0,1,5,0,0,0,0,0,0,0,0,0,0,1,1,13,112,27
3510,C1,2,2,3,0,0,0,0,0,0,0,0,0,0,0,1,2,10,68,19
3525,A1,1,5,0,5,0,0,0,0,0,0,0,0,0,1,0,2,11,35,12
3525,B0,0,3,2,4,0,0,0,0,0,0,0,0,0,0,1,1,13,77,22
3525,B1,1,2,1,2,0,0,0,0,0,0,0,0,0,0,1,1,73,749,107
3525,B2,9,0,1,4,0,0,0,0,0,0,0,0,0,0,1,1,13,112,27
3525,C1,2,2,2,0,0,0,0,0,0,0,0,0,0,0,1,2,10,68,19
3540,A1,2,4,0,4,0,0,0,0,0,0,0,0,0,0,1,2,11,35,12
3540,B0,0,3,1,2,0,0,0,0,0,0,0,0,0,1,0,1,13,77,22
3540,B1,1,2,3,1,0,0,0,0,0,0,0,0,0,1,0,1,73,749,107
3540,B2,9,0,1,6,0,0,0,0,0,0,0,0,0,0,1,1,13,112,27
3540,C1,3,3,4,0,0,0,0,0,0,0,0,0,0,1,0,2,10,68,19
3555,A1,2,5,0,6,0,0,0,0,0,0,0,0,0,0,1,2,12,43,14
3555,B0,0,3,1,2,0,0,0,0,0,0,0,0,0,1,0,1,13,77,22
3555,B1,1,1,1,2,0,0,0,0,0,0,0,0,0,0,1,1,74,766,108
3555,B2,9,0,2,5,0,0,0,0,0,0,0,0,0,0,1,1,13,112,27
3555,C1,4,2,3,0,0,0,0,0,0,0,0,0,0,0,1,2,10,68,19
3570,A1,1,3,0,5,0,0,0,0,0,0,0,0,0,1,0,1,12,43,14
3570,B0,0,2,2,3,0,0,0,0,0,0,0,0,0,0,1,1,13,77,22
3570,B1,1,3,1,2,0,0,0,0,0,0,0,0,0,0,1,2,74,766,108
3570,B2,7,0,3,4,0,0,0,0,0,0,0,0,0,1,0,1,13,112,27
3570,C1,3,4,6,0,0,0,0,0,0,0,0,0,0,1,0,2,10,68,19
3585,A1,1,4,0,4,0,0,0,0,0,0,0,0,0,1,0,2,12,43,14
3585,B0,0,4,1,4,0,0,0,0,0,0,0,0,0,1,0,1,13,77,22
3585,B1,1,2,2,2,0,0,0,0,0,0,0,0,0,1,0,1,74,766,108
3585,B2,8,0,1,5,0,0,0,0,0,0,0,0,0,0,1,1,14,120,29
3585,C1,2,1,6,0,0,0,0,0,0,0,0,0,0,0,1,1,10,68,19
3600,A1,2,2,0,2,0,0,0,0,0,0,0,0,0,0,1,2,12,43,14
3600,B0,0,4,2,1,0,0,0,0,0,0,0,0,0,1,0,2,13,77,22
3600,B1,2,2,1,3,0,0,0,0,0,0,0,0,0,1,0,1,75,768,109
3600,B2,7,0,1,4,0,0,0,0,0,0,0,0,0,1,0,1,14,120,29
3600,C1,5,3,7,0,0,0,0,0,0,0,0,0,0,1,0,2,10,68,19
3615,A1,3,2,0,4,0,0,0,0,0,0,0,0,0,1,0,2,12,43,14
3615,B0,0,3,4,1,0,0,0,0,0,0,0,0,0,0,1,1,13,77,22
3615,B1,2,2,1,1,0,0,0,0,0,0,0,0,0,1,0,2,75,768,109
3615,B2,6,0,2,2,0,0,0,0,0,0,0,0,0,1,0,2,14,120,29
3615,C1,4,1,7,0,0,0,0,0,0,0,0,0,0,0,1,1,10,68,19
3630,A1,1,1,0,2,0,0,0,0,0,0,0,0,0,0,1,1,12,43,14
3630,B0,0,6,1,2,0,0,0,0,0,0,0,0,0,0,1,2,13,77,22
3630,B1,3,2,1,3,0,0,0,0,0,0,0,0,0,0,1,2,75,768,109
3630,B2,5,0,2,1,0,0,0,0,0,0,0,0,0,0,1,2,15,128,31
3630,C1,3,1,6,0,0,0,0,0,0,0,0,0,0,1,0,1,10,68,19
3645,A1,1,4,0,6,0,0,0,0,0,0,0,0,0,1,0,2,12,43,14
3645,B0,0,5,3,1,0,0,0,0,0,0,0,0,0,0,1,1,13,77,22
3645,B1,3,2,2,1,0,0,0,0,0,0,0,0,0,1,0,2,75,768,109
3645,B2,4,0,2,1,0,0,0,0,0,0,0,0,0,0,1,2,16,143,32
3645,C1,5,3,6,0,0,0,0,0,0,0,0,0,0,1,0,2,10,68,19
3660,A1,1,4,0,3,0,0,0,0,0,0,0,0,0,0,1,2,12,43,14
3660,B0,0,5,3,2,0,0,0,0,0,0,0,0,0,1,0,1,13,77,22
3660,B1,3,2,1,2,0,0,0,0,0,0,0,0,0,1,0,2,75,768,109
3660,B2,2,0,2,2,0,0,0,0,0,0,0,0,0,0,1,1,16,143,32
3660,C1,3,1,5,0,0,0,0,0,0,0,0,0,0,0,1,1,10,68,19
3675,A1,1,3,0,5,0,0,0,0,0,0,0,0,0,0,1,1,12,43,14
3675,B0,0,5,2,1,0,0,0,0,0,0,0,0,0,1,0,2,13,77,22
3675,B1,2,1,1,1,0,0,0,0,0,0,0,0,0,0,1,2,75,768,109
3675,B2,2,0,1,1,0,0,0,0,0,0,0,0,0,0,1,1,16,143,32
3675,C1,7,3,5,0,0,0,0,0,0,0,0,0,0,1,0,2,10,68,19
3690,A1,1,5,0,4,0,0,0,0,0,0,0,0,0,1,0,2,12,43,14
3690,B0,0,5,2,2,0,0,0,0,0,0,0,0,0,0,1,1,13,77,22
3690,B1,2,1,1,1,0,0,0,0,0,0,0,0,0,0,1,2,75,768,109
3690,B2,3,0,2,1,0,0,0,0,0,0,0,0,0,0,1,1,16,143,32
3690,C1,5,2,5,0,0,0,0,0,0,0,0,0,0,1,0,2,10,68,19
3705,A1,1,5,0,6,0,0,0,0,0,0,0,0,0,1,0,2,12,43,14
3705,B0,0,5,4,1,0,0,0,0,0,0,0,0,0,0,1,1,13,77,22
3705,B1,1,4,1,3,0,0,0,0,0,0,0,0,0,1,0,2,75,768,109
3705,B2,3,0,1,2,0,0,0,0,0,0,0,0,0,0,1,1,16,143,32
3705,C1,4,4,4,0,0,0,0,0,0,0,0,0,0,0,1,2,10,68,19
3720,A1,1,2,0,6,0,0,0,0,0,0,0,0,0,0,1,1,12,43,14
3720,B0,0,7,3,1,0,0,0,0,0,0,0,0,0,0,1,1,13,77,22
3720,B1,2,1,2,1,0,0,0,0,0,0,0,0,0,0,1,1,75,768,109
3720,B2,3,0,1,1,0,0,0,0,0,0,0,0,0,0,1,2,16,143,32
3720,C1,2,4,4,0,0,0,2,0,0,0,0,0,0,0,1,2,12,80,21
3735,A1,4,4,0,6,0,0,0,0,0,0,0,0,0,1,0,2,12,43,14
3735,B0,0,6,3,1,0,0,0,0,0,0,0,0,0,0,1,1,13,77,22
3735,B1,1,1,4,2,0,0,0,0,0,0,0,0,0,0,1,1,75,768,109
3735,B2,2,0,2,2,0,0,0,0,0,0,0,0,0,0,1,1,16,143,32
3735,C1,4,2,2,0,0,0,0,0,0,0,0,0,0,1,0,2,12,85,23
3750,A1,4,4,0,9,0,0,0,0,0,0,0,0,0,1,0,2,12,43,14
3750,B0,0,8,4,1,0,0,0,0,0,0,0,0,0,1,0,1,13,77,22
3750,B1,1,1,1,1,0,0,0,0,0,0,0,0,0,0,1,1,75,768,109
3750,B2,3,0,1,4,0,0,0,0,0,0,0,0,0,0,1,1,16,143,32
3750,C1,3,1,3,0,0,0,0,0,0,0,0,0,0,0,1,2,12,85,23
3765,A1,3,2,0,8,0,0,0,0,0,0,0,0,0,0,1,2,12,43,14
3765,B0,0,8,7,1,0,0,0,0,0,0,0,0,0,0,1,1,13,77,22
3765,B1,3,1,1,3,0,0,0,0,0,0,0,0,0,0,1,1,75,768,109
3765,B2,3,0,2,5,0,0,0,0,0,0,0,0,0,0,1,1,16,143,32
3765,C1,1,1,3,0,0,0,0,0,0,0,0,0,0,1,0,1,12,85,23
3780,A1,1,4,0,7,0,0,0,0,0,0,0,0,0,0,1,2,13,48,16
3780,B0,0,10,4,1,0,0,0,0,0,0,0,0,0,0,1,1,13,77,22
3780,B1,1,1,1,2,0,0,0,0,0,0,0,0,0,1,0,1,75,768,109
3780,B2,4,0,2,3,0,0,0,0,0,0,0,0,0,1,0,1,16,143,32
3780,C1,3,3,2,0,0,0,0,0,0,0,0,0,0,1,0,2,12,85,23
3795,A1,1,4,0,5,0,0,0,0,0,0,0,0,0,1,0,2,13,48,16
3795,B0,0,11,6,1,0,0,0,0,0,0,0,0,0,0,1,1,13,77,22
3795,B1,1,2,2,1,0,0,0,0,0,0,0,0,0,1,0,1,75,768,109
3795,B2,5,0,5,4,0,0,0,0,0,0,0,0,0,1,0,1,16,143,32
3795,C1,2,1,2,0,0,0,0,0,0,0,0,0,0,1,0,2,12,85,23
3810,A1,1,2,0,3,0,0,0,0,0,0,0,0,0,0,1,1,13,48,16
3810,B0,0,11,6,2,0,0,0,0,0,0,0,0,0,0,1,1,13,77,22
3810,B1,2,2,1,1,0,0,1,0,0,0,0,0,0,1,0,2,78,776,111
3810,B2,5,0,2,3,0,0,0,0,0,1,0,0,0,0,1,1,16,143,32
3810,C1,1,1,2,0,0,0,0,0,0,0,0,0,0,0,1,1,12,85,23
3825,A1,1,8,0,2,0,0,0,0,0,0,0,0,0,1,0,2,13,48,16
3825,B0,0,12,2,1,0,0,0,0,0,0,0,0,0,0,1,2,13,77,22
3825,B1,2,1,2,1,0,0,0,0,0,0,0,0,0,1,0,1,78,776,112
3825,B2,4,0,3,3,0,0,0,0,0,0,0,0,0,1,0,1,16,143,32
3825,C1,4,1,1,0,0,0,0,0,0,0,0,0,0,1,0,2,12,85,23
3840,A1,1,5,0,3,0,0,0,0,0,0,0,0,1,1,0,2,13,48,16
3840,B0,0,11,5,2,0,0,0,0,0,0,0,0,0,0,1,1,13,77,22
3840,B1,3,2,2,1,0,0,0,1,0,0,0,0,0,1,0,1,80,794,113
3840,B2,3,0,2,3,0,0,0,1,0,0,0,0,0,1,0,1,19,162,37
3840,C1,2,1,2,0,0,0,0,0,0,0,0,0,0,0,1,2,12,85,23
3855,A1,1,3,0,2,0,0,0,0,0,0,0,0,0,0,1,2,13,48,16
3855,B0,0,13,4,2,0,0,0,0,0,0,0,0,0,0,1,1,13,77,22
3855,B1,3,4,2,1,0,0,0,0,0,0,0,0,0,1,0,2,81,810,115
3855,B2,2,0,2,1,0,0,0,0,0,0,0,0,0,0,1,1,19,163,38
3855,C1,1,2,1,0,0,0,0,0,0,0,0,0,0,1,0,2,12,85,23
3870,A1,1,5,0,2,0,0,0,0,0,0,0,0,0,1,0,2,13,48,16
3870,B0,0,12,4,1,0,0,0,0,0,0,0,0,0,0,1,1,13,77,22
3870,B1,1,4,3,1,0,0,0,0,0,0,0,0,0,1,0,2,81,810,115
3870,B2,2,0,3,1,0,0,0,0,0,0,0,0,0,0,1,1,19,163,38
3870,C1,1,1,1,0,0,0,0,0,0,0,0,0,0,1,0,2,12,85,23
3885,A1,1,2,0,3,0,0,0,0,0,0,0,0,0,0,1,1,13,48,16
3885,B0,0,12,4,4,0,0,0,0,0,0,0,0,0,0,1,1,13,77,22
3885,B1,2,4,2,1,0,0,0,0,0,0,0,0,0,1,0,2,81,810,115
3885,B2,4,0,1,2,0,0,0,0,0,0,0,0,0,1,0,2,19,163,38
3885,C1,2,1,3,0,0,0,0,0,0,0,0,0,0,1,0,1,12,85,23
3900,A1,2,3,0,2,0,0,0,0,0,0,0,0,0,1,0,2,13,48,16
3900,B0,0,13,2,3,0,0,0,0,0,0,0,0,0,1,0,1,13,77,22
3900,B1,2,2,2,2,0,0,0,0,0,0,0,0,0,0,1,1,81,810,115
3900,B2,3,0,1,1,0,0,0,0,0,0,0,0,0,0,1,2,19,163,38
3900,C1,3,1,3,0,0,0,0,0,0,0,0,0,0,1,0,2,12,85,23
3915,A1,1,1,0,3,0,0,0,0,0,0,0,0,0,1,0,1,13,48,16
3915,B0,0,11,1,1,0,0,0,0,0,0,0,0,0,0,1,2,13,77,22
3915,B1,7,2,1,2,0,0,0,0,0,0,0,0,0,1,0,2,81,810,115
3915,B2,4,0,3,2,0,0,0,0,0,0,0,0,0,0,1,1,19,163,38
3915,C1,4,1,5,0,0,0,0,0,0,0,0,0,0,0,1,2,12,85,23
3930,A1,1,2,0,1,0,0,0,0,0,0,0,0,0,1,0,2,13,48,16
3930,B0,0,9,4,2,0,0,0,0,0,0,0,0,0,0,1,1,13,77,22
3930,B1,3,1,1,2,0,0,0,0,0,0,0,0,0,1,0,2,81,810,115
3930,B2,2,0,2,1,0,0,0,0,0,0,0,0,0,1,0,1,19,163,38
3930,C1,4,1,6,0,0,0,0,0,0,0,0,0,0,1,0,2,12,85,23
3945,A1,1,1,0,1,0,0,0,0,0,0,0,0,0,1,0,2,13,48,16
3945,B0,0,13,2,2,0,0,0,0,0,0,0,0,0,0,1,2,13,77,22
3945,B1,2,2,2,1,0,0,0,0,0,0,0,0,0,0,1,2,81,810,115
3945,B2,3,0,2,3,0,0,0,0,0,0,0,0,0,1,0,1,19,163,38
3945,C1,5,3,3,0,0,0,0,0,0,0,0,0,0,0,1,2,12,85,23
3960,A1,1,2,0,3,0,0,0,0,0,0,0,0,0,0,1,1,13,48,16
3960,B0,0,12,3,3,0,0,0,2,0,0,0,0,0,0,1,1,14,86,22
3960,B1,1,1,1,2,0,0,1,0,0,0,0,0,0,0,1,2,83,827,117
3960,B2,3,0,3,1,0,0,0,0,0,1,0,0,0,0,1,1,19,163,38
3960,C1,8,3,6,0,0,0,0,0,0,0,0,0,0,1,0,2,12,85,23
3975,A1,4,1,0,2,0,0,0,0,0,0,0,0,0,1,0,2,13,48,16
3975,B0,0,12,5,2,0,0,0,0,0,0,0,0,0,0,1,1,14,92,24
3975,B1,1,1,1,1,0,0,1,0,0,0,0,0,0,1,0,2,83,857,117
3975,B2,4,0,2,1,0,0,0,0,0,1,0,0,0,0,1,1,19,163,38
3975,C1,5,1,7,0,0,0,0,0,0,0,0,0,0,1,0,2,12,85,23
3990,A1,3,3,0,1,0,0,0,0,0,0,0,0,0,0,1,2,13,48,16
3990,B0,0,11,4,1,0,0,0,0,0,0,0,0,0,1,0,1,14,92,24
3990,B1,2,2,2,1,0,0,0,0,0,0,0,0,0,0,1,2,83,858,118
3990,B2,2,0,2,2,0,0,0,0,0,0,0,0,0,0,1,1,19,163,38
3990,C1,3,1,7,0,0,0,0,0,0,0,0,0,0,1,0,1,12,85,23
4005,A1,1,4,0,1,0,0,0,0,0,0,0,0,0,1,0,2,13,48,16
4005,B0,0,12,2,2,0,0,0,0,0,0,0,0,0,0,1,2,14,92,24
4005,B1,1,1,1,2,0,0,0,0,0,0,0,0,0,0,1,1,85,874,120
4005,B2,3,0,1,2,0,0,0,0,0,0,0,0,0,0,1,1,19,163,38
4005,C1,3,3,6,0,0,0,0,0,0,0,0,0,0,1,0,2,12,85,23
4020,A1,1,4,0,2,0,0,0,0,0,0,0,0,0,1,0,2,13,48,16
4020,B0,0,12,1,3,0,0,0,0,0,0,0,0,0,0,1,2,14,92,24
4020,B1,4,1,1,5,0,0,0,0,0,0,0,0,0,0,1,1,85,874,120
4020,B2,1,0,3,5,0,0,0,0,0,0,0,0,0,1,0,1,19,163,38
4020,C1,2,4,6,0,0,0,0,0,0,0,0,0,0,0,1,2,12,85,23
4035,A1,2,2,0,4,0,0,0,0,0,0,0,0,0,1,0,1,13,48,16
4035,B0,0,12,2,3,0,0,0,0,0,0,0,0,0,1,0,1,14,92,24
4035,B1,3,1,1,2,0,0,0,0,0,0,0,0,0,0,1,2,85,874,120
4035,B2,2,0,2,5,0,0,0,0,0,0,0,0,0,0,1,1,20,171,40
4035,C1,2,2,8,0,0,0,0,0,0,0,0,0,0,0,1,1,12,85,23
4050,A1,1,3,0,4,0,0,0,0,0,0,0,0,0,1,0,1,13,48,16
4050,B0,0,11,1,2,0,0,0,0,0,0,0,0,0,1,0,2,14,92,24
4050,B1,2,2,1,2,0,0,0,0,0,0,0,0,0,0,1,2,86,877,121
4050,B2,4,0,4,4,0,0,0,0,0,0,0,0,0,0,1,1,20,171,40
4050,C1,2,3,4,0,0,0,0,0,0,0,0,0,0,0,1,2,12,85,23
4065,A1,1,3,0,2,0,0,0,0,0,0,0,0,0,0,1,2,13,48,16
4065,B0,0,8,2,3,0,0,0,0,0,0,0,0,0,0,1,1,14,92,24
4065,B1,2,1,1,1,0,0,0,0,1,0,0,0,0,0,1,1,87,880,121
4065,B2,5,0,1,2,0,0,0,0,0,0,0,0,0,0,1,2,20,171,40
4065,C1,3,4,4,0,0,0,0,0,0,0,0,1,0,0,1,2,12,85,23
4080,A1,3,6,0,2,0,0,0,0,0,0,0,0,0,1,0,2,14,55,18
4080,B0,0,8,3,2,0,0,0,0,0,0,0,0,0,1,0,1,14,92,24
4080,B1,1,3,2,1,0,0,0,0,0,0,0,0,0,1,0,2,87,892,122
4080,B2,4,0,2,4,0,0,0,0,0,0,0,0,0,0,1,1,20,171,40
4080,C1,5,1,4,0,0,0,0,0,0,0,0,0,0,1,0,2,12,85,23
4095,A1,1,5,0,2,0,0,0,0,0,0,0,0,0,1,0,2,14,55,18
4095,B0,0,7,3,4,0,0,0,0,0,0,0,0,0,0,1,1,14,92,24
4095,B1,1,3,1,1,0,0,0,0,0,0,0,0,0,0,1,2,87,892,122
4095,B2,4,0,2,3,0,0,0,0,0,0,0,0,0,1,0,1,20,171,40
4095,C1,6,1,4,0,0,0,0,0,0,0,0,0,0,0,1,2,12,85,23
4110,A1,2,3,0,2,0,0,0,0,0,0,0,0,0,1,0,2,14,55,18
4110,B0,0,8,4,2,0,0,0,0,0,0,0,0,0,0,1,1,14,92,24
4110,B1,1,2,1,2,0,0,0,0,0,0,0,0,0,1,0,1,88,917,123
4110,B2,4,0,4,2,0,0,0,0,0,0,0,0,0,0,1,1,21,175,41
4110,C1,4,1,6,0,0,0,0,0,0,0,0,0,0,0,1,2,12,85,23
4125,A1,6,3,0,3,0,0,0,0,0,0,0,0,0,1,0,2,14,55,18
4125,B0,0,12,2,1,0,0,0,0,0,0,0,0,0,0,1,2,14,92,24
4125,B1,1,1,2,1,0,0,0,0,0,0,0,0,0,0,1,1,88,917,123
4125,B2,4,0,2,2,0,0,0,0,0,0,0,0,0,0,1,1,21,175,41
4125,C1,6,2,4,0,0,0,0,0,0,0,0,0,0,1,0,2,12,85,23
4140,A1,4,5,0,3,0,0,0,0,0,0,0,0,0,0,1,2,14,55,18
4140,B0,0,10,2,3,0,0,0,0,0,0,0,0,0,0,1,1,14,92,24
4140,B1,1,1,1,1,0,0,0,0,0,0,0,0,0,1,0,1,88,917,123
4140,B2,4,0,2,4,0,0,0,0,0,0,0,0,0,1,0,1,21,175,41
4140,C1,5,2,4,0,0,0,0,0,0,0,0,0,0,1,0,2,12,85,23
4155,A1,2,6,0,4,0,0,0,0,0,0,0,0,0,1,0,2,14,55,18
4155,B0,0,8,1,3,0,0,0,0,0,0,1,0,0,1,0,1,14,92,24
4155,B1,2,3,2,1,0,1,0,0,0,0,0,0,0,1,0,2,89,921,123
4155,B2,5,0,3,4,0,0,0,0,0,0,0,0,0,0,1,1,21,175,41
4155,C1,4,1,5,0,0,0,0,0,0,0,0,0,0,1,0,2,12,85,23
4170,A1,2,5,0,5,0,0,0,0,0,0,0,0,0,1,0,2,14,55,18
4170,B0,0,9,1,2,0,0,0,0,0,0,0,0,0,1,0,2,14,92,24
4170,B1,1,2,2,1,0,0,0,0,0,0,0,0,0,0,1,1,90,938,125
4170,B2,6,0,1,4,0,0,0,0,0,0,0,0,0,0,1,1,21,175,41
4170,C1,4,1,7,0,0,0,0,0,0,0,0,0,0,1,0,1,12,85,23
4185,A1,5,4,0,7,0,0,0,0,0,0,0,0,0,1,0,2,14,55,18
4185,B0,0,7,2,2,0,0,0,0,0,0,0,0,0,0,1,2,14,92,24
4185,B1,1,2,3,1,0,0,0,0,0,0,0,0,0,0,1,1,90,938,125
4185,B2,5,0,1,7,0,0,0,0,4,0,0,0,0,0,1,1,22,176,41
4185,C1,4,1,5,0,0,0,0,0,0,0,0,0,0,0,1,2,12,85,23
4200,A1,1,2,0,8,0,0,0,0,0,0,0,0,0,0,1,1,14,55,18
4200,B0,0,5,4,2,0,0,0,0,0,0,0,0,0,1,0,1,14,92,24
4200,B1,1,2,1,1,0,0,0,0,0,0,0,0,0,1,0,2,90,938,125
4200,B2,5,0,3,7,0,0,0,0,0,0,0,0,0,0,1,1,22,176,45
4200,C1,3,2,5,0,0,0,0,0,0,0,0,0,0,0,1,2,12,85,23
4215,A1,1,4,0,5,0,0,0,0,0,0,0,0,0,1,0,2,14,55,18
4215,B0,0,8,4,3,0,0,0,0,0,0,0,0,0,0,1,1,14,92,24
4215,B1,1,2,1,1,0,0,0,0,0,0,0,0,0,1,0,2,90,938,125
4215,B2,5,0,4,8,0,0,0,0,0,0,0,0,0,0,1,1,22,176,45
4215,C1,4,1,5,0,0,0,0,0,0,0,0,0,0,1,0,2,12,85,23
4230,A1,2,2,0,6,0,0,0,0,0,0,0,0,0,0,1,1,14,55,18
4230,B0,0,9,2,1,0,0,0,0,0,0,0,0,0,1,0,2,14,92,24
4230,B1,2,2,1,1,0,0,0,0,0,0,0,0,0,0,1,2,90,938,125
4230,B2,5,0,3,10,0,0,0,0,0,0,0,0,0,0,1,1,22,176,45
4230,C1,5,1,5,0,0,0,0,0,0,0,0,0,0,0,1,2,12,85,23
4245,A1,2,1,0,4,0,0,0,0,0,0,0,0,0,1,0,1,14,55,18
4245,B0,0,8,3,1,0,0,0,0,0,0,0,0,0,0,1,1,14,92,24
4245,B1,2,1,3,1,0,0,0,0,0,0,0,0,0,0,1,1,90,938,125
4245,B2,5,0,1,7,0,0,0,0,0,0,0,0,0,0,1,1,22,176,45
4245,C1,3,2,4,0,0,0,0,0,0,0,0,0,0,1,0,2,13,89,24
4260,A1,3,1,0,3,0,0,0,0,0,0,0,0,0,1,0,2,14,55,18
4260,B0,0,7,2,2,0,0,0,0,0,0,0,0,0,1,0,1,14,92,24
4260,B1,1,1,3,1,0,0,0,0,0,0,0,0,0,1,0,1,90,938,125
4260,B2,5,0,3,2,0,0,0,0,0,0,0,0,0,0,1,1,22,176,45
4260,C1,3,1,4,0,0,0,0,0,0,0,0,0,0,0,1,1,13,89,24
4275,A1,3,1,0,1,0,0,0,0,0,0,0,0,0,0,1,2,14,55,18
4275,B0,0,8,3,2,0,0,0,0,0,0,0,0,0,1,0,1,14,92,24
4275,B1,2,6,1,1,0,0,0,0,0,0,0,0,0,0,1,2,90,938,125
4275,B2,4,0,4,3,0,0,0,0,0,0,0,0,0,0,1,1,22,176,45
4275,C1,4,2,3,0,0,0,0,0,0,0,0,0,0,1,0,2,13,89,24
4290,A1,2,1,0,2,0,0,0,0,0,0,0,0,0,1,0,2,14,55,18
4290,B0,0,8,4,3,0,0,0,0,0,0,0,0,0,0,1,1,14,92,24
4290,B1,3,2,1,1,0,0,0,0,0,0,0,0,0,1,0,2,90,938,125
4290,B2,7,0,1,2,0,0,0,0,0,0,0,0,0,0,1,2,22,176,45
4290,C1,3,1,2,0,0,0,0,0,0,0,0,0,0,0,1,2,13,89,24
4305,A1,2,1,0,2,0,0,0,0,0,0,0,0,0,1,0,2,14,55,18
4305,B0,0,8,2,2,0,0,0,0,0,0,0,0,0,1,0,2,14,92,24
4305,B1,1,1,1,2,0,0,0,0,0,0,0,0,0,0,1,1,90,938,125
4305,B2,5,0,2,5,0,0,0,0,0,0,0,0,0,0,1,1,22,176,45
4305,C1,5,1,5,0,0,0,0,0,0,0,0,0,0,1,0,2,13,89,24
4320,A1,1,1,0,2,0,0,0,0,0,0,0,0,0,0,1,1,14,55,18
4320,B0,0,7,3,2,0,0,0,0,0,0,0,0,0,0,1,1,14,92,24
4320,B1,2,1,1,1,0,0,0,0,0,0,0,0,0,0,1,2,91,946,127
4320,B2,5,0,2,3,0,0,0,0,0,0,0,0,0,1,0,1,22,176,45
4320,C1,4,1,6,0,0,0,0,0,0,0,0,0,0,1,0,2,14,95,25
4335,A1,2,2,0,1,0,0,0,0,0,0,0,0,0,1,0,2,14,55,18
4335,B0,0,7,2,2,0,0,0,0,0,0,0,0,0,1,0,1,14,92,24
4335,B1,1,1,1,1,0,0,0,0,0,0,0,0,0,1,0,1,92,962,128
4335,B2,3,0,1,2,0,0,0,0,0,0,0,0,0,0,1,1,22,176,45
4335,C1,5,1,6,0,0,0,0,0,0,0,0,0,0,1,0,2,14,95,25
4350,A1,1,3,0,2,0,0,0,0,0,0,0,0,0,1,0,2,14,55,18
4350,B0,0,5,2,1,0,0,0,0,0,0,0,0,0,1,0,2,14,92,24
4350,B1,1,1,1,1,0,0,0,0,0,0,0,0,0,1,0,1,92,962,128
4350,B2,5,0,3,2,0,0,0,0,0,0,0,0,0,1,0,1,22,176,45
4350,C1,3,5,8,0,0,0,0,0,0,0,0,0,0,1,0,2,14,95,25
4365,A1,2,3,0,1,0,0,0,0,0,0,0,0,0,0,1,2,14,55,18
4365,B0,0,5,2,2,0,0,0,0,0,0,1,0,0,0,1,1,14,92,24
4365,B1,2,1,1,1,0,1,0,0,0,0,0,0,0,1,0,2,93,983,128
4365,B2,3,0,4,1,0,0,0,0,0,0,0,0,0,1,0,1,22,176,45
4365,C1,4,3,5,0,0,0,0,0,0,0,0,0,0,0,1,2,14,95,25
4380,A1,1,3,0,2,0,0,0,0,0,0,0,0,0,1,0,2,14,55,18
4380,B0,0,2,3,1,0,0,0,0,0,0,0,0,0,1,0,1,14,92,24
4380,B1,1,1,1,1,0,0,0,0,0,0,0,0,0,0,1,1,94,986,130
4380,B2,4,0,1,2,0,0,0,0,0,0,0,0,0,0,1,2,22,176,45
4380,C1,4,1,6,0,0,0,0,0,0,0,0,0,0,1,0,2,14,95,25
4395,A1,1,2,0,2,0,0,0,0,0,0,0,0,0,1,0,2,14,55,18
4395,B0,0,2,1,2,0,0,0,0,0,0,0,0,0,0,1,1,14,92,24
4395,B1,1,2,1,3,0,0,0,0,0,0,0,0,0,1,0,1,94,986,130
4395,B2,2,0,3,4,0,0,0,1,0,0,0,0,0,0,1,1,23,180,45
4395,C1,3,3,4,0,0,0,0,0,0,0,0,0,0,1,0,2,14,95,25
4410,A1,2,3,0,4,0,0,0,0,0,0,0,0,0,1,0,2,14,55,18
4410,B0,0,1,1,3,0,0,0,0,0,0,0,0,0,1,0,1,14,92,24
4410,B1,1,3,1,3,0,0,0,0,0,0,0,0,0,1,0,1,94,986,130
4410,B2,2,0,1,3,0,0,0,0,0,0,0,0,0,0,1,1,23,182,46
4410,C1,2,1,4,0,0,0,0,0,0,0,0,0,0,0,1,1,14,95,25
4425,A1,1,4,0,3,0,0,0,0,0,0,0,0,0,0,1,2,14,55,18
4425,B0,0,2,1,4,0,0,0,0,0,0,0,0,0,0,1,1,14,92,24
4425,B1,2,3,1,1,0,0,0,0,0,0,0,0,0,0,1,2,94,986,130
4425,B2,3,0,1,4,0,0,0,0,0,0,0,0,0,0,1,1,23,182,46
4425,C1,6,1,3,0,0,0,0,0,0,0,0,0,0,1,0,2,14,95,25
4440,A1,1,4,0,6,0,0,0,0,0,0,0,0,0,1,0,2,14,55,18
4440,B0,0,3,2,1,0,0,0,0,0,0,0,0,0,0,1,1,14,92,24
4440,B1,3,2,1,2,0,0,0,0,0,0,0,0,0,0,1,2,94,986,130
4440,B2,5,0,1,5,0,0,0,0,0,0,0,0,0,0,1,1,23,182,46
4440,C1,4,2,4,0,0,0,0,0,0,0,0,0,0,1,0,2,14,95,25
4455,A1,3,4,0,6,0,0,0,0,0,0,0,0,0,0,1,2,14,55,18
4455,B0,0,3,3,4,0,0,0,0,0,0,0,0,0,0,1,1,14,92,24
4455,B1,2,1,1,2,0,0,0,0,0,0,0,0,0,1,0,1,94,986,130
4455,B2,8,0,3,6,0,0,0,0,0,0,0,0,0,0,1,1,23,182,46
4455,C1,2,2,5,0,0,0,0,0,0,0,0,0,0,1,0,1,14,95,25
4470,A1,2,4,0,8,0,0,0,0,0,0,0,0,0,1,0,2,14,55,18
4470,B0,0,3,2,3,0,0,0,0,0,0,0,0,0,0,1,1,14,92,24
4470,B1,3,1,3,1,0,0,0,0,0,0,0,0,0,0,1,1,94,986,130
4470,B2,7,0,3,3,0,0,0,0,0,0,0,0,0,0,1,1,23,182,46
4470,C1,3,4,4,0,0,0,2,0,0,0,0,0,0,1,0,2,15,99,25
4485,A1,1,3,0,6,0,0,0,0,0,0,0,0,0,0,1,1,14,55,18
4485,B0,0,2,2,2,0,0,0,0,0,0,0,0,0,0,1,1,14,92,24
4485,B1,1,1,4,2,0,0,0,0,0,0,0,0,0,0,1,1,94,986,130
4485,B2,8,0,2,4,0,0,0,0,0,0,0,0,0,0,1,1,23,182,46
4485,C1,2,1,4,0,0,0,0,0,0,0,0,0,0,0,1,1,15,104,27
4500,A1,4,2,0,3,0,0,0,0,0,0,0,0,0,1,0,2,14,55,18
4500,B0,0,3,1,1,0,0,0,0,0,0,0,0,0,0,1,2,14,92,24
4500,B1,4,2,1,2,0,0,0,0,0,0,0,0,0,1,0,2,95,988,131
4500,B2,10,0,1,6,0,0,0,0,0,0,0,0,0,0,1,1,23,182,46
4500,C1,1,1,3,0,0,0,0,0,0,0,0,0,0,1,0,1,15,104,27
4515,A1,3,3,0,4,0,0,0,0,0,0,0,0,0,1,0,2,14,55,18
4515,B0,0,1,2,2,0,0,0,0,0,0,0,0,0,0,1,1,14,92,24
4515,B1,4,1,1,3,0,0,0,0,0,0,0,0,0,1,0,2,95,988,131
4515,B2,13,0,1,2,0,0,0,0,0,0,0,0,0,0,1,2,23,182,46
4515,C1,2,2,1,0,0,0,0,0,0,0,0,0,0,1,0,2,15,104,27
4530,A1,3,2,0,3,0,0,0,0,0,0,0,0,0,1,0,2,14,55,18
4530,B0,0,3,4,1,0,0,0,0,0,0,0,0,0,0,1,1,14,92,24
4530,B1,3,2,2,2,0,0,0,0,0,0,0,0,0,0,1,2,95,988,131
4530,B2,10,0,1,5,0,0,0,0,0,0,0,0,0,0,1,1,23,182,46
4530,C1,1,2,2,0,0,0,0,0,0,0,0,0,0,0,1,2,16,106,28
4545,A1,2,3,0,3,0,0,0,0,0,0,0,0,0,0,1,2,14,55,18
4545,B0,0,5,4,2,0,0,0,0,0,0,0,0,0,0,1,1,14,92,24
4545,B1,4,1,2,3,0,0,0,0,0,0,0,0,0,1,0,1,95,988,131
4545,B2,10,0,2,3,0,0,0,0,0,0,0,0,0,0,1,2,23,182,46
4545,C1,1,1,2,0,0,0,0,0,0,0,0,0,0,0,1,1,17,123,30
4560,A1,1,4,0,3,0,0,0,0,0,0,0,0,0,1,0,2,14,55,18
4560,B0,0,7,1,3,0,0,0,0,0,0,0,0,0,0,1,2,14,92,24
4560,B1,5,2,2,1,0,0,0,0,0,0,0,0,0,1,0,2,95,988,131
4560,B2,9,0,2,6,0,0,0,0,0,0,0,0,0,0,1,1,23,182,46
4560,C1,4,1,2,0,0,0,0,0,0,0,0,0,0,1,0,2,17,123,30
4575,A1,1,2,0,4,0,0,0,0,0,0,0,0,0,1,0,1,14,55,18
4575,B0,0,7,1,4,0,0,0,0,0,0,0,0,0,1,0,1,14,92,24
4575,B1,4,1,3,2,0,0,0,0,0,0,0,0,0,1,0,1,95,988,131
4575,B2,9,0,4,3,0,0,0,0,0,0,0,0,0,1,0,1,23,182,46
4575,C1,2,3,2,0,0,0,0,0,0,0,0,0,0,1,0,2,17,123,30
4590,A1,1,5,0,2,0,0,0,0,0,0,0,0,0,1,0,2,14,55,18
4590,B0,0,4,2,3,0,0,0,0,0,0,0,0,0,1,0,1,14,92,24
4590,B1,4,2,3,2,0,0,0,0,0,0,0,0,0,1,0,2,95,988,131
4590,B2,6,0,1,3,0,0,0,0,0,0,0,0,0,0,1,2,23,182,46
4590,C1,1,2,1,0,0,0,0,0,0,0,0,0,0,0,1,2,17,123,30
4605,A1,1,3,0,4,0,0,0,0,0,0,0,0,0,1,0,1,14,55,18
4605,B0,0,5,1,2,0,0,0,0,0,0,0,0,0,1,0,2,14,92,24
4605,B1,3,2,2,1,0,0,0,0,0,0,0,0,0,1,0,2,95,988,131
4605,B2,5,0,3,3,0,0,0,0,0,0,0,0,0,1,0,1,23,182,46
4605,C1,5,1,1,0,0,0,0,0,0,0,0,0,0,0,1,2,17,123,30
4620,A1,1,4,0,4,0,0,0,0,0,0,0,0,0,1,0,2,14,55,18
4620,B0,0,4,1,2,0,0,0,0,0,0,0,0,0,0,1,2,14,92,24
4620,B1,3,1,3,1,0,0,0,0,0,0,0,0,0,0,1,1,95,988,131
4620,B2,5,0,1,7,0,0,0,0,0,0,0,0,0,0,1,1,23,182,46
4620,C1,4,3,2,0,0,0,0,0,0,0,0,0,0,1,0,2,17,123,30
4635,A1,1,3,0,3,0,0,0,0,0,0,0,0,0,0,1,2,14,55,18
4635,B0,0,7,1,1,0,0,0,0,0,0,0,0,0,0,1,2,15,96,25
4635,B1,1,1,3,2,0,0,0,0,0,0,0,0,0,1,0,1,96,993,132
4635,B2,5,0,1,3,0,0,0,0,0,0,0,0,0,0,1,1,23,182,46
4635,C1,4,2,3,0,0,0,0,0,0,0,0,0,0,1,0,2,17,123,30
4650,A1,2,5,0,4,0,0,0,0,0,0,0,0,0,1,0,2,14,55,18
4650,B0,0,5,2,3,0,0,0,0,0,0,0,0,0,0,1,1,15,96,25
4650,B1,2,1,1,2,0,0,0,0,1,0,0,0,0,1,0,1,98,1003,133
4650,B2,4,0,2,3,0,0,0,0,0,0,0,0,0,1,0,1,23,182,46
4650,C1,3,2,2,0,0,0,0,0,0,0,0,1,0,0,1,2,17,123,30
4665,A1,1,3,0,5,0,0,0,0,0,0,0,0,0,1,0,1,14,55,18
4665,B0,0,3,3,2,0,0,0,0,0,0,0,0,0,1,0,1,15,96,25
4665,B1,1,1,1,2,0,0,0,0,0,0,0,0,0,0,1,1,98,1006,134
4665,B2,6,0,2,3,0,0,0,0,0,0,0,0,0,0,1,1,23,182,46
4665,C1,3,1,3,0,0,0,0,0,0,0,0,0,0,1,0,2,17,123,30
4680,A1,1,4,0,7,0,0,0,0,0,0,0,0,0,1,0,2,14,55,18
4680,B0,0,4,3,2,0,0,0,0,0,0,0,0,0,1,0,1,15,96,25
4680,B1,2,1,1,1,0,0,0,0,0,0,0,0,0,0,1,2,98,1006,134
4680,B2,4,0,1,5,0,0,0,0,0,0,0,0,0,0,1,1,23,182,46
4680,C1,3,1,4,0,0,0,0,0,0,0,0,0,0,0,1,1,17,123,30
4695,A1,2,3,0,6,0,0,0,0,0,0,0,0,0,0,1,2,14,55,18
4695,B0,0,3,2,2,0,0,0,0,0,0,0,0,0,0,1,1,15,96,25
4695,B1,2,5,2,2,0,0,0,0,0,0,0,0,0,1,0,2,98,1006,134
4695,B2,4,0,1,3,0,0,0,0,0,0,0,0,0,0,1,1,23,182,46
4695,C1,3,1,3,0,0,0,0,0,0,0,0,0,0,1,0,2,17,123,30
4710,A1,2,2,0,7,0,0,0,0,0,0,0,0,0,1,0,1,14,55,18
4710,B0,0,3,1,1,0,0,0,0,0,0,0,0,0,0,1,2,15,96,25
4710,B1,1,2,1,1,0,0,0,0,0,0,0,0,0,1,0,2,99,1015,136
4710,B2,4,0,2,3,0,0,0,0,0,0,0,0,0,1,0,1,23,182,46
4710,C1,4,1,1,0,0,0,0,0,0,0,0,0,0,1,0,2,17,123,30
4725,A1,2,2,0,3,0,0,0,0,0,0,0,0,0,0,1,2,14,55,18
4725,B0,0,2,1,3,0,0,0,0,0,0,0,0,0,0,1,1,15,96,25
4725,B1,3,2,2,2,0,0,0,0,0,0,0,0,0,0,1,2,99,1015,136
4725,B2,5,0,1,3,0,0,0,0,0,0,0,0,0,0,1,1,23,182,46
4725,C1,2,2,3,0,0,0,0,0,0,0,0,0,0,1,0,2,17,123,30
4740,A1,2,5,0,3,0,0,0,0,0,0,0,0,0,0,1,2,14,55,18
4740,B0,0,3,3,2,0,0,0,0,0,0,0,0,0,0,1,1,15,96,25
4740,B1,1,2,1,2,0,0,0,0,0,0,0,0,0,0,1,1,100,1025,138
4740,B2,4,0,4,2,0,0,0,0,0,0,0,0,0,1,0,1,23,182,46
4740,C1,5,2,3,0,0,0,0,0,0,0,0,0,0,0,1,2,17,123,30
4755,A1,1,4,0,4,0,0,0,0,0,0,0,0,0,1,0,2,14,55,18
4755,B0,0,3,4,2,0,0,0,0,0,0,0,0,0,0,1,1,15,96,25
4755,B1,1,2,1,2,0,0,0,0,0,0,0,0,0,1,0,1,100,1025,138
4755,B2,5,0,4,3,0,0,0,0,0,0,0,0,0,0,1,1,23,182,46
4755,C1,2,1,3,0,0,0,0,0,0,0,0,0,0,0,1,1,17,123,30
4770,A1,3,2,0,5,0,0,0,0,0,0,0,0,0,1,0,2,14,55,18
4770,B0,0,6,7,2,0,0,0,0,0,0,0,0,0,0,1,1,15,96,25
4770,B1,1,2,1,1,0,0,0,0,0,0,0,0,0,1,0,2,100,1025,138
4770,B2,3,0,2,4,0,0,0,0,0,0,0,0,0,1,0,1,23,182,46
4770,C1,1,1,3,0,0,0,0,0,0,0,0,0,0,1,0,1,17,123,30
4785,A1,3,2,0,7,0,0,0,0,0,0,0,0,0,1,0,2,14,55,18
4785,B0,0,8,3,2,0,0,0,0,0,0,0,0,0,0,1,1,15,96,25
4785,B1,1,2,2,1,0,0,0,0,0,0,0,0,0,0,1,1,100,1025,138
4785,B2,3,0,1,2,0,0,0,0,0,0,0,0,0,0,1,1,23,182,46
4785,C1,3,4,1,0,0,0,0,0,0,0,0,0,0,1,0,2,17,123,30
4800,A1,2,3,0,6,0,0,0,0,0,0,0,0,0,1,0,2,14,55,18
4800,B0,0,8,3,2,0,0,0,0,0,0,0,0,0,1,0,1,15,96,25
4800,B1,1,2,2,2,0,0,0,0,0,0,0,0,0,1,0,1,100,1025,138
4800,B2,3,0,1,2,0,0,0,0,0,0,0,0,0,0,1,1,23,182,46
4800,C1,1,2,2,0,0,0,0,0,0,0,0,0,0,1,0,2,17,123,30
4815,A1,1,2,0,6,0,0,0,0,0,0,0,0,0,1,0,1,14,55,18
4815,B0,0,9,4,3,0,0,0,0,0,0,0,0,0,0,1,1,15,96,25
4815,B1,3,2,2,2,0,0,0,0,0,0,0,0,0,1,0,2,101,1028,139
4815,B2,2,0,3,3,0,0,0,0,0,0,0,0,0,1,0,1,23,182,46
4815,C1,1,2,2,0,0,1,0,0,0,0,0,0,0,1,0,2,18,129,30
4830,A1,1,4,0,3,0,0,0,0,0,0,0,0,0,0,1,2,14,55,18
4830,B0,0,10,4,2,0,0,0,0,0,0,0,0,0,0,1,1,15,96,25
4830,B1,3,2,3,1,0,0,0,0,0,0,0,0,0,0,1,2,101,1028,139
4830,B2,3,0,2,1,0,0,0,0,0,0,0,0,0,0,1,1,23,182,46
4830,C1,1,2,2,0,0,0,0,0,0,0,0,0,0,0,1,2,18,130,31
4845,A1,3,2,0,5,0,0,0,0,0,0,0,0,0,1,0,2,14,55,18
4845,B0,0,12,2,3,0,0,0,0,0,0,0,0,0,0,1,1,15,96,25
4845,B1,3,1,3,1,0,0,0,0,0,0,0,0,0,0,1,1,102,1030,140
4845,B2,2,0,1,3,0,0,0,0,1,0,0,0,0,0,1,1,24,184,46
4845,C1,1,1,2,0,0,0,0,0,0,0,0,0,0,0,1,1,19,141,32
4860,A1,2,3,0,3,0,0,0,0,0,0,0,0,0,0,1,2,14,55,18
4860,B0,0,11,4,1,0,0,0,0,0,0,0,0,0,1,0,1,15,96,25
4860,B1,1,2,2,1,0,0,0,0,0,0,0,0,0,1,0,1,103,1033,141
4860,B2,2,0,1,1,0,0,0,0,0,0,0,0,0,0,1,1,24,186,47
4860,C1,1,1,2,0,0,0,0,0,0,0,0,0,0,0,1,1,19,141,32
4875,A1,2,2,0,5,0,0,0,0,0,0,0,0,0,1,0,1,14,55,18
4875,B0,0,9,2,1,0,0,0,0,0,0,0,0,0,1,0,2,15,96,25
4875,B1,3,1,2,1,0,0,0,0,0,0,0,0,0,1,0,2,103,1033,141
4875,B2,3,0,1,3,0,0,0,0,1,0,0,0,0,0,1,1,25,188,47
4875,C1,2,2,2,0,0,0,0,0,0,0,0,0,0,1,0,2,19,141,32
4890,A1,1,5,0,4,0,0,0,0,0,0,0,0,0,1,0,2,14,55,18
4890,B0,0,6,2,1,0,0,0,0,0,0,0,0,0,0,1,2,15,96,25
4890,B1,2,4,1,2,0,0,4,0,0,0,0,0,0,1,0,2,104,1035,141
4890,B2,3,0,1,1,0,0,0,0,0,1,0,0,0,1,0,1,25,188,48
4890,C1,1,1,1,0,0,0,0,0,0,0,0,0,0,0,1,2,19,141,32
4905,A1,2,2,0,5,0,0,0,0,0,0,0,0,0,0,1,1,14,55,18
4905,B0,0,6,5,4,0,0,0,0,0,0,0,0,0,0,1,1,15,96,25
4905,B1,1,1,1,1,0,0,0,0,0,0,0,0,0,0,1,1,104,1052,145
4905,B2,5,0,4,2,0,0,0,0,0,0,0,0,0,0,1,1,26,192,49
4905,C1,1,1,4,0,0,0,0,0,0,0,0,0,0,1,0,1,19,141,32
4920,A1,6,4,0,6,0,0,0,0,0,0,0,0,0,1,0,2,14,55,18
4920,B0,0,7,4,1,0,0,0,0,0,0,0,0,0,1,0,1,15,96,25
4920,B1,1,2,1,1,0,0,0,0,0,0,0,0,0,1,0,2,104,1052,145
4920,B2,6,0,4,2,0,0,0,0,0,0,0,0,0,1,0,1,26,192,49
4920,C1,2,2,2,0,0,0,0,0,0,0,0,0,0,1,0,2,19,141,32
4935,A1,2,3,0,4,0,0,0,0,0,0,0,0,0,0,1,2,14,55,18
4935,B0,0,5,4,2,0,0,0,0,0,0,0,0,0,0,1,1,15,96,25
4935,B1,2,1,2,1,0,0,0,0,0,0,0,0,0,0,1,1,105,1057,146
4935,B2,6,0,1,4,0,0,0,0,0,0,0,0,0,0,1,1,26,192,49
4935,C1,2,2,3,0,0,0,0,0,0,0,0,0,0,0,1,2,19,141,32
4950,A1,1,2,0,4,0,0,0,0,0,0,0,0,0,0,1,1,14,55,18
4950,B0,0,6,3,1,0,0,0,0,0,0,0,0,0,1,0,1,15,96,25
4950,B1,3,1,3,1,0,0,0,0,0,0,0,0,0,1,0,1,105,1057,146
4950,B2,7,0,1,4,0,0,0,0,0,0,0,0,0,0,1,1,26,192,49
4950,C1,4,1,3,0,0,0,0,0,0,0,0,0,0,1,0,2,19,141,32
4965,A1,4,4,0,2,0,0,0,0,0,0,0,0,0,1,0,2,14,55,18
4965,B0,0,6,2,3,0,0,0,0,0,0,0,0,0,0,1,1,15,96,25
4965,B1,3,1,2,1,0,0,0,0,0,0,0,0,0,1,0,2,109,1085,151
4965,B2,8,0,2,3,0,0,0,0,0,0,0,0,0,1,0,1,26,192,49
4965,C1,6,2,2,0,0,0,0,0,0,0,0,0,0,0,1,2,19,141,32
4980,A1,3,5,0,2,0,0,0,0,0,0,0,0,0,1,0,2,14,55,18
4980,B0,0,5,2,2,0,0,0,0,0,0,0,0,0,0,1,1,15,96,25
4980,B1,1,1,1,2,0,0,0,0,0,0,0,0,0,0,1,1,109,1085,151
4980,B2,7,0,3,3,0,0,0,0,0,0,0,0,0,0,1,1,26,192,49
4980,C1,6,5,3,0,0,0,0,0,0,0,0,0,0,1,0,2,19,141,32
4995,A1,1,7,0,3,0,0,0,0,0,0,0,0,0,1,0,2,14,55,18
4995,B0,0,5,3,4,0,0,0,0,0,0,0,0,0,1,0,1,15,96,25
4995,B1,1,1,2,1,0,0,0,0,0,0,0,0,0,1,0,1,109,1085,151
4995,B2,7,0,2,2,0,0,0,0,0,0,0,0,0,1,0,2,26,192,49
4995,C1,4,2,5,0,0,0,0,0,0,0,0,0,0,1,0,2,19,141,32
5010,A1,2,3,0,4,0,0,0,0,0,0,0,0,0,1,0,2,14,55,18
5010,B0,0,6,2,1,0,0,0,0,0,0,0,0,0,0,1,2,15,96,25
5010,B1,1,1,1,2,0,0,0,0,0,0,0,0,0,0,1,1,109,1085,151
5010,B2,3,0,3,2,0,0,0,0,0,0,0,0,0,0,1,1,26,192,49
5010,C1,6,2,5,0,0,0,0,0,0,0,0,0,0,0,1,2,19,141,32
5025,A1,2,2,0,5,0,0,0,0,0,0,0,0,0,1,0,1,14,55,18
5025,B0,0,4,3,2,0,0,0,0,0,0,0,0,0,0,1,1,15,96,25
5025,B1,2,1,2,2,0,0,0,0,0,0,0,0,0,1,0,1,110,1086,152
5025,B2,6,0,2,2,0,0,0,0,0,0,0,0,0,0,1,2,26,192,49
5025,C1,4,2,5,0,0,0,0,0,0,0,0,0,0,1,0,2,19,141,32
5040,A1,1,3,0,3,0,0,0,0,0,0,0,0,0,1,0,2,14,55,18
5040,B0,0,3,1,1,0,0,0,0,0,0,0,0,0,1,0,2,15,96,25
5040,B1,3,1,1,3,0,0,0,0,0,0,0,0,0,0,1,1,110,1086,152
5040,B2,4,0,2,7,0,0,0,0,0,0,0,0,0,0,1,1,26,192,49
5040,C1,3,2,5,0,0,0,0,0,0,0,0,0,0,1,0,2,19,141,32
5055,A1,2,3,0,4,0,0,0,0,0,0,0,0,0,0,1,2,14,55,18
5055,B0,0,2,2,1,0,0,0,0,0,0,0,0,0,0,1,1,15,96,25
5055,B1,1,2,2,3,0,0,0,0,0,0,0,0,0,1,0,1,110,1086,152
5055,B2,5,0,2,3,0,0,0,0,0,0,0,0,0,0,1,1,26,192,49
5055,C1,5,2,4,0,0,0,0,0,0,0,0,0,0,1,0,2,19,141,32
5070,A1,2,7,0,4,0,0,0,0,0,0,0,0,0,1,0,2,14,55,18
5070,B0,0,2,1,1,0,0,0,0,0,0,0,0,0,1,0,1,15,96,25
5070,B1,1,4,2,2,0,0,0,0,0,0,0,0,0,0,1,2,111,1096,154
5070,B2,6,0,1,5,0,0,0,0,0,0,0,0,0,0,1,1,26,192,49
5070,C1,6,1,4,0,0,0,0,0,0,0,0,0,0,1,0,2,19,141,32
5085,A1,1,5,0,6,0,0,0,0,0,0,0,0,0,1,0,2,14,55,18
5085,B0,0,3,1,1,0,0,0,0,0,0,0,0,0,1,0,2,15,96,25
5085,B1,1,3,1,3,0,0,0,0,0,0,0,0,0,0,1,1,111,1096,154
5085,B2,7,0,1,3,0,0,0,0,0,0,0,0,0,1,0,2,26,192,49
5085,C1,7,1,5,0,0,0,0,0,0,0,0,0,0,1,0,2,19,141,32
5100,A1,1,4,0,6,0,0,0,0,0,0,0,0,0,0,1,2,14,55,18
5100,B0,0,3,3,1,0,0,0,0,0,0,0,0,0,0,1,1,15,96,25
5100,B1,1,3,3,1,0,0,0,0,0,0,0,0,0,1,0,1,111,1096,154
5100,B2,6,0,2,5,0,0,0,0,0,0,0,0,0,0,1,1,26,192,49
5100,C1,6,1,5,0,0,0,0,0,0,0,0,0,0,1,0,2,19,141,32
5115,A1,1,4,0,5,0,0,0,0,0,0,0,0,0,1,0,2,14,55,18
5115,B0,0,7,2,3,0,0,0,0,0,0,1,0,0,1,0,1,15,96,25
5115,B1,3,2,2,1,0,2,0,0,0,0,0,0,0,1,0,2,113,1107,157
5115,B2,6,0,2,4,0,0,0,0,0,0,0,0,0,1,0,1,26,192,49
5115,C1,4,2,6,0,0,0,0,0,0,0,0,0,0,1,0,2,19,141,32
5130,A1,2,3,0,6,0,0,0,0,0,0,0,0,0,1,0,2,14,55,18
5130,B0,0,6,5,3,0,0,0,0,0,0,0,0,0,0,1,1,15,96,25
5130,B1,1,1,2,1,0,0,0,0,0,0,0,0,0,0,1,1,113,1108,159
5130,B2,5,0,5,4,0,0,0,0,0,0,0,0,0,0,1,1,27,200,51
5130,C1,1,1,7,0,0,0,0,0,0,0,0,0,0,1,0,1,19,141,32
5145,A1,1,6,0,5,0,0,0,0,0,0,0,0,0,1,0,2,14,55,18
5145,B0,0,8,2,4,0,0,0,0,0,0,0,0,0,1,0,1,15,96,25
5145,B1,2,2,4,2,0,0,0,0,0,0,0,0,0,0,1,1,113,1108,159
5145,B2,5,0,1,5,0,0,0,0,0,0,0,0,0,0,1,1,27,200,51
5145,C1,2,2,3,0,0,0,0,0,0,0,0,0,0,0,1,2,19,141,32
5160,A1,3,5,0,4,0,0,0,0,0,0,0,0,0,0,1,2,14,55,18
5160,B0,0,3,2,2,0,0,0,0,0,0,0,0,0,1,0,1,15,96,25
5160,B1,3,1,2,2,0,0,0,0,0,0,0,0,0,0,1,1,113,1108,159
5160,B2,6,0,1,4,0,0,0,0,0,0,0,0,0,0,1,1,27,200,51
5160,C1,1,2,4,0,0,0,0,0,0,0,0,0,0,1,0,1,19,141,32
5175,A1,2,7,0,7,0,0,0,0,0,0,0,0,0,1,0,2,14,55,18
5175,B0,0,4,1,1,0,0,0,0,0,0,0,0,0,0,1,2,15,96,25
5175,B1,2,2,3,4,0,0,0,0,0,0,0,0,0,0,1,1,113,1108,159
5175,B2,6,0,1,1,0,0,0,0,0,0,0,0,0,1,0,2,27,200,51
5175,C1,2,2,3,0,0,0,0,0,0,0,0,0,0,1,0,2,19,141,32
5190,A1,1,3,0,7,0,0,0,0,0,0,0,0,0,1,0,1,14,55,18
5190,B0,0,4,2,1,0,0,0,0,0,0,0,0,0,0,1,2,16,105,28
5190,B1,3,3,1,2,0,0,0,0,0,0,0,0,0,0,1,2,113,1108,159
5190,B2,4,0,1,2,0,0,0,0,0,0,0,0,0,0,1,2,27,200,51
5190,C1,3,2,1,0,0,0,0,0,0,0,0,0,0,1,0,2,19,141,32
5205,A1,1,6,0,5,0,0,0,0,0,0,0,0,0,1,0,2,14,55,18
5205,B0,0,3,2,1,0,0,0,0,0,0,0,0,0,0,1,1,16,105,28
5205,B1,1,2,3,2,0,0,0,0,0,0,0,0,0,1,0,1,113,1108,159
5205,B2,2,0,1,2,0,0,0,0,0,0,0,0,0,1,0,1,27,200,51
5205,C1,4,1,4,0,0,0,0,0,0,0,0,0,0,1,0,2,19,141,32
5220,A1,1,3,0,7,0,0,0,0,0,0,0,0,0,0,1,1,14,55,18
5220,B0,0,5,3,2,0,0,0,0,0,0,0,0,0,1,0,1,16,105,28
5220,B1,2,2,2,2,0,0,0,0,0,0,0,0,0,0,1,1,113,1108,159
5220,B2,2,0,2,3,0,0,0,0,0,0,0,0,0,1,0,1,27,200,51
5220,C1,6,1,4,0,0,0,0,0,0,0,0,0,0,0,1,2,19,141,32
5235,A1,3,5,0,5,0,0,0,0,0,0,0,0,0,1,0,2,14,55,18
5235,B0,0,5,5,1,0,0,0,0,0,0,0,0,0,0,1,1,16,105,28
5235,B1,1,1,2,2,0,0,0,0,0,0,0,0,0,1,0,1,114,1116,161
5235,B2,2,0,2,1,0,0,0,0,0,0,0,0,0,0,1,1,27,200,51
5235,C1,6,2,5,0,0,0,0,0,0,0,0,0,0,1,0,2,19,141,32
5250,A1,1,3,0,7,0,0,0,0,0,0,0,0,0,1,0,1,14,55,18
5250,B0,0,5,6,1,0,0,0,0,0,0,0,0,0,0,1,1,16,105,28
5250,B1,1,1,1,1,0,0,0,0,0,0,0,0,0,0,1,1,114,1116,161
5250,B2,3,0,1,3,0,0,0,0,0,0,0,0,0,1,0,1,27,200,51
5250,C1,2,2,5,0,0,0,0,0,0,0,0,0,0,0,1,1,19,141,32
5265,A1,2,4,0,6,0,0,0,0,0,0,0,0,0,1,0,2,14,55,18
5265,B0,0,5,1,2,0,0,0,0,0,0,0,0,0,0,1,2,16,105,28
5265,B1,1,1,3,1,0,0,0,0,0,0,0,0,0,0,1,1,114,1116,161
5265,B2,2,0,2,1,0,0,0,0,0,0,0,0,0,0,1,1,27,200,51
5265,C1,5,1,6,0,0,0,0,0,0,0,0,0,0,1,0,2,19,141,32
5280,A1,2,3,0,5,0,0,0,0,0,0,0,0,0,0,1,2,14,55,18
5280,B0,0,5,1,1,0,0,0,0,0,0,0,0,0,0,1,2,16,105,28
5280,B1,2,1,2,1,0,0,0,0,0,0,0,0,0,1,0,1,114,1116,161
5280,B2,1,0,1,1,0,0,0,0,0,0,0,0,0,1,0,1,27,200,51
5280,C1,5,2,6,0,0,0,0,0,0,0,0,0,0,1,0,2,19,141,32
5295,A1,1,2,0,6,0,0,0,0,0,0,0,0,0,0,1,1,14,55,18
5295,B0,0,5,2,3,0,0,0,0,0,0,0,0,0,1,0,1,16,105,28
5295,B1,3,3,1,3,0,0,0,0,0,0,0,0,0,0,1,2,114,1116,161
5295,B2,1,0,2,3,0,0,0,0,0,0,0,0,0,0,1,1,27,200,51
5295,C1,2,2,7,0,0,0,0,0,0,0,0,0,0,0,1,1,19,141,32
5310,A1,2,3,0,3,0,0,0,0,0,0,0,0,0,1,0,2,14,55,18
5310,B0,0,5,2,2,0,0,0,0,0,0,0,0,0,1,0,1,16,105,28
5310,B1,2,1,1,3,0,0,0,0,0,0,0,0,0,0,1,1,114,1116,161
5310,B2,4,0,1,3,0,0,0,0,0,0,0,0,0,0,1,1,27,200,51
5310,C1,3,2,4,0,0,0,0,0,0,0,0,0,0,1,0,2,19,141,32
5325,A1,2,3,0,4,0,0,0,0,0,0,0,0,0,0,1,2,14,55,18
5325,B0,0,5,2,1,0,0,0,0,0,0,0,0,0,0,1,2,16,105,28
5325,B1,1,2,1,2,0,0,0,0,0,0,0,0,0,1,0,1,114,1116,161
5325,B2,2,0,2,4,0,0,0,0,0,0,0,0,0,1,0,1,27,200,51
5325,C1,4,2,5,0,0,0,0,0,0,0,0,0,0,1,0,2,19,141,32
5340,A1,2,4,0,4,0,1,0,0,0,0,0,0,0,0,1,2,16,65,20
5340,B0,0,6,4,2,0,0,0,0,0,0,0,0,0,0,1,1,16,105,28
5340,B1,2,1,1,1,0,0,0,0,0,0,0,0,0,1,0,2,114,1116,161
5340,B2,2,0,1,5,0,0,0,0,0,0,0,0,0,0,1,1,27,200,51
5340,C1,4,1,3,0,0,0,0,0,0,0,0,0,0,0,1,2,19,141,32
5355,A1,1,3,0,5,0,0,0,0,0,0,0,0,0,1,0,1,16,68,21
5355,B0,0,6,4,2,0,0,0,0,0,0,0,0,0,0,1,1,16,105,28
5355,B1,3,1,2,1,0,0,0,0,0,0,0,0,0,0,1,2,114,1116,161
5355,B2,3,0,1,3,0,0,0,0,0,0,0,0,0,0,1,1,27,200,51
5355,C1,7,1,6,0,0,0,0,0,0,0,0,0,0,1,0,2,19,141,32
5370,A1,1,3,0,3,0,0,0,0,0,0,0,0,0,1,0,2,16,68,21
5370,B0,0,6,2,1,0,0,0,0,0,0,0,0,0,0,1,2,16,105,28
5370,B1,4,2,1,1,0,0,0,0,0,0,0,0,0,1,0,2,114,1116,161
5370,B2,2,0,2,4,0,0,0,0,0,0,0,0,0,1,0,1,27,200,51
5370,C1,7,1,6,0,0,0,0,0,0,0,0,0,0,1,0,2,19,141,32
5385,A1,4,3,0,1,0,0,0,0,0,0,0,0,0,0,1,2,16,68,21
5385,B0,0,4,5,1,0,0,0,0,0,0,0,0,0,0,1,1,16,105,28
5385,B1,2,2,3,2,0,0,0,0,0,0,0,0,0,0,1,1,114,1116,161
5385,B2,4,0,2,2,0,0,0,0,0,0,0,0,0,0,1,1,27,200,51
5385,C1,4,1,7,0,0,0,0,0,0,0,0,0,0,1,0,1,19,141,32
5400,A1,1,3,0,4,0,0,0,0,0,0,0,0,0,1,0,1,16,68,21
5400,B0,0,5,4,1,0,0,0,0,0,0,0,0,0,0,1,1,16,105,28
5400,B1,1,1,2,2,0,0,0,0,0,0,0,0,0,1,0,1,114,1116,161
5400,B2,3,0,2,1,0,0,0,0,0,0,0,0,0,0,1,1,27,200,51
5400,C1,3,3,6,0,0,0,0,0,0,0,0,0,0,1,0,2,19,141,32
5415,A1,2,4,0,5,0,0,0,0,0,0,0,0,0,1,0,2,16,68,21
5415,B0,0,6,3,3,0,0,0,0,0,0,0,0,0,0,1,1,16,105,28
5415,B1,2,4,2,1,0,0,0,0,0,0,0,0,0,1,0,2,114,1116,161
5415,B2,3,0,2,3,0,0,0,0,0,0,0,0,0,0,1,1,27,200,51
5415,C1,5,1,7,0,0,0,0,0,0,0,0,0,0,1,0,2,19,141,32
5430,A1,3,3,0,8,0,0,0,0,0,0,0,0,0,1,0,2,16,68,21
5430,B0,0,6,4,2,0,0,0,0,0,0,0,0,0,0,1,1,16,105,28
5430,B1,1,2,3,3,0,0,0,0,0,0,0,0,0,0,1,1,115,1120,162
5430,B2,2,0,2,3,0,0,0,0,0,0,0,0,0,1,0,1,27,200,51
5430,C1,4,1,5,0,0,0,0,0,0,0,0,0,0,0,1,2,19,141,32
5445,A1,3,3,0,8,0,0,0,0,0,0,0,0,0,0,1,2,16,68,21
5445,B0,0,7,4,1,0,0,0,0,0,0,0,0,0,0,1,1,16,105,28
5445,B1,1,1,1,3,0,0,0,0,0,0,0,0,0,1,0,1,115,1120,162
5445,B2,3,0,1,2,0,0,0,0,0,0,0,0,0,0,1,1,27,200,51
5445,C1,5,3,6,0,0,0,0,0,0,0,0,0,0,1,0,2,19,141,32
5460,A1,2,2,0,6,0,0,0,0,0,0,0,0,0,0,1,1,16,68,21
5460,B0,0,5,4,3,0,0,0,0,0,0,0,0,0,1,0,1,16,105,28
5460,B1,2,1,2,1,0,0,0,0,0,0,0,0,0,0,1,1,115,1120,162
5460,B2,3,0,2,3,0,0,0,0,0,0,0,0,0,0,1,1,27,200,51
5460,C1,5,1,9,0,0,0,0,0,0,0,0,0,0,1,0,2,19,141,32
5475,A1,2,3,0,6,0,0,0,0,0,0,0,0,0,1,0,2,16,68,21
5475,B0,0,6,4,2,0,0,0,0,0,0,0,0,0,0,1,1,16,105,28
5475,B1,2,1,1,1,0,0,0,0,0,0,0,0,0,1,0,2,115,1120,162
5475,B2,6,0,4,2,0,0,0,0,0,0,0,0,0,0,1,1,27,200,51
5475,C1,4,1,8,0,0,0,0,0,0,0,0,0,0,0,1,1,19,141,32
5490,A1,1,3,0,4,0,0,0,0,0,0,0,0,0,0,1,1,16,68,21
5490,B0,0,7,5,3,0,0,0,0,0,0,0,0,0,0,1,1,16,105,28
5490,B1,1,3,1,1,0,0,0,0,0,0,0,0,0,0,1,2,115,1120,162
5490,B2,7,0,1,4,0,0,0,0,0,0,0,0,0,1,0,1,27,200,51
5490,C1,4,1,7,0,0,0,0,0,0,0,0,0,0,1,0,1,19,141,32
5505,A1,2,1,0,6,0,0,0,0,0,0,0,0,0,1,0,1,16,68,21
5505,B0,0,8,3,2,0,0,0,0,0,0,0,0,0,0,1,1,16,105,28
5505,B1,4,2,1,1,0,0,0,0,0,0,0,0,0,1,0,2,115,1120,162
5505,B2,7,0,1,3,0,0,0,0,0,0,0,0,0,0,1,2,27,200,51
5505,C1,3,2,5,0,0,0,0,0,0,0,0,0,0,0,1,2,19,141,32
5520,A1,2,1,0,2,0,0,0,0,0,0,0,0,0,1,0,2,17,69,23
5520,B0,0,6,2,1,0,0,0,0,0,0,0,0,0,1,0,2,16,105,28
5520,B1,1,1,1,2,0,0,0,0,0,0,0,0,0,1,0,1,115,1120,162
5520,B2,7,0,2,4,0,0,0,0,0,0,0,0,0,0,1,1,27,200,51
5520,C1,3,1,6,0,0,0,0,0,0,0,0,0,0,1,0,1,19,141,32
5535,A1,1,1,0,1,0,0,0,0,0,0,0,0,0,0,1,2,17,69,23
5535,B0,0,6,3,2,0,0,0,0,0,0,0,0,0,0,1,1,16,105,28
5535,B1,3,2,1,2,0,0,0,0,0,0,0,0,0,0,1,2,115,1120,162
5535,B2,8,0,3,4,0,0,0,0,0,0,0,0,0,0,1,1,27,200,51
5535,C1,3,1,4,0,0,0,0,0,0,0,0,0,0,0,1,1,19,141,32
5550,A1,1,1,0,2,0,0,0,0,0,0,0,0,0,1,0,1,17,69,23
5550,B0,0,7,5,1,0,0,0,0,0,0,0,0,0,0,1,1,16,105,28
5550,B1,1,1,1,4,0,0,0,0,0,0,0,0,0,0,1,1,116,1121,163
5550,B2,6,0,1,3,0,0,0,0,0,0,0,0,0,1,0,2,27,200,51
5550,C1,6,1,5,0,0,0,0,0,0,0,0,0,0,1,0,2,19,141,32
5565,A1,1,1,0,2,0,0,0,0,0,0,0,0,0,1,0,1,18,73,24
5565,B0,0,8,2,1,0,0,0,0,0,0,0,0,0,0,1,2,16,105,28
5565,B1,1,2,1,1,0,0,0,0,0,0,0,0,0,1,0,2,116,1121,163
5565,B2,6,0,1,3,0,0,0,0,0,0,0,0,0,0,1,2,27,200,51
5565,C1,4,4,6,0,0,0,0,0,0,0,0,0,0,1,0,2,19,141,32
5580,A1,2,3,0,1,0,0,0,0,0,0,0,0,0,1,0,2,18,73,24
5580,B0,0,8,6,1,0,0,0,0,0,0,0,0,0,0,1,1,16,105,28
5580,B1,2,1,1,1,0,0,0,0,0,0,0,0,0,0,1,2,117,1123,164
5580,B2,4,0,2,4,0,0,0,0,0,0,0,0,0,0,1,1,27,200,51
5580,C1,2,3,4,0,0,0,0,0,0,0,0,0,0,0,1,2,19,141,32
5595,A1,3,4,0,3,0,0,0,0,0,0,0,0,0,1,0,2,18,73,24
5595,B0,0,8,3,1,0,0,0,0,0,0,0,0,0,0,1,1,16,105,28
5595,B1,2,1,1,2,0,0,0,0,0,0,0,0,0,0,1,1,118,1125,165
5595,B2,3,0,2,4,0,0,0,0,0,0,0,0,0,1,0,1,27,200,51
5595,C1,4,3,5,0,0,0,0,0,0,0,0,0,0,1,0,2,19,141,32
5610,A1,2,4,0,2,0,0,0,0,0,0,0,0,0,0,1,2,18,73,24
5610,B0,0,8,1,1,0,0,0,0,0,0,0,0,0,1,0,2,16,105,28
5610,B1,3,2,2,1,0,0,0,0,0,0,0,0,0,1,0,2,118,1125,165
5610,B2,3,0,1,4,0,0,0,0,0,0,0,0,0,0,1,1,27,200,51
5610,C1,3,1,4,0,0,0,0,0,0,0,0,0,0,0,1,1,19,141,32
5625,A1,2,2,0,5,0,0,0,0,0,0,0,0,0,0,1,1,18,73,24
5625,B0,0,6,2,1,0,0,0,0,0,0,0,0,0,1,0,2,16,105,28
5625,B1,2,1,3,3,0,0,0,0,0,0,0,0,0,0,1,1,118,1125,165
5625,B2,3,0,2,2,0,0,0,0,0,0,0,0,0,0,1,1,27,200,51
5625,C1,1,3,3,0,0,0,0,0,0,0,0,0,0,1,0,2,19,141,32
5640,A1,4,3,0,3,0,0,0,0,0,0,0,0,0,1,0,2,18,73,24
5640,B0,0,5,3,2,0,0,0,0,0,0,0,0,0,0,1,1,16,105,28
5640,B1,2,1,1,1,0,0,0,0,0,0,0,0,0,1,0,2,118,1125,165
5640,B2,3,0,1,3,0,0,0,0,0,0,0,0,0,0,1,1,27,200,51
5640,C1,3,2,2,0,0,0,0,0,0,0,0,0,0,1,0,2,19,141,32
5655,A1,2,5,0,3,0,0,0,0,0,0,0,0,0,0,1,2,18,73,24
5655,B0,0,7,3,1,0,0,0,0,0,0,0,0,0,0,1,1,16,105,28
5655,B1,2,1,1,1,0,0,0,0,0,0,0,0,0,0,1,2,118,1125,165
5655,B2,3,0,1,3,0,0,0,0,0,0,0,0,0,0,1,1,27,200,51
5655,C1,2,3,5,0,0,0,0,0,0,0,0,0,0,1,0,2,19,141,32
5670,A1,2,6,0,6,0,0,0,0,0,0,0,0,0,1,0,2,18,73,24
5670,B0,0,5,2,2,0,0,0,0,0,0,0,0,0,1,0,1,16,105,28
5670,B1,4,1,2,1,0,0,0,0,0,0,0,0,0,1,0,2,118,1125,165
5670,B2,4,0,1,2,0,0,0,0,0,0,0,0,0,0,1,2,27,200,51
5670,C1,5,3,2,0,0,0,0,0,0,0,0,0,0,1,0,2,19,141,32
5685,A1,2,4,0,6,0,0,0,0,0,0,0,0,0,1,0,2,18,73,24
5685,B0,0,6,1,2,0,0,0,0,0,0,0,0,0,0,1,2,16,105,28
5685,B1,3,2,2,1,0,0,0,0,0,0,0,0,0,0,1,2,118,1125,165
5685,B2,4,0,2,4,0,0,0,0,0,0,0,0,0,0,1,1,27,200,51
5685,C1,3,1,2,0,0,0,0,0,0,0,0,0,0,1,0,2,19,141,32
5700,A1,2,2,0,7,0,0,0,0,0,0,0,0,0,1,0,1,18,73,24
5700,B0,0,6,2,5,0,0,0,0,2,0,0,0,0,0,1,1,17,109,28
5700,B1,1,1,2,1,0,0,0,0,0,0,0,0,0,0,1,1,118,1125,165
5700,B2,4,0,3,5,0,0,0,0,0,0,0,0,0,0,1,1,27,200,51
5700,C1,3,1,3,0,0,0,0,0,0,0,0,0,0,1,0,2,19,141,32
5715,A1,2,3,0,5,0,0,0,0,0,0,0,0,0,1,0,2,18,73,24
5715,B0,0,5,3,2,0,0,0,0,0,0,0,0,0,1,0,1,17,112,30
5715,B1,1,1,1,2,0,0,0,0,0,0,0,0,0,1,0,1,118,1125,165
5715,B2,6,0,2,5,0,0,0,0,0,0,0,0,0,0,1,1,27,200,51
5715,C1,2,3,4,0,0,0,0,0,0,0,0,0,0,0,1,2,19,141,32
5730,A1,2,3,0,4,0,0,0,0,0,0,0,0,0,0,1,2,18,73,24
5730,B0,0,6,6,1,0,0,0,0,0,0,0,0,0,0,1,1,17,112,30
5730,B1,2,1,1,2,0,0,0,0,0,0,0,0,0,1,0,1,119,1134,167
5730,B2,7,0,3,5,0,0,0,0,0,0,0,0,0,0,1,1,27,200,51
5730,C1,2,1,2,0,0,0,0,0,0,0,0,0,0,0,1,2,19,141,32
5745,A1,3,4,0,3,0,0,0,0,0,0,0,0,0,1,0,2,18,73,24
5745,B0,0,6,4,1,0,0,0,0,0,0,0,0,0,0,1,1,17,112,30
5745,B1,1,1,1,2,0,0,0,0,0,0,0,0,0,0,1,1,119,1134,167
5745,B2,6,0,1,2,0,0,0,0,0,0,0,0,0,1,0,2,27,200,51
5745,C1,2,3,3,0,0,0,0,0,0,0,0,0,0,1,0,2,19,141,32
5760,A1,2,5,0,5,0,0,0,0,0,0,0,0,0,1,0,2,18,73,24
5760,B0,0,8,3,1,0,0,0,0,0,0,0,0,0,0,1,1,17,112,30
5760,B1,3,3,2,3,0,0,0,0,0,0,0,0,0,1,0,2,119,1134,167
5760,B2,5,0,1,2,0,0,0,0,0,0,0,0,0,0,1,2,27,200,51
5760,C1,1,1,4,0,0,0,0,0,0,0,0,0,0,1,0,1,19,141,32
5775,A1,3,5,0,6,0,0,0,0,0,0,0,0,0,1,0,2,18,73,24
5775,B0,0,7,3,3,0,0,0,0,0,0,0,0,0,1,0,1,17,112,30
5775,B1,1,2,1,2,0,0,0,0,0,0,0,0,0,0,1,1,121,1139,169
5775,B2,4,0,2,3,0,0,0,0,0,0,0,0,0,0,1,1,27,200,51
5775,C1,4,1,2,0,0,0,0,0,0,0,0,0,0,1,0,2,19,141,32
5790,A1,1,7,0,6,0,0,0,0,0,0,0,0,0,1,0,2,18,73,24
5790,B0,0,8,3,1,0,0,0,0,0,0,0,0,0,0,1,1,17,112,30
5790,B1,1,2,3,2,0,0,0,0,0,0,0,0,0,0,1,1,121,1139,169
5790,B2,3,0,3,3,0,0,0,0,0,0,0,0,0,1,0,1,27,200,51
5790,C1,4,1,2,0,0,0,0,0,0,0,0,0,0,0,1,2,19,141,32
5805,A1,2,7,0,5,0,0,0,0,0,0,0,0,0,1,0,2,18,73,24
5805,B0,0,8,2,1,0,0,0,0,0,0,0,0,0,0,1,2,17,112,30
5805,B1,2,2,3,1,0,0,0,0,0,0,0,0,0,1,0,1,121,1139,169
5805,B2,5,0,3,3,0,0,0,0,0,0,0,0,0,0,1,1,27,200,51
5805,C1,4,1,3,0,0,0,0,0,0,0,0,0,0,1,0,2,19,141,32
5820,A1,1,6,0,7,0,0,0,0,0,0,0,0,0,1,0,2,18,73,24
5820,B0,0,10,1,2,0,0,0,0,0,0,0,0,0,0,1,2,18,114,31
5820,B1,2,1,1,1,0,0,0,0,0,0,0,0,0,0,1,2,121,1139,169
5820,B2,3,0,1,4,0,0,0,0,0,0,0,0,0,0,1,1,27,200,51
5820,C1,4,1,4,0,0,0,0,0,0,0,0,0,0,1,0,2,19,141,32
5835,A1,1,5,0,8,0,0,0,0,0,0,0,0,0,1,0,2,18,73,24
5835,B0,0,9,3,2,0,0,0,0,0,0,0,0,0,1,0,1,18,114,31
5835,B1,1,2,1,3,0,0,0,0,0,0,0,0,0,0,1,1,122,1141,170
5835,B2,4,0,2,2,0,0,0,0,0,0,0,0,0,0,1,1,27,200,51
5835,C1,5,3,6,0,0,0,0,0,0,0,0,0,0,1,0,2,19,141,32
5850,A1,1,3,0,9,0,0,0,0,0,0,0,0,0,1,0,1,18,73,24
5850,B0,0,9,2,2,0,0,0,0,0,0,0,0,0,1,0,2,18,114,31
5850,B1,1,1,1,3,0,0,0,0,1,0,0,0,0,1,0,1,123,1157,170
5850,B2,4,0,1,4,0,0,0,0,0,0,0,0,0,1,0,1,27,200,51
5850,C1,4,1,6,0,0,0,0,0,0,0,0,1,0,1,0,2,19,141,32
5865,A1,1,4,0,7,0,0,0,0,0,0,0,0,0,1,0,2,18,73,24
5865,B0,0,8,3,3,0,0,0,0,0,0,0,0,0,0,1,1,18,114,31
5865,B1,1,2,2,2,0,0,0,0,1,0,0,0,0,1,0,1,124,1177,172
5865,B2,5,0,1,6,0,0,0,0,0,0,0,0,0,0,1,1,27,200,51
5865,C1,3,1,7,0,0,0,0,0,0,0,0,1,0,0,1,1,19,141,32
5880,A1,2,4,0,8,0,0,0,0,0,0,0,0,0,0,1,2,18,73,24
5880,B0,0,8,1,2,0,0,0,0,0,0,0,0,0,1,0,2,18,114,31
5880,B1,1,2,1,1,0,0,0,0,0,0,0,0,0,0,1,2,124,1184,173
5880,B2,9,0,1,2,0,0,0,0,0,0,0,0,0,0,1,2,27,200,51
5880,C1,5,1,7,0,0,0,0,0,0,0,0,0,0,1,0,2,19,141,32
5895,A1,1,4,0,7,0,0,0,0,0,0,0,0,0,1,0,2,18,73,24
5895,B0,0,6,2,1,0,0,0,0,0,0,0,0,0,0,1,2,18,114,31
5895,B1,1,3,1,1,0,0,0,0,0,0,0,0,0,0,1,2,124,1184,173
5895,B2,5,0,1,2,0,0,0,0,0,0,0,0,0,1,0,2,27,200,51
5895,C1,3,1,10,0,0,0,0,0,0,0,0,0,0,0,1,1,19,141,32
5910,A1,2,3,0,5,0,0,0,0,0,0,0,0,0,0,1,2,18,73,24
5910,B0,0,5,2,3,0,0,0,0,0,0,0,0,0,1,0,1,18,114,31
5910,B1,1,1,1,2,0,0,0,0,0,0,0,0,0,1,0,1,124,1184,173
5910,B2,3,0,1,2,0,0,0,0,0,0,0,0,0,0,1,1,27,200,51
5910,C1,4,1,4,0,0,0,0,0,0,0,0,0,0,0,1,2,19,141,32
5925,A1,2,5,0,5,0,0,0,0,0,0,0,0,0,1,0,2,18,73,24
5925,B0,0,5,4,1,0,0,0,0,0,0,0,0,0,1,0,1,18,114,31
5925,B1,1,1,1,1,0,0,1,0,0,0,0,0,0,1,0,2,125,1191,173
5925,B2,2,0,2,1,0,0,0,0,0,1,0,0,0,0,1,1,27,200,51
5925,C1,5,2,5,0,0,0,0,0,0,0,0,0,0,1,0,2,19,141,32
5940,A1,3,2,0,7,0,0,0,0,0,0,0,0,0,0,1,2,18,73,24
5940,B0,0,4,3,1,0,0,0,0,0,0,0,0,0,0,1,1,18,114,31
5940,B1,1,1,1,1,0,0,0,0,0,0,0,0,0,0,1,1,125,1203,174
5940,B2,2,0,3,2,0,0,0,0,0,0,0,0,0,0,1,1,27,200,51
5940,C1,6,5,6,0,0,0,0,0,0,0,0,0,0,1,0,2,19,141,32
5955,A1,2,3,0,5,0,0,0,0,0,0,0,0,0,1,0,2,18,73,24
5955,B0,0,4,6,2,0,0,0,0,0,0,0,0,0,0,1,1,18,114,31
5955,B1,1,1,3,1,0,0,0,0,0,0,0,0,0,0,1,1,125,1203,174
5955,B2,2,0,2,4,0,0,0,0,0,0,0,0,0,0,1,1,27,200,51
5955,C1,4,1,7,0,0,0,0,0,0,0,0,0,0,1,0,1,19,141,32
5970,A1,3,4,0,6,0,0,0,0,0,0,0,0,0,1,0,2,18,73,24
5970,B0,0,7,2,3,0,0,0,0,0,0,0,0,0,0,1,1,18,114,31
5970,B1,1,2,2,1,0,0,0,0,0,0,0,0,0,1,0,1,126,1205,175
5970,B2,2,0,1,5,0,0,0,0,0,0,0,0,0,0,1,1,27,200,51
5970,C1,5,1,6,0,0,0,0,0,0,0,0,0,0,1,0,2,19,141,32
5985,A1,1,1,0,6,0,0,0,0,0,0,0,0,0,0,1,1,18,73,24
5985,B0,0,3,3,1,0,0,0,0,0,0,0,0,0,1,0,1,18,114,31
5985,B1,1,2,2,1,0,0,0,0,0,0,0,0,0,0,1,1,126,1205,175
5985,B2,2,0,3,1,0,0,0,0,0,0,0,0,0,0,1,1,27,200,51
5985,C1,4,2,6,0,0,0,0,0,0,0,0,0,0,1,0,2,19,141,32
6000,A1,3,2,0,2,0,0,0,0,0,0,0,0,0,1,0,2,18,73,24
6000,B0,0,3,2,2,0,0,0,0,0,0,0,0,0,1,0,1,18,114,31
6000,B1,2,2,1,1,0,0,0,0,0,0,0,0,0,1,0,2,126,1205,175
6000,B2,4,0,2,1,0,0,0,0,0,0,0,0,0,0,1,2,27,200,51
6000,C1,3,3,6,0,0,0,0,0,0,0,0,0,0,1,0,2,19,141,32
6015,A1,1,1,0,2,0,0,0,0,0,0,0,0,0,0,1,1,18,73,24
6015,B0,0,4,5,4,0,0,0,0,0,0,0,0,0,0,1,1,19,120,32
6015,B1,2,2,2,3,0,0,0,0,0,0,0,0,0,1,0,1,126,1205,175
6015,B2,3,0,1,1,0,0,0,0,0,0,0,0,0,0,1,2,27,200,51
6015,C1,2,1,5,0,0,0,0,0,0,0,0,0,0,0,1,1,19,141,32
6030,A1,1,4,0,3,0,0,0,0,0,0,0,0,0,1,0,2,18,73,24
6030,B0,0,4,6,1,0,0,0,0,0,0,0,0,0,0,1,1,19,120,32
6030,B1,2,2,2,2,0,0,0,0,0,0,0,0,0,0,1,1,126,1205,175
6030,B2,3,0,2,2,0,0,0,0,0,0,0,0,0,1,0,1,27,200,51
6030,C1,2,1,5,0,0,0,0,0,0,0,0,0,0,1,0,1,19,141,32
6045,A1,2,2,0,1,0,0,0,0,0,0,0,0,0,0,1,2,18,73,24
6045,B0,0,7,3,2,0,0,0,0,0,0,0,0,0,0,1,1,19,120,32
6045,B1,2,2,2,1,0,0,0,0,0,0,0,0,0,0,1,2,126,1205,175
6045,B2,5,0,3,3,0,0,0,0,0,0,0,0,0,0,1,1,27,200,51
6045,C1,5,1,4,0,0,0,0,0,0,0,0,0,0,0,1,2,19,141,32
6060,A1,1,2,0,2,0,0,0,0,0,0,0,0,0,1,0,2,18,73,24
6060,B0,0,4,2,3,0,0,0,0,0,0,0,0,0,1,0,1,19,120,32
6060,B1,1,1,1,2,0,0,1,0,0,0,0,0,0,1,0,2,127,1220,175
6060,B2,3,0,2,3,0,0,0,0,0,1,0,0,0,1,0,1,27,200,51
6060,C1,5,1,5,0,0,0,0,0,0,0,0,0,0,1,0,2,19,141,32
6075,A1,1,4,0,3,0,0,0,0,0,0,0,0,0,0,1,2,18,73,24
6075,B0,0,4,4,1,0,0,0,0,0,0,0,0,0,0,1,1,19,120,32
6075,B1,1,2,3,3,0,0,0,0,0,0,0,0,0,0,1,1,127,1228,177
6075,B2,4,0,1,3,0,0,0,0,0,0,0,0,0,0,1,1,27,200,51
6075,C1,5,1,6,0,0,0,0,0,0,0,0,0,0,1,0,2,19,141,32
6090,A1,1,4,0,3,0,0,0,0,0,0,0,0,0,0,1,2,18,73,24
6090,B0,0,4,2,2,0,0,0,0,0,0,0,0,0,0,1,1,19,120,32
6090,B1,1,1,2,1,0,0,0,0,0,0,1,0,0,1,0,1,127,1228,177
6090,B2,4,0,1,2,0,1,0,0,0,0,0,0,0,1,0,2,28,213,51
6090,C1,4,4,8,0,0,0,0,0,0,0,0,0,0,0,1,2,19,141,32
6105,A1,1,5,0,2,0,0,0,0,0,0,0,0,0,1,0,2,18,73,24
6105,B0,0,6,2,1,0,0,0,0,0,0,0,0,0,0,1,2,19,120,32
6105,B1,1,2,1,3,0,0,0,0,0,0,1,0,0,0,1,1,127,1228,177
6105,B2,4,0,1,3,0,3,0,0,0,0,0,0,0,1,0,2,29,233,54
6105,C1,4,1,8,0,0,0,0,0,0,0,0,0,0,1,0,1,19,141,32
6120,A1,2,3,0,3,0,0,0,0,0,0,0,0,0,1,0,2,18,73,24
6120,B0,0,4,3,1,0,0,0,0,0,0,0,0,0,0,1,1,19,120,32
6120,B1,2,2,1,1,0,0,0,0,0,0,0,0,0,1,0,2,127,1228,177
6120,B2,1,0,1,5,0,0,0,0,0,0,0,0,0,0,1,1,29,244,57
6120,C1,4,1,8,0,0,0,0,0,0,0,0,0,0,1,0,1,19,141,32
6135,A1,2,4,0,5,0,0,0,0,0,0,0,0,0,1,0,2,18,73,24
6135,B0,0,4,2,1,0,0,0,0,0,0,0,0,0,1,0,2,19,120,32
6135,B1,2,1,2,2,0,0,0,0,0,0,0,0,0,0,1,1,127,1228,177
6135,B2,2,0,2,6,0,0,0,0,0,0,0,0,0,0,1,1,29,244,57
6135,C1,6,3,6,0,0,0,0,0,0,0,0,0,0,1,0,2,19,141,32
6150,A1,1,4,0,4,0,0,0,0,0,0,0,0,0,0,1,2,18,73,24
6150,B0,0,4,1,3,0,0,0,0,0,0,0,0,0,0,1,1,19,120,32
6150,B1,4,1,1,3,0,0,0,0,0,0,0,0,0,0,1,2,127,1228,177
6150,B2,3,0,3,2,0,0,0,0,0,0,0,0,0,0,1,1,29,244,57
6150,C1,4,1,8,0,0,0,0,0,0,0,0,0,0,1,0,1,19,141,32
6165,A1,2,3,0,5,0,0,0,0,0,0,0,0,0,0,1,2,18,73,24
6165,B0,0,3,3,1,0,0,0,0,0,0,0,0,0,0,1,1,20,123,35
6165,B1,3,2,1,4,0,0,0,0,2,0,0,0,0,0,1,1,128,1234,177
6165,B2,5,0,2,2,0,0,0,0,0,0,0,0,0,1,0,2,29,244,57
6165,C1,4,1,4,0,0,0,0,0,0,0,0,1,0,0,1,2,19,141,32
6180,A1,4,4,0,3,0,0,0,0,0,0,0,0,0,1,0,2,18,73,24
6180,B0,0,4,2,1,0,0,0,0,0,0,0,0,0,0,1,2,20,123,35
6180,B1,1,1,1,2,0,0,0,0,0,0,0,0,0,1,0,1,128,1242,180
6180,B2,5,0,2,2,0,0,0,0,0,0,0,0,0,0,1,2,29,244,57
6180,C1,3,3,5,0,0,0,0,0,0,0,0,0,0,1,0,2,19,141,32
6195,A1,1,2,0,4,0,0,0,0,0,0,0,0,0,0,1,1,18,73,24
6195,B0,0,3,2,2,0,0,0,0,0,0,0,0,0,0,1,1,20,123,35
6195,B1,2,3,1,1,0,0,0,0,0,0,0,0,0,1,0,2,128,1242,180
6195,B2,4,0,2,4,0,0,0,0,0,0,0,0,0,0,1,1,29,244,57
6195,C1,7,1,3,0,0,0,0,0,0,0,0,0,0,1,0,2,19,141,32
6210,A1,1,2,0,3,0,0,0,0,0,0,0,0,0,1,0,1,18,73,24
6210,B0,0,6,3,1,0,0,0,0,0,0,0,0,0,0,1,1,20,123,35
6210,B1,1,2,4,1,0,0,0,0,0,0,0,0,0,0,1,1,128,1242,180
6210,B2,5,0,1,4,0,0,0,0,0,0,0,0,0,0,1,1,29,244,57
6210,C1,1,2,3,0,0,0,0,0,0,0,0,0,0,1,0,1,19,141,32
6225,A1,1,2,0,2,0,0,0,0,0,0,0,0,0,0,1,2,18,73,24
6225,B0,0,7,4,2,0,0,0,0,0,0,0,0,0,0,1,1,20,123,35
6225,B1,1,2,2,1,0,0,0,0,0,0,0,0,0,1,0,1,129,1245,182
6225,B2,7,0,1,2,0,0,0,0,0,0,0,0,0,0,1,2,29,244,57
6225,C1,3,2,3,0,0,0,0,0,0,0,0,0,0,1,0,2,19,141,32
6240,A1,1,1,0,3,0,0,0,0,0,0,0,0,0,0,1,1,18,73,24
6240,B0,0,7,6,1,0,0,0,0,0,0,1,0,0,0,1,1,20,123,35
6240,B1,2,1,1,2,0,1,0,0,0,0,0,0,0,1,0,2,130,1254,182
6240,B2,4,0,1,5,0,0,0,0,0,0,0,0,0,0,1,1,29,244,57
6240,C1,4,2,5,0,0,0,0,0,0,0,0,0,0,1,0,2,19,141,32
6255,A1,4,1,0,1,0,0,0,0,0,0,0,0,0,1,0,2,18,73,24
6255,B0,0,7,6,1,0,0,0,0,0,0,0,0,0,0,1,1,20,123,35
6255,B1,2,2,1,1,0,0,0,0,0,0,0,0,0,0,1,2,131,1262,184
6255,B2,4,0,3,2,0,0,0,0,0,0,0,0,0,0,1,1,29,244,57
6255,C1,4,1,8,0,0,0,0,0,0,0,0,0,0,0,1,1,19,141,32
6270,A1,1,3,0,3,0,0,0,0,0,0,0,0,0,0,1,2,18,73,24
6270,B0,0,8,7,2,0,0,0,0,0,0,0,0,0,0,1,1,20,123,35
6270,B1,1,1,2,1,0,0,0,0,0,0,0,0,0,1,0,1,132,1276,186
6270,B2,5,0,1,2,0,0,0,0,0,0,0,0,0,1,0,2,29,244,57
6270,C1,3,1,6,0,0,0,0,0,0,0,0,0,0,1,0,1,19,141,32
6285,A1,1,4,0,5,0,0,0,0,0,0,0,0,0,0,1,2,18,73,24
6285,B0,0,9,4,2,0,0,0,0,0,0,0,0,0,0,1,1,20,123,35
6285,B1,4,4,1,1,0,0,0,0,0,0,0,0,0,1,0,2,132,1276,186
6285,B2,3,0,2,3,0,0,0,0,0,0,0,0,0,0,1,1,29,244,57
6285,C1,2,2,2,0,0,0,0,0,0,0,0,0,0,0,1,2,19,141,32
6300,A1,2,5,0,4,0,0,0,0,0,0,0,0,0,1,0,2,18,73,24
6300,B0,0,9,3,1,0,0,0,0,0,0,0,0,0,1,0,1,20,123,35
6300,B1,2,2,1,1,0,0,0,0,0,0,0,0,0,0,1,2,132,1276,186
6300,B2,4,0,1,2,0,0,0,0,0,0,0,0,0,0,1,2,29,244,57
6300,C1,1,3,4,0,0,0,0,0,0,0,0,0,0,0,1,1,19,141,32
6315,A1,1,2,0,4,0,0,0,0,0,0,0,0,0,1,0,1,18,73,24
6315,B0,0,11,5,1,0,0,0,0,0,0,0,0,0,0,1,1,20,123,35
6315,B1,3,2,3,3,0,0,0,0,0,0,0,0,0,1,0,1,132,1276,186
6315,B2,3,0,1,2,0,0,0,0,0,0,0,0,0,0,1,1,29,244,57
6315,C1,1,1,4,0,0,0,0,0,0,0,0,0,0,1,0,1,19,141,32
6330,A1,2,3,0,3,0,0,0,0,0,0,0,0,0,1,0,2,18,73,24
6330,B0,0,11,6,3,0,0,0,0,0,0,0,0,0,0,1,1,20,123,35
6330,B1,2,2,3,1,0,0,0,0,0,0,0,0,0,1,0,1,133,1277,187
6330,B2,4,0,1,2,0,0,0,0,0,0,0,0,0,1,0,2,29,244,57
6330,C1,2,2,3,0,0,0,0,0,0,0,0,0,0,1,0,2,19,141,32
6345,A1,1,2,0,5,0,0,0,0,0,0,0,0,0,1,0,1,18,73,24
6345,B0,0,12,8,1,0,0,0,0,0,0,0,0,0,0,1,1,20,123,35
6345,B1,2,3,2,1,0,0,0,0,0,0,0,0,0,0,1,2,133,1277,187
6345,B2,3,0,1,1,0,0,0,0,0,0,0,0,0,0,1,2,30,246,58
6345,C1,3,2,1,0,0,0,0,0,0,0,0,0,0,0,1,2,20,153,35
6360,A1,4,1,0,7,0,0,0,0,0,0,0,0,0,1,0,1,19,77,25
6360,B0,0,13,8,1,0,0,0,0,0,0,0,0,0,0,1,1,20,123,35
6360,B1,1,2,2,1,0,0,0,0,0,0,0,0,0,1,0,1,133,1277,187
6360,B2,2,0,1,4,0,0,0,0,0,0,0,0,0,0,1,1,31,249,60
6360,C1,4,1,2,0,0,0,0,0,0,0,0,0,0,1,0,2,20,153,35
6375,A1,1,2,0,4,0,0,0,0,0,0,0,0,0,0,1,1,20,78,26
6375,B0,0,14,3,1,0,0,0,0,0,0,1,0,0,0,1,1,20,123,35
6375,B1,1,1,2,1,0,1,0,0,0,0,0,0,0,1,0,2,134,1289,187
6375,B2,2,0,1,3,0,0,0,0,0,0,0,0,0,1,0,1,31,249,60
6375,C1,6,1,3,0,0,0,0,0,0,0,0,0,0,1,0,2,20,153,35
6390,A1,1,2,0,4,0,0,0,0,0,0,0,0,0,1,0,1,20,78,26
6390,B0,0,12,3,1,0,0,0,0,0,0,0,0,0,1,0,2,20,123,35
6390,B1,4,1,2,1,0,0,0,0,0,0,0,0,0,0,1,2,134,1290,188
6390,B2,4,0,1,1,0,0,0,0,0,0,0,0,0,0,1,2,31,249,60
6390,C1,6,2,4,0,0,0,0,0,0,0,0,0,0,1,0,2,20,153,35
6405,A1,1,2,0,2,0,0,0,0,0,0,0,0,0,1,0,2,20,78,26
6405,B0,0,12,2,1,0,0,0,0,0,0,0,0,0,0,1,2,20,123,35
6405,B1,3,2,1,1,0,0,0,0,0,0,0,0,0,0,1,2,135,1291,189
6405,B2,2,0,1,3,0,0,0,0,0,0,0,0,0,0,1,1,31,249,60
6405,C1,1,4,6,0,0,0,0,0,0,0,0,0,0,0,1,1,20,153,35
6420,A1,2,3,0,3,0,0,0,0,0,0,0,0,0,1,0,2,20,78,26
6420,B0,0,8,2,2,0,0,0,0,0,0,0,0,0,1,0,2,20,123,35
6420,B1,2,1,2,3,0,0,0,0,0,0,0,0,0,0,1,1,135,1291,189
6420,B2,2,0,1,2,0,0,0,0,0,0,0,0,0,0,1,1,31,249,60
6420,C1,3,1,6,0,0,0,0,0,0,0,0,0,0,1,0,1,20,153,35
6435,A1,1,4,0,2,0,0,0,0,0,0,0,0,0,1,0,2,21,86,28
6435,B0,0,8,5,1,0,0,0,0,0,0,0,0,0,0,1,1,20,123,35
6435,B1,1,3,1,3,0,0,0,0,0,0,0,0,0,1,0,1,135,1291,189
6435,B2,4,0,1,1,0,0,0,0,0,0,0,0,0,1,0,2,31,249,60
6435,C1,3,1,5,0,0,0,0,0,0,0,0,0,0,1,0,1,20,153,35
6450,A1,3,4,0,6,0,0,0,0,0,0,0,0,0,1,0,2,21,86,28
6450,B0,0,8,3,1,0,0,0,0,0,0,0,0,0,0,1,1,20,123,35
6450,B1,2,2,1,1,0,0,0,0,0,0,0,0,0,0,1,2,135,1291,189
6450,B2,2,0,3,1,0,0,0,0,0,0,0,0,0,0,1,1,31,249,60
6450,C1,2,2,4,0,0,0,0,0,0,0,0,0,0,0,1,1,20,153,35
6465,A1,2,7,0,7,0,0,0,0,0,0,0,0,0,1,0,2,21,86,28
6465,B0,0,6,3,1,0,0,0,0,0,0,0,0,0,1,0,1,20,123,35
6465,B1,2,1,2,2,0,0,0,0,0,0,0,0,0,0,1,1,135,1291,189
6465,B2,1,0,2,3,0,0,0,0,0,0,0,0,0,1,0,1,31,249,60
6465,C1,1,3,4,0,0,0,0,0,0,0,0,0,0,0,1,1,20,153,35
6480,A1,3,6,0,9,0,0,0,0,0,0,0,0,0,1,0,2,21,86,28
6480,B0,0,10,5,1,0,0,0,0,0,0,0,0,0,0,1,1,20,123,35
6480,B1,1,1,1,1,0,0,0,0,0,0,0,0,0,1,0,1,135,1291,189
6480,B2,4,0,2,3,0,0,0,0,0,0,0,0,0,0,1,1,31,249,60
6480,C1,2,1,4,0,0,0,0,0,0,0,0,0,0,0,1,1,20,153,35
6495,A1,2,3,0,9,0,0,0,0,0,0,0,0,0,0,1,2,21,86,28
6495,B0,0,8,5,1,0,0,0,0,0,0,0,0,0,1,0,1,20,123,35
6495,B1,1,3,1,1,0,0,0,0,0,0,0,0,0,0,1,2,135,1291,189
6495,B2,3,0,1,2,0,0,0,0,0,0,0,0,0,1,0,1,31,249,60
6495,C1,3,1,2,0,0,0,0,0,0,0,0,0,0,1,0,2,20,153,35
6510,A1,1,6,0,8,0,0,0,0,0,0,0,0,0,1,0,2,21,86,28
6510,B0,0,11,6,1,0,0,0,0,0,0,0,0,0,0,1,1,20,123,35
6510,B1,2,2,4,1,0,0,0,0,0,0,0,0,0,0,1,1,136,1295,190
6510,B2,3,0,1,4,0,0,0,0,0,0,0,0,0,0,1,1,31,249,60
6510,C1,1,4,3,0,0,0,0,0,0,0,0,0,0,1,0,2,20,153,35
6525,A1,3,4,0,7,0,0,0,0,0,0,0,0,0,0,1,2,21,86,28
6525,B0,0,11,6,2,0,0,0,0,0,0,0,0,0,0,1,1,20,123,35
6525,B1,1,2,1,1,0,0,0,0,0,0,0,0,0,0,1,2,136,1295,190
6525,B2,3,0,3,2,0,0,0,0,0,0,0,0,0,1,0,1,31,249,60
6525,C1,1,4,3,0,0,0,0,0,0,0,0,0,0,0,1,2,20,153,35
6540,A1,1,5,0,7,0,0,0,0,0,0,0,0,0,1,0,2,21,86,28
6540,B0,0,12,6,3,0,0,0,0,0,0,0,0,0,0,1,1,20,123,35
6540,B1,1,4,2,1,0,0,0,0,0,0,0,0,0,0,1,2,136,1295,190
6540,B2,2,0,2,2,0,0,0,0,0,0,0,0,0,0,1,1,31,249,60
6540,C1,1,2,4,0,0,0,0,0,0,0,0,0,0,0,1,1,20,153,35
6555,A1,1,3,0,8,0,0,0,0,0,0,0,0,0,0,1,1,21,86,28
6555,B0,0,13,4,2,0,0,0,0,0,0,0,0,0,0,1,1,20,123,35
6555,B1,1,1,2,3,0,0,0,0,0,0,0,0,0,0,1,1,136,1295,190
6555,B2,2,0,3,1,0,0,0,0,0,0,0,0,0,1,0,1,31,249,60
6555,C1,1,1,5,0,0,0,0,0,0,0,0,0,0,1,0,1,20,153,35
6570,A1,2,4,0,6,0,0,0,0,0,0,0,0,0,1,0,2,21,86,28
6570,B0,0,13,5,2,0,0,0,0,0,0,0,0,0,1,0,1,20,123,35
6570,B1,1,1,1,1,0,0,0,0,0,0,0,0,0,1,0,1,136,1295,190
6570,B2,3,0,1,1,0,0,0,0,0,0,0,0,0,0,1,2,31,249,60
6570,C1,1,2,5,0,0,0,0,0,0,0,0,0,0,1,0,1,20,153,35
6585,A1,2,4,0,7,0,0,0,0,4,0,0,0,0,0,1,1,22,99,28
6585,B0,0,14,7,1,0,0,0,0,0,0,0,0,0,0,1,1,21,125,36
6585,B1,2,2,1,1,0,0,0,0,0,0,0,1,0,0,1,2,136,1295,190
6585,B2,2,0,2,2,0,0,0,0,0,0,0,0,0,0,1,1,31,249,60
6585,C1,1,1,2,0,0,0,0,0,0,0,0,0,0,0,1,1,20,153,35
6600,A1,3,4,0,3,0,0,0,0,2,0,0,0,0,1,0,1,23,119,34
6600,B0,0,16,4,2,0,0,0,0,0,0,0,0,0,0,1,1,21,125,36
6600,B1,1,1,1,2,0,0,0,0,0,0,0,1,0,0,1,1,137,1296,191
6600,B2,3,0,1,2,0,0,0,0,0,0,0,0,0,0,1,1,31,249,60
6600,C1,1,1,1,0,0,0,0,0,0,0,0,0,0,1,0,2,20,153,35
6615,A1,2,5,0,1,0,0,0,0,0,0,0,0,0,0,1,2,23,148,37
6615,B0,0,17,4,1,0,0,0,0,0,0,0,0,0,0,1,1,21,125,36
6615,B1,1,1,1,1,0,0,0,0,0,0,0,0,0,1,0,1,137,1296,191
6615,B2,2,0,2,3,0,0,0,0,0,0,0,0,0,1,0,1,31,249,60
6615,C1,1,1,1,0,0,0,0,0,0,0,0,0,0,0,1,2,20,153,35
6630,A1,2,5,0,1,0,0,0,0,0,0,0,0,0,1,0,2,23,148,37
6630,B0,0,17,6,1,0,0,0,0,0,0,0,0,0,0,1,1,21,125,36
6630,B1,3,2,2,2,0,0,0,0,0,0,0,0,0,0,1,2,137,1296,191
6630,B2,2,0,3,4,0,0,0,0,0,0,0,0,0,0,1,1,31,249,60
6630,C1,1,4,1,0,0,0,0,0,0,0,0,0,0,1,0,2,21,167,36
6645,A1,1,5,0,1,0,0,0,0,0,0,0,0,0,1,0,2,23,148,37
6645,B0,0,17,6,2,0,0,0,0,0,0,0,0,0,0,1,1,21,125,36
6645,B1,2,1,2,2,0,0,0,0,0,0,0,0,0,0,1,1,137,1296,191
6645,B2,3,0,1,7,0,0,0,0,0,0,0,0,0,0,1,1,31,249,60
6645,C1,1,3,2,0,0,0,0,0,0,0,0,0,0,0,1,2,21,167,36
6660,A1,1,1,0,2,0,0,0,0,0,0,0,0,0,0,1,1,23,148,37
6660,B0,0,19,6,2,0,0,0,0,0,0,0,0,0,0,1,1,21,125,36
6660,B1,2,2,4,2,0,0,0,0,0,0,0,0,0,1,0,1,138,1300,192
6660,B2,5,0,3,3,0,0,0,0,0,0,0,0,0,1,0,1,31,249,60
6660,C1,2,2,3,0,0,0,0,0,0,0,0,0,0,1,0,2,21,167,36
6675,A1,1,2,0,1,0,0,0,0,0,0,0,0,0,1,0,2,23,148,37
6675,B0,0,20,6,3,0,0,0,0,0,0,0,0,0,0,1,1,21,125,36
6675,B1,1,3,3,1,0,0,0,0,0,0,0,0,0,1,0,1,138,1300,192
6675,B2,3,0,2,2,0,0,0,0,0,0,0,0,0,0,1,1,31,249,60
6675,C1,2,1,1,0,0,0,0,0,0,0,0,0,0,0,1,2,21,167,36
6690,A1,1,1,0,1,0,0,0,0,0,0,0,0,0,1,0,2,23,148,37
6690,B0,0,20,4,1,0,0,0,0,0,0,0,0,0,0,1,1,21,125,36
6690,B1,1,2,4,1,0,0,0,0,0,0,0,0,0,0,1,1,138,1300,192
6690,B2,3,0,1,1,0,0,0,0,0,0,0,0,0,1,0,2,31,249,60
6690,C1,3,1,2,0,0,0,0,0,0,0,0,0,0,1,0,2,21,167,36
6705,A1,1,1,0,1,0,0,0,0,0,0,0,0,0,1,0,2,23,148,37
6705,B0,0,18,4,4,0,0,0,0,0,0,0,0,0,0,1,1,21,125,36
6705,B1,1,3,1,1,0,0,0,0,0,0,0,0,0,0,1,2,138,1300,192
6705,B2,2,0,1,1,0,0,0,0,0,0,0,0,0,0,1,1,31,249,60
6705,C1,2,2,3,0,0,0,0,0,0,0,0,0,0,0,1,2,21,167,36
6720,A1,2,2,0,5,0,0,0,0,0,0,0,0,0,0,1,1,23,148,37
6720,B0,0,19,4,1,0,0,0,0,0,0,0,0,0,0,1,1,21,125,36
6720,B1,1,1,1,1,0,0,0,0,0,0,0,0,0,0,1,1,138,1300,192
6720,B2,3,0,2,1,0,0,0,0,0,0,0,0,0,0,1,1,31,249,60
6720,C1,2,1,2,0,0,0,0,0,0,0,0,0,0,1,0,2,21,167,36
6735,A1,1,3,0,5,0,0,0,0,0,0,0,0,0,1,0,1,23,148,37
6735,B0,0,20,3,2,0,0,0,0,0,0,0,0,0,0,1,1,21,125,36
6735,B1,1,1,1,2,0,0,0,0,0,0,0,0,0,1,0,1,138,1300,192
6735,B2,2,0,1,1,0,0,0,0,0,0,0,0,0,1,0,1,31,249,60
6735,C1,2,1,1,0,0,0,0,0,0,0,0,0,0,0,1,2,21,167,36
6750,A1,1,4,0,3,0,0,0,0,0,0,0,0,0,1,0,2,23,148,37
6750,B0,0,16,3,2,0,0,0,0,0,0,0,0,0,1,0,1,21,125,36
6750,B1,3,1,1,1,0,0,0,0,0,0,0,0,0,0,1,2,138,1300,192
6750,B2,1,0,1,1,0,0,0,0,0,0,0,0,0,0,1,1,31,249,60
6750,C1,2,1,2,0,0,0,0,0,0,0,0,0,0,0,1,2,21,167,36
6765,A1,1,3,0,1,0,0,0,0,0,0,0,0,0,0,1,2,23,148,37
6765,B0,0,17,2,1,0,0,0,0,0,0,0,0,0,1,0,2,21,125,36
6765,B1,3,2,2,1,0,0,0,0,0,0,0,0,0,0,1,2,138,1300,192
6765,B2,2,0,2,2,0,0,0,0,0,0,0,0,0,0,1,1,31,249,60
6765,C1,2,1,3,0,0,0,0,0,0,0,0,0,0,1,0,1,21,167,36
6780,A1,1,3,0,2,0,0,0,0,0,0,0,0,0,1,0,2,23,148,37
6780,B0,0,16,3,4,0,0,0,0,0,0,0,0,0,1,0,1,21,125,36
6780,B1,1,1,1,1,0,0,0,0,0,0,0,0,0,1,0,1,138,1300,192
6780,B2,5,0,1,1,0,0,0,0,0,0,0,0,0,1,0,2,31,249,60
6780,C1,3,1,1,0,0,0,1,0,0,0,0,0,0,1,0,2,22,171,36
6795,A1,3,2,0,3,0,0,0,0,0,0,0,0,0,0,1,2,24,156,39
6795,B0,0,18,2,1,0,0,0,0,0,0,0,0,0,1,0,2,21,125,36
6795,B1,2,1,1,1,0,0,0,0,0,0,0,0,0,0,1,2,139,1316,193
6795,B2,4,0,1,2,0,0,0,0,0,0,0,0,0,0,1,2,31,249,60
6795,C1,1,1,3,0,0,0,0,0,0,0,0,0,0,0,1,1,22,179,37
6810,A1,3,1,0,2,0,0,0,0,0,0,0,0,0,0,1,2,26,161,42
6810,B0,0,17,6,2,0,0,0,0,0,0,0,0,0,0,1,1,21,125,36
6810,B1,2,2,1,1,0,0,0,0,0,0,0,0,0,0,1,2,139,1316,193
6810,B2,3,0,1,1,0,0,0,0,0,0,0,0,0,0,1,2,31,249,60
6810,C1,2,2,1,0,0,0,0,0,0,0,0,0,0,1,0,2,22,179,37
6825,A1,2,4,0,2,0,0,0,0,0,0,0,0,0,1,0,2,26,161,42
6825,B0,0,17,4,2,0,0,0,0,0,0,0,0,0,0,1,1,21,125,36
6825,B1,1,1,1,1,0,0,0,0,0,0,0,0,0,1,0,1,140,1318,194
6825,B2,2,0,4,3,0,0,0,0,0,0,0,0,0,1,0,1,31,249,60
6825,C1,3,1,2,0,0,0,0,0,0,0,0,0,0,1,0,2,22,179,37
6840,A1,2,1,0,1,0,0,0,0,0,0,0,0,0,0,1,2,26,161,42
6840,B0,0,18,2,2,0,0,0,0,0,0,0,0,0,1,0,2,21,125,36
6840,B1,3,1,1,1,0,0,0,0,0,0,0,0,0,1,0,2,140,1318,194
6840,B2,2,0,2,3,0,0,0,0,0,0,0,0,0,0,1,1,32,257,62
6840,C1,2,4,1,0,0,0,0,0,0,0,0,0,0,1,0,2,22,179,37
6855,A1,3,2,0,2,0,0,0,0,0,0,0,0,0,1,0,2,26,161,42
6855,B0,0,13,3,3,0,0,0,0,0,0,0,0,0,1,0,1,21,125,36
6855,B1,4,1,1,2,0,0,0,0,0,0,0,0,0,0,1,2,141,1322,195
6855,B2,3,0,1,1,0,0,0,0,0,0,0,0,0,0,1,2,32,257,62
6855,C1,4,1,2,0,0,0,0,0,0,0,0,0,0,1,0,2,22,179,37
6870,A1,1,2,0,2,0,0,0,0,0,0,0,0,0,1,0,2,26,161,42
6870,B0,0,13,4,1,0,0,0,0,0,0,0,0,0,1,0,1,21,125,36
6870,B1,3,3,1,3,0,0,0,0,0,0,0,0,0,1,0,2,142,1323,196
6870,B2,1,0,1,2,0,0,0,0,0,0,0,0,0,0,1,1,32,257,62
6870,C1,4,2,3,0,0,0,0,0,0,0,0,0,0,1,0,2,22,179,37
6885,A1,4,2,0,2,0,0,0,0,0,0,0,0,0,1,0,2,26,161,42
6885,B0,0,14,4,1,0,0,0,0,0,0,0,0,0,0,1,1,21,125,36
6885,B1,2,2,2,2,0,0,0,0,0,0,0,0,0,0,1,1,142,1323,196
6885,B2,2,0,1,1,0,0,0,0,0,0,0,0,0,0,1,1,32,257,62
6885,C1,5,1,4,0,0,0,0,0,0,0,0,0,0,1,0,2,22,179,37
6900,A1,1,4,0,3,0,0,0,0,0,0,0,0,0,1,0,2,26,161,42
6900,B0,0,14,4,2,0,0,0,0,0,0,0,0,0,0,1,1,21,125,36
6900,B1,1,1,2,1,0,0,0,0,0,0,0,0,0,1,0,1,143,1331,197
6900,B2,1,0,1,3,0,0,0,0,0,0,0,0,0,0,1,1,32,257,62
6900,C1,3,1,4,0,0,0,0,0,0,0,0,0,0,0,1,1,22,179,37
6915,A1,4,1,0,2,0,0,0,0,0,0,0,0,0,0,1,2,26,161,42
6915,B0,0,17,5,3,0,0,0,0,0,0,0,0,0,0,1,1,21,125,36
6915,B1,4,1,3,1,0,0,0,0,0,0,0,0,0,1,0,2,143,1331,197
6915,B2,3,0,1,3,0,0,0,0,0,0,0,0,0,0,1,1,32,257,62
6915,C1,3,2,4,0,0,0,0,0,0,0,0,0,0,1,0,2,22,179,37
6930,A1,2,1,0,2,0,0,0,0,0,0,0,0,0,1,0,2,26,161,42
6930,B0,0,17,4,2,0,0,0,0,0,0,0,0,0,0,1,1,21,125,36
6930,B1,3,1,2,1,0,0,0,0,0,0,0,0,0,0,1,2,143,1331,197
6930,B2,4,0,1,4,0,0,0,0,0,0,0,0,0,0,1,1,32,257,62
6930,C1,3,3,5,0,0,0,0,0,0,0,0,0,0,0,1,2,22,179,37
6945,A1,3,1,0,2,0,0,0,0,0,0,0,0,0,1,0,2,26,161,42
6945,B0,0,18,3,1,0,0,0,0,0,0,0,0,0,0,1,2,21,125,36
6945,B1,3,1,3,1,0,0,0,0,0,0,0,0,0,1,0,1,143,1331,197
6945,B2,5,0,1,2,0,0,0,0,0,0,0,0,0,0,1,2,32,257,62
6945,C1,2,1,5,0,0,0,0,0,0,0,0,0,0,1,0,1,22,179,37
6960,A1,1,1,0,1,0,0,0,0,0,0,0,0,0,0,1,2,26,161,42
6960,B0,0,17,4,1,0,0,0,0,0,0,0,0,0,0,1,1,21,125,36
6960,B1,3,2,3,2,0,0,0,0,0,0,0,0,0,0,1,1,143,1331,197
6960,B2,3,0,1,2,0,0,0,0,0,0,0,0,0,1,0,1,32,257,62
6960,C1,4,1,3,0,0,0,0,0,0,0,0,0,0,0,1,2,22,179,37
6975,A1,1,2,0,1,0,0,0,0,0,0,0,0,0,1,0,2,26,161,42
6975,B0,0,16,2,2,0,0,0,0,0,0,0,0,0,1,0,2,21,125,36
6975,B1,3,1,2,1,0,0,0,0,0,0,0,0,0,1,0,2,143,1331,197
6975,B2,5,0,2,1,0,0,0,0,0,0,0,0,0,1,0,2,32,257,62
6975,C1,3,1,4,0,0,0,0,0,0,0,0,0,0,1,0,1,22,179,37
6990,A1,1,1,0,1,0,0,0,0,0,0,0,0,0,1,0,2,26,161,42
6990,B0,0,17,3,2,0,0,0,0,0,0,0,0,0,0,1,1,21,125,36
6990,B1,5,4,1,3,0,0,0,0,0,0,0,0,0,0,1,2,143,1331,197
6990,B2,4,0,2,4,0,0,0,0,0,0,0,0,0,0,1,1,32,257,62
6990,C1,1,2,1,0,0,0,0,0,0,0,0,0,0,0,1,2,22,179,37
7005,A1,2,3,0,2,0,0,0,0,0,0,0,0,0,0,1,2,26,161,42
7005,B0,0,16,4,1,0,0,0,0,0,0,0,0,0,0,1,1,21,125,36
7005,B1,1,1,1,1,0,0,0,0,0,0,0,0,0,1,0,1,144,1335,198
7005,B2,5,0,5,4,0,0,0,0,0,0,0,0,0,0,1,1,32,257,62
7005,C1,1,1,2,0,0,0,0,0,0,0,0,0,0,1,0,1,22,179,37
7020,A1,1,1,0,2,0,0,0,0,0,0,0,0,0,1,0,1,28,164,44
7020,B0,0,17,2,2,0,0,0,0,0,0,0,0,0,0,1,2,21,125,36
7020,B1,2,1,1,1,0,0,0,0,0,0,0,0,0,0,1,2,144,1335,198
7020,B2,7,0,1,2,0,0,0,0,0,0,0,0,0,1,0,2,32,257,62
7020,C1,2,3,4,0,0,0,0,0,0,0,0,0,0,1,0,2,22,179,37
7035,A1,5,2,0,2,0,0,0,0,0,0,0,0,0,1,0,2,28,164,44
7035,B0,0,12,2,2,0,0,0,0,0,0,0,0,0,1,0,2,21,125,36
7035,B1,2,1,1,1,0,0,0,0,0,0,0,0,0,1,0,2,144,1335,198
7035,B2,4,0,1,2,0,0,0,0,0,0,0,0,0,0,1,2,32,257,62
7035,C1,3,4,4,0,0,0,0,0,0,0,0,0,0,1,0,2,22,179,37
7050,A1,2,3,0,1,0,0,0,0,0,0,0,0,0,0,1,2,28,164,44
7050,B0,0,9,2,3,0,0,0,0,0,0,0,0,0,0,1,1,21,125,36
7050,B1,1,1,1,4,0,0,0,0,0,0,0,0,0,1,0,1,144,1335,198
7050,B2,6,0,1,4,0,0,0,0,0,0,0,0,0,1,0,1,32,257,62
7050,C1,3,1,4,0,0,0,0,0,0,0,0,0,0,1,0,1,22,179,37
7065,A1,2,1,0,1,0,0,0,0,0,0,0,0,0,1,0,2,28,164,44
7065,B0,0,8,1,2,0,0,0,0,0,0,0,0,0,1,0,2,21,125,36
7065,B1,1,1,1,1,0,0,0,0,0,0,0,0,0,1,0,1,145,1341,199
7065,B2,9,0,1,3,0,0,0,0,0,0,0,0,0,0,1,2,32,257,62
7065,C1,3,1,3,0,0,0,0,0,0,0,0,0,0,1,0,2,22,179,37
7080,A1,3,3,0,2,0,0,0,0,0,0,0,0,0,1,0,2,28,164,44
7080,B0,0,7,3,3,0,0,0,0,0,0,0,0,0,0,1,1,21,125,36
7080,B1,2,2,2,1,0,0,0,0,0,0,0,0,0,0,1,2,145,1341,199
7080,B2,5,0,2,2,0,0,0,0,0,0,0,0,0,1,0,2,32,257,62
7080,C1,2,2,2,0,0,0,0,0,0,0,0,0,0,0,1,2,22,179,37
7095,A1,2,2,0,2,0,0,0,0,0,0,0,0,0,0,1,2,28,164,44
7095,B0,0,7,3,5,0,0,0,0,0,0,1,0,0,1,0,1,21,125,36
7095,B1,2,1,3,2,0,1,0,0,0,0,0,0,0,0,1,2,148,1363,202
7095,B2,4,0,1,1,0,0,0,0,0,0,0,0,0,0,1,2,32,257,62
7095,C1,3,1,2,0,0,0,0,0,0,0,0,0,0,1,0,2,22,179,37
7110,A1,2,5,0,2,0,0,0,0,0,0,0,0,0,1,0,2,28,164,44
7110,B0,0,7,4,1,0,0,0,0,0,0,0,0,0,0,1,1,21,125,36
7110,B1,2,1,3,1,0,0,1,0,0,0,0,0,0,1,0,2,149,1397,203
7110,B2,3,0,5,2,0,0,0,0,0,1,0,0,0,0,1,1,32,257,62
7110,C1,3,1,2,0,0,0,0,0,0,0,0,0,0,1,0,2,22,179,37
7125,A1,1,5,0,3,0,0,0,0,0,0,0,0,0,1,0,2,28,164,44
7125,B0,0,7,5,2,0,0,0,0,0,0,0,0,0,0,1,1,21,125,36
7125,B1,1,1,3,4,0,0,0,0,0,0,0,0,0,0,1,1,149,1407,204
7125,B2,5,0,2,2,0,0,0,0,0,0,0,0,0,1,0,2,32,257,62
7125,C1,2,3,1,0,0,0,0,0,0,0,0,0,0,0,1,2,22,179,37
7140,A1,4,5,0,3,0,0,0,0,0,0,0,0,0,1,0,2,28,164,44
7140,B0,0,7,3,1,0,0,0,0,0,0,0,0,0,0,1,1,21,125,36
7140,B1,2,4,2,3,0,0,0,0,0,0,0,0,0,1,0,2,149,1407,204
7140,B2,3,0,1,2,0,0,0,0,0,0,0,0,0,1,0,1,32,257,62
7140,C1,2,1,2,0,0,0,0,0,0,0,0,0,0,1,0,2,22,179,37
7155,A1,1,4,0,4,0,0,0,0,0,0,0,0,0,1,0,2,28,164,44
7155,B0,0,9,3,1,0,0,0,0,0,0,0,0,0,0,1,1,21,125,36
7155,B1,1,2,2,1,0,0,0,0,1,0,0,0,0,0,1,1,150,1421,204
7155,B2,2,0,1,2,0,0,0,0,0,0,0,0,0,0,1,1,32,257,62
7155,C1,1,3,2,0,0,0,0,0,0,0,0,1,0,0,1,2,22,179,37
7170,A1,1,5,0,4,0,0,0,0,0,0,0,0,0,1,0,2,28,164,44
7170,B0,0,9,4,1,0,0,0,0,0,0,1,0,0,0,1,1,21,125,36
7170,B1,2,3,2,3,0,1,0,0,2,0,0,0,0,0,1,1,153,1429,208
7170,B2,3,0,1,2,0,0,0,0,0,0,0,0,0,0,1,1,32,257,62
7170,C1,2,1,2,0,0,0,0,0,0,0,0,1,0,0,1,2,22,179,37
7185,A1,1,6,0,4,0,0,0,0,0,0,0,0,0,1,0,2,28,164,44
7185,B0,0,9,3,2,0,0,0,0,0,0,0,0,0,1,0,1,21,125,36
7185,B1,1,2,4,1,0,0,0,0,1,0,0,0,0,1,0,1,154,1454,211
7185,B2,2,0,3,3,0,0,0,0,0,0,0,0,0,1,0,1,32,257,62
7185,C1,1,1,4,0,0,0,0,0,0,0,0,1,0,0,1,1,22,179,37
7200,A1,2,3,0,4,0,0,0,0,0,0,0,0,0,1,0,2,28,164,44
7200,B0,0,12,4,4,0,0,0,0,0,0,0,0,0,1,0,1,22,127,37
7200,B1,3,3,2,1,0,0,0,0,1,0,0,0,0,1,0,1,155,1466,212
7200,B2,2,0,2,2,0,0,0,0,0,0,0,0,0,1,0,1,32,257,62
7200,C1,1,1,3,0,0,0,0,0,0,0,0,1,0,1,0,1,22,179,37
7215,A1,1,3,0,3,0,0,0,0,0,0,0,0,0,0,1,2,28,164,44
7215,B0,0,11,7,3,0,0,0,0,0,0,0,0,0,0,1,1,22,127,37
7215,B1,3,2,2,3,0,0,0,0,0,0,0,0,0,0,1,1,155,1477,213
7215,B2,3,0,1,1,0,0,0,0,0,0,0,0,0,0,1,2,32,257,62
7215,C1,2,3,1,0,0,0,0,0,0,0,0,0,0,1,0,2,22,179,37
7230,A1,1,2,0,4,0,0,0,0,0,0,0,0,0,0,1,1,28,164,44
7230,B0,0,11,6,1,0,0,0,0,0,0,0,0,0,0,1,1,22,127,37
7230,B1,1,1,5,1,0,0,0,0,0,0,0,0,0,0,1,1,155,1477,213
7230,B2,1,0,5,4,0,0,0,0,0,0,0,0,0,0,1,1,32,257,62
7230,C1,2,1,4,0,0,0,0,0,0,0,0,0,0,1,0,1,22,179,37
7245,A1,1,2,0,4,0,0,0,0,0,0,0,0,0,1,0,1,28,164,44
7245,B0,0,12,4,1,0,0,0,0,0,0,0,0,0,0,1,1,22,127,37
7245,B1,1,1,3,1,0,0,0,0,0,0,0,0,0,1,0,1,155,1477,213
7245,B2,1,0,1,3,0,0,0,0,0,0,0,0,0,0,1,1,32,257,62
7245,C1,3,1,2,0,0,0,0,0,0,0,0,0,0,1,0,2,22,179,37
7260,A1,1,3,0,3,0,0,0,0,0,0,0,0,0,1,0,2,28,164,44
7260,B0,0,16,3,3,0,0,0,0,0,0,0,0,0,1,0,1,22,127,37
7260,B1,2,2,2,1,0,0,0,0,0,0,0,0,0,0,1,2,155,1477,213
7260,B2,2,0,3,2,0,0,0,0,0,0,0,0,0,1,0,1,32,257,62
7260,C1,1,3,1,0,0,0,0,0,0,0,0,0,0,0,1,2,22,179,37
7275,A1,3,1,0,4,0,0,0,0,0,0,0,0,0,0,1,1,28,164,44
7275,B0,0,18,3,1,0,0,0,0,0,0,0,0,0,0,1,2,22,127,37
7275,B1,1,1,1,1,0,0,0,0,0,0,0,0,0,1,0,1,155,1477,213
7275,B2,3,0,3,1,0,0,0,0,0,0,0,0,0,0,1,1,33,261,63
7275,C1,1,1,1,0,0,0,0,0,0,0,0,0,0,1,0,2,22,179,37
7290,A1,2,2,0,5,0,0,0,0,0,0,0,0,0,1,0,1,28,164,44
7290,B0,0,18,3,1,0,0,0,0,0,0,0,0,0,0,1,2,22,127,37
7290,B1,1,1,1,2,0,0,0,0,0,0,0,0,0,0,1,1,155,1477,213
7290,B2,2,0,2,3,0,0,0,0,0,0,0,0,0,1,0,1,33,261,63
7290,C1,1,2,1,0,0,0,0,0,0,0,0,0,0,1,0,2,22,179,37
7305,A1,2,4,0,4,0,0,0,0,0,0,0,0,0,0,1,2,28,164,44
7305,B0,0,17,4,2,0,0,0,0,0,0,0,0,0,1,0,1,22,127,37
7305,B1,1,3,1,1,0,0,0,0,0,0,0,0,0,1,0,2,155,1477,213
7305,B2,4,0,3,2,0,0,0,0,0,0,0,0,0,1,0,1,34,265,64
7305,C1,1,1,4,0,0,0,0,0,0,0,0,0,0,0,1,1,22,179,37
7320,A1,2,3,0,4,0,0,0,0,0,0,0,0,0,1,0,2,28,164,44
7320,B0,0,17,4,1,0,0,0,0,0,0,0,0,0,0,1,1,22,127,37
7320,B1,1,2,1,1,0,0,0,0,0,0,0,0,0,1,0,2,155,1477,213
7320,B2,2,0,2,3,0,0,0,0,0,0,0,0,0,0,1,1,34,265,64
7320,C1,2,2,1,0,0,0,0,0,0,0,0,0,0,1,0,2,22,179,37
7335,A1,1,2,0,4,0,0,0,0,0,0,0,0,0,1,0,1,28,164,44
7335,B0,0,19,5,3,0,0,0,0,0,0,0,0,0,0,1,1,22,127,37
7335,B1,1,1,1,1,0,0,1,0,0,0,0,0,0,1,0,2,156,1489,213
7335,B2,4,0,2,1,0,0,0,0,0,1,0,0,0,1,0,1,34,265,64
7335,C1,3,1,2,0,0,0,0,0,0,0,0,0,0,1,0,2,22,179,37
7350,A1,2,2,0,1,0,0,0,0,0,0,0,0,0,0,1,2,28,164,44
7350,B0,0,20,3,2,0,0,0,0,0,0,0,0,0,0,1,1,22,127,37
7350,B1,3,1,1,2,0,0,0,0,0,0,0,0,0,0,1,2,156,1501,215
7350,B2,3,0,2,1,0,0,0,0,0,0,0,0,0,0,1,1,34,265,64
7350,C1,2,2,4,0,0,0,0,0,0,0,0,0,0,0,1,1,22,179,37
7365,A1,1,1,0,1,0,0,0,0,0,0,0,0,0,1,0,2,28,164,44
7365,B0,0,18,5,1,0,0,0,0,0,0,0,0,0,0,1,1,22,127,37
7365,B1,1,1,3,2,0,0,0,0,0,0,0,0,0,0,1,1,156,1501,215
7365,B2,3,0,1,1,0,0,0,0,0,0,0,0,0,1,0,2,34,265,64
7365,C1,1,1,2,0,0,0,0,0,0,0,0,0,0,1,0,1,22,179,37
7380,A1,3,3,0,4,0,0,0,0,0,0,0,0,0,1,0,2,28,164,44
7380,B0,0,19,3,2,0,0,0,0,0,0,0,0,0,0,1,1,22,127,37
7380,B1,1,1,1,1,0,0,0,0,0,0,0,0,0,1,0,1,157,1504,216
7380,B2,5,0,3,1,0,0,0,0,0,0,0,0,0,0,1,2,34,265,64
7380,C1,2,4,1,0,0,0,0,0,0,0,0,0,0,1,0,2,22,179,37
7395,A1,2,5,0,2,0,0,0,0,0,0,0,0,0,0,1,2,28,164,44
7395,B0,0,18,5,1,0,0,0,0,0,0,0,0,0,0,1,1,22,127,37
7395,B1,1,1,1,1,0,0,0,0,0,0,0,0,0,0,1,1,157,1504,216
7395,B2,3,0,2,2,0,0,0,0,0,0,0,0,0,0,1,1,34,265,64
7395,C1,2,1,1,0,0,0,0,0,0,0,0,0,0,1,0,2,22,179,37
7410,A1,2,2,0,3,0,0,0,0,0,0,0,0,0,1,0,2,28,164,44
7410,B0,0,18,3,1,0,0,0,0,0,0,0,0,0,1,0,2,22,127,37
7410,B1,2,2,1,1,0,0,0,0,0,0,0,0,0,0,1,2,157,1504,216
7410,B2,5,0,3,3,0,0,0,0,0,0,0,0,0,0,1,1,34,265,64
7410,C1,1,1,2,0,0,0,0,0,0,0,0,0,0,1,0,1,22,179,37
7425,A1,3,2,0,2,0,0,0,0,0,0,0,0,0,0,1,2,28,164,44
7425,B0,0,17,2,1,0,0,0,0,0,0,0,0,0,0,1,2,22,127,37
7425,B1,2,1,2,1,0,0,0,0,0,0,0,0,0,0,1,1,157,1504,216
7425,B2,4,0,1,4,0,0,0,0,0,0,0,0,0,0,1,1,35,274,67
7425,C1,4,2,1,0,0,0,0,0,0,0,0,0,0,1,0,2,22,179,37
7440,A1,1,2,0,4,0,0,0,0,0,0,0,0,0,0,1,1,28,164,44
7440,B0,0,15,3,1,0,0,0,0,0,0,0,0,0,0,1,2,22,127,37
7440,B1,2,2,2,2,0,0,0,0,0,0,0,0,0,1,0,1,157,1504,216
7440,B2,3,0,1,3,0,0,0,0,0,0,0,0,0,1,0,1,35,274,67
7440,C1,2,1,4,0,0,0,0,0,0,0,0,0,0,1,0,1,22,179,37
7455,A1,2,2,0,3,0,0,0,0,0,0,0,0,0,1,0,2,28,164,44
7455,B0,0,14,1,3,0,0,0,0,0,0,0,0,0,0,1,2,22,127,37
7455,B1,1,3,1,2,0,0,0,0,0,0,0,0,0,0,1,2,157,1504,216
7455,B2,4,0,2,4,0,0,0,0,0,0,0,0,0,0,1,1,35,274,67
7455,C1,2,1,2,0,0,0,0,0,0,0,0,0,0,1,0,2,22,179,37
7470,A1,3,1,0,1,0,0,0,0,0,0,0,0,0,1,0,2,29,171,47
7470,B0,0,14,4,4,0,0,0,0,0,0,0,0,0,1,0,1,22,127,37
7470,B1,1,1,1,1,0,0,0,0,0,0,0,0,0,0,1,1,157,1504,216
7470,B2,5,0,1,1,0,0,0,0,0,0,0,0,0,1,0,2,35,274,67
7470,C1,2,1,4,0,0,0,0,0,0,0,0,0,0,0,1,1,22,179,37
7485,A1,3,2,0,2,0,0,0,0,0,0,0,0,0,0,1,2,29,171,47
7485,B0,0,15,1,3,0,0,0,0,0,0,0,0,0,0,1,2,22,127,37
7485,B1,1,1,1,2,0,0,0,0,0,0,0,0,0,1,0,1,158,1506,217
7485,B2,3,0,2,1,0,0,0,0,0,0,0,0,0,0,1,1,35,274,67
7485,C1,2,1,2,0,0,0,0,0,0,0,0,0,0,1,0,2,22,179,37
7500,A1,1,1,0,1,0,0,0,0,0,0,0,0,0,1,0,2,29,171,47
7500,B0,0,13,3,2,0,0,0,0,0,0,1,0,0,0,1,1,22,127,37
7500,B1,4,1,3,1,0,1,0,0,0,0,0,0,0,0,1,2,159,1522,217
7500,B2,3,0,1,3,0,0,0,0,0,0,0,0,0,0,1,1,35,274,67
7500,C1,4,1,1,0,0,0,0,0,0,0,0,0,0,1,0,2,22,179,37
7515,A1,1,2,0,1,0,0,0,0,0,0,0,0,0,1,0,2,29,171,47
7515,B0,0,12,4,2,0,0,0,0,0,0,0,0,0,1,0,1,22,127,37
7515,B1,1,1,4,1,0,0,0,0,0,0,0,0,0,1,0,1,159,1528,218
7515,B2,4,0,1,2,0,0,0,0,0,0,0,0,0,0,1,2,35,274,67
7515,C1,2,4,1,0,0,0,0,0,0,0,0,0,0,1,0,2,22,179,37
7530,A1,1,3,0,2,0,0,0,0,0,0,0,0,0,1,0,2,29,171,47
7530,B0,0,14,4,2,0,0,0,0,0,0,0,0,0,0,1,1,22,127,37
7530,B1,3,1,3,1,0,0,0,0,0,0,0,0,0,0,1,1,159,1528,218
7530,B2,2,0,2,2,0,0,0,0,0,0,0,0,0,0,1,1,35,274,67
7530,C1,3,2,3,0,0,0,0,0,0,0,0,0,0,1,0,2,22,179,37
7545,A1,1,4,0,3,0,0,0,0,0,0,0,0,0,1,0,2,29,171,47
7545,B0,0,13,2,1,0,0,0,0,0,0,0,0,0,1,0,2,22,127,37
7545,B1,4,1,1,3,0,0,0,0,0,0,0,0,0,0,1,2,159,1528,218
7545,B2,2,0,1,3,0,0,0,0,0,0,0,0,0,0,1,1,35,274,67
7545,C1,5,2,3,0,0,0,0,0,0,0,0,0,0,1,0,2,22,179,37
7560,A1,1,2,0,3,0,0,0,0,0,0,0,0,0,0,1,1,29,171,47
7560,B0,0,12,4,1,0,0,0,0,0,0,0,0,0,0,1,1,22,127,37
7560,B1,4,3,1,2,0,0,0,0,0,0,0,0,0,0,1,2,159,1528,218
7560,B2,4,0,3,4,0,0,0,0,0,0,0,0,0,0,1,1,35,274,67
7560,C1,6,2,3,0,0,0,0,0,0,0,0,0,0,1,0,2,22,179,37
7575,A1,1,4,0,1,0,0,0,0,0,0,0,0,0,1,0,2,29,171,47
7575,B0,0,9,2,1,0,0,0,0,0,0,0,0,0,1,0,2,22,127,37
7575,B1,4,1,1,3,0,0,0,0,0,0,0,0,0,1,0,2,159,1528,218
7575,B2,6,0,1,1,0,0,0,0,0,0,0,0,0,1,0,2,35,274,67
7575,C1,4,1,3,0,0,0,0,0,0,0,0,0,0,1,0,2,22,179,37
7590,A1,1,5,0,3,0,0,0,0,0,0,0,0,0,1,0,2,29,171,47
7590,B0,0,10,2,1,0,0,0,0,0,0,0,0,0,0,1,2,23,131,38
7590,B1,3,1,1,2,0,0,0,0,0,0,0,0,0,0,1,2,159,1528,218
7590,B2,4,0,2,3,0,0,0,0,0,0,0,0,0,0,1,1,35,274,67
7590,C1,4,2,2,0,0,0,0,0,0,0,0,0,0,0,1,2,22,179,37
7605,A1,3,4,0,3,0,0,0,0,0,0,0,0,1,1,0,2,29,171,47
7605,B0,0,9,2,1,0,0,0,0,0,0,0,0,0,0,1,2,23,131,38
7605,B1,2,1,2,3,0,0,0,1,0,0,0,0,0,0,1,1,160,1532,218
7605,B2,3,0,2,5,0,0,0,0,0,0,0,0,0,0,1,1,35,274,67
7605,C1,5,1,3,0,0,0,0,0,0,0,0,0,0,1,0,2,22,179,37
7620,A1,2,2,0,5,0,0,0,0,0,0,0,0,1,1,0,1,29,171,47
7620,B0,0,10,2,3,0,0,0,0,0,0,0,0,0,1,0,1,23,131,38
7620,B1,1,2,2,2,0,0,0,1,0,0,0,0,0,1,0,1,161,1548,220
7620,B2,6,0,4,2,0,0,0,0,0,0,0,0,0,1,0,1,35,274,67
7620,C1,3,2,3,0,0,0,0,0,0,0,0,0,0,1,0,2,22,179,37
7635,A1,1,3,0,4,0,0,0,0,0,0,0,0,0,1,0,1,29,171,47
7635,B0,0,11,2,1,0,0,0,0,0,0,0,0,0,1,0,2,23,131,38
7635,B1,2,1,3,2,0,0,0,0,0,0,0,0,0,1,0,1,161,1553,221
7635,B2,4,0,1,2,0,0,0,0,0,0,0,0,0,0,1,2,35,274,67
7635,C1,3,3,3,0,0,0,0,0,0,0,0,0,0,1,0,2,22,179,37
7650,A1,3,1,0,2,0,0,0,0,0,0,0,0,0,1,0,2,29,171,47
7650,B0,0,7,2,1,0,0,0,0,0,0,0,0,0,0,1,2,23,131,38
7650,B1,1,1,2,2,0,0,0,0,0,0,0,0,0,0,1,1,161,1553,221
7650,B2,3,0,3,3,0,0,0,0,0,0,0,0,0,0,1,1,35,274,67
7650,C1,2,2,3,0,0,0,0,0,0,0,0,0,0,1,0,2,22,179,37
7665,A1,2,1,0,1,0,0,0,0,0,0,0,0,0,0,1,2,29,171,47
7665,B0,0,7,4,3,0,0,0,0,0,0,0,0,0,1,0,1,23,131,38
7665,B1,2,2,1,1,0,0,0,0,0,0,0,0,0,1,0,2,161,1553,221
7665,B2,4,0,1,2,0,0,0,0,0,0,0,0,0,0,1,2,35,274,67
7665,C1,1,2,1,0,0,0,0,0,0,0,0,0,0,0,1,2,22,179,37
7680,A1,1,2,0,1,0,0,0,0,0,0,0,0,0,1,0,2,29,171,47
7680,B0,0,8,1,3,0,0,0,0,0,0,0,0,0,1,0,2,23,131,38
7680,B1,1,2,1,1,0,0,0,0,0,0,0,0,0,0,1,2,161,1553,221
7680,B2,5,0,1,3,0,0,0,0,0,0,0,0,0,0,1,1,36,277,68
7680,C1,1,1,2,0,0,0,0,0,0,0,0,0,0,0,1,1,22,179,37
7695,A1,3,5,0,4,0,0,0,0,0,0,0,0,0,1,0,2,29,171,47
7695,B0,0,6,1,3,0,0,0,0,0,0,0,0,0,0,1,2,23,131,38
7695,B1,2,1,1,1,0,0,0,0,0,0,0,0,0,0,1,2,162,1561,223
7695,B2,6,0,3,4,0,0,0,0,0,0,0,0,0,1,0,1,36,277,68
7695,C1,3,1,1,0,0,0,0,0,0,0,0,0,0,1,0,2,22,179,37
7710,A1,2,7,0,5,0,0,0,0,0,0,0,0,0,1,0,2,29,171,47
7710,B0,0,4,2,4,0,0,0,0,0,0,0,0,0,1,0,1,23,131,38
7710,B1,1,1,3,1,0,0,0,0,0,0,0,0,0,0,1,1,164,1566,225
7710,B2,9,0,1,5,0,0,0,0,0,0,0,0,0,0,1,1,36,277,68
7710,C1,2,1,2,0,0,0,0,0,0,0,0,0,0,1,0,2,22,179,37
7725,A1,2,6,0,6,0,0,0,0,0,0,0,0,0,1,0,2,29,171,47
7725,B0,0,2,2,4,0,0,0,0,0,0,0,0,0,1,0,1,23,131,38
7725,B1,1,1,1,1,0,0,0,0,0,0,0,0,0,0,1,1,164,1566,225
7725,B2,8,0,2,4,0,0,0,0,0,0,0,0,0,1,0,1,36,277,68
7725,C1,5,1,2,0,0,0,0,0,0,0,0,0,0,0,1,2,22,179,37
7740,A1,1,8,0,6,0,0,0,0,0,0,0,0,0,1,0,2,29,171,47
7740,B0,0,2,1,3,0,0,0,0,0,0,0,0,0,0,1,1,23,131,38
7740,B1,1,1,1,1,0,0,0,0,0,0,0,0,0,0,1,1,164,1566,225
7740,B2,10,0,2,3,0,0,0,0,0,0,0,0,0,0,1,2,36,277,68
7740,C1,5,2,2,0,0,0,0,0,0,0,0,0,0,1,0,2,22,179,37
7755,A1,3,8,0,7,0,0,0,0,0,0,0,0,0,1,0,2,29,171,47
7755,B0,0,2,1,1,0,0,0,0,0,0,0,0,0,0,1,1,23,131,38
7755,B1,2,2,1,2,0,0,0,0,0,0,0,0,0,0,1,2,164,1566,225
7755,B2,7,0,1,4,0,0,0,0,0,0,0,0,0,0,1,1,36,277,68
7755,C1,4,5,3,0,0,0,0,0,0,0,0,0,0,1,0,2,22,179,37
7770,A1,2,4,0,7,0,0,0,0,0,0,0,0,0,1,0,2,29,171,47
7770,B0,0,2,1,3,0,0,0,0,0,0,0,0,0,0,1,1,23,131,38
7770,B1,4,1,1,2,0,0,0,0,0,0,0,0,0,1,0,2,164,1566,225
7770,B2,5,0,1,2,0,0,0,0,0,0,0,0,0,1,0,2,36,277,68
7770,C1,6,3,4,0,0,0,0,0,0,0,0,0,0,1,0,2,22,179,37
7785,A1,3,3,0,5,0,0,0,0,0,0,0,0,0,0,1,2,29,171,47
7785,B0,0,3,1,2,0,0,0,0,0,0,0,0,0,0,1,1,23,131,38
7785,B1,5,1,3,2,0,0,0,0,0,0,0,0,0,1,0,2,164,1566,225
7785,B2,3,0,1,3,0,0,0,0,0,0,0,0,0,0,1,1,36,277,68
7785,C1,9,2,4,0,0,0,0,0,0,0,0,0,0,1,0,2,22,179,37
7800,A1,3,3,0,5,0,0,0,0,0,0,0,0,0,1,0,2,29,171,47
7800,B0,0,4,2,3,0,0,0,0,0,0,0,0,0,0,1,1,23,131,38
7800,B1,4,1,3,1,0,0,0,0,0,0,0,0,0,0,1,2,164,1566,225
7800,B2,1,0,3,3,0,0,0,0,0,0,0,0,0,1,0,1,36,277,68
7800,C1,6,2,7,0,0,0,0,0,0,0,0,0,0,1,0,2,22,179,37
7815,A1,1,5,0,4,0,0,0,0,0,0,0,0,0,0,1,2,29,171,47
7815,B0,0,3,2,1,0,0,0,0,0,0,0,0,0,0,1,1,23,131,38
7815,B1,2,1,3,2,0,0,0,0,0,0,0,0,0,0,1,1,164,1566,225
7815,B2,1,0,1,2,0,0,0,0,0,0,0,0,0,0,1,1,36,277,68
7815,C1,4,1,7,0,0,0,0,0,0,0,0,0,0,1,0,1,22,179,37
7830,A1,1,5,0,7,0,0,0,0,0,0,0,0,0,1,0,2,29,171,47
7830,B0,0,3,2,1,0,0,0,0,0,0,0,0,0,1,0,1,23,131,38
7830,B1,2,4,1,3,0,0,0,0,0,0,0,0,0,0,1,2,164,1566,225
7830,B2,2,0,1,1,0,0,0,0,0,0,0,0,0,0,1,1,36,277,68
7830,C1,5,4,6,0,0,0,0,0,0,0,0,0,0,1,0,2,22,179,37
7845,A1,1,3,0,7,0,0,0,0,0,0,0,0,0,1,0,1,29,171,47
7845,B0,0,3,3,2,0,0,0,0,0,0,0,0,0,0,1,1,23,131,38
7845,B1,2,2,1,1,0,0,0,0,0,0,0,0,0,1,0,2,164,1566,225
7845,B2,2,0,2,1,0,0,0,0,0,0,0,0,0,1,0,1,36,277,68
7845,C1,3,1,8,0,0,0,0,0,0,0,0,0,0,1,0,1,22,179,37
7860,A1,1,4,0,7,0,0,0,0,0,0,0,0,0,0,1,2,29,171,47
7860,B0,0,5,3,1,0,0,0,0,0,0,0,0,0,0,1,1,23,131,38
7860,B1,1,2,2,1,0,0,0,0,0,0,0,0,0,0,1,1,164,1566,225
7860,B2,2,0,1,2,0,0,0,0,0,0,0,0,0,0,1,1,36,277,68
7860,C1,3,2,6,0,0,0,0,0,0,0,0,0,0,1,0,2,22,179,37
7875,A1,2,1,0,8,0,0,0,0,0,0,0,0,0,1,0,1,29,171,47
7875,B0,0,5,4,1,0,0,0,0,0,0,0,0,0,1,0,1,23,131,38
7875,B1,3,1,2,2,0,0,0,0,0,0,0,0,0,1,0,1,164,1566,225
7875,B2,1,0,2,1,0,0,0,0,0,0,0,0,0,1,0,1,36,277,68
7875,C1,3,1,5,0,0,0,0,0,0,0,0,0,0,0,1,1,22,179,37
7890,A1,3,1,0,5,0,0,0,0,0,0,0,0,0,0,1,1,29,171,47
7890,B0,0,7,5,1,0,0,0,0,0,0,0,0,0,0,1,1,23,131,38
7890,B1,1,1,1,1,0,0,0,0,0,0,0,0,0,1,0,1,164,1566,225
7890,B2,2,0,1,1,0,0,0,0,0,0,0,0,0,0,1,1,36,277,68
7890,C1,4,1,3,0,0,0,0,0,0,0,0,0,0,1,0,2,22,179,37
7905,A1,4,1,0,3,0,0,0,0,0,0,0,0,0,1,0,2,29,171,47
7905,B0,0,8,4,3,0,0,0,0,0,0,0,0,0,0,1,1,23,131,38
7905,B1,2,1,2,1,0,0,0,0,0,0,0,0,0,1,0,1,164,1566,225
7905,B2,3,0,3,2,0,0,0,0,0,0,0,0,0,1,0,1,36,277,68
7905,C1,2,2,5,0,0,0,0,0,0,0,0,0,0,1,0,1,22,179,37
7920,A1,3,2,0,2,0,0,0,0,0,0,0,0,0,0,1,2,29,171,47
7920,B0,0,10,4,2,0,0,0,0,0,0,0,0,0,0,1,1,23,131,38
7920,B1,1,1,1,1,0,0,0,0,0,0,0,0,0,1,0,1,165,1568,226
7920,B2,2,0,3,2,0,0,0,0,0,0,0,0,0,0,1,1,37,291,71
7920,C1,3,3,6,0,0,0,0,0,0,0,0,0,0,1,0,2,22,179,37
7935,A1,2,1,0,1,0,0,0,0,0,0,0,0,0,0,1,2,29,171,47
7935,B0,0,11,3,2,0,0,0,0,0,0,0,0,0,0,1,1,23,131,38
7935,B1,2,1,1,1,0,0,1,0,0,0,0,0,0,0,1,2,167,1584,227
7935,B2,2,0,1,3,0,0,0,0,0,1,0,0,0,0,1,1,37,291,71
7935,C1,2,3,4,0,0,0,0,0,0,0,0,0,0,0,1,2,22,179,37
7950,A1,4,1,0,1,0,0,0,0,0,0,0,0,0,1,0,2,29,171,47
7950,B0,0,9,4,1,0,0,0,0,0,0,0,0,0,1,0,1,23,131,38
7950,B1,2,1,1,1,0,0,0,0,0,0,0,0,0,0,1,2,167,1592,228
7950,B2,3,0,1,3,0,0,0,0,0,0,0,0,0,0,1,1,37,291,71
7950,C1,2,1,4,0,0,0,0,0,0,0,0,0,0,0,1,1,22,179,37
7965,A1,1,1,0,3,0,0,0,0,0,0,0,0,0,0,1,1,29,171,47
7965,B0,0,10,4,1,0,0,0,0,0,0,0,0,0,0,1,1,23,131,38
7965,B1,3,3,5,1,0,0,0,0,0,0,0,0,0,1,0,2,167,1592,228
7965,B2,4,0,1,3,0,0,0,0,0,0,0,0,0,0,1,1,37,291,71
7965,C1,6,1,4,0,0,0,0,0,0,0,0,0,0,1,0,2,22,179,37
7980,A1,1,2,0,2,0,0,0,0,0,0,0,0,0,1,0,2,29,171,47
7980,B0,0,10,3,2,0,0,0,0,0,0,0,0,0,1,0,1,23,131,38
7980,B1,2,2,2,1,0,0,0,0,0,0,0,0,0,0,1,2,167,1592,228
7980,B2,5,0,1,4,0,0,0,0,0,0,0,0,0,0,1,1,37,291,71
7980,C1,3,1,4,0,0,0,0,0,0,0,0,0,0,1,0,1,22,179,37
7995,A1,3,3,0,3,0,0,0,0,2,0,0,0,0,0,1,1,30,174,47
7995,B0,0,10,3,2,0,0,0,0,0,0,0,0,0,0,1,1,23,131,38
7995,B1,3,1,1,1,0,0,0,0,0,0,0,1,0,0,1,2,167,1592,228
7995,B2,7,0,3,6,0,0,0,0,0,0,0,0,0,0,1,1,37,291,71
7995,C1,3,3,4,0,0,0,1,0,0,0,0,0,0,1,0,2,23,183,37
8010,A1,3,2,0,2,0,0,0,0,0,0,0,0,0,1,0,2,31,184,50
8010,B0,0,10,5,1,0,0,0,0,0,0,0,0,0,0,1,1,23,131,38
8010,B1,2,1,1,1,0,0,1,0,0,0,0,0,0,1,0,2,168,1609,228
8010,B2,9,0,2,7,0,0,0,0,0,1,0,0,0,0,1,1,37,291,71
8010,C1,3,4,4,0,0,0,1,0,0,0,0,0,0,0,1,2,24,195,38
8025,A1,2,2,0,2,0,0,0,0,0,0,0,0,0,0,1,2,31,184,50
8025,B0,0,11,3,1,0,0,0,0,0,0,0,0,0,0,1,2,23,131,38
8025,B1,2,1,1,1,0,0,0,0,0,0,0,0,0,0,1,2,168,1621,229
8025,B2,10,0,1,4,0,0,0,0,0,0,0,0,0,0,1,1,37,291,71
8025,C1,2,2,4,0,0,0,0,0,0,0,0,0,0,1,0,1,24,196,39
8040,A1,1,3,0,3,0,0,0,0,0,0,0,0,0,1,0,2,32,188,51
8040,B0,0,9,5,1,0,0,0,0,0,0,0,0,0,0,1,1,23,131,38
8040,B1,1,2,1,1,0,0,0,0,0,0,0,0,0,1,0,2,169,1622,230
8040,B2,8,0,2,3,0,0,0,0,0,0,0,0,0,1,0,1,37,291,71
8040,C1,3,5,3,0,0,0,0,0,0,0,0,0,0,1,0,2,24,196,39
8055,A1,3,2,0,2,0,0,0,0,0,0,0,0,0,0,1,2,32,188,51
8055,B0,0,10,6,1,0,0,0,0,0,0,0,0,0,0,1,1,23,131,38
8055,B1,2,3,2,1,0,0,0,0,0,0,0,0,0,0,1,2,169,1622,230
8055,B2,11,0,1,3,0,0,0,0,0,0,0,0,0,0,1,2,37,291,71
8055,C1,2,4,3,0,0,0,0,0,0,0,0,0,0,1,0,2,24,196,39
8070,A1,1,2,0,2,0,0,0,0,0,0,0,0,0,1,0,2,32,188,51
8070,B0,0,12,7,3,0,0,0,0,0,0,0,0,0,0,1,1,23,131,38
8070,B1,2,1,1,2,0,0,0,0,0,0,0,0,0,0,1,1,169,1622,230
8070,B2,9,0,2,3,0,0,0,0,0,0,0,0,0,1,0,2,37,291,71
8070,C1,2,2,1,0,0,0,0,0,0,0,0,0,0,0,1,2,24,196,39
8085,A1,1,1,0,3,0,0,0,0,0,0,0,0,0,0,1,1,32,188,51
8085,B0,0,13,7,1,0,0,0,0,0,0,0,0,0,0,1,1,23,131,38
8085,B1,2,2,1,2,0,0,0,0,0,0,0,0,0,1,0,2,169,1622,230
8085,B2,8,0,3,2,0,0,0,0,0,0,0,0,0,1,0,2,37,291,71
8085,C1,2,2,1,0,0,0,0,0,0,0,0,0,0,1,0,2,24,196,39
8100,A1,1,2,0,3,0,0,0,0,0,0,0,0,0,1,0,1,32,188,51
8100,B0,0,16,3,1,0,0,0,0,0,0,0,0,0,0,1,2,23,131,38
8100,B1,2,2,2,1,0,0,0,0,0,0,0,0,0,0,1,2,170,1634,232
8100,B2,6,0,1,3,0,0,0,0,0,0,0,0,0,0,1,2,37,291,71
8100,C1,1,1,3,0,0,0,0,0,0,0,0,0,0,1,0,1,24,196,39
8115,A1,2,2,0,3,0,0,0,0,0,0,0,0,0,1,0,2,32,188,51
8115,B0,0,15,3,2,0,0,0,0,0,0,0,0,0,0,1,1,23,131,38
8115,B1,1,1,1,1,0,0,0,0,0,0,0,0,0,1,0,1,170,1634,232
8115,B2,4,0,1,4,0,0,0,0,0,0,0,0,0,0,1,1,37,291,71
8115,C1,2,2,1,0,0,0,0,0,0,0,0,0,0,1,0,2,24,196,39
8130,A1,2,2,0,2,0,0,0,0,0,0,0,0,0,1,0,2,32,188,51
8130,B0,0,13,4,4,0,0,0,0,0,0,0,0,0,1,0,1,23,131,38
8130,B1,2,1,1,1,0,0,0,0,0,0,0,0,0,0,1,2,171,1638,233
8130,B2,5,0,1,3,0,0,0,0,0,0,0,0,0,1,0,1,37,291,71
8130,C1,1,1,2,0,0,0,0,0,0,0,0,0,0,1,0,1,24,196,39
8145,A1,1,2,0,3,0,0,0,0,0,0,0,0,1,0,1,2,32,188,51
8145,B0,0,13,4,4,0,0,0,0,0,0,0,0,0,0,1,1,23,131,38
8145,B1,2,1,2,2,0,0,0,1,0,0,0,0,0,0,1,1,172,1642,233
8145,B2,5,0,3,3,0,0,0,0,0,0,0,0,0,1,0,1,37,291,71
8145,C1,2,2,2,0,0,0,0,0,0,0,0,0,0,1,0,2,24,196,39
8160,A1,3,2,0,2,0,0,0,0,0,0,0,0,0,1,0,2,32,188,51
8160,B0,0,15,2,1,0,0,0,0,0,0,0,0,0,0,1,2,23,131,38
8160,B1,1,1,1,1,0,0,0,0,0,0,0,0,0,1,0,1,173,1655,235
8160,B2,5,0,2,1,0,0,0,0,0,0,0,0,0,0,1,2,37,291,71
8160,C1,2,2,2,0,0,0,0,0,0,0,0,0,0,1,0,2,24,196,39
8175,A1,3,4,0,1,0,0,0,0,0,0,0,0,0,0,1,2,32,188,51
8175,B0,0,14,3,2,0,0,0,0,0,0,0,0,0,0,1,1,24,132,39
8175,B1,2,1,1,2,0,0,0,0,0,0,0,0,0,1,0,1,174,1658,236
8175,B2,4,0,4,3,0,0,0,0,0,0,0,0,0,0,1,1,37,291,71
8175,C1,2,1,3,0,0,0,0,0,0,0,0,0,0,1,0,1,24,196,39
8190,A1,3,6,0,1,0,0,0,0,0,0,0,0,0,1,0,2,32,188,51
8190,B0,0,12,3,3,0,0,0,0,0,0,0,0,0,1,0,1,24,132,39
8190,B1,5,1,2,2,0,0,1,0,0,0,0,0,0,1,0,2,175,1659,236
8190,B2,4,0,1,2,0,0,0,0,0,1,0,0,0,1,0,1,37,291,71
8190,C1,2,1,2,0,0,0,0,0,0,0,0,0,0,1,0,2,24,196,39
8205,A1,2,7,0,2,0,0,0,0,0,0,0,0,0,1,0,2,32,188,51
8205,B0,0,12,2,2,0,0,0,0,0,0,0,0,0,1,0,2,24,132,39
8205,B1,1,1,2,2,0,0,0,0,0,0,0,0,0,1,0,1,175,1686,237
8205,B2,3,0,1,3,0,0,0,0,0,0,0,0,0,0,1,1,37,291,71
8205,C1,2,1,4,0,0,0,0,0,0,0,0,0,0,1,0,1,24,196,39
8220,A1,1,7,0,6,0,0,0,0,0,0,0,0,0,1,0,2,32,188,51
8220,B0,0,9,3,2,0,0,0,0,0,0,0,0,0,0,1,1,24,132,39
8220,B1,3,1,1,2,0,0,0,0,0,0,0,0,0,0,1,2,175,1686,237
8220,B2,4,0,1,2,0,0,0,0,0,0,0,0,0,1,0,2,37,291,71
8220,C1,2,1,2,0,0,0,0,0,0,0,0,0,0,1,0,2,24,196,39
8235,A1,1,5,0,7,0,0,0,0,0,0,0,0,0,1,0,2,32,188,51
8235,B0,0,7,4,3,0,0,0,0,0,0,0,0,0,1,0,1,24,132,39
8235,B1,2,1,2,4,0,0,0,0,0,0,0,0,0,0,1,1,176,1687,238
8235,B2,3,0,3,1,0,0,0,0,0,0,0,0,0,1,0,1,37,291,71
8235,C1,3,2,3,0,0,0,0,0,0,0,0,0,0,1,0,2,24,196,39
8250,A1,4,4,0,5,0,0,0,0,0,0,0,0,0,0,1,2,32,188,51
8250,B0,0,7,6,2,0,0,0,0,0,0,0,0,0,0,1,1,24,132,39
8250,B1,2,1,2,1,0,0,0,0,0,0,0,0,0,0,1,1,176,1687,238
8250,B2,1,0,1,1,0,0,0,0,0,0,0,0,0,0,1,1,37,291,71
8250,C1,4,2,3,0,0,0,0,0,0,0,0,0,0,0,1,2,24,196,39
8265,A1,1,4,0,7,0,0,0,0,0,0,0,0,0,1,0,2,33,189,52
8265,B0,0,8,3,1,0,0,0,0,0,0,0,0,0,0,1,1,24,132,39
8265,B1,2,1,1,1,0,0,0,0,0,0,0,0,0,1,0,2,176,1687,238
8265,B2,2,0,3,1,0,0,0,0,0,0,0,0,0,0,1,1,37,291,71
8265,C1,4,1,2,0,0,0,0,0,0,0,0,0,0,0,1,2,24,196,39
8280,A1,3,4,0,6,0,0,0,0,0,0,0,0,0,0,1,2,33,189,52
8280,B0,0,7,4,3,0,0,0,0,0,0,0,0,0,0,1,1,24,132,39
8280,B1,5,1,1,1,0,0,0,0,0,0,0,0,0,0,1,2,176,1687,238
8280,B2,2,0,1,2,0,0,0,0,0,0,0,0,0,0,1,1,37,291,71
8280,C1,3,1,2,0,0,0,0,0,0,0,0,0,0,1,0,2,24,196,39
8295,A1,3,4,0,8,0,0,0,0,0,0,0,0,0,1,0,2,33,189,52
8295,B0,0,7,3,3,0,0,0,0,0,0,0,0,0,0,1,1,24,132,39
8295,B1,3,2,3,2,0,0,0,0,0,0,0,0,0,0,1,1,176,1687,238
8295,B2,3,0,2,2,0,0,0,0,0,0,0,0,0,1,0,1,37,291,71
8295,C1,3,1,1,0,0,0,0,0,0,0,0,0,0,0,1,2,24,196,39
8310,A1,2,4,0,7,0,0,0,0,0,0,0,0,0,0,1,2,33,189,52
8310,B0,0,6,3,2,0,0,0,0,0,0,0,0,0,1,0,1,24,132,39
8310,B1,4,1,2,4,0,0,0,0,0,0,0,0,0,1,0,1,177,1697,240
8310,B2,5,0,1,3,0,0,0,0,0,0,0,0,0,0,1,1,37,291,71
8310,C1,1,2,1,0,0,0,0,0,0,0,0,0,0,1,0,2,24,196,39
8325,A1,2,3,0,6,0,0,0,0,0,0,0,0,0,0,1,2,33,189,52
8325,B0,0,9,4,1,0,0,0,0,0,0,0,0,0,0,1,1,24,132,39
8325,B1,4,1,1,2,0,0,0,0,0,0,0,0,0,1,0,2,178,1717,241
8325,B2,4,0,2,3,0,0,0,0,0,0,0,0,0,0,1,1,37,291,71
8325,C1,1,1,1,0,0,0,0,0,0,0,0,0,0,1,0,2,24,196,39
8340,A1,2,1,0,8,0,1,0,0,0,0,0,0,0,0,1,2,35,195,53
8340,B0,0,10,2,2,0,0,0,0,0,0,0,0,0,1,0,2,24,132,39
8340,B1,2,2,1,1,0,0,0,0,0,0,0,0,0,0,1,2,178,1717,241
8340,B2,3,0,2,1,0,0,0,0,0,0,0,0,0,1,0,1,37,291,71
8340,C1,1,2,1,0,0,0,0,0,0,0,0,0,0,1,0,2,24,196,39
8355,A1,1,4,0,7,0,0,0,0,0,0,0,0,0,1,0,2,35,202,54
8355,B0,0,8,3,1,0,0,0,0,0,0,0,0,0,0,1,1,25,135,41
8355,B1,2,1,1,2,0,0,0,0,0,0,0,0,0,0,1,1,178,1717,241
8355,B2,3,0,2,2,0,0,0,0,0,0,0,0,0,0,1,1,37,291,71
8355,C1,2,2,1,0,0,0,0,0,0,0,0,0,0,1,0,2,24,196,39
8370,A1,4,5,0,6,0,0,0,0,0,0,0,0,0,1,0,2,35,202,54
8370,B0,0,7,5,2,0,0,0,0,0,0,0,0,0,0,1,1,25,135,41
8370,B1,1,1,1,1,0,0,0,0,0,0,0,0,0,1,0,1,178,1717,241
8370,B2,3,0,3,3,0,0,0,0,0,0,0,0,0,1,0,1,37,291,71
8370,C1,1,2,1,0,0,0,0,0,0,0,0,0,0,1,0,2,24,196,39
8385,A1,2,5,0,6,0,0,0,0,0,0,0,0,0,1,0,2,35,202,54
8385,B0,0,8,4,3,0,0,0,0,0,0,0,0,0,0,1,1,25,135,41
8385,B1,1,1,1,1,0,0,0,0,0,0,0,0,0,0,1,1,178,1717,241
8385,B2,3,0,2,3,0,0,0,0,0,0,0,0,0,0,1,1,37,291,71
8385,C1,5,1,2,0,0,0,0,0,0,0,0,0,0,1,0,2,24,196,39
8400,A1,1,6,0,7,0,0,0,0,0,0,0,0,0,1,0,2,35,202,54
8400,B0,0,9,3,1,0,0,0,0,0,0,0,0,0,1,0,1,25,135,41
8400,B1,1,3,5,1,0,0,0,0,0,0,0,0,0,0,1,1,178,1717,241
8400,B2,3,0,1,2,0,0,0,0,0,0,0,0,0,1,0,1,37,291,71
8400,C1,2,3,3,0,0,0,0,0,0,0,0,0,0,1,0,2,24,196,39
8415,A1,2,5,0,7,0,0,0,0,0,0,0,0,0,1,0,2,35,202,54
8415,B0,0,8,3,1,0,0,0,0,0,0,0,0,0,0,1,1,25,135,41
8415,B1,2,2,2,2,0,0,0,0,0,0,0,0,0,1,0,1,178,1717,241
8415,B2,3,0,3,1,0,0,0,0,0,0,0,0,0,0,1,1,37,291,71
8415,C1,2,3,1,0,0,0,0,0,0,0,0,0,0,1,0,2,24,196,39
8430,A1,1,3,0,8,0,0,0,0,0,0,0,0,0,1,0,1,35,202,54
8430,B0,0,7,3,1,0,0,0,0,0,0,0,0,0,0,1,1,25,135,41
8430,B1,1,1,4,1,0,0,0,0,0,0,0,0,0,0,1,1,178,1717,241
8430,B2,4,0,1,1,0,0,0,0,0,0,0,0,0,0,1,2,37,291,71
8430,C1,4,3,3,0,0,0,0,0,0,0,0,0,0,0,1,2,24,196,39
8445,A1,1,3,0,7,0,0,0,0,0,0,0,0,0,1,0,1,35,202,54
8445,B0,0,5,4,1,0,0,0,0,0,0,0,0,0,0,1,1,25,135,41
8445,B1,2,1,1,1,0,0,0,0,0,0,0,0,0,0,1,2,178,1717,241
8445,B2,5,0,1,2,0,0,0,0,0,0,0,0,0,0,1,2,37,291,71
8445,C1,4,1,4,0,0,0,0,0,0,0,0,0,0,1,0,2,24,196,39
8460,A1,2,5,0,6,0,0,0,0,0,0,0,0,0,0,1,2,35,202,54
8460,B0,0,7,2,2,0,0,0,0,0,0,0,0,0,0,1,2,25,135,41
8460,B1,1,1,1,1,0,0,0,0,0,0,0,0,0,1,0,1,178,1717,241
8460,B2,3,0,1,4,0,0,0,0,0,0,0,0,0,0,1,1,38,292,72
8460,C1,3,3,6,0,0,0,0,0,0,0,0,0,0,1,0,2,24,196,39
8475,A1,1,3,0,6,0,0,0,0,0,0,0,0,0,1,0,1,35,202,54
8475,B0,0,6,5,2,0,0,0,0,0,0,0,0,0,0,1,1,25,135,41
8475,B1,1,1,2,3,0,0,0,0,0,0,0,0,0,1,0,1,179,1718,242
8475,B2,5,0,1,1,0,0,0,0,0,0,0,0,0,0,1,2,38,292,72
8475,C1,4,1,4,0,0,0,0,0,0,0,0,0,0,0,1,2,24,196,39
8490,A1,3,3,0,4,0,0,0,0,0,0,0,0,0,1,0,2,35,202,54
8490,B0,0,7,4,1,0,0,0,0,0,0,0,0,0,0,1,1,25,135,41
8490,B1,2,2,1,1,0,0,0,0,0,0,0,0,0,0,1,2,180,1724,243
8490,B2,4,0,2,4,0,0,0,0,0,0,0,0,0,0,1,1,38,292,72
8490,C1,5,2,5,0,0,0,0,0,0,0,0,0,0,1,0,2,24,196,39
8505,A1,1,3,0,2,0,0,0,0,0,0,0,0,0,0,1,2,35,202,54
8505,B0,0,8,3,1,0,0,0,0,0,0,0,0,0,0,1,1,25,135,41
8505,B1,2,1,3,2,0,0,0,0,0,0,0,0,0,0,1,1,182,1727,245
8505,B2,5,0,1,3,0,0,0,0,0,0,0,0,0,1,0,1,38,292,72
8505,C1,7,1,7,0,0,0,0,0,0,0,0,0,0,1,0,2,24,196,39
8520,A1,2,4,0,3,0,0,0,0,0,0,0,0,0,1,0,2,35,202,54
8520,B0,0,8,3,1,0,0,0,0,0,0,0,0,0,1,0,1,25,135,41
8520,B1,2,5,1,1,0,0,0,0,0,0,0,0,0,1,0,2,182,1727,245
8520,B2,5,0,3,4,0,0,0,0,0,0,0,0,0,0,1,1,38,292,72
8520,C1,4,1,8,0,0,0,0,0,0,0,0,0,0,1,0,1,24,196,39
8535,A1,2,1,0,3,0,0,0,0,0,0,0,0,0,1,0,1,35,202,54
8535,B0,0,9,6,1,0,0,0,0,0,0,0,0,0,0,1,1,25,135,41
8535,B1,1,4,1,1,0,0,0,0,0,0,0,0,0,1,0,2,182,1727,245
8535,B2,3,0,2,3,0,0,0,0,0,0,0,0,0,1,0,1,38,292,72
8535,C1,5,3,8,0,0,0,0,0,0,0,0,0,0,1,0,2,24,196,39
8550,A1,1,2,0,3,0,0,0,0,0,0,0,0,0,1,0,1,35,202,54
8550,B0,0,10,6,1,0,0,0,0,0,0,0,0,0,0,1,1,25,135,41
8550,B1,1,2,2,2,0,0,0,0,0,0,0,0,0,1,0,1,182,1727,245
8550,B2,6,0,1,1,0,0,0,0,0,0,0,0,0,0,1,2,38,292,72
8550,C1,6,3,10,0,0,0,0,0,0,0,0,0,0,1,0,2,24,196,39
8565,A1,2,2,0,2,0,0,0,0,0,0,0,0,0,0,1,2,35,202,54
8565,B0,0,10,3,1,0,0,0,0,0,0,0,0,0,0,1,1,25,135,41
8565,B1,1,3,1,3,0,0,0,0,0,0,0,0,0,0,1,1,182,1727,245
8565,B2,2,0,1,2,0,0,0,0,0,0,0,0,0,0,1,1,38,292,72
8565,C1,5,1,9,0,0,0,0,0,0,0,0,0,0,0,1,2,24,196,39
8580,A1,4,2,0,2,0,0,0,0,0,0,0,0,0,1,0,2,36,210,56
8580,B0,0,10,5,3,0,0,0,0,0,0,0,0,0,0,1,1,25,135,41
8580,B1,1,1,1,3,0,0,0,0,0,0,0,0,0,1,0,1,182,1727,245
8580,B2,2,0,2,1,0,0,0,0,0,0,0,0,0,0,1,1,38,292,72
8580,C1,6,1,11,0,0,0,0,0,0,0,0,0,0,1,0,2,24,196,39
8595,A1,2,3,0,1,0,0,0,0,0,0,0,0,0,0,1,2,36,210,56
8595,B0,0,11,2,3,0,0,0,0,0,0,0,0,0,0,1,1,25,135,41
8595,B1,2,4,2,1,0,0,0,0,0,0,0,0,0,1,0,2,182,1727,245
8595,B2,2,0,2,1,0,0,0,0,0,0,0,0,0,1,0,1,38,292,72
8595,C1,5,1,12,0,0,0,0,0,0,0,0,0,0,1,0,2,24,196,39
8610,A1,2,2,0,2,0,0,0,0,0,0,0,0,0,1,0,2,36,210,56
8610,B0,0,10,3,2,0,0,0,0,0,0,0,0,0,0,1,1,25,135,41
8610,B1,2,3,1,4,0,0,0,0,0,0,0,0,0,0,1,1,182,1727,245
8610,B2,5,0,2,1,0,0,0,0,1,0,0,0,0,0,1,1,39,314,72
8610,C1,5,4,12,0,0,0,0,0,0,0,0,0,0,1,0,2,24,196,39
8625,A1,2,3,0,3,0,0,0,0,0,0,0,0,1,1,0,2,36,210,56
8625,B0,0,6,2,3,0,0,0,0,0,0,0,0,0,1,0,1,25,135,41
8625,B1,2,2,3,5,0,0,0,2,0,0,0,0,0,0,1,1,183,1729,245
8625,B2,5,0,2,3,0,0,0,0,0,0,0,0,0,0,1,1,39,315,73
8625,C1,3,2,13,0,0,0,0,0,0,0,0,0,0,0,1,1,24,196,39
8640,A1,2,2,0,2,0,0,0,0,0,0,0,0,1,0,1,2,36,210,56
8640,B0,0,6,2,1,0,0,0,0,0,0,0,0,0,1,0,2,25,135,41
8640,B1,1,2,2,1,0,0,0,1,0,0,0,0,0,1,0,1,184,1743,247
8640,B2,4,0,2,1,0,0,0,0,0,0,0,0,0,1,0,2,39,315,73
8640,C1,5,2,10,0,0,0,0,0,0,0,0,0,0,1,0,2,24,196,39
8655,A1,1,3,0,4,0,0,0,0,0,0,0,0,0,1,0,1,37,212,57
8655,B0,0,7,3,1,0,0,0,0,0,0,0,0,0,0,1,1,25,135,41
8655,B1,1,1,1,1,0,0,0,0,0,0,0,0,0,0,1,1,184,1754,249
8655,B2,3,0,2,1,0,0,0,0,0,0,0,0,0,1,0,1,39,315,73
8655,C1,4,2,9,0,0,0,0,0,0,0,0,0,0,0,1,2,24,196,39
8670,A1,4,1,0,2,0,0,0,0,0,0,0,0,0,1,0,2,37,212,57
8670,B0,0,9,5,1,0,0,0,0,0,0,0,0,0,0,1,1,25,135,41
8670,B1,1,1,1,2,0,0,0,0,0,0,0,0,0,0,1,1,184,1754,249
8670,B2,1,0,1,2,0,0,0,0,0,0,0,0,0,0,1,1,39,315,73
8670,C1,5,3,9,0,0,0,0,0,0,0,0,0,0,1,0,2,24,196,39
8685,A1,1,2,0,2,0,0,0,0,0,0,0,0,0,1,0,2,37,212,57
8685,B0,0,9,4,3,0,0,0,0,0,0,0,0,0,0,1,1,25,135,41
8685,B1,3,1,1,1,0,0,0,0,0,0,0,0,0,1,0,2,184,1754,249
8685,B2,4,0,1,3,0,0,0,0,0,0,0,0,0,1,0,1,39,315,73
8685,C1,3,2,7,0,0,0,0,0,0,0,0,0,0,0,1,1,24,196,39
8700,A1,2,1,0,1,0,0,0,0,0,0,0,0,0,1,0,2,37,212,57
8700,B0,0,10,1,2,0,0,0,0,0,0,0,0,0,1,0,2,25,135,41
8700,B1,2,1,1,3,0,0,0,0,0,0,0,0,0,0,1,1,185,1758,250
8700,B2,2,0,1,3,0,0,0,0,0,0,0,0,0,0,1,1,39,315,73
8700,C1,3,2,6,0,0,0,0,0,0,0,0,0,0,1,0,2,24,196,39
8715,A1,2,1,0,2,0,0,0,0,0,0,0,0,1,1,0,2,37,212,57
8715,B0,0,8,2,3,0,0,0,0,0,0,0,0,0,0,1,1,25,135,41
8715,B1,2,1,2,1,0,0,0,1,0,0,0,0,0,1,0,1,186,1772,250
8715,B2,3,0,1,1,0,0,0,0,0,0,0,0,0,0,1,2,39,315,73
8715,C1,3,3,6,0,0,0,0,0,0,0,0,0,0,0,1,2,24,196,39
8730,A1,1,2,0,3,0,0,0,0,0,0,0,0,0,0,1,1,37,212,57
8730,B0,0,8,4,3,0,0,0,0,0,0,0,0,0,1,0,1,25,135,41
8730,B1,2,2,5,3,0,0,0,0,0,0,1,0,0,1,0,1,186,1784,252
8730,B2,2,0,3,3,0,1,0,0,0,0,0,0,0,0,1,1,41,326,75
8730,C1,2,2,5,0,0,0,0,0,0,0,0,0,0,0,1,1,24,196,39
8745,A1,1,1,0,3,0,0,0,0,0,0,0,0,0,1,0,1,37,212,57
8745,B0,0,11,3,1,0,0,0,0,0,0,0,0,0,0,1,2,25,135,41
8745,B1,2,2,3,2,0,0,0,0,0,0,0,0,0,0,1,1,186,1784,252
8745,B2,2,0,1,2,0,0,0,0,0,0,0,0,0,0,1,1,41,330,76
8745,C1,2,3,3,0,0,0,0,0,0,0,0,0,0,1,0,2,24,196,39
8760,A1,2,4,0,3,0,0,0,0,0,0,0,0,0,1,0,2,37,212,57
8760,B0,0,11,2,1,0,0,0,0,0,0,0,0,0,0,1,2,25,135,41
8760,B1,4,3,1,1,0,0,0,0,0,0,0,0,0,1,0,2,187,1792,254
8760,B2,4,0,1,2,0,0,0,0,0,0,0,0,0,1,0,2,41,330,76
8760,C1,2,2,3,0,0,0,0,0,0,0,0,0,0,0,1,2,24,196,39
8775,A1,2,2,0,2,0,0,0,0,0,0,0,0,0,0,1,2,37,212,57
8775,B0,0,10,2,2,0,0,0,0,0,0,0,0,0,1,0,2,25,135,41
8775,B1,2,1,1,1,0,0,0,0,0,0,0,0,0,0,1,2,187,1792,254
8775,B2,4,0,1,1,0,0,0,0,0,0,0,0,0,0,1,2,41,330,76
8775,C1,2,1,3,0,0,0,0,0,0,0,0,0,0,0,1,1,24,196,39
8790,A1,2,3,0,2,0,0,0,0,0,0,0,0,0,1,0,2,37,212,57
8790,B0,0,9,1,3,0,0,0,0,0,0,0,0,0,1,0,2,25,135,41
8790,B1,1,2,1,2,0,0,0,0,0,0,0,0,0,0,1,1,187,1792,254
8790,B2,3,0,1,3,0,0,0,0,0,0,0,0,0,0,1,1,42,331,77
8790,C1,2,1,4,0,0,0,0,0,0,0,0,0,0,1,0,1,24,196,39
8805,A1,4,2,0,3,0,0,0,0,0,0,0,0,0,1,0,2,37,212,57
8805,B0,0,8,1,4,0,0,0,0,0,0,1,0,0,0,1,1,25,135,41
8805,B1,1,1,1,1,0,1,0,0,0,0,0,0,0,1,0,2,188,1796,254
8805,B2,4,0,2,2,0,0,0,0,0,0,0,0,0,0,1,1,42,331,77
8805,C1,6,1,3,0,0,0,0,0,0,0,0,0,0,1,0,2,24,196,39
8820,A1,3,3,0,2,0,0,0,0,0,0,0,0,0,0,1,2,37,212,57
8820,B0,0,6,5,4,0,0,0,0,0,0,0,0,0,0,1,1,25,135,41
8820,B1,1,2,3,1,0,0,0,0,1,0,0,0,0,0,1,1,189,1811,255
8820,B2,3,0,1,1,0,0,0,0,0,0,0,0,0,0,1,2,42,331,77
8820,C1,7,1,3,0,0,0,0,0,0,0,0,1,0,1,0,2,24,196,39
8835,A1,3,5,0,3,0,0,0,0,0,0,0,0,0,1,0,2,37,212,57
8835,B0,0,7,5,4,0,0,0,0,0,0,0,0,0,0,1,1,25,135,41
8835,B1,1,1,3,3,0,0,0,0,0,0,0,0,0,1,0,1,190,1819,257
8835,B2,1,0,2,2,0,0,0,0,0,0,0,0,0,0,1,1,42,331,77
8835,C1,9,2,4,0,0,0,0,0,0,0,0,0,0,1,0,2,24,196,39
8850,A1,2,5,0,3,0,0,0,0,0,0,0,0,0,1,0,2,37,212,57
8850,B0,0,7,4,2,0,0,0,0,0,0,0,0,0,0,1,1,25,135,41
8850,B1,2,1,2,2,0,0,0,0,0,0,0,0,0,1,0,1,191,1838,258
8850,B2,1,0,1,5,0,0,0,0,0,0,0,0,0,0,1,1,42,331,77
8850,C1,3,2,4,0,0,0,0,0,0,0,0,0,0,1,0,2,24,196,39
8865,A1,1,4,0,3,0,0,0,0,0,0,0,0,0,0,1,2,37,212,57
8865,B0,0,7,2,3,0,0,0,0,0,0,0,0,0,1,0,1,25,135,41
8865,B1,4,1,3,2,0,0,0,0,0,0,0,0,0,0,1,1,191,1838,258
8865,B2,2,0,3,5,0,0,0,0,0,0,0,0,0,0,1,1,42,331,77
8865,C1,5,4,2,0,0,0,3,0,0,0,0,0,0,1,0,2,25,198,39
8880,A1,2,4,0,2,0,0,0,0,0,0,0,0,0,1,0,2,37,212,57
8880,B0,0,7,4,3,0,0,0,0,0,0,0,0,0,0,1,1,25,135,41
8880,B1,6,1,3,4,0,0,0,0,0,0,0,0,0,0,1,1,191,1838,258
8880,B2,3,0,3,3,0,0,0,0,0,0,0,0,0,0,1,1,42,331,77
8880,C1,5,2,4,0,0,0,0,0,0,0,0,0,0,1,0,2,25,199,42
8895,A1,1,6,0,4,0,0,0,0,0,0,0,0,0,1,0,2,37,212,57
8895,B0,0,8,3,1,0,0,0,0,0,0,0,0,0,0,1,1,25,135,41
8895,B1,5,1,2,4,0,0,0,0,0,0,0,0,0,1,0,1,191,1838,258
8895,B2,5,0,1,3,0,0,0,0,0,0,0,0,0,0,1,1,42,331,77
8895,C1,6,1,4,0,0,0,0,0,0,0,0,0,0,1,0,2,25,199,42
8910,A1,1,3,0,6,0,0,0,0,0,0,0,0,0,0,1,1,37,212,57
8910,B0,0,8,4,1,0,0,0,0,0,0,0,0,0,1,0,1,25,135,41
8910,B1,4,1,1,2,0,0,0,0,0,0,0,0,0,1,0,2,192,1841,260
8910,B2,4,0,2,2,0,0,0,0,0,0,0,0,0,1,0,1,42,331,77
8910,C1,4,1,6,0,0,0,0,0,0,0,0,0,0,1,0,2,25,199,42
8925,A1,2,4,0,5,0,0,0,0,0,0,0,0,0,1,0,2,37,212,57
8925,B0,0,6,2,1,0,0,0,0,0,0,0,0,0,0,1,2,25,135,41
8925,B1,2,1,2,1,0,0,0,0,0,0,0,0,0,0,1,1,192,1841,260
8925,B2,8,0,1,6,0,0,0,0,0,0,0,0,0,0,1,1,42,331,77
8925,C1,6,1,5,0,0,0,0,0,0,0,0,0,0,1,0,2,25,199,42
8940,A1,1,3,0,5,0,0,0,0,0,0,0,0,0,0,1,1,37,212,57
8940,B0,0,4,3,3,0,0,0,0,0,0,0,0,0,0,1,1,25,135,41
8940,B1,2,1,2,1,0,0,0,0,0,0,0,0,0,1,0,1,192,1841,260
8940,B2,9,0,4,2,0,0,0,0,0,0,0,0,0,1,0,1,42,331,77
8940,C1,4,2,7,0,0,0,0,0,0,0,0,0,0,0,1,2,25,199,42
8955,A1,3,4,0,5,0,0,2,0,0,0,0,0,0,1,0,2,38,231,57
8955,B0,0,7,4,2,0,0,0,0,0,0,0,0,0,0,1,1,25,135,41
8955,B1,1,2,2,3,0,0,0,0,0,0,0,0,0,1,0,1,192,1841,260
8955,B2,9,0,2,2,0,0,0,0,0,0,0,0,0,1,0,2,42,331,77
8955,C1,6,1,6,0,0,0,0,0,0,0,0,0,0,1,0,2,25,199,42
8970,A1,2,3,0,5,0,0,0,0,0,0,0,0,0,1,0,2,38,233,60
8970,B0,0,8,3,2,0,0,0,0,0,0,0,0,0,0,1,1,25,135,41
8970,B1,3,3,1,2,0,0,0,0,0,0,0,0,0,1,0,2,193,1845,261
8970,B2,6,0,5,5,0,0,0,0,0,0,0,0,0,0,1,1,42,331,77
8970,C1,4,2,7,0,0,0,0,0,0,0,0,0,0,0,1,2,25,199,42
8985,A1,1,4,0,5,0,0,0,0,0,0,0,0,0,0,1,2,38,233,60
8985,B0,0,7,2,1,0,0,0,0,0,0,0,0,0,1,0,2,25,135,41
8985,B1,1,3,2,1,0,0,0,0,0,0,0,0,0,0,1,2,193,1845,261
8985,B2,7,0,3,2,0,0,0,0,0,0,0,0,0,1,0,2,42,331,77
8985,C1,3,1,7,0,0,0,0,0,0,0,0,0,0,1,0,1,25,199,42
9000,A1,2,5,0,3,0,0,0,0,0,0,0,0,0,0,1,2,38,233,60
9000,B0,0,3,2,2,0,0,0,0,0,0,0,0,0,1,0,1,25,135,41
9000,B1,1,4,1,3,0,0,2,0,0,0,0,0,0,1,0,2,195,1857,262
9000,B2,7,0,1,3,0,0,0,0,0,1,0,0,0,0,1,1,42,331,77
9000,C1,4,3,6,0,0,0,0,0,0,0,0,0,0,1,0,2,25,199,42
9015,A1,2,5,0,4,0,0,0,0,0,0,0,0,0,1,0,2,38,233,60
9015,B0,0,3,1,2,0,0,0,0,0,0,0,0,0,0,1,1,25,135,41
9015,B1,1,2,4,2,0,0,0,0,0,0,0,0,0,1,0,1,195,1879,265
9015,B2,8,0,1,4,0,0,0,0,0,0,0,0,0,0,1,1,42,331,77
9015,C1,1,4,5,0,0,0,0,0,0,0,0,0,0,0,1,1,25,199,42
9030,A1,2,5,0,4,0,0,0,0,0,0,0,0,0,1,0,2,38,233,60
9030,B0,0,1,1,2,0,0,0,0,0,0,0,0,0,0,1,1,25,135,41
9030,B1,1,3,3,1,0,0,0,0,0,0,0,0,0,1,0,1,195,1879,265
9030,B2,6,0,3,3,0,0,0,0,0,0,0,0,0,1,0,1,42,331,77
9030,C1,1,2,5,0,0,0,0,0,0,0,0,0,0,1,0,1,25,199,42
9045,A1,3,7,0,6,0,0,0,0,0,0,0,0,0,1,0,2,38,233,60
9045,B0,0,3,1,4,0,0,0,0,0,0,0,0,0,0,1,1,25,135,41
9045,B1,1,4,3,1,0,0,0,0,0,0,0,0,0,1,0,2,195,1879,265
9045,B2,5,0,2,3,0,0,0,0,0,0,0,0,0,1,0,1,43,335,78
9045,C1,2,4,3,0,0,0,0,0,0,0,0,0,0,1,0,2,25,199,42
9060,A1,1,5,0,7,0,0,0,0,0,0,0,0,0,1,0,2,38,233,60
9060,B0,0,3,2,1,0,0,0,0,0,0,0,0,0,0,1,1,25,135,41
9060,B1,2,3,3,1,0,0,0,0,0,0,0,0,0,0,1,2,195,1879,265
9060,B2,4,0,3,5,0,0,0,0,0,0,0,0,0,0,1,1,43,335,78
9060,C1,3,1,3,0,0,0,0,0,0,0,0,0,0,1,0,2,25,199,42
9075,A1,1,5,0,9,0,0,0,0,0,0,0,0,0,1,0,2,38,233,60
9075,B0,0,1,3,1,0,0,0,0,0,0,0,0,0,0,1,1,25,135,41
9075,B1,4,2,3,2,0,0,0,0,0,0,0,0,0,1,0,2,195,1879,265
9075,B2,6,0,1,5,0,0,0,0,0,0,0,0,0,0,1,1,43,335,78
9075,C1,5,2,4,0,0,0,0,0,0,0,0,0,0,0,1,2,25,199,42
9090,A1,1,2,0,11,0,0,0,0,0,0,0,0,0,0,1,1,38,233,60
9090,B0,0,5,3,1,0,0,0,0,0,0,0,0,0,0,1,1,25,135,41
9090,B1,3,1,3,2,0,0,0,0,0,0,0,0,0,0,1,1,195,1879,265
9090,B2,9,0,1,3,0,0,0,0,0,0,0,0,0,0,1,2,43,335,78
9090,C1,4,3,4,0,0,0,0,0,0,0,0,0,0,1,0,2,25,199,42
9105,A1,1,1,0,12,0,0,0,0,0,0,0,0,0,1,0,1,38,233,60
9105,B0,0,2,1,2,0,0,0,0,0,0,0,0,0,1,0,1,25,135,41
9105,B1,5,1,3,1,0,0,0,0,0,0,0,0,0,1,0,2,195,1879,265
9105,B2,7,0,1,4,0,0,0,0,0,0,0,0,0,0,1,1,43,335,78
9105,C1,2,3,5,0,0,0,0,0,0,0,0,0,0,0,1,2,25,199,42
9120,A1,4,3,0,9,0,0,0,0,0,0,0,0,0,0,1,2,38,233,60
9120,B0,0,2,3,2,0,0,0,0,0,0,0,0,0,0,1,1,25,135,41
9120,B1,3,1,3,2,0,0,0,0,0,0,0,0,0,0,1,1,195,1879,265
9120,B2,9,0,3,4,0,0,0,0,0,0,0,0,0,0,1,1,43,335,78
9120,C1,2,3,6,0,0,0,0,0,0,0,0,0,0,1,0,2,25,199,42
9135,A1,2,2,0,10,0,0,0,0,0,0,0,0,0,0,1,1,38,233,60
9135,B0,0,3,4,1,0,0,0,0,0,0,0,0,0,0,1,1,25,135,41
9135,B1,2,1,1,3,0,0,0,0,0,0,0,0,0,1,0,1,195,1879,265
9135,B2,10,0,1,4,0,0,0,0,0,0,0,0,0,0,1,1,43,335,78
9135,C1,6,2,3,0,0,0,0,0,0,0,0,0,0,1,0,2,25,199,42
9150,A1,3,3,0,6,0,0,0,0,0,0,0,0,0,0,1,2,38,233,60
9150,B0,0,4,4,2,0,0,0,0,0,0,0,0,0,0,1,1,25,135,41
9150,B1,3,2,1,1,0,0,0,0,0,0,0,0,0,1,0,2,196,1887,267
9150,B2,9,0,2,7,0,0,0,0,0,0,0,0,0,0,1,1,43,335,78
9150,C1,3,1,6,0,0,0,0,0,0,0,0,0,0,0,1,1,25,199,42
9165,A1,2,2,0,7,0,0,0,0,0,0,0,0,0,1,0,1,38,233,60
9165,B0,0,5,4,2,0,0,0,0,0,0,0,0,0,0,1,1,25,135,41
9165,B1,1,1,1,3,0,0,0,0,0,0,0,0,0,0,1,1,196,1887,267
9165,B2,10,0,1,4,0,0,0,0,0,0,0,0,0,0,1,1,43,335,78
9165,C1,3,1,3,0,0,0,0,0,0,0,0,0,0,1,0,2,25,199,42
9180,A1,3,2,0,6,0,0,0,0,0,0,0,0,0,0,1,2,38,233,60
9180,B0,0,6,5,1,0,0,0,0,0,0,0,0,0,0,1,1,25,135,41
9180,B1,1,1,1,1,0,0,0,0,0,0,0,0,0,0,1,1,196,1887,267
9180,B2,10,0,1,3,0,0,0,0,0,0,0,0,0,0,1,2,43,335,78
9180,C1,3,1,2,0,0,0,0,0,0,0,0,0,0,0,1,2,25,199,42
9195,A1,2,3,0,5,0,0,0,0,0,0,0,0,0,0,1,2,38,233,60
9195,B0,0,7,5,3,0,0,0,0,0,0,0,0,0,1,0,1,25,135,41
9195,B1,1,1,1,2,0,0,0,0,0,0,0,0,0,1,0,1,196,1887,267
9195,B2,9,0,1,5,0,0,0,0,0,0,0,0,0,0,1,1,43,335,78
9195,C1,1,2,2,0,0,0,0,0,0,0,0,0,0,1,0,2,25,199,42
9210,A1,5,4,0,4,0,0,0,0,0,0,0,0,0,1,0,2,39,236,62
9210,B0,0,5,5,2,0,0,0,0,0,0,0,0,0,0,1,1,25,135,41
9210,B1,3,2,1,1,0,0,0,0,0,0,0,0,0,1,0,2,196,1887,267
9210,B2,10,0,1,2,0,0,0,0,0,0,0,0,0,0,1,2,43,335,78
9210,C1,2,1,1,0,0,0,0,0,0,0,0,0,0,1,0,2,25,199,42
9225,A1,1,2,0,5,0,0,0,0,0,0,0,0,0,1,0,1,39,236,62
9225,B0,0,7,7,1,0,0,0,0,0,0,0,0,0,0,1,1,25,135,41
9225,B1,2,4,1,2,0,0,0,0,0,0,0,0,0,0,1,2,196,1887,267
9225,B2,8,0,3,3,0,0,0,0,0,0,0,0,0,1,0,1,43,335,78
9225,C1,2,1,1,0,0,0,0,0,0,0,0,0,0,1,0,2,25,199,42
9240,A1,2,3,0,2,0,0,0,0,0,0,0,0,0,1,0,2,39,236,62
9240,B0,0,8,2,4,0,0,0,0,0,0,0,0,0,0,1,1,25,135,41
9240,B1,1,2,6,3,0,0,0,0,0,0,0,0,0,0,1,1,196,1887,267
9240,B2,8,0,2,3,0,0,0,0,0,0,0,0,0,1,0,1,43,335,78
9240,C1,2,1,1,0,0,0,0,0,0,0,0,0,0,0,1,2,25,199,42
9255,A1,3,2,0,1,0,0,0,0,1,0,0,0,0,0,1,1,40,245,62
9255,B0,0,11,1,4,0,0,0,0,0,0,0,0,0,0,1,2,25,135,41
9255,B1,2,2,1,1,0,0,0,0,0,0,0,1,0,0,1,2,196,1887,267
9255,B2,8,0,1,2,0,0,0,0,0,0,0,0,0,1,0,2,43,335,78
9255,C1,4,1,3,0,0,0,0,0,0,0,0,0,0,1,0,2,25,199,42
9270,A1,2,3,0,2,0,0,0,0,0,0,0,0,0,1,0,2,40,250,64
9270,B0,0,10,1,1,0,0,0,0,0,0,0,0,0,0,1,2,25,135,41
9270,B1,2,2,2,2,0,0,0,0,0,0,0,0,0,1,0,1,196,1887,267
9270,B2,7,0,3,2,0,0,0,0,0,0,0,0,0,0,1,2,43,335,78
9270,C1,5,4,7,0,0,0,0,0,0,0,0,0,0,0,1,2,25,199,42
9285,A1,1,3,0,3,0,0,0,0,0,0,0,0,0,1,0,2,40,250,64
9285,B0,0,8,1,2,0,0,0,0,0,0,0,0,0,1,0,2,25,135,41
9285,B1,1,2,1,1,0,0,1,0,0,0,0,0,0,1,0,2,197,1895,267
9285,B2,5,0,1,2,0,0,0,0,0,1,0,0,0,1,0,2,43,335,78
9285,C1,6,5,9,0,0,0,0,0,0,0,0,0,0,1,0,2,26,202,43
9300,A1,1,4,0,3,0,0,0,0,0,0,0,0,0,0,1,2,40,250,64
9300,B0,0,9,2,3,0,0,0,0,0,0,0,0,0,0,1,1,25,135,41
9300,B1,2,1,2,1,0,0,0,0,0,0,0,0,0,1,0,1,197,1895,269
9300,B2,3,0,2,2,0,0,0,0,0,0,0,0,0,0,1,1,43,335,78
9300,C1,4,2,13,0,0,0,0,0,0,0,0,0,0,1,0,1,26,202,43
9315,A1,2,2,0,3,0,1,0,0,0,0,0,0,0,0,1,2,41,260,64
9315,B0,0,9,3,1,0,0,0,0,0,0,0,0,0,0,1,1,25,135,41
9315,B1,3,1,4,2,0,0,0,0,0,0,0,0,0,0,1,1,198,1897,270
9315,B2,1,0,2,1,0,0,0,2,0,0,0,0,0,0,1,1,44,337,78
9315,C1,5,4,12,0,0,0,0,0,0,0,0,0,0,1,0,2,26,202,43
9330,A1,2,5,0,3,0,0,0,0,0,0,0,0,0,1,0,2,41,260,65
9330,B0,0,9,3,2,0,0,0,0,0,0,0,0,0,1,0,1,25,135,41
9330,B1,1,1,1,1,0,0,0,0,0,0,0,0,0,0,1,1,198,1897,270
9330,B2,3,0,4,1,0,0,0,0,0,0,0,0,0,0,1,1,44,343,80
9330,C1,7,3,12,0,0,0,0,0,0,0,0,0,0,1,0,2,26,202,43
9345,A1,1,5,0,5,0,0,0,0,0,0,0,0,0,1,0,2,41,260,65
9345,B0,0,8,3,2,0,0,0,0,0,0,0,0,0,1,0,1,25,135,41
9345,B1,3,2,1,1,0,0,0,0,0,0,0,0,0,1,0,2,198,1897,270
9345,B2,1,0,1,3,0,0,0,0,0,0,0,0,0,1,0,1,44,343,80
9345,C1,5,1,14,0,0,0,0,0,0,0,0,0,0,1,0,1,26,202,43
9360,A1,3,6,0,5,0,0,0,0,0,0,0,0,0,1,0,2,41,260,65
9360,B0,0,8,4,1,0,0,0,0,0,0,0,0,0,0,1,1,26,137,42
9360,B1,2,2,1,3,0,0,0,0,0,0,0,0,0,0,1,1,198,1897,270
9360,B2,3,0,1,1,0,0,0,0,0,0,0,0,0,0,1,2,44,343,80
9360,C1,6,3,12,0,0,0,0,0,0,0,0,0,0,1,0,2,27,206,44
9375,A1,1,6,0,6,0,0,0,0,0,0,0,0,0,1,0,2,41,260,65
9375,B0,0,8,6,1,0,0,0,0,0,0,0,0,0,0,1,1,26,137,42
9375,B1,2,2,2,2,0,0,0,0,0,0,0,0,0,0,1,1,199,1899,271
9375,B2,2,0,3,2,0,0,0,1,1,0,0,0,0,0,1,1,46,351,80
9375,C1,4,1,12,0,0,0,0,0,0,0,0,0,0,0,1,1,27,206,44
9390,A1,3,3,0,6,0,0,0,0,0,0,0,0,0,1,0,2,41,260,65
9390,B0,0,9,6,3,0,0,0,0,0,0,0,0,0,0,1,1,26,137,42
9390,B1,1,2,3,2,0,0,0,0,0,0,0,0,0,1,0,1,199,1899,271
9390,B2,3,0,1,1,0,0,0,0,0,0,0,0,0,0,1,2,46,353,82
9390,C1,5,3,9,0,0,0,0,0,0,0,0,0,0,1,0,2,27,206,44
9405,A1,1,3,0,10,0,0,0,0,0,0,0,0,0,0,1,1,41,260,65
9405,B0,0,9,2,1,0,0,0,0,0,0,0,0,0,0,1,2,26,137,42
9405,B1,1,3,4,2,0,0,0,0,0,0,0,0,0,0,1,1,199,1899,271
9405,B2,4,0,1,2,0,0,0,0,0,0,0,0,0,0,1,2,47,356,83
9405,C1,5,2,9,0,0,0,0,0,0,0,0,0,0,1,0,2,27,206,44
9420,A1,2,3,0,8,0,0,0,0,0,0,0,0,0,1,0,2,41,260,65
9420,B0,0,10,5,2,0,0,0,0,0,0,0,0,0,0,1,1,26,137,42
9420,B1,1,1,6,1,0,0,0,0,0,0,0,0,0,0,1,1,200,1901,272
9420,B2,2,0,1,5,0,0,0,0,0,0,0,0,0,0,1,1,47,356,83
9420,C1,5,1,7,0,0,0,0,0,0,0,0,0,0,0,1,2,27,206,44
9435,A1,1,4,0,9,0,0,0,0,0,0,0,0,0,1,0,2,41,260,65
9435,B0,0,11,6,2,0,0,0,0,0,0,0,0,0,0,1,1,26,137,42
9435,B1,2,1,1,1,0,0,0,0,0,0,0,0,0,0,1,2,200,1901,272
9435,B2,6,0,1,5,0,0,0,0,0,0,0,0,0,0,1,1,47,356,83
9435,C1,3,2,10,0,0,0,0,0,0,0,0,0,0,1,0,1,27,206,44
9450,A1,1,2,0,8,0,0,0,0,0,0,0,0,0,0,1,1,41,260,65
9450,B0,0,10,1,4,0,0,0,0,0,0,0,0,0,0,1,2,26,137,42
9450,B1,3,2,2,1,0,0,0,0,0,0,0,0,0,1,0,2,200,1901,272
9450,B2,4,0,1,5,0,0,0,0,0,0,0,0,0,1,0,1,47,356,83
9450,C1,4,3,11,0,0,0,0,0,0,0,0,0,0,1,0,2,27,206,44
9465,A1,1,2,0,3,0,0,0,0,0,0,0,0,0,0,1,1,41,260,65
9465,B0,0,5,2,1,0,0,0,0,0,0,0,0,0,1,0,2,26,137,42
9465,B1,2,2,2,1,0,0,0,0,0,0,0,0,0,0,1,2,200,1901,272
9465,B2,8,0,1,4,0,0,0,0,0,0,0,0,0,0,1,1,47,356,83
9465,C1,4,4,8,0,0,0,0,0,0,0,0,0,0,0,1,2,27,206,44
9480,A1,1,1,0,3,0,0,0,0,0,0,0,0,0,1,0,1,41,260,65
9480,B0,0,7,4,2,0,0,0,0,0,0,0,0,0,0,1,1,26,137,42
9480,B1,2,1,1,1,0,0,0,0,0,0,0,0,0,0,1,2,201,1904,274
9480,B2,7,0,3,4,0,0,0,0,0,0,0,0,0,0,1,1,47,356,83
9480,C1,5,2,12,0,0,0,0,0,0,0,0,0,0,1,0,2,27,206,44
9495,A1,2,2,0,1,0,0,0,0,0,0,0,0,0,1,0,2,41,260,65
9495,B0,0,7,4,1,0,0,0,0,0,0,0,0,0,0,1,1,26,137,42
9495,B1,1,2,2,1,0,0,0,0,0,0,0,0,0,1,0,1,201,1904,274
9495,B2,6,0,2,3,0,0,0,0,0,0,0,0,0,1,0,1,47,356,83
9495,C1,2,1,10,0,0,0,0,0,0,0,0,0,0,0,1,1,27,206,44
9510,A1,1,2,0,1,0,0,0,0,0,0,0,0,0,1,0,2,41,260,65
9510,B0,0,6,5,3,0,0,0,0,0,0,0,0,0,1,0,1,26,137,42
9510,B1,1,1,2,1,0,0,0,0,0,0,0,0,0,0,1,1,202,1908,275
9510,B2,6,0,2,3,0,0,0,0,0,0,0,0,0,0,1,1,47,356,83
9510,C1,4,2,5,0,0,0,0,0,0,0,0,0,0,0,1,2,27,206,44
9525,A1,1,3,0,2,0,0,0,0,0,0,0,0,0,1,0,2,41,260,65
9525,B0,0,7,5,1,0,0,0,0,0,0,0,0,0,0,1,1,26,137,42
9525,B1,2,2,1,1,0,0,0,0,0,0,0,0,0,1,0,2,202,1908,275
9525,B2,5,0,3,4,0,0,0,0,0,0,0,0,0,0,1,1,47,356,83
9525,C1,3,3,5,0,0,0,0,0,0,0,0,0,0,1,0,2,27,206,44
9540,A1,1,6,0,2,0,0,0,0,0,0,0,0,0,1,0,2,41,260,65
9540,B0,0,8,7,4,0,0,0,0,0,0,0,0,0,0,1,1,26,137,42
9540,B1,1,1,1,1,0,0,0,0,0,0,0,0,0,0,1,1,202,1908,275
9540,B2,6,0,2,4,0,0,0,0,0,0,0,0,0,0,1,1,47,356,83
9540,C1,1,1,4,0,0,0,0,0,0,0,0,0,0,0,1,1,27,206,44
9555,A1,1,4,0,2,0,0,0,0,0,0,0,0,0,1,0,2,41,260,65
9555,B0,0,9,5,1,0,0,0,0,0,0,0,0,0,0,1,1,26,137,42
9555,B1,1,4,2,2,0,0,0,0,0,0,0,0,0,1,0,2,202,1908,275
9555,B2,7,0,2,3,0,0,0,0,0,0,0,0,0,0,1,1,47,356,83
9555,C1,1,3,1,0,0,0,0,0,0,0,0,0,0,1,0,2,27,206,44
9570,A1,3,3,0,1,0,0,0,0,0,0,0,0,0,0,1,2,41,260,65
9570,B0,0,9,6,1,0,0,0,0,0,0,0,0,0,0,1,1,26,137,42
9570,B1,2,4,3,1,0,0,0,0,0,0,0,0,0,0,1,2,202,1908,275
9570,B2,6,0,1,3,0,0,0,0,0,0,0,0,0,1,0,2,47,356,83
9570,C1,2,2,1,0,0,0,0,0,0,0,0,0,0,0,1,2,27,206,44
9585,A1,3,2,0,1,0,0,0,0,0,0,0,0,0,1,0,2,41,260,65
9585,B0,0,9,4,1,0,0,0,0,0,0,0,0,0,0,1,1,26,137,42
9585,B1,4,6,2,1,0,0,0,0,0,0,0,0,0,1,0,2,202,1908,275
9585,B2,6,0,1,6,0,0,0,0,0,0,0,0,0,0,1,1,47,356,83
9585,C1,1,1,2,0,0,0,0,0,0,0,0,0,0,1,0,1,28,210,45
9600,A1,1,1,0,4,0,0,0,0,0,0,0,0,0,1,0,1,41,260,65
9600,B0,0,9,2,1,0,0,0,0,0,0,0,0,0,1,0,2,26,137,42
9600,B1,2,4,2,2,0,0,0,0,0,0,0,0,0,1,0,2,202,1908,275
9600,B2,8,0,2,3,0,0,0,0,0,0,0,0,0,1,0,1,47,356,83
9600,C1,2,3,2,0,0,0,0,0,0,0,0,0,0,1,0,2,28,210,45
9615,A1,2,1,0,2,0,0,0,0,0,0,0,0,0,1,0,2,41,260,65
9615,B0,0,9,2,2,0,0,0,0,0,0,0,0,0,0,1,2,26,137,42
9615,B1,1,6,2,1,0,0,0,0,0,0,0,0,0,1,0,2,202,1908,275
9615,B2,7,0,3,4,0,0,0,0,0,0,0,0,0,0,1,1,47,356,83
9615,C1,1,1,4,0,0,0,0,0,0,0,0,0,0,0,1,1,28,210,45
9630,A1,4,2,0,2,0,0,0,0,0,0,0,0,0,0,1,2,41,260,65
9630,B0,0,7,5,3,0,0,0,0,0,0,0,0,0,0,1,1,26,137,42
9630,B1,1,2,2,3,0,0,0,0,0,0,0,0,0,1,0,1,202,1908,275
9630,B2,7,0,5,4,0,0,0,0,0,0,0,0,0,1,0,1,47,356,83
9630,C1,3,1,3,0,0,0,0,0,0,0,0,0,0,1,0,2,28,210,45
9645,A1,1,2,0,1,0,0,0,0,0,0,0,0,0,1,0,2,42,265,68
9645,B0,0,8,5,1,0,0,0,0,0,0,0,0,0,0,1,1,26,137,42
9645,B1,1,2,1,1,0,0,0,0,0,0,0,0,0,0,1,2,202,1908,275
9645,B2,9,0,2,2,0,0,0,0,0,0,0,0,0,1,0,2,47,356,83
9645,C1,1,1,3,0,0,0,0,0,0,0,0,0,0,1,0,1,28,210,45
9660,A1,1,2,0,2,0,0,0,0,0,0,0,0,0,1,0,2,42,265,68
9660,B0,0,9,3,3,0,0,0,0,0,0,0,0,0,0,1,1,26,137,42
9660,B1,1,2,2,1,0,0,0,0,0,0,0,0,0,0,1,1,202,1908,275
9660,B2,6,0,5,2,0,0,0,0,0,0,0,0,0,1,0,1,47,356,83
9660,C1,2,1,1,0,0,0,0,0,0,0,0,0,0,0,1,2,28,210,45
9675,A1,2,4,0,1,0,0,0,0,0,0,0,0,0,0,1,2,42,265,68
9675,B0,0,11,3,2,0,0,0,0,0,0,0,0,0,0,1,1,26,137,42
9675,B1,1,4,1,1,0,0,0,0,0,0,0,0,0,0,1,2,202,1908,275
9675,B2,6,0,2,3,0,0,0,0,0,0,0,0,0,1,0,1,47,356,83
9675,C1,2,1,1,0,0,0,0,0,0,0,0,0,0,1,0,2,28,210,45
9690,A1,1,2,0,3,0,0,0,0,0,0,0,0,0,1,0,1,42,265,68
9690,B0,0,11,5,1,0,0,0,0,0,0,0,0,0,0,1,1,26,137,42
9690,B1,1,2,1,2,0,0,0,0,0,0,0,0,0,1,0,1,202,1908,275
9690,B2,6,0,2,1,0,0,0,0,0,0,0,0,0,0,1,2,47,356,83
9690,C1,3,1,2,0,0,0,0,0,0,0,0,0,0,1,0,2,28,210,45
9705,A1,2,5,0,3,0,0,0,0,0,0,0,0,0,1,0,2,42,265,68
9705,B0,0,13,2,2,0,0,0,0,0,0,0,0,0,1,0,2,26,137,42
9705,B1,1,2,2,2,0,0,0,0,0,0,0,0,0,1,0,1,202,1908,275
9705,B2,6,0,2,2,0,0,0,1,0,0,0,0,0,0,1,1,48,364,83
9705,C1,3,2,1,0,0,0,0,0,0,0,0,0,0,0,1,2,28,210,45
9720,A1,2,7,0,4,0,0,0,0,0,0,0,0,0,1,0,2,42,265,68
9720,B0,0,11,3,2,0,0,0,0,0,0,0,0,0,0,1,1,27,141,43
9720,B1,2,1,1,1,0,0,0,0,0,0,0,0,0,0,1,2,202,1908,275
9720,B2,6,0,4,3,0,0,0,2,0,0,0,0,0,0,1,1,49,384,85
9720,C1,1,2,1,0,0,0,0,0,0,0,0,0,0,1,0,2,28,210,45
9735,A1,1,6,0,5,0,0,0,0,0,0,0,0,0,1,0,2,42,265,68
9735,B0,0,11,3,2,0,0,0,0,0,0,0,0,0,0,1,1,27,141,43
9735,B1,1,1,1,2,0,0,0,0,0,0,0,0,0,0,1,1,202,1908,275
9735,B2,7,0,1,4,0,0,0,0,0,0,0,0,0,0,1,1,49,385,87
9735,C1,2,2,2,0,0,0,0,0,0,0,0,0,0,1,0,2,28,210,45
9750,A1,2,5,0,4,0,0,0,0,0,0,0,0,0,0,1,2,42,265,68
9750,B0,0,10,4,1,0,0,0,0,0,0,0,0,0,0,1,1,27,141,43
9750,B1,1,1,1,1,0,0,0,0,0,0,0,0,0,0,1,1,202,1908,275
9750,B2,6,0,2,2,0,0,0,0,0,0,0,0,0,1,0,2,49,385,87
9750,C1,3,2,2,0,0,0,0,0,0,0,0,0,0,1,0,2,28,210,45
9765,A1,1,6,0,6,0,0,0,0,0,0,0,0,0,1,0,2,42,265,68
9765,B0,0,12,2,3,0,0,0,0,0,0,0,0,0,0,1,1,27,141,43
9765,B1,1,3,1,1,0,0,0,0,0,0,0,0,0,1,0,2,202,1908,275
9765,B2,4,0,2,3,0,0,0,0,0,0,0,0,0,0,1,1,49,385,87
9765,C1,3,2,3,0,0,0,0,0,0,0,0,0,0,1,0,2,28,210,45
9780,A1,2,7,0,6,0,0,0,0,0,0,0,0,0,1,0,2,42,265,68
9780,B0,0,8,2,2,0,0,0,0,0,0,0,0,0,1,0,2,27,141,43
9780,B1,2,1,1,1,0,0,0,0,0,0,0,0,0,1,0,2,202,1908,275
9780,B2,5,0,1,4,0,0,0,0,0,0,0,0,0,0,1,1,49,385,87
9780,C1,2,1,4,0,0,0,0,0,0,0,0,0,0,0,1,1,28,210,45
9795,A1,5,4,0,7,0,0,0,0,0,0,0,0,0,1,0,2,42,265,68
9795,B0,0,8,2,2,0,0,0,0,0,0,0,0,0,1,0,2,27,141,43
9795,B1,1,2,1,3,0,0,0,0,0,0,0,0,0,0,1,1,202,1908,275
9795,B2,5,0,1,3,0,0,0,0,0,0,0,0,0,0,1,1,49,385,87
9795,C1,2,2,3,0,0,0,0,0,0,0,0,0,0,1,0,2,28,210,45
9810,A1,2,2,0,6,0,0,0,0,0,0,0,0,0,0,1,1,42,265,68
9810,B0,0,7,3,3,0,0,0,0,0,0,0,0,0,0,1,1,27,141,43
9810,B1,1,2,1,1,0,0,0,0,0,0,0,0,0,1,0,2,202,1908,275
9810,B2,4,0,3,3,0,0,0,0,0,0,0,0,0,1,0,1,49,385,87
9810,C1,4,2,3,0,0,0,0,0,0,0,0,0,0,1,0,2,28,210,45
9825,A1,3,2,0,3,0,0,0,0,0,0,0,0,0,0,1,2,42,265,68
9825,B0,0,8,4,1,0,0,0,0,0,0,0,0,0,0,1,1,27,141,43
9825,B1,1,1,3,1,0,0,0,0,0,0,0,0,0,0,1,1,202,1908,275
9825,B2,4,0,2,3,0,0,0,0,0,0,0,0,0,1,0,1,50,392,90
9825,C1,2,2,5,0,0,0,0,0,0,0,0,0,0,1,0,1,28,210,45
9840,A1,4,2,0,5,0,0,0,0,0,0,0,0,0,1,0,2,42,265,68
9840,B0,0,6,2,2,0,0,0,0,0,0,0,0,0,1,0,1,27,141,43
9840,B1,1,1,1,2,0,0,0,0,0,0,0,0,0,0,1,1,202,1908,275
9840,B2,3,0,1,4,0,0,0,0,0,0,0,0,0,0,1,1,50,392,90
9840,C1,2,4,3,0,0,0,0,0,0,0,0,0,0,1,0,2,28,210,45
9855,A1,3,3,0,5,0,0,0,0,0,0,0,0,0,1,0,2,42,265,68
9855,B0,0,10,1,2,0,0,0,0,0,0,0,0,0,1,0,2,27,141,43
9855,B1,3,2,1,2,0,0,0,0,0,0,0,0,0,1,0,2,202,1908,275
9855,B2,3,0,1,4,0,0,0,0,0,0,0,0,0,1,0,1,50,392,90
9855,C1,2,3,3,0,0,0,0,0,0,0,0,0,0,0,1,2,28,210,45
9870,A1,1,2,0,5,0,0,0,0,0,0,0,0,0,1,0,1,42,265,68
9870,B0,0,5,3,5,0,0,0,0,0,0,0,0,0,0,1,1,27,141,43
9870,B1,2,1,1,1,0,0,0,0,0,0,0,0,0,0,1,2,203,1916,277
9870,B2,3,0,1,4,0,0,0,0,0,0,0,0,0,1,0,1,51,394,91
9870,C1,2,1,4,0,0,0,0,0,0,0,0,0,0,1,0,1,28,210,45
9885,A1,4,2,0,4,0,0,0,0,0,0,0,0,0,0,1,2,42,265,68
9885,B0,0,6,1,2,0,0,0,0,0,0,0,0,0,1,0,2,27,141,43
9885,B1,1,1,1,1,0,0,0,0,0,0,0,0,0,0,1,1,203,1916,277
9885,B2,5,0,4,3,0,0,0,0,0,0,0,0,0,0,1,1,51,394,91
9885,C1,1,2,3,0,0,0,0,0,0,0,0,0,0,1,0,1,29,211,46
9900,A1,1,3,0,4,0,0,0,0,3,0,0,0,0,0,1,1,43,270,68
9900,B0,0,5,2,2,0,0,0,0,0,0,0,0,0,0,1,1,27,141,43
9900,B1,1,1,1,1,0,0,0,0,0,0,0,1,0,0,1,1,203,1916,277
9900,B2,6,0,3,3,0,0,0,0,0,0,0,0,0,0,1,1,51,394,91
9900,C1,1,3,1,0,0,0,0,0,0,0,0,0,0,1,0,2,29,211,46
9915,A1,2,3,0,2,0,0,0,0,0,0,0,0,0,1,0,2,43,283,72
9915,B0,0,5,1,4,0,0,0,0,0,0,0,0,0,1,0,1,27,141,43
9915,B1,1,1,1,1,0,0,0,0,0,0,0,0,0,1,0,1,203,1916,277
9915,B2,7,0,5,5,0,0,0,0,0,0,0,0,0,0,1,1,51,394,91
9915,C1,2,1,3,0,0,0,0,0,0,0,0,0,0,1,0,1,29,211,46
9930,A1,3,5,0,2,0,0,0,0,0,0,0,0,0,1,0,2,43,283,72
9930,B0,0,7,1,4,0,0,0,0,0,0,0,0,0,0,1,1,27,141,43
9930,B1,2,1,1,3,0,0,0,0,0,0,0,0,0,0,1,1,203,1916,277
9930,B2,8,0,5,2,0,0,0,0,0,0,0,0,0,0,1,1,51,394,91
9930,C1,4,2,1,0,0,0,0,0,0,0,0,0,0,1,0,2,29,211,46
9945,A1,3,4,0,3,0,0,0,0,0,0,0,0,0,1,0,2,43,283,72
9945,B0,0,4,1,3,0,0,0,0,0,0,0,0,0,0,1,1,27,141,43
9945,B1,2,5,1,2,0,0,0,0,0,0,0,0,0,0,1,2,203,1916,277
9945,B2,5,0,4,2,0,0,0,0,0,0,0,0,0,0,1,1,51,394,91
9945,C1,1,1,2,0,0,0,0,0,0,0,0,0,0,0,1,1,29,211,46
9960,A1,1,3,0,3,0,0,0,0,0,0,0,0,0,1,0,2,43,283,72
9960,B0,0,2,4,2,0,0,0,0,0,0,0,0,0,1,0,1,27,141,43
9960,B1,2,4,1,4,0,0,0,0,0,0,0,0,0,1,0,2,203,1916,277
9960,B2,3,0,3,1,0,0,0,0,0,0,0,0,0,1,0,1,51,394,91
9960,C1,1,1,1,0,0,0,0,0,0,0,0,0,0,1,0,2,29,211,46
9975,A1,3,2,0,3,0,0,0,0,0,0,0,0,0,0,1,2,43,283,72
9975,B0,0,4,3,1,0,0,0,0,0,0,0,0,0,0,1,1,27,141,43
9975,B1,1,6,1,2,0,0,0,0,0,0,0,0,0,0,1,2,203,1916,277
9975,B2,3,0,2,1,0,0,0,0,0,0,0,0,0,0,1,1,51,394,91
9975,C1,1,1,2,0,0,0,0,0,0,0,0,0,0,1,0,1,29,211,46
9990,A1,2,3,0,5,0,0,0,0,0,0,0,0,0,1,0,2,43,283,72
9990,B0,0,3,3,4,0,0,0,0,0,0,0,0,0,0,1,1,27,141,43
9990,B1,2,2,3,4,0,0,0,0,0,0,0,0,0,0,1,1,203,1916,277
9990,B2,2,0,3,3,0,0,0,0,0,0,0,0,0,0,1,1,51,394,91
9990,C1,3,2,1,0,0,0,0,0,0,0,0,0,0,1,0,2,29,211,46
